sub	file	encoder	ss	q	arm	psnr	ssim2	butter_n3	probe_family	probe_q
photos	20231206_150232.png	turbo	420	85	identity_off	34.558	80.580	0.9559	ImageMagick	85.0
photos	20231206_150232.png	turbo	420	85	model_policy	35.261	83.074	0.8132	ImageMagick	85.0
photos	20231206_150232.png	turbo	420	85	model_proj	35.293	83.351	0.8100	ImageMagick	85.0
photos	20231206_150232.png	turbo	420	90	identity_off	36.800	84.133	0.7389	ImageMagick	90.0
photos	20231206_150232.png	turbo	420	90	model_policy	37.170	86.016	0.6453	ImageMagick	90.0
photos	20231206_150232.png	turbo	420	90	model_proj	37.237	86.422	0.6421	ImageMagick	90.0
photos	20231206_150232.png	turbo	420	93	identity_off	38.609	86.523	0.5959	ImageMagick	93.0
photos	20231206_150232.png	turbo	420	93	model_policy	38.697	88.056	0.5295	ImageMagick	93.0
photos	20231206_150232.png	turbo	420	93	model_proj	38.807	88.401	0.5268	ImageMagick	93.0
photos	20231206_150232.png	turbo	420	96	identity_off	41.174	88.875	0.4736	ImageMagick	96.0
photos	20231206_150232.png	turbo	420	96	model_policy	40.777	90.213	0.3935	ImageMagick	96.0
photos	20231206_150232.png	turbo	420	96	model_proj	41.174	88.875	0.4736	ImageMagick	96.0
photos	20231206_150232.png	turbo	444	85	identity_off	35.326	83.215	0.9235	ImageMagick	85.0
photos	20231206_150232.png	turbo	444	85	model_policy	35.750	83.487	0.8068	ImageMagick	85.0
photos	20231206_150232.png	turbo	444	85	model_proj	35.900	84.105	0.8023	ImageMagick	85.0
photos	20231206_150232.png	turbo	444	90	identity_off	37.804	86.947	0.6993	ImageMagick	90.0
photos	20231206_150232.png	turbo	444	90	model_policy	37.733	86.028	0.6445	ImageMagick	90.0
photos	20231206_150232.png	turbo	444	90	model_proj	38.020	86.935	0.6348	ImageMagick	90.0
photos	20231206_150232.png	turbo	444	93	identity_off	39.887	89.518	0.5484	ImageMagick	93.0
photos	20231206_150232.png	turbo	444	93	model_policy	39.313	87.619	0.5480	ImageMagick	93.0
photos	20231206_150232.png	turbo	444	93	model_proj	39.785	88.861	0.5217	ImageMagick	93.0
photos	20231206_150232.png	turbo	444	96	identity_off	43.126	92.261	0.3768	ImageMagick	96.0
photos	20231206_150232.png	turbo	444	96	model_policy	41.501	89.428	0.4904	ImageMagick	96.0
photos	20231206_150232.png	turbo	444	96	model_proj	43.126	92.261	0.3768	ImageMagick	96.0
photos	20231206_150232.png	mozjpeg	420	85	identity_off	30.829	74.989	1.3588	Mozjpeg	85.0
photos	20231206_150232.png	mozjpeg	420	85	model_policy	31.849	77.911	1.2147	Mozjpeg	85.0
photos	20231206_150232.png	mozjpeg	420	85	model_proj	31.919	78.394	1.1702	Mozjpeg	85.0
photos	20231206_150232.png	mozjpeg	420	90	identity_off	32.795	79.138	1.0617	Mozjpeg	90.0
photos	20231206_150232.png	mozjpeg	420	90	model_policy	33.589	81.700	0.9599	Mozjpeg	90.0
photos	20231206_150232.png	mozjpeg	420	90	model_proj	33.696	82.325	0.9165	Mozjpeg	90.0
photos	20231206_150232.png	mozjpeg	420	93	identity_off	34.811	82.218	0.8254	Mozjpeg	93.0
photos	20231206_150232.png	mozjpeg	420	93	model_policy	35.357	84.408	0.7338	Mozjpeg	93.0
photos	20231206_150232.png	mozjpeg	420	93	model_proj	35.491	85.055	0.7100	Mozjpeg	93.0
photos	20231206_150232.png	mozjpeg	420	96	identity_off	38.287	86.623	0.5664	Mozjpeg	96.0
photos	20231206_150232.png	mozjpeg	420	96	model_policy	38.349	88.160	0.4852	Mozjpeg	96.0
photos	20231206_150232.png	mozjpeg	420	96	model_proj	38.287	86.623	0.5664	Mozjpeg	96.0
photos	20231206_150232.png	mozjpeg	444	85	identity_off	31.036	76.759	1.3366	Mozjpeg	85.0
photos	20231206_150232.png	mozjpeg	444	85	model_policy	31.955	77.679	1.2062	Mozjpeg	85.0
photos	20231206_150232.png	mozjpeg	444	85	model_proj	32.095	78.668	1.1639	Mozjpeg	85.0
photos	20231206_150232.png	mozjpeg	444	90	identity_off	33.077	81.071	1.0393	Mozjpeg	90.0
photos	20231206_150232.png	mozjpeg	444	90	model_policy	33.714	81.232	0.9585	Mozjpeg	90.0
photos	20231206_150232.png	mozjpeg	444	90	model_proj	33.945	82.590	0.9135	Mozjpeg	90.0
photos	20231206_150232.png	mozjpeg	444	93	identity_off	35.220	84.410	0.7968	Mozjpeg	93.0
photos	20231206_150232.png	mozjpeg	444	93	model_policy	35.521	83.694	0.7354	Mozjpeg	93.0
photos	20231206_150232.png	mozjpeg	444	93	model_proj	35.857	85.271	0.7050	Mozjpeg	93.0
photos	20231206_150232.png	mozjpeg	444	96	identity_off	39.143	89.234	0.5047	Mozjpeg	96.0
photos	20231206_150232.png	mozjpeg	444	96	model_policy	38.639	87.212	0.5342	Mozjpeg	96.0
photos	20231206_150232.png	mozjpeg	444	96	model_proj	39.143	89.234	0.5047	Mozjpeg	96.0
photos	20231206_150232.png	jpegli	420	85	identity_off	34.055	79.605	0.9494	CjpegliYcbcr	1.8
photos	20231206_150232.png	jpegli	420	85	model_policy	34.635	81.696	0.8330	CjpegliYcbcr	1.8
photos	20231206_150232.png	jpegli	420	85	model_proj	34.666	81.857	0.8315	CjpegliYcbcr	1.8
photos	20231206_150232.png	jpegli	420	90	identity_off	36.295	83.441	0.7390	CjpegliYcbcr	1.3
photos	20231206_150232.png	jpegli	420	90	model_policy	36.648	85.253	0.6509	CjpegliYcbcr	1.3
photos	20231206_150232.png	jpegli	420	90	model_proj	36.713	85.656	0.6496	CjpegliYcbcr	1.3
photos	20231206_150232.png	jpegli	420	93	identity_off	38.223	85.871	0.6150	CjpegliYcbcr	1.0
photos	20231206_150232.png	jpegli	420	93	model_policy	38.360	87.478	0.5246	CjpegliYcbcr	1.0
photos	20231206_150232.png	jpegli	420	93	model_proj	38.481	87.946	0.5236	CjpegliYcbcr	1.0
photos	20231206_150232.png	jpegli	420	96	identity_off	40.587	88.312	0.5142	CjpegliYcbcr	0.5
photos	20231206_150232.png	jpegli	420	96	model_policy	40.369	89.768	0.4065	CjpegliYcbcr	0.5
photos	20231206_150232.png	jpegli	420	96	model_proj	40.587	88.312	0.5142	CjpegliYcbcr	0.5
photos	20231206_150232.png	jpegli	444	85	identity_off	34.846	81.250	0.8046	CjpegliYcbcr	1.4
photos	20231206_150232.png	jpegli	444	85	model_policy	35.335	83.053	0.7271	CjpegliYcbcr	1.4
photos	20231206_150232.png	jpegli	444	85	model_proj	35.397	83.459	0.7263	CjpegliYcbcr	1.4
photos	20231206_150232.png	jpegli	444	90	identity_off	37.101	85.102	0.6215	CjpegliYcbcr	1.1
photos	20231206_150232.png	jpegli	444	90	model_policy	37.288	86.116	0.5759	CjpegliYcbcr	1.1
photos	20231206_150232.png	jpegli	444	90	model_proj	37.433	86.541	0.5748	CjpegliYcbcr	1.1
photos	20231206_150232.png	jpegli	444	93	identity_off	39.014	87.545	0.4887	CjpegliYcbcr	0.7
photos	20231206_150232.png	jpegli	444	93	model_policy	38.887	87.969	0.4677	CjpegliYcbcr	0.7
photos	20231206_150232.png	jpegli	444	93	model_proj	39.155	88.518	0.4631	CjpegliYcbcr	0.7
photos	20231206_150232.png	jpegli	444	96	identity_off	41.608	90.632	0.3378	CjpegliYcbcr	0.3
photos	20231206_150232.png	jpegli	444	96	model_policy	40.805	89.879	0.3859	CjpegliYcbcr	0.3
photos	20231206_150232.png	jpegli	444	96	model_proj	41.608	90.632	0.3378	CjpegliYcbcr	0.3
photos	20231206_150232.png	zenjpeg	420	85	identity_off	33.996	79.521	0.9541	CjpegliYcbcr	1.8
photos	20231206_150232.png	zenjpeg	420	85	model_policy	34.584	81.644	0.8392	CjpegliYcbcr	1.8
photos	20231206_150232.png	zenjpeg	420	85	model_proj	34.614	81.833	0.8380	CjpegliYcbcr	1.8
photos	20231206_150232.png	zenjpeg	420	90	identity_off	36.229	83.455	0.7377	CjpegliYcbcr	1.3
photos	20231206_150232.png	zenjpeg	420	90	model_policy	36.586	85.182	0.6543	CjpegliYcbcr	1.3
photos	20231206_150232.png	zenjpeg	420	90	model_proj	36.652	85.600	0.6533	CjpegliYcbcr	1.3
photos	20231206_150232.png	zenjpeg	420	93	identity_off	38.154	85.942	0.6138	CjpegliYcbcr	1.0
photos	20231206_150232.png	zenjpeg	420	93	model_policy	38.301	87.390	0.5293	CjpegliYcbcr	1.0
photos	20231206_150232.png	zenjpeg	420	93	model_proj	38.421	87.931	0.5295	CjpegliYcbcr	1.0
photos	20231206_150232.png	zenjpeg	420	96	identity_off	40.492	88.268	0.5139	CjpegliYcbcr	0.5
photos	20231206_150232.png	zenjpeg	420	96	model_policy	40.296	89.797	0.4099	CjpegliYcbcr	0.5
photos	20231206_150232.png	zenjpeg	420	96	model_proj	40.492	88.268	0.5139	CjpegliYcbcr	0.5
photos	20231206_150232.png	zenjpeg	444	85	identity_off	34.781	81.185	0.8084	CjpegliYcbcr	1.4
photos	20231206_150232.png	zenjpeg	444	85	model_policy	35.281	82.958	0.7313	CjpegliYcbcr	1.4
photos	20231206_150232.png	zenjpeg	444	85	model_proj	35.341	83.454	0.7307	CjpegliYcbcr	1.4
photos	20231206_150232.png	zenjpeg	444	90	identity_off	37.020	84.954	0.6279	CjpegliYcbcr	1.1
photos	20231206_150232.png	zenjpeg	444	90	model_policy	37.222	86.009	0.5818	CjpegliYcbcr	1.1
photos	20231206_150232.png	zenjpeg	444	90	model_proj	37.365	86.445	0.5806	CjpegliYcbcr	1.1
photos	20231206_150232.png	zenjpeg	444	93	identity_off	38.936	87.540	0.4953	CjpegliYcbcr	0.7
photos	20231206_150232.png	zenjpeg	444	93	model_policy	38.822	87.906	0.4717	CjpegliYcbcr	0.7
photos	20231206_150232.png	zenjpeg	444	93	model_proj	39.084	88.459	0.4682	CjpegliYcbcr	0.7
photos	20231206_150232.png	zenjpeg	444	96	identity_off	41.472	90.652	0.3450	CjpegliYcbcr	0.3
photos	20231206_150232.png	zenjpeg	444	96	model_policy	40.708	89.830	0.3918	CjpegliYcbcr	0.3
photos	20231206_150232.png	zenjpeg	444	96	model_proj	41.472	90.652	0.3450	CjpegliYcbcr	0.3
photos	20240528_210945.jpg	turbo	420	85	identity_off	33.588	80.693	1.1491	ImageMagick	85.0
photos	20240528_210945.jpg	turbo	420	85	model_policy	33.939	81.366	1.1138	ImageMagick	85.0
photos	20240528_210945.jpg	turbo	420	85	model_proj	34.202	81.903	0.9223	ImageMagick	85.0
photos	20240528_210945.jpg	turbo	420	90	identity_off	35.229	83.824	0.9714	ImageMagick	90.0
photos	20240528_210945.jpg	turbo	420	90	model_policy	35.478	84.193	0.9513	ImageMagick	90.0
photos	20240528_210945.jpg	turbo	420	90	model_proj	35.819	84.761	0.7708	ImageMagick	90.0
photos	20240528_210945.jpg	turbo	420	93	identity_off	36.720	86.437	0.8597	ImageMagick	93.0
photos	20240528_210945.jpg	turbo	420	93	model_policy	36.899	86.646	0.8455	ImageMagick	93.0
photos	20240528_210945.jpg	turbo	420	93	model_proj	37.323	87.122	0.6778	ImageMagick	93.0
photos	20240528_210945.jpg	turbo	420	96	identity_off	38.947	89.109	0.7720	ImageMagick	96.0
photos	20240528_210945.jpg	turbo	420	96	model_policy	39.033	89.264	0.7613	ImageMagick	96.0
photos	20240528_210945.jpg	turbo	420	96	model_proj	38.947	89.109	0.7720	ImageMagick	96.0
photos	20240528_210945.jpg	turbo	444	85	identity_off	34.636	84.976	0.8238	ImageMagick	85.0
photos	20240528_210945.jpg	turbo	444	85	model_policy	34.979	85.339	0.7859	ImageMagick	85.0
photos	20240528_210945.jpg	turbo	444	85	model_proj	35.064	85.522	0.7544	ImageMagick	85.0
photos	20240528_210945.jpg	turbo	444	90	identity_off	36.570	87.973	0.6489	ImageMagick	90.0
photos	20240528_210945.jpg	turbo	444	90	model_policy	36.782	87.966	0.6313	ImageMagick	90.0
photos	20240528_210945.jpg	turbo	444	90	model_proj	36.876	88.073	0.6079	ImageMagick	90.0
photos	20240528_210945.jpg	turbo	444	93	identity_off	38.377	89.993	0.5242	ImageMagick	93.0
photos	20240528_210945.jpg	turbo	444	93	model_policy	38.501	89.741	0.5144	ImageMagick	93.0
photos	20240528_210945.jpg	turbo	444	93	model_proj	38.606	89.759	0.4973	ImageMagick	93.0
photos	20240528_210945.jpg	turbo	444	96	identity_off	41.674	92.899	0.3434	ImageMagick	96.0
photos	20240528_210945.jpg	turbo	444	96	model_policy	41.591	92.490	0.3385	ImageMagick	96.0
photos	20240528_210945.jpg	turbo	444	96	model_proj	41.674	92.899	0.3434	ImageMagick	96.0
photos	20240528_210945.jpg	mozjpeg	420	85	identity_off	32.699	79.551	1.1734	Mozjpeg	85.0
photos	20240528_210945.jpg	mozjpeg	420	85	model_policy	33.072	80.026	1.1321	Mozjpeg	85.0
photos	20240528_210945.jpg	mozjpeg	420	85	model_proj	33.199	80.209	1.0281	Mozjpeg	85.0
photos	20240528_210945.jpg	mozjpeg	420	90	identity_off	34.243	82.831	1.0220	Mozjpeg	90.0
photos	20240528_210945.jpg	mozjpeg	420	90	model_policy	34.504	83.189	0.9941	Mozjpeg	90.0
photos	20240528_210945.jpg	mozjpeg	420	90	model_proj	34.711	83.564	0.8672	Mozjpeg	90.0
photos	20240528_210945.jpg	mozjpeg	420	93	identity_off	35.546	84.804	0.9226	Mozjpeg	93.0
photos	20240528_210945.jpg	mozjpeg	420	93	model_policy	35.724	85.060	0.9044	Mozjpeg	93.0
photos	20240528_210945.jpg	mozjpeg	420	93	model_proj	36.018	85.519	0.7536	Mozjpeg	93.0
photos	20240528_210945.jpg	mozjpeg	420	96	identity_off	37.595	87.286	0.8232	Mozjpeg	96.0
photos	20240528_210945.jpg	mozjpeg	420	96	model_policy	37.676	87.432	0.8121	Mozjpeg	96.0
photos	20240528_210945.jpg	mozjpeg	420	96	model_proj	37.595	87.286	0.8232	Mozjpeg	96.0
photos	20240528_210945.jpg	mozjpeg	444	85	identity_off	33.339	82.797	0.9421	Mozjpeg	85.0
photos	20240528_210945.jpg	mozjpeg	444	85	model_policy	33.661	82.933	0.9016	Mozjpeg	85.0
photos	20240528_210945.jpg	mozjpeg	444	85	model_proj	33.697	83.080	0.8872	Mozjpeg	85.0
photos	20240528_210945.jpg	mozjpeg	444	90	identity_off	35.107	85.857	0.7700	Mozjpeg	90.0
photos	20240528_210945.jpg	mozjpeg	444	90	model_policy	35.295	85.661	0.7482	Mozjpeg	90.0
photos	20240528_210945.jpg	mozjpeg	444	90	model_proj	35.353	85.905	0.7317	Mozjpeg	90.0
photos	20240528_210945.jpg	mozjpeg	444	93	identity_off	36.700	88.138	0.6127	Mozjpeg	93.0
photos	20240528_210945.jpg	mozjpeg	444	93	model_policy	36.788	87.892	0.5994	Mozjpeg	93.0
photos	20240528_210945.jpg	mozjpeg	444	93	model_proj	36.862	88.039	0.5879	Mozjpeg	93.0
photos	20240528_210945.jpg	mozjpeg	444	96	identity_off	39.569	90.899	0.4393	Mozjpeg	96.0
photos	20240528_210945.jpg	mozjpeg	444	96	model_policy	39.471	90.329	0.4359	Mozjpeg	96.0
photos	20240528_210945.jpg	mozjpeg	444	96	model_proj	39.569	90.899	0.4393	Mozjpeg	96.0
photos	20240528_210945.jpg	jpegli	420	85	identity_off	33.223	78.949	1.0723	CjpegliYcbcr	1.8
photos	20240528_210945.jpg	jpegli	420	85	model_policy	33.489	79.372	1.0473	CjpegliYcbcr	1.8
photos	20240528_210945.jpg	jpegli	420	85	model_proj	33.652	79.662	0.9346	CjpegliYcbcr	1.8
photos	20240528_210945.jpg	jpegli	420	90	identity_off	34.977	81.831	0.9266	CjpegliYcbcr	1.3
photos	20240528_210945.jpg	jpegli	420	90	model_policy	35.153	81.986	0.9101	CjpegliYcbcr	1.3
photos	20240528_210945.jpg	jpegli	420	90	model_proj	35.406	82.625	0.7725	CjpegliYcbcr	1.3
photos	20240528_210945.jpg	jpegli	420	93	identity_off	36.559	84.370	0.8364	CjpegliYcbcr	1.0
photos	20240528_210945.jpg	jpegli	420	93	model_policy	36.673	84.515	0.8252	CjpegliYcbcr	1.0
photos	20240528_210945.jpg	jpegli	420	93	model_proj	37.048	85.324	0.6615	CjpegliYcbcr	1.0
photos	20240528_210945.jpg	jpegli	420	96	identity_off	38.475	87.261	0.7720	CjpegliYcbcr	0.5
photos	20240528_210945.jpg	jpegli	420	96	model_policy	38.543	87.309	0.7637	CjpegliYcbcr	0.5
photos	20240528_210945.jpg	jpegli	420	96	model_proj	38.475	87.261	0.7720	CjpegliYcbcr	0.5
photos	20240528_210945.jpg	jpegli	444	85	identity_off	33.808	80.953	0.8754	CjpegliYcbcr	1.4
photos	20240528_210945.jpg	jpegli	444	85	model_policy	34.115	81.226	0.8529	CjpegliYcbcr	1.4
photos	20240528_210945.jpg	jpegli	444	85	model_proj	34.220	81.842	0.7896	CjpegliYcbcr	1.4
photos	20240528_210945.jpg	jpegli	444	90	identity_off	35.721	84.298	0.6698	CjpegliYcbcr	1.1
photos	20240528_210945.jpg	jpegli	444	90	model_policy	35.922	84.423	0.6578	CjpegliYcbcr	1.1
photos	20240528_210945.jpg	jpegli	444	90	model_proj	36.054	84.958	0.6048	CjpegliYcbcr	1.1
photos	20240528_210945.jpg	jpegli	444	93	identity_off	37.523	87.364	0.5138	CjpegliYcbcr	0.7
photos	20240528_210945.jpg	jpegli	444	93	model_policy	37.653	87.427	0.5072	CjpegliYcbcr	0.7
photos	20240528_210945.jpg	jpegli	444	93	model_proj	37.787	87.945	0.4670	CjpegliYcbcr	0.7
photos	20240528_210945.jpg	jpegli	444	96	identity_off	40.019	90.684	0.3411	CjpegliYcbcr	0.3
photos	20240528_210945.jpg	jpegli	444	96	model_policy	40.055	90.596	0.3386	CjpegliYcbcr	0.3
photos	20240528_210945.jpg	jpegli	444	96	model_proj	40.019	90.684	0.3411	CjpegliYcbcr	0.3
photos	20240528_210945.jpg	zenjpeg	420	85	identity_off	33.185	78.849	1.0785	CjpegliYcbcr	1.8
photos	20240528_210945.jpg	zenjpeg	420	85	model_policy	33.453	79.249	1.0532	CjpegliYcbcr	1.8
photos	20240528_210945.jpg	zenjpeg	420	85	model_proj	33.615	79.541	0.9387	CjpegliYcbcr	1.8
photos	20240528_210945.jpg	zenjpeg	420	90	identity_off	34.932	81.960	0.9354	CjpegliYcbcr	1.3
photos	20240528_210945.jpg	zenjpeg	420	90	model_policy	35.109	82.141	0.9190	CjpegliYcbcr	1.3
photos	20240528_210945.jpg	zenjpeg	420	90	model_proj	35.364	82.778	0.7764	CjpegliYcbcr	1.3
photos	20240528_210945.jpg	zenjpeg	420	93	identity_off	36.511	84.314	0.8447	CjpegliYcbcr	1.0
photos	20240528_210945.jpg	zenjpeg	420	93	model_policy	36.625	84.465	0.8338	CjpegliYcbcr	1.0
photos	20240528_210945.jpg	zenjpeg	420	93	model_proj	37.004	85.213	0.6615	CjpegliYcbcr	1.0
photos	20240528_210945.jpg	zenjpeg	420	96	identity_off	38.427	87.155	0.7754	CjpegliYcbcr	0.5
photos	20240528_210945.jpg	zenjpeg	420	96	model_policy	38.498	87.226	0.7673	CjpegliYcbcr	0.5
photos	20240528_210945.jpg	zenjpeg	420	96	model_proj	38.427	87.155	0.7754	CjpegliYcbcr	0.5
photos	20240528_210945.jpg	zenjpeg	444	85	identity_off	33.768	80.854	0.8771	CjpegliYcbcr	1.4
photos	20240528_210945.jpg	zenjpeg	444	85	model_policy	34.081	81.132	0.8541	CjpegliYcbcr	1.4
photos	20240528_210945.jpg	zenjpeg	444	85	model_proj	34.187	81.759	0.7909	CjpegliYcbcr	1.4
photos	20240528_210945.jpg	zenjpeg	444	90	identity_off	35.674	84.189	0.6699	CjpegliYcbcr	1.1
photos	20240528_210945.jpg	zenjpeg	444	90	model_policy	35.878	84.370	0.6577	CjpegliYcbcr	1.1
photos	20240528_210945.jpg	zenjpeg	444	90	model_proj	36.011	84.882	0.6061	CjpegliYcbcr	1.1
photos	20240528_210945.jpg	zenjpeg	444	93	identity_off	37.463	87.327	0.5157	CjpegliYcbcr	0.7
photos	20240528_210945.jpg	zenjpeg	444	93	model_policy	37.596	87.408	0.5094	CjpegliYcbcr	0.7
photos	20240528_210945.jpg	zenjpeg	444	93	model_proj	37.729	87.886	0.4696	CjpegliYcbcr	0.7
photos	20240528_210945.jpg	zenjpeg	444	96	identity_off	39.961	90.580	0.3422	CjpegliYcbcr	0.3
photos	20240528_210945.jpg	zenjpeg	444	96	model_policy	39.994	90.476	0.3401	CjpegliYcbcr	0.3
photos	20240528_210945.jpg	zenjpeg	444	96	model_proj	39.961	90.580	0.3422	CjpegliYcbcr	0.3
photos	Screenshot_20260526_074348_Photos.png	turbo	420	85	identity_off	39.410	81.281	0.9474	ImageMagick	85.0
photos	Screenshot_20260526_074348_Photos.png	turbo	420	85	model_policy	39.647	81.517	0.9178	ImageMagick	85.0
photos	Screenshot_20260526_074348_Photos.png	turbo	420	85	model_proj	39.650	81.630	0.9167	ImageMagick	85.0
photos	Screenshot_20260526_074348_Photos.png	turbo	420	90	identity_off	40.877	84.708	0.7894	ImageMagick	90.0
photos	Screenshot_20260526_074348_Photos.png	turbo	420	90	model_policy	41.003	84.865	0.7778	ImageMagick	90.0
photos	Screenshot_20260526_074348_Photos.png	turbo	420	90	model_proj	40.972	84.825	0.7870	ImageMagick	90.0
photos	Screenshot_20260526_074348_Photos.png	turbo	420	93	identity_off	42.326	86.858	0.6666	ImageMagick	93.0
photos	Screenshot_20260526_074348_Photos.png	turbo	420	93	model_policy	42.404	86.895	0.6607	ImageMagick	93.0
photos	Screenshot_20260526_074348_Photos.png	turbo	420	93	model_proj	42.370	86.601	0.6651	ImageMagick	93.0
photos	Screenshot_20260526_074348_Photos.png	turbo	420	96	identity_off	45.134	89.992	0.4698	ImageMagick	96.0
photos	Screenshot_20260526_074348_Photos.png	turbo	420	96	model_policy	45.166	89.910	0.4683	ImageMagick	96.0
photos	Screenshot_20260526_074348_Photos.png	turbo	420	96	model_proj	45.134	89.992	0.4698	ImageMagick	96.0
photos	Screenshot_20260526_074348_Photos.png	turbo	444	85	identity_off	39.543	82.344	0.9431	ImageMagick	85.0
photos	Screenshot_20260526_074348_Photos.png	turbo	444	85	model_policy	39.784	82.556	0.9137	ImageMagick	85.0
photos	Screenshot_20260526_074348_Photos.png	turbo	444	85	model_proj	39.786	82.642	0.9126	ImageMagick	85.0
photos	Screenshot_20260526_074348_Photos.png	turbo	444	90	identity_off	41.037	85.434	0.7847	ImageMagick	90.0
photos	Screenshot_20260526_074348_Photos.png	turbo	444	90	model_policy	41.163	85.577	0.7732	ImageMagick	90.0
photos	Screenshot_20260526_074348_Photos.png	turbo	444	90	model_proj	41.124	85.336	0.7844	ImageMagick	90.0
photos	Screenshot_20260526_074348_Photos.png	turbo	444	93	identity_off	42.536	87.835	0.6622	ImageMagick	93.0
photos	Screenshot_20260526_074348_Photos.png	turbo	444	93	model_policy	42.616	87.868	0.6564	ImageMagick	93.0
photos	Screenshot_20260526_074348_Photos.png	turbo	444	93	model_proj	42.569	87.541	0.6622	ImageMagick	93.0
photos	Screenshot_20260526_074348_Photos.png	turbo	444	96	identity_off	45.491	90.552	0.4648	ImageMagick	96.0
photos	Screenshot_20260526_074348_Photos.png	turbo	444	96	model_policy	45.523	90.716	0.4632	ImageMagick	96.0
photos	Screenshot_20260526_074348_Photos.png	turbo	444	96	model_proj	45.491	90.552	0.4648	ImageMagick	96.0
photos	Screenshot_20260526_074348_Photos.png	mozjpeg	420	85	identity_off	38.450	78.711	1.0433	Mozjpeg	85.0
photos	Screenshot_20260526_074348_Photos.png	mozjpeg	420	85	model_policy	38.632	78.961	1.0240	Mozjpeg	85.0
photos	Screenshot_20260526_074348_Photos.png	mozjpeg	420	85	model_proj	38.634	78.928	1.0238	Mozjpeg	85.0
photos	Screenshot_20260526_074348_Photos.png	mozjpeg	420	90	identity_off	39.853	82.912	0.8618	Mozjpeg	90.0
photos	Screenshot_20260526_074348_Photos.png	mozjpeg	420	90	model_policy	39.967	83.098	0.8509	Mozjpeg	90.0
photos	Screenshot_20260526_074348_Photos.png	mozjpeg	420	90	model_proj	39.967	83.063	0.8506	Mozjpeg	90.0
photos	Screenshot_20260526_074348_Photos.png	mozjpeg	420	93	identity_off	41.137	85.614	0.7370	Mozjpeg	93.0
photos	Screenshot_20260526_074348_Photos.png	mozjpeg	420	93	model_policy	41.197	85.743	0.7323	Mozjpeg	93.0
photos	Screenshot_20260526_074348_Photos.png	mozjpeg	420	93	model_proj	41.194	85.436	0.7326	Mozjpeg	93.0
photos	Screenshot_20260526_074348_Photos.png	mozjpeg	420	96	identity_off	43.648	88.916	0.5384	Mozjpeg	96.0
photos	Screenshot_20260526_074348_Photos.png	mozjpeg	420	96	model_policy	43.669	88.804	0.5373	Mozjpeg	96.0
photos	Screenshot_20260526_074348_Photos.png	mozjpeg	420	96	model_proj	43.648	88.916	0.5384	Mozjpeg	96.0
photos	Screenshot_20260526_074348_Photos.png	mozjpeg	444	85	identity_off	38.535	79.608	1.0390	Mozjpeg	85.0
photos	Screenshot_20260526_074348_Photos.png	mozjpeg	444	85	model_policy	38.719	79.788	1.0195	Mozjpeg	85.0
photos	Screenshot_20260526_074348_Photos.png	mozjpeg	444	85	model_proj	38.721	79.746	1.0195	Mozjpeg	85.0
photos	Screenshot_20260526_074348_Photos.png	mozjpeg	444	90	identity_off	39.955	83.812	0.8586	Mozjpeg	90.0
photos	Screenshot_20260526_074348_Photos.png	mozjpeg	444	90	model_policy	40.067	83.736	0.8483	Mozjpeg	90.0
photos	Screenshot_20260526_074348_Photos.png	mozjpeg	444	90	model_proj	40.066	83.810	0.8478	Mozjpeg	90.0
photos	Screenshot_20260526_074348_Photos.png	mozjpeg	444	93	identity_off	41.262	86.289	0.7340	Mozjpeg	93.0
photos	Screenshot_20260526_074348_Photos.png	mozjpeg	444	93	model_policy	41.320	86.299	0.7294	Mozjpeg	93.0
photos	Screenshot_20260526_074348_Photos.png	mozjpeg	444	93	model_proj	41.314	86.020	0.7303	Mozjpeg	93.0
photos	Screenshot_20260526_074348_Photos.png	mozjpeg	444	96	identity_off	43.895	89.465	0.5334	Mozjpeg	96.0
photos	Screenshot_20260526_074348_Photos.png	mozjpeg	444	96	model_policy	43.915	89.420	0.5323	Mozjpeg	96.0
photos	Screenshot_20260526_074348_Photos.png	mozjpeg	444	96	model_proj	43.895	89.465	0.5334	Mozjpeg	96.0
photos	Screenshot_20260526_074348_Photos.png	jpegli	420	85	identity_off	38.527	77.468	1.0932	CjpegliYcbcr	1.8
photos	Screenshot_20260526_074348_Photos.png	jpegli	420	85	model_policy	38.635	77.319	1.0834	CjpegliYcbcr	1.8
photos	Screenshot_20260526_074348_Photos.png	jpegli	420	85	model_proj	38.636	77.435	1.0834	CjpegliYcbcr	1.8
photos	Screenshot_20260526_074348_Photos.png	jpegli	420	90	identity_off	40.260	82.164	0.8628	CjpegliYcbcr	1.3
photos	Screenshot_20260526_074348_Photos.png	jpegli	420	90	model_policy	40.309	82.196	0.8597	CjpegliYcbcr	1.3
photos	Screenshot_20260526_074348_Photos.png	jpegli	420	90	model_proj	40.285	82.271	0.8639	CjpegliYcbcr	1.3
photos	Screenshot_20260526_074348_Photos.png	jpegli	420	93	identity_off	42.125	85.322	0.6853	CjpegliYcbcr	1.0
photos	Screenshot_20260526_074348_Photos.png	jpegli	420	93	model_policy	42.143	85.387	0.6845	CjpegliYcbcr	1.0
photos	Screenshot_20260526_074348_Photos.png	jpegli	420	93	model_proj	42.100	85.425	0.6877	CjpegliYcbcr	1.0
photos	Screenshot_20260526_074348_Photos.png	jpegli	420	96	identity_off	44.924	88.755	0.4858	CjpegliYcbcr	0.5
photos	Screenshot_20260526_074348_Photos.png	jpegli	420	96	model_policy	44.921	88.738	0.4858	CjpegliYcbcr	0.5
photos	Screenshot_20260526_074348_Photos.png	jpegli	420	96	model_proj	44.924	88.755	0.4858	CjpegliYcbcr	0.5
photos	Screenshot_20260526_074348_Photos.png	jpegli	444	85	identity_off	39.300	79.992	0.9981	CjpegliYcbcr	1.4
photos	Screenshot_20260526_074348_Photos.png	jpegli	444	85	model_policy	39.384	79.920	0.9922	CjpegliYcbcr	1.4
photos	Screenshot_20260526_074348_Photos.png	jpegli	444	85	model_proj	39.387	80.016	0.9902	CjpegliYcbcr	1.4
photos	Screenshot_20260526_074348_Photos.png	jpegli	444	90	identity_off	41.193	84.091	0.7880	CjpegliYcbcr	1.1
photos	Screenshot_20260526_074348_Photos.png	jpegli	444	90	model_policy	41.227	84.064	0.7864	CjpegliYcbcr	1.1
photos	Screenshot_20260526_074348_Photos.png	jpegli	444	90	model_proj	41.239	84.233	0.7860	CjpegliYcbcr	1.1
photos	Screenshot_20260526_074348_Photos.png	jpegli	444	93	identity_off	43.180	86.412	0.6082	CjpegliYcbcr	0.7
photos	Screenshot_20260526_074348_Photos.png	jpegli	444	93	model_policy	43.191	86.251	0.6075	CjpegliYcbcr	0.7
photos	Screenshot_20260526_074348_Photos.png	jpegli	444	93	model_proj	43.191	86.342	0.6075	CjpegliYcbcr	0.7
photos	Screenshot_20260526_074348_Photos.png	jpegli	444	96	identity_off	46.175	89.371	0.4107	CjpegliYcbcr	0.3
photos	Screenshot_20260526_074348_Photos.png	jpegli	444	96	model_policy	46.161	89.250	0.4111	CjpegliYcbcr	0.3
photos	Screenshot_20260526_074348_Photos.png	jpegli	444	96	model_proj	46.175	89.371	0.4107	CjpegliYcbcr	0.3
photos	Screenshot_20260526_074348_Photos.png	zenjpeg	420	85	identity_off	38.502	77.551	1.0878	CjpegliYcbcr	1.8
photos	Screenshot_20260526_074348_Photos.png	zenjpeg	420	85	model_policy	38.611	77.553	1.0787	CjpegliYcbcr	1.8
photos	Screenshot_20260526_074348_Photos.png	zenjpeg	420	85	model_proj	38.610	77.521	1.0788	CjpegliYcbcr	1.8
photos	Screenshot_20260526_074348_Photos.png	zenjpeg	420	90	identity_off	40.237	82.101	0.8628	CjpegliYcbcr	1.3
photos	Screenshot_20260526_074348_Photos.png	zenjpeg	420	90	model_policy	40.287	82.013	0.8594	CjpegliYcbcr	1.3
photos	Screenshot_20260526_074348_Photos.png	zenjpeg	420	90	model_proj	40.210	82.176	0.8751	CjpegliYcbcr	1.3
photos	Screenshot_20260526_074348_Photos.png	zenjpeg	420	93	identity_off	42.110	85.351	0.6822	CjpegliYcbcr	1.0
photos	Screenshot_20260526_074348_Photos.png	zenjpeg	420	93	model_policy	42.128	85.405	0.6813	CjpegliYcbcr	1.0
photos	Screenshot_20260526_074348_Photos.png	zenjpeg	420	93	model_proj	41.976	85.383	0.7056	CjpegliYcbcr	1.0
photos	Screenshot_20260526_074348_Photos.png	zenjpeg	420	96	identity_off	44.926	88.899	0.4808	CjpegliYcbcr	0.5
photos	Screenshot_20260526_074348_Photos.png	zenjpeg	420	96	model_policy	44.923	88.901	0.4809	CjpegliYcbcr	0.5
photos	Screenshot_20260526_074348_Photos.png	zenjpeg	420	96	model_proj	44.926	88.899	0.4808	CjpegliYcbcr	0.5
photos	Screenshot_20260526_074348_Photos.png	zenjpeg	444	85	identity_off	39.328	80.263	0.9641	CjpegliYcbcr	1.4
photos	Screenshot_20260526_074348_Photos.png	zenjpeg	444	85	model_policy	39.413	80.094	0.9581	CjpegliYcbcr	1.4
photos	Screenshot_20260526_074348_Photos.png	zenjpeg	444	85	model_proj	39.413	80.246	0.9579	CjpegliYcbcr	1.4
photos	Screenshot_20260526_074348_Photos.png	zenjpeg	444	90	identity_off	41.226	84.218	0.7570	CjpegliYcbcr	1.1
photos	Screenshot_20260526_074348_Photos.png	zenjpeg	444	90	model_policy	41.260	84.166	0.7554	CjpegliYcbcr	1.1
photos	Screenshot_20260526_074348_Photos.png	zenjpeg	444	90	model_proj	41.268	84.272	0.7554	CjpegliYcbcr	1.1
photos	Screenshot_20260526_074348_Photos.png	zenjpeg	444	93	identity_off	43.192	86.604	0.5971	CjpegliYcbcr	0.7
photos	Screenshot_20260526_074348_Photos.png	zenjpeg	444	93	model_policy	43.203	86.652	0.5967	CjpegliYcbcr	0.7
photos	Screenshot_20260526_074348_Photos.png	zenjpeg	444	93	model_proj	43.202	86.545	0.5967	CjpegliYcbcr	0.7
photos	Screenshot_20260526_074348_Photos.png	zenjpeg	444	96	identity_off	46.186	89.650	0.4018	CjpegliYcbcr	0.3
photos	Screenshot_20260526_074348_Photos.png	zenjpeg	444	96	model_policy	46.170	89.543	0.4022	CjpegliYcbcr	0.3
photos	Screenshot_20260526_074348_Photos.png	zenjpeg	444	96	model_proj	46.186	89.650	0.4018	CjpegliYcbcr	0.3
people	alexander-aguero-EnppVuXbcCE-unsplash.jpg	turbo	420	85	identity_off	43.679	84.377	0.6767	ImageMagick	85.0
people	alexander-aguero-EnppVuXbcCE-unsplash.jpg	turbo	420	85	model_policy	44.279	84.802	0.6368	ImageMagick	85.0
people	alexander-aguero-EnppVuXbcCE-unsplash.jpg	turbo	420	85	model_proj	44.293	84.852	0.6359	ImageMagick	85.0
people	alexander-aguero-EnppVuXbcCE-unsplash.jpg	turbo	420	90	identity_off	45.222	88.252	0.5373	ImageMagick	90.0
people	alexander-aguero-EnppVuXbcCE-unsplash.jpg	turbo	420	90	model_policy	45.725	88.343	0.5103	ImageMagick	90.0
people	alexander-aguero-EnppVuXbcCE-unsplash.jpg	turbo	420	90	model_proj	45.722	88.385	0.5114	ImageMagick	90.0
people	alexander-aguero-EnppVuXbcCE-unsplash.jpg	turbo	420	93	identity_off	46.522	90.335	0.4441	ImageMagick	93.0
people	alexander-aguero-EnppVuXbcCE-unsplash.jpg	turbo	420	93	model_policy	46.912	90.312	0.4268	ImageMagick	93.0
people	alexander-aguero-EnppVuXbcCE-unsplash.jpg	turbo	420	93	model_proj	46.830	90.115	0.4338	ImageMagick	93.0
people	alexander-aguero-EnppVuXbcCE-unsplash.jpg	turbo	420	96	identity_off	48.610	92.843	0.3329	ImageMagick	96.0
people	alexander-aguero-EnppVuXbcCE-unsplash.jpg	turbo	420	96	model_policy	48.757	92.647	0.3244	ImageMagick	96.0
people	alexander-aguero-EnppVuXbcCE-unsplash.jpg	turbo	420	96	model_proj	48.610	92.843	0.3329	ImageMagick	96.0
people	alexander-aguero-EnppVuXbcCE-unsplash.jpg	turbo	444	85	identity_off	44.353	86.554	0.6605	ImageMagick	85.0
people	alexander-aguero-EnppVuXbcCE-unsplash.jpg	turbo	444	85	model_policy	44.929	86.729	0.6210	ImageMagick	85.0
people	alexander-aguero-EnppVuXbcCE-unsplash.jpg	turbo	444	85	model_proj	44.925	86.730	0.6206	ImageMagick	85.0
people	alexander-aguero-EnppVuXbcCE-unsplash.jpg	turbo	444	90	identity_off	46.125	90.398	0.5202	ImageMagick	90.0
people	alexander-aguero-EnppVuXbcCE-unsplash.jpg	turbo	444	90	model_policy	46.555	90.321	0.4942	ImageMagick	90.0
people	alexander-aguero-EnppVuXbcCE-unsplash.jpg	turbo	444	90	model_proj	46.506	90.130	0.4963	ImageMagick	90.0
people	alexander-aguero-EnppVuXbcCE-unsplash.jpg	turbo	444	93	identity_off	47.592	92.163	0.4274	ImageMagick	93.0
people	alexander-aguero-EnppVuXbcCE-unsplash.jpg	turbo	444	93	model_policy	47.855	91.908	0.4119	ImageMagick	93.0
people	alexander-aguero-EnppVuXbcCE-unsplash.jpg	turbo	444	93	model_proj	47.680	91.387	0.4198	ImageMagick	93.0
people	alexander-aguero-EnppVuXbcCE-unsplash.jpg	turbo	444	96	identity_off	49.934	94.214	0.3161	ImageMagick	96.0
people	alexander-aguero-EnppVuXbcCE-unsplash.jpg	turbo	444	96	model_policy	49.848	93.830	0.3094	ImageMagick	96.0
people	alexander-aguero-EnppVuXbcCE-unsplash.jpg	turbo	444	96	model_proj	49.934	94.214	0.3161	ImageMagick	96.0
people	alexander-aguero-EnppVuXbcCE-unsplash.jpg	mozjpeg	420	85	identity_off	42.616	81.577	0.7881	Mozjpeg	85.0
people	alexander-aguero-EnppVuXbcCE-unsplash.jpg	mozjpeg	420	85	model_policy	42.944	81.901	0.7640	Mozjpeg	85.0
people	alexander-aguero-EnppVuXbcCE-unsplash.jpg	mozjpeg	420	85	model_proj	42.958	81.965	0.7630	Mozjpeg	85.0
people	alexander-aguero-EnppVuXbcCE-unsplash.jpg	mozjpeg	420	90	identity_off	44.455	87.147	0.6124	Mozjpeg	90.0
people	alexander-aguero-EnppVuXbcCE-unsplash.jpg	mozjpeg	420	90	model_policy	44.709	86.996	0.5961	Mozjpeg	90.0
people	alexander-aguero-EnppVuXbcCE-unsplash.jpg	mozjpeg	420	90	model_proj	44.713	87.038	0.5950	Mozjpeg	90.0
people	alexander-aguero-EnppVuXbcCE-unsplash.jpg	mozjpeg	420	93	identity_off	46.051	89.767	0.4939	Mozjpeg	93.0
people	alexander-aguero-EnppVuXbcCE-unsplash.jpg	mozjpeg	420	93	model_policy	46.202	89.490	0.4889	Mozjpeg	93.0
people	alexander-aguero-EnppVuXbcCE-unsplash.jpg	mozjpeg	420	93	model_proj	46.150	89.362	0.4925	Mozjpeg	93.0
people	alexander-aguero-EnppVuXbcCE-unsplash.jpg	mozjpeg	420	96	identity_off	48.547	92.852	0.3539	Mozjpeg	96.0
people	alexander-aguero-EnppVuXbcCE-unsplash.jpg	mozjpeg	420	96	model_policy	48.384	92.351	0.3607	Mozjpeg	96.0
people	alexander-aguero-EnppVuXbcCE-unsplash.jpg	mozjpeg	420	96	model_proj	48.547	92.852	0.3539	Mozjpeg	96.0
people	alexander-aguero-EnppVuXbcCE-unsplash.jpg	mozjpeg	444	85	identity_off	43.117	83.740	0.7750	Mozjpeg	85.0
people	alexander-aguero-EnppVuXbcCE-unsplash.jpg	mozjpeg	444	85	model_policy	43.347	83.641	0.7518	Mozjpeg	85.0
people	alexander-aguero-EnppVuXbcCE-unsplash.jpg	mozjpeg	444	85	model_proj	43.357	83.666	0.7512	Mozjpeg	85.0
people	alexander-aguero-EnppVuXbcCE-unsplash.jpg	mozjpeg	444	90	identity_off	45.015	88.784	0.6015	Mozjpeg	90.0
people	alexander-aguero-EnppVuXbcCE-unsplash.jpg	mozjpeg	444	90	model_policy	45.129	88.333	0.5870	Mozjpeg	90.0
people	alexander-aguero-EnppVuXbcCE-unsplash.jpg	mozjpeg	444	90	model_proj	45.135	88.236	0.5866	Mozjpeg	90.0
people	alexander-aguero-EnppVuXbcCE-unsplash.jpg	mozjpeg	444	93	identity_off	46.797	91.339	0.4827	Mozjpeg	93.0
people	alexander-aguero-EnppVuXbcCE-unsplash.jpg	mozjpeg	444	93	model_policy	46.732	90.677	0.4787	Mozjpeg	93.0
people	alexander-aguero-EnppVuXbcCE-unsplash.jpg	mozjpeg	444	93	model_proj	46.648	90.338	0.4833	Mozjpeg	93.0
people	alexander-aguero-EnppVuXbcCE-unsplash.jpg	mozjpeg	444	96	identity_off	49.337	93.750	0.3437	Mozjpeg	96.0
people	alexander-aguero-EnppVuXbcCE-unsplash.jpg	mozjpeg	444	96	model_policy	48.919	93.074	0.3538	Mozjpeg	96.0
people	alexander-aguero-EnppVuXbcCE-unsplash.jpg	mozjpeg	444	96	model_proj	49.337	93.750	0.3437	Mozjpeg	96.0
people	alexander-aguero-EnppVuXbcCE-unsplash.jpg	jpegli	420	85	identity_off	41.625	80.054	0.9116	CjpegliYcbcr	1.8
people	alexander-aguero-EnppVuXbcCE-unsplash.jpg	jpegli	420	85	model_policy	41.980	80.275	0.8832	CjpegliYcbcr	1.8
people	alexander-aguero-EnppVuXbcCE-unsplash.jpg	jpegli	420	85	model_proj	41.989	80.354	0.8825	CjpegliYcbcr	1.8
people	alexander-aguero-EnppVuXbcCE-unsplash.jpg	jpegli	420	90	identity_off	43.474	84.453	0.6998	CjpegliYcbcr	1.3
people	alexander-aguero-EnppVuXbcCE-unsplash.jpg	jpegli	420	90	model_policy	43.727	84.506	0.6835	CjpegliYcbcr	1.3
people	alexander-aguero-EnppVuXbcCE-unsplash.jpg	jpegli	420	90	model_proj	43.701	84.857	0.6835	CjpegliYcbcr	1.3
people	alexander-aguero-EnppVuXbcCE-unsplash.jpg	jpegli	420	93	identity_off	45.220	87.804	0.5420	CjpegliYcbcr	1.0
people	alexander-aguero-EnppVuXbcCE-unsplash.jpg	jpegli	420	93	model_policy	45.404	87.695	0.5341	CjpegliYcbcr	1.0
people	alexander-aguero-EnppVuXbcCE-unsplash.jpg	jpegli	420	93	model_proj	45.306	88.030	0.5391	CjpegliYcbcr	1.0
people	alexander-aguero-EnppVuXbcCE-unsplash.jpg	jpegli	420	96	identity_off	47.471	90.695	0.3981	CjpegliYcbcr	0.5
people	alexander-aguero-EnppVuXbcCE-unsplash.jpg	jpegli	420	96	model_policy	47.439	90.437	0.4006	CjpegliYcbcr	0.5
people	alexander-aguero-EnppVuXbcCE-unsplash.jpg	jpegli	420	96	model_proj	47.471	90.695	0.3981	CjpegliYcbcr	0.5
people	alexander-aguero-EnppVuXbcCE-unsplash.jpg	jpegli	444	85	identity_off	42.478	82.652	0.7980	CjpegliYcbcr	1.4
people	alexander-aguero-EnppVuXbcCE-unsplash.jpg	jpegli	444	85	model_policy	42.840	82.845	0.7752	CjpegliYcbcr	1.4
people	alexander-aguero-EnppVuXbcCE-unsplash.jpg	jpegli	444	85	model_proj	42.865	82.914	0.7740	CjpegliYcbcr	1.4
people	alexander-aguero-EnppVuXbcCE-unsplash.jpg	jpegli	444	90	identity_off	44.423	86.062	0.6069	CjpegliYcbcr	1.1
people	alexander-aguero-EnppVuXbcCE-unsplash.jpg	jpegli	444	90	model_policy	44.742	86.237	0.5921	CjpegliYcbcr	1.1
people	alexander-aguero-EnppVuXbcCE-unsplash.jpg	jpegli	444	90	model_proj	44.788	86.503	0.5895	CjpegliYcbcr	1.1
people	alexander-aguero-EnppVuXbcCE-unsplash.jpg	jpegli	444	93	identity_off	45.924	88.671	0.4808	CjpegliYcbcr	0.7
people	alexander-aguero-EnppVuXbcCE-unsplash.jpg	jpegli	444	93	model_policy	46.114	88.569	0.4762	CjpegliYcbcr	0.7
people	alexander-aguero-EnppVuXbcCE-unsplash.jpg	jpegli	444	93	model_proj	46.119	88.655	0.4761	CjpegliYcbcr	0.7
people	alexander-aguero-EnppVuXbcCE-unsplash.jpg	jpegli	444	96	identity_off	48.547	91.184	0.3427	CjpegliYcbcr	0.3
people	alexander-aguero-EnppVuXbcCE-unsplash.jpg	jpegli	444	96	model_policy	48.376	90.890	0.3530	CjpegliYcbcr	0.3
people	alexander-aguero-EnppVuXbcCE-unsplash.jpg	jpegli	444	96	model_proj	48.547	91.184	0.3427	CjpegliYcbcr	0.3
people	alexander-aguero-EnppVuXbcCE-unsplash.jpg	zenjpeg	420	85	identity_off	41.640	79.890	0.9136	CjpegliYcbcr	1.8
people	alexander-aguero-EnppVuXbcCE-unsplash.jpg	zenjpeg	420	85	model_policy	41.981	80.082	0.8855	CjpegliYcbcr	1.8
people	alexander-aguero-EnppVuXbcCE-unsplash.jpg	zenjpeg	420	85	model_proj	41.985	80.175	0.8856	CjpegliYcbcr	1.8
people	alexander-aguero-EnppVuXbcCE-unsplash.jpg	zenjpeg	420	90	identity_off	43.459	84.386	0.6997	CjpegliYcbcr	1.3
people	alexander-aguero-EnppVuXbcCE-unsplash.jpg	zenjpeg	420	90	model_policy	43.702	84.331	0.6842	CjpegliYcbcr	1.3
people	alexander-aguero-EnppVuXbcCE-unsplash.jpg	zenjpeg	420	90	model_proj	43.671	84.596	0.6848	CjpegliYcbcr	1.3
people	alexander-aguero-EnppVuXbcCE-unsplash.jpg	zenjpeg	420	93	identity_off	45.249	87.918	0.5405	CjpegliYcbcr	1.0
people	alexander-aguero-EnppVuXbcCE-unsplash.jpg	zenjpeg	420	93	model_policy	45.423	87.775	0.5324	CjpegliYcbcr	1.0
people	alexander-aguero-EnppVuXbcCE-unsplash.jpg	zenjpeg	420	93	model_proj	45.295	87.863	0.5415	CjpegliYcbcr	1.0
people	alexander-aguero-EnppVuXbcCE-unsplash.jpg	zenjpeg	420	96	identity_off	47.539	91.228	0.3929	CjpegliYcbcr	0.5
people	alexander-aguero-EnppVuXbcCE-unsplash.jpg	zenjpeg	420	96	model_policy	47.502	90.874	0.3963	CjpegliYcbcr	0.5
people	alexander-aguero-EnppVuXbcCE-unsplash.jpg	zenjpeg	420	96	model_proj	47.539	91.228	0.3929	CjpegliYcbcr	0.5
people	alexander-aguero-EnppVuXbcCE-unsplash.jpg	zenjpeg	444	85	identity_off	42.542	82.922	0.7985	CjpegliYcbcr	1.4
people	alexander-aguero-EnppVuXbcCE-unsplash.jpg	zenjpeg	444	85	model_policy	42.870	83.000	0.7763	CjpegliYcbcr	1.4
people	alexander-aguero-EnppVuXbcCE-unsplash.jpg	zenjpeg	444	85	model_proj	42.892	83.026	0.7752	CjpegliYcbcr	1.4
people	alexander-aguero-EnppVuXbcCE-unsplash.jpg	zenjpeg	444	90	identity_off	44.425	86.395	0.6083	CjpegliYcbcr	1.1
people	alexander-aguero-EnppVuXbcCE-unsplash.jpg	zenjpeg	444	90	model_policy	44.737	86.541	0.5926	CjpegliYcbcr	1.1
people	alexander-aguero-EnppVuXbcCE-unsplash.jpg	zenjpeg	444	90	model_proj	44.768	86.746	0.5915	CjpegliYcbcr	1.1
people	alexander-aguero-EnppVuXbcCE-unsplash.jpg	zenjpeg	444	93	identity_off	45.939	88.798	0.4881	CjpegliYcbcr	0.7
people	alexander-aguero-EnppVuXbcCE-unsplash.jpg	zenjpeg	444	93	model_policy	46.118	88.669	0.4831	CjpegliYcbcr	0.7
people	alexander-aguero-EnppVuXbcCE-unsplash.jpg	zenjpeg	444	93	model_proj	46.103	88.748	0.4846	CjpegliYcbcr	0.7
people	alexander-aguero-EnppVuXbcCE-unsplash.jpg	zenjpeg	444	96	identity_off	48.673	92.035	0.3325	CjpegliYcbcr	0.3
people	alexander-aguero-EnppVuXbcCE-unsplash.jpg	zenjpeg	444	96	model_policy	48.464	91.622	0.3442	CjpegliYcbcr	0.3
people	alexander-aguero-EnppVuXbcCE-unsplash.jpg	zenjpeg	444	96	model_proj	48.673	92.035	0.3325	CjpegliYcbcr	0.3
people	anastasia-pivnenko-PRNG6R1nSpQ-unsplash.jpg	turbo	420	85	identity_off	36.246	84.455	0.7437	ImageMagick	85.0
people	anastasia-pivnenko-PRNG6R1nSpQ-unsplash.jpg	turbo	420	85	model_policy	36.436	84.523	0.7358	ImageMagick	85.0
people	anastasia-pivnenko-PRNG6R1nSpQ-unsplash.jpg	turbo	420	85	model_proj	36.438	84.575	0.7353	ImageMagick	85.0
people	anastasia-pivnenko-PRNG6R1nSpQ-unsplash.jpg	turbo	420	90	identity_off	45.743	91.751	0.2131	ImageMagick	90.0
people	anastasia-pivnenko-PRNG6R1nSpQ-unsplash.jpg	turbo	420	90	model_policy	44.576	90.899	0.2669	ImageMagick	90.0
people	anastasia-pivnenko-PRNG6R1nSpQ-unsplash.jpg	turbo	420	90	model_proj	44.561	90.818	0.2696	ImageMagick	90.0
people	anastasia-pivnenko-PRNG6R1nSpQ-unsplash.jpg	turbo	420	93	identity_off	39.373	89.717	0.4945	ImageMagick	93.0
people	anastasia-pivnenko-PRNG6R1nSpQ-unsplash.jpg	turbo	420	93	model_policy	39.438	89.450	0.4921	ImageMagick	93.0
people	anastasia-pivnenko-PRNG6R1nSpQ-unsplash.jpg	turbo	420	93	model_proj	39.447	89.181	0.4932	ImageMagick	93.0
people	anastasia-pivnenko-PRNG6R1nSpQ-unsplash.jpg	turbo	420	96	identity_off	46.314	93.107	0.2093	ImageMagick	96.0
people	anastasia-pivnenko-PRNG6R1nSpQ-unsplash.jpg	turbo	420	96	model_policy	45.799	92.250	0.2400	ImageMagick	96.0
people	anastasia-pivnenko-PRNG6R1nSpQ-unsplash.jpg	turbo	420	96	model_proj	46.314	93.107	0.2093	ImageMagick	96.0
people	anastasia-pivnenko-PRNG6R1nSpQ-unsplash.jpg	turbo	444	85	identity_off	36.355	85.468	0.7401	ImageMagick	85.0
people	anastasia-pivnenko-PRNG6R1nSpQ-unsplash.jpg	turbo	444	85	model_policy	36.543	85.530	0.7326	ImageMagick	85.0
people	anastasia-pivnenko-PRNG6R1nSpQ-unsplash.jpg	turbo	444	85	model_proj	36.546	85.586	0.7320	ImageMagick	85.0
people	anastasia-pivnenko-PRNG6R1nSpQ-unsplash.jpg	turbo	444	90	identity_off	44.983	92.186	0.2154	ImageMagick	90.0
people	anastasia-pivnenko-PRNG6R1nSpQ-unsplash.jpg	turbo	444	90	model_policy	44.036	91.320	0.2641	ImageMagick	90.0
people	anastasia-pivnenko-PRNG6R1nSpQ-unsplash.jpg	turbo	444	90	model_proj	44.018	91.208	0.2680	ImageMagick	90.0
people	anastasia-pivnenko-PRNG6R1nSpQ-unsplash.jpg	turbo	444	93	identity_off	39.446	90.521	0.4929	ImageMagick	93.0
people	anastasia-pivnenko-PRNG6R1nSpQ-unsplash.jpg	turbo	444	93	model_policy	39.528	90.055	0.4905	ImageMagick	93.0
people	anastasia-pivnenko-PRNG6R1nSpQ-unsplash.jpg	turbo	444	93	model_proj	39.535	89.908	0.4924	ImageMagick	93.0
people	anastasia-pivnenko-PRNG6R1nSpQ-unsplash.jpg	turbo	444	96	identity_off	46.480	94.133	0.2067	ImageMagick	96.0
people	anastasia-pivnenko-PRNG6R1nSpQ-unsplash.jpg	turbo	444	96	model_policy	45.960	93.072	0.2373	ImageMagick	96.0
people	anastasia-pivnenko-PRNG6R1nSpQ-unsplash.jpg	turbo	444	96	model_proj	46.480	94.133	0.2067	ImageMagick	96.0
people	anastasia-pivnenko-PRNG6R1nSpQ-unsplash.jpg	mozjpeg	420	85	identity_off	30.046	69.889	1.4346	Mozjpeg	85.0
people	anastasia-pivnenko-PRNG6R1nSpQ-unsplash.jpg	mozjpeg	420	85	model_policy	30.093	69.834	1.4287	Mozjpeg	85.0
people	anastasia-pivnenko-PRNG6R1nSpQ-unsplash.jpg	mozjpeg	420	85	model_proj	30.093	69.839	1.4287	Mozjpeg	85.0
people	anastasia-pivnenko-PRNG6R1nSpQ-unsplash.jpg	mozjpeg	420	90	identity_off	33.570	79.556	0.9442	Mozjpeg	90.0
people	anastasia-pivnenko-PRNG6R1nSpQ-unsplash.jpg	mozjpeg	420	90	model_policy	33.565	79.441	0.9438	Mozjpeg	90.0
people	anastasia-pivnenko-PRNG6R1nSpQ-unsplash.jpg	mozjpeg	420	90	model_proj	33.565	79.388	0.9440	Mozjpeg	90.0
people	anastasia-pivnenko-PRNG6R1nSpQ-unsplash.jpg	mozjpeg	420	93	identity_off	34.797	81.882	0.8171	Mozjpeg	93.0
people	anastasia-pivnenko-PRNG6R1nSpQ-unsplash.jpg	mozjpeg	420	93	model_policy	34.738	81.742	0.8199	Mozjpeg	93.0
people	anastasia-pivnenko-PRNG6R1nSpQ-unsplash.jpg	mozjpeg	420	93	model_proj	34.737	81.646	0.8208	Mozjpeg	93.0
people	anastasia-pivnenko-PRNG6R1nSpQ-unsplash.jpg	mozjpeg	420	96	identity_off	43.393	90.997	0.3562	Mozjpeg	96.0
people	anastasia-pivnenko-PRNG6R1nSpQ-unsplash.jpg	mozjpeg	420	96	model_policy	43.024	90.532	0.3668	Mozjpeg	96.0
people	anastasia-pivnenko-PRNG6R1nSpQ-unsplash.jpg	mozjpeg	420	96	model_proj	43.393	90.997	0.3562	Mozjpeg	96.0
people	anastasia-pivnenko-PRNG6R1nSpQ-unsplash.jpg	mozjpeg	444	85	identity_off	30.044	70.279	1.4343	Mozjpeg	85.0
people	anastasia-pivnenko-PRNG6R1nSpQ-unsplash.jpg	mozjpeg	444	85	model_policy	30.095	70.259	1.4284	Mozjpeg	85.0
people	anastasia-pivnenko-PRNG6R1nSpQ-unsplash.jpg	mozjpeg	444	85	model_proj	30.096	70.286	1.4284	Mozjpeg	85.0
people	anastasia-pivnenko-PRNG6R1nSpQ-unsplash.jpg	mozjpeg	444	90	identity_off	33.584	80.054	0.9430	Mozjpeg	90.0
people	anastasia-pivnenko-PRNG6R1nSpQ-unsplash.jpg	mozjpeg	444	90	model_policy	33.581	79.957	0.9427	Mozjpeg	90.0
people	anastasia-pivnenko-PRNG6R1nSpQ-unsplash.jpg	mozjpeg	444	90	model_proj	33.581	79.897	0.9430	Mozjpeg	90.0
people	anastasia-pivnenko-PRNG6R1nSpQ-unsplash.jpg	mozjpeg	444	93	identity_off	34.798	82.343	0.8166	Mozjpeg	93.0
people	anastasia-pivnenko-PRNG6R1nSpQ-unsplash.jpg	mozjpeg	444	93	model_policy	34.740	82.073	0.8196	Mozjpeg	93.0
people	anastasia-pivnenko-PRNG6R1nSpQ-unsplash.jpg	mozjpeg	444	93	model_proj	34.737	82.009	0.8209	Mozjpeg	93.0
people	anastasia-pivnenko-PRNG6R1nSpQ-unsplash.jpg	mozjpeg	444	96	identity_off	43.564	91.651	0.3538	Mozjpeg	96.0
people	anastasia-pivnenko-PRNG6R1nSpQ-unsplash.jpg	mozjpeg	444	96	model_policy	43.173	91.181	0.3634	Mozjpeg	96.0
people	anastasia-pivnenko-PRNG6R1nSpQ-unsplash.jpg	mozjpeg	444	96	model_proj	43.564	91.651	0.3538	Mozjpeg	96.0
people	anastasia-pivnenko-PRNG6R1nSpQ-unsplash.jpg	jpegli	420	85	identity_off	35.268	79.762	0.8846	CjpegliYcbcr	1.8
people	anastasia-pivnenko-PRNG6R1nSpQ-unsplash.jpg	jpegli	420	85	model_policy	35.208	79.616	0.8869	CjpegliYcbcr	1.8
people	anastasia-pivnenko-PRNG6R1nSpQ-unsplash.jpg	jpegli	420	85	model_proj	35.208	79.660	0.8870	CjpegliYcbcr	1.8
people	anastasia-pivnenko-PRNG6R1nSpQ-unsplash.jpg	jpegli	420	90	identity_off	39.453	86.484	0.5388	CjpegliYcbcr	1.3
people	anastasia-pivnenko-PRNG6R1nSpQ-unsplash.jpg	jpegli	420	90	model_policy	39.304	86.156	0.5437	CjpegliYcbcr	1.3
people	anastasia-pivnenko-PRNG6R1nSpQ-unsplash.jpg	jpegli	420	90	model_proj	39.290	86.225	0.5470	CjpegliYcbcr	1.3
people	anastasia-pivnenko-PRNG6R1nSpQ-unsplash.jpg	jpegli	420	93	identity_off	42.896	90.482	0.3416	CjpegliYcbcr	1.0
people	anastasia-pivnenko-PRNG6R1nSpQ-unsplash.jpg	jpegli	420	93	model_policy	42.524	89.861	0.3553	CjpegliYcbcr	1.0
people	anastasia-pivnenko-PRNG6R1nSpQ-unsplash.jpg	jpegli	420	93	model_proj	42.491	89.871	0.3631	CjpegliYcbcr	1.0
people	anastasia-pivnenko-PRNG6R1nSpQ-unsplash.jpg	jpegli	420	96	identity_off	46.371	92.657	0.2136	CjpegliYcbcr	0.5
people	anastasia-pivnenko-PRNG6R1nSpQ-unsplash.jpg	jpegli	420	96	model_policy	45.511	91.789	0.2543	CjpegliYcbcr	0.5
people	anastasia-pivnenko-PRNG6R1nSpQ-unsplash.jpg	jpegli	420	96	model_proj	46.371	92.657	0.2136	CjpegliYcbcr	0.5
people	anastasia-pivnenko-PRNG6R1nSpQ-unsplash.jpg	jpegli	444	85	identity_off	37.569	84.167	0.6379	CjpegliYcbcr	1.4
people	anastasia-pivnenko-PRNG6R1nSpQ-unsplash.jpg	jpegli	444	85	model_policy	37.542	84.075	0.6404	CjpegliYcbcr	1.4
people	anastasia-pivnenko-PRNG6R1nSpQ-unsplash.jpg	jpegli	444	85	model_proj	37.543	84.054	0.6404	CjpegliYcbcr	1.4
people	anastasia-pivnenko-PRNG6R1nSpQ-unsplash.jpg	jpegli	444	90	identity_off	40.066	87.630	0.4659	CjpegliYcbcr	1.1
people	anastasia-pivnenko-PRNG6R1nSpQ-unsplash.jpg	jpegli	444	90	model_policy	39.948	87.389	0.4721	CjpegliYcbcr	1.1
people	anastasia-pivnenko-PRNG6R1nSpQ-unsplash.jpg	jpegli	444	90	model_proj	39.959	87.475	0.4727	CjpegliYcbcr	1.1
people	anastasia-pivnenko-PRNG6R1nSpQ-unsplash.jpg	jpegli	444	93	identity_off	42.537	89.911	0.3204	CjpegliYcbcr	0.7
people	anastasia-pivnenko-PRNG6R1nSpQ-unsplash.jpg	jpegli	444	93	model_policy	42.223	89.378	0.3456	CjpegliYcbcr	0.7
people	anastasia-pivnenko-PRNG6R1nSpQ-unsplash.jpg	jpegli	444	93	model_proj	42.226	89.498	0.3460	CjpegliYcbcr	0.7
people	anastasia-pivnenko-PRNG6R1nSpQ-unsplash.jpg	jpegli	444	96	identity_off	45.354	91.791	0.2000	CjpegliYcbcr	0.3
people	anastasia-pivnenko-PRNG6R1nSpQ-unsplash.jpg	jpegli	444	96	model_policy	44.743	90.865	0.2459	CjpegliYcbcr	0.3
people	anastasia-pivnenko-PRNG6R1nSpQ-unsplash.jpg	jpegli	444	96	model_proj	45.354	91.791	0.2000	CjpegliYcbcr	0.3
people	anastasia-pivnenko-PRNG6R1nSpQ-unsplash.jpg	zenjpeg	420	85	identity_off	35.207	79.657	0.8921	CjpegliYcbcr	1.8
people	anastasia-pivnenko-PRNG6R1nSpQ-unsplash.jpg	zenjpeg	420	85	model_policy	35.149	79.499	0.8942	CjpegliYcbcr	1.8
people	anastasia-pivnenko-PRNG6R1nSpQ-unsplash.jpg	zenjpeg	420	85	model_proj	35.149	79.484	0.8943	CjpegliYcbcr	1.8
people	anastasia-pivnenko-PRNG6R1nSpQ-unsplash.jpg	zenjpeg	420	90	identity_off	39.438	86.199	0.5410	CjpegliYcbcr	1.3
people	anastasia-pivnenko-PRNG6R1nSpQ-unsplash.jpg	zenjpeg	420	90	model_policy	39.292	85.955	0.5457	CjpegliYcbcr	1.3
people	anastasia-pivnenko-PRNG6R1nSpQ-unsplash.jpg	zenjpeg	420	90	model_proj	39.278	86.110	0.5492	CjpegliYcbcr	1.3
people	anastasia-pivnenko-PRNG6R1nSpQ-unsplash.jpg	zenjpeg	420	93	identity_off	42.896	90.574	0.3420	CjpegliYcbcr	1.0
people	anastasia-pivnenko-PRNG6R1nSpQ-unsplash.jpg	zenjpeg	420	93	model_policy	42.523	89.915	0.3542	CjpegliYcbcr	1.0
people	anastasia-pivnenko-PRNG6R1nSpQ-unsplash.jpg	zenjpeg	420	93	model_proj	42.484	89.849	0.3622	CjpegliYcbcr	1.0
people	anastasia-pivnenko-PRNG6R1nSpQ-unsplash.jpg	zenjpeg	420	96	identity_off	46.473	92.958	0.2092	CjpegliYcbcr	0.5
people	anastasia-pivnenko-PRNG6R1nSpQ-unsplash.jpg	zenjpeg	420	96	model_policy	45.594	91.903	0.2510	CjpegliYcbcr	0.5
people	anastasia-pivnenko-PRNG6R1nSpQ-unsplash.jpg	zenjpeg	420	96	model_proj	46.473	92.958	0.2092	CjpegliYcbcr	0.5
people	anastasia-pivnenko-PRNG6R1nSpQ-unsplash.jpg	zenjpeg	444	85	identity_off	37.539	84.094	0.6426	CjpegliYcbcr	1.4
people	anastasia-pivnenko-PRNG6R1nSpQ-unsplash.jpg	zenjpeg	444	85	model_policy	37.511	83.952	0.6449	CjpegliYcbcr	1.4
people	anastasia-pivnenko-PRNG6R1nSpQ-unsplash.jpg	zenjpeg	444	85	model_proj	37.512	83.954	0.6450	CjpegliYcbcr	1.4
people	anastasia-pivnenko-PRNG6R1nSpQ-unsplash.jpg	zenjpeg	444	90	identity_off	40.032	87.756	0.4678	CjpegliYcbcr	1.1
people	anastasia-pivnenko-PRNG6R1nSpQ-unsplash.jpg	zenjpeg	444	90	model_policy	39.915	87.477	0.4740	CjpegliYcbcr	1.1
people	anastasia-pivnenko-PRNG6R1nSpQ-unsplash.jpg	zenjpeg	444	90	model_proj	39.924	87.544	0.4748	CjpegliYcbcr	1.1
people	anastasia-pivnenko-PRNG6R1nSpQ-unsplash.jpg	zenjpeg	444	93	identity_off	42.516	89.883	0.3214	CjpegliYcbcr	0.7
people	anastasia-pivnenko-PRNG6R1nSpQ-unsplash.jpg	zenjpeg	444	93	model_policy	42.203	89.351	0.3439	CjpegliYcbcr	0.7
people	anastasia-pivnenko-PRNG6R1nSpQ-unsplash.jpg	zenjpeg	444	93	model_proj	42.204	89.356	0.3445	CjpegliYcbcr	0.7
people	anastasia-pivnenko-PRNG6R1nSpQ-unsplash.jpg	zenjpeg	444	96	identity_off	45.331	91.949	0.1992	CjpegliYcbcr	0.3
people	anastasia-pivnenko-PRNG6R1nSpQ-unsplash.jpg	zenjpeg	444	96	model_policy	44.720	91.033	0.2442	CjpegliYcbcr	0.3
people	anastasia-pivnenko-PRNG6R1nSpQ-unsplash.jpg	zenjpeg	444	96	model_proj	45.331	91.949	0.1992	CjpegliYcbcr	0.3
people	ashford-marx-5nEMKAK1WQs-unsplash.jpg	turbo	420	85	identity_off	36.463	85.175	0.7314	ImageMagick	85.0
people	ashford-marx-5nEMKAK1WQs-unsplash.jpg	turbo	420	85	model_policy	36.691	85.467	0.7105	ImageMagick	85.0
people	ashford-marx-5nEMKAK1WQs-unsplash.jpg	turbo	420	85	model_proj	36.692	85.467	0.7100	ImageMagick	85.0
people	ashford-marx-5nEMKAK1WQs-unsplash.jpg	turbo	420	90	identity_off	38.793	88.490	0.5469	ImageMagick	90.0
people	ashford-marx-5nEMKAK1WQs-unsplash.jpg	turbo	420	90	model_policy	38.949	88.632	0.5334	ImageMagick	90.0
people	ashford-marx-5nEMKAK1WQs-unsplash.jpg	turbo	420	90	model_proj	38.962	88.645	0.5323	ImageMagick	90.0
people	ashford-marx-5nEMKAK1WQs-unsplash.jpg	turbo	420	93	identity_off	40.759	90.537	0.4125	ImageMagick	93.0
people	ashford-marx-5nEMKAK1WQs-unsplash.jpg	turbo	420	93	model_policy	40.879	90.569	0.4045	ImageMagick	93.0
people	ashford-marx-5nEMKAK1WQs-unsplash.jpg	turbo	420	93	model_proj	40.902	90.599	0.4057	ImageMagick	93.0
people	ashford-marx-5nEMKAK1WQs-unsplash.jpg	turbo	420	96	identity_off	43.662	92.850	0.2728	ImageMagick	96.0
people	ashford-marx-5nEMKAK1WQs-unsplash.jpg	turbo	420	96	model_policy	43.725	92.853	0.2711	ImageMagick	96.0
people	ashford-marx-5nEMKAK1WQs-unsplash.jpg	turbo	420	96	model_proj	43.662	92.850	0.2728	ImageMagick	96.0
people	ashford-marx-5nEMKAK1WQs-unsplash.jpg	turbo	444	85	identity_off	37.000	86.728	0.7226	ImageMagick	85.0
people	ashford-marx-5nEMKAK1WQs-unsplash.jpg	turbo	444	85	model_policy	37.234	86.976	0.7034	ImageMagick	85.0
people	ashford-marx-5nEMKAK1WQs-unsplash.jpg	turbo	444	85	model_proj	37.236	86.990	0.7033	ImageMagick	85.0
people	ashford-marx-5nEMKAK1WQs-unsplash.jpg	turbo	444	90	identity_off	39.560	90.090	0.5380	ImageMagick	90.0
people	ashford-marx-5nEMKAK1WQs-unsplash.jpg	turbo	444	90	model_policy	39.719	90.213	0.5255	ImageMagick	90.0
people	ashford-marx-5nEMKAK1WQs-unsplash.jpg	turbo	444	90	model_proj	39.731	90.205	0.5256	ImageMagick	90.0
people	ashford-marx-5nEMKAK1WQs-unsplash.jpg	turbo	444	93	identity_off	41.843	92.121	0.4007	ImageMagick	93.0
people	ashford-marx-5nEMKAK1WQs-unsplash.jpg	turbo	444	93	model_policy	41.971	92.193	0.3932	ImageMagick	93.0
people	ashford-marx-5nEMKAK1WQs-unsplash.jpg	turbo	444	93	model_proj	41.984	92.089	0.3957	ImageMagick	93.0
people	ashford-marx-5nEMKAK1WQs-unsplash.jpg	turbo	444	96	identity_off	45.370	94.328	0.2577	ImageMagick	96.0
people	ashford-marx-5nEMKAK1WQs-unsplash.jpg	turbo	444	96	model_policy	45.410	94.186	0.2562	ImageMagick	96.0
people	ashford-marx-5nEMKAK1WQs-unsplash.jpg	turbo	444	96	model_proj	45.370	94.328	0.2577	ImageMagick	96.0
people	ashford-marx-5nEMKAK1WQs-unsplash.jpg	mozjpeg	420	85	identity_off	35.166	83.576	0.8627	Mozjpeg	85.0
people	ashford-marx-5nEMKAK1WQs-unsplash.jpg	mozjpeg	420	85	model_policy	35.421	83.822	0.8447	Mozjpeg	85.0
people	ashford-marx-5nEMKAK1WQs-unsplash.jpg	mozjpeg	420	85	model_proj	35.421	83.832	0.8446	Mozjpeg	85.0
people	ashford-marx-5nEMKAK1WQs-unsplash.jpg	mozjpeg	420	90	identity_off	37.207	87.021	0.6759	Mozjpeg	90.0
people	ashford-marx-5nEMKAK1WQs-unsplash.jpg	mozjpeg	420	90	model_policy	37.373	87.159	0.6660	Mozjpeg	90.0
people	ashford-marx-5nEMKAK1WQs-unsplash.jpg	mozjpeg	420	90	model_proj	37.376	87.150	0.6656	Mozjpeg	90.0
people	ashford-marx-5nEMKAK1WQs-unsplash.jpg	mozjpeg	420	93	identity_off	39.216	89.256	0.5370	Mozjpeg	93.0
people	ashford-marx-5nEMKAK1WQs-unsplash.jpg	mozjpeg	420	93	model_policy	39.319	89.325	0.5327	Mozjpeg	93.0
people	ashford-marx-5nEMKAK1WQs-unsplash.jpg	mozjpeg	420	93	model_proj	39.326	89.280	0.5336	Mozjpeg	93.0
people	ashford-marx-5nEMKAK1WQs-unsplash.jpg	mozjpeg	420	96	identity_off	42.401	92.034	0.3517	Mozjpeg	96.0
people	ashford-marx-5nEMKAK1WQs-unsplash.jpg	mozjpeg	420	96	model_policy	42.435	92.068	0.3519	Mozjpeg	96.0
people	ashford-marx-5nEMKAK1WQs-unsplash.jpg	mozjpeg	420	96	model_proj	42.401	92.034	0.3517	Mozjpeg	96.0
people	ashford-marx-5nEMKAK1WQs-unsplash.jpg	mozjpeg	444	85	identity_off	35.439	84.524	0.8569	Mozjpeg	85.0
people	ashford-marx-5nEMKAK1WQs-unsplash.jpg	mozjpeg	444	85	model_policy	35.688	84.730	0.8397	Mozjpeg	85.0
people	ashford-marx-5nEMKAK1WQs-unsplash.jpg	mozjpeg	444	85	model_proj	35.690	84.786	0.8396	Mozjpeg	85.0
people	ashford-marx-5nEMKAK1WQs-unsplash.jpg	mozjpeg	444	90	identity_off	37.563	88.049	0.6709	Mozjpeg	90.0
people	ashford-marx-5nEMKAK1WQs-unsplash.jpg	mozjpeg	444	90	model_policy	37.717	88.048	0.6617	Mozjpeg	90.0
people	ashford-marx-5nEMKAK1WQs-unsplash.jpg	mozjpeg	444	90	model_proj	37.721	88.112	0.6609	Mozjpeg	90.0
people	ashford-marx-5nEMKAK1WQs-unsplash.jpg	mozjpeg	444	93	identity_off	39.702	90.319	0.5317	Mozjpeg	93.0
people	ashford-marx-5nEMKAK1WQs-unsplash.jpg	mozjpeg	444	93	model_policy	39.792	90.290	0.5278	Mozjpeg	93.0
people	ashford-marx-5nEMKAK1WQs-unsplash.jpg	mozjpeg	444	93	model_proj	39.795	90.335	0.5287	Mozjpeg	93.0
people	ashford-marx-5nEMKAK1WQs-unsplash.jpg	mozjpeg	444	96	identity_off	43.285	93.017	0.3421	Mozjpeg	96.0
people	ashford-marx-5nEMKAK1WQs-unsplash.jpg	mozjpeg	444	96	model_policy	43.290	92.981	0.3430	Mozjpeg	96.0
people	ashford-marx-5nEMKAK1WQs-unsplash.jpg	mozjpeg	444	96	model_proj	43.285	93.017	0.3421	Mozjpeg	96.0
people	ashford-marx-5nEMKAK1WQs-unsplash.jpg	jpegli	420	85	identity_off	35.475	83.027	0.8187	CjpegliYcbcr	1.8
people	ashford-marx-5nEMKAK1WQs-unsplash.jpg	jpegli	420	85	model_policy	35.634	83.232	0.8052	CjpegliYcbcr	1.8
people	ashford-marx-5nEMKAK1WQs-unsplash.jpg	jpegli	420	85	model_proj	35.637	83.249	0.8046	CjpegliYcbcr	1.8
people	ashford-marx-5nEMKAK1WQs-unsplash.jpg	jpegli	420	90	identity_off	37.827	86.952	0.6011	CjpegliYcbcr	1.3
people	ashford-marx-5nEMKAK1WQs-unsplash.jpg	jpegli	420	90	model_policy	37.926	87.036	0.5937	CjpegliYcbcr	1.3
people	ashford-marx-5nEMKAK1WQs-unsplash.jpg	jpegli	420	90	model_proj	37.935	87.195	0.5940	CjpegliYcbcr	1.3
people	ashford-marx-5nEMKAK1WQs-unsplash.jpg	jpegli	420	93	identity_off	39.993	89.633	0.4540	CjpegliYcbcr	1.0
people	ashford-marx-5nEMKAK1WQs-unsplash.jpg	jpegli	420	93	model_policy	40.054	89.653	0.4502	CjpegliYcbcr	1.0
people	ashford-marx-5nEMKAK1WQs-unsplash.jpg	jpegli	420	93	model_proj	40.056	89.718	0.4548	CjpegliYcbcr	1.0
people	ashford-marx-5nEMKAK1WQs-unsplash.jpg	jpegli	420	96	identity_off	42.878	92.262	0.3142	CjpegliYcbcr	0.5
people	ashford-marx-5nEMKAK1WQs-unsplash.jpg	jpegli	420	96	model_policy	42.889	92.245	0.3171	CjpegliYcbcr	0.5
people	ashford-marx-5nEMKAK1WQs-unsplash.jpg	jpegli	420	96	model_proj	42.878	92.262	0.3142	CjpegliYcbcr	0.5
people	ashford-marx-5nEMKAK1WQs-unsplash.jpg	jpegli	444	85	identity_off	36.517	85.215	0.7010	CjpegliYcbcr	1.4
people	ashford-marx-5nEMKAK1WQs-unsplash.jpg	jpegli	444	85	model_policy	36.718	85.389	0.6905	CjpegliYcbcr	1.4
people	ashford-marx-5nEMKAK1WQs-unsplash.jpg	jpegli	444	85	model_proj	36.722	85.372	0.6899	CjpegliYcbcr	1.4
people	ashford-marx-5nEMKAK1WQs-unsplash.jpg	jpegli	444	90	identity_off	38.867	88.338	0.5169	CjpegliYcbcr	1.1
people	ashford-marx-5nEMKAK1WQs-unsplash.jpg	jpegli	444	90	model_policy	39.017	88.401	0.5104	CjpegliYcbcr	1.1
people	ashford-marx-5nEMKAK1WQs-unsplash.jpg	jpegli	444	90	model_proj	39.034	88.501	0.5090	CjpegliYcbcr	1.1
people	ashford-marx-5nEMKAK1WQs-unsplash.jpg	jpegli	444	93	identity_off	41.027	90.488	0.3962	CjpegliYcbcr	0.7
people	ashford-marx-5nEMKAK1WQs-unsplash.jpg	jpegli	444	93	model_policy	41.140	90.514	0.3939	CjpegliYcbcr	0.7
people	ashford-marx-5nEMKAK1WQs-unsplash.jpg	jpegli	444	93	model_proj	41.144	90.494	0.3937	CjpegliYcbcr	0.7
people	ashford-marx-5nEMKAK1WQs-unsplash.jpg	jpegli	444	96	identity_off	43.880	92.812	0.2732	CjpegliYcbcr	0.3
people	ashford-marx-5nEMKAK1WQs-unsplash.jpg	jpegli	444	96	model_policy	43.938	92.693	0.2745	CjpegliYcbcr	0.3
people	ashford-marx-5nEMKAK1WQs-unsplash.jpg	jpegli	444	96	model_proj	43.880	92.812	0.2732	CjpegliYcbcr	0.3
people	ashford-marx-5nEMKAK1WQs-unsplash.jpg	zenjpeg	420	85	identity_off	35.434	82.972	0.8201	CjpegliYcbcr	1.8
people	ashford-marx-5nEMKAK1WQs-unsplash.jpg	zenjpeg	420	85	model_policy	35.595	83.133	0.8068	CjpegliYcbcr	1.8
people	ashford-marx-5nEMKAK1WQs-unsplash.jpg	zenjpeg	420	85	model_proj	35.599	83.151	0.8057	CjpegliYcbcr	1.8
people	ashford-marx-5nEMKAK1WQs-unsplash.jpg	zenjpeg	420	90	identity_off	37.783	86.958	0.6036	CjpegliYcbcr	1.3
people	ashford-marx-5nEMKAK1WQs-unsplash.jpg	zenjpeg	420	90	model_policy	37.883	87.000	0.5964	CjpegliYcbcr	1.3
people	ashford-marx-5nEMKAK1WQs-unsplash.jpg	zenjpeg	420	90	model_proj	37.889	87.093	0.5959	CjpegliYcbcr	1.3
people	ashford-marx-5nEMKAK1WQs-unsplash.jpg	zenjpeg	420	93	identity_off	39.944	89.554	0.4565	CjpegliYcbcr	1.0
people	ashford-marx-5nEMKAK1WQs-unsplash.jpg	zenjpeg	420	93	model_policy	40.006	89.570	0.4532	CjpegliYcbcr	1.0
people	ashford-marx-5nEMKAK1WQs-unsplash.jpg	zenjpeg	420	93	model_proj	40.005	89.619	0.4564	CjpegliYcbcr	1.0
people	ashford-marx-5nEMKAK1WQs-unsplash.jpg	zenjpeg	420	96	identity_off	42.808	92.134	0.3152	CjpegliYcbcr	0.5
people	ashford-marx-5nEMKAK1WQs-unsplash.jpg	zenjpeg	420	96	model_policy	42.821	92.076	0.3178	CjpegliYcbcr	0.5
people	ashford-marx-5nEMKAK1WQs-unsplash.jpg	zenjpeg	420	96	model_proj	42.808	92.134	0.3152	CjpegliYcbcr	0.5
people	ashford-marx-5nEMKAK1WQs-unsplash.jpg	zenjpeg	444	85	identity_off	36.479	85.168	0.7020	CjpegliYcbcr	1.4
people	ashford-marx-5nEMKAK1WQs-unsplash.jpg	zenjpeg	444	85	model_policy	36.680	85.329	0.6916	CjpegliYcbcr	1.4
people	ashford-marx-5nEMKAK1WQs-unsplash.jpg	zenjpeg	444	85	model_proj	36.683	85.366	0.6913	CjpegliYcbcr	1.4
people	ashford-marx-5nEMKAK1WQs-unsplash.jpg	zenjpeg	444	90	identity_off	38.831	88.275	0.5190	CjpegliYcbcr	1.1
people	ashford-marx-5nEMKAK1WQs-unsplash.jpg	zenjpeg	444	90	model_policy	38.980	88.306	0.5134	CjpegliYcbcr	1.1
people	ashford-marx-5nEMKAK1WQs-unsplash.jpg	zenjpeg	444	90	model_proj	38.996	88.407	0.5131	CjpegliYcbcr	1.1
people	ashford-marx-5nEMKAK1WQs-unsplash.jpg	zenjpeg	444	93	identity_off	40.982	90.433	0.3988	CjpegliYcbcr	0.7
people	ashford-marx-5nEMKAK1WQs-unsplash.jpg	zenjpeg	444	93	model_policy	41.097	90.467	0.3972	CjpegliYcbcr	0.7
people	ashford-marx-5nEMKAK1WQs-unsplash.jpg	zenjpeg	444	93	model_proj	41.099	90.500	0.3971	CjpegliYcbcr	0.7
people	ashford-marx-5nEMKAK1WQs-unsplash.jpg	zenjpeg	444	96	identity_off	43.834	92.814	0.2662	CjpegliYcbcr	0.3
people	ashford-marx-5nEMKAK1WQs-unsplash.jpg	zenjpeg	444	96	model_policy	43.891	92.725	0.2712	CjpegliYcbcr	0.3
people	ashford-marx-5nEMKAK1WQs-unsplash.jpg	zenjpeg	444	96	model_proj	43.834	92.814	0.2662	CjpegliYcbcr	0.3
screen	archive__details-collection__1440x900__dpr1.png	turbo	420	85	identity_off	99.000	100.000	0.0000	ImageMagick	85.0
screen	archive__details-collection__1440x900__dpr1.png	turbo	420	85	model_policy	102.316	96.372	0.0161	ImageMagick	85.0
screen	archive__details-collection__1440x900__dpr1.png	turbo	420	85	model_proj	107.087	99.675	0.0238	ImageMagick	85.0
screen	archive__details-collection__1440x900__dpr1.png	turbo	420	90	identity_off	99.000	100.000	0.0000	ImageMagick	90.0
screen	archive__details-collection__1440x900__dpr1.png	turbo	420	90	model_policy	102.316	96.372	0.0161	ImageMagick	90.0
screen	archive__details-collection__1440x900__dpr1.png	turbo	420	90	model_proj	107.087	99.675	0.0238	ImageMagick	90.0
screen	archive__details-collection__1440x900__dpr1.png	turbo	420	93	identity_off	99.000	100.000	0.0000	ImageMagick	93.0
screen	archive__details-collection__1440x900__dpr1.png	turbo	420	93	model_policy	102.316	96.372	0.0161	ImageMagick	93.0
screen	archive__details-collection__1440x900__dpr1.png	turbo	420	93	model_proj	94.535	96.030	0.0354	ImageMagick	93.0
screen	archive__details-collection__1440x900__dpr1.png	turbo	420	96	identity_off	99.000	100.000	0.0000	ImageMagick	96.0
screen	archive__details-collection__1440x900__dpr1.png	turbo	420	96	model_policy	102.316	96.372	0.0161	ImageMagick	96.0
screen	archive__details-collection__1440x900__dpr1.png	turbo	420	96	model_proj	99.000	100.000	0.0000	ImageMagick	96.0
screen	archive__details-collection__1440x900__dpr1.png	turbo	444	85	identity_off	99.000	100.000	0.0000	ImageMagick	85.0
screen	archive__details-collection__1440x900__dpr1.png	turbo	444	85	model_policy	102.316	96.372	0.0161	ImageMagick	85.0
screen	archive__details-collection__1440x900__dpr1.png	turbo	444	85	model_proj	107.087	99.675	0.0238	ImageMagick	85.0
screen	archive__details-collection__1440x900__dpr1.png	turbo	444	90	identity_off	99.000	100.000	0.0000	ImageMagick	90.0
screen	archive__details-collection__1440x900__dpr1.png	turbo	444	90	model_policy	102.316	96.372	0.0161	ImageMagick	90.0
screen	archive__details-collection__1440x900__dpr1.png	turbo	444	90	model_proj	107.087	99.675	0.0238	ImageMagick	90.0
screen	archive__details-collection__1440x900__dpr1.png	turbo	444	93	identity_off	99.000	100.000	0.0000	ImageMagick	93.0
screen	archive__details-collection__1440x900__dpr1.png	turbo	444	93	model_policy	102.316	96.372	0.0161	ImageMagick	93.0
screen	archive__details-collection__1440x900__dpr1.png	turbo	444	93	model_proj	88.636	96.223	0.0587	ImageMagick	93.0
screen	archive__details-collection__1440x900__dpr1.png	turbo	444	96	identity_off	99.000	100.000	0.0000	ImageMagick	96.0
screen	archive__details-collection__1440x900__dpr1.png	turbo	444	96	model_policy	102.316	96.372	0.0161	ImageMagick	96.0
screen	archive__details-collection__1440x900__dpr1.png	turbo	444	96	model_proj	99.000	100.000	0.0000	ImageMagick	96.0
screen	archive__details-collection__1440x900__dpr1.png	mozjpeg	420	85	identity_off	99.000	100.000	0.0000	Mozjpeg	85.0
screen	archive__details-collection__1440x900__dpr1.png	mozjpeg	420	85	model_policy	102.316	96.372	0.0161	Mozjpeg	85.0
screen	archive__details-collection__1440x900__dpr1.png	mozjpeg	420	85	model_proj	102.316	96.372	0.0161	Mozjpeg	85.0
screen	archive__details-collection__1440x900__dpr1.png	mozjpeg	420	90	identity_off	99.000	100.000	0.0000	Mozjpeg	90.0
screen	archive__details-collection__1440x900__dpr1.png	mozjpeg	420	90	model_policy	102.316	96.372	0.0161	Mozjpeg	90.0
screen	archive__details-collection__1440x900__dpr1.png	mozjpeg	420	90	model_proj	107.087	99.675	0.0238	Mozjpeg	90.0
screen	archive__details-collection__1440x900__dpr1.png	mozjpeg	420	93	identity_off	99.000	100.000	0.0000	Mozjpeg	93.0
screen	archive__details-collection__1440x900__dpr1.png	mozjpeg	420	93	model_policy	102.316	96.372	0.0161	Mozjpeg	93.0
screen	archive__details-collection__1440x900__dpr1.png	mozjpeg	420	93	model_proj	107.087	99.675	0.0238	Mozjpeg	93.0
screen	archive__details-collection__1440x900__dpr1.png	mozjpeg	420	96	identity_off	99.000	100.000	0.0000	Mozjpeg	96.0
screen	archive__details-collection__1440x900__dpr1.png	mozjpeg	420	96	model_policy	102.316	96.372	0.0161	Mozjpeg	96.0
screen	archive__details-collection__1440x900__dpr1.png	mozjpeg	420	96	model_proj	99.000	100.000	0.0000	Mozjpeg	96.0
screen	archive__details-collection__1440x900__dpr1.png	mozjpeg	444	85	identity_off	99.000	100.000	0.0000	Mozjpeg	85.0
screen	archive__details-collection__1440x900__dpr1.png	mozjpeg	444	85	model_policy	102.316	96.372	0.0161	Mozjpeg	85.0
screen	archive__details-collection__1440x900__dpr1.png	mozjpeg	444	85	model_proj	102.316	96.372	0.0161	Mozjpeg	85.0
screen	archive__details-collection__1440x900__dpr1.png	mozjpeg	444	90	identity_off	99.000	100.000	0.0000	Mozjpeg	90.0
screen	archive__details-collection__1440x900__dpr1.png	mozjpeg	444	90	model_policy	102.316	96.372	0.0161	Mozjpeg	90.0
screen	archive__details-collection__1440x900__dpr1.png	mozjpeg	444	90	model_proj	107.087	99.675	0.0238	Mozjpeg	90.0
screen	archive__details-collection__1440x900__dpr1.png	mozjpeg	444	93	identity_off	99.000	100.000	0.0000	Mozjpeg	93.0
screen	archive__details-collection__1440x900__dpr1.png	mozjpeg	444	93	model_policy	102.316	96.372	0.0161	Mozjpeg	93.0
screen	archive__details-collection__1440x900__dpr1.png	mozjpeg	444	93	model_proj	104.077	97.570	0.0238	Mozjpeg	93.0
screen	archive__details-collection__1440x900__dpr1.png	mozjpeg	444	96	identity_off	99.000	100.000	0.0000	Mozjpeg	96.0
screen	archive__details-collection__1440x900__dpr1.png	mozjpeg	444	96	model_policy	102.316	96.372	0.0161	Mozjpeg	96.0
screen	archive__details-collection__1440x900__dpr1.png	mozjpeg	444	96	model_proj	99.000	100.000	0.0000	Mozjpeg	96.0
screen	archive__details-collection__1440x900__dpr1.png	jpegli	420	85	identity_off	99.000	100.000	0.0000	CjpegliYcbcr	1.8
screen	archive__details-collection__1440x900__dpr1.png	jpegli	420	85	model_policy	102.316	96.372	0.0161	CjpegliYcbcr	1.8
screen	archive__details-collection__1440x900__dpr1.png	jpegli	420	85	model_proj	104.077	96.354	0.0238	CjpegliYcbcr	1.8
screen	archive__details-collection__1440x900__dpr1.png	jpegli	420	90	identity_off	99.000	100.000	0.0000	CjpegliYcbcr	1.3
screen	archive__details-collection__1440x900__dpr1.png	jpegli	420	90	model_policy	102.316	96.372	0.0161	CjpegliYcbcr	1.3
screen	archive__details-collection__1440x900__dpr1.png	jpegli	420	90	model_proj	107.087	99.675	0.0238	CjpegliYcbcr	1.3
screen	archive__details-collection__1440x900__dpr1.png	jpegli	420	93	identity_off	99.000	100.000	0.0000	CjpegliYcbcr	1.0
screen	archive__details-collection__1440x900__dpr1.png	jpegli	420	93	model_policy	102.316	96.372	0.0161	CjpegliYcbcr	1.0
screen	archive__details-collection__1440x900__dpr1.png	jpegli	420	93	model_proj	107.087	99.675	0.0238	CjpegliYcbcr	1.0
screen	archive__details-collection__1440x900__dpr1.png	jpegli	420	96	identity_off	99.000	100.000	0.0000	CjpegliYcbcr	0.5
screen	archive__details-collection__1440x900__dpr1.png	jpegli	420	96	model_policy	102.316	96.372	0.0161	CjpegliYcbcr	0.5
screen	archive__details-collection__1440x900__dpr1.png	jpegli	420	96	model_proj	99.000	100.000	0.0000	CjpegliYcbcr	0.5
screen	archive__details-collection__1440x900__dpr1.png	jpegli	444	85	identity_off	99.000	100.000	0.0000	CjpegliYcbcr	1.4
screen	archive__details-collection__1440x900__dpr1.png	jpegli	444	85	model_policy	102.316	96.372	0.0161	CjpegliYcbcr	1.4
screen	archive__details-collection__1440x900__dpr1.png	jpegli	444	85	model_proj	102.316	96.372	0.0161	CjpegliYcbcr	1.4
screen	archive__details-collection__1440x900__dpr1.png	jpegli	444	90	identity_off	99.000	100.000	0.0000	CjpegliYcbcr	1.1
screen	archive__details-collection__1440x900__dpr1.png	jpegli	444	90	model_policy	102.316	96.372	0.0161	CjpegliYcbcr	1.1
screen	archive__details-collection__1440x900__dpr1.png	jpegli	444	90	model_proj	107.087	99.675	0.0238	CjpegliYcbcr	1.1
screen	archive__details-collection__1440x900__dpr1.png	jpegli	444	93	identity_off	99.000	100.000	0.0000	CjpegliYcbcr	0.7
screen	archive__details-collection__1440x900__dpr1.png	jpegli	444	93	model_policy	102.316	96.372	0.0161	CjpegliYcbcr	0.7
screen	archive__details-collection__1440x900__dpr1.png	jpegli	444	93	model_proj	104.077	96.354	0.0238	CjpegliYcbcr	0.7
screen	archive__details-collection__1440x900__dpr1.png	jpegli	444	96	identity_off	99.000	100.000	0.0000	CjpegliYcbcr	0.3
screen	archive__details-collection__1440x900__dpr1.png	jpegli	444	96	model_policy	102.316	96.372	0.0161	CjpegliYcbcr	0.3
screen	archive__details-collection__1440x900__dpr1.png	jpegli	444	96	model_proj	99.000	100.000	0.0000	CjpegliYcbcr	0.3
screen	archive__details-collection__1440x900__dpr1.png	zenjpeg	420	85	identity_off	99.000	100.000	0.0000	CjpegliYcbcr	1.8
screen	archive__details-collection__1440x900__dpr1.png	zenjpeg	420	85	model_policy	102.316	96.372	0.0161	CjpegliYcbcr	1.8
screen	archive__details-collection__1440x900__dpr1.png	zenjpeg	420	85	model_proj	104.077	96.354	0.0238	CjpegliYcbcr	1.8
screen	archive__details-collection__1440x900__dpr1.png	zenjpeg	420	90	identity_off	99.000	100.000	0.0000	CjpegliYcbcr	1.3
screen	archive__details-collection__1440x900__dpr1.png	zenjpeg	420	90	model_policy	102.316	96.372	0.0161	CjpegliYcbcr	1.3
screen	archive__details-collection__1440x900__dpr1.png	zenjpeg	420	90	model_proj	107.087	99.675	0.0238	CjpegliYcbcr	1.3
screen	archive__details-collection__1440x900__dpr1.png	zenjpeg	420	93	identity_off	99.000	100.000	0.0000	CjpegliYcbcr	1.0
screen	archive__details-collection__1440x900__dpr1.png	zenjpeg	420	93	model_policy	102.316	96.372	0.0161	CjpegliYcbcr	1.0
screen	archive__details-collection__1440x900__dpr1.png	zenjpeg	420	93	model_proj	52.978	89.745	0.8552	CjpegliYcbcr	1.0
screen	archive__details-collection__1440x900__dpr1.png	zenjpeg	420	96	identity_off	99.000	100.000	0.0000	CjpegliYcbcr	0.5
screen	archive__details-collection__1440x900__dpr1.png	zenjpeg	420	96	model_policy	102.316	96.372	0.0161	CjpegliYcbcr	0.5
screen	archive__details-collection__1440x900__dpr1.png	zenjpeg	420	96	model_proj	99.000	100.000	0.0000	CjpegliYcbcr	0.5
screen	archive__details-collection__1440x900__dpr1.png	zenjpeg	444	85	identity_off	99.000	100.000	0.0000	CjpegliYcbcr	1.4
screen	archive__details-collection__1440x900__dpr1.png	zenjpeg	444	85	model_policy	102.316	96.372	0.0161	CjpegliYcbcr	1.4
screen	archive__details-collection__1440x900__dpr1.png	zenjpeg	444	85	model_proj	102.316	96.372	0.0161	CjpegliYcbcr	1.4
screen	archive__details-collection__1440x900__dpr1.png	zenjpeg	444	90	identity_off	99.000	100.000	0.0000	CjpegliYcbcr	1.1
screen	archive__details-collection__1440x900__dpr1.png	zenjpeg	444	90	model_policy	102.316	96.372	0.0161	CjpegliYcbcr	1.1
screen	archive__details-collection__1440x900__dpr1.png	zenjpeg	444	90	model_proj	107.087	99.675	0.0238	CjpegliYcbcr	1.1
screen	archive__details-collection__1440x900__dpr1.png	zenjpeg	444	93	identity_off	99.000	100.000	0.0000	CjpegliYcbcr	0.7
screen	archive__details-collection__1440x900__dpr1.png	zenjpeg	444	93	model_policy	102.316	96.372	0.0161	CjpegliYcbcr	0.7
screen	archive__details-collection__1440x900__dpr1.png	zenjpeg	444	93	model_proj	104.077	96.354	0.0238	CjpegliYcbcr	0.7
screen	archive__details-collection__1440x900__dpr1.png	zenjpeg	444	96	identity_off	99.000	100.000	0.0000	CjpegliYcbcr	0.3
screen	archive__details-collection__1440x900__dpr1.png	zenjpeg	444	96	model_policy	102.316	96.372	0.0161	CjpegliYcbcr	0.3
screen	archive__details-collection__1440x900__dpr1.png	zenjpeg	444	96	model_proj	99.000	100.000	0.0000	CjpegliYcbcr	0.3
screen	archive__wayback-search__1440x900__dpr1.png	turbo	420	85	identity_off	35.638	80.080	1.0986	ImageMagick	85.0
screen	archive__wayback-search__1440x900__dpr1.png	turbo	420	85	model_policy	39.313	85.041	0.7486	ImageMagick	85.0
screen	archive__wayback-search__1440x900__dpr1.png	turbo	420	85	model_proj	39.376	85.129	0.7414	ImageMagick	85.0
screen	archive__wayback-search__1440x900__dpr1.png	turbo	420	90	identity_off	36.843	83.513	0.9108	ImageMagick	90.0
screen	archive__wayback-search__1440x900__dpr1.png	turbo	420	90	model_policy	40.635	87.463	0.6173	ImageMagick	90.0
screen	archive__wayback-search__1440x900__dpr1.png	turbo	420	90	model_proj	40.726	87.753	0.6035	ImageMagick	90.0
screen	archive__wayback-search__1440x900__dpr1.png	turbo	420	93	identity_off	37.848	85.913	0.7702	ImageMagick	93.0
screen	archive__wayback-search__1440x900__dpr1.png	turbo	420	93	model_policy	41.599	88.942	0.5267	ImageMagick	93.0
screen	archive__wayback-search__1440x900__dpr1.png	turbo	420	93	model_proj	41.710	89.109	0.5085	ImageMagick	93.0
screen	archive__wayback-search__1440x900__dpr1.png	turbo	420	96	identity_off	39.239	88.250	0.6097	ImageMagick	96.0
screen	archive__wayback-search__1440x900__dpr1.png	turbo	420	96	model_policy	42.648	90.330	0.4458	ImageMagick	96.0
screen	archive__wayback-search__1440x900__dpr1.png	turbo	420	96	model_proj	39.239	88.250	0.6097	ImageMagick	96.0
screen	archive__wayback-search__1440x900__dpr1.png	turbo	444	85	identity_off	37.532	82.220	1.0057	ImageMagick	85.0
screen	archive__wayback-search__1440x900__dpr1.png	turbo	444	85	model_policy	40.885	86.780	0.6901	ImageMagick	85.0
screen	archive__wayback-search__1440x900__dpr1.png	turbo	444	85	model_proj	40.914	87.068	0.6827	ImageMagick	85.0
screen	archive__wayback-search__1440x900__dpr1.png	turbo	444	90	identity_off	39.333	86.223	0.7931	ImageMagick	90.0
screen	archive__wayback-search__1440x900__dpr1.png	turbo	444	90	model_policy	42.641	89.406	0.5407	ImageMagick	90.0
screen	archive__wayback-search__1440x900__dpr1.png	turbo	444	90	model_proj	42.676	89.879	0.5343	ImageMagick	90.0
screen	archive__wayback-search__1440x900__dpr1.png	turbo	444	93	identity_off	41.004	88.729	0.6354	ImageMagick	93.0
screen	archive__wayback-search__1440x900__dpr1.png	turbo	444	93	model_policy	44.160	91.082	0.4307	ImageMagick	93.0
screen	archive__wayback-search__1440x900__dpr1.png	turbo	444	93	model_proj	44.189	91.336	0.4250	ImageMagick	93.0
screen	archive__wayback-search__1440x900__dpr1.png	turbo	444	96	identity_off	44.024	91.518	0.4402	ImageMagick	96.0
screen	archive__wayback-search__1440x900__dpr1.png	turbo	444	96	model_policy	46.578	92.724	0.3172	ImageMagick	96.0
screen	archive__wayback-search__1440x900__dpr1.png	turbo	444	96	model_proj	44.024	91.518	0.4402	ImageMagick	96.0
screen	archive__wayback-search__1440x900__dpr1.png	mozjpeg	420	85	identity_off	34.427	79.007	1.2676	Mozjpeg	85.0
screen	archive__wayback-search__1440x900__dpr1.png	mozjpeg	420	85	model_policy	37.591	83.469	0.9288	Mozjpeg	85.0
screen	archive__wayback-search__1440x900__dpr1.png	mozjpeg	420	85	model_proj	37.557	83.292	0.9430	Mozjpeg	85.0
screen	archive__wayback-search__1440x900__dpr1.png	mozjpeg	420	90	identity_off	35.891	82.279	1.0264	Mozjpeg	90.0
screen	archive__wayback-search__1440x900__dpr1.png	mozjpeg	420	90	model_policy	39.224	86.068	0.7240	Mozjpeg	90.0
screen	archive__wayback-search__1440x900__dpr1.png	mozjpeg	420	90	model_proj	39.239	85.999	0.7311	Mozjpeg	90.0
screen	archive__wayback-search__1440x900__dpr1.png	mozjpeg	420	93	identity_off	37.004	84.585	0.8527	Mozjpeg	93.0
screen	archive__wayback-search__1440x900__dpr1.png	mozjpeg	420	93	model_policy	40.423	87.646	0.5982	Mozjpeg	93.0
screen	archive__wayback-search__1440x900__dpr1.png	mozjpeg	420	93	model_proj	40.477	87.799	0.5962	Mozjpeg	93.0
screen	archive__wayback-search__1440x900__dpr1.png	mozjpeg	420	96	identity_off	38.537	86.987	0.6880	Mozjpeg	96.0
screen	archive__wayback-search__1440x900__dpr1.png	mozjpeg	420	96	model_policy	41.931	89.339	0.4971	Mozjpeg	96.0
screen	archive__wayback-search__1440x900__dpr1.png	mozjpeg	420	96	model_proj	38.537	86.987	0.6880	Mozjpeg	96.0
screen	archive__wayback-search__1440x900__dpr1.png	mozjpeg	444	85	identity_off	35.916	80.680	1.1902	Mozjpeg	85.0
screen	archive__wayback-search__1440x900__dpr1.png	mozjpeg	444	85	model_policy	38.726	84.987	0.8897	Mozjpeg	85.0
screen	archive__wayback-search__1440x900__dpr1.png	mozjpeg	444	85	model_proj	38.662	84.947	0.9031	Mozjpeg	85.0
screen	archive__wayback-search__1440x900__dpr1.png	mozjpeg	444	90	identity_off	38.036	84.308	0.9252	Mozjpeg	90.0
screen	archive__wayback-search__1440x900__dpr1.png	mozjpeg	444	90	model_policy	40.786	87.526	0.6630	Mozjpeg	90.0
screen	archive__wayback-search__1440x900__dpr1.png	mozjpeg	444	90	model_proj	40.756	87.826	0.6686	Mozjpeg	90.0
screen	archive__wayback-search__1440x900__dpr1.png	mozjpeg	444	93	identity_off	39.887	87.012	0.7322	Mozjpeg	93.0
screen	archive__wayback-search__1440x900__dpr1.png	mozjpeg	444	93	model_policy	42.471	89.473	0.5258	Mozjpeg	93.0
screen	archive__wayback-search__1440x900__dpr1.png	mozjpeg	444	93	model_proj	42.456	89.764	0.5264	Mozjpeg	93.0
screen	archive__wayback-search__1440x900__dpr1.png	mozjpeg	444	96	identity_off	43.077	89.922	0.5303	Mozjpeg	96.0
screen	archive__wayback-search__1440x900__dpr1.png	mozjpeg	444	96	model_policy	45.175	91.211	0.3885	Mozjpeg	96.0
screen	archive__wayback-search__1440x900__dpr1.png	mozjpeg	444	96	model_proj	43.077	89.922	0.5303	Mozjpeg	96.0
screen	archive__wayback-search__1440x900__dpr1.png	jpegli	420	85	identity_off	36.499	82.421	0.9108	CjpegliYcbcr	1.8
screen	archive__wayback-search__1440x900__dpr1.png	jpegli	420	85	model_policy	39.877	86.397	0.6195	CjpegliYcbcr	1.8
screen	archive__wayback-search__1440x900__dpr1.png	jpegli	420	85	model_proj	39.908	86.331	0.6139	CjpegliYcbcr	1.8
screen	archive__wayback-search__1440x900__dpr1.png	jpegli	420	90	identity_off	37.783	85.447	0.7194	CjpegliYcbcr	1.3
screen	archive__wayback-search__1440x900__dpr1.png	jpegli	420	90	model_policy	41.316	88.511	0.4831	CjpegliYcbcr	1.3
screen	archive__wayback-search__1440x900__dpr1.png	jpegli	420	90	model_proj	41.347	88.129	0.4773	CjpegliYcbcr	1.3
screen	archive__wayback-search__1440x900__dpr1.png	jpegli	420	93	identity_off	38.653	87.113	0.5990	CjpegliYcbcr	1.0
screen	archive__wayback-search__1440x900__dpr1.png	jpegli	420	93	model_policy	42.108	89.387	0.4039	CjpegliYcbcr	1.0
screen	archive__wayback-search__1440x900__dpr1.png	jpegli	420	93	model_proj	42.154	89.056	0.4056	CjpegliYcbcr	1.0
screen	archive__wayback-search__1440x900__dpr1.png	jpegli	420	96	identity_off	39.482	88.527	0.4934	CjpegliYcbcr	0.5
screen	archive__wayback-search__1440x900__dpr1.png	jpegli	420	96	model_policy	42.631	90.182	0.3488	CjpegliYcbcr	0.5
screen	archive__wayback-search__1440x900__dpr1.png	jpegli	420	96	model_proj	39.482	88.527	0.4934	CjpegliYcbcr	0.5
screen	archive__wayback-search__1440x900__dpr1.png	jpegli	444	85	identity_off	37.208	82.221	0.7876	CjpegliYcbcr	1.4
screen	archive__wayback-search__1440x900__dpr1.png	jpegli	444	85	model_policy	40.530	86.138	0.5294	CjpegliYcbcr	1.4
screen	archive__wayback-search__1440x900__dpr1.png	jpegli	444	85	model_proj	40.551	86.193	0.5292	CjpegliYcbcr	1.4
screen	archive__wayback-search__1440x900__dpr1.png	jpegli	444	90	identity_off	38.771	85.100	0.6219	CjpegliYcbcr	1.1
screen	archive__wayback-search__1440x900__dpr1.png	jpegli	444	90	model_policy	42.131	87.992	0.4200	CjpegliYcbcr	1.1
screen	archive__wayback-search__1440x900__dpr1.png	jpegli	444	90	model_proj	42.185	88.189	0.4140	CjpegliYcbcr	1.1
screen	archive__wayback-search__1440x900__dpr1.png	jpegli	444	93	identity_off	40.202	87.150	0.4818	CjpegliYcbcr	0.7
screen	archive__wayback-search__1440x900__dpr1.png	jpegli	444	93	model_policy	43.420	89.320	0.3251	CjpegliYcbcr	0.7
screen	archive__wayback-search__1440x900__dpr1.png	jpegli	444	93	model_proj	43.455	89.349	0.3203	CjpegliYcbcr	0.7
screen	archive__wayback-search__1440x900__dpr1.png	jpegli	444	96	identity_off	42.266	89.486	0.3423	CjpegliYcbcr	0.3
screen	archive__wayback-search__1440x900__dpr1.png	jpegli	444	96	model_policy	44.798	90.521	0.2475	CjpegliYcbcr	0.3
screen	archive__wayback-search__1440x900__dpr1.png	jpegli	444	96	model_proj	42.266	89.486	0.3423	CjpegliYcbcr	0.3
screen	archive__wayback-search__1440x900__dpr1.png	zenjpeg	420	85	identity_off	36.496	82.748	0.9504	CjpegliYcbcr	1.8
screen	archive__wayback-search__1440x900__dpr1.png	zenjpeg	420	85	model_policy	39.768	86.296	0.6694	CjpegliYcbcr	1.8
screen	archive__wayback-search__1440x900__dpr1.png	zenjpeg	420	85	model_proj	39.749	85.893	0.6851	CjpegliYcbcr	1.8
screen	archive__wayback-search__1440x900__dpr1.png	zenjpeg	420	90	identity_off	37.758	85.613	0.7732	CjpegliYcbcr	1.3
screen	archive__wayback-search__1440x900__dpr1.png	zenjpeg	420	90	model_policy	41.185	88.451	0.5437	CjpegliYcbcr	1.3
screen	archive__wayback-search__1440x900__dpr1.png	zenjpeg	420	90	model_proj	41.222	88.000	0.5290	CjpegliYcbcr	1.3
screen	archive__wayback-search__1440x900__dpr1.png	zenjpeg	420	93	identity_off	38.611	87.183	0.6643	CjpegliYcbcr	1.0
screen	archive__wayback-search__1440x900__dpr1.png	zenjpeg	420	93	model_policy	41.960	89.415	0.4783	CjpegliYcbcr	1.0
screen	archive__wayback-search__1440x900__dpr1.png	zenjpeg	420	93	model_proj	42.045	89.092	0.4577	CjpegliYcbcr	1.0
screen	archive__wayback-search__1440x900__dpr1.png	zenjpeg	420	96	identity_off	39.432	88.589	0.5707	CjpegliYcbcr	0.5
screen	archive__wayback-search__1440x900__dpr1.png	zenjpeg	420	96	model_policy	42.488	89.981	0.4369	CjpegliYcbcr	0.5
screen	archive__wayback-search__1440x900__dpr1.png	zenjpeg	420	96	model_proj	39.432	88.589	0.5707	CjpegliYcbcr	0.5
screen	archive__wayback-search__1440x900__dpr1.png	zenjpeg	444	85	identity_off	37.174	82.656	0.8510	CjpegliYcbcr	1.4
screen	archive__wayback-search__1440x900__dpr1.png	zenjpeg	444	85	model_policy	40.378	86.324	0.6008	CjpegliYcbcr	1.4
screen	archive__wayback-search__1440x900__dpr1.png	zenjpeg	444	85	model_proj	40.364	86.097	0.6203	CjpegliYcbcr	1.4
screen	archive__wayback-search__1440x900__dpr1.png	zenjpeg	444	90	identity_off	38.707	85.231	0.6818	CjpegliYcbcr	1.1
screen	archive__wayback-search__1440x900__dpr1.png	zenjpeg	444	90	model_policy	41.964	88.048	0.4880	CjpegliYcbcr	1.1
screen	archive__wayback-search__1440x900__dpr1.png	zenjpeg	444	90	model_proj	41.991	88.042	0.4886	CjpegliYcbcr	1.1
screen	archive__wayback-search__1440x900__dpr1.png	zenjpeg	444	93	identity_off	40.093	87.292	0.5601	CjpegliYcbcr	0.7
screen	archive__wayback-search__1440x900__dpr1.png	zenjpeg	444	93	model_policy	43.210	89.318	0.4112	CjpegliYcbcr	0.7
screen	archive__wayback-search__1440x900__dpr1.png	zenjpeg	444	93	model_proj	43.235	89.240	0.4131	CjpegliYcbcr	0.7
screen	archive__wayback-search__1440x900__dpr1.png	zenjpeg	444	96	identity_off	42.108	89.399	0.4349	CjpegliYcbcr	0.3
screen	archive__wayback-search__1440x900__dpr1.png	zenjpeg	444	96	model_policy	44.533	90.459	0.3527	CjpegliYcbcr	0.3
screen	archive__wayback-search__1440x900__dpr1.png	zenjpeg	444	96	model_proj	42.108	89.399	0.4349	CjpegliYcbcr	0.3
screen	archives__exhibits__1440x900__dpr1.png	turbo	420	85	identity_off	35.282	78.332	1.1796	ImageMagick	85.0
screen	archives__exhibits__1440x900__dpr1.png	turbo	420	85	model_policy	38.554	84.605	0.8095	ImageMagick	85.0
screen	archives__exhibits__1440x900__dpr1.png	turbo	420	85	model_proj	39.295	86.973	0.6583	ImageMagick	85.0
screen	archives__exhibits__1440x900__dpr1.png	turbo	420	90	identity_off	36.347	81.985	1.0201	ImageMagick	90.0
screen	archives__exhibits__1440x900__dpr1.png	turbo	420	90	model_policy	39.648	86.664	0.6998	ImageMagick	90.0
screen	archives__exhibits__1440x900__dpr1.png	turbo	420	90	model_proj	40.530	88.754	0.5622	ImageMagick	90.0
screen	archives__exhibits__1440x900__dpr1.png	turbo	420	93	identity_off	36.903	83.735	0.9538	ImageMagick	93.0
screen	archives__exhibits__1440x900__dpr1.png	turbo	420	93	model_policy	40.242	87.777	0.6564	ImageMagick	93.0
screen	archives__exhibits__1440x900__dpr1.png	turbo	420	93	model_proj	41.257	89.653	0.5295	ImageMagick	93.0
screen	archives__exhibits__1440x900__dpr1.png	turbo	420	96	identity_off	37.339	85.165	0.9107	ImageMagick	96.0
screen	archives__exhibits__1440x900__dpr1.png	turbo	420	96	model_policy	40.707	88.576	0.6316	ImageMagick	96.0
screen	archives__exhibits__1440x900__dpr1.png	turbo	420	96	model_proj	37.339	85.165	0.9107	ImageMagick	96.0
screen	archives__exhibits__1440x900__dpr1.png	turbo	444	85	identity_off	38.851	82.806	0.9322	ImageMagick	85.0
screen	archives__exhibits__1440x900__dpr1.png	turbo	444	85	model_policy	41.756	87.635	0.6303	ImageMagick	85.0
screen	archives__exhibits__1440x900__dpr1.png	turbo	444	85	model_proj	42.253	89.029	0.5219	ImageMagick	85.0
screen	archives__exhibits__1440x900__dpr1.png	turbo	444	90	identity_off	41.764	87.192	0.6656	ImageMagick	90.0
screen	archives__exhibits__1440x900__dpr1.png	turbo	444	90	model_policy	44.410	90.055	0.4517	ImageMagick	90.0
screen	archives__exhibits__1440x900__dpr1.png	turbo	444	90	model_proj	44.935	90.920	0.3753	ImageMagick	90.0
screen	archives__exhibits__1440x900__dpr1.png	turbo	444	93	identity_off	44.418	89.652	0.4940	ImageMagick	93.0
screen	archives__exhibits__1440x900__dpr1.png	turbo	444	93	model_policy	46.688	91.416	0.3369	ImageMagick	93.0
screen	archives__exhibits__1440x900__dpr1.png	turbo	444	93	model_proj	47.227	92.157	0.2874	ImageMagick	93.0
screen	archives__exhibits__1440x900__dpr1.png	turbo	444	96	identity_off	48.958	92.230	0.3026	ImageMagick	96.0
screen	archives__exhibits__1440x900__dpr1.png	turbo	444	96	model_policy	50.394	92.668	0.2112	ImageMagick	96.0
screen	archives__exhibits__1440x900__dpr1.png	turbo	444	96	model_proj	48.958	92.230	0.3026	ImageMagick	96.0
screen	archives__exhibits__1440x900__dpr1.png	mozjpeg	420	85	identity_off	32.560	76.717	1.5603	Mozjpeg	85.0
screen	archives__exhibits__1440x900__dpr1.png	mozjpeg	420	85	model_policy	35.638	82.347	1.1563	Mozjpeg	85.0
screen	archives__exhibits__1440x900__dpr1.png	mozjpeg	420	85	model_proj	36.053	85.376	0.8513	Mozjpeg	85.0
screen	archives__exhibits__1440x900__dpr1.png	mozjpeg	420	90	identity_off	34.089	79.516	1.2301	Mozjpeg	90.0
screen	archives__exhibits__1440x900__dpr1.png	mozjpeg	420	90	model_policy	37.187	84.419	0.9201	Mozjpeg	90.0
screen	archives__exhibits__1440x900__dpr1.png	mozjpeg	420	90	model_proj	37.834	86.919	0.7114	Mozjpeg	90.0
screen	archives__exhibits__1440x900__dpr1.png	mozjpeg	420	93	identity_off	35.347	81.620	1.0510	Mozjpeg	93.0
screen	archives__exhibits__1440x900__dpr1.png	mozjpeg	420	93	model_policy	38.487	85.914	0.7562	Mozjpeg	93.0
screen	archives__exhibits__1440x900__dpr1.png	mozjpeg	420	93	model_proj	39.376	88.291	0.5664	Mozjpeg	93.0
screen	archives__exhibits__1440x900__dpr1.png	mozjpeg	420	96	identity_off	36.728	84.144	0.9458	Mozjpeg	96.0
screen	archives__exhibits__1440x900__dpr1.png	mozjpeg	420	96	model_policy	39.945	87.522	0.6594	Mozjpeg	96.0
screen	archives__exhibits__1440x900__dpr1.png	mozjpeg	420	96	model_proj	36.728	84.144	0.9458	Mozjpeg	96.0
screen	archives__exhibits__1440x900__dpr1.png	mozjpeg	444	85	identity_off	34.331	80.688	1.4998	Mozjpeg	85.0
screen	archives__exhibits__1440x900__dpr1.png	mozjpeg	444	85	model_policy	37.175	84.888	1.1155	Mozjpeg	85.0
screen	archives__exhibits__1440x900__dpr1.png	mozjpeg	444	85	model_proj	37.304	86.780	0.8357	Mozjpeg	85.0
screen	archives__exhibits__1440x900__dpr1.png	mozjpeg	444	90	identity_off	36.780	84.245	1.1244	Mozjpeg	90.0
screen	archives__exhibits__1440x900__dpr1.png	mozjpeg	444	90	model_policy	39.513	87.207	0.8545	Mozjpeg	90.0
screen	archives__exhibits__1440x900__dpr1.png	mozjpeg	444	90	model_proj	39.714	88.565	0.6881	Mozjpeg	90.0
screen	archives__exhibits__1440x900__dpr1.png	mozjpeg	444	93	identity_off	39.463	87.000	0.8394	Mozjpeg	93.0
screen	archives__exhibits__1440x900__dpr1.png	mozjpeg	444	93	model_policy	42.019	89.085	0.6277	Mozjpeg	93.0
screen	archives__exhibits__1440x900__dpr1.png	mozjpeg	444	93	model_proj	42.266	89.995	0.5167	Mozjpeg	93.0
screen	archives__exhibits__1440x900__dpr1.png	mozjpeg	444	96	identity_off	44.341	90.401	0.4275	Mozjpeg	96.0
screen	archives__exhibits__1440x900__dpr1.png	mozjpeg	444	96	model_policy	46.223	91.465	0.3196	Mozjpeg	96.0
screen	archives__exhibits__1440x900__dpr1.png	mozjpeg	444	96	model_proj	44.341	90.401	0.4275	Mozjpeg	96.0
screen	archives__exhibits__1440x900__dpr1.png	jpegli	420	85	identity_off	35.165	79.469	1.1354	CjpegliYcbcr	1.8
screen	archives__exhibits__1440x900__dpr1.png	jpegli	420	85	model_policy	38.274	84.700	0.7898	CjpegliYcbcr	1.8
screen	archives__exhibits__1440x900__dpr1.png	jpegli	420	85	model_proj	39.179	87.327	0.6291	CjpegliYcbcr	1.8
screen	archives__exhibits__1440x900__dpr1.png	jpegli	420	90	identity_off	36.150	82.274	1.0179	CjpegliYcbcr	1.3
screen	archives__exhibits__1440x900__dpr1.png	jpegli	420	90	model_policy	39.339	86.458	0.7069	CjpegliYcbcr	1.3
screen	archives__exhibits__1440x900__dpr1.png	jpegli	420	90	model_proj	40.478	88.810	0.5507	CjpegliYcbcr	1.3
screen	archives__exhibits__1440x900__dpr1.png	jpegli	420	93	identity_off	36.727	83.850	0.9571	CjpegliYcbcr	1.0
screen	archives__exhibits__1440x900__dpr1.png	jpegli	420	93	model_policy	39.983	87.353	0.6626	CjpegliYcbcr	1.0
screen	archives__exhibits__1440x900__dpr1.png	jpegli	420	93	model_proj	41.302	89.674	0.5026	CjpegliYcbcr	1.0
screen	archives__exhibits__1440x900__dpr1.png	jpegli	420	96	identity_off	37.189	84.988	0.9168	CjpegliYcbcr	0.5
screen	archives__exhibits__1440x900__dpr1.png	jpegli	420	96	model_policy	40.520	88.209	0.6351	CjpegliYcbcr	0.5
screen	archives__exhibits__1440x900__dpr1.png	jpegli	420	96	model_proj	37.189	84.988	0.9168	CjpegliYcbcr	0.5
screen	archives__exhibits__1440x900__dpr1.png	jpegli	444	85	identity_off	37.949	84.884	0.7371	CjpegliYcbcr	1.4
screen	archives__exhibits__1440x900__dpr1.png	jpegli	444	85	model_policy	40.972	88.304	0.5109	CjpegliYcbcr	1.4
screen	archives__exhibits__1440x900__dpr1.png	jpegli	444	85	model_proj	41.573	89.883	0.4031	CjpegliYcbcr	1.4
screen	archives__exhibits__1440x900__dpr1.png	jpegli	444	90	identity_off	39.854	87.830	0.5558	CjpegliYcbcr	1.1
screen	archives__exhibits__1440x900__dpr1.png	jpegli	444	90	model_policy	42.877	90.060	0.3859	CjpegliYcbcr	1.1
screen	archives__exhibits__1440x900__dpr1.png	jpegli	444	90	model_proj	43.529	91.273	0.2957	CjpegliYcbcr	1.1
screen	archives__exhibits__1440x900__dpr1.png	jpegli	444	93	identity_off	41.480	89.683	0.4359	CjpegliYcbcr	0.7
screen	archives__exhibits__1440x900__dpr1.png	jpegli	444	93	model_policy	44.437	91.215	0.3087	CjpegliYcbcr	0.7
screen	archives__exhibits__1440x900__dpr1.png	jpegli	444	93	model_proj	45.056	92.020	0.2346	CjpegliYcbcr	0.7
screen	archives__exhibits__1440x900__dpr1.png	jpegli	444	96	identity_off	43.867	91.404	0.3086	CjpegliYcbcr	0.3
screen	archives__exhibits__1440x900__dpr1.png	jpegli	444	96	model_policy	46.569	92.285	0.2271	CjpegliYcbcr	0.3
screen	archives__exhibits__1440x900__dpr1.png	jpegli	444	96	model_proj	43.867	91.404	0.3086	CjpegliYcbcr	0.3
screen	archives__exhibits__1440x900__dpr1.png	zenjpeg	420	85	identity_off	35.583	81.977	1.0117	CjpegliYcbcr	1.8
screen	archives__exhibits__1440x900__dpr1.png	zenjpeg	420	85	model_policy	38.493	85.599	0.7174	CjpegliYcbcr	1.8
screen	archives__exhibits__1440x900__dpr1.png	zenjpeg	420	85	model_proj	39.324	88.583	0.4681	CjpegliYcbcr	1.8
screen	archives__exhibits__1440x900__dpr1.png	zenjpeg	420	90	identity_off	36.426	83.501	0.9490	CjpegliYcbcr	1.3
screen	archives__exhibits__1440x900__dpr1.png	zenjpeg	420	90	model_policy	39.487	86.856	0.6652	CjpegliYcbcr	1.3
screen	archives__exhibits__1440x900__dpr1.png	zenjpeg	420	90	model_proj	40.626	89.725	0.3950	CjpegliYcbcr	1.3
screen	archives__exhibits__1440x900__dpr1.png	zenjpeg	420	93	identity_off	36.888	84.429	0.9233	CjpegliYcbcr	1.0
screen	archives__exhibits__1440x900__dpr1.png	zenjpeg	420	93	model_policy	40.082	87.523	0.6421	CjpegliYcbcr	1.0
screen	archives__exhibits__1440x900__dpr1.png	zenjpeg	420	93	model_proj	41.494	90.402	0.3767	CjpegliYcbcr	1.0
screen	archives__exhibits__1440x900__dpr1.png	zenjpeg	420	96	identity_off	37.267	85.158	0.9041	CjpegliYcbcr	0.5
screen	archives__exhibits__1440x900__dpr1.png	zenjpeg	420	96	model_policy	40.571	88.357	0.6283	CjpegliYcbcr	0.5
screen	archives__exhibits__1440x900__dpr1.png	zenjpeg	420	96	model_proj	37.267	85.158	0.9041	CjpegliYcbcr	0.5
screen	archives__exhibits__1440x900__dpr1.png	zenjpeg	444	85	identity_off	38.518	87.015	0.5776	CjpegliYcbcr	1.4
screen	archives__exhibits__1440x900__dpr1.png	zenjpeg	444	85	model_policy	41.329	89.170	0.4194	CjpegliYcbcr	1.4
screen	archives__exhibits__1440x900__dpr1.png	zenjpeg	444	85	model_proj	41.756	90.603	0.3696	CjpegliYcbcr	1.4
screen	archives__exhibits__1440x900__dpr1.png	zenjpeg	444	90	identity_off	40.256	88.916	0.4584	CjpegliYcbcr	1.1
screen	archives__exhibits__1440x900__dpr1.png	zenjpeg	444	90	model_policy	43.131	90.544	0.3324	CjpegliYcbcr	1.1
screen	archives__exhibits__1440x900__dpr1.png	zenjpeg	444	90	model_proj	43.701	91.776	0.2747	CjpegliYcbcr	1.1
screen	archives__exhibits__1440x900__dpr1.png	zenjpeg	444	93	identity_off	41.783	90.239	0.3730	CjpegliYcbcr	0.7
screen	archives__exhibits__1440x900__dpr1.png	zenjpeg	444	93	model_policy	44.630	91.308	0.2737	CjpegliYcbcr	0.7
screen	archives__exhibits__1440x900__dpr1.png	zenjpeg	444	93	model_proj	45.158	92.506	0.2250	CjpegliYcbcr	0.7
screen	archives__exhibits__1440x900__dpr1.png	zenjpeg	444	96	identity_off	44.008	91.424	0.2813	CjpegliYcbcr	0.3
screen	archives__exhibits__1440x900__dpr1.png	zenjpeg	444	96	model_policy	46.634	92.382	0.2133	CjpegliYcbcr	0.3
screen	archives__exhibits__1440x900__dpr1.png	zenjpeg	444	96	model_proj	44.008	91.424	0.2813	CjpegliYcbcr	0.3
documents	office_census-acs-2024_questionnaire_p01_page1.png	turbo	420	85	identity_off	35.615	77.784	1.2347	ImageMagick	85.0
documents	office_census-acs-2024_questionnaire_p01_page1.png	turbo	420	85	model_policy	38.918	82.276	1.2271	ImageMagick	85.0
documents	office_census-acs-2024_questionnaire_p01_page1.png	turbo	420	85	model_proj	38.978	82.748	1.2243	ImageMagick	85.0
documents	office_census-acs-2024_questionnaire_p01_page1.png	turbo	420	90	identity_off	37.215	80.816	1.1898	ImageMagick	90.0
documents	office_census-acs-2024_questionnaire_p01_page1.png	turbo	420	90	model_policy	40.552	84.055	1.2215	ImageMagick	90.0
documents	office_census-acs-2024_questionnaire_p01_page1.png	turbo	420	90	model_proj	40.854	85.164	1.0344	ImageMagick	90.0
documents	office_census-acs-2024_questionnaire_p01_page1.png	turbo	420	93	identity_off	38.261	83.580	1.1765	ImageMagick	93.0
documents	office_census-acs-2024_questionnaire_p01_page1.png	turbo	420	93	model_policy	41.633	85.854	1.2183	ImageMagick	93.0
documents	office_census-acs-2024_questionnaire_p01_page1.png	turbo	420	93	model_proj	42.033	86.952	1.0244	ImageMagick	93.0
documents	office_census-acs-2024_questionnaire_p01_page1.png	turbo	420	96	identity_off	39.290	86.660	1.1667	ImageMagick	96.0
documents	office_census-acs-2024_questionnaire_p01_page1.png	turbo	420	96	model_policy	42.643	87.594	1.2157	ImageMagick	96.0
documents	office_census-acs-2024_questionnaire_p01_page1.png	turbo	420	96	model_proj	39.290	86.660	1.1667	ImageMagick	96.0
documents	office_census-acs-2024_questionnaire_p01_page1.png	turbo	444	85	identity_off	38.152	82.771	1.2086	ImageMagick	85.0
documents	office_census-acs-2024_questionnaire_p01_page1.png	turbo	444	85	model_policy	40.588	85.855	1.2251	ImageMagick	85.0
documents	office_census-acs-2024_questionnaire_p01_page1.png	turbo	444	85	model_proj	40.666	86.362	1.2209	ImageMagick	85.0
documents	office_census-acs-2024_questionnaire_p01_page1.png	turbo	444	90	identity_off	40.476	85.563	1.1763	ImageMagick	90.0
documents	office_census-acs-2024_questionnaire_p01_page1.png	turbo	444	90	model_policy	42.437	87.409	1.2203	ImageMagick	90.0
documents	office_census-acs-2024_questionnaire_p01_page1.png	turbo	444	90	model_proj	42.913	88.685	1.0318	ImageMagick	90.0
documents	office_census-acs-2024_questionnaire_p01_page1.png	turbo	444	93	identity_off	42.391	87.796	1.1676	ImageMagick	93.0
documents	office_census-acs-2024_questionnaire_p01_page1.png	turbo	444	93	model_policy	43.747	88.604	1.2181	ImageMagick	93.0
documents	office_census-acs-2024_questionnaire_p01_page1.png	turbo	444	93	model_proj	44.411	90.052	1.0231	ImageMagick	93.0
documents	office_census-acs-2024_questionnaire_p01_page1.png	turbo	444	96	identity_off	45.550	90.532	1.1611	ImageMagick	96.0
documents	office_census-acs-2024_questionnaire_p01_page1.png	turbo	444	96	model_policy	45.519	89.831	1.2158	ImageMagick	96.0
documents	office_census-acs-2024_questionnaire_p01_page1.png	turbo	444	96	model_proj	45.550	90.532	1.1611	ImageMagick	96.0
documents	office_census-acs-2024_questionnaire_p01_page1.png	mozjpeg	420	85	identity_off	34.144	78.302	1.2392	Mozjpeg	85.0
documents	office_census-acs-2024_questionnaire_p01_page1.png	mozjpeg	420	85	model_policy	38.014	82.328	1.2249	Mozjpeg	85.0
documents	office_census-acs-2024_questionnaire_p01_page1.png	mozjpeg	420	85	model_proj	38.017	82.565	1.2241	Mozjpeg	85.0
documents	office_census-acs-2024_questionnaire_p01_page1.png	mozjpeg	420	90	identity_off	35.475	80.484	1.1948	Mozjpeg	90.0
documents	office_census-acs-2024_questionnaire_p01_page1.png	mozjpeg	420	90	model_policy	39.213	83.581	1.2201	Mozjpeg	90.0
documents	office_census-acs-2024_questionnaire_p01_page1.png	mozjpeg	420	90	model_proj	39.271	84.033	1.2128	Mozjpeg	90.0
documents	office_census-acs-2024_questionnaire_p01_page1.png	mozjpeg	420	93	identity_off	36.695	82.422	1.1795	Mozjpeg	93.0
documents	office_census-acs-2024_questionnaire_p01_page1.png	mozjpeg	420	93	model_policy	40.283	84.914	1.2181	Mozjpeg	93.0
documents	office_census-acs-2024_questionnaire_p01_page1.png	mozjpeg	420	93	model_proj	40.400	85.605	1.2057	Mozjpeg	93.0
documents	office_census-acs-2024_questionnaire_p01_page1.png	mozjpeg	420	96	identity_off	38.183	84.707	1.1691	Mozjpeg	96.0
documents	office_census-acs-2024_questionnaire_p01_page1.png	mozjpeg	420	96	model_policy	41.679	86.333	1.2162	Mozjpeg	96.0
documents	office_census-acs-2024_questionnaire_p01_page1.png	mozjpeg	420	96	model_proj	38.183	84.707	1.1691	Mozjpeg	96.0
documents	office_census-acs-2024_questionnaire_p01_page1.png	mozjpeg	444	85	identity_off	35.806	82.171	1.2175	Mozjpeg	85.0
documents	office_census-acs-2024_questionnaire_p01_page1.png	mozjpeg	444	85	model_policy	38.626	84.854	1.2252	Mozjpeg	85.0
documents	office_census-acs-2024_questionnaire_p01_page1.png	mozjpeg	444	85	model_proj	38.628	84.960	1.2254	Mozjpeg	85.0
documents	office_census-acs-2024_questionnaire_p01_page1.png	mozjpeg	444	90	identity_off	37.493	84.237	1.1828	Mozjpeg	90.0
documents	office_census-acs-2024_questionnaire_p01_page1.png	mozjpeg	444	90	model_policy	39.994	86.010	1.2214	Mozjpeg	90.0
documents	office_census-acs-2024_questionnaire_p01_page1.png	mozjpeg	444	90	model_proj	40.040	86.295	1.2160	Mozjpeg	90.0
documents	office_census-acs-2024_questionnaire_p01_page1.png	mozjpeg	444	93	identity_off	39.338	85.780	1.1701	Mozjpeg	93.0
documents	office_census-acs-2024_questionnaire_p01_page1.png	mozjpeg	444	93	model_policy	41.481	86.991	1.2192	Mozjpeg	93.0
documents	office_census-acs-2024_questionnaire_p01_page1.png	mozjpeg	444	93	model_proj	41.606	87.493	1.2090	Mozjpeg	93.0
documents	office_census-acs-2024_questionnaire_p01_page1.png	mozjpeg	444	96	identity_off	42.310	88.210	1.1636	Mozjpeg	96.0
documents	office_census-acs-2024_questionnaire_p01_page1.png	mozjpeg	444	96	model_policy	43.594	88.391	1.2173	Mozjpeg	96.0
documents	office_census-acs-2024_questionnaire_p01_page1.png	mozjpeg	444	96	model_proj	42.310	88.210	1.1636	Mozjpeg	96.0
documents	office_census-acs-2024_questionnaire_p01_page1.png	jpegli	420	85	identity_off	35.995	78.703	0.9085	CjpegliYcbcr	1.8
documents	office_census-acs-2024_questionnaire_p01_page1.png	jpegli	420	85	model_policy	39.126	82.263	1.1091	CjpegliYcbcr	1.8
documents	office_census-acs-2024_questionnaire_p01_page1.png	jpegli	420	85	model_proj	39.149	82.706	1.1081	CjpegliYcbcr	1.8
documents	office_census-acs-2024_questionnaire_p01_page1.png	jpegli	420	90	identity_off	37.408	81.546	1.1660	CjpegliYcbcr	1.3
documents	office_census-acs-2024_questionnaire_p01_page1.png	jpegli	420	90	model_policy	40.652	84.129	1.2116	CjpegliYcbcr	1.3
documents	office_census-acs-2024_questionnaire_p01_page1.png	jpegli	420	90	model_proj	40.829	85.382	1.1742	CjpegliYcbcr	1.3
documents	office_census-acs-2024_questionnaire_p01_page1.png	jpegli	420	93	identity_off	38.310	84.992	0.7337	CjpegliYcbcr	1.0
documents	office_census-acs-2024_questionnaire_p01_page1.png	jpegli	420	93	model_policy	41.966	86.555	0.7837	CjpegliYcbcr	1.0
documents	office_census-acs-2024_questionnaire_p01_page1.png	jpegli	420	93	model_proj	42.036	86.820	0.7482	CjpegliYcbcr	1.0
documents	office_census-acs-2024_questionnaire_p01_page1.png	jpegli	420	96	identity_off	39.176	86.605	0.7109	CjpegliYcbcr	0.5
documents	office_census-acs-2024_questionnaire_p01_page1.png	jpegli	420	96	model_policy	42.880	87.691	0.7809	CjpegliYcbcr	0.5
documents	office_census-acs-2024_questionnaire_p01_page1.png	jpegli	420	96	model_proj	39.176	86.605	0.7109	CjpegliYcbcr	0.5
documents	office_census-acs-2024_questionnaire_p01_page1.png	jpegli	444	85	identity_off	37.766	80.968	0.7813	CjpegliYcbcr	1.4
documents	office_census-acs-2024_questionnaire_p01_page1.png	jpegli	444	85	model_policy	40.672	83.880	0.7912	CjpegliYcbcr	1.4
documents	office_census-acs-2024_questionnaire_p01_page1.png	jpegli	444	85	model_proj	40.707	84.032	0.7846	CjpegliYcbcr	1.4
documents	office_census-acs-2024_questionnaire_p01_page1.png	jpegli	444	90	identity_off	39.539	82.599	1.1600	CjpegliYcbcr	1.1
documents	office_census-acs-2024_questionnaire_p01_page1.png	jpegli	444	90	model_policy	41.968	84.567	1.2141	CjpegliYcbcr	1.1
documents	office_census-acs-2024_questionnaire_p01_page1.png	jpegli	444	90	model_proj	42.579	85.452	0.6303	CjpegliYcbcr	1.1
documents	office_census-acs-2024_questionnaire_p01_page1.png	jpegli	444	93	identity_off	41.013	85.765	0.6799	CjpegliYcbcr	0.7
documents	office_census-acs-2024_questionnaire_p01_page1.png	jpegli	444	93	model_policy	42.893	87.113	1.1030	CjpegliYcbcr	0.7
documents	office_census-acs-2024_questionnaire_p01_page1.png	jpegli	444	93	model_proj	42.994	87.318	1.0920	CjpegliYcbcr	0.7
documents	office_census-acs-2024_questionnaire_p01_page1.png	jpegli	444	96	identity_off	43.489	89.040	0.6809	CjpegliYcbcr	0.3
documents	office_census-acs-2024_questionnaire_p01_page1.png	jpegli	444	96	model_policy	44.903	89.364	0.7777	CjpegliYcbcr	0.3
documents	office_census-acs-2024_questionnaire_p01_page1.png	jpegli	444	96	model_proj	43.489	89.040	0.6809	CjpegliYcbcr	0.3
documents	office_census-acs-2024_questionnaire_p01_page1.png	zenjpeg	420	85	identity_off	35.919	79.091	1.1925	CjpegliYcbcr	1.8
documents	office_census-acs-2024_questionnaire_p01_page1.png	zenjpeg	420	85	model_policy	38.994	82.317	1.2194	CjpegliYcbcr	1.8
documents	office_census-acs-2024_questionnaire_p01_page1.png	zenjpeg	420	85	model_proj	38.965	82.562	1.2133	CjpegliYcbcr	1.8
documents	office_census-acs-2024_questionnaire_p01_page1.png	zenjpeg	420	90	identity_off	37.285	81.943	1.1712	CjpegliYcbcr	1.3
documents	office_census-acs-2024_questionnaire_p01_page1.png	zenjpeg	420	90	model_policy	40.450	84.164	1.2151	CjpegliYcbcr	1.3
documents	office_census-acs-2024_questionnaire_p01_page1.png	zenjpeg	420	90	model_proj	40.657	84.879	1.0268	CjpegliYcbcr	1.3
documents	office_census-acs-2024_questionnaire_p01_page1.png	zenjpeg	420	93	identity_off	38.207	84.367	1.1653	CjpegliYcbcr	1.0
documents	office_census-acs-2024_questionnaire_p01_page1.png	zenjpeg	420	93	model_policy	41.449	85.899	1.2139	CjpegliYcbcr	1.0
documents	office_census-acs-2024_questionnaire_p01_page1.png	zenjpeg	420	93	model_proj	41.839	86.525	1.0126	CjpegliYcbcr	1.0
documents	office_census-acs-2024_questionnaire_p01_page1.png	zenjpeg	420	96	identity_off	39.087	86.302	1.1625	CjpegliYcbcr	0.5
documents	office_census-acs-2024_questionnaire_p01_page1.png	zenjpeg	420	96	model_policy	42.351	87.338	1.2123	CjpegliYcbcr	0.5
documents	office_census-acs-2024_questionnaire_p01_page1.png	zenjpeg	420	96	model_proj	39.087	86.302	1.1625	CjpegliYcbcr	0.5
documents	office_census-acs-2024_questionnaire_p01_page1.png	zenjpeg	444	85	identity_off	37.639	80.851	1.1756	CjpegliYcbcr	1.4
documents	office_census-acs-2024_questionnaire_p01_page1.png	zenjpeg	444	85	model_policy	40.284	83.442	1.2214	CjpegliYcbcr	1.4
documents	office_census-acs-2024_questionnaire_p01_page1.png	zenjpeg	444	85	model_proj	40.274	83.527	1.2190	CjpegliYcbcr	1.4
documents	office_census-acs-2024_questionnaire_p01_page1.png	zenjpeg	444	90	identity_off	39.364	83.599	1.1656	CjpegliYcbcr	1.1
documents	office_census-acs-2024_questionnaire_p01_page1.png	zenjpeg	444	90	model_policy	41.792	85.130	1.2172	CjpegliYcbcr	1.1
documents	office_census-acs-2024_questionnaire_p01_page1.png	zenjpeg	444	90	model_proj	41.861	85.205	1.2079	CjpegliYcbcr	1.1
documents	office_census-acs-2024_questionnaire_p01_page1.png	zenjpeg	444	93	identity_off	41.025	85.424	1.1612	CjpegliYcbcr	0.7
documents	office_census-acs-2024_questionnaire_p01_page1.png	zenjpeg	444	93	model_policy	42.877	86.294	1.2158	CjpegliYcbcr	0.7
documents	office_census-acs-2024_questionnaire_p01_page1.png	zenjpeg	444	93	model_proj	42.978	86.428	1.2054	CjpegliYcbcr	0.7
documents	office_census-acs-2024_questionnaire_p01_page1.png	zenjpeg	444	96	identity_off	43.318	88.409	1.1595	CjpegliYcbcr	0.3
documents	office_census-acs-2024_questionnaire_p01_page1.png	zenjpeg	444	96	model_policy	44.192	88.456	1.2140	CjpegliYcbcr	0.3
documents	office_census-acs-2024_questionnaire_p01_page1.png	zenjpeg	444	96	model_proj	43.318	88.409	1.1595	CjpegliYcbcr	0.3
documents	office_fec-form3_campaign-finance_p01_page1.png	turbo	420	85	identity_off	44.560	86.041	0.6452	ImageMagick	85.0
documents	office_fec-form3_campaign-finance_p01_page1.png	turbo	420	85	model_policy	47.501	88.965	0.4283	ImageMagick	85.0
documents	office_fec-form3_campaign-finance_p01_page1.png	turbo	420	85	model_proj	47.799	90.056	0.3736	ImageMagick	85.0
documents	office_fec-form3_campaign-finance_p01_page1.png	turbo	420	90	identity_off	47.498	89.370	0.4765	ImageMagick	90.0
documents	office_fec-form3_campaign-finance_p01_page1.png	turbo	420	90	model_policy	50.068	91.200	0.3254	ImageMagick	90.0
documents	office_fec-form3_campaign-finance_p01_page1.png	turbo	420	90	model_proj	50.548	91.879	0.2837	ImageMagick	90.0
documents	office_fec-form3_campaign-finance_p01_page1.png	turbo	420	93	identity_off	50.048	90.539	0.3649	ImageMagick	93.0
documents	office_fec-form3_campaign-finance_p01_page1.png	turbo	420	93	model_policy	52.111	91.821	0.2812	ImageMagick	93.0
documents	office_fec-form3_campaign-finance_p01_page1.png	turbo	420	93	model_proj	52.617	92.419	0.2487	ImageMagick	93.0
documents	office_fec-form3_campaign-finance_p01_page1.png	turbo	420	96	identity_off	53.517	92.356	0.2293	ImageMagick	96.0
documents	office_fec-form3_campaign-finance_p01_page1.png	turbo	420	96	model_policy	54.660	92.795	0.2390	ImageMagick	96.0
documents	office_fec-form3_campaign-finance_p01_page1.png	turbo	420	96	model_proj	53.517	92.356	0.2293	ImageMagick	96.0
documents	office_fec-form3_campaign-finance_p01_page1.png	turbo	444	85	identity_off	44.580	86.599	0.6419	ImageMagick	85.0
documents	office_fec-form3_campaign-finance_p01_page1.png	turbo	444	85	model_policy	47.550	89.628	0.4254	ImageMagick	85.0
documents	office_fec-form3_campaign-finance_p01_page1.png	turbo	444	85	model_proj	47.887	90.539	0.3728	ImageMagick	85.0
documents	office_fec-form3_campaign-finance_p01_page1.png	turbo	444	90	identity_off	47.570	89.699	0.4747	ImageMagick	90.0
documents	office_fec-form3_campaign-finance_p01_page1.png	turbo	444	90	model_policy	50.186	91.675	0.3169	ImageMagick	90.0
documents	office_fec-form3_campaign-finance_p01_page1.png	turbo	444	90	model_proj	50.594	92.216	0.2816	ImageMagick	90.0
documents	office_fec-form3_campaign-finance_p01_page1.png	turbo	444	93	identity_off	50.146	91.476	0.3601	ImageMagick	93.0
documents	office_fec-form3_campaign-finance_p01_page1.png	turbo	444	93	model_policy	52.213	92.650	0.2814	ImageMagick	93.0
documents	office_fec-form3_campaign-finance_p01_page1.png	turbo	444	93	model_proj	52.789	92.786	0.2505	ImageMagick	93.0
documents	office_fec-form3_campaign-finance_p01_page1.png	turbo	444	96	identity_off	53.944	92.991	0.2269	ImageMagick	96.0
documents	office_fec-form3_campaign-finance_p01_page1.png	turbo	444	96	model_policy	55.074	93.244	0.2530	ImageMagick	96.0
documents	office_fec-form3_campaign-finance_p01_page1.png	turbo	444	96	model_proj	53.944	92.991	0.2269	ImageMagick	96.0
documents	office_fec-form3_campaign-finance_p01_page1.png	mozjpeg	420	85	identity_off	38.740	84.634	0.6967	Mozjpeg	85.0
documents	office_fec-form3_campaign-finance_p01_page1.png	mozjpeg	420	85	model_policy	42.045	87.158	0.5530	Mozjpeg	85.0
documents	office_fec-form3_campaign-finance_p01_page1.png	mozjpeg	420	85	model_proj	41.888	88.406	0.5077	Mozjpeg	85.0
documents	office_fec-form3_campaign-finance_p01_page1.png	mozjpeg	420	90	identity_off	40.849	86.855	0.5905	Mozjpeg	90.0
documents	office_fec-form3_campaign-finance_p01_page1.png	mozjpeg	420	90	model_policy	44.001	89.051	0.4539	Mozjpeg	90.0
documents	office_fec-form3_campaign-finance_p01_page1.png	mozjpeg	420	90	model_proj	44.035	89.773	0.3733	Mozjpeg	90.0
documents	office_fec-form3_campaign-finance_p01_page1.png	mozjpeg	420	93	identity_off	43.500	88.416	0.4800	Mozjpeg	93.0
documents	office_fec-form3_campaign-finance_p01_page1.png	mozjpeg	420	93	model_policy	46.392	90.123	0.3950	Mozjpeg	93.0
documents	office_fec-form3_campaign-finance_p01_page1.png	mozjpeg	420	93	model_proj	46.560	90.909	0.3117	Mozjpeg	93.0
documents	office_fec-form3_campaign-finance_p01_page1.png	mozjpeg	420	96	identity_off	46.910	90.482	0.3439	Mozjpeg	96.0
documents	office_fec-form3_campaign-finance_p01_page1.png	mozjpeg	420	96	model_policy	49.393	91.738	0.3089	Mozjpeg	96.0
documents	office_fec-form3_campaign-finance_p01_page1.png	mozjpeg	420	96	model_proj	46.910	90.482	0.3439	Mozjpeg	96.0
documents	office_fec-form3_campaign-finance_p01_page1.png	mozjpeg	444	85	identity_off	38.750	85.019	0.6936	Mozjpeg	85.0
documents	office_fec-form3_campaign-finance_p01_page1.png	mozjpeg	444	85	model_policy	42.031	87.810	0.5453	Mozjpeg	85.0
documents	office_fec-form3_campaign-finance_p01_page1.png	mozjpeg	444	85	model_proj	41.885	88.583	0.5038	Mozjpeg	85.0
documents	office_fec-form3_campaign-finance_p01_page1.png	mozjpeg	444	90	identity_off	40.868	87.391	0.5914	Mozjpeg	90.0
documents	office_fec-form3_campaign-finance_p01_page1.png	mozjpeg	444	90	model_policy	44.006	89.558	0.4538	Mozjpeg	90.0
documents	office_fec-form3_campaign-finance_p01_page1.png	mozjpeg	444	90	model_proj	44.051	90.143	0.3701	Mozjpeg	90.0
documents	office_fec-form3_campaign-finance_p01_page1.png	mozjpeg	444	93	identity_off	43.528	88.905	0.4739	Mozjpeg	93.0
documents	office_fec-form3_campaign-finance_p01_page1.png	mozjpeg	444	93	model_policy	46.437	90.489	0.3847	Mozjpeg	93.0
documents	office_fec-form3_campaign-finance_p01_page1.png	mozjpeg	444	93	model_proj	46.597	91.210	0.3106	Mozjpeg	93.0
documents	office_fec-form3_campaign-finance_p01_page1.png	mozjpeg	444	96	identity_off	47.000	90.809	0.3386	Mozjpeg	96.0
documents	office_fec-form3_campaign-finance_p01_page1.png	mozjpeg	444	96	model_policy	49.505	91.947	0.3225	Mozjpeg	96.0
documents	office_fec-form3_campaign-finance_p01_page1.png	mozjpeg	444	96	model_proj	47.000	90.809	0.3386	Mozjpeg	96.0
documents	office_fec-form3_campaign-finance_p01_page1.png	jpegli	420	85	identity_off	44.805	87.259	0.5717	CjpegliYcbcr	1.8
documents	office_fec-form3_campaign-finance_p01_page1.png	jpegli	420	85	model_policy	47.486	89.554	0.4114	CjpegliYcbcr	1.8
documents	office_fec-form3_campaign-finance_p01_page1.png	jpegli	420	85	model_proj	47.706	90.134	0.3563	CjpegliYcbcr	1.8
documents	office_fec-form3_campaign-finance_p01_page1.png	jpegli	420	90	identity_off	47.758	89.889	0.3914	CjpegliYcbcr	1.3
documents	office_fec-form3_campaign-finance_p01_page1.png	jpegli	420	90	model_policy	50.047	91.209	0.3670	CjpegliYcbcr	1.3
documents	office_fec-form3_campaign-finance_p01_page1.png	jpegli	420	90	model_proj	50.379	91.537	0.3317	CjpegliYcbcr	1.3
documents	office_fec-form3_campaign-finance_p01_page1.png	jpegli	420	93	identity_off	50.429	90.815	0.3131	CjpegliYcbcr	1.0
documents	office_fec-form3_campaign-finance_p01_page1.png	jpegli	420	93	model_policy	52.311	91.599	0.2393	CjpegliYcbcr	1.0
documents	office_fec-form3_campaign-finance_p01_page1.png	jpegli	420	93	model_proj	52.734	91.960	0.2200	CjpegliYcbcr	1.0
documents	office_fec-form3_campaign-finance_p01_page1.png	jpegli	420	96	identity_off	53.941	92.017	0.2060	CjpegliYcbcr	0.5
documents	office_fec-form3_campaign-finance_p01_page1.png	jpegli	420	96	model_policy	54.913	92.423	0.2135	CjpegliYcbcr	0.5
documents	office_fec-form3_campaign-finance_p01_page1.png	jpegli	420	96	model_proj	53.941	92.017	0.2060	CjpegliYcbcr	0.5
documents	office_fec-form3_campaign-finance_p01_page1.png	jpegli	444	85	identity_off	46.402	88.960	0.4569	CjpegliYcbcr	1.4
documents	office_fec-form3_campaign-finance_p01_page1.png	jpegli	444	85	model_policy	48.965	90.671	0.3987	CjpegliYcbcr	1.4
documents	office_fec-form3_campaign-finance_p01_page1.png	jpegli	444	85	model_proj	49.177	91.179	0.3390	CjpegliYcbcr	1.4
documents	office_fec-form3_campaign-finance_p01_page1.png	jpegli	444	90	identity_off	49.257	90.070	0.3469	CjpegliYcbcr	1.1
documents	office_fec-form3_campaign-finance_p01_page1.png	jpegli	444	90	model_policy	51.324	91.160	0.2791	CjpegliYcbcr	1.1
documents	office_fec-form3_campaign-finance_p01_page1.png	jpegli	444	90	model_proj	51.777	91.806	0.2527	CjpegliYcbcr	1.1
documents	office_fec-form3_campaign-finance_p01_page1.png	jpegli	444	93	identity_off	51.911	90.958	0.2809	CjpegliYcbcr	0.7
documents	office_fec-form3_campaign-finance_p01_page1.png	jpegli	444	93	model_policy	53.525	91.578	0.2320	CjpegliYcbcr	0.7
documents	office_fec-form3_campaign-finance_p01_page1.png	jpegli	444	93	model_proj	53.817	92.011	0.2098	CjpegliYcbcr	0.7
documents	office_fec-form3_campaign-finance_p01_page1.png	jpegli	444	96	identity_off	55.161	92.305	0.1892	CjpegliYcbcr	0.3
documents	office_fec-form3_campaign-finance_p01_page1.png	jpegli	444	96	model_policy	55.876	92.606	0.2340	CjpegliYcbcr	0.3
documents	office_fec-form3_campaign-finance_p01_page1.png	jpegli	444	96	model_proj	55.161	92.305	0.1892	CjpegliYcbcr	0.3
documents	office_fec-form3_campaign-finance_p01_page1.png	zenjpeg	420	85	identity_off	46.101	89.086	0.3882	CjpegliYcbcr	1.8
documents	office_fec-form3_campaign-finance_p01_page1.png	zenjpeg	420	85	model_policy	48.136	90.291	0.3388	CjpegliYcbcr	1.8
documents	office_fec-form3_campaign-finance_p01_page1.png	zenjpeg	420	85	model_proj	46.980	91.151	0.4261	CjpegliYcbcr	1.8
documents	office_fec-form3_campaign-finance_p01_page1.png	zenjpeg	420	90	identity_off	49.100	91.354	0.2807	CjpegliYcbcr	1.3
documents	office_fec-form3_campaign-finance_p01_page1.png	zenjpeg	420	90	model_policy	50.514	91.764	0.3409	CjpegliYcbcr	1.3
documents	office_fec-form3_campaign-finance_p01_page1.png	zenjpeg	420	90	model_proj	49.395	92.195	0.3656	CjpegliYcbcr	1.3
documents	office_fec-form3_campaign-finance_p01_page1.png	zenjpeg	420	93	identity_off	51.683	91.465	0.2291	CjpegliYcbcr	1.0
documents	office_fec-form3_campaign-finance_p01_page1.png	zenjpeg	420	93	model_policy	52.759	91.859	0.2042	CjpegliYcbcr	1.0
documents	office_fec-form3_campaign-finance_p01_page1.png	zenjpeg	420	93	model_proj	51.775	92.681	0.2485	CjpegliYcbcr	1.0
documents	office_fec-form3_campaign-finance_p01_page1.png	zenjpeg	420	96	identity_off	54.718	92.306	0.1632	CjpegliYcbcr	0.5
documents	office_fec-form3_campaign-finance_p01_page1.png	zenjpeg	420	96	model_policy	54.968	92.332	0.2690	CjpegliYcbcr	0.5
documents	office_fec-form3_campaign-finance_p01_page1.png	zenjpeg	420	96	model_proj	54.718	92.306	0.1632	CjpegliYcbcr	0.5
documents	office_fec-form3_campaign-finance_p01_page1.png	zenjpeg	444	85	identity_off	47.629	90.330	0.3271	CjpegliYcbcr	1.4
documents	office_fec-form3_campaign-finance_p01_page1.png	zenjpeg	444	85	model_policy	49.372	91.484	0.3010	CjpegliYcbcr	1.4
documents	office_fec-form3_campaign-finance_p01_page1.png	zenjpeg	444	85	model_proj	48.599	91.592	0.3574	CjpegliYcbcr	1.4
documents	office_fec-form3_campaign-finance_p01_page1.png	zenjpeg	444	90	identity_off	50.390	90.831	0.2467	CjpegliYcbcr	1.1
documents	office_fec-form3_campaign-finance_p01_page1.png	zenjpeg	444	90	model_policy	51.625	91.415	0.2468	CjpegliYcbcr	1.1
documents	office_fec-form3_campaign-finance_p01_page1.png	zenjpeg	444	90	model_proj	51.218	92.156	0.2865	CjpegliYcbcr	1.1
documents	office_fec-form3_campaign-finance_p01_page1.png	zenjpeg	444	93	identity_off	53.177	91.860	0.2048	CjpegliYcbcr	0.7
documents	office_fec-form3_campaign-finance_p01_page1.png	zenjpeg	444	93	model_policy	53.981	92.236	0.2059	CjpegliYcbcr	0.7
documents	office_fec-form3_campaign-finance_p01_page1.png	zenjpeg	444	93	model_proj	52.980	92.971	0.2318	CjpegliYcbcr	0.7
documents	office_fec-form3_campaign-finance_p01_page1.png	zenjpeg	444	96	identity_off	56.054	92.417	0.1395	CjpegliYcbcr	0.3
documents	office_fec-form3_campaign-finance_p01_page1.png	zenjpeg	444	96	model_policy	56.211	92.644	0.2428	CjpegliYcbcr	0.3
documents	office_fec-form3_campaign-finance_p01_page1.png	zenjpeg	444	96	model_proj	56.054	92.417	0.1395	CjpegliYcbcr	0.3
documents	office_fedreg-2026-10621_rule_p01_page1.png	turbo	420	85	identity_off	38.530	85.946	0.8243	ImageMagick	85.0
documents	office_fedreg-2026-10621_rule_p01_page1.png	turbo	420	85	model_policy	41.143	89.739	0.5690	ImageMagick	85.0
documents	office_fedreg-2026-10621_rule_p01_page1.png	turbo	420	85	model_proj	41.525	90.416	0.5102	ImageMagick	85.0
documents	office_fedreg-2026-10621_rule_p01_page1.png	turbo	420	90	identity_off	41.705	89.733	0.5912	ImageMagick	90.0
documents	office_fedreg-2026-10621_rule_p01_page1.png	turbo	420	90	model_policy	43.942	92.046	0.4120	ImageMagick	90.0
documents	office_fedreg-2026-10621_rule_p01_page1.png	turbo	420	90	model_proj	44.312	92.332	0.3719	ImageMagick	90.0
documents	office_fedreg-2026-10621_rule_p01_page1.png	turbo	420	93	identity_off	44.602	92.129	0.4449	ImageMagick	93.0
documents	office_fedreg-2026-10621_rule_p01_page1.png	turbo	420	93	model_policy	46.501	93.474	0.3126	ImageMagick	93.0
documents	office_fedreg-2026-10621_rule_p01_page1.png	turbo	420	93	model_proj	46.857	93.356	0.2909	ImageMagick	93.0
documents	office_fedreg-2026-10621_rule_p01_page1.png	turbo	420	96	identity_off	49.268	94.480	0.2730	ImageMagick	96.0
documents	office_fedreg-2026-10621_rule_p01_page1.png	turbo	420	96	model_policy	50.458	94.762	0.2003	ImageMagick	96.0
documents	office_fedreg-2026-10621_rule_p01_page1.png	turbo	420	96	model_proj	49.268	94.480	0.2730	ImageMagick	96.0
documents	office_fedreg-2026-10621_rule_p01_page1.png	turbo	444	85	identity_off	38.530	85.946	0.8243	ImageMagick	85.0
documents	office_fedreg-2026-10621_rule_p01_page1.png	turbo	444	85	model_policy	41.143	89.739	0.5690	ImageMagick	85.0
documents	office_fedreg-2026-10621_rule_p01_page1.png	turbo	444	85	model_proj	41.525	90.416	0.5102	ImageMagick	85.0
documents	office_fedreg-2026-10621_rule_p01_page1.png	turbo	444	90	identity_off	41.705	89.733	0.5912	ImageMagick	90.0
documents	office_fedreg-2026-10621_rule_p01_page1.png	turbo	444	90	model_policy	43.942	92.046	0.4120	ImageMagick	90.0
documents	office_fedreg-2026-10621_rule_p01_page1.png	turbo	444	90	model_proj	44.311	92.309	0.3718	ImageMagick	90.0
documents	office_fedreg-2026-10621_rule_p01_page1.png	turbo	444	93	identity_off	44.602	92.129	0.4449	ImageMagick	93.0
documents	office_fedreg-2026-10621_rule_p01_page1.png	turbo	444	93	model_policy	46.501	93.474	0.3126	ImageMagick	93.0
documents	office_fedreg-2026-10621_rule_p01_page1.png	turbo	444	93	model_proj	46.856	93.302	0.2910	ImageMagick	93.0
documents	office_fedreg-2026-10621_rule_p01_page1.png	turbo	444	96	identity_off	49.268	94.480	0.2730	ImageMagick	96.0
documents	office_fedreg-2026-10621_rule_p01_page1.png	turbo	444	96	model_policy	50.458	94.762	0.2003	ImageMagick	96.0
documents	office_fedreg-2026-10621_rule_p01_page1.png	turbo	444	96	model_proj	49.268	94.480	0.2730	ImageMagick	96.0
documents	office_fedreg-2026-10621_rule_p01_page1.png	mozjpeg	420	85	identity_off	31.917	81.681	1.4243	Mozjpeg	85.0
documents	office_fedreg-2026-10621_rule_p01_page1.png	mozjpeg	420	85	model_policy	34.700	85.530	1.1399	Mozjpeg	85.0
documents	office_fedreg-2026-10621_rule_p01_page1.png	mozjpeg	420	85	model_proj	35.087	87.145	0.8618	Mozjpeg	85.0
documents	office_fedreg-2026-10621_rule_p01_page1.png	mozjpeg	420	90	identity_off	34.073	84.768	1.1406	Mozjpeg	90.0
documents	office_fedreg-2026-10621_rule_p01_page1.png	mozjpeg	420	90	model_policy	36.813	87.920	0.8661	Mozjpeg	90.0
documents	office_fedreg-2026-10621_rule_p01_page1.png	mozjpeg	420	90	model_proj	37.234	89.013	0.6568	Mozjpeg	90.0
documents	office_fedreg-2026-10621_rule_p01_page1.png	mozjpeg	420	93	identity_off	36.080	86.762	0.8826	Mozjpeg	93.0
documents	office_fedreg-2026-10621_rule_p01_page1.png	mozjpeg	420	93	model_policy	38.657	89.404	0.6563	Mozjpeg	93.0
documents	office_fedreg-2026-10621_rule_p01_page1.png	mozjpeg	420	93	model_proj	39.087	90.187	0.5227	Mozjpeg	93.0
documents	office_fedreg-2026-10621_rule_p01_page1.png	mozjpeg	420	96	identity_off	39.857	90.095	0.5498	Mozjpeg	96.0
documents	office_fedreg-2026-10621_rule_p01_page1.png	mozjpeg	420	96	model_policy	41.965	91.521	0.4208	Mozjpeg	96.0
documents	office_fedreg-2026-10621_rule_p01_page1.png	mozjpeg	420	96	model_proj	39.857	90.095	0.5498	Mozjpeg	96.0
documents	office_fedreg-2026-10621_rule_p01_page1.png	mozjpeg	444	85	identity_off	31.917	81.682	1.4243	Mozjpeg	85.0
documents	office_fedreg-2026-10621_rule_p01_page1.png	mozjpeg	444	85	model_policy	34.700	85.531	1.1399	Mozjpeg	85.0
documents	office_fedreg-2026-10621_rule_p01_page1.png	mozjpeg	444	85	model_proj	35.087	87.144	0.8619	Mozjpeg	85.0
documents	office_fedreg-2026-10621_rule_p01_page1.png	mozjpeg	444	90	identity_off	34.073	84.768	1.1406	Mozjpeg	90.0
documents	office_fedreg-2026-10621_rule_p01_page1.png	mozjpeg	444	90	model_policy	36.813	87.920	0.8661	Mozjpeg	90.0
documents	office_fedreg-2026-10621_rule_p01_page1.png	mozjpeg	444	90	model_proj	37.233	89.027	0.6569	Mozjpeg	90.0
documents	office_fedreg-2026-10621_rule_p01_page1.png	mozjpeg	444	93	identity_off	36.080	86.754	0.8826	Mozjpeg	93.0
documents	office_fedreg-2026-10621_rule_p01_page1.png	mozjpeg	444	93	model_policy	38.657	89.397	0.6563	Mozjpeg	93.0
documents	office_fedreg-2026-10621_rule_p01_page1.png	mozjpeg	444	93	model_proj	39.087	90.144	0.5228	Mozjpeg	93.0
documents	office_fedreg-2026-10621_rule_p01_page1.png	mozjpeg	444	96	identity_off	39.857	90.095	0.5498	Mozjpeg	96.0
documents	office_fedreg-2026-10621_rule_p01_page1.png	mozjpeg	444	96	model_policy	41.965	91.521	0.4208	Mozjpeg	96.0
documents	office_fedreg-2026-10621_rule_p01_page1.png	mozjpeg	444	96	model_proj	39.857	90.095	0.5498	Mozjpeg	96.0
documents	office_fedreg-2026-10621_rule_p01_page1.png	jpegli	420	85	identity_off	38.599	87.364	0.6794	CjpegliYcbcr	1.8
documents	office_fedreg-2026-10621_rule_p01_page1.png	jpegli	420	85	model_policy	40.930	90.178	0.4977	CjpegliYcbcr	1.8
documents	office_fedreg-2026-10621_rule_p01_page1.png	jpegli	420	85	model_proj	41.067	90.467	0.4746	CjpegliYcbcr	1.8
documents	office_fedreg-2026-10621_rule_p01_page1.png	jpegli	420	90	identity_off	41.830	90.672	0.4816	CjpegliYcbcr	1.3
documents	office_fedreg-2026-10621_rule_p01_page1.png	jpegli	420	90	model_policy	43.801	92.241	0.3568	CjpegliYcbcr	1.3
documents	office_fedreg-2026-10621_rule_p01_page1.png	jpegli	420	90	model_proj	43.977	91.957	0.3480	CjpegliYcbcr	1.3
documents	office_fedreg-2026-10621_rule_p01_page1.png	jpegli	420	93	identity_off	44.880	92.747	0.3590	CjpegliYcbcr	1.0
documents	office_fedreg-2026-10621_rule_p01_page1.png	jpegli	420	93	model_policy	46.443	93.466	0.2652	CjpegliYcbcr	1.0
documents	office_fedreg-2026-10621_rule_p01_page1.png	jpegli	420	93	model_proj	46.666	93.054	0.2593	CjpegliYcbcr	1.0
documents	office_fedreg-2026-10621_rule_p01_page1.png	jpegli	420	96	identity_off	49.264	94.488	0.2323	CjpegliYcbcr	0.5
documents	office_fedreg-2026-10621_rule_p01_page1.png	jpegli	420	96	model_policy	50.190	94.633	0.1810	CjpegliYcbcr	0.5
documents	office_fedreg-2026-10621_rule_p01_page1.png	jpegli	420	96	model_proj	49.264	94.488	0.2323	CjpegliYcbcr	0.5
documents	office_fedreg-2026-10621_rule_p01_page1.png	jpegli	444	85	identity_off	40.281	89.265	0.5671	CjpegliYcbcr	1.4
documents	office_fedreg-2026-10621_rule_p01_page1.png	jpegli	444	85	model_policy	42.441	91.443	0.4271	CjpegliYcbcr	1.4
documents	office_fedreg-2026-10621_rule_p01_page1.png	jpegli	444	85	model_proj	42.609	91.692	0.4067	CjpegliYcbcr	1.4
documents	office_fedreg-2026-10621_rule_p01_page1.png	jpegli	444	90	identity_off	43.582	91.866	0.4067	CjpegliYcbcr	1.1
documents	office_fedreg-2026-10621_rule_p01_page1.png	jpegli	444	90	model_policy	45.324	93.006	0.3034	CjpegliYcbcr	1.1
documents	office_fedreg-2026-10621_rule_p01_page1.png	jpegli	444	90	model_proj	45.482	93.124	0.2889	CjpegliYcbcr	1.1
documents	office_fedreg-2026-10621_rule_p01_page1.png	jpegli	444	93	identity_off	46.698	93.515	0.2971	CjpegliYcbcr	0.7
documents	office_fedreg-2026-10621_rule_p01_page1.png	jpegli	444	93	model_policy	48.027	93.926	0.2223	CjpegliYcbcr	0.7
documents	office_fedreg-2026-10621_rule_p01_page1.png	jpegli	444	93	model_proj	48.117	94.011	0.2181	CjpegliYcbcr	0.7
documents	office_fedreg-2026-10621_rule_p01_page1.png	jpegli	444	96	identity_off	51.196	95.038	0.1942	CjpegliYcbcr	0.3
documents	office_fedreg-2026-10621_rule_p01_page1.png	jpegli	444	96	model_policy	51.811	94.941	0.1574	CjpegliYcbcr	0.3
documents	office_fedreg-2026-10621_rule_p01_page1.png	jpegli	444	96	model_proj	51.196	95.038	0.1942	CjpegliYcbcr	0.3
documents	office_fedreg-2026-10621_rule_p01_page1.png	zenjpeg	420	85	identity_off	40.336	91.381	0.4203	CjpegliYcbcr	1.8
documents	office_fedreg-2026-10621_rule_p01_page1.png	zenjpeg	420	85	model_policy	41.571	92.059	0.3814	CjpegliYcbcr	1.8
documents	office_fedreg-2026-10621_rule_p01_page1.png	zenjpeg	420	85	model_proj	40.699	92.078	0.4510	CjpegliYcbcr	1.8
documents	office_fedreg-2026-10621_rule_p01_page1.png	zenjpeg	420	90	identity_off	43.748	93.086	0.2829	CjpegliYcbcr	1.3
documents	office_fedreg-2026-10621_rule_p01_page1.png	zenjpeg	420	90	model_policy	44.546	93.324	0.2703	CjpegliYcbcr	1.3
documents	office_fedreg-2026-10621_rule_p01_page1.png	zenjpeg	420	90	model_proj	43.413	93.072	0.3421	CjpegliYcbcr	1.3
documents	office_fedreg-2026-10621_rule_p01_page1.png	zenjpeg	420	93	identity_off	46.959	94.175	0.1968	CjpegliYcbcr	1.0
documents	office_fedreg-2026-10621_rule_p01_page1.png	zenjpeg	420	93	model_policy	47.490	94.189	0.1920	CjpegliYcbcr	1.0
documents	office_fedreg-2026-10621_rule_p01_page1.png	zenjpeg	420	93	model_proj	46.203	93.987	0.2500	CjpegliYcbcr	1.0
documents	office_fedreg-2026-10621_rule_p01_page1.png	zenjpeg	420	96	identity_off	51.402	95.147	0.1298	CjpegliYcbcr	0.5
documents	office_fedreg-2026-10621_rule_p01_page1.png	zenjpeg	420	96	model_policy	51.608	95.137	0.1333	CjpegliYcbcr	0.5
documents	office_fedreg-2026-10621_rule_p01_page1.png	zenjpeg	420	96	model_proj	51.402	95.147	0.1298	CjpegliYcbcr	0.5
documents	office_fedreg-2026-10621_rule_p01_page1.png	zenjpeg	444	85	identity_off	42.054	92.386	0.3457	CjpegliYcbcr	1.4
documents	office_fedreg-2026-10621_rule_p01_page1.png	zenjpeg	444	85	model_policy	43.091	92.746	0.3269	CjpegliYcbcr	1.4
documents	office_fedreg-2026-10621_rule_p01_page1.png	zenjpeg	444	85	model_proj	42.359	92.865	0.3739	CjpegliYcbcr	1.4
documents	office_fedreg-2026-10621_rule_p01_page1.png	zenjpeg	444	90	identity_off	45.493	93.729	0.2382	CjpegliYcbcr	1.1
documents	office_fedreg-2026-10621_rule_p01_page1.png	zenjpeg	444	90	model_policy	46.183	93.859	0.2279	CjpegliYcbcr	1.1
documents	office_fedreg-2026-10621_rule_p01_page1.png	zenjpeg	444	90	model_proj	45.421	93.858	0.2716	CjpegliYcbcr	1.1
documents	office_fedreg-2026-10621_rule_p01_page1.png	zenjpeg	444	93	identity_off	48.905	94.639	0.1636	CjpegliYcbcr	0.7
documents	office_fedreg-2026-10621_rule_p01_page1.png	zenjpeg	444	93	model_policy	49.267	94.562	0.1613	CjpegliYcbcr	0.7
documents	office_fedreg-2026-10621_rule_p01_page1.png	zenjpeg	444	93	model_proj	47.912	94.463	0.2316	CjpegliYcbcr	0.7
documents	office_fedreg-2026-10621_rule_p01_page1.png	zenjpeg	444	96	identity_off	53.613	95.602	0.1060	CjpegliYcbcr	0.3
documents	office_fedreg-2026-10621_rule_p01_page1.png	zenjpeg	444	96	model_policy	53.628	95.494	0.1128	CjpegliYcbcr	0.3
documents	office_fedreg-2026-10621_rule_p01_page1.png	zenjpeg	444	96	model_proj	53.613	95.602	0.1060	CjpegliYcbcr	0.3
art-scans	haeckel_0007_cephalopods.png	turbo	420	85	identity_off	36.843	84.184	0.8909	ImageMagick	85.0
art-scans	haeckel_0007_cephalopods.png	turbo	420	85	model_policy	37.033	84.410	0.8730	ImageMagick	85.0
art-scans	haeckel_0007_cephalopods.png	turbo	420	85	model_proj	37.061	84.540	0.8497	ImageMagick	85.0
art-scans	haeckel_0007_cephalopods.png	turbo	420	90	identity_off	38.299	86.422	0.8286	ImageMagick	90.0
art-scans	haeckel_0007_cephalopods.png	turbo	420	90	model_policy	38.416	86.578	0.8185	ImageMagick	90.0
art-scans	haeckel_0007_cephalopods.png	turbo	420	90	model_proj	38.497	86.771	0.7405	ImageMagick	90.0
art-scans	haeckel_0007_cephalopods.png	turbo	420	93	identity_off	39.397	87.724	0.7894	ImageMagick	93.0
art-scans	haeckel_0007_cephalopods.png	turbo	420	93	model_policy	39.458	87.750	0.7855	ImageMagick	93.0
art-scans	haeckel_0007_cephalopods.png	turbo	420	93	model_proj	39.623	88.295	0.6650	ImageMagick	93.0
art-scans	haeckel_0007_cephalopods.png	turbo	420	96	identity_off	40.679	88.546	0.7778	ImageMagick	96.0
art-scans	haeckel_0007_cephalopods.png	turbo	420	96	model_policy	40.688	88.614	0.7761	ImageMagick	96.0
art-scans	haeckel_0007_cephalopods.png	turbo	420	96	model_proj	40.679	88.546	0.7778	ImageMagick	96.0
art-scans	haeckel_0007_cephalopods.png	turbo	444	85	identity_off	40.147	87.652	0.6246	ImageMagick	85.0
art-scans	haeckel_0007_cephalopods.png	turbo	444	85	model_policy	40.568	88.021	0.6634	ImageMagick	85.0
art-scans	haeckel_0007_cephalopods.png	turbo	444	85	model_proj	40.593	88.084	0.5981	ImageMagick	85.0
art-scans	haeckel_0007_cephalopods.png	turbo	444	90	identity_off	41.948	89.487	0.5267	ImageMagick	90.0
art-scans	haeckel_0007_cephalopods.png	turbo	444	90	model_policy	42.281	89.712	0.5149	ImageMagick	90.0
art-scans	haeckel_0007_cephalopods.png	turbo	444	90	model_proj	42.316	89.654	0.5084	ImageMagick	90.0
art-scans	haeckel_0007_cephalopods.png	turbo	444	93	identity_off	43.552	90.641	0.4790	ImageMagick	93.0
art-scans	haeckel_0007_cephalopods.png	turbo	444	93	model_policy	43.771	90.515	0.4978	ImageMagick	93.0
art-scans	haeckel_0007_cephalopods.png	turbo	444	93	model_proj	43.830	90.537	0.4756	ImageMagick	93.0
art-scans	haeckel_0007_cephalopods.png	turbo	444	96	identity_off	46.151	91.680	0.4515	ImageMagick	96.0
art-scans	haeckel_0007_cephalopods.png	turbo	444	96	model_policy	46.236	91.833	0.4566	ImageMagick	96.0
art-scans	haeckel_0007_cephalopods.png	turbo	444	96	model_proj	46.151	91.680	0.4515	ImageMagick	96.0
art-scans	haeckel_0007_cephalopods.png	mozjpeg	420	85	identity_off	37.305	83.856	0.9760	Mozjpeg	85.0
art-scans	haeckel_0007_cephalopods.png	mozjpeg	420	85	model_policy	37.430	84.077	0.9613	Mozjpeg	85.0
art-scans	haeckel_0007_cephalopods.png	mozjpeg	420	85	model_proj	37.514	84.257	0.8758	Mozjpeg	85.0
art-scans	haeckel_0007_cephalopods.png	mozjpeg	420	90	identity_off	38.521	86.254	0.8873	Mozjpeg	90.0
art-scans	haeckel_0007_cephalopods.png	mozjpeg	420	90	model_policy	38.551	86.199	0.8755	Mozjpeg	90.0
art-scans	haeckel_0007_cephalopods.png	mozjpeg	420	90	model_proj	38.740	86.635	0.7567	Mozjpeg	90.0
art-scans	haeckel_0007_cephalopods.png	mozjpeg	420	93	identity_off	39.427	87.301	0.8239	Mozjpeg	93.0
art-scans	haeckel_0007_cephalopods.png	mozjpeg	420	93	model_policy	39.424	87.332	0.8189	Mozjpeg	93.0
art-scans	haeckel_0007_cephalopods.png	mozjpeg	420	93	model_proj	39.749	87.773	0.6661	Mozjpeg	93.0
art-scans	haeckel_0007_cephalopods.png	mozjpeg	420	96	identity_off	40.590	88.324	0.7858	Mozjpeg	96.0
art-scans	haeckel_0007_cephalopods.png	mozjpeg	420	96	model_policy	40.555	88.193	0.7844	Mozjpeg	96.0
art-scans	haeckel_0007_cephalopods.png	mozjpeg	420	96	model_proj	40.590	88.324	0.7858	Mozjpeg	96.0
art-scans	haeckel_0007_cephalopods.png	mozjpeg	444	85	identity_off	40.136	86.626	0.6824	Mozjpeg	85.0
art-scans	haeckel_0007_cephalopods.png	mozjpeg	444	85	model_policy	40.374	86.944	0.7265	Mozjpeg	85.0
art-scans	haeckel_0007_cephalopods.png	mozjpeg	444	85	model_proj	40.414	87.068	0.6756	Mozjpeg	85.0
art-scans	haeckel_0007_cephalopods.png	mozjpeg	444	90	identity_off	42.011	88.810	0.5735	Mozjpeg	90.0
art-scans	haeckel_0007_cephalopods.png	mozjpeg	444	90	model_policy	42.119	88.675	0.5913	Mozjpeg	90.0
art-scans	haeckel_0007_cephalopods.png	mozjpeg	444	90	model_proj	42.177	88.870	0.5651	Mozjpeg	90.0
art-scans	haeckel_0007_cephalopods.png	mozjpeg	444	93	identity_off	43.638	89.806	0.5112	Mozjpeg	93.0
art-scans	haeckel_0007_cephalopods.png	mozjpeg	444	93	model_policy	43.661	89.846	0.5159	Mozjpeg	93.0
art-scans	haeckel_0007_cephalopods.png	mozjpeg	444	93	model_proj	43.725	89.971	0.5064	Mozjpeg	93.0
art-scans	haeckel_0007_cephalopods.png	mozjpeg	444	96	identity_off	46.306	91.115	0.4666	Mozjpeg	96.0
art-scans	haeckel_0007_cephalopods.png	mozjpeg	444	96	model_policy	46.170	90.923	0.5016	Mozjpeg	96.0
art-scans	haeckel_0007_cephalopods.png	mozjpeg	444	96	model_proj	46.306	91.115	0.4666	Mozjpeg	96.0
art-scans	haeckel_0007_cephalopods.png	jpegli	420	85	identity_off	36.784	83.799	0.9183	CjpegliYcbcr	1.8
art-scans	haeckel_0007_cephalopods.png	jpegli	420	85	model_policy	36.917	83.964	0.9028	CjpegliYcbcr	1.8
art-scans	haeckel_0007_cephalopods.png	jpegli	420	85	model_proj	37.021	84.442	0.7972	CjpegliYcbcr	1.8
art-scans	haeckel_0007_cephalopods.png	jpegli	420	90	identity_off	38.188	85.816	0.8607	CjpegliYcbcr	1.3
art-scans	haeckel_0007_cephalopods.png	jpegli	420	90	model_policy	38.249	85.974	0.8473	CjpegliYcbcr	1.3
art-scans	haeckel_0007_cephalopods.png	jpegli	420	90	model_proj	38.465	86.532	0.7023	CjpegliYcbcr	1.3
art-scans	haeckel_0007_cephalopods.png	jpegli	420	93	identity_off	39.294	87.255	0.8047	CjpegliYcbcr	1.0
art-scans	haeckel_0007_cephalopods.png	jpegli	420	93	model_policy	39.311	87.401	0.7921	CjpegliYcbcr	1.0
art-scans	haeckel_0007_cephalopods.png	jpegli	420	93	model_proj	39.688	88.326	0.5972	CjpegliYcbcr	1.0
art-scans	haeckel_0007_cephalopods.png	jpegli	420	96	identity_off	40.392	88.212	0.7754	CjpegliYcbcr	0.5
art-scans	haeckel_0007_cephalopods.png	jpegli	420	96	model_policy	40.371	88.241	0.7736	CjpegliYcbcr	0.5
art-scans	haeckel_0007_cephalopods.png	jpegli	420	96	model_proj	40.392	88.212	0.7754	CjpegliYcbcr	0.5
art-scans	haeckel_0007_cephalopods.png	jpegli	444	85	identity_off	37.920	85.844	0.6727	CjpegliYcbcr	1.4
art-scans	haeckel_0007_cephalopods.png	jpegli	444	85	model_policy	38.422	86.122	0.7846	CjpegliYcbcr	1.4
art-scans	haeckel_0007_cephalopods.png	jpegli	444	85	model_proj	38.443	86.395	0.6798	CjpegliYcbcr	1.4
art-scans	haeckel_0007_cephalopods.png	jpegli	444	90	identity_off	39.806	88.100	0.5654	CjpegliYcbcr	1.1
art-scans	haeckel_0007_cephalopods.png	jpegli	444	90	model_policy	40.207	88.242	0.5673	CjpegliYcbcr	1.1
art-scans	haeckel_0007_cephalopods.png	jpegli	444	90	model_proj	40.234	88.478	0.5330	CjpegliYcbcr	1.1
art-scans	haeckel_0007_cephalopods.png	jpegli	444	93	identity_off	41.540	89.572	0.5290	CjpegliYcbcr	0.7
art-scans	haeckel_0007_cephalopods.png	jpegli	444	93	model_policy	41.804	89.268	0.5652	CjpegliYcbcr	0.7
art-scans	haeckel_0007_cephalopods.png	jpegli	444	93	model_proj	41.823	89.566	0.5208	CjpegliYcbcr	0.7
art-scans	haeckel_0007_cephalopods.png	jpegli	444	96	identity_off	43.994	90.832	0.4470	CjpegliYcbcr	0.3
art-scans	haeckel_0007_cephalopods.png	jpegli	444	96	model_policy	44.118	90.721	0.5091	CjpegliYcbcr	0.3
art-scans	haeckel_0007_cephalopods.png	jpegli	444	96	model_proj	43.994	90.832	0.4470	CjpegliYcbcr	0.3
art-scans	haeckel_0007_cephalopods.png	zenjpeg	420	85	identity_off	36.746	83.729	0.9192	CjpegliYcbcr	1.8
art-scans	haeckel_0007_cephalopods.png	zenjpeg	420	85	model_policy	36.882	83.900	0.8998	CjpegliYcbcr	1.8
art-scans	haeckel_0007_cephalopods.png	zenjpeg	420	85	model_proj	36.985	84.325	0.7922	CjpegliYcbcr	1.8
art-scans	haeckel_0007_cephalopods.png	zenjpeg	420	90	identity_off	38.143	85.909	0.8677	CjpegliYcbcr	1.3
art-scans	haeckel_0007_cephalopods.png	zenjpeg	420	90	model_policy	38.207	86.059	0.8520	CjpegliYcbcr	1.3
art-scans	haeckel_0007_cephalopods.png	zenjpeg	420	90	model_proj	38.418	86.612	0.7106	CjpegliYcbcr	1.3
art-scans	haeckel_0007_cephalopods.png	zenjpeg	420	93	identity_off	39.237	87.140	0.8208	CjpegliYcbcr	1.0
art-scans	haeckel_0007_cephalopods.png	zenjpeg	420	93	model_policy	39.257	87.152	0.8060	CjpegliYcbcr	1.0
art-scans	haeckel_0007_cephalopods.png	zenjpeg	420	93	model_proj	39.628	88.001	0.6179	CjpegliYcbcr	1.0
art-scans	haeckel_0007_cephalopods.png	zenjpeg	420	96	identity_off	40.348	88.258	0.7805	CjpegliYcbcr	0.5
art-scans	haeckel_0007_cephalopods.png	zenjpeg	420	96	model_policy	40.334	88.231	0.7760	CjpegliYcbcr	0.5
art-scans	haeckel_0007_cephalopods.png	zenjpeg	420	96	model_proj	40.348	88.258	0.7805	CjpegliYcbcr	0.5
art-scans	haeckel_0007_cephalopods.png	zenjpeg	444	85	identity_off	37.885	85.784	0.6535	CjpegliYcbcr	1.4
art-scans	haeckel_0007_cephalopods.png	zenjpeg	444	85	model_policy	38.383	86.134	0.7944	CjpegliYcbcr	1.4
art-scans	haeckel_0007_cephalopods.png	zenjpeg	444	85	model_proj	38.405	86.321	0.6886	CjpegliYcbcr	1.4
art-scans	haeckel_0007_cephalopods.png	zenjpeg	444	90	identity_off	39.748	87.944	0.5449	CjpegliYcbcr	1.1
art-scans	haeckel_0007_cephalopods.png	zenjpeg	444	90	model_policy	40.148	88.102	0.5498	CjpegliYcbcr	1.1
art-scans	haeckel_0007_cephalopods.png	zenjpeg	444	90	model_proj	40.175	88.276	0.5319	CjpegliYcbcr	1.1
art-scans	haeckel_0007_cephalopods.png	zenjpeg	444	93	identity_off	41.490	89.191	0.5013	CjpegliYcbcr	0.7
art-scans	haeckel_0007_cephalopods.png	zenjpeg	444	93	model_policy	41.755	89.390	0.5926	CjpegliYcbcr	0.7
art-scans	haeckel_0007_cephalopods.png	zenjpeg	444	93	model_proj	41.778	89.450	0.5114	CjpegliYcbcr	0.7
art-scans	haeckel_0007_cephalopods.png	zenjpeg	444	96	identity_off	43.893	90.916	0.4655	CjpegliYcbcr	0.3
art-scans	haeckel_0007_cephalopods.png	zenjpeg	444	96	model_policy	44.017	90.892	0.5281	CjpegliYcbcr	0.3
art-scans	haeckel_0007_cephalopods.png	zenjpeg	444	96	model_proj	43.893	90.916	0.4655	CjpegliYcbcr	0.3
art-scans	haeckel_0034_radiolaria-green.png	turbo	420	85	identity_off	31.309	82.438	1.0630	ImageMagick	85.0
art-scans	haeckel_0034_radiolaria-green.png	turbo	420	85	model_policy	31.655	82.798	1.0389	ImageMagick	85.0
art-scans	haeckel_0034_radiolaria-green.png	turbo	420	85	model_proj	31.808	83.094	1.0292	ImageMagick	85.0
art-scans	haeckel_0034_radiolaria-green.png	turbo	420	90	identity_off	32.426	85.108	0.8671	ImageMagick	90.0
art-scans	haeckel_0034_radiolaria-green.png	turbo	420	90	model_policy	32.604	85.284	0.8501	ImageMagick	90.0
art-scans	haeckel_0034_radiolaria-green.png	turbo	420	90	model_proj	32.948	85.853	0.8267	ImageMagick	90.0
art-scans	haeckel_0034_radiolaria-green.png	turbo	420	93	identity_off	33.163	86.979	0.7444	ImageMagick	93.0
art-scans	haeckel_0034_radiolaria-green.png	turbo	420	93	model_policy	33.260	87.011	0.7320	ImageMagick	93.0
art-scans	haeckel_0034_radiolaria-green.png	turbo	420	93	model_proj	33.853	87.855	0.6936	ImageMagick	93.0
art-scans	haeckel_0034_radiolaria-green.png	turbo	420	96	identity_off	33.967	88.335	0.6875	ImageMagick	96.0
art-scans	haeckel_0034_radiolaria-green.png	turbo	420	96	model_policy	33.994	88.346	0.6805	ImageMagick	96.0
art-scans	haeckel_0034_radiolaria-green.png	turbo	420	96	model_proj	33.967	88.335	0.6875	ImageMagick	96.0
art-scans	haeckel_0034_radiolaria-green.png	turbo	444	85	identity_off	36.206	90.258	0.5509	ImageMagick	85.0
art-scans	haeckel_0034_radiolaria-green.png	turbo	444	85	model_policy	36.404	89.540	0.5458	ImageMagick	85.0
art-scans	haeckel_0034_radiolaria-green.png	turbo	444	85	model_proj	36.542	90.214	0.5367	ImageMagick	85.0
art-scans	haeckel_0034_radiolaria-green.png	turbo	444	90	identity_off	37.975	92.088	0.4414	ImageMagick	90.0
art-scans	haeckel_0034_radiolaria-green.png	turbo	444	90	model_policy	37.946	90.853	0.4603	ImageMagick	90.0
art-scans	haeckel_0034_radiolaria-green.png	turbo	444	90	model_proj	38.135	91.908	0.4503	ImageMagick	90.0
art-scans	haeckel_0034_radiolaria-green.png	turbo	444	93	identity_off	39.621	93.355	0.3623	ImageMagick	93.0
art-scans	haeckel_0034_radiolaria-green.png	turbo	444	93	model_policy	39.407	92.139	0.3888	ImageMagick	93.0
art-scans	haeckel_0034_radiolaria-green.png	turbo	444	93	model_proj	39.625	93.156	0.3714	ImageMagick	93.0
art-scans	haeckel_0034_radiolaria-green.png	turbo	444	96	identity_off	42.545	94.972	0.2537	ImageMagick	96.0
art-scans	haeckel_0034_radiolaria-green.png	turbo	444	96	model_policy	41.632	93.037	0.3258	ImageMagick	96.0
art-scans	haeckel_0034_radiolaria-green.png	turbo	444	96	model_proj	42.545	94.972	0.2537	ImageMagick	96.0
art-scans	haeckel_0034_radiolaria-green.png	mozjpeg	420	85	identity_off	31.978	84.084	0.9251	Mozjpeg	85.0
art-scans	haeckel_0034_radiolaria-green.png	mozjpeg	420	85	model_policy	32.195	83.961	0.9334	Mozjpeg	85.0
art-scans	haeckel_0034_radiolaria-green.png	mozjpeg	420	85	model_proj	32.552	84.563	0.9016	Mozjpeg	85.0
art-scans	haeckel_0034_radiolaria-green.png	mozjpeg	420	90	identity_off	32.771	85.967	0.8121	Mozjpeg	90.0
art-scans	haeckel_0034_radiolaria-green.png	mozjpeg	420	90	model_policy	32.879	85.758	0.8214	Mozjpeg	90.0
art-scans	haeckel_0034_radiolaria-green.png	mozjpeg	420	90	model_proj	33.576	86.777	0.7690	Mozjpeg	90.0
art-scans	haeckel_0034_radiolaria-green.png	mozjpeg	420	93	identity_off	33.319	87.002	0.7406	Mozjpeg	93.0
art-scans	haeckel_0034_radiolaria-green.png	mozjpeg	420	93	model_policy	33.364	86.799	0.7431	Mozjpeg	93.0
art-scans	haeckel_0034_radiolaria-green.png	mozjpeg	420	93	model_proj	34.392	88.143	0.6745	Mozjpeg	93.0
art-scans	haeckel_0034_radiolaria-green.png	mozjpeg	420	96	identity_off	33.922	88.265	0.6813	Mozjpeg	96.0
art-scans	haeckel_0034_radiolaria-green.png	mozjpeg	420	96	model_policy	33.922	88.131	0.6780	Mozjpeg	96.0
art-scans	haeckel_0034_radiolaria-green.png	mozjpeg	420	96	model_proj	33.922	88.265	0.6813	Mozjpeg	96.0
art-scans	haeckel_0034_radiolaria-green.png	mozjpeg	444	85	identity_off	37.632	89.906	0.5767	Mozjpeg	85.0
art-scans	haeckel_0034_radiolaria-green.png	mozjpeg	444	85	model_policy	36.790	88.289	0.6301	Mozjpeg	85.0
art-scans	haeckel_0034_radiolaria-green.png	mozjpeg	444	85	model_proj	37.114	89.151	0.6003	Mozjpeg	85.0
art-scans	haeckel_0034_radiolaria-green.png	mozjpeg	444	90	identity_off	39.621	91.882	0.4579	Mozjpeg	90.0
art-scans	haeckel_0034_radiolaria-green.png	mozjpeg	444	90	model_policy	38.352	89.746	0.5282	Mozjpeg	90.0
art-scans	haeckel_0034_radiolaria-green.png	mozjpeg	444	90	model_proj	38.869	91.077	0.4957	Mozjpeg	90.0
art-scans	haeckel_0034_radiolaria-green.png	mozjpeg	444	93	identity_off	41.337	93.168	0.3701	Mozjpeg	93.0
art-scans	haeckel_0034_radiolaria-green.png	mozjpeg	444	93	model_policy	39.770	90.921	0.4817	Mozjpeg	93.0
art-scans	haeckel_0034_radiolaria-green.png	mozjpeg	444	93	model_proj	40.409	92.451	0.4275	Mozjpeg	93.0
art-scans	haeckel_0034_radiolaria-green.png	mozjpeg	444	96	identity_off	44.188	94.772	0.2611	Mozjpeg	96.0
art-scans	haeckel_0034_radiolaria-green.png	mozjpeg	444	96	model_policy	41.684	92.111	0.4056	Mozjpeg	96.0
art-scans	haeckel_0034_radiolaria-green.png	mozjpeg	444	96	model_proj	44.188	94.772	0.2611	Mozjpeg	96.0
art-scans	haeckel_0034_radiolaria-green.png	jpegli	420	85	identity_off	30.862	83.445	0.8903	CjpegliYcbcr	1.8
art-scans	haeckel_0034_radiolaria-green.png	jpegli	420	85	model_policy	31.270	83.365	0.9123	CjpegliYcbcr	1.8
art-scans	haeckel_0034_radiolaria-green.png	jpegli	420	85	model_proj	31.399	83.902	0.8772	CjpegliYcbcr	1.8
art-scans	haeckel_0034_radiolaria-green.png	jpegli	420	90	identity_off	31.903	85.754	0.7708	CjpegliYcbcr	1.3
art-scans	haeckel_0034_radiolaria-green.png	jpegli	420	90	model_policy	32.150	85.534	0.7990	CjpegliYcbcr	1.3
art-scans	haeckel_0034_radiolaria-green.png	jpegli	420	90	model_proj	32.501	86.501	0.7350	CjpegliYcbcr	1.3
art-scans	haeckel_0034_radiolaria-green.png	jpegli	420	93	identity_off	32.665	87.138	0.7186	CjpegliYcbcr	1.0
art-scans	haeckel_0034_radiolaria-green.png	jpegli	420	93	model_policy	32.812	86.929	0.7210	CjpegliYcbcr	1.0
art-scans	haeckel_0034_radiolaria-green.png	jpegli	420	93	model_proj	33.490	88.282	0.6266	CjpegliYcbcr	1.0
art-scans	haeckel_0034_radiolaria-green.png	jpegli	420	96	identity_off	33.454	88.169	0.6727	CjpegliYcbcr	0.5
art-scans	haeckel_0034_radiolaria-green.png	jpegli	420	96	model_policy	33.508	88.077	0.6699	CjpegliYcbcr	0.5
art-scans	haeckel_0034_radiolaria-green.png	jpegli	420	96	model_proj	33.454	88.169	0.6727	CjpegliYcbcr	0.5
art-scans	haeckel_0034_radiolaria-green.png	jpegli	444	85	identity_off	32.687	86.967	0.6820	CjpegliYcbcr	1.4
art-scans	haeckel_0034_radiolaria-green.png	jpegli	444	85	model_policy	33.306	86.658	0.7141	CjpegliYcbcr	1.4
art-scans	haeckel_0034_radiolaria-green.png	jpegli	444	85	model_proj	33.332	86.969	0.7046	CjpegliYcbcr	1.4
art-scans	haeckel_0034_radiolaria-green.png	jpegli	444	90	identity_off	34.563	89.863	0.5029	CjpegliYcbcr	1.1
art-scans	haeckel_0034_radiolaria-green.png	jpegli	444	90	model_policy	34.897	89.151	0.5761	CjpegliYcbcr	1.1
art-scans	haeckel_0034_radiolaria-green.png	jpegli	444	90	model_proj	34.942	89.630	0.5542	CjpegliYcbcr	1.1
art-scans	haeckel_0034_radiolaria-green.png	jpegli	444	93	identity_off	36.230	91.775	0.3910	CjpegliYcbcr	0.7
art-scans	haeckel_0034_radiolaria-green.png	jpegli	444	93	model_policy	36.283	90.512	0.5632	CjpegliYcbcr	0.7
art-scans	haeckel_0034_radiolaria-green.png	jpegli	444	93	model_proj	36.360	91.342	0.4780	CjpegliYcbcr	0.7
art-scans	haeckel_0034_radiolaria-green.png	jpegli	444	96	identity_off	38.532	93.851	0.2727	CjpegliYcbcr	0.3
art-scans	haeckel_0034_radiolaria-green.png	jpegli	444	96	model_policy	38.196	92.077	0.4047	CjpegliYcbcr	0.3
art-scans	haeckel_0034_radiolaria-green.png	jpegli	444	96	model_proj	38.532	93.851	0.2727	CjpegliYcbcr	0.3
art-scans	haeckel_0034_radiolaria-green.png	zenjpeg	420	85	identity_off	30.816	83.366	0.9002	CjpegliYcbcr	1.8
art-scans	haeckel_0034_radiolaria-green.png	zenjpeg	420	85	model_policy	31.231	83.301	0.9197	CjpegliYcbcr	1.8
art-scans	haeckel_0034_radiolaria-green.png	zenjpeg	420	85	model_proj	31.361	83.824	0.8816	CjpegliYcbcr	1.8
art-scans	haeckel_0034_radiolaria-green.png	zenjpeg	420	90	identity_off	31.861	85.628	0.7819	CjpegliYcbcr	1.3
art-scans	haeckel_0034_radiolaria-green.png	zenjpeg	420	90	model_policy	32.117	85.468	0.8179	CjpegliYcbcr	1.3
art-scans	haeckel_0034_radiolaria-green.png	zenjpeg	420	90	model_proj	32.466	86.434	0.7429	CjpegliYcbcr	1.3
art-scans	haeckel_0034_radiolaria-green.png	zenjpeg	420	93	identity_off	32.619	87.100	0.7162	CjpegliYcbcr	1.0
art-scans	haeckel_0034_radiolaria-green.png	zenjpeg	420	93	model_policy	32.769	86.879	0.7179	CjpegliYcbcr	1.0
art-scans	haeckel_0034_radiolaria-green.png	zenjpeg	420	93	model_proj	33.443	88.152	0.6344	CjpegliYcbcr	1.0
art-scans	haeckel_0034_radiolaria-green.png	zenjpeg	420	96	identity_off	33.427	88.222	0.6671	CjpegliYcbcr	0.5
art-scans	haeckel_0034_radiolaria-green.png	zenjpeg	420	96	model_policy	33.481	88.060	0.6660	CjpegliYcbcr	0.5
art-scans	haeckel_0034_radiolaria-green.png	zenjpeg	420	96	model_proj	33.427	88.222	0.6671	CjpegliYcbcr	0.5
art-scans	haeckel_0034_radiolaria-green.png	zenjpeg	444	85	identity_off	32.608	86.836	0.6823	CjpegliYcbcr	1.4
art-scans	haeckel_0034_radiolaria-green.png	zenjpeg	444	85	model_policy	33.241	86.563	0.7186	CjpegliYcbcr	1.4
art-scans	haeckel_0034_radiolaria-green.png	zenjpeg	444	85	model_proj	33.267	86.871	0.7110	CjpegliYcbcr	1.4
art-scans	haeckel_0034_radiolaria-green.png	zenjpeg	444	90	identity_off	34.471	89.675	0.5118	CjpegliYcbcr	1.1
art-scans	haeckel_0034_radiolaria-green.png	zenjpeg	444	90	model_policy	34.816	89.071	0.5845	CjpegliYcbcr	1.1
art-scans	haeckel_0034_radiolaria-green.png	zenjpeg	444	90	model_proj	34.863	89.527	0.5541	CjpegliYcbcr	1.1
art-scans	haeckel_0034_radiolaria-green.png	zenjpeg	444	93	identity_off	36.135	91.733	0.3960	CjpegliYcbcr	0.7
art-scans	haeckel_0034_radiolaria-green.png	zenjpeg	444	93	model_policy	36.206	90.505	0.4962	CjpegliYcbcr	0.7
art-scans	haeckel_0034_radiolaria-green.png	zenjpeg	444	93	model_proj	36.282	91.348	0.4564	CjpegliYcbcr	0.7
art-scans	haeckel_0034_radiolaria-green.png	zenjpeg	444	96	identity_off	38.429	93.718	0.2790	CjpegliYcbcr	0.3
art-scans	haeckel_0034_radiolaria-green.png	zenjpeg	444	96	model_policy	38.118	92.038	0.4060	CjpegliYcbcr	0.3
art-scans	haeckel_0034_radiolaria-green.png	zenjpeg	444	96	model_proj	38.429	93.718	0.2790	CjpegliYcbcr	0.3
art-scans	haeckel_0040_starfish.png	turbo	420	85	identity_off	29.237	72.362	1.8536	ImageMagick	85.0
art-scans	haeckel_0040_starfish.png	turbo	420	85	model_policy	29.307	72.654	1.8302	ImageMagick	85.0
art-scans	haeckel_0040_starfish.png	turbo	420	85	model_proj	29.439	73.340	1.7968	ImageMagick	85.0
art-scans	haeckel_0040_starfish.png	turbo	420	90	identity_off	29.983	75.576	1.6401	ImageMagick	90.0
art-scans	haeckel_0040_starfish.png	turbo	420	90	model_policy	30.015	75.750	1.6269	ImageMagick	90.0
art-scans	haeckel_0040_starfish.png	turbo	420	90	model_proj	30.334	77.115	1.5240	ImageMagick	90.0
art-scans	haeckel_0040_starfish.png	turbo	420	93	identity_off	30.432	77.072	1.5581	ImageMagick	93.0
art-scans	haeckel_0040_starfish.png	turbo	420	93	model_policy	30.449	77.181	1.5502	ImageMagick	93.0
art-scans	haeckel_0040_starfish.png	turbo	420	93	model_proj	31.047	79.584	1.3742	ImageMagick	93.0
art-scans	haeckel_0040_starfish.png	turbo	420	96	identity_off	30.851	78.442	1.4944	ImageMagick	96.0
art-scans	haeckel_0040_starfish.png	turbo	420	96	model_policy	30.858	78.535	1.4900	ImageMagick	96.0
art-scans	haeckel_0040_starfish.png	turbo	420	96	model_proj	30.851	78.442	1.4944	ImageMagick	96.0
art-scans	haeckel_0040_starfish.png	turbo	444	85	identity_off	34.744	88.068	0.8168	ImageMagick	85.0
art-scans	haeckel_0040_starfish.png	turbo	444	85	model_policy	34.885	87.711	0.8854	ImageMagick	85.0
art-scans	haeckel_0040_starfish.png	turbo	444	85	model_proj	34.937	88.109	0.8084	ImageMagick	85.0
art-scans	haeckel_0040_starfish.png	turbo	444	90	identity_off	36.797	90.612	0.6411	ImageMagick	90.0
art-scans	haeckel_0040_starfish.png	turbo	444	90	model_policy	36.828	90.069	0.7919	ImageMagick	90.0
art-scans	haeckel_0040_starfish.png	turbo	444	90	model_proj	36.897	90.453	0.6523	ImageMagick	90.0
art-scans	haeckel_0040_starfish.png	turbo	444	93	identity_off	38.702	92.077	0.5265	ImageMagick	93.0
art-scans	haeckel_0040_starfish.png	turbo	444	93	model_policy	38.625	91.472	0.6880	ImageMagick	93.0
art-scans	haeckel_0040_starfish.png	turbo	444	93	model_proj	38.720	91.903	0.5410	ImageMagick	93.0
art-scans	haeckel_0040_starfish.png	turbo	444	96	identity_off	41.901	94.092	0.3768	ImageMagick	96.0
art-scans	haeckel_0040_starfish.png	turbo	444	96	model_policy	41.540	92.846	0.6438	ImageMagick	96.0
art-scans	haeckel_0040_starfish.png	turbo	444	96	model_proj	41.901	94.092	0.3768	ImageMagick	96.0
art-scans	haeckel_0040_starfish.png	mozjpeg	420	85	identity_off	29.392	73.867	1.7414	Mozjpeg	85.0
art-scans	haeckel_0040_starfish.png	mozjpeg	420	85	model_policy	29.439	73.878	1.7229	Mozjpeg	85.0
art-scans	haeckel_0040_starfish.png	mozjpeg	420	85	model_proj	29.805	75.540	1.6038	Mozjpeg	85.0
art-scans	haeckel_0040_starfish.png	mozjpeg	420	90	identity_off	30.003	75.982	1.6228	Mozjpeg	90.0
art-scans	haeckel_0040_starfish.png	mozjpeg	420	90	model_policy	30.022	76.016	1.6098	Mozjpeg	90.0
art-scans	haeckel_0040_starfish.png	mozjpeg	420	90	model_proj	30.701	78.766	1.4035	Mozjpeg	90.0
art-scans	haeckel_0040_starfish.png	mozjpeg	420	93	identity_off	30.384	77.265	1.5601	Mozjpeg	93.0
art-scans	haeckel_0040_starfish.png	mozjpeg	420	93	model_policy	30.393	77.270	1.5508	Mozjpeg	93.0
art-scans	haeckel_0040_starfish.png	mozjpeg	420	93	model_proj	31.389	81.116	1.2651	Mozjpeg	93.0
art-scans	haeckel_0040_starfish.png	mozjpeg	420	96	identity_off	30.771	78.360	1.5032	Mozjpeg	96.0
art-scans	haeckel_0040_starfish.png	mozjpeg	420	96	model_policy	30.773	78.384	1.4978	Mozjpeg	96.0
art-scans	haeckel_0040_starfish.png	mozjpeg	420	96	model_proj	30.771	78.360	1.5032	Mozjpeg	96.0
art-scans	haeckel_0040_starfish.png	mozjpeg	444	85	identity_off	37.096	89.438	0.6439	Mozjpeg	85.0
art-scans	haeckel_0040_starfish.png	mozjpeg	444	85	model_policy	36.558	87.914	0.9158	Mozjpeg	85.0
art-scans	haeckel_0040_starfish.png	mozjpeg	444	85	model_proj	36.768	88.478	0.7411	Mozjpeg	85.0
art-scans	haeckel_0040_starfish.png	mozjpeg	444	90	identity_off	39.192	91.749	0.5010	Mozjpeg	90.0
art-scans	haeckel_0040_starfish.png	mozjpeg	444	90	model_policy	38.543	90.030	0.8668	Mozjpeg	90.0
art-scans	haeckel_0040_starfish.png	mozjpeg	444	90	model_proj	38.795	90.812	0.5959	Mozjpeg	90.0
art-scans	haeckel_0040_starfish.png	mozjpeg	444	93	identity_off	40.949	93.039	0.4140	Mozjpeg	93.0
art-scans	haeckel_0040_starfish.png	mozjpeg	444	93	model_policy	40.187	91.372	0.6639	Mozjpeg	93.0
art-scans	haeckel_0040_starfish.png	mozjpeg	444	93	model_proj	40.470	92.068	0.5080	Mozjpeg	93.0
art-scans	haeckel_0040_starfish.png	mozjpeg	444	96	identity_off	43.756	94.466	0.3312	Mozjpeg	96.0
art-scans	haeckel_0040_starfish.png	mozjpeg	444	96	model_policy	42.566	92.433	0.6870	Mozjpeg	96.0
art-scans	haeckel_0040_starfish.png	mozjpeg	444	96	model_proj	43.756	94.466	0.3312	Mozjpeg	96.0
art-scans	haeckel_0040_starfish.png	jpegli	420	85	identity_off	29.419	75.224	1.6314	CjpegliYcbcr	1.8
art-scans	haeckel_0040_starfish.png	jpegli	420	85	model_policy	29.458	74.850	1.6404	CjpegliYcbcr	1.8
art-scans	haeckel_0040_starfish.png	jpegli	420	85	model_proj	30.040	77.580	1.4390	CjpegliYcbcr	1.8
art-scans	haeckel_0040_starfish.png	jpegli	420	90	identity_off	29.994	77.100	1.5574	CjpegliYcbcr	1.3
art-scans	haeckel_0040_starfish.png	jpegli	420	90	model_policy	30.013	76.941	1.5490	CjpegliYcbcr	1.3
art-scans	haeckel_0040_starfish.png	jpegli	420	90	model_proj	30.999	81.315	1.2282	CjpegliYcbcr	1.3
art-scans	haeckel_0040_starfish.png	jpegli	420	93	identity_off	30.363	77.903	1.5176	CjpegliYcbcr	1.0
art-scans	haeckel_0040_starfish.png	jpegli	420	93	model_policy	30.374	77.862	1.5095	CjpegliYcbcr	1.0
art-scans	haeckel_0040_starfish.png	jpegli	420	93	model_proj	31.733	83.492	1.1021	CjpegliYcbcr	1.0
art-scans	haeckel_0040_starfish.png	jpegli	420	96	identity_off	30.686	78.583	1.4897	CjpegliYcbcr	0.5
art-scans	haeckel_0040_starfish.png	jpegli	420	96	model_policy	30.690	78.563	1.4845	CjpegliYcbcr	0.5
art-scans	haeckel_0040_starfish.png	jpegli	420	96	model_proj	30.686	78.583	1.4897	CjpegliYcbcr	0.5
art-scans	haeckel_0040_starfish.png	jpegli	444	85	identity_off	32.856	85.323	0.9640	CjpegliYcbcr	1.4
art-scans	haeckel_0040_starfish.png	jpegli	444	85	model_policy	32.987	84.556	1.0694	CjpegliYcbcr	1.4
art-scans	haeckel_0040_starfish.png	jpegli	444	85	model_proj	33.004	84.739	1.0291	CjpegliYcbcr	1.4
art-scans	haeckel_0040_starfish.png	jpegli	444	90	identity_off	34.913	88.586	0.7372	CjpegliYcbcr	1.1
art-scans	haeckel_0040_starfish.png	jpegli	444	90	model_policy	34.914	87.962	0.9242	CjpegliYcbcr	1.1
art-scans	haeckel_0040_starfish.png	jpegli	444	90	model_proj	34.941	88.273	0.8040	CjpegliYcbcr	1.1
art-scans	haeckel_0040_starfish.png	jpegli	444	93	identity_off	36.770	90.777	0.5867	CjpegliYcbcr	0.7
art-scans	haeckel_0040_starfish.png	jpegli	444	93	model_policy	36.663	89.880	0.7994	CjpegliYcbcr	0.7
art-scans	haeckel_0040_starfish.png	jpegli	444	93	model_proj	36.705	90.356	0.6636	CjpegliYcbcr	0.7
art-scans	haeckel_0040_starfish.png	jpegli	444	96	identity_off	39.394	93.268	0.4192	CjpegliYcbcr	0.3
art-scans	haeckel_0040_starfish.png	jpegli	444	96	model_policy	39.069	91.735	0.6754	CjpegliYcbcr	0.3
art-scans	haeckel_0040_starfish.png	jpegli	444	96	model_proj	39.394	93.268	0.4192	CjpegliYcbcr	0.3
art-scans	haeckel_0040_starfish.png	zenjpeg	420	85	identity_off	29.403	75.169	1.6319	CjpegliYcbcr	1.8
art-scans	haeckel_0040_starfish.png	zenjpeg	420	85	model_policy	29.441	74.826	1.6423	CjpegliYcbcr	1.8
art-scans	haeckel_0040_starfish.png	zenjpeg	420	85	model_proj	30.022	77.551	1.4332	CjpegliYcbcr	1.8
art-scans	haeckel_0040_starfish.png	zenjpeg	420	90	identity_off	29.982	77.083	1.5569	CjpegliYcbcr	1.3
art-scans	haeckel_0040_starfish.png	zenjpeg	420	90	model_policy	30.004	76.966	1.5496	CjpegliYcbcr	1.3
art-scans	haeckel_0040_starfish.png	zenjpeg	420	90	model_proj	30.985	81.284	1.2286	CjpegliYcbcr	1.3
art-scans	haeckel_0040_starfish.png	zenjpeg	420	93	identity_off	30.353	77.850	1.5154	CjpegliYcbcr	1.0
art-scans	haeckel_0040_starfish.png	zenjpeg	420	93	model_policy	30.364	77.813	1.5083	CjpegliYcbcr	1.0
art-scans	haeckel_0040_starfish.png	zenjpeg	420	93	model_proj	31.721	83.421	1.1031	CjpegliYcbcr	1.0
art-scans	haeckel_0040_starfish.png	zenjpeg	420	96	identity_off	30.678	78.528	1.4892	CjpegliYcbcr	0.5
art-scans	haeckel_0040_starfish.png	zenjpeg	420	96	model_policy	30.681	78.523	1.4840	CjpegliYcbcr	0.5
art-scans	haeckel_0040_starfish.png	zenjpeg	420	96	model_proj	30.678	78.528	1.4892	CjpegliYcbcr	0.5
art-scans	haeckel_0040_starfish.png	zenjpeg	444	85	identity_off	32.812	85.254	0.9725	CjpegliYcbcr	1.4
art-scans	haeckel_0040_starfish.png	zenjpeg	444	85	model_policy	32.938	84.320	1.0877	CjpegliYcbcr	1.4
art-scans	haeckel_0040_starfish.png	zenjpeg	444	85	model_proj	32.955	84.544	1.0391	CjpegliYcbcr	1.4
art-scans	haeckel_0040_starfish.png	zenjpeg	444	90	identity_off	34.860	88.521	0.7467	CjpegliYcbcr	1.1
art-scans	haeckel_0040_starfish.png	zenjpeg	444	90	model_policy	34.876	87.940	0.8782	CjpegliYcbcr	1.1
art-scans	haeckel_0040_starfish.png	zenjpeg	444	90	model_proj	34.899	88.135	0.8075	CjpegliYcbcr	1.1
art-scans	haeckel_0040_starfish.png	zenjpeg	444	93	identity_off	36.700	90.705	0.5906	CjpegliYcbcr	0.7
art-scans	haeckel_0040_starfish.png	zenjpeg	444	93	model_policy	36.590	89.919	0.7752	CjpegliYcbcr	0.7
art-scans	haeckel_0040_starfish.png	zenjpeg	444	93	model_proj	36.634	90.299	0.6665	CjpegliYcbcr	0.7
art-scans	haeckel_0040_starfish.png	zenjpeg	444	96	identity_off	39.303	93.168	0.4292	CjpegliYcbcr	0.3
art-scans	haeckel_0040_starfish.png	zenjpeg	444	96	model_policy	39.004	91.800	0.7227	CjpegliYcbcr	0.3
art-scans	haeckel_0040_starfish.png	zenjpeg	444	96	model_proj	39.303	93.168	0.4292	CjpegliYcbcr	0.3
maps	nps_nps-bibe-2023-Wild-and-Scenic-Rivers-Brochure_p01.png	turbo	420	85	identity_off	38.013	80.416	0.9786	ImageMagick	85.0
maps	nps_nps-bibe-2023-Wild-and-Scenic-Rivers-Brochure_p01.png	turbo	420	85	model_policy	40.489	84.322	0.7627	ImageMagick	85.0
maps	nps_nps-bibe-2023-Wild-and-Scenic-Rivers-Brochure_p01.png	turbo	420	85	model_proj	40.510	84.313	0.7588	ImageMagick	85.0
maps	nps_nps-bibe-2023-Wild-and-Scenic-Rivers-Brochure_p01.png	turbo	420	90	identity_off	39.996	83.911	0.7953	ImageMagick	90.0
maps	nps_nps-bibe-2023-Wild-and-Scenic-Rivers-Brochure_p01.png	turbo	420	90	model_policy	42.269	86.763	0.6858	ImageMagick	90.0
maps	nps_nps-bibe-2023-Wild-and-Scenic-Rivers-Brochure_p01.png	turbo	420	90	model_proj	42.306	86.928	0.6841	ImageMagick	90.0
maps	nps_nps-bibe-2023-Wild-and-Scenic-Rivers-Brochure_p01.png	turbo	420	93	identity_off	41.574	86.059	0.6712	ImageMagick	93.0
maps	nps_nps-bibe-2023-Wild-and-Scenic-Rivers-Brochure_p01.png	turbo	420	93	model_policy	43.675	88.399	0.6407	ImageMagick	93.0
maps	nps_nps-bibe-2023-Wild-and-Scenic-Rivers-Brochure_p01.png	turbo	420	93	model_proj	43.703	88.521	0.6478	ImageMagick	93.0
maps	nps_nps-bibe-2023-Wild-and-Scenic-Rivers-Brochure_p01.png	turbo	420	96	identity_off	43.808	89.153	0.5995	ImageMagick	96.0
maps	nps_nps-bibe-2023-Wild-and-Scenic-Rivers-Brochure_p01.png	turbo	420	96	model_policy	45.550	90.246	0.6077	ImageMagick	96.0
maps	nps_nps-bibe-2023-Wild-and-Scenic-Rivers-Brochure_p01.png	turbo	420	96	model_proj	43.808	89.153	0.5995	ImageMagick	96.0
maps	nps_nps-bibe-2023-Wild-and-Scenic-Rivers-Brochure_p01.png	turbo	444	85	identity_off	39.075	82.559	0.9557	ImageMagick	85.0
maps	nps_nps-bibe-2023-Wild-and-Scenic-Rivers-Brochure_p01.png	turbo	444	85	model_policy	41.865	86.267	0.7466	ImageMagick	85.0
maps	nps_nps-bibe-2023-Wild-and-Scenic-Rivers-Brochure_p01.png	turbo	444	85	model_proj	41.904	86.380	0.7448	ImageMagick	85.0
maps	nps_nps-bibe-2023-Wild-and-Scenic-Rivers-Brochure_p01.png	turbo	444	90	identity_off	41.467	85.863	0.7630	ImageMagick	90.0
maps	nps_nps-bibe-2023-Wild-and-Scenic-Rivers-Brochure_p01.png	turbo	444	90	model_policy	44.005	88.598	0.6580	ImageMagick	90.0
maps	nps_nps-bibe-2023-Wild-and-Scenic-Rivers-Brochure_p01.png	turbo	444	90	model_proj	44.063	88.698	0.6629	ImageMagick	90.0
maps	nps_nps-bibe-2023-Wild-and-Scenic-Rivers-Brochure_p01.png	turbo	444	93	identity_off	43.359	88.165	0.6327	ImageMagick	93.0
maps	nps_nps-bibe-2023-Wild-and-Scenic-Rivers-Brochure_p01.png	turbo	444	93	model_policy	45.607	89.872	0.6142	ImageMagick	93.0
maps	nps_nps-bibe-2023-Wild-and-Scenic-Rivers-Brochure_p01.png	turbo	444	93	model_proj	45.646	89.960	0.6306	ImageMagick	93.0
maps	nps_nps-bibe-2023-Wild-and-Scenic-Rivers-Brochure_p01.png	turbo	444	96	identity_off	46.074	90.526	0.5747	ImageMagick	96.0
maps	nps_nps-bibe-2023-Wild-and-Scenic-Rivers-Brochure_p01.png	turbo	444	96	model_policy	47.738	91.086	0.5894	ImageMagick	96.0
maps	nps_nps-bibe-2023-Wild-and-Scenic-Rivers-Brochure_p01.png	turbo	444	96	model_proj	46.074	90.526	0.5747	ImageMagick	96.0
maps	nps_nps-bibe-2023-Wild-and-Scenic-Rivers-Brochure_p01.png	mozjpeg	420	85	identity_off	34.192	76.996	1.1621	Mozjpeg	85.0
maps	nps_nps-bibe-2023-Wild-and-Scenic-Rivers-Brochure_p01.png	mozjpeg	420	85	model_policy	37.189	81.648	0.8827	Mozjpeg	85.0
maps	nps_nps-bibe-2023-Wild-and-Scenic-Rivers-Brochure_p01.png	mozjpeg	420	85	model_proj	37.196	81.577	0.8806	Mozjpeg	85.0
maps	nps_nps-bibe-2023-Wild-and-Scenic-Rivers-Brochure_p01.png	mozjpeg	420	90	identity_off	36.231	81.173	0.9398	Mozjpeg	90.0
maps	nps_nps-bibe-2023-Wild-and-Scenic-Rivers-Brochure_p01.png	mozjpeg	420	90	model_policy	39.151	84.805	0.7326	Mozjpeg	90.0
maps	nps_nps-bibe-2023-Wild-and-Scenic-Rivers-Brochure_p01.png	mozjpeg	420	90	model_proj	39.164	85.030	0.7315	Mozjpeg	90.0
maps	nps_nps-bibe-2023-Wild-and-Scenic-Rivers-Brochure_p01.png	mozjpeg	420	93	identity_off	37.944	83.621	0.7688	Mozjpeg	93.0
maps	nps_nps-bibe-2023-Wild-and-Scenic-Rivers-Brochure_p01.png	mozjpeg	420	93	model_policy	40.776	86.628	0.6563	Mozjpeg	93.0
maps	nps_nps-bibe-2023-Wild-and-Scenic-Rivers-Brochure_p01.png	mozjpeg	420	93	model_proj	40.797	86.802	0.6642	Mozjpeg	93.0
maps	nps_nps-bibe-2023-Wild-and-Scenic-Rivers-Brochure_p01.png	mozjpeg	420	96	identity_off	40.837	86.644	0.6230	Mozjpeg	96.0
maps	nps_nps-bibe-2023-Wild-and-Scenic-Rivers-Brochure_p01.png	mozjpeg	420	96	model_policy	43.374	88.771	0.6174	Mozjpeg	96.0
maps	nps_nps-bibe-2023-Wild-and-Scenic-Rivers-Brochure_p01.png	mozjpeg	420	96	model_proj	40.837	86.644	0.6230	Mozjpeg	96.0
maps	nps_nps-bibe-2023-Wild-and-Scenic-Rivers-Brochure_p01.png	mozjpeg	444	85	identity_off	34.507	78.498	1.1460	Mozjpeg	85.0
maps	nps_nps-bibe-2023-Wild-and-Scenic-Rivers-Brochure_p01.png	mozjpeg	444	85	model_policy	37.558	82.857	0.8701	Mozjpeg	85.0
maps	nps_nps-bibe-2023-Wild-and-Scenic-Rivers-Brochure_p01.png	mozjpeg	444	85	model_proj	37.575	82.951	0.8667	Mozjpeg	85.0
maps	nps_nps-bibe-2023-Wild-and-Scenic-Rivers-Brochure_p01.png	mozjpeg	444	90	identity_off	36.641	82.529	0.9229	Mozjpeg	90.0
maps	nps_nps-bibe-2023-Wild-and-Scenic-Rivers-Brochure_p01.png	mozjpeg	444	90	model_policy	39.611	85.906	0.7213	Mozjpeg	90.0
maps	nps_nps-bibe-2023-Wild-and-Scenic-Rivers-Brochure_p01.png	mozjpeg	444	90	model_proj	39.632	86.015	0.7249	Mozjpeg	90.0
maps	nps_nps-bibe-2023-Wild-and-Scenic-Rivers-Brochure_p01.png	mozjpeg	444	93	identity_off	38.479	84.817	0.7483	Mozjpeg	93.0
maps	nps_nps-bibe-2023-Wild-and-Scenic-Rivers-Brochure_p01.png	mozjpeg	444	93	model_policy	41.369	87.358	0.6382	Mozjpeg	93.0
maps	nps_nps-bibe-2023-Wild-and-Scenic-Rivers-Brochure_p01.png	mozjpeg	444	93	model_proj	41.396	87.566	0.6525	Mozjpeg	93.0
maps	nps_nps-bibe-2023-Wild-and-Scenic-Rivers-Brochure_p01.png	mozjpeg	444	96	identity_off	41.717	87.815	0.6020	Mozjpeg	96.0
maps	nps_nps-bibe-2023-Wild-and-Scenic-Rivers-Brochure_p01.png	mozjpeg	444	96	model_policy	44.289	89.389	0.6051	Mozjpeg	96.0
maps	nps_nps-bibe-2023-Wild-and-Scenic-Rivers-Brochure_p01.png	mozjpeg	444	96	model_proj	41.717	87.815	0.6020	Mozjpeg	96.0
maps	nps_nps-bibe-2023-Wild-and-Scenic-Rivers-Brochure_p01.png	jpegli	420	85	identity_off	38.110	80.214	0.8493	CjpegliYcbcr	1.8
maps	nps_nps-bibe-2023-Wild-and-Scenic-Rivers-Brochure_p01.png	jpegli	420	85	model_policy	40.222	83.307	0.7658	CjpegliYcbcr	1.8
maps	nps_nps-bibe-2023-Wild-and-Scenic-Rivers-Brochure_p01.png	jpegli	420	85	model_proj	40.229	83.457	0.7646	CjpegliYcbcr	1.8
maps	nps_nps-bibe-2023-Wild-and-Scenic-Rivers-Brochure_p01.png	jpegli	420	90	identity_off	40.257	82.922	0.7719	CjpegliYcbcr	1.3
maps	nps_nps-bibe-2023-Wild-and-Scenic-Rivers-Brochure_p01.png	jpegli	420	90	model_policy	42.274	85.350	0.7546	CjpegliYcbcr	1.3
maps	nps_nps-bibe-2023-Wild-and-Scenic-Rivers-Brochure_p01.png	jpegli	420	90	model_proj	42.276	86.089	0.7358	CjpegliYcbcr	1.3
maps	nps_nps-bibe-2023-Wild-and-Scenic-Rivers-Brochure_p01.png	jpegli	420	93	identity_off	42.045	85.229	0.7129	CjpegliYcbcr	1.0
maps	nps_nps-bibe-2023-Wild-and-Scenic-Rivers-Brochure_p01.png	jpegli	420	93	model_policy	43.877	87.082	0.7035	CjpegliYcbcr	1.0
maps	nps_nps-bibe-2023-Wild-and-Scenic-Rivers-Brochure_p01.png	jpegli	420	93	model_proj	43.849	88.021	0.6868	CjpegliYcbcr	1.0
maps	nps_nps-bibe-2023-Wild-and-Scenic-Rivers-Brochure_p01.png	jpegli	420	96	identity_off	44.037	87.491	0.6421	CjpegliYcbcr	0.5
maps	nps_nps-bibe-2023-Wild-and-Scenic-Rivers-Brochure_p01.png	jpegli	420	96	model_policy	45.573	88.618	0.6466	CjpegliYcbcr	0.5
maps	nps_nps-bibe-2023-Wild-and-Scenic-Rivers-Brochure_p01.png	jpegli	420	96	model_proj	44.037	87.491	0.6421	CjpegliYcbcr	0.5
maps	nps_nps-bibe-2023-Wild-and-Scenic-Rivers-Brochure_p01.png	jpegli	444	85	identity_off	39.046	82.666	0.7340	CjpegliYcbcr	1.4
maps	nps_nps-bibe-2023-Wild-and-Scenic-Rivers-Brochure_p01.png	jpegli	444	85	model_policy	41.198	85.370	0.6396	CjpegliYcbcr	1.4
maps	nps_nps-bibe-2023-Wild-and-Scenic-Rivers-Brochure_p01.png	jpegli	444	85	model_proj	41.223	85.555	0.6238	CjpegliYcbcr	1.4
maps	nps_nps-bibe-2023-Wild-and-Scenic-Rivers-Brochure_p01.png	jpegli	444	90	identity_off	41.050	84.041	0.7287	CjpegliYcbcr	1.1
maps	nps_nps-bibe-2023-Wild-and-Scenic-Rivers-Brochure_p01.png	jpegli	444	90	model_policy	43.089	86.101	0.7292	CjpegliYcbcr	1.1
maps	nps_nps-bibe-2023-Wild-and-Scenic-Rivers-Brochure_p01.png	jpegli	444	90	model_proj	43.135	86.423	0.7154	CjpegliYcbcr	1.1
maps	nps_nps-bibe-2023-Wild-and-Scenic-Rivers-Brochure_p01.png	jpegli	444	93	identity_off	42.709	86.144	0.7350	CjpegliYcbcr	0.7
maps	nps_nps-bibe-2023-Wild-and-Scenic-Rivers-Brochure_p01.png	jpegli	444	93	model_policy	44.598	87.811	0.7327	CjpegliYcbcr	0.7
maps	nps_nps-bibe-2023-Wild-and-Scenic-Rivers-Brochure_p01.png	jpegli	444	93	model_proj	44.620	88.019	0.7304	CjpegliYcbcr	0.7
maps	nps_nps-bibe-2023-Wild-and-Scenic-Rivers-Brochure_p01.png	jpegli	444	96	identity_off	45.004	88.073	0.6622	CjpegliYcbcr	0.3
maps	nps_nps-bibe-2023-Wild-and-Scenic-Rivers-Brochure_p01.png	jpegli	444	96	model_policy	46.576	89.227	0.6752	CjpegliYcbcr	0.3
maps	nps_nps-bibe-2023-Wild-and-Scenic-Rivers-Brochure_p01.png	jpegli	444	96	model_proj	45.004	88.073	0.6622	CjpegliYcbcr	0.3
maps	nps_nps-bibe-2023-Wild-and-Scenic-Rivers-Brochure_p01.png	zenjpeg	420	85	identity_off	38.029	80.242	0.8625	CjpegliYcbcr	1.8
maps	nps_nps-bibe-2023-Wild-and-Scenic-Rivers-Brochure_p01.png	zenjpeg	420	85	model_policy	40.144	83.482	0.7819	CjpegliYcbcr	1.8
maps	nps_nps-bibe-2023-Wild-and-Scenic-Rivers-Brochure_p01.png	zenjpeg	420	85	model_proj	40.157	83.515	0.7821	CjpegliYcbcr	1.8
maps	nps_nps-bibe-2023-Wild-and-Scenic-Rivers-Brochure_p01.png	zenjpeg	420	90	identity_off	40.140	83.443	0.7310	CjpegliYcbcr	1.3
maps	nps_nps-bibe-2023-Wild-and-Scenic-Rivers-Brochure_p01.png	zenjpeg	420	90	model_policy	42.136	85.681	0.6996	CjpegliYcbcr	1.3
maps	nps_nps-bibe-2023-Wild-and-Scenic-Rivers-Brochure_p01.png	zenjpeg	420	90	model_proj	42.163	86.229	0.6925	CjpegliYcbcr	1.3
maps	nps_nps-bibe-2023-Wild-and-Scenic-Rivers-Brochure_p01.png	zenjpeg	420	93	identity_off	41.891	85.805	0.6767	CjpegliYcbcr	1.0
maps	nps_nps-bibe-2023-Wild-and-Scenic-Rivers-Brochure_p01.png	zenjpeg	420	93	model_policy	43.713	87.541	0.6655	CjpegliYcbcr	1.0
maps	nps_nps-bibe-2023-Wild-and-Scenic-Rivers-Brochure_p01.png	zenjpeg	420	93	model_proj	43.725	88.077	0.6591	CjpegliYcbcr	1.0
maps	nps_nps-bibe-2023-Wild-and-Scenic-Rivers-Brochure_p01.png	zenjpeg	420	96	identity_off	43.844	88.541	0.6153	CjpegliYcbcr	0.5
maps	nps_nps-bibe-2023-Wild-and-Scenic-Rivers-Brochure_p01.png	zenjpeg	420	96	model_policy	45.369	89.564	0.6249	CjpegliYcbcr	0.5
maps	nps_nps-bibe-2023-Wild-and-Scenic-Rivers-Brochure_p01.png	zenjpeg	420	96	model_proj	43.844	88.541	0.6153	CjpegliYcbcr	0.5
maps	nps_nps-bibe-2023-Wild-and-Scenic-Rivers-Brochure_p01.png	zenjpeg	444	85	identity_off	38.927	82.388	0.7320	CjpegliYcbcr	1.4
maps	nps_nps-bibe-2023-Wild-and-Scenic-Rivers-Brochure_p01.png	zenjpeg	444	85	model_policy	41.029	85.168	0.6384	CjpegliYcbcr	1.4
maps	nps_nps-bibe-2023-Wild-and-Scenic-Rivers-Brochure_p01.png	zenjpeg	444	85	model_proj	41.051	85.221	0.6339	CjpegliYcbcr	1.4
maps	nps_nps-bibe-2023-Wild-and-Scenic-Rivers-Brochure_p01.png	zenjpeg	444	90	identity_off	40.929	84.399	0.7073	CjpegliYcbcr	1.1
maps	nps_nps-bibe-2023-Wild-and-Scenic-Rivers-Brochure_p01.png	zenjpeg	444	90	model_policy	42.948	86.422	0.6962	CjpegliYcbcr	1.1
maps	nps_nps-bibe-2023-Wild-and-Scenic-Rivers-Brochure_p01.png	zenjpeg	444	90	model_proj	43.011	86.761	0.6896	CjpegliYcbcr	1.1
maps	nps_nps-bibe-2023-Wild-and-Scenic-Rivers-Brochure_p01.png	zenjpeg	444	93	identity_off	42.593	86.416	0.7054	CjpegliYcbcr	0.7
maps	nps_nps-bibe-2023-Wild-and-Scenic-Rivers-Brochure_p01.png	zenjpeg	444	93	model_policy	44.476	88.310	0.7021	CjpegliYcbcr	0.7
maps	nps_nps-bibe-2023-Wild-and-Scenic-Rivers-Brochure_p01.png	zenjpeg	444	93	model_proj	44.501	88.236	0.7010	CjpegliYcbcr	0.7
maps	nps_nps-bibe-2023-Wild-and-Scenic-Rivers-Brochure_p01.png	zenjpeg	444	96	identity_off	44.797	88.735	0.6491	CjpegliYcbcr	0.3
maps	nps_nps-bibe-2023-Wild-and-Scenic-Rivers-Brochure_p01.png	zenjpeg	444	96	model_policy	46.352	89.662	0.6547	CjpegliYcbcr	0.3
maps	nps_nps-bibe-2023-Wild-and-Scenic-Rivers-Brochure_p01.png	zenjpeg	444	96	model_proj	44.797	88.735	0.6491	CjpegliYcbcr	0.3
maps	nps_nps-bibe-2023-Wild-and-Scenic-Rivers-Brochure_p02.png	turbo	420	85	identity_off	44.429	85.028	0.7187	ImageMagick	85.0
maps	nps_nps-bibe-2023-Wild-and-Scenic-Rivers-Brochure_p02.png	turbo	420	85	model_policy	45.140	85.733	0.6258	ImageMagick	85.0
maps	nps_nps-bibe-2023-Wild-and-Scenic-Rivers-Brochure_p02.png	turbo	420	85	model_proj	45.120	85.745	0.6272	ImageMagick	85.0
maps	nps_nps-bibe-2023-Wild-and-Scenic-Rivers-Brochure_p02.png	turbo	420	90	identity_off	46.203	88.020	0.5876	ImageMagick	90.0
maps	nps_nps-bibe-2023-Wild-and-Scenic-Rivers-Brochure_p02.png	turbo	420	90	model_policy	46.893	88.358	0.4947	ImageMagick	90.0
maps	nps_nps-bibe-2023-Wild-and-Scenic-Rivers-Brochure_p02.png	turbo	420	90	model_proj	46.663	88.009	0.5119	ImageMagick	90.0
maps	nps_nps-bibe-2023-Wild-and-Scenic-Rivers-Brochure_p02.png	turbo	420	93	identity_off	47.720	89.456	0.4826	ImageMagick	93.0
maps	nps_nps-bibe-2023-Wild-and-Scenic-Rivers-Brochure_p02.png	turbo	420	93	model_policy	48.270	89.668	0.4664	ImageMagick	93.0
maps	nps_nps-bibe-2023-Wild-and-Scenic-Rivers-Brochure_p02.png	turbo	420	93	model_proj	47.835	89.340	0.4913	ImageMagick	93.0
maps	nps_nps-bibe-2023-Wild-and-Scenic-Rivers-Brochure_p02.png	turbo	420	96	identity_off	49.896	91.229	0.3561	ImageMagick	96.0
maps	nps_nps-bibe-2023-Wild-and-Scenic-Rivers-Brochure_p02.png	turbo	420	96	model_policy	49.999	90.991	0.4712	ImageMagick	96.0
maps	nps_nps-bibe-2023-Wild-and-Scenic-Rivers-Brochure_p02.png	turbo	420	96	model_proj	49.896	91.229	0.3561	ImageMagick	96.0
maps	nps_nps-bibe-2023-Wild-and-Scenic-Rivers-Brochure_p02.png	turbo	444	85	identity_off	45.043	86.290	0.7052	ImageMagick	85.0
maps	nps_nps-bibe-2023-Wild-and-Scenic-Rivers-Brochure_p02.png	turbo	444	85	model_policy	45.765	86.953	0.6106	ImageMagick	85.0
maps	nps_nps-bibe-2023-Wild-and-Scenic-Rivers-Brochure_p02.png	turbo	444	85	model_proj	45.741	86.869	0.6115	ImageMagick	85.0
maps	nps_nps-bibe-2023-Wild-and-Scenic-Rivers-Brochure_p02.png	turbo	444	90	identity_off	46.943	89.189	0.5734	ImageMagick	90.0
maps	nps_nps-bibe-2023-Wild-and-Scenic-Rivers-Brochure_p02.png	turbo	444	90	model_policy	47.586	89.311	0.4987	ImageMagick	90.0
maps	nps_nps-bibe-2023-Wild-and-Scenic-Rivers-Brochure_p02.png	turbo	444	90	model_proj	47.282	88.972	0.5126	ImageMagick	90.0
maps	nps_nps-bibe-2023-Wild-and-Scenic-Rivers-Brochure_p02.png	turbo	444	93	identity_off	48.675	90.569	0.4685	ImageMagick	93.0
maps	nps_nps-bibe-2023-Wild-and-Scenic-Rivers-Brochure_p02.png	turbo	444	93	model_policy	49.122	90.496	0.4812	ImageMagick	93.0
maps	nps_nps-bibe-2023-Wild-and-Scenic-Rivers-Brochure_p02.png	turbo	444	93	model_proj	48.541	90.059	0.4831	ImageMagick	93.0
maps	nps_nps-bibe-2023-Wild-and-Scenic-Rivers-Brochure_p02.png	turbo	444	96	identity_off	51.515	91.944	0.3360	ImageMagick	96.0
maps	nps_nps-bibe-2023-Wild-and-Scenic-Rivers-Brochure_p02.png	turbo	444	96	model_policy	51.108	91.299	0.4849	ImageMagick	96.0
maps	nps_nps-bibe-2023-Wild-and-Scenic-Rivers-Brochure_p02.png	turbo	444	96	model_proj	51.515	91.944	0.3360	ImageMagick	96.0
maps	nps_nps-bibe-2023-Wild-and-Scenic-Rivers-Brochure_p02.png	mozjpeg	420	85	identity_off	43.579	83.036	0.7861	Mozjpeg	85.0
maps	nps_nps-bibe-2023-Wild-and-Scenic-Rivers-Brochure_p02.png	mozjpeg	420	85	model_policy	43.947	83.340	0.7522	Mozjpeg	85.0
maps	nps_nps-bibe-2023-Wild-and-Scenic-Rivers-Brochure_p02.png	mozjpeg	420	85	model_proj	43.947	83.446	0.7506	Mozjpeg	85.0
maps	nps_nps-bibe-2023-Wild-and-Scenic-Rivers-Brochure_p02.png	mozjpeg	420	90	identity_off	45.463	87.241	0.6238	Mozjpeg	90.0
maps	nps_nps-bibe-2023-Wild-and-Scenic-Rivers-Brochure_p02.png	mozjpeg	420	90	model_policy	45.755	87.147	0.5970	Mozjpeg	90.0
maps	nps_nps-bibe-2023-Wild-and-Scenic-Rivers-Brochure_p02.png	mozjpeg	420	90	model_proj	45.662	86.889	0.6002	Mozjpeg	90.0
maps	nps_nps-bibe-2023-Wild-and-Scenic-Rivers-Brochure_p02.png	mozjpeg	420	93	identity_off	46.783	88.737	0.5315	Mozjpeg	93.0
maps	nps_nps-bibe-2023-Wild-and-Scenic-Rivers-Brochure_p02.png	mozjpeg	420	93	model_policy	47.025	88.772	0.5093	Mozjpeg	93.0
maps	nps_nps-bibe-2023-Wild-and-Scenic-Rivers-Brochure_p02.png	mozjpeg	420	93	model_proj	46.805	88.314	0.5231	Mozjpeg	93.0
maps	nps_nps-bibe-2023-Wild-and-Scenic-Rivers-Brochure_p02.png	mozjpeg	420	96	identity_off	49.344	90.987	0.3768	Mozjpeg	96.0
maps	nps_nps-bibe-2023-Wild-and-Scenic-Rivers-Brochure_p02.png	mozjpeg	420	96	model_policy	49.218	90.462	0.4816	Mozjpeg	96.0
maps	nps_nps-bibe-2023-Wild-and-Scenic-Rivers-Brochure_p02.png	mozjpeg	420	96	model_proj	49.344	90.987	0.3768	Mozjpeg	96.0
maps	nps_nps-bibe-2023-Wild-and-Scenic-Rivers-Brochure_p02.png	mozjpeg	444	85	identity_off	44.039	84.267	0.7751	Mozjpeg	85.0
maps	nps_nps-bibe-2023-Wild-and-Scenic-Rivers-Brochure_p02.png	mozjpeg	444	85	model_policy	44.342	84.417	0.7415	Mozjpeg	85.0
maps	nps_nps-bibe-2023-Wild-and-Scenic-Rivers-Brochure_p02.png	mozjpeg	444	85	model_proj	44.351	84.410	0.7402	Mozjpeg	85.0
maps	nps_nps-bibe-2023-Wild-and-Scenic-Rivers-Brochure_p02.png	mozjpeg	444	90	identity_off	45.938	88.188	0.6153	Mozjpeg	90.0
maps	nps_nps-bibe-2023-Wild-and-Scenic-Rivers-Brochure_p02.png	mozjpeg	444	90	model_policy	46.145	87.780	0.5964	Mozjpeg	90.0
maps	nps_nps-bibe-2023-Wild-and-Scenic-Rivers-Brochure_p02.png	mozjpeg	444	90	model_proj	46.044	87.547	0.5965	Mozjpeg	90.0
maps	nps_nps-bibe-2023-Wild-and-Scenic-Rivers-Brochure_p02.png	mozjpeg	444	93	identity_off	47.494	89.625	0.5218	Mozjpeg	93.0
maps	nps_nps-bibe-2023-Wild-and-Scenic-Rivers-Brochure_p02.png	mozjpeg	444	93	model_policy	47.536	89.222	0.5148	Mozjpeg	93.0
maps	nps_nps-bibe-2023-Wild-and-Scenic-Rivers-Brochure_p02.png	mozjpeg	444	93	model_proj	47.305	88.828	0.5201	Mozjpeg	93.0
maps	nps_nps-bibe-2023-Wild-and-Scenic-Rivers-Brochure_p02.png	mozjpeg	444	96	identity_off	50.261	91.255	0.3682	Mozjpeg	96.0
maps	nps_nps-bibe-2023-Wild-and-Scenic-Rivers-Brochure_p02.png	mozjpeg	444	96	model_policy	49.744	90.662	0.5038	Mozjpeg	96.0
maps	nps_nps-bibe-2023-Wild-and-Scenic-Rivers-Brochure_p02.png	mozjpeg	444	96	model_proj	50.261	91.255	0.3682	Mozjpeg	96.0
maps	nps_nps-bibe-2023-Wild-and-Scenic-Rivers-Brochure_p02.png	jpegli	420	85	identity_off	44.271	83.375	0.7808	CjpegliYcbcr	1.8
maps	nps_nps-bibe-2023-Wild-and-Scenic-Rivers-Brochure_p02.png	jpegli	420	85	model_policy	44.686	83.862	0.7225	CjpegliYcbcr	1.8
maps	nps_nps-bibe-2023-Wild-and-Scenic-Rivers-Brochure_p02.png	jpegli	420	85	model_proj	44.690	83.872	0.7206	CjpegliYcbcr	1.8
maps	nps_nps-bibe-2023-Wild-and-Scenic-Rivers-Brochure_p02.png	jpegli	420	90	identity_off	46.102	87.141	0.6264	CjpegliYcbcr	1.3
maps	nps_nps-bibe-2023-Wild-and-Scenic-Rivers-Brochure_p02.png	jpegli	420	90	model_policy	46.490	87.382	0.5787	CjpegliYcbcr	1.3
maps	nps_nps-bibe-2023-Wild-and-Scenic-Rivers-Brochure_p02.png	jpegli	420	90	model_proj	46.332	87.257	0.5861	CjpegliYcbcr	1.3
maps	nps_nps-bibe-2023-Wild-and-Scenic-Rivers-Brochure_p02.png	jpegli	420	93	identity_off	47.687	89.215	0.5118	CjpegliYcbcr	1.0
maps	nps_nps-bibe-2023-Wild-and-Scenic-Rivers-Brochure_p02.png	jpegli	420	93	model_policy	47.961	89.126	0.4737	CjpegliYcbcr	1.0
maps	nps_nps-bibe-2023-Wild-and-Scenic-Rivers-Brochure_p02.png	jpegli	420	93	model_proj	47.707	89.112	0.4820	CjpegliYcbcr	1.0
maps	nps_nps-bibe-2023-Wild-and-Scenic-Rivers-Brochure_p02.png	jpegli	420	96	identity_off	49.742	90.662	0.3823	CjpegliYcbcr	0.5
maps	nps_nps-bibe-2023-Wild-and-Scenic-Rivers-Brochure_p02.png	jpegli	420	96	model_policy	49.725	90.496	0.4632	CjpegliYcbcr	0.5
maps	nps_nps-bibe-2023-Wild-and-Scenic-Rivers-Brochure_p02.png	jpegli	420	96	model_proj	49.742	90.662	0.3823	CjpegliYcbcr	0.5
maps	nps_nps-bibe-2023-Wild-and-Scenic-Rivers-Brochure_p02.png	jpegli	444	85	identity_off	44.991	85.620	0.6889	CjpegliYcbcr	1.4
maps	nps_nps-bibe-2023-Wild-and-Scenic-Rivers-Brochure_p02.png	jpegli	444	85	model_policy	45.479	85.893	0.6394	CjpegliYcbcr	1.4
maps	nps_nps-bibe-2023-Wild-and-Scenic-Rivers-Brochure_p02.png	jpegli	444	85	model_proj	45.491	85.920	0.6382	CjpegliYcbcr	1.4
maps	nps_nps-bibe-2023-Wild-and-Scenic-Rivers-Brochure_p02.png	jpegli	444	90	identity_off	46.744	87.564	0.5510	CjpegliYcbcr	1.1
maps	nps_nps-bibe-2023-Wild-and-Scenic-Rivers-Brochure_p02.png	jpegli	444	90	model_policy	47.152	87.920	0.5498	CjpegliYcbcr	1.1
maps	nps_nps-bibe-2023-Wild-and-Scenic-Rivers-Brochure_p02.png	jpegli	444	90	model_proj	47.190	87.861	0.5428	CjpegliYcbcr	1.1
maps	nps_nps-bibe-2023-Wild-and-Scenic-Rivers-Brochure_p02.png	jpegli	444	93	identity_off	48.198	88.783	0.4653	CjpegliYcbcr	0.7
maps	nps_nps-bibe-2023-Wild-and-Scenic-Rivers-Brochure_p02.png	jpegli	444	93	model_policy	48.479	88.796	0.4905	CjpegliYcbcr	0.7
maps	nps_nps-bibe-2023-Wild-and-Scenic-Rivers-Brochure_p02.png	jpegli	444	93	model_proj	48.494	89.029	0.4851	CjpegliYcbcr	0.7
maps	nps_nps-bibe-2023-Wild-and-Scenic-Rivers-Brochure_p02.png	jpegli	444	96	identity_off	50.633	91.135	0.3280	CjpegliYcbcr	0.3
maps	nps_nps-bibe-2023-Wild-and-Scenic-Rivers-Brochure_p02.png	jpegli	444	96	model_policy	50.448	90.855	0.4770	CjpegliYcbcr	0.3
maps	nps_nps-bibe-2023-Wild-and-Scenic-Rivers-Brochure_p02.png	jpegli	444	96	model_proj	50.633	91.135	0.3280	CjpegliYcbcr	0.3
maps	nps_nps-bibe-2023-Wild-and-Scenic-Rivers-Brochure_p02.png	zenjpeg	420	85	identity_off	44.264	83.547	0.7769	CjpegliYcbcr	1.8
maps	nps_nps-bibe-2023-Wild-and-Scenic-Rivers-Brochure_p02.png	zenjpeg	420	85	model_policy	44.667	83.998	0.7225	CjpegliYcbcr	1.8
maps	nps_nps-bibe-2023-Wild-and-Scenic-Rivers-Brochure_p02.png	zenjpeg	420	85	model_proj	44.641	84.073	0.7233	CjpegliYcbcr	1.8
maps	nps_nps-bibe-2023-Wild-and-Scenic-Rivers-Brochure_p02.png	zenjpeg	420	90	identity_off	46.099	87.326	0.6201	CjpegliYcbcr	1.3
maps	nps_nps-bibe-2023-Wild-and-Scenic-Rivers-Brochure_p02.png	zenjpeg	420	90	model_policy	46.484	87.418	0.6001	CjpegliYcbcr	1.3
maps	nps_nps-bibe-2023-Wild-and-Scenic-Rivers-Brochure_p02.png	zenjpeg	420	90	model_proj	46.190	87.223	0.6184	CjpegliYcbcr	1.3
maps	nps_nps-bibe-2023-Wild-and-Scenic-Rivers-Brochure_p02.png	zenjpeg	420	93	identity_off	47.690	89.132	0.5026	CjpegliYcbcr	1.0
maps	nps_nps-bibe-2023-Wild-and-Scenic-Rivers-Brochure_p02.png	zenjpeg	420	93	model_policy	47.980	89.223	0.4772	CjpegliYcbcr	1.0
maps	nps_nps-bibe-2023-Wild-and-Scenic-Rivers-Brochure_p02.png	zenjpeg	420	93	model_proj	47.450	88.826	0.5308	CjpegliYcbcr	1.0
maps	nps_nps-bibe-2023-Wild-and-Scenic-Rivers-Brochure_p02.png	zenjpeg	420	96	identity_off	49.989	90.979	0.3641	CjpegliYcbcr	0.5
maps	nps_nps-bibe-2023-Wild-and-Scenic-Rivers-Brochure_p02.png	zenjpeg	420	96	model_policy	49.872	90.669	0.4126	CjpegliYcbcr	0.5
maps	nps_nps-bibe-2023-Wild-and-Scenic-Rivers-Brochure_p02.png	zenjpeg	420	96	model_proj	49.989	90.979	0.3641	CjpegliYcbcr	0.5
maps	nps_nps-bibe-2023-Wild-and-Scenic-Rivers-Brochure_p02.png	zenjpeg	444	85	identity_off	45.035	85.812	0.6847	CjpegliYcbcr	1.4
maps	nps_nps-bibe-2023-Wild-and-Scenic-Rivers-Brochure_p02.png	zenjpeg	444	85	model_policy	45.517	85.986	0.6455	CjpegliYcbcr	1.4
maps	nps_nps-bibe-2023-Wild-and-Scenic-Rivers-Brochure_p02.png	zenjpeg	444	85	model_proj	45.529	86.034	0.6426	CjpegliYcbcr	1.4
maps	nps_nps-bibe-2023-Wild-and-Scenic-Rivers-Brochure_p02.png	zenjpeg	444	90	identity_off	46.774	87.762	0.5552	CjpegliYcbcr	1.1
maps	nps_nps-bibe-2023-Wild-and-Scenic-Rivers-Brochure_p02.png	zenjpeg	444	90	model_policy	47.192	87.900	0.5432	CjpegliYcbcr	1.1
maps	nps_nps-bibe-2023-Wild-and-Scenic-Rivers-Brochure_p02.png	zenjpeg	444	90	model_proj	47.203	88.114	0.5369	CjpegliYcbcr	1.1
maps	nps_nps-bibe-2023-Wild-and-Scenic-Rivers-Brochure_p02.png	zenjpeg	444	93	identity_off	48.322	89.462	0.4445	CjpegliYcbcr	0.7
maps	nps_nps-bibe-2023-Wild-and-Scenic-Rivers-Brochure_p02.png	zenjpeg	444	93	model_policy	48.642	89.428	0.4814	CjpegliYcbcr	0.7
maps	nps_nps-bibe-2023-Wild-and-Scenic-Rivers-Brochure_p02.png	zenjpeg	444	93	model_proj	48.561	89.534	0.4772	CjpegliYcbcr	0.7
maps	nps_nps-bibe-2023-Wild-and-Scenic-Rivers-Brochure_p02.png	zenjpeg	444	96	identity_off	50.757	91.238	0.3262	CjpegliYcbcr	0.3
maps	nps_nps-bibe-2023-Wild-and-Scenic-Rivers-Brochure_p02.png	zenjpeg	444	96	model_policy	50.435	90.746	0.4832	CjpegliYcbcr	0.3
maps	nps_nps-bibe-2023-Wild-and-Scenic-Rivers-Brochure_p02.png	zenjpeg	444	96	model_proj	50.757	91.238	0.3262	CjpegliYcbcr	0.3
maps	nps_nps-biho-FINAL-VERSION_BIHO-unigrid_Side-1_X3_compressed-for-web-6_p01.png	turbo	420	85	identity_off	40.986	85.547	0.7649	ImageMagick	85.0
maps	nps_nps-biho-FINAL-VERSION_BIHO-unigrid_Side-1_X3_compressed-for-web-6_p01.png	turbo	420	85	model_policy	42.461	86.864	0.7712	ImageMagick	85.0
maps	nps_nps-biho-FINAL-VERSION_BIHO-unigrid_Side-1_X3_compressed-for-web-6_p01.png	turbo	420	85	model_proj	42.713	87.152	0.7141	ImageMagick	85.0
maps	nps_nps-biho-FINAL-VERSION_BIHO-unigrid_Side-1_X3_compressed-for-web-6_p01.png	turbo	420	90	identity_off	42.191	88.298	0.7012	ImageMagick	90.0
maps	nps_nps-biho-FINAL-VERSION_BIHO-unigrid_Side-1_X3_compressed-for-web-6_p01.png	turbo	420	90	model_policy	43.461	88.725	0.7300	ImageMagick	90.0
maps	nps_nps-biho-FINAL-VERSION_BIHO-unigrid_Side-1_X3_compressed-for-web-6_p01.png	turbo	420	90	model_proj	43.795	89.007	0.6831	ImageMagick	90.0
maps	nps_nps-biho-FINAL-VERSION_BIHO-unigrid_Side-1_X3_compressed-for-web-6_p01.png	turbo	420	93	identity_off	42.968	89.613	0.6883	ImageMagick	93.0
maps	nps_nps-biho-FINAL-VERSION_BIHO-unigrid_Side-1_X3_compressed-for-web-6_p01.png	turbo	420	93	model_policy	44.137	89.685	0.7279	ImageMagick	93.0
maps	nps_nps-biho-FINAL-VERSION_BIHO-unigrid_Side-1_X3_compressed-for-web-6_p01.png	turbo	420	93	model_proj	44.521	90.008	0.6791	ImageMagick	93.0
maps	nps_nps-biho-FINAL-VERSION_BIHO-unigrid_Side-1_X3_compressed-for-web-6_p01.png	turbo	420	96	identity_off	44.004	91.373	0.6610	ImageMagick	96.0
maps	nps_nps-biho-FINAL-VERSION_BIHO-unigrid_Side-1_X3_compressed-for-web-6_p01.png	turbo	420	96	model_policy	45.211	91.002	0.7050	ImageMagick	96.0
maps	nps_nps-biho-FINAL-VERSION_BIHO-unigrid_Side-1_X3_compressed-for-web-6_p01.png	turbo	420	96	model_proj	44.004	91.373	0.6610	ImageMagick	96.0
maps	nps_nps-biho-FINAL-VERSION_BIHO-unigrid_Side-1_X3_compressed-for-web-6_p01.png	turbo	444	85	identity_off	42.640	86.979	0.7498	ImageMagick	85.0
maps	nps_nps-biho-FINAL-VERSION_BIHO-unigrid_Side-1_X3_compressed-for-web-6_p01.png	turbo	444	85	model_policy	43.957	87.891	0.7515	ImageMagick	85.0
maps	nps_nps-biho-FINAL-VERSION_BIHO-unigrid_Side-1_X3_compressed-for-web-6_p01.png	turbo	444	85	model_proj	44.230	88.258	0.7058	ImageMagick	85.0
maps	nps_nps-biho-FINAL-VERSION_BIHO-unigrid_Side-1_X3_compressed-for-web-6_p01.png	turbo	444	90	identity_off	44.286	89.307	0.6923	ImageMagick	90.0
maps	nps_nps-biho-FINAL-VERSION_BIHO-unigrid_Side-1_X3_compressed-for-web-6_p01.png	turbo	444	90	model_policy	45.185	89.503	0.7242	ImageMagick	90.0
maps	nps_nps-biho-FINAL-VERSION_BIHO-unigrid_Side-1_X3_compressed-for-web-6_p01.png	turbo	444	90	model_proj	45.560	90.078	0.6786	ImageMagick	90.0
maps	nps_nps-biho-FINAL-VERSION_BIHO-unigrid_Side-1_X3_compressed-for-web-6_p01.png	turbo	444	93	identity_off	45.624	90.462	0.6741	ImageMagick	93.0
maps	nps_nps-biho-FINAL-VERSION_BIHO-unigrid_Side-1_X3_compressed-for-web-6_p01.png	turbo	444	93	model_policy	46.125	90.411	0.7137	ImageMagick	93.0
maps	nps_nps-biho-FINAL-VERSION_BIHO-unigrid_Side-1_X3_compressed-for-web-6_p01.png	turbo	444	93	model_proj	46.564	90.743	0.6676	ImageMagick	93.0
maps	nps_nps-biho-FINAL-VERSION_BIHO-unigrid_Side-1_X3_compressed-for-web-6_p01.png	turbo	444	96	identity_off	47.737	91.785	0.6617	ImageMagick	96.0
maps	nps_nps-biho-FINAL-VERSION_BIHO-unigrid_Side-1_X3_compressed-for-web-6_p01.png	turbo	444	96	model_policy	47.643	91.341	0.7057	ImageMagick	96.0
maps	nps_nps-biho-FINAL-VERSION_BIHO-unigrid_Side-1_X3_compressed-for-web-6_p01.png	turbo	444	96	model_proj	47.737	91.785	0.6617	ImageMagick	96.0
maps	nps_nps-biho-FINAL-VERSION_BIHO-unigrid_Side-1_X3_compressed-for-web-6_p01.png	mozjpeg	420	85	identity_off	39.502	83.066	0.8424	Mozjpeg	85.0
maps	nps_nps-biho-FINAL-VERSION_BIHO-unigrid_Side-1_X3_compressed-for-web-6_p01.png	mozjpeg	420	85	model_policy	41.262	84.523	0.8070	Mozjpeg	85.0
maps	nps_nps-biho-FINAL-VERSION_BIHO-unigrid_Side-1_X3_compressed-for-web-6_p01.png	mozjpeg	420	85	model_proj	41.318	84.867	0.7598	Mozjpeg	85.0
maps	nps_nps-biho-FINAL-VERSION_BIHO-unigrid_Side-1_X3_compressed-for-web-6_p01.png	mozjpeg	420	90	identity_off	40.925	85.991	0.7481	Mozjpeg	90.0
maps	nps_nps-biho-FINAL-VERSION_BIHO-unigrid_Side-1_X3_compressed-for-web-6_p01.png	mozjpeg	420	90	model_policy	42.583	86.847	0.7549	Mozjpeg	90.0
maps	nps_nps-biho-FINAL-VERSION_BIHO-unigrid_Side-1_X3_compressed-for-web-6_p01.png	mozjpeg	420	90	model_proj	42.847	87.400	0.7011	Mozjpeg	90.0
maps	nps_nps-biho-FINAL-VERSION_BIHO-unigrid_Side-1_X3_compressed-for-web-6_p01.png	mozjpeg	420	93	identity_off	41.931	87.658	0.6985	Mozjpeg	93.0
maps	nps_nps-biho-FINAL-VERSION_BIHO-unigrid_Side-1_X3_compressed-for-web-6_p01.png	mozjpeg	420	93	model_policy	43.445	88.215	0.7379	Mozjpeg	93.0
maps	nps_nps-biho-FINAL-VERSION_BIHO-unigrid_Side-1_X3_compressed-for-web-6_p01.png	mozjpeg	420	93	model_proj	43.823	88.721	0.6804	Mozjpeg	93.0
maps	nps_nps-biho-FINAL-VERSION_BIHO-unigrid_Side-1_X3_compressed-for-web-6_p01.png	mozjpeg	420	96	identity_off	43.486	89.872	0.6774	Mozjpeg	96.0
maps	nps_nps-biho-FINAL-VERSION_BIHO-unigrid_Side-1_X3_compressed-for-web-6_p01.png	mozjpeg	420	96	model_policy	44.904	90.025	0.7174	Mozjpeg	96.0
maps	nps_nps-biho-FINAL-VERSION_BIHO-unigrid_Side-1_X3_compressed-for-web-6_p01.png	mozjpeg	420	96	model_proj	43.486	89.872	0.6774	Mozjpeg	96.0
maps	nps_nps-biho-FINAL-VERSION_BIHO-unigrid_Side-1_X3_compressed-for-web-6_p01.png	mozjpeg	444	85	identity_off	40.424	84.054	0.8337	Mozjpeg	85.0
maps	nps_nps-biho-FINAL-VERSION_BIHO-unigrid_Side-1_X3_compressed-for-web-6_p01.png	mozjpeg	444	85	model_policy	42.019	85.225	0.8055	Mozjpeg	85.0
maps	nps_nps-biho-FINAL-VERSION_BIHO-unigrid_Side-1_X3_compressed-for-web-6_p01.png	mozjpeg	444	85	model_proj	42.021	85.560	0.7521	Mozjpeg	85.0
maps	nps_nps-biho-FINAL-VERSION_BIHO-unigrid_Side-1_X3_compressed-for-web-6_p01.png	mozjpeg	444	90	identity_off	42.351	86.707	0.7371	Mozjpeg	90.0
maps	nps_nps-biho-FINAL-VERSION_BIHO-unigrid_Side-1_X3_compressed-for-web-6_p01.png	mozjpeg	444	90	model_policy	43.656	87.460	0.7475	Mozjpeg	90.0
maps	nps_nps-biho-FINAL-VERSION_BIHO-unigrid_Side-1_X3_compressed-for-web-6_p01.png	mozjpeg	444	90	model_proj	43.924	88.123	0.6946	Mozjpeg	90.0
maps	nps_nps-biho-FINAL-VERSION_BIHO-unigrid_Side-1_X3_compressed-for-web-6_p01.png	mozjpeg	444	93	identity_off	43.835	88.103	0.6867	Mozjpeg	93.0
maps	nps_nps-biho-FINAL-VERSION_BIHO-unigrid_Side-1_X3_compressed-for-web-6_p01.png	mozjpeg	444	93	model_policy	44.881	88.651	0.7256	Mozjpeg	93.0
maps	nps_nps-biho-FINAL-VERSION_BIHO-unigrid_Side-1_X3_compressed-for-web-6_p01.png	mozjpeg	444	93	model_proj	45.236	89.232	0.6760	Mozjpeg	93.0
maps	nps_nps-biho-FINAL-VERSION_BIHO-unigrid_Side-1_X3_compressed-for-web-6_p01.png	mozjpeg	444	96	identity_off	46.711	90.321	0.6654	Mozjpeg	96.0
maps	nps_nps-biho-FINAL-VERSION_BIHO-unigrid_Side-1_X3_compressed-for-web-6_p01.png	mozjpeg	444	96	model_policy	47.013	90.418	0.7094	Mozjpeg	96.0
maps	nps_nps-biho-FINAL-VERSION_BIHO-unigrid_Side-1_X3_compressed-for-web-6_p01.png	mozjpeg	444	96	model_proj	46.711	90.321	0.6654	Mozjpeg	96.0
maps	nps_nps-biho-FINAL-VERSION_BIHO-unigrid_Side-1_X3_compressed-for-web-6_p01.png	jpegli	420	85	identity_off	40.937	84.700	1.5101	CjpegliYcbcr	1.8
maps	nps_nps-biho-FINAL-VERSION_BIHO-unigrid_Side-1_X3_compressed-for-web-6_p01.png	jpegli	420	85	model_policy	42.291	85.728	1.4962	CjpegliYcbcr	1.8
maps	nps_nps-biho-FINAL-VERSION_BIHO-unigrid_Side-1_X3_compressed-for-web-6_p01.png	jpegli	420	85	model_proj	42.360	86.078	1.4896	CjpegliYcbcr	1.8
maps	nps_nps-biho-FINAL-VERSION_BIHO-unigrid_Side-1_X3_compressed-for-web-6_p01.png	jpegli	420	90	identity_off	42.337	87.601	0.6980	CjpegliYcbcr	1.3
maps	nps_nps-biho-FINAL-VERSION_BIHO-unigrid_Side-1_X3_compressed-for-web-6_p01.png	jpegli	420	90	model_policy	43.501	88.109	0.7376	CjpegliYcbcr	1.3
maps	nps_nps-biho-FINAL-VERSION_BIHO-unigrid_Side-1_X3_compressed-for-web-6_p01.png	jpegli	420	90	model_proj	43.756	88.648	1.1343	CjpegliYcbcr	1.3
maps	nps_nps-biho-FINAL-VERSION_BIHO-unigrid_Side-1_X3_compressed-for-web-6_p01.png	jpegli	420	93	identity_off	43.228	89.628	0.6812	CjpegliYcbcr	1.0
maps	nps_nps-biho-FINAL-VERSION_BIHO-unigrid_Side-1_X3_compressed-for-web-6_p01.png	jpegli	420	93	model_policy	44.433	89.693	0.7214	CjpegliYcbcr	1.0
maps	nps_nps-biho-FINAL-VERSION_BIHO-unigrid_Side-1_X3_compressed-for-web-6_p01.png	jpegli	420	93	model_proj	44.803	90.196	0.9111	CjpegliYcbcr	1.0
maps	nps_nps-biho-FINAL-VERSION_BIHO-unigrid_Side-1_X3_compressed-for-web-6_p01.png	jpegli	420	96	identity_off	44.165	91.312	0.6638	CjpegliYcbcr	0.5
maps	nps_nps-biho-FINAL-VERSION_BIHO-unigrid_Side-1_X3_compressed-for-web-6_p01.png	jpegli	420	96	model_policy	45.317	91.093	0.7039	CjpegliYcbcr	0.5
maps	nps_nps-biho-FINAL-VERSION_BIHO-unigrid_Side-1_X3_compressed-for-web-6_p01.png	jpegli	420	96	model_proj	44.165	91.312	0.6638	CjpegliYcbcr	0.5
maps	nps_nps-biho-FINAL-VERSION_BIHO-unigrid_Side-1_X3_compressed-for-web-6_p01.png	jpegli	444	85	identity_off	42.012	86.243	0.7381	CjpegliYcbcr	1.4
maps	nps_nps-biho-FINAL-VERSION_BIHO-unigrid_Side-1_X3_compressed-for-web-6_p01.png	jpegli	444	85	model_policy	42.907	86.852	0.7624	CjpegliYcbcr	1.4
maps	nps_nps-biho-FINAL-VERSION_BIHO-unigrid_Side-1_X3_compressed-for-web-6_p01.png	jpegli	444	85	model_proj	43.090	87.187	0.7275	CjpegliYcbcr	1.4
maps	nps_nps-biho-FINAL-VERSION_BIHO-unigrid_Side-1_X3_compressed-for-web-6_p01.png	jpegli	444	90	identity_off	43.445	88.831	0.9107	CjpegliYcbcr	1.1
maps	nps_nps-biho-FINAL-VERSION_BIHO-unigrid_Side-1_X3_compressed-for-web-6_p01.png	jpegli	444	90	model_policy	44.309	89.365	0.9063	CjpegliYcbcr	1.1
maps	nps_nps-biho-FINAL-VERSION_BIHO-unigrid_Side-1_X3_compressed-for-web-6_p01.png	jpegli	444	90	model_proj	44.404	89.614	0.8911	CjpegliYcbcr	1.1
maps	nps_nps-biho-FINAL-VERSION_BIHO-unigrid_Side-1_X3_compressed-for-web-6_p01.png	jpegli	444	93	identity_off	44.524	90.033	1.2230	CjpegliYcbcr	0.7
maps	nps_nps-biho-FINAL-VERSION_BIHO-unigrid_Side-1_X3_compressed-for-web-6_p01.png	jpegli	444	93	model_policy	45.304	89.956	1.2118	CjpegliYcbcr	0.7
maps	nps_nps-biho-FINAL-VERSION_BIHO-unigrid_Side-1_X3_compressed-for-web-6_p01.png	jpegli	444	93	model_proj	45.376	90.277	1.2109	CjpegliYcbcr	0.7
maps	nps_nps-biho-FINAL-VERSION_BIHO-unigrid_Side-1_X3_compressed-for-web-6_p01.png	jpegli	444	96	identity_off	46.435	91.634	0.6560	CjpegliYcbcr	0.3
maps	nps_nps-biho-FINAL-VERSION_BIHO-unigrid_Side-1_X3_compressed-for-web-6_p01.png	jpegli	444	96	model_policy	46.588	91.165	0.7028	CjpegliYcbcr	0.3
maps	nps_nps-biho-FINAL-VERSION_BIHO-unigrid_Side-1_X3_compressed-for-web-6_p01.png	jpegli	444	96	model_proj	46.435	91.634	0.6560	CjpegliYcbcr	0.3
maps	nps_nps-biho-FINAL-VERSION_BIHO-unigrid_Side-1_X3_compressed-for-web-6_p01.png	zenjpeg	420	85	identity_off	41.214	84.948	0.7922	CjpegliYcbcr	1.8
maps	nps_nps-biho-FINAL-VERSION_BIHO-unigrid_Side-1_X3_compressed-for-web-6_p01.png	zenjpeg	420	85	model_policy	42.317	85.277	0.7963	CjpegliYcbcr	1.8
maps	nps_nps-biho-FINAL-VERSION_BIHO-unigrid_Side-1_X3_compressed-for-web-6_p01.png	zenjpeg	420	85	model_proj	42.463	85.713	0.7603	CjpegliYcbcr	1.8
maps	nps_nps-biho-FINAL-VERSION_BIHO-unigrid_Side-1_X3_compressed-for-web-6_p01.png	zenjpeg	420	90	identity_off	42.432	87.973	0.7168	CjpegliYcbcr	1.3
maps	nps_nps-biho-FINAL-VERSION_BIHO-unigrid_Side-1_X3_compressed-for-web-6_p01.png	zenjpeg	420	90	model_policy	43.500	88.010	0.7552	CjpegliYcbcr	1.3
maps	nps_nps-biho-FINAL-VERSION_BIHO-unigrid_Side-1_X3_compressed-for-web-6_p01.png	zenjpeg	420	90	model_proj	43.708	88.346	0.6973	CjpegliYcbcr	1.3
maps	nps_nps-biho-FINAL-VERSION_BIHO-unigrid_Side-1_X3_compressed-for-web-6_p01.png	zenjpeg	420	93	identity_off	43.287	89.550	0.6887	CjpegliYcbcr	1.0
maps	nps_nps-biho-FINAL-VERSION_BIHO-unigrid_Side-1_X3_compressed-for-web-6_p01.png	zenjpeg	420	93	model_policy	44.310	89.465	0.7331	CjpegliYcbcr	1.0
maps	nps_nps-biho-FINAL-VERSION_BIHO-unigrid_Side-1_X3_compressed-for-web-6_p01.png	zenjpeg	420	93	model_proj	44.634	89.728	0.6720	CjpegliYcbcr	1.0
maps	nps_nps-biho-FINAL-VERSION_BIHO-unigrid_Side-1_X3_compressed-for-web-6_p01.png	zenjpeg	420	96	identity_off	44.071	91.120	0.6748	CjpegliYcbcr	0.5
maps	nps_nps-biho-FINAL-VERSION_BIHO-unigrid_Side-1_X3_compressed-for-web-6_p01.png	zenjpeg	420	96	model_policy	45.176	90.724	0.7175	CjpegliYcbcr	0.5
maps	nps_nps-biho-FINAL-VERSION_BIHO-unigrid_Side-1_X3_compressed-for-web-6_p01.png	zenjpeg	420	96	model_proj	44.071	91.120	0.6748	CjpegliYcbcr	0.5
maps	nps_nps-biho-FINAL-VERSION_BIHO-unigrid_Side-1_X3_compressed-for-web-6_p01.png	zenjpeg	444	85	identity_off	42.104	86.183	0.7437	CjpegliYcbcr	1.4
maps	nps_nps-biho-FINAL-VERSION_BIHO-unigrid_Side-1_X3_compressed-for-web-6_p01.png	zenjpeg	444	85	model_policy	42.852	86.432	0.7833	CjpegliYcbcr	1.4
maps	nps_nps-biho-FINAL-VERSION_BIHO-unigrid_Side-1_X3_compressed-for-web-6_p01.png	zenjpeg	444	85	model_proj	43.030	86.844	0.7331	CjpegliYcbcr	1.4
maps	nps_nps-biho-FINAL-VERSION_BIHO-unigrid_Side-1_X3_compressed-for-web-6_p01.png	zenjpeg	444	90	identity_off	43.489	88.719	0.6955	CjpegliYcbcr	1.1
maps	nps_nps-biho-FINAL-VERSION_BIHO-unigrid_Side-1_X3_compressed-for-web-6_p01.png	zenjpeg	444	90	model_policy	44.100	88.815	0.7366	CjpegliYcbcr	1.1
maps	nps_nps-biho-FINAL-VERSION_BIHO-unigrid_Side-1_X3_compressed-for-web-6_p01.png	zenjpeg	444	90	model_proj	44.307	89.157	0.6881	CjpegliYcbcr	1.1
maps	nps_nps-biho-FINAL-VERSION_BIHO-unigrid_Side-1_X3_compressed-for-web-6_p01.png	zenjpeg	444	93	identity_off	44.644	89.934	0.6769	CjpegliYcbcr	0.7
maps	nps_nps-biho-FINAL-VERSION_BIHO-unigrid_Side-1_X3_compressed-for-web-6_p01.png	zenjpeg	444	93	model_policy	45.126	89.858	0.7233	CjpegliYcbcr	0.7
maps	nps_nps-biho-FINAL-VERSION_BIHO-unigrid_Side-1_X3_compressed-for-web-6_p01.png	zenjpeg	444	93	model_proj	45.377	90.307	0.6773	CjpegliYcbcr	0.7
maps	nps_nps-biho-FINAL-VERSION_BIHO-unigrid_Side-1_X3_compressed-for-web-6_p01.png	zenjpeg	444	96	identity_off	46.387	91.637	0.6633	CjpegliYcbcr	0.3
maps	nps_nps-biho-FINAL-VERSION_BIHO-unigrid_Side-1_X3_compressed-for-web-6_p01.png	zenjpeg	444	96	model_policy	46.476	91.022	0.7085	CjpegliYcbcr	0.3
maps	nps_nps-biho-FINAL-VERSION_BIHO-unigrid_Side-1_X3_compressed-for-web-6_p01.png	zenjpeg	444	96	model_proj	46.387	91.637	0.6633	CjpegliYcbcr	0.3
renders	a-chosen-soul-MOIGsaj8te0-unsplash.jpg	turbo	420	85	identity_off	44.612	86.282	0.5828	ImageMagick	85.0
renders	a-chosen-soul-MOIGsaj8te0-unsplash.jpg	turbo	420	85	model_policy	44.805	82.213	0.5566	ImageMagick	85.0
renders	a-chosen-soul-MOIGsaj8te0-unsplash.jpg	turbo	420	85	model_proj	45.199	84.732	0.5434	ImageMagick	85.0
renders	a-chosen-soul-MOIGsaj8te0-unsplash.jpg	turbo	420	90	identity_off	52.711	92.977	0.1780	ImageMagick	90.0
renders	a-chosen-soul-MOIGsaj8te0-unsplash.jpg	turbo	420	90	model_policy	49.061	85.311	0.3693	ImageMagick	90.0
renders	a-chosen-soul-MOIGsaj8te0-unsplash.jpg	turbo	420	90	model_proj	49.782	87.529	0.3349	ImageMagick	90.0
renders	a-chosen-soul-MOIGsaj8te0-unsplash.jpg	turbo	420	93	identity_off	47.944	91.173	0.3653	ImageMagick	93.0
renders	a-chosen-soul-MOIGsaj8te0-unsplash.jpg	turbo	420	93	model_policy	46.976	84.666	0.4119	ImageMagick	93.0
renders	a-chosen-soul-MOIGsaj8te0-unsplash.jpg	turbo	420	93	model_proj	47.698	88.613	0.3774	ImageMagick	93.0
renders	a-chosen-soul-MOIGsaj8te0-unsplash.jpg	turbo	420	96	identity_off	54.021	94.592	0.1691	ImageMagick	96.0
renders	a-chosen-soul-MOIGsaj8te0-unsplash.jpg	turbo	420	96	model_policy	49.994	86.074	0.3736	ImageMagick	96.0
renders	a-chosen-soul-MOIGsaj8te0-unsplash.jpg	turbo	420	96	model_proj	54.021	94.592	0.1691	ImageMagick	96.0
renders	a-chosen-soul-MOIGsaj8te0-unsplash.jpg	turbo	444	85	identity_off	44.619	86.648	0.5835	ImageMagick	85.0
renders	a-chosen-soul-MOIGsaj8te0-unsplash.jpg	turbo	444	85	model_policy	44.809	82.461	0.5574	ImageMagick	85.0
renders	a-chosen-soul-MOIGsaj8te0-unsplash.jpg	turbo	444	85	model_proj	45.216	85.039	0.5429	ImageMagick	85.0
renders	a-chosen-soul-MOIGsaj8te0-unsplash.jpg	turbo	444	90	identity_off	52.437	93.483	0.1775	ImageMagick	90.0
renders	a-chosen-soul-MOIGsaj8te0-unsplash.jpg	turbo	444	90	model_policy	48.941	85.485	0.3754	ImageMagick	90.0
renders	a-chosen-soul-MOIGsaj8te0-unsplash.jpg	turbo	444	90	model_proj	49.637	87.649	0.3432	ImageMagick	90.0
renders	a-chosen-soul-MOIGsaj8te0-unsplash.jpg	turbo	444	93	identity_off	48.004	91.669	0.3654	ImageMagick	93.0
renders	a-chosen-soul-MOIGsaj8te0-unsplash.jpg	turbo	444	93	model_policy	47.007	84.915	0.4082	ImageMagick	93.0
renders	a-chosen-soul-MOIGsaj8te0-unsplash.jpg	turbo	444	93	model_proj	47.748	88.783	0.3727	ImageMagick	93.0
renders	a-chosen-soul-MOIGsaj8te0-unsplash.jpg	turbo	444	96	identity_off	53.864	94.902	0.1681	ImageMagick	96.0
renders	a-chosen-soul-MOIGsaj8te0-unsplash.jpg	turbo	444	96	model_policy	49.918	86.083	0.3799	ImageMagick	96.0
renders	a-chosen-soul-MOIGsaj8te0-unsplash.jpg	turbo	444	96	model_proj	53.864	94.902	0.1681	ImageMagick	96.0
renders	a-chosen-soul-MOIGsaj8te0-unsplash.jpg	mozjpeg	420	85	identity_off	38.366	75.024	1.0479	Mozjpeg	85.0
renders	a-chosen-soul-MOIGsaj8te0-unsplash.jpg	mozjpeg	420	85	model_policy	38.304	70.952	1.0475	Mozjpeg	85.0
renders	a-chosen-soul-MOIGsaj8te0-unsplash.jpg	mozjpeg	420	85	model_proj	38.322	71.730	1.0467	Mozjpeg	85.0
renders	a-chosen-soul-MOIGsaj8te0-unsplash.jpg	mozjpeg	420	90	identity_off	42.222	83.896	0.7065	Mozjpeg	90.0
renders	a-chosen-soul-MOIGsaj8te0-unsplash.jpg	mozjpeg	420	90	model_policy	41.938	78.891	0.7141	Mozjpeg	90.0
renders	a-chosen-soul-MOIGsaj8te0-unsplash.jpg	mozjpeg	420	90	model_proj	41.949	79.139	0.7138	Mozjpeg	90.0
renders	a-chosen-soul-MOIGsaj8te0-unsplash.jpg	mozjpeg	420	93	identity_off	44.370	86.494	0.5711	Mozjpeg	93.0
renders	a-chosen-soul-MOIGsaj8te0-unsplash.jpg	mozjpeg	420	93	model_policy	43.739	81.001	0.5956	Mozjpeg	93.0
renders	a-chosen-soul-MOIGsaj8te0-unsplash.jpg	mozjpeg	420	93	model_proj	44.065	84.292	0.5824	Mozjpeg	93.0
renders	a-chosen-soul-MOIGsaj8te0-unsplash.jpg	mozjpeg	420	96	identity_off	51.182	92.413	0.2828	Mozjpeg	96.0
renders	a-chosen-soul-MOIGsaj8te0-unsplash.jpg	mozjpeg	420	96	model_policy	48.555	84.920	0.3820	Mozjpeg	96.0
renders	a-chosen-soul-MOIGsaj8te0-unsplash.jpg	mozjpeg	420	96	model_proj	51.182	92.413	0.2828	Mozjpeg	96.0
renders	a-chosen-soul-MOIGsaj8te0-unsplash.jpg	mozjpeg	444	85	identity_off	38.359	75.269	1.0479	Mozjpeg	85.0
renders	a-chosen-soul-MOIGsaj8te0-unsplash.jpg	mozjpeg	444	85	model_policy	38.300	71.136	1.0469	Mozjpeg	85.0
renders	a-chosen-soul-MOIGsaj8te0-unsplash.jpg	mozjpeg	444	85	model_proj	38.320	71.887	1.0463	Mozjpeg	85.0
renders	a-chosen-soul-MOIGsaj8te0-unsplash.jpg	mozjpeg	444	90	identity_off	42.239	84.217	0.7063	Mozjpeg	90.0
renders	a-chosen-soul-MOIGsaj8te0-unsplash.jpg	mozjpeg	444	90	model_policy	41.948	79.139	0.7144	Mozjpeg	90.0
renders	a-chosen-soul-MOIGsaj8te0-unsplash.jpg	mozjpeg	444	90	model_proj	41.963	79.350	0.7140	Mozjpeg	90.0
renders	a-chosen-soul-MOIGsaj8te0-unsplash.jpg	mozjpeg	444	93	identity_off	44.371	86.949	0.5700	Mozjpeg	93.0
renders	a-chosen-soul-MOIGsaj8te0-unsplash.jpg	mozjpeg	444	93	model_policy	43.735	81.281	0.5949	Mozjpeg	93.0
renders	a-chosen-soul-MOIGsaj8te0-unsplash.jpg	mozjpeg	444	93	model_proj	44.069	84.481	0.5814	Mozjpeg	93.0
renders	a-chosen-soul-MOIGsaj8te0-unsplash.jpg	mozjpeg	444	96	identity_off	51.127	92.503	0.2807	Mozjpeg	96.0
renders	a-chosen-soul-MOIGsaj8te0-unsplash.jpg	mozjpeg	444	96	model_policy	48.505	84.970	0.3848	Mozjpeg	96.0
renders	a-chosen-soul-MOIGsaj8te0-unsplash.jpg	mozjpeg	444	96	model_proj	51.127	92.503	0.2807	Mozjpeg	96.0
renders	a-chosen-soul-MOIGsaj8te0-unsplash.jpg	jpegli	420	85	identity_off	41.735	79.055	0.7478	CjpegliYcbcr	1.8
renders	a-chosen-soul-MOIGsaj8te0-unsplash.jpg	jpegli	420	85	model_policy	41.351	74.268	0.7628	CjpegliYcbcr	1.8
renders	a-chosen-soul-MOIGsaj8te0-unsplash.jpg	jpegli	420	85	model_proj	41.435	76.209	0.7604	CjpegliYcbcr	1.8
renders	a-chosen-soul-MOIGsaj8te0-unsplash.jpg	jpegli	420	90	identity_off	46.162	85.319	0.4231	CjpegliYcbcr	1.3
renders	a-chosen-soul-MOIGsaj8te0-unsplash.jpg	jpegli	420	90	model_policy	45.094	79.923	0.4683	CjpegliYcbcr	1.3
renders	a-chosen-soul-MOIGsaj8te0-unsplash.jpg	jpegli	420	90	model_proj	45.490	83.373	0.4502	CjpegliYcbcr	1.3
renders	a-chosen-soul-MOIGsaj8te0-unsplash.jpg	jpegli	420	93	identity_off	49.630	90.276	0.2824	CjpegliYcbcr	1.0
renders	a-chosen-soul-MOIGsaj8te0-unsplash.jpg	jpegli	420	93	model_policy	47.634	83.676	0.3902	CjpegliYcbcr	1.0
renders	a-chosen-soul-MOIGsaj8te0-unsplash.jpg	jpegli	420	93	model_proj	48.384	88.099	0.3489	CjpegliYcbcr	1.0
renders	a-chosen-soul-MOIGsaj8te0-unsplash.jpg	jpegli	420	96	identity_off	53.204	93.257	0.1786	CjpegliYcbcr	0.5
renders	a-chosen-soul-MOIGsaj8te0-unsplash.jpg	jpegli	420	96	model_policy	49.483	85.446	0.3723	CjpegliYcbcr	0.5
renders	a-chosen-soul-MOIGsaj8te0-unsplash.jpg	jpegli	420	96	model_proj	53.204	93.257	0.1786	CjpegliYcbcr	0.5
renders	a-chosen-soul-MOIGsaj8te0-unsplash.jpg	jpegli	444	85	identity_off	44.374	83.782	0.5273	CjpegliYcbcr	1.4
renders	a-chosen-soul-MOIGsaj8te0-unsplash.jpg	jpegli	444	85	model_policy	43.740	78.499	0.5520	CjpegliYcbcr	1.4
renders	a-chosen-soul-MOIGsaj8te0-unsplash.jpg	jpegli	444	85	model_proj	43.891	80.601	0.5463	CjpegliYcbcr	1.4
renders	a-chosen-soul-MOIGsaj8te0-unsplash.jpg	jpegli	444	90	identity_off	47.259	87.452	0.3627	CjpegliYcbcr	1.1
renders	a-chosen-soul-MOIGsaj8te0-unsplash.jpg	jpegli	444	90	model_policy	46.060	81.727	0.4380	CjpegliYcbcr	1.1
renders	a-chosen-soul-MOIGsaj8te0-unsplash.jpg	jpegli	444	90	model_proj	46.934	86.023	0.4042	CjpegliYcbcr	1.1
renders	a-chosen-soul-MOIGsaj8te0-unsplash.jpg	jpegli	444	93	identity_off	49.777	89.963	0.2458	CjpegliYcbcr	0.7
renders	a-chosen-soul-MOIGsaj8te0-unsplash.jpg	jpegli	444	93	model_policy	47.721	83.269	0.3817	CjpegliYcbcr	0.7
renders	a-chosen-soul-MOIGsaj8te0-unsplash.jpg	jpegli	444	93	model_proj	48.962	87.938	0.3216	CjpegliYcbcr	0.7
renders	a-chosen-soul-MOIGsaj8te0-unsplash.jpg	jpegli	444	96	identity_off	52.531	92.050	0.1602	CjpegliYcbcr	0.3
renders	a-chosen-soul-MOIGsaj8te0-unsplash.jpg	jpegli	444	96	model_policy	49.246	84.768	0.3721	CjpegliYcbcr	0.3
renders	a-chosen-soul-MOIGsaj8te0-unsplash.jpg	jpegli	444	96	model_proj	52.531	92.050	0.1602	CjpegliYcbcr	0.3
renders	a-chosen-soul-MOIGsaj8te0-unsplash.jpg	zenjpeg	420	85	identity_off	41.705	79.541	0.7531	CjpegliYcbcr	1.8
renders	a-chosen-soul-MOIGsaj8te0-unsplash.jpg	zenjpeg	420	85	model_policy	41.313	74.672	0.7690	CjpegliYcbcr	1.8
renders	a-chosen-soul-MOIGsaj8te0-unsplash.jpg	zenjpeg	420	85	model_proj	41.399	76.638	0.7666	CjpegliYcbcr	1.8
renders	a-chosen-soul-MOIGsaj8te0-unsplash.jpg	zenjpeg	420	90	identity_off	46.190	85.572	0.4242	CjpegliYcbcr	1.3
renders	a-chosen-soul-MOIGsaj8te0-unsplash.jpg	zenjpeg	420	90	model_policy	45.107	80.231	0.4711	CjpegliYcbcr	1.3
renders	a-chosen-soul-MOIGsaj8te0-unsplash.jpg	zenjpeg	420	90	model_proj	45.503	83.460	0.4532	CjpegliYcbcr	1.3
renders	a-chosen-soul-MOIGsaj8te0-unsplash.jpg	zenjpeg	420	93	identity_off	49.801	90.950	0.2783	CjpegliYcbcr	1.0
renders	a-chosen-soul-MOIGsaj8te0-unsplash.jpg	zenjpeg	420	93	model_policy	47.713	83.957	0.3918	CjpegliYcbcr	1.0
renders	a-chosen-soul-MOIGsaj8te0-unsplash.jpg	zenjpeg	420	93	model_proj	48.462	88.209	0.3527	CjpegliYcbcr	1.0
renders	a-chosen-soul-MOIGsaj8te0-unsplash.jpg	zenjpeg	420	96	identity_off	53.618	94.476	0.1666	CjpegliYcbcr	0.5
renders	a-chosen-soul-MOIGsaj8te0-unsplash.jpg	zenjpeg	420	96	model_policy	49.615	85.833	0.3774	CjpegliYcbcr	0.5
renders	a-chosen-soul-MOIGsaj8te0-unsplash.jpg	zenjpeg	420	96	model_proj	53.618	94.476	0.1666	CjpegliYcbcr	0.5
renders	a-chosen-soul-MOIGsaj8te0-unsplash.jpg	zenjpeg	444	85	identity_off	44.358	83.828	0.5279	CjpegliYcbcr	1.4
renders	a-chosen-soul-MOIGsaj8te0-unsplash.jpg	zenjpeg	444	85	model_policy	43.723	78.791	0.5519	CjpegliYcbcr	1.4
renders	a-chosen-soul-MOIGsaj8te0-unsplash.jpg	zenjpeg	444	85	model_proj	43.872	80.708	0.5462	CjpegliYcbcr	1.4
renders	a-chosen-soul-MOIGsaj8te0-unsplash.jpg	zenjpeg	444	90	identity_off	47.305	87.930	0.3631	CjpegliYcbcr	1.1
renders	a-chosen-soul-MOIGsaj8te0-unsplash.jpg	zenjpeg	444	90	model_policy	46.085	81.994	0.4365	CjpegliYcbcr	1.1
renders	a-chosen-soul-MOIGsaj8te0-unsplash.jpg	zenjpeg	444	90	model_proj	46.958	86.295	0.4023	CjpegliYcbcr	1.1
renders	a-chosen-soul-MOIGsaj8te0-unsplash.jpg	zenjpeg	444	93	identity_off	49.920	90.463	0.2471	CjpegliYcbcr	0.7
renders	a-chosen-soul-MOIGsaj8te0-unsplash.jpg	zenjpeg	444	93	model_policy	47.793	83.560	0.3801	CjpegliYcbcr	0.7
renders	a-chosen-soul-MOIGsaj8te0-unsplash.jpg	zenjpeg	444	93	model_proj	49.050	88.264	0.3180	CjpegliYcbcr	0.7
renders	a-chosen-soul-MOIGsaj8te0-unsplash.jpg	zenjpeg	444	96	identity_off	52.742	92.485	0.1548	CjpegliYcbcr	0.3
renders	a-chosen-soul-MOIGsaj8te0-unsplash.jpg	zenjpeg	444	96	model_policy	49.301	84.882	0.3680	CjpegliYcbcr	0.3
renders	a-chosen-soul-MOIGsaj8te0-unsplash.jpg	zenjpeg	444	96	model_proj	52.742	92.485	0.1548	CjpegliYcbcr	0.3
renders	anton-sobotyak-g7aYFxxNTVA-unsplash.jpg	turbo	420	85	identity_off	56.729	92.338	0.3131	ImageMagick	85.0
renders	anton-sobotyak-g7aYFxxNTVA-unsplash.jpg	turbo	420	85	model_policy	53.302	88.212	0.3648	ImageMagick	85.0
renders	anton-sobotyak-g7aYFxxNTVA-unsplash.jpg	turbo	420	85	model_proj	55.718	90.417	0.3227	ImageMagick	85.0
renders	anton-sobotyak-g7aYFxxNTVA-unsplash.jpg	turbo	420	90	identity_off	59.160	94.092	0.2097	ImageMagick	90.0
renders	anton-sobotyak-g7aYFxxNTVA-unsplash.jpg	turbo	420	90	model_policy	53.855	88.844	0.3395	ImageMagick	90.0
renders	anton-sobotyak-g7aYFxxNTVA-unsplash.jpg	turbo	420	90	model_proj	55.759	90.681	0.2962	ImageMagick	90.0
renders	anton-sobotyak-g7aYFxxNTVA-unsplash.jpg	turbo	420	93	identity_off	61.302	96.254	0.1552	ImageMagick	93.0
renders	anton-sobotyak-g7aYFxxNTVA-unsplash.jpg	turbo	420	93	model_policy	54.192	89.584	0.3410	ImageMagick	93.0
renders	anton-sobotyak-g7aYFxxNTVA-unsplash.jpg	turbo	420	93	model_proj	57.152	92.259	0.2855	ImageMagick	93.0
renders	anton-sobotyak-g7aYFxxNTVA-unsplash.jpg	turbo	420	96	identity_off	64.896	96.761	0.1051	ImageMagick	96.0
renders	anton-sobotyak-g7aYFxxNTVA-unsplash.jpg	turbo	420	96	model_policy	54.345	89.640	0.3374	ImageMagick	96.0
renders	anton-sobotyak-g7aYFxxNTVA-unsplash.jpg	turbo	420	96	model_proj	64.896	96.761	0.1051	ImageMagick	96.0
renders	anton-sobotyak-g7aYFxxNTVA-unsplash.jpg	turbo	444	85	identity_off	58.928	94.122	0.2918	ImageMagick	85.0
renders	anton-sobotyak-g7aYFxxNTVA-unsplash.jpg	turbo	444	85	model_policy	53.784	89.148	0.3582	ImageMagick	85.0
renders	anton-sobotyak-g7aYFxxNTVA-unsplash.jpg	turbo	444	85	model_proj	56.657	91.259	0.3113	ImageMagick	85.0
renders	anton-sobotyak-g7aYFxxNTVA-unsplash.jpg	turbo	444	90	identity_off	62.251	96.379	0.1801	ImageMagick	90.0
renders	anton-sobotyak-g7aYFxxNTVA-unsplash.jpg	turbo	444	90	model_policy	54.236	89.593	0.3396	ImageMagick	90.0
renders	anton-sobotyak-g7aYFxxNTVA-unsplash.jpg	turbo	444	90	model_proj	56.455	91.095	0.3002	ImageMagick	90.0
renders	anton-sobotyak-g7aYFxxNTVA-unsplash.jpg	turbo	444	93	identity_off	64.270	97.071	0.1319	ImageMagick	93.0
renders	anton-sobotyak-g7aYFxxNTVA-unsplash.jpg	turbo	444	93	model_policy	54.363	89.710	0.3424	ImageMagick	93.0
renders	anton-sobotyak-g7aYFxxNTVA-unsplash.jpg	turbo	444	93	model_proj	57.675	92.644	0.2896	ImageMagick	93.0
renders	anton-sobotyak-g7aYFxxNTVA-unsplash.jpg	turbo	444	96	identity_off	67.083	97.658	0.0934	ImageMagick	96.0
renders	anton-sobotyak-g7aYFxxNTVA-unsplash.jpg	turbo	444	96	model_policy	54.386	89.737	0.3462	ImageMagick	96.0
renders	anton-sobotyak-g7aYFxxNTVA-unsplash.jpg	turbo	444	96	model_proj	67.083	97.658	0.0934	ImageMagick	96.0
renders	anton-sobotyak-g7aYFxxNTVA-unsplash.jpg	mozjpeg	420	85	identity_off	55.376	90.516	0.4091	Mozjpeg	85.0
renders	anton-sobotyak-g7aYFxxNTVA-unsplash.jpg	mozjpeg	420	85	model_policy	52.762	87.600	0.4185	Mozjpeg	85.0
renders	anton-sobotyak-g7aYFxxNTVA-unsplash.jpg	mozjpeg	420	85	model_proj	52.887	87.969	0.4173	Mozjpeg	85.0
renders	anton-sobotyak-g7aYFxxNTVA-unsplash.jpg	mozjpeg	420	90	identity_off	58.635	94.408	0.2460	Mozjpeg	90.0
renders	anton-sobotyak-g7aYFxxNTVA-unsplash.jpg	mozjpeg	420	90	model_policy	53.756	89.050	0.3428	Mozjpeg	90.0
renders	anton-sobotyak-g7aYFxxNTVA-unsplash.jpg	mozjpeg	420	90	model_proj	53.915	89.378	0.3386	Mozjpeg	90.0
renders	anton-sobotyak-g7aYFxxNTVA-unsplash.jpg	mozjpeg	420	93	identity_off	62.402	96.356	0.1616	Mozjpeg	93.0
renders	anton-sobotyak-g7aYFxxNTVA-unsplash.jpg	mozjpeg	420	93	model_policy	54.184	89.554	0.3385	Mozjpeg	93.0
renders	anton-sobotyak-g7aYFxxNTVA-unsplash.jpg	mozjpeg	420	93	model_proj	57.039	92.181	0.2799	Mozjpeg	93.0
renders	anton-sobotyak-g7aYFxxNTVA-unsplash.jpg	mozjpeg	420	96	identity_off	66.257	97.204	0.1023	Mozjpeg	96.0
renders	anton-sobotyak-g7aYFxxNTVA-unsplash.jpg	mozjpeg	420	96	model_policy	54.410	89.734	0.3415	Mozjpeg	96.0
renders	anton-sobotyak-g7aYFxxNTVA-unsplash.jpg	mozjpeg	420	96	model_proj	66.257	97.204	0.1023	Mozjpeg	96.0
renders	anton-sobotyak-g7aYFxxNTVA-unsplash.jpg	mozjpeg	444	85	identity_off	56.827	91.999	0.3984	Mozjpeg	85.0
renders	anton-sobotyak-g7aYFxxNTVA-unsplash.jpg	mozjpeg	444	85	model_policy	53.147	88.371	0.4027	Mozjpeg	85.0
renders	anton-sobotyak-g7aYFxxNTVA-unsplash.jpg	mozjpeg	444	85	model_proj	53.323	88.768	0.4010	Mozjpeg	85.0
renders	anton-sobotyak-g7aYFxxNTVA-unsplash.jpg	mozjpeg	444	90	identity_off	60.662	95.746	0.2317	Mozjpeg	90.0
renders	anton-sobotyak-g7aYFxxNTVA-unsplash.jpg	mozjpeg	444	90	model_policy	53.961	89.314	0.3414	Mozjpeg	90.0
renders	anton-sobotyak-g7aYFxxNTVA-unsplash.jpg	mozjpeg	444	90	model_proj	54.188	89.573	0.3377	Mozjpeg	90.0
renders	anton-sobotyak-g7aYFxxNTVA-unsplash.jpg	mozjpeg	444	93	identity_off	63.615	96.870	0.1582	Mozjpeg	93.0
renders	anton-sobotyak-g7aYFxxNTVA-unsplash.jpg	mozjpeg	444	93	model_policy	54.268	89.638	0.3376	Mozjpeg	93.0
renders	anton-sobotyak-g7aYFxxNTVA-unsplash.jpg	mozjpeg	444	93	model_proj	57.374	92.316	0.2788	Mozjpeg	93.0
renders	anton-sobotyak-g7aYFxxNTVA-unsplash.jpg	mozjpeg	444	96	identity_off	67.670	97.750	0.1007	Mozjpeg	96.0
renders	anton-sobotyak-g7aYFxxNTVA-unsplash.jpg	mozjpeg	444	96	model_policy	54.431	89.739	0.3418	Mozjpeg	96.0
renders	anton-sobotyak-g7aYFxxNTVA-unsplash.jpg	mozjpeg	444	96	model_proj	67.670	97.750	0.1007	Mozjpeg	96.0
renders	anton-sobotyak-g7aYFxxNTVA-unsplash.jpg	jpegli	420	85	identity_off	53.063	87.840	0.4339	CjpegliYcbcr	1.8
renders	anton-sobotyak-g7aYFxxNTVA-unsplash.jpg	jpegli	420	85	model_policy	51.592	85.572	0.4517	CjpegliYcbcr	1.8
renders	anton-sobotyak-g7aYFxxNTVA-unsplash.jpg	jpegli	420	85	model_proj	51.885	86.472	0.4486	CjpegliYcbcr	1.8
renders	anton-sobotyak-g7aYFxxNTVA-unsplash.jpg	jpegli	420	90	identity_off	55.832	91.108	0.3486	CjpegliYcbcr	1.3
renders	anton-sobotyak-g7aYFxxNTVA-unsplash.jpg	jpegli	420	90	model_policy	52.864	87.784	0.3855	CjpegliYcbcr	1.3
renders	anton-sobotyak-g7aYFxxNTVA-unsplash.jpg	jpegli	420	90	model_proj	54.162	90.032	0.3620	CjpegliYcbcr	1.3
renders	anton-sobotyak-g7aYFxxNTVA-unsplash.jpg	jpegli	420	93	identity_off	57.526	92.929	0.2857	CjpegliYcbcr	1.0
renders	anton-sobotyak-g7aYFxxNTVA-unsplash.jpg	jpegli	420	93	model_policy	53.453	88.326	0.3530	CjpegliYcbcr	1.0
renders	anton-sobotyak-g7aYFxxNTVA-unsplash.jpg	jpegli	420	93	model_proj	54.987	91.549	0.3076	CjpegliYcbcr	1.0
renders	anton-sobotyak-g7aYFxxNTVA-unsplash.jpg	jpegli	420	96	identity_off	59.001	94.613	0.2874	CjpegliYcbcr	0.5
renders	anton-sobotyak-g7aYFxxNTVA-unsplash.jpg	jpegli	420	96	model_policy	53.699	89.185	0.3592	CjpegliYcbcr	0.5
renders	anton-sobotyak-g7aYFxxNTVA-unsplash.jpg	jpegli	420	96	model_proj	59.001	94.613	0.2874	CjpegliYcbcr	0.5
renders	anton-sobotyak-g7aYFxxNTVA-unsplash.jpg	jpegli	444	85	identity_off	55.749	91.145	0.3759	CjpegliYcbcr	1.4
renders	anton-sobotyak-g7aYFxxNTVA-unsplash.jpg	jpegli	444	85	model_policy	52.709	87.740	0.4040	CjpegliYcbcr	1.4
renders	anton-sobotyak-g7aYFxxNTVA-unsplash.jpg	jpegli	444	85	model_proj	53.059	88.631	0.3991	CjpegliYcbcr	1.4
renders	anton-sobotyak-g7aYFxxNTVA-unsplash.jpg	jpegli	444	90	identity_off	56.889	91.460	0.3341	CjpegliYcbcr	1.1
renders	anton-sobotyak-g7aYFxxNTVA-unsplash.jpg	jpegli	444	90	model_policy	53.105	87.677	0.3779	CjpegliYcbcr	1.1
renders	anton-sobotyak-g7aYFxxNTVA-unsplash.jpg	jpegli	444	90	model_proj	56.096	90.873	0.3366	CjpegliYcbcr	1.1
renders	anton-sobotyak-g7aYFxxNTVA-unsplash.jpg	jpegli	444	93	identity_off	56.021	91.932	0.3103	CjpegliYcbcr	0.7
renders	anton-sobotyak-g7aYFxxNTVA-unsplash.jpg	jpegli	444	93	model_policy	52.745	87.620	0.3680	CjpegliYcbcr	0.7
renders	anton-sobotyak-g7aYFxxNTVA-unsplash.jpg	jpegli	444	93	model_proj	55.437	91.035	0.3199	CjpegliYcbcr	0.7
renders	anton-sobotyak-g7aYFxxNTVA-unsplash.jpg	jpegli	444	96	identity_off	60.512	94.860	0.2420	CjpegliYcbcr	0.3
renders	anton-sobotyak-g7aYFxxNTVA-unsplash.jpg	jpegli	444	96	model_policy	53.882	89.279	0.3458	CjpegliYcbcr	0.3
renders	anton-sobotyak-g7aYFxxNTVA-unsplash.jpg	jpegli	444	96	model_proj	60.512	94.860	0.2420	CjpegliYcbcr	0.3
renders	anton-sobotyak-g7aYFxxNTVA-unsplash.jpg	zenjpeg	420	85	identity_off	54.896	90.080	0.3946	CjpegliYcbcr	1.8
renders	anton-sobotyak-g7aYFxxNTVA-unsplash.jpg	zenjpeg	420	85	model_policy	52.518	87.136	0.4215	CjpegliYcbcr	1.8
renders	anton-sobotyak-g7aYFxxNTVA-unsplash.jpg	zenjpeg	420	85	model_proj	52.889	88.121	0.4163	CjpegliYcbcr	1.8
renders	anton-sobotyak-g7aYFxxNTVA-unsplash.jpg	zenjpeg	420	90	identity_off	56.520	91.939	0.3275	CjpegliYcbcr	1.3
renders	anton-sobotyak-g7aYFxxNTVA-unsplash.jpg	zenjpeg	420	90	model_policy	53.132	88.102	0.3769	CjpegliYcbcr	1.3
renders	anton-sobotyak-g7aYFxxNTVA-unsplash.jpg	zenjpeg	420	90	model_proj	54.950	90.161	0.3511	CjpegliYcbcr	1.3
renders	anton-sobotyak-g7aYFxxNTVA-unsplash.jpg	zenjpeg	420	93	identity_off	59.315	94.101	0.2306	CjpegliYcbcr	1.0
renders	anton-sobotyak-g7aYFxxNTVA-unsplash.jpg	zenjpeg	420	93	model_policy	53.756	88.938	0.3420	CjpegliYcbcr	1.0
renders	anton-sobotyak-g7aYFxxNTVA-unsplash.jpg	zenjpeg	420	93	model_proj	56.273	91.813	0.2881	CjpegliYcbcr	1.0
renders	anton-sobotyak-g7aYFxxNTVA-unsplash.jpg	zenjpeg	420	96	identity_off	62.568	96.151	0.1615	CjpegliYcbcr	0.5
renders	anton-sobotyak-g7aYFxxNTVA-unsplash.jpg	zenjpeg	420	96	model_policy	54.175	89.536	0.3426	CjpegliYcbcr	0.5
renders	anton-sobotyak-g7aYFxxNTVA-unsplash.jpg	zenjpeg	420	96	model_proj	62.568	96.151	0.1615	CjpegliYcbcr	0.5
renders	anton-sobotyak-g7aYFxxNTVA-unsplash.jpg	zenjpeg	444	85	identity_off	56.689	92.248	0.3606	CjpegliYcbcr	1.4
renders	anton-sobotyak-g7aYFxxNTVA-unsplash.jpg	zenjpeg	444	85	model_policy	53.075	88.181	0.3953	CjpegliYcbcr	1.4
renders	anton-sobotyak-g7aYFxxNTVA-unsplash.jpg	zenjpeg	444	85	model_proj	53.446	89.103	0.3908	CjpegliYcbcr	1.4
renders	anton-sobotyak-g7aYFxxNTVA-unsplash.jpg	zenjpeg	444	90	identity_off	58.854	94.044	0.2556	CjpegliYcbcr	1.1
renders	anton-sobotyak-g7aYFxxNTVA-unsplash.jpg	zenjpeg	444	90	model_policy	53.628	89.050	0.3497	CjpegliYcbcr	1.1
renders	anton-sobotyak-g7aYFxxNTVA-unsplash.jpg	zenjpeg	444	90	model_proj	57.179	92.786	0.2833	CjpegliYcbcr	1.1
renders	anton-sobotyak-g7aYFxxNTVA-unsplash.jpg	zenjpeg	444	93	identity_off	59.516	94.529	0.2427	CjpegliYcbcr	0.7
renders	anton-sobotyak-g7aYFxxNTVA-unsplash.jpg	zenjpeg	444	93	model_policy	53.820	89.129	0.3478	CjpegliYcbcr	0.7
renders	anton-sobotyak-g7aYFxxNTVA-unsplash.jpg	zenjpeg	444	93	model_proj	57.711	92.997	0.2750	CjpegliYcbcr	0.7
renders	anton-sobotyak-g7aYFxxNTVA-unsplash.jpg	zenjpeg	444	96	identity_off	64.132	95.742	0.1173	CjpegliYcbcr	0.3
renders	anton-sobotyak-g7aYFxxNTVA-unsplash.jpg	zenjpeg	444	96	model_policy	54.301	89.432	0.3345	CjpegliYcbcr	0.3
renders	anton-sobotyak-g7aYFxxNTVA-unsplash.jpg	zenjpeg	444	96	model_proj	64.132	95.742	0.1173	CjpegliYcbcr	0.3
renders	itsiken-pmYoy3WaFPU-unsplash.jpg	turbo	420	85	identity_off	38.519	82.087	0.7890	ImageMagick	85.0
renders	itsiken-pmYoy3WaFPU-unsplash.jpg	turbo	420	85	model_policy	39.118	82.379	0.7541	ImageMagick	85.0
renders	itsiken-pmYoy3WaFPU-unsplash.jpg	turbo	420	85	model_proj	39.122	82.390	0.7543	ImageMagick	85.0
renders	itsiken-pmYoy3WaFPU-unsplash.jpg	turbo	420	90	identity_off	39.873	85.490	0.6603	ImageMagick	90.0
renders	itsiken-pmYoy3WaFPU-unsplash.jpg	turbo	420	90	model_policy	40.320	85.813	0.6377	ImageMagick	90.0
renders	itsiken-pmYoy3WaFPU-unsplash.jpg	turbo	420	90	model_proj	40.326	85.756	0.6381	ImageMagick	90.0
renders	itsiken-pmYoy3WaFPU-unsplash.jpg	turbo	420	93	identity_off	41.171	87.790	0.5544	ImageMagick	93.0
renders	itsiken-pmYoy3WaFPU-unsplash.jpg	turbo	420	93	model_policy	41.463	88.005	0.5429	ImageMagick	93.0
renders	itsiken-pmYoy3WaFPU-unsplash.jpg	turbo	420	93	model_proj	41.474	87.736	0.5429	ImageMagick	93.0
renders	itsiken-pmYoy3WaFPU-unsplash.jpg	turbo	420	96	identity_off	43.610	91.201	0.3850	ImageMagick	96.0
renders	itsiken-pmYoy3WaFPU-unsplash.jpg	turbo	420	96	model_policy	43.835	91.312	0.3783	ImageMagick	96.0
renders	itsiken-pmYoy3WaFPU-unsplash.jpg	turbo	420	96	model_proj	43.610	91.201	0.3850	ImageMagick	96.0
renders	itsiken-pmYoy3WaFPU-unsplash.jpg	turbo	444	85	identity_off	39.269	84.211	0.7827	ImageMagick	85.0
renders	itsiken-pmYoy3WaFPU-unsplash.jpg	turbo	444	85	model_policy	39.833	83.899	0.7491	ImageMagick	85.0
renders	itsiken-pmYoy3WaFPU-unsplash.jpg	turbo	444	85	model_proj	39.846	84.068	0.7489	ImageMagick	85.0
renders	itsiken-pmYoy3WaFPU-unsplash.jpg	turbo	444	90	identity_off	40.704	87.342	0.6539	ImageMagick	90.0
renders	itsiken-pmYoy3WaFPU-unsplash.jpg	turbo	444	90	model_policy	41.135	87.117	0.6329	ImageMagick	90.0
renders	itsiken-pmYoy3WaFPU-unsplash.jpg	turbo	444	90	model_proj	41.141	87.217	0.6321	ImageMagick	90.0
renders	itsiken-pmYoy3WaFPU-unsplash.jpg	turbo	444	93	identity_off	42.126	89.638	0.5467	ImageMagick	93.0
renders	itsiken-pmYoy3WaFPU-unsplash.jpg	turbo	444	93	model_policy	42.399	89.354	0.5364	ImageMagick	93.0
renders	itsiken-pmYoy3WaFPU-unsplash.jpg	turbo	444	93	model_proj	42.400	89.156	0.5348	ImageMagick	93.0
renders	itsiken-pmYoy3WaFPU-unsplash.jpg	turbo	444	96	identity_off	44.963	92.735	0.3740	ImageMagick	96.0
renders	itsiken-pmYoy3WaFPU-unsplash.jpg	turbo	444	96	model_policy	45.149	92.335	0.3684	ImageMagick	96.0
renders	itsiken-pmYoy3WaFPU-unsplash.jpg	turbo	444	96	model_proj	44.963	92.735	0.3740	ImageMagick	96.0
renders	itsiken-pmYoy3WaFPU-unsplash.jpg	mozjpeg	420	85	identity_off	38.200	80.878	0.8579	Mozjpeg	85.0
renders	itsiken-pmYoy3WaFPU-unsplash.jpg	mozjpeg	420	85	model_policy	38.595	80.775	0.8401	Mozjpeg	85.0
renders	itsiken-pmYoy3WaFPU-unsplash.jpg	mozjpeg	420	85	model_proj	38.598	80.793	0.8401	Mozjpeg	85.0
renders	itsiken-pmYoy3WaFPU-unsplash.jpg	mozjpeg	420	90	identity_off	39.639	84.757	0.7160	Mozjpeg	90.0
renders	itsiken-pmYoy3WaFPU-unsplash.jpg	mozjpeg	420	90	model_policy	39.939	84.507	0.7045	Mozjpeg	90.0
renders	itsiken-pmYoy3WaFPU-unsplash.jpg	mozjpeg	420	90	model_proj	39.943	84.498	0.7048	Mozjpeg	90.0
renders	itsiken-pmYoy3WaFPU-unsplash.jpg	mozjpeg	420	93	identity_off	40.906	87.114	0.6119	Mozjpeg	93.0
renders	itsiken-pmYoy3WaFPU-unsplash.jpg	mozjpeg	420	93	model_policy	41.144	86.969	0.6034	Mozjpeg	93.0
renders	itsiken-pmYoy3WaFPU-unsplash.jpg	mozjpeg	420	93	model_proj	41.138	86.872	0.6044	Mozjpeg	93.0
renders	itsiken-pmYoy3WaFPU-unsplash.jpg	mozjpeg	420	96	identity_off	43.208	90.378	0.4504	Mozjpeg	96.0
renders	itsiken-pmYoy3WaFPU-unsplash.jpg	mozjpeg	420	96	model_policy	43.330	90.354	0.4478	Mozjpeg	96.0
renders	itsiken-pmYoy3WaFPU-unsplash.jpg	mozjpeg	420	96	model_proj	43.208	90.378	0.4504	Mozjpeg	96.0
renders	itsiken-pmYoy3WaFPU-unsplash.jpg	mozjpeg	444	85	identity_off	38.665	82.292	0.8537	Mozjpeg	85.0
renders	itsiken-pmYoy3WaFPU-unsplash.jpg	mozjpeg	444	85	model_policy	38.931	81.487	0.8358	Mozjpeg	85.0
renders	itsiken-pmYoy3WaFPU-unsplash.jpg	mozjpeg	444	85	model_proj	38.948	81.725	0.8359	Mozjpeg	85.0
renders	itsiken-pmYoy3WaFPU-unsplash.jpg	mozjpeg	444	90	identity_off	40.146	86.023	0.7108	Mozjpeg	90.0
renders	itsiken-pmYoy3WaFPU-unsplash.jpg	mozjpeg	444	90	model_policy	40.338	85.033	0.6994	Mozjpeg	90.0
renders	itsiken-pmYoy3WaFPU-unsplash.jpg	mozjpeg	444	90	model_proj	40.355	85.276	0.6995	Mozjpeg	90.0
renders	itsiken-pmYoy3WaFPU-unsplash.jpg	mozjpeg	444	93	identity_off	41.506	88.324	0.6053	Mozjpeg	93.0
renders	itsiken-pmYoy3WaFPU-unsplash.jpg	mozjpeg	444	93	model_policy	41.654	87.510	0.5970	Mozjpeg	93.0
renders	itsiken-pmYoy3WaFPU-unsplash.jpg	mozjpeg	444	93	model_proj	41.655	87.707	0.5975	Mozjpeg	93.0
renders	itsiken-pmYoy3WaFPU-unsplash.jpg	mozjpeg	444	96	identity_off	44.037	91.473	0.4428	Mozjpeg	96.0
renders	itsiken-pmYoy3WaFPU-unsplash.jpg	mozjpeg	444	96	model_policy	44.080	90.854	0.4405	Mozjpeg	96.0
renders	itsiken-pmYoy3WaFPU-unsplash.jpg	mozjpeg	444	96	model_proj	44.037	91.473	0.4428	Mozjpeg	96.0
renders	itsiken-pmYoy3WaFPU-unsplash.jpg	jpegli	420	85	identity_off	37.037	77.353	0.9613	CjpegliYcbcr	1.8
renders	itsiken-pmYoy3WaFPU-unsplash.jpg	jpegli	420	85	model_policy	37.464	77.470	0.9517	CjpegliYcbcr	1.8
renders	itsiken-pmYoy3WaFPU-unsplash.jpg	jpegli	420	85	model_proj	37.472	77.598	0.9522	CjpegliYcbcr	1.8
renders	itsiken-pmYoy3WaFPU-unsplash.jpg	jpegli	420	90	identity_off	38.723	82.107	0.7569	CjpegliYcbcr	1.3
renders	itsiken-pmYoy3WaFPU-unsplash.jpg	jpegli	420	90	model_policy	39.026	82.218	0.7523	CjpegliYcbcr	1.3
renders	itsiken-pmYoy3WaFPU-unsplash.jpg	jpegli	420	90	model_proj	39.019	82.401	0.7544	CjpegliYcbcr	1.3
renders	itsiken-pmYoy3WaFPU-unsplash.jpg	jpegli	420	93	identity_off	40.420	85.777	0.5938	CjpegliYcbcr	1.0
renders	itsiken-pmYoy3WaFPU-unsplash.jpg	jpegli	420	93	model_policy	40.638	85.810	0.5902	CjpegliYcbcr	1.0
renders	itsiken-pmYoy3WaFPU-unsplash.jpg	jpegli	420	93	model_proj	40.613	85.981	0.5943	CjpegliYcbcr	1.0
renders	itsiken-pmYoy3WaFPU-unsplash.jpg	jpegli	420	96	identity_off	42.931	89.658	0.4150	CjpegliYcbcr	0.5
renders	itsiken-pmYoy3WaFPU-unsplash.jpg	jpegli	420	96	model_policy	43.044	89.732	0.4137	CjpegliYcbcr	0.5
renders	itsiken-pmYoy3WaFPU-unsplash.jpg	jpegli	420	96	model_proj	42.931	89.658	0.4150	CjpegliYcbcr	0.5
renders	itsiken-pmYoy3WaFPU-unsplash.jpg	jpegli	444	85	identity_off	37.645	79.804	0.8565	CjpegliYcbcr	1.4
renders	itsiken-pmYoy3WaFPU-unsplash.jpg	jpegli	444	85	model_policy	38.181	79.974	0.8491	CjpegliYcbcr	1.4
renders	itsiken-pmYoy3WaFPU-unsplash.jpg	jpegli	444	85	model_proj	38.190	80.043	0.8489	CjpegliYcbcr	1.4
renders	itsiken-pmYoy3WaFPU-unsplash.jpg	jpegli	444	90	identity_off	39.379	84.225	0.6693	CjpegliYcbcr	1.1
renders	itsiken-pmYoy3WaFPU-unsplash.jpg	jpegli	444	90	model_policy	39.827	84.365	0.6629	CjpegliYcbcr	1.1
renders	itsiken-pmYoy3WaFPU-unsplash.jpg	jpegli	444	90	model_proj	39.846	84.516	0.6628	CjpegliYcbcr	1.1
renders	itsiken-pmYoy3WaFPU-unsplash.jpg	jpegli	444	93	identity_off	41.131	87.440	0.5144	CjpegliYcbcr	0.7
renders	itsiken-pmYoy3WaFPU-unsplash.jpg	jpegli	444	93	model_policy	41.461	87.345	0.5106	CjpegliYcbcr	0.7
renders	itsiken-pmYoy3WaFPU-unsplash.jpg	jpegli	444	93	model_proj	41.464	87.470	0.5108	CjpegliYcbcr	0.7
renders	itsiken-pmYoy3WaFPU-unsplash.jpg	jpegli	444	96	identity_off	43.718	90.805	0.3476	CjpegliYcbcr	0.3
renders	itsiken-pmYoy3WaFPU-unsplash.jpg	jpegli	444	96	model_policy	43.920	90.744	0.3465	CjpegliYcbcr	0.3
renders	itsiken-pmYoy3WaFPU-unsplash.jpg	jpegli	444	96	model_proj	43.718	90.805	0.3476	CjpegliYcbcr	0.3
renders	itsiken-pmYoy3WaFPU-unsplash.jpg	zenjpeg	420	85	identity_off	37.019	77.217	0.9634	CjpegliYcbcr	1.8
renders	itsiken-pmYoy3WaFPU-unsplash.jpg	zenjpeg	420	85	model_policy	37.448	77.413	0.9532	CjpegliYcbcr	1.8
renders	itsiken-pmYoy3WaFPU-unsplash.jpg	zenjpeg	420	85	model_proj	37.454	77.531	0.9534	CjpegliYcbcr	1.8
renders	itsiken-pmYoy3WaFPU-unsplash.jpg	zenjpeg	420	90	identity_off	38.702	81.987	0.7593	CjpegliYcbcr	1.3
renders	itsiken-pmYoy3WaFPU-unsplash.jpg	zenjpeg	420	90	model_policy	39.010	82.079	0.7546	CjpegliYcbcr	1.3
renders	itsiken-pmYoy3WaFPU-unsplash.jpg	zenjpeg	420	90	model_proj	39.001	82.307	0.7567	CjpegliYcbcr	1.3
renders	itsiken-pmYoy3WaFPU-unsplash.jpg	zenjpeg	420	93	identity_off	40.391	85.720	0.5963	CjpegliYcbcr	1.0
renders	itsiken-pmYoy3WaFPU-unsplash.jpg	zenjpeg	420	93	model_policy	40.614	85.761	0.5934	CjpegliYcbcr	1.0
renders	itsiken-pmYoy3WaFPU-unsplash.jpg	zenjpeg	420	93	model_proj	40.585	85.908	0.5965	CjpegliYcbcr	1.0
renders	itsiken-pmYoy3WaFPU-unsplash.jpg	zenjpeg	420	96	identity_off	42.903	89.667	0.4160	CjpegliYcbcr	0.5
renders	itsiken-pmYoy3WaFPU-unsplash.jpg	zenjpeg	420	96	model_policy	43.016	89.753	0.4151	CjpegliYcbcr	0.5
renders	itsiken-pmYoy3WaFPU-unsplash.jpg	zenjpeg	420	96	model_proj	42.903	89.667	0.4160	CjpegliYcbcr	0.5
renders	itsiken-pmYoy3WaFPU-unsplash.jpg	zenjpeg	444	85	identity_off	37.641	79.830	0.8617	CjpegliYcbcr	1.4
renders	itsiken-pmYoy3WaFPU-unsplash.jpg	zenjpeg	444	85	model_policy	38.176	79.921	0.8541	CjpegliYcbcr	1.4
renders	itsiken-pmYoy3WaFPU-unsplash.jpg	zenjpeg	444	85	model_proj	38.184	79.992	0.8541	CjpegliYcbcr	1.4
renders	itsiken-pmYoy3WaFPU-unsplash.jpg	zenjpeg	444	90	identity_off	39.366	84.297	0.6707	CjpegliYcbcr	1.1
renders	itsiken-pmYoy3WaFPU-unsplash.jpg	zenjpeg	444	90	model_policy	39.813	84.366	0.6644	CjpegliYcbcr	1.1
renders	itsiken-pmYoy3WaFPU-unsplash.jpg	zenjpeg	444	90	model_proj	39.830	84.515	0.6644	CjpegliYcbcr	1.1
renders	itsiken-pmYoy3WaFPU-unsplash.jpg	zenjpeg	444	93	identity_off	41.103	87.477	0.5170	CjpegliYcbcr	0.7
renders	itsiken-pmYoy3WaFPU-unsplash.jpg	zenjpeg	444	93	model_policy	41.431	87.336	0.5135	CjpegliYcbcr	0.7
renders	itsiken-pmYoy3WaFPU-unsplash.jpg	zenjpeg	444	93	model_proj	41.431	87.433	0.5137	CjpegliYcbcr	0.7
renders	itsiken-pmYoy3WaFPU-unsplash.jpg	zenjpeg	444	96	identity_off	43.666	90.816	0.3508	CjpegliYcbcr	0.3
renders	itsiken-pmYoy3WaFPU-unsplash.jpg	zenjpeg	444	96	model_policy	43.867	90.713	0.3498	CjpegliYcbcr	0.3
renders	itsiken-pmYoy3WaFPU-unsplash.jpg	zenjpeg	444	96	model_proj	43.666	90.816	0.3508	CjpegliYcbcr	0.3
textures	anca-gabriela-zosin-bMOnYbmQxHA-unsplash.jpg	turbo	420	85	identity_off	41.503	82.664	0.9189	ImageMagick	85.0
textures	anca-gabriela-zosin-bMOnYbmQxHA-unsplash.jpg	turbo	420	85	model_policy	41.767	82.909	0.8844	ImageMagick	85.0
textures	anca-gabriela-zosin-bMOnYbmQxHA-unsplash.jpg	turbo	420	85	model_proj	41.792	83.068	0.8765	ImageMagick	85.0
textures	anca-gabriela-zosin-bMOnYbmQxHA-unsplash.jpg	turbo	420	90	identity_off	43.221	86.949	0.7308	ImageMagick	90.0
textures	anca-gabriela-zosin-bMOnYbmQxHA-unsplash.jpg	turbo	420	90	model_policy	43.361	86.849	0.7067	ImageMagick	90.0
textures	anca-gabriela-zosin-bMOnYbmQxHA-unsplash.jpg	turbo	420	90	model_proj	43.399	86.900	0.6961	ImageMagick	90.0
textures	anca-gabriela-zosin-bMOnYbmQxHA-unsplash.jpg	turbo	420	93	identity_off	44.576	89.274	0.6019	ImageMagick	93.0
textures	anca-gabriela-zosin-bMOnYbmQxHA-unsplash.jpg	turbo	420	93	model_policy	44.594	88.756	0.6020	ImageMagick	93.0
textures	anca-gabriela-zosin-bMOnYbmQxHA-unsplash.jpg	turbo	420	93	model_proj	44.601	88.605	0.5866	ImageMagick	93.0
textures	anca-gabriela-zosin-bMOnYbmQxHA-unsplash.jpg	turbo	420	96	identity_off	46.706	91.562	0.4632	ImageMagick	96.0
textures	anca-gabriela-zosin-bMOnYbmQxHA-unsplash.jpg	turbo	420	96	model_policy	46.398	90.312	0.5144	ImageMagick	96.0
textures	anca-gabriela-zosin-bMOnYbmQxHA-unsplash.jpg	turbo	420	96	model_proj	46.706	91.562	0.4632	ImageMagick	96.0
textures	anca-gabriela-zosin-bMOnYbmQxHA-unsplash.jpg	turbo	444	85	identity_off	42.998	85.126	0.7955	ImageMagick	85.0
textures	anca-gabriela-zosin-bMOnYbmQxHA-unsplash.jpg	turbo	444	85	model_policy	43.068	84.718	0.8099	ImageMagick	85.0
textures	anca-gabriela-zosin-bMOnYbmQxHA-unsplash.jpg	turbo	444	85	model_proj	43.169	85.174	0.7789	ImageMagick	85.0
textures	anca-gabriela-zosin-bMOnYbmQxHA-unsplash.jpg	turbo	444	90	identity_off	44.762	88.927	0.6223	ImageMagick	90.0
textures	anca-gabriela-zosin-bMOnYbmQxHA-unsplash.jpg	turbo	444	90	model_policy	44.653	88.060	0.6496	ImageMagick	90.0
textures	anca-gabriela-zosin-bMOnYbmQxHA-unsplash.jpg	turbo	444	90	model_proj	44.765	88.507	0.6179	ImageMagick	90.0
textures	anca-gabriela-zosin-bMOnYbmQxHA-unsplash.jpg	turbo	444	93	identity_off	46.373	90.967	0.4962	ImageMagick	93.0
textures	anca-gabriela-zosin-bMOnYbmQxHA-unsplash.jpg	turbo	444	93	model_policy	45.997	89.729	0.5845	ImageMagick	93.0
textures	anca-gabriela-zosin-bMOnYbmQxHA-unsplash.jpg	turbo	444	93	model_proj	46.066	90.135	0.5098	ImageMagick	93.0
textures	anca-gabriela-zosin-bMOnYbmQxHA-unsplash.jpg	turbo	444	96	identity_off	48.965	93.118	0.3399	ImageMagick	96.0
textures	anca-gabriela-zosin-bMOnYbmQxHA-unsplash.jpg	turbo	444	96	model_policy	47.839	90.902	0.5500	ImageMagick	96.0
textures	anca-gabriela-zosin-bMOnYbmQxHA-unsplash.jpg	turbo	444	96	model_proj	48.965	93.118	0.3399	ImageMagick	96.0
textures	anca-gabriela-zosin-bMOnYbmQxHA-unsplash.jpg	mozjpeg	420	85	identity_off	41.533	80.999	0.9403	Mozjpeg	85.0
textures	anca-gabriela-zosin-bMOnYbmQxHA-unsplash.jpg	mozjpeg	420	85	model_policy	41.577	80.537	0.9425	Mozjpeg	85.0
textures	anca-gabriela-zosin-bMOnYbmQxHA-unsplash.jpg	mozjpeg	420	85	model_proj	41.596	80.628	0.9349	Mozjpeg	85.0
textures	anca-gabriela-zosin-bMOnYbmQxHA-unsplash.jpg	mozjpeg	420	90	identity_off	43.219	85.744	0.7584	Mozjpeg	90.0
textures	anca-gabriela-zosin-bMOnYbmQxHA-unsplash.jpg	mozjpeg	420	90	model_policy	43.117	84.786	0.7649	Mozjpeg	90.0
textures	anca-gabriela-zosin-bMOnYbmQxHA-unsplash.jpg	mozjpeg	420	90	model_proj	43.189	84.976	0.7541	Mozjpeg	90.0
textures	anca-gabriela-zosin-bMOnYbmQxHA-unsplash.jpg	mozjpeg	420	93	identity_off	44.639	88.467	0.6348	Mozjpeg	93.0
textures	anca-gabriela-zosin-bMOnYbmQxHA-unsplash.jpg	mozjpeg	420	93	model_policy	44.443	87.334	0.6507	Mozjpeg	93.0
textures	anca-gabriela-zosin-bMOnYbmQxHA-unsplash.jpg	mozjpeg	420	93	model_proj	44.547	87.483	0.6349	Mozjpeg	93.0
textures	anca-gabriela-zosin-bMOnYbmQxHA-unsplash.jpg	mozjpeg	420	96	identity_off	46.699	90.540	0.5003	Mozjpeg	96.0
textures	anca-gabriela-zosin-bMOnYbmQxHA-unsplash.jpg	mozjpeg	420	96	model_policy	46.226	89.441	0.5397	Mozjpeg	96.0
textures	anca-gabriela-zosin-bMOnYbmQxHA-unsplash.jpg	mozjpeg	420	96	model_proj	46.699	90.540	0.5003	Mozjpeg	96.0
textures	anca-gabriela-zosin-bMOnYbmQxHA-unsplash.jpg	mozjpeg	444	85	identity_off	42.505	82.778	0.8753	Mozjpeg	85.0
textures	anca-gabriela-zosin-bMOnYbmQxHA-unsplash.jpg	mozjpeg	444	85	model_policy	42.254	81.499	0.9406	Mozjpeg	85.0
textures	anca-gabriela-zosin-bMOnYbmQxHA-unsplash.jpg	mozjpeg	444	85	model_proj	42.387	82.073	0.8819	Mozjpeg	85.0
textures	anca-gabriela-zosin-bMOnYbmQxHA-unsplash.jpg	mozjpeg	444	90	identity_off	44.264	87.192	0.6953	Mozjpeg	90.0
textures	anca-gabriela-zosin-bMOnYbmQxHA-unsplash.jpg	mozjpeg	444	90	model_policy	43.854	85.521	0.7414	Mozjpeg	90.0
textures	anca-gabriela-zosin-bMOnYbmQxHA-unsplash.jpg	mozjpeg	444	90	model_proj	44.029	86.230	0.7066	Mozjpeg	90.0
textures	anca-gabriela-zosin-bMOnYbmQxHA-unsplash.jpg	mozjpeg	444	93	identity_off	45.936	89.632	0.5683	Mozjpeg	93.0
textures	anca-gabriela-zosin-bMOnYbmQxHA-unsplash.jpg	mozjpeg	444	93	model_policy	45.368	87.994	0.6164	Mozjpeg	93.0
textures	anca-gabriela-zosin-bMOnYbmQxHA-unsplash.jpg	mozjpeg	444	93	model_proj	45.542	88.615	0.5876	Mozjpeg	93.0
textures	anca-gabriela-zosin-bMOnYbmQxHA-unsplash.jpg	mozjpeg	444	96	identity_off	48.787	91.764	0.4283	Mozjpeg	96.0
textures	anca-gabriela-zosin-bMOnYbmQxHA-unsplash.jpg	mozjpeg	444	96	model_policy	47.540	89.821	0.5265	Mozjpeg	96.0
textures	anca-gabriela-zosin-bMOnYbmQxHA-unsplash.jpg	mozjpeg	444	96	model_proj	48.787	91.764	0.4283	Mozjpeg	96.0
textures	anca-gabriela-zosin-bMOnYbmQxHA-unsplash.jpg	jpegli	420	85	identity_off	41.295	80.199	0.9459	CjpegliYcbcr	1.8
textures	anca-gabriela-zosin-bMOnYbmQxHA-unsplash.jpg	jpegli	420	85	model_policy	41.345	79.946	0.9538	CjpegliYcbcr	1.8
textures	anca-gabriela-zosin-bMOnYbmQxHA-unsplash.jpg	jpegli	420	85	model_proj	41.378	80.363	0.9357	CjpegliYcbcr	1.8
textures	anca-gabriela-zosin-bMOnYbmQxHA-unsplash.jpg	jpegli	420	90	identity_off	43.104	84.707	0.7565	CjpegliYcbcr	1.3
textures	anca-gabriela-zosin-bMOnYbmQxHA-unsplash.jpg	jpegli	420	90	model_policy	42.980	84.031	0.7902	CjpegliYcbcr	1.3
textures	anca-gabriela-zosin-bMOnYbmQxHA-unsplash.jpg	jpegli	420	90	model_proj	43.014	84.520	0.7628	CjpegliYcbcr	1.3
textures	anca-gabriela-zosin-bMOnYbmQxHA-unsplash.jpg	jpegli	420	93	identity_off	44.550	87.885	0.6250	CjpegliYcbcr	1.0
textures	anca-gabriela-zosin-bMOnYbmQxHA-unsplash.jpg	jpegli	420	93	model_policy	44.375	86.899	0.6717	CjpegliYcbcr	1.0
textures	anca-gabriela-zosin-bMOnYbmQxHA-unsplash.jpg	jpegli	420	93	model_proj	44.416	87.277	0.6332	CjpegliYcbcr	1.0
textures	anca-gabriela-zosin-bMOnYbmQxHA-unsplash.jpg	jpegli	420	96	identity_off	46.436	90.825	0.4880	CjpegliYcbcr	0.5
textures	anca-gabriela-zosin-bMOnYbmQxHA-unsplash.jpg	jpegli	420	96	model_policy	46.118	89.505	0.5549	CjpegliYcbcr	0.5
textures	anca-gabriela-zosin-bMOnYbmQxHA-unsplash.jpg	jpegli	420	96	model_proj	46.436	90.825	0.4880	CjpegliYcbcr	0.5
textures	anca-gabriela-zosin-bMOnYbmQxHA-unsplash.jpg	jpegli	444	85	identity_off	41.657	82.695	0.8402	CjpegliYcbcr	1.4
textures	anca-gabriela-zosin-bMOnYbmQxHA-unsplash.jpg	jpegli	444	85	model_policy	41.758	82.158	0.8958	CjpegliYcbcr	1.4
textures	anca-gabriela-zosin-bMOnYbmQxHA-unsplash.jpg	jpegli	444	85	model_proj	41.818	82.650	0.8528	CjpegliYcbcr	1.4
textures	anca-gabriela-zosin-bMOnYbmQxHA-unsplash.jpg	jpegli	444	90	identity_off	43.399	86.379	0.6652	CjpegliYcbcr	1.1
textures	anca-gabriela-zosin-bMOnYbmQxHA-unsplash.jpg	jpegli	444	90	model_policy	43.357	85.406	0.7687	CjpegliYcbcr	1.1
textures	anca-gabriela-zosin-bMOnYbmQxHA-unsplash.jpg	jpegli	444	90	model_proj	43.454	86.210	0.6848	CjpegliYcbcr	1.1
textures	anca-gabriela-zosin-bMOnYbmQxHA-unsplash.jpg	jpegli	444	93	identity_off	44.876	88.685	0.5585	CjpegliYcbcr	0.7
textures	anca-gabriela-zosin-bMOnYbmQxHA-unsplash.jpg	jpegli	444	93	model_policy	44.762	87.698	0.6316	CjpegliYcbcr	0.7
textures	anca-gabriela-zosin-bMOnYbmQxHA-unsplash.jpg	jpegli	444	93	model_proj	44.845	88.276	0.5793	CjpegliYcbcr	0.7
textures	anca-gabriela-zosin-bMOnYbmQxHA-unsplash.jpg	jpegli	444	96	identity_off	47.263	91.389	0.3942	CjpegliYcbcr	0.3
textures	anca-gabriela-zosin-bMOnYbmQxHA-unsplash.jpg	jpegli	444	96	model_policy	46.771	89.876	0.5374	CjpegliYcbcr	0.3
textures	anca-gabriela-zosin-bMOnYbmQxHA-unsplash.jpg	jpegli	444	96	model_proj	47.263	91.389	0.3942	CjpegliYcbcr	0.3
textures	anca-gabriela-zosin-bMOnYbmQxHA-unsplash.jpg	zenjpeg	420	85	identity_off	41.276	80.359	0.9427	CjpegliYcbcr	1.8
textures	anca-gabriela-zosin-bMOnYbmQxHA-unsplash.jpg	zenjpeg	420	85	model_policy	41.306	79.883	0.9520	CjpegliYcbcr	1.8
textures	anca-gabriela-zosin-bMOnYbmQxHA-unsplash.jpg	zenjpeg	420	85	model_proj	41.349	80.316	0.9335	CjpegliYcbcr	1.8
textures	anca-gabriela-zosin-bMOnYbmQxHA-unsplash.jpg	zenjpeg	420	90	identity_off	43.080	84.901	0.7502	CjpegliYcbcr	1.3
textures	anca-gabriela-zosin-bMOnYbmQxHA-unsplash.jpg	zenjpeg	420	90	model_policy	42.934	84.145	0.7817	CjpegliYcbcr	1.3
textures	anca-gabriela-zosin-bMOnYbmQxHA-unsplash.jpg	zenjpeg	420	90	model_proj	42.990	84.583	0.7553	CjpegliYcbcr	1.3
textures	anca-gabriela-zosin-bMOnYbmQxHA-unsplash.jpg	zenjpeg	420	93	identity_off	44.509	87.812	0.6269	CjpegliYcbcr	1.0
textures	anca-gabriela-zosin-bMOnYbmQxHA-unsplash.jpg	zenjpeg	420	93	model_policy	44.293	86.700	0.6658	CjpegliYcbcr	1.0
textures	anca-gabriela-zosin-bMOnYbmQxHA-unsplash.jpg	zenjpeg	420	93	model_proj	44.374	87.137	0.6289	CjpegliYcbcr	1.0
textures	anca-gabriela-zosin-bMOnYbmQxHA-unsplash.jpg	zenjpeg	420	96	identity_off	46.420	90.895	0.4861	CjpegliYcbcr	0.5
textures	anca-gabriela-zosin-bMOnYbmQxHA-unsplash.jpg	zenjpeg	420	96	model_policy	46.046	89.516	0.5550	CjpegliYcbcr	0.5
textures	anca-gabriela-zosin-bMOnYbmQxHA-unsplash.jpg	zenjpeg	420	96	model_proj	46.420	90.895	0.4861	CjpegliYcbcr	0.5
textures	anca-gabriela-zosin-bMOnYbmQxHA-unsplash.jpg	zenjpeg	444	85	identity_off	41.658	83.012	0.8321	CjpegliYcbcr	1.4
textures	anca-gabriela-zosin-bMOnYbmQxHA-unsplash.jpg	zenjpeg	444	85	model_policy	41.736	82.310	0.8929	CjpegliYcbcr	1.4
textures	anca-gabriela-zosin-bMOnYbmQxHA-unsplash.jpg	zenjpeg	444	85	model_proj	41.799	82.820	0.8492	CjpegliYcbcr	1.4
textures	anca-gabriela-zosin-bMOnYbmQxHA-unsplash.jpg	zenjpeg	444	90	identity_off	43.377	86.479	0.6620	CjpegliYcbcr	1.1
textures	anca-gabriela-zosin-bMOnYbmQxHA-unsplash.jpg	zenjpeg	444	90	model_policy	43.308	85.474	0.7676	CjpegliYcbcr	1.1
textures	anca-gabriela-zosin-bMOnYbmQxHA-unsplash.jpg	zenjpeg	444	90	model_proj	43.401	86.025	0.6884	CjpegliYcbcr	1.1
textures	anca-gabriela-zosin-bMOnYbmQxHA-unsplash.jpg	zenjpeg	444	93	identity_off	44.857	88.730	0.5623	CjpegliYcbcr	0.7
textures	anca-gabriela-zosin-bMOnYbmQxHA-unsplash.jpg	zenjpeg	444	93	model_policy	44.712	87.883	0.6459	CjpegliYcbcr	0.7
textures	anca-gabriela-zosin-bMOnYbmQxHA-unsplash.jpg	zenjpeg	444	93	model_proj	44.795	88.298	0.5849	CjpegliYcbcr	0.7
textures	anca-gabriela-zosin-bMOnYbmQxHA-unsplash.jpg	zenjpeg	444	96	identity_off	47.279	91.622	0.3915	CjpegliYcbcr	0.3
textures	anca-gabriela-zosin-bMOnYbmQxHA-unsplash.jpg	zenjpeg	444	96	model_policy	46.698	90.059	0.5399	CjpegliYcbcr	0.3
textures	anca-gabriela-zosin-bMOnYbmQxHA-unsplash.jpg	zenjpeg	444	96	model_proj	47.279	91.622	0.3915	CjpegliYcbcr	0.3
textures	bernd-dittrich-3MdsHe3IIOk-unsplash.jpg	turbo	420	85	identity_off	33.429	83.657	0.6080	ImageMagick	85.0
textures	bernd-dittrich-3MdsHe3IIOk-unsplash.jpg	turbo	420	85	model_policy	34.026	84.469	0.5868	ImageMagick	85.0
textures	bernd-dittrich-3MdsHe3IIOk-unsplash.jpg	turbo	420	85	model_proj	34.343	84.702	0.5844	ImageMagick	85.0
textures	bernd-dittrich-3MdsHe3IIOk-unsplash.jpg	turbo	420	90	identity_off	38.099	89.681	0.3418	ImageMagick	90.0
textures	bernd-dittrich-3MdsHe3IIOk-unsplash.jpg	turbo	420	90	model_policy	38.639	90.062	0.3155	ImageMagick	90.0
textures	bernd-dittrich-3MdsHe3IIOk-unsplash.jpg	turbo	420	90	model_proj	39.297	90.241	0.2964	ImageMagick	90.0
textures	bernd-dittrich-3MdsHe3IIOk-unsplash.jpg	turbo	420	93	identity_off	36.498	87.670	0.4066	ImageMagick	93.0
textures	bernd-dittrich-3MdsHe3IIOk-unsplash.jpg	turbo	420	93	model_policy	37.173	88.296	0.3864	ImageMagick	93.0
textures	bernd-dittrich-3MdsHe3IIOk-unsplash.jpg	turbo	420	93	model_proj	37.783	88.456	0.3811	ImageMagick	93.0
textures	bernd-dittrich-3MdsHe3IIOk-unsplash.jpg	turbo	420	96	identity_off	37.711	89.924	0.2970	ImageMagick	96.0
textures	bernd-dittrich-3MdsHe3IIOk-unsplash.jpg	turbo	420	96	model_policy	38.403	90.409	0.2761	ImageMagick	96.0
textures	bernd-dittrich-3MdsHe3IIOk-unsplash.jpg	turbo	420	96	model_proj	37.711	89.924	0.2970	ImageMagick	96.0
textures	bernd-dittrich-3MdsHe3IIOk-unsplash.jpg	turbo	444	85	identity_off	34.941	87.958	0.5449	ImageMagick	85.0
textures	bernd-dittrich-3MdsHe3IIOk-unsplash.jpg	turbo	444	85	model_policy	35.198	87.405	0.5396	ImageMagick	85.0
textures	bernd-dittrich-3MdsHe3IIOk-unsplash.jpg	turbo	444	85	model_proj	35.312	87.738	0.5396	ImageMagick	85.0
textures	bernd-dittrich-3MdsHe3IIOk-unsplash.jpg	turbo	444	90	identity_off	38.635	92.378	0.2396	ImageMagick	90.0
textures	bernd-dittrich-3MdsHe3IIOk-unsplash.jpg	turbo	444	90	model_policy	38.494	91.239	0.2511	ImageMagick	90.0
textures	bernd-dittrich-3MdsHe3IIOk-unsplash.jpg	turbo	444	90	model_proj	38.591	91.541	0.2503	ImageMagick	90.0
textures	bernd-dittrich-3MdsHe3IIOk-unsplash.jpg	turbo	444	93	identity_off	38.218	91.542	0.3390	ImageMagick	93.0
textures	bernd-dittrich-3MdsHe3IIOk-unsplash.jpg	turbo	444	93	model_policy	38.101	90.234	0.3509	ImageMagick	93.0
textures	bernd-dittrich-3MdsHe3IIOk-unsplash.jpg	turbo	444	93	model_proj	38.237	90.775	0.3477	ImageMagick	93.0
textures	bernd-dittrich-3MdsHe3IIOk-unsplash.jpg	turbo	444	96	identity_off	41.873	94.202	0.1996	ImageMagick	96.0
textures	bernd-dittrich-3MdsHe3IIOk-unsplash.jpg	turbo	444	96	model_policy	40.796	91.895	0.2366	ImageMagick	96.0
textures	bernd-dittrich-3MdsHe3IIOk-unsplash.jpg	turbo	444	96	model_proj	41.873	94.202	0.1996	ImageMagick	96.0
textures	bernd-dittrich-3MdsHe3IIOk-unsplash.jpg	mozjpeg	420	85	identity_off	31.150	79.527	0.9797	Mozjpeg	85.0
textures	bernd-dittrich-3MdsHe3IIOk-unsplash.jpg	mozjpeg	420	85	model_policy	31.575	80.145	0.9497	Mozjpeg	85.0
textures	bernd-dittrich-3MdsHe3IIOk-unsplash.jpg	mozjpeg	420	85	model_proj	31.663	80.221	0.9376	Mozjpeg	85.0
textures	bernd-dittrich-3MdsHe3IIOk-unsplash.jpg	mozjpeg	420	90	identity_off	33.720	84.429	0.6719	Mozjpeg	90.0
textures	bernd-dittrich-3MdsHe3IIOk-unsplash.jpg	mozjpeg	420	90	model_policy	34.200	85.155	0.6459	Mozjpeg	90.0
textures	bernd-dittrich-3MdsHe3IIOk-unsplash.jpg	mozjpeg	420	90	model_proj	34.439	85.299	0.6337	Mozjpeg	90.0
textures	bernd-dittrich-3MdsHe3IIOk-unsplash.jpg	mozjpeg	420	93	identity_off	35.304	86.490	0.5383	Mozjpeg	93.0
textures	bernd-dittrich-3MdsHe3IIOk-unsplash.jpg	mozjpeg	420	93	model_policy	35.763	87.113	0.5175	Mozjpeg	93.0
textures	bernd-dittrich-3MdsHe3IIOk-unsplash.jpg	mozjpeg	420	93	model_proj	36.148	87.320	0.5092	Mozjpeg	93.0
textures	bernd-dittrich-3MdsHe3IIOk-unsplash.jpg	mozjpeg	420	96	identity_off	37.269	89.057	0.3654	Mozjpeg	96.0
textures	bernd-dittrich-3MdsHe3IIOk-unsplash.jpg	mozjpeg	420	96	model_policy	37.852	89.670	0.3409	Mozjpeg	96.0
textures	bernd-dittrich-3MdsHe3IIOk-unsplash.jpg	mozjpeg	420	96	model_proj	37.269	89.057	0.3654	Mozjpeg	96.0
textures	bernd-dittrich-3MdsHe3IIOk-unsplash.jpg	mozjpeg	444	85	identity_off	31.960	82.314	0.9258	Mozjpeg	85.0
textures	bernd-dittrich-3MdsHe3IIOk-unsplash.jpg	mozjpeg	444	85	model_policy	32.043	81.677	0.9089	Mozjpeg	85.0
textures	bernd-dittrich-3MdsHe3IIOk-unsplash.jpg	mozjpeg	444	85	model_proj	32.089	81.928	0.9091	Mozjpeg	85.0
textures	bernd-dittrich-3MdsHe3IIOk-unsplash.jpg	mozjpeg	444	90	identity_off	35.143	87.538	0.6089	Mozjpeg	90.0
textures	bernd-dittrich-3MdsHe3IIOk-unsplash.jpg	mozjpeg	444	90	model_policy	35.016	86.430	0.6030	Mozjpeg	90.0
textures	bernd-dittrich-3MdsHe3IIOk-unsplash.jpg	mozjpeg	444	90	model_proj	35.130	86.936	0.6026	Mozjpeg	90.0
textures	bernd-dittrich-3MdsHe3IIOk-unsplash.jpg	mozjpeg	444	93	identity_off	37.466	89.860	0.4744	Mozjpeg	93.0
textures	bernd-dittrich-3MdsHe3IIOk-unsplash.jpg	mozjpeg	444	93	model_policy	37.048	88.425	0.4762	Mozjpeg	93.0
textures	bernd-dittrich-3MdsHe3IIOk-unsplash.jpg	mozjpeg	444	93	model_proj	37.231	89.125	0.4756	Mozjpeg	93.0
textures	bernd-dittrich-3MdsHe3IIOk-unsplash.jpg	mozjpeg	444	96	identity_off	41.561	92.934	0.2823	Mozjpeg	96.0
textures	bernd-dittrich-3MdsHe3IIOk-unsplash.jpg	mozjpeg	444	96	model_policy	40.255	90.804	0.2976	Mozjpeg	96.0
textures	bernd-dittrich-3MdsHe3IIOk-unsplash.jpg	mozjpeg	444	96	model_proj	41.561	92.934	0.2823	Mozjpeg	96.0
textures	bernd-dittrich-3MdsHe3IIOk-unsplash.jpg	jpegli	420	85	identity_off	31.551	78.093	0.8433	CjpegliYcbcr	1.8
textures	bernd-dittrich-3MdsHe3IIOk-unsplash.jpg	jpegli	420	85	model_policy	31.969	78.719	0.8232	CjpegliYcbcr	1.8
textures	bernd-dittrich-3MdsHe3IIOk-unsplash.jpg	jpegli	420	85	model_proj	32.383	79.088	0.8046	CjpegliYcbcr	1.8
textures	bernd-dittrich-3MdsHe3IIOk-unsplash.jpg	jpegli	420	90	identity_off	33.884	83.735	0.5263	CjpegliYcbcr	1.3
textures	bernd-dittrich-3MdsHe3IIOk-unsplash.jpg	jpegli	420	90	model_policy	34.484	84.493	0.5020	CjpegliYcbcr	1.3
textures	bernd-dittrich-3MdsHe3IIOk-unsplash.jpg	jpegli	420	90	model_proj	35.184	85.015	0.4838	CjpegliYcbcr	1.3
textures	bernd-dittrich-3MdsHe3IIOk-unsplash.jpg	jpegli	420	93	identity_off	35.309	86.872	0.4054	CjpegliYcbcr	1.0
textures	bernd-dittrich-3MdsHe3IIOk-unsplash.jpg	jpegli	420	93	model_policy	36.022	87.848	0.3753	CjpegliYcbcr	1.0
textures	bernd-dittrich-3MdsHe3IIOk-unsplash.jpg	jpegli	420	93	model_proj	36.886	88.398	0.3682	CjpegliYcbcr	1.0
textures	bernd-dittrich-3MdsHe3IIOk-unsplash.jpg	jpegli	420	96	identity_off	36.867	89.100	0.3319	CjpegliYcbcr	0.5
textures	bernd-dittrich-3MdsHe3IIOk-unsplash.jpg	jpegli	420	96	model_policy	37.607	89.794	0.3017	CjpegliYcbcr	0.5
textures	bernd-dittrich-3MdsHe3IIOk-unsplash.jpg	jpegli	420	96	model_proj	36.867	89.100	0.3319	CjpegliYcbcr	0.5
textures	bernd-dittrich-3MdsHe3IIOk-unsplash.jpg	jpegli	444	85	identity_off	32.791	81.933	0.6398	CjpegliYcbcr	1.4
textures	bernd-dittrich-3MdsHe3IIOk-unsplash.jpg	jpegli	444	85	model_policy	33.291	82.534	0.6222	CjpegliYcbcr	1.4
textures	bernd-dittrich-3MdsHe3IIOk-unsplash.jpg	jpegli	444	85	model_proj	33.581	82.775	0.6170	CjpegliYcbcr	1.4
textures	bernd-dittrich-3MdsHe3IIOk-unsplash.jpg	jpegli	444	90	identity_off	34.789	86.435	0.4414	CjpegliYcbcr	1.1
textures	bernd-dittrich-3MdsHe3IIOk-unsplash.jpg	jpegli	444	90	model_policy	35.360	86.713	0.4274	CjpegliYcbcr	1.1
textures	bernd-dittrich-3MdsHe3IIOk-unsplash.jpg	jpegli	444	90	model_proj	35.717	87.010	0.4258	CjpegliYcbcr	1.1
textures	bernd-dittrich-3MdsHe3IIOk-unsplash.jpg	jpegli	444	93	identity_off	36.248	89.413	0.3265	CjpegliYcbcr	0.7
textures	bernd-dittrich-3MdsHe3IIOk-unsplash.jpg	jpegli	444	93	model_policy	36.724	89.399	0.3167	CjpegliYcbcr	0.7
textures	bernd-dittrich-3MdsHe3IIOk-unsplash.jpg	jpegli	444	93	model_proj	37.054	89.718	0.3159	CjpegliYcbcr	0.7
textures	bernd-dittrich-3MdsHe3IIOk-unsplash.jpg	jpegli	444	96	identity_off	37.898	91.799	0.2390	CjpegliYcbcr	0.3
textures	bernd-dittrich-3MdsHe3IIOk-unsplash.jpg	jpegli	444	96	model_policy	38.175	91.181	0.2426	CjpegliYcbcr	0.3
textures	bernd-dittrich-3MdsHe3IIOk-unsplash.jpg	jpegli	444	96	model_proj	37.898	91.799	0.2390	CjpegliYcbcr	0.3
textures	bernd-dittrich-3MdsHe3IIOk-unsplash.jpg	zenjpeg	420	85	identity_off	31.539	77.957	0.8486	CjpegliYcbcr	1.8
textures	bernd-dittrich-3MdsHe3IIOk-unsplash.jpg	zenjpeg	420	85	model_policy	31.960	78.599	0.8285	CjpegliYcbcr	1.8
textures	bernd-dittrich-3MdsHe3IIOk-unsplash.jpg	zenjpeg	420	85	model_proj	32.373	78.947	0.8102	CjpegliYcbcr	1.8
textures	bernd-dittrich-3MdsHe3IIOk-unsplash.jpg	zenjpeg	420	90	identity_off	33.881	83.699	0.5291	CjpegliYcbcr	1.3
textures	bernd-dittrich-3MdsHe3IIOk-unsplash.jpg	zenjpeg	420	90	model_policy	34.481	84.423	0.5048	CjpegliYcbcr	1.3
textures	bernd-dittrich-3MdsHe3IIOk-unsplash.jpg	zenjpeg	420	90	model_proj	35.180	84.937	0.4864	CjpegliYcbcr	1.3
textures	bernd-dittrich-3MdsHe3IIOk-unsplash.jpg	zenjpeg	420	93	identity_off	35.317	86.826	0.4072	CjpegliYcbcr	1.0
textures	bernd-dittrich-3MdsHe3IIOk-unsplash.jpg	zenjpeg	420	93	model_policy	36.027	87.780	0.3780	CjpegliYcbcr	1.0
textures	bernd-dittrich-3MdsHe3IIOk-unsplash.jpg	zenjpeg	420	93	model_proj	36.896	88.304	0.3716	CjpegliYcbcr	1.0
textures	bernd-dittrich-3MdsHe3IIOk-unsplash.jpg	zenjpeg	420	96	identity_off	36.862	89.040	0.3309	CjpegliYcbcr	0.5
textures	bernd-dittrich-3MdsHe3IIOk-unsplash.jpg	zenjpeg	420	96	model_policy	37.601	89.709	0.3029	CjpegliYcbcr	0.5
textures	bernd-dittrich-3MdsHe3IIOk-unsplash.jpg	zenjpeg	420	96	model_proj	36.862	89.040	0.3309	CjpegliYcbcr	0.5
textures	bernd-dittrich-3MdsHe3IIOk-unsplash.jpg	zenjpeg	444	85	identity_off	32.770	81.864	0.6454	CjpegliYcbcr	1.4
textures	bernd-dittrich-3MdsHe3IIOk-unsplash.jpg	zenjpeg	444	85	model_policy	33.270	82.504	0.6282	CjpegliYcbcr	1.4
textures	bernd-dittrich-3MdsHe3IIOk-unsplash.jpg	zenjpeg	444	85	model_proj	33.559	82.744	0.6230	CjpegliYcbcr	1.4
textures	bernd-dittrich-3MdsHe3IIOk-unsplash.jpg	zenjpeg	444	90	identity_off	34.774	86.410	0.4448	CjpegliYcbcr	1.1
textures	bernd-dittrich-3MdsHe3IIOk-unsplash.jpg	zenjpeg	444	90	model_policy	35.343	86.673	0.4314	CjpegliYcbcr	1.1
textures	bernd-dittrich-3MdsHe3IIOk-unsplash.jpg	zenjpeg	444	90	model_proj	35.699	86.946	0.4298	CjpegliYcbcr	1.1
textures	bernd-dittrich-3MdsHe3IIOk-unsplash.jpg	zenjpeg	444	93	identity_off	36.225	89.274	0.3316	CjpegliYcbcr	0.7
textures	bernd-dittrich-3MdsHe3IIOk-unsplash.jpg	zenjpeg	444	93	model_policy	36.703	89.299	0.3218	CjpegliYcbcr	0.7
textures	bernd-dittrich-3MdsHe3IIOk-unsplash.jpg	zenjpeg	444	93	model_proj	37.030	89.649	0.3212	CjpegliYcbcr	0.7
textures	bernd-dittrich-3MdsHe3IIOk-unsplash.jpg	zenjpeg	444	96	identity_off	37.875	91.765	0.2425	CjpegliYcbcr	0.3
textures	bernd-dittrich-3MdsHe3IIOk-unsplash.jpg	zenjpeg	444	96	model_policy	38.150	91.082	0.2445	CjpegliYcbcr	0.3
textures	bernd-dittrich-3MdsHe3IIOk-unsplash.jpg	zenjpeg	444	96	model_proj	37.875	91.765	0.2425	CjpegliYcbcr	0.3
textures	haberdoedas-5BsnVq1qTis-unsplash.jpg	turbo	420	85	identity_off	40.456	84.369	0.6613	ImageMagick	85.0
textures	haberdoedas-5BsnVq1qTis-unsplash.jpg	turbo	420	85	model_policy	40.648	84.426	0.6531	ImageMagick	85.0
textures	haberdoedas-5BsnVq1qTis-unsplash.jpg	turbo	420	85	model_proj	40.657	84.339	0.6554	ImageMagick	85.0
textures	haberdoedas-5BsnVq1qTis-unsplash.jpg	turbo	420	90	identity_off	47.826	91.512	0.2228	ImageMagick	90.0
textures	haberdoedas-5BsnVq1qTis-unsplash.jpg	turbo	420	90	model_policy	47.394	90.999	0.2378	ImageMagick	90.0
textures	haberdoedas-5BsnVq1qTis-unsplash.jpg	turbo	420	90	model_proj	47.287	90.765	0.2460	ImageMagick	90.0
textures	haberdoedas-5BsnVq1qTis-unsplash.jpg	turbo	420	93	identity_off	43.052	89.160	0.4670	ImageMagick	93.0
textures	haberdoedas-5BsnVq1qTis-unsplash.jpg	turbo	420	93	model_policy	43.140	89.101	0.4635	ImageMagick	93.0
textures	haberdoedas-5BsnVq1qTis-unsplash.jpg	turbo	420	93	model_proj	43.116	88.722	0.4784	ImageMagick	93.0
textures	haberdoedas-5BsnVq1qTis-unsplash.jpg	turbo	420	96	identity_off	47.707	93.320	0.2217	ImageMagick	96.0
textures	haberdoedas-5BsnVq1qTis-unsplash.jpg	turbo	420	96	model_policy	47.547	92.973	0.2248	ImageMagick	96.0
textures	haberdoedas-5BsnVq1qTis-unsplash.jpg	turbo	420	96	model_proj	47.707	93.320	0.2217	ImageMagick	96.0
textures	haberdoedas-5BsnVq1qTis-unsplash.jpg	turbo	444	85	identity_off	40.370	84.960	0.6557	ImageMagick	85.0
textures	haberdoedas-5BsnVq1qTis-unsplash.jpg	turbo	444	85	model_policy	40.581	85.047	0.6471	ImageMagick	85.0
textures	haberdoedas-5BsnVq1qTis-unsplash.jpg	turbo	444	85	model_proj	40.603	84.997	0.6497	ImageMagick	85.0
textures	haberdoedas-5BsnVq1qTis-unsplash.jpg	turbo	444	90	identity_off	47.034	91.939	0.2209	ImageMagick	90.0
textures	haberdoedas-5BsnVq1qTis-unsplash.jpg	turbo	444	90	model_policy	46.745	91.421	0.2385	ImageMagick	90.0
textures	haberdoedas-5BsnVq1qTis-unsplash.jpg	turbo	444	90	model_proj	46.662	91.172	0.2441	ImageMagick	90.0
textures	haberdoedas-5BsnVq1qTis-unsplash.jpg	turbo	444	93	identity_off	42.893	89.967	0.4626	ImageMagick	93.0
textures	haberdoedas-5BsnVq1qTis-unsplash.jpg	turbo	444	93	model_policy	43.022	89.910	0.4590	ImageMagick	93.0
textures	haberdoedas-5BsnVq1qTis-unsplash.jpg	turbo	444	93	model_proj	43.007	89.516	0.4676	ImageMagick	93.0
textures	haberdoedas-5BsnVq1qTis-unsplash.jpg	turbo	444	96	identity_off	46.539	94.181	0.2173	ImageMagick	96.0
textures	haberdoedas-5BsnVq1qTis-unsplash.jpg	turbo	444	96	model_policy	46.567	93.834	0.2202	ImageMagick	96.0
textures	haberdoedas-5BsnVq1qTis-unsplash.jpg	turbo	444	96	model_proj	46.539	94.181	0.2173	ImageMagick	96.0
textures	haberdoedas-5BsnVq1qTis-unsplash.jpg	mozjpeg	420	85	identity_off	35.742	73.530	1.1534	Mozjpeg	85.0
textures	haberdoedas-5BsnVq1qTis-unsplash.jpg	mozjpeg	420	85	model_policy	35.889	73.602	1.1417	Mozjpeg	85.0
textures	haberdoedas-5BsnVq1qTis-unsplash.jpg	mozjpeg	420	85	model_proj	35.889	73.601	1.1417	Mozjpeg	85.0
textures	haberdoedas-5BsnVq1qTis-unsplash.jpg	mozjpeg	420	90	identity_off	41.403	84.970	0.6298	Mozjpeg	90.0
textures	haberdoedas-5BsnVq1qTis-unsplash.jpg	mozjpeg	420	90	model_policy	41.375	84.891	0.6299	Mozjpeg	90.0
textures	haberdoedas-5BsnVq1qTis-unsplash.jpg	mozjpeg	420	90	model_proj	41.373	84.879	0.6302	Mozjpeg	90.0
textures	haberdoedas-5BsnVq1qTis-unsplash.jpg	mozjpeg	420	93	identity_off	42.333	86.662	0.5443	Mozjpeg	93.0
textures	haberdoedas-5BsnVq1qTis-unsplash.jpg	mozjpeg	420	93	model_policy	42.199	86.564	0.5469	Mozjpeg	93.0
textures	haberdoedas-5BsnVq1qTis-unsplash.jpg	mozjpeg	420	93	model_proj	42.158	86.435	0.5495	Mozjpeg	93.0
textures	haberdoedas-5BsnVq1qTis-unsplash.jpg	mozjpeg	420	96	identity_off	47.383	91.419	0.3186	Mozjpeg	96.0
textures	haberdoedas-5BsnVq1qTis-unsplash.jpg	mozjpeg	420	96	model_policy	47.062	91.237	0.3230	Mozjpeg	96.0
textures	haberdoedas-5BsnVq1qTis-unsplash.jpg	mozjpeg	420	96	model_proj	47.383	91.419	0.3186	Mozjpeg	96.0
textures	haberdoedas-5BsnVq1qTis-unsplash.jpg	mozjpeg	444	85	identity_off	35.720	73.807	1.1520	Mozjpeg	85.0
textures	haberdoedas-5BsnVq1qTis-unsplash.jpg	mozjpeg	444	85	model_policy	35.882	73.896	1.1401	Mozjpeg	85.0
textures	haberdoedas-5BsnVq1qTis-unsplash.jpg	mozjpeg	444	85	model_proj	35.883	73.914	1.1401	Mozjpeg	85.0
textures	haberdoedas-5BsnVq1qTis-unsplash.jpg	mozjpeg	444	90	identity_off	41.320	85.591	0.6274	Mozjpeg	90.0
textures	haberdoedas-5BsnVq1qTis-unsplash.jpg	mozjpeg	444	90	model_policy	41.325	85.502	0.6273	Mozjpeg	90.0
textures	haberdoedas-5BsnVq1qTis-unsplash.jpg	mozjpeg	444	90	model_proj	41.322	85.482	0.6278	Mozjpeg	90.0
textures	haberdoedas-5BsnVq1qTis-unsplash.jpg	mozjpeg	444	93	identity_off	42.231	87.287	0.5430	Mozjpeg	93.0
textures	haberdoedas-5BsnVq1qTis-unsplash.jpg	mozjpeg	444	93	model_policy	42.138	87.172	0.5456	Mozjpeg	93.0
textures	haberdoedas-5BsnVq1qTis-unsplash.jpg	mozjpeg	444	93	model_proj	42.107	87.019	0.5467	Mozjpeg	93.0
textures	haberdoedas-5BsnVq1qTis-unsplash.jpg	mozjpeg	444	96	identity_off	47.083	92.037	0.3161	Mozjpeg	96.0
textures	haberdoedas-5BsnVq1qTis-unsplash.jpg	mozjpeg	444	96	model_policy	46.895	91.874	0.3206	Mozjpeg	96.0
textures	haberdoedas-5BsnVq1qTis-unsplash.jpg	mozjpeg	444	96	model_proj	47.083	92.037	0.3161	Mozjpeg	96.0
textures	haberdoedas-5BsnVq1qTis-unsplash.jpg	jpegli	420	85	identity_off	38.101	76.352	0.9160	CjpegliYcbcr	1.8
textures	haberdoedas-5BsnVq1qTis-unsplash.jpg	jpegli	420	85	model_policy	38.082	76.280	0.9170	CjpegliYcbcr	1.8
textures	haberdoedas-5BsnVq1qTis-unsplash.jpg	jpegli	420	85	model_proj	38.082	76.282	0.9170	CjpegliYcbcr	1.8
textures	haberdoedas-5BsnVq1qTis-unsplash.jpg	jpegli	420	90	identity_off	41.528	83.643	0.5968	CjpegliYcbcr	1.3
textures	haberdoedas-5BsnVq1qTis-unsplash.jpg	jpegli	420	90	model_policy	41.487	83.502	0.5982	CjpegliYcbcr	1.3
textures	haberdoedas-5BsnVq1qTis-unsplash.jpg	jpegli	420	90	model_proj	41.481	83.512	0.5980	CjpegliYcbcr	1.3
textures	haberdoedas-5BsnVq1qTis-unsplash.jpg	jpegli	420	93	identity_off	44.836	89.492	0.3782	CjpegliYcbcr	1.0
textures	haberdoedas-5BsnVq1qTis-unsplash.jpg	jpegli	420	93	model_policy	44.728	89.285	0.3816	CjpegliYcbcr	1.0
textures	haberdoedas-5BsnVq1qTis-unsplash.jpg	jpegli	420	93	model_proj	44.637	89.143	0.3870	CjpegliYcbcr	1.0
textures	haberdoedas-5BsnVq1qTis-unsplash.jpg	jpegli	420	96	identity_off	47.514	92.010	0.2350	CjpegliYcbcr	0.5
textures	haberdoedas-5BsnVq1qTis-unsplash.jpg	jpegli	420	96	model_policy	47.255	91.617	0.2440	CjpegliYcbcr	0.5
textures	haberdoedas-5BsnVq1qTis-unsplash.jpg	jpegli	420	96	model_proj	47.514	92.010	0.2350	CjpegliYcbcr	0.5
textures	haberdoedas-5BsnVq1qTis-unsplash.jpg	jpegli	444	85	identity_off	40.438	81.075	0.6805	CjpegliYcbcr	1.4
textures	haberdoedas-5BsnVq1qTis-unsplash.jpg	jpegli	444	85	model_policy	40.459	81.065	0.6798	CjpegliYcbcr	1.4
textures	haberdoedas-5BsnVq1qTis-unsplash.jpg	jpegli	444	85	model_proj	40.464	81.108	0.6793	CjpegliYcbcr	1.4
textures	haberdoedas-5BsnVq1qTis-unsplash.jpg	jpegli	444	90	identity_off	42.314	84.508	0.5284	CjpegliYcbcr	1.1
textures	haberdoedas-5BsnVq1qTis-unsplash.jpg	jpegli	444	90	model_policy	42.320	84.450	0.5284	CjpegliYcbcr	1.1
textures	haberdoedas-5BsnVq1qTis-unsplash.jpg	jpegli	444	90	model_proj	42.340	84.620	0.5274	CjpegliYcbcr	1.1
textures	haberdoedas-5BsnVq1qTis-unsplash.jpg	jpegli	444	93	identity_off	44.617	88.735	0.3391	CjpegliYcbcr	0.7
textures	haberdoedas-5BsnVq1qTis-unsplash.jpg	jpegli	444	93	model_policy	44.527	88.497	0.3448	CjpegliYcbcr	0.7
textures	haberdoedas-5BsnVq1qTis-unsplash.jpg	jpegli	444	93	model_proj	44.545	88.570	0.3457	CjpegliYcbcr	0.7
textures	haberdoedas-5BsnVq1qTis-unsplash.jpg	jpegli	444	96	identity_off	46.808	91.339	0.2197	CjpegliYcbcr	0.3
textures	haberdoedas-5BsnVq1qTis-unsplash.jpg	jpegli	444	96	model_policy	46.647	90.998	0.2303	CjpegliYcbcr	0.3
textures	haberdoedas-5BsnVq1qTis-unsplash.jpg	jpegli	444	96	model_proj	46.808	91.339	0.2197	CjpegliYcbcr	0.3
textures	haberdoedas-5BsnVq1qTis-unsplash.jpg	zenjpeg	420	85	identity_off	38.089	76.275	0.9211	CjpegliYcbcr	1.8
textures	haberdoedas-5BsnVq1qTis-unsplash.jpg	zenjpeg	420	85	model_policy	38.069	76.197	0.9224	CjpegliYcbcr	1.8
textures	haberdoedas-5BsnVq1qTis-unsplash.jpg	zenjpeg	420	85	model_proj	38.068	76.204	0.9226	CjpegliYcbcr	1.8
textures	haberdoedas-5BsnVq1qTis-unsplash.jpg	zenjpeg	420	90	identity_off	41.530	83.492	0.5978	CjpegliYcbcr	1.3
textures	haberdoedas-5BsnVq1qTis-unsplash.jpg	zenjpeg	420	90	model_policy	41.490	83.382	0.5990	CjpegliYcbcr	1.3
textures	haberdoedas-5BsnVq1qTis-unsplash.jpg	zenjpeg	420	90	model_proj	41.479	83.243	0.6012	CjpegliYcbcr	1.3
textures	haberdoedas-5BsnVq1qTis-unsplash.jpg	zenjpeg	420	93	identity_off	44.933	89.801	0.3766	CjpegliYcbcr	1.0
textures	haberdoedas-5BsnVq1qTis-unsplash.jpg	zenjpeg	420	93	model_policy	44.817	89.610	0.3802	CjpegliYcbcr	1.0
textures	haberdoedas-5BsnVq1qTis-unsplash.jpg	zenjpeg	420	93	model_proj	44.662	89.061	0.4003	CjpegliYcbcr	1.0
textures	haberdoedas-5BsnVq1qTis-unsplash.jpg	zenjpeg	420	96	identity_off	47.698	92.225	0.2331	CjpegliYcbcr	0.5
textures	haberdoedas-5BsnVq1qTis-unsplash.jpg	zenjpeg	420	96	model_policy	47.422	91.875	0.2419	CjpegliYcbcr	0.5
textures	haberdoedas-5BsnVq1qTis-unsplash.jpg	zenjpeg	420	96	model_proj	47.698	92.225	0.2331	CjpegliYcbcr	0.5
textures	haberdoedas-5BsnVq1qTis-unsplash.jpg	zenjpeg	444	85	identity_off	40.456	80.957	0.6807	CjpegliYcbcr	1.4
textures	haberdoedas-5BsnVq1qTis-unsplash.jpg	zenjpeg	444	85	model_policy	40.474	80.945	0.6799	CjpegliYcbcr	1.4
textures	haberdoedas-5BsnVq1qTis-unsplash.jpg	zenjpeg	444	85	model_proj	40.478	80.974	0.6795	CjpegliYcbcr	1.4
textures	haberdoedas-5BsnVq1qTis-unsplash.jpg	zenjpeg	444	90	identity_off	42.284	84.491	0.5312	CjpegliYcbcr	1.1
textures	haberdoedas-5BsnVq1qTis-unsplash.jpg	zenjpeg	444	90	model_policy	42.292	84.452	0.5312	CjpegliYcbcr	1.1
textures	haberdoedas-5BsnVq1qTis-unsplash.jpg	zenjpeg	444	90	model_proj	42.308	84.537	0.5310	CjpegliYcbcr	1.1
textures	haberdoedas-5BsnVq1qTis-unsplash.jpg	zenjpeg	444	93	identity_off	44.604	88.503	0.3503	CjpegliYcbcr	0.7
textures	haberdoedas-5BsnVq1qTis-unsplash.jpg	zenjpeg	444	93	model_policy	44.512	88.309	0.3556	CjpegliYcbcr	0.7
textures	haberdoedas-5BsnVq1qTis-unsplash.jpg	zenjpeg	444	93	model_proj	44.518	88.247	0.3588	CjpegliYcbcr	0.7
textures	haberdoedas-5BsnVq1qTis-unsplash.jpg	zenjpeg	444	96	identity_off	46.761	91.237	0.2232	CjpegliYcbcr	0.3
textures	haberdoedas-5BsnVq1qTis-unsplash.jpg	zenjpeg	444	96	model_policy	46.603	90.884	0.2328	CjpegliYcbcr	0.3
textures	haberdoedas-5BsnVq1qTis-unsplash.jpg	zenjpeg	444	96	model_proj	46.761	91.237	0.2232	CjpegliYcbcr	0.3
