sub	file	encoder	ss	q	arm	psnr	ssim2	butter_n3	probe_family	probe_q
photos	20231206_150232.png	turbo	420	15	identity_off	23.240	25.578	3.6607	Unknown	15.0
photos	20231206_150232.png	turbo	420	15	model_policy	23.566	25.907	4.0759	Unknown	15.0
photos	20231206_150232.png	turbo	420	15	model_proj	24.883	34.245	3.2039	Unknown	15.0
photos	20231206_150232.png	turbo	420	35	identity_off	26.721	55.615	2.3028	ImageMagick	35.0
photos	20231206_150232.png	turbo	420	35	model_policy	26.819	48.203	2.8059	ImageMagick	35.0
photos	20231206_150232.png	turbo	420	35	model_proj	28.343	60.910	1.8522	ImageMagick	35.0
photos	20231206_150232.png	turbo	420	55	identity_off	28.774	65.380	1.8169	ImageMagick	55.0
photos	20231206_150232.png	turbo	420	55	model_policy	28.676	56.637	2.3837	ImageMagick	55.0
photos	20231206_150232.png	turbo	420	55	model_proj	30.266	69.718	1.4281	ImageMagick	55.0
photos	20231206_150232.png	turbo	420	75	identity_off	31.705	73.873	1.3164	ImageMagick	75.0
photos	20231206_150232.png	turbo	420	75	model_policy	31.069	63.579	2.0461	ImageMagick	75.0
photos	20231206_150232.png	turbo	420	75	model_proj	32.876	77.409	1.0335	ImageMagick	75.0
photos	20231206_150232.png	turbo	420	90	identity_off	36.800	84.133	0.7389	ImageMagick	90.0
photos	20231206_150232.png	turbo	420	90	model_policy	34.114	68.445	1.9320	ImageMagick	90.0
photos	20231206_150232.png	turbo	420	90	model_proj	37.289	85.956	0.6202	ImageMagick	90.0
photos	20231206_150232.png	turbo	444	15	identity_off	23.434	28.787	3.6157	Unknown	15.0
photos	20231206_150232.png	turbo	444	15	model_policy	23.800	29.038	3.8829	Unknown	15.0
photos	20231206_150232.png	turbo	444	15	model_proj	25.124	37.616	3.1248	Unknown	15.0
photos	20231206_150232.png	turbo	444	35	identity_off	26.985	58.411	2.2791	ImageMagick	35.0
photos	20231206_150232.png	turbo	444	35	model_policy	27.110	50.672	2.6300	ImageMagick	35.0
photos	20231206_150232.png	turbo	444	35	model_proj	28.598	63.487	1.8244	ImageMagick	35.0
photos	20231206_150232.png	turbo	444	55	identity_off	29.124	67.787	1.7927	ImageMagick	55.0
photos	20231206_150232.png	turbo	444	55	model_policy	29.029	58.686	2.1853	ImageMagick	55.0
photos	20231206_150232.png	turbo	444	55	model_proj	30.582	71.901	1.4037	ImageMagick	55.0
photos	20231206_150232.png	turbo	444	75	identity_off	32.221	76.069	1.2878	ImageMagick	75.0
photos	20231206_150232.png	turbo	444	75	model_policy	31.517	65.912	1.7940	ImageMagick	75.0
photos	20231206_150232.png	turbo	444	75	model_proj	33.357	79.318	1.0129	ImageMagick	75.0
photos	20231206_150232.png	turbo	444	90	identity_off	37.804	86.947	0.6993	ImageMagick	90.0
photos	20231206_150232.png	turbo	444	90	model_policy	34.629	69.754	1.7444	ImageMagick	90.0
photos	20231206_150232.png	turbo	444	90	model_proj	38.178	87.639	0.6024	ImageMagick	90.0
photos	20231206_150232.png	mozjpeg	420	15	identity_off	20.548	10.031	5.3106	Mozjpeg	15.0
photos	20231206_150232.png	mozjpeg	420	15	model_policy	20.750	7.958	5.5577	Mozjpeg	15.0
photos	20231206_150232.png	mozjpeg	420	15	model_proj	22.227	18.022	4.8672	Mozjpeg	15.0
photos	20231206_150232.png	mozjpeg	420	35	identity_off	23.884	44.758	3.4504	Mozjpeg	35.0
photos	20231206_150232.png	mozjpeg	420	35	model_policy	23.899	35.127	4.0193	Mozjpeg	35.0
photos	20231206_150232.png	mozjpeg	420	35	model_proj	25.663	49.353	3.0636	Mozjpeg	35.0
photos	20231206_150232.png	mozjpeg	420	55	identity_off	25.786	57.234	2.7281	Mozjpeg	55.0
photos	20231206_150232.png	mozjpeg	420	55	model_policy	25.624	45.812	3.3727	Mozjpeg	55.0
photos	20231206_150232.png	mozjpeg	420	55	model_proj	27.498	61.146	2.3639	Mozjpeg	55.0
photos	20231206_150232.png	mozjpeg	420	75	identity_off	28.422	68.269	1.9239	Mozjpeg	75.0
photos	20231206_150232.png	mozjpeg	420	75	model_policy	27.883	54.898	2.7171	Mozjpeg	75.0
photos	20231206_150232.png	mozjpeg	420	75	model_proj	29.890	71.666	1.6332	Mozjpeg	75.0
photos	20231206_150232.png	mozjpeg	420	90	identity_off	32.795	79.138	1.0617	Mozjpeg	90.0
photos	20231206_150232.png	mozjpeg	420	90	model_policy	31.205	63.442	2.2142	Mozjpeg	90.0
photos	20231206_150232.png	mozjpeg	420	90	model_proj	33.724	81.563	0.9105	Mozjpeg	90.0
photos	20231206_150232.png	mozjpeg	444	15	identity_off	20.641	12.392	5.2874	Mozjpeg	15.0
photos	20231206_150232.png	mozjpeg	444	15	model_policy	20.868	10.348	5.5116	Mozjpeg	15.0
photos	20231206_150232.png	mozjpeg	444	15	model_proj	22.346	20.532	4.8255	Mozjpeg	15.0
photos	20231206_150232.png	mozjpeg	444	35	identity_off	23.991	46.734	3.4205	Mozjpeg	35.0
photos	20231206_150232.png	mozjpeg	444	35	model_policy	24.014	36.504	3.9741	Mozjpeg	35.0
photos	20231206_150232.png	mozjpeg	444	35	model_proj	25.763	50.592	3.0282	Mozjpeg	35.0
photos	20231206_150232.png	mozjpeg	444	55	identity_off	25.909	58.928	2.7171	Mozjpeg	55.0
photos	20231206_150232.png	mozjpeg	444	55	model_policy	25.744	47.102	3.3201	Mozjpeg	55.0
photos	20231206_150232.png	mozjpeg	444	55	model_proj	27.610	62.431	2.3519	Mozjpeg	55.0
photos	20231206_150232.png	mozjpeg	444	75	identity_off	28.576	70.002	1.9092	Mozjpeg	75.0
photos	20231206_150232.png	mozjpeg	444	75	model_policy	28.021	56.164	2.6233	Mozjpeg	75.0
photos	20231206_150232.png	mozjpeg	444	75	model_proj	30.042	72.643	1.6201	Mozjpeg	75.0
photos	20231206_150232.png	mozjpeg	444	90	identity_off	33.077	81.071	1.0393	Mozjpeg	90.0
photos	20231206_150232.png	mozjpeg	444	90	model_policy	31.389	64.336	2.0626	Mozjpeg	90.0
photos	20231206_150232.png	mozjpeg	444	90	model_proj	34.016	82.680	0.8992	Mozjpeg	90.0
photos	20231206_150232.png	jpegli	420	15	identity_off	22.810	35.567	3.7596	CjpegliYcbcr	14.2
photos	20231206_150232.png	jpegli	420	15	model_policy	22.910	26.263	4.2669	CjpegliYcbcr	14.2
photos	20231206_150232.png	jpegli	420	15	model_proj	24.319	39.539	3.4136	CjpegliYcbcr	14.2
photos	20231206_150232.png	jpegli	420	35	identity_off	26.074	55.756	2.4020	CjpegliYcbcr	7.2
photos	20231206_150232.png	jpegli	420	35	model_policy	25.938	44.466	3.1557	CjpegliYcbcr	7.2
photos	20231206_150232.png	jpegli	420	35	model_proj	27.417	58.126	2.1299	CjpegliYcbcr	7.2
photos	20231206_150232.png	jpegli	420	55	identity_off	28.074	64.193	1.8500	CjpegliYcbcr	5.2
photos	20231206_150232.png	jpegli	420	55	model_policy	27.689	51.916	2.8019	CjpegliYcbcr	5.2
photos	20231206_150232.png	jpegli	420	55	model_proj	29.238	66.483	1.6413	CjpegliYcbcr	5.2
photos	20231206_150232.png	jpegli	420	75	identity_off	31.470	73.944	1.2474	CjpegliYcbcr	3.0
photos	20231206_150232.png	jpegli	420	75	model_policy	30.451	60.363	2.2689	CjpegliYcbcr	3.0
photos	20231206_150232.png	jpegli	420	75	model_proj	32.272	75.814	1.0867	CjpegliYcbcr	3.0
photos	20231206_150232.png	jpegli	420	90	identity_off	36.295	83.441	0.7390	CjpegliYcbcr	1.3
photos	20231206_150232.png	jpegli	420	90	model_policy	33.508	66.460	2.0123	CjpegliYcbcr	1.3
photos	20231206_150232.png	jpegli	420	90	model_proj	36.630	84.881	0.6552	CjpegliYcbcr	1.3
photos	20231206_150232.png	jpegli	444	15	identity_off	23.554	39.030	3.3380	CjpegliYcbcr	11.8
photos	20231206_150232.png	jpegli	444	15	model_policy	23.674	31.771	3.8788	CjpegliYcbcr	11.8
photos	20231206_150232.png	jpegli	444	15	model_proj	25.063	43.806	3.0267	CjpegliYcbcr	11.8
photos	20231206_150232.png	jpegli	444	35	identity_off	27.015	60.207	2.0859	CjpegliYcbcr	6.0
photos	20231206_150232.png	jpegli	444	35	model_policy	26.851	48.623	2.9237	CjpegliYcbcr	6.0
photos	20231206_150232.png	jpegli	444	35	model_proj	28.296	62.901	1.8470	CjpegliYcbcr	6.0
photos	20231206_150232.png	jpegli	444	55	identity_off	29.036	67.251	1.6118	CjpegliYcbcr	4.1
photos	20231206_150232.png	jpegli	444	55	model_policy	28.603	55.761	2.6208	CjpegliYcbcr	4.1
photos	20231206_150232.png	jpegli	444	55	model_proj	30.116	69.358	1.4088	CjpegliYcbcr	4.1
photos	20231206_150232.png	jpegli	444	75	identity_off	32.208	75.937	1.1078	CjpegliYcbcr	2.3
photos	20231206_150232.png	jpegli	444	75	model_policy	31.131	63.276	2.1450	CjpegliYcbcr	2.3
photos	20231206_150232.png	jpegli	444	75	model_proj	32.944	77.309	0.9838	CjpegliYcbcr	2.3
photos	20231206_150232.png	jpegli	444	90	identity_off	37.101	85.102	0.6215	CjpegliYcbcr	1.1
photos	20231206_150232.png	jpegli	444	90	model_policy	34.029	67.716	1.9010	CjpegliYcbcr	1.1
photos	20231206_150232.png	jpegli	444	90	model_proj	37.324	85.859	0.5837	CjpegliYcbcr	1.1
photos	20231206_150232.png	zenjpeg	420	15	identity_off	22.784	35.359	3.7686	CjpegliYcbcr	14.2
photos	20231206_150232.png	zenjpeg	420	15	model_policy	22.884	26.051	4.2779	CjpegliYcbcr	14.2
photos	20231206_150232.png	zenjpeg	420	15	model_proj	24.294	39.236	3.4173	CjpegliYcbcr	14.2
photos	20231206_150232.png	zenjpeg	420	35	identity_off	26.036	55.707	2.4226	CjpegliYcbcr	7.2
photos	20231206_150232.png	zenjpeg	420	35	model_policy	25.904	44.270	3.1746	CjpegliYcbcr	7.2
photos	20231206_150232.png	zenjpeg	420	35	model_proj	27.385	58.112	2.1493	CjpegliYcbcr	7.2
photos	20231206_150232.png	zenjpeg	420	55	identity_off	28.030	64.177	1.8589	CjpegliYcbcr	5.2
photos	20231206_150232.png	zenjpeg	420	55	model_policy	27.652	51.935	2.7930	CjpegliYcbcr	5.2
photos	20231206_150232.png	zenjpeg	420	55	model_proj	29.197	66.480	1.6540	CjpegliYcbcr	5.2
photos	20231206_150232.png	zenjpeg	420	75	identity_off	31.422	73.903	1.2521	CjpegliYcbcr	3.0
photos	20231206_150232.png	zenjpeg	420	75	model_policy	30.414	60.375	2.2677	CjpegliYcbcr	3.0
photos	20231206_150232.png	zenjpeg	420	75	model_proj	32.226	75.761	1.0915	CjpegliYcbcr	3.0
photos	20231206_150232.png	zenjpeg	420	90	identity_off	36.229	83.455	0.7377	CjpegliYcbcr	1.3
photos	20231206_150232.png	zenjpeg	420	90	model_policy	33.482	66.754	2.0032	CjpegliYcbcr	1.3
photos	20231206_150232.png	zenjpeg	420	90	model_proj	36.575	84.913	0.6568	CjpegliYcbcr	1.3
photos	20231206_150232.png	zenjpeg	444	15	identity_off	23.522	38.945	3.3420	CjpegliYcbcr	11.8
photos	20231206_150232.png	zenjpeg	444	15	model_policy	23.644	31.674	3.8877	CjpegliYcbcr	11.8
photos	20231206_150232.png	zenjpeg	444	15	model_proj	25.039	43.780	3.0365	CjpegliYcbcr	11.8
photos	20231206_150232.png	zenjpeg	444	35	identity_off	26.965	59.879	2.0983	CjpegliYcbcr	6.0
photos	20231206_150232.png	zenjpeg	444	35	model_policy	26.806	48.556	2.9208	CjpegliYcbcr	6.0
photos	20231206_150232.png	zenjpeg	444	35	model_proj	28.256	62.764	1.8543	CjpegliYcbcr	6.0
photos	20231206_150232.png	zenjpeg	444	55	identity_off	28.995	67.139	1.6196	CjpegliYcbcr	4.1
photos	20231206_150232.png	zenjpeg	444	55	model_policy	28.569	55.550	2.6370	CjpegliYcbcr	4.1
photos	20231206_150232.png	zenjpeg	444	55	model_proj	30.082	69.339	1.4164	CjpegliYcbcr	4.1
photos	20231206_150232.png	zenjpeg	444	75	identity_off	32.152	75.759	1.1178	CjpegliYcbcr	2.3
photos	20231206_150232.png	zenjpeg	444	75	model_policy	31.088	62.902	2.1400	CjpegliYcbcr	2.3
photos	20231206_150232.png	zenjpeg	444	75	model_proj	32.900	77.165	0.9900	CjpegliYcbcr	2.3
photos	20231206_150232.png	zenjpeg	444	90	identity_off	37.020	84.954	0.6279	CjpegliYcbcr	1.1
photos	20231206_150232.png	zenjpeg	444	90	model_policy	33.995	67.726	1.9137	CjpegliYcbcr	1.1
photos	20231206_150232.png	zenjpeg	444	90	model_proj	37.260	85.816	0.5881	CjpegliYcbcr	1.1
photos	20240528_210945.jpg	turbo	420	15	identity_off	25.056	33.305	3.0873	Unknown	15.0
photos	20240528_210945.jpg	turbo	420	15	model_policy	25.088	29.447	3.7938	Unknown	15.0
photos	20240528_210945.jpg	turbo	420	15	model_proj	26.084	38.484	2.9479	Unknown	15.0
photos	20240528_210945.jpg	turbo	420	35	identity_off	28.003	61.091	2.0728	ImageMagick	35.0
photos	20240528_210945.jpg	turbo	420	35	model_policy	27.580	53.227	3.1162	ImageMagick	35.0
photos	20240528_210945.jpg	turbo	420	35	model_proj	28.987	63.767	1.8513	ImageMagick	35.0
photos	20240528_210945.jpg	turbo	420	55	identity_off	29.589	68.953	1.7344	ImageMagick	55.0
photos	20240528_210945.jpg	turbo	420	55	model_policy	28.800	59.784	2.8970	ImageMagick	55.0
photos	20240528_210945.jpg	turbo	420	55	model_proj	30.495	71.101	1.4729	ImageMagick	55.0
photos	20240528_210945.jpg	turbo	420	75	identity_off	31.613	76.415	1.4092	ImageMagick	75.0
photos	20240528_210945.jpg	turbo	420	75	model_policy	30.258	66.518	2.6999	ImageMagick	75.0
photos	20240528_210945.jpg	turbo	420	75	model_proj	32.371	77.721	1.1430	ImageMagick	75.0
photos	20240528_210945.jpg	turbo	420	90	identity_off	35.229	83.824	0.9714	ImageMagick	90.0
photos	20240528_210945.jpg	turbo	420	90	model_policy	32.442	73.354	2.4295	ImageMagick	90.0
photos	20240528_210945.jpg	turbo	420	90	model_proj	35.786	84.673	0.7634	ImageMagick	90.0
photos	20240528_210945.jpg	turbo	444	15	identity_off	25.404	39.329	2.8322	Unknown	15.0
photos	20240528_210945.jpg	turbo	444	15	model_policy	25.491	35.297	3.6219	Unknown	15.0
photos	20240528_210945.jpg	turbo	444	15	model_proj	26.529	44.198	2.6759	Unknown	15.0
photos	20240528_210945.jpg	turbo	444	35	identity_off	28.468	65.825	1.7943	ImageMagick	35.0
photos	20240528_210945.jpg	turbo	444	35	model_policy	28.142	57.600	2.8568	ImageMagick	35.0
photos	20240528_210945.jpg	turbo	444	35	model_proj	29.403	68.026	1.6168	ImageMagick	35.0
photos	20240528_210945.jpg	turbo	444	55	identity_off	30.154	73.535	1.4275	ImageMagick	55.0
photos	20240528_210945.jpg	turbo	444	55	model_policy	29.455	64.203	2.6341	ImageMagick	55.0
photos	20240528_210945.jpg	turbo	444	55	model_proj	30.923	74.979	1.2634	ImageMagick	55.0
photos	20240528_210945.jpg	turbo	444	75	identity_off	32.382	80.472	1.0766	ImageMagick	75.0
photos	20240528_210945.jpg	turbo	444	75	model_policy	31.058	70.085	2.4879	ImageMagick	75.0
photos	20240528_210945.jpg	turbo	444	75	model_proj	32.893	81.223	0.9613	ImageMagick	75.0
photos	20240528_210945.jpg	turbo	444	90	identity_off	36.570	87.973	0.6489	ImageMagick	90.0
photos	20240528_210945.jpg	turbo	444	90	model_policy	33.478	76.361	2.2522	ImageMagick	90.0
photos	20240528_210945.jpg	turbo	444	90	model_proj	36.689	87.958	0.6057	ImageMagick	90.0
photos	20240528_210945.jpg	mozjpeg	420	15	identity_off	23.652	22.413	3.6245	Mozjpeg	15.0
photos	20240528_210945.jpg	mozjpeg	420	15	model_policy	23.657	15.974	4.0808	Mozjpeg	15.0
photos	20240528_210945.jpg	mozjpeg	420	15	model_proj	24.518	26.253	3.5544	Mozjpeg	15.0
photos	20240528_210945.jpg	mozjpeg	420	35	identity_off	26.878	56.044	2.2718	Mozjpeg	35.0
photos	20240528_210945.jpg	mozjpeg	420	35	model_policy	26.495	46.338	3.1767	Mozjpeg	35.0
photos	20240528_210945.jpg	mozjpeg	420	35	model_proj	27.753	57.930	2.1681	Mozjpeg	35.0
photos	20240528_210945.jpg	mozjpeg	420	55	identity_off	28.649	66.494	1.8435	Mozjpeg	55.0
photos	20240528_210945.jpg	mozjpeg	420	55	model_policy	27.889	55.352	2.9722	Mozjpeg	55.0
photos	20240528_210945.jpg	mozjpeg	420	55	model_proj	29.408	67.385	1.7194	Mozjpeg	55.0
photos	20240528_210945.jpg	mozjpeg	420	75	identity_off	30.763	74.647	1.4601	Mozjpeg	75.0
photos	20240528_210945.jpg	mozjpeg	420	75	model_policy	29.413	62.659	2.7902	Mozjpeg	75.0
photos	20240528_210945.jpg	mozjpeg	420	75	model_proj	31.338	75.202	1.3130	Mozjpeg	75.0
photos	20240528_210945.jpg	mozjpeg	420	90	identity_off	34.243	82.831	1.0220	Mozjpeg	90.0
photos	20240528_210945.jpg	mozjpeg	420	90	model_policy	31.508	70.360	2.6281	Mozjpeg	90.0
photos	20240528_210945.jpg	mozjpeg	420	90	model_proj	34.596	83.271	0.8630	Mozjpeg	90.0
photos	20240528_210945.jpg	mozjpeg	444	15	identity_off	23.897	27.397	3.4918	Mozjpeg	15.0
photos	20240528_210945.jpg	mozjpeg	444	15	model_policy	23.940	20.630	3.9050	Mozjpeg	15.0
photos	20240528_210945.jpg	mozjpeg	444	15	model_proj	24.767	30.502	3.4173	Mozjpeg	15.0
photos	20240528_210945.jpg	mozjpeg	444	35	identity_off	27.193	59.794	2.1103	Mozjpeg	35.0
photos	20240528_210945.jpg	mozjpeg	444	35	model_policy	26.873	49.817	3.0115	Mozjpeg	35.0
photos	20240528_210945.jpg	mozjpeg	444	35	model_proj	27.989	60.869	2.0159	Mozjpeg	35.0
photos	20240528_210945.jpg	mozjpeg	444	55	identity_off	29.025	70.036	1.6761	Mozjpeg	55.0
photos	20240528_210945.jpg	mozjpeg	444	55	model_policy	28.328	58.687	2.7601	Mozjpeg	55.0
photos	20240528_210945.jpg	mozjpeg	444	55	model_proj	29.632	70.157	1.6140	Mozjpeg	55.0
photos	20240528_210945.jpg	mozjpeg	444	75	identity_off	31.247	77.861	1.2790	Mozjpeg	75.0
photos	20240528_210945.jpg	mozjpeg	444	75	model_policy	29.911	65.207	2.6486	Mozjpeg	75.0
photos	20240528_210945.jpg	mozjpeg	444	75	model_proj	31.617	77.609	1.2015	Mozjpeg	75.0
photos	20240528_210945.jpg	mozjpeg	444	90	identity_off	35.107	85.857	0.7700	Mozjpeg	90.0
photos	20240528_210945.jpg	mozjpeg	444	90	model_policy	32.190	72.736	2.4797	Mozjpeg	90.0
photos	20240528_210945.jpg	mozjpeg	444	90	model_proj	35.146	85.571	0.7402	Mozjpeg	90.0
photos	20240528_210945.jpg	jpegli	420	15	identity_off	24.743	43.667	2.8617	CjpegliYcbcr	14.2
photos	20240528_210945.jpg	jpegli	420	15	model_policy	24.620	33.570	3.5085	CjpegliYcbcr	14.2
photos	20240528_210945.jpg	jpegli	420	15	model_proj	25.625	44.876	2.7847	CjpegliYcbcr	14.2
photos	20240528_210945.jpg	jpegli	420	35	identity_off	27.230	59.842	2.0692	CjpegliYcbcr	7.2
photos	20240528_210945.jpg	jpegli	420	35	model_policy	26.772	48.820	3.0204	CjpegliYcbcr	7.2
photos	20240528_210945.jpg	jpegli	420	35	model_proj	28.023	60.521	1.9543	CjpegliYcbcr	7.2
photos	20240528_210945.jpg	jpegli	420	55	identity_off	28.735	66.065	1.7239	CjpegliYcbcr	5.2
photos	20240528_210945.jpg	jpegli	420	55	model_policy	27.984	54.869	2.8109	CjpegliYcbcr	5.2
photos	20240528_210945.jpg	jpegli	420	55	model_proj	29.452	66.462	1.5890	CjpegliYcbcr	5.2
photos	20240528_210945.jpg	jpegli	420	75	identity_off	31.222	74.155	1.3079	CjpegliYcbcr	3.0
photos	20240528_210945.jpg	jpegli	420	75	model_policy	29.749	62.564	2.6956	CjpegliYcbcr	3.0
photos	20240528_210945.jpg	jpegli	420	75	model_proj	31.732	74.430	1.1721	CjpegliYcbcr	3.0
photos	20240528_210945.jpg	jpegli	420	90	identity_off	34.977	81.831	0.9266	CjpegliYcbcr	1.3
photos	20240528_210945.jpg	jpegli	420	90	model_policy	31.958	70.433	2.5336	CjpegliYcbcr	1.3
photos	20240528_210945.jpg	jpegli	420	90	model_proj	35.347	82.434	0.7701	CjpegliYcbcr	1.3
photos	20240528_210945.jpg	jpegli	444	15	identity_off	25.190	46.238	2.6255	CjpegliYcbcr	11.8
photos	20240528_210945.jpg	jpegli	444	15	model_policy	25.086	37.779	3.4447	CjpegliYcbcr	11.8
photos	20240528_210945.jpg	jpegli	444	15	model_proj	26.196	49.216	2.5518	CjpegliYcbcr	11.8
photos	20240528_210945.jpg	jpegli	444	35	identity_off	27.917	63.745	1.8639	CjpegliYcbcr	6.0
photos	20240528_210945.jpg	jpegli	444	35	model_policy	27.405	53.206	2.9792	CjpegliYcbcr	6.0
photos	20240528_210945.jpg	jpegli	444	35	model_proj	28.766	64.739	1.7906	CjpegliYcbcr	6.0
photos	20240528_210945.jpg	jpegli	444	55	identity_off	29.414	69.371	1.5468	CjpegliYcbcr	4.1
photos	20240528_210945.jpg	jpegli	444	55	model_policy	28.592	58.742	2.7705	CjpegliYcbcr	4.1
photos	20240528_210945.jpg	jpegli	444	55	model_proj	30.134	70.158	1.4644	CjpegliYcbcr	4.1
photos	20240528_210945.jpg	jpegli	444	75	identity_off	31.750	76.746	1.1444	CjpegliYcbcr	2.3
photos	20240528_210945.jpg	jpegli	444	75	model_policy	30.271	65.772	2.5903	CjpegliYcbcr	2.3
photos	20240528_210945.jpg	jpegli	444	75	model_proj	32.286	77.301	1.0599	CjpegliYcbcr	2.3
photos	20240528_210945.jpg	jpegli	444	90	identity_off	35.721	84.298	0.6698	CjpegliYcbcr	1.1
photos	20240528_210945.jpg	jpegli	444	90	model_policy	32.622	73.280	2.3657	CjpegliYcbcr	1.1
photos	20240528_210945.jpg	jpegli	444	90	model_proj	35.959	84.774	0.6107	CjpegliYcbcr	1.1
photos	20240528_210945.jpg	zenjpeg	420	15	identity_off	24.724	43.504	2.8669	CjpegliYcbcr	14.2
photos	20240528_210945.jpg	zenjpeg	420	15	model_policy	24.603	33.442	3.5078	CjpegliYcbcr	14.2
photos	20240528_210945.jpg	zenjpeg	420	15	model_proj	25.606	44.654	2.7920	CjpegliYcbcr	14.2
photos	20240528_210945.jpg	zenjpeg	420	35	identity_off	27.199	59.749	2.0758	CjpegliYcbcr	7.2
photos	20240528_210945.jpg	zenjpeg	420	35	model_policy	26.750	48.738	3.0187	CjpegliYcbcr	7.2
photos	20240528_210945.jpg	zenjpeg	420	35	model_proj	27.996	60.399	1.9652	CjpegliYcbcr	7.2
photos	20240528_210945.jpg	zenjpeg	420	55	identity_off	28.704	65.968	1.7285	CjpegliYcbcr	5.2
photos	20240528_210945.jpg	zenjpeg	420	55	model_policy	27.959	54.697	2.8185	CjpegliYcbcr	5.2
photos	20240528_210945.jpg	zenjpeg	420	55	model_proj	29.430	66.347	1.5925	CjpegliYcbcr	5.2
photos	20240528_210945.jpg	zenjpeg	420	75	identity_off	31.186	74.049	1.3116	CjpegliYcbcr	3.0
photos	20240528_210945.jpg	zenjpeg	420	75	model_policy	29.728	62.475	2.6829	CjpegliYcbcr	3.0
photos	20240528_210945.jpg	zenjpeg	420	75	model_proj	31.702	74.318	1.1743	CjpegliYcbcr	3.0
photos	20240528_210945.jpg	zenjpeg	420	90	identity_off	34.932	81.960	0.9354	CjpegliYcbcr	1.3
photos	20240528_210945.jpg	zenjpeg	420	90	model_policy	31.933	70.490	2.5453	CjpegliYcbcr	1.3
photos	20240528_210945.jpg	zenjpeg	420	90	model_proj	35.307	82.568	0.7721	CjpegliYcbcr	1.3
photos	20240528_210945.jpg	zenjpeg	444	15	identity_off	25.170	46.076	2.6307	CjpegliYcbcr	11.8
photos	20240528_210945.jpg	zenjpeg	444	15	model_policy	25.067	37.630	3.4480	CjpegliYcbcr	11.8
photos	20240528_210945.jpg	zenjpeg	444	15	model_proj	26.178	49.149	2.5610	CjpegliYcbcr	11.8
photos	20240528_210945.jpg	zenjpeg	444	35	identity_off	27.893	63.608	1.8663	CjpegliYcbcr	6.0
photos	20240528_210945.jpg	zenjpeg	444	35	model_policy	27.388	53.180	2.9732	CjpegliYcbcr	6.0
photos	20240528_210945.jpg	zenjpeg	444	35	model_proj	28.748	64.647	1.7909	CjpegliYcbcr	6.0
photos	20240528_210945.jpg	zenjpeg	444	55	identity_off	29.386	69.276	1.5530	CjpegliYcbcr	4.1
photos	20240528_210945.jpg	zenjpeg	444	55	model_policy	28.567	58.641	2.7689	CjpegliYcbcr	4.1
photos	20240528_210945.jpg	zenjpeg	444	55	model_proj	30.115	70.093	1.4695	CjpegliYcbcr	4.1
photos	20240528_210945.jpg	zenjpeg	444	75	identity_off	31.720	76.553	1.1478	CjpegliYcbcr	2.3
photos	20240528_210945.jpg	zenjpeg	444	75	model_policy	30.246	65.522	2.5948	CjpegliYcbcr	2.3
photos	20240528_210945.jpg	zenjpeg	444	75	model_proj	32.263	77.081	1.0619	CjpegliYcbcr	2.3
photos	20240528_210945.jpg	zenjpeg	444	90	identity_off	35.674	84.189	0.6699	CjpegliYcbcr	1.1
photos	20240528_210945.jpg	zenjpeg	444	90	model_policy	32.606	73.276	2.3377	CjpegliYcbcr	1.1
photos	20240528_210945.jpg	zenjpeg	444	90	model_proj	35.916	84.697	0.6118	CjpegliYcbcr	1.1
photos	Screenshot_20260526_074348_Photos.png	turbo	420	15	identity_off	31.986	17.360	2.8959	Unknown	15.0
photos	Screenshot_20260526_074348_Photos.png	turbo	420	15	model_policy	31.946	27.756	3.0229	Unknown	15.0
photos	Screenshot_20260526_074348_Photos.png	turbo	420	15	model_proj	32.796	36.832	2.5628	Unknown	15.0
photos	Screenshot_20260526_074348_Photos.png	turbo	420	35	identity_off	34.940	53.455	1.7938	ImageMagick	35.0
photos	Screenshot_20260526_074348_Photos.png	turbo	420	35	model_policy	34.453	49.168	2.2704	ImageMagick	35.0
photos	Screenshot_20260526_074348_Photos.png	turbo	420	35	model_proj	35.564	60.887	1.6364	ImageMagick	35.0
photos	Screenshot_20260526_074348_Photos.png	turbo	420	55	identity_off	36.151	65.449	1.4856	ImageMagick	55.0
photos	Screenshot_20260526_074348_Photos.png	turbo	420	55	model_policy	35.413	55.375	2.0591	ImageMagick	55.0
photos	Screenshot_20260526_074348_Photos.png	turbo	420	55	model_proj	36.700	68.549	1.3769	ImageMagick	55.0
photos	Screenshot_20260526_074348_Photos.png	turbo	420	75	identity_off	37.743	74.965	1.1864	ImageMagick	75.0
photos	Screenshot_20260526_074348_Photos.png	turbo	420	75	model_policy	36.442	60.381	1.9019	ImageMagick	75.0
photos	Screenshot_20260526_074348_Photos.png	turbo	420	75	model_proj	38.218	76.038	1.1100	ImageMagick	75.0
photos	Screenshot_20260526_074348_Photos.png	turbo	420	90	identity_off	40.877	84.708	0.7894	ImageMagick	90.0
photos	Screenshot_20260526_074348_Photos.png	turbo	420	90	model_policy	38.464	67.660	1.5921	ImageMagick	90.0
photos	Screenshot_20260526_074348_Photos.png	turbo	420	90	model_proj	41.101	85.053	0.7685	ImageMagick	90.0
photos	Screenshot_20260526_074348_Photos.png	turbo	444	15	identity_off	32.029	18.404	2.8878	Unknown	15.0
photos	Screenshot_20260526_074348_Photos.png	turbo	444	15	model_policy	32.042	29.041	3.0131	Unknown	15.0
photos	Screenshot_20260526_074348_Photos.png	turbo	444	15	model_proj	32.877	37.606	2.5520	Unknown	15.0
photos	Screenshot_20260526_074348_Photos.png	turbo	444	35	identity_off	35.025	54.781	1.7857	ImageMagick	35.0
photos	Screenshot_20260526_074348_Photos.png	turbo	444	35	model_policy	34.570	50.489	2.2617	ImageMagick	35.0
photos	Screenshot_20260526_074348_Photos.png	turbo	444	35	model_proj	35.681	62.286	1.6245	ImageMagick	35.0
photos	Screenshot_20260526_074348_Photos.png	turbo	444	55	identity_off	36.232	66.393	1.4866	ImageMagick	55.0
photos	Screenshot_20260526_074348_Photos.png	turbo	444	55	model_policy	35.531	56.227	2.0446	ImageMagick	55.0
photos	Screenshot_20260526_074348_Photos.png	turbo	444	55	model_proj	36.791	69.479	1.3789	ImageMagick	55.0
photos	Screenshot_20260526_074348_Photos.png	turbo	444	75	identity_off	37.842	75.776	1.1847	ImageMagick	75.0
photos	Screenshot_20260526_074348_Photos.png	turbo	444	75	model_policy	36.523	60.833	1.8928	ImageMagick	75.0
photos	Screenshot_20260526_074348_Photos.png	turbo	444	75	model_proj	38.325	76.704	1.1086	ImageMagick	75.0
photos	Screenshot_20260526_074348_Photos.png	turbo	444	90	identity_off	41.037	85.434	0.7847	ImageMagick	90.0
photos	Screenshot_20260526_074348_Photos.png	turbo	444	90	model_policy	38.548	67.843	1.5921	ImageMagick	90.0
photos	Screenshot_20260526_074348_Photos.png	turbo	444	90	model_proj	41.263	85.529	0.7648	ImageMagick	90.0
photos	Screenshot_20260526_074348_Photos.png	mozjpeg	420	15	identity_off	31.159	14.554	3.1355	Mozjpeg	15.0
photos	Screenshot_20260526_074348_Photos.png	mozjpeg	420	15	model_policy	31.111	22.990	3.4029	Mozjpeg	15.0
photos	Screenshot_20260526_074348_Photos.png	mozjpeg	420	15	model_proj	31.840	30.866	2.9640	Mozjpeg	15.0
photos	Screenshot_20260526_074348_Photos.png	mozjpeg	420	35	identity_off	34.081	49.475	1.9631	Mozjpeg	35.0
photos	Screenshot_20260526_074348_Photos.png	mozjpeg	420	35	model_policy	33.624	45.384	2.4615	Mozjpeg	35.0
photos	Screenshot_20260526_074348_Photos.png	mozjpeg	420	35	model_proj	34.578	55.982	1.8606	Mozjpeg	35.0
photos	Screenshot_20260526_074348_Photos.png	mozjpeg	420	55	identity_off	35.327	61.473	1.6166	Mozjpeg	55.0
photos	Screenshot_20260526_074348_Photos.png	mozjpeg	420	55	model_policy	34.438	50.568	2.3195	Mozjpeg	55.0
photos	Screenshot_20260526_074348_Photos.png	mozjpeg	420	55	model_proj	35.707	64.218	1.5574	Mozjpeg	55.0
photos	Screenshot_20260526_074348_Photos.png	mozjpeg	420	75	identity_off	36.936	72.766	1.2829	Mozjpeg	75.0
photos	Screenshot_20260526_074348_Photos.png	mozjpeg	420	75	model_policy	35.543	56.543	2.1318	Mozjpeg	75.0
photos	Screenshot_20260526_074348_Photos.png	mozjpeg	420	75	model_proj	37.154	73.144	1.2643	Mozjpeg	75.0
photos	Screenshot_20260526_074348_Photos.png	mozjpeg	420	90	identity_off	39.853	82.912	0.8618	Mozjpeg	90.0
photos	Screenshot_20260526_074348_Photos.png	mozjpeg	420	90	model_policy	37.337	63.587	1.7904	Mozjpeg	90.0
photos	Screenshot_20260526_074348_Photos.png	mozjpeg	420	90	model_proj	39.944	83.103	0.8567	Mozjpeg	90.0
photos	Screenshot_20260526_074348_Photos.png	mozjpeg	444	15	identity_off	31.201	15.309	3.1296	Mozjpeg	15.0
photos	Screenshot_20260526_074348_Photos.png	mozjpeg	444	15	model_policy	31.179	23.749	3.3942	Mozjpeg	15.0
photos	Screenshot_20260526_074348_Photos.png	mozjpeg	444	15	model_proj	31.908	31.358	2.9555	Mozjpeg	15.0
photos	Screenshot_20260526_074348_Photos.png	mozjpeg	444	35	identity_off	34.147	50.506	1.9558	Mozjpeg	35.0
photos	Screenshot_20260526_074348_Photos.png	mozjpeg	444	35	model_policy	33.714	46.396	2.4522	Mozjpeg	35.0
photos	Screenshot_20260526_074348_Photos.png	mozjpeg	444	35	model_proj	34.667	57.005	1.8518	Mozjpeg	35.0
photos	Screenshot_20260526_074348_Photos.png	mozjpeg	444	55	identity_off	35.383	62.256	1.6148	Mozjpeg	55.0
photos	Screenshot_20260526_074348_Photos.png	mozjpeg	444	55	model_policy	34.496	50.895	2.3178	Mozjpeg	55.0
photos	Screenshot_20260526_074348_Photos.png	mozjpeg	444	55	model_proj	35.756	64.744	1.5590	Mozjpeg	55.0
photos	Screenshot_20260526_074348_Photos.png	mozjpeg	444	75	identity_off	37.015	73.796	1.2798	Mozjpeg	75.0
photos	Screenshot_20260526_074348_Photos.png	mozjpeg	444	75	model_policy	35.601	56.829	2.1293	Mozjpeg	75.0
photos	Screenshot_20260526_074348_Photos.png	mozjpeg	444	75	model_proj	37.223	73.964	1.2623	Mozjpeg	75.0
photos	Screenshot_20260526_074348_Photos.png	mozjpeg	444	90	identity_off	39.955	83.812	0.8586	Mozjpeg	90.0
photos	Screenshot_20260526_074348_Photos.png	mozjpeg	444	90	model_policy	37.390	63.730	1.7923	Mozjpeg	90.0
photos	Screenshot_20260526_074348_Photos.png	mozjpeg	444	90	model_proj	40.041	83.747	0.8543	Mozjpeg	90.0
photos	Screenshot_20260526_074348_Photos.png	jpegli	420	15	identity_off	32.676	40.755	2.3417	CjpegliYcbcr	14.2
photos	Screenshot_20260526_074348_Photos.png	jpegli	420	15	model_policy	32.761	40.860	2.6329	CjpegliYcbcr	14.2
photos	Screenshot_20260526_074348_Photos.png	jpegli	420	15	model_proj	33.297	50.431	2.2493	CjpegliYcbcr	14.2
photos	Screenshot_20260526_074348_Photos.png	jpegli	420	35	identity_off	34.690	59.580	1.7478	CjpegliYcbcr	7.2
photos	Screenshot_20260526_074348_Photos.png	jpegli	420	35	model_policy	34.019	49.681	2.4150	CjpegliYcbcr	7.2
photos	Screenshot_20260526_074348_Photos.png	jpegli	420	35	model_proj	35.084	62.274	1.6789	CjpegliYcbcr	7.2
photos	Screenshot_20260526_074348_Photos.png	jpegli	420	55	identity_off	35.571	65.082	1.5681	CjpegliYcbcr	5.2
photos	Screenshot_20260526_074348_Photos.png	jpegli	420	55	model_policy	34.709	52.709	2.2574	CjpegliYcbcr	5.2
photos	Screenshot_20260526_074348_Photos.png	jpegli	420	55	model_proj	35.832	66.423	1.5230	CjpegliYcbcr	5.2
photos	Screenshot_20260526_074348_Photos.png	jpegli	420	75	identity_off	37.020	71.905	1.3206	CjpegliYcbcr	3.0
photos	Screenshot_20260526_074348_Photos.png	jpegli	420	75	model_policy	35.644	56.928	2.1220	CjpegliYcbcr	3.0
photos	Screenshot_20260526_074348_Photos.png	jpegli	420	75	model_proj	37.150	72.046	1.3191	CjpegliYcbcr	3.0
photos	Screenshot_20260526_074348_Photos.png	jpegli	420	90	identity_off	40.260	82.164	0.8628	CjpegliYcbcr	1.3
photos	Screenshot_20260526_074348_Photos.png	jpegli	420	90	model_policy	37.771	65.189	1.6735	CjpegliYcbcr	1.3
photos	Screenshot_20260526_074348_Photos.png	jpegli	420	90	model_proj	40.296	82.518	0.8592	CjpegliYcbcr	1.3
photos	Screenshot_20260526_074348_Photos.png	jpegli	444	15	identity_off	32.654	43.795	2.3630	CjpegliYcbcr	11.8
photos	Screenshot_20260526_074348_Photos.png	jpegli	444	15	model_policy	32.337	40.625	2.9310	CjpegliYcbcr	11.8
photos	Screenshot_20260526_074348_Photos.png	jpegli	444	15	model_proj	33.166	50.027	2.3123	CjpegliYcbcr	11.8
photos	Screenshot_20260526_074348_Photos.png	jpegli	444	35	identity_off	34.854	61.970	1.7253	CjpegliYcbcr	6.0
photos	Screenshot_20260526_074348_Photos.png	jpegli	444	35	model_policy	34.487	51.441	2.2041	CjpegliYcbcr	6.0
photos	Screenshot_20260526_074348_Photos.png	jpegli	444	35	model_proj	35.233	64.335	1.6649	CjpegliYcbcr	6.0
photos	Screenshot_20260526_074348_Photos.png	jpegli	444	55	identity_off	35.907	67.416	1.5145	CjpegliYcbcr	4.1
photos	Screenshot_20260526_074348_Photos.png	jpegli	444	55	model_policy	35.019	53.519	2.2022	CjpegliYcbcr	4.1
photos	Screenshot_20260526_074348_Photos.png	jpegli	444	55	model_proj	36.160	68.140	1.4903	CjpegliYcbcr	4.1
photos	Screenshot_20260526_074348_Photos.png	jpegli	444	75	identity_off	37.340	74.112	1.3054	CjpegliYcbcr	2.3
photos	Screenshot_20260526_074348_Photos.png	jpegli	444	75	model_policy	35.879	58.614	2.0705	CjpegliYcbcr	2.3
photos	Screenshot_20260526_074348_Photos.png	jpegli	444	75	model_proj	37.477	74.188	1.3041	CjpegliYcbcr	2.3
photos	Screenshot_20260526_074348_Photos.png	jpegli	444	90	identity_off	41.193	84.091	0.7880	CjpegliYcbcr	1.1
photos	Screenshot_20260526_074348_Photos.png	jpegli	444	90	model_policy	38.193	66.359	1.6788	CjpegliYcbcr	1.1
photos	Screenshot_20260526_074348_Photos.png	jpegli	444	90	model_proj	41.244	84.080	0.7827	CjpegliYcbcr	1.1
photos	Screenshot_20260526_074348_Photos.png	zenjpeg	420	15	identity_off	32.648	40.577	2.3481	CjpegliYcbcr	14.2
photos	Screenshot_20260526_074348_Photos.png	zenjpeg	420	15	model_policy	32.728	40.495	2.6459	CjpegliYcbcr	14.2
photos	Screenshot_20260526_074348_Photos.png	zenjpeg	420	15	model_proj	33.278	49.747	2.2607	CjpegliYcbcr	14.2
photos	Screenshot_20260526_074348_Photos.png	zenjpeg	420	35	identity_off	34.646	59.530	1.7539	CjpegliYcbcr	7.2
photos	Screenshot_20260526_074348_Photos.png	zenjpeg	420	35	model_policy	34.055	49.580	2.3827	CjpegliYcbcr	7.2
photos	Screenshot_20260526_074348_Photos.png	zenjpeg	420	35	model_proj	35.047	62.329	1.6822	CjpegliYcbcr	7.2
photos	Screenshot_20260526_074348_Photos.png	zenjpeg	420	55	identity_off	35.492	64.950	1.5947	CjpegliYcbcr	5.2
photos	Screenshot_20260526_074348_Photos.png	zenjpeg	420	55	model_policy	34.531	52.619	2.3289	CjpegliYcbcr	5.2
photos	Screenshot_20260526_074348_Photos.png	zenjpeg	420	55	model_proj	35.754	66.334	1.5558	CjpegliYcbcr	5.2
photos	Screenshot_20260526_074348_Photos.png	zenjpeg	420	75	identity_off	36.995	71.934	1.3201	CjpegliYcbcr	3.0
photos	Screenshot_20260526_074348_Photos.png	zenjpeg	420	75	model_policy	35.624	56.915	2.1222	CjpegliYcbcr	3.0
photos	Screenshot_20260526_074348_Photos.png	zenjpeg	420	75	model_proj	37.127	72.083	1.3172	CjpegliYcbcr	3.0
photos	Screenshot_20260526_074348_Photos.png	zenjpeg	420	90	identity_off	40.237	82.101	0.8628	CjpegliYcbcr	1.3
photos	Screenshot_20260526_074348_Photos.png	zenjpeg	420	90	model_policy	37.745	65.138	1.6780	CjpegliYcbcr	1.3
photos	Screenshot_20260526_074348_Photos.png	zenjpeg	420	90	model_proj	40.237	82.338	0.8671	CjpegliYcbcr	1.3
photos	Screenshot_20260526_074348_Photos.png	zenjpeg	444	15	identity_off	32.627	43.864	2.3650	CjpegliYcbcr	11.8
photos	Screenshot_20260526_074348_Photos.png	zenjpeg	444	15	model_policy	32.314	40.679	2.9389	CjpegliYcbcr	11.8
photos	Screenshot_20260526_074348_Photos.png	zenjpeg	444	15	model_proj	33.149	50.169	2.3131	CjpegliYcbcr	11.8
photos	Screenshot_20260526_074348_Photos.png	zenjpeg	444	35	identity_off	34.832	61.758	1.7477	CjpegliYcbcr	6.0
photos	Screenshot_20260526_074348_Photos.png	zenjpeg	444	35	model_policy	34.463	51.291	2.2063	CjpegliYcbcr	6.0
photos	Screenshot_20260526_074348_Photos.png	zenjpeg	444	35	model_proj	35.181	64.053	1.6886	CjpegliYcbcr	6.0
photos	Screenshot_20260526_074348_Photos.png	zenjpeg	444	55	identity_off	35.867	67.404	1.5152	CjpegliYcbcr	4.1
photos	Screenshot_20260526_074348_Photos.png	zenjpeg	444	55	model_policy	34.989	53.516	2.2035	CjpegliYcbcr	4.1
photos	Screenshot_20260526_074348_Photos.png	zenjpeg	444	55	model_proj	36.115	68.039	1.4914	CjpegliYcbcr	4.1
photos	Screenshot_20260526_074348_Photos.png	zenjpeg	444	75	identity_off	37.306	74.043	1.3125	CjpegliYcbcr	2.3
photos	Screenshot_20260526_074348_Photos.png	zenjpeg	444	75	model_policy	35.837	58.579	2.0745	CjpegliYcbcr	2.3
photos	Screenshot_20260526_074348_Photos.png	zenjpeg	444	75	model_proj	37.437	74.036	1.3124	CjpegliYcbcr	2.3
photos	Screenshot_20260526_074348_Photos.png	zenjpeg	444	90	identity_off	41.226	84.218	0.7570	CjpegliYcbcr	1.1
photos	Screenshot_20260526_074348_Photos.png	zenjpeg	444	90	model_policy	38.232	66.488	1.6312	CjpegliYcbcr	1.1
photos	Screenshot_20260526_074348_Photos.png	zenjpeg	444	90	model_proj	41.274	84.328	0.7532	CjpegliYcbcr	1.1
people	alexander-aguero-EnppVuXbcCE-unsplash.jpg	turbo	420	15	identity_off	34.096	-1.538	2.9043	Unknown	15.0
people	alexander-aguero-EnppVuXbcCE-unsplash.jpg	turbo	420	15	model_policy	34.764	13.294	2.7106	Unknown	15.0
people	alexander-aguero-EnppVuXbcCE-unsplash.jpg	turbo	420	15	model_proj	35.311	20.105	2.5754	Unknown	15.0
people	alexander-aguero-EnppVuXbcCE-unsplash.jpg	turbo	420	35	identity_off	37.742	48.393	1.6640	ImageMagick	35.0
people	alexander-aguero-EnppVuXbcCE-unsplash.jpg	turbo	420	35	model_policy	38.007	51.352	1.6008	ImageMagick	35.0
people	alexander-aguero-EnppVuXbcCE-unsplash.jpg	turbo	420	35	model_proj	38.570	54.848	1.5515	ImageMagick	35.0
people	alexander-aguero-EnppVuXbcCE-unsplash.jpg	turbo	420	55	identity_off	39.387	65.282	1.2765	ImageMagick	55.0
people	alexander-aguero-EnppVuXbcCE-unsplash.jpg	turbo	420	55	model_policy	39.510	65.111	1.2346	ImageMagick	55.0
people	alexander-aguero-EnppVuXbcCE-unsplash.jpg	turbo	420	55	model_proj	40.131	68.068	1.1887	ImageMagick	55.0
people	alexander-aguero-EnppVuXbcCE-unsplash.jpg	turbo	420	75	identity_off	41.648	77.435	0.9050	ImageMagick	75.0
people	alexander-aguero-EnppVuXbcCE-unsplash.jpg	turbo	420	75	model_policy	41.496	75.864	0.9031	ImageMagick	75.0
people	alexander-aguero-EnppVuXbcCE-unsplash.jpg	turbo	420	75	model_proj	42.342	78.603	0.8426	ImageMagick	75.0
people	alexander-aguero-EnppVuXbcCE-unsplash.jpg	turbo	420	90	identity_off	45.222	88.252	0.5373	ImageMagick	90.0
people	alexander-aguero-EnppVuXbcCE-unsplash.jpg	turbo	420	90	model_policy	44.678	86.137	0.5628	ImageMagick	90.0
people	alexander-aguero-EnppVuXbcCE-unsplash.jpg	turbo	420	90	model_proj	45.565	88.397	0.5211	ImageMagick	90.0
people	alexander-aguero-EnppVuXbcCE-unsplash.jpg	turbo	444	15	identity_off	34.153	-0.937	2.8864	Unknown	15.0
people	alexander-aguero-EnppVuXbcCE-unsplash.jpg	turbo	444	15	model_policy	34.929	14.081	2.6949	Unknown	15.0
people	alexander-aguero-EnppVuXbcCE-unsplash.jpg	turbo	444	15	model_proj	35.490	20.565	2.5465	Unknown	15.0
people	alexander-aguero-EnppVuXbcCE-unsplash.jpg	turbo	444	35	identity_off	37.918	49.726	1.6549	ImageMagick	35.0
people	alexander-aguero-EnppVuXbcCE-unsplash.jpg	turbo	444	35	model_policy	38.266	52.766	1.5876	ImageMagick	35.0
people	alexander-aguero-EnppVuXbcCE-unsplash.jpg	turbo	444	35	model_proj	38.827	55.894	1.5391	ImageMagick	35.0
people	alexander-aguero-EnppVuXbcCE-unsplash.jpg	turbo	444	55	identity_off	39.615	66.739	1.2742	ImageMagick	55.0
people	alexander-aguero-EnppVuXbcCE-unsplash.jpg	turbo	444	55	model_policy	39.774	66.662	1.2293	ImageMagick	55.0
people	alexander-aguero-EnppVuXbcCE-unsplash.jpg	turbo	444	55	model_proj	40.376	69.207	1.1849	ImageMagick	55.0
people	alexander-aguero-EnppVuXbcCE-unsplash.jpg	turbo	444	75	identity_off	42.044	78.808	0.8950	ImageMagick	75.0
people	alexander-aguero-EnppVuXbcCE-unsplash.jpg	turbo	444	75	model_policy	41.879	77.094	0.9000	ImageMagick	75.0
people	alexander-aguero-EnppVuXbcCE-unsplash.jpg	turbo	444	75	model_proj	42.774	79.903	0.8295	ImageMagick	75.0
people	alexander-aguero-EnppVuXbcCE-unsplash.jpg	turbo	444	90	identity_off	46.125	90.398	0.5202	ImageMagick	90.0
people	alexander-aguero-EnppVuXbcCE-unsplash.jpg	turbo	444	90	model_policy	45.397	87.919	0.5464	ImageMagick	90.0
people	alexander-aguero-EnppVuXbcCE-unsplash.jpg	turbo	444	90	model_proj	46.389	90.135	0.5051	ImageMagick	90.0
people	alexander-aguero-EnppVuXbcCE-unsplash.jpg	mozjpeg	420	15	identity_off	33.928	-7.309	3.1942	Mozjpeg	15.0
people	alexander-aguero-EnppVuXbcCE-unsplash.jpg	mozjpeg	420	15	model_policy	34.464	1.652	3.0811	Mozjpeg	15.0
people	alexander-aguero-EnppVuXbcCE-unsplash.jpg	mozjpeg	420	15	model_proj	34.873	6.903	2.9346	Mozjpeg	15.0
people	alexander-aguero-EnppVuXbcCE-unsplash.jpg	mozjpeg	420	35	identity_off	36.950	39.377	1.9648	Mozjpeg	35.0
people	alexander-aguero-EnppVuXbcCE-unsplash.jpg	mozjpeg	420	35	model_policy	37.044	37.326	2.0387	Mozjpeg	35.0
people	alexander-aguero-EnppVuXbcCE-unsplash.jpg	mozjpeg	420	35	model_proj	37.557	44.453	1.8711	Mozjpeg	35.0
people	alexander-aguero-EnppVuXbcCE-unsplash.jpg	mozjpeg	420	55	identity_off	38.542	59.103	1.4840	Mozjpeg	55.0
people	alexander-aguero-EnppVuXbcCE-unsplash.jpg	mozjpeg	420	55	model_policy	38.480	56.095	1.5509	Mozjpeg	55.0
people	alexander-aguero-EnppVuXbcCE-unsplash.jpg	mozjpeg	420	55	model_proj	39.024	61.118	1.4277	Mozjpeg	55.0
people	alexander-aguero-EnppVuXbcCE-unsplash.jpg	mozjpeg	420	75	identity_off	40.608	74.106	1.0669	Mozjpeg	75.0
people	alexander-aguero-EnppVuXbcCE-unsplash.jpg	mozjpeg	420	75	model_policy	40.350	71.532	1.1117	Mozjpeg	75.0
people	alexander-aguero-EnppVuXbcCE-unsplash.jpg	mozjpeg	420	75	model_proj	40.983	74.630	1.0282	Mozjpeg	75.0
people	alexander-aguero-EnppVuXbcCE-unsplash.jpg	mozjpeg	420	90	identity_off	44.455	87.147	0.6124	Mozjpeg	90.0
people	alexander-aguero-EnppVuXbcCE-unsplash.jpg	mozjpeg	420	90	model_policy	43.565	84.014	0.7202	Mozjpeg	90.0
people	alexander-aguero-EnppVuXbcCE-unsplash.jpg	mozjpeg	420	90	model_proj	44.699	87.034	0.5974	Mozjpeg	90.0
people	alexander-aguero-EnppVuXbcCE-unsplash.jpg	mozjpeg	444	15	identity_off	33.991	-6.457	3.1708	Mozjpeg	15.0
people	alexander-aguero-EnppVuXbcCE-unsplash.jpg	mozjpeg	444	15	model_policy	34.622	2.725	3.0516	Mozjpeg	15.0
people	alexander-aguero-EnppVuXbcCE-unsplash.jpg	mozjpeg	444	15	model_proj	35.024	7.211	2.9115	Mozjpeg	15.0
people	alexander-aguero-EnppVuXbcCE-unsplash.jpg	mozjpeg	444	35	identity_off	37.100	40.602	1.9545	Mozjpeg	35.0
people	alexander-aguero-EnppVuXbcCE-unsplash.jpg	mozjpeg	444	35	model_policy	37.242	38.738	2.0317	Mozjpeg	35.0
people	alexander-aguero-EnppVuXbcCE-unsplash.jpg	mozjpeg	444	35	model_proj	37.698	44.848	1.8658	Mozjpeg	35.0
people	alexander-aguero-EnppVuXbcCE-unsplash.jpg	mozjpeg	444	55	identity_off	38.743	59.956	1.4792	Mozjpeg	55.0
people	alexander-aguero-EnppVuXbcCE-unsplash.jpg	mozjpeg	444	55	model_policy	38.684	57.176	1.5446	Mozjpeg	55.0
people	alexander-aguero-EnppVuXbcCE-unsplash.jpg	mozjpeg	444	55	model_proj	39.180	61.483	1.4220	Mozjpeg	55.0
people	alexander-aguero-EnppVuXbcCE-unsplash.jpg	mozjpeg	444	75	identity_off	40.898	75.491	1.0577	Mozjpeg	75.0
people	alexander-aguero-EnppVuXbcCE-unsplash.jpg	mozjpeg	444	75	model_policy	40.604	72.636	1.1053	Mozjpeg	75.0
people	alexander-aguero-EnppVuXbcCE-unsplash.jpg	mozjpeg	444	75	model_proj	41.199	75.689	1.0212	Mozjpeg	75.0
people	alexander-aguero-EnppVuXbcCE-unsplash.jpg	mozjpeg	444	90	identity_off	45.015	88.784	0.6015	Mozjpeg	90.0
people	alexander-aguero-EnppVuXbcCE-unsplash.jpg	mozjpeg	444	90	model_policy	43.973	85.180	0.7141	Mozjpeg	90.0
people	alexander-aguero-EnppVuXbcCE-unsplash.jpg	mozjpeg	444	90	model_proj	45.152	88.315	0.5877	Mozjpeg	90.0
people	alexander-aguero-EnppVuXbcCE-unsplash.jpg	jpegli	420	15	identity_off	36.280	31.596	2.1559	CjpegliYcbcr	14.2
people	alexander-aguero-EnppVuXbcCE-unsplash.jpg	jpegli	420	15	model_policy	36.471	31.638	2.2205	CjpegliYcbcr	14.2
people	alexander-aguero-EnppVuXbcCE-unsplash.jpg	jpegli	420	15	model_proj	36.990	39.697	2.0491	CjpegliYcbcr	14.2
people	alexander-aguero-EnppVuXbcCE-unsplash.jpg	jpegli	420	35	identity_off	37.918	57.565	1.6477	CjpegliYcbcr	7.2
people	alexander-aguero-EnppVuXbcCE-unsplash.jpg	jpegli	420	35	model_policy	37.942	54.231	1.6866	CjpegliYcbcr	7.2
people	alexander-aguero-EnppVuXbcCE-unsplash.jpg	jpegli	420	35	model_proj	38.360	58.826	1.5976	CjpegliYcbcr	7.2
people	alexander-aguero-EnppVuXbcCE-unsplash.jpg	jpegli	420	55	identity_off	38.643	64.957	1.4503	CjpegliYcbcr	5.2
people	alexander-aguero-EnppVuXbcCE-unsplash.jpg	jpegli	420	55	model_policy	38.601	61.321	1.5169	CjpegliYcbcr	5.2
people	alexander-aguero-EnppVuXbcCE-unsplash.jpg	jpegli	420	55	model_proj	39.060	65.372	1.4086	CjpegliYcbcr	5.2
people	alexander-aguero-EnppVuXbcCE-unsplash.jpg	jpegli	420	75	identity_off	39.964	73.679	1.1724	CjpegliYcbcr	3.0
people	alexander-aguero-EnppVuXbcCE-unsplash.jpg	jpegli	420	75	model_policy	39.755	70.038	1.2222	CjpegliYcbcr	3.0
people	alexander-aguero-EnppVuXbcCE-unsplash.jpg	jpegli	420	75	model_proj	40.324	73.790	1.1368	CjpegliYcbcr	3.0
people	alexander-aguero-EnppVuXbcCE-unsplash.jpg	jpegli	420	90	identity_off	43.474	84.453	0.6998	CjpegliYcbcr	1.3
people	alexander-aguero-EnppVuXbcCE-unsplash.jpg	jpegli	420	90	model_policy	42.841	81.861	0.7513	CjpegliYcbcr	1.3
people	alexander-aguero-EnppVuXbcCE-unsplash.jpg	jpegli	420	90	model_proj	43.678	84.872	0.6835	CjpegliYcbcr	1.3
people	alexander-aguero-EnppVuXbcCE-unsplash.jpg	jpegli	444	15	identity_off	34.948	32.970	2.2217	CjpegliYcbcr	11.8
people	alexander-aguero-EnppVuXbcCE-unsplash.jpg	jpegli	444	15	model_policy	35.236	30.867	2.2929	CjpegliYcbcr	11.8
people	alexander-aguero-EnppVuXbcCE-unsplash.jpg	jpegli	444	15	model_proj	35.988	41.177	2.1384	CjpegliYcbcr	11.8
people	alexander-aguero-EnppVuXbcCE-unsplash.jpg	jpegli	444	35	identity_off	37.802	60.281	1.5374	CjpegliYcbcr	6.0
people	alexander-aguero-EnppVuXbcCE-unsplash.jpg	jpegli	444	35	model_policy	37.920	56.770	1.5930	CjpegliYcbcr	6.0
people	alexander-aguero-EnppVuXbcCE-unsplash.jpg	jpegli	444	35	model_proj	38.501	61.816	1.4887	CjpegliYcbcr	6.0
people	alexander-aguero-EnppVuXbcCE-unsplash.jpg	jpegli	444	55	identity_off	38.869	67.783	1.3418	CjpegliYcbcr	4.1
people	alexander-aguero-EnppVuXbcCE-unsplash.jpg	jpegli	444	55	model_policy	38.859	63.930	1.3870	CjpegliYcbcr	4.1
people	alexander-aguero-EnppVuXbcCE-unsplash.jpg	jpegli	444	55	model_proj	39.433	68.469	1.2980	CjpegliYcbcr	4.1
people	alexander-aguero-EnppVuXbcCE-unsplash.jpg	jpegli	444	75	identity_off	40.618	77.137	1.0378	CjpegliYcbcr	2.3
people	alexander-aguero-EnppVuXbcCE-unsplash.jpg	jpegli	444	75	model_policy	40.376	73.746	1.0894	CjpegliYcbcr	2.3
people	alexander-aguero-EnppVuXbcCE-unsplash.jpg	jpegli	444	75	model_proj	41.102	77.495	1.0030	CjpegliYcbcr	2.3
people	alexander-aguero-EnppVuXbcCE-unsplash.jpg	jpegli	444	90	identity_off	44.423	86.062	0.6069	CjpegliYcbcr	1.1
people	alexander-aguero-EnppVuXbcCE-unsplash.jpg	jpegli	444	90	model_policy	43.760	83.852	0.6576	CjpegliYcbcr	1.1
people	alexander-aguero-EnppVuXbcCE-unsplash.jpg	jpegli	444	90	model_proj	44.748	86.471	0.5927	CjpegliYcbcr	1.1
people	alexander-aguero-EnppVuXbcCE-unsplash.jpg	zenjpeg	420	15	identity_off	36.256	31.246	2.1682	CjpegliYcbcr	14.2
people	alexander-aguero-EnppVuXbcCE-unsplash.jpg	zenjpeg	420	15	model_policy	36.441	31.199	2.2407	CjpegliYcbcr	14.2
people	alexander-aguero-EnppVuXbcCE-unsplash.jpg	zenjpeg	420	15	model_proj	36.942	39.065	2.0630	CjpegliYcbcr	14.2
people	alexander-aguero-EnppVuXbcCE-unsplash.jpg	zenjpeg	420	35	identity_off	37.888	57.332	1.6552	CjpegliYcbcr	7.2
people	alexander-aguero-EnppVuXbcCE-unsplash.jpg	zenjpeg	420	35	model_policy	37.912	53.949	1.6936	CjpegliYcbcr	7.2
people	alexander-aguero-EnppVuXbcCE-unsplash.jpg	zenjpeg	420	35	model_proj	38.312	58.650	1.6037	CjpegliYcbcr	7.2
people	alexander-aguero-EnppVuXbcCE-unsplash.jpg	zenjpeg	420	55	identity_off	38.652	64.898	1.4530	CjpegliYcbcr	5.2
people	alexander-aguero-EnppVuXbcCE-unsplash.jpg	zenjpeg	420	55	model_policy	38.610	61.168	1.5063	CjpegliYcbcr	5.2
people	alexander-aguero-EnppVuXbcCE-unsplash.jpg	zenjpeg	420	55	model_proj	39.062	65.279	1.4097	CjpegliYcbcr	5.2
people	alexander-aguero-EnppVuXbcCE-unsplash.jpg	zenjpeg	420	75	identity_off	39.972	73.482	1.1742	CjpegliYcbcr	3.0
people	alexander-aguero-EnppVuXbcCE-unsplash.jpg	zenjpeg	420	75	model_policy	39.767	69.924	1.2229	CjpegliYcbcr	3.0
people	alexander-aguero-EnppVuXbcCE-unsplash.jpg	zenjpeg	420	75	model_proj	40.330	73.663	1.1391	CjpegliYcbcr	3.0
people	alexander-aguero-EnppVuXbcCE-unsplash.jpg	zenjpeg	420	90	identity_off	43.459	84.386	0.6997	CjpegliYcbcr	1.3
people	alexander-aguero-EnppVuXbcCE-unsplash.jpg	zenjpeg	420	90	model_policy	42.822	81.681	0.7514	CjpegliYcbcr	1.3
people	alexander-aguero-EnppVuXbcCE-unsplash.jpg	zenjpeg	420	90	model_proj	43.650	84.646	0.6853	CjpegliYcbcr	1.3
people	alexander-aguero-EnppVuXbcCE-unsplash.jpg	zenjpeg	444	15	identity_off	34.960	32.590	2.2222	CjpegliYcbcr	11.8
people	alexander-aguero-EnppVuXbcCE-unsplash.jpg	zenjpeg	444	15	model_policy	35.250	30.513	2.2918	CjpegliYcbcr	11.8
people	alexander-aguero-EnppVuXbcCE-unsplash.jpg	zenjpeg	444	15	model_proj	36.001	40.704	2.1369	CjpegliYcbcr	11.8
people	alexander-aguero-EnppVuXbcCE-unsplash.jpg	zenjpeg	444	35	identity_off	37.719	59.669	1.5500	CjpegliYcbcr	6.0
people	alexander-aguero-EnppVuXbcCE-unsplash.jpg	zenjpeg	444	35	model_policy	37.838	56.396	1.5917	CjpegliYcbcr	6.0
people	alexander-aguero-EnppVuXbcCE-unsplash.jpg	zenjpeg	444	35	model_proj	38.394	61.257	1.5004	CjpegliYcbcr	6.0
people	alexander-aguero-EnppVuXbcCE-unsplash.jpg	zenjpeg	444	55	identity_off	38.847	67.296	1.3504	CjpegliYcbcr	4.1
people	alexander-aguero-EnppVuXbcCE-unsplash.jpg	zenjpeg	444	55	model_policy	38.837	63.477	1.3977	CjpegliYcbcr	4.1
people	alexander-aguero-EnppVuXbcCE-unsplash.jpg	zenjpeg	444	55	model_proj	39.411	68.017	1.3057	CjpegliYcbcr	4.1
people	alexander-aguero-EnppVuXbcCE-unsplash.jpg	zenjpeg	444	75	identity_off	40.635	76.911	1.0443	CjpegliYcbcr	2.3
people	alexander-aguero-EnppVuXbcCE-unsplash.jpg	zenjpeg	444	75	model_policy	40.389	73.442	1.0984	CjpegliYcbcr	2.3
people	alexander-aguero-EnppVuXbcCE-unsplash.jpg	zenjpeg	444	75	model_proj	41.107	77.196	1.0100	CjpegliYcbcr	2.3
people	alexander-aguero-EnppVuXbcCE-unsplash.jpg	zenjpeg	444	90	identity_off	44.425	86.395	0.6083	CjpegliYcbcr	1.1
people	alexander-aguero-EnppVuXbcCE-unsplash.jpg	zenjpeg	444	90	model_policy	43.764	84.101	0.6669	CjpegliYcbcr	1.1
people	alexander-aguero-EnppVuXbcCE-unsplash.jpg	zenjpeg	444	90	model_proj	44.731	86.780	0.5947	CjpegliYcbcr	1.1
people	anastasia-pivnenko-PRNG6R1nSpQ-unsplash.jpg	turbo	420	15	identity_off	25.762	1.542	3.2451	Unknown	15.0
people	anastasia-pivnenko-PRNG6R1nSpQ-unsplash.jpg	turbo	420	15	model_policy	25.548	-0.373	3.7294	Unknown	15.0
people	anastasia-pivnenko-PRNG6R1nSpQ-unsplash.jpg	turbo	420	15	model_proj	25.993	10.016	3.1589	Unknown	15.0
people	anastasia-pivnenko-PRNG6R1nSpQ-unsplash.jpg	turbo	420	35	identity_off	26.839	38.687	2.3386	ImageMagick	35.0
people	anastasia-pivnenko-PRNG6R1nSpQ-unsplash.jpg	turbo	420	35	model_policy	26.553	27.211	2.8109	ImageMagick	35.0
people	anastasia-pivnenko-PRNG6R1nSpQ-unsplash.jpg	turbo	420	35	model_proj	26.902	39.299	2.3458	ImageMagick	35.0
people	anastasia-pivnenko-PRNG6R1nSpQ-unsplash.jpg	turbo	420	55	identity_off	27.368	49.614	2.0683	ImageMagick	55.0
people	anastasia-pivnenko-PRNG6R1nSpQ-unsplash.jpg	turbo	420	55	model_policy	27.273	41.235	2.3172	ImageMagick	55.0
people	anastasia-pivnenko-PRNG6R1nSpQ-unsplash.jpg	turbo	420	55	model_proj	27.431	49.433	2.0745	ImageMagick	55.0
people	anastasia-pivnenko-PRNG6R1nSpQ-unsplash.jpg	turbo	420	75	identity_off	28.393	58.571	1.7673	ImageMagick	75.0
people	anastasia-pivnenko-PRNG6R1nSpQ-unsplash.jpg	turbo	420	75	model_policy	28.130	51.570	1.9857	ImageMagick	75.0
people	anastasia-pivnenko-PRNG6R1nSpQ-unsplash.jpg	turbo	420	75	model_proj	28.329	57.940	1.7914	ImageMagick	75.0
people	anastasia-pivnenko-PRNG6R1nSpQ-unsplash.jpg	turbo	420	90	identity_off	45.743	91.751	0.2131	ImageMagick	90.0
people	anastasia-pivnenko-PRNG6R1nSpQ-unsplash.jpg	turbo	420	90	model_policy	37.337	78.534	1.1136	ImageMagick	90.0
people	anastasia-pivnenko-PRNG6R1nSpQ-unsplash.jpg	turbo	420	90	model_proj	44.812	90.547	0.2947	ImageMagick	90.0
people	anastasia-pivnenko-PRNG6R1nSpQ-unsplash.jpg	turbo	444	15	identity_off	25.868	4.790	3.1929	Unknown	15.0
people	anastasia-pivnenko-PRNG6R1nSpQ-unsplash.jpg	turbo	444	15	model_policy	25.696	2.747	3.6530	Unknown	15.0
people	anastasia-pivnenko-PRNG6R1nSpQ-unsplash.jpg	turbo	444	15	model_proj	26.141	12.767	3.1022	Unknown	15.0
people	anastasia-pivnenko-PRNG6R1nSpQ-unsplash.jpg	turbo	444	35	identity_off	26.953	41.577	2.3230	ImageMagick	35.0
people	anastasia-pivnenko-PRNG6R1nSpQ-unsplash.jpg	turbo	444	35	model_policy	26.682	30.987	2.7920	ImageMagick	35.0
people	anastasia-pivnenko-PRNG6R1nSpQ-unsplash.jpg	turbo	444	35	model_proj	27.018	41.585	2.3296	ImageMagick	35.0
people	anastasia-pivnenko-PRNG6R1nSpQ-unsplash.jpg	turbo	444	55	identity_off	27.476	51.561	2.0607	ImageMagick	55.0
people	anastasia-pivnenko-PRNG6R1nSpQ-unsplash.jpg	turbo	444	55	model_policy	27.386	43.917	2.2990	ImageMagick	55.0
people	anastasia-pivnenko-PRNG6R1nSpQ-unsplash.jpg	turbo	444	55	model_proj	27.530	51.041	2.0693	ImageMagick	55.0
people	anastasia-pivnenko-PRNG6R1nSpQ-unsplash.jpg	turbo	444	75	identity_off	28.492	59.921	1.7630	ImageMagick	75.0
people	anastasia-pivnenko-PRNG6R1nSpQ-unsplash.jpg	turbo	444	75	model_policy	28.232	53.078	1.9776	ImageMagick	75.0
people	anastasia-pivnenko-PRNG6R1nSpQ-unsplash.jpg	turbo	444	75	model_proj	28.418	59.210	1.7884	ImageMagick	75.0
people	anastasia-pivnenko-PRNG6R1nSpQ-unsplash.jpg	turbo	444	90	identity_off	44.983	92.186	0.2154	ImageMagick	90.0
people	anastasia-pivnenko-PRNG6R1nSpQ-unsplash.jpg	turbo	444	90	model_policy	37.321	78.926	1.1086	ImageMagick	90.0
people	anastasia-pivnenko-PRNG6R1nSpQ-unsplash.jpg	turbo	444	90	model_proj	44.213	90.876	0.2970	ImageMagick	90.0
people	anastasia-pivnenko-PRNG6R1nSpQ-unsplash.jpg	mozjpeg	420	15	identity_off	25.470	-9.286	3.5639	Mozjpeg	15.0
people	anastasia-pivnenko-PRNG6R1nSpQ-unsplash.jpg	mozjpeg	420	15	model_policy	25.250	-13.571	4.0403	Mozjpeg	15.0
people	anastasia-pivnenko-PRNG6R1nSpQ-unsplash.jpg	mozjpeg	420	15	model_proj	25.711	-1.535	3.4586	Mozjpeg	15.0
people	anastasia-pivnenko-PRNG6R1nSpQ-unsplash.jpg	mozjpeg	420	35	identity_off	26.480	30.572	2.6126	Mozjpeg	35.0
people	anastasia-pivnenko-PRNG6R1nSpQ-unsplash.jpg	mozjpeg	420	35	model_policy	26.027	14.641	3.2873	Mozjpeg	35.0
people	anastasia-pivnenko-PRNG6R1nSpQ-unsplash.jpg	mozjpeg	420	35	model_proj	26.526	31.211	2.6304	Mozjpeg	35.0
people	anastasia-pivnenko-PRNG6R1nSpQ-unsplash.jpg	mozjpeg	420	55	identity_off	27.078	45.038	2.2392	Mozjpeg	55.0
people	anastasia-pivnenko-PRNG6R1nSpQ-unsplash.jpg	mozjpeg	420	55	model_policy	26.575	28.098	2.9089	Mozjpeg	55.0
people	anastasia-pivnenko-PRNG6R1nSpQ-unsplash.jpg	mozjpeg	420	55	model_proj	27.047	44.320	2.2717	Mozjpeg	55.0
people	anastasia-pivnenko-PRNG6R1nSpQ-unsplash.jpg	mozjpeg	420	75	identity_off	28.099	56.644	1.8705	Mozjpeg	75.0
people	anastasia-pivnenko-PRNG6R1nSpQ-unsplash.jpg	mozjpeg	420	75	model_policy	27.759	45.927	2.2048	Mozjpeg	75.0
people	anastasia-pivnenko-PRNG6R1nSpQ-unsplash.jpg	mozjpeg	420	75	model_proj	28.018	55.668	1.8999	Mozjpeg	75.0
people	anastasia-pivnenko-PRNG6R1nSpQ-unsplash.jpg	mozjpeg	420	90	identity_off	33.570	79.556	0.9442	Mozjpeg	90.0
people	anastasia-pivnenko-PRNG6R1nSpQ-unsplash.jpg	mozjpeg	420	90	model_policy	32.736	70.829	1.3025	Mozjpeg	90.0
people	anastasia-pivnenko-PRNG6R1nSpQ-unsplash.jpg	mozjpeg	420	90	model_proj	33.544	79.380	0.9467	Mozjpeg	90.0
people	anastasia-pivnenko-PRNG6R1nSpQ-unsplash.jpg	mozjpeg	444	15	identity_off	25.577	-6.693	3.5207	Mozjpeg	15.0
people	anastasia-pivnenko-PRNG6R1nSpQ-unsplash.jpg	mozjpeg	444	15	model_policy	25.411	-11.164	3.9372	Mozjpeg	15.0
people	anastasia-pivnenko-PRNG6R1nSpQ-unsplash.jpg	mozjpeg	444	15	model_proj	25.828	0.088	3.4148	Mozjpeg	15.0
people	anastasia-pivnenko-PRNG6R1nSpQ-unsplash.jpg	mozjpeg	444	35	identity_off	26.576	32.913	2.5961	Mozjpeg	35.0
people	anastasia-pivnenko-PRNG6R1nSpQ-unsplash.jpg	mozjpeg	444	35	model_policy	26.138	17.211	3.2604	Mozjpeg	35.0
people	anastasia-pivnenko-PRNG6R1nSpQ-unsplash.jpg	mozjpeg	444	35	model_proj	26.608	32.625	2.6161	Mozjpeg	35.0
people	anastasia-pivnenko-PRNG6R1nSpQ-unsplash.jpg	mozjpeg	444	55	identity_off	27.163	46.565	2.2318	Mozjpeg	55.0
people	anastasia-pivnenko-PRNG6R1nSpQ-unsplash.jpg	mozjpeg	444	55	model_policy	26.666	30.377	2.8891	Mozjpeg	55.0
people	anastasia-pivnenko-PRNG6R1nSpQ-unsplash.jpg	mozjpeg	444	55	model_proj	27.106	45.272	2.2684	Mozjpeg	55.0
people	anastasia-pivnenko-PRNG6R1nSpQ-unsplash.jpg	mozjpeg	444	75	identity_off	28.138	57.846	1.8661	Mozjpeg	75.0
people	anastasia-pivnenko-PRNG6R1nSpQ-unsplash.jpg	mozjpeg	444	75	model_policy	27.809	47.057	2.1927	Mozjpeg	75.0
people	anastasia-pivnenko-PRNG6R1nSpQ-unsplash.jpg	mozjpeg	444	75	model_proj	28.053	56.667	1.8961	Mozjpeg	75.0
people	anastasia-pivnenko-PRNG6R1nSpQ-unsplash.jpg	mozjpeg	444	90	identity_off	33.584	80.054	0.9430	Mozjpeg	90.0
people	anastasia-pivnenko-PRNG6R1nSpQ-unsplash.jpg	mozjpeg	444	90	model_policy	32.778	71.384	1.2962	Mozjpeg	90.0
people	anastasia-pivnenko-PRNG6R1nSpQ-unsplash.jpg	mozjpeg	444	90	model_proj	33.558	79.788	0.9461	Mozjpeg	90.0
people	anastasia-pivnenko-PRNG6R1nSpQ-unsplash.jpg	jpegli	420	15	identity_off	25.941	20.438	2.9738	CjpegliYcbcr	14.2
people	anastasia-pivnenko-PRNG6R1nSpQ-unsplash.jpg	jpegli	420	15	model_policy	25.582	4.351	3.6016	CjpegliYcbcr	14.2
people	anastasia-pivnenko-PRNG6R1nSpQ-unsplash.jpg	jpegli	420	15	model_proj	26.060	20.714	2.9809	CjpegliYcbcr	14.2
people	anastasia-pivnenko-PRNG6R1nSpQ-unsplash.jpg	jpegli	420	35	identity_off	26.439	36.532	2.5984	CjpegliYcbcr	7.2
people	anastasia-pivnenko-PRNG6R1nSpQ-unsplash.jpg	jpegli	420	35	model_policy	25.978	16.855	3.3198	CjpegliYcbcr	7.2
people	anastasia-pivnenko-PRNG6R1nSpQ-unsplash.jpg	jpegli	420	35	model_proj	26.463	34.990	2.6351	CjpegliYcbcr	7.2
people	anastasia-pivnenko-PRNG6R1nSpQ-unsplash.jpg	jpegli	420	55	identity_off	26.845	44.005	2.3720	CjpegliYcbcr	5.2
people	anastasia-pivnenko-PRNG6R1nSpQ-unsplash.jpg	jpegli	420	55	model_policy	26.320	24.237	3.0660	CjpegliYcbcr	5.2
people	anastasia-pivnenko-PRNG6R1nSpQ-unsplash.jpg	jpegli	420	55	model_proj	26.773	42.156	2.4333	CjpegliYcbcr	5.2
people	anastasia-pivnenko-PRNG6R1nSpQ-unsplash.jpg	jpegli	420	75	identity_off	29.081	60.795	1.7077	CjpegliYcbcr	3.0
people	anastasia-pivnenko-PRNG6R1nSpQ-unsplash.jpg	jpegli	420	75	model_policy	28.849	56.402	1.8291	CjpegliYcbcr	3.0
people	anastasia-pivnenko-PRNG6R1nSpQ-unsplash.jpg	jpegli	420	75	model_proj	29.067	60.703	1.7105	CjpegliYcbcr	3.0
people	anastasia-pivnenko-PRNG6R1nSpQ-unsplash.jpg	jpegli	420	90	identity_off	39.453	86.484	0.5388	CjpegliYcbcr	1.3
people	anastasia-pivnenko-PRNG6R1nSpQ-unsplash.jpg	jpegli	420	90	model_policy	36.336	76.597	1.1681	CjpegliYcbcr	1.3
people	anastasia-pivnenko-PRNG6R1nSpQ-unsplash.jpg	jpegli	420	90	model_proj	39.351	86.324	0.5444	CjpegliYcbcr	1.3
people	anastasia-pivnenko-PRNG6R1nSpQ-unsplash.jpg	jpegli	444	15	identity_off	25.966	23.548	2.8818	CjpegliYcbcr	11.8
people	anastasia-pivnenko-PRNG6R1nSpQ-unsplash.jpg	jpegli	444	15	model_policy	25.614	6.032	3.6708	CjpegliYcbcr	11.8
people	anastasia-pivnenko-PRNG6R1nSpQ-unsplash.jpg	jpegli	444	15	model_proj	26.158	24.410	2.8990	CjpegliYcbcr	11.8
people	anastasia-pivnenko-PRNG6R1nSpQ-unsplash.jpg	jpegli	444	35	identity_off	26.604	40.102	2.4752	CjpegliYcbcr	6.0
people	anastasia-pivnenko-PRNG6R1nSpQ-unsplash.jpg	jpegli	444	35	model_policy	26.158	21.329	3.1780	CjpegliYcbcr	6.0
people	anastasia-pivnenko-PRNG6R1nSpQ-unsplash.jpg	jpegli	444	35	model_proj	26.624	38.711	2.5281	CjpegliYcbcr	6.0
people	anastasia-pivnenko-PRNG6R1nSpQ-unsplash.jpg	jpegli	444	55	identity_off	27.228	48.546	2.1910	CjpegliYcbcr	4.1
people	anastasia-pivnenko-PRNG6R1nSpQ-unsplash.jpg	jpegli	444	55	model_policy	26.784	33.951	2.7073	CjpegliYcbcr	4.1
people	anastasia-pivnenko-PRNG6R1nSpQ-unsplash.jpg	jpegli	444	55	model_proj	27.147	47.357	2.2551	CjpegliYcbcr	4.1
people	anastasia-pivnenko-PRNG6R1nSpQ-unsplash.jpg	jpegli	444	75	identity_off	31.251	68.928	1.3701	CjpegliYcbcr	2.3
people	anastasia-pivnenko-PRNG6R1nSpQ-unsplash.jpg	jpegli	444	75	model_policy	30.696	63.783	1.5955	CjpegliYcbcr	2.3
people	anastasia-pivnenko-PRNG6R1nSpQ-unsplash.jpg	jpegli	444	75	model_proj	31.235	68.885	1.3725	CjpegliYcbcr	2.3
people	anastasia-pivnenko-PRNG6R1nSpQ-unsplash.jpg	jpegli	444	90	identity_off	40.066	87.630	0.4659	CjpegliYcbcr	1.1
people	anastasia-pivnenko-PRNG6R1nSpQ-unsplash.jpg	jpegli	444	90	model_policy	36.930	77.965	1.1504	CjpegliYcbcr	1.1
people	anastasia-pivnenko-PRNG6R1nSpQ-unsplash.jpg	jpegli	444	90	model_proj	40.014	87.427	0.4710	CjpegliYcbcr	1.1
people	anastasia-pivnenko-PRNG6R1nSpQ-unsplash.jpg	zenjpeg	420	15	identity_off	25.938	20.329	2.9737	CjpegliYcbcr	14.2
people	anastasia-pivnenko-PRNG6R1nSpQ-unsplash.jpg	zenjpeg	420	15	model_policy	25.586	4.058	3.5896	CjpegliYcbcr	14.2
people	anastasia-pivnenko-PRNG6R1nSpQ-unsplash.jpg	zenjpeg	420	15	model_proj	26.059	20.601	2.9806	CjpegliYcbcr	14.2
people	anastasia-pivnenko-PRNG6R1nSpQ-unsplash.jpg	zenjpeg	420	35	identity_off	26.433	36.364	2.6043	CjpegliYcbcr	7.2
people	anastasia-pivnenko-PRNG6R1nSpQ-unsplash.jpg	zenjpeg	420	35	model_policy	25.973	16.683	3.3260	CjpegliYcbcr	7.2
people	anastasia-pivnenko-PRNG6R1nSpQ-unsplash.jpg	zenjpeg	420	35	model_proj	26.460	34.825	2.6409	CjpegliYcbcr	7.2
people	anastasia-pivnenko-PRNG6R1nSpQ-unsplash.jpg	zenjpeg	420	55	identity_off	26.842	43.937	2.3743	CjpegliYcbcr	5.2
people	anastasia-pivnenko-PRNG6R1nSpQ-unsplash.jpg	zenjpeg	420	55	model_policy	26.318	24.308	3.0683	CjpegliYcbcr	5.2
people	anastasia-pivnenko-PRNG6R1nSpQ-unsplash.jpg	zenjpeg	420	55	model_proj	26.773	42.146	2.4342	CjpegliYcbcr	5.2
people	anastasia-pivnenko-PRNG6R1nSpQ-unsplash.jpg	zenjpeg	420	75	identity_off	29.066	60.700	1.7126	CjpegliYcbcr	3.0
people	anastasia-pivnenko-PRNG6R1nSpQ-unsplash.jpg	zenjpeg	420	75	model_policy	28.834	56.314	1.8310	CjpegliYcbcr	3.0
people	anastasia-pivnenko-PRNG6R1nSpQ-unsplash.jpg	zenjpeg	420	75	model_proj	29.052	60.583	1.7155	CjpegliYcbcr	3.0
people	anastasia-pivnenko-PRNG6R1nSpQ-unsplash.jpg	zenjpeg	420	90	identity_off	39.438	86.199	0.5410	CjpegliYcbcr	1.3
people	anastasia-pivnenko-PRNG6R1nSpQ-unsplash.jpg	zenjpeg	420	90	model_policy	36.337	76.485	1.1705	CjpegliYcbcr	1.3
people	anastasia-pivnenko-PRNG6R1nSpQ-unsplash.jpg	zenjpeg	420	90	model_proj	39.338	86.137	0.5466	CjpegliYcbcr	1.3
people	anastasia-pivnenko-PRNG6R1nSpQ-unsplash.jpg	zenjpeg	444	15	identity_off	25.964	23.418	2.8829	CjpegliYcbcr	11.8
people	anastasia-pivnenko-PRNG6R1nSpQ-unsplash.jpg	zenjpeg	444	15	model_policy	25.613	5.937	3.6716	CjpegliYcbcr	11.8
people	anastasia-pivnenko-PRNG6R1nSpQ-unsplash.jpg	zenjpeg	444	15	model_proj	26.156	24.204	2.8996	CjpegliYcbcr	11.8
people	anastasia-pivnenko-PRNG6R1nSpQ-unsplash.jpg	zenjpeg	444	35	identity_off	26.598	39.996	2.4775	CjpegliYcbcr	6.0
people	anastasia-pivnenko-PRNG6R1nSpQ-unsplash.jpg	zenjpeg	444	35	model_policy	26.154	21.277	3.1815	CjpegliYcbcr	6.0
people	anastasia-pivnenko-PRNG6R1nSpQ-unsplash.jpg	zenjpeg	444	35	model_proj	26.620	38.657	2.5299	CjpegliYcbcr	6.0
people	anastasia-pivnenko-PRNG6R1nSpQ-unsplash.jpg	zenjpeg	444	55	identity_off	27.220	48.373	2.1942	CjpegliYcbcr	4.1
people	anastasia-pivnenko-PRNG6R1nSpQ-unsplash.jpg	zenjpeg	444	55	model_policy	26.773	33.727	2.7130	CjpegliYcbcr	4.1
people	anastasia-pivnenko-PRNG6R1nSpQ-unsplash.jpg	zenjpeg	444	55	model_proj	27.139	47.201	2.2586	CjpegliYcbcr	4.1
people	anastasia-pivnenko-PRNG6R1nSpQ-unsplash.jpg	zenjpeg	444	75	identity_off	31.222	68.794	1.3777	CjpegliYcbcr	2.3
people	anastasia-pivnenko-PRNG6R1nSpQ-unsplash.jpg	zenjpeg	444	75	model_policy	30.671	63.651	1.5982	CjpegliYcbcr	2.3
people	anastasia-pivnenko-PRNG6R1nSpQ-unsplash.jpg	zenjpeg	444	75	model_proj	31.205	68.713	1.3802	CjpegliYcbcr	2.3
people	anastasia-pivnenko-PRNG6R1nSpQ-unsplash.jpg	zenjpeg	444	90	identity_off	40.032	87.756	0.4678	CjpegliYcbcr	1.1
people	anastasia-pivnenko-PRNG6R1nSpQ-unsplash.jpg	zenjpeg	444	90	model_policy	36.914	77.897	1.1498	CjpegliYcbcr	1.1
people	anastasia-pivnenko-PRNG6R1nSpQ-unsplash.jpg	zenjpeg	444	90	model_proj	39.981	87.548	0.4730	CjpegliYcbcr	1.1
people	ashford-marx-5nEMKAK1WQs-unsplash.jpg	turbo	420	15	identity_off	26.150	29.162	2.9807	Unknown	15.0
people	ashford-marx-5nEMKAK1WQs-unsplash.jpg	turbo	420	15	model_policy	26.392	24.317	3.5135	Unknown	15.0
people	ashford-marx-5nEMKAK1WQs-unsplash.jpg	turbo	420	15	model_proj	27.062	34.822	2.8482	Unknown	15.0
people	ashford-marx-5nEMKAK1WQs-unsplash.jpg	turbo	420	35	identity_off	29.341	61.136	1.7757	ImageMagick	35.0
people	ashford-marx-5nEMKAK1WQs-unsplash.jpg	turbo	420	35	model_policy	29.223	48.600	2.8104	ImageMagick	35.0
people	ashford-marx-5nEMKAK1WQs-unsplash.jpg	turbo	420	35	model_proj	30.218	63.480	1.6745	ImageMagick	35.0
people	ashford-marx-5nEMKAK1WQs-unsplash.jpg	turbo	420	55	identity_off	31.204	70.958	1.3964	ImageMagick	55.0
people	ashford-marx-5nEMKAK1WQs-unsplash.jpg	turbo	420	55	model_policy	30.786	55.284	2.6538	ImageMagick	55.0
people	ashford-marx-5nEMKAK1WQs-unsplash.jpg	turbo	420	55	model_proj	31.971	72.478	1.3129	ImageMagick	55.0
people	ashford-marx-5nEMKAK1WQs-unsplash.jpg	turbo	420	75	identity_off	33.791	79.479	1.0193	ImageMagick	75.0
people	ashford-marx-5nEMKAK1WQs-unsplash.jpg	turbo	420	75	model_policy	32.769	60.570	2.4889	ImageMagick	75.0
people	ashford-marx-5nEMKAK1WQs-unsplash.jpg	turbo	420	75	model_proj	34.342	80.290	0.9586	ImageMagick	75.0
people	ashford-marx-5nEMKAK1WQs-unsplash.jpg	turbo	420	90	identity_off	38.793	88.490	0.5469	ImageMagick	90.0
people	ashford-marx-5nEMKAK1WQs-unsplash.jpg	turbo	420	90	model_policy	35.713	67.229	2.2755	ImageMagick	90.0
people	ashford-marx-5nEMKAK1WQs-unsplash.jpg	turbo	420	90	model_proj	39.028	88.618	0.5304	ImageMagick	90.0
people	ashford-marx-5nEMKAK1WQs-unsplash.jpg	turbo	444	15	identity_off	26.272	33.052	2.9210	Unknown	15.0
people	ashford-marx-5nEMKAK1WQs-unsplash.jpg	turbo	444	15	model_policy	26.586	29.061	3.4791	Unknown	15.0
people	ashford-marx-5nEMKAK1WQs-unsplash.jpg	turbo	444	15	model_proj	27.280	38.641	2.7825	Unknown	15.0
people	ashford-marx-5nEMKAK1WQs-unsplash.jpg	turbo	444	35	identity_off	29.548	64.308	1.7526	ImageMagick	35.0
people	ashford-marx-5nEMKAK1WQs-unsplash.jpg	turbo	444	35	model_policy	29.500	50.869	2.7080	ImageMagick	35.0
people	ashford-marx-5nEMKAK1WQs-unsplash.jpg	turbo	444	35	model_proj	30.492	66.472	1.6486	ImageMagick	35.0
people	ashford-marx-5nEMKAK1WQs-unsplash.jpg	turbo	444	55	identity_off	31.457	73.591	1.3826	ImageMagick	55.0
people	ashford-marx-5nEMKAK1WQs-unsplash.jpg	turbo	444	55	model_policy	31.087	57.534	2.5604	ImageMagick	55.0
people	ashford-marx-5nEMKAK1WQs-unsplash.jpg	turbo	444	55	model_proj	32.284	75.046	1.2969	ImageMagick	55.0
people	ashford-marx-5nEMKAK1WQs-unsplash.jpg	turbo	444	75	identity_off	34.140	81.563	1.0099	ImageMagick	75.0
people	ashford-marx-5nEMKAK1WQs-unsplash.jpg	turbo	444	75	model_policy	33.115	62.337	2.4360	ImageMagick	75.0
people	ashford-marx-5nEMKAK1WQs-unsplash.jpg	turbo	444	75	model_proj	34.736	82.434	0.9491	ImageMagick	75.0
people	ashford-marx-5nEMKAK1WQs-unsplash.jpg	turbo	444	90	identity_off	39.560	90.090	0.5380	ImageMagick	90.0
people	ashford-marx-5nEMKAK1WQs-unsplash.jpg	turbo	444	90	model_policy	36.169	68.270	2.2325	ImageMagick	90.0
people	ashford-marx-5nEMKAK1WQs-unsplash.jpg	turbo	444	90	model_proj	39.810	90.172	0.5227	ImageMagick	90.0
people	ashford-marx-5nEMKAK1WQs-unsplash.jpg	mozjpeg	420	15	identity_off	24.894	15.974	3.6097	Mozjpeg	15.0
people	ashford-marx-5nEMKAK1WQs-unsplash.jpg	mozjpeg	420	15	model_policy	24.917	7.872	3.9898	Mozjpeg	15.0
people	ashford-marx-5nEMKAK1WQs-unsplash.jpg	mozjpeg	420	15	model_proj	25.516	19.727	3.5103	Mozjpeg	15.0
people	ashford-marx-5nEMKAK1WQs-unsplash.jpg	mozjpeg	420	35	identity_off	28.253	54.949	2.0768	Mozjpeg	35.0
people	ashford-marx-5nEMKAK1WQs-unsplash.jpg	mozjpeg	420	35	model_policy	27.942	40.066	2.9353	Mozjpeg	35.0
people	ashford-marx-5nEMKAK1WQs-unsplash.jpg	mozjpeg	420	35	model_proj	28.948	56.502	2.0109	Mozjpeg	35.0
people	ashford-marx-5nEMKAK1WQs-unsplash.jpg	mozjpeg	420	55	identity_off	30.128	67.330	1.6003	Mozjpeg	55.0
people	ashford-marx-5nEMKAK1WQs-unsplash.jpg	mozjpeg	420	55	model_policy	29.514	49.492	2.7579	Mozjpeg	55.0
people	ashford-marx-5nEMKAK1WQs-unsplash.jpg	mozjpeg	420	55	model_proj	30.736	67.942	1.5565	Mozjpeg	55.0
people	ashford-marx-5nEMKAK1WQs-unsplash.jpg	mozjpeg	420	75	identity_off	32.667	77.606	1.1678	Mozjpeg	75.0
people	ashford-marx-5nEMKAK1WQs-unsplash.jpg	mozjpeg	420	75	model_policy	31.425	56.126	2.5767	Mozjpeg	75.0
people	ashford-marx-5nEMKAK1WQs-unsplash.jpg	mozjpeg	420	75	model_proj	33.102	77.779	1.1425	Mozjpeg	75.0
people	ashford-marx-5nEMKAK1WQs-unsplash.jpg	mozjpeg	420	90	identity_off	37.207	87.021	0.6759	Mozjpeg	90.0
people	ashford-marx-5nEMKAK1WQs-unsplash.jpg	mozjpeg	420	90	model_policy	34.255	63.091	2.4213	Mozjpeg	90.0
people	ashford-marx-5nEMKAK1WQs-unsplash.jpg	mozjpeg	420	90	model_proj	37.316	86.909	0.6719	Mozjpeg	90.0
people	ashford-marx-5nEMKAK1WQs-unsplash.jpg	mozjpeg	444	15	identity_off	24.986	18.750	3.5662	Mozjpeg	15.0
people	ashford-marx-5nEMKAK1WQs-unsplash.jpg	mozjpeg	444	15	model_policy	25.054	11.047	3.9390	Mozjpeg	15.0
people	ashford-marx-5nEMKAK1WQs-unsplash.jpg	mozjpeg	444	15	model_proj	25.641	21.763	3.4704	Mozjpeg	15.0
people	ashford-marx-5nEMKAK1WQs-unsplash.jpg	mozjpeg	444	35	identity_off	28.405	57.578	2.0626	Mozjpeg	35.0
people	ashford-marx-5nEMKAK1WQs-unsplash.jpg	mozjpeg	444	35	model_policy	28.150	42.774	2.8410	Mozjpeg	35.0
people	ashford-marx-5nEMKAK1WQs-unsplash.jpg	mozjpeg	444	35	model_proj	29.118	58.778	1.9953	Mozjpeg	35.0
people	ashford-marx-5nEMKAK1WQs-unsplash.jpg	mozjpeg	444	55	identity_off	30.300	69.154	1.5897	Mozjpeg	55.0
people	ashford-marx-5nEMKAK1WQs-unsplash.jpg	mozjpeg	444	55	model_policy	29.714	51.098	2.7091	Mozjpeg	55.0
people	ashford-marx-5nEMKAK1WQs-unsplash.jpg	mozjpeg	444	55	model_proj	30.914	69.499	1.5474	Mozjpeg	55.0
people	ashford-marx-5nEMKAK1WQs-unsplash.jpg	mozjpeg	444	75	identity_off	32.888	79.112	1.1607	Mozjpeg	75.0
people	ashford-marx-5nEMKAK1WQs-unsplash.jpg	mozjpeg	444	75	model_policy	31.647	57.368	2.5535	Mozjpeg	75.0
people	ashford-marx-5nEMKAK1WQs-unsplash.jpg	mozjpeg	444	75	model_proj	33.318	79.130	1.1359	Mozjpeg	75.0
people	ashford-marx-5nEMKAK1WQs-unsplash.jpg	mozjpeg	444	90	identity_off	37.563	88.049	0.6709	Mozjpeg	90.0
people	ashford-marx-5nEMKAK1WQs-unsplash.jpg	mozjpeg	444	90	model_policy	34.504	63.897	2.3866	Mozjpeg	90.0
people	ashford-marx-5nEMKAK1WQs-unsplash.jpg	mozjpeg	444	90	model_proj	37.659	87.811	0.6672	Mozjpeg	90.0
people	ashford-marx-5nEMKAK1WQs-unsplash.jpg	jpegli	420	15	identity_off	25.949	40.904	2.8166	CjpegliYcbcr	14.2
people	ashford-marx-5nEMKAK1WQs-unsplash.jpg	jpegli	420	15	model_policy	25.825	26.485	3.3200	CjpegliYcbcr	14.2
people	ashford-marx-5nEMKAK1WQs-unsplash.jpg	jpegli	420	15	model_proj	26.562	41.383	2.7678	CjpegliYcbcr	14.2
people	ashford-marx-5nEMKAK1WQs-unsplash.jpg	jpegli	420	35	identity_off	28.484	60.645	1.9665	CjpegliYcbcr	7.2
people	ashford-marx-5nEMKAK1WQs-unsplash.jpg	jpegli	420	35	model_policy	28.085	42.831	2.9382	CjpegliYcbcr	7.2
people	ashford-marx-5nEMKAK1WQs-unsplash.jpg	jpegli	420	35	model_proj	29.084	60.631	1.9203	CjpegliYcbcr	7.2
people	ashford-marx-5nEMKAK1WQs-unsplash.jpg	jpegli	420	55	identity_off	30.111	68.289	1.6019	CjpegliYcbcr	5.2
people	ashford-marx-5nEMKAK1WQs-unsplash.jpg	jpegli	420	55	model_policy	29.461	49.392	2.8159	CjpegliYcbcr	5.2
people	ashford-marx-5nEMKAK1WQs-unsplash.jpg	jpegli	420	55	model_proj	30.618	68.339	1.5671	CjpegliYcbcr	5.2
people	ashford-marx-5nEMKAK1WQs-unsplash.jpg	jpegli	420	75	identity_off	32.980	77.553	1.1284	CjpegliYcbcr	3.0
people	ashford-marx-5nEMKAK1WQs-unsplash.jpg	jpegli	420	75	model_policy	31.685	57.365	2.5719	CjpegliYcbcr	3.0
people	ashford-marx-5nEMKAK1WQs-unsplash.jpg	jpegli	420	75	model_proj	33.280	77.636	1.1075	CjpegliYcbcr	3.0
people	ashford-marx-5nEMKAK1WQs-unsplash.jpg	jpegli	420	90	identity_off	37.827	86.952	0.6011	CjpegliYcbcr	1.3
people	ashford-marx-5nEMKAK1WQs-unsplash.jpg	jpegli	420	90	model_policy	34.673	64.342	2.3875	CjpegliYcbcr	1.3
people	ashford-marx-5nEMKAK1WQs-unsplash.jpg	jpegli	420	90	model_proj	37.868	86.999	0.6061	CjpegliYcbcr	1.3
people	ashford-marx-5nEMKAK1WQs-unsplash.jpg	jpegli	444	15	identity_off	26.566	45.631	2.5262	CjpegliYcbcr	11.8
people	ashford-marx-5nEMKAK1WQs-unsplash.jpg	jpegli	444	15	model_policy	26.466	32.376	3.2145	CjpegliYcbcr	11.8
people	ashford-marx-5nEMKAK1WQs-unsplash.jpg	jpegli	444	15	model_proj	27.317	47.788	2.4710	CjpegliYcbcr	11.8
people	ashford-marx-5nEMKAK1WQs-unsplash.jpg	jpegli	444	35	identity_off	29.340	64.643	1.7441	CjpegliYcbcr	6.0
people	ashford-marx-5nEMKAK1WQs-unsplash.jpg	jpegli	444	35	model_policy	28.897	48.306	2.6923	CjpegliYcbcr	6.0
people	ashford-marx-5nEMKAK1WQs-unsplash.jpg	jpegli	444	35	model_proj	29.971	65.256	1.7019	CjpegliYcbcr	6.0
people	ashford-marx-5nEMKAK1WQs-unsplash.jpg	jpegli	444	55	identity_off	31.044	71.694	1.4182	CjpegliYcbcr	4.1
people	ashford-marx-5nEMKAK1WQs-unsplash.jpg	jpegli	444	55	model_policy	30.297	53.831	2.5690	CjpegliYcbcr	4.1
people	ashford-marx-5nEMKAK1WQs-unsplash.jpg	jpegli	444	55	model_proj	31.574	72.248	1.3839	CjpegliYcbcr	4.1
people	ashford-marx-5nEMKAK1WQs-unsplash.jpg	jpegli	444	75	identity_off	33.901	79.919	0.9953	CjpegliYcbcr	2.3
people	ashford-marx-5nEMKAK1WQs-unsplash.jpg	jpegli	444	75	model_policy	32.434	60.653	2.4538	CjpegliYcbcr	2.3
people	ashford-marx-5nEMKAK1WQs-unsplash.jpg	jpegli	444	75	model_proj	34.221	80.220	0.9788	CjpegliYcbcr	2.3
people	ashford-marx-5nEMKAK1WQs-unsplash.jpg	jpegli	444	90	identity_off	38.867	88.338	0.5169	CjpegliYcbcr	1.1
people	ashford-marx-5nEMKAK1WQs-unsplash.jpg	jpegli	444	90	model_policy	35.340	66.083	2.3313	CjpegliYcbcr	1.1
people	ashford-marx-5nEMKAK1WQs-unsplash.jpg	jpegli	444	90	model_proj	38.985	88.312	0.5205	CjpegliYcbcr	1.1
people	ashford-marx-5nEMKAK1WQs-unsplash.jpg	zenjpeg	420	15	identity_off	25.934	40.775	2.8233	CjpegliYcbcr	14.2
people	ashford-marx-5nEMKAK1WQs-unsplash.jpg	zenjpeg	420	15	model_policy	25.812	26.510	3.3168	CjpegliYcbcr	14.2
people	ashford-marx-5nEMKAK1WQs-unsplash.jpg	zenjpeg	420	15	model_proj	26.546	41.254	2.7740	CjpegliYcbcr	14.2
people	ashford-marx-5nEMKAK1WQs-unsplash.jpg	zenjpeg	420	35	identity_off	28.460	60.495	1.9725	CjpegliYcbcr	7.2
people	ashford-marx-5nEMKAK1WQs-unsplash.jpg	zenjpeg	420	35	model_policy	28.059	42.478	2.9400	CjpegliYcbcr	7.2
people	ashford-marx-5nEMKAK1WQs-unsplash.jpg	zenjpeg	420	35	model_proj	29.061	60.462	1.9250	CjpegliYcbcr	7.2
people	ashford-marx-5nEMKAK1WQs-unsplash.jpg	zenjpeg	420	55	identity_off	30.083	68.144	1.6060	CjpegliYcbcr	5.2
people	ashford-marx-5nEMKAK1WQs-unsplash.jpg	zenjpeg	420	55	model_policy	29.439	49.341	2.7983	CjpegliYcbcr	5.2
people	ashford-marx-5nEMKAK1WQs-unsplash.jpg	zenjpeg	420	55	model_proj	30.590	68.219	1.5705	CjpegliYcbcr	5.2
people	ashford-marx-5nEMKAK1WQs-unsplash.jpg	zenjpeg	420	75	identity_off	32.950	77.455	1.1312	CjpegliYcbcr	3.0
people	ashford-marx-5nEMKAK1WQs-unsplash.jpg	zenjpeg	420	75	model_policy	31.662	57.456	2.5692	CjpegliYcbcr	3.0
people	ashford-marx-5nEMKAK1WQs-unsplash.jpg	zenjpeg	420	75	model_proj	33.253	77.608	1.1094	CjpegliYcbcr	3.0
people	ashford-marx-5nEMKAK1WQs-unsplash.jpg	zenjpeg	420	90	identity_off	37.783	86.958	0.6036	CjpegliYcbcr	1.3
people	ashford-marx-5nEMKAK1WQs-unsplash.jpg	zenjpeg	420	90	model_policy	34.632	64.189	2.3953	CjpegliYcbcr	1.3
people	ashford-marx-5nEMKAK1WQs-unsplash.jpg	zenjpeg	420	90	model_proj	37.820	86.879	0.6081	CjpegliYcbcr	1.3
people	ashford-marx-5nEMKAK1WQs-unsplash.jpg	zenjpeg	444	15	identity_off	26.550	45.627	2.5329	CjpegliYcbcr	11.8
people	ashford-marx-5nEMKAK1WQs-unsplash.jpg	zenjpeg	444	15	model_policy	26.449	32.223	3.2116	CjpegliYcbcr	11.8
people	ashford-marx-5nEMKAK1WQs-unsplash.jpg	zenjpeg	444	15	model_proj	27.302	47.724	2.4764	CjpegliYcbcr	11.8
people	ashford-marx-5nEMKAK1WQs-unsplash.jpg	zenjpeg	444	35	identity_off	29.318	64.370	1.7512	CjpegliYcbcr	6.0
people	ashford-marx-5nEMKAK1WQs-unsplash.jpg	zenjpeg	444	35	model_policy	28.881	48.260	2.6917	CjpegliYcbcr	6.0
people	ashford-marx-5nEMKAK1WQs-unsplash.jpg	zenjpeg	444	35	model_proj	29.951	64.999	1.7079	CjpegliYcbcr	6.0
people	ashford-marx-5nEMKAK1WQs-unsplash.jpg	zenjpeg	444	55	identity_off	31.013	71.696	1.4227	CjpegliYcbcr	4.1
people	ashford-marx-5nEMKAK1WQs-unsplash.jpg	zenjpeg	444	55	model_policy	30.263	53.676	2.5613	CjpegliYcbcr	4.1
people	ashford-marx-5nEMKAK1WQs-unsplash.jpg	zenjpeg	444	55	model_proj	31.548	72.210	1.3875	CjpegliYcbcr	4.1
people	ashford-marx-5nEMKAK1WQs-unsplash.jpg	zenjpeg	444	75	identity_off	33.869	79.919	0.9995	CjpegliYcbcr	2.3
people	ashford-marx-5nEMKAK1WQs-unsplash.jpg	zenjpeg	444	75	model_policy	32.399	60.343	2.4573	CjpegliYcbcr	2.3
people	ashford-marx-5nEMKAK1WQs-unsplash.jpg	zenjpeg	444	75	model_proj	34.192	80.188	0.9811	CjpegliYcbcr	2.3
people	ashford-marx-5nEMKAK1WQs-unsplash.jpg	zenjpeg	444	90	identity_off	38.831	88.275	0.5190	CjpegliYcbcr	1.1
people	ashford-marx-5nEMKAK1WQs-unsplash.jpg	zenjpeg	444	90	model_policy	35.300	66.108	2.3400	CjpegliYcbcr	1.1
people	ashford-marx-5nEMKAK1WQs-unsplash.jpg	zenjpeg	444	90	model_proj	38.946	88.165	0.5228	CjpegliYcbcr	1.1
screen	archive__details-collection__1440x900__dpr1.png	turbo	420	15	identity_off	40.114	85.700	4.7848	Unknown	15.0
screen	archive__details-collection__1440x900__dpr1.png	turbo	420	15	model_policy	32.505	91.438	8.5832	Unknown	15.0
screen	archive__details-collection__1440x900__dpr1.png	turbo	420	15	model_proj	37.339	89.391	6.1184	Unknown	15.0
screen	archive__details-collection__1440x900__dpr1.png	turbo	420	35	identity_off	48.131	90.220	2.3578	ImageMagick	35.0
screen	archive__details-collection__1440x900__dpr1.png	turbo	420	35	model_policy	31.957	88.555	8.6093	ImageMagick	35.0
screen	archive__details-collection__1440x900__dpr1.png	turbo	420	35	model_proj	48.128	89.428	2.3572	ImageMagick	35.0
screen	archive__details-collection__1440x900__dpr1.png	turbo	420	55	identity_off	45.912	88.295	2.6346	ImageMagick	55.0
screen	archive__details-collection__1440x900__dpr1.png	turbo	420	55	model_policy	37.052	87.874	6.1147	ImageMagick	55.0
screen	archive__details-collection__1440x900__dpr1.png	turbo	420	55	model_proj	45.911	88.123	2.6362	ImageMagick	55.0
screen	archive__details-collection__1440x900__dpr1.png	turbo	420	75	identity_off	99.000	100.000	0.0000	ImageMagick	75.0
screen	archive__details-collection__1440x900__dpr1.png	turbo	420	75	model_policy	32.909	87.324	8.1345	ImageMagick	75.0
screen	archive__details-collection__1440x900__dpr1.png	turbo	420	75	model_proj	71.028	91.189	0.1474	ImageMagick	75.0
screen	archive__details-collection__1440x900__dpr1.png	turbo	420	90	identity_off	99.000	100.000	0.0000	ImageMagick	90.0
screen	archive__details-collection__1440x900__dpr1.png	turbo	420	90	model_policy	32.909	87.324	8.1345	ImageMagick	90.0
screen	archive__details-collection__1440x900__dpr1.png	turbo	420	90	model_proj	65.489	90.586	0.2429	ImageMagick	90.0
screen	archive__details-collection__1440x900__dpr1.png	turbo	444	15	identity_off	40.114	85.700	4.7848	Unknown	15.0
screen	archive__details-collection__1440x900__dpr1.png	turbo	444	15	model_policy	32.505	91.438	8.5832	Unknown	15.0
screen	archive__details-collection__1440x900__dpr1.png	turbo	444	15	model_proj	37.339	89.391	6.1184	Unknown	15.0
screen	archive__details-collection__1440x900__dpr1.png	turbo	444	35	identity_off	48.131	90.220	2.3578	ImageMagick	35.0
screen	archive__details-collection__1440x900__dpr1.png	turbo	444	35	model_policy	31.957	88.555	8.6093	ImageMagick	35.0
screen	archive__details-collection__1440x900__dpr1.png	turbo	444	35	model_proj	48.128	89.428	2.3572	ImageMagick	35.0
screen	archive__details-collection__1440x900__dpr1.png	turbo	444	55	identity_off	45.912	88.295	2.6346	ImageMagick	55.0
screen	archive__details-collection__1440x900__dpr1.png	turbo	444	55	model_policy	37.052	87.874	6.1147	ImageMagick	55.0
screen	archive__details-collection__1440x900__dpr1.png	turbo	444	55	model_proj	45.911	88.123	2.6362	ImageMagick	55.0
screen	archive__details-collection__1440x900__dpr1.png	turbo	444	75	identity_off	99.000	100.000	0.0000	ImageMagick	75.0
screen	archive__details-collection__1440x900__dpr1.png	turbo	444	75	model_policy	32.909	87.324	8.1345	ImageMagick	75.0
screen	archive__details-collection__1440x900__dpr1.png	turbo	444	75	model_proj	71.028	91.189	0.1474	ImageMagick	75.0
screen	archive__details-collection__1440x900__dpr1.png	turbo	444	90	identity_off	99.000	100.000	0.0000	ImageMagick	90.0
screen	archive__details-collection__1440x900__dpr1.png	turbo	444	90	model_policy	32.909	87.324	8.1345	ImageMagick	90.0
screen	archive__details-collection__1440x900__dpr1.png	turbo	444	90	model_proj	69.244	91.057	0.1945	ImageMagick	90.0
screen	archive__details-collection__1440x900__dpr1.png	mozjpeg	420	15	identity_off	40.114	85.700	4.7848	Mozjpeg	15.0
screen	archive__details-collection__1440x900__dpr1.png	mozjpeg	420	15	model_policy	32.505	91.438	8.5832	Mozjpeg	15.0
screen	archive__details-collection__1440x900__dpr1.png	mozjpeg	420	15	model_proj	37.339	89.391	6.1184	Mozjpeg	15.0
screen	archive__details-collection__1440x900__dpr1.png	mozjpeg	420	35	identity_off	48.131	90.220	2.3578	Mozjpeg	35.0
screen	archive__details-collection__1440x900__dpr1.png	mozjpeg	420	35	model_policy	31.957	88.555	8.6093	Mozjpeg	35.0
screen	archive__details-collection__1440x900__dpr1.png	mozjpeg	420	35	model_proj	48.128	89.428	2.3572	Mozjpeg	35.0
screen	archive__details-collection__1440x900__dpr1.png	mozjpeg	420	55	identity_off	45.912	88.295	2.6346	Mozjpeg	55.0
screen	archive__details-collection__1440x900__dpr1.png	mozjpeg	420	55	model_policy	37.052	87.874	6.1147	Mozjpeg	55.0
screen	archive__details-collection__1440x900__dpr1.png	mozjpeg	420	55	model_proj	45.911	88.123	2.6362	Mozjpeg	55.0
screen	archive__details-collection__1440x900__dpr1.png	mozjpeg	420	75	identity_off	99.000	100.000	0.0000	Mozjpeg	75.0
screen	archive__details-collection__1440x900__dpr1.png	mozjpeg	420	75	model_policy	32.909	87.324	8.1345	Mozjpeg	75.0
screen	archive__details-collection__1440x900__dpr1.png	mozjpeg	420	75	model_proj	71.028	91.189	0.1474	Mozjpeg	75.0
screen	archive__details-collection__1440x900__dpr1.png	mozjpeg	420	90	identity_off	99.000	100.000	0.0000	Mozjpeg	90.0
screen	archive__details-collection__1440x900__dpr1.png	mozjpeg	420	90	model_policy	32.909	87.324	8.1345	Mozjpeg	90.0
screen	archive__details-collection__1440x900__dpr1.png	mozjpeg	420	90	model_proj	71.498	91.413	0.1477	Mozjpeg	90.0
screen	archive__details-collection__1440x900__dpr1.png	mozjpeg	444	15	identity_off	40.114	85.700	4.7848	Mozjpeg	15.0
screen	archive__details-collection__1440x900__dpr1.png	mozjpeg	444	15	model_policy	32.505	91.438	8.5832	Mozjpeg	15.0
screen	archive__details-collection__1440x900__dpr1.png	mozjpeg	444	15	model_proj	37.339	89.391	6.1184	Mozjpeg	15.0
screen	archive__details-collection__1440x900__dpr1.png	mozjpeg	444	35	identity_off	48.131	90.220	2.3578	Mozjpeg	35.0
screen	archive__details-collection__1440x900__dpr1.png	mozjpeg	444	35	model_policy	31.957	88.555	8.6093	Mozjpeg	35.0
screen	archive__details-collection__1440x900__dpr1.png	mozjpeg	444	35	model_proj	48.128	89.428	2.3572	Mozjpeg	35.0
screen	archive__details-collection__1440x900__dpr1.png	mozjpeg	444	55	identity_off	45.912	88.295	2.6346	Mozjpeg	55.0
screen	archive__details-collection__1440x900__dpr1.png	mozjpeg	444	55	model_policy	37.052	87.874	6.1147	Mozjpeg	55.0
screen	archive__details-collection__1440x900__dpr1.png	mozjpeg	444	55	model_proj	45.911	88.123	2.6362	Mozjpeg	55.0
screen	archive__details-collection__1440x900__dpr1.png	mozjpeg	444	75	identity_off	99.000	100.000	0.0000	Mozjpeg	75.0
screen	archive__details-collection__1440x900__dpr1.png	mozjpeg	444	75	model_policy	32.909	87.324	8.1345	Mozjpeg	75.0
screen	archive__details-collection__1440x900__dpr1.png	mozjpeg	444	75	model_proj	71.028	91.189	0.1474	Mozjpeg	75.0
screen	archive__details-collection__1440x900__dpr1.png	mozjpeg	444	90	identity_off	99.000	100.000	0.0000	Mozjpeg	90.0
screen	archive__details-collection__1440x900__dpr1.png	mozjpeg	444	90	model_policy	32.909	87.324	8.1345	Mozjpeg	90.0
screen	archive__details-collection__1440x900__dpr1.png	mozjpeg	444	90	model_proj	71.025	90.870	0.1471	Mozjpeg	90.0
screen	archive__details-collection__1440x900__dpr1.png	jpegli	420	15	identity_off	48.131	90.220	2.3578	CjpegliYcbcr	14.2
screen	archive__details-collection__1440x900__dpr1.png	jpegli	420	15	model_policy	31.957	88.555	8.6093	CjpegliYcbcr	14.2
screen	archive__details-collection__1440x900__dpr1.png	jpegli	420	15	model_proj	48.128	89.428	2.3572	CjpegliYcbcr	14.2
screen	archive__details-collection__1440x900__dpr1.png	jpegli	420	35	identity_off	45.912	88.352	1.4854	CjpegliYcbcr	7.2
screen	archive__details-collection__1440x900__dpr1.png	jpegli	420	35	model_policy	35.897	90.412	6.4511	CjpegliYcbcr	7.2
screen	archive__details-collection__1440x900__dpr1.png	jpegli	420	35	model_proj	45.917	88.287	1.4846	CjpegliYcbcr	7.2
screen	archive__details-collection__1440x900__dpr1.png	jpegli	420	55	identity_off	48.131	86.446	1.4175	CjpegliYcbcr	5.2
screen	archive__details-collection__1440x900__dpr1.png	jpegli	420	55	model_policy	33.762	90.742	7.5527	CjpegliYcbcr	5.2
screen	archive__details-collection__1440x900__dpr1.png	jpegli	420	55	model_proj	48.130	86.186	1.4176	CjpegliYcbcr	5.2
screen	archive__details-collection__1440x900__dpr1.png	jpegli	420	75	identity_off	99.000	100.000	0.0000	CjpegliYcbcr	3.0
screen	archive__details-collection__1440x900__dpr1.png	jpegli	420	75	model_policy	32.909	87.324	8.1345	CjpegliYcbcr	3.0
screen	archive__details-collection__1440x900__dpr1.png	jpegli	420	75	model_proj	71.028	91.189	0.1474	CjpegliYcbcr	3.0
screen	archive__details-collection__1440x900__dpr1.png	jpegli	420	90	identity_off	99.000	100.000	0.0000	CjpegliYcbcr	1.3
screen	archive__details-collection__1440x900__dpr1.png	jpegli	420	90	model_policy	32.909	87.324	8.1345	CjpegliYcbcr	1.3
screen	archive__details-collection__1440x900__dpr1.png	jpegli	420	90	model_proj	64.931	90.385	0.2611	CjpegliYcbcr	1.3
screen	archive__details-collection__1440x900__dpr1.png	jpegli	444	15	identity_off	42.488	87.634	2.0371	CjpegliYcbcr	11.8
screen	archive__details-collection__1440x900__dpr1.png	jpegli	444	15	model_policy	31.600	90.413	8.3969	CjpegliYcbcr	11.8
screen	archive__details-collection__1440x900__dpr1.png	jpegli	444	15	model_proj	42.487	87.278	2.0370	CjpegliYcbcr	11.8
screen	archive__details-collection__1440x900__dpr1.png	jpegli	444	35	identity_off	48.131	90.220	2.3578	CjpegliYcbcr	6.0
screen	archive__details-collection__1440x900__dpr1.png	jpegli	444	35	model_policy	31.957	88.555	8.6093	CjpegliYcbcr	6.0
screen	archive__details-collection__1440x900__dpr1.png	jpegli	444	35	model_proj	48.128	89.428	2.3572	CjpegliYcbcr	6.0
screen	archive__details-collection__1440x900__dpr1.png	jpegli	444	55	identity_off	48.131	90.220	2.3578	CjpegliYcbcr	4.1
screen	archive__details-collection__1440x900__dpr1.png	jpegli	444	55	model_policy	31.957	88.555	8.6093	CjpegliYcbcr	4.1
screen	archive__details-collection__1440x900__dpr1.png	jpegli	444	55	model_proj	48.128	89.428	2.3572	CjpegliYcbcr	4.1
screen	archive__details-collection__1440x900__dpr1.png	jpegli	444	75	identity_off	45.912	88.295	2.6346	CjpegliYcbcr	2.3
screen	archive__details-collection__1440x900__dpr1.png	jpegli	444	75	model_policy	37.052	87.874	6.1147	CjpegliYcbcr	2.3
screen	archive__details-collection__1440x900__dpr1.png	jpegli	444	75	model_proj	45.911	88.123	2.6362	CjpegliYcbcr	2.3
screen	archive__details-collection__1440x900__dpr1.png	jpegli	444	90	identity_off	99.000	100.000	0.0000	CjpegliYcbcr	1.1
screen	archive__details-collection__1440x900__dpr1.png	jpegli	444	90	model_policy	32.909	87.324	8.1345	CjpegliYcbcr	1.1
screen	archive__details-collection__1440x900__dpr1.png	jpegli	444	90	model_proj	71.034	91.304	0.1474	CjpegliYcbcr	1.1
screen	archive__details-collection__1440x900__dpr1.png	zenjpeg	420	15	identity_off	48.131	90.220	2.3578	CjpegliYcbcr	14.2
screen	archive__details-collection__1440x900__dpr1.png	zenjpeg	420	15	model_policy	31.957	88.555	8.6093	CjpegliYcbcr	14.2
screen	archive__details-collection__1440x900__dpr1.png	zenjpeg	420	15	model_proj	48.128	89.428	2.3572	CjpegliYcbcr	14.2
screen	archive__details-collection__1440x900__dpr1.png	zenjpeg	420	35	identity_off	45.912	88.352	1.4854	CjpegliYcbcr	7.2
screen	archive__details-collection__1440x900__dpr1.png	zenjpeg	420	35	model_policy	35.897	90.412	6.4511	CjpegliYcbcr	7.2
screen	archive__details-collection__1440x900__dpr1.png	zenjpeg	420	35	model_proj	45.917	88.287	1.4846	CjpegliYcbcr	7.2
screen	archive__details-collection__1440x900__dpr1.png	zenjpeg	420	55	identity_off	48.131	93.654	1.4221	CjpegliYcbcr	5.2
screen	archive__details-collection__1440x900__dpr1.png	zenjpeg	420	55	model_policy	32.707	90.785	8.1389	CjpegliYcbcr	5.2
screen	archive__details-collection__1440x900__dpr1.png	zenjpeg	420	55	model_proj	48.120	92.603	1.4249	CjpegliYcbcr	5.2
screen	archive__details-collection__1440x900__dpr1.png	zenjpeg	420	75	identity_off	99.000	100.000	0.0000	CjpegliYcbcr	3.0
screen	archive__details-collection__1440x900__dpr1.png	zenjpeg	420	75	model_policy	32.909	87.324	8.1345	CjpegliYcbcr	3.0
screen	archive__details-collection__1440x900__dpr1.png	zenjpeg	420	75	model_proj	71.028	91.189	0.1474	CjpegliYcbcr	3.0
screen	archive__details-collection__1440x900__dpr1.png	zenjpeg	420	90	identity_off	99.000	100.000	0.0000	CjpegliYcbcr	1.3
screen	archive__details-collection__1440x900__dpr1.png	zenjpeg	420	90	model_policy	32.909	87.324	8.1345	CjpegliYcbcr	1.3
screen	archive__details-collection__1440x900__dpr1.png	zenjpeg	420	90	model_proj	64.931	90.385	0.2611	CjpegliYcbcr	1.3
screen	archive__details-collection__1440x900__dpr1.png	zenjpeg	444	15	identity_off	42.488	87.634	2.0371	CjpegliYcbcr	11.8
screen	archive__details-collection__1440x900__dpr1.png	zenjpeg	444	15	model_policy	31.600	90.413	8.3969	CjpegliYcbcr	11.8
screen	archive__details-collection__1440x900__dpr1.png	zenjpeg	444	15	model_proj	42.487	87.278	2.0370	CjpegliYcbcr	11.8
screen	archive__details-collection__1440x900__dpr1.png	zenjpeg	444	35	identity_off	48.131	90.220	2.3578	CjpegliYcbcr	6.0
screen	archive__details-collection__1440x900__dpr1.png	zenjpeg	444	35	model_policy	31.957	88.555	8.6093	CjpegliYcbcr	6.0
screen	archive__details-collection__1440x900__dpr1.png	zenjpeg	444	35	model_proj	48.128	89.428	2.3572	CjpegliYcbcr	6.0
screen	archive__details-collection__1440x900__dpr1.png	zenjpeg	444	55	identity_off	46.881	92.335	1.6860	CjpegliYcbcr	4.1
screen	archive__details-collection__1440x900__dpr1.png	zenjpeg	444	55	model_policy	32.548	89.211	7.6582	CjpegliYcbcr	4.1
screen	archive__details-collection__1440x900__dpr1.png	zenjpeg	444	55	model_proj	46.883	90.866	1.6849	CjpegliYcbcr	4.1
screen	archive__details-collection__1440x900__dpr1.png	zenjpeg	444	75	identity_off	45.912	88.295	2.6346	CjpegliYcbcr	2.3
screen	archive__details-collection__1440x900__dpr1.png	zenjpeg	444	75	model_policy	37.052	87.874	6.1147	CjpegliYcbcr	2.3
screen	archive__details-collection__1440x900__dpr1.png	zenjpeg	444	75	model_proj	45.911	88.123	2.6362	CjpegliYcbcr	2.3
screen	archive__details-collection__1440x900__dpr1.png	zenjpeg	444	90	identity_off	99.000	100.000	0.0000	CjpegliYcbcr	1.1
screen	archive__details-collection__1440x900__dpr1.png	zenjpeg	444	90	model_policy	32.909	87.324	8.1345	CjpegliYcbcr	1.1
screen	archive__details-collection__1440x900__dpr1.png	zenjpeg	444	90	model_proj	71.038	91.318	0.1474	CjpegliYcbcr	1.1
screen	archive__wayback-search__1440x900__dpr1.png	turbo	420	15	identity_off	27.357	39.677	3.4757	Unknown	15.0
screen	archive__wayback-search__1440x900__dpr1.png	turbo	420	15	model_policy	26.261	36.122	8.6585	Unknown	15.0
screen	archive__wayback-search__1440x900__dpr1.png	turbo	420	15	model_proj	30.676	56.753	2.6688	Unknown	15.0
screen	archive__wayback-search__1440x900__dpr1.png	turbo	420	35	identity_off	30.287	59.328	2.2584	ImageMagick	35.0
screen	archive__wayback-search__1440x900__dpr1.png	turbo	420	35	model_policy	28.022	53.134	9.1388	ImageMagick	35.0
screen	archive__wayback-search__1440x900__dpr1.png	turbo	420	35	model_proj	34.896	73.318	1.3471	ImageMagick	35.0
screen	archive__wayback-search__1440x900__dpr1.png	turbo	420	55	identity_off	31.968	67.077	1.8603	ImageMagick	55.0
screen	archive__wayback-search__1440x900__dpr1.png	turbo	420	55	model_policy	28.811	58.666	9.1318	ImageMagick	55.0
screen	archive__wayback-search__1440x900__dpr1.png	turbo	420	55	model_proj	36.957	79.209	1.0023	ImageMagick	55.0
screen	archive__wayback-search__1440x900__dpr1.png	turbo	420	75	identity_off	33.971	75.104	1.4084	ImageMagick	75.0
screen	archive__wayback-search__1440x900__dpr1.png	turbo	420	75	model_policy	29.546	64.712	9.1254	ImageMagick	75.0
screen	archive__wayback-search__1440x900__dpr1.png	turbo	420	75	model_proj	39.368	83.722	0.7155	ImageMagick	75.0
screen	archive__wayback-search__1440x900__dpr1.png	turbo	420	90	identity_off	36.843	83.513	0.9108	ImageMagick	90.0
screen	archive__wayback-search__1440x900__dpr1.png	turbo	420	90	model_policy	30.313	70.382	9.1197	ImageMagick	90.0
screen	archive__wayback-search__1440x900__dpr1.png	turbo	420	90	model_proj	42.707	88.403	0.4522	ImageMagick	90.0
screen	archive__wayback-search__1440x900__dpr1.png	turbo	444	15	identity_off	27.706	43.416	3.4533	Unknown	15.0
screen	archive__wayback-search__1440x900__dpr1.png	turbo	444	15	model_policy	26.631	40.027	8.6462	Unknown	15.0
screen	archive__wayback-search__1440x900__dpr1.png	turbo	444	15	model_proj	31.393	60.352	2.5682	Unknown	15.0
screen	archive__wayback-search__1440x900__dpr1.png	turbo	444	35	identity_off	30.935	62.254	2.1983	ImageMagick	35.0
screen	archive__wayback-search__1440x900__dpr1.png	turbo	444	35	model_policy	28.394	55.328	9.1411	ImageMagick	35.0
screen	archive__wayback-search__1440x900__dpr1.png	turbo	444	35	model_proj	35.806	75.310	1.3057	ImageMagick	35.0
screen	archive__wayback-search__1440x900__dpr1.png	turbo	444	55	identity_off	32.838	68.950	1.7972	ImageMagick	55.0
screen	archive__wayback-search__1440x900__dpr1.png	turbo	444	55	model_policy	29.264	60.523	9.1287	ImageMagick	55.0
screen	archive__wayback-search__1440x900__dpr1.png	turbo	444	55	model_proj	37.921	80.233	0.9605	ImageMagick	55.0
screen	archive__wayback-search__1440x900__dpr1.png	turbo	444	75	identity_off	35.300	76.807	1.3453	ImageMagick	75.0
screen	archive__wayback-search__1440x900__dpr1.png	turbo	444	75	model_policy	30.030	67.219	9.1244	ImageMagick	75.0
screen	archive__wayback-search__1440x900__dpr1.png	turbo	444	75	model_proj	40.696	84.993	0.6803	ImageMagick	75.0
screen	archive__wayback-search__1440x900__dpr1.png	turbo	444	90	identity_off	39.333	86.223	0.7931	ImageMagick	90.0
screen	archive__wayback-search__1440x900__dpr1.png	turbo	444	90	model_policy	30.901	73.539	9.1171	ImageMagick	90.0
screen	archive__wayback-search__1440x900__dpr1.png	turbo	444	90	model_proj	44.480	90.620	0.3978	ImageMagick	90.0
screen	archive__wayback-search__1440x900__dpr1.png	mozjpeg	420	15	identity_off	25.039	26.373	5.2733	Mozjpeg	15.0
screen	archive__wayback-search__1440x900__dpr1.png	mozjpeg	420	15	model_policy	24.440	23.418	8.7562	Mozjpeg	15.0
screen	archive__wayback-search__1440x900__dpr1.png	mozjpeg	420	15	model_proj	27.193	44.905	4.5011	Mozjpeg	15.0
screen	archive__wayback-search__1440x900__dpr1.png	mozjpeg	420	35	identity_off	28.412	54.093	3.2948	Mozjpeg	35.0
screen	archive__wayback-search__1440x900__dpr1.png	mozjpeg	420	35	model_policy	26.858	47.678	9.1525	Mozjpeg	35.0
screen	archive__wayback-search__1440x900__dpr1.png	mozjpeg	420	35	model_proj	32.346	67.464	2.7352	Mozjpeg	35.0
screen	archive__wayback-search__1440x900__dpr1.png	mozjpeg	420	55	identity_off	30.194	63.760	2.3893	Mozjpeg	55.0
screen	archive__wayback-search__1440x900__dpr1.png	mozjpeg	420	55	model_policy	27.892	54.719	9.1391	Mozjpeg	55.0
screen	archive__wayback-search__1440x900__dpr1.png	mozjpeg	420	55	model_proj	34.832	75.571	1.6177	Mozjpeg	55.0
screen	archive__wayback-search__1440x900__dpr1.png	mozjpeg	420	75	identity_off	32.466	73.688	1.7074	Mozjpeg	75.0
screen	archive__wayback-search__1440x900__dpr1.png	mozjpeg	420	75	model_policy	28.920	62.471	9.1301	Mozjpeg	75.0
screen	archive__wayback-search__1440x900__dpr1.png	mozjpeg	420	75	model_proj	37.367	81.588	1.0751	Mozjpeg	75.0
screen	archive__wayback-search__1440x900__dpr1.png	mozjpeg	420	90	identity_off	35.891	82.279	1.0264	Mozjpeg	90.0
screen	archive__wayback-search__1440x900__dpr1.png	mozjpeg	420	90	model_policy	30.035	69.198	9.1233	Mozjpeg	90.0
screen	archive__wayback-search__1440x900__dpr1.png	mozjpeg	420	90	model_proj	41.258	87.018	0.5762	Mozjpeg	90.0
screen	archive__wayback-search__1440x900__dpr1.png	mozjpeg	444	15	identity_off	25.262	27.923	5.3659	Mozjpeg	15.0
screen	archive__wayback-search__1440x900__dpr1.png	mozjpeg	444	15	model_policy	24.678	25.599	8.7445	Mozjpeg	15.0
screen	archive__wayback-search__1440x900__dpr1.png	mozjpeg	444	15	model_proj	27.583	45.861	4.6125	Mozjpeg	15.0
screen	archive__wayback-search__1440x900__dpr1.png	mozjpeg	444	35	identity_off	28.808	55.623	3.3227	Mozjpeg	35.0
screen	archive__wayback-search__1440x900__dpr1.png	mozjpeg	444	35	model_policy	27.137	49.006	9.1621	Mozjpeg	35.0
screen	archive__wayback-search__1440x900__dpr1.png	mozjpeg	444	35	model_proj	33.011	68.805	2.7140	Mozjpeg	35.0
screen	archive__wayback-search__1440x900__dpr1.png	mozjpeg	444	55	identity_off	30.783	65.727	2.4004	Mozjpeg	55.0
screen	archive__wayback-search__1440x900__dpr1.png	mozjpeg	444	55	model_policy	28.249	56.682	9.1431	Mozjpeg	55.0
screen	archive__wayback-search__1440x900__dpr1.png	mozjpeg	444	55	model_proj	35.440	77.051	1.6292	Mozjpeg	55.0
screen	archive__wayback-search__1440x900__dpr1.png	mozjpeg	444	75	identity_off	33.415	75.172	1.6658	Mozjpeg	75.0
screen	archive__wayback-search__1440x900__dpr1.png	mozjpeg	444	75	model_policy	29.389	64.919	9.1309	Mozjpeg	75.0
screen	archive__wayback-search__1440x900__dpr1.png	mozjpeg	444	75	model_proj	38.001	83.066	1.0926	Mozjpeg	75.0
screen	archive__wayback-search__1440x900__dpr1.png	mozjpeg	444	90	identity_off	38.036	84.308	0.9252	Mozjpeg	90.0
screen	archive__wayback-search__1440x900__dpr1.png	mozjpeg	444	90	model_policy	30.620	72.117	9.1206	Mozjpeg	90.0
screen	archive__wayback-search__1440x900__dpr1.png	mozjpeg	444	90	model_proj	42.415	88.863	0.5367	Mozjpeg	90.0
screen	archive__wayback-search__1440x900__dpr1.png	jpegli	420	15	identity_off	27.613	48.631	3.4790	CjpegliYcbcr	14.2
screen	archive__wayback-search__1440x900__dpr1.png	jpegli	420	15	model_policy	26.247	40.987	9.1796	CjpegliYcbcr	14.2
screen	archive__wayback-search__1440x900__dpr1.png	jpegli	420	15	model_proj	30.844	64.504	2.7357	CjpegliYcbcr	14.2
screen	archive__wayback-search__1440x900__dpr1.png	jpegli	420	35	identity_off	30.752	64.264	2.0811	CjpegliYcbcr	7.2
screen	archive__wayback-search__1440x900__dpr1.png	jpegli	420	35	model_policy	28.130	54.990	9.1393	CjpegliYcbcr	7.2
screen	archive__wayback-search__1440x900__dpr1.png	jpegli	420	35	model_proj	34.937	76.000	1.3083	CjpegliYcbcr	7.2
screen	archive__wayback-search__1440x900__dpr1.png	jpegli	420	55	identity_off	32.324	70.970	1.6588	CjpegliYcbcr	5.2
screen	archive__wayback-search__1440x900__dpr1.png	jpegli	420	55	model_policy	28.832	60.128	9.1343	CjpegliYcbcr	5.2
screen	archive__wayback-search__1440x900__dpr1.png	jpegli	420	55	model_proj	36.727	80.249	1.0067	CjpegliYcbcr	5.2
screen	archive__wayback-search__1440x900__dpr1.png	jpegli	420	75	identity_off	34.770	78.099	1.1867	CjpegliYcbcr	3.0
screen	archive__wayback-search__1440x900__dpr1.png	jpegli	420	75	model_policy	29.703	65.584	9.1263	CjpegliYcbcr	3.0
screen	archive__wayback-search__1440x900__dpr1.png	jpegli	420	75	model_proj	39.440	84.536	0.6955	CjpegliYcbcr	3.0
screen	archive__wayback-search__1440x900__dpr1.png	jpegli	420	90	identity_off	37.783	85.447	0.7194	CjpegliYcbcr	1.3
screen	archive__wayback-search__1440x900__dpr1.png	jpegli	420	90	model_policy	30.456	71.139	9.1208	CjpegliYcbcr	1.3
screen	archive__wayback-search__1440x900__dpr1.png	jpegli	420	90	model_proj	42.798	88.407	0.3934	CjpegliYcbcr	1.3
screen	archive__wayback-search__1440x900__dpr1.png	jpegli	444	15	identity_off	28.362	53.162	2.9558	CjpegliYcbcr	11.8
screen	archive__wayback-search__1440x900__dpr1.png	jpegli	444	15	model_policy	26.774	46.397	9.1609	CjpegliYcbcr	11.8
screen	archive__wayback-search__1440x900__dpr1.png	jpegli	444	15	model_proj	31.869	69.178	2.4088	CjpegliYcbcr	11.8
screen	archive__wayback-search__1440x900__dpr1.png	jpegli	444	35	identity_off	31.496	66.397	1.8362	CjpegliYcbcr	6.0
screen	archive__wayback-search__1440x900__dpr1.png	jpegli	444	35	model_policy	28.454	55.833	9.1417	CjpegliYcbcr	6.0
screen	archive__wayback-search__1440x900__dpr1.png	jpegli	444	35	model_proj	35.744	77.187	1.1409	CjpegliYcbcr	6.0
screen	archive__wayback-search__1440x900__dpr1.png	jpegli	444	55	identity_off	33.054	71.815	1.4525	CjpegliYcbcr	4.1
screen	archive__wayback-search__1440x900__dpr1.png	jpegli	444	55	model_policy	29.117	61.321	9.1369	CjpegliYcbcr	4.1
screen	archive__wayback-search__1440x900__dpr1.png	jpegli	444	55	model_proj	37.436	80.479	0.8620	CjpegliYcbcr	4.1
screen	archive__wayback-search__1440x900__dpr1.png	jpegli	444	75	identity_off	35.369	78.569	1.0454	CjpegliYcbcr	2.3
screen	archive__wayback-search__1440x900__dpr1.png	jpegli	444	75	model_policy	29.886	67.035	9.1298	CjpegliYcbcr	2.3
screen	archive__wayback-search__1440x900__dpr1.png	jpegli	444	75	model_proj	39.961	85.215	0.5880	CjpegliYcbcr	2.3
screen	archive__wayback-search__1440x900__dpr1.png	jpegli	444	90	identity_off	38.771	85.100	0.6219	CjpegliYcbcr	1.1
screen	archive__wayback-search__1440x900__dpr1.png	jpegli	444	90	model_policy	30.696	72.639	9.1210	CjpegliYcbcr	1.1
screen	archive__wayback-search__1440x900__dpr1.png	jpegli	444	90	model_proj	43.272	88.389	0.3569	CjpegliYcbcr	1.1
screen	archive__wayback-search__1440x900__dpr1.png	zenjpeg	420	15	identity_off	27.617	49.714	3.4947	CjpegliYcbcr	14.2
screen	archive__wayback-search__1440x900__dpr1.png	zenjpeg	420	15	model_policy	26.327	43.387	9.1610	CjpegliYcbcr	14.2
screen	archive__wayback-search__1440x900__dpr1.png	zenjpeg	420	15	model_proj	30.563	63.287	2.8395	CjpegliYcbcr	14.2
screen	archive__wayback-search__1440x900__dpr1.png	zenjpeg	420	35	identity_off	30.761	65.544	2.1020	CjpegliYcbcr	7.2
screen	archive__wayback-search__1440x900__dpr1.png	zenjpeg	420	35	model_policy	28.212	57.228	9.1300	CjpegliYcbcr	7.2
screen	archive__wayback-search__1440x900__dpr1.png	zenjpeg	420	35	model_proj	34.593	75.120	1.5525	CjpegliYcbcr	7.2
screen	archive__wayback-search__1440x900__dpr1.png	zenjpeg	420	55	identity_off	32.353	71.758	1.6846	CjpegliYcbcr	5.2
screen	archive__wayback-search__1440x900__dpr1.png	zenjpeg	420	55	model_policy	28.910	61.611	9.1265	CjpegliYcbcr	5.2
screen	archive__wayback-search__1440x900__dpr1.png	zenjpeg	420	55	model_proj	36.436	79.552	1.2331	CjpegliYcbcr	5.2
screen	archive__wayback-search__1440x900__dpr1.png	zenjpeg	420	75	identity_off	34.789	78.653	1.2266	CjpegliYcbcr	3.0
screen	archive__wayback-search__1440x900__dpr1.png	zenjpeg	420	75	model_policy	29.765	66.787	9.1226	CjpegliYcbcr	3.0
screen	archive__wayback-search__1440x900__dpr1.png	zenjpeg	420	75	model_proj	39.215	84.220	0.8396	CjpegliYcbcr	3.0
screen	archive__wayback-search__1440x900__dpr1.png	zenjpeg	420	90	identity_off	37.758	85.613	0.7732	CjpegliYcbcr	1.3
screen	archive__wayback-search__1440x900__dpr1.png	zenjpeg	420	90	model_policy	30.476	71.654	9.1181	CjpegliYcbcr	1.3
screen	archive__wayback-search__1440x900__dpr1.png	zenjpeg	420	90	model_proj	42.616	88.147	0.4674	CjpegliYcbcr	1.3
screen	archive__wayback-search__1440x900__dpr1.png	zenjpeg	444	15	identity_off	28.394	54.218	2.9646	CjpegliYcbcr	11.8
screen	archive__wayback-search__1440x900__dpr1.png	zenjpeg	444	15	model_policy	26.869	48.354	9.1475	CjpegliYcbcr	11.8
screen	archive__wayback-search__1440x900__dpr1.png	zenjpeg	444	15	model_proj	31.654	67.815	2.5034	CjpegliYcbcr	11.8
screen	archive__wayback-search__1440x900__dpr1.png	zenjpeg	444	35	identity_off	31.538	67.775	1.8759	CjpegliYcbcr	6.0
screen	archive__wayback-search__1440x900__dpr1.png	zenjpeg	444	35	model_policy	28.570	58.119	9.1295	CjpegliYcbcr	6.0
screen	archive__wayback-search__1440x900__dpr1.png	zenjpeg	444	35	model_proj	35.499	77.345	1.3501	CjpegliYcbcr	6.0
screen	archive__wayback-search__1440x900__dpr1.png	zenjpeg	444	55	identity_off	33.080	72.944	1.4917	CjpegliYcbcr	4.1
screen	archive__wayback-search__1440x900__dpr1.png	zenjpeg	444	55	model_policy	29.211	63.293	9.1264	CjpegliYcbcr	4.1
screen	archive__wayback-search__1440x900__dpr1.png	zenjpeg	444	55	model_proj	37.196	80.301	1.0570	CjpegliYcbcr	4.1
screen	archive__wayback-search__1440x900__dpr1.png	zenjpeg	444	75	identity_off	35.355	79.080	1.0993	CjpegliYcbcr	2.3
screen	archive__wayback-search__1440x900__dpr1.png	zenjpeg	444	75	model_policy	29.937	68.002	9.1233	CjpegliYcbcr	2.3
screen	archive__wayback-search__1440x900__dpr1.png	zenjpeg	444	75	model_proj	39.697	84.610	0.7201	CjpegliYcbcr	2.3
screen	archive__wayback-search__1440x900__dpr1.png	zenjpeg	444	90	identity_off	38.707	85.231	0.6818	CjpegliYcbcr	1.1
screen	archive__wayback-search__1440x900__dpr1.png	zenjpeg	444	90	model_policy	30.707	73.038	9.1184	CjpegliYcbcr	1.1
screen	archive__wayback-search__1440x900__dpr1.png	zenjpeg	444	90	model_proj	43.149	88.269	0.4152	CjpegliYcbcr	1.1
screen	archives__exhibits__1440x900__dpr1.png	turbo	420	15	identity_off	25.233	33.674	4.2856	Unknown	15.0
screen	archives__exhibits__1440x900__dpr1.png	turbo	420	15	model_policy	24.062	32.067	9.1456	Unknown	15.0
screen	archives__exhibits__1440x900__dpr1.png	turbo	420	15	model_proj	29.395	55.596	2.8664	Unknown	15.0
screen	archives__exhibits__1440x900__dpr1.png	turbo	420	35	identity_off	28.454	49.327	2.8214	ImageMagick	35.0
screen	archives__exhibits__1440x900__dpr1.png	turbo	420	35	model_policy	26.076	46.244	9.6318	ImageMagick	35.0
screen	archives__exhibits__1440x900__dpr1.png	turbo	420	35	model_proj	33.016	70.603	1.6523	ImageMagick	35.0
screen	archives__exhibits__1440x900__dpr1.png	turbo	420	55	identity_off	30.556	59.492	2.1537	ImageMagick	55.0
screen	archives__exhibits__1440x900__dpr1.png	turbo	420	55	model_policy	27.207	55.743	9.5962	ImageMagick	55.0
screen	archives__exhibits__1440x900__dpr1.png	turbo	420	55	model_proj	35.516	77.993	1.1273	ImageMagick	55.0
screen	archives__exhibits__1440x900__dpr1.png	turbo	420	75	identity_off	33.368	71.237	1.5169	ImageMagick	75.0
screen	archives__exhibits__1440x900__dpr1.png	turbo	420	75	model_policy	28.358	66.239	9.5731	ImageMagick	75.0
screen	archives__exhibits__1440x900__dpr1.png	turbo	420	75	model_proj	38.951	84.574	0.7333	ImageMagick	75.0
screen	archives__exhibits__1440x900__dpr1.png	turbo	420	90	identity_off	36.347	81.985	1.0201	ImageMagick	90.0
screen	archives__exhibits__1440x900__dpr1.png	turbo	420	90	model_policy	29.202	74.490	9.5643	ImageMagick	90.0
screen	archives__exhibits__1440x900__dpr1.png	turbo	420	90	model_proj	43.098	89.727	0.4579	ImageMagick	90.0
screen	archives__exhibits__1440x900__dpr1.png	turbo	444	15	identity_off	25.600	36.246	4.2418	Unknown	15.0
screen	archives__exhibits__1440x900__dpr1.png	turbo	444	15	model_policy	24.286	33.650	9.1381	Unknown	15.0
screen	archives__exhibits__1440x900__dpr1.png	turbo	444	15	model_proj	29.640	56.638	2.8555	Unknown	15.0
screen	archives__exhibits__1440x900__dpr1.png	turbo	444	35	identity_off	29.344	52.803	2.7352	ImageMagick	35.0
screen	archives__exhibits__1440x900__dpr1.png	turbo	444	35	model_policy	26.516	47.907	9.6215	ImageMagick	35.0
screen	archives__exhibits__1440x900__dpr1.png	turbo	444	35	model_proj	33.599	72.035	1.6229	ImageMagick	35.0
screen	archives__exhibits__1440x900__dpr1.png	turbo	444	55	identity_off	31.874	63.564	2.0347	ImageMagick	55.0
screen	archives__exhibits__1440x900__dpr1.png	turbo	444	55	model_policy	27.722	57.499	9.5847	ImageMagick	55.0
screen	archives__exhibits__1440x900__dpr1.png	turbo	444	55	model_proj	36.337	79.502	1.0928	ImageMagick	55.0
screen	archives__exhibits__1440x900__dpr1.png	turbo	444	75	identity_off	35.413	74.966	1.3610	ImageMagick	75.0
screen	archives__exhibits__1440x900__dpr1.png	turbo	444	75	model_policy	28.869	67.365	9.5651	ImageMagick	75.0
screen	archives__exhibits__1440x900__dpr1.png	turbo	444	75	model_proj	40.293	85.812	0.6846	ImageMagick	75.0
screen	archives__exhibits__1440x900__dpr1.png	turbo	444	90	identity_off	41.764	87.192	0.6656	ImageMagick	90.0
screen	archives__exhibits__1440x900__dpr1.png	turbo	444	90	model_policy	29.800	75.711	9.5575	ImageMagick	90.0
screen	archives__exhibits__1440x900__dpr1.png	turbo	444	90	model_proj	46.315	91.138	0.3276	ImageMagick	90.0
screen	archives__exhibits__1440x900__dpr1.png	mozjpeg	420	15	identity_off	22.686	42.743	4.4078	Mozjpeg	15.0
screen	archives__exhibits__1440x900__dpr1.png	mozjpeg	420	15	model_policy	22.138	42.912	9.1101	Mozjpeg	15.0
screen	archives__exhibits__1440x900__dpr1.png	mozjpeg	420	15	model_proj	26.362	61.528	3.6016	Mozjpeg	15.0
screen	archives__exhibits__1440x900__dpr1.png	mozjpeg	420	35	identity_off	25.817	55.617	3.5299	Mozjpeg	35.0
screen	archives__exhibits__1440x900__dpr1.png	mozjpeg	420	35	model_policy	24.466	53.324	9.6706	Mozjpeg	35.0
screen	archives__exhibits__1440x900__dpr1.png	mozjpeg	420	35	model_proj	30.145	75.351	1.9635	Mozjpeg	35.0
screen	archives__exhibits__1440x900__dpr1.png	mozjpeg	420	55	identity_off	28.001	64.982	2.5549	Mozjpeg	55.0
screen	archives__exhibits__1440x900__dpr1.png	mozjpeg	420	55	model_policy	25.886	61.011	9.6294	Mozjpeg	55.0
screen	archives__exhibits__1440x900__dpr1.png	mozjpeg	420	55	model_proj	32.318	80.447	1.3214	Mozjpeg	55.0
screen	archives__exhibits__1440x900__dpr1.png	mozjpeg	420	75	identity_off	30.453	71.389	2.0090	Mozjpeg	75.0
screen	archives__exhibits__1440x900__dpr1.png	mozjpeg	420	75	model_policy	27.159	65.569	9.6079	Mozjpeg	75.0
screen	archives__exhibits__1440x900__dpr1.png	mozjpeg	420	75	model_proj	35.053	83.831	1.0303	Mozjpeg	75.0
screen	archives__exhibits__1440x900__dpr1.png	mozjpeg	420	90	identity_off	34.089	79.516	1.2301	Mozjpeg	90.0
screen	archives__exhibits__1440x900__dpr1.png	mozjpeg	420	90	model_policy	28.556	71.988	9.5817	Mozjpeg	90.0
screen	archives__exhibits__1440x900__dpr1.png	mozjpeg	420	90	model_proj	39.512	87.741	0.6979	Mozjpeg	90.0
screen	archives__exhibits__1440x900__dpr1.png	mozjpeg	444	15	identity_off	22.929	44.787	4.3949	Mozjpeg	15.0
screen	archives__exhibits__1440x900__dpr1.png	mozjpeg	444	15	model_policy	22.327	44.023	9.1076	Mozjpeg	15.0
screen	archives__exhibits__1440x900__dpr1.png	mozjpeg	444	15	model_proj	26.419	61.410	3.6008	Mozjpeg	15.0
screen	archives__exhibits__1440x900__dpr1.png	mozjpeg	444	35	identity_off	26.296	58.499	3.5176	Mozjpeg	35.0
screen	archives__exhibits__1440x900__dpr1.png	mozjpeg	444	35	model_policy	24.788	54.700	9.6635	Mozjpeg	35.0
screen	archives__exhibits__1440x900__dpr1.png	mozjpeg	444	35	model_proj	30.221	75.175	1.9706	Mozjpeg	35.0
screen	archives__exhibits__1440x900__dpr1.png	mozjpeg	444	55	identity_off	28.678	68.251	2.5338	Mozjpeg	55.0
screen	archives__exhibits__1440x900__dpr1.png	mozjpeg	444	55	model_policy	26.266	62.303	9.6225	Mozjpeg	55.0
screen	archives__exhibits__1440x900__dpr1.png	mozjpeg	444	55	model_proj	32.440	80.337	1.3380	Mozjpeg	55.0
screen	archives__exhibits__1440x900__dpr1.png	mozjpeg	444	75	identity_off	31.535	74.889	1.9754	Mozjpeg	75.0
screen	archives__exhibits__1440x900__dpr1.png	mozjpeg	444	75	model_policy	27.621	66.629	9.6012	Mozjpeg	75.0
screen	archives__exhibits__1440x900__dpr1.png	mozjpeg	444	75	model_proj	35.329	84.069	1.0313	Mozjpeg	75.0
screen	archives__exhibits__1440x900__dpr1.png	mozjpeg	444	90	identity_off	36.780	84.245	1.1244	Mozjpeg	90.0
screen	archives__exhibits__1440x900__dpr1.png	mozjpeg	444	90	model_policy	29.137	73.077	9.5754	Mozjpeg	90.0
screen	archives__exhibits__1440x900__dpr1.png	mozjpeg	444	90	model_proj	40.266	88.236	0.6920	Mozjpeg	90.0
screen	archives__exhibits__1440x900__dpr1.png	jpegli	420	15	identity_off	24.875	34.882	4.2619	CjpegliYcbcr	14.2
screen	archives__exhibits__1440x900__dpr1.png	jpegli	420	15	model_policy	23.706	34.170	9.7502	CjpegliYcbcr	14.2
screen	archives__exhibits__1440x900__dpr1.png	jpegli	420	15	model_proj	29.192	59.797	2.8737	CjpegliYcbcr	14.2
screen	archives__exhibits__1440x900__dpr1.png	jpegli	420	35	identity_off	28.396	53.470	2.7733	CjpegliYcbcr	7.2
screen	archives__exhibits__1440x900__dpr1.png	jpegli	420	35	model_policy	25.999	49.776	9.6421	CjpegliYcbcr	7.2
screen	archives__exhibits__1440x900__dpr1.png	jpegli	420	35	model_proj	32.719	72.111	1.7908	CjpegliYcbcr	7.2
screen	archives__exhibits__1440x900__dpr1.png	jpegli	420	55	identity_off	30.489	62.696	2.0805	CjpegliYcbcr	5.2
screen	archives__exhibits__1440x900__dpr1.png	jpegli	420	55	model_policy	27.117	57.680	9.6052	CjpegliYcbcr	5.2
screen	archives__exhibits__1440x900__dpr1.png	jpegli	420	55	model_proj	35.078	78.159	1.2896	CjpegliYcbcr	5.2
screen	archives__exhibits__1440x900__dpr1.png	jpegli	420	75	identity_off	33.551	74.406	1.3704	CjpegliYcbcr	3.0
screen	archives__exhibits__1440x900__dpr1.png	jpegli	420	75	model_policy	28.391	67.953	9.5759	CjpegliYcbcr	3.0
screen	archives__exhibits__1440x900__dpr1.png	jpegli	420	75	model_proj	38.958	85.557	0.7009	CjpegliYcbcr	3.0
screen	archives__exhibits__1440x900__dpr1.png	jpegli	420	90	identity_off	36.150	82.274	1.0179	CjpegliYcbcr	1.3
screen	archives__exhibits__1440x900__dpr1.png	jpegli	420	90	model_policy	29.155	74.433	9.5649	CjpegliYcbcr	1.3
screen	archives__exhibits__1440x900__dpr1.png	jpegli	420	90	model_proj	42.955	89.874	0.4549	CjpegliYcbcr	1.3
screen	archives__exhibits__1440x900__dpr1.png	jpegli	444	15	identity_off	25.896	41.002	3.7945	CjpegliYcbcr	11.8
screen	archives__exhibits__1440x900__dpr1.png	jpegli	444	15	model_policy	24.438	39.127	9.7045	CjpegliYcbcr	11.8
screen	archives__exhibits__1440x900__dpr1.png	jpegli	444	15	model_proj	30.087	63.118	2.5599	CjpegliYcbcr	11.8
screen	archives__exhibits__1440x900__dpr1.png	jpegli	444	35	identity_off	29.780	60.052	2.3412	CjpegliYcbcr	6.0
screen	archives__exhibits__1440x900__dpr1.png	jpegli	444	35	model_policy	26.734	54.928	9.6162	CjpegliYcbcr	6.0
screen	archives__exhibits__1440x900__dpr1.png	jpegli	444	35	model_proj	34.021	75.844	1.4892	CjpegliYcbcr	6.0
screen	archives__exhibits__1440x900__dpr1.png	jpegli	444	55	identity_off	32.171	69.033	1.6917	CjpegliYcbcr	4.1
screen	archives__exhibits__1440x900__dpr1.png	jpegli	444	55	model_policy	27.814	62.564	9.5881	CjpegliYcbcr	4.1
screen	archives__exhibits__1440x900__dpr1.png	jpegli	444	55	model_proj	36.598	81.427	1.0039	CjpegliYcbcr	4.1
screen	archives__exhibits__1440x900__dpr1.png	jpegli	444	75	identity_off	35.519	79.429	1.0533	CjpegliYcbcr	2.3
screen	archives__exhibits__1440x900__dpr1.png	jpegli	444	75	model_policy	28.878	70.933	9.5692	CjpegliYcbcr	2.3
screen	archives__exhibits__1440x900__dpr1.png	jpegli	444	75	model_proj	40.358	87.582	0.5662	CjpegliYcbcr	2.3
screen	archives__exhibits__1440x900__dpr1.png	jpegli	444	90	identity_off	39.854	87.830	0.5558	CjpegliYcbcr	1.1
screen	archives__exhibits__1440x900__dpr1.png	jpegli	444	90	model_policy	29.647	76.511	9.5598	CjpegliYcbcr	1.1
screen	archives__exhibits__1440x900__dpr1.png	jpegli	444	90	model_proj	45.188	91.559	0.2617	CjpegliYcbcr	1.1
screen	archives__exhibits__1440x900__dpr1.png	zenjpeg	420	15	identity_off	25.841	56.989	2.9726	CjpegliYcbcr	14.2
screen	archives__exhibits__1440x900__dpr1.png	zenjpeg	420	15	model_policy	24.522	54.509	9.6425	CjpegliYcbcr	14.2
screen	archives__exhibits__1440x900__dpr1.png	zenjpeg	420	15	model_proj	29.603	73.622	1.7718	CjpegliYcbcr	14.2
screen	archives__exhibits__1440x900__dpr1.png	zenjpeg	420	35	identity_off	29.548	68.743	1.9087	CjpegliYcbcr	7.2
screen	archives__exhibits__1440x900__dpr1.png	zenjpeg	420	35	model_policy	26.812	64.300	9.5995	CjpegliYcbcr	7.2
screen	archives__exhibits__1440x900__dpr1.png	zenjpeg	420	35	model_proj	32.971	80.761	1.2123	CjpegliYcbcr	7.2
screen	archives__exhibits__1440x900__dpr1.png	zenjpeg	420	55	identity_off	31.440	73.347	1.4726	CjpegliYcbcr	5.2
screen	archives__exhibits__1440x900__dpr1.png	zenjpeg	420	55	model_policy	27.708	67.994	9.5868	CjpegliYcbcr	5.2
screen	archives__exhibits__1440x900__dpr1.png	zenjpeg	420	55	model_proj	35.226	84.198	0.8982	CjpegliYcbcr	5.2
screen	archives__exhibits__1440x900__dpr1.png	zenjpeg	420	75	identity_off	34.223	79.462	1.1016	CjpegliYcbcr	3.0
screen	archives__exhibits__1440x900__dpr1.png	zenjpeg	420	75	model_policy	28.714	72.859	9.5726	CjpegliYcbcr	3.0
screen	archives__exhibits__1440x900__dpr1.png	zenjpeg	420	75	model_proj	38.978	87.881	0.6048	CjpegliYcbcr	3.0
screen	archives__exhibits__1440x900__dpr1.png	zenjpeg	420	90	identity_off	36.426	83.501	0.9490	CjpegliYcbcr	1.3
screen	archives__exhibits__1440x900__dpr1.png	zenjpeg	420	90	model_policy	29.273	75.617	9.5654	CjpegliYcbcr	1.3
screen	archives__exhibits__1440x900__dpr1.png	zenjpeg	420	90	model_proj	42.917	90.411	0.3502	CjpegliYcbcr	1.3
screen	archives__exhibits__1440x900__dpr1.png	zenjpeg	444	15	identity_off	26.975	61.447	2.6033	CjpegliYcbcr	11.8
screen	archives__exhibits__1440x900__dpr1.png	zenjpeg	444	15	model_policy	25.298	57.930	9.6227	CjpegliYcbcr	11.8
screen	archives__exhibits__1440x900__dpr1.png	zenjpeg	444	15	model_proj	30.563	75.572	1.6074	CjpegliYcbcr	11.8
screen	archives__exhibits__1440x900__dpr1.png	zenjpeg	444	35	identity_off	30.859	73.699	1.6537	CjpegliYcbcr	6.0
screen	archives__exhibits__1440x900__dpr1.png	zenjpeg	444	35	model_policy	27.421	67.702	9.5904	CjpegliYcbcr	6.0
screen	archives__exhibits__1440x900__dpr1.png	zenjpeg	444	35	model_proj	34.227	82.567	1.0609	CjpegliYcbcr	6.0
screen	archives__exhibits__1440x900__dpr1.png	zenjpeg	444	55	identity_off	33.144	78.657	1.1810	CjpegliYcbcr	4.1
screen	archives__exhibits__1440x900__dpr1.png	zenjpeg	444	55	model_policy	28.320	71.310	9.5778	CjpegliYcbcr	4.1
screen	archives__exhibits__1440x900__dpr1.png	zenjpeg	444	55	model_proj	36.665	85.645	0.8178	CjpegliYcbcr	4.1
screen	archives__exhibits__1440x900__dpr1.png	zenjpeg	444	75	identity_off	36.308	84.042	0.7615	CjpegliYcbcr	2.3
screen	archives__exhibits__1440x900__dpr1.png	zenjpeg	444	75	model_policy	29.168	75.022	9.5672	CjpegliYcbcr	2.3
screen	archives__exhibits__1440x900__dpr1.png	zenjpeg	444	75	model_proj	40.364	89.046	0.5411	CjpegliYcbcr	2.3
screen	archives__exhibits__1440x900__dpr1.png	zenjpeg	444	90	identity_off	40.256	88.916	0.4584	CjpegliYcbcr	1.1
screen	archives__exhibits__1440x900__dpr1.png	zenjpeg	444	90	model_policy	29.742	77.380	9.5604	CjpegliYcbcr	1.1
screen	archives__exhibits__1440x900__dpr1.png	zenjpeg	444	90	model_proj	45.212	91.951	0.2704	CjpegliYcbcr	1.1
documents	office_census-acs-2024_questionnaire_p01_page1.png	turbo	420	15	identity_off	28.003	41.275	2.8279	Unknown	15.0
documents	office_census-acs-2024_questionnaire_p01_page1.png	turbo	420	15	model_policy	26.714	35.877	7.7948	Unknown	15.0
documents	office_census-acs-2024_questionnaire_p01_page1.png	turbo	420	15	model_proj	30.785	55.807	2.6569	Unknown	15.0
documents	office_census-acs-2024_questionnaire_p01_page1.png	turbo	420	35	identity_off	30.259	60.685	1.8465	ImageMagick	35.0
documents	office_census-acs-2024_questionnaire_p01_page1.png	turbo	420	35	model_policy	27.625	48.027	9.5142	ImageMagick	35.0
documents	office_census-acs-2024_questionnaire_p01_page1.png	turbo	420	35	model_proj	33.748	72.662	1.4130	ImageMagick	35.0
documents	office_census-acs-2024_questionnaire_p01_page1.png	turbo	420	55	identity_off	31.318	64.263	2.2962	ImageMagick	55.0
documents	office_census-acs-2024_questionnaire_p01_page1.png	turbo	420	55	model_policy	28.339	49.637	8.7273	ImageMagick	55.0
documents	office_census-acs-2024_questionnaire_p01_page1.png	turbo	420	55	model_proj	34.888	76.288	2.2495	ImageMagick	55.0
documents	office_census-acs-2024_questionnaire_p01_page1.png	turbo	420	75	identity_off	33.425	71.844	1.3891	ImageMagick	75.0
documents	office_census-acs-2024_questionnaire_p01_page1.png	turbo	420	75	model_policy	29.494	55.041	9.0000	ImageMagick	75.0
documents	office_census-acs-2024_questionnaire_p01_page1.png	turbo	420	75	model_proj	37.732	82.036	1.1811	ImageMagick	75.0
documents	office_census-acs-2024_questionnaire_p01_page1.png	turbo	420	90	identity_off	37.215	80.816	1.1898	ImageMagick	90.0
documents	office_census-acs-2024_questionnaire_p01_page1.png	turbo	420	90	model_policy	30.558	57.787	8.9956	ImageMagick	90.0
documents	office_census-acs-2024_questionnaire_p01_page1.png	turbo	420	90	model_proj	41.841	86.324	1.1576	ImageMagick	90.0
documents	office_census-acs-2024_questionnaire_p01_page1.png	turbo	444	15	identity_off	28.755	51.517	2.6192	Unknown	15.0
documents	office_census-acs-2024_questionnaire_p01_page1.png	turbo	444	15	model_policy	27.798	42.172	7.7761	Unknown	15.0
documents	office_census-acs-2024_questionnaire_p01_page1.png	turbo	444	15	model_proj	32.308	68.800	1.9694	Unknown	15.0
documents	office_census-acs-2024_questionnaire_p01_page1.png	turbo	444	35	identity_off	31.621	67.765	1.6892	ImageMagick	35.0
documents	office_census-acs-2024_questionnaire_p01_page1.png	turbo	444	35	model_policy	28.695	47.781	9.5094	ImageMagick	35.0
documents	office_census-acs-2024_questionnaire_p01_page1.png	turbo	444	35	model_proj	35.739	79.560	1.0364	ImageMagick	35.0
documents	office_census-acs-2024_questionnaire_p01_page1.png	turbo	444	55	identity_off	33.050	71.266	2.2756	ImageMagick	55.0
documents	office_census-acs-2024_questionnaire_p01_page1.png	turbo	444	55	model_policy	29.424	49.437	8.7223	ImageMagick	55.0
documents	office_census-acs-2024_questionnaire_p01_page1.png	turbo	444	55	model_proj	36.472	81.605	2.2474	ImageMagick	55.0
documents	office_census-acs-2024_questionnaire_p01_page1.png	turbo	444	75	identity_off	35.623	78.329	1.3159	ImageMagick	75.0
documents	office_census-acs-2024_questionnaire_p01_page1.png	turbo	444	75	model_policy	30.208	56.122	8.9995	ImageMagick	75.0
documents	office_census-acs-2024_questionnaire_p01_page1.png	turbo	444	75	model_proj	39.462	86.544	1.1816	ImageMagick	75.0
documents	office_census-acs-2024_questionnaire_p01_page1.png	turbo	444	90	identity_off	40.476	85.563	1.1763	ImageMagick	90.0
documents	office_census-acs-2024_questionnaire_p01_page1.png	turbo	444	90	model_policy	30.802	59.141	8.9981	ImageMagick	90.0
documents	office_census-acs-2024_questionnaire_p01_page1.png	turbo	444	90	model_proj	43.652	89.938	1.1577	ImageMagick	90.0
documents	office_census-acs-2024_questionnaire_p01_page1.png	mozjpeg	420	15	identity_off	26.034	40.961	3.6897	Mozjpeg	15.0
documents	office_census-acs-2024_questionnaire_p01_page1.png	mozjpeg	420	15	model_policy	25.066	33.493	7.8207	Mozjpeg	15.0
documents	office_census-acs-2024_questionnaire_p01_page1.png	mozjpeg	420	15	model_proj	28.985	54.998	3.1642	Mozjpeg	15.0
documents	office_census-acs-2024_questionnaire_p01_page1.png	mozjpeg	420	35	identity_off	28.921	60.723	2.2019	Mozjpeg	35.0
documents	office_census-acs-2024_questionnaire_p01_page1.png	mozjpeg	420	35	model_policy	26.809	45.885	9.5240	Mozjpeg	35.0
documents	office_census-acs-2024_questionnaire_p01_page1.png	mozjpeg	420	35	model_proj	32.868	72.947	1.6417	Mozjpeg	35.0
documents	office_census-acs-2024_questionnaire_p01_page1.png	mozjpeg	420	55	identity_off	30.410	66.478	1.9102	Mozjpeg	55.0
documents	office_census-acs-2024_questionnaire_p01_page1.png	mozjpeg	420	55	model_policy	27.531	48.082	9.9670	Mozjpeg	55.0
documents	office_census-acs-2024_questionnaire_p01_page1.png	mozjpeg	420	55	model_proj	34.813	77.121	1.6927	Mozjpeg	55.0
documents	office_census-acs-2024_questionnaire_p01_page1.png	mozjpeg	420	75	identity_off	32.400	73.389	1.4246	Mozjpeg	75.0
documents	office_census-acs-2024_questionnaire_p01_page1.png	mozjpeg	420	75	model_policy	28.923	53.090	9.0093	Mozjpeg	75.0
documents	office_census-acs-2024_questionnaire_p01_page1.png	mozjpeg	420	75	model_proj	36.969	82.104	1.2027	Mozjpeg	75.0
documents	office_census-acs-2024_questionnaire_p01_page1.png	mozjpeg	420	90	identity_off	35.475	80.484	1.1948	Mozjpeg	90.0
documents	office_census-acs-2024_questionnaire_p01_page1.png	mozjpeg	420	90	model_policy	29.963	55.790	9.0038	Mozjpeg	90.0
documents	office_census-acs-2024_questionnaire_p01_page1.png	mozjpeg	420	90	model_proj	40.441	86.261	1.1611	Mozjpeg	90.0
documents	office_census-acs-2024_questionnaire_p01_page1.png	mozjpeg	444	15	identity_off	26.563	48.652	3.6591	Mozjpeg	15.0
documents	office_census-acs-2024_questionnaire_p01_page1.png	mozjpeg	444	15	model_policy	25.925	37.404	7.7993	Mozjpeg	15.0
documents	office_census-acs-2024_questionnaire_p01_page1.png	mozjpeg	444	15	model_proj	30.172	58.545	3.0395	Mozjpeg	15.0
documents	office_census-acs-2024_questionnaire_p01_page1.png	mozjpeg	444	35	identity_off	29.754	66.107	2.1637	Mozjpeg	35.0
documents	office_census-acs-2024_questionnaire_p01_page1.png	mozjpeg	444	35	model_policy	27.633	44.691	9.5166	Mozjpeg	35.0
documents	office_census-acs-2024_questionnaire_p01_page1.png	mozjpeg	444	35	model_proj	33.686	74.630	1.6514	Mozjpeg	35.0
documents	office_census-acs-2024_questionnaire_p01_page1.png	mozjpeg	444	55	identity_off	31.421	71.997	1.8686	Mozjpeg	55.0
documents	office_census-acs-2024_questionnaire_p01_page1.png	mozjpeg	444	55	model_policy	28.122	47.045	9.9734	Mozjpeg	55.0
documents	office_census-acs-2024_questionnaire_p01_page1.png	mozjpeg	444	55	model_proj	35.211	79.745	1.7671	Mozjpeg	55.0
documents	office_census-acs-2024_questionnaire_p01_page1.png	mozjpeg	444	75	identity_off	33.749	78.212	1.3783	Mozjpeg	75.0
documents	office_census-acs-2024_questionnaire_p01_page1.png	mozjpeg	444	75	model_policy	29.401	52.873	9.0124	Mozjpeg	75.0
documents	office_census-acs-2024_questionnaire_p01_page1.png	mozjpeg	444	75	model_proj	37.244	84.562	1.2829	Mozjpeg	75.0
documents	office_census-acs-2024_questionnaire_p01_page1.png	mozjpeg	444	90	identity_off	37.493	84.237	1.1828	Mozjpeg	90.0
documents	office_census-acs-2024_questionnaire_p01_page1.png	mozjpeg	444	90	model_policy	30.261	56.286	9.0077	Mozjpeg	90.0
documents	office_census-acs-2024_questionnaire_p01_page1.png	mozjpeg	444	90	model_proj	40.729	88.862	1.1605	Mozjpeg	90.0
documents	office_census-acs-2024_questionnaire_p01_page1.png	jpegli	420	15	identity_off	28.117	55.834	2.7279	CjpegliYcbcr	14.2
documents	office_census-acs-2024_questionnaire_p01_page1.png	jpegli	420	15	model_policy	26.118	44.937	11.0160	CjpegliYcbcr	14.2
documents	office_census-acs-2024_questionnaire_p01_page1.png	jpegli	420	15	model_proj	31.454	68.524	2.4770	CjpegliYcbcr	14.2
documents	office_census-acs-2024_questionnaire_p01_page1.png	jpegli	420	35	identity_off	30.634	64.994	1.7842	CjpegliYcbcr	7.2
documents	office_census-acs-2024_questionnaire_p01_page1.png	jpegli	420	35	model_policy	27.906	49.685	9.0229	CjpegliYcbcr	7.2
documents	office_census-acs-2024_questionnaire_p01_page1.png	jpegli	420	35	model_proj	34.121	76.260	1.4454	CjpegliYcbcr	7.2
documents	office_census-acs-2024_questionnaire_p01_page1.png	jpegli	420	55	identity_off	31.944	68.915	1.4274	CjpegliYcbcr	5.2
documents	office_census-acs-2024_questionnaire_p01_page1.png	jpegli	420	55	model_policy	28.278	50.589	9.9440	CjpegliYcbcr	5.2
documents	office_census-acs-2024_questionnaire_p01_page1.png	jpegli	420	55	model_proj	35.413	79.106	1.0767	CjpegliYcbcr	5.2
documents	office_census-acs-2024_questionnaire_p01_page1.png	jpegli	420	75	identity_off	34.348	75.238	1.1022	CjpegliYcbcr	3.0
documents	office_census-acs-2024_questionnaire_p01_page1.png	jpegli	420	75	model_policy	29.446	55.514	9.8917	CjpegliYcbcr	3.0
documents	office_census-acs-2024_questionnaire_p01_page1.png	jpegli	420	75	model_proj	38.159	82.843	0.8220	CjpegliYcbcr	3.0
documents	office_census-acs-2024_questionnaire_p01_page1.png	jpegli	420	90	identity_off	37.408	81.546	1.1660	CjpegliYcbcr	1.3
documents	office_census-acs-2024_questionnaire_p01_page1.png	jpegli	420	90	model_policy	30.475	58.273	9.0039	CjpegliYcbcr	1.3
documents	office_census-acs-2024_questionnaire_p01_page1.png	jpegli	420	90	model_proj	40.854	85.970	0.6211	CjpegliYcbcr	1.3
documents	office_census-acs-2024_questionnaire_p01_page1.png	jpegli	444	15	identity_off	28.667	54.926	2.3499	CjpegliYcbcr	11.8
documents	office_census-acs-2024_questionnaire_p01_page1.png	jpegli	444	15	model_policy	27.055	46.431	8.0568	CjpegliYcbcr	11.8
documents	office_census-acs-2024_questionnaire_p01_page1.png	jpegli	444	15	model_proj	31.869	67.972	2.1614	CjpegliYcbcr	11.8
documents	office_census-acs-2024_questionnaire_p01_page1.png	jpegli	444	35	identity_off	31.371	67.431	1.8035	CjpegliYcbcr	6.0
documents	office_census-acs-2024_questionnaire_p01_page1.png	jpegli	444	35	model_policy	28.031	48.593	10.9210	CjpegliYcbcr	6.0
documents	office_census-acs-2024_questionnaire_p01_page1.png	jpegli	444	35	model_proj	34.896	78.421	1.6707	CjpegliYcbcr	6.0
documents	office_census-acs-2024_questionnaire_p01_page1.png	jpegli	444	55	identity_off	33.060	71.688	1.2696	CjpegliYcbcr	4.1
documents	office_census-acs-2024_questionnaire_p01_page1.png	jpegli	444	55	model_policy	29.011	52.684	9.9030	CjpegliYcbcr	4.1
documents	office_census-acs-2024_questionnaire_p01_page1.png	jpegli	444	55	model_proj	37.011	80.922	0.9698	CjpegliYcbcr	4.1
documents	office_census-acs-2024_questionnaire_p01_page1.png	jpegli	444	75	identity_off	35.504	77.527	0.9386	CjpegliYcbcr	2.3
documents	office_census-acs-2024_questionnaire_p01_page1.png	jpegli	444	75	model_policy	29.828	54.555	9.5044	CjpegliYcbcr	2.3
documents	office_census-acs-2024_questionnaire_p01_page1.png	jpegli	444	75	model_proj	39.530	83.988	0.6883	CjpegliYcbcr	2.3
documents	office_census-acs-2024_questionnaire_p01_page1.png	jpegli	444	90	identity_off	39.539	82.599	1.1600	CjpegliYcbcr	1.1
documents	office_census-acs-2024_questionnaire_p01_page1.png	jpegli	444	90	model_policy	30.691	58.464	9.0023	CjpegliYcbcr	1.1
documents	office_census-acs-2024_questionnaire_p01_page1.png	jpegli	444	90	model_proj	42.510	85.815	1.1190	CjpegliYcbcr	1.1
documents	office_census-acs-2024_questionnaire_p01_page1.png	zenjpeg	420	15	identity_off	28.135	57.201	2.5851	CjpegliYcbcr	14.2
documents	office_census-acs-2024_questionnaire_p01_page1.png	zenjpeg	420	15	model_policy	26.649	48.108	8.3426	CjpegliYcbcr	14.2
documents	office_census-acs-2024_questionnaire_p01_page1.png	zenjpeg	420	15	model_proj	31.196	67.365	2.2989	CjpegliYcbcr	14.2
documents	office_census-acs-2024_questionnaire_p01_page1.png	zenjpeg	420	35	identity_off	30.641	66.606	1.7540	CjpegliYcbcr	7.2
documents	office_census-acs-2024_questionnaire_p01_page1.png	zenjpeg	420	35	model_policy	27.894	50.771	9.0174	CjpegliYcbcr	7.2
documents	office_census-acs-2024_questionnaire_p01_page1.png	zenjpeg	420	35	model_proj	33.902	76.691	1.4473	CjpegliYcbcr	7.2
documents	office_census-acs-2024_questionnaire_p01_page1.png	zenjpeg	420	55	identity_off	31.962	70.563	1.4259	CjpegliYcbcr	5.2
documents	office_census-acs-2024_questionnaire_p01_page1.png	zenjpeg	420	55	model_policy	28.363	52.467	9.8974	CjpegliYcbcr	5.2
documents	office_census-acs-2024_questionnaire_p01_page1.png	zenjpeg	420	55	model_proj	35.197	79.093	1.0670	CjpegliYcbcr	5.2
documents	office_census-acs-2024_questionnaire_p01_page1.png	zenjpeg	420	75	identity_off	34.295	75.324	1.2671	CjpegliYcbcr	3.0
documents	office_census-acs-2024_questionnaire_p01_page1.png	zenjpeg	420	75	model_policy	29.750	56.097	9.0013	CjpegliYcbcr	3.0
documents	office_census-acs-2024_questionnaire_p01_page1.png	zenjpeg	420	75	model_proj	37.713	82.331	1.1691	CjpegliYcbcr	3.0
documents	office_census-acs-2024_questionnaire_p01_page1.png	zenjpeg	420	90	identity_off	37.285	81.943	1.1712	CjpegliYcbcr	1.3
documents	office_census-acs-2024_questionnaire_p01_page1.png	zenjpeg	420	90	model_policy	30.487	58.338	9.0007	CjpegliYcbcr	1.3
documents	office_census-acs-2024_questionnaire_p01_page1.png	zenjpeg	420	90	model_proj	40.575	85.329	1.1516	CjpegliYcbcr	1.3
documents	office_census-acs-2024_questionnaire_p01_page1.png	zenjpeg	444	15	identity_off	28.688	57.593	2.3042	CjpegliYcbcr	11.8
documents	office_census-acs-2024_questionnaire_p01_page1.png	zenjpeg	444	15	model_policy	27.077	48.702	8.0523	CjpegliYcbcr	11.8
documents	office_census-acs-2024_questionnaire_p01_page1.png	zenjpeg	444	15	model_proj	31.599	67.475	2.1571	CjpegliYcbcr	11.8
documents	office_census-acs-2024_questionnaire_p01_page1.png	zenjpeg	444	35	identity_off	31.426	68.823	1.7705	CjpegliYcbcr	6.0
documents	office_census-acs-2024_questionnaire_p01_page1.png	zenjpeg	444	35	model_policy	29.159	52.644	8.0218	CjpegliYcbcr	6.0
documents	office_census-acs-2024_questionnaire_p01_page1.png	zenjpeg	444	35	model_proj	34.809	78.243	1.6361	CjpegliYcbcr	6.0
documents	office_census-acs-2024_questionnaire_p01_page1.png	zenjpeg	444	55	identity_off	33.007	72.872	1.2573	CjpegliYcbcr	4.1
documents	office_census-acs-2024_questionnaire_p01_page1.png	zenjpeg	444	55	model_policy	29.016	52.771	9.8990	CjpegliYcbcr	4.1
documents	office_census-acs-2024_questionnaire_p01_page1.png	zenjpeg	444	55	model_proj	36.736	80.975	0.9823	CjpegliYcbcr	4.1
documents	office_census-acs-2024_questionnaire_p01_page1.png	zenjpeg	444	75	identity_off	35.489	76.990	1.2042	CjpegliYcbcr	2.3
documents	office_census-acs-2024_questionnaire_p01_page1.png	zenjpeg	444	75	model_policy	30.077	55.912	9.0034	CjpegliYcbcr	2.3
documents	office_census-acs-2024_questionnaire_p01_page1.png	zenjpeg	444	75	model_proj	39.357	83.163	1.1696	CjpegliYcbcr	2.3
documents	office_census-acs-2024_questionnaire_p01_page1.png	zenjpeg	444	90	identity_off	39.364	83.599	1.1656	CjpegliYcbcr	1.1
documents	office_census-acs-2024_questionnaire_p01_page1.png	zenjpeg	444	90	model_policy	30.700	57.853	9.0005	CjpegliYcbcr	1.1
documents	office_census-acs-2024_questionnaire_p01_page1.png	zenjpeg	444	90	model_proj	42.298	86.307	1.1569	CjpegliYcbcr	1.1
documents	office_fec-form3_campaign-finance_p01_page1.png	turbo	420	15	identity_off	31.729	65.163	2.4185	Unknown	15.0
documents	office_fec-form3_campaign-finance_p01_page1.png	turbo	420	15	model_policy	28.190	56.158	8.8447	Unknown	15.0
documents	office_fec-form3_campaign-finance_p01_page1.png	turbo	420	15	model_proj	36.995	79.412	1.5117	Unknown	15.0
documents	office_fec-form3_campaign-finance_p01_page1.png	turbo	420	35	identity_off	34.977	72.583	1.6813	ImageMagick	35.0
documents	office_fec-form3_campaign-finance_p01_page1.png	turbo	420	35	model_policy	29.024	61.673	9.4619	ImageMagick	35.0
documents	office_fec-form3_campaign-finance_p01_page1.png	turbo	420	35	model_proj	40.518	85.167	0.7911	ImageMagick	35.0
documents	office_fec-form3_campaign-finance_p01_page1.png	turbo	420	55	identity_off	37.319	77.147	1.3385	ImageMagick	55.0
documents	office_fec-form3_campaign-finance_p01_page1.png	turbo	420	55	model_policy	29.545	67.642	9.4561	ImageMagick	55.0
documents	office_fec-form3_campaign-finance_p01_page1.png	turbo	420	55	model_proj	42.548	87.076	0.6137	ImageMagick	55.0
documents	office_fec-form3_campaign-finance_p01_page1.png	turbo	420	75	identity_off	40.989	83.020	0.9106	ImageMagick	75.0
documents	office_fec-form3_campaign-finance_p01_page1.png	turbo	420	75	model_policy	30.012	72.316	9.4533	ImageMagick	75.0
documents	office_fec-form3_campaign-finance_p01_page1.png	turbo	420	75	model_proj	45.848	89.160	0.4154	ImageMagick	75.0
documents	office_fec-form3_campaign-finance_p01_page1.png	turbo	420	90	identity_off	47.498	89.370	0.4765	ImageMagick	90.0
documents	office_fec-form3_campaign-finance_p01_page1.png	turbo	420	90	model_policy	30.251	75.736	9.4569	ImageMagick	90.0
documents	office_fec-form3_campaign-finance_p01_page1.png	turbo	420	90	model_proj	51.723	92.187	0.2341	ImageMagick	90.0
documents	office_fec-form3_campaign-finance_p01_page1.png	turbo	444	15	identity_off	31.729	65.163	2.4185	Unknown	15.0
documents	office_fec-form3_campaign-finance_p01_page1.png	turbo	444	15	model_policy	28.190	56.158	8.8447	Unknown	15.0
documents	office_fec-form3_campaign-finance_p01_page1.png	turbo	444	15	model_proj	36.995	79.412	1.5117	Unknown	15.0
documents	office_fec-form3_campaign-finance_p01_page1.png	turbo	444	35	identity_off	34.977	72.583	1.6813	ImageMagick	35.0
documents	office_fec-form3_campaign-finance_p01_page1.png	turbo	444	35	model_policy	29.024	61.673	9.4619	ImageMagick	35.0
documents	office_fec-form3_campaign-finance_p01_page1.png	turbo	444	35	model_proj	40.518	85.167	0.7911	ImageMagick	35.0
documents	office_fec-form3_campaign-finance_p01_page1.png	turbo	444	55	identity_off	37.315	76.648	1.3381	ImageMagick	55.0
documents	office_fec-form3_campaign-finance_p01_page1.png	turbo	444	55	model_policy	29.545	67.955	9.4571	ImageMagick	55.0
documents	office_fec-form3_campaign-finance_p01_page1.png	turbo	444	55	model_proj	42.548	86.287	0.6130	ImageMagick	55.0
documents	office_fec-form3_campaign-finance_p01_page1.png	turbo	444	75	identity_off	41.018	83.205	0.9094	ImageMagick	75.0
documents	office_fec-form3_campaign-finance_p01_page1.png	turbo	444	75	model_policy	30.019	72.649	9.4538	ImageMagick	75.0
documents	office_fec-form3_campaign-finance_p01_page1.png	turbo	444	75	model_proj	45.956	89.317	0.4027	ImageMagick	75.0
documents	office_fec-form3_campaign-finance_p01_page1.png	turbo	444	90	identity_off	47.570	89.699	0.4747	ImageMagick	90.0
documents	office_fec-form3_campaign-finance_p01_page1.png	turbo	444	90	model_policy	30.259	75.763	9.4560	ImageMagick	90.0
documents	office_fec-form3_campaign-finance_p01_page1.png	turbo	444	90	model_proj	51.846	92.545	0.2350	ImageMagick	90.0
documents	office_fec-form3_campaign-finance_p01_page1.png	mozjpeg	420	15	identity_off	28.355	65.612	2.7121	Mozjpeg	15.0
documents	office_fec-form3_campaign-finance_p01_page1.png	mozjpeg	420	15	model_policy	26.541	56.289	8.8505	Mozjpeg	15.0
documents	office_fec-form3_campaign-finance_p01_page1.png	mozjpeg	420	15	model_proj	32.355	73.754	2.5573	Mozjpeg	15.0
documents	office_fec-form3_campaign-finance_p01_page1.png	mozjpeg	420	35	identity_off	31.965	76.731	1.5888	Mozjpeg	35.0
documents	office_fec-form3_campaign-finance_p01_page1.png	mozjpeg	420	35	model_policy	28.148	65.816	9.4738	Mozjpeg	35.0
documents	office_fec-form3_campaign-finance_p01_page1.png	mozjpeg	420	35	model_proj	36.567	83.071	1.4769	Mozjpeg	35.0
documents	office_fec-form3_campaign-finance_p01_page1.png	mozjpeg	420	55	identity_off	34.008	80.498	1.2386	Mozjpeg	55.0
documents	office_fec-form3_campaign-finance_p01_page1.png	mozjpeg	420	55	model_policy	28.819	67.539	9.4693	Mozjpeg	55.0
documents	office_fec-form3_campaign-finance_p01_page1.png	mozjpeg	420	55	model_proj	38.614	85.689	1.1493	Mozjpeg	55.0
documents	office_fec-form3_campaign-finance_p01_page1.png	mozjpeg	420	75	identity_off	36.191	82.397	0.9042	Mozjpeg	75.0
documents	office_fec-form3_campaign-finance_p01_page1.png	mozjpeg	420	75	model_policy	29.339	71.028	9.4684	Mozjpeg	75.0
documents	office_fec-form3_campaign-finance_p01_page1.png	mozjpeg	420	75	model_proj	41.445	87.826	0.7436	Mozjpeg	75.0
documents	office_fec-form3_campaign-finance_p01_page1.png	mozjpeg	420	90	identity_off	40.849	86.855	0.5905	Mozjpeg	90.0
documents	office_fec-form3_campaign-finance_p01_page1.png	mozjpeg	420	90	model_policy	29.908	73.974	9.4661	Mozjpeg	90.0
documents	office_fec-form3_campaign-finance_p01_page1.png	mozjpeg	420	90	model_proj	45.968	90.616	0.3577	Mozjpeg	90.0
documents	office_fec-form3_campaign-finance_p01_page1.png	mozjpeg	444	15	identity_off	28.355	65.612	2.7121	Mozjpeg	15.0
documents	office_fec-form3_campaign-finance_p01_page1.png	mozjpeg	444	15	model_policy	26.541	56.289	8.8505	Mozjpeg	15.0
documents	office_fec-form3_campaign-finance_p01_page1.png	mozjpeg	444	15	model_proj	32.355	73.754	2.5573	Mozjpeg	15.0
documents	office_fec-form3_campaign-finance_p01_page1.png	mozjpeg	444	35	identity_off	31.965	76.731	1.5888	Mozjpeg	35.0
documents	office_fec-form3_campaign-finance_p01_page1.png	mozjpeg	444	35	model_policy	28.148	65.816	9.4738	Mozjpeg	35.0
documents	office_fec-form3_campaign-finance_p01_page1.png	mozjpeg	444	35	model_proj	36.567	83.071	1.4769	Mozjpeg	35.0
documents	office_fec-form3_campaign-finance_p01_page1.png	mozjpeg	444	55	identity_off	34.004	80.087	1.2377	Mozjpeg	55.0
documents	office_fec-form3_campaign-finance_p01_page1.png	mozjpeg	444	55	model_policy	28.809	67.640	9.4705	Mozjpeg	55.0
documents	office_fec-form3_campaign-finance_p01_page1.png	mozjpeg	444	55	model_proj	38.610	85.341	1.1471	Mozjpeg	55.0
documents	office_fec-form3_campaign-finance_p01_page1.png	mozjpeg	444	75	identity_off	36.201	82.636	0.9030	Mozjpeg	75.0
documents	office_fec-form3_campaign-finance_p01_page1.png	mozjpeg	444	75	model_policy	29.341	71.501	9.4691	Mozjpeg	75.0
documents	office_fec-form3_campaign-finance_p01_page1.png	mozjpeg	444	75	model_proj	41.483	88.142	0.7385	Mozjpeg	75.0
documents	office_fec-form3_campaign-finance_p01_page1.png	mozjpeg	444	90	identity_off	40.868	87.391	0.5914	Mozjpeg	90.0
documents	office_fec-form3_campaign-finance_p01_page1.png	mozjpeg	444	90	model_policy	29.914	74.165	9.4657	Mozjpeg	90.0
documents	office_fec-form3_campaign-finance_p01_page1.png	mozjpeg	444	90	model_proj	45.987	90.868	0.3597	Mozjpeg	90.0
documents	office_fec-form3_campaign-finance_p01_page1.png	jpegli	420	15	identity_off	31.246	64.147	2.4387	CjpegliYcbcr	14.2
documents	office_fec-form3_campaign-finance_p01_page1.png	jpegli	420	15	model_policy	27.702	56.034	9.4889	CjpegliYcbcr	14.2
documents	office_fec-form3_campaign-finance_p01_page1.png	jpegli	420	15	model_proj	36.761	80.358	1.5677	CjpegliYcbcr	14.2
documents	office_fec-form3_campaign-finance_p01_page1.png	jpegli	420	35	identity_off	34.737	73.817	1.5860	CjpegliYcbcr	7.2
documents	office_fec-form3_campaign-finance_p01_page1.png	jpegli	420	35	model_policy	28.922	63.418	9.4658	CjpegliYcbcr	7.2
documents	office_fec-form3_campaign-finance_p01_page1.png	jpegli	420	35	model_proj	40.125	85.237	0.8879	CjpegliYcbcr	7.2
documents	office_fec-form3_campaign-finance_p01_page1.png	jpegli	420	55	identity_off	36.913	78.382	1.1815	CjpegliYcbcr	5.2
documents	office_fec-form3_campaign-finance_p01_page1.png	jpegli	420	55	model_policy	29.419	66.229	9.4593	CjpegliYcbcr	5.2
documents	office_fec-form3_campaign-finance_p01_page1.png	jpegli	420	55	model_proj	42.154	86.908	0.6815	CjpegliYcbcr	5.2
documents	office_fec-form3_campaign-finance_p01_page1.png	jpegli	420	75	identity_off	41.250	83.971	0.7916	CjpegliYcbcr	3.0
documents	office_fec-form3_campaign-finance_p01_page1.png	jpegli	420	75	model_policy	30.006	72.895	9.4580	CjpegliYcbcr	3.0
documents	office_fec-form3_campaign-finance_p01_page1.png	jpegli	420	75	model_proj	45.845	89.105	0.4220	CjpegliYcbcr	3.0
documents	office_fec-form3_campaign-finance_p01_page1.png	jpegli	420	90	identity_off	47.758	89.889	0.3914	CjpegliYcbcr	1.3
documents	office_fec-form3_campaign-finance_p01_page1.png	jpegli	420	90	model_policy	30.255	74.957	9.4583	CjpegliYcbcr	1.3
documents	office_fec-form3_campaign-finance_p01_page1.png	jpegli	420	90	model_proj	51.290	91.732	0.2617	CjpegliYcbcr	1.3
documents	office_fec-form3_campaign-finance_p01_page1.png	jpegli	444	15	identity_off	32.220	68.029	2.1610	CjpegliYcbcr	11.8
documents	office_fec-form3_campaign-finance_p01_page1.png	jpegli	444	15	model_policy	28.108	58.539	9.4791	CjpegliYcbcr	11.8
documents	office_fec-form3_campaign-finance_p01_page1.png	jpegli	444	15	model_proj	37.918	82.171	1.2789	CjpegliYcbcr	11.8
documents	office_fec-form3_campaign-finance_p01_page1.png	jpegli	444	35	identity_off	35.857	76.790	1.3252	CjpegliYcbcr	6.0
documents	office_fec-form3_campaign-finance_p01_page1.png	jpegli	444	35	model_policy	29.174	65.211	9.4637	CjpegliYcbcr	6.0
documents	office_fec-form3_campaign-finance_p01_page1.png	jpegli	444	35	model_proj	41.268	86.458	0.8565	CjpegliYcbcr	6.0
documents	office_fec-form3_campaign-finance_p01_page1.png	jpegli	444	55	identity_off	38.309	80.852	1.0268	CjpegliYcbcr	4.1
documents	office_fec-form3_campaign-finance_p01_page1.png	jpegli	444	55	model_policy	29.666	68.855	9.4575	CjpegliYcbcr	4.1
documents	office_fec-form3_campaign-finance_p01_page1.png	jpegli	444	55	model_proj	43.284	87.445	0.5537	CjpegliYcbcr	4.1
documents	office_fec-form3_campaign-finance_p01_page1.png	jpegli	444	75	identity_off	42.596	84.982	0.6473	CjpegliYcbcr	2.3
documents	office_fec-form3_campaign-finance_p01_page1.png	jpegli	444	75	model_policy	30.081	73.606	9.4593	CjpegliYcbcr	2.3
documents	office_fec-form3_campaign-finance_p01_page1.png	jpegli	444	75	model_proj	46.801	88.674	0.4668	CjpegliYcbcr	2.3
documents	office_fec-form3_campaign-finance_p01_page1.png	jpegli	444	90	identity_off	49.257	90.070	0.3469	CjpegliYcbcr	1.1
documents	office_fec-form3_campaign-finance_p01_page1.png	jpegli	444	90	model_policy	30.270	75.455	9.4600	CjpegliYcbcr	1.1
documents	office_fec-form3_campaign-finance_p01_page1.png	jpegli	444	90	model_proj	52.706	91.889	0.2253	CjpegliYcbcr	1.1
documents	office_fec-form3_campaign-finance_p01_page1.png	zenjpeg	420	15	identity_off	32.562	76.337	1.7750	CjpegliYcbcr	14.2
documents	office_fec-form3_campaign-finance_p01_page1.png	zenjpeg	420	15	model_policy	28.334	63.997	9.4710	CjpegliYcbcr	14.2
documents	office_fec-form3_campaign-finance_p01_page1.png	zenjpeg	420	15	model_proj	36.489	81.393	1.6870	CjpegliYcbcr	14.2
documents	office_fec-form3_campaign-finance_p01_page1.png	zenjpeg	420	35	identity_off	36.087	81.651	1.0991	CjpegliYcbcr	7.2
documents	office_fec-form3_campaign-finance_p01_page1.png	zenjpeg	420	35	model_policy	29.309	69.297	9.4632	CjpegliYcbcr	7.2
documents	office_fec-form3_campaign-finance_p01_page1.png	zenjpeg	420	35	model_proj	38.669	84.918	1.3703	CjpegliYcbcr	7.2
documents	office_fec-form3_campaign-finance_p01_page1.png	zenjpeg	420	55	identity_off	38.203	84.023	0.8886	CjpegliYcbcr	5.2
documents	office_fec-form3_campaign-finance_p01_page1.png	zenjpeg	420	55	model_policy	29.671	70.474	9.4625	CjpegliYcbcr	5.2
documents	office_fec-form3_campaign-finance_p01_page1.png	zenjpeg	420	55	model_proj	40.932	87.122	1.0799	CjpegliYcbcr	5.2
documents	office_fec-form3_campaign-finance_p01_page1.png	zenjpeg	420	75	identity_off	42.510	87.003	0.5416	CjpegliYcbcr	3.0
documents	office_fec-form3_campaign-finance_p01_page1.png	zenjpeg	420	75	model_policy	30.069	73.896	9.4614	CjpegliYcbcr	3.0
documents	office_fec-form3_campaign-finance_p01_page1.png	zenjpeg	420	75	model_proj	44.759	89.538	0.5927	CjpegliYcbcr	3.0
documents	office_fec-form3_campaign-finance_p01_page1.png	zenjpeg	420	90	identity_off	49.100	91.354	0.2807	CjpegliYcbcr	1.3
documents	office_fec-form3_campaign-finance_p01_page1.png	zenjpeg	420	90	model_policy	30.250	75.343	9.4619	CjpegliYcbcr	1.3
documents	office_fec-form3_campaign-finance_p01_page1.png	zenjpeg	420	90	model_proj	49.729	92.390	0.3609	CjpegliYcbcr	1.3
documents	office_fec-form3_campaign-finance_p01_page1.png	zenjpeg	444	15	identity_off	33.405	77.727	1.4710	CjpegliYcbcr	11.8
documents	office_fec-form3_campaign-finance_p01_page1.png	zenjpeg	444	15	model_policy	28.644	65.275	9.4674	CjpegliYcbcr	11.8
documents	office_fec-form3_campaign-finance_p01_page1.png	zenjpeg	444	15	model_proj	37.144	82.219	1.6205	CjpegliYcbcr	11.8
documents	office_fec-form3_campaign-finance_p01_page1.png	zenjpeg	444	35	identity_off	37.292	83.141	0.9483	CjpegliYcbcr	6.0
documents	office_fec-form3_campaign-finance_p01_page1.png	zenjpeg	444	35	model_policy	29.547	70.688	9.4623	CjpegliYcbcr	6.0
documents	office_fec-form3_campaign-finance_p01_page1.png	zenjpeg	444	35	model_proj	40.050	86.447	1.0828	CjpegliYcbcr	6.0
documents	office_fec-form3_campaign-finance_p01_page1.png	zenjpeg	444	55	identity_off	39.519	85.581	0.7406	CjpegliYcbcr	4.1
documents	office_fec-form3_campaign-finance_p01_page1.png	zenjpeg	444	55	model_policy	29.810	71.807	9.4623	CjpegliYcbcr	4.1
documents	office_fec-form3_campaign-finance_p01_page1.png	zenjpeg	444	55	model_proj	42.150	88.305	0.9060	CjpegliYcbcr	4.1
documents	office_fec-form3_campaign-finance_p01_page1.png	zenjpeg	444	75	identity_off	43.841	87.712	0.4667	CjpegliYcbcr	2.3
documents	office_fec-form3_campaign-finance_p01_page1.png	zenjpeg	444	75	model_policy	30.113	73.379	9.4614	CjpegliYcbcr	2.3
documents	office_fec-form3_campaign-finance_p01_page1.png	zenjpeg	444	75	model_proj	45.909	89.755	0.5655	CjpegliYcbcr	2.3
documents	office_fec-form3_campaign-finance_p01_page1.png	zenjpeg	444	90	identity_off	50.390	90.831	0.2467	CjpegliYcbcr	1.1
documents	office_fec-form3_campaign-finance_p01_page1.png	zenjpeg	444	90	model_policy	30.261	75.498	9.4628	CjpegliYcbcr	1.1
documents	office_fec-form3_campaign-finance_p01_page1.png	zenjpeg	444	90	model_proj	51.486	92.198	0.3067	CjpegliYcbcr	1.1
documents	office_fedreg-2026-10621_rule_p01_page1.png	turbo	420	15	identity_off	24.604	46.880	3.9101	Unknown	15.0
documents	office_fedreg-2026-10621_rule_p01_page1.png	turbo	420	15	model_policy	23.802	42.971	6.3338	Unknown	15.0
documents	office_fedreg-2026-10621_rule_p01_page1.png	turbo	420	15	model_proj	28.514	66.139	2.6385	Unknown	15.0
documents	office_fedreg-2026-10621_rule_p01_page1.png	turbo	420	35	identity_off	28.511	61.906	2.3780	ImageMagick	35.0
documents	office_fedreg-2026-10621_rule_p01_page1.png	turbo	420	35	model_policy	26.908	57.654	6.2624	ImageMagick	35.0
documents	office_fedreg-2026-10621_rule_p01_page1.png	turbo	420	35	model_proj	32.530	78.121	1.3944	ImageMagick	35.0
documents	office_fedreg-2026-10621_rule_p01_page1.png	turbo	420	55	identity_off	30.989	70.182	1.8355	ImageMagick	55.0
documents	office_fedreg-2026-10621_rule_p01_page1.png	turbo	420	55	model_policy	28.672	65.859	6.1713	ImageMagick	55.0
documents	office_fedreg-2026-10621_rule_p01_page1.png	turbo	420	55	model_proj	35.034	83.358	0.9644	ImageMagick	55.0
documents	office_fedreg-2026-10621_rule_p01_page1.png	turbo	420	75	identity_off	34.670	79.240	1.2294	ImageMagick	75.0
documents	office_fedreg-2026-10621_rule_p01_page1.png	turbo	420	75	model_policy	30.825	74.528	6.1061	ImageMagick	75.0
documents	office_fedreg-2026-10621_rule_p01_page1.png	turbo	420	75	model_proj	38.639	88.188	0.6039	ImageMagick	75.0
documents	office_fedreg-2026-10621_rule_p01_page1.png	turbo	420	90	identity_off	41.705	89.733	0.5912	ImageMagick	90.0
documents	office_fedreg-2026-10621_rule_p01_page1.png	turbo	420	90	model_policy	33.068	83.291	6.0722	ImageMagick	90.0
documents	office_fedreg-2026-10621_rule_p01_page1.png	turbo	420	90	model_proj	44.920	92.993	0.3099	ImageMagick	90.0
documents	office_fedreg-2026-10621_rule_p01_page1.png	turbo	444	15	identity_off	24.604	46.880	3.9101	Unknown	15.0
documents	office_fedreg-2026-10621_rule_p01_page1.png	turbo	444	15	model_policy	23.802	42.971	6.3338	Unknown	15.0
documents	office_fedreg-2026-10621_rule_p01_page1.png	turbo	444	15	model_proj	28.514	66.139	2.6385	Unknown	15.0
documents	office_fedreg-2026-10621_rule_p01_page1.png	turbo	444	35	identity_off	28.511	61.906	2.3780	ImageMagick	35.0
documents	office_fedreg-2026-10621_rule_p01_page1.png	turbo	444	35	model_policy	26.908	57.654	6.2624	ImageMagick	35.0
documents	office_fedreg-2026-10621_rule_p01_page1.png	turbo	444	35	model_proj	32.530	78.121	1.3944	ImageMagick	35.0
documents	office_fedreg-2026-10621_rule_p01_page1.png	turbo	444	55	identity_off	30.989	70.182	1.8355	ImageMagick	55.0
documents	office_fedreg-2026-10621_rule_p01_page1.png	turbo	444	55	model_policy	28.672	65.859	6.1713	ImageMagick	55.0
documents	office_fedreg-2026-10621_rule_p01_page1.png	turbo	444	55	model_proj	35.034	83.358	0.9644	ImageMagick	55.0
documents	office_fedreg-2026-10621_rule_p01_page1.png	turbo	444	75	identity_off	34.670	79.240	1.2294	ImageMagick	75.0
documents	office_fedreg-2026-10621_rule_p01_page1.png	turbo	444	75	model_policy	30.825	74.528	6.1061	ImageMagick	75.0
documents	office_fedreg-2026-10621_rule_p01_page1.png	turbo	444	75	model_proj	38.639	88.188	0.6039	ImageMagick	75.0
documents	office_fedreg-2026-10621_rule_p01_page1.png	turbo	444	90	identity_off	41.705	89.733	0.5912	ImageMagick	90.0
documents	office_fedreg-2026-10621_rule_p01_page1.png	turbo	444	90	model_policy	33.068	83.291	6.0722	ImageMagick	90.0
documents	office_fedreg-2026-10621_rule_p01_page1.png	turbo	444	90	model_proj	44.920	92.897	0.3100	ImageMagick	90.0
documents	office_fedreg-2026-10621_rule_p01_page1.png	mozjpeg	420	15	identity_off	20.748	43.436	4.7029	Mozjpeg	15.0
documents	office_fedreg-2026-10621_rule_p01_page1.png	mozjpeg	420	15	model_policy	20.572	41.375	6.4265	Mozjpeg	15.0
documents	office_fedreg-2026-10621_rule_p01_page1.png	mozjpeg	420	15	model_proj	24.117	62.348	3.2442	Mozjpeg	15.0
documents	office_fedreg-2026-10621_rule_p01_page1.png	mozjpeg	420	35	identity_off	24.575	62.562	3.4528	Mozjpeg	35.0
documents	office_fedreg-2026-10621_rule_p01_page1.png	mozjpeg	420	35	model_policy	23.961	58.599	6.3538	Mozjpeg	35.0
documents	office_fedreg-2026-10621_rule_p01_page1.png	mozjpeg	420	35	model_proj	28.396	77.647	1.9313	Mozjpeg	35.0
documents	office_fedreg-2026-10621_rule_p01_page1.png	mozjpeg	420	55	identity_off	26.390	69.293	2.7881	Mozjpeg	55.0
documents	office_fedreg-2026-10621_rule_p01_page1.png	mozjpeg	420	55	model_policy	25.438	64.467	6.2760	Mozjpeg	55.0
documents	office_fedreg-2026-10621_rule_p01_page1.png	mozjpeg	420	55	model_proj	30.095	80.871	1.5693	Mozjpeg	55.0
documents	office_fedreg-2026-10621_rule_p01_page1.png	mozjpeg	420	75	identity_off	29.421	77.053	1.8898	Mozjpeg	75.0
documents	office_fedreg-2026-10621_rule_p01_page1.png	mozjpeg	420	75	model_policy	27.721	71.705	6.1969	Mozjpeg	75.0
documents	office_fedreg-2026-10621_rule_p01_page1.png	mozjpeg	420	75	model_proj	33.426	85.518	1.0431	Mozjpeg	75.0
documents	office_fedreg-2026-10621_rule_p01_page1.png	mozjpeg	420	90	identity_off	34.073	84.768	1.1406	Mozjpeg	90.0
documents	office_fedreg-2026-10621_rule_p01_page1.png	mozjpeg	420	90	model_policy	30.554	78.656	6.1273	Mozjpeg	90.0
documents	office_fedreg-2026-10621_rule_p01_page1.png	mozjpeg	420	90	model_proj	37.929	89.556	0.6160	Mozjpeg	90.0
documents	office_fedreg-2026-10621_rule_p01_page1.png	mozjpeg	444	15	identity_off	20.748	43.438	4.7031	Mozjpeg	15.0
documents	office_fedreg-2026-10621_rule_p01_page1.png	mozjpeg	444	15	model_policy	20.572	41.374	6.4266	Mozjpeg	15.0
documents	office_fedreg-2026-10621_rule_p01_page1.png	mozjpeg	444	15	model_proj	24.118	62.356	3.2443	Mozjpeg	15.0
documents	office_fedreg-2026-10621_rule_p01_page1.png	mozjpeg	444	35	identity_off	24.575	62.564	3.4531	Mozjpeg	35.0
documents	office_fedreg-2026-10621_rule_p01_page1.png	mozjpeg	444	35	model_policy	23.961	58.598	6.3539	Mozjpeg	35.0
documents	office_fedreg-2026-10621_rule_p01_page1.png	mozjpeg	444	35	model_proj	28.397	77.648	1.9313	Mozjpeg	35.0
documents	office_fedreg-2026-10621_rule_p01_page1.png	mozjpeg	444	55	identity_off	26.390	69.287	2.7882	Mozjpeg	55.0
documents	office_fedreg-2026-10621_rule_p01_page1.png	mozjpeg	444	55	model_policy	25.438	64.467	6.2761	Mozjpeg	55.0
documents	office_fedreg-2026-10621_rule_p01_page1.png	mozjpeg	444	55	model_proj	30.095	80.864	1.5693	Mozjpeg	55.0
documents	office_fedreg-2026-10621_rule_p01_page1.png	mozjpeg	444	75	identity_off	29.421	77.062	1.8898	Mozjpeg	75.0
documents	office_fedreg-2026-10621_rule_p01_page1.png	mozjpeg	444	75	model_policy	27.721	71.704	6.1969	Mozjpeg	75.0
documents	office_fedreg-2026-10621_rule_p01_page1.png	mozjpeg	444	75	model_proj	33.426	85.516	1.0431	Mozjpeg	75.0
documents	office_fedreg-2026-10621_rule_p01_page1.png	mozjpeg	444	90	identity_off	34.073	84.768	1.1406	Mozjpeg	90.0
documents	office_fedreg-2026-10621_rule_p01_page1.png	mozjpeg	444	90	model_policy	30.554	78.656	6.1273	Mozjpeg	90.0
documents	office_fedreg-2026-10621_rule_p01_page1.png	mozjpeg	444	90	model_proj	37.928	89.586	0.6160	Mozjpeg	90.0
documents	office_fedreg-2026-10621_rule_p01_page1.png	jpegli	420	15	identity_off	23.997	44.371	4.0790	CjpegliYcbcr	14.2
documents	office_fedreg-2026-10621_rule_p01_page1.png	jpegli	420	15	model_policy	23.264	41.377	6.6752	CjpegliYcbcr	14.2
documents	office_fedreg-2026-10621_rule_p01_page1.png	jpegli	420	15	model_proj	27.967	65.971	2.8566	CjpegliYcbcr	14.2
documents	office_fedreg-2026-10621_rule_p01_page1.png	jpegli	420	35	identity_off	28.016	63.341	2.3834	CjpegliYcbcr	7.2
documents	office_fedreg-2026-10621_rule_p01_page1.png	jpegli	420	35	model_policy	26.481	59.001	6.3015	CjpegliYcbcr	7.2
documents	office_fedreg-2026-10621_rule_p01_page1.png	jpegli	420	35	model_proj	31.869	77.870	1.5666	CjpegliYcbcr	7.2
documents	office_fedreg-2026-10621_rule_p01_page1.png	jpegli	420	55	identity_off	30.475	71.155	1.7449	CjpegliYcbcr	5.2
documents	office_fedreg-2026-10621_rule_p01_page1.png	jpegli	420	55	model_policy	28.261	66.606	6.1989	CjpegliYcbcr	5.2
documents	office_fedreg-2026-10621_rule_p01_page1.png	jpegli	420	55	model_proj	34.194	82.677	1.0915	CjpegliYcbcr	5.2
documents	office_fedreg-2026-10621_rule_p01_page1.png	jpegli	420	75	identity_off	34.949	81.628	1.0417	CjpegliYcbcr	3.0
documents	office_fedreg-2026-10621_rule_p01_page1.png	jpegli	420	75	model_policy	30.865	76.451	6.1154	CjpegliYcbcr	3.0
documents	office_fedreg-2026-10621_rule_p01_page1.png	jpegli	420	75	model_proj	38.313	88.277	0.6521	CjpegliYcbcr	3.0
documents	office_fedreg-2026-10621_rule_p01_page1.png	jpegli	420	90	identity_off	41.830	90.672	0.4816	CjpegliYcbcr	1.3
documents	office_fedreg-2026-10621_rule_p01_page1.png	jpegli	420	90	model_policy	33.051	83.898	6.0774	CjpegliYcbcr	1.3
documents	office_fedreg-2026-10621_rule_p01_page1.png	jpegli	420	90	model_proj	44.407	92.416	0.3282	CjpegliYcbcr	1.3
documents	office_fedreg-2026-10621_rule_p01_page1.png	jpegli	444	15	identity_off	25.108	50.698	3.5873	CjpegliYcbcr	11.8
documents	office_fedreg-2026-10621_rule_p01_page1.png	jpegli	444	15	model_policy	24.184	47.163	6.5391	CjpegliYcbcr	11.8
documents	office_fedreg-2026-10621_rule_p01_page1.png	jpegli	444	15	model_proj	29.069	69.813	2.4125	CjpegliYcbcr	11.8
documents	office_fedreg-2026-10621_rule_p01_page1.png	jpegli	444	35	identity_off	29.370	68.104	1.9939	CjpegliYcbcr	6.0
documents	office_fedreg-2026-10621_rule_p01_page1.png	jpegli	444	35	model_policy	27.483	63.579	6.2361	CjpegliYcbcr	6.0
documents	office_fedreg-2026-10621_rule_p01_page1.png	jpegli	444	35	model_proj	33.163	80.914	1.2689	CjpegliYcbcr	6.0
documents	office_fedreg-2026-10621_rule_p01_page1.png	jpegli	444	55	identity_off	32.010	75.383	1.4389	CjpegliYcbcr	4.1
documents	office_fedreg-2026-10621_rule_p01_page1.png	jpegli	444	55	model_policy	29.253	70.626	6.1620	CjpegliYcbcr	4.1
documents	office_fedreg-2026-10621_rule_p01_page1.png	jpegli	444	55	model_proj	35.645	84.947	0.8804	CjpegliYcbcr	4.1
documents	office_fedreg-2026-10621_rule_p01_page1.png	jpegli	444	75	identity_off	36.423	84.330	0.8671	CjpegliYcbcr	2.3
documents	office_fedreg-2026-10621_rule_p01_page1.png	jpegli	444	75	model_policy	31.513	78.808	6.1017	CjpegliYcbcr	2.3
documents	office_fedreg-2026-10621_rule_p01_page1.png	jpegli	444	75	model_proj	39.647	89.617	0.5295	CjpegliYcbcr	2.3
documents	office_fedreg-2026-10621_rule_p01_page1.png	jpegli	444	90	identity_off	43.582	91.866	0.4067	CjpegliYcbcr	1.1
documents	office_fedreg-2026-10621_rule_p01_page1.png	jpegli	444	90	model_policy	33.325	84.730	6.0741	CjpegliYcbcr	1.1
documents	office_fedreg-2026-10621_rule_p01_page1.png	jpegli	444	90	model_proj	45.875	93.383	0.2792	CjpegliYcbcr	1.1
documents	office_fedreg-2026-10621_rule_p01_page1.png	zenjpeg	420	15	identity_off	25.414	65.887	2.8894	CjpegliYcbcr	14.2
documents	office_fedreg-2026-10621_rule_p01_page1.png	zenjpeg	420	15	model_policy	24.694	61.570	6.2816	CjpegliYcbcr	14.2
documents	office_fedreg-2026-10621_rule_p01_page1.png	zenjpeg	420	15	model_proj	28.535	78.198	1.7931	CjpegliYcbcr	14.2
documents	office_fedreg-2026-10621_rule_p01_page1.png	zenjpeg	420	35	identity_off	29.686	78.269	1.5718	CjpegliYcbcr	7.2
documents	office_fedreg-2026-10621_rule_p01_page1.png	zenjpeg	420	35	model_policy	28.068	72.939	6.1552	CjpegliYcbcr	7.2
documents	office_fedreg-2026-10621_rule_p01_page1.png	zenjpeg	420	35	model_proj	31.795	84.001	1.2622	CjpegliYcbcr	7.2
documents	office_fedreg-2026-10621_rule_p01_page1.png	zenjpeg	420	55	identity_off	32.057	82.520	1.1839	CjpegliYcbcr	5.2
documents	office_fedreg-2026-10621_rule_p01_page1.png	zenjpeg	420	55	model_policy	29.615	76.802	6.1288	CjpegliYcbcr	5.2
documents	office_fedreg-2026-10621_rule_p01_page1.png	zenjpeg	420	55	model_proj	34.037	87.000	0.9440	CjpegliYcbcr	5.2
documents	office_fedreg-2026-10621_rule_p01_page1.png	zenjpeg	420	75	identity_off	36.546	88.177	0.6697	CjpegliYcbcr	3.0
documents	office_fedreg-2026-10621_rule_p01_page1.png	zenjpeg	420	75	model_policy	31.816	81.637	6.0944	CjpegliYcbcr	3.0
documents	office_fedreg-2026-10621_rule_p01_page1.png	zenjpeg	420	75	model_proj	37.675	90.303	0.6337	CjpegliYcbcr	3.0
documents	office_fedreg-2026-10621_rule_p01_page1.png	zenjpeg	420	90	identity_off	43.748	93.086	0.2829	CjpegliYcbcr	1.3
documents	office_fedreg-2026-10621_rule_p01_page1.png	zenjpeg	420	90	model_policy	33.476	85.125	6.0744	CjpegliYcbcr	1.3
documents	office_fedreg-2026-10621_rule_p01_page1.png	zenjpeg	420	90	model_proj	43.394	93.010	0.3633	CjpegliYcbcr	1.3
documents	office_fedreg-2026-10621_rule_p01_page1.png	zenjpeg	444	15	identity_off	26.645	70.488	2.4773	CjpegliYcbcr	11.8
documents	office_fedreg-2026-10621_rule_p01_page1.png	zenjpeg	444	15	model_policy	25.710	65.778	6.2305	CjpegliYcbcr	11.8
documents	office_fedreg-2026-10621_rule_p01_page1.png	zenjpeg	444	15	model_proj	29.549	80.481	1.5433	CjpegliYcbcr	11.8
documents	office_fedreg-2026-10621_rule_p01_page1.png	zenjpeg	444	35	identity_off	30.970	80.694	1.3721	CjpegliYcbcr	6.0
documents	office_fedreg-2026-10621_rule_p01_page1.png	zenjpeg	444	35	model_policy	28.931	75.064	6.1399	CjpegliYcbcr	6.0
documents	office_fedreg-2026-10621_rule_p01_page1.png	zenjpeg	444	35	model_proj	33.135	85.878	1.0465	CjpegliYcbcr	6.0
documents	office_fedreg-2026-10621_rule_p01_page1.png	zenjpeg	444	55	identity_off	33.568	84.860	0.9905	CjpegliYcbcr	4.1
documents	office_fedreg-2026-10621_rule_p01_page1.png	zenjpeg	444	55	model_policy	30.472	78.785	6.1144	CjpegliYcbcr	4.1
documents	office_fedreg-2026-10621_rule_p01_page1.png	zenjpeg	444	55	model_proj	35.372	88.363	0.8248	CjpegliYcbcr	4.1
documents	office_fedreg-2026-10621_rule_p01_page1.png	zenjpeg	444	75	identity_off	38.067	89.533	0.5587	CjpegliYcbcr	2.3
documents	office_fedreg-2026-10621_rule_p01_page1.png	zenjpeg	444	75	model_policy	32.329	82.684	6.0876	CjpegliYcbcr	2.3
documents	office_fedreg-2026-10621_rule_p01_page1.png	zenjpeg	444	75	model_proj	39.010	91.137	0.5427	CjpegliYcbcr	2.3
documents	office_fedreg-2026-10621_rule_p01_page1.png	zenjpeg	444	90	identity_off	45.493	93.729	0.2382	CjpegliYcbcr	1.1
documents	office_fedreg-2026-10621_rule_p01_page1.png	zenjpeg	444	90	model_policy	33.629	85.479	6.0727	CjpegliYcbcr	1.1
documents	office_fedreg-2026-10621_rule_p01_page1.png	zenjpeg	444	90	model_proj	45.404	93.783	0.2976	CjpegliYcbcr	1.1
art-scans	haeckel_0007_cephalopods.png	turbo	420	15	identity_off	28.866	41.384	3.2113	Unknown	15.0
art-scans	haeckel_0007_cephalopods.png	turbo	420	15	model_policy	27.144	22.545	6.3898	Unknown	15.0
art-scans	haeckel_0007_cephalopods.png	turbo	420	15	model_proj	29.584	48.352	3.1696	Unknown	15.0
art-scans	haeckel_0007_cephalopods.png	turbo	420	35	identity_off	31.617	66.506	1.9847	ImageMagick	35.0
art-scans	haeckel_0007_cephalopods.png	turbo	420	35	model_policy	28.780	44.469	5.1425	ImageMagick	35.0
art-scans	haeckel_0007_cephalopods.png	turbo	420	35	model_proj	32.193	68.344	1.9613	ImageMagick	35.0
art-scans	haeckel_0007_cephalopods.png	turbo	420	55	identity_off	33.045	73.325	1.4159	ImageMagick	55.0
art-scans	haeckel_0007_cephalopods.png	turbo	420	55	model_policy	29.451	50.085	4.7263	ImageMagick	55.0
art-scans	haeckel_0007_cephalopods.png	turbo	420	55	model_proj	33.494	74.466	1.3881	ImageMagick	55.0
art-scans	haeckel_0007_cephalopods.png	turbo	420	75	identity_off	34.951	79.993	1.0860	ImageMagick	75.0
art-scans	haeckel_0007_cephalopods.png	turbo	420	75	model_policy	29.978	52.200	4.5600	ImageMagick	75.0
art-scans	haeckel_0007_cephalopods.png	turbo	420	75	model_proj	35.290	80.441	1.0666	ImageMagick	75.0
art-scans	haeckel_0007_cephalopods.png	turbo	420	90	identity_off	38.299	86.422	0.8286	ImageMagick	90.0
art-scans	haeckel_0007_cephalopods.png	turbo	420	90	model_policy	30.672	54.465	4.6453	ImageMagick	90.0
art-scans	haeckel_0007_cephalopods.png	turbo	420	90	model_proj	38.390	86.495	0.7328	ImageMagick	90.0
art-scans	haeckel_0007_cephalopods.png	turbo	444	15	identity_off	30.065	48.917	2.5778	Unknown	15.0
art-scans	haeckel_0007_cephalopods.png	turbo	444	15	model_policy	27.946	27.864	6.2254	Unknown	15.0
art-scans	haeckel_0007_cephalopods.png	turbo	444	15	model_proj	30.863	54.556	2.5707	Unknown	15.0
art-scans	haeckel_0007_cephalopods.png	turbo	444	35	identity_off	33.782	73.299	1.3937	ImageMagick	35.0
art-scans	haeckel_0007_cephalopods.png	turbo	444	35	model_policy	29.806	49.463	4.8816	ImageMagick	35.0
art-scans	haeckel_0007_cephalopods.png	turbo	444	35	model_proj	34.321	73.858	1.3753	ImageMagick	35.0
art-scans	haeckel_0007_cephalopods.png	turbo	444	55	identity_off	35.639	78.989	1.1017	ImageMagick	55.0
art-scans	haeckel_0007_cephalopods.png	turbo	444	55	model_policy	30.471	52.892	4.4808	ImageMagick	55.0
art-scans	haeckel_0007_cephalopods.png	turbo	444	55	model_proj	35.975	79.317	1.0738	ImageMagick	55.0
art-scans	haeckel_0007_cephalopods.png	turbo	444	75	identity_off	37.946	84.382	0.8018	ImageMagick	75.0
art-scans	haeckel_0007_cephalopods.png	turbo	444	75	model_policy	30.801	54.248	4.4836	ImageMagick	75.0
art-scans	haeckel_0007_cephalopods.png	turbo	444	75	model_proj	38.268	84.437	0.7832	ImageMagick	75.0
art-scans	haeckel_0007_cephalopods.png	turbo	444	90	identity_off	41.948	89.487	0.5267	ImageMagick	90.0
art-scans	haeckel_0007_cephalopods.png	turbo	444	90	model_policy	31.256	55.558	4.5456	ImageMagick	90.0
art-scans	haeckel_0007_cephalopods.png	turbo	444	90	model_proj	42.042	89.136	0.5255	ImageMagick	90.0
art-scans	haeckel_0007_cephalopods.png	mozjpeg	420	15	identity_off	27.825	37.427	3.3416	Mozjpeg	15.0
art-scans	haeckel_0007_cephalopods.png	mozjpeg	420	15	model_policy	26.289	19.116	6.5598	Mozjpeg	15.0
art-scans	haeckel_0007_cephalopods.png	mozjpeg	420	15	model_proj	28.572	42.312	3.3507	Mozjpeg	15.0
art-scans	haeckel_0007_cephalopods.png	mozjpeg	420	35	identity_off	31.359	64.085	1.8816	Mozjpeg	35.0
art-scans	haeckel_0007_cephalopods.png	mozjpeg	420	35	model_policy	28.481	42.864	4.9975	Mozjpeg	35.0
art-scans	haeckel_0007_cephalopods.png	mozjpeg	420	35	model_proj	31.817	64.818	1.9807	Mozjpeg	35.0
art-scans	haeckel_0007_cephalopods.png	mozjpeg	420	55	identity_off	33.249	72.995	1.4654	Mozjpeg	55.0
art-scans	haeckel_0007_cephalopods.png	mozjpeg	420	55	model_policy	29.337	48.184	4.7614	Mozjpeg	55.0
art-scans	haeckel_0007_cephalopods.png	mozjpeg	420	55	model_proj	33.435	72.677	1.5142	Mozjpeg	55.0
art-scans	haeckel_0007_cephalopods.png	mozjpeg	420	75	identity_off	35.451	80.435	1.1200	Mozjpeg	75.0
art-scans	haeckel_0007_cephalopods.png	mozjpeg	420	75	model_policy	29.957	51.816	4.6806	Mozjpeg	75.0
art-scans	haeckel_0007_cephalopods.png	mozjpeg	420	75	model_proj	35.333	79.742	1.1208	Mozjpeg	75.0
art-scans	haeckel_0007_cephalopods.png	mozjpeg	420	90	identity_off	38.521	86.254	0.8873	Mozjpeg	90.0
art-scans	haeckel_0007_cephalopods.png	mozjpeg	420	90	model_policy	30.487	52.957	4.6608	Mozjpeg	90.0
art-scans	haeckel_0007_cephalopods.png	mozjpeg	420	90	model_proj	38.276	86.046	0.7738	Mozjpeg	90.0
art-scans	haeckel_0007_cephalopods.png	mozjpeg	444	15	identity_off	28.773	43.688	3.1117	Mozjpeg	15.0
art-scans	haeckel_0007_cephalopods.png	mozjpeg	444	15	model_policy	26.948	23.776	6.2621	Mozjpeg	15.0
art-scans	haeckel_0007_cephalopods.png	mozjpeg	444	15	model_proj	29.412	46.968	3.2230	Mozjpeg	15.0
art-scans	haeckel_0007_cephalopods.png	mozjpeg	444	35	identity_off	32.857	69.148	1.6930	Mozjpeg	35.0
art-scans	haeckel_0007_cephalopods.png	mozjpeg	444	35	model_policy	29.262	46.723	4.6756	Mozjpeg	35.0
art-scans	haeckel_0007_cephalopods.png	mozjpeg	444	35	model_proj	33.010	68.006	1.7737	Mozjpeg	35.0
art-scans	haeckel_0007_cephalopods.png	mozjpeg	444	55	identity_off	35.075	76.757	1.2611	Mozjpeg	55.0
art-scans	haeckel_0007_cephalopods.png	mozjpeg	444	55	model_policy	30.082	50.826	4.5923	Mozjpeg	55.0
art-scans	haeckel_0007_cephalopods.png	mozjpeg	444	55	model_proj	34.951	75.697	1.3151	Mozjpeg	55.0
art-scans	haeckel_0007_cephalopods.png	mozjpeg	444	75	identity_off	37.724	83.287	0.8942	Mozjpeg	75.0
art-scans	haeckel_0007_cephalopods.png	mozjpeg	444	75	model_policy	30.600	53.113	4.5079	Mozjpeg	75.0
art-scans	haeckel_0007_cephalopods.png	mozjpeg	444	75	model_proj	37.339	82.343	0.9364	Mozjpeg	75.0
art-scans	haeckel_0007_cephalopods.png	mozjpeg	444	90	identity_off	42.011	88.810	0.5735	Mozjpeg	90.0
art-scans	haeckel_0007_cephalopods.png	mozjpeg	444	90	model_policy	31.029	54.165	4.5476	Mozjpeg	90.0
art-scans	haeckel_0007_cephalopods.png	mozjpeg	444	90	model_proj	41.266	87.817	0.6071	Mozjpeg	90.0
art-scans	haeckel_0007_cephalopods.png	jpegli	420	15	identity_off	29.486	57.134	2.3168	CjpegliYcbcr	14.2
art-scans	haeckel_0007_cephalopods.png	jpegli	420	15	model_policy	27.643	38.100	5.6954	CjpegliYcbcr	14.2
art-scans	haeckel_0007_cephalopods.png	jpegli	420	15	model_proj	30.142	57.884	2.3575	CjpegliYcbcr	14.2
art-scans	haeckel_0007_cephalopods.png	jpegli	420	35	identity_off	31.761	70.286	1.5999	CjpegliYcbcr	7.2
art-scans	haeckel_0007_cephalopods.png	jpegli	420	35	model_policy	28.735	47.401	4.5840	CjpegliYcbcr	7.2
art-scans	haeckel_0007_cephalopods.png	jpegli	420	35	model_proj	32.208	70.331	1.6529	CjpegliYcbcr	7.2
art-scans	haeckel_0007_cephalopods.png	jpegli	420	55	identity_off	33.056	75.019	1.3540	CjpegliYcbcr	5.2
art-scans	haeckel_0007_cephalopods.png	jpegli	420	55	model_policy	29.282	49.223	4.7577	CjpegliYcbcr	5.2
art-scans	haeckel_0007_cephalopods.png	jpegli	420	55	model_proj	33.368	74.789	1.3578	CjpegliYcbcr	5.2
art-scans	haeckel_0007_cephalopods.png	jpegli	420	75	identity_off	35.137	80.444	1.0858	CjpegliYcbcr	3.0
art-scans	haeckel_0007_cephalopods.png	jpegli	420	75	model_policy	29.900	52.337	4.6308	CjpegliYcbcr	3.0
art-scans	haeckel_0007_cephalopods.png	jpegli	420	75	model_proj	35.209	80.235	1.0193	CjpegliYcbcr	3.0
art-scans	haeckel_0007_cephalopods.png	jpegli	420	90	identity_off	38.188	85.816	0.8607	CjpegliYcbcr	1.3
art-scans	haeckel_0007_cephalopods.png	jpegli	420	90	model_policy	30.497	53.322	4.6277	CjpegliYcbcr	1.3
art-scans	haeckel_0007_cephalopods.png	jpegli	420	90	model_proj	38.167	86.140	0.7167	CjpegliYcbcr	1.3
art-scans	haeckel_0007_cephalopods.png	jpegli	444	15	identity_off	29.711	57.688	2.3596	CjpegliYcbcr	11.8
art-scans	haeckel_0007_cephalopods.png	jpegli	444	15	model_policy	27.083	32.782	9.0183	CjpegliYcbcr	11.8
art-scans	haeckel_0007_cephalopods.png	jpegli	444	15	model_proj	30.554	60.023	2.3773	CjpegliYcbcr	11.8
art-scans	haeckel_0007_cephalopods.png	jpegli	444	35	identity_off	32.497	72.976	1.4589	CjpegliYcbcr	6.0
art-scans	haeckel_0007_cephalopods.png	jpegli	444	35	model_policy	29.287	50.326	4.9681	CjpegliYcbcr	6.0
art-scans	haeckel_0007_cephalopods.png	jpegli	444	35	model_proj	32.985	71.656	1.4989	CjpegliYcbcr	6.0
art-scans	haeckel_0007_cephalopods.png	jpegli	444	55	identity_off	33.883	77.089	1.2168	CjpegliYcbcr	4.1
art-scans	haeckel_0007_cephalopods.png	jpegli	444	55	model_policy	29.703	50.977	4.7760	CjpegliYcbcr	4.1
art-scans	haeckel_0007_cephalopods.png	jpegli	444	55	model_proj	34.196	75.742	1.2421	CjpegliYcbcr	4.1
art-scans	haeckel_0007_cephalopods.png	jpegli	444	75	identity_off	36.066	82.580	0.8720	CjpegliYcbcr	2.3
art-scans	haeckel_0007_cephalopods.png	jpegli	444	75	model_policy	30.354	53.902	4.4972	CjpegliYcbcr	2.3
art-scans	haeckel_0007_cephalopods.png	jpegli	444	75	model_proj	36.113	81.429	0.9231	CjpegliYcbcr	2.3
art-scans	haeckel_0007_cephalopods.png	jpegli	444	90	identity_off	39.806	88.100	0.5654	CjpegliYcbcr	1.1
art-scans	haeckel_0007_cephalopods.png	jpegli	444	90	model_policy	30.920	54.760	4.4949	CjpegliYcbcr	1.1
art-scans	haeckel_0007_cephalopods.png	jpegli	444	90	model_proj	39.637	87.419	0.6033	CjpegliYcbcr	1.1
art-scans	haeckel_0007_cephalopods.png	zenjpeg	420	15	identity_off	29.463	56.962	2.3258	CjpegliYcbcr	14.2
art-scans	haeckel_0007_cephalopods.png	zenjpeg	420	15	model_policy	27.620	37.952	5.7075	CjpegliYcbcr	14.2
art-scans	haeckel_0007_cephalopods.png	zenjpeg	420	15	model_proj	30.128	57.810	2.3572	CjpegliYcbcr	14.2
art-scans	haeckel_0007_cephalopods.png	zenjpeg	420	35	identity_off	31.743	70.167	1.6093	CjpegliYcbcr	7.2
art-scans	haeckel_0007_cephalopods.png	zenjpeg	420	35	model_policy	28.735	47.447	4.5914	CjpegliYcbcr	7.2
art-scans	haeckel_0007_cephalopods.png	zenjpeg	420	35	model_proj	32.197	70.186	1.6637	CjpegliYcbcr	7.2
art-scans	haeckel_0007_cephalopods.png	zenjpeg	420	55	identity_off	33.006	74.794	1.3731	CjpegliYcbcr	5.2
art-scans	haeckel_0007_cephalopods.png	zenjpeg	420	55	model_policy	29.241	49.310	4.7971	CjpegliYcbcr	5.2
art-scans	haeckel_0007_cephalopods.png	zenjpeg	420	55	model_proj	33.318	74.549	1.3777	CjpegliYcbcr	5.2
art-scans	haeckel_0007_cephalopods.png	zenjpeg	420	75	identity_off	35.106	80.337	1.0899	CjpegliYcbcr	3.0
art-scans	haeckel_0007_cephalopods.png	zenjpeg	420	75	model_policy	29.881	52.007	4.7317	CjpegliYcbcr	3.0
art-scans	haeckel_0007_cephalopods.png	zenjpeg	420	75	model_proj	35.183	80.101	1.0268	CjpegliYcbcr	3.0
art-scans	haeckel_0007_cephalopods.png	zenjpeg	420	90	identity_off	38.143	85.909	0.8677	CjpegliYcbcr	1.3
art-scans	haeckel_0007_cephalopods.png	zenjpeg	420	90	model_policy	30.480	53.549	4.6592	CjpegliYcbcr	1.3
art-scans	haeckel_0007_cephalopods.png	zenjpeg	420	90	model_proj	38.124	86.236	0.7283	CjpegliYcbcr	1.3
art-scans	haeckel_0007_cephalopods.png	zenjpeg	444	15	identity_off	29.692	57.488	2.3079	CjpegliYcbcr	11.8
art-scans	haeckel_0007_cephalopods.png	zenjpeg	444	15	model_policy	27.063	32.562	8.9679	CjpegliYcbcr	11.8
art-scans	haeckel_0007_cephalopods.png	zenjpeg	444	15	model_proj	30.547	60.057	2.3328	CjpegliYcbcr	11.8
art-scans	haeckel_0007_cephalopods.png	zenjpeg	444	35	identity_off	32.469	72.980	1.4384	CjpegliYcbcr	6.0
art-scans	haeckel_0007_cephalopods.png	zenjpeg	444	35	model_policy	29.282	50.457	4.8445	CjpegliYcbcr	6.0
art-scans	haeckel_0007_cephalopods.png	zenjpeg	444	35	model_proj	32.955	71.551	1.4879	CjpegliYcbcr	6.0
art-scans	haeckel_0007_cephalopods.png	zenjpeg	444	55	identity_off	33.851	77.149	1.1871	CjpegliYcbcr	4.1
art-scans	haeckel_0007_cephalopods.png	zenjpeg	444	55	model_policy	29.702	50.933	4.7204	CjpegliYcbcr	4.1
art-scans	haeckel_0007_cephalopods.png	zenjpeg	444	55	model_proj	34.182	75.745	1.2163	CjpegliYcbcr	4.1
art-scans	haeckel_0007_cephalopods.png	zenjpeg	444	75	identity_off	36.044	82.405	0.8553	CjpegliYcbcr	2.3
art-scans	haeckel_0007_cephalopods.png	zenjpeg	444	75	model_policy	30.346	53.573	4.4818	CjpegliYcbcr	2.3
art-scans	haeckel_0007_cephalopods.png	zenjpeg	444	75	model_proj	36.105	81.243	0.9130	CjpegliYcbcr	2.3
art-scans	haeckel_0007_cephalopods.png	zenjpeg	444	90	identity_off	39.748	87.944	0.5449	CjpegliYcbcr	1.1
art-scans	haeckel_0007_cephalopods.png	zenjpeg	444	90	model_policy	30.906	54.585	4.5107	CjpegliYcbcr	1.1
art-scans	haeckel_0007_cephalopods.png	zenjpeg	444	90	model_proj	39.601	87.228	0.5837	CjpegliYcbcr	1.1
art-scans	haeckel_0034_radiolaria-green.png	turbo	420	15	identity_off	23.650	40.502	3.4411	Unknown	15.0
art-scans	haeckel_0034_radiolaria-green.png	turbo	420	15	model_policy	24.042	37.417	3.7284	Unknown	15.0
art-scans	haeckel_0034_radiolaria-green.png	turbo	420	15	model_proj	24.726	44.441	3.1017	Unknown	15.0
art-scans	haeckel_0034_radiolaria-green.png	turbo	420	35	identity_off	26.245	63.741	2.2122	ImageMagick	35.0
art-scans	haeckel_0034_radiolaria-green.png	turbo	420	35	model_policy	26.299	53.707	2.8308	ImageMagick	35.0
art-scans	haeckel_0034_radiolaria-green.png	turbo	420	35	model_proj	27.146	65.332	2.0925	ImageMagick	35.0
art-scans	haeckel_0034_radiolaria-green.png	turbo	420	55	identity_off	27.678	71.062	1.8060	ImageMagick	55.0
art-scans	haeckel_0034_radiolaria-green.png	turbo	420	55	model_policy	27.334	57.725	2.5635	ImageMagick	55.0
art-scans	haeckel_0034_radiolaria-green.png	turbo	420	55	model_proj	28.406	71.788	1.7572	ImageMagick	55.0
art-scans	haeckel_0034_radiolaria-green.png	turbo	420	75	identity_off	29.636	77.978	1.3394	ImageMagick	75.0
art-scans	haeckel_0034_radiolaria-green.png	turbo	420	75	model_policy	28.507	60.938	2.4267	ImageMagick	75.0
art-scans	haeckel_0034_radiolaria-green.png	turbo	420	75	model_proj	30.122	78.033	1.3124	ImageMagick	75.0
art-scans	haeckel_0034_radiolaria-green.png	turbo	420	90	identity_off	32.426	85.108	0.8671	ImageMagick	90.0
art-scans	haeckel_0034_radiolaria-green.png	turbo	420	90	model_policy	29.625	62.345	2.3405	ImageMagick	90.0
art-scans	haeckel_0034_radiolaria-green.png	turbo	420	90	model_proj	32.792	85.276	0.8599	ImageMagick	90.0
art-scans	haeckel_0034_radiolaria-green.png	turbo	444	15	identity_off	26.395	56.106	2.4801	Unknown	15.0
art-scans	haeckel_0034_radiolaria-green.png	turbo	444	15	model_policy	26.753	51.127	2.9597	Unknown	15.0
art-scans	haeckel_0034_radiolaria-green.png	turbo	444	15	model_proj	27.455	58.284	2.4753	Unknown	15.0
art-scans	haeckel_0034_radiolaria-green.png	turbo	444	35	identity_off	30.112	76.311	1.3260	ImageMagick	35.0
art-scans	haeckel_0034_radiolaria-green.png	turbo	444	35	model_policy	29.074	61.017	2.4617	ImageMagick	35.0
art-scans	haeckel_0034_radiolaria-green.png	turbo	444	35	model_proj	30.641	75.496	1.4536	ImageMagick	35.0
art-scans	haeckel_0034_radiolaria-green.png	turbo	444	55	identity_off	32.007	82.374	1.0122	ImageMagick	55.0
art-scans	haeckel_0034_radiolaria-green.png	turbo	444	55	model_policy	29.786	62.500	2.4026	ImageMagick	55.0
art-scans	haeckel_0034_radiolaria-green.png	turbo	444	55	model_proj	32.179	81.011	1.1693	ImageMagick	55.0
art-scans	haeckel_0034_radiolaria-green.png	turbo	444	75	identity_off	34.223	87.054	0.7229	ImageMagick	75.0
art-scans	haeckel_0034_radiolaria-green.png	turbo	444	75	model_policy	30.433	62.993	2.3809	ImageMagick	75.0
art-scans	haeckel_0034_radiolaria-green.png	turbo	444	75	model_proj	34.165	85.626	0.8446	ImageMagick	75.0
art-scans	haeckel_0034_radiolaria-green.png	turbo	444	90	identity_off	37.975	92.088	0.4414	ImageMagick	90.0
art-scans	haeckel_0034_radiolaria-green.png	turbo	444	90	model_policy	30.982	63.091	2.4021	ImageMagick	90.0
art-scans	haeckel_0034_radiolaria-green.png	turbo	444	90	model_proj	37.568	90.772	0.5578	ImageMagick	90.0
art-scans	haeckel_0034_radiolaria-green.png	mozjpeg	420	15	identity_off	23.773	39.304	3.7055	Mozjpeg	15.0
art-scans	haeckel_0034_radiolaria-green.png	mozjpeg	420	15	model_policy	24.242	35.775	4.0367	Mozjpeg	15.0
art-scans	haeckel_0034_radiolaria-green.png	mozjpeg	420	15	model_proj	24.944	42.035	3.5133	Mozjpeg	15.0
art-scans	haeckel_0034_radiolaria-green.png	mozjpeg	420	35	identity_off	27.097	65.329	2.0317	Mozjpeg	35.0
art-scans	haeckel_0034_radiolaria-green.png	mozjpeg	420	35	model_policy	26.920	54.092	2.7509	Mozjpeg	35.0
art-scans	haeckel_0034_radiolaria-green.png	mozjpeg	420	35	model_proj	27.793	65.030	2.0262	Mozjpeg	35.0
art-scans	haeckel_0034_radiolaria-green.png	mozjpeg	420	55	identity_off	28.792	73.886	1.5625	Mozjpeg	55.0
art-scans	haeckel_0034_radiolaria-green.png	mozjpeg	420	55	model_policy	27.939	58.036	2.5450	Mozjpeg	55.0
art-scans	haeckel_0034_radiolaria-green.png	mozjpeg	420	55	model_proj	29.162	72.638	1.5960	Mozjpeg	55.0
art-scans	haeckel_0034_radiolaria-green.png	mozjpeg	420	75	identity_off	30.643	80.294	1.1669	Mozjpeg	75.0
art-scans	haeckel_0034_radiolaria-green.png	mozjpeg	420	75	model_policy	28.801	60.291	2.4530	Mozjpeg	75.0
art-scans	haeckel_0034_radiolaria-green.png	mozjpeg	420	75	model_proj	30.755	78.748	1.2474	Mozjpeg	75.0
art-scans	haeckel_0034_radiolaria-green.png	mozjpeg	420	90	identity_off	32.771	85.967	0.8121	Mozjpeg	90.0
art-scans	haeckel_0034_radiolaria-green.png	mozjpeg	420	90	model_policy	29.476	61.120	2.4332	Mozjpeg	90.0
art-scans	haeckel_0034_radiolaria-green.png	mozjpeg	420	90	model_proj	33.249	85.544	0.8513	Mozjpeg	90.0
art-scans	haeckel_0034_radiolaria-green.png	mozjpeg	444	15	identity_off	25.715	49.095	3.1266	Mozjpeg	15.0
art-scans	haeckel_0034_radiolaria-green.png	mozjpeg	444	15	model_policy	26.034	43.935	3.5189	Mozjpeg	15.0
art-scans	haeckel_0034_radiolaria-green.png	mozjpeg	444	15	model_proj	26.278	48.747	3.2161	Mozjpeg	15.0
art-scans	haeckel_0034_radiolaria-green.png	mozjpeg	444	35	identity_off	29.946	72.699	1.6264	Mozjpeg	35.0
art-scans	haeckel_0034_radiolaria-green.png	mozjpeg	444	35	model_policy	28.688	57.407	2.6279	Mozjpeg	35.0
art-scans	haeckel_0034_radiolaria-green.png	mozjpeg	444	35	model_proj	29.472	69.709	1.8145	Mozjpeg	35.0
art-scans	haeckel_0034_radiolaria-green.png	mozjpeg	444	55	identity_off	32.240	80.481	1.1681	Mozjpeg	55.0
art-scans	haeckel_0034_radiolaria-green.png	mozjpeg	444	55	model_policy	29.573	60.324	2.5040	Mozjpeg	55.0
art-scans	haeckel_0034_radiolaria-green.png	mozjpeg	444	55	model_proj	31.297	77.238	1.3805	Mozjpeg	55.0
art-scans	haeckel_0034_radiolaria-green.png	mozjpeg	444	75	identity_off	35.030	86.346	0.8054	Mozjpeg	75.0
art-scans	haeckel_0034_radiolaria-green.png	mozjpeg	444	75	model_policy	30.243	61.591	2.4744	Mozjpeg	75.0
art-scans	haeckel_0034_radiolaria-green.png	mozjpeg	444	75	model_proj	33.584	83.042	1.0230	Mozjpeg	75.0
art-scans	haeckel_0034_radiolaria-green.png	mozjpeg	444	90	identity_off	39.621	91.882	0.4579	Mozjpeg	90.0
art-scans	haeckel_0034_radiolaria-green.png	mozjpeg	444	90	model_policy	30.732	61.546	2.4898	Mozjpeg	90.0
art-scans	haeckel_0034_radiolaria-green.png	mozjpeg	444	90	model_proj	37.568	89.176	0.6495	Mozjpeg	90.0
art-scans	haeckel_0034_radiolaria-green.png	jpegli	420	15	identity_off	24.479	53.412	2.5206	CjpegliYcbcr	14.2
art-scans	haeckel_0034_radiolaria-green.png	jpegli	420	15	model_policy	24.786	45.256	3.0907	CjpegliYcbcr	14.2
art-scans	haeckel_0034_radiolaria-green.png	jpegli	420	15	model_proj	25.522	53.010	2.4304	CjpegliYcbcr	14.2
art-scans	haeckel_0034_radiolaria-green.png	jpegli	420	35	identity_off	26.447	67.796	1.7634	CjpegliYcbcr	7.2
art-scans	haeckel_0034_radiolaria-green.png	jpegli	420	35	model_policy	26.384	54.684	2.6626	CjpegliYcbcr	7.2
art-scans	haeckel_0034_radiolaria-green.png	jpegli	420	35	model_proj	27.307	66.777	1.7761	CjpegliYcbcr	7.2
art-scans	haeckel_0034_radiolaria-green.png	jpegli	420	55	identity_off	27.596	72.970	1.4731	CjpegliYcbcr	5.2
art-scans	haeckel_0034_radiolaria-green.png	jpegli	420	55	model_policy	27.172	56.987	2.5628	CjpegliYcbcr	5.2
art-scans	haeckel_0034_radiolaria-green.png	jpegli	420	55	model_proj	28.266	71.635	1.5391	CjpegliYcbcr	5.2
art-scans	haeckel_0034_radiolaria-green.png	jpegli	420	75	identity_off	29.514	79.757	1.0795	CjpegliYcbcr	3.0
art-scans	haeckel_0034_radiolaria-green.png	jpegli	420	75	model_policy	28.271	60.020	2.4798	CjpegliYcbcr	3.0
art-scans	haeckel_0034_radiolaria-green.png	jpegli	420	75	model_proj	29.882	78.324	1.1747	CjpegliYcbcr	3.0
art-scans	haeckel_0034_radiolaria-green.png	jpegli	420	90	identity_off	31.903	85.754	0.7708	CjpegliYcbcr	1.3
art-scans	haeckel_0034_radiolaria-green.png	jpegli	420	90	model_policy	29.212	60.981	2.4541	CjpegliYcbcr	1.3
art-scans	haeckel_0034_radiolaria-green.png	jpegli	420	90	model_proj	32.262	85.349	0.7964	CjpegliYcbcr	1.3
art-scans	haeckel_0034_radiolaria-green.png	jpegli	444	15	identity_off	25.088	56.853	2.2225	CjpegliYcbcr	11.8
art-scans	haeckel_0034_radiolaria-green.png	jpegli	444	15	model_policy	25.501	48.362	2.9367	CjpegliYcbcr	11.8
art-scans	haeckel_0034_radiolaria-green.png	jpegli	444	15	model_proj	26.457	57.635	2.3055	CjpegliYcbcr	11.8
art-scans	haeckel_0034_radiolaria-green.png	jpegli	444	35	identity_off	27.629	71.639	1.5158	CjpegliYcbcr	6.0
art-scans	haeckel_0034_radiolaria-green.png	jpegli	444	35	model_policy	27.419	56.944	2.6328	CjpegliYcbcr	6.0
art-scans	haeckel_0034_radiolaria-green.png	jpegli	444	35	model_proj	28.590	69.930	1.7124	CjpegliYcbcr	6.0
art-scans	haeckel_0034_radiolaria-green.png	jpegli	444	55	identity_off	28.935	76.632	1.2513	CjpegliYcbcr	4.1
art-scans	haeckel_0034_radiolaria-green.png	jpegli	444	55	model_policy	28.162	58.737	2.5516	CjpegliYcbcr	4.1
art-scans	haeckel_0034_radiolaria-green.png	jpegli	444	55	model_proj	29.628	74.372	1.4973	CjpegliYcbcr	4.1
art-scans	haeckel_0034_radiolaria-green.png	jpegli	444	75	identity_off	30.929	82.875	0.8930	CjpegliYcbcr	2.3
art-scans	haeckel_0034_radiolaria-green.png	jpegli	444	75	model_policy	29.081	60.718	2.4980	CjpegliYcbcr	2.3
art-scans	haeckel_0034_radiolaria-green.png	jpegli	444	75	model_proj	31.266	80.293	1.1347	CjpegliYcbcr	2.3
art-scans	haeckel_0034_radiolaria-green.png	jpegli	444	90	identity_off	34.563	89.863	0.5029	CjpegliYcbcr	1.1
art-scans	haeckel_0034_radiolaria-green.png	jpegli	444	90	model_policy	30.068	61.420	2.4966	CjpegliYcbcr	1.1
art-scans	haeckel_0034_radiolaria-green.png	jpegli	444	90	model_proj	34.277	87.245	0.7661	CjpegliYcbcr	1.1
art-scans	haeckel_0034_radiolaria-green.png	zenjpeg	420	15	identity_off	24.443	53.050	2.5259	CjpegliYcbcr	14.2
art-scans	haeckel_0034_radiolaria-green.png	zenjpeg	420	15	model_policy	24.755	45.169	3.1211	CjpegliYcbcr	14.2
art-scans	haeckel_0034_radiolaria-green.png	zenjpeg	420	15	model_proj	25.488	52.653	2.4379	CjpegliYcbcr	14.2
art-scans	haeckel_0034_radiolaria-green.png	zenjpeg	420	35	identity_off	26.403	67.700	1.7735	CjpegliYcbcr	7.2
art-scans	haeckel_0034_radiolaria-green.png	zenjpeg	420	35	model_policy	26.353	54.535	2.6709	CjpegliYcbcr	7.2
art-scans	haeckel_0034_radiolaria-green.png	zenjpeg	420	35	model_proj	27.273	66.693	1.7849	CjpegliYcbcr	7.2
art-scans	haeckel_0034_radiolaria-green.png	zenjpeg	420	55	identity_off	27.545	72.742	1.4795	CjpegliYcbcr	5.2
art-scans	haeckel_0034_radiolaria-green.png	zenjpeg	420	55	model_policy	27.137	56.883	2.5668	CjpegliYcbcr	5.2
art-scans	haeckel_0034_radiolaria-green.png	zenjpeg	420	55	model_proj	28.226	71.483	1.5396	CjpegliYcbcr	5.2
art-scans	haeckel_0034_radiolaria-green.png	zenjpeg	420	75	identity_off	29.467	79.747	1.0823	CjpegliYcbcr	3.0
art-scans	haeckel_0034_radiolaria-green.png	zenjpeg	420	75	model_policy	28.243	59.929	2.4788	CjpegliYcbcr	3.0
art-scans	haeckel_0034_radiolaria-green.png	zenjpeg	420	75	model_proj	29.839	78.245	1.1839	CjpegliYcbcr	3.0
art-scans	haeckel_0034_radiolaria-green.png	zenjpeg	420	90	identity_off	31.861	85.628	0.7819	CjpegliYcbcr	1.3
art-scans	haeckel_0034_radiolaria-green.png	zenjpeg	420	90	model_policy	29.209	60.993	2.4551	CjpegliYcbcr	1.3
art-scans	haeckel_0034_radiolaria-green.png	zenjpeg	420	90	model_proj	32.226	85.192	0.8280	CjpegliYcbcr	1.3
art-scans	haeckel_0034_radiolaria-green.png	zenjpeg	444	15	identity_off	25.035	56.599	2.2357	CjpegliYcbcr	11.8
art-scans	haeckel_0034_radiolaria-green.png	zenjpeg	444	15	model_policy	25.453	48.044	2.9635	CjpegliYcbcr	11.8
art-scans	haeckel_0034_radiolaria-green.png	zenjpeg	444	15	model_proj	26.412	57.457	2.3442	CjpegliYcbcr	11.8
art-scans	haeckel_0034_radiolaria-green.png	zenjpeg	444	35	identity_off	27.561	71.379	1.5283	CjpegliYcbcr	6.0
art-scans	haeckel_0034_radiolaria-green.png	zenjpeg	444	35	model_policy	27.376	56.826	2.6529	CjpegliYcbcr	6.0
art-scans	haeckel_0034_radiolaria-green.png	zenjpeg	444	35	model_proj	28.542	69.702	1.7212	CjpegliYcbcr	6.0
art-scans	haeckel_0034_radiolaria-green.png	zenjpeg	444	55	identity_off	28.850	76.473	1.2665	CjpegliYcbcr	4.1
art-scans	haeckel_0034_radiolaria-green.png	zenjpeg	444	55	model_policy	28.119	58.824	2.5545	CjpegliYcbcr	4.1
art-scans	haeckel_0034_radiolaria-green.png	zenjpeg	444	55	model_proj	29.571	74.199	1.4947	CjpegliYcbcr	4.1
art-scans	haeckel_0034_radiolaria-green.png	zenjpeg	444	75	identity_off	30.848	82.778	0.9008	CjpegliYcbcr	2.3
art-scans	haeckel_0034_radiolaria-green.png	zenjpeg	444	75	model_policy	29.039	60.599	2.5076	CjpegliYcbcr	2.3
art-scans	haeckel_0034_radiolaria-green.png	zenjpeg	444	75	model_proj	31.207	80.206	1.1435	CjpegliYcbcr	2.3
art-scans	haeckel_0034_radiolaria-green.png	zenjpeg	444	90	identity_off	34.471	89.675	0.5118	CjpegliYcbcr	1.1
art-scans	haeckel_0034_radiolaria-green.png	zenjpeg	444	90	model_policy	30.048	61.307	2.5007	CjpegliYcbcr	1.1
art-scans	haeckel_0034_radiolaria-green.png	zenjpeg	444	90	model_proj	34.208	87.178	0.7627	CjpegliYcbcr	1.1
art-scans	haeckel_0040_starfish.png	turbo	420	15	identity_off	22.341	13.511	5.5672	Unknown	15.0
art-scans	haeckel_0040_starfish.png	turbo	420	15	model_policy	22.449	10.460	5.8665	Unknown	15.0
art-scans	haeckel_0040_starfish.png	turbo	420	15	model_proj	22.893	17.209	5.3552	Unknown	15.0
art-scans	haeckel_0040_starfish.png	turbo	420	35	identity_off	24.128	38.900	3.9995	ImageMagick	35.0
art-scans	haeckel_0040_starfish.png	turbo	420	35	model_policy	24.103	34.131	4.3363	ImageMagick	35.0
art-scans	haeckel_0040_starfish.png	turbo	420	35	model_proj	24.586	40.696	3.9342	ImageMagick	35.0
art-scans	haeckel_0040_starfish.png	turbo	420	55	identity_off	25.572	51.081	3.2072	ImageMagick	55.0
art-scans	haeckel_0040_starfish.png	turbo	420	55	model_policy	25.406	45.760	3.5623	ImageMagick	55.0
art-scans	haeckel_0040_starfish.png	turbo	420	55	model_proj	25.957	52.568	3.0983	ImageMagick	55.0
art-scans	haeckel_0040_starfish.png	turbo	420	75	identity_off	27.652	64.402	2.3537	ImageMagick	75.0
art-scans	haeckel_0040_starfish.png	turbo	420	75	model_policy	27.159	57.655	2.8266	ImageMagick	75.0
art-scans	haeckel_0040_starfish.png	turbo	420	75	model_proj	27.923	64.887	2.3397	ImageMagick	75.0
art-scans	haeckel_0040_starfish.png	turbo	420	90	identity_off	29.983	75.576	1.6401	ImageMagick	90.0
art-scans	haeckel_0040_starfish.png	turbo	420	90	model_policy	28.695	66.045	2.2534	ImageMagick	90.0
art-scans	haeckel_0040_starfish.png	turbo	420	90	model_proj	30.301	75.735	1.6732	ImageMagick	90.0
art-scans	haeckel_0040_starfish.png	turbo	444	15	identity_off	25.278	44.333	3.2728	Unknown	15.0
art-scans	haeckel_0040_starfish.png	turbo	444	15	model_policy	25.425	39.036	3.8903	Unknown	15.0
art-scans	haeckel_0040_starfish.png	turbo	444	15	model_proj	25.864	42.467	3.9066	Unknown	15.0
art-scans	haeckel_0040_starfish.png	turbo	444	35	identity_off	28.550	69.241	1.8931	ImageMagick	35.0
art-scans	haeckel_0040_starfish.png	turbo	444	35	model_policy	28.052	58.770	2.8127	ImageMagick	35.0
art-scans	haeckel_0040_starfish.png	turbo	444	35	model_proj	28.775	64.493	2.5810	ImageMagick	35.0
art-scans	haeckel_0040_starfish.png	turbo	444	55	identity_off	30.280	77.169	1.4525	ImageMagick	55.0
art-scans	haeckel_0040_starfish.png	turbo	444	55	model_policy	29.143	64.079	2.4893	ImageMagick	55.0
art-scans	haeckel_0040_starfish.png	turbo	444	55	model_proj	30.315	72.877	1.9271	ImageMagick	55.0
art-scans	haeckel_0040_starfish.png	turbo	444	75	identity_off	32.455	83.861	1.0898	ImageMagick	75.0
art-scans	haeckel_0040_starfish.png	turbo	444	75	model_policy	30.348	67.442	2.3906	ImageMagick	75.0
art-scans	haeckel_0040_starfish.png	turbo	444	75	model_proj	32.309	80.249	1.4379	ImageMagick	75.0
art-scans	haeckel_0040_starfish.png	turbo	444	90	identity_off	36.797	90.612	0.6411	ImageMagick	90.0
art-scans	haeckel_0040_starfish.png	turbo	444	90	model_policy	31.747	69.601	2.2693	ImageMagick	90.0
art-scans	haeckel_0040_starfish.png	turbo	444	90	model_proj	36.271	87.766	0.9626	ImageMagick	90.0
art-scans	haeckel_0040_starfish.png	mozjpeg	420	15	identity_off	22.484	13.324	5.2501	Mozjpeg	15.0
art-scans	haeckel_0040_starfish.png	mozjpeg	420	15	model_policy	22.538	9.602	5.4886	Mozjpeg	15.0
art-scans	haeckel_0040_starfish.png	mozjpeg	420	15	model_proj	22.988	14.827	5.2199	Mozjpeg	15.0
art-scans	haeckel_0040_starfish.png	mozjpeg	420	35	identity_off	25.306	48.175	3.2297	Mozjpeg	35.0
art-scans	haeckel_0040_starfish.png	mozjpeg	420	35	model_policy	25.110	42.978	3.5355	Mozjpeg	35.0
art-scans	haeckel_0040_starfish.png	mozjpeg	420	35	model_proj	25.587	47.091	3.4093	Mozjpeg	35.0
art-scans	haeckel_0040_starfish.png	mozjpeg	420	55	identity_off	26.788	60.126	2.5287	Mozjpeg	55.0
art-scans	haeckel_0040_starfish.png	mozjpeg	420	55	model_policy	26.335	53.612	2.9453	Mozjpeg	55.0
art-scans	haeckel_0040_starfish.png	mozjpeg	420	55	model_proj	26.938	58.172	2.7456	Mozjpeg	55.0
art-scans	haeckel_0040_starfish.png	mozjpeg	420	75	identity_off	28.314	68.785	2.0247	Mozjpeg	75.0
art-scans	haeckel_0040_starfish.png	mozjpeg	420	75	model_policy	27.458	60.626	2.5082	Mozjpeg	75.0
art-scans	haeckel_0040_starfish.png	mozjpeg	420	75	model_proj	28.427	67.069	2.2140	Mozjpeg	75.0
art-scans	haeckel_0040_starfish.png	mozjpeg	420	90	identity_off	30.003	75.982	1.6228	Mozjpeg	90.0
art-scans	haeckel_0040_starfish.png	mozjpeg	420	90	model_policy	28.524	65.478	2.2796	Mozjpeg	90.0
art-scans	haeckel_0040_starfish.png	mozjpeg	420	90	model_proj	30.599	77.211	1.5781	Mozjpeg	90.0
art-scans	haeckel_0040_starfish.png	mozjpeg	444	15	identity_off	25.331	39.503	3.3757	Mozjpeg	15.0
art-scans	haeckel_0040_starfish.png	mozjpeg	444	15	model_policy	25.284	32.397	3.8487	Mozjpeg	15.0
art-scans	haeckel_0040_starfish.png	mozjpeg	444	15	model_proj	25.372	34.648	4.0989	Mozjpeg	15.0
art-scans	haeckel_0040_starfish.png	mozjpeg	444	35	identity_off	29.445	69.127	1.8262	Mozjpeg	35.0
art-scans	haeckel_0040_starfish.png	mozjpeg	444	35	model_policy	28.277	57.365	2.7874	Mozjpeg	35.0
art-scans	haeckel_0040_starfish.png	mozjpeg	444	35	model_proj	28.745	61.442	2.6278	Mozjpeg	35.0
art-scans	haeckel_0040_starfish.png	mozjpeg	444	55	identity_off	31.688	78.610	1.3064	Mozjpeg	55.0
art-scans	haeckel_0040_starfish.png	mozjpeg	444	55	model_policy	29.535	63.444	2.5075	Mozjpeg	55.0
art-scans	haeckel_0040_starfish.png	mozjpeg	444	55	model_proj	30.642	71.135	2.0754	Mozjpeg	55.0
art-scans	haeckel_0040_starfish.png	mozjpeg	444	75	identity_off	34.499	85.548	0.8969	Mozjpeg	75.0
art-scans	haeckel_0040_starfish.png	mozjpeg	444	75	model_policy	30.658	66.681	2.3899	Mozjpeg	75.0
art-scans	haeckel_0040_starfish.png	mozjpeg	444	75	model_proj	33.149	79.663	1.4678	Mozjpeg	75.0
art-scans	haeckel_0040_starfish.png	mozjpeg	444	90	identity_off	39.192	91.749	0.5010	Mozjpeg	90.0
art-scans	haeckel_0040_starfish.png	mozjpeg	444	90	model_policy	31.637	68.507	2.3815	Mozjpeg	90.0
art-scans	haeckel_0040_starfish.png	mozjpeg	444	90	model_proj	37.389	87.761	0.9132	Mozjpeg	90.0
art-scans	haeckel_0040_starfish.png	jpegli	420	15	identity_off	24.261	41.682	3.4944	CjpegliYcbcr	14.2
art-scans	haeckel_0040_starfish.png	jpegli	420	15	model_policy	24.162	35.179	3.8833	CjpegliYcbcr	14.2
art-scans	haeckel_0040_starfish.png	jpegli	420	15	model_proj	24.610	39.559	3.7780	CjpegliYcbcr	14.2
art-scans	haeckel_0040_starfish.png	jpegli	420	35	identity_off	26.210	60.006	2.4748	CjpegliYcbcr	7.2
art-scans	haeckel_0040_starfish.png	jpegli	420	35	model_policy	25.838	52.152	2.9538	CjpegliYcbcr	7.2
art-scans	haeckel_0040_starfish.png	jpegli	420	35	model_proj	26.347	56.042	2.8852	CjpegliYcbcr	7.2
art-scans	haeckel_0040_starfish.png	jpegli	420	55	identity_off	27.138	65.701	2.1201	CjpegliYcbcr	5.2
art-scans	haeckel_0040_starfish.png	jpegli	420	55	model_policy	26.588	57.145	2.6970	CjpegliYcbcr	5.2
art-scans	haeckel_0040_starfish.png	jpegli	420	55	model_proj	27.249	61.986	2.5304	CjpegliYcbcr	5.2
art-scans	haeckel_0040_starfish.png	jpegli	420	75	identity_off	28.545	72.136	1.7766	CjpegliYcbcr	3.0
art-scans	haeckel_0040_starfish.png	jpegli	420	75	model_policy	27.611	62.297	2.3999	CjpegliYcbcr	3.0
art-scans	haeckel_0040_starfish.png	jpegli	420	75	model_proj	28.744	69.704	2.0865	CjpegliYcbcr	3.0
art-scans	haeckel_0040_starfish.png	jpegli	420	90	identity_off	29.994	77.100	1.5574	CjpegliYcbcr	1.3
art-scans	haeckel_0040_starfish.png	jpegli	420	90	model_policy	28.511	65.687	2.2333	CjpegliYcbcr	1.3
art-scans	haeckel_0040_starfish.png	jpegli	420	90	model_proj	30.906	79.415	1.4386	CjpegliYcbcr	1.3
art-scans	haeckel_0040_starfish.png	jpegli	444	15	identity_off	24.906	46.815	3.0674	CjpegliYcbcr	11.8
art-scans	haeckel_0040_starfish.png	jpegli	444	15	model_policy	24.897	39.550	3.6240	CjpegliYcbcr	11.8
art-scans	haeckel_0040_starfish.png	jpegli	444	15	model_proj	25.398	44.024	3.7918	CjpegliYcbcr	11.8
art-scans	haeckel_0040_starfish.png	jpegli	444	35	identity_off	27.463	67.398	2.0291	CjpegliYcbcr	6.0
art-scans	haeckel_0040_starfish.png	jpegli	444	35	model_policy	26.978	55.639	2.9199	CjpegliYcbcr	6.0
art-scans	haeckel_0040_starfish.png	jpegli	444	35	model_proj	27.549	60.151	2.8682	CjpegliYcbcr	6.0
art-scans	haeckel_0040_starfish.png	jpegli	444	55	identity_off	28.797	73.044	1.6736	CjpegliYcbcr	4.1
art-scans	haeckel_0040_starfish.png	jpegli	444	55	model_policy	27.945	60.028	2.6881	CjpegliYcbcr	4.1
art-scans	haeckel_0040_starfish.png	jpegli	444	55	model_proj	28.694	65.468	2.5037	CjpegliYcbcr	4.1
art-scans	haeckel_0040_starfish.png	jpegli	444	75	identity_off	30.903	80.449	1.2581	CjpegliYcbcr	2.3
art-scans	haeckel_0040_starfish.png	jpegli	444	75	model_policy	29.232	64.350	2.4819	CjpegliYcbcr	2.3
art-scans	haeckel_0040_starfish.png	jpegli	444	75	model_proj	30.500	73.310	1.9725	CjpegliYcbcr	2.3
art-scans	haeckel_0040_starfish.png	jpegli	444	90	identity_off	34.913	88.586	0.7372	CjpegliYcbcr	1.1
art-scans	haeckel_0040_starfish.png	jpegli	444	90	model_policy	30.817	67.679	2.3585	CjpegliYcbcr	1.1
art-scans	haeckel_0040_starfish.png	jpegli	444	90	model_proj	34.049	83.417	1.2715	CjpegliYcbcr	1.1
art-scans	haeckel_0040_starfish.png	zenjpeg	420	15	identity_off	24.244	41.603	3.4978	CjpegliYcbcr	14.2
art-scans	haeckel_0040_starfish.png	zenjpeg	420	15	model_policy	24.147	35.080	3.8886	CjpegliYcbcr	14.2
art-scans	haeckel_0040_starfish.png	zenjpeg	420	15	model_proj	24.591	39.438	3.7820	CjpegliYcbcr	14.2
art-scans	haeckel_0040_starfish.png	zenjpeg	420	35	identity_off	26.188	59.779	2.5017	CjpegliYcbcr	7.2
art-scans	haeckel_0040_starfish.png	zenjpeg	420	35	model_policy	25.825	52.010	2.9464	CjpegliYcbcr	7.2
art-scans	haeckel_0040_starfish.png	zenjpeg	420	35	model_proj	26.329	56.007	2.8716	CjpegliYcbcr	7.2
art-scans	haeckel_0040_starfish.png	zenjpeg	420	55	identity_off	27.123	65.571	2.1220	CjpegliYcbcr	5.2
art-scans	haeckel_0040_starfish.png	zenjpeg	420	55	model_policy	26.576	57.079	2.6659	CjpegliYcbcr	5.2
art-scans	haeckel_0040_starfish.png	zenjpeg	420	55	model_proj	27.236	61.872	2.5258	CjpegliYcbcr	5.2
art-scans	haeckel_0040_starfish.png	zenjpeg	420	75	identity_off	28.522	72.158	1.7777	CjpegliYcbcr	3.0
art-scans	haeckel_0040_starfish.png	zenjpeg	420	75	model_policy	27.596	62.268	2.3991	CjpegliYcbcr	3.0
art-scans	haeckel_0040_starfish.png	zenjpeg	420	75	model_proj	28.723	69.820	2.0992	CjpegliYcbcr	3.0
art-scans	haeckel_0040_starfish.png	zenjpeg	420	90	identity_off	29.982	77.083	1.5569	CjpegliYcbcr	1.3
art-scans	haeckel_0040_starfish.png	zenjpeg	420	90	model_policy	28.506	65.600	2.2486	CjpegliYcbcr	1.3
art-scans	haeckel_0040_starfish.png	zenjpeg	420	90	model_proj	30.892	79.402	1.4438	CjpegliYcbcr	1.3
art-scans	haeckel_0040_starfish.png	zenjpeg	444	15	identity_off	24.884	46.702	3.0677	CjpegliYcbcr	11.8
art-scans	haeckel_0040_starfish.png	zenjpeg	444	15	model_policy	24.877	39.453	3.6329	CjpegliYcbcr	11.8
art-scans	haeckel_0040_starfish.png	zenjpeg	444	15	model_proj	25.380	43.739	3.8026	CjpegliYcbcr	11.8
art-scans	haeckel_0040_starfish.png	zenjpeg	444	35	identity_off	27.437	67.193	2.0438	CjpegliYcbcr	6.0
art-scans	haeckel_0040_starfish.png	zenjpeg	444	35	model_policy	26.964	55.530	2.9521	CjpegliYcbcr	6.0
art-scans	haeckel_0040_starfish.png	zenjpeg	444	35	model_proj	27.532	59.971	2.8728	CjpegliYcbcr	6.0
art-scans	haeckel_0040_starfish.png	zenjpeg	444	55	identity_off	28.769	73.008	1.6760	CjpegliYcbcr	4.1
art-scans	haeckel_0040_starfish.png	zenjpeg	444	55	model_policy	27.926	60.050	2.6914	CjpegliYcbcr	4.1
art-scans	haeckel_0040_starfish.png	zenjpeg	444	55	model_proj	28.682	65.488	2.5051	CjpegliYcbcr	4.1
art-scans	haeckel_0040_starfish.png	zenjpeg	444	75	identity_off	30.866	80.324	1.2642	CjpegliYcbcr	2.3
art-scans	haeckel_0040_starfish.png	zenjpeg	444	75	model_policy	29.210	64.343	2.4936	CjpegliYcbcr	2.3
art-scans	haeckel_0040_starfish.png	zenjpeg	444	75	model_proj	30.474	73.179	1.9808	CjpegliYcbcr	2.3
art-scans	haeckel_0040_starfish.png	zenjpeg	444	90	identity_off	34.860	88.521	0.7467	CjpegliYcbcr	1.1
art-scans	haeckel_0040_starfish.png	zenjpeg	444	90	model_policy	30.815	67.761	2.3428	CjpegliYcbcr	1.1
art-scans	haeckel_0040_starfish.png	zenjpeg	444	90	model_proj	34.016	83.213	1.2735	CjpegliYcbcr	1.1
maps	nps_nps-bibe-2023-Wild-and-Scenic-Rivers-Brochure_p01.png	turbo	420	15	identity_off	27.457	31.374	3.1410	Unknown	15.0
maps	nps_nps-bibe-2023-Wild-and-Scenic-Rivers-Brochure_p01.png	turbo	420	15	model_policy	27.828	36.090	2.8724	Unknown	15.0
maps	nps_nps-bibe-2023-Wild-and-Scenic-Rivers-Brochure_p01.png	turbo	420	15	model_proj	31.755	46.393	2.6613	Unknown	15.0
maps	nps_nps-bibe-2023-Wild-and-Scenic-Rivers-Brochure_p01.png	turbo	420	35	identity_off	30.533	57.786	2.0464	ImageMagick	35.0
maps	nps_nps-bibe-2023-Wild-and-Scenic-Rivers-Brochure_p01.png	turbo	420	35	model_policy	30.728	56.421	2.5078	ImageMagick	35.0
maps	nps_nps-bibe-2023-Wild-and-Scenic-Rivers-Brochure_p01.png	turbo	420	35	model_proj	35.121	70.445	1.4502	ImageMagick	35.0
maps	nps_nps-bibe-2023-Wild-and-Scenic-Rivers-Brochure_p01.png	turbo	420	55	identity_off	32.496	67.715	1.7223	ImageMagick	55.0
maps	nps_nps-bibe-2023-Wild-and-Scenic-Rivers-Brochure_p01.png	turbo	420	55	model_policy	32.371	63.424	2.3691	ImageMagick	55.0
maps	nps_nps-bibe-2023-Wild-and-Scenic-Rivers-Brochure_p01.png	turbo	420	55	model_proj	36.992	77.373	1.1503	ImageMagick	55.0
maps	nps_nps-bibe-2023-Wild-and-Scenic-Rivers-Brochure_p01.png	turbo	420	75	identity_off	35.313	74.608	1.3164	ImageMagick	75.0
maps	nps_nps-bibe-2023-Wild-and-Scenic-Rivers-Brochure_p01.png	turbo	420	75	model_policy	34.455	68.746	2.2602	ImageMagick	75.0
maps	nps_nps-bibe-2023-Wild-and-Scenic-Rivers-Brochure_p01.png	turbo	420	75	model_proj	39.600	82.363	0.8516	ImageMagick	75.0
maps	nps_nps-bibe-2023-Wild-and-Scenic-Rivers-Brochure_p01.png	turbo	420	90	identity_off	39.996	83.911	0.7953	ImageMagick	90.0
maps	nps_nps-bibe-2023-Wild-and-Scenic-Rivers-Brochure_p01.png	turbo	420	90	model_policy	36.862	74.913	2.3147	ImageMagick	90.0
maps	nps_nps-bibe-2023-Wild-and-Scenic-Rivers-Brochure_p01.png	turbo	420	90	model_proj	43.731	88.077	0.6457	ImageMagick	90.0
maps	nps_nps-bibe-2023-Wild-and-Scenic-Rivers-Brochure_p01.png	turbo	444	15	identity_off	27.499	33.973	3.1287	Unknown	15.0
maps	nps_nps-bibe-2023-Wild-and-Scenic-Rivers-Brochure_p01.png	turbo	444	15	model_policy	28.024	38.878	2.8528	Unknown	15.0
maps	nps_nps-bibe-2023-Wild-and-Scenic-Rivers-Brochure_p01.png	turbo	444	15	model_proj	32.100	49.308	2.6544	Unknown	15.0
maps	nps_nps-bibe-2023-Wild-and-Scenic-Rivers-Brochure_p01.png	turbo	444	35	identity_off	30.820	61.351	2.0386	ImageMagick	35.0
maps	nps_nps-bibe-2023-Wild-and-Scenic-Rivers-Brochure_p01.png	turbo	444	35	model_policy	31.304	59.347	2.5028	ImageMagick	35.0
maps	nps_nps-bibe-2023-Wild-and-Scenic-Rivers-Brochure_p01.png	turbo	444	35	model_proj	35.986	73.803	1.4547	ImageMagick	35.0
maps	nps_nps-bibe-2023-Wild-and-Scenic-Rivers-Brochure_p01.png	turbo	444	55	identity_off	32.910	70.072	1.7144	ImageMagick	55.0
maps	nps_nps-bibe-2023-Wild-and-Scenic-Rivers-Brochure_p01.png	turbo	444	55	model_policy	33.094	65.490	2.3666	ImageMagick	55.0
maps	nps_nps-bibe-2023-Wild-and-Scenic-Rivers-Brochure_p01.png	turbo	444	55	model_proj	38.041	79.630	1.1520	ImageMagick	55.0
maps	nps_nps-bibe-2023-Wild-and-Scenic-Rivers-Brochure_p01.png	turbo	444	75	identity_off	35.997	77.251	1.2900	ImageMagick	75.0
maps	nps_nps-bibe-2023-Wild-and-Scenic-Rivers-Brochure_p01.png	turbo	444	75	model_policy	35.376	70.673	2.2866	ImageMagick	75.0
maps	nps_nps-bibe-2023-Wild-and-Scenic-Rivers-Brochure_p01.png	turbo	444	75	model_proj	40.870	84.638	0.7649	ImageMagick	75.0
maps	nps_nps-bibe-2023-Wild-and-Scenic-Rivers-Brochure_p01.png	turbo	444	90	identity_off	41.467	85.863	0.7630	ImageMagick	90.0
maps	nps_nps-bibe-2023-Wild-and-Scenic-Rivers-Brochure_p01.png	turbo	444	90	model_policy	37.963	76.318	2.3186	ImageMagick	90.0
maps	nps_nps-bibe-2023-Wild-and-Scenic-Rivers-Brochure_p01.png	turbo	444	90	model_proj	45.455	89.659	0.6128	ImageMagick	90.0
maps	nps_nps-bibe-2023-Wild-and-Scenic-Rivers-Brochure_p01.png	mozjpeg	420	15	identity_off	24.867	25.018	3.9680	Mozjpeg	15.0
maps	nps_nps-bibe-2023-Wild-and-Scenic-Rivers-Brochure_p01.png	mozjpeg	420	15	model_policy	25.212	21.947	3.9225	Mozjpeg	15.0
maps	nps_nps-bibe-2023-Wild-and-Scenic-Rivers-Brochure_p01.png	mozjpeg	420	15	model_proj	29.398	36.920	3.0840	Mozjpeg	15.0
maps	nps_nps-bibe-2023-Wild-and-Scenic-Rivers-Brochure_p01.png	mozjpeg	420	35	identity_off	27.513	54.113	2.4922	Mozjpeg	35.0
maps	nps_nps-bibe-2023-Wild-and-Scenic-Rivers-Brochure_p01.png	mozjpeg	420	35	model_policy	27.811	49.426	2.7149	Mozjpeg	35.0
maps	nps_nps-bibe-2023-Wild-and-Scenic-Rivers-Brochure_p01.png	mozjpeg	420	35	model_proj	33.531	66.638	1.6216	Mozjpeg	35.0
maps	nps_nps-bibe-2023-Wild-and-Scenic-Rivers-Brochure_p01.png	mozjpeg	420	55	identity_off	29.136	66.031	1.9398	Mozjpeg	55.0
maps	nps_nps-bibe-2023-Wild-and-Scenic-Rivers-Brochure_p01.png	mozjpeg	420	55	model_policy	29.251	58.365	2.5378	Mozjpeg	55.0
maps	nps_nps-bibe-2023-Wild-and-Scenic-Rivers-Brochure_p01.png	mozjpeg	420	55	model_proj	35.405	76.020	1.1519	Mozjpeg	55.0
maps	nps_nps-bibe-2023-Wild-and-Scenic-Rivers-Brochure_p01.png	mozjpeg	420	75	identity_off	31.715	72.909	1.4436	Mozjpeg	75.0
maps	nps_nps-bibe-2023-Wild-and-Scenic-Rivers-Brochure_p01.png	mozjpeg	420	75	model_policy	31.522	64.894	2.4306	Mozjpeg	75.0
maps	nps_nps-bibe-2023-Wild-and-Scenic-Rivers-Brochure_p01.png	mozjpeg	420	75	model_proj	37.764	81.731	0.7874	Mozjpeg	75.0
maps	nps_nps-bibe-2023-Wild-and-Scenic-Rivers-Brochure_p01.png	mozjpeg	420	90	identity_off	36.231	81.173	0.9398	Mozjpeg	90.0
maps	nps_nps-bibe-2023-Wild-and-Scenic-Rivers-Brochure_p01.png	mozjpeg	420	90	model_policy	34.861	72.087	2.3599	Mozjpeg	90.0
maps	nps_nps-bibe-2023-Wild-and-Scenic-Rivers-Brochure_p01.png	mozjpeg	420	90	model_proj	41.636	86.815	0.6255	Mozjpeg	90.0
maps	nps_nps-bibe-2023-Wild-and-Scenic-Rivers-Brochure_p01.png	mozjpeg	444	15	identity_off	24.903	26.861	3.9473	Mozjpeg	15.0
maps	nps_nps-bibe-2023-Wild-and-Scenic-Rivers-Brochure_p01.png	mozjpeg	444	15	model_policy	25.323	24.216	3.7739	Mozjpeg	15.0
maps	nps_nps-bibe-2023-Wild-and-Scenic-Rivers-Brochure_p01.png	mozjpeg	444	15	model_proj	29.615	38.725	3.0833	Mozjpeg	15.0
maps	nps_nps-bibe-2023-Wild-and-Scenic-Rivers-Brochure_p01.png	mozjpeg	444	35	identity_off	27.643	57.223	2.4946	Mozjpeg	35.0
maps	nps_nps-bibe-2023-Wild-and-Scenic-Rivers-Brochure_p01.png	mozjpeg	444	35	model_policy	28.070	51.808	2.7162	Mozjpeg	35.0
maps	nps_nps-bibe-2023-Wild-and-Scenic-Rivers-Brochure_p01.png	mozjpeg	444	35	model_proj	34.104	68.921	1.6339	Mozjpeg	35.0
maps	nps_nps-bibe-2023-Wild-and-Scenic-Rivers-Brochure_p01.png	mozjpeg	444	55	identity_off	29.302	67.853	1.9316	Mozjpeg	55.0
maps	nps_nps-bibe-2023-Wild-and-Scenic-Rivers-Brochure_p01.png	mozjpeg	444	55	model_policy	29.554	59.467	2.5346	Mozjpeg	55.0
maps	nps_nps-bibe-2023-Wild-and-Scenic-Rivers-Brochure_p01.png	mozjpeg	444	55	model_proj	35.971	77.710	1.1585	Mozjpeg	55.0
maps	nps_nps-bibe-2023-Wild-and-Scenic-Rivers-Brochure_p01.png	mozjpeg	444	75	identity_off	31.958	74.532	1.4317	Mozjpeg	75.0
maps	nps_nps-bibe-2023-Wild-and-Scenic-Rivers-Brochure_p01.png	mozjpeg	444	75	model_policy	31.934	66.043	2.4381	Mozjpeg	75.0
maps	nps_nps-bibe-2023-Wild-and-Scenic-Rivers-Brochure_p01.png	mozjpeg	444	75	model_proj	38.266	82.959	0.7839	Mozjpeg	75.0
maps	nps_nps-bibe-2023-Wild-and-Scenic-Rivers-Brochure_p01.png	mozjpeg	444	90	identity_off	36.641	82.529	0.9229	Mozjpeg	90.0
maps	nps_nps-bibe-2023-Wild-and-Scenic-Rivers-Brochure_p01.png	mozjpeg	444	90	model_policy	35.415	72.922	2.3660	Mozjpeg	90.0
maps	nps_nps-bibe-2023-Wild-and-Scenic-Rivers-Brochure_p01.png	mozjpeg	444	90	model_proj	42.118	87.795	0.6150	Mozjpeg	90.0
maps	nps_nps-bibe-2023-Wild-and-Scenic-Rivers-Brochure_p01.png	jpegli	420	15	identity_off	27.319	48.627	2.7051	CjpegliYcbcr	14.2
maps	nps_nps-bibe-2023-Wild-and-Scenic-Rivers-Brochure_p01.png	jpegli	420	15	model_policy	27.437	41.729	3.5218	CjpegliYcbcr	14.2
maps	nps_nps-bibe-2023-Wild-and-Scenic-Rivers-Brochure_p01.png	jpegli	420	15	model_proj	32.470	60.866	2.0662	CjpegliYcbcr	14.2
maps	nps_nps-bibe-2023-Wild-and-Scenic-Rivers-Brochure_p01.png	jpegli	420	35	identity_off	30.443	64.028	1.8752	CjpegliYcbcr	7.2
maps	nps_nps-bibe-2023-Wild-and-Scenic-Rivers-Brochure_p01.png	jpegli	420	35	model_policy	30.419	57.450	2.3168	CjpegliYcbcr	7.2
maps	nps_nps-bibe-2023-Wild-and-Scenic-Rivers-Brochure_p01.png	jpegli	420	35	model_proj	35.363	73.246	1.2573	CjpegliYcbcr	7.2
maps	nps_nps-bibe-2023-Wild-and-Scenic-Rivers-Brochure_p01.png	jpegli	420	55	identity_off	32.346	70.847	1.5020	CjpegliYcbcr	5.2
maps	nps_nps-bibe-2023-Wild-and-Scenic-Rivers-Brochure_p01.png	jpegli	420	55	model_policy	31.880	62.833	2.5445	CjpegliYcbcr	5.2
maps	nps_nps-bibe-2023-Wild-and-Scenic-Rivers-Brochure_p01.png	jpegli	420	55	model_proj	36.856	78.484	0.9652	CjpegliYcbcr	5.2
maps	nps_nps-bibe-2023-Wild-and-Scenic-Rivers-Brochure_p01.png	jpegli	420	75	identity_off	35.624	76.749	1.0781	CjpegliYcbcr	3.0
maps	nps_nps-bibe-2023-Wild-and-Scenic-Rivers-Brochure_p01.png	jpegli	420	75	model_policy	34.156	68.003	2.4311	CjpegliYcbcr	3.0
maps	nps_nps-bibe-2023-Wild-and-Scenic-Rivers-Brochure_p01.png	jpegli	420	75	model_proj	39.403	82.495	0.7536	CjpegliYcbcr	3.0
maps	nps_nps-bibe-2023-Wild-and-Scenic-Rivers-Brochure_p01.png	jpegli	420	90	identity_off	40.257	82.922	0.7719	CjpegliYcbcr	1.3
maps	nps_nps-bibe-2023-Wild-and-Scenic-Rivers-Brochure_p01.png	jpegli	420	90	model_policy	36.683	72.892	2.3063	CjpegliYcbcr	1.3
maps	nps_nps-bibe-2023-Wild-and-Scenic-Rivers-Brochure_p01.png	jpegli	420	90	model_proj	43.318	86.852	0.6754	CjpegliYcbcr	1.3
maps	nps_nps-bibe-2023-Wild-and-Scenic-Rivers-Brochure_p01.png	jpegli	444	15	identity_off	28.036	49.560	2.5883	CjpegliYcbcr	11.8
maps	nps_nps-bibe-2023-Wild-and-Scenic-Rivers-Brochure_p01.png	jpegli	444	15	model_policy	28.324	45.191	2.6490	CjpegliYcbcr	11.8
maps	nps_nps-bibe-2023-Wild-and-Scenic-Rivers-Brochure_p01.png	jpegli	444	15	model_proj	33.002	61.867	2.1402	CjpegliYcbcr	11.8
maps	nps_nps-bibe-2023-Wild-and-Scenic-Rivers-Brochure_p01.png	jpegli	444	35	identity_off	31.299	65.393	1.8118	CjpegliYcbcr	6.0
maps	nps_nps-bibe-2023-Wild-and-Scenic-Rivers-Brochure_p01.png	jpegli	444	35	model_policy	30.927	59.711	3.3450	CjpegliYcbcr	6.0
maps	nps_nps-bibe-2023-Wild-and-Scenic-Rivers-Brochure_p01.png	jpegli	444	35	model_proj	35.758	74.719	1.5131	CjpegliYcbcr	6.0
maps	nps_nps-bibe-2023-Wild-and-Scenic-Rivers-Brochure_p01.png	jpegli	444	55	identity_off	33.368	72.982	1.4115	CjpegliYcbcr	4.1
maps	nps_nps-bibe-2023-Wild-and-Scenic-Rivers-Brochure_p01.png	jpegli	444	55	model_policy	32.469	64.071	2.8764	CjpegliYcbcr	4.1
maps	nps_nps-bibe-2023-Wild-and-Scenic-Rivers-Brochure_p01.png	jpegli	444	55	model_proj	37.483	79.976	1.0736	CjpegliYcbcr	4.1
maps	nps_nps-bibe-2023-Wild-and-Scenic-Rivers-Brochure_p01.png	jpegli	444	75	identity_off	36.533	77.931	0.9925	CjpegliYcbcr	2.3
maps	nps_nps-bibe-2023-Wild-and-Scenic-Rivers-Brochure_p01.png	jpegli	444	75	model_policy	34.852	68.648	2.2937	CjpegliYcbcr	2.3
maps	nps_nps-bibe-2023-Wild-and-Scenic-Rivers-Brochure_p01.png	jpegli	444	75	model_proj	40.180	83.308	0.7704	CjpegliYcbcr	2.3
maps	nps_nps-bibe-2023-Wild-and-Scenic-Rivers-Brochure_p01.png	jpegli	444	90	identity_off	41.050	84.041	0.7287	CjpegliYcbcr	1.1
maps	nps_nps-bibe-2023-Wild-and-Scenic-Rivers-Brochure_p01.png	jpegli	444	90	model_policy	37.121	73.330	2.2687	CjpegliYcbcr	1.1
maps	nps_nps-bibe-2023-Wild-and-Scenic-Rivers-Brochure_p01.png	jpegli	444	90	model_proj	44.095	86.967	0.6383	CjpegliYcbcr	1.1
maps	nps_nps-bibe-2023-Wild-and-Scenic-Rivers-Brochure_p01.png	zenjpeg	420	15	identity_off	27.278	48.310	2.7182	CjpegliYcbcr	14.2
maps	nps_nps-bibe-2023-Wild-and-Scenic-Rivers-Brochure_p01.png	zenjpeg	420	15	model_policy	27.394	42.135	3.5864	CjpegliYcbcr	14.2
maps	nps_nps-bibe-2023-Wild-and-Scenic-Rivers-Brochure_p01.png	zenjpeg	420	15	model_proj	32.400	60.793	2.0750	CjpegliYcbcr	14.2
maps	nps_nps-bibe-2023-Wild-and-Scenic-Rivers-Brochure_p01.png	zenjpeg	420	35	identity_off	30.375	63.628	1.9093	CjpegliYcbcr	7.2
maps	nps_nps-bibe-2023-Wild-and-Scenic-Rivers-Brochure_p01.png	zenjpeg	420	35	model_policy	30.370	57.601	2.2798	CjpegliYcbcr	7.2
maps	nps_nps-bibe-2023-Wild-and-Scenic-Rivers-Brochure_p01.png	zenjpeg	420	35	model_proj	35.277	72.909	1.3639	CjpegliYcbcr	7.2
maps	nps_nps-bibe-2023-Wild-and-Scenic-Rivers-Brochure_p01.png	zenjpeg	420	55	identity_off	32.252	70.590	1.5079	CjpegliYcbcr	5.2
maps	nps_nps-bibe-2023-Wild-and-Scenic-Rivers-Brochure_p01.png	zenjpeg	420	55	model_policy	31.837	62.562	2.4819	CjpegliYcbcr	5.2
maps	nps_nps-bibe-2023-Wild-and-Scenic-Rivers-Brochure_p01.png	zenjpeg	420	55	model_proj	36.742	78.217	0.9946	CjpegliYcbcr	5.2
maps	nps_nps-bibe-2023-Wild-and-Scenic-Rivers-Brochure_p01.png	zenjpeg	420	75	identity_off	35.533	76.552	1.0845	CjpegliYcbcr	3.0
maps	nps_nps-bibe-2023-Wild-and-Scenic-Rivers-Brochure_p01.png	zenjpeg	420	75	model_policy	34.125	67.963	2.4235	CjpegliYcbcr	3.0
maps	nps_nps-bibe-2023-Wild-and-Scenic-Rivers-Brochure_p01.png	zenjpeg	420	75	model_proj	39.290	82.500	0.7391	CjpegliYcbcr	3.0
maps	nps_nps-bibe-2023-Wild-and-Scenic-Rivers-Brochure_p01.png	zenjpeg	420	90	identity_off	40.140	83.443	0.7310	CjpegliYcbcr	1.3
maps	nps_nps-bibe-2023-Wild-and-Scenic-Rivers-Brochure_p01.png	zenjpeg	420	90	model_policy	36.659	73.372	2.3513	CjpegliYcbcr	1.3
maps	nps_nps-bibe-2023-Wild-and-Scenic-Rivers-Brochure_p01.png	zenjpeg	420	90	model_proj	43.150	86.785	0.6624	CjpegliYcbcr	1.3
maps	nps_nps-bibe-2023-Wild-and-Scenic-Rivers-Brochure_p01.png	zenjpeg	444	15	identity_off	27.986	47.974	2.5925	CjpegliYcbcr	11.8
maps	nps_nps-bibe-2023-Wild-and-Scenic-Rivers-Brochure_p01.png	zenjpeg	444	15	model_policy	28.279	45.197	2.6618	CjpegliYcbcr	11.8
maps	nps_nps-bibe-2023-Wild-and-Scenic-Rivers-Brochure_p01.png	zenjpeg	444	15	model_proj	32.962	61.314	2.1088	CjpegliYcbcr	11.8
maps	nps_nps-bibe-2023-Wild-and-Scenic-Rivers-Brochure_p01.png	zenjpeg	444	35	identity_off	31.192	64.846	1.8678	CjpegliYcbcr	6.0
maps	nps_nps-bibe-2023-Wild-and-Scenic-Rivers-Brochure_p01.png	zenjpeg	444	35	model_policy	30.813	60.577	3.4068	CjpegliYcbcr	6.0
maps	nps_nps-bibe-2023-Wild-and-Scenic-Rivers-Brochure_p01.png	zenjpeg	444	35	model_proj	35.541	74.331	1.5869	CjpegliYcbcr	6.0
maps	nps_nps-bibe-2023-Wild-and-Scenic-Rivers-Brochure_p01.png	zenjpeg	444	55	identity_off	33.273	72.856	1.4550	CjpegliYcbcr	4.1
maps	nps_nps-bibe-2023-Wild-and-Scenic-Rivers-Brochure_p01.png	zenjpeg	444	55	model_policy	32.320	63.955	3.0035	CjpegliYcbcr	4.1
maps	nps_nps-bibe-2023-Wild-and-Scenic-Rivers-Brochure_p01.png	zenjpeg	444	55	model_proj	37.303	79.978	1.1471	CjpegliYcbcr	4.1
maps	nps_nps-bibe-2023-Wild-and-Scenic-Rivers-Brochure_p01.png	zenjpeg	444	75	identity_off	36.437	77.878	1.0371	CjpegliYcbcr	2.3
maps	nps_nps-bibe-2023-Wild-and-Scenic-Rivers-Brochure_p01.png	zenjpeg	444	75	model_policy	34.793	69.028	2.3322	CjpegliYcbcr	2.3
maps	nps_nps-bibe-2023-Wild-and-Scenic-Rivers-Brochure_p01.png	zenjpeg	444	75	model_proj	40.011	83.192	0.8992	CjpegliYcbcr	2.3
maps	nps_nps-bibe-2023-Wild-and-Scenic-Rivers-Brochure_p01.png	zenjpeg	444	90	identity_off	40.929	84.399	0.7073	CjpegliYcbcr	1.1
maps	nps_nps-bibe-2023-Wild-and-Scenic-Rivers-Brochure_p01.png	zenjpeg	444	90	model_policy	37.068	73.659	2.3414	CjpegliYcbcr	1.1
maps	nps_nps-bibe-2023-Wild-and-Scenic-Rivers-Brochure_p01.png	zenjpeg	444	90	model_proj	43.903	87.204	0.6629	CjpegliYcbcr	1.1
maps	nps_nps-bibe-2023-Wild-and-Scenic-Rivers-Brochure_p02.png	turbo	420	15	identity_off	34.066	11.993	3.4371	Unknown	15.0
maps	nps_nps-bibe-2023-Wild-and-Scenic-Rivers-Brochure_p02.png	turbo	420	15	model_policy	34.218	18.605	3.3905	Unknown	15.0
maps	nps_nps-bibe-2023-Wild-and-Scenic-Rivers-Brochure_p02.png	turbo	420	15	model_proj	34.674	33.749	3.1193	Unknown	15.0
maps	nps_nps-bibe-2023-Wild-and-Scenic-Rivers-Brochure_p02.png	turbo	420	35	identity_off	38.004	54.999	1.7071	ImageMagick	35.0
maps	nps_nps-bibe-2023-Wild-and-Scenic-Rivers-Brochure_p02.png	turbo	420	35	model_policy	36.450	31.340	3.0667	ImageMagick	35.0
maps	nps_nps-bibe-2023-Wild-and-Scenic-Rivers-Brochure_p02.png	turbo	420	35	model_proj	38.551	63.191	1.5400	ImageMagick	35.0
maps	nps_nps-bibe-2023-Wild-and-Scenic-Rivers-Brochure_p02.png	turbo	420	55	identity_off	39.420	68.141	1.4309	ImageMagick	55.0
maps	nps_nps-bibe-2023-Wild-and-Scenic-Rivers-Brochure_p02.png	turbo	420	55	model_policy	37.895	43.077	2.5404	ImageMagick	55.0
maps	nps_nps-bibe-2023-Wild-and-Scenic-Rivers-Brochure_p02.png	turbo	420	55	model_proj	39.954	71.902	1.3388	ImageMagick	55.0
maps	nps_nps-bibe-2023-Wild-and-Scenic-Rivers-Brochure_p02.png	turbo	420	75	identity_off	42.152	78.599	0.9592	ImageMagick	75.0
maps	nps_nps-bibe-2023-Wild-and-Scenic-Rivers-Brochure_p02.png	turbo	420	75	model_policy	39.286	48.364	2.3365	ImageMagick	75.0
maps	nps_nps-bibe-2023-Wild-and-Scenic-Rivers-Brochure_p02.png	turbo	420	75	model_proj	42.859	80.030	0.8842	ImageMagick	75.0
maps	nps_nps-bibe-2023-Wild-and-Scenic-Rivers-Brochure_p02.png	turbo	420	90	identity_off	46.203	88.020	0.5876	ImageMagick	90.0
maps	nps_nps-bibe-2023-Wild-and-Scenic-Rivers-Brochure_p02.png	turbo	420	90	model_policy	40.958	55.579	2.0102	ImageMagick	90.0
maps	nps_nps-bibe-2023-Wild-and-Scenic-Rivers-Brochure_p02.png	turbo	420	90	model_proj	46.511	87.992	0.5260	ImageMagick	90.0
maps	nps_nps-bibe-2023-Wild-and-Scenic-Rivers-Brochure_p02.png	turbo	444	15	identity_off	34.203	13.364	3.4543	Unknown	15.0
maps	nps_nps-bibe-2023-Wild-and-Scenic-Rivers-Brochure_p02.png	turbo	444	15	model_policy	34.399	19.251	3.4017	Unknown	15.0
maps	nps_nps-bibe-2023-Wild-and-Scenic-Rivers-Brochure_p02.png	turbo	444	15	model_proj	34.851	34.475	3.1300	Unknown	15.0
maps	nps_nps-bibe-2023-Wild-and-Scenic-Rivers-Brochure_p02.png	turbo	444	35	identity_off	38.251	56.929	1.7033	ImageMagick	35.0
maps	nps_nps-bibe-2023-Wild-and-Scenic-Rivers-Brochure_p02.png	turbo	444	35	model_policy	36.599	32.858	3.0583	ImageMagick	35.0
maps	nps_nps-bibe-2023-Wild-and-Scenic-Rivers-Brochure_p02.png	turbo	444	35	model_proj	38.763	64.364	1.5395	ImageMagick	35.0
maps	nps_nps-bibe-2023-Wild-and-Scenic-Rivers-Brochure_p02.png	turbo	444	55	identity_off	39.648	69.165	1.4593	ImageMagick	55.0
maps	nps_nps-bibe-2023-Wild-and-Scenic-Rivers-Brochure_p02.png	turbo	444	55	model_policy	38.040	44.056	2.5281	ImageMagick	55.0
maps	nps_nps-bibe-2023-Wild-and-Scenic-Rivers-Brochure_p02.png	turbo	444	55	model_proj	40.143	72.633	1.3685	ImageMagick	55.0
maps	nps_nps-bibe-2023-Wild-and-Scenic-Rivers-Brochure_p02.png	turbo	444	75	identity_off	42.512	79.790	0.9653	ImageMagick	75.0
maps	nps_nps-bibe-2023-Wild-and-Scenic-Rivers-Brochure_p02.png	turbo	444	75	model_policy	39.502	49.043	2.2779	ImageMagick	75.0
maps	nps_nps-bibe-2023-Wild-and-Scenic-Rivers-Brochure_p02.png	turbo	444	75	model_proj	43.165	80.751	0.9041	ImageMagick	75.0
maps	nps_nps-bibe-2023-Wild-and-Scenic-Rivers-Brochure_p02.png	turbo	444	90	identity_off	46.943	89.189	0.5734	ImageMagick	90.0
maps	nps_nps-bibe-2023-Wild-and-Scenic-Rivers-Brochure_p02.png	turbo	444	90	model_policy	41.124	55.461	2.0408	ImageMagick	90.0
maps	nps_nps-bibe-2023-Wild-and-Scenic-Rivers-Brochure_p02.png	turbo	444	90	model_proj	47.039	88.521	0.5186	ImageMagick	90.0
maps	nps_nps-bibe-2023-Wild-and-Scenic-Rivers-Brochure_p02.png	mozjpeg	420	15	identity_off	33.379	7.046	3.5908	Mozjpeg	15.0
maps	nps_nps-bibe-2023-Wild-and-Scenic-Rivers-Brochure_p02.png	mozjpeg	420	15	model_policy	33.318	7.831	3.8258	Mozjpeg	15.0
maps	nps_nps-bibe-2023-Wild-and-Scenic-Rivers-Brochure_p02.png	mozjpeg	420	15	model_proj	33.844	22.931	3.3268	Mozjpeg	15.0
maps	nps_nps-bibe-2023-Wild-and-Scenic-Rivers-Brochure_p02.png	mozjpeg	420	35	identity_off	37.037	49.439	1.9318	Mozjpeg	35.0
maps	nps_nps-bibe-2023-Wild-and-Scenic-Rivers-Brochure_p02.png	mozjpeg	420	35	model_policy	35.483	25.610	3.2756	Mozjpeg	35.0
maps	nps_nps-bibe-2023-Wild-and-Scenic-Rivers-Brochure_p02.png	mozjpeg	420	35	model_proj	37.095	54.522	1.8739	Mozjpeg	35.0
maps	nps_nps-bibe-2023-Wild-and-Scenic-Rivers-Brochure_p02.png	mozjpeg	420	55	identity_off	38.620	63.623	1.5705	Mozjpeg	55.0
maps	nps_nps-bibe-2023-Wild-and-Scenic-Rivers-Brochure_p02.png	mozjpeg	420	55	model_policy	36.539	32.226	3.1667	Mozjpeg	55.0
maps	nps_nps-bibe-2023-Wild-and-Scenic-Rivers-Brochure_p02.png	mozjpeg	420	55	model_proj	38.583	65.975	1.5392	Mozjpeg	55.0
maps	nps_nps-bibe-2023-Wild-and-Scenic-Rivers-Brochure_p02.png	mozjpeg	420	75	identity_off	41.436	76.854	1.0349	Mozjpeg	75.0
maps	nps_nps-bibe-2023-Wild-and-Scenic-Rivers-Brochure_p02.png	mozjpeg	420	75	model_policy	38.395	42.239	2.6028	Mozjpeg	75.0
maps	nps_nps-bibe-2023-Wild-and-Scenic-Rivers-Brochure_p02.png	mozjpeg	420	75	model_proj	41.276	76.542	1.0691	Mozjpeg	75.0
maps	nps_nps-bibe-2023-Wild-and-Scenic-Rivers-Brochure_p02.png	mozjpeg	420	90	identity_off	45.463	87.241	0.6238	Mozjpeg	90.0
maps	nps_nps-bibe-2023-Wild-and-Scenic-Rivers-Brochure_p02.png	mozjpeg	420	90	model_policy	40.271	51.400	2.2029	Mozjpeg	90.0
maps	nps_nps-bibe-2023-Wild-and-Scenic-Rivers-Brochure_p02.png	mozjpeg	420	90	model_proj	45.272	86.385	0.6415	Mozjpeg	90.0
maps	nps_nps-bibe-2023-Wild-and-Scenic-Rivers-Brochure_p02.png	mozjpeg	444	15	identity_off	33.523	7.991	3.5877	Mozjpeg	15.0
maps	nps_nps-bibe-2023-Wild-and-Scenic-Rivers-Brochure_p02.png	mozjpeg	444	15	model_policy	33.497	8.259	3.8061	Mozjpeg	15.0
maps	nps_nps-bibe-2023-Wild-and-Scenic-Rivers-Brochure_p02.png	mozjpeg	444	15	model_proj	34.030	23.349	3.3202	Mozjpeg	15.0
maps	nps_nps-bibe-2023-Wild-and-Scenic-Rivers-Brochure_p02.png	mozjpeg	444	35	identity_off	37.231	50.927	1.9195	Mozjpeg	35.0
maps	nps_nps-bibe-2023-Wild-and-Scenic-Rivers-Brochure_p02.png	mozjpeg	444	35	model_policy	35.605	27.300	3.2636	Mozjpeg	35.0
maps	nps_nps-bibe-2023-Wild-and-Scenic-Rivers-Brochure_p02.png	mozjpeg	444	35	model_proj	37.217	55.260	1.8693	Mozjpeg	35.0
maps	nps_nps-bibe-2023-Wild-and-Scenic-Rivers-Brochure_p02.png	mozjpeg	444	55	identity_off	38.830	64.131	1.5833	Mozjpeg	55.0
maps	nps_nps-bibe-2023-Wild-and-Scenic-Rivers-Brochure_p02.png	mozjpeg	444	55	model_policy	36.638	33.215	3.1560	Mozjpeg	55.0
maps	nps_nps-bibe-2023-Wild-and-Scenic-Rivers-Brochure_p02.png	mozjpeg	444	55	model_proj	38.678	66.070	1.5538	Mozjpeg	55.0
maps	nps_nps-bibe-2023-Wild-and-Scenic-Rivers-Brochure_p02.png	mozjpeg	444	75	identity_off	41.734	78.132	1.0248	Mozjpeg	75.0
maps	nps_nps-bibe-2023-Wild-and-Scenic-Rivers-Brochure_p02.png	mozjpeg	444	75	model_policy	38.529	42.178	2.6240	Mozjpeg	75.0
maps	nps_nps-bibe-2023-Wild-and-Scenic-Rivers-Brochure_p02.png	mozjpeg	444	75	model_proj	41.449	77.231	1.0674	Mozjpeg	75.0
maps	nps_nps-bibe-2023-Wild-and-Scenic-Rivers-Brochure_p02.png	mozjpeg	444	90	identity_off	45.938	88.188	0.6153	Mozjpeg	90.0
maps	nps_nps-bibe-2023-Wild-and-Scenic-Rivers-Brochure_p02.png	mozjpeg	444	90	model_policy	40.393	51.749	2.2047	Mozjpeg	90.0
maps	nps_nps-bibe-2023-Wild-and-Scenic-Rivers-Brochure_p02.png	mozjpeg	444	90	model_proj	45.581	86.785	0.6385	Mozjpeg	90.0
maps	nps_nps-bibe-2023-Wild-and-Scenic-Rivers-Brochure_p02.png	jpegli	420	15	identity_off	35.623	39.293	2.3257	CjpegliYcbcr	14.2
maps	nps_nps-bibe-2023-Wild-and-Scenic-Rivers-Brochure_p02.png	jpegli	420	15	model_policy	34.700	22.435	3.4049	CjpegliYcbcr	14.2
maps	nps_nps-bibe-2023-Wild-and-Scenic-Rivers-Brochure_p02.png	jpegli	420	15	model_proj	35.904	48.407	2.1969	CjpegliYcbcr	14.2
maps	nps_nps-bibe-2023-Wild-and-Scenic-Rivers-Brochure_p02.png	jpegli	420	35	identity_off	38.163	62.701	1.6817	CjpegliYcbcr	7.2
maps	nps_nps-bibe-2023-Wild-and-Scenic-Rivers-Brochure_p02.png	jpegli	420	35	model_policy	36.779	36.675	2.7281	CjpegliYcbcr	7.2
maps	nps_nps-bibe-2023-Wild-and-Scenic-Rivers-Brochure_p02.png	jpegli	420	35	model_proj	38.119	64.764	1.6608	CjpegliYcbcr	7.2
maps	nps_nps-bibe-2023-Wild-and-Scenic-Rivers-Brochure_p02.png	jpegli	420	55	identity_off	39.545	69.452	1.4176	CjpegliYcbcr	5.2
maps	nps_nps-bibe-2023-Wild-and-Scenic-Rivers-Brochure_p02.png	jpegli	420	55	model_policy	37.827	42.896	2.4500	CjpegliYcbcr	5.2
maps	nps_nps-bibe-2023-Wild-and-Scenic-Rivers-Brochure_p02.png	jpegli	420	55	model_proj	39.646	70.766	1.3776	CjpegliYcbcr	5.2
maps	nps_nps-bibe-2023-Wild-and-Scenic-Rivers-Brochure_p02.png	jpegli	420	75	identity_off	42.103	78.201	1.0309	CjpegliYcbcr	3.0
maps	nps_nps-bibe-2023-Wild-and-Scenic-Rivers-Brochure_p02.png	jpegli	420	75	model_policy	39.145	47.596	2.3351	CjpegliYcbcr	3.0
maps	nps_nps-bibe-2023-Wild-and-Scenic-Rivers-Brochure_p02.png	jpegli	420	75	model_proj	42.317	78.571	0.9882	CjpegliYcbcr	3.0
maps	nps_nps-bibe-2023-Wild-and-Scenic-Rivers-Brochure_p02.png	jpegli	420	90	identity_off	46.102	87.141	0.6264	CjpegliYcbcr	1.3
maps	nps_nps-bibe-2023-Wild-and-Scenic-Rivers-Brochure_p02.png	jpegli	420	90	model_policy	40.722	54.379	2.1275	CjpegliYcbcr	1.3
maps	nps_nps-bibe-2023-Wild-and-Scenic-Rivers-Brochure_p02.png	jpegli	420	90	model_proj	46.006	86.873	0.5925	CjpegliYcbcr	1.3
maps	nps_nps-bibe-2023-Wild-and-Scenic-Rivers-Brochure_p02.png	jpegli	444	15	identity_off	35.057	44.906	2.7251	CjpegliYcbcr	11.8
maps	nps_nps-bibe-2023-Wild-and-Scenic-Rivers-Brochure_p02.png	jpegli	444	15	model_policy	34.679	28.532	3.1184	CjpegliYcbcr	11.8
maps	nps_nps-bibe-2023-Wild-and-Scenic-Rivers-Brochure_p02.png	jpegli	444	15	model_proj	35.408	51.029	2.6311	CjpegliYcbcr	11.8
maps	nps_nps-bibe-2023-Wild-and-Scenic-Rivers-Brochure_p02.png	jpegli	444	35	identity_off	38.139	65.560	1.6469	CjpegliYcbcr	6.0
maps	nps_nps-bibe-2023-Wild-and-Scenic-Rivers-Brochure_p02.png	jpegli	444	35	model_policy	36.595	37.348	2.9192	CjpegliYcbcr	6.0
maps	nps_nps-bibe-2023-Wild-and-Scenic-Rivers-Brochure_p02.png	jpegli	444	35	model_proj	38.275	67.130	1.6072	CjpegliYcbcr	6.0
maps	nps_nps-bibe-2023-Wild-and-Scenic-Rivers-Brochure_p02.png	jpegli	444	55	identity_off	40.187	72.974	1.2876	CjpegliYcbcr	4.1
maps	nps_nps-bibe-2023-Wild-and-Scenic-Rivers-Brochure_p02.png	jpegli	444	55	model_policy	38.241	45.346	2.3634	CjpegliYcbcr	4.1
maps	nps_nps-bibe-2023-Wild-and-Scenic-Rivers-Brochure_p02.png	jpegli	444	55	model_proj	40.340	73.129	1.2564	CjpegliYcbcr	4.1
maps	nps_nps-bibe-2023-Wild-and-Scenic-Rivers-Brochure_p02.png	jpegli	444	75	identity_off	42.071	78.865	1.1361	CjpegliYcbcr	2.3
maps	nps_nps-bibe-2023-Wild-and-Scenic-Rivers-Brochure_p02.png	jpegli	444	75	model_policy	39.445	50.968	2.1569	CjpegliYcbcr	2.3
maps	nps_nps-bibe-2023-Wild-and-Scenic-Rivers-Brochure_p02.png	jpegli	444	75	model_proj	42.404	78.934	1.0976	CjpegliYcbcr	2.3
maps	nps_nps-bibe-2023-Wild-and-Scenic-Rivers-Brochure_p02.png	jpegli	444	90	identity_off	46.744	87.564	0.5510	CjpegliYcbcr	1.1
maps	nps_nps-bibe-2023-Wild-and-Scenic-Rivers-Brochure_p02.png	jpegli	444	90	model_policy	40.978	54.969	2.1291	CjpegliYcbcr	1.1
maps	nps_nps-bibe-2023-Wild-and-Scenic-Rivers-Brochure_p02.png	jpegli	444	90	model_proj	46.850	87.447	0.5293	CjpegliYcbcr	1.1
maps	nps_nps-bibe-2023-Wild-and-Scenic-Rivers-Brochure_p02.png	zenjpeg	420	15	identity_off	35.616	39.053	2.3285	CjpegliYcbcr	14.2
maps	nps_nps-bibe-2023-Wild-and-Scenic-Rivers-Brochure_p02.png	zenjpeg	420	15	model_policy	34.695	22.085	3.4145	CjpegliYcbcr	14.2
maps	nps_nps-bibe-2023-Wild-and-Scenic-Rivers-Brochure_p02.png	zenjpeg	420	15	model_proj	35.899	48.071	2.1972	CjpegliYcbcr	14.2
maps	nps_nps-bibe-2023-Wild-and-Scenic-Rivers-Brochure_p02.png	zenjpeg	420	35	identity_off	38.087	62.262	1.6902	CjpegliYcbcr	7.2
maps	nps_nps-bibe-2023-Wild-and-Scenic-Rivers-Brochure_p02.png	zenjpeg	420	35	model_policy	36.682	36.573	2.7659	CjpegliYcbcr	7.2
maps	nps_nps-bibe-2023-Wild-and-Scenic-Rivers-Brochure_p02.png	zenjpeg	420	35	model_proj	38.052	64.114	1.6713	CjpegliYcbcr	7.2
maps	nps_nps-bibe-2023-Wild-and-Scenic-Rivers-Brochure_p02.png	zenjpeg	420	55	identity_off	39.507	68.994	1.4275	CjpegliYcbcr	5.2
maps	nps_nps-bibe-2023-Wild-and-Scenic-Rivers-Brochure_p02.png	zenjpeg	420	55	model_policy	37.816	42.525	2.4433	CjpegliYcbcr	5.2
maps	nps_nps-bibe-2023-Wild-and-Scenic-Rivers-Brochure_p02.png	zenjpeg	420	55	model_proj	39.605	70.375	1.3858	CjpegliYcbcr	5.2
maps	nps_nps-bibe-2023-Wild-and-Scenic-Rivers-Brochure_p02.png	zenjpeg	420	75	identity_off	42.231	77.974	1.0162	CjpegliYcbcr	3.0
maps	nps_nps-bibe-2023-Wild-and-Scenic-Rivers-Brochure_p02.png	zenjpeg	420	75	model_policy	39.058	47.046	2.3833	CjpegliYcbcr	3.0
maps	nps_nps-bibe-2023-Wild-and-Scenic-Rivers-Brochure_p02.png	zenjpeg	420	75	model_proj	42.424	78.515	0.9734	CjpegliYcbcr	3.0
maps	nps_nps-bibe-2023-Wild-and-Scenic-Rivers-Brochure_p02.png	zenjpeg	420	90	identity_off	46.099	87.326	0.6201	CjpegliYcbcr	1.3
maps	nps_nps-bibe-2023-Wild-and-Scenic-Rivers-Brochure_p02.png	zenjpeg	420	90	model_policy	40.692	53.637	2.1435	CjpegliYcbcr	1.3
maps	nps_nps-bibe-2023-Wild-and-Scenic-Rivers-Brochure_p02.png	zenjpeg	420	90	model_proj	45.855	86.800	0.6085	CjpegliYcbcr	1.3
maps	nps_nps-bibe-2023-Wild-and-Scenic-Rivers-Brochure_p02.png	zenjpeg	444	15	identity_off	35.038	44.812	2.7222	CjpegliYcbcr	11.8
maps	nps_nps-bibe-2023-Wild-and-Scenic-Rivers-Brochure_p02.png	zenjpeg	444	15	model_policy	34.660	28.275	3.1258	CjpegliYcbcr	11.8
maps	nps_nps-bibe-2023-Wild-and-Scenic-Rivers-Brochure_p02.png	zenjpeg	444	15	model_proj	35.385	51.076	2.6276	CjpegliYcbcr	11.8
maps	nps_nps-bibe-2023-Wild-and-Scenic-Rivers-Brochure_p02.png	zenjpeg	444	35	identity_off	38.146	65.479	1.6541	CjpegliYcbcr	6.0
maps	nps_nps-bibe-2023-Wild-and-Scenic-Rivers-Brochure_p02.png	zenjpeg	444	35	model_policy	36.601	37.316	2.9272	CjpegliYcbcr	6.0
maps	nps_nps-bibe-2023-Wild-and-Scenic-Rivers-Brochure_p02.png	zenjpeg	444	35	model_proj	38.265	66.923	1.6188	CjpegliYcbcr	6.0
maps	nps_nps-bibe-2023-Wild-and-Scenic-Rivers-Brochure_p02.png	zenjpeg	444	55	identity_off	40.107	72.770	1.3321	CjpegliYcbcr	4.1
maps	nps_nps-bibe-2023-Wild-and-Scenic-Rivers-Brochure_p02.png	zenjpeg	444	55	model_policy	38.252	45.572	2.3502	CjpegliYcbcr	4.1
maps	nps_nps-bibe-2023-Wild-and-Scenic-Rivers-Brochure_p02.png	zenjpeg	444	55	model_proj	40.274	72.925	1.3040	CjpegliYcbcr	4.1
maps	nps_nps-bibe-2023-Wild-and-Scenic-Rivers-Brochure_p02.png	zenjpeg	444	75	identity_off	42.017	78.975	1.1390	CjpegliYcbcr	2.3
maps	nps_nps-bibe-2023-Wild-and-Scenic-Rivers-Brochure_p02.png	zenjpeg	444	75	model_policy	39.415	51.041	2.1653	CjpegliYcbcr	2.3
maps	nps_nps-bibe-2023-Wild-and-Scenic-Rivers-Brochure_p02.png	zenjpeg	444	75	model_proj	42.338	79.105	1.1042	CjpegliYcbcr	2.3
maps	nps_nps-bibe-2023-Wild-and-Scenic-Rivers-Brochure_p02.png	zenjpeg	444	90	identity_off	46.774	87.762	0.5552	CjpegliYcbcr	1.1
maps	nps_nps-bibe-2023-Wild-and-Scenic-Rivers-Brochure_p02.png	zenjpeg	444	90	model_policy	40.993	55.214	2.1263	CjpegliYcbcr	1.1
maps	nps_nps-bibe-2023-Wild-and-Scenic-Rivers-Brochure_p02.png	zenjpeg	444	90	model_proj	46.832	87.639	0.5333	CjpegliYcbcr	1.1
maps	nps_nps-biho-FINAL-VERSION_BIHO-unigrid_Side-1_X3_compressed-for-web-6_p01.png	turbo	420	15	identity_off	31.850	32.629	4.3345	Unknown	15.0
maps	nps_nps-biho-FINAL-VERSION_BIHO-unigrid_Side-1_X3_compressed-for-web-6_p01.png	turbo	420	15	model_policy	30.257	30.959	7.8479	Unknown	15.0
maps	nps_nps-biho-FINAL-VERSION_BIHO-unigrid_Side-1_X3_compressed-for-web-6_p01.png	turbo	420	15	model_proj	34.583	44.487	4.2674	Unknown	15.0
maps	nps_nps-biho-FINAL-VERSION_BIHO-unigrid_Side-1_X3_compressed-for-web-6_p01.png	turbo	420	35	identity_off	35.228	63.684	2.0641	ImageMagick	35.0
maps	nps_nps-biho-FINAL-VERSION_BIHO-unigrid_Side-1_X3_compressed-for-web-6_p01.png	turbo	420	35	model_policy	31.841	58.044	8.2754	ImageMagick	35.0
maps	nps_nps-biho-FINAL-VERSION_BIHO-unigrid_Side-1_X3_compressed-for-web-6_p01.png	turbo	420	35	model_proj	37.667	69.834	2.0053	ImageMagick	35.0
maps	nps_nps-biho-FINAL-VERSION_BIHO-unigrid_Side-1_X3_compressed-for-web-6_p01.png	turbo	420	55	identity_off	37.121	73.350	1.3012	ImageMagick	55.0
maps	nps_nps-biho-FINAL-VERSION_BIHO-unigrid_Side-1_X3_compressed-for-web-6_p01.png	turbo	420	55	model_policy	32.576	67.737	8.2700	ImageMagick	55.0
maps	nps_nps-biho-FINAL-VERSION_BIHO-unigrid_Side-1_X3_compressed-for-web-6_p01.png	turbo	420	55	model_proj	39.433	77.738	1.1671	ImageMagick	55.0
maps	nps_nps-biho-FINAL-VERSION_BIHO-unigrid_Side-1_X3_compressed-for-web-6_p01.png	turbo	420	75	identity_off	39.274	80.664	1.0371	ImageMagick	75.0
maps	nps_nps-biho-FINAL-VERSION_BIHO-unigrid_Side-1_X3_compressed-for-web-6_p01.png	turbo	420	75	model_policy	33.271	73.806	8.2637	ImageMagick	75.0
maps	nps_nps-biho-FINAL-VERSION_BIHO-unigrid_Side-1_X3_compressed-for-web-6_p01.png	turbo	420	75	model_proj	41.192	83.624	0.9605	ImageMagick	75.0
maps	nps_nps-biho-FINAL-VERSION_BIHO-unigrid_Side-1_X3_compressed-for-web-6_p01.png	turbo	420	90	identity_off	42.191	88.298	0.7012	ImageMagick	90.0
maps	nps_nps-biho-FINAL-VERSION_BIHO-unigrid_Side-1_X3_compressed-for-web-6_p01.png	turbo	420	90	model_policy	33.887	80.167	8.2602	ImageMagick	90.0
maps	nps_nps-biho-FINAL-VERSION_BIHO-unigrid_Side-1_X3_compressed-for-web-6_p01.png	turbo	420	90	model_proj	43.694	89.110	0.7696	ImageMagick	90.0
maps	nps_nps-biho-FINAL-VERSION_BIHO-unigrid_Side-1_X3_compressed-for-web-6_p01.png	turbo	444	15	identity_off	32.172	36.000	4.3262	Unknown	15.0
maps	nps_nps-biho-FINAL-VERSION_BIHO-unigrid_Side-1_X3_compressed-for-web-6_p01.png	turbo	444	15	model_policy	30.352	34.983	7.8376	Unknown	15.0
maps	nps_nps-biho-FINAL-VERSION_BIHO-unigrid_Side-1_X3_compressed-for-web-6_p01.png	turbo	444	15	model_proj	35.136	47.336	4.2630	Unknown	15.0
maps	nps_nps-biho-FINAL-VERSION_BIHO-unigrid_Side-1_X3_compressed-for-web-6_p01.png	turbo	444	35	identity_off	35.804	65.639	2.0483	ImageMagick	35.0
maps	nps_nps-biho-FINAL-VERSION_BIHO-unigrid_Side-1_X3_compressed-for-web-6_p01.png	turbo	444	35	model_policy	32.183	60.247	8.2738	ImageMagick	35.0
maps	nps_nps-biho-FINAL-VERSION_BIHO-unigrid_Side-1_X3_compressed-for-web-6_p01.png	turbo	444	35	model_proj	38.512	71.794	1.9969	ImageMagick	35.0
maps	nps_nps-biho-FINAL-VERSION_BIHO-unigrid_Side-1_X3_compressed-for-web-6_p01.png	turbo	444	55	identity_off	37.801	75.433	1.2768	ImageMagick	55.0
maps	nps_nps-biho-FINAL-VERSION_BIHO-unigrid_Side-1_X3_compressed-for-web-6_p01.png	turbo	444	55	model_policy	32.810	69.353	8.2687	ImageMagick	55.0
maps	nps_nps-biho-FINAL-VERSION_BIHO-unigrid_Side-1_X3_compressed-for-web-6_p01.png	turbo	444	55	model_proj	40.336	79.714	1.1437	ImageMagick	55.0
maps	nps_nps-biho-FINAL-VERSION_BIHO-unigrid_Side-1_X3_compressed-for-web-6_p01.png	turbo	444	75	identity_off	40.233	82.058	1.0258	ImageMagick	75.0
maps	nps_nps-biho-FINAL-VERSION_BIHO-unigrid_Side-1_X3_compressed-for-web-6_p01.png	turbo	444	75	model_policy	33.506	74.163	8.2632	ImageMagick	75.0
maps	nps_nps-biho-FINAL-VERSION_BIHO-unigrid_Side-1_X3_compressed-for-web-6_p01.png	turbo	444	75	model_proj	42.533	85.221	0.9545	ImageMagick	75.0
maps	nps_nps-biho-FINAL-VERSION_BIHO-unigrid_Side-1_X3_compressed-for-web-6_p01.png	turbo	444	90	identity_off	44.286	89.307	0.6923	ImageMagick	90.0
maps	nps_nps-biho-FINAL-VERSION_BIHO-unigrid_Side-1_X3_compressed-for-web-6_p01.png	turbo	444	90	model_policy	34.164	80.165	8.2587	ImageMagick	90.0
maps	nps_nps-biho-FINAL-VERSION_BIHO-unigrid_Side-1_X3_compressed-for-web-6_p01.png	turbo	444	90	model_proj	45.695	90.358	0.7695	ImageMagick	90.0
maps	nps_nps-biho-FINAL-VERSION_BIHO-unigrid_Side-1_X3_compressed-for-web-6_p01.png	mozjpeg	420	15	identity_off	30.338	26.249	5.2808	Mozjpeg	15.0
maps	nps_nps-biho-FINAL-VERSION_BIHO-unigrid_Side-1_X3_compressed-for-web-6_p01.png	mozjpeg	420	15	model_policy	29.120	20.311	7.9494	Mozjpeg	15.0
maps	nps_nps-biho-FINAL-VERSION_BIHO-unigrid_Side-1_X3_compressed-for-web-6_p01.png	mozjpeg	420	15	model_proj	32.898	33.382	5.2440	Mozjpeg	15.0
maps	nps_nps-biho-FINAL-VERSION_BIHO-unigrid_Side-1_X3_compressed-for-web-6_p01.png	mozjpeg	420	35	identity_off	33.530	59.777	1.8744	Mozjpeg	35.0
maps	nps_nps-biho-FINAL-VERSION_BIHO-unigrid_Side-1_X3_compressed-for-web-6_p01.png	mozjpeg	420	35	model_policy	30.879	49.145	8.2869	Mozjpeg	35.0
maps	nps_nps-biho-FINAL-VERSION_BIHO-unigrid_Side-1_X3_compressed-for-web-6_p01.png	mozjpeg	420	35	model_proj	36.555	64.420	1.7913	Mozjpeg	35.0
maps	nps_nps-biho-FINAL-VERSION_BIHO-unigrid_Side-1_X3_compressed-for-web-6_p01.png	mozjpeg	420	55	identity_off	35.139	70.643	1.3789	Mozjpeg	55.0
maps	nps_nps-biho-FINAL-VERSION_BIHO-unigrid_Side-1_X3_compressed-for-web-6_p01.png	mozjpeg	420	55	model_policy	31.772	62.616	8.2729	Mozjpeg	55.0
maps	nps_nps-biho-FINAL-VERSION_BIHO-unigrid_Side-1_X3_compressed-for-web-6_p01.png	mozjpeg	420	55	model_proj	38.105	73.961	1.3187	Mozjpeg	55.0
maps	nps_nps-biho-FINAL-VERSION_BIHO-unigrid_Side-1_X3_compressed-for-web-6_p01.png	mozjpeg	420	75	identity_off	37.534	78.536	1.0548	Mozjpeg	75.0
maps	nps_nps-biho-FINAL-VERSION_BIHO-unigrid_Side-1_X3_compressed-for-web-6_p01.png	mozjpeg	420	75	model_policy	32.624	71.232	8.2745	Mozjpeg	75.0
maps	nps_nps-biho-FINAL-VERSION_BIHO-unigrid_Side-1_X3_compressed-for-web-6_p01.png	mozjpeg	420	75	model_proj	40.230	81.132	0.9670	Mozjpeg	75.0
maps	nps_nps-biho-FINAL-VERSION_BIHO-unigrid_Side-1_X3_compressed-for-web-6_p01.png	mozjpeg	420	90	identity_off	40.925	85.991	0.7481	Mozjpeg	90.0
maps	nps_nps-biho-FINAL-VERSION_BIHO-unigrid_Side-1_X3_compressed-for-web-6_p01.png	mozjpeg	420	90	model_policy	33.514	77.623	8.2658	Mozjpeg	90.0
maps	nps_nps-biho-FINAL-VERSION_BIHO-unigrid_Side-1_X3_compressed-for-web-6_p01.png	mozjpeg	420	90	model_proj	43.103	87.757	0.7024	Mozjpeg	90.0
maps	nps_nps-biho-FINAL-VERSION_BIHO-unigrid_Side-1_X3_compressed-for-web-6_p01.png	mozjpeg	444	15	identity_off	30.475	28.967	5.2759	Mozjpeg	15.0
maps	nps_nps-biho-FINAL-VERSION_BIHO-unigrid_Side-1_X3_compressed-for-web-6_p01.png	mozjpeg	444	15	model_policy	29.262	23.229	7.9348	Mozjpeg	15.0
maps	nps_nps-biho-FINAL-VERSION_BIHO-unigrid_Side-1_X3_compressed-for-web-6_p01.png	mozjpeg	444	15	model_proj	33.113	35.492	5.2328	Mozjpeg	15.0
maps	nps_nps-biho-FINAL-VERSION_BIHO-unigrid_Side-1_X3_compressed-for-web-6_p01.png	mozjpeg	444	35	identity_off	33.829	61.476	1.8617	Mozjpeg	35.0
maps	nps_nps-biho-FINAL-VERSION_BIHO-unigrid_Side-1_X3_compressed-for-web-6_p01.png	mozjpeg	444	35	model_policy	31.135	51.048	8.2842	Mozjpeg	35.0
maps	nps_nps-biho-FINAL-VERSION_BIHO-unigrid_Side-1_X3_compressed-for-web-6_p01.png	mozjpeg	444	35	model_proj	36.503	65.533	1.7848	Mozjpeg	35.0
maps	nps_nps-biho-FINAL-VERSION_BIHO-unigrid_Side-1_X3_compressed-for-web-6_p01.png	mozjpeg	444	55	identity_off	35.524	72.083	1.3658	Mozjpeg	55.0
maps	nps_nps-biho-FINAL-VERSION_BIHO-unigrid_Side-1_X3_compressed-for-web-6_p01.png	mozjpeg	444	55	model_policy	31.977	63.278	8.2733	Mozjpeg	55.0
maps	nps_nps-biho-FINAL-VERSION_BIHO-unigrid_Side-1_X3_compressed-for-web-6_p01.png	mozjpeg	444	55	model_proj	38.389	74.806	1.3167	Mozjpeg	55.0
maps	nps_nps-biho-FINAL-VERSION_BIHO-unigrid_Side-1_X3_compressed-for-web-6_p01.png	mozjpeg	444	75	identity_off	38.128	79.715	1.0513	Mozjpeg	75.0
maps	nps_nps-biho-FINAL-VERSION_BIHO-unigrid_Side-1_X3_compressed-for-web-6_p01.png	mozjpeg	444	75	model_policy	32.887	71.743	8.2674	Mozjpeg	75.0
maps	nps_nps-biho-FINAL-VERSION_BIHO-unigrid_Side-1_X3_compressed-for-web-6_p01.png	mozjpeg	444	75	model_proj	40.821	82.285	0.9677	Mozjpeg	75.0
maps	nps_nps-biho-FINAL-VERSION_BIHO-unigrid_Side-1_X3_compressed-for-web-6_p01.png	mozjpeg	444	90	identity_off	42.351	86.707	0.7371	Mozjpeg	90.0
maps	nps_nps-biho-FINAL-VERSION_BIHO-unigrid_Side-1_X3_compressed-for-web-6_p01.png	mozjpeg	444	90	model_policy	33.853	78.010	8.2629	Mozjpeg	90.0
maps	nps_nps-biho-FINAL-VERSION_BIHO-unigrid_Side-1_X3_compressed-for-web-6_p01.png	mozjpeg	444	90	model_proj	44.493	88.493	0.7005	Mozjpeg	90.0
maps	nps_nps-biho-FINAL-VERSION_BIHO-unigrid_Side-1_X3_compressed-for-web-6_p01.png	jpegli	420	15	identity_off	32.489	51.149	2.4578	CjpegliYcbcr	14.2
maps	nps_nps-biho-FINAL-VERSION_BIHO-unigrid_Side-1_X3_compressed-for-web-6_p01.png	jpegli	420	15	model_policy	30.306	40.619	8.3103	CjpegliYcbcr	14.2
maps	nps_nps-biho-FINAL-VERSION_BIHO-unigrid_Side-1_X3_compressed-for-web-6_p01.png	jpegli	420	15	model_proj	35.693	56.828	2.2878	CjpegliYcbcr	14.2
maps	nps_nps-biho-FINAL-VERSION_BIHO-unigrid_Side-1_X3_compressed-for-web-6_p01.png	jpegli	420	35	identity_off	35.470	68.318	1.5492	CjpegliYcbcr	7.2
maps	nps_nps-biho-FINAL-VERSION_BIHO-unigrid_Side-1_X3_compressed-for-web-6_p01.png	jpegli	420	35	model_policy	31.812	60.421	8.2835	CjpegliYcbcr	7.2
maps	nps_nps-biho-FINAL-VERSION_BIHO-unigrid_Side-1_X3_compressed-for-web-6_p01.png	jpegli	420	35	model_proj	37.883	72.149	1.4103	CjpegliYcbcr	7.2
maps	nps_nps-biho-FINAL-VERSION_BIHO-unigrid_Side-1_X3_compressed-for-web-6_p01.png	jpegli	420	55	identity_off	36.953	74.045	1.3311	CjpegliYcbcr	5.2
maps	nps_nps-biho-FINAL-VERSION_BIHO-unigrid_Side-1_X3_compressed-for-web-6_p01.png	jpegli	420	55	model_policy	32.504	66.026	8.2657	CjpegliYcbcr	5.2
maps	nps_nps-biho-FINAL-VERSION_BIHO-unigrid_Side-1_X3_compressed-for-web-6_p01.png	jpegli	420	55	model_proj	39.087	76.602	1.2547	CjpegliYcbcr	5.2
maps	nps_nps-biho-FINAL-VERSION_BIHO-unigrid_Side-1_X3_compressed-for-web-6_p01.png	jpegli	420	75	identity_off	39.429	80.411	1.1549	CjpegliYcbcr	3.0
maps	nps_nps-biho-FINAL-VERSION_BIHO-unigrid_Side-1_X3_compressed-for-web-6_p01.png	jpegli	420	75	model_policy	33.266	72.518	8.2620	CjpegliYcbcr	3.0
maps	nps_nps-biho-FINAL-VERSION_BIHO-unigrid_Side-1_X3_compressed-for-web-6_p01.png	jpegli	420	75	model_proj	41.067	82.289	1.1281	CjpegliYcbcr	3.0
maps	nps_nps-biho-FINAL-VERSION_BIHO-unigrid_Side-1_X3_compressed-for-web-6_p01.png	jpegli	420	90	identity_off	42.337	87.601	0.6980	CjpegliYcbcr	1.3
maps	nps_nps-biho-FINAL-VERSION_BIHO-unigrid_Side-1_X3_compressed-for-web-6_p01.png	jpegli	420	90	model_policy	33.756	78.630	8.2631	CjpegliYcbcr	1.3
maps	nps_nps-biho-FINAL-VERSION_BIHO-unigrid_Side-1_X3_compressed-for-web-6_p01.png	jpegli	420	90	model_proj	43.660	88.814	0.7593	CjpegliYcbcr	1.3
maps	nps_nps-biho-FINAL-VERSION_BIHO-unigrid_Side-1_X3_compressed-for-web-6_p01.png	jpegli	444	15	identity_off	32.855	54.379	2.4675	CjpegliYcbcr	11.8
maps	nps_nps-biho-FINAL-VERSION_BIHO-unigrid_Side-1_X3_compressed-for-web-6_p01.png	jpegli	444	15	model_policy	30.481	42.634	8.2980	CjpegliYcbcr	11.8
maps	nps_nps-biho-FINAL-VERSION_BIHO-unigrid_Side-1_X3_compressed-for-web-6_p01.png	jpegli	444	15	model_proj	35.842	59.161	2.3825	CjpegliYcbcr	11.8
maps	nps_nps-biho-FINAL-VERSION_BIHO-unigrid_Side-1_X3_compressed-for-web-6_p01.png	jpegli	444	35	identity_off	35.922	70.740	2.2126	CjpegliYcbcr	6.0
maps	nps_nps-biho-FINAL-VERSION_BIHO-unigrid_Side-1_X3_compressed-for-web-6_p01.png	jpegli	444	35	model_policy	32.100	61.685	8.2794	CjpegliYcbcr	6.0
maps	nps_nps-biho-FINAL-VERSION_BIHO-unigrid_Side-1_X3_compressed-for-web-6_p01.png	jpegli	444	35	model_proj	38.295	73.795	2.1744	CjpegliYcbcr	6.0
maps	nps_nps-biho-FINAL-VERSION_BIHO-unigrid_Side-1_X3_compressed-for-web-6_p01.png	jpegli	444	55	identity_off	37.586	75.700	1.4147	CjpegliYcbcr	4.1
maps	nps_nps-biho-FINAL-VERSION_BIHO-unigrid_Side-1_X3_compressed-for-web-6_p01.png	jpegli	444	55	model_policy	32.691	67.061	8.2667	CjpegliYcbcr	4.1
maps	nps_nps-biho-FINAL-VERSION_BIHO-unigrid_Side-1_X3_compressed-for-web-6_p01.png	jpegli	444	55	model_proj	39.423	77.941	1.3874	CjpegliYcbcr	4.1
maps	nps_nps-biho-FINAL-VERSION_BIHO-unigrid_Side-1_X3_compressed-for-web-6_p01.png	jpegli	444	75	identity_off	40.029	82.374	1.1424	CjpegliYcbcr	2.3
maps	nps_nps-biho-FINAL-VERSION_BIHO-unigrid_Side-1_X3_compressed-for-web-6_p01.png	jpegli	444	75	model_policy	33.437	73.345	8.2632	CjpegliYcbcr	2.3
maps	nps_nps-biho-FINAL-VERSION_BIHO-unigrid_Side-1_X3_compressed-for-web-6_p01.png	jpegli	444	75	model_proj	41.526	83.761	1.1293	CjpegliYcbcr	2.3
maps	nps_nps-biho-FINAL-VERSION_BIHO-unigrid_Side-1_X3_compressed-for-web-6_p01.png	jpegli	444	90	identity_off	43.445	88.831	0.9107	CjpegliYcbcr	1.1
maps	nps_nps-biho-FINAL-VERSION_BIHO-unigrid_Side-1_X3_compressed-for-web-6_p01.png	jpegli	444	90	model_policy	34.077	79.147	8.2603	CjpegliYcbcr	1.1
maps	nps_nps-biho-FINAL-VERSION_BIHO-unigrid_Side-1_X3_compressed-for-web-6_p01.png	jpegli	444	90	model_proj	44.251	89.432	0.9087	CjpegliYcbcr	1.1
maps	nps_nps-biho-FINAL-VERSION_BIHO-unigrid_Side-1_X3_compressed-for-web-6_p01.png	zenjpeg	420	15	identity_off	33.200	53.078	3.2870	CjpegliYcbcr	14.2
maps	nps_nps-biho-FINAL-VERSION_BIHO-unigrid_Side-1_X3_compressed-for-web-6_p01.png	zenjpeg	420	15	model_policy	30.724	41.772	8.3308	CjpegliYcbcr	14.2
maps	nps_nps-biho-FINAL-VERSION_BIHO-unigrid_Side-1_X3_compressed-for-web-6_p01.png	zenjpeg	420	15	model_proj	35.410	57.262	3.2629	CjpegliYcbcr	14.2
maps	nps_nps-biho-FINAL-VERSION_BIHO-unigrid_Side-1_X3_compressed-for-web-6_p01.png	zenjpeg	420	35	identity_off	36.024	69.730	1.4745	CjpegliYcbcr	7.2
maps	nps_nps-biho-FINAL-VERSION_BIHO-unigrid_Side-1_X3_compressed-for-web-6_p01.png	zenjpeg	420	35	model_policy	32.088	61.078	8.2819	CjpegliYcbcr	7.2
maps	nps_nps-biho-FINAL-VERSION_BIHO-unigrid_Side-1_X3_compressed-for-web-6_p01.png	zenjpeg	420	35	model_proj	37.747	72.170	1.4215	CjpegliYcbcr	7.2
maps	nps_nps-biho-FINAL-VERSION_BIHO-unigrid_Side-1_X3_compressed-for-web-6_p01.png	zenjpeg	420	55	identity_off	37.469	75.063	1.2639	CjpegliYcbcr	5.2
maps	nps_nps-biho-FINAL-VERSION_BIHO-unigrid_Side-1_X3_compressed-for-web-6_p01.png	zenjpeg	420	55	model_policy	32.667	66.666	8.2674	CjpegliYcbcr	5.2
maps	nps_nps-biho-FINAL-VERSION_BIHO-unigrid_Side-1_X3_compressed-for-web-6_p01.png	zenjpeg	420	55	model_proj	39.036	76.917	1.2201	CjpegliYcbcr	5.2
maps	nps_nps-biho-FINAL-VERSION_BIHO-unigrid_Side-1_X3_compressed-for-web-6_p01.png	zenjpeg	420	75	identity_off	39.684	81.004	0.9847	CjpegliYcbcr	3.0
maps	nps_nps-biho-FINAL-VERSION_BIHO-unigrid_Side-1_X3_compressed-for-web-6_p01.png	zenjpeg	420	75	model_policy	33.296	72.528	8.2659	CjpegliYcbcr	3.0
maps	nps_nps-biho-FINAL-VERSION_BIHO-unigrid_Side-1_X3_compressed-for-web-6_p01.png	zenjpeg	420	75	model_proj	41.048	82.350	0.9322	CjpegliYcbcr	3.0
maps	nps_nps-biho-FINAL-VERSION_BIHO-unigrid_Side-1_X3_compressed-for-web-6_p01.png	zenjpeg	420	90	identity_off	42.432	87.973	0.7168	CjpegliYcbcr	1.3
maps	nps_nps-biho-FINAL-VERSION_BIHO-unigrid_Side-1_X3_compressed-for-web-6_p01.png	zenjpeg	420	90	model_policy	33.781	78.909	8.2650	CjpegliYcbcr	1.3
maps	nps_nps-biho-FINAL-VERSION_BIHO-unigrid_Side-1_X3_compressed-for-web-6_p01.png	zenjpeg	420	90	model_proj	43.616	88.461	0.7771	CjpegliYcbcr	1.3
maps	nps_nps-biho-FINAL-VERSION_BIHO-unigrid_Side-1_X3_compressed-for-web-6_p01.png	zenjpeg	444	15	identity_off	33.504	55.891	2.4203	CjpegliYcbcr	11.8
maps	nps_nps-biho-FINAL-VERSION_BIHO-unigrid_Side-1_X3_compressed-for-web-6_p01.png	zenjpeg	444	15	model_policy	30.861	43.751	8.2952	CjpegliYcbcr	11.8
maps	nps_nps-biho-FINAL-VERSION_BIHO-unigrid_Side-1_X3_compressed-for-web-6_p01.png	zenjpeg	444	15	model_proj	35.717	59.523	2.3810	CjpegliYcbcr	11.8
maps	nps_nps-biho-FINAL-VERSION_BIHO-unigrid_Side-1_X3_compressed-for-web-6_p01.png	zenjpeg	444	35	identity_off	36.398	72.044	3.0042	CjpegliYcbcr	6.0
maps	nps_nps-biho-FINAL-VERSION_BIHO-unigrid_Side-1_X3_compressed-for-web-6_p01.png	zenjpeg	444	35	model_policy	32.258	62.201	8.2979	CjpegliYcbcr	6.0
maps	nps_nps-biho-FINAL-VERSION_BIHO-unigrid_Side-1_X3_compressed-for-web-6_p01.png	zenjpeg	444	35	model_proj	38.050	74.193	3.0002	CjpegliYcbcr	6.0
maps	nps_nps-biho-FINAL-VERSION_BIHO-unigrid_Side-1_X3_compressed-for-web-6_p01.png	zenjpeg	444	55	identity_off	38.119	76.524	1.2494	CjpegliYcbcr	4.1
maps	nps_nps-biho-FINAL-VERSION_BIHO-unigrid_Side-1_X3_compressed-for-web-6_p01.png	zenjpeg	444	55	model_policy	32.841	67.608	8.2699	CjpegliYcbcr	4.1
maps	nps_nps-biho-FINAL-VERSION_BIHO-unigrid_Side-1_X3_compressed-for-web-6_p01.png	zenjpeg	444	55	model_proj	39.688	78.171	1.2128	CjpegliYcbcr	4.1
maps	nps_nps-biho-FINAL-VERSION_BIHO-unigrid_Side-1_X3_compressed-for-web-6_p01.png	zenjpeg	444	75	identity_off	40.266	82.417	1.1382	CjpegliYcbcr	2.3
maps	nps_nps-biho-FINAL-VERSION_BIHO-unigrid_Side-1_X3_compressed-for-web-6_p01.png	zenjpeg	444	75	model_policy	33.518	73.397	8.2613	CjpegliYcbcr	2.3
maps	nps_nps-biho-FINAL-VERSION_BIHO-unigrid_Side-1_X3_compressed-for-web-6_p01.png	zenjpeg	444	75	model_proj	41.393	83.560	1.1272	CjpegliYcbcr	2.3
maps	nps_nps-biho-FINAL-VERSION_BIHO-unigrid_Side-1_X3_compressed-for-web-6_p01.png	zenjpeg	444	90	identity_off	43.489	88.719	0.6955	CjpegliYcbcr	1.1
maps	nps_nps-biho-FINAL-VERSION_BIHO-unigrid_Side-1_X3_compressed-for-web-6_p01.png	zenjpeg	444	90	model_policy	34.057	79.061	8.2614	CjpegliYcbcr	1.1
maps	nps_nps-biho-FINAL-VERSION_BIHO-unigrid_Side-1_X3_compressed-for-web-6_p01.png	zenjpeg	444	90	model_proj	44.177	89.106	0.6927	CjpegliYcbcr	1.1
renders	a-chosen-soul-MOIGsaj8te0-unsplash.jpg	turbo	420	15	identity_off	33.295	23.545	2.1729	Unknown	15.0
renders	a-chosen-soul-MOIGsaj8te0-unsplash.jpg	turbo	420	15	model_policy	33.424	25.556	2.1895	Unknown	15.0
renders	a-chosen-soul-MOIGsaj8te0-unsplash.jpg	turbo	420	15	model_proj	33.764	35.165	2.1409	Unknown	15.0
renders	a-chosen-soul-MOIGsaj8te0-unsplash.jpg	turbo	420	35	identity_off	34.728	49.778	1.7083	ImageMagick	35.0
renders	a-chosen-soul-MOIGsaj8te0-unsplash.jpg	turbo	420	35	model_policy	34.696	46.711	1.7608	ImageMagick	35.0
renders	a-chosen-soul-MOIGsaj8te0-unsplash.jpg	turbo	420	35	model_proj	35.026	53.617	1.7288	ImageMagick	35.0
renders	a-chosen-soul-MOIGsaj8te0-unsplash.jpg	turbo	420	55	identity_off	35.477	55.678	1.4845	ImageMagick	55.0
renders	a-chosen-soul-MOIGsaj8te0-unsplash.jpg	turbo	420	55	model_policy	35.370	53.148	1.5065	ImageMagick	55.0
renders	a-chosen-soul-MOIGsaj8te0-unsplash.jpg	turbo	420	55	model_proj	35.716	58.146	1.4814	ImageMagick	55.0
renders	a-chosen-soul-MOIGsaj8te0-unsplash.jpg	turbo	420	75	identity_off	37.274	68.457	1.1766	ImageMagick	75.0
renders	a-chosen-soul-MOIGsaj8te0-unsplash.jpg	turbo	420	75	model_policy	36.840	64.252	1.2363	ImageMagick	75.0
renders	a-chosen-soul-MOIGsaj8te0-unsplash.jpg	turbo	420	75	model_proj	37.319	67.295	1.1853	ImageMagick	75.0
renders	a-chosen-soul-MOIGsaj8te0-unsplash.jpg	turbo	420	90	identity_off	52.711	92.977	0.1780	ImageMagick	90.0
renders	a-chosen-soul-MOIGsaj8te0-unsplash.jpg	turbo	420	90	model_policy	44.120	84.262	0.5094	ImageMagick	90.0
renders	a-chosen-soul-MOIGsaj8te0-unsplash.jpg	turbo	420	90	model_proj	50.472	88.207	0.3174	ImageMagick	90.0
renders	a-chosen-soul-MOIGsaj8te0-unsplash.jpg	turbo	444	15	identity_off	33.349	25.285	2.1676	Unknown	15.0
renders	a-chosen-soul-MOIGsaj8te0-unsplash.jpg	turbo	444	15	model_policy	33.519	27.208	2.1864	Unknown	15.0
renders	a-chosen-soul-MOIGsaj8te0-unsplash.jpg	turbo	444	15	model_proj	33.840	36.355	2.1398	Unknown	15.0
renders	a-chosen-soul-MOIGsaj8te0-unsplash.jpg	turbo	444	35	identity_off	34.797	51.242	1.7078	ImageMagick	35.0
renders	a-chosen-soul-MOIGsaj8te0-unsplash.jpg	turbo	444	35	model_policy	34.759	47.548	1.7609	ImageMagick	35.0
renders	a-chosen-soul-MOIGsaj8te0-unsplash.jpg	turbo	444	35	model_proj	35.070	54.627	1.7305	ImageMagick	35.0
renders	a-chosen-soul-MOIGsaj8te0-unsplash.jpg	turbo	444	55	identity_off	35.541	56.357	1.4833	ImageMagick	55.0
renders	a-chosen-soul-MOIGsaj8te0-unsplash.jpg	turbo	444	55	model_policy	35.411	53.912	1.5053	ImageMagick	55.0
renders	a-chosen-soul-MOIGsaj8te0-unsplash.jpg	turbo	444	55	model_proj	35.762	59.025	1.4818	ImageMagick	55.0
renders	a-chosen-soul-MOIGsaj8te0-unsplash.jpg	turbo	444	75	identity_off	37.331	68.999	1.1770	ImageMagick	75.0
renders	a-chosen-soul-MOIGsaj8te0-unsplash.jpg	turbo	444	75	model_policy	36.895	64.523	1.2377	ImageMagick	75.0
renders	a-chosen-soul-MOIGsaj8te0-unsplash.jpg	turbo	444	75	model_proj	37.357	67.736	1.1871	ImageMagick	75.0
renders	a-chosen-soul-MOIGsaj8te0-unsplash.jpg	turbo	444	90	identity_off	52.437	93.483	0.1775	ImageMagick	90.0
renders	a-chosen-soul-MOIGsaj8te0-unsplash.jpg	turbo	444	90	model_policy	44.115	84.458	0.5064	ImageMagick	90.0
renders	a-chosen-soul-MOIGsaj8te0-unsplash.jpg	turbo	444	90	model_proj	50.281	88.352	0.3252	ImageMagick	90.0
renders	a-chosen-soul-MOIGsaj8te0-unsplash.jpg	mozjpeg	420	15	identity_off	32.967	21.830	2.4037	Mozjpeg	15.0
renders	a-chosen-soul-MOIGsaj8te0-unsplash.jpg	mozjpeg	420	15	model_policy	33.092	20.958	2.4538	Mozjpeg	15.0
renders	a-chosen-soul-MOIGsaj8te0-unsplash.jpg	mozjpeg	420	15	model_proj	33.490	34.466	2.3116	Mozjpeg	15.0
renders	a-chosen-soul-MOIGsaj8te0-unsplash.jpg	mozjpeg	420	35	identity_off	34.263	44.719	1.8839	Mozjpeg	35.0
renders	a-chosen-soul-MOIGsaj8te0-unsplash.jpg	mozjpeg	420	35	model_policy	34.191	41.172	2.0266	Mozjpeg	35.0
renders	a-chosen-soul-MOIGsaj8te0-unsplash.jpg	mozjpeg	420	35	model_proj	34.574	48.972	1.9032	Mozjpeg	35.0
renders	a-chosen-soul-MOIGsaj8te0-unsplash.jpg	mozjpeg	420	55	identity_off	34.987	52.189	1.6458	Mozjpeg	55.0
renders	a-chosen-soul-MOIGsaj8te0-unsplash.jpg	mozjpeg	420	55	model_policy	34.835	47.011	1.7690	Mozjpeg	55.0
renders	a-chosen-soul-MOIGsaj8te0-unsplash.jpg	mozjpeg	420	55	model_proj	35.089	54.299	1.6781	Mozjpeg	55.0
renders	a-chosen-soul-MOIGsaj8te0-unsplash.jpg	mozjpeg	420	75	identity_off	36.467	65.696	1.3182	Mozjpeg	75.0
renders	a-chosen-soul-MOIGsaj8te0-unsplash.jpg	mozjpeg	420	75	model_policy	36.152	60.512	1.3941	Mozjpeg	75.0
renders	a-chosen-soul-MOIGsaj8te0-unsplash.jpg	mozjpeg	420	75	model_proj	36.431	63.546	1.3431	Mozjpeg	75.0
renders	a-chosen-soul-MOIGsaj8te0-unsplash.jpg	mozjpeg	420	90	identity_off	42.222	83.896	0.7065	Mozjpeg	90.0
renders	a-chosen-soul-MOIGsaj8te0-unsplash.jpg	mozjpeg	420	90	model_policy	40.844	78.827	0.7940	Mozjpeg	90.0
renders	a-chosen-soul-MOIGsaj8te0-unsplash.jpg	mozjpeg	420	90	model_proj	42.151	81.415	0.7109	Mozjpeg	90.0
renders	a-chosen-soul-MOIGsaj8te0-unsplash.jpg	mozjpeg	444	15	identity_off	33.040	23.490	2.3953	Mozjpeg	15.0
renders	a-chosen-soul-MOIGsaj8te0-unsplash.jpg	mozjpeg	444	15	model_policy	33.199	23.482	2.4495	Mozjpeg	15.0
renders	a-chosen-soul-MOIGsaj8te0-unsplash.jpg	mozjpeg	444	15	model_proj	33.583	35.424	2.3070	Mozjpeg	15.0
renders	a-chosen-soul-MOIGsaj8te0-unsplash.jpg	mozjpeg	444	35	identity_off	34.315	45.935	1.8842	Mozjpeg	35.0
renders	a-chosen-soul-MOIGsaj8te0-unsplash.jpg	mozjpeg	444	35	model_policy	34.258	41.560	2.0192	Mozjpeg	35.0
renders	a-chosen-soul-MOIGsaj8te0-unsplash.jpg	mozjpeg	444	35	model_proj	34.614	49.837	1.9036	Mozjpeg	35.0
renders	a-chosen-soul-MOIGsaj8te0-unsplash.jpg	mozjpeg	444	55	identity_off	35.031	52.656	1.6488	Mozjpeg	55.0
renders	a-chosen-soul-MOIGsaj8te0-unsplash.jpg	mozjpeg	444	55	model_policy	34.871	47.335	1.7701	Mozjpeg	55.0
renders	a-chosen-soul-MOIGsaj8te0-unsplash.jpg	mozjpeg	444	55	model_proj	35.115	54.802	1.6849	Mozjpeg	55.0
renders	a-chosen-soul-MOIGsaj8te0-unsplash.jpg	mozjpeg	444	75	identity_off	36.505	66.534	1.3161	Mozjpeg	75.0
renders	a-chosen-soul-MOIGsaj8te0-unsplash.jpg	mozjpeg	444	75	model_policy	36.175	61.045	1.3907	Mozjpeg	75.0
renders	a-chosen-soul-MOIGsaj8te0-unsplash.jpg	mozjpeg	444	75	model_proj	36.452	64.117	1.3432	Mozjpeg	75.0
renders	a-chosen-soul-MOIGsaj8te0-unsplash.jpg	mozjpeg	444	90	identity_off	42.239	84.217	0.7063	Mozjpeg	90.0
renders	a-chosen-soul-MOIGsaj8te0-unsplash.jpg	mozjpeg	444	90	model_policy	40.855	78.826	0.7938	Mozjpeg	90.0
renders	a-chosen-soul-MOIGsaj8te0-unsplash.jpg	mozjpeg	444	90	model_proj	42.161	81.595	0.7107	Mozjpeg	90.0
renders	a-chosen-soul-MOIGsaj8te0-unsplash.jpg	jpegli	420	15	identity_off	33.624	32.442	2.1610	CjpegliYcbcr	14.2
renders	a-chosen-soul-MOIGsaj8te0-unsplash.jpg	jpegli	420	15	model_policy	33.676	28.984	2.2384	CjpegliYcbcr	14.2
renders	a-chosen-soul-MOIGsaj8te0-unsplash.jpg	jpegli	420	15	model_proj	34.015	43.263	2.1291	CjpegliYcbcr	14.2
renders	a-chosen-soul-MOIGsaj8te0-unsplash.jpg	jpegli	420	35	identity_off	34.323	47.238	1.9027	CjpegliYcbcr	7.2
renders	a-chosen-soul-MOIGsaj8te0-unsplash.jpg	jpegli	420	35	model_policy	34.273	42.789	2.0260	CjpegliYcbcr	7.2
renders	a-chosen-soul-MOIGsaj8te0-unsplash.jpg	jpegli	420	35	model_proj	34.514	50.444	1.9288	CjpegliYcbcr	7.2
renders	a-chosen-soul-MOIGsaj8te0-unsplash.jpg	jpegli	420	55	identity_off	34.993	51.341	1.6862	CjpegliYcbcr	5.2
renders	a-chosen-soul-MOIGsaj8te0-unsplash.jpg	jpegli	420	55	model_policy	34.874	47.763	1.7915	CjpegliYcbcr	5.2
renders	a-chosen-soul-MOIGsaj8te0-unsplash.jpg	jpegli	420	55	model_proj	35.087	55.417	1.7360	CjpegliYcbcr	5.2
renders	a-chosen-soul-MOIGsaj8te0-unsplash.jpg	jpegli	420	75	identity_off	37.216	66.303	1.2400	CjpegliYcbcr	3.0
renders	a-chosen-soul-MOIGsaj8te0-unsplash.jpg	jpegli	420	75	model_policy	36.948	63.515	1.2841	CjpegliYcbcr	3.0
renders	a-chosen-soul-MOIGsaj8te0-unsplash.jpg	jpegli	420	75	model_proj	37.156	64.914	1.2577	CjpegliYcbcr	3.0
renders	a-chosen-soul-MOIGsaj8te0-unsplash.jpg	jpegli	420	90	identity_off	46.162	85.319	0.4231	CjpegliYcbcr	1.3
renders	a-chosen-soul-MOIGsaj8te0-unsplash.jpg	jpegli	420	90	model_policy	42.920	81.120	0.5638	CjpegliYcbcr	1.3
renders	a-chosen-soul-MOIGsaj8te0-unsplash.jpg	jpegli	420	90	model_proj	45.648	83.437	0.4617	CjpegliYcbcr	1.3
renders	a-chosen-soul-MOIGsaj8te0-unsplash.jpg	jpegli	444	15	identity_off	33.531	33.667	2.1346	CjpegliYcbcr	11.8
renders	a-chosen-soul-MOIGsaj8te0-unsplash.jpg	jpegli	444	15	model_policy	33.640	31.028	2.1987	CjpegliYcbcr	11.8
renders	a-chosen-soul-MOIGsaj8te0-unsplash.jpg	jpegli	444	15	model_proj	33.954	43.254	2.1255	CjpegliYcbcr	11.8
renders	a-chosen-soul-MOIGsaj8te0-unsplash.jpg	jpegli	444	35	identity_off	34.586	50.656	1.7830	CjpegliYcbcr	6.0
renders	a-chosen-soul-MOIGsaj8te0-unsplash.jpg	jpegli	444	35	model_policy	34.508	46.416	1.9036	CjpegliYcbcr	6.0
renders	a-chosen-soul-MOIGsaj8te0-unsplash.jpg	jpegli	444	35	model_proj	34.663	51.636	1.8365	CjpegliYcbcr	6.0
renders	a-chosen-soul-MOIGsaj8te0-unsplash.jpg	jpegli	444	55	identity_off	35.558	58.252	1.5342	CjpegliYcbcr	4.1
renders	a-chosen-soul-MOIGsaj8te0-unsplash.jpg	jpegli	444	55	model_policy	35.402	54.233	1.6236	CjpegliYcbcr	4.1
renders	a-chosen-soul-MOIGsaj8te0-unsplash.jpg	jpegli	444	55	model_proj	35.500	57.140	1.5759	CjpegliYcbcr	4.1
renders	a-chosen-soul-MOIGsaj8te0-unsplash.jpg	jpegli	444	75	identity_off	38.551	70.375	1.0342	CjpegliYcbcr	2.3
renders	a-chosen-soul-MOIGsaj8te0-unsplash.jpg	jpegli	444	75	model_policy	38.050	67.549	1.0958	CjpegliYcbcr	2.3
renders	a-chosen-soul-MOIGsaj8te0-unsplash.jpg	jpegli	444	75	model_proj	38.506	69.274	1.0739	CjpegliYcbcr	2.3
renders	a-chosen-soul-MOIGsaj8te0-unsplash.jpg	jpegli	444	90	identity_off	47.259	87.452	0.3627	CjpegliYcbcr	1.1
renders	a-chosen-soul-MOIGsaj8te0-unsplash.jpg	jpegli	444	90	model_policy	43.652	83.034	0.5292	CjpegliYcbcr	1.1
renders	a-chosen-soul-MOIGsaj8te0-unsplash.jpg	jpegli	444	90	model_proj	46.865	86.694	0.3990	CjpegliYcbcr	1.1
renders	a-chosen-soul-MOIGsaj8te0-unsplash.jpg	zenjpeg	420	15	identity_off	33.604	34.222	2.1655	CjpegliYcbcr	14.2
renders	a-chosen-soul-MOIGsaj8te0-unsplash.jpg	zenjpeg	420	15	model_policy	33.654	30.821	2.2408	CjpegliYcbcr	14.2
renders	a-chosen-soul-MOIGsaj8te0-unsplash.jpg	zenjpeg	420	15	model_proj	33.982	43.934	2.1322	CjpegliYcbcr	14.2
renders	a-chosen-soul-MOIGsaj8te0-unsplash.jpg	zenjpeg	420	35	identity_off	34.306	47.140	1.8982	CjpegliYcbcr	7.2
renders	a-chosen-soul-MOIGsaj8te0-unsplash.jpg	zenjpeg	420	35	model_policy	34.251	42.602	2.0249	CjpegliYcbcr	7.2
renders	a-chosen-soul-MOIGsaj8te0-unsplash.jpg	zenjpeg	420	35	model_proj	34.497	50.421	1.9247	CjpegliYcbcr	7.2
renders	a-chosen-soul-MOIGsaj8te0-unsplash.jpg	zenjpeg	420	55	identity_off	35.001	51.384	1.6885	CjpegliYcbcr	5.2
renders	a-chosen-soul-MOIGsaj8te0-unsplash.jpg	zenjpeg	420	55	model_policy	34.881	47.565	1.7942	CjpegliYcbcr	5.2
renders	a-chosen-soul-MOIGsaj8te0-unsplash.jpg	zenjpeg	420	55	model_proj	35.083	55.325	1.7388	CjpegliYcbcr	5.2
renders	a-chosen-soul-MOIGsaj8te0-unsplash.jpg	zenjpeg	420	75	identity_off	37.232	66.755	1.2406	CjpegliYcbcr	3.0
renders	a-chosen-soul-MOIGsaj8te0-unsplash.jpg	zenjpeg	420	75	model_policy	36.956	63.714	1.2858	CjpegliYcbcr	3.0
renders	a-chosen-soul-MOIGsaj8te0-unsplash.jpg	zenjpeg	420	75	model_proj	37.158	65.204	1.2584	CjpegliYcbcr	3.0
renders	a-chosen-soul-MOIGsaj8te0-unsplash.jpg	zenjpeg	420	90	identity_off	46.190	85.572	0.4242	CjpegliYcbcr	1.3
renders	a-chosen-soul-MOIGsaj8te0-unsplash.jpg	zenjpeg	420	90	model_policy	42.908	81.294	0.5689	CjpegliYcbcr	1.3
renders	a-chosen-soul-MOIGsaj8te0-unsplash.jpg	zenjpeg	420	90	model_proj	45.635	83.351	0.4645	CjpegliYcbcr	1.3
renders	a-chosen-soul-MOIGsaj8te0-unsplash.jpg	zenjpeg	444	15	identity_off	33.518	32.740	2.1418	CjpegliYcbcr	11.8
renders	a-chosen-soul-MOIGsaj8te0-unsplash.jpg	zenjpeg	444	15	model_policy	33.627	30.287	2.2065	CjpegliYcbcr	11.8
renders	a-chosen-soul-MOIGsaj8te0-unsplash.jpg	zenjpeg	444	15	model_proj	33.947	42.707	2.1340	CjpegliYcbcr	11.8
renders	a-chosen-soul-MOIGsaj8te0-unsplash.jpg	zenjpeg	444	35	identity_off	34.574	50.809	1.7865	CjpegliYcbcr	6.0
renders	a-chosen-soul-MOIGsaj8te0-unsplash.jpg	zenjpeg	444	35	model_policy	34.490	46.632	1.9084	CjpegliYcbcr	6.0
renders	a-chosen-soul-MOIGsaj8te0-unsplash.jpg	zenjpeg	444	35	model_proj	34.626	51.293	1.8398	CjpegliYcbcr	6.0
renders	a-chosen-soul-MOIGsaj8te0-unsplash.jpg	zenjpeg	444	55	identity_off	35.545	58.033	1.5414	CjpegliYcbcr	4.1
renders	a-chosen-soul-MOIGsaj8te0-unsplash.jpg	zenjpeg	444	55	model_policy	35.391	54.011	1.6318	CjpegliYcbcr	4.1
renders	a-chosen-soul-MOIGsaj8te0-unsplash.jpg	zenjpeg	444	55	model_proj	35.480	56.797	1.5843	CjpegliYcbcr	4.1
renders	a-chosen-soul-MOIGsaj8te0-unsplash.jpg	zenjpeg	444	75	identity_off	38.525	69.521	1.0408	CjpegliYcbcr	2.3
renders	a-chosen-soul-MOIGsaj8te0-unsplash.jpg	zenjpeg	444	75	model_policy	38.020	66.879	1.1041	CjpegliYcbcr	2.3
renders	a-chosen-soul-MOIGsaj8te0-unsplash.jpg	zenjpeg	444	75	model_proj	38.467	68.445	1.0803	CjpegliYcbcr	2.3
renders	a-chosen-soul-MOIGsaj8te0-unsplash.jpg	zenjpeg	444	90	identity_off	47.305	87.930	0.3631	CjpegliYcbcr	1.1
renders	a-chosen-soul-MOIGsaj8te0-unsplash.jpg	zenjpeg	444	90	model_policy	43.641	83.345	0.5244	CjpegliYcbcr	1.1
renders	a-chosen-soul-MOIGsaj8te0-unsplash.jpg	zenjpeg	444	90	model_proj	46.881	86.848	0.3990	CjpegliYcbcr	1.1
renders	anton-sobotyak-g7aYFxxNTVA-unsplash.jpg	turbo	420	15	identity_off	40.393	42.288	1.6844	Unknown	15.0
renders	anton-sobotyak-g7aYFxxNTVA-unsplash.jpg	turbo	420	15	model_policy	40.776	56.602	1.3604	Unknown	15.0
renders	anton-sobotyak-g7aYFxxNTVA-unsplash.jpg	turbo	420	15	model_proj	42.093	60.442	1.3345	Unknown	15.0
renders	anton-sobotyak-g7aYFxxNTVA-unsplash.jpg	turbo	420	35	identity_off	47.122	68.156	0.9185	ImageMagick	35.0
renders	anton-sobotyak-g7aYFxxNTVA-unsplash.jpg	turbo	420	35	model_policy	47.629	74.701	0.6958	ImageMagick	35.0
renders	anton-sobotyak-g7aYFxxNTVA-unsplash.jpg	turbo	420	35	model_proj	49.476	81.671	0.6448	ImageMagick	35.0
renders	anton-sobotyak-g7aYFxxNTVA-unsplash.jpg	turbo	420	55	identity_off	47.231	77.196	0.6936	ImageMagick	55.0
renders	anton-sobotyak-g7aYFxxNTVA-unsplash.jpg	turbo	420	55	model_policy	47.861	80.547	0.5659	ImageMagick	55.0
renders	anton-sobotyak-g7aYFxxNTVA-unsplash.jpg	turbo	420	55	model_proj	47.905	83.194	0.5635	ImageMagick	55.0
renders	anton-sobotyak-g7aYFxxNTVA-unsplash.jpg	turbo	420	75	identity_off	53.403	87.381	0.4995	ImageMagick	75.0
renders	anton-sobotyak-g7aYFxxNTVA-unsplash.jpg	turbo	420	75	model_policy	53.121	88.551	0.4487	ImageMagick	75.0
renders	anton-sobotyak-g7aYFxxNTVA-unsplash.jpg	turbo	420	75	model_proj	52.368	86.698	0.4651	ImageMagick	75.0
renders	anton-sobotyak-g7aYFxxNTVA-unsplash.jpg	turbo	420	90	identity_off	59.160	94.092	0.2097	ImageMagick	90.0
renders	anton-sobotyak-g7aYFxxNTVA-unsplash.jpg	turbo	420	90	model_policy	57.653	92.901	0.2625	ImageMagick	90.0
renders	anton-sobotyak-g7aYFxxNTVA-unsplash.jpg	turbo	420	90	model_proj	56.214	90.865	0.3059	ImageMagick	90.0
renders	anton-sobotyak-g7aYFxxNTVA-unsplash.jpg	turbo	444	15	identity_off	40.411	41.542	1.6765	Unknown	15.0
renders	anton-sobotyak-g7aYFxxNTVA-unsplash.jpg	turbo	444	15	model_policy	40.817	56.136	1.3470	Unknown	15.0
renders	anton-sobotyak-g7aYFxxNTVA-unsplash.jpg	turbo	444	15	model_proj	42.164	60.083	1.3137	Unknown	15.0
renders	anton-sobotyak-g7aYFxxNTVA-unsplash.jpg	turbo	444	35	identity_off	47.382	69.319	0.9172	ImageMagick	35.0
renders	anton-sobotyak-g7aYFxxNTVA-unsplash.jpg	turbo	444	35	model_policy	47.902	76.260	0.6716	ImageMagick	35.0
renders	anton-sobotyak-g7aYFxxNTVA-unsplash.jpg	turbo	444	35	model_proj	49.596	82.335	0.6447	ImageMagick	35.0
renders	anton-sobotyak-g7aYFxxNTVA-unsplash.jpg	turbo	444	55	identity_off	47.113	77.908	0.6876	ImageMagick	55.0
renders	anton-sobotyak-g7aYFxxNTVA-unsplash.jpg	turbo	444	55	model_policy	47.685	80.744	0.5705	ImageMagick	55.0
renders	anton-sobotyak-g7aYFxxNTVA-unsplash.jpg	turbo	444	55	model_proj	47.676	83.494	0.5715	ImageMagick	55.0
renders	anton-sobotyak-g7aYFxxNTVA-unsplash.jpg	turbo	444	75	identity_off	54.866	88.695	0.4842	ImageMagick	75.0
renders	anton-sobotyak-g7aYFxxNTVA-unsplash.jpg	turbo	444	75	model_policy	54.186	89.231	0.4704	ImageMagick	75.0
renders	anton-sobotyak-g7aYFxxNTVA-unsplash.jpg	turbo	444	75	model_proj	53.069	87.438	0.4500	ImageMagick	75.0
renders	anton-sobotyak-g7aYFxxNTVA-unsplash.jpg	turbo	444	90	identity_off	62.251	96.379	0.1801	ImageMagick	90.0
renders	anton-sobotyak-g7aYFxxNTVA-unsplash.jpg	turbo	444	90	model_policy	59.268	93.813	0.2542	ImageMagick	90.0
renders	anton-sobotyak-g7aYFxxNTVA-unsplash.jpg	turbo	444	90	model_proj	56.969	91.317	0.2945	ImageMagick	90.0
renders	anton-sobotyak-g7aYFxxNTVA-unsplash.jpg	mozjpeg	420	15	identity_off	40.294	39.227	1.6810	Mozjpeg	15.0
renders	anton-sobotyak-g7aYFxxNTVA-unsplash.jpg	mozjpeg	420	15	model_policy	40.719	52.823	1.3614	Mozjpeg	15.0
renders	anton-sobotyak-g7aYFxxNTVA-unsplash.jpg	mozjpeg	420	15	model_proj	42.030	57.083	1.3531	Mozjpeg	15.0
renders	anton-sobotyak-g7aYFxxNTVA-unsplash.jpg	mozjpeg	420	35	identity_off	46.890	67.561	0.9554	Mozjpeg	35.0
renders	anton-sobotyak-g7aYFxxNTVA-unsplash.jpg	mozjpeg	420	35	model_policy	47.410	74.114	0.7134	Mozjpeg	35.0
renders	anton-sobotyak-g7aYFxxNTVA-unsplash.jpg	mozjpeg	420	35	model_proj	49.140	80.707	0.6926	Mozjpeg	35.0
renders	anton-sobotyak-g7aYFxxNTVA-unsplash.jpg	mozjpeg	420	55	identity_off	47.066	76.426	0.7263	Mozjpeg	55.0
renders	anton-sobotyak-g7aYFxxNTVA-unsplash.jpg	mozjpeg	420	55	model_policy	47.672	79.769	0.5849	Mozjpeg	55.0
renders	anton-sobotyak-g7aYFxxNTVA-unsplash.jpg	mozjpeg	420	55	model_proj	47.770	82.755	0.5882	Mozjpeg	55.0
renders	anton-sobotyak-g7aYFxxNTVA-unsplash.jpg	mozjpeg	420	75	identity_off	53.345	85.960	0.4997	Mozjpeg	75.0
renders	anton-sobotyak-g7aYFxxNTVA-unsplash.jpg	mozjpeg	420	75	model_policy	52.732	86.868	0.4576	Mozjpeg	75.0
renders	anton-sobotyak-g7aYFxxNTVA-unsplash.jpg	mozjpeg	420	75	model_proj	52.230	85.538	0.4519	Mozjpeg	75.0
renders	anton-sobotyak-g7aYFxxNTVA-unsplash.jpg	mozjpeg	420	90	identity_off	58.635	94.408	0.2460	Mozjpeg	90.0
renders	anton-sobotyak-g7aYFxxNTVA-unsplash.jpg	mozjpeg	420	90	model_policy	57.022	92.813	0.2887	Mozjpeg	90.0
renders	anton-sobotyak-g7aYFxxNTVA-unsplash.jpg	mozjpeg	420	90	model_proj	54.893	89.350	0.3253	Mozjpeg	90.0
renders	anton-sobotyak-g7aYFxxNTVA-unsplash.jpg	mozjpeg	444	15	identity_off	40.307	40.261	1.6877	Mozjpeg	15.0
renders	anton-sobotyak-g7aYFxxNTVA-unsplash.jpg	mozjpeg	444	15	model_policy	40.732	54.148	1.3654	Mozjpeg	15.0
renders	anton-sobotyak-g7aYFxxNTVA-unsplash.jpg	mozjpeg	444	15	model_proj	42.045	58.021	1.3519	Mozjpeg	15.0
renders	anton-sobotyak-g7aYFxxNTVA-unsplash.jpg	mozjpeg	444	35	identity_off	47.203	68.373	0.9522	Mozjpeg	35.0
renders	anton-sobotyak-g7aYFxxNTVA-unsplash.jpg	mozjpeg	444	35	model_policy	47.758	75.526	0.6911	Mozjpeg	35.0
renders	anton-sobotyak-g7aYFxxNTVA-unsplash.jpg	mozjpeg	444	35	model_proj	49.409	81.401	0.6770	Mozjpeg	35.0
renders	anton-sobotyak-g7aYFxxNTVA-unsplash.jpg	mozjpeg	444	55	identity_off	47.058	77.137	0.7237	Mozjpeg	55.0
renders	anton-sobotyak-g7aYFxxNTVA-unsplash.jpg	mozjpeg	444	55	model_policy	47.583	79.946	0.5906	Mozjpeg	55.0
renders	anton-sobotyak-g7aYFxxNTVA-unsplash.jpg	mozjpeg	444	55	model_proj	47.610	83.179	0.5888	Mozjpeg	55.0
renders	anton-sobotyak-g7aYFxxNTVA-unsplash.jpg	mozjpeg	444	75	identity_off	54.766	87.764	0.4883	Mozjpeg	75.0
renders	anton-sobotyak-g7aYFxxNTVA-unsplash.jpg	mozjpeg	444	75	model_policy	53.625	87.778	0.4609	Mozjpeg	75.0
renders	anton-sobotyak-g7aYFxxNTVA-unsplash.jpg	mozjpeg	444	75	model_proj	52.685	86.269	0.4364	Mozjpeg	75.0
renders	anton-sobotyak-g7aYFxxNTVA-unsplash.jpg	mozjpeg	444	90	identity_off	60.662	95.746	0.2317	Mozjpeg	90.0
renders	anton-sobotyak-g7aYFxxNTVA-unsplash.jpg	mozjpeg	444	90	model_policy	58.072	93.162	0.2904	Mozjpeg	90.0
renders	anton-sobotyak-g7aYFxxNTVA-unsplash.jpg	mozjpeg	444	90	model_proj	55.127	89.496	0.3225	Mozjpeg	90.0
renders	anton-sobotyak-g7aYFxxNTVA-unsplash.jpg	jpegli	420	15	identity_off	44.565	59.562	1.1471	CjpegliYcbcr	14.2
renders	anton-sobotyak-g7aYFxxNTVA-unsplash.jpg	jpegli	420	15	model_policy	45.102	68.913	0.9278	CjpegliYcbcr	14.2
renders	anton-sobotyak-g7aYFxxNTVA-unsplash.jpg	jpegli	420	15	model_proj	46.304	76.221	0.8657	CjpegliYcbcr	14.2
renders	anton-sobotyak-g7aYFxxNTVA-unsplash.jpg	jpegli	420	35	identity_off	48.157	75.907	0.7252	CjpegliYcbcr	7.2
renders	anton-sobotyak-g7aYFxxNTVA-unsplash.jpg	jpegli	420	35	model_policy	48.214	79.690	0.6002	CjpegliYcbcr	7.2
renders	anton-sobotyak-g7aYFxxNTVA-unsplash.jpg	jpegli	420	35	model_proj	49.080	82.405	0.5580	CjpegliYcbcr	7.2
renders	anton-sobotyak-g7aYFxxNTVA-unsplash.jpg	jpegli	420	55	identity_off	49.591	78.420	0.6635	CjpegliYcbcr	5.2
renders	anton-sobotyak-g7aYFxxNTVA-unsplash.jpg	jpegli	420	55	model_policy	49.678	80.508	0.5636	CjpegliYcbcr	5.2
renders	anton-sobotyak-g7aYFxxNTVA-unsplash.jpg	jpegli	420	55	model_proj	51.817	86.681	0.5098	CjpegliYcbcr	5.2
renders	anton-sobotyak-g7aYFxxNTVA-unsplash.jpg	jpegli	420	75	identity_off	51.094	85.180	0.5205	CjpegliYcbcr	3.0
renders	anton-sobotyak-g7aYFxxNTVA-unsplash.jpg	jpegli	420	75	model_policy	50.708	86.250	0.4706	CjpegliYcbcr	3.0
renders	anton-sobotyak-g7aYFxxNTVA-unsplash.jpg	jpegli	420	75	model_proj	50.674	85.602	0.4518	CjpegliYcbcr	3.0
renders	anton-sobotyak-g7aYFxxNTVA-unsplash.jpg	jpegli	420	90	identity_off	55.832	91.108	0.3486	CjpegliYcbcr	1.3
renders	anton-sobotyak-g7aYFxxNTVA-unsplash.jpg	jpegli	420	90	model_policy	54.919	90.864	0.3761	CjpegliYcbcr	1.3
renders	anton-sobotyak-g7aYFxxNTVA-unsplash.jpg	jpegli	420	90	model_proj	54.344	90.088	0.3811	CjpegliYcbcr	1.3
renders	anton-sobotyak-g7aYFxxNTVA-unsplash.jpg	jpegli	444	15	identity_off	43.177	66.663	1.1818	CjpegliYcbcr	11.8
renders	anton-sobotyak-g7aYFxxNTVA-unsplash.jpg	jpegli	444	15	model_policy	43.372	74.416	1.0119	CjpegliYcbcr	11.8
renders	anton-sobotyak-g7aYFxxNTVA-unsplash.jpg	jpegli	444	15	model_proj	43.600	79.253	0.9792	CjpegliYcbcr	11.8
renders	anton-sobotyak-g7aYFxxNTVA-unsplash.jpg	jpegli	444	35	identity_off	45.965	75.440	0.8725	CjpegliYcbcr	6.0
renders	anton-sobotyak-g7aYFxxNTVA-unsplash.jpg	jpegli	444	35	model_policy	46.315	79.395	0.8219	CjpegliYcbcr	6.0
renders	anton-sobotyak-g7aYFxxNTVA-unsplash.jpg	jpegli	444	35	model_proj	46.879	81.590	0.8111	CjpegliYcbcr	6.0
renders	anton-sobotyak-g7aYFxxNTVA-unsplash.jpg	jpegli	444	55	identity_off	49.366	81.751	0.5983	CjpegliYcbcr	4.1
renders	anton-sobotyak-g7aYFxxNTVA-unsplash.jpg	jpegli	444	55	model_policy	49.430	84.280	0.5367	CjpegliYcbcr	4.1
renders	anton-sobotyak-g7aYFxxNTVA-unsplash.jpg	jpegli	444	55	model_proj	49.208	83.771	0.5245	CjpegliYcbcr	4.1
renders	anton-sobotyak-g7aYFxxNTVA-unsplash.jpg	jpegli	444	75	identity_off	50.018	86.243	0.5456	CjpegliYcbcr	2.3
renders	anton-sobotyak-g7aYFxxNTVA-unsplash.jpg	jpegli	444	75	model_policy	49.840	86.756	0.5397	CjpegliYcbcr	2.3
renders	anton-sobotyak-g7aYFxxNTVA-unsplash.jpg	jpegli	444	75	model_proj	49.922	85.384	0.5076	CjpegliYcbcr	2.3
renders	anton-sobotyak-g7aYFxxNTVA-unsplash.jpg	jpegli	444	90	identity_off	56.889	91.460	0.3341	CjpegliYcbcr	1.1
renders	anton-sobotyak-g7aYFxxNTVA-unsplash.jpg	jpegli	444	90	model_policy	55.584	90.880	0.3723	CjpegliYcbcr	1.1
renders	anton-sobotyak-g7aYFxxNTVA-unsplash.jpg	jpegli	444	90	model_proj	56.002	91.675	0.3477	CjpegliYcbcr	1.1
renders	anton-sobotyak-g7aYFxxNTVA-unsplash.jpg	zenjpeg	420	15	identity_off	44.614	59.160	1.1508	CjpegliYcbcr	14.2
renders	anton-sobotyak-g7aYFxxNTVA-unsplash.jpg	zenjpeg	420	15	model_policy	45.237	68.653	0.9119	CjpegliYcbcr	14.2
renders	anton-sobotyak-g7aYFxxNTVA-unsplash.jpg	zenjpeg	420	15	model_proj	46.376	76.021	0.8713	CjpegliYcbcr	14.2
renders	anton-sobotyak-g7aYFxxNTVA-unsplash.jpg	zenjpeg	420	35	identity_off	47.111	75.654	0.7601	CjpegliYcbcr	7.2
renders	anton-sobotyak-g7aYFxxNTVA-unsplash.jpg	zenjpeg	420	35	model_policy	47.799	79.427	0.5824	CjpegliYcbcr	7.2
renders	anton-sobotyak-g7aYFxxNTVA-unsplash.jpg	zenjpeg	420	35	model_proj	47.886	82.304	0.5783	CjpegliYcbcr	7.2
renders	anton-sobotyak-g7aYFxxNTVA-unsplash.jpg	zenjpeg	420	55	identity_off	49.604	77.727	0.6976	CjpegliYcbcr	5.2
renders	anton-sobotyak-g7aYFxxNTVA-unsplash.jpg	zenjpeg	420	55	model_policy	49.780	80.051	0.5852	CjpegliYcbcr	5.2
renders	anton-sobotyak-g7aYFxxNTVA-unsplash.jpg	zenjpeg	420	55	model_proj	51.812	85.633	0.5704	CjpegliYcbcr	5.2
renders	anton-sobotyak-g7aYFxxNTVA-unsplash.jpg	zenjpeg	420	75	identity_off	53.189	85.667	0.5240	CjpegliYcbcr	3.0
renders	anton-sobotyak-g7aYFxxNTVA-unsplash.jpg	zenjpeg	420	75	model_policy	52.718	86.799	0.4678	CjpegliYcbcr	3.0
renders	anton-sobotyak-g7aYFxxNTVA-unsplash.jpg	zenjpeg	420	75	model_proj	52.319	86.161	0.4489	CjpegliYcbcr	3.0
renders	anton-sobotyak-g7aYFxxNTVA-unsplash.jpg	zenjpeg	420	90	identity_off	56.520	91.939	0.3275	CjpegliYcbcr	1.3
renders	anton-sobotyak-g7aYFxxNTVA-unsplash.jpg	zenjpeg	420	90	model_policy	55.497	91.425	0.3334	CjpegliYcbcr	1.3
renders	anton-sobotyak-g7aYFxxNTVA-unsplash.jpg	zenjpeg	420	90	model_proj	55.067	90.193	0.3621	CjpegliYcbcr	1.3
renders	anton-sobotyak-g7aYFxxNTVA-unsplash.jpg	zenjpeg	444	15	identity_off	43.270	66.933	1.2137	CjpegliYcbcr	11.8
renders	anton-sobotyak-g7aYFxxNTVA-unsplash.jpg	zenjpeg	444	15	model_policy	43.497	74.101	1.0234	CjpegliYcbcr	11.8
renders	anton-sobotyak-g7aYFxxNTVA-unsplash.jpg	zenjpeg	444	15	model_proj	43.712	79.125	1.0043	CjpegliYcbcr	11.8
renders	anton-sobotyak-g7aYFxxNTVA-unsplash.jpg	zenjpeg	444	35	identity_off	46.015	75.030	0.8883	CjpegliYcbcr	6.0
renders	anton-sobotyak-g7aYFxxNTVA-unsplash.jpg	zenjpeg	444	35	model_policy	46.418	79.292	0.8124	CjpegliYcbcr	6.0
renders	anton-sobotyak-g7aYFxxNTVA-unsplash.jpg	zenjpeg	444	35	model_proj	46.925	81.282	0.8125	CjpegliYcbcr	6.0
renders	anton-sobotyak-g7aYFxxNTVA-unsplash.jpg	zenjpeg	444	55	identity_off	49.547	80.629	0.6583	CjpegliYcbcr	4.1
renders	anton-sobotyak-g7aYFxxNTVA-unsplash.jpg	zenjpeg	444	55	model_policy	49.712	83.961	0.5437	CjpegliYcbcr	4.1
renders	anton-sobotyak-g7aYFxxNTVA-unsplash.jpg	zenjpeg	444	55	model_proj	49.432	83.376	0.5573	CjpegliYcbcr	4.1
renders	anton-sobotyak-g7aYFxxNTVA-unsplash.jpg	zenjpeg	444	75	identity_off	50.560	86.881	0.5720	CjpegliYcbcr	2.3
renders	anton-sobotyak-g7aYFxxNTVA-unsplash.jpg	zenjpeg	444	75	model_policy	50.364	87.185	0.5355	CjpegliYcbcr	2.3
renders	anton-sobotyak-g7aYFxxNTVA-unsplash.jpg	zenjpeg	444	75	model_proj	50.389	85.782	0.5316	CjpegliYcbcr	2.3
renders	anton-sobotyak-g7aYFxxNTVA-unsplash.jpg	zenjpeg	444	90	identity_off	58.854	94.044	0.2556	CjpegliYcbcr	1.1
renders	anton-sobotyak-g7aYFxxNTVA-unsplash.jpg	zenjpeg	444	90	model_policy	56.844	92.546	0.3186	CjpegliYcbcr	1.1
renders	anton-sobotyak-g7aYFxxNTVA-unsplash.jpg	zenjpeg	444	90	model_proj	56.716	93.205	0.3122	CjpegliYcbcr	1.1
renders	itsiken-pmYoy3WaFPU-unsplash.jpg	turbo	420	15	identity_off	30.633	18.010	2.5513	Unknown	15.0
renders	itsiken-pmYoy3WaFPU-unsplash.jpg	turbo	420	15	model_policy	30.711	12.105	2.8750	Unknown	15.0
renders	itsiken-pmYoy3WaFPU-unsplash.jpg	turbo	420	15	model_proj	31.736	31.270	2.3826	Unknown	15.0
renders	itsiken-pmYoy3WaFPU-unsplash.jpg	turbo	420	35	identity_off	33.705	55.857	1.5295	ImageMagick	35.0
renders	itsiken-pmYoy3WaFPU-unsplash.jpg	turbo	420	35	model_policy	33.102	44.396	2.1835	ImageMagick	35.0
renders	itsiken-pmYoy3WaFPU-unsplash.jpg	turbo	420	35	model_proj	34.588	59.981	1.4280	ImageMagick	35.0
renders	itsiken-pmYoy3WaFPU-unsplash.jpg	turbo	420	55	identity_off	35.199	67.802	1.2293	ImageMagick	55.0
renders	itsiken-pmYoy3WaFPU-unsplash.jpg	turbo	420	55	model_policy	34.286	56.651	1.7557	ImageMagick	55.0
renders	itsiken-pmYoy3WaFPU-unsplash.jpg	turbo	420	55	model_proj	35.967	69.534	1.1575	ImageMagick	55.0
renders	itsiken-pmYoy3WaFPU-unsplash.jpg	turbo	420	75	identity_off	36.994	76.805	0.9567	ImageMagick	75.0
renders	itsiken-pmYoy3WaFPU-unsplash.jpg	turbo	420	75	model_policy	35.662	66.326	1.4463	ImageMagick	75.0
renders	itsiken-pmYoy3WaFPU-unsplash.jpg	turbo	420	75	model_proj	37.610	77.417	0.9149	ImageMagick	75.0
renders	itsiken-pmYoy3WaFPU-unsplash.jpg	turbo	420	90	identity_off	39.873	85.490	0.6603	ImageMagick	90.0
renders	itsiken-pmYoy3WaFPU-unsplash.jpg	turbo	420	90	model_policy	38.409	78.431	1.0639	ImageMagick	90.0
renders	itsiken-pmYoy3WaFPU-unsplash.jpg	turbo	420	90	model_proj	40.300	85.709	0.6378	ImageMagick	90.0
renders	itsiken-pmYoy3WaFPU-unsplash.jpg	turbo	444	15	identity_off	30.892	21.738	2.5191	Unknown	15.0
renders	itsiken-pmYoy3WaFPU-unsplash.jpg	turbo	444	15	model_policy	31.207	18.862	2.6979	Unknown	15.0
renders	itsiken-pmYoy3WaFPU-unsplash.jpg	turbo	444	15	model_proj	32.299	34.979	2.3431	Unknown	15.0
renders	itsiken-pmYoy3WaFPU-unsplash.jpg	turbo	444	35	identity_off	34.243	59.652	1.5225	ImageMagick	35.0
renders	itsiken-pmYoy3WaFPU-unsplash.jpg	turbo	444	35	model_policy	33.822	50.810	2.1178	ImageMagick	35.0
renders	itsiken-pmYoy3WaFPU-unsplash.jpg	turbo	444	35	model_proj	35.291	63.419	1.4207	ImageMagick	35.0
renders	itsiken-pmYoy3WaFPU-unsplash.jpg	turbo	444	55	identity_off	35.816	71.018	1.2221	ImageMagick	55.0
renders	itsiken-pmYoy3WaFPU-unsplash.jpg	turbo	444	55	model_policy	34.936	60.897	1.6563	ImageMagick	55.0
renders	itsiken-pmYoy3WaFPU-unsplash.jpg	turbo	444	55	model_proj	36.638	72.268	1.1510	ImageMagick	55.0
renders	itsiken-pmYoy3WaFPU-unsplash.jpg	turbo	444	75	identity_off	37.654	79.145	0.9515	ImageMagick	75.0
renders	itsiken-pmYoy3WaFPU-unsplash.jpg	turbo	444	75	model_policy	36.245	69.058	1.3961	ImageMagick	75.0
renders	itsiken-pmYoy3WaFPU-unsplash.jpg	turbo	444	75	model_proj	38.267	79.256	0.9113	ImageMagick	75.0
renders	itsiken-pmYoy3WaFPU-unsplash.jpg	turbo	444	90	identity_off	40.704	87.342	0.6539	ImageMagick	90.0
renders	itsiken-pmYoy3WaFPU-unsplash.jpg	turbo	444	90	model_policy	39.061	80.117	1.0043	ImageMagick	90.0
renders	itsiken-pmYoy3WaFPU-unsplash.jpg	turbo	444	90	model_proj	41.138	87.115	0.6304	ImageMagick	90.0
renders	itsiken-pmYoy3WaFPU-unsplash.jpg	mozjpeg	420	15	identity_off	29.653	10.391	3.1067	Mozjpeg	15.0
renders	itsiken-pmYoy3WaFPU-unsplash.jpg	mozjpeg	420	15	model_policy	29.871	-0.145	3.2726	Mozjpeg	15.0
renders	itsiken-pmYoy3WaFPU-unsplash.jpg	mozjpeg	420	15	model_proj	30.710	19.463	2.9081	Mozjpeg	15.0
renders	itsiken-pmYoy3WaFPU-unsplash.jpg	mozjpeg	420	35	identity_off	32.836	49.976	1.8175	Mozjpeg	35.0
renders	itsiken-pmYoy3WaFPU-unsplash.jpg	mozjpeg	420	35	model_policy	32.377	33.844	2.3873	Mozjpeg	35.0
renders	itsiken-pmYoy3WaFPU-unsplash.jpg	mozjpeg	420	35	model_proj	33.802	53.895	1.6914	Mozjpeg	35.0
renders	itsiken-pmYoy3WaFPU-unsplash.jpg	mozjpeg	420	55	identity_off	34.463	63.900	1.4198	Mozjpeg	55.0
renders	itsiken-pmYoy3WaFPU-unsplash.jpg	mozjpeg	420	55	model_policy	33.606	49.038	2.0654	Mozjpeg	55.0
renders	itsiken-pmYoy3WaFPU-unsplash.jpg	mozjpeg	420	55	model_proj	35.235	65.285	1.3565	Mozjpeg	55.0
renders	itsiken-pmYoy3WaFPU-unsplash.jpg	mozjpeg	420	75	identity_off	36.382	74.561	1.0891	Mozjpeg	75.0
renders	itsiken-pmYoy3WaFPU-unsplash.jpg	mozjpeg	420	75	model_policy	34.966	61.350	1.7034	Mozjpeg	75.0
renders	itsiken-pmYoy3WaFPU-unsplash.jpg	mozjpeg	420	75	model_proj	36.858	74.798	1.0646	Mozjpeg	75.0
renders	itsiken-pmYoy3WaFPU-unsplash.jpg	mozjpeg	420	90	identity_off	39.639	84.757	0.7160	Mozjpeg	90.0
renders	itsiken-pmYoy3WaFPU-unsplash.jpg	mozjpeg	420	90	model_policy	37.368	74.145	1.3213	Mozjpeg	90.0
renders	itsiken-pmYoy3WaFPU-unsplash.jpg	mozjpeg	420	90	model_proj	39.794	84.488	0.7155	Mozjpeg	90.0
renders	itsiken-pmYoy3WaFPU-unsplash.jpg	mozjpeg	444	15	identity_off	29.877	13.894	3.0823	Mozjpeg	15.0
renders	itsiken-pmYoy3WaFPU-unsplash.jpg	mozjpeg	444	15	model_policy	30.247	5.664	3.1934	Mozjpeg	15.0
renders	itsiken-pmYoy3WaFPU-unsplash.jpg	mozjpeg	444	15	model_proj	31.119	22.298	2.8850	Mozjpeg	15.0
renders	itsiken-pmYoy3WaFPU-unsplash.jpg	mozjpeg	444	35	identity_off	33.262	53.384	1.8116	Mozjpeg	35.0
renders	itsiken-pmYoy3WaFPU-unsplash.jpg	mozjpeg	444	35	model_policy	32.945	39.921	2.3736	Mozjpeg	35.0
renders	itsiken-pmYoy3WaFPU-unsplash.jpg	mozjpeg	444	35	model_proj	34.296	56.626	1.6888	Mozjpeg	35.0
renders	itsiken-pmYoy3WaFPU-unsplash.jpg	mozjpeg	444	55	identity_off	34.915	66.421	1.4138	Mozjpeg	55.0
renders	itsiken-pmYoy3WaFPU-unsplash.jpg	mozjpeg	444	55	model_policy	34.093	53.216	2.0140	Mozjpeg	55.0
renders	itsiken-pmYoy3WaFPU-unsplash.jpg	mozjpeg	444	55	model_proj	35.626	66.862	1.3554	Mozjpeg	55.0
renders	itsiken-pmYoy3WaFPU-unsplash.jpg	mozjpeg	444	75	identity_off	36.834	76.298	1.0861	Mozjpeg	75.0
renders	itsiken-pmYoy3WaFPU-unsplash.jpg	mozjpeg	444	75	model_policy	35.354	63.587	1.6953	Mozjpeg	75.0
renders	itsiken-pmYoy3WaFPU-unsplash.jpg	mozjpeg	444	75	model_proj	37.197	75.934	1.0650	Mozjpeg	75.0
renders	itsiken-pmYoy3WaFPU-unsplash.jpg	mozjpeg	444	90	identity_off	40.146	86.023	0.7108	Mozjpeg	90.0
renders	itsiken-pmYoy3WaFPU-unsplash.jpg	mozjpeg	444	90	model_policy	37.726	75.456	1.3359	Mozjpeg	90.0
renders	itsiken-pmYoy3WaFPU-unsplash.jpg	mozjpeg	444	90	model_proj	40.222	85.308	0.7116	Mozjpeg	90.0
renders	itsiken-pmYoy3WaFPU-unsplash.jpg	jpegli	420	15	identity_off	31.364	40.270	2.2868	CjpegliYcbcr	14.2
renders	itsiken-pmYoy3WaFPU-unsplash.jpg	jpegli	420	15	model_policy	31.193	20.427	2.7000	CjpegliYcbcr	14.2
renders	itsiken-pmYoy3WaFPU-unsplash.jpg	jpegli	420	15	model_proj	32.376	43.868	2.1373	CjpegliYcbcr	14.2
renders	itsiken-pmYoy3WaFPU-unsplash.jpg	jpegli	420	35	identity_off	33.141	58.695	1.7040	CjpegliYcbcr	7.2
renders	itsiken-pmYoy3WaFPU-unsplash.jpg	jpegli	420	35	model_policy	32.592	40.398	2.3240	CjpegliYcbcr	7.2
renders	itsiken-pmYoy3WaFPU-unsplash.jpg	jpegli	420	35	model_proj	34.034	59.794	1.6078	CjpegliYcbcr	7.2
renders	itsiken-pmYoy3WaFPU-unsplash.jpg	jpegli	420	55	identity_off	34.005	64.183	1.4834	CjpegliYcbcr	5.2
renders	itsiken-pmYoy3WaFPU-unsplash.jpg	jpegli	420	55	model_policy	33.194	46.802	2.1728	CjpegliYcbcr	5.2
renders	itsiken-pmYoy3WaFPU-unsplash.jpg	jpegli	420	55	model_proj	34.760	64.736	1.4162	CjpegliYcbcr	5.2
renders	itsiken-pmYoy3WaFPU-unsplash.jpg	jpegli	420	75	identity_off	35.502	71.396	1.2016	CjpegliYcbcr	3.0
renders	itsiken-pmYoy3WaFPU-unsplash.jpg	jpegli	420	75	model_policy	34.241	56.212	1.9809	CjpegliYcbcr	3.0
renders	itsiken-pmYoy3WaFPU-unsplash.jpg	jpegli	420	75	model_proj	35.995	71.353	1.1841	CjpegliYcbcr	3.0
renders	itsiken-pmYoy3WaFPU-unsplash.jpg	jpegli	420	90	identity_off	38.723	82.107	0.7569	CjpegliYcbcr	1.3
renders	itsiken-pmYoy3WaFPU-unsplash.jpg	jpegli	420	90	model_policy	36.851	71.655	1.3154	CjpegliYcbcr	1.3
renders	itsiken-pmYoy3WaFPU-unsplash.jpg	jpegli	420	90	model_proj	38.865	82.144	0.7637	CjpegliYcbcr	1.3
renders	itsiken-pmYoy3WaFPU-unsplash.jpg	jpegli	444	15	identity_off	31.479	45.293	2.0633	CjpegliYcbcr	11.8
renders	itsiken-pmYoy3WaFPU-unsplash.jpg	jpegli	444	15	model_policy	31.467	30.577	2.5104	CjpegliYcbcr	11.8
renders	itsiken-pmYoy3WaFPU-unsplash.jpg	jpegli	444	15	model_proj	32.830	49.898	1.9457	CjpegliYcbcr	11.8
renders	itsiken-pmYoy3WaFPU-unsplash.jpg	jpegli	444	35	identity_off	33.490	61.227	1.5527	CjpegliYcbcr	6.0
renders	itsiken-pmYoy3WaFPU-unsplash.jpg	jpegli	444	35	model_policy	32.960	44.990	2.1409	CjpegliYcbcr	6.0
renders	itsiken-pmYoy3WaFPU-unsplash.jpg	jpegli	444	35	model_proj	34.430	62.287	1.4768	CjpegliYcbcr	6.0
renders	itsiken-pmYoy3WaFPU-unsplash.jpg	jpegli	444	55	identity_off	34.417	67.066	1.3661	CjpegliYcbcr	4.1
renders	itsiken-pmYoy3WaFPU-unsplash.jpg	jpegli	444	55	model_policy	33.576	51.045	2.0831	CjpegliYcbcr	4.1
renders	itsiken-pmYoy3WaFPU-unsplash.jpg	jpegli	444	55	model_proj	35.217	67.502	1.3292	CjpegliYcbcr	4.1
renders	itsiken-pmYoy3WaFPU-unsplash.jpg	jpegli	444	75	identity_off	35.946	74.299	1.0937	CjpegliYcbcr	2.3
renders	itsiken-pmYoy3WaFPU-unsplash.jpg	jpegli	444	75	model_policy	34.656	60.570	1.7900	CjpegliYcbcr	2.3
renders	itsiken-pmYoy3WaFPU-unsplash.jpg	jpegli	444	75	model_proj	36.504	74.210	1.0892	CjpegliYcbcr	2.3
renders	itsiken-pmYoy3WaFPU-unsplash.jpg	jpegli	444	90	identity_off	39.379	84.225	0.6693	CjpegliYcbcr	1.1
renders	itsiken-pmYoy3WaFPU-unsplash.jpg	jpegli	444	90	model_policy	37.679	75.682	1.2103	CjpegliYcbcr	1.1
renders	itsiken-pmYoy3WaFPU-unsplash.jpg	jpegli	444	90	model_proj	39.715	84.329	0.6722	CjpegliYcbcr	1.1
renders	itsiken-pmYoy3WaFPU-unsplash.jpg	zenjpeg	420	15	identity_off	31.353	39.905	2.2887	CjpegliYcbcr	14.2
renders	itsiken-pmYoy3WaFPU-unsplash.jpg	zenjpeg	420	15	model_policy	31.179	20.606	2.7020	CjpegliYcbcr	14.2
renders	itsiken-pmYoy3WaFPU-unsplash.jpg	zenjpeg	420	15	model_proj	32.369	43.717	2.1393	CjpegliYcbcr	14.2
renders	itsiken-pmYoy3WaFPU-unsplash.jpg	zenjpeg	420	35	identity_off	33.134	58.794	1.7054	CjpegliYcbcr	7.2
renders	itsiken-pmYoy3WaFPU-unsplash.jpg	zenjpeg	420	35	model_policy	32.590	40.554	2.3118	CjpegliYcbcr	7.2
renders	itsiken-pmYoy3WaFPU-unsplash.jpg	zenjpeg	420	35	model_proj	34.024	59.892	1.6079	CjpegliYcbcr	7.2
renders	itsiken-pmYoy3WaFPU-unsplash.jpg	zenjpeg	420	55	identity_off	33.991	64.067	1.4864	CjpegliYcbcr	5.2
renders	itsiken-pmYoy3WaFPU-unsplash.jpg	zenjpeg	420	55	model_policy	33.176	46.683	2.1514	CjpegliYcbcr	5.2
renders	itsiken-pmYoy3WaFPU-unsplash.jpg	zenjpeg	420	55	model_proj	34.746	64.647	1.4198	CjpegliYcbcr	5.2
renders	itsiken-pmYoy3WaFPU-unsplash.jpg	zenjpeg	420	75	identity_off	35.489	71.375	1.2039	CjpegliYcbcr	3.0
renders	itsiken-pmYoy3WaFPU-unsplash.jpg	zenjpeg	420	75	model_policy	34.233	56.206	1.9567	CjpegliYcbcr	3.0
renders	itsiken-pmYoy3WaFPU-unsplash.jpg	zenjpeg	420	75	model_proj	35.986	71.351	1.1863	CjpegliYcbcr	3.0
renders	itsiken-pmYoy3WaFPU-unsplash.jpg	zenjpeg	420	90	identity_off	38.702	81.987	0.7593	CjpegliYcbcr	1.3
renders	itsiken-pmYoy3WaFPU-unsplash.jpg	zenjpeg	420	90	model_policy	36.828	71.510	1.3082	CjpegliYcbcr	1.3
renders	itsiken-pmYoy3WaFPU-unsplash.jpg	zenjpeg	420	90	model_proj	38.847	82.068	0.7656	CjpegliYcbcr	1.3
renders	itsiken-pmYoy3WaFPU-unsplash.jpg	zenjpeg	444	15	identity_off	31.477	45.399	2.0667	CjpegliYcbcr	11.8
renders	itsiken-pmYoy3WaFPU-unsplash.jpg	zenjpeg	444	15	model_policy	31.467	30.454	2.5055	CjpegliYcbcr	11.8
renders	itsiken-pmYoy3WaFPU-unsplash.jpg	zenjpeg	444	15	model_proj	32.831	49.961	1.9416	CjpegliYcbcr	11.8
renders	itsiken-pmYoy3WaFPU-unsplash.jpg	zenjpeg	444	35	identity_off	33.483	61.119	1.5529	CjpegliYcbcr	6.0
renders	itsiken-pmYoy3WaFPU-unsplash.jpg	zenjpeg	444	35	model_policy	32.965	45.102	2.1186	CjpegliYcbcr	6.0
renders	itsiken-pmYoy3WaFPU-unsplash.jpg	zenjpeg	444	35	model_proj	34.445	62.197	1.4766	CjpegliYcbcr	6.0
renders	itsiken-pmYoy3WaFPU-unsplash.jpg	zenjpeg	444	55	identity_off	34.408	67.018	1.3687	CjpegliYcbcr	4.1
renders	itsiken-pmYoy3WaFPU-unsplash.jpg	zenjpeg	444	55	model_policy	33.570	50.983	2.0826	CjpegliYcbcr	4.1
renders	itsiken-pmYoy3WaFPU-unsplash.jpg	zenjpeg	444	55	model_proj	35.212	67.527	1.3313	CjpegliYcbcr	4.1
renders	itsiken-pmYoy3WaFPU-unsplash.jpg	zenjpeg	444	75	identity_off	35.927	74.288	1.0973	CjpegliYcbcr	2.3
renders	itsiken-pmYoy3WaFPU-unsplash.jpg	zenjpeg	444	75	model_policy	34.645	60.585	1.7976	CjpegliYcbcr	2.3
renders	itsiken-pmYoy3WaFPU-unsplash.jpg	zenjpeg	444	75	model_proj	36.488	74.158	1.0937	CjpegliYcbcr	2.3
renders	itsiken-pmYoy3WaFPU-unsplash.jpg	zenjpeg	444	90	identity_off	39.366	84.297	0.6707	CjpegliYcbcr	1.1
renders	itsiken-pmYoy3WaFPU-unsplash.jpg	zenjpeg	444	90	model_policy	37.637	75.435	1.2153	CjpegliYcbcr	1.1
renders	itsiken-pmYoy3WaFPU-unsplash.jpg	zenjpeg	444	90	model_proj	39.699	84.324	0.6748	CjpegliYcbcr	1.1
textures	anca-gabriela-zosin-bMOnYbmQxHA-unsplash.jpg	turbo	420	15	identity_off	32.342	9.568	4.1645	Unknown	15.0
textures	anca-gabriela-zosin-bMOnYbmQxHA-unsplash.jpg	turbo	420	15	model_policy	33.255	32.038	3.9944	Unknown	15.0
textures	anca-gabriela-zosin-bMOnYbmQxHA-unsplash.jpg	turbo	420	15	model_proj	33.710	35.732	3.8240	Unknown	15.0
textures	anca-gabriela-zosin-bMOnYbmQxHA-unsplash.jpg	turbo	420	35	identity_off	36.696	56.933	2.1750	ImageMagick	35.0
textures	anca-gabriela-zosin-bMOnYbmQxHA-unsplash.jpg	turbo	420	35	model_policy	36.994	54.744	2.2196	ImageMagick	35.0
textures	anca-gabriela-zosin-bMOnYbmQxHA-unsplash.jpg	turbo	420	35	model_proj	37.600	63.896	1.8229	ImageMagick	35.0
textures	anca-gabriela-zosin-bMOnYbmQxHA-unsplash.jpg	turbo	420	55	identity_off	37.890	68.781	1.5213	ImageMagick	55.0
textures	anca-gabriela-zosin-bMOnYbmQxHA-unsplash.jpg	turbo	420	55	model_policy	37.922	61.858	1.7032	ImageMagick	55.0
textures	anca-gabriela-zosin-bMOnYbmQxHA-unsplash.jpg	turbo	420	55	model_proj	38.649	70.828	1.3934	ImageMagick	55.0
textures	anca-gabriela-zosin-bMOnYbmQxHA-unsplash.jpg	turbo	420	75	identity_off	39.675	77.277	1.1733	ImageMagick	75.0
textures	anca-gabriela-zosin-bMOnYbmQxHA-unsplash.jpg	turbo	420	75	model_policy	39.397	69.855	1.4350	ImageMagick	75.0
textures	anca-gabriela-zosin-bMOnYbmQxHA-unsplash.jpg	turbo	420	75	model_proj	40.203	77.946	1.1202	ImageMagick	75.0
textures	anca-gabriela-zosin-bMOnYbmQxHA-unsplash.jpg	turbo	420	90	identity_off	43.221	86.949	0.7308	ImageMagick	90.0
textures	anca-gabriela-zosin-bMOnYbmQxHA-unsplash.jpg	turbo	420	90	model_policy	42.694	81.590	1.0095	ImageMagick	90.0
textures	anca-gabriela-zosin-bMOnYbmQxHA-unsplash.jpg	turbo	420	90	model_proj	43.432	86.824	0.7446	ImageMagick	90.0
textures	anca-gabriela-zosin-bMOnYbmQxHA-unsplash.jpg	turbo	444	15	identity_off	33.214	14.456	4.0456	Unknown	15.0
textures	anca-gabriela-zosin-bMOnYbmQxHA-unsplash.jpg	turbo	444	15	model_policy	34.303	36.018	3.8954	Unknown	15.0
textures	anca-gabriela-zosin-bMOnYbmQxHA-unsplash.jpg	turbo	444	15	model_proj	34.493	40.382	3.7786	Unknown	15.0
textures	anca-gabriela-zosin-bMOnYbmQxHA-unsplash.jpg	turbo	444	35	identity_off	37.861	59.567	1.7331	ImageMagick	35.0
textures	anca-gabriela-zosin-bMOnYbmQxHA-unsplash.jpg	turbo	444	35	model_policy	38.051	55.966	1.9799	ImageMagick	35.0
textures	anca-gabriela-zosin-bMOnYbmQxHA-unsplash.jpg	turbo	444	35	model_proj	38.480	66.197	1.6533	ImageMagick	35.0
textures	anca-gabriela-zosin-bMOnYbmQxHA-unsplash.jpg	turbo	444	55	identity_off	39.210	71.996	1.2762	ImageMagick	55.0
textures	anca-gabriela-zosin-bMOnYbmQxHA-unsplash.jpg	turbo	444	55	model_policy	39.030	63.196	1.6480	ImageMagick	55.0
textures	anca-gabriela-zosin-bMOnYbmQxHA-unsplash.jpg	turbo	444	55	model_proj	39.569	73.031	1.2970	ImageMagick	55.0
textures	anca-gabriela-zosin-bMOnYbmQxHA-unsplash.jpg	turbo	444	75	identity_off	41.215	80.010	0.9936	ImageMagick	75.0
textures	anca-gabriela-zosin-bMOnYbmQxHA-unsplash.jpg	turbo	444	75	model_policy	40.568	70.660	1.3809	ImageMagick	75.0
textures	anca-gabriela-zosin-bMOnYbmQxHA-unsplash.jpg	turbo	444	75	model_proj	41.444	79.828	1.0044	ImageMagick	75.0
textures	anca-gabriela-zosin-bMOnYbmQxHA-unsplash.jpg	turbo	444	90	identity_off	44.762	88.927	0.6223	ImageMagick	90.0
textures	anca-gabriela-zosin-bMOnYbmQxHA-unsplash.jpg	turbo	444	90	model_policy	43.862	82.370	1.0005	ImageMagick	90.0
textures	anca-gabriela-zosin-bMOnYbmQxHA-unsplash.jpg	turbo	444	90	model_proj	44.839	88.382	0.6391	ImageMagick	90.0
textures	anca-gabriela-zosin-bMOnYbmQxHA-unsplash.jpg	mozjpeg	420	15	identity_off	32.310	26.045	3.8348	Mozjpeg	15.0
textures	anca-gabriela-zosin-bMOnYbmQxHA-unsplash.jpg	mozjpeg	420	15	model_policy	32.880	32.865	3.7642	Mozjpeg	15.0
textures	anca-gabriela-zosin-bMOnYbmQxHA-unsplash.jpg	mozjpeg	420	15	model_proj	33.077	38.519	3.4922	Mozjpeg	15.0
textures	anca-gabriela-zosin-bMOnYbmQxHA-unsplash.jpg	mozjpeg	420	35	identity_off	36.609	56.808	1.9484	Mozjpeg	35.0
textures	anca-gabriela-zosin-bMOnYbmQxHA-unsplash.jpg	mozjpeg	420	35	model_policy	36.902	49.920	2.1621	Mozjpeg	35.0
textures	anca-gabriela-zosin-bMOnYbmQxHA-unsplash.jpg	mozjpeg	420	35	model_proj	37.130	60.155	1.9221	Mozjpeg	35.0
textures	anca-gabriela-zosin-bMOnYbmQxHA-unsplash.jpg	mozjpeg	420	55	identity_off	38.174	67.413	1.5032	Mozjpeg	55.0
textures	anca-gabriela-zosin-bMOnYbmQxHA-unsplash.jpg	mozjpeg	420	55	model_policy	38.107	58.972	1.8153	Mozjpeg	55.0
textures	anca-gabriela-zosin-bMOnYbmQxHA-unsplash.jpg	mozjpeg	420	55	model_proj	38.556	68.102	1.5210	Mozjpeg	55.0
textures	anca-gabriela-zosin-bMOnYbmQxHA-unsplash.jpg	mozjpeg	420	75	identity_off	39.963	76.153	1.1616	Mozjpeg	75.0
textures	anca-gabriela-zosin-bMOnYbmQxHA-unsplash.jpg	mozjpeg	420	75	model_policy	39.446	67.560	1.5044	Mozjpeg	75.0
textures	anca-gabriela-zosin-bMOnYbmQxHA-unsplash.jpg	mozjpeg	420	75	model_proj	40.086	75.642	1.1900	Mozjpeg	75.0
textures	anca-gabriela-zosin-bMOnYbmQxHA-unsplash.jpg	mozjpeg	420	90	identity_off	43.219	85.744	0.7584	Mozjpeg	90.0
textures	anca-gabriela-zosin-bMOnYbmQxHA-unsplash.jpg	mozjpeg	420	90	model_policy	42.087	78.683	1.1370	Mozjpeg	90.0
textures	anca-gabriela-zosin-bMOnYbmQxHA-unsplash.jpg	mozjpeg	420	90	model_proj	43.235	84.950	0.7646	Mozjpeg	90.0
textures	anca-gabriela-zosin-bMOnYbmQxHA-unsplash.jpg	mozjpeg	444	15	identity_off	32.984	26.687	3.4857	Mozjpeg	15.0
textures	anca-gabriela-zosin-bMOnYbmQxHA-unsplash.jpg	mozjpeg	444	15	model_policy	33.792	37.531	3.3846	Mozjpeg	15.0
textures	anca-gabriela-zosin-bMOnYbmQxHA-unsplash.jpg	mozjpeg	444	15	model_proj	33.820	42.025	3.2329	Mozjpeg	15.0
textures	anca-gabriela-zosin-bMOnYbmQxHA-unsplash.jpg	mozjpeg	444	35	identity_off	37.464	58.084	1.8167	Mozjpeg	35.0
textures	anca-gabriela-zosin-bMOnYbmQxHA-unsplash.jpg	mozjpeg	444	35	model_policy	37.494	50.124	2.1352	Mozjpeg	35.0
textures	anca-gabriela-zosin-bMOnYbmQxHA-unsplash.jpg	mozjpeg	444	35	model_proj	37.614	61.534	1.8253	Mozjpeg	35.0
textures	anca-gabriela-zosin-bMOnYbmQxHA-unsplash.jpg	mozjpeg	444	55	identity_off	39.094	69.023	1.3911	Mozjpeg	55.0
textures	anca-gabriela-zosin-bMOnYbmQxHA-unsplash.jpg	mozjpeg	444	55	model_policy	38.737	59.228	1.7971	Mozjpeg	55.0
textures	anca-gabriela-zosin-bMOnYbmQxHA-unsplash.jpg	mozjpeg	444	55	model_proj	39.129	69.452	1.4296	Mozjpeg	55.0
textures	anca-gabriela-zosin-bMOnYbmQxHA-unsplash.jpg	mozjpeg	444	75	identity_off	40.855	78.096	1.0855	Mozjpeg	75.0
textures	anca-gabriela-zosin-bMOnYbmQxHA-unsplash.jpg	mozjpeg	444	75	model_policy	40.028	67.935	1.4863	Mozjpeg	75.0
textures	anca-gabriela-zosin-bMOnYbmQxHA-unsplash.jpg	mozjpeg	444	75	model_proj	40.652	76.806	1.1346	Mozjpeg	75.0
textures	anca-gabriela-zosin-bMOnYbmQxHA-unsplash.jpg	mozjpeg	444	90	identity_off	44.264	87.192	0.6953	Mozjpeg	90.0
textures	anca-gabriela-zosin-bMOnYbmQxHA-unsplash.jpg	mozjpeg	444	90	model_policy	42.737	78.933	1.1210	Mozjpeg	90.0
textures	anca-gabriela-zosin-bMOnYbmQxHA-unsplash.jpg	mozjpeg	444	90	model_proj	44.012	86.042	0.7249	Mozjpeg	90.0
textures	anca-gabriela-zosin-bMOnYbmQxHA-unsplash.jpg	jpegli	420	15	identity_off	35.899	52.893	2.1934	CjpegliYcbcr	14.2
textures	anca-gabriela-zosin-bMOnYbmQxHA-unsplash.jpg	jpegli	420	15	model_policy	36.431	46.213	2.4142	CjpegliYcbcr	14.2
textures	anca-gabriela-zosin-bMOnYbmQxHA-unsplash.jpg	jpegli	420	15	model_proj	36.710	56.982	2.0881	CjpegliYcbcr	14.2
textures	anca-gabriela-zosin-bMOnYbmQxHA-unsplash.jpg	jpegli	420	35	identity_off	37.533	64.760	1.6304	CjpegliYcbcr	7.2
textures	anca-gabriela-zosin-bMOnYbmQxHA-unsplash.jpg	jpegli	420	35	model_policy	37.790	57.952	1.9140	CjpegliYcbcr	7.2
textures	anca-gabriela-zosin-bMOnYbmQxHA-unsplash.jpg	jpegli	420	35	model_proj	38.052	66.257	1.6538	CjpegliYcbcr	7.2
textures	anca-gabriela-zosin-bMOnYbmQxHA-unsplash.jpg	jpegli	420	55	identity_off	38.268	69.240	1.4551	CjpegliYcbcr	5.2
textures	anca-gabriela-zosin-bMOnYbmQxHA-unsplash.jpg	jpegli	420	55	model_policy	38.309	61.737	1.7826	CjpegliYcbcr	5.2
textures	anca-gabriela-zosin-bMOnYbmQxHA-unsplash.jpg	jpegli	420	55	model_proj	38.673	69.991	1.4600	CjpegliYcbcr	5.2
textures	anca-gabriela-zosin-bMOnYbmQxHA-unsplash.jpg	jpegli	420	75	identity_off	39.683	74.679	1.1955	CjpegliYcbcr	3.0
textures	anca-gabriela-zosin-bMOnYbmQxHA-unsplash.jpg	jpegli	420	75	model_policy	39.262	67.370	1.5584	CjpegliYcbcr	3.0
textures	anca-gabriela-zosin-bMOnYbmQxHA-unsplash.jpg	jpegli	420	75	model_proj	39.811	74.746	1.2323	CjpegliYcbcr	3.0
textures	anca-gabriela-zosin-bMOnYbmQxHA-unsplash.jpg	jpegli	420	90	identity_off	43.104	84.707	0.7565	CjpegliYcbcr	1.3
textures	anca-gabriela-zosin-bMOnYbmQxHA-unsplash.jpg	jpegli	420	90	model_policy	42.321	80.891	1.0913	CjpegliYcbcr	1.3
textures	anca-gabriela-zosin-bMOnYbmQxHA-unsplash.jpg	jpegli	420	90	model_proj	42.973	84.417	0.7910	CjpegliYcbcr	1.3
textures	anca-gabriela-zosin-bMOnYbmQxHA-unsplash.jpg	jpegli	444	15	identity_off	33.715	39.459	2.9633	CjpegliYcbcr	11.8
textures	anca-gabriela-zosin-bMOnYbmQxHA-unsplash.jpg	jpegli	444	15	model_policy	34.740	42.232	3.0909	CjpegliYcbcr	11.8
textures	anca-gabriela-zosin-bMOnYbmQxHA-unsplash.jpg	jpegli	444	15	model_proj	34.949	55.520	2.7355	CjpegliYcbcr	11.8
textures	anca-gabriela-zosin-bMOnYbmQxHA-unsplash.jpg	jpegli	444	35	identity_off	37.221	60.384	1.7046	CjpegliYcbcr	6.0
textures	anca-gabriela-zosin-bMOnYbmQxHA-unsplash.jpg	jpegli	444	35	model_policy	37.661	56.677	2.0118	CjpegliYcbcr	6.0
textures	anca-gabriela-zosin-bMOnYbmQxHA-unsplash.jpg	jpegli	444	35	model_proj	38.000	66.908	1.7107	CjpegliYcbcr	6.0
textures	anca-gabriela-zosin-bMOnYbmQxHA-unsplash.jpg	jpegli	444	55	identity_off	38.086	64.969	1.4865	CjpegliYcbcr	4.1
textures	anca-gabriela-zosin-bMOnYbmQxHA-unsplash.jpg	jpegli	444	55	model_policy	38.286	60.966	1.7699	CjpegliYcbcr	4.1
textures	anca-gabriela-zosin-bMOnYbmQxHA-unsplash.jpg	jpegli	444	55	model_proj	38.565	69.892	1.5253	CjpegliYcbcr	4.1
textures	anca-gabriela-zosin-bMOnYbmQxHA-unsplash.jpg	jpegli	444	75	identity_off	39.890	77.835	1.0689	CjpegliYcbcr	2.3
textures	anca-gabriela-zosin-bMOnYbmQxHA-unsplash.jpg	jpegli	444	75	model_policy	39.556	70.278	1.4621	CjpegliYcbcr	2.3
textures	anca-gabriela-zosin-bMOnYbmQxHA-unsplash.jpg	jpegli	444	75	model_proj	40.059	76.645	1.2145	CjpegliYcbcr	2.3
textures	anca-gabriela-zosin-bMOnYbmQxHA-unsplash.jpg	jpegli	444	90	identity_off	43.399	86.379	0.6652	CjpegliYcbcr	1.1
textures	anca-gabriela-zosin-bMOnYbmQxHA-unsplash.jpg	jpegli	444	90	model_policy	42.715	81.327	1.0061	CjpegliYcbcr	1.1
textures	anca-gabriela-zosin-bMOnYbmQxHA-unsplash.jpg	jpegli	444	90	model_proj	43.339	85.831	0.7635	CjpegliYcbcr	1.1
textures	anca-gabriela-zosin-bMOnYbmQxHA-unsplash.jpg	zenjpeg	420	15	identity_off	35.890	53.594	2.1971	CjpegliYcbcr	14.2
textures	anca-gabriela-zosin-bMOnYbmQxHA-unsplash.jpg	zenjpeg	420	15	model_policy	36.417	46.695	2.4208	CjpegliYcbcr	14.2
textures	anca-gabriela-zosin-bMOnYbmQxHA-unsplash.jpg	zenjpeg	420	15	model_proj	36.686	57.195	2.1049	CjpegliYcbcr	14.2
textures	anca-gabriela-zosin-bMOnYbmQxHA-unsplash.jpg	zenjpeg	420	35	identity_off	37.514	64.685	1.6376	CjpegliYcbcr	7.2
textures	anca-gabriela-zosin-bMOnYbmQxHA-unsplash.jpg	zenjpeg	420	35	model_policy	37.775	57.858	1.9148	CjpegliYcbcr	7.2
textures	anca-gabriela-zosin-bMOnYbmQxHA-unsplash.jpg	zenjpeg	420	35	model_proj	38.036	66.093	1.6592	CjpegliYcbcr	7.2
textures	anca-gabriela-zosin-bMOnYbmQxHA-unsplash.jpg	zenjpeg	420	55	identity_off	38.273	69.450	1.4602	CjpegliYcbcr	5.2
textures	anca-gabriela-zosin-bMOnYbmQxHA-unsplash.jpg	zenjpeg	420	55	model_policy	38.312	61.553	1.7845	CjpegliYcbcr	5.2
textures	anca-gabriela-zosin-bMOnYbmQxHA-unsplash.jpg	zenjpeg	420	55	model_proj	38.659	69.912	1.4620	CjpegliYcbcr	5.2
textures	anca-gabriela-zosin-bMOnYbmQxHA-unsplash.jpg	zenjpeg	420	75	identity_off	39.694	74.887	1.1898	CjpegliYcbcr	3.0
textures	anca-gabriela-zosin-bMOnYbmQxHA-unsplash.jpg	zenjpeg	420	75	model_policy	39.275	67.296	1.5741	CjpegliYcbcr	3.0
textures	anca-gabriela-zosin-bMOnYbmQxHA-unsplash.jpg	zenjpeg	420	75	model_proj	39.817	74.969	1.2324	CjpegliYcbcr	3.0
textures	anca-gabriela-zosin-bMOnYbmQxHA-unsplash.jpg	zenjpeg	420	90	identity_off	43.080	84.901	0.7502	CjpegliYcbcr	1.3
textures	anca-gabriela-zosin-bMOnYbmQxHA-unsplash.jpg	zenjpeg	420	90	model_policy	42.276	80.674	1.0847	CjpegliYcbcr	1.3
textures	anca-gabriela-zosin-bMOnYbmQxHA-unsplash.jpg	zenjpeg	420	90	model_proj	42.953	84.459	0.7922	CjpegliYcbcr	1.3
textures	anca-gabriela-zosin-bMOnYbmQxHA-unsplash.jpg	zenjpeg	444	15	identity_off	33.720	41.678	3.1331	CjpegliYcbcr	11.8
textures	anca-gabriela-zosin-bMOnYbmQxHA-unsplash.jpg	zenjpeg	444	15	model_policy	34.611	42.554	3.2053	CjpegliYcbcr	11.8
textures	anca-gabriela-zosin-bMOnYbmQxHA-unsplash.jpg	zenjpeg	444	15	model_proj	34.808	55.938	2.9426	CjpegliYcbcr	11.8
textures	anca-gabriela-zosin-bMOnYbmQxHA-unsplash.jpg	zenjpeg	444	35	identity_off	37.225	60.765	1.7265	CjpegliYcbcr	6.0
textures	anca-gabriela-zosin-bMOnYbmQxHA-unsplash.jpg	zenjpeg	444	35	model_policy	37.629	56.894	2.0077	CjpegliYcbcr	6.0
textures	anca-gabriela-zosin-bMOnYbmQxHA-unsplash.jpg	zenjpeg	444	35	model_proj	37.938	67.099	1.7355	CjpegliYcbcr	6.0
textures	anca-gabriela-zosin-bMOnYbmQxHA-unsplash.jpg	zenjpeg	444	55	identity_off	38.079	64.467	1.5202	CjpegliYcbcr	4.1
textures	anca-gabriela-zosin-bMOnYbmQxHA-unsplash.jpg	zenjpeg	444	55	model_policy	38.276	60.406	1.7805	CjpegliYcbcr	4.1
textures	anca-gabriela-zosin-bMOnYbmQxHA-unsplash.jpg	zenjpeg	444	55	model_proj	38.537	69.632	1.5435	CjpegliYcbcr	4.1
textures	anca-gabriela-zosin-bMOnYbmQxHA-unsplash.jpg	zenjpeg	444	75	identity_off	39.887	77.869	1.0673	CjpegliYcbcr	2.3
textures	anca-gabriela-zosin-bMOnYbmQxHA-unsplash.jpg	zenjpeg	444	75	model_policy	39.560	70.289	1.4752	CjpegliYcbcr	2.3
textures	anca-gabriela-zosin-bMOnYbmQxHA-unsplash.jpg	zenjpeg	444	75	model_proj	40.053	76.732	1.2098	CjpegliYcbcr	2.3
textures	anca-gabriela-zosin-bMOnYbmQxHA-unsplash.jpg	zenjpeg	444	90	identity_off	43.377	86.479	0.6620	CjpegliYcbcr	1.1
textures	anca-gabriela-zosin-bMOnYbmQxHA-unsplash.jpg	zenjpeg	444	90	model_policy	42.676	81.326	1.0107	CjpegliYcbcr	1.1
textures	anca-gabriela-zosin-bMOnYbmQxHA-unsplash.jpg	zenjpeg	444	90	model_proj	43.291	85.767	0.7587	CjpegliYcbcr	1.1
textures	bernd-dittrich-3MdsHe3IIOk-unsplash.jpg	turbo	420	15	identity_off	23.348	28.918	2.8546	Unknown	15.0
textures	bernd-dittrich-3MdsHe3IIOk-unsplash.jpg	turbo	420	15	model_policy	23.484	21.613	3.1371	Unknown	15.0
textures	bernd-dittrich-3MdsHe3IIOk-unsplash.jpg	turbo	420	15	model_proj	23.782	31.055	2.8333	Unknown	15.0
textures	bernd-dittrich-3MdsHe3IIOk-unsplash.jpg	turbo	420	35	identity_off	25.800	56.218	1.9011	ImageMagick	35.0
textures	bernd-dittrich-3MdsHe3IIOk-unsplash.jpg	turbo	420	35	model_policy	25.689	46.278	2.3289	ImageMagick	35.0
textures	bernd-dittrich-3MdsHe3IIOk-unsplash.jpg	turbo	420	35	model_proj	26.175	57.146	1.8599	ImageMagick	35.0
textures	bernd-dittrich-3MdsHe3IIOk-unsplash.jpg	turbo	420	55	identity_off	27.166	64.211	1.5686	ImageMagick	55.0
textures	bernd-dittrich-3MdsHe3IIOk-unsplash.jpg	turbo	420	55	model_policy	26.857	54.306	2.0682	ImageMagick	55.0
textures	bernd-dittrich-3MdsHe3IIOk-unsplash.jpg	turbo	420	55	model_proj	27.520	64.885	1.5220	ImageMagick	55.0
textures	bernd-dittrich-3MdsHe3IIOk-unsplash.jpg	turbo	420	75	identity_off	29.276	72.103	1.1821	ImageMagick	75.0
textures	bernd-dittrich-3MdsHe3IIOk-unsplash.jpg	turbo	420	75	model_policy	28.495	61.800	1.7788	ImageMagick	75.0
textures	bernd-dittrich-3MdsHe3IIOk-unsplash.jpg	turbo	420	75	model_proj	29.620	72.405	1.1474	ImageMagick	75.0
textures	bernd-dittrich-3MdsHe3IIOk-unsplash.jpg	turbo	420	90	identity_off	38.099	89.681	0.3418	ImageMagick	90.0
textures	bernd-dittrich-3MdsHe3IIOk-unsplash.jpg	turbo	420	90	model_policy	33.241	76.555	1.3728	ImageMagick	90.0
textures	bernd-dittrich-3MdsHe3IIOk-unsplash.jpg	turbo	420	90	model_proj	39.000	89.606	0.3134	ImageMagick	90.0
textures	bernd-dittrich-3MdsHe3IIOk-unsplash.jpg	turbo	444	15	identity_off	23.769	36.433	2.7337	Unknown	15.0
textures	bernd-dittrich-3MdsHe3IIOk-unsplash.jpg	turbo	444	15	model_policy	23.966	31.361	2.9927	Unknown	15.0
textures	bernd-dittrich-3MdsHe3IIOk-unsplash.jpg	turbo	444	15	model_proj	24.354	38.923	2.7019	Unknown	15.0
textures	bernd-dittrich-3MdsHe3IIOk-unsplash.jpg	turbo	444	35	identity_off	26.452	63.296	1.8128	ImageMagick	35.0
textures	bernd-dittrich-3MdsHe3IIOk-unsplash.jpg	turbo	444	35	model_policy	26.413	54.690	2.2026	ImageMagick	35.0
textures	bernd-dittrich-3MdsHe3IIOk-unsplash.jpg	turbo	444	35	model_proj	26.903	64.575	1.7802	ImageMagick	35.0
textures	bernd-dittrich-3MdsHe3IIOk-unsplash.jpg	turbo	444	55	identity_off	28.030	71.072	1.4807	ImageMagick	55.0
textures	bernd-dittrich-3MdsHe3IIOk-unsplash.jpg	turbo	444	55	model_policy	27.763	61.545	1.9289	ImageMagick	55.0
textures	bernd-dittrich-3MdsHe3IIOk-unsplash.jpg	turbo	444	55	model_proj	28.371	71.781	1.4524	ImageMagick	55.0
textures	bernd-dittrich-3MdsHe3IIOk-unsplash.jpg	turbo	444	75	identity_off	30.491	78.380	1.1003	ImageMagick	75.0
textures	bernd-dittrich-3MdsHe3IIOk-unsplash.jpg	turbo	444	75	model_policy	29.628	68.261	1.6435	ImageMagick	75.0
textures	bernd-dittrich-3MdsHe3IIOk-unsplash.jpg	turbo	444	75	model_proj	30.723	78.439	1.0853	ImageMagick	75.0
textures	bernd-dittrich-3MdsHe3IIOk-unsplash.jpg	turbo	444	90	identity_off	38.635	92.378	0.2396	ImageMagick	90.0
textures	bernd-dittrich-3MdsHe3IIOk-unsplash.jpg	turbo	444	90	model_policy	33.930	79.234	1.2775	ImageMagick	90.0
textures	bernd-dittrich-3MdsHe3IIOk-unsplash.jpg	turbo	444	90	model_proj	38.776	91.747	0.2617	ImageMagick	90.0
textures	bernd-dittrich-3MdsHe3IIOk-unsplash.jpg	mozjpeg	420	15	identity_off	22.183	14.862	3.6953	Mozjpeg	15.0
textures	bernd-dittrich-3MdsHe3IIOk-unsplash.jpg	mozjpeg	420	15	model_policy	22.184	6.734	3.9575	Mozjpeg	15.0
textures	bernd-dittrich-3MdsHe3IIOk-unsplash.jpg	mozjpeg	420	15	model_proj	22.580	14.439	3.6759	Mozjpeg	15.0
textures	bernd-dittrich-3MdsHe3IIOk-unsplash.jpg	mozjpeg	420	35	identity_off	24.964	50.008	2.3223	Mozjpeg	35.0
textures	bernd-dittrich-3MdsHe3IIOk-unsplash.jpg	mozjpeg	420	35	model_policy	24.732	39.513	2.7141	Mozjpeg	35.0
textures	bernd-dittrich-3MdsHe3IIOk-unsplash.jpg	mozjpeg	420	35	model_proj	25.319	49.792	2.3169	Mozjpeg	35.0
textures	bernd-dittrich-3MdsHe3IIOk-unsplash.jpg	mozjpeg	420	55	identity_off	26.521	62.062	1.8607	Mozjpeg	55.0
textures	bernd-dittrich-3MdsHe3IIOk-unsplash.jpg	mozjpeg	420	55	model_policy	26.098	50.924	2.3155	Mozjpeg	55.0
textures	bernd-dittrich-3MdsHe3IIOk-unsplash.jpg	mozjpeg	420	55	model_proj	26.822	61.882	1.8498	Mozjpeg	55.0
textures	bernd-dittrich-3MdsHe3IIOk-unsplash.jpg	mozjpeg	420	75	identity_off	28.971	73.160	1.3447	Mozjpeg	75.0
textures	bernd-dittrich-3MdsHe3IIOk-unsplash.jpg	mozjpeg	420	75	model_policy	28.119	62.348	1.8925	Mozjpeg	75.0
textures	bernd-dittrich-3MdsHe3IIOk-unsplash.jpg	mozjpeg	420	75	model_proj	29.205	73.090	1.3216	Mozjpeg	75.0
textures	bernd-dittrich-3MdsHe3IIOk-unsplash.jpg	mozjpeg	420	90	identity_off	33.720	84.429	0.6719	Mozjpeg	90.0
textures	bernd-dittrich-3MdsHe3IIOk-unsplash.jpg	mozjpeg	420	90	model_policy	31.478	73.782	1.4778	Mozjpeg	90.0
textures	bernd-dittrich-3MdsHe3IIOk-unsplash.jpg	mozjpeg	420	90	model_proj	34.141	84.728	0.6538	Mozjpeg	90.0
textures	bernd-dittrich-3MdsHe3IIOk-unsplash.jpg	mozjpeg	444	15	identity_off	22.510	21.756	3.5958	Mozjpeg	15.0
textures	bernd-dittrich-3MdsHe3IIOk-unsplash.jpg	mozjpeg	444	15	model_policy	22.530	15.085	3.8283	Mozjpeg	15.0
textures	bernd-dittrich-3MdsHe3IIOk-unsplash.jpg	mozjpeg	444	15	model_proj	22.974	21.145	3.5856	Mozjpeg	15.0
textures	bernd-dittrich-3MdsHe3IIOk-unsplash.jpg	mozjpeg	444	35	identity_off	25.441	56.418	2.2361	Mozjpeg	35.0
textures	bernd-dittrich-3MdsHe3IIOk-unsplash.jpg	mozjpeg	444	35	model_policy	25.223	47.083	2.5847	Mozjpeg	35.0
textures	bernd-dittrich-3MdsHe3IIOk-unsplash.jpg	mozjpeg	444	35	model_proj	25.852	55.745	2.2365	Mozjpeg	35.0
textures	bernd-dittrich-3MdsHe3IIOk-unsplash.jpg	mozjpeg	444	55	identity_off	27.080	66.922	1.7807	Mozjpeg	55.0
textures	bernd-dittrich-3MdsHe3IIOk-unsplash.jpg	mozjpeg	444	55	model_policy	26.654	56.918	2.1915	Mozjpeg	55.0
textures	bernd-dittrich-3MdsHe3IIOk-unsplash.jpg	mozjpeg	444	55	model_proj	27.410	66.436	1.7847	Mozjpeg	55.0
textures	bernd-dittrich-3MdsHe3IIOk-unsplash.jpg	mozjpeg	444	75	identity_off	29.512	76.152	1.2892	Mozjpeg	75.0
textures	bernd-dittrich-3MdsHe3IIOk-unsplash.jpg	mozjpeg	444	75	model_policy	28.677	65.814	1.7842	Mozjpeg	75.0
textures	bernd-dittrich-3MdsHe3IIOk-unsplash.jpg	mozjpeg	444	75	model_proj	29.715	75.845	1.2833	Mozjpeg	75.0
textures	bernd-dittrich-3MdsHe3IIOk-unsplash.jpg	mozjpeg	444	90	identity_off	35.143	87.538	0.6089	Mozjpeg	90.0
textures	bernd-dittrich-3MdsHe3IIOk-unsplash.jpg	mozjpeg	444	90	model_policy	32.517	76.813	1.3770	Mozjpeg	90.0
textures	bernd-dittrich-3MdsHe3IIOk-unsplash.jpg	mozjpeg	444	90	model_proj	35.207	87.467	0.6076	Mozjpeg	90.0
textures	bernd-dittrich-3MdsHe3IIOk-unsplash.jpg	jpegli	420	15	identity_off	22.704	32.965	3.1984	CjpegliYcbcr	14.2
textures	bernd-dittrich-3MdsHe3IIOk-unsplash.jpg	jpegli	420	15	model_policy	22.654	22.297	3.4785	CjpegliYcbcr	14.2
textures	bernd-dittrich-3MdsHe3IIOk-unsplash.jpg	jpegli	420	15	model_proj	23.069	31.494	3.1870	CjpegliYcbcr	14.2
textures	bernd-dittrich-3MdsHe3IIOk-unsplash.jpg	jpegli	420	35	identity_off	24.843	51.590	2.2999	CjpegliYcbcr	7.2
textures	bernd-dittrich-3MdsHe3IIOk-unsplash.jpg	jpegli	420	35	model_policy	24.624	40.397	2.6835	CjpegliYcbcr	7.2
textures	bernd-dittrich-3MdsHe3IIOk-unsplash.jpg	jpegli	420	35	model_proj	25.184	50.829	2.2737	CjpegliYcbcr	7.2
textures	bernd-dittrich-3MdsHe3IIOk-unsplash.jpg	jpegli	420	55	identity_off	26.393	59.810	1.8438	CjpegliYcbcr	5.2
textures	bernd-dittrich-3MdsHe3IIOk-unsplash.jpg	jpegli	420	55	model_policy	26.002	49.108	2.2846	CjpegliYcbcr	5.2
textures	bernd-dittrich-3MdsHe3IIOk-unsplash.jpg	jpegli	420	55	model_proj	26.727	59.430	1.8006	CjpegliYcbcr	5.2
textures	bernd-dittrich-3MdsHe3IIOk-unsplash.jpg	jpegli	420	75	identity_off	28.919	70.135	1.2776	CjpegliYcbcr	3.0
textures	bernd-dittrich-3MdsHe3IIOk-unsplash.jpg	jpegli	420	75	model_policy	28.141	60.437	1.8272	CjpegliYcbcr	3.0
textures	bernd-dittrich-3MdsHe3IIOk-unsplash.jpg	jpegli	420	75	model_proj	29.296	70.110	1.2429	CjpegliYcbcr	3.0
textures	bernd-dittrich-3MdsHe3IIOk-unsplash.jpg	jpegli	420	90	identity_off	33.884	83.735	0.5263	CjpegliYcbcr	1.3
textures	bernd-dittrich-3MdsHe3IIOk-unsplash.jpg	jpegli	420	90	model_policy	31.530	72.906	1.4365	CjpegliYcbcr	1.3
textures	bernd-dittrich-3MdsHe3IIOk-unsplash.jpg	jpegli	420	90	model_proj	34.778	84.214	0.5014	CjpegliYcbcr	1.3
textures	bernd-dittrich-3MdsHe3IIOk-unsplash.jpg	jpegli	444	15	identity_off	23.164	38.261	2.9125	CjpegliYcbcr	11.8
textures	bernd-dittrich-3MdsHe3IIOk-unsplash.jpg	jpegli	444	15	model_policy	23.139	28.270	3.1987	CjpegliYcbcr	11.8
textures	bernd-dittrich-3MdsHe3IIOk-unsplash.jpg	jpegli	444	15	model_proj	23.625	38.104	2.9081	CjpegliYcbcr	11.8
textures	bernd-dittrich-3MdsHe3IIOk-unsplash.jpg	jpegli	444	35	identity_off	25.590	55.745	2.0570	CjpegliYcbcr	6.0
textures	bernd-dittrich-3MdsHe3IIOk-unsplash.jpg	jpegli	444	35	model_policy	25.390	45.749	2.4664	CjpegliYcbcr	6.0
textures	bernd-dittrich-3MdsHe3IIOk-unsplash.jpg	jpegli	444	35	model_proj	25.940	55.234	2.0458	CjpegliYcbcr	6.0
textures	bernd-dittrich-3MdsHe3IIOk-unsplash.jpg	jpegli	444	55	identity_off	27.133	63.307	1.6463	CjpegliYcbcr	4.1
textures	bernd-dittrich-3MdsHe3IIOk-unsplash.jpg	jpegli	444	55	model_policy	26.756	53.045	2.1212	CjpegliYcbcr	4.1
textures	bernd-dittrich-3MdsHe3IIOk-unsplash.jpg	jpegli	444	55	model_proj	27.431	62.932	1.6243	CjpegliYcbcr	4.1
textures	bernd-dittrich-3MdsHe3IIOk-unsplash.jpg	jpegli	444	75	identity_off	29.781	73.422	1.1060	CjpegliYcbcr	2.3
textures	bernd-dittrich-3MdsHe3IIOk-unsplash.jpg	jpegli	444	75	model_policy	28.972	64.366	1.7158	CjpegliYcbcr	2.3
textures	bernd-dittrich-3MdsHe3IIOk-unsplash.jpg	jpegli	444	75	model_proj	30.068	73.367	1.0896	CjpegliYcbcr	2.3
textures	bernd-dittrich-3MdsHe3IIOk-unsplash.jpg	jpegli	444	90	identity_off	34.789	86.435	0.4414	CjpegliYcbcr	1.1
textures	bernd-dittrich-3MdsHe3IIOk-unsplash.jpg	jpegli	444	90	model_policy	32.359	75.945	1.3987	CjpegliYcbcr	1.1
textures	bernd-dittrich-3MdsHe3IIOk-unsplash.jpg	jpegli	444	90	model_proj	35.405	86.621	0.4379	CjpegliYcbcr	1.1
textures	bernd-dittrich-3MdsHe3IIOk-unsplash.jpg	zenjpeg	420	15	identity_off	22.702	32.784	3.2005	CjpegliYcbcr	14.2
textures	bernd-dittrich-3MdsHe3IIOk-unsplash.jpg	zenjpeg	420	15	model_policy	22.651	22.133	3.4828	CjpegliYcbcr	14.2
textures	bernd-dittrich-3MdsHe3IIOk-unsplash.jpg	zenjpeg	420	15	model_proj	23.069	31.183	3.1889	CjpegliYcbcr	14.2
textures	bernd-dittrich-3MdsHe3IIOk-unsplash.jpg	zenjpeg	420	35	identity_off	24.838	51.557	2.3005	CjpegliYcbcr	7.2
textures	bernd-dittrich-3MdsHe3IIOk-unsplash.jpg	zenjpeg	420	35	model_policy	24.620	40.397	2.6841	CjpegliYcbcr	7.2
textures	bernd-dittrich-3MdsHe3IIOk-unsplash.jpg	zenjpeg	420	35	model_proj	25.181	50.837	2.2737	CjpegliYcbcr	7.2
textures	bernd-dittrich-3MdsHe3IIOk-unsplash.jpg	zenjpeg	420	55	identity_off	26.385	59.772	1.8456	CjpegliYcbcr	5.2
textures	bernd-dittrich-3MdsHe3IIOk-unsplash.jpg	zenjpeg	420	55	model_policy	25.991	49.128	2.2857	CjpegliYcbcr	5.2
textures	bernd-dittrich-3MdsHe3IIOk-unsplash.jpg	zenjpeg	420	55	model_proj	26.719	59.436	1.8021	CjpegliYcbcr	5.2
textures	bernd-dittrich-3MdsHe3IIOk-unsplash.jpg	zenjpeg	420	75	identity_off	28.906	69.919	1.2807	CjpegliYcbcr	3.0
textures	bernd-dittrich-3MdsHe3IIOk-unsplash.jpg	zenjpeg	420	75	model_policy	28.128	60.153	1.8296	CjpegliYcbcr	3.0
textures	bernd-dittrich-3MdsHe3IIOk-unsplash.jpg	zenjpeg	420	75	model_proj	29.285	69.868	1.2454	CjpegliYcbcr	3.0
textures	bernd-dittrich-3MdsHe3IIOk-unsplash.jpg	zenjpeg	420	90	identity_off	33.881	83.699	0.5291	CjpegliYcbcr	1.3
textures	bernd-dittrich-3MdsHe3IIOk-unsplash.jpg	zenjpeg	420	90	model_policy	31.528	72.873	1.4384	CjpegliYcbcr	1.3
textures	bernd-dittrich-3MdsHe3IIOk-unsplash.jpg	zenjpeg	420	90	model_proj	34.774	84.170	0.5051	CjpegliYcbcr	1.3
textures	bernd-dittrich-3MdsHe3IIOk-unsplash.jpg	zenjpeg	444	15	identity_off	23.159	38.131	2.9150	CjpegliYcbcr	11.8
textures	bernd-dittrich-3MdsHe3IIOk-unsplash.jpg	zenjpeg	444	15	model_policy	23.133	28.149	3.2013	CjpegliYcbcr	11.8
textures	bernd-dittrich-3MdsHe3IIOk-unsplash.jpg	zenjpeg	444	15	model_proj	23.619	38.081	2.9110	CjpegliYcbcr	11.8
textures	bernd-dittrich-3MdsHe3IIOk-unsplash.jpg	zenjpeg	444	35	identity_off	25.584	55.537	2.0581	CjpegliYcbcr	6.0
textures	bernd-dittrich-3MdsHe3IIOk-unsplash.jpg	zenjpeg	444	35	model_policy	25.384	45.511	2.4664	CjpegliYcbcr	6.0
textures	bernd-dittrich-3MdsHe3IIOk-unsplash.jpg	zenjpeg	444	35	model_proj	25.934	55.061	2.0469	CjpegliYcbcr	6.0
textures	bernd-dittrich-3MdsHe3IIOk-unsplash.jpg	zenjpeg	444	55	identity_off	27.122	63.162	1.6500	CjpegliYcbcr	4.1
textures	bernd-dittrich-3MdsHe3IIOk-unsplash.jpg	zenjpeg	444	55	model_policy	26.746	52.785	2.1257	CjpegliYcbcr	4.1
textures	bernd-dittrich-3MdsHe3IIOk-unsplash.jpg	zenjpeg	444	55	model_proj	27.422	62.827	1.6277	CjpegliYcbcr	4.1
textures	bernd-dittrich-3MdsHe3IIOk-unsplash.jpg	zenjpeg	444	75	identity_off	29.762	73.304	1.1109	CjpegliYcbcr	2.3
textures	bernd-dittrich-3MdsHe3IIOk-unsplash.jpg	zenjpeg	444	75	model_policy	28.955	64.312	1.7172	CjpegliYcbcr	2.3
textures	bernd-dittrich-3MdsHe3IIOk-unsplash.jpg	zenjpeg	444	75	model_proj	30.050	73.248	1.0944	CjpegliYcbcr	2.3
textures	bernd-dittrich-3MdsHe3IIOk-unsplash.jpg	zenjpeg	444	90	identity_off	34.774	86.410	0.4448	CjpegliYcbcr	1.1
textures	bernd-dittrich-3MdsHe3IIOk-unsplash.jpg	zenjpeg	444	90	model_policy	32.352	75.966	1.4008	CjpegliYcbcr	1.1
textures	bernd-dittrich-3MdsHe3IIOk-unsplash.jpg	zenjpeg	444	90	model_proj	35.388	86.569	0.4408	CjpegliYcbcr	1.1
textures	haberdoedas-5BsnVq1qTis-unsplash.jpg	turbo	420	15	identity_off	30.019	-15.580	2.9187	Unknown	15.0
textures	haberdoedas-5BsnVq1qTis-unsplash.jpg	turbo	420	15	model_policy	30.215	-7.650	2.9913	Unknown	15.0
textures	haberdoedas-5BsnVq1qTis-unsplash.jpg	turbo	420	15	model_proj	30.502	-1.064	2.8238	Unknown	15.0
textures	haberdoedas-5BsnVq1qTis-unsplash.jpg	turbo	420	35	identity_off	31.563	33.796	2.0288	ImageMagick	35.0
textures	haberdoedas-5BsnVq1qTis-unsplash.jpg	turbo	420	35	model_policy	31.621	31.187	2.0781	ImageMagick	35.0
textures	haberdoedas-5BsnVq1qTis-unsplash.jpg	turbo	420	35	model_proj	31.815	35.886	2.0044	ImageMagick	35.0
textures	haberdoedas-5BsnVq1qTis-unsplash.jpg	turbo	420	55	identity_off	32.287	49.994	1.7765	ImageMagick	55.0
textures	haberdoedas-5BsnVq1qTis-unsplash.jpg	turbo	420	55	model_policy	32.262	45.320	1.8353	ImageMagick	55.0
textures	haberdoedas-5BsnVq1qTis-unsplash.jpg	turbo	420	55	model_proj	32.492	50.664	1.7691	ImageMagick	55.0
textures	haberdoedas-5BsnVq1qTis-unsplash.jpg	turbo	420	75	identity_off	33.210	60.481	1.5183	ImageMagick	75.0
textures	haberdoedas-5BsnVq1qTis-unsplash.jpg	turbo	420	75	model_policy	32.935	54.529	1.6045	ImageMagick	75.0
textures	haberdoedas-5BsnVq1qTis-unsplash.jpg	turbo	420	75	model_proj	33.279	60.331	1.5231	ImageMagick	75.0
textures	haberdoedas-5BsnVq1qTis-unsplash.jpg	turbo	420	90	identity_off	47.826	91.512	0.2228	ImageMagick	90.0
textures	haberdoedas-5BsnVq1qTis-unsplash.jpg	turbo	420	90	model_policy	44.522	88.060	0.3504	ImageMagick	90.0
textures	haberdoedas-5BsnVq1qTis-unsplash.jpg	turbo	420	90	model_proj	47.562	90.953	0.2582	ImageMagick	90.0
textures	haberdoedas-5BsnVq1qTis-unsplash.jpg	turbo	444	15	identity_off	30.063	-14.355	2.8963	Unknown	15.0
textures	haberdoedas-5BsnVq1qTis-unsplash.jpg	turbo	444	15	model_policy	30.308	-5.612	2.9813	Unknown	15.0
textures	haberdoedas-5BsnVq1qTis-unsplash.jpg	turbo	444	15	model_proj	30.602	0.115	2.7950	Unknown	15.0
textures	haberdoedas-5BsnVq1qTis-unsplash.jpg	turbo	444	35	identity_off	31.648	35.161	2.0200	ImageMagick	35.0
textures	haberdoedas-5BsnVq1qTis-unsplash.jpg	turbo	444	35	model_policy	31.722	32.757	2.0648	ImageMagick	35.0
textures	haberdoedas-5BsnVq1qTis-unsplash.jpg	turbo	444	35	model_proj	31.912	37.266	1.9942	ImageMagick	35.0
textures	haberdoedas-5BsnVq1qTis-unsplash.jpg	turbo	444	55	identity_off	32.350	51.075	1.7735	ImageMagick	55.0
textures	haberdoedas-5BsnVq1qTis-unsplash.jpg	turbo	444	55	model_policy	32.330	46.701	1.8315	ImageMagick	55.0
textures	haberdoedas-5BsnVq1qTis-unsplash.jpg	turbo	444	55	model_proj	32.563	51.660	1.7666	ImageMagick	55.0
textures	haberdoedas-5BsnVq1qTis-unsplash.jpg	turbo	444	75	identity_off	33.273	61.313	1.5176	ImageMagick	75.0
textures	haberdoedas-5BsnVq1qTis-unsplash.jpg	turbo	444	75	model_policy	32.998	55.622	1.6016	ImageMagick	75.0
textures	haberdoedas-5BsnVq1qTis-unsplash.jpg	turbo	444	75	model_proj	33.344	61.161	1.5229	ImageMagick	75.0
textures	haberdoedas-5BsnVq1qTis-unsplash.jpg	turbo	444	90	identity_off	47.034	91.939	0.2209	ImageMagick	90.0
textures	haberdoedas-5BsnVq1qTis-unsplash.jpg	turbo	444	90	model_policy	44.224	88.425	0.3490	ImageMagick	90.0
textures	haberdoedas-5BsnVq1qTis-unsplash.jpg	turbo	444	90	model_proj	46.844	91.364	0.2686	ImageMagick	90.0
textures	haberdoedas-5BsnVq1qTis-unsplash.jpg	mozjpeg	420	15	identity_off	30.073	-20.709	3.0320	Mozjpeg	15.0
textures	haberdoedas-5BsnVq1qTis-unsplash.jpg	mozjpeg	420	15	model_policy	30.312	-11.986	2.9925	Mozjpeg	15.0
textures	haberdoedas-5BsnVq1qTis-unsplash.jpg	mozjpeg	420	15	model_proj	30.434	-7.633	2.9751	Mozjpeg	15.0
textures	haberdoedas-5BsnVq1qTis-unsplash.jpg	mozjpeg	420	35	identity_off	31.093	21.572	2.3227	Mozjpeg	35.0
textures	haberdoedas-5BsnVq1qTis-unsplash.jpg	mozjpeg	420	35	model_policy	30.965	13.691	2.5394	Mozjpeg	35.0
textures	haberdoedas-5BsnVq1qTis-unsplash.jpg	mozjpeg	420	35	model_proj	31.242	23.246	2.3332	Mozjpeg	35.0
textures	haberdoedas-5BsnVq1qTis-unsplash.jpg	mozjpeg	420	55	identity_off	31.814	42.200	1.9593	Mozjpeg	55.0
textures	haberdoedas-5BsnVq1qTis-unsplash.jpg	mozjpeg	420	55	model_policy	31.627	33.474	2.1280	Mozjpeg	55.0
textures	haberdoedas-5BsnVq1qTis-unsplash.jpg	mozjpeg	420	55	model_proj	31.927	42.232	1.9700	Mozjpeg	55.0
textures	haberdoedas-5BsnVq1qTis-unsplash.jpg	mozjpeg	420	75	identity_off	32.961	58.250	1.5957	Mozjpeg	75.0
textures	haberdoedas-5BsnVq1qTis-unsplash.jpg	mozjpeg	420	75	model_policy	32.770	52.025	1.6700	Mozjpeg	75.0
textures	haberdoedas-5BsnVq1qTis-unsplash.jpg	mozjpeg	420	75	model_proj	33.055	57.946	1.5966	Mozjpeg	75.0
textures	haberdoedas-5BsnVq1qTis-unsplash.jpg	mozjpeg	420	90	identity_off	41.403	84.970	0.6298	Mozjpeg	90.0
textures	haberdoedas-5BsnVq1qTis-unsplash.jpg	mozjpeg	420	90	model_policy	40.969	83.610	0.6304	Mozjpeg	90.0
textures	haberdoedas-5BsnVq1qTis-unsplash.jpg	mozjpeg	420	90	model_proj	41.370	84.918	0.6303	Mozjpeg	90.0
textures	haberdoedas-5BsnVq1qTis-unsplash.jpg	mozjpeg	444	15	identity_off	30.129	-20.113	3.0141	Mozjpeg	15.0
textures	haberdoedas-5BsnVq1qTis-unsplash.jpg	mozjpeg	444	15	model_policy	30.408	-10.809	2.9734	Mozjpeg	15.0
textures	haberdoedas-5BsnVq1qTis-unsplash.jpg	mozjpeg	444	15	model_proj	30.523	-6.684	2.9372	Mozjpeg	15.0
textures	haberdoedas-5BsnVq1qTis-unsplash.jpg	mozjpeg	444	35	identity_off	31.156	22.609	2.3159	Mozjpeg	35.0
textures	haberdoedas-5BsnVq1qTis-unsplash.jpg	mozjpeg	444	35	model_policy	31.027	15.086	2.5260	Mozjpeg	35.0
textures	haberdoedas-5BsnVq1qTis-unsplash.jpg	mozjpeg	444	35	model_proj	31.292	23.769	2.3293	Mozjpeg	35.0
textures	haberdoedas-5BsnVq1qTis-unsplash.jpg	mozjpeg	444	55	identity_off	31.871	43.145	1.9572	Mozjpeg	55.0
textures	haberdoedas-5BsnVq1qTis-unsplash.jpg	mozjpeg	444	55	model_policy	31.683	34.775	2.1201	Mozjpeg	55.0
textures	haberdoedas-5BsnVq1qTis-unsplash.jpg	mozjpeg	444	55	model_proj	31.976	42.969	1.9700	Mozjpeg	55.0
textures	haberdoedas-5BsnVq1qTis-unsplash.jpg	mozjpeg	444	75	identity_off	33.019	59.150	1.5939	Mozjpeg	75.0
textures	haberdoedas-5BsnVq1qTis-unsplash.jpg	mozjpeg	444	75	model_policy	32.821	53.007	1.6676	Mozjpeg	75.0
textures	haberdoedas-5BsnVq1qTis-unsplash.jpg	mozjpeg	444	75	model_proj	33.108	58.722	1.5950	Mozjpeg	75.0
textures	haberdoedas-5BsnVq1qTis-unsplash.jpg	mozjpeg	444	90	identity_off	41.320	85.591	0.6274	Mozjpeg	90.0
textures	haberdoedas-5BsnVq1qTis-unsplash.jpg	mozjpeg	444	90	model_policy	40.941	84.175	0.6279	Mozjpeg	90.0
textures	haberdoedas-5BsnVq1qTis-unsplash.jpg	mozjpeg	444	90	model_proj	41.301	85.555	0.6279	Mozjpeg	90.0
textures	haberdoedas-5BsnVq1qTis-unsplash.jpg	jpegli	420	15	identity_off	30.730	11.389	2.5947	CjpegliYcbcr	14.2
textures	haberdoedas-5BsnVq1qTis-unsplash.jpg	jpegli	420	15	model_policy	30.672	3.689	2.8520	CjpegliYcbcr	14.2
textures	haberdoedas-5BsnVq1qTis-unsplash.jpg	jpegli	420	15	model_proj	30.906	13.605	2.6129	CjpegliYcbcr	14.2
textures	haberdoedas-5BsnVq1qTis-unsplash.jpg	jpegli	420	35	identity_off	31.213	33.873	2.2790	CjpegliYcbcr	7.2
textures	haberdoedas-5BsnVq1qTis-unsplash.jpg	jpegli	420	35	model_policy	31.055	20.905	2.5142	CjpegliYcbcr	7.2
textures	haberdoedas-5BsnVq1qTis-unsplash.jpg	jpegli	420	35	model_proj	31.272	31.597	2.3254	CjpegliYcbcr	7.2
textures	haberdoedas-5BsnVq1qTis-unsplash.jpg	jpegli	420	55	identity_off	31.513	42.147	2.1027	CjpegliYcbcr	5.2
textures	haberdoedas-5BsnVq1qTis-unsplash.jpg	jpegli	420	55	model_policy	31.282	29.676	2.3333	CjpegliYcbcr	5.2
textures	haberdoedas-5BsnVq1qTis-unsplash.jpg	jpegli	420	55	model_proj	31.548	40.392	2.1454	CjpegliYcbcr	5.2
textures	haberdoedas-5BsnVq1qTis-unsplash.jpg	jpegli	420	75	identity_off	33.134	57.788	1.6127	CjpegliYcbcr	3.0
textures	haberdoedas-5BsnVq1qTis-unsplash.jpg	jpegli	420	75	model_policy	32.955	53.143	1.6693	CjpegliYcbcr	3.0
textures	haberdoedas-5BsnVq1qTis-unsplash.jpg	jpegli	420	75	model_proj	33.139	57.535	1.6184	CjpegliYcbcr	3.0
textures	haberdoedas-5BsnVq1qTis-unsplash.jpg	jpegli	420	90	identity_off	41.528	83.643	0.5968	CjpegliYcbcr	1.3
textures	haberdoedas-5BsnVq1qTis-unsplash.jpg	jpegli	420	90	model_policy	40.775	81.834	0.6194	CjpegliYcbcr	1.3
textures	haberdoedas-5BsnVq1qTis-unsplash.jpg	jpegli	420	90	model_proj	41.512	83.593	0.5972	CjpegliYcbcr	1.3
textures	haberdoedas-5BsnVq1qTis-unsplash.jpg	jpegli	444	15	identity_off	30.433	15.161	2.5683	CjpegliYcbcr	11.8
textures	haberdoedas-5BsnVq1qTis-unsplash.jpg	jpegli	444	15	model_policy	30.464	4.283	2.8508	CjpegliYcbcr	11.8
textures	haberdoedas-5BsnVq1qTis-unsplash.jpg	jpegli	444	15	model_proj	30.793	17.161	2.5947	CjpegliYcbcr	11.8
textures	haberdoedas-5BsnVq1qTis-unsplash.jpg	jpegli	444	35	identity_off	31.306	38.284	2.1995	CjpegliYcbcr	6.0
textures	haberdoedas-5BsnVq1qTis-unsplash.jpg	jpegli	444	35	model_policy	31.149	26.400	2.4359	CjpegliYcbcr	6.0
textures	haberdoedas-5BsnVq1qTis-unsplash.jpg	jpegli	444	35	model_proj	31.413	36.697	2.2490	CjpegliYcbcr	6.0
textures	haberdoedas-5BsnVq1qTis-unsplash.jpg	jpegli	444	55	identity_off	31.805	46.703	1.9664	CjpegliYcbcr	4.1
textures	haberdoedas-5BsnVq1qTis-unsplash.jpg	jpegli	444	55	model_policy	31.542	35.252	2.1799	CjpegliYcbcr	4.1
textures	haberdoedas-5BsnVq1qTis-unsplash.jpg	jpegli	444	55	model_proj	31.862	45.465	2.0066	CjpegliYcbcr	4.1
textures	haberdoedas-5BsnVq1qTis-unsplash.jpg	jpegli	444	75	identity_off	34.746	65.159	1.3384	CjpegliYcbcr	2.3
textures	haberdoedas-5BsnVq1qTis-unsplash.jpg	jpegli	444	75	model_policy	34.561	62.944	1.3587	CjpegliYcbcr	2.3
textures	haberdoedas-5BsnVq1qTis-unsplash.jpg	jpegli	444	75	model_proj	34.753	65.237	1.3393	CjpegliYcbcr	2.3
textures	haberdoedas-5BsnVq1qTis-unsplash.jpg	jpegli	444	90	identity_off	42.314	84.508	0.5284	CjpegliYcbcr	1.1
textures	haberdoedas-5BsnVq1qTis-unsplash.jpg	jpegli	444	90	model_policy	41.662	82.870	0.5405	CjpegliYcbcr	1.1
textures	haberdoedas-5BsnVq1qTis-unsplash.jpg	jpegli	444	90	model_proj	42.328	84.588	0.5279	CjpegliYcbcr	1.1
textures	haberdoedas-5BsnVq1qTis-unsplash.jpg	zenjpeg	420	15	identity_off	30.729	11.218	2.5924	CjpegliYcbcr	14.2
textures	haberdoedas-5BsnVq1qTis-unsplash.jpg	zenjpeg	420	15	model_policy	30.674	3.701	2.8453	CjpegliYcbcr	14.2
textures	haberdoedas-5BsnVq1qTis-unsplash.jpg	zenjpeg	420	15	model_proj	30.907	13.532	2.6104	CjpegliYcbcr	14.2
textures	haberdoedas-5BsnVq1qTis-unsplash.jpg	zenjpeg	420	35	identity_off	31.213	33.813	2.2731	CjpegliYcbcr	7.2
textures	haberdoedas-5BsnVq1qTis-unsplash.jpg	zenjpeg	420	35	model_policy	31.058	20.871	2.5027	CjpegliYcbcr	7.2
textures	haberdoedas-5BsnVq1qTis-unsplash.jpg	zenjpeg	420	35	model_proj	31.273	31.592	2.3193	CjpegliYcbcr	7.2
textures	haberdoedas-5BsnVq1qTis-unsplash.jpg	zenjpeg	420	55	identity_off	31.508	42.098	2.1017	CjpegliYcbcr	5.2
textures	haberdoedas-5BsnVq1qTis-unsplash.jpg	zenjpeg	420	55	model_policy	31.283	29.674	2.3291	CjpegliYcbcr	5.2
textures	haberdoedas-5BsnVq1qTis-unsplash.jpg	zenjpeg	420	55	model_proj	31.544	40.355	2.1436	CjpegliYcbcr	5.2
textures	haberdoedas-5BsnVq1qTis-unsplash.jpg	zenjpeg	420	75	identity_off	33.130	57.655	1.6119	CjpegliYcbcr	3.0
textures	haberdoedas-5BsnVq1qTis-unsplash.jpg	zenjpeg	420	75	model_policy	32.952	53.012	1.6681	CjpegliYcbcr	3.0
textures	haberdoedas-5BsnVq1qTis-unsplash.jpg	zenjpeg	420	75	model_proj	33.135	57.375	1.6177	CjpegliYcbcr	3.0
textures	haberdoedas-5BsnVq1qTis-unsplash.jpg	zenjpeg	420	90	identity_off	41.530	83.492	0.5978	CjpegliYcbcr	1.3
textures	haberdoedas-5BsnVq1qTis-unsplash.jpg	zenjpeg	420	90	model_policy	40.794	81.752	0.6180	CjpegliYcbcr	1.3
textures	haberdoedas-5BsnVq1qTis-unsplash.jpg	zenjpeg	420	90	model_proj	41.508	83.301	0.5999	CjpegliYcbcr	1.3
textures	haberdoedas-5BsnVq1qTis-unsplash.jpg	zenjpeg	444	15	identity_off	30.441	15.178	2.5682	CjpegliYcbcr	11.8
textures	haberdoedas-5BsnVq1qTis-unsplash.jpg	zenjpeg	444	15	model_policy	30.491	4.590	2.8340	CjpegliYcbcr	11.8
textures	haberdoedas-5BsnVq1qTis-unsplash.jpg	zenjpeg	444	15	model_proj	30.796	17.228	2.5936	CjpegliYcbcr	11.8
textures	haberdoedas-5BsnVq1qTis-unsplash.jpg	zenjpeg	444	35	identity_off	31.301	38.217	2.1991	CjpegliYcbcr	6.0
textures	haberdoedas-5BsnVq1qTis-unsplash.jpg	zenjpeg	444	35	model_policy	31.150	26.492	2.4326	CjpegliYcbcr	6.0
textures	haberdoedas-5BsnVq1qTis-unsplash.jpg	zenjpeg	444	35	model_proj	31.410	36.682	2.2480	CjpegliYcbcr	6.0
textures	haberdoedas-5BsnVq1qTis-unsplash.jpg	zenjpeg	444	55	identity_off	31.804	46.422	1.9642	CjpegliYcbcr	4.1
textures	haberdoedas-5BsnVq1qTis-unsplash.jpg	zenjpeg	444	55	model_policy	31.545	35.162	2.1736	CjpegliYcbcr	4.1
textures	haberdoedas-5BsnVq1qTis-unsplash.jpg	zenjpeg	444	55	model_proj	31.862	45.221	2.0034	CjpegliYcbcr	4.1
textures	haberdoedas-5BsnVq1qTis-unsplash.jpg	zenjpeg	444	75	identity_off	34.726	64.809	1.3472	CjpegliYcbcr	2.3
textures	haberdoedas-5BsnVq1qTis-unsplash.jpg	zenjpeg	444	75	model_policy	34.543	62.616	1.3664	CjpegliYcbcr	2.3
textures	haberdoedas-5BsnVq1qTis-unsplash.jpg	zenjpeg	444	75	model_proj	34.732	64.907	1.3481	CjpegliYcbcr	2.3
textures	haberdoedas-5BsnVq1qTis-unsplash.jpg	zenjpeg	444	90	identity_off	42.284	84.491	0.5312	CjpegliYcbcr	1.1
textures	haberdoedas-5BsnVq1qTis-unsplash.jpg	zenjpeg	444	90	model_policy	41.654	82.875	0.5415	CjpegliYcbcr	1.1
textures	haberdoedas-5BsnVq1qTis-unsplash.jpg	zenjpeg	444	90	model_proj	42.294	84.483	0.5314	CjpegliYcbcr	1.1
