sub	file	encoder	ss	q	arm	psnr	ssim2	butter_n3	probe_family	probe_q
photos	20231206_150232.png	turbo	420	85	identity_off	34.566	80.540	0.9586	ImageMagick	85.0
photos	20231206_150232.png	turbo	420	85	identity_auto	34.625	80.358	0.9718	ImageMagick	85.0
photos	20231206_150232.png	turbo	420	85	model_off	35.089	82.569	0.8341	ImageMagick	85.0
photos	20231206_150232.png	turbo	420	85	model_auto	34.997	81.826	0.8550	ImageMagick	85.0
photos	20231206_150232.png	turbo	420	85	model_policy	35.084	82.502	0.8317	ImageMagick	85.0
photos	20231206_150232.png	turbo	420	85	model_proj	35.118	82.563	0.8300	ImageMagick	85.0
photos	20231206_150232.png	turbo	420	90	identity_off	36.819	84.278	0.7351	ImageMagick	90.0
photos	20231206_150232.png	turbo	420	90	identity_auto	36.842	84.282	0.7547	ImageMagick	90.0
photos	20231206_150232.png	turbo	420	90	model_off	36.958	85.612	0.6613	ImageMagick	90.0
photos	20231206_150232.png	turbo	420	90	model_auto	36.855	85.229	0.6775	ImageMagick	90.0
photos	20231206_150232.png	turbo	420	90	model_policy	36.937	85.591	0.6605	ImageMagick	90.0
photos	20231206_150232.png	turbo	420	90	model_proj	36.989	85.729	0.6581	ImageMagick	90.0
photos	20231206_150232.png	turbo	420	93	identity_off	38.638	86.683	0.5927	ImageMagick	93.0
photos	20231206_150232.png	turbo	420	93	identity_auto	38.621	86.623	0.6281	ImageMagick	93.0
photos	20231206_150232.png	turbo	420	93	model_off	38.449	87.630	0.5384	ImageMagick	93.0
photos	20231206_150232.png	turbo	420	93	model_auto	38.274	87.101	0.5686	ImageMagick	93.0
photos	20231206_150232.png	turbo	420	93	model_policy	38.408	87.536	0.5405	ImageMagick	93.0
photos	20231206_150232.png	turbo	420	93	model_proj	38.488	87.700	0.5347	ImageMagick	93.0
photos	20231206_150232.png	turbo	420	96	identity_off	41.203	89.061	0.4674	ImageMagick	96.0
photos	20231206_150232.png	turbo	420	96	identity_auto	41.203	89.061	0.4674	ImageMagick	96.0
photos	20231206_150232.png	turbo	420	96	model_off	40.435	89.556	0.4081	ImageMagick	96.0
photos	20231206_150232.png	turbo	420	96	model_auto	40.198	88.965	0.4259	ImageMagick	96.0
photos	20231206_150232.png	turbo	420	96	model_policy	40.342	89.484	0.4193	ImageMagick	96.0
photos	20231206_150232.png	turbo	420	96	model_proj	40.510	89.807	0.3903	ImageMagick	96.0
photos	20231206_150232.png	turbo	444	85	identity_off	35.326	83.215	0.9235	ImageMagick	85.0
photos	20231206_150232.png	turbo	444	85	identity_auto	35.409	83.065	0.9298	ImageMagick	85.0
photos	20231206_150232.png	turbo	444	85	model_off	35.534	82.702	0.8250	ImageMagick	85.0
photos	20231206_150232.png	turbo	444	85	model_auto	35.424	81.816	0.8464	ImageMagick	85.0
photos	20231206_150232.png	turbo	444	85	model_policy	35.520	82.583	0.8251	ImageMagick	85.0
photos	20231206_150232.png	turbo	444	85	model_proj	35.790	83.700	0.8199	ImageMagick	85.0
photos	20231206_150232.png	turbo	444	90	identity_off	37.804	86.947	0.6993	ImageMagick	90.0
photos	20231206_150232.png	turbo	444	90	identity_auto	37.832	86.969	0.7089	ImageMagick	90.0
photos	20231206_150232.png	turbo	444	90	model_off	37.470	85.191	0.6663	ImageMagick	90.0
photos	20231206_150232.png	turbo	444	90	model_auto	37.321	84.573	0.6840	ImageMagick	90.0
photos	20231206_150232.png	turbo	444	90	model_policy	37.434	85.158	0.6685	ImageMagick	90.0
photos	20231206_150232.png	turbo	444	90	model_proj	37.920	86.849	0.6548	ImageMagick	90.0
photos	20231206_150232.png	turbo	444	93	identity_off	39.887	89.518	0.5484	ImageMagick	93.0
photos	20231206_150232.png	turbo	444	93	identity_auto	39.867	89.430	0.5672	ImageMagick	93.0
photos	20231206_150232.png	turbo	444	93	model_off	38.996	86.903	0.5743	ImageMagick	93.0
photos	20231206_150232.png	turbo	444	93	model_auto	38.750	86.132	0.6043	ImageMagick	93.0
photos	20231206_150232.png	turbo	444	93	model_policy	38.929	86.759	0.5855	ImageMagick	93.0
photos	20231206_150232.png	turbo	444	93	model_proj	39.648	88.921	0.5483	ImageMagick	93.0
photos	20231206_150232.png	turbo	444	96	identity_off	43.126	92.261	0.3768	ImageMagick	96.0
photos	20231206_150232.png	turbo	444	96	identity_auto	43.126	92.261	0.3768	ImageMagick	96.0
photos	20231206_150232.png	turbo	444	96	model_off	41.041	88.521	0.5305	ImageMagick	96.0
photos	20231206_150232.png	turbo	444	96	model_auto	40.699	87.730	0.5709	ImageMagick	96.0
photos	20231206_150232.png	turbo	444	96	model_policy	40.912	88.278	0.5486	ImageMagick	96.0
photos	20231206_150232.png	turbo	444	96	model_proj	42.135	91.047	0.4685	ImageMagick	96.0
photos	20231206_150232.png	mozjpeg	420	85	identity_off	30.829	74.989	1.3588	Mozjpeg	85.0
photos	20231206_150232.png	mozjpeg	420	85	identity_auto	30.882	74.782	1.4151	Mozjpeg	85.0
photos	20231206_150232.png	mozjpeg	420	85	model_off	31.818	77.770	1.2037	Mozjpeg	85.0
photos	20231206_150232.png	mozjpeg	420	85	model_auto	31.811	77.043	1.2483	Mozjpeg	85.0
photos	20231206_150232.png	mozjpeg	420	85	model_policy	31.838	77.711	1.2006	Mozjpeg	85.0
photos	20231206_150232.png	mozjpeg	420	85	model_proj	31.920	78.186	1.1490	Mozjpeg	85.0
photos	20231206_150232.png	mozjpeg	420	90	identity_off	32.795	79.138	1.0617	Mozjpeg	90.0
photos	20231206_150232.png	mozjpeg	420	90	identity_auto	32.817	79.135	1.1003	Mozjpeg	90.0
photos	20231206_150232.png	mozjpeg	420	90	model_off	33.519	81.488	0.9460	Mozjpeg	90.0
photos	20231206_150232.png	mozjpeg	420	90	model_auto	33.523	81.248	0.9720	Mozjpeg	90.0
photos	20231206_150232.png	mozjpeg	420	90	model_policy	33.530	81.491	0.9449	Mozjpeg	90.0
photos	20231206_150232.png	mozjpeg	420	90	model_proj	33.649	81.995	0.8943	Mozjpeg	90.0
photos	20231206_150232.png	mozjpeg	420	93	identity_off	34.811	82.218	0.8254	Mozjpeg	93.0
photos	20231206_150232.png	mozjpeg	420	93	identity_auto	34.821	82.205	0.8638	Mozjpeg	93.0
photos	20231206_150232.png	mozjpeg	420	93	model_off	35.244	84.128	0.7323	Mozjpeg	93.0
photos	20231206_150232.png	mozjpeg	420	93	model_auto	35.202	83.755	0.7629	Mozjpeg	93.0
photos	20231206_150232.png	mozjpeg	420	93	model_policy	35.247	84.103	0.7321	Mozjpeg	93.0
photos	20231206_150232.png	mozjpeg	420	93	model_proj	35.382	84.552	0.7017	Mozjpeg	93.0
photos	20231206_150232.png	mozjpeg	420	96	identity_off	38.287	86.623	0.5664	Mozjpeg	96.0
photos	20231206_150232.png	mozjpeg	420	96	identity_auto	38.287	86.623	0.5664	Mozjpeg	96.0
photos	20231206_150232.png	mozjpeg	420	96	model_off	38.139	87.622	0.4967	Mozjpeg	96.0
photos	20231206_150232.png	mozjpeg	420	96	model_auto	38.049	87.216	0.5065	Mozjpeg	96.0
photos	20231206_150232.png	mozjpeg	420	96	model_policy	38.101	87.614	0.5018	Mozjpeg	96.0
photos	20231206_150232.png	mozjpeg	420	96	model_proj	38.254	87.867	0.4864	Mozjpeg	96.0
photos	20231206_150232.png	mozjpeg	444	85	identity_off	31.036	76.759	1.3366	Mozjpeg	85.0
photos	20231206_150232.png	mozjpeg	444	85	identity_auto	31.095	76.558	1.3896	Mozjpeg	85.0
photos	20231206_150232.png	mozjpeg	444	85	model_off	31.908	77.260	1.1953	Mozjpeg	85.0
photos	20231206_150232.png	mozjpeg	444	85	model_auto	31.887	76.495	1.2399	Mozjpeg	85.0
photos	20231206_150232.png	mozjpeg	444	85	model_policy	31.925	77.152	1.1933	Mozjpeg	85.0
photos	20231206_150232.png	mozjpeg	444	85	model_proj	32.148	78.753	1.1493	Mozjpeg	85.0
photos	20231206_150232.png	mozjpeg	444	90	identity_off	33.077	81.071	1.0393	Mozjpeg	90.0
photos	20231206_150232.png	mozjpeg	444	90	identity_auto	33.100	81.071	1.0728	Mozjpeg	90.0
photos	20231206_150232.png	mozjpeg	444	90	model_off	33.622	80.747	0.9464	Mozjpeg	90.0
photos	20231206_150232.png	mozjpeg	444	90	model_auto	33.605	80.189	0.9691	Mozjpeg	90.0
photos	20231206_150232.png	mozjpeg	444	90	model_policy	33.631	80.680	0.9469	Mozjpeg	90.0
photos	20231206_150232.png	mozjpeg	444	90	model_proj	34.004	82.869	0.9031	Mozjpeg	90.0
photos	20231206_150232.png	mozjpeg	444	93	identity_off	35.220	84.410	0.7968	Mozjpeg	93.0
photos	20231206_150232.png	mozjpeg	444	93	identity_auto	35.229	84.375	0.8281	Mozjpeg	93.0
photos	20231206_150232.png	mozjpeg	444	93	model_off	35.384	83.153	0.7377	Mozjpeg	93.0
photos	20231206_150232.png	mozjpeg	444	93	model_auto	35.316	82.566	0.7665	Mozjpeg	93.0
photos	20231206_150232.png	mozjpeg	444	93	model_policy	35.379	83.088	0.7385	Mozjpeg	93.0
photos	20231206_150232.png	mozjpeg	444	93	model_proj	35.919	85.560	0.7158	Mozjpeg	93.0
photos	20231206_150232.png	mozjpeg	444	96	identity_off	39.143	89.234	0.5047	Mozjpeg	96.0
photos	20231206_150232.png	mozjpeg	444	96	identity_auto	39.143	89.234	0.5047	Mozjpeg	96.0
photos	20231206_150232.png	mozjpeg	444	96	model_off	38.380	86.419	0.5679	Mozjpeg	96.0
photos	20231206_150232.png	mozjpeg	444	96	model_auto	38.241	85.800	0.5987	Mozjpeg	96.0
photos	20231206_150232.png	mozjpeg	444	96	model_policy	38.328	86.288	0.5819	Mozjpeg	96.0
photos	20231206_150232.png	mozjpeg	444	96	model_proj	39.265	89.085	0.5330	Mozjpeg	96.0
photos	20231206_150232.png	jpegli	420	85	identity_off	34.055	79.605	0.9494	CjpegliYcbcr	1.8
photos	20231206_150232.png	jpegli	420	85	identity_auto	34.132	79.584	0.9416	CjpegliYcbcr	1.8
photos	20231206_150232.png	jpegli	420	85	model_off	34.547	81.410	0.8390	CjpegliYcbcr	1.8
photos	20231206_150232.png	jpegli	420	85	model_auto	34.547	81.072	0.8383	CjpegliYcbcr	1.8
photos	20231206_150232.png	jpegli	420	85	model_policy	34.549	81.397	0.8378	CjpegliYcbcr	1.8
photos	20231206_150232.png	jpegli	420	85	model_proj	34.557	81.440	0.8376	CjpegliYcbcr	1.8
photos	20231206_150232.png	jpegli	420	90	identity_off	36.295	83.441	0.7390	CjpegliYcbcr	1.3
photos	20231206_150232.png	jpegli	420	90	identity_auto	36.317	83.418	0.7803	CjpegliYcbcr	1.3
photos	20231206_150232.png	jpegli	420	90	model_off	36.515	84.983	0.6564	CjpegliYcbcr	1.3
photos	20231206_150232.png	jpegli	420	90	model_auto	36.442	84.544	0.6837	CjpegliYcbcr	1.3
photos	20231206_150232.png	jpegli	420	90	model_policy	36.499	84.900	0.6569	CjpegliYcbcr	1.3
photos	20231206_150232.png	jpegli	420	90	model_proj	36.518	84.960	0.6553	CjpegliYcbcr	1.3
photos	20231206_150232.png	jpegli	420	93	identity_off	38.223	85.871	0.6150	CjpegliYcbcr	1.0
photos	20231206_150232.png	jpegli	420	93	identity_auto	38.208	85.763	0.6682	CjpegliYcbcr	1.0
photos	20231206_150232.png	jpegli	420	93	model_off	38.188	87.195	0.5305	CjpegliYcbcr	1.0
photos	20231206_150232.png	jpegli	420	93	model_auto	38.033	86.699	0.5677	CjpegliYcbcr	1.0
photos	20231206_150232.png	jpegli	420	93	model_policy	38.152	87.132	0.5335	CjpegliYcbcr	1.0
photos	20231206_150232.png	jpegli	420	93	model_proj	38.194	87.270	0.5263	CjpegliYcbcr	1.0
photos	20231206_150232.png	jpegli	420	96	identity_off	40.587	88.312	0.5142	CjpegliYcbcr	0.5
photos	20231206_150232.png	jpegli	420	96	identity_auto	40.587	88.312	0.5142	CjpegliYcbcr	0.5
photos	20231206_150232.png	jpegli	420	96	model_off	40.103	89.410	0.4236	CjpegliYcbcr	0.5
photos	20231206_150232.png	jpegli	420	96	model_auto	39.890	88.899	0.4415	CjpegliYcbcr	0.5
photos	20231206_150232.png	jpegli	420	96	model_policy	40.024	89.215	0.4361	CjpegliYcbcr	0.5
photos	20231206_150232.png	jpegli	420	96	model_proj	40.138	89.510	0.3964	CjpegliYcbcr	0.5
photos	20231206_150232.png	jpegli	444	85	identity_off	34.846	81.250	0.8046	CjpegliYcbcr	1.4
photos	20231206_150232.png	jpegli	444	85	identity_auto	34.907	81.256	0.8333	CjpegliYcbcr	1.4
photos	20231206_150232.png	jpegli	444	85	model_off	35.217	82.849	0.7325	CjpegliYcbcr	1.4
photos	20231206_150232.png	jpegli	444	85	model_auto	35.187	82.557	0.7547	CjpegliYcbcr	1.4
photos	20231206_150232.png	jpegli	444	85	model_policy	35.209	82.848	0.7335	CjpegliYcbcr	1.4
photos	20231206_150232.png	jpegli	444	85	model_proj	35.297	83.223	0.7338	CjpegliYcbcr	1.4
photos	20231206_150232.png	jpegli	444	90	identity_off	37.101	85.102	0.6215	CjpegliYcbcr	1.1
photos	20231206_150232.png	jpegli	444	90	identity_auto	37.141	85.031	0.6557	CjpegliYcbcr	1.1
photos	20231206_150232.png	jpegli	444	90	model_off	37.103	85.762	0.5814	CjpegliYcbcr	1.1
photos	20231206_150232.png	jpegli	444	90	model_auto	37.010	85.275	0.6091	CjpegliYcbcr	1.1
photos	20231206_150232.png	jpegli	444	90	model_policy	37.079	85.667	0.5835	CjpegliYcbcr	1.1
photos	20231206_150232.png	jpegli	444	90	model_proj	37.303	86.155	0.5818	CjpegliYcbcr	1.1
photos	20231206_150232.png	jpegli	444	93	identity_off	39.014	87.545	0.4887	CjpegliYcbcr	0.7
photos	20231206_150232.png	jpegli	444	93	identity_auto	39.034	87.490	0.5351	CjpegliYcbcr	0.7
photos	20231206_150232.png	jpegli	444	93	model_off	38.631	87.517	0.4879	CjpegliYcbcr	0.7
photos	20231206_150232.png	jpegli	444	93	model_auto	38.452	86.943	0.5290	CjpegliYcbcr	0.7
photos	20231206_150232.png	jpegli	444	93	model_policy	38.579	87.420	0.4974	CjpegliYcbcr	0.7
photos	20231206_150232.png	jpegli	444	93	model_proj	38.999	87.995	0.4744	CjpegliYcbcr	0.7
photos	20231206_150232.png	jpegli	444	96	identity_off	41.608	90.632	0.3378	CjpegliYcbcr	0.3
photos	20231206_150232.png	jpegli	444	96	identity_auto	41.608	90.632	0.3378	CjpegliYcbcr	0.3
photos	20231206_150232.png	jpegli	444	96	model_off	40.389	89.171	0.4267	CjpegliYcbcr	0.3
photos	20231206_150232.png	jpegli	444	96	model_auto	40.112	88.416	0.4558	CjpegliYcbcr	0.3
photos	20231206_150232.png	jpegli	444	96	model_policy	40.291	88.972	0.4463	CjpegliYcbcr	0.3
photos	20231206_150232.png	jpegli	444	96	model_proj	41.200	90.569	0.3688	CjpegliYcbcr	0.3
photos	20231206_150232.png	zenjpeg	420	85	identity_off	33.996	79.521	0.9541	CjpegliYcbcr	1.8
photos	20231206_150232.png	zenjpeg	420	85	identity_auto	34.074	79.550	0.9463	CjpegliYcbcr	1.8
photos	20231206_150232.png	zenjpeg	420	85	model_off	34.498	81.381	0.8448	CjpegliYcbcr	1.8
photos	20231206_150232.png	zenjpeg	420	85	model_auto	34.496	81.057	0.8447	CjpegliYcbcr	1.8
photos	20231206_150232.png	zenjpeg	420	85	model_policy	34.498	81.356	0.8441	CjpegliYcbcr	1.8
photos	20231206_150232.png	zenjpeg	420	85	model_proj	34.506	81.386	0.8438	CjpegliYcbcr	1.8
photos	20231206_150232.png	zenjpeg	420	90	identity_off	36.229	83.455	0.7377	CjpegliYcbcr	1.3
photos	20231206_150232.png	zenjpeg	420	90	identity_auto	36.251	83.455	0.7783	CjpegliYcbcr	1.3
photos	20231206_150232.png	zenjpeg	420	90	model_off	36.456	84.899	0.6592	CjpegliYcbcr	1.3
photos	20231206_150232.png	zenjpeg	420	90	model_auto	36.385	84.482	0.6874	CjpegliYcbcr	1.3
photos	20231206_150232.png	zenjpeg	420	90	model_policy	36.442	84.885	0.6600	CjpegliYcbcr	1.3
photos	20231206_150232.png	zenjpeg	420	90	model_proj	36.460	84.917	0.6583	CjpegliYcbcr	1.3
photos	20231206_150232.png	zenjpeg	420	93	identity_off	38.154	85.942	0.6138	CjpegliYcbcr	1.0
photos	20231206_150232.png	zenjpeg	420	93	identity_auto	38.141	85.853	0.6671	CjpegliYcbcr	1.0
photos	20231206_150232.png	zenjpeg	420	93	model_off	38.127	87.158	0.5347	CjpegliYcbcr	1.0
photos	20231206_150232.png	zenjpeg	420	93	model_auto	37.977	86.667	0.5714	CjpegliYcbcr	1.0
photos	20231206_150232.png	zenjpeg	420	93	model_policy	38.093	87.022	0.5368	CjpegliYcbcr	1.0
photos	20231206_150232.png	zenjpeg	420	93	model_proj	38.135	87.170	0.5313	CjpegliYcbcr	1.0
photos	20231206_150232.png	zenjpeg	420	96	identity_off	40.492	88.268	0.5139	CjpegliYcbcr	0.5
photos	20231206_150232.png	zenjpeg	420	96	identity_auto	40.492	88.268	0.5139	CjpegliYcbcr	0.5
photos	20231206_150232.png	zenjpeg	420	96	model_off	40.034	89.359	0.4217	CjpegliYcbcr	0.5
photos	20231206_150232.png	zenjpeg	420	96	model_auto	39.819	88.796	0.4410	CjpegliYcbcr	0.5
photos	20231206_150232.png	zenjpeg	420	96	model_policy	39.954	89.210	0.4349	CjpegliYcbcr	0.5
photos	20231206_150232.png	zenjpeg	420	96	model_proj	40.065	89.446	0.3998	CjpegliYcbcr	0.5
photos	20231206_150232.png	zenjpeg	444	85	identity_off	34.781	81.185	0.8084	CjpegliYcbcr	1.4
photos	20231206_150232.png	zenjpeg	444	85	identity_auto	34.843	81.184	0.8367	CjpegliYcbcr	1.4
photos	20231206_150232.png	zenjpeg	444	85	model_off	35.159	82.779	0.7367	CjpegliYcbcr	1.4
photos	20231206_150232.png	zenjpeg	444	85	model_auto	35.132	82.488	0.7592	CjpegliYcbcr	1.4
photos	20231206_150232.png	zenjpeg	444	85	model_policy	35.154	82.732	0.7370	CjpegliYcbcr	1.4
photos	20231206_150232.png	zenjpeg	444	85	model_proj	35.241	83.212	0.7375	CjpegliYcbcr	1.4
photos	20231206_150232.png	zenjpeg	444	90	identity_off	37.020	84.954	0.6279	CjpegliYcbcr	1.1
photos	20231206_150232.png	zenjpeg	444	90	identity_auto	37.061	84.937	0.6625	CjpegliYcbcr	1.1
photos	20231206_150232.png	zenjpeg	444	90	model_off	37.039	85.653	0.5877	CjpegliYcbcr	1.1
photos	20231206_150232.png	zenjpeg	444	90	model_auto	36.942	85.124	0.6166	CjpegliYcbcr	1.1
photos	20231206_150232.png	zenjpeg	444	90	model_policy	37.014	85.589	0.5896	CjpegliYcbcr	1.1
photos	20231206_150232.png	zenjpeg	444	90	model_proj	37.234	86.074	0.5886	CjpegliYcbcr	1.1
photos	20231206_150232.png	zenjpeg	444	93	identity_off	38.936	87.540	0.4953	CjpegliYcbcr	0.7
photos	20231206_150232.png	zenjpeg	444	93	identity_auto	38.956	87.431	0.5432	CjpegliYcbcr	0.7
photos	20231206_150232.png	zenjpeg	444	93	model_off	38.566	87.481	0.4896	CjpegliYcbcr	0.7
photos	20231206_150232.png	zenjpeg	444	93	model_auto	38.386	86.897	0.5330	CjpegliYcbcr	0.7
photos	20231206_150232.png	zenjpeg	444	93	model_policy	38.515	87.372	0.4987	CjpegliYcbcr	0.7
photos	20231206_150232.png	zenjpeg	444	93	model_proj	38.930	88.031	0.4795	CjpegliYcbcr	0.7
photos	20231206_150232.png	zenjpeg	444	96	identity_off	41.472	90.652	0.3450	CjpegliYcbcr	0.3
photos	20231206_150232.png	zenjpeg	444	96	identity_auto	41.472	90.652	0.3450	CjpegliYcbcr	0.3
photos	20231206_150232.png	zenjpeg	444	96	model_off	40.301	89.205	0.4276	CjpegliYcbcr	0.3
photos	20231206_150232.png	zenjpeg	444	96	model_auto	40.036	88.478	0.4571	CjpegliYcbcr	0.3
photos	20231206_150232.png	zenjpeg	444	96	model_policy	40.204	88.989	0.4471	CjpegliYcbcr	0.3
photos	20231206_150232.png	zenjpeg	444	96	model_proj	41.092	90.514	0.3785	CjpegliYcbcr	0.3
photos	20240528_210945.jpg	turbo	420	85	identity_off	33.611	80.748	1.1202	ImageMagick	85.0
photos	20240528_210945.jpg	turbo	420	85	identity_auto	33.569	80.247	1.1785	ImageMagick	85.0
photos	20240528_210945.jpg	turbo	420	85	model_off	33.895	81.364	1.0983	ImageMagick	85.0
photos	20240528_210945.jpg	turbo	420	85	model_auto	33.842	80.859	1.1355	ImageMagick	85.0
photos	20240528_210945.jpg	turbo	420	85	model_policy	33.923	81.416	1.0943	ImageMagick	85.0
photos	20240528_210945.jpg	turbo	420	85	model_proj	34.005	82.004	1.0515	ImageMagick	85.0
photos	20240528_210945.jpg	turbo	420	90	identity_off	35.274	83.925	0.9315	ImageMagick	90.0
photos	20240528_210945.jpg	turbo	420	90	identity_auto	35.239	83.852	0.9836	ImageMagick	90.0
photos	20240528_210945.jpg	turbo	420	90	model_off	35.468	84.189	0.9187	ImageMagick	90.0
photos	20240528_210945.jpg	turbo	420	90	model_auto	35.482	84.173	0.9490	ImageMagick	90.0
photos	20240528_210945.jpg	turbo	420	90	model_policy	35.500	84.250	0.9149	ImageMagick	90.0
photos	20240528_210945.jpg	turbo	420	90	model_proj	35.607	84.834	0.8734	ImageMagick	90.0
photos	20240528_210945.jpg	turbo	420	93	identity_off	36.801	86.689	0.8239	ImageMagick	93.0
photos	20240528_210945.jpg	turbo	420	93	identity_auto	36.730	86.563	0.8798	ImageMagick	93.0
photos	20240528_210945.jpg	turbo	420	93	model_off	36.943	86.929	0.8141	ImageMagick	93.0
photos	20240528_210945.jpg	turbo	420	93	model_auto	36.925	86.879	0.8464	ImageMagick	93.0
photos	20240528_210945.jpg	turbo	420	93	model_policy	36.974	86.984	0.8096	ImageMagick	93.0
photos	20240528_210945.jpg	turbo	420	93	model_proj	37.102	87.558	0.7697	ImageMagick	93.0
photos	20240528_210945.jpg	turbo	420	96	identity_off	39.083	89.252	0.7356	ImageMagick	96.0
photos	20240528_210945.jpg	turbo	420	96	identity_auto	39.083	89.252	0.7356	ImageMagick	96.0
photos	20240528_210945.jpg	turbo	420	96	model_off	39.157	89.463	0.7259	ImageMagick	96.0
photos	20240528_210945.jpg	turbo	420	96	model_auto	39.187	89.556	0.7021	ImageMagick	96.0
photos	20240528_210945.jpg	turbo	420	96	model_policy	39.174	89.514	0.7221	ImageMagick	96.0
photos	20240528_210945.jpg	turbo	420	96	model_proj	39.374	90.229	0.6832	ImageMagick	96.0
photos	20240528_210945.jpg	turbo	444	85	identity_off	34.636	84.976	0.8238	ImageMagick	85.0
photos	20240528_210945.jpg	turbo	444	85	identity_auto	34.656	84.494	0.8628	ImageMagick	85.0
photos	20240528_210945.jpg	turbo	444	85	model_off	34.913	85.267	0.7992	ImageMagick	85.0
photos	20240528_210945.jpg	turbo	444	85	model_auto	34.830	84.570	0.8307	ImageMagick	85.0
photos	20240528_210945.jpg	turbo	444	85	model_policy	34.925	85.255	0.7967	ImageMagick	85.0
photos	20240528_210945.jpg	turbo	444	85	model_proj	35.048	85.500	0.7594	ImageMagick	85.0
photos	20240528_210945.jpg	turbo	444	90	identity_off	36.570	87.973	0.6489	ImageMagick	90.0
photos	20240528_210945.jpg	turbo	444	90	identity_auto	36.567	87.939	0.6796	ImageMagick	90.0
photos	20240528_210945.jpg	turbo	444	90	model_off	36.726	87.910	0.6395	ImageMagick	90.0
photos	20240528_210945.jpg	turbo	444	90	model_auto	36.660	87.560	0.6605	ImageMagick	90.0
photos	20240528_210945.jpg	turbo	444	90	model_policy	36.739	87.835	0.6378	ImageMagick	90.0
photos	20240528_210945.jpg	turbo	444	90	model_proj	36.877	87.879	0.6156	ImageMagick	90.0
photos	20240528_210945.jpg	turbo	444	93	identity_off	38.377	89.993	0.5242	ImageMagick	93.0
photos	20240528_210945.jpg	turbo	444	93	identity_auto	38.336	89.926	0.5573	ImageMagick	93.0
photos	20240528_210945.jpg	turbo	444	93	model_off	38.459	89.766	0.5195	ImageMagick	93.0
photos	20240528_210945.jpg	turbo	444	93	model_auto	38.313	89.238	0.5439	ImageMagick	93.0
photos	20240528_210945.jpg	turbo	444	93	model_policy	38.463	89.627	0.5184	ImageMagick	93.0
photos	20240528_210945.jpg	turbo	444	93	model_proj	38.565	89.513	0.5173	ImageMagick	93.0
photos	20240528_210945.jpg	turbo	444	96	identity_off	41.674	92.899	0.3434	ImageMagick	96.0
photos	20240528_210945.jpg	turbo	444	96	identity_auto	41.674	92.899	0.3434	ImageMagick	96.0
photos	20240528_210945.jpg	turbo	444	96	model_off	41.592	92.559	0.3421	ImageMagick	96.0
photos	20240528_210945.jpg	turbo	444	96	model_auto	41.204	91.835	0.3493	ImageMagick	96.0
photos	20240528_210945.jpg	turbo	444	96	model_policy	41.546	92.418	0.3421	ImageMagick	96.0
photos	20240528_210945.jpg	turbo	444	96	model_proj	41.461	91.692	0.3874	ImageMagick	96.0
photos	20240528_210945.jpg	mozjpeg	420	85	identity_off	32.699	79.551	1.1734	Mozjpeg	85.0
photos	20240528_210945.jpg	mozjpeg	420	85	identity_auto	32.676	78.954	1.2357	Mozjpeg	85.0
photos	20240528_210945.jpg	mozjpeg	420	85	model_off	33.027	80.078	1.1451	Mozjpeg	85.0
photos	20240528_210945.jpg	mozjpeg	420	85	model_auto	32.984	79.517	1.1746	Mozjpeg	85.0
photos	20240528_210945.jpg	mozjpeg	420	85	model_policy	33.047	80.103	1.1393	Mozjpeg	85.0
photos	20240528_210945.jpg	mozjpeg	420	85	model_proj	33.078	80.447	1.1018	Mozjpeg	85.0
photos	20240528_210945.jpg	mozjpeg	420	90	identity_off	34.243	82.831	1.0220	Mozjpeg	90.0
photos	20240528_210945.jpg	mozjpeg	420	90	identity_auto	34.219	82.700	1.0761	Mozjpeg	90.0
photos	20240528_210945.jpg	mozjpeg	420	90	model_off	34.459	83.234	1.0048	Mozjpeg	90.0
photos	20240528_210945.jpg	mozjpeg	420	90	model_auto	34.463	83.155	1.0301	Mozjpeg	90.0
photos	20240528_210945.jpg	mozjpeg	420	90	model_policy	34.476	83.256	1.0001	Mozjpeg	90.0
photos	20240528_210945.jpg	mozjpeg	420	90	model_proj	34.535	83.734	0.9540	Mozjpeg	90.0
photos	20240528_210945.jpg	mozjpeg	420	93	identity_off	35.546	84.804	0.9226	Mozjpeg	93.0
photos	20240528_210945.jpg	mozjpeg	420	93	identity_auto	35.495	84.651	0.9796	Mozjpeg	93.0
photos	20240528_210945.jpg	mozjpeg	420	93	model_off	35.688	85.076	0.9108	Mozjpeg	93.0
photos	20240528_210945.jpg	mozjpeg	420	93	model_auto	35.671	85.031	0.9423	Mozjpeg	93.0
photos	20240528_210945.jpg	mozjpeg	420	93	model_policy	35.704	85.105	0.9071	Mozjpeg	93.0
photos	20240528_210945.jpg	mozjpeg	420	93	model_proj	35.791	85.660	0.8601	Mozjpeg	93.0
photos	20240528_210945.jpg	mozjpeg	420	96	identity_off	37.595	87.286	0.8232	Mozjpeg	96.0
photos	20240528_210945.jpg	mozjpeg	420	96	identity_auto	37.595	87.286	0.8232	Mozjpeg	96.0
photos	20240528_210945.jpg	mozjpeg	420	96	model_off	37.665	87.427	0.8156	Mozjpeg	96.0
photos	20240528_210945.jpg	mozjpeg	420	96	model_auto	37.700	87.563	0.7929	Mozjpeg	96.0
photos	20240528_210945.jpg	mozjpeg	420	96	model_policy	37.675	87.488	0.8122	Mozjpeg	96.0
photos	20240528_210945.jpg	mozjpeg	420	96	model_proj	37.832	88.218	0.7721	Mozjpeg	96.0
photos	20240528_210945.jpg	mozjpeg	444	85	identity_off	33.339	82.797	0.9421	Mozjpeg	85.0
photos	20240528_210945.jpg	mozjpeg	444	85	identity_auto	33.355	82.241	0.9880	Mozjpeg	85.0
photos	20240528_210945.jpg	mozjpeg	444	85	model_off	33.639	83.001	0.9066	Mozjpeg	85.0
photos	20240528_210945.jpg	mozjpeg	444	85	model_auto	33.537	82.151	0.9422	Mozjpeg	85.0
photos	20240528_210945.jpg	mozjpeg	444	85	model_policy	33.634	82.961	0.9052	Mozjpeg	85.0
photos	20240528_210945.jpg	mozjpeg	444	85	model_proj	33.695	83.149	0.8848	Mozjpeg	85.0
photos	20240528_210945.jpg	mozjpeg	444	90	identity_off	35.107	85.857	0.7700	Mozjpeg	90.0
photos	20240528_210945.jpg	mozjpeg	444	90	identity_auto	35.103	85.758	0.8043	Mozjpeg	90.0
photos	20240528_210945.jpg	mozjpeg	444	90	model_off	35.267	85.790	0.7515	Mozjpeg	90.0
photos	20240528_210945.jpg	mozjpeg	444	90	model_auto	35.163	85.323	0.7748	Mozjpeg	90.0
photos	20240528_210945.jpg	mozjpeg	444	90	model_policy	35.257	85.720	0.7516	Mozjpeg	90.0
photos	20240528_210945.jpg	mozjpeg	444	90	model_proj	35.349	85.885	0.7342	Mozjpeg	90.0
photos	20240528_210945.jpg	mozjpeg	444	93	identity_off	36.700	88.138	0.6127	Mozjpeg	93.0
photos	20240528_210945.jpg	mozjpeg	444	93	identity_auto	36.670	88.027	0.6487	Mozjpeg	93.0
photos	20240528_210945.jpg	mozjpeg	444	93	model_off	36.769	87.902	0.6039	Mozjpeg	93.0
photos	20240528_210945.jpg	mozjpeg	444	93	model_auto	36.604	87.309	0.6293	Mozjpeg	93.0
photos	20240528_210945.jpg	mozjpeg	444	93	model_policy	36.752	87.847	0.6032	Mozjpeg	93.0
photos	20240528_210945.jpg	mozjpeg	444	93	model_proj	36.855	87.872	0.6040	Mozjpeg	93.0
photos	20240528_210945.jpg	mozjpeg	444	96	identity_off	39.569	90.899	0.4393	Mozjpeg	96.0
photos	20240528_210945.jpg	mozjpeg	444	96	identity_auto	39.569	90.899	0.4393	Mozjpeg	96.0
photos	20240528_210945.jpg	mozjpeg	444	96	model_off	39.486	90.392	0.4384	Mozjpeg	96.0
photos	20240528_210945.jpg	mozjpeg	444	96	model_auto	39.180	89.757	0.4444	Mozjpeg	96.0
photos	20240528_210945.jpg	mozjpeg	444	96	model_policy	39.438	90.242	0.4401	Mozjpeg	96.0
photos	20240528_210945.jpg	mozjpeg	444	96	model_proj	39.475	89.971	0.4758	Mozjpeg	96.0
photos	20240528_210945.jpg	jpegli	420	85	identity_off	33.223	78.949	1.0723	CjpegliYcbcr	1.8
photos	20240528_210945.jpg	jpegli	420	85	identity_auto	33.250	78.730	1.0797	CjpegliYcbcr	1.8
photos	20240528_210945.jpg	jpegli	420	85	model_off	33.449	79.436	1.0567	CjpegliYcbcr	1.8
photos	20240528_210945.jpg	jpegli	420	85	model_auto	33.501	79.295	1.0431	CjpegliYcbcr	1.8
photos	20240528_210945.jpg	jpegli	420	85	model_policy	33.472	79.447	1.0530	CjpegliYcbcr	1.8
photos	20240528_210945.jpg	jpegli	420	85	model_proj	33.493	79.659	1.0226	CjpegliYcbcr	1.8
photos	20240528_210945.jpg	jpegli	420	90	identity_off	34.977	81.831	0.9266	CjpegliYcbcr	1.3
photos	20240528_210945.jpg	jpegli	420	90	identity_auto	34.944	81.710	0.9821	CjpegliYcbcr	1.3
photos	20240528_210945.jpg	jpegli	420	90	model_off	35.120	82.040	0.9171	CjpegliYcbcr	1.3
photos	20240528_210945.jpg	jpegli	420	90	model_auto	35.149	82.088	0.9468	CjpegliYcbcr	1.3
photos	20240528_210945.jpg	jpegli	420	90	model_policy	35.144	82.115	0.9138	CjpegliYcbcr	1.3
photos	20240528_210945.jpg	jpegli	420	90	model_proj	35.177	82.403	0.8771	CjpegliYcbcr	1.3
photos	20240528_210945.jpg	jpegli	420	93	identity_off	36.559	84.370	0.8364	CjpegliYcbcr	1.0
photos	20240528_210945.jpg	jpegli	420	93	identity_auto	36.485	84.194	0.8948	CjpegliYcbcr	1.0
photos	20240528_210945.jpg	jpegli	420	93	model_off	36.654	84.627	0.8293	CjpegliYcbcr	1.0
photos	20240528_210945.jpg	jpegli	420	93	model_auto	36.646	84.601	0.8618	CjpegliYcbcr	1.0
photos	20240528_210945.jpg	jpegli	420	93	model_policy	36.676	84.666	0.8263	CjpegliYcbcr	1.0
photos	20240528_210945.jpg	jpegli	420	93	model_proj	36.732	85.091	0.7831	CjpegliYcbcr	1.0
photos	20240528_210945.jpg	jpegli	420	96	identity_off	38.475	87.261	0.7720	CjpegliYcbcr	0.5
photos	20240528_210945.jpg	jpegli	420	96	identity_auto	38.475	87.261	0.7720	CjpegliYcbcr	0.5
photos	20240528_210945.jpg	jpegli	420	96	model_off	38.540	87.398	0.7663	CjpegliYcbcr	0.5
photos	20240528_210945.jpg	jpegli	420	96	model_auto	38.609	87.476	0.7429	CjpegliYcbcr	0.5
photos	20240528_210945.jpg	jpegli	420	96	model_policy	38.557	87.402	0.7628	CjpegliYcbcr	0.5
photos	20240528_210945.jpg	jpegli	420	96	model_proj	38.668	87.989	0.7173	CjpegliYcbcr	0.5
photos	20240528_210945.jpg	jpegli	444	85	identity_off	33.808	80.953	0.8754	CjpegliYcbcr	1.4
photos	20240528_210945.jpg	jpegli	444	85	identity_auto	33.833	80.901	0.9203	CjpegliYcbcr	1.4
photos	20240528_210945.jpg	jpegli	444	85	model_off	34.058	81.255	0.8616	CjpegliYcbcr	1.4
photos	20240528_210945.jpg	jpegli	444	85	model_auto	34.116	81.203	0.8841	CjpegliYcbcr	1.4
photos	20240528_210945.jpg	jpegli	444	85	model_policy	34.086	81.262	0.8586	CjpegliYcbcr	1.4
photos	20240528_210945.jpg	jpegli	444	85	model_proj	34.204	81.938	0.7865	CjpegliYcbcr	1.4
photos	20240528_210945.jpg	jpegli	444	90	identity_off	35.721	84.298	0.6698	CjpegliYcbcr	1.1
photos	20240528_210945.jpg	jpegli	444	90	identity_auto	35.722	84.195	0.7189	CjpegliYcbcr	1.1
photos	20240528_210945.jpg	jpegli	444	90	model_off	35.884	84.442	0.6629	CjpegliYcbcr	1.1
photos	20240528_210945.jpg	jpegli	444	90	model_auto	35.902	84.359	0.6930	CjpegliYcbcr	1.1
photos	20240528_210945.jpg	jpegli	444	90	model_policy	35.907	84.469	0.6613	CjpegliYcbcr	1.1
photos	20240528_210945.jpg	jpegli	444	90	model_proj	36.056	85.070	0.6021	CjpegliYcbcr	1.1
photos	20240528_210945.jpg	jpegli	444	93	identity_off	37.523	87.364	0.5138	CjpegliYcbcr	0.7
photos	20240528_210945.jpg	jpegli	444	93	identity_auto	37.497	87.224	0.5685	CjpegliYcbcr	0.7
photos	20240528_210945.jpg	jpegli	444	93	model_off	37.634	87.434	0.5105	CjpegliYcbcr	0.7
photos	20240528_210945.jpg	jpegli	444	93	model_auto	37.580	87.199	0.5501	CjpegliYcbcr	0.7
photos	20240528_210945.jpg	jpegli	444	93	model_policy	37.650	87.436	0.5096	CjpegliYcbcr	0.7
photos	20240528_210945.jpg	jpegli	444	93	model_proj	37.801	87.965	0.4655	CjpegliYcbcr	0.7
photos	20240528_210945.jpg	jpegli	444	96	identity_off	40.019	90.684	0.3411	CjpegliYcbcr	0.3
photos	20240528_210945.jpg	jpegli	444	96	identity_auto	40.019	90.684	0.3411	CjpegliYcbcr	0.3
photos	20240528_210945.jpg	jpegli	444	96	model_off	40.064	90.640	0.3404	CjpegliYcbcr	0.3
photos	20240528_210945.jpg	jpegli	444	96	model_auto	39.871	90.374	0.3522	CjpegliYcbcr	0.3
photos	20240528_210945.jpg	jpegli	444	96	model_policy	40.050	90.656	0.3437	CjpegliYcbcr	0.3
photos	20240528_210945.jpg	jpegli	444	96	model_proj	40.207	91.201	0.3187	CjpegliYcbcr	0.3
photos	20240528_210945.jpg	zenjpeg	420	85	identity_off	33.185	78.849	1.0785	CjpegliYcbcr	1.8
photos	20240528_210945.jpg	zenjpeg	420	85	identity_auto	33.213	78.622	1.0860	CjpegliYcbcr	1.8
photos	20240528_210945.jpg	zenjpeg	420	85	model_off	33.414	79.313	1.0631	CjpegliYcbcr	1.8
photos	20240528_210945.jpg	zenjpeg	420	85	model_auto	33.467	79.146	1.0493	CjpegliYcbcr	1.8
photos	20240528_210945.jpg	zenjpeg	420	85	model_policy	33.438	79.321	1.0594	CjpegliYcbcr	1.8
photos	20240528_210945.jpg	zenjpeg	420	85	model_proj	33.457	79.552	1.0305	CjpegliYcbcr	1.8
photos	20240528_210945.jpg	zenjpeg	420	90	identity_off	34.932	81.960	0.9354	CjpegliYcbcr	1.3
photos	20240528_210945.jpg	zenjpeg	420	90	identity_auto	34.900	81.838	0.9896	CjpegliYcbcr	1.3
photos	20240528_210945.jpg	zenjpeg	420	90	model_off	35.076	82.232	0.9259	CjpegliYcbcr	1.3
photos	20240528_210945.jpg	zenjpeg	420	90	model_auto	35.109	82.252	0.9544	CjpegliYcbcr	1.3
photos	20240528_210945.jpg	zenjpeg	420	90	model_policy	35.100	82.284	0.9223	CjpegliYcbcr	1.3
photos	20240528_210945.jpg	zenjpeg	420	90	model_proj	35.132	82.532	0.8893	CjpegliYcbcr	1.3
photos	20240528_210945.jpg	zenjpeg	420	93	identity_off	36.511	84.314	0.8447	CjpegliYcbcr	1.0
photos	20240528_210945.jpg	zenjpeg	420	93	identity_auto	36.438	84.163	0.9015	CjpegliYcbcr	1.0
photos	20240528_210945.jpg	zenjpeg	420	93	model_off	36.606	84.557	0.8383	CjpegliYcbcr	1.0
photos	20240528_210945.jpg	zenjpeg	420	93	model_auto	36.600	84.542	0.8696	CjpegliYcbcr	1.0
photos	20240528_210945.jpg	zenjpeg	420	93	model_policy	36.629	84.599	0.8351	CjpegliYcbcr	1.0
photos	20240528_210945.jpg	zenjpeg	420	93	model_proj	36.684	85.001	0.7938	CjpegliYcbcr	1.0
photos	20240528_210945.jpg	zenjpeg	420	96	identity_off	38.427	87.155	0.7754	CjpegliYcbcr	0.5
photos	20240528_210945.jpg	zenjpeg	420	96	identity_auto	38.427	87.155	0.7754	CjpegliYcbcr	0.5
photos	20240528_210945.jpg	zenjpeg	420	96	model_off	38.496	87.313	0.7697	CjpegliYcbcr	0.5
photos	20240528_210945.jpg	zenjpeg	420	96	model_auto	38.564	87.379	0.7458	CjpegliYcbcr	0.5
photos	20240528_210945.jpg	zenjpeg	420	96	model_policy	38.514	87.324	0.7661	CjpegliYcbcr	0.5
photos	20240528_210945.jpg	zenjpeg	420	96	model_proj	38.620	87.886	0.7221	CjpegliYcbcr	0.5
photos	20240528_210945.jpg	zenjpeg	444	85	identity_off	33.768	80.854	0.8771	CjpegliYcbcr	1.4
photos	20240528_210945.jpg	zenjpeg	444	85	identity_auto	33.792	80.829	0.9218	CjpegliYcbcr	1.4
photos	20240528_210945.jpg	zenjpeg	444	85	model_off	34.024	81.155	0.8627	CjpegliYcbcr	1.4
photos	20240528_210945.jpg	zenjpeg	444	85	model_auto	34.080	81.128	0.8854	CjpegliYcbcr	1.4
photos	20240528_210945.jpg	zenjpeg	444	85	model_policy	34.053	81.194	0.8597	CjpegliYcbcr	1.4
photos	20240528_210945.jpg	zenjpeg	444	85	model_proj	34.173	81.879	0.7880	CjpegliYcbcr	1.4
photos	20240528_210945.jpg	zenjpeg	444	90	identity_off	35.674	84.189	0.6699	CjpegliYcbcr	1.1
photos	20240528_210945.jpg	zenjpeg	444	90	identity_auto	35.674	84.109	0.7182	CjpegliYcbcr	1.1
photos	20240528_210945.jpg	zenjpeg	444	90	model_off	35.840	84.422	0.6627	CjpegliYcbcr	1.1
photos	20240528_210945.jpg	zenjpeg	444	90	model_auto	35.858	84.283	0.6923	CjpegliYcbcr	1.1
photos	20240528_210945.jpg	zenjpeg	444	90	model_policy	35.864	84.447	0.6607	CjpegliYcbcr	1.1
photos	20240528_210945.jpg	zenjpeg	444	90	model_proj	36.012	85.014	0.6036	CjpegliYcbcr	1.1
photos	20240528_210945.jpg	zenjpeg	444	93	identity_off	37.463	87.327	0.5157	CjpegliYcbcr	0.7
photos	20240528_210945.jpg	zenjpeg	444	93	identity_auto	37.437	87.207	0.5698	CjpegliYcbcr	0.7
photos	20240528_210945.jpg	zenjpeg	444	93	model_off	37.575	87.421	0.5122	CjpegliYcbcr	0.7
photos	20240528_210945.jpg	zenjpeg	444	93	model_auto	37.516	87.198	0.5510	CjpegliYcbcr	0.7
photos	20240528_210945.jpg	zenjpeg	444	93	model_policy	37.592	87.429	0.5111	CjpegliYcbcr	0.7
photos	20240528_210945.jpg	zenjpeg	444	93	model_proj	37.741	87.965	0.4685	CjpegliYcbcr	0.7
photos	20240528_210945.jpg	zenjpeg	444	96	identity_off	39.961	90.580	0.3422	CjpegliYcbcr	0.3
photos	20240528_210945.jpg	zenjpeg	444	96	identity_auto	39.961	90.580	0.3422	CjpegliYcbcr	0.3
photos	20240528_210945.jpg	zenjpeg	444	96	model_off	40.003	90.496	0.3426	CjpegliYcbcr	0.3
photos	20240528_210945.jpg	zenjpeg	444	96	model_auto	39.816	90.245	0.3562	CjpegliYcbcr	0.3
photos	20240528_210945.jpg	zenjpeg	444	96	model_policy	39.990	90.520	0.3469	CjpegliYcbcr	0.3
photos	20240528_210945.jpg	zenjpeg	444	96	model_proj	40.144	91.069	0.3226	CjpegliYcbcr	0.3
photos	Screenshot_20260526_074348_Photos.png	turbo	420	85	identity_off	39.412	81.312	0.9480	ImageMagick	85.0
photos	Screenshot_20260526_074348_Photos.png	turbo	420	85	identity_auto	39.437	80.695	0.9632	ImageMagick	85.0
photos	Screenshot_20260526_074348_Photos.png	turbo	420	85	model_off	39.532	81.437	0.9344	ImageMagick	85.0
photos	Screenshot_20260526_074348_Photos.png	turbo	420	85	model_auto	39.498	80.773	0.9536	ImageMagick	85.0
photos	Screenshot_20260526_074348_Photos.png	turbo	420	85	model_policy	39.532	81.435	0.9340	ImageMagick	85.0
photos	Screenshot_20260526_074348_Photos.png	turbo	420	85	model_proj	39.532	81.478	0.9339	ImageMagick	85.0
photos	Screenshot_20260526_074348_Photos.png	turbo	420	90	identity_off	40.881	84.622	0.7891	ImageMagick	90.0
photos	Screenshot_20260526_074348_Photos.png	turbo	420	90	identity_auto	40.913	84.543	0.7993	ImageMagick	90.0
photos	Screenshot_20260526_074348_Photos.png	turbo	420	90	model_off	40.934	84.671	0.7852	ImageMagick	90.0
photos	Screenshot_20260526_074348_Photos.png	turbo	420	90	model_auto	40.955	84.585	0.7950	ImageMagick	90.0
photos	Screenshot_20260526_074348_Photos.png	turbo	420	90	model_policy	40.935	84.702	0.7848	ImageMagick	90.0
photos	Screenshot_20260526_074348_Photos.png	turbo	420	90	model_proj	40.936	84.662	0.7848	ImageMagick	90.0
photos	Screenshot_20260526_074348_Photos.png	turbo	420	93	identity_off	42.340	86.707	0.6666	ImageMagick	93.0
photos	Screenshot_20260526_074348_Photos.png	turbo	420	93	identity_auto	42.332	86.572	0.6824	ImageMagick	93.0
photos	Screenshot_20260526_074348_Photos.png	turbo	420	93	model_off	42.371	86.744	0.6648	ImageMagick	93.0
photos	Screenshot_20260526_074348_Photos.png	turbo	420	93	model_auto	42.358	86.684	0.6799	ImageMagick	93.0
photos	Screenshot_20260526_074348_Photos.png	turbo	420	93	model_policy	42.373	86.701	0.6645	ImageMagick	93.0
photos	Screenshot_20260526_074348_Photos.png	turbo	420	93	model_proj	42.373	86.704	0.6645	ImageMagick	93.0
photos	Screenshot_20260526_074348_Photos.png	turbo	420	96	identity_off	45.168	90.084	0.4696	ImageMagick	96.0
photos	Screenshot_20260526_074348_Photos.png	turbo	420	96	identity_auto	45.168	90.084	0.4696	ImageMagick	96.0
photos	Screenshot_20260526_074348_Photos.png	turbo	420	96	model_off	45.182	90.083	0.4692	ImageMagick	96.0
photos	Screenshot_20260526_074348_Photos.png	turbo	420	96	model_auto	45.179	90.024	0.4691	ImageMagick	96.0
photos	Screenshot_20260526_074348_Photos.png	turbo	420	96	model_policy	45.183	90.017	0.4691	ImageMagick	96.0
photos	Screenshot_20260526_074348_Photos.png	turbo	420	96	model_proj	45.185	90.088	0.4689	ImageMagick	96.0
photos	Screenshot_20260526_074348_Photos.png	turbo	444	85	identity_off	39.543	82.344	0.9431	ImageMagick	85.0
photos	Screenshot_20260526_074348_Photos.png	turbo	444	85	identity_auto	39.576	81.633	0.9569	ImageMagick	85.0
photos	Screenshot_20260526_074348_Photos.png	turbo	444	85	model_off	39.667	82.414	0.9295	ImageMagick	85.0
photos	Screenshot_20260526_074348_Photos.png	turbo	444	85	model_auto	39.636	81.696	0.9475	ImageMagick	85.0
photos	Screenshot_20260526_074348_Photos.png	turbo	444	85	model_policy	39.666	82.512	0.9289	ImageMagick	85.0
photos	Screenshot_20260526_074348_Photos.png	turbo	444	85	model_proj	39.634	82.161	0.9370	ImageMagick	85.0
photos	Screenshot_20260526_074348_Photos.png	turbo	444	90	identity_off	41.037	85.434	0.7847	ImageMagick	90.0
photos	Screenshot_20260526_074348_Photos.png	turbo	444	90	identity_auto	41.071	85.555	0.7944	ImageMagick	90.0
photos	Screenshot_20260526_074348_Photos.png	turbo	444	90	model_off	41.091	85.514	0.7807	ImageMagick	90.0
photos	Screenshot_20260526_074348_Photos.png	turbo	444	90	model_auto	41.112	85.344	0.7900	ImageMagick	90.0
photos	Screenshot_20260526_074348_Photos.png	turbo	444	90	model_policy	41.091	85.369	0.7804	ImageMagick	90.0
photos	Screenshot_20260526_074348_Photos.png	turbo	444	90	model_proj	40.896	84.968	0.8156	ImageMagick	90.0
photos	Screenshot_20260526_074348_Photos.png	turbo	444	93	identity_off	42.536	87.835	0.6622	ImageMagick	93.0
photos	Screenshot_20260526_074348_Photos.png	turbo	444	93	identity_auto	42.531	87.710	0.6778	ImageMagick	93.0
photos	Screenshot_20260526_074348_Photos.png	turbo	444	93	model_off	42.568	87.851	0.6604	ImageMagick	93.0
photos	Screenshot_20260526_074348_Photos.png	turbo	444	93	model_auto	42.557	87.677	0.6755	ImageMagick	93.0
photos	Screenshot_20260526_074348_Photos.png	turbo	444	93	model_policy	42.570	87.871	0.6602	ImageMagick	93.0
photos	Screenshot_20260526_074348_Photos.png	turbo	444	93	model_proj	42.210	86.661	0.7105	ImageMagick	93.0
photos	Screenshot_20260526_074348_Photos.png	turbo	444	96	identity_off	45.491	90.552	0.4648	ImageMagick	96.0
photos	Screenshot_20260526_074348_Photos.png	turbo	444	96	identity_auto	45.491	90.552	0.4648	ImageMagick	96.0
photos	Screenshot_20260526_074348_Photos.png	turbo	444	96	model_off	45.504	90.611	0.4643	ImageMagick	96.0
photos	Screenshot_20260526_074348_Photos.png	turbo	444	96	model_auto	45.502	90.479	0.4643	ImageMagick	96.0
photos	Screenshot_20260526_074348_Photos.png	turbo	444	96	model_policy	45.505	90.575	0.4642	ImageMagick	96.0
photos	Screenshot_20260526_074348_Photos.png	turbo	444	96	model_proj	44.416	88.772	0.6117	ImageMagick	96.0
photos	Screenshot_20260526_074348_Photos.png	mozjpeg	420	85	identity_off	38.450	78.711	1.0433	Mozjpeg	85.0
photos	Screenshot_20260526_074348_Photos.png	mozjpeg	420	85	identity_auto	38.394	77.951	1.0724	Mozjpeg	85.0
photos	Screenshot_20260526_074348_Photos.png	mozjpeg	420	85	model_off	38.602	78.868	1.0275	Mozjpeg	85.0
photos	Screenshot_20260526_074348_Photos.png	mozjpeg	420	85	model_auto	38.457	78.005	1.0647	Mozjpeg	85.0
photos	Screenshot_20260526_074348_Photos.png	mozjpeg	420	85	model_policy	38.598	78.879	1.0274	Mozjpeg	85.0
photos	Screenshot_20260526_074348_Photos.png	mozjpeg	420	85	model_proj	38.598	78.832	1.0274	Mozjpeg	85.0
photos	Screenshot_20260526_074348_Photos.png	mozjpeg	420	90	identity_off	39.853	82.912	0.8618	Mozjpeg	90.0
photos	Screenshot_20260526_074348_Photos.png	mozjpeg	420	90	identity_auto	39.831	82.845	0.8781	Mozjpeg	90.0
photos	Screenshot_20260526_074348_Photos.png	mozjpeg	420	90	model_off	39.925	83.005	0.8552	Mozjpeg	90.0
photos	Screenshot_20260526_074348_Photos.png	mozjpeg	420	90	model_auto	39.876	82.862	0.8723	Mozjpeg	90.0
photos	Screenshot_20260526_074348_Photos.png	mozjpeg	420	90	model_policy	39.926	83.030	0.8552	Mozjpeg	90.0
photos	Screenshot_20260526_074348_Photos.png	mozjpeg	420	90	model_proj	39.926	83.044	0.8551	Mozjpeg	90.0
photos	Screenshot_20260526_074348_Photos.png	mozjpeg	420	93	identity_off	41.137	85.614	0.7370	Mozjpeg	93.0
photos	Screenshot_20260526_074348_Photos.png	mozjpeg	420	93	identity_auto	41.082	85.408	0.7584	Mozjpeg	93.0
photos	Screenshot_20260526_074348_Photos.png	mozjpeg	420	93	model_off	41.168	85.713	0.7348	Mozjpeg	93.0
photos	Screenshot_20260526_074348_Photos.png	mozjpeg	420	93	model_auto	41.104	85.475	0.7560	Mozjpeg	93.0
photos	Screenshot_20260526_074348_Photos.png	mozjpeg	420	93	model_policy	41.170	85.678	0.7346	Mozjpeg	93.0
photos	Screenshot_20260526_074348_Photos.png	mozjpeg	420	93	model_proj	41.170	85.752	0.7345	Mozjpeg	93.0
photos	Screenshot_20260526_074348_Photos.png	mozjpeg	420	96	identity_off	43.648	88.916	0.5384	Mozjpeg	96.0
photos	Screenshot_20260526_074348_Photos.png	mozjpeg	420	96	identity_auto	43.648	88.916	0.5384	Mozjpeg	96.0
photos	Screenshot_20260526_074348_Photos.png	mozjpeg	420	96	model_off	43.659	88.770	0.5378	Mozjpeg	96.0
photos	Screenshot_20260526_074348_Photos.png	mozjpeg	420	96	model_auto	43.657	88.818	0.5379	Mozjpeg	96.0
photos	Screenshot_20260526_074348_Photos.png	mozjpeg	420	96	model_policy	43.660	88.792	0.5378	Mozjpeg	96.0
photos	Screenshot_20260526_074348_Photos.png	mozjpeg	420	96	model_proj	43.660	88.929	0.5377	Mozjpeg	96.0
photos	Screenshot_20260526_074348_Photos.png	mozjpeg	444	85	identity_off	38.535	79.608	1.0390	Mozjpeg	85.0
photos	Screenshot_20260526_074348_Photos.png	mozjpeg	444	85	identity_auto	38.485	78.870	1.0673	Mozjpeg	85.0
photos	Screenshot_20260526_074348_Photos.png	mozjpeg	444	85	model_off	38.687	79.777	1.0234	Mozjpeg	85.0
photos	Screenshot_20260526_074348_Photos.png	mozjpeg	444	85	model_auto	38.546	78.876	1.0595	Mozjpeg	85.0
photos	Screenshot_20260526_074348_Photos.png	mozjpeg	444	85	model_policy	38.683	79.819	1.0230	Mozjpeg	85.0
photos	Screenshot_20260526_074348_Photos.png	mozjpeg	444	85	model_proj	38.680	79.781	1.0239	Mozjpeg	85.0
photos	Screenshot_20260526_074348_Photos.png	mozjpeg	444	90	identity_off	39.955	83.812	0.8586	Mozjpeg	90.0
photos	Screenshot_20260526_074348_Photos.png	mozjpeg	444	90	identity_auto	39.935	83.666	0.8748	Mozjpeg	90.0
photos	Screenshot_20260526_074348_Photos.png	mozjpeg	444	90	model_off	40.027	83.781	0.8522	Mozjpeg	90.0
photos	Screenshot_20260526_074348_Photos.png	mozjpeg	444	90	model_auto	39.980	83.639	0.8693	Mozjpeg	90.0
photos	Screenshot_20260526_074348_Photos.png	mozjpeg	444	90	model_policy	40.027	83.744	0.8522	Mozjpeg	90.0
photos	Screenshot_20260526_074348_Photos.png	mozjpeg	444	90	model_proj	39.931	83.382	0.8728	Mozjpeg	90.0
photos	Screenshot_20260526_074348_Photos.png	mozjpeg	444	93	identity_off	41.262	86.289	0.7340	Mozjpeg	93.0
photos	Screenshot_20260526_074348_Photos.png	mozjpeg	444	93	identity_auto	41.207	86.106	0.7557	Mozjpeg	93.0
photos	Screenshot_20260526_074348_Photos.png	mozjpeg	444	93	model_off	41.293	86.247	0.7318	Mozjpeg	93.0
photos	Screenshot_20260526_074348_Photos.png	mozjpeg	444	93	model_auto	41.228	86.060	0.7534	Mozjpeg	93.0
photos	Screenshot_20260526_074348_Photos.png	mozjpeg	444	93	model_policy	41.295	86.247	0.7315	Mozjpeg	93.0
photos	Screenshot_20260526_074348_Photos.png	mozjpeg	444	93	model_proj	41.082	85.260	0.7666	Mozjpeg	93.0
photos	Screenshot_20260526_074348_Photos.png	mozjpeg	444	96	identity_off	43.895	89.465	0.5334	Mozjpeg	96.0
photos	Screenshot_20260526_074348_Photos.png	mozjpeg	444	96	identity_auto	43.895	89.465	0.5334	Mozjpeg	96.0
photos	Screenshot_20260526_074348_Photos.png	mozjpeg	444	96	model_off	43.905	89.306	0.5329	Mozjpeg	96.0
photos	Screenshot_20260526_074348_Photos.png	mozjpeg	444	96	model_auto	43.903	89.516	0.5329	Mozjpeg	96.0
photos	Screenshot_20260526_074348_Photos.png	mozjpeg	444	96	model_policy	43.906	89.500	0.5328	Mozjpeg	96.0
photos	Screenshot_20260526_074348_Photos.png	mozjpeg	444	96	model_proj	43.173	87.445	0.6395	Mozjpeg	96.0
photos	Screenshot_20260526_074348_Photos.png	jpegli	420	85	identity_off	38.527	77.468	1.0932	CjpegliYcbcr	1.8
photos	Screenshot_20260526_074348_Photos.png	jpegli	420	85	identity_auto	38.588	77.259	1.0935	CjpegliYcbcr	1.8
photos	Screenshot_20260526_074348_Photos.png	jpegli	420	85	model_off	38.619	77.476	1.0844	CjpegliYcbcr	1.8
photos	Screenshot_20260526_074348_Photos.png	jpegli	420	85	model_auto	38.622	77.206	1.0900	CjpegliYcbcr	1.8
photos	Screenshot_20260526_074348_Photos.png	jpegli	420	85	model_policy	38.621	77.397	1.0844	CjpegliYcbcr	1.8
photos	Screenshot_20260526_074348_Photos.png	jpegli	420	85	model_proj	38.621	77.490	1.0843	CjpegliYcbcr	1.8
photos	Screenshot_20260526_074348_Photos.png	jpegli	420	90	identity_off	40.260	82.164	0.8628	CjpegliYcbcr	1.3
photos	Screenshot_20260526_074348_Photos.png	jpegli	420	90	identity_auto	40.244	82.049	0.8794	CjpegliYcbcr	1.3
photos	Screenshot_20260526_074348_Photos.png	jpegli	420	90	model_off	40.290	82.231	0.8610	CjpegliYcbcr	1.3
photos	Screenshot_20260526_074348_Photos.png	jpegli	420	90	model_auto	40.263	82.071	0.8778	CjpegliYcbcr	1.3
photos	Screenshot_20260526_074348_Photos.png	jpegli	420	90	model_policy	40.291	82.208	0.8609	CjpegliYcbcr	1.3
photos	Screenshot_20260526_074348_Photos.png	jpegli	420	90	model_proj	40.291	82.144	0.8609	CjpegliYcbcr	1.3
photos	Screenshot_20260526_074348_Photos.png	jpegli	420	93	identity_off	42.125	85.322	0.6853	CjpegliYcbcr	1.0
photos	Screenshot_20260526_074348_Photos.png	jpegli	420	93	identity_auto	42.046	85.225	0.7099	CjpegliYcbcr	1.0
photos	Screenshot_20260526_074348_Photos.png	jpegli	420	93	model_off	42.135	85.367	0.6849	CjpegliYcbcr	1.0
photos	Screenshot_20260526_074348_Photos.png	jpegli	420	93	model_auto	42.052	85.238	0.7093	CjpegliYcbcr	1.0
photos	Screenshot_20260526_074348_Photos.png	jpegli	420	93	model_policy	42.136	85.364	0.6848	CjpegliYcbcr	1.0
photos	Screenshot_20260526_074348_Photos.png	jpegli	420	93	model_proj	42.136	85.341	0.6848	CjpegliYcbcr	1.0
photos	Screenshot_20260526_074348_Photos.png	jpegli	420	96	identity_off	44.924	88.755	0.4858	CjpegliYcbcr	0.5
photos	Screenshot_20260526_074348_Photos.png	jpegli	420	96	identity_auto	44.924	88.755	0.4858	CjpegliYcbcr	0.5
photos	Screenshot_20260526_074348_Photos.png	jpegli	420	96	model_off	44.923	88.759	0.4858	CjpegliYcbcr	0.5
photos	Screenshot_20260526_074348_Photos.png	jpegli	420	96	model_auto	44.921	88.748	0.4859	CjpegliYcbcr	0.5
photos	Screenshot_20260526_074348_Photos.png	jpegli	420	96	model_policy	44.923	88.712	0.4858	CjpegliYcbcr	0.5
photos	Screenshot_20260526_074348_Photos.png	jpegli	420	96	model_proj	44.924	88.807	0.4857	CjpegliYcbcr	0.5
photos	Screenshot_20260526_074348_Photos.png	jpegli	444	85	identity_off	39.300	79.992	0.9981	CjpegliYcbcr	1.4
photos	Screenshot_20260526_074348_Photos.png	jpegli	444	85	identity_auto	39.309	79.987	1.0003	CjpegliYcbcr	1.4
photos	Screenshot_20260526_074348_Photos.png	jpegli	444	85	model_off	39.360	80.059	0.9938	CjpegliYcbcr	1.4
photos	Screenshot_20260526_074348_Photos.png	jpegli	444	85	model_auto	39.343	79.952	0.9976	CjpegliYcbcr	1.4
photos	Screenshot_20260526_074348_Photos.png	jpegli	444	85	model_policy	39.361	80.049	0.9934	CjpegliYcbcr	1.4
photos	Screenshot_20260526_074348_Photos.png	jpegli	444	85	model_proj	39.367	80.032	0.9907	CjpegliYcbcr	1.4
photos	Screenshot_20260526_074348_Photos.png	jpegli	444	90	identity_off	41.193	84.091	0.7880	CjpegliYcbcr	1.1
photos	Screenshot_20260526_074348_Photos.png	jpegli	444	90	identity_auto	41.164	83.975	0.8166	CjpegliYcbcr	1.1
photos	Screenshot_20260526_074348_Photos.png	jpegli	444	90	model_off	41.210	84.063	0.7873	CjpegliYcbcr	1.1
photos	Screenshot_20260526_074348_Photos.png	jpegli	444	90	model_auto	41.174	83.993	0.8156	CjpegliYcbcr	1.1
photos	Screenshot_20260526_074348_Photos.png	jpegli	444	90	model_policy	41.212	84.115	0.7872	CjpegliYcbcr	1.1
photos	Screenshot_20260526_074348_Photos.png	jpegli	444	90	model_proj	41.226	84.153	0.7872	CjpegliYcbcr	1.1
photos	Screenshot_20260526_074348_Photos.png	jpegli	444	93	identity_off	43.180	86.412	0.6082	CjpegliYcbcr	0.7
photos	Screenshot_20260526_074348_Photos.png	jpegli	444	93	identity_auto	43.084	86.222	0.6464	CjpegliYcbcr	0.7
photos	Screenshot_20260526_074348_Photos.png	jpegli	444	93	model_off	43.185	86.297	0.6078	CjpegliYcbcr	0.7
photos	Screenshot_20260526_074348_Photos.png	jpegli	444	93	model_auto	43.084	86.187	0.6459	CjpegliYcbcr	0.7
photos	Screenshot_20260526_074348_Photos.png	jpegli	444	93	model_policy	43.185	86.315	0.6078	CjpegliYcbcr	0.7
photos	Screenshot_20260526_074348_Photos.png	jpegli	444	93	model_proj	43.184	86.354	0.6081	CjpegliYcbcr	0.7
photos	Screenshot_20260526_074348_Photos.png	jpegli	444	96	identity_off	46.175	89.371	0.4107	CjpegliYcbcr	0.3
photos	Screenshot_20260526_074348_Photos.png	jpegli	444	96	identity_auto	46.175	89.371	0.4107	CjpegliYcbcr	0.3
photos	Screenshot_20260526_074348_Photos.png	jpegli	444	96	model_off	46.169	89.431	0.4108	CjpegliYcbcr	0.3
photos	Screenshot_20260526_074348_Photos.png	jpegli	444	96	model_auto	46.165	89.324	0.4109	CjpegliYcbcr	0.3
photos	Screenshot_20260526_074348_Photos.png	jpegli	444	96	model_policy	46.169	89.376	0.4109	CjpegliYcbcr	0.3
photos	Screenshot_20260526_074348_Photos.png	jpegli	444	96	model_proj	45.777	89.345	0.4432	CjpegliYcbcr	0.3
photos	Screenshot_20260526_074348_Photos.png	zenjpeg	420	85	identity_off	38.502	77.551	1.0878	CjpegliYcbcr	1.8
photos	Screenshot_20260526_074348_Photos.png	zenjpeg	420	85	identity_auto	38.561	77.347	1.0877	CjpegliYcbcr	1.8
photos	Screenshot_20260526_074348_Photos.png	zenjpeg	420	85	model_off	38.596	77.606	1.0791	CjpegliYcbcr	1.8
photos	Screenshot_20260526_074348_Photos.png	zenjpeg	420	85	model_auto	38.595	77.254	1.0845	CjpegliYcbcr	1.8
photos	Screenshot_20260526_074348_Photos.png	zenjpeg	420	85	model_policy	38.598	77.575	1.0788	CjpegliYcbcr	1.8
photos	Screenshot_20260526_074348_Photos.png	zenjpeg	420	85	model_proj	38.598	77.593	1.0786	CjpegliYcbcr	1.8
photos	Screenshot_20260526_074348_Photos.png	zenjpeg	420	90	identity_off	40.237	82.101	0.8628	CjpegliYcbcr	1.3
photos	Screenshot_20260526_074348_Photos.png	zenjpeg	420	90	identity_auto	40.226	82.013	0.8783	CjpegliYcbcr	1.3
photos	Screenshot_20260526_074348_Photos.png	zenjpeg	420	90	model_off	40.267	82.082	0.8610	CjpegliYcbcr	1.3
photos	Screenshot_20260526_074348_Photos.png	zenjpeg	420	90	model_auto	40.244	81.925	0.8767	CjpegliYcbcr	1.3
photos	Screenshot_20260526_074348_Photos.png	zenjpeg	420	90	model_policy	40.268	82.105	0.8608	CjpegliYcbcr	1.3
photos	Screenshot_20260526_074348_Photos.png	zenjpeg	420	90	model_proj	40.268	82.130	0.8608	CjpegliYcbcr	1.3
photos	Screenshot_20260526_074348_Photos.png	zenjpeg	420	93	identity_off	42.110	85.351	0.6822	CjpegliYcbcr	1.0
photos	Screenshot_20260526_074348_Photos.png	zenjpeg	420	93	identity_auto	42.040	85.224	0.7043	CjpegliYcbcr	1.0
photos	Screenshot_20260526_074348_Photos.png	zenjpeg	420	93	model_off	42.120	85.414	0.6817	CjpegliYcbcr	1.0
photos	Screenshot_20260526_074348_Photos.png	zenjpeg	420	93	model_auto	42.046	85.386	0.7037	CjpegliYcbcr	1.0
photos	Screenshot_20260526_074348_Photos.png	zenjpeg	420	93	model_policy	42.121	85.311	0.6816	CjpegliYcbcr	1.0
photos	Screenshot_20260526_074348_Photos.png	zenjpeg	420	93	model_proj	42.121	85.429	0.6816	CjpegliYcbcr	1.0
photos	Screenshot_20260526_074348_Photos.png	zenjpeg	420	96	identity_off	44.926	88.899	0.4808	CjpegliYcbcr	0.5
photos	Screenshot_20260526_074348_Photos.png	zenjpeg	420	96	identity_auto	44.926	88.899	0.4808	CjpegliYcbcr	0.5
photos	Screenshot_20260526_074348_Photos.png	zenjpeg	420	96	model_off	44.925	88.953	0.4807	CjpegliYcbcr	0.5
photos	Screenshot_20260526_074348_Photos.png	zenjpeg	420	96	model_auto	44.923	88.766	0.4808	CjpegliYcbcr	0.5
photos	Screenshot_20260526_074348_Photos.png	zenjpeg	420	96	model_policy	44.925	88.877	0.4808	CjpegliYcbcr	0.5
photos	Screenshot_20260526_074348_Photos.png	zenjpeg	420	96	model_proj	44.925	88.676	0.4808	CjpegliYcbcr	0.5
photos	Screenshot_20260526_074348_Photos.png	zenjpeg	444	85	identity_off	39.328	80.263	0.9641	CjpegliYcbcr	1.4
photos	Screenshot_20260526_074348_Photos.png	zenjpeg	444	85	identity_auto	39.340	80.149	0.9763	CjpegliYcbcr	1.4
photos	Screenshot_20260526_074348_Photos.png	zenjpeg	444	85	model_off	39.387	80.298	0.9599	CjpegliYcbcr	1.4
photos	Screenshot_20260526_074348_Photos.png	zenjpeg	444	85	model_auto	39.374	80.095	0.9733	CjpegliYcbcr	1.4
photos	Screenshot_20260526_074348_Photos.png	zenjpeg	444	85	model_policy	39.389	80.259	0.9597	CjpegliYcbcr	1.4
photos	Screenshot_20260526_074348_Photos.png	zenjpeg	444	85	model_proj	39.390	80.253	0.9594	CjpegliYcbcr	1.4
photos	Screenshot_20260526_074348_Photos.png	zenjpeg	444	90	identity_off	41.226	84.218	0.7570	CjpegliYcbcr	1.1
photos	Screenshot_20260526_074348_Photos.png	zenjpeg	444	90	identity_auto	41.196	84.166	0.7771	CjpegliYcbcr	1.1
photos	Screenshot_20260526_074348_Photos.png	zenjpeg	444	90	model_off	41.244	84.322	0.7561	CjpegliYcbcr	1.1
photos	Screenshot_20260526_074348_Photos.png	zenjpeg	444	90	model_auto	41.207	84.071	0.7762	CjpegliYcbcr	1.1
photos	Screenshot_20260526_074348_Photos.png	zenjpeg	444	90	model_policy	41.245	84.247	0.7560	CjpegliYcbcr	1.1
photos	Screenshot_20260526_074348_Photos.png	zenjpeg	444	90	model_proj	41.250	84.343	0.7568	CjpegliYcbcr	1.1
photos	Screenshot_20260526_074348_Photos.png	zenjpeg	444	93	identity_off	43.192	86.604	0.5971	CjpegliYcbcr	0.7
photos	Screenshot_20260526_074348_Photos.png	zenjpeg	444	93	identity_auto	43.099	86.499	0.6316	CjpegliYcbcr	0.7
photos	Screenshot_20260526_074348_Photos.png	zenjpeg	444	93	model_off	43.197	86.580	0.5969	CjpegliYcbcr	0.7
photos	Screenshot_20260526_074348_Photos.png	zenjpeg	444	93	model_auto	43.100	86.483	0.6312	CjpegliYcbcr	0.7
photos	Screenshot_20260526_074348_Photos.png	zenjpeg	444	93	model_policy	43.198	86.552	0.5969	CjpegliYcbcr	0.7
photos	Screenshot_20260526_074348_Photos.png	zenjpeg	444	93	model_proj	43.191	86.546	0.5980	CjpegliYcbcr	0.7
photos	Screenshot_20260526_074348_Photos.png	zenjpeg	444	96	identity_off	46.186	89.650	0.4018	CjpegliYcbcr	0.3
photos	Screenshot_20260526_074348_Photos.png	zenjpeg	444	96	identity_auto	46.186	89.650	0.4018	CjpegliYcbcr	0.3
photos	Screenshot_20260526_074348_Photos.png	zenjpeg	444	96	model_off	46.181	89.577	0.4019	CjpegliYcbcr	0.3
photos	Screenshot_20260526_074348_Photos.png	zenjpeg	444	96	model_auto	46.176	89.547	0.4022	CjpegliYcbcr	0.3
photos	Screenshot_20260526_074348_Photos.png	zenjpeg	444	96	model_policy	46.180	89.649	0.4020	CjpegliYcbcr	0.3
photos	Screenshot_20260526_074348_Photos.png	zenjpeg	444	96	model_proj	45.583	89.124	0.4699	CjpegliYcbcr	0.3
people	alexander-aguero-EnppVuXbcCE-unsplash.jpg	turbo	420	85	identity_off	43.680	84.359	0.6765	ImageMagick	85.0
people	alexander-aguero-EnppVuXbcCE-unsplash.jpg	turbo	420	85	identity_auto	43.431	82.895	0.7135	ImageMagick	85.0
people	alexander-aguero-EnppVuXbcCE-unsplash.jpg	turbo	420	85	model_off	44.114	84.687	0.6502	ImageMagick	85.0
people	alexander-aguero-EnppVuXbcCE-unsplash.jpg	turbo	420	85	model_auto	43.486	82.924	0.7106	ImageMagick	85.0
people	alexander-aguero-EnppVuXbcCE-unsplash.jpg	turbo	420	85	model_policy	44.110	84.688	0.6505	ImageMagick	85.0
people	alexander-aguero-EnppVuXbcCE-unsplash.jpg	turbo	420	85	model_proj	44.110	84.701	0.6504	ImageMagick	85.0
people	alexander-aguero-EnppVuXbcCE-unsplash.jpg	turbo	420	90	identity_off	45.227	88.279	0.5368	ImageMagick	90.0
people	alexander-aguero-EnppVuXbcCE-unsplash.jpg	turbo	420	90	identity_auto	45.098	87.986	0.5608	ImageMagick	90.0
people	alexander-aguero-EnppVuXbcCE-unsplash.jpg	turbo	420	90	model_off	45.446	88.341	0.5266	ImageMagick	90.0
people	alexander-aguero-EnppVuXbcCE-unsplash.jpg	turbo	420	90	model_auto	45.143	87.987	0.5588	ImageMagick	90.0
people	alexander-aguero-EnppVuXbcCE-unsplash.jpg	turbo	420	90	model_policy	45.449	88.319	0.5261	ImageMagick	90.0
people	alexander-aguero-EnppVuXbcCE-unsplash.jpg	turbo	420	90	model_proj	45.451	88.368	0.5257	ImageMagick	90.0
people	alexander-aguero-EnppVuXbcCE-unsplash.jpg	turbo	420	93	identity_off	46.524	90.296	0.4446	ImageMagick	93.0
people	alexander-aguero-EnppVuXbcCE-unsplash.jpg	turbo	420	93	identity_auto	46.230	89.806	0.4807	ImageMagick	93.0
people	alexander-aguero-EnppVuXbcCE-unsplash.jpg	turbo	420	93	model_off	46.664	90.310	0.4388	ImageMagick	93.0
people	alexander-aguero-EnppVuXbcCE-unsplash.jpg	turbo	420	93	model_auto	46.258	89.841	0.4798	ImageMagick	93.0
people	alexander-aguero-EnppVuXbcCE-unsplash.jpg	turbo	420	93	model_policy	46.673	90.310	0.4384	ImageMagick	93.0
people	alexander-aguero-EnppVuXbcCE-unsplash.jpg	turbo	420	93	model_proj	46.676	90.359	0.4379	ImageMagick	93.0
people	alexander-aguero-EnppVuXbcCE-unsplash.jpg	turbo	420	96	identity_off	48.622	92.861	0.3322	ImageMagick	96.0
people	alexander-aguero-EnppVuXbcCE-unsplash.jpg	turbo	420	96	identity_auto	48.622	92.861	0.3322	ImageMagick	96.0
people	alexander-aguero-EnppVuXbcCE-unsplash.jpg	turbo	420	96	model_off	48.680	92.836	0.3290	ImageMagick	96.0
people	alexander-aguero-EnppVuXbcCE-unsplash.jpg	turbo	420	96	model_auto	48.660	92.904	0.3308	ImageMagick	96.0
people	alexander-aguero-EnppVuXbcCE-unsplash.jpg	turbo	420	96	model_policy	48.689	92.861	0.3282	ImageMagick	96.0
people	alexander-aguero-EnppVuXbcCE-unsplash.jpg	turbo	420	96	model_proj	48.697	92.872	0.3273	ImageMagick	96.0
people	alexander-aguero-EnppVuXbcCE-unsplash.jpg	turbo	444	85	identity_off	44.353	86.554	0.6605	ImageMagick	85.0
people	alexander-aguero-EnppVuXbcCE-unsplash.jpg	turbo	444	85	identity_auto	44.098	84.917	0.6962	ImageMagick	85.0
people	alexander-aguero-EnppVuXbcCE-unsplash.jpg	turbo	444	85	model_off	44.832	86.831	0.6335	ImageMagick	85.0
people	alexander-aguero-EnppVuXbcCE-unsplash.jpg	turbo	444	85	model_auto	44.150	84.931	0.6937	ImageMagick	85.0
people	alexander-aguero-EnppVuXbcCE-unsplash.jpg	turbo	444	85	model_policy	44.831	86.834	0.6337	ImageMagick	85.0
people	alexander-aguero-EnppVuXbcCE-unsplash.jpg	turbo	444	85	model_proj	44.758	86.697	0.6370	ImageMagick	85.0
people	alexander-aguero-EnppVuXbcCE-unsplash.jpg	turbo	444	90	identity_off	46.125	90.398	0.5202	ImageMagick	90.0
people	alexander-aguero-EnppVuXbcCE-unsplash.jpg	turbo	444	90	identity_auto	45.962	90.048	0.5446	ImageMagick	90.0
people	alexander-aguero-EnppVuXbcCE-unsplash.jpg	turbo	444	90	model_off	46.346	90.398	0.5099	ImageMagick	90.0
people	alexander-aguero-EnppVuXbcCE-unsplash.jpg	turbo	444	90	model_auto	46.009	90.040	0.5429	ImageMagick	90.0
people	alexander-aguero-EnppVuXbcCE-unsplash.jpg	turbo	444	90	model_policy	46.356	90.420	0.5094	ImageMagick	90.0
people	alexander-aguero-EnppVuXbcCE-unsplash.jpg	turbo	444	90	model_proj	46.068	89.690	0.5247	ImageMagick	90.0
people	alexander-aguero-EnppVuXbcCE-unsplash.jpg	turbo	444	93	identity_off	47.592	92.163	0.4274	ImageMagick	93.0
people	alexander-aguero-EnppVuXbcCE-unsplash.jpg	turbo	444	93	identity_auto	47.201	91.641	0.4647	ImageMagick	93.0
people	alexander-aguero-EnppVuXbcCE-unsplash.jpg	turbo	444	93	model_off	47.727	92.149	0.4222	ImageMagick	93.0
people	alexander-aguero-EnppVuXbcCE-unsplash.jpg	turbo	444	93	model_auto	47.227	91.636	0.4638	ImageMagick	93.0
people	alexander-aguero-EnppVuXbcCE-unsplash.jpg	turbo	444	93	model_policy	47.739	92.174	0.4215	ImageMagick	93.0
people	alexander-aguero-EnppVuXbcCE-unsplash.jpg	turbo	444	93	model_proj	46.905	90.440	0.4702	ImageMagick	93.0
people	alexander-aguero-EnppVuXbcCE-unsplash.jpg	turbo	444	96	identity_off	49.934	94.214	0.3161	ImageMagick	96.0
people	alexander-aguero-EnppVuXbcCE-unsplash.jpg	turbo	444	96	identity_auto	49.934	94.214	0.3161	ImageMagick	96.0
people	alexander-aguero-EnppVuXbcCE-unsplash.jpg	turbo	444	96	model_off	49.958	94.172	0.3130	ImageMagick	96.0
people	alexander-aguero-EnppVuXbcCE-unsplash.jpg	turbo	444	96	model_auto	49.963	94.212	0.3147	ImageMagick	96.0
people	alexander-aguero-EnppVuXbcCE-unsplash.jpg	turbo	444	96	model_policy	49.965	94.166	0.3122	ImageMagick	96.0
people	alexander-aguero-EnppVuXbcCE-unsplash.jpg	turbo	444	96	model_proj	47.731	90.843	0.4456	ImageMagick	96.0
people	alexander-aguero-EnppVuXbcCE-unsplash.jpg	mozjpeg	420	85	identity_off	42.616	81.577	0.7881	Mozjpeg	85.0
people	alexander-aguero-EnppVuXbcCE-unsplash.jpg	mozjpeg	420	85	identity_auto	42.456	80.129	0.8179	Mozjpeg	85.0
people	alexander-aguero-EnppVuXbcCE-unsplash.jpg	mozjpeg	420	85	model_off	42.984	81.886	0.7617	Mozjpeg	85.0
people	alexander-aguero-EnppVuXbcCE-unsplash.jpg	mozjpeg	420	85	model_auto	42.555	80.214	0.8111	Mozjpeg	85.0
people	alexander-aguero-EnppVuXbcCE-unsplash.jpg	mozjpeg	420	85	model_policy	42.987	81.893	0.7613	Mozjpeg	85.0
people	alexander-aguero-EnppVuXbcCE-unsplash.jpg	mozjpeg	420	85	model_proj	42.987	81.881	0.7613	Mozjpeg	85.0
people	alexander-aguero-EnppVuXbcCE-unsplash.jpg	mozjpeg	420	90	identity_off	44.455	87.147	0.6124	Mozjpeg	90.0
people	alexander-aguero-EnppVuXbcCE-unsplash.jpg	mozjpeg	420	90	identity_auto	44.372	86.871	0.6316	Mozjpeg	90.0
people	alexander-aguero-EnppVuXbcCE-unsplash.jpg	mozjpeg	420	90	model_off	44.744	87.168	0.5961	Mozjpeg	90.0
people	alexander-aguero-EnppVuXbcCE-unsplash.jpg	mozjpeg	420	90	model_auto	44.486	86.891	0.6244	Mozjpeg	90.0
people	alexander-aguero-EnppVuXbcCE-unsplash.jpg	mozjpeg	420	90	model_policy	44.753	87.188	0.5952	Mozjpeg	90.0
people	alexander-aguero-EnppVuXbcCE-unsplash.jpg	mozjpeg	420	90	model_proj	44.754	87.207	0.5952	Mozjpeg	90.0
people	alexander-aguero-EnppVuXbcCE-unsplash.jpg	mozjpeg	420	93	identity_off	46.051	89.767	0.4939	Mozjpeg	93.0
people	alexander-aguero-EnppVuXbcCE-unsplash.jpg	mozjpeg	420	93	identity_auto	45.816	89.339	0.5248	Mozjpeg	93.0
people	alexander-aguero-EnppVuXbcCE-unsplash.jpg	mozjpeg	420	93	model_off	46.224	89.763	0.4867	Mozjpeg	93.0
people	alexander-aguero-EnppVuXbcCE-unsplash.jpg	mozjpeg	420	93	model_auto	45.868	89.328	0.5223	Mozjpeg	93.0
people	alexander-aguero-EnppVuXbcCE-unsplash.jpg	mozjpeg	420	93	model_policy	46.234	89.754	0.4862	Mozjpeg	93.0
people	alexander-aguero-EnppVuXbcCE-unsplash.jpg	mozjpeg	420	93	model_proj	46.235	89.746	0.4860	Mozjpeg	93.0
people	alexander-aguero-EnppVuXbcCE-unsplash.jpg	mozjpeg	420	96	identity_off	48.547	92.852	0.3539	Mozjpeg	96.0
people	alexander-aguero-EnppVuXbcCE-unsplash.jpg	mozjpeg	420	96	identity_auto	48.547	92.852	0.3539	Mozjpeg	96.0
people	alexander-aguero-EnppVuXbcCE-unsplash.jpg	mozjpeg	420	96	model_off	48.565	92.776	0.3527	Mozjpeg	96.0
people	alexander-aguero-EnppVuXbcCE-unsplash.jpg	mozjpeg	420	96	model_auto	48.578	92.809	0.3530	Mozjpeg	96.0
people	alexander-aguero-EnppVuXbcCE-unsplash.jpg	mozjpeg	420	96	model_policy	48.570	92.762	0.3523	Mozjpeg	96.0
people	alexander-aguero-EnppVuXbcCE-unsplash.jpg	mozjpeg	420	96	model_proj	48.575	92.757	0.3519	Mozjpeg	96.0
people	alexander-aguero-EnppVuXbcCE-unsplash.jpg	mozjpeg	444	85	identity_off	43.117	83.740	0.7750	Mozjpeg	85.0
people	alexander-aguero-EnppVuXbcCE-unsplash.jpg	mozjpeg	444	85	identity_auto	42.961	82.166	0.8028	Mozjpeg	85.0
people	alexander-aguero-EnppVuXbcCE-unsplash.jpg	mozjpeg	444	85	model_off	43.454	83.864	0.7487	Mozjpeg	85.0
people	alexander-aguero-EnppVuXbcCE-unsplash.jpg	mozjpeg	444	85	model_auto	43.043	82.189	0.7970	Mozjpeg	85.0
people	alexander-aguero-EnppVuXbcCE-unsplash.jpg	mozjpeg	444	85	model_policy	43.465	83.848	0.7480	Mozjpeg	85.0
people	alexander-aguero-EnppVuXbcCE-unsplash.jpg	mozjpeg	444	85	model_proj	43.451	83.901	0.7490	Mozjpeg	85.0
people	alexander-aguero-EnppVuXbcCE-unsplash.jpg	mozjpeg	444	90	identity_off	45.015	88.784	0.6015	Mozjpeg	90.0
people	alexander-aguero-EnppVuXbcCE-unsplash.jpg	mozjpeg	444	90	identity_auto	44.913	88.493	0.6201	Mozjpeg	90.0
people	alexander-aguero-EnppVuXbcCE-unsplash.jpg	mozjpeg	444	90	model_off	45.251	88.661	0.5859	Mozjpeg	90.0
people	alexander-aguero-EnppVuXbcCE-unsplash.jpg	mozjpeg	444	90	model_auto	45.013	88.399	0.6134	Mozjpeg	90.0
people	alexander-aguero-EnppVuXbcCE-unsplash.jpg	mozjpeg	444	90	model_policy	45.266	88.696	0.5850	Mozjpeg	90.0
people	alexander-aguero-EnppVuXbcCE-unsplash.jpg	mozjpeg	444	90	model_proj	45.124	88.319	0.5921	Mozjpeg	90.0
people	alexander-aguero-EnppVuXbcCE-unsplash.jpg	mozjpeg	444	93	identity_off	46.797	91.339	0.4827	Mozjpeg	93.0
people	alexander-aguero-EnppVuXbcCE-unsplash.jpg	mozjpeg	444	93	identity_auto	46.502	90.849	0.5135	Mozjpeg	93.0
people	alexander-aguero-EnppVuXbcCE-unsplash.jpg	mozjpeg	444	93	model_off	46.887	91.117	0.4759	Mozjpeg	93.0
people	alexander-aguero-EnppVuXbcCE-unsplash.jpg	mozjpeg	444	93	model_auto	46.534	90.758	0.5109	Mozjpeg	93.0
people	alexander-aguero-EnppVuXbcCE-unsplash.jpg	mozjpeg	444	93	model_policy	46.900	91.124	0.4755	Mozjpeg	93.0
people	alexander-aguero-EnppVuXbcCE-unsplash.jpg	mozjpeg	444	93	model_proj	46.372	90.143	0.5023	Mozjpeg	93.0
people	alexander-aguero-EnppVuXbcCE-unsplash.jpg	mozjpeg	444	96	identity_off	49.337	93.750	0.3437	Mozjpeg	96.0
people	alexander-aguero-EnppVuXbcCE-unsplash.jpg	mozjpeg	444	96	identity_auto	49.337	93.750	0.3437	Mozjpeg	96.0
people	alexander-aguero-EnppVuXbcCE-unsplash.jpg	mozjpeg	444	96	model_off	49.284	93.538	0.3434	Mozjpeg	96.0
people	alexander-aguero-EnppVuXbcCE-unsplash.jpg	mozjpeg	444	96	model_auto	49.337	93.666	0.3429	Mozjpeg	96.0
people	alexander-aguero-EnppVuXbcCE-unsplash.jpg	mozjpeg	444	96	model_policy	49.291	93.568	0.3431	Mozjpeg	96.0
people	alexander-aguero-EnppVuXbcCE-unsplash.jpg	mozjpeg	444	96	model_proj	47.498	90.959	0.4421	Mozjpeg	96.0
people	alexander-aguero-EnppVuXbcCE-unsplash.jpg	jpegli	420	85	identity_off	41.625	80.054	0.9116	CjpegliYcbcr	1.8
people	alexander-aguero-EnppVuXbcCE-unsplash.jpg	jpegli	420	85	identity_auto	41.815	79.639	0.8909	CjpegliYcbcr	1.8
people	alexander-aguero-EnppVuXbcCE-unsplash.jpg	jpegli	420	85	model_off	41.983	80.338	0.8818	CjpegliYcbcr	1.8
people	alexander-aguero-EnppVuXbcCE-unsplash.jpg	jpegli	420	85	model_auto	41.899	79.651	0.8883	CjpegliYcbcr	1.8
people	alexander-aguero-EnppVuXbcCE-unsplash.jpg	jpegli	420	85	model_policy	41.985	80.353	0.8819	CjpegliYcbcr	1.8
people	alexander-aguero-EnppVuXbcCE-unsplash.jpg	jpegli	420	85	model_proj	41.986	80.377	0.8819	CjpegliYcbcr	1.8
people	alexander-aguero-EnppVuXbcCE-unsplash.jpg	jpegli	420	90	identity_off	43.474	84.453	0.6998	CjpegliYcbcr	1.3
people	alexander-aguero-EnppVuXbcCE-unsplash.jpg	jpegli	420	90	identity_auto	43.458	84.336	0.7160	CjpegliYcbcr	1.3
people	alexander-aguero-EnppVuXbcCE-unsplash.jpg	jpegli	420	90	model_off	43.727	84.605	0.6838	CjpegliYcbcr	1.3
people	alexander-aguero-EnppVuXbcCE-unsplash.jpg	jpegli	420	90	model_auto	43.553	84.370	0.7099	CjpegliYcbcr	1.3
people	alexander-aguero-EnppVuXbcCE-unsplash.jpg	jpegli	420	90	model_policy	43.735	84.587	0.6832	CjpegliYcbcr	1.3
people	alexander-aguero-EnppVuXbcCE-unsplash.jpg	jpegli	420	90	model_proj	43.735	84.597	0.6832	CjpegliYcbcr	1.3
people	alexander-aguero-EnppVuXbcCE-unsplash.jpg	jpegli	420	93	identity_off	45.220	87.804	0.5420	CjpegliYcbcr	1.0
people	alexander-aguero-EnppVuXbcCE-unsplash.jpg	jpegli	420	93	identity_auto	45.056	87.493	0.5702	CjpegliYcbcr	1.0
people	alexander-aguero-EnppVuXbcCE-unsplash.jpg	jpegli	420	93	model_off	45.373	87.810	0.5347	CjpegliYcbcr	1.0
people	alexander-aguero-EnppVuXbcCE-unsplash.jpg	jpegli	420	93	model_auto	45.104	87.492	0.5681	CjpegliYcbcr	1.0
people	alexander-aguero-EnppVuXbcCE-unsplash.jpg	jpegli	420	93	model_policy	45.382	87.814	0.5341	CjpegliYcbcr	1.0
people	alexander-aguero-EnppVuXbcCE-unsplash.jpg	jpegli	420	93	model_proj	45.384	87.885	0.5337	CjpegliYcbcr	1.0
people	alexander-aguero-EnppVuXbcCE-unsplash.jpg	jpegli	420	96	identity_off	47.471	90.695	0.3981	CjpegliYcbcr	0.5
people	alexander-aguero-EnppVuXbcCE-unsplash.jpg	jpegli	420	96	identity_auto	47.471	90.695	0.3981	CjpegliYcbcr	0.5
people	alexander-aguero-EnppVuXbcCE-unsplash.jpg	jpegli	420	96	model_off	47.515	90.686	0.3961	CjpegliYcbcr	0.5
people	alexander-aguero-EnppVuXbcCE-unsplash.jpg	jpegli	420	96	model_auto	47.511	90.705	0.3968	CjpegliYcbcr	0.5
people	alexander-aguero-EnppVuXbcCE-unsplash.jpg	jpegli	420	96	model_policy	47.525	90.708	0.3955	CjpegliYcbcr	0.5
people	alexander-aguero-EnppVuXbcCE-unsplash.jpg	jpegli	420	96	model_proj	47.533	90.804	0.3943	CjpegliYcbcr	0.5
people	alexander-aguero-EnppVuXbcCE-unsplash.jpg	jpegli	444	85	identity_off	42.478	82.652	0.7980	CjpegliYcbcr	1.4
people	alexander-aguero-EnppVuXbcCE-unsplash.jpg	jpegli	444	85	identity_auto	42.555	82.697	0.8035	CjpegliYcbcr	1.4
people	alexander-aguero-EnppVuXbcCE-unsplash.jpg	jpegli	444	85	model_off	42.873	82.934	0.7728	CjpegliYcbcr	1.4
people	alexander-aguero-EnppVuXbcCE-unsplash.jpg	jpegli	444	85	model_auto	42.766	82.848	0.7911	CjpegliYcbcr	1.4
people	alexander-aguero-EnppVuXbcCE-unsplash.jpg	jpegli	444	85	model_policy	42.878	82.957	0.7725	CjpegliYcbcr	1.4
people	alexander-aguero-EnppVuXbcCE-unsplash.jpg	jpegli	444	85	model_proj	42.903	83.032	0.7716	CjpegliYcbcr	1.4
people	alexander-aguero-EnppVuXbcCE-unsplash.jpg	jpegli	444	90	identity_off	44.423	86.062	0.6069	CjpegliYcbcr	1.1
people	alexander-aguero-EnppVuXbcCE-unsplash.jpg	jpegli	444	90	identity_auto	44.408	86.005	0.6250	CjpegliYcbcr	1.1
people	alexander-aguero-EnppVuXbcCE-unsplash.jpg	jpegli	444	90	model_off	44.703	86.298	0.5943	CjpegliYcbcr	1.1
people	alexander-aguero-EnppVuXbcCE-unsplash.jpg	jpegli	444	90	model_auto	44.505	86.053	0.6209	CjpegliYcbcr	1.1
people	alexander-aguero-EnppVuXbcCE-unsplash.jpg	jpegli	444	90	model_policy	44.713	86.317	0.5936	CjpegliYcbcr	1.1
people	alexander-aguero-EnppVuXbcCE-unsplash.jpg	jpegli	444	90	model_proj	44.771	86.666	0.5906	CjpegliYcbcr	1.1
people	alexander-aguero-EnppVuXbcCE-unsplash.jpg	jpegli	444	93	identity_off	45.924	88.671	0.4808	CjpegliYcbcr	0.7
people	alexander-aguero-EnppVuXbcCE-unsplash.jpg	jpegli	444	93	identity_auto	45.855	88.433	0.5130	CjpegliYcbcr	0.7
people	alexander-aguero-EnppVuXbcCE-unsplash.jpg	jpegli	444	93	model_off	46.102	88.711	0.4739	CjpegliYcbcr	0.7
people	alexander-aguero-EnppVuXbcCE-unsplash.jpg	jpegli	444	93	model_auto	45.906	88.396	0.5113	CjpegliYcbcr	0.7
people	alexander-aguero-EnppVuXbcCE-unsplash.jpg	jpegli	444	93	model_policy	46.112	88.730	0.4735	CjpegliYcbcr	0.7
people	alexander-aguero-EnppVuXbcCE-unsplash.jpg	jpegli	444	93	model_proj	46.113	88.828	0.4737	CjpegliYcbcr	0.7
people	alexander-aguero-EnppVuXbcCE-unsplash.jpg	jpegli	444	96	identity_off	48.547	91.184	0.3427	CjpegliYcbcr	0.3
people	alexander-aguero-EnppVuXbcCE-unsplash.jpg	jpegli	444	96	identity_auto	48.547	91.184	0.3427	CjpegliYcbcr	0.3
people	alexander-aguero-EnppVuXbcCE-unsplash.jpg	jpegli	444	96	model_off	48.586	91.180	0.3418	CjpegliYcbcr	0.3
people	alexander-aguero-EnppVuXbcCE-unsplash.jpg	jpegli	444	96	model_auto	48.608	91.217	0.3414	CjpegliYcbcr	0.3
people	alexander-aguero-EnppVuXbcCE-unsplash.jpg	jpegli	444	96	model_policy	48.596	91.208	0.3413	CjpegliYcbcr	0.3
people	alexander-aguero-EnppVuXbcCE-unsplash.jpg	jpegli	444	96	model_proj	48.115	91.678	0.3555	CjpegliYcbcr	0.3
people	alexander-aguero-EnppVuXbcCE-unsplash.jpg	zenjpeg	420	85	identity_off	41.640	79.890	0.9136	CjpegliYcbcr	1.8
people	alexander-aguero-EnppVuXbcCE-unsplash.jpg	zenjpeg	420	85	identity_auto	41.827	79.444	0.8928	CjpegliYcbcr	1.8
people	alexander-aguero-EnppVuXbcCE-unsplash.jpg	zenjpeg	420	85	model_off	41.995	80.175	0.8840	CjpegliYcbcr	1.8
people	alexander-aguero-EnppVuXbcCE-unsplash.jpg	zenjpeg	420	85	model_auto	41.909	79.450	0.8906	CjpegliYcbcr	1.8
people	alexander-aguero-EnppVuXbcCE-unsplash.jpg	zenjpeg	420	85	model_policy	41.998	80.207	0.8837	CjpegliYcbcr	1.8
people	alexander-aguero-EnppVuXbcCE-unsplash.jpg	zenjpeg	420	85	model_proj	41.998	80.201	0.8837	CjpegliYcbcr	1.8
people	alexander-aguero-EnppVuXbcCE-unsplash.jpg	zenjpeg	420	90	identity_off	43.459	84.386	0.6997	CjpegliYcbcr	1.3
people	alexander-aguero-EnppVuXbcCE-unsplash.jpg	zenjpeg	420	90	identity_auto	43.444	84.199	0.7155	CjpegliYcbcr	1.3
people	alexander-aguero-EnppVuXbcCE-unsplash.jpg	zenjpeg	420	90	model_off	43.709	84.472	0.6833	CjpegliYcbcr	1.3
people	alexander-aguero-EnppVuXbcCE-unsplash.jpg	zenjpeg	420	90	model_auto	43.538	84.204	0.7093	CjpegliYcbcr	1.3
people	alexander-aguero-EnppVuXbcCE-unsplash.jpg	zenjpeg	420	90	model_policy	43.716	84.480	0.6829	CjpegliYcbcr	1.3
people	alexander-aguero-EnppVuXbcCE-unsplash.jpg	zenjpeg	420	90	model_proj	43.716	84.463	0.6829	CjpegliYcbcr	1.3
people	alexander-aguero-EnppVuXbcCE-unsplash.jpg	zenjpeg	420	93	identity_off	45.249	87.918	0.5405	CjpegliYcbcr	1.0
people	alexander-aguero-EnppVuXbcCE-unsplash.jpg	zenjpeg	420	93	identity_auto	45.090	87.566	0.5678	CjpegliYcbcr	1.0
people	alexander-aguero-EnppVuXbcCE-unsplash.jpg	zenjpeg	420	93	model_off	45.401	87.919	0.5328	CjpegliYcbcr	1.0
people	alexander-aguero-EnppVuXbcCE-unsplash.jpg	zenjpeg	420	93	model_auto	45.137	87.575	0.5656	CjpegliYcbcr	1.0
people	alexander-aguero-EnppVuXbcCE-unsplash.jpg	zenjpeg	420	93	model_policy	45.408	87.939	0.5323	CjpegliYcbcr	1.0
people	alexander-aguero-EnppVuXbcCE-unsplash.jpg	zenjpeg	420	93	model_proj	45.409	87.957	0.5321	CjpegliYcbcr	1.0
people	alexander-aguero-EnppVuXbcCE-unsplash.jpg	zenjpeg	420	96	identity_off	47.539	91.228	0.3929	CjpegliYcbcr	0.5
people	alexander-aguero-EnppVuXbcCE-unsplash.jpg	zenjpeg	420	96	identity_auto	47.539	91.228	0.3929	CjpegliYcbcr	0.5
people	alexander-aguero-EnppVuXbcCE-unsplash.jpg	zenjpeg	420	96	model_off	47.590	91.162	0.3905	CjpegliYcbcr	0.5
people	alexander-aguero-EnppVuXbcCE-unsplash.jpg	zenjpeg	420	96	model_auto	47.581	91.246	0.3914	CjpegliYcbcr	0.5
people	alexander-aguero-EnppVuXbcCE-unsplash.jpg	zenjpeg	420	96	model_policy	47.597	91.199	0.3901	CjpegliYcbcr	0.5
people	alexander-aguero-EnppVuXbcCE-unsplash.jpg	zenjpeg	420	96	model_proj	47.596	91.225	0.3899	CjpegliYcbcr	0.5
people	alexander-aguero-EnppVuXbcCE-unsplash.jpg	zenjpeg	444	85	identity_off	42.542	82.922	0.7985	CjpegliYcbcr	1.4
people	alexander-aguero-EnppVuXbcCE-unsplash.jpg	zenjpeg	444	85	identity_auto	42.597	82.909	0.8031	CjpegliYcbcr	1.4
people	alexander-aguero-EnppVuXbcCE-unsplash.jpg	zenjpeg	444	85	model_off	42.922	83.178	0.7732	CjpegliYcbcr	1.4
people	alexander-aguero-EnppVuXbcCE-unsplash.jpg	zenjpeg	444	85	model_auto	42.800	83.014	0.7909	CjpegliYcbcr	1.4
people	alexander-aguero-EnppVuXbcCE-unsplash.jpg	zenjpeg	444	85	model_policy	42.926	83.168	0.7731	CjpegliYcbcr	1.4
people	alexander-aguero-EnppVuXbcCE-unsplash.jpg	zenjpeg	444	85	model_proj	42.944	83.262	0.7725	CjpegliYcbcr	1.4
people	alexander-aguero-EnppVuXbcCE-unsplash.jpg	zenjpeg	444	90	identity_off	44.425	86.395	0.6083	CjpegliYcbcr	1.1
people	alexander-aguero-EnppVuXbcCE-unsplash.jpg	zenjpeg	444	90	identity_auto	44.395	86.274	0.6250	CjpegliYcbcr	1.1
people	alexander-aguero-EnppVuXbcCE-unsplash.jpg	zenjpeg	444	90	model_off	44.699	86.594	0.5953	CjpegliYcbcr	1.1
people	alexander-aguero-EnppVuXbcCE-unsplash.jpg	zenjpeg	444	90	model_auto	44.490	86.349	0.6207	CjpegliYcbcr	1.1
people	alexander-aguero-EnppVuXbcCE-unsplash.jpg	zenjpeg	444	90	model_policy	44.708	86.587	0.5946	CjpegliYcbcr	1.1
people	alexander-aguero-EnppVuXbcCE-unsplash.jpg	zenjpeg	444	90	model_proj	44.744	86.893	0.5936	CjpegliYcbcr	1.1
people	alexander-aguero-EnppVuXbcCE-unsplash.jpg	zenjpeg	444	93	identity_off	45.939	88.798	0.4881	CjpegliYcbcr	0.7
people	alexander-aguero-EnppVuXbcCE-unsplash.jpg	zenjpeg	444	93	identity_auto	45.839	88.518	0.5168	CjpegliYcbcr	0.7
people	alexander-aguero-EnppVuXbcCE-unsplash.jpg	zenjpeg	444	93	model_off	46.112	88.878	0.4808	CjpegliYcbcr	0.7
people	alexander-aguero-EnppVuXbcCE-unsplash.jpg	zenjpeg	444	93	model_auto	45.887	88.535	0.5152	CjpegliYcbcr	0.7
people	alexander-aguero-EnppVuXbcCE-unsplash.jpg	zenjpeg	444	93	model_policy	46.122	88.873	0.4805	CjpegliYcbcr	0.7
people	alexander-aguero-EnppVuXbcCE-unsplash.jpg	zenjpeg	444	93	model_proj	46.092	88.885	0.4832	CjpegliYcbcr	0.7
people	alexander-aguero-EnppVuXbcCE-unsplash.jpg	zenjpeg	444	96	identity_off	48.673	92.035	0.3325	CjpegliYcbcr	0.3
people	alexander-aguero-EnppVuXbcCE-unsplash.jpg	zenjpeg	444	96	identity_auto	48.673	92.035	0.3325	CjpegliYcbcr	0.3
people	alexander-aguero-EnppVuXbcCE-unsplash.jpg	zenjpeg	444	96	model_off	48.711	92.012	0.3314	CjpegliYcbcr	0.3
people	alexander-aguero-EnppVuXbcCE-unsplash.jpg	zenjpeg	444	96	model_auto	48.726	92.039	0.3313	CjpegliYcbcr	0.3
people	alexander-aguero-EnppVuXbcCE-unsplash.jpg	zenjpeg	444	96	model_policy	48.719	92.013	0.3310	CjpegliYcbcr	0.3
people	alexander-aguero-EnppVuXbcCE-unsplash.jpg	zenjpeg	444	96	model_proj	48.083	91.309	0.3686	CjpegliYcbcr	0.3
people	anastasia-pivnenko-PRNG6R1nSpQ-unsplash.jpg	turbo	420	85	identity_off	36.275	84.521	0.7436	ImageMagick	85.0
people	anastasia-pivnenko-PRNG6R1nSpQ-unsplash.jpg	turbo	420	85	identity_auto	36.554	83.807	0.7345	ImageMagick	85.0
people	anastasia-pivnenko-PRNG6R1nSpQ-unsplash.jpg	turbo	420	85	model_off	36.463	84.601	0.7344	ImageMagick	85.0
people	anastasia-pivnenko-PRNG6R1nSpQ-unsplash.jpg	turbo	420	85	model_auto	36.671	83.852	0.7258	ImageMagick	85.0
people	anastasia-pivnenko-PRNG6R1nSpQ-unsplash.jpg	turbo	420	85	model_policy	36.511	84.610	0.7329	ImageMagick	85.0
people	anastasia-pivnenko-PRNG6R1nSpQ-unsplash.jpg	turbo	420	85	model_proj	36.516	84.768	0.7312	ImageMagick	85.0
people	anastasia-pivnenko-PRNG6R1nSpQ-unsplash.jpg	turbo	420	90	identity_off	45.745	91.947	0.2126	ImageMagick	90.0
people	anastasia-pivnenko-PRNG6R1nSpQ-unsplash.jpg	turbo	420	90	identity_auto	44.651	91.361	0.3100	ImageMagick	90.0
people	anastasia-pivnenko-PRNG6R1nSpQ-unsplash.jpg	turbo	420	90	model_off	44.887	91.039	0.2507	ImageMagick	90.0
people	anastasia-pivnenko-PRNG6R1nSpQ-unsplash.jpg	turbo	420	90	model_auto	44.074	90.615	0.3231	ImageMagick	90.0
people	anastasia-pivnenko-PRNG6R1nSpQ-unsplash.jpg	turbo	420	90	model_policy	44.803	91.117	0.2521	ImageMagick	90.0
people	anastasia-pivnenko-PRNG6R1nSpQ-unsplash.jpg	turbo	420	90	model_proj	44.804	91.158	0.2517	ImageMagick	90.0
people	anastasia-pivnenko-PRNG6R1nSpQ-unsplash.jpg	turbo	420	93	identity_off	39.386	89.644	0.4939	ImageMagick	93.0
people	anastasia-pivnenko-PRNG6R1nSpQ-unsplash.jpg	turbo	420	93	identity_auto	39.490	89.683	0.4929	ImageMagick	93.0
people	anastasia-pivnenko-PRNG6R1nSpQ-unsplash.jpg	turbo	420	93	model_off	39.466	89.454	0.4899	ImageMagick	93.0
people	anastasia-pivnenko-PRNG6R1nSpQ-unsplash.jpg	turbo	420	93	model_auto	39.518	89.281	0.4901	ImageMagick	93.0
people	anastasia-pivnenko-PRNG6R1nSpQ-unsplash.jpg	turbo	420	93	model_policy	39.522	89.540	0.4885	ImageMagick	93.0
people	anastasia-pivnenko-PRNG6R1nSpQ-unsplash.jpg	turbo	420	93	model_proj	39.524	89.565	0.4881	ImageMagick	93.0
people	anastasia-pivnenko-PRNG6R1nSpQ-unsplash.jpg	turbo	420	96	identity_off	46.392	93.234	0.2093	ImageMagick	96.0
people	anastasia-pivnenko-PRNG6R1nSpQ-unsplash.jpg	turbo	420	96	identity_auto	46.392	93.234	0.2093	ImageMagick	96.0
people	anastasia-pivnenko-PRNG6R1nSpQ-unsplash.jpg	turbo	420	96	model_off	46.008	92.276	0.2319	ImageMagick	96.0
people	anastasia-pivnenko-PRNG6R1nSpQ-unsplash.jpg	turbo	420	96	model_auto	45.981	92.256	0.2332	ImageMagick	96.0
people	anastasia-pivnenko-PRNG6R1nSpQ-unsplash.jpg	turbo	420	96	model_policy	46.059	92.424	0.2284	ImageMagick	96.0
people	anastasia-pivnenko-PRNG6R1nSpQ-unsplash.jpg	turbo	420	96	model_proj	46.111	92.659	0.2201	ImageMagick	96.0
people	anastasia-pivnenko-PRNG6R1nSpQ-unsplash.jpg	turbo	444	85	identity_off	36.355	85.468	0.7401	ImageMagick	85.0
people	anastasia-pivnenko-PRNG6R1nSpQ-unsplash.jpg	turbo	444	85	identity_auto	36.661	84.724	0.7306	ImageMagick	85.0
people	anastasia-pivnenko-PRNG6R1nSpQ-unsplash.jpg	turbo	444	85	model_off	36.542	85.391	0.7313	ImageMagick	85.0
people	anastasia-pivnenko-PRNG6R1nSpQ-unsplash.jpg	turbo	444	85	model_auto	36.777	84.683	0.7221	ImageMagick	85.0
people	anastasia-pivnenko-PRNG6R1nSpQ-unsplash.jpg	turbo	444	85	model_policy	36.588	85.488	0.7299	ImageMagick	85.0
people	anastasia-pivnenko-PRNG6R1nSpQ-unsplash.jpg	turbo	444	85	model_proj	36.599	85.655	0.7288	ImageMagick	85.0
people	anastasia-pivnenko-PRNG6R1nSpQ-unsplash.jpg	turbo	444	90	identity_off	44.983	92.186	0.2154	ImageMagick	90.0
people	anastasia-pivnenko-PRNG6R1nSpQ-unsplash.jpg	turbo	444	90	identity_auto	44.099	91.807	0.3113	ImageMagick	90.0
people	anastasia-pivnenko-PRNG6R1nSpQ-unsplash.jpg	turbo	444	90	model_off	44.285	91.437	0.2508	ImageMagick	90.0
people	anastasia-pivnenko-PRNG6R1nSpQ-unsplash.jpg	turbo	444	90	model_auto	43.604	91.013	0.3224	ImageMagick	90.0
people	anastasia-pivnenko-PRNG6R1nSpQ-unsplash.jpg	turbo	444	90	model_policy	44.219	91.455	0.2525	ImageMagick	90.0
people	anastasia-pivnenko-PRNG6R1nSpQ-unsplash.jpg	turbo	444	90	model_proj	43.960	90.913	0.2799	ImageMagick	90.0
people	anastasia-pivnenko-PRNG6R1nSpQ-unsplash.jpg	turbo	444	93	identity_off	39.446	90.521	0.4929	ImageMagick	93.0
people	anastasia-pivnenko-PRNG6R1nSpQ-unsplash.jpg	turbo	444	93	identity_auto	39.562	90.482	0.4907	ImageMagick	93.0
people	anastasia-pivnenko-PRNG6R1nSpQ-unsplash.jpg	turbo	444	93	model_off	39.539	90.223	0.4889	ImageMagick	93.0
people	anastasia-pivnenko-PRNG6R1nSpQ-unsplash.jpg	turbo	444	93	model_auto	39.599	90.035	0.4877	ImageMagick	93.0
people	anastasia-pivnenko-PRNG6R1nSpQ-unsplash.jpg	turbo	444	93	model_policy	39.598	90.279	0.4875	ImageMagick	93.0
people	anastasia-pivnenko-PRNG6R1nSpQ-unsplash.jpg	turbo	444	93	model_proj	39.541	89.366	0.5227	ImageMagick	93.0
people	anastasia-pivnenko-PRNG6R1nSpQ-unsplash.jpg	turbo	444	96	identity_off	46.480	94.133	0.2067	ImageMagick	96.0
people	anastasia-pivnenko-PRNG6R1nSpQ-unsplash.jpg	turbo	444	96	identity_auto	46.480	94.133	0.2067	ImageMagick	96.0
people	anastasia-pivnenko-PRNG6R1nSpQ-unsplash.jpg	turbo	444	96	model_off	46.116	93.100	0.2262	ImageMagick	96.0
people	anastasia-pivnenko-PRNG6R1nSpQ-unsplash.jpg	turbo	444	96	model_auto	46.085	93.023	0.2271	ImageMagick	96.0
people	anastasia-pivnenko-PRNG6R1nSpQ-unsplash.jpg	turbo	444	96	model_policy	46.169	93.287	0.2228	ImageMagick	96.0
people	anastasia-pivnenko-PRNG6R1nSpQ-unsplash.jpg	turbo	444	96	model_proj	45.067	91.854	0.3566	ImageMagick	96.0
people	anastasia-pivnenko-PRNG6R1nSpQ-unsplash.jpg	mozjpeg	420	85	identity_off	30.046	69.889	1.4346	Mozjpeg	85.0
people	anastasia-pivnenko-PRNG6R1nSpQ-unsplash.jpg	mozjpeg	420	85	identity_auto	30.054	69.094	1.4601	Mozjpeg	85.0
people	anastasia-pivnenko-PRNG6R1nSpQ-unsplash.jpg	mozjpeg	420	85	model_off	30.076	69.854	1.4310	Mozjpeg	85.0
people	anastasia-pivnenko-PRNG6R1nSpQ-unsplash.jpg	mozjpeg	420	85	model_auto	30.063	68.989	1.4581	Mozjpeg	85.0
people	anastasia-pivnenko-PRNG6R1nSpQ-unsplash.jpg	mozjpeg	420	85	model_policy	30.078	69.850	1.4310	Mozjpeg	85.0
people	anastasia-pivnenko-PRNG6R1nSpQ-unsplash.jpg	mozjpeg	420	85	model_proj	30.078	69.862	1.4310	Mozjpeg	85.0
people	anastasia-pivnenko-PRNG6R1nSpQ-unsplash.jpg	mozjpeg	420	90	identity_off	33.570	79.556	0.9442	Mozjpeg	90.0
people	anastasia-pivnenko-PRNG6R1nSpQ-unsplash.jpg	mozjpeg	420	90	identity_auto	33.544	79.360	0.9715	Mozjpeg	90.0
people	anastasia-pivnenko-PRNG6R1nSpQ-unsplash.jpg	mozjpeg	420	90	model_off	33.570	79.460	0.9438	Mozjpeg	90.0
people	anastasia-pivnenko-PRNG6R1nSpQ-unsplash.jpg	mozjpeg	420	90	model_auto	33.540	79.262	0.9705	Mozjpeg	90.0
people	anastasia-pivnenko-PRNG6R1nSpQ-unsplash.jpg	mozjpeg	420	90	model_policy	33.574	79.465	0.9437	Mozjpeg	90.0
people	anastasia-pivnenko-PRNG6R1nSpQ-unsplash.jpg	mozjpeg	420	90	model_proj	33.574	79.496	0.9436	Mozjpeg	90.0
people	anastasia-pivnenko-PRNG6R1nSpQ-unsplash.jpg	mozjpeg	420	93	identity_off	34.797	81.882	0.8171	Mozjpeg	93.0
people	anastasia-pivnenko-PRNG6R1nSpQ-unsplash.jpg	mozjpeg	420	93	identity_auto	34.725	81.707	0.8528	Mozjpeg	93.0
people	anastasia-pivnenko-PRNG6R1nSpQ-unsplash.jpg	mozjpeg	420	93	model_off	34.762	81.783	0.8186	Mozjpeg	93.0
people	anastasia-pivnenko-PRNG6R1nSpQ-unsplash.jpg	mozjpeg	420	93	model_auto	34.699	81.605	0.8528	Mozjpeg	93.0
people	anastasia-pivnenko-PRNG6R1nSpQ-unsplash.jpg	mozjpeg	420	93	model_policy	34.764	81.783	0.8189	Mozjpeg	93.0
people	anastasia-pivnenko-PRNG6R1nSpQ-unsplash.jpg	mozjpeg	420	93	model_proj	34.764	81.802	0.8189	Mozjpeg	93.0
people	anastasia-pivnenko-PRNG6R1nSpQ-unsplash.jpg	mozjpeg	420	96	identity_off	43.393	90.997	0.3562	Mozjpeg	96.0
people	anastasia-pivnenko-PRNG6R1nSpQ-unsplash.jpg	mozjpeg	420	96	identity_auto	43.393	90.997	0.3562	Mozjpeg	96.0
people	anastasia-pivnenko-PRNG6R1nSpQ-unsplash.jpg	mozjpeg	420	96	model_off	43.146	90.712	0.3604	Mozjpeg	96.0
people	anastasia-pivnenko-PRNG6R1nSpQ-unsplash.jpg	mozjpeg	420	96	model_auto	43.171	90.567	0.3585	Mozjpeg	96.0
people	anastasia-pivnenko-PRNG6R1nSpQ-unsplash.jpg	mozjpeg	420	96	model_policy	43.154	90.706	0.3607	Mozjpeg	96.0
people	anastasia-pivnenko-PRNG6R1nSpQ-unsplash.jpg	mozjpeg	420	96	model_proj	43.160	90.773	0.3587	Mozjpeg	96.0
people	anastasia-pivnenko-PRNG6R1nSpQ-unsplash.jpg	mozjpeg	444	85	identity_off	30.044	70.279	1.4343	Mozjpeg	85.0
people	anastasia-pivnenko-PRNG6R1nSpQ-unsplash.jpg	mozjpeg	444	85	identity_auto	30.058	69.552	1.4597	Mozjpeg	85.0
people	anastasia-pivnenko-PRNG6R1nSpQ-unsplash.jpg	mozjpeg	444	85	model_off	30.075	70.290	1.4307	Mozjpeg	85.0
people	anastasia-pivnenko-PRNG6R1nSpQ-unsplash.jpg	mozjpeg	444	85	model_auto	30.068	69.500	1.4577	Mozjpeg	85.0
people	anastasia-pivnenko-PRNG6R1nSpQ-unsplash.jpg	mozjpeg	444	85	model_policy	30.079	70.272	1.4306	Mozjpeg	85.0
people	anastasia-pivnenko-PRNG6R1nSpQ-unsplash.jpg	mozjpeg	444	85	model_proj	30.079	70.329	1.4307	Mozjpeg	85.0
people	anastasia-pivnenko-PRNG6R1nSpQ-unsplash.jpg	mozjpeg	444	90	identity_off	33.584	80.054	0.9430	Mozjpeg	90.0
people	anastasia-pivnenko-PRNG6R1nSpQ-unsplash.jpg	mozjpeg	444	90	identity_auto	33.561	79.894	0.9701	Mozjpeg	90.0
people	anastasia-pivnenko-PRNG6R1nSpQ-unsplash.jpg	mozjpeg	444	90	model_off	33.585	79.967	0.9426	Mozjpeg	90.0
people	anastasia-pivnenko-PRNG6R1nSpQ-unsplash.jpg	mozjpeg	444	90	model_auto	33.558	79.826	0.9690	Mozjpeg	90.0
people	anastasia-pivnenko-PRNG6R1nSpQ-unsplash.jpg	mozjpeg	444	90	model_policy	33.590	79.994	0.9426	Mozjpeg	90.0
people	anastasia-pivnenko-PRNG6R1nSpQ-unsplash.jpg	mozjpeg	444	90	model_proj	33.587	79.794	0.9449	Mozjpeg	90.0
people	anastasia-pivnenko-PRNG6R1nSpQ-unsplash.jpg	mozjpeg	444	93	identity_off	34.798	82.343	0.8166	Mozjpeg	93.0
people	anastasia-pivnenko-PRNG6R1nSpQ-unsplash.jpg	mozjpeg	444	93	identity_auto	34.731	82.184	0.8521	Mozjpeg	93.0
people	anastasia-pivnenko-PRNG6R1nSpQ-unsplash.jpg	mozjpeg	444	93	model_off	34.765	82.217	0.8183	Mozjpeg	93.0
people	anastasia-pivnenko-PRNG6R1nSpQ-unsplash.jpg	mozjpeg	444	93	model_auto	34.705	81.991	0.8520	Mozjpeg	93.0
people	anastasia-pivnenko-PRNG6R1nSpQ-unsplash.jpg	mozjpeg	444	93	model_policy	34.767	82.193	0.8184	Mozjpeg	93.0
people	anastasia-pivnenko-PRNG6R1nSpQ-unsplash.jpg	mozjpeg	444	93	model_proj	34.733	81.623	0.8299	Mozjpeg	93.0
people	anastasia-pivnenko-PRNG6R1nSpQ-unsplash.jpg	mozjpeg	444	96	identity_off	43.564	91.651	0.3538	Mozjpeg	96.0
people	anastasia-pivnenko-PRNG6R1nSpQ-unsplash.jpg	mozjpeg	444	96	identity_auto	43.564	91.651	0.3538	Mozjpeg	96.0
people	anastasia-pivnenko-PRNG6R1nSpQ-unsplash.jpg	mozjpeg	444	96	model_off	43.310	91.377	0.3578	Mozjpeg	96.0
people	anastasia-pivnenko-PRNG6R1nSpQ-unsplash.jpg	mozjpeg	444	96	model_auto	43.334	91.316	0.3565	Mozjpeg	96.0
people	anastasia-pivnenko-PRNG6R1nSpQ-unsplash.jpg	mozjpeg	444	96	model_policy	43.319	91.404	0.3580	Mozjpeg	96.0
people	anastasia-pivnenko-PRNG6R1nSpQ-unsplash.jpg	mozjpeg	444	96	model_proj	42.748	90.015	0.4302	Mozjpeg	96.0
people	anastasia-pivnenko-PRNG6R1nSpQ-unsplash.jpg	jpegli	420	85	identity_off	35.268	79.762	0.8846	CjpegliYcbcr	1.8
people	anastasia-pivnenko-PRNG6R1nSpQ-unsplash.jpg	jpegli	420	85	identity_auto	35.148	79.211	0.8901	CjpegliYcbcr	1.8
people	anastasia-pivnenko-PRNG6R1nSpQ-unsplash.jpg	jpegli	420	85	model_off	35.226	79.611	0.8857	CjpegliYcbcr	1.8
people	anastasia-pivnenko-PRNG6R1nSpQ-unsplash.jpg	jpegli	420	85	model_auto	35.104	79.052	0.8914	CjpegliYcbcr	1.8
people	anastasia-pivnenko-PRNG6R1nSpQ-unsplash.jpg	jpegli	420	85	model_policy	35.224	79.670	0.8860	CjpegliYcbcr	1.8
people	anastasia-pivnenko-PRNG6R1nSpQ-unsplash.jpg	jpegli	420	85	model_proj	35.224	79.686	0.8860	CjpegliYcbcr	1.8
people	anastasia-pivnenko-PRNG6R1nSpQ-unsplash.jpg	jpegli	420	90	identity_off	39.453	86.484	0.5388	CjpegliYcbcr	1.3
people	anastasia-pivnenko-PRNG6R1nSpQ-unsplash.jpg	jpegli	420	90	identity_auto	39.306	86.121	0.5717	CjpegliYcbcr	1.3
people	anastasia-pivnenko-PRNG6R1nSpQ-unsplash.jpg	jpegli	420	90	model_off	39.335	86.163	0.5415	CjpegliYcbcr	1.3
people	anastasia-pivnenko-PRNG6R1nSpQ-unsplash.jpg	jpegli	420	90	model_auto	39.198	85.875	0.5733	CjpegliYcbcr	1.3
people	anastasia-pivnenko-PRNG6R1nSpQ-unsplash.jpg	jpegli	420	90	model_policy	39.332	86.193	0.5421	CjpegliYcbcr	1.3
people	anastasia-pivnenko-PRNG6R1nSpQ-unsplash.jpg	jpegli	420	90	model_proj	39.332	86.201	0.5420	CjpegliYcbcr	1.3
people	anastasia-pivnenko-PRNG6R1nSpQ-unsplash.jpg	jpegli	420	93	identity_off	42.896	90.482	0.3416	CjpegliYcbcr	1.0
people	anastasia-pivnenko-PRNG6R1nSpQ-unsplash.jpg	jpegli	420	93	identity_auto	42.604	90.180	0.3892	CjpegliYcbcr	1.0
people	anastasia-pivnenko-PRNG6R1nSpQ-unsplash.jpg	jpegli	420	93	model_off	42.609	89.960	0.3494	CjpegliYcbcr	1.0
people	anastasia-pivnenko-PRNG6R1nSpQ-unsplash.jpg	jpegli	420	93	model_auto	42.348	89.607	0.3947	CjpegliYcbcr	1.0
people	anastasia-pivnenko-PRNG6R1nSpQ-unsplash.jpg	jpegli	420	93	model_policy	42.604	89.998	0.3496	CjpegliYcbcr	1.0
people	anastasia-pivnenko-PRNG6R1nSpQ-unsplash.jpg	jpegli	420	93	model_proj	42.605	90.041	0.3495	CjpegliYcbcr	1.0
people	anastasia-pivnenko-PRNG6R1nSpQ-unsplash.jpg	jpegli	420	96	identity_off	46.371	92.657	0.2136	CjpegliYcbcr	0.5
people	anastasia-pivnenko-PRNG6R1nSpQ-unsplash.jpg	jpegli	420	96	identity_auto	46.371	92.657	0.2136	CjpegliYcbcr	0.5
people	anastasia-pivnenko-PRNG6R1nSpQ-unsplash.jpg	jpegli	420	96	model_off	45.724	91.808	0.2403	CjpegliYcbcr	0.5
people	anastasia-pivnenko-PRNG6R1nSpQ-unsplash.jpg	jpegli	420	96	model_auto	45.754	91.703	0.2404	CjpegliYcbcr	0.5
people	anastasia-pivnenko-PRNG6R1nSpQ-unsplash.jpg	jpegli	420	96	model_policy	45.706	91.923	0.2394	CjpegliYcbcr	0.5
people	anastasia-pivnenko-PRNG6R1nSpQ-unsplash.jpg	jpegli	420	96	model_proj	45.731	92.007	0.2354	CjpegliYcbcr	0.5
people	anastasia-pivnenko-PRNG6R1nSpQ-unsplash.jpg	jpegli	444	85	identity_off	37.569	84.167	0.6379	CjpegliYcbcr	1.4
people	anastasia-pivnenko-PRNG6R1nSpQ-unsplash.jpg	jpegli	444	85	identity_auto	37.537	84.005	0.6611	CjpegliYcbcr	1.4
people	anastasia-pivnenko-PRNG6R1nSpQ-unsplash.jpg	jpegli	444	85	model_off	37.549	84.065	0.6386	CjpegliYcbcr	1.4
people	anastasia-pivnenko-PRNG6R1nSpQ-unsplash.jpg	jpegli	444	85	model_auto	37.505	83.882	0.6614	CjpegliYcbcr	1.4
people	anastasia-pivnenko-PRNG6R1nSpQ-unsplash.jpg	jpegli	444	85	model_policy	37.560	84.068	0.6387	CjpegliYcbcr	1.4
people	anastasia-pivnenko-PRNG6R1nSpQ-unsplash.jpg	jpegli	444	85	model_proj	37.564	84.126	0.6387	CjpegliYcbcr	1.4
people	anastasia-pivnenko-PRNG6R1nSpQ-unsplash.jpg	jpegli	444	90	identity_off	40.066	87.630	0.4659	CjpegliYcbcr	1.1
people	anastasia-pivnenko-PRNG6R1nSpQ-unsplash.jpg	jpegli	444	90	identity_auto	39.976	87.435	0.5014	CjpegliYcbcr	1.1
people	anastasia-pivnenko-PRNG6R1nSpQ-unsplash.jpg	jpegli	444	90	model_off	39.969	87.425	0.4690	CjpegliYcbcr	1.1
people	anastasia-pivnenko-PRNG6R1nSpQ-unsplash.jpg	jpegli	444	90	model_auto	39.868	87.121	0.5033	CjpegliYcbcr	1.1
people	anastasia-pivnenko-PRNG6R1nSpQ-unsplash.jpg	jpegli	444	90	model_policy	39.978	87.455	0.4695	CjpegliYcbcr	1.1
people	anastasia-pivnenko-PRNG6R1nSpQ-unsplash.jpg	jpegli	444	90	model_proj	39.996	87.604	0.4702	CjpegliYcbcr	1.1
people	anastasia-pivnenko-PRNG6R1nSpQ-unsplash.jpg	jpegli	444	93	identity_off	42.537	89.911	0.3204	CjpegliYcbcr	0.7
people	anastasia-pivnenko-PRNG6R1nSpQ-unsplash.jpg	jpegli	444	93	identity_auto	42.307	89.626	0.3894	CjpegliYcbcr	0.7
people	anastasia-pivnenko-PRNG6R1nSpQ-unsplash.jpg	jpegli	444	93	model_off	42.295	89.475	0.3355	CjpegliYcbcr	0.7
people	anastasia-pivnenko-PRNG6R1nSpQ-unsplash.jpg	jpegli	444	93	model_auto	42.074	89.035	0.3969	CjpegliYcbcr	0.7
people	anastasia-pivnenko-PRNG6R1nSpQ-unsplash.jpg	jpegli	444	93	model_policy	42.292	89.449	0.3364	CjpegliYcbcr	0.7
people	anastasia-pivnenko-PRNG6R1nSpQ-unsplash.jpg	jpegli	444	93	model_proj	42.294	89.542	0.3374	CjpegliYcbcr	0.7
people	anastasia-pivnenko-PRNG6R1nSpQ-unsplash.jpg	jpegli	444	96	identity_off	45.354	91.791	0.2000	CjpegliYcbcr	0.3
people	anastasia-pivnenko-PRNG6R1nSpQ-unsplash.jpg	jpegli	444	96	identity_auto	45.354	91.791	0.2000	CjpegliYcbcr	0.3
people	anastasia-pivnenko-PRNG6R1nSpQ-unsplash.jpg	jpegli	444	96	model_off	44.889	91.007	0.2317	CjpegliYcbcr	0.3
people	anastasia-pivnenko-PRNG6R1nSpQ-unsplash.jpg	jpegli	444	96	model_auto	44.907	91.027	0.2305	CjpegliYcbcr	0.3
people	anastasia-pivnenko-PRNG6R1nSpQ-unsplash.jpg	jpegli	444	96	model_policy	44.883	91.077	0.2302	CjpegliYcbcr	0.3
people	anastasia-pivnenko-PRNG6R1nSpQ-unsplash.jpg	jpegli	444	96	model_proj	44.764	91.618	0.2573	CjpegliYcbcr	0.3
people	anastasia-pivnenko-PRNG6R1nSpQ-unsplash.jpg	zenjpeg	420	85	identity_off	35.207	79.657	0.8921	CjpegliYcbcr	1.8
people	anastasia-pivnenko-PRNG6R1nSpQ-unsplash.jpg	zenjpeg	420	85	identity_auto	35.090	79.098	0.8969	CjpegliYcbcr	1.8
people	anastasia-pivnenko-PRNG6R1nSpQ-unsplash.jpg	zenjpeg	420	85	model_off	35.167	79.562	0.8933	CjpegliYcbcr	1.8
people	anastasia-pivnenko-PRNG6R1nSpQ-unsplash.jpg	zenjpeg	420	85	model_auto	35.047	78.987	0.8981	CjpegliYcbcr	1.8
people	anastasia-pivnenko-PRNG6R1nSpQ-unsplash.jpg	zenjpeg	420	85	model_policy	35.166	79.592	0.8935	CjpegliYcbcr	1.8
people	anastasia-pivnenko-PRNG6R1nSpQ-unsplash.jpg	zenjpeg	420	85	model_proj	35.166	79.581	0.8935	CjpegliYcbcr	1.8
people	anastasia-pivnenko-PRNG6R1nSpQ-unsplash.jpg	zenjpeg	420	90	identity_off	39.438	86.199	0.5410	CjpegliYcbcr	1.3
people	anastasia-pivnenko-PRNG6R1nSpQ-unsplash.jpg	zenjpeg	420	90	identity_auto	39.292	85.916	0.5733	CjpegliYcbcr	1.3
people	anastasia-pivnenko-PRNG6R1nSpQ-unsplash.jpg	zenjpeg	420	90	model_off	39.323	86.001	0.5437	CjpegliYcbcr	1.3
people	anastasia-pivnenko-PRNG6R1nSpQ-unsplash.jpg	zenjpeg	420	90	model_auto	39.187	85.729	0.5750	CjpegliYcbcr	1.3
people	anastasia-pivnenko-PRNG6R1nSpQ-unsplash.jpg	zenjpeg	420	90	model_policy	39.321	86.027	0.5442	CjpegliYcbcr	1.3
people	anastasia-pivnenko-PRNG6R1nSpQ-unsplash.jpg	zenjpeg	420	90	model_proj	39.321	86.040	0.5442	CjpegliYcbcr	1.3
people	anastasia-pivnenko-PRNG6R1nSpQ-unsplash.jpg	zenjpeg	420	93	identity_off	42.896	90.574	0.3420	CjpegliYcbcr	1.0
people	anastasia-pivnenko-PRNG6R1nSpQ-unsplash.jpg	zenjpeg	420	93	identity_auto	42.608	90.210	0.3886	CjpegliYcbcr	1.0
people	anastasia-pivnenko-PRNG6R1nSpQ-unsplash.jpg	zenjpeg	420	93	model_off	42.609	90.085	0.3491	CjpegliYcbcr	1.0
people	anastasia-pivnenko-PRNG6R1nSpQ-unsplash.jpg	zenjpeg	420	93	model_auto	42.350	89.738	0.3933	CjpegliYcbcr	1.0
people	anastasia-pivnenko-PRNG6R1nSpQ-unsplash.jpg	zenjpeg	420	93	model_policy	42.603	90.068	0.3496	CjpegliYcbcr	1.0
people	anastasia-pivnenko-PRNG6R1nSpQ-unsplash.jpg	zenjpeg	420	93	model_proj	42.604	90.131	0.3495	CjpegliYcbcr	1.0
people	anastasia-pivnenko-PRNG6R1nSpQ-unsplash.jpg	zenjpeg	420	96	identity_off	46.473	92.958	0.2092	CjpegliYcbcr	0.5
people	anastasia-pivnenko-PRNG6R1nSpQ-unsplash.jpg	zenjpeg	420	96	identity_auto	46.473	92.958	0.2092	CjpegliYcbcr	0.5
people	anastasia-pivnenko-PRNG6R1nSpQ-unsplash.jpg	zenjpeg	420	96	model_off	45.815	91.965	0.2372	CjpegliYcbcr	0.5
people	anastasia-pivnenko-PRNG6R1nSpQ-unsplash.jpg	zenjpeg	420	96	model_auto	45.844	91.841	0.2379	CjpegliYcbcr	0.5
people	anastasia-pivnenko-PRNG6R1nSpQ-unsplash.jpg	zenjpeg	420	96	model_policy	45.802	92.091	0.2362	CjpegliYcbcr	0.5
people	anastasia-pivnenko-PRNG6R1nSpQ-unsplash.jpg	zenjpeg	420	96	model_proj	45.826	92.213	0.2329	CjpegliYcbcr	0.5
people	anastasia-pivnenko-PRNG6R1nSpQ-unsplash.jpg	zenjpeg	444	85	identity_off	37.539	84.094	0.6426	CjpegliYcbcr	1.4
people	anastasia-pivnenko-PRNG6R1nSpQ-unsplash.jpg	zenjpeg	444	85	identity_auto	37.507	83.976	0.6645	CjpegliYcbcr	1.4
people	anastasia-pivnenko-PRNG6R1nSpQ-unsplash.jpg	zenjpeg	444	85	model_off	37.518	84.023	0.6433	CjpegliYcbcr	1.4
people	anastasia-pivnenko-PRNG6R1nSpQ-unsplash.jpg	zenjpeg	444	85	model_auto	37.475	83.817	0.6647	CjpegliYcbcr	1.4
people	anastasia-pivnenko-PRNG6R1nSpQ-unsplash.jpg	zenjpeg	444	85	model_policy	37.529	83.983	0.6434	CjpegliYcbcr	1.4
people	anastasia-pivnenko-PRNG6R1nSpQ-unsplash.jpg	zenjpeg	444	85	model_proj	37.532	84.069	0.6436	CjpegliYcbcr	1.4
people	anastasia-pivnenko-PRNG6R1nSpQ-unsplash.jpg	zenjpeg	444	90	identity_off	40.032	87.756	0.4678	CjpegliYcbcr	1.1
people	anastasia-pivnenko-PRNG6R1nSpQ-unsplash.jpg	zenjpeg	444	90	identity_auto	39.942	87.504	0.5014	CjpegliYcbcr	1.1
people	anastasia-pivnenko-PRNG6R1nSpQ-unsplash.jpg	zenjpeg	444	90	model_off	39.936	87.537	0.4709	CjpegliYcbcr	1.1
people	anastasia-pivnenko-PRNG6R1nSpQ-unsplash.jpg	zenjpeg	444	90	model_auto	39.835	87.236	0.5036	CjpegliYcbcr	1.1
people	anastasia-pivnenko-PRNG6R1nSpQ-unsplash.jpg	zenjpeg	444	90	model_policy	39.945	87.572	0.4714	CjpegliYcbcr	1.1
people	anastasia-pivnenko-PRNG6R1nSpQ-unsplash.jpg	zenjpeg	444	90	model_proj	39.960	87.603	0.4725	CjpegliYcbcr	1.1
people	anastasia-pivnenko-PRNG6R1nSpQ-unsplash.jpg	zenjpeg	444	93	identity_off	42.516	89.883	0.3214	CjpegliYcbcr	0.7
people	anastasia-pivnenko-PRNG6R1nSpQ-unsplash.jpg	zenjpeg	444	93	identity_auto	42.283	89.649	0.3893	CjpegliYcbcr	0.7
people	anastasia-pivnenko-PRNG6R1nSpQ-unsplash.jpg	zenjpeg	444	93	model_off	42.276	89.491	0.3341	CjpegliYcbcr	0.7
people	anastasia-pivnenko-PRNG6R1nSpQ-unsplash.jpg	zenjpeg	444	93	model_auto	42.055	89.024	0.3954	CjpegliYcbcr	0.7
people	anastasia-pivnenko-PRNG6R1nSpQ-unsplash.jpg	zenjpeg	444	93	model_policy	42.272	89.515	0.3355	CjpegliYcbcr	0.7
people	anastasia-pivnenko-PRNG6R1nSpQ-unsplash.jpg	zenjpeg	444	93	model_proj	42.272	89.508	0.3365	CjpegliYcbcr	0.7
people	anastasia-pivnenko-PRNG6R1nSpQ-unsplash.jpg	zenjpeg	444	96	identity_off	45.331	91.949	0.1992	CjpegliYcbcr	0.3
people	anastasia-pivnenko-PRNG6R1nSpQ-unsplash.jpg	zenjpeg	444	96	identity_auto	45.331	91.949	0.1992	CjpegliYcbcr	0.3
people	anastasia-pivnenko-PRNG6R1nSpQ-unsplash.jpg	zenjpeg	444	96	model_off	44.864	91.129	0.2286	CjpegliYcbcr	0.3
people	anastasia-pivnenko-PRNG6R1nSpQ-unsplash.jpg	zenjpeg	444	96	model_auto	44.884	91.099	0.2271	CjpegliYcbcr	0.3
people	anastasia-pivnenko-PRNG6R1nSpQ-unsplash.jpg	zenjpeg	444	96	model_policy	44.863	91.167	0.2284	CjpegliYcbcr	0.3
people	anastasia-pivnenko-PRNG6R1nSpQ-unsplash.jpg	zenjpeg	444	96	model_proj	44.733	91.475	0.2589	CjpegliYcbcr	0.3
people	ashford-marx-5nEMKAK1WQs-unsplash.jpg	turbo	420	85	identity_off	36.477	85.199	0.7311	ImageMagick	85.0
people	ashford-marx-5nEMKAK1WQs-unsplash.jpg	turbo	420	85	identity_auto	36.421	84.553	0.7573	ImageMagick	85.0
people	ashford-marx-5nEMKAK1WQs-unsplash.jpg	turbo	420	85	model_off	36.573	85.363	0.7222	ImageMagick	85.0
people	ashford-marx-5nEMKAK1WQs-unsplash.jpg	turbo	420	85	model_auto	36.452	84.628	0.7547	ImageMagick	85.0
people	ashford-marx-5nEMKAK1WQs-unsplash.jpg	turbo	420	85	model_policy	36.578	85.359	0.7218	ImageMagick	85.0
people	ashford-marx-5nEMKAK1WQs-unsplash.jpg	turbo	420	85	model_proj	36.578	85.345	0.7218	ImageMagick	85.0
people	ashford-marx-5nEMKAK1WQs-unsplash.jpg	turbo	420	90	identity_off	38.817	88.542	0.5469	ImageMagick	90.0
people	ashford-marx-5nEMKAK1WQs-unsplash.jpg	turbo	420	90	identity_auto	38.783	88.462	0.5684	ImageMagick	90.0
people	ashford-marx-5nEMKAK1WQs-unsplash.jpg	turbo	420	90	model_off	38.864	88.592	0.5432	ImageMagick	90.0
people	ashford-marx-5nEMKAK1WQs-unsplash.jpg	turbo	420	90	model_auto	38.806	88.443	0.5667	ImageMagick	90.0
people	ashford-marx-5nEMKAK1WQs-unsplash.jpg	turbo	420	90	model_policy	38.870	88.610	0.5422	ImageMagick	90.0
people	ashford-marx-5nEMKAK1WQs-unsplash.jpg	turbo	420	90	model_proj	38.871	88.646	0.5421	ImageMagick	90.0
people	ashford-marx-5nEMKAK1WQs-unsplash.jpg	turbo	420	93	identity_off	40.808	90.594	0.4118	ImageMagick	93.0
people	ashford-marx-5nEMKAK1WQs-unsplash.jpg	turbo	420	93	identity_auto	40.691	90.477	0.4458	ImageMagick	93.0
people	ashford-marx-5nEMKAK1WQs-unsplash.jpg	turbo	420	93	model_off	40.844	90.730	0.4094	ImageMagick	93.0
people	ashford-marx-5nEMKAK1WQs-unsplash.jpg	turbo	420	93	model_auto	40.709	90.523	0.4445	ImageMagick	93.0
people	ashford-marx-5nEMKAK1WQs-unsplash.jpg	turbo	420	93	model_policy	40.850	90.660	0.4090	ImageMagick	93.0
people	ashford-marx-5nEMKAK1WQs-unsplash.jpg	turbo	420	93	model_proj	40.850	90.664	0.4089	ImageMagick	93.0
people	ashford-marx-5nEMKAK1WQs-unsplash.jpg	turbo	420	96	identity_off	43.795	93.010	0.2741	ImageMagick	96.0
people	ashford-marx-5nEMKAK1WQs-unsplash.jpg	turbo	420	96	identity_auto	43.795	93.010	0.2741	ImageMagick	96.0
people	ashford-marx-5nEMKAK1WQs-unsplash.jpg	turbo	420	96	model_off	43.808	93.073	0.2741	ImageMagick	96.0
people	ashford-marx-5nEMKAK1WQs-unsplash.jpg	turbo	420	96	model_auto	43.803	93.103	0.2737	ImageMagick	96.0
people	ashford-marx-5nEMKAK1WQs-unsplash.jpg	turbo	420	96	model_policy	43.812	93.024	0.2740	ImageMagick	96.0
people	ashford-marx-5nEMKAK1WQs-unsplash.jpg	turbo	420	96	model_proj	43.816	93.031	0.2734	ImageMagick	96.0
people	ashford-marx-5nEMKAK1WQs-unsplash.jpg	turbo	444	85	identity_off	37.000	86.728	0.7226	ImageMagick	85.0
people	ashford-marx-5nEMKAK1WQs-unsplash.jpg	turbo	444	85	identity_auto	36.957	86.116	0.7474	ImageMagick	85.0
people	ashford-marx-5nEMKAK1WQs-unsplash.jpg	turbo	444	85	model_off	37.101	86.888	0.7135	ImageMagick	85.0
people	ashford-marx-5nEMKAK1WQs-unsplash.jpg	turbo	444	85	model_auto	36.984	86.126	0.7450	ImageMagick	85.0
people	ashford-marx-5nEMKAK1WQs-unsplash.jpg	turbo	444	85	model_policy	37.106	86.897	0.7134	ImageMagick	85.0
people	ashford-marx-5nEMKAK1WQs-unsplash.jpg	turbo	444	85	model_proj	37.116	86.869	0.7128	ImageMagick	85.0
people	ashford-marx-5nEMKAK1WQs-unsplash.jpg	turbo	444	90	identity_off	39.560	90.090	0.5380	ImageMagick	90.0
people	ashford-marx-5nEMKAK1WQs-unsplash.jpg	turbo	444	90	identity_auto	39.532	90.003	0.5590	ImageMagick	90.0
people	ashford-marx-5nEMKAK1WQs-unsplash.jpg	turbo	444	90	model_off	39.610	90.164	0.5339	ImageMagick	90.0
people	ashford-marx-5nEMKAK1WQs-unsplash.jpg	turbo	444	90	model_auto	39.551	90.011	0.5574	ImageMagick	90.0
people	ashford-marx-5nEMKAK1WQs-unsplash.jpg	turbo	444	90	model_policy	39.615	90.100	0.5333	ImageMagick	90.0
people	ashford-marx-5nEMKAK1WQs-unsplash.jpg	turbo	444	90	model_proj	39.628	89.828	0.5372	ImageMagick	90.0
people	ashford-marx-5nEMKAK1WQs-unsplash.jpg	turbo	444	93	identity_off	41.843	92.121	0.4007	ImageMagick	93.0
people	ashford-marx-5nEMKAK1WQs-unsplash.jpg	turbo	444	93	identity_auto	41.708	91.955	0.4345	ImageMagick	93.0
people	ashford-marx-5nEMKAK1WQs-unsplash.jpg	turbo	444	93	model_off	41.880	92.173	0.3983	ImageMagick	93.0
people	ashford-marx-5nEMKAK1WQs-unsplash.jpg	turbo	444	93	model_auto	41.721	91.950	0.4332	ImageMagick	93.0
people	ashford-marx-5nEMKAK1WQs-unsplash.jpg	turbo	444	93	model_policy	41.886	92.204	0.3980	ImageMagick	93.0
people	ashford-marx-5nEMKAK1WQs-unsplash.jpg	turbo	444	93	model_proj	41.637	91.384	0.4485	ImageMagick	93.0
people	ashford-marx-5nEMKAK1WQs-unsplash.jpg	turbo	444	96	identity_off	45.370	94.328	0.2577	ImageMagick	96.0
people	ashford-marx-5nEMKAK1WQs-unsplash.jpg	turbo	444	96	identity_auto	45.370	94.328	0.2577	ImageMagick	96.0
people	ashford-marx-5nEMKAK1WQs-unsplash.jpg	turbo	444	96	model_off	45.377	94.267	0.2575	ImageMagick	96.0
people	ashford-marx-5nEMKAK1WQs-unsplash.jpg	turbo	444	96	model_auto	45.366	94.201	0.2573	ImageMagick	96.0
people	ashford-marx-5nEMKAK1WQs-unsplash.jpg	turbo	444	96	model_policy	45.378	94.236	0.2568	ImageMagick	96.0
people	ashford-marx-5nEMKAK1WQs-unsplash.jpg	turbo	444	96	model_proj	44.240	92.919	0.4134	ImageMagick	96.0
people	ashford-marx-5nEMKAK1WQs-unsplash.jpg	mozjpeg	420	85	identity_off	35.166	83.576	0.8627	Mozjpeg	85.0
people	ashford-marx-5nEMKAK1WQs-unsplash.jpg	mozjpeg	420	85	identity_auto	35.147	82.792	0.8929	Mozjpeg	85.0
people	ashford-marx-5nEMKAK1WQs-unsplash.jpg	mozjpeg	420	85	model_off	35.343	83.674	0.8515	Mozjpeg	85.0
people	ashford-marx-5nEMKAK1WQs-unsplash.jpg	mozjpeg	420	85	model_auto	35.222	82.894	0.8868	Mozjpeg	85.0
people	ashford-marx-5nEMKAK1WQs-unsplash.jpg	mozjpeg	420	85	model_policy	35.339	83.705	0.8519	Mozjpeg	85.0
people	ashford-marx-5nEMKAK1WQs-unsplash.jpg	mozjpeg	420	85	model_proj	35.339	83.713	0.8518	Mozjpeg	85.0
people	ashford-marx-5nEMKAK1WQs-unsplash.jpg	mozjpeg	420	90	identity_off	37.207	87.021	0.6759	Mozjpeg	90.0
people	ashford-marx-5nEMKAK1WQs-unsplash.jpg	mozjpeg	420	90	identity_auto	37.195	86.919	0.7030	Mozjpeg	90.0
people	ashford-marx-5nEMKAK1WQs-unsplash.jpg	mozjpeg	420	90	model_off	37.294	87.082	0.6712	Mozjpeg	90.0
people	ashford-marx-5nEMKAK1WQs-unsplash.jpg	mozjpeg	420	90	model_auto	37.239	86.908	0.6999	Mozjpeg	90.0
people	ashford-marx-5nEMKAK1WQs-unsplash.jpg	mozjpeg	420	90	model_policy	37.297	87.062	0.6716	Mozjpeg	90.0
people	ashford-marx-5nEMKAK1WQs-unsplash.jpg	mozjpeg	420	90	model_proj	37.297	87.095	0.6714	Mozjpeg	90.0
people	ashford-marx-5nEMKAK1WQs-unsplash.jpg	mozjpeg	420	93	identity_off	39.216	89.256	0.5370	Mozjpeg	93.0
people	ashford-marx-5nEMKAK1WQs-unsplash.jpg	mozjpeg	420	93	identity_auto	39.149	89.138	0.5701	Mozjpeg	93.0
people	ashford-marx-5nEMKAK1WQs-unsplash.jpg	mozjpeg	420	93	model_off	39.252	89.279	0.5359	Mozjpeg	93.0
people	ashford-marx-5nEMKAK1WQs-unsplash.jpg	mozjpeg	420	93	model_auto	39.168	89.230	0.5684	Mozjpeg	93.0
people	ashford-marx-5nEMKAK1WQs-unsplash.jpg	mozjpeg	420	93	model_policy	39.256	89.325	0.5357	Mozjpeg	93.0
people	ashford-marx-5nEMKAK1WQs-unsplash.jpg	mozjpeg	420	93	model_proj	39.256	89.296	0.5358	Mozjpeg	93.0
people	ashford-marx-5nEMKAK1WQs-unsplash.jpg	mozjpeg	420	96	identity_off	42.401	92.034	0.3517	Mozjpeg	96.0
people	ashford-marx-5nEMKAK1WQs-unsplash.jpg	mozjpeg	420	96	identity_auto	42.401	92.034	0.3517	Mozjpeg	96.0
people	ashford-marx-5nEMKAK1WQs-unsplash.jpg	mozjpeg	420	96	model_off	42.407	92.023	0.3525	Mozjpeg	96.0
people	ashford-marx-5nEMKAK1WQs-unsplash.jpg	mozjpeg	420	96	model_auto	42.407	92.051	0.3515	Mozjpeg	96.0
people	ashford-marx-5nEMKAK1WQs-unsplash.jpg	mozjpeg	420	96	model_policy	42.410	92.080	0.3519	Mozjpeg	96.0
people	ashford-marx-5nEMKAK1WQs-unsplash.jpg	mozjpeg	420	96	model_proj	42.410	92.058	0.3518	Mozjpeg	96.0
people	ashford-marx-5nEMKAK1WQs-unsplash.jpg	mozjpeg	444	85	identity_off	35.439	84.524	0.8569	Mozjpeg	85.0
people	ashford-marx-5nEMKAK1WQs-unsplash.jpg	mozjpeg	444	85	identity_auto	35.431	83.845	0.8861	Mozjpeg	85.0
people	ashford-marx-5nEMKAK1WQs-unsplash.jpg	mozjpeg	444	85	model_off	35.616	84.643	0.8463	Mozjpeg	85.0
people	ashford-marx-5nEMKAK1WQs-unsplash.jpg	mozjpeg	444	85	model_auto	35.496	83.747	0.8806	Mozjpeg	85.0
people	ashford-marx-5nEMKAK1WQs-unsplash.jpg	mozjpeg	444	85	model_policy	35.612	84.575	0.8469	Mozjpeg	85.0
people	ashford-marx-5nEMKAK1WQs-unsplash.jpg	mozjpeg	444	85	model_proj	35.615	84.661	0.8456	Mozjpeg	85.0
people	ashford-marx-5nEMKAK1WQs-unsplash.jpg	mozjpeg	444	90	identity_off	37.563	88.049	0.6709	Mozjpeg	90.0
people	ashford-marx-5nEMKAK1WQs-unsplash.jpg	mozjpeg	444	90	identity_auto	37.554	87.932	0.6975	Mozjpeg	90.0
people	ashford-marx-5nEMKAK1WQs-unsplash.jpg	mozjpeg	444	90	model_off	37.645	88.069	0.6662	Mozjpeg	90.0
people	ashford-marx-5nEMKAK1WQs-unsplash.jpg	mozjpeg	444	90	model_auto	37.593	87.935	0.6940	Mozjpeg	90.0
people	ashford-marx-5nEMKAK1WQs-unsplash.jpg	mozjpeg	444	90	model_policy	37.647	88.024	0.6666	Mozjpeg	90.0
people	ashford-marx-5nEMKAK1WQs-unsplash.jpg	mozjpeg	444	90	model_proj	37.655	87.984	0.6674	Mozjpeg	90.0
people	ashford-marx-5nEMKAK1WQs-unsplash.jpg	mozjpeg	444	93	identity_off	39.702	90.319	0.5317	Mozjpeg	93.0
people	ashford-marx-5nEMKAK1WQs-unsplash.jpg	mozjpeg	444	93	identity_auto	39.634	90.175	0.5647	Mozjpeg	93.0
people	ashford-marx-5nEMKAK1WQs-unsplash.jpg	mozjpeg	444	93	model_off	39.733	90.295	0.5308	Mozjpeg	93.0
people	ashford-marx-5nEMKAK1WQs-unsplash.jpg	mozjpeg	444	93	model_auto	39.643	90.157	0.5631	Mozjpeg	93.0
people	ashford-marx-5nEMKAK1WQs-unsplash.jpg	mozjpeg	444	93	model_policy	39.735	90.243	0.5307	Mozjpeg	93.0
people	ashford-marx-5nEMKAK1WQs-unsplash.jpg	mozjpeg	444	93	model_proj	39.671	89.867	0.5462	Mozjpeg	93.0
people	ashford-marx-5nEMKAK1WQs-unsplash.jpg	mozjpeg	444	96	identity_off	43.285	93.017	0.3421	Mozjpeg	96.0
people	ashford-marx-5nEMKAK1WQs-unsplash.jpg	mozjpeg	444	96	identity_auto	43.285	93.017	0.3421	Mozjpeg	96.0
people	ashford-marx-5nEMKAK1WQs-unsplash.jpg	mozjpeg	444	96	model_off	43.281	93.055	0.3429	Mozjpeg	96.0
people	ashford-marx-5nEMKAK1WQs-unsplash.jpg	mozjpeg	444	96	model_auto	43.276	93.004	0.3421	Mozjpeg	96.0
people	ashford-marx-5nEMKAK1WQs-unsplash.jpg	mozjpeg	444	96	model_policy	43.281	93.017	0.3422	Mozjpeg	96.0
people	ashford-marx-5nEMKAK1WQs-unsplash.jpg	mozjpeg	444	96	model_proj	42.614	91.916	0.4444	Mozjpeg	96.0
people	ashford-marx-5nEMKAK1WQs-unsplash.jpg	jpegli	420	85	identity_off	35.475	83.027	0.8187	CjpegliYcbcr	1.8
people	ashford-marx-5nEMKAK1WQs-unsplash.jpg	jpegli	420	85	identity_auto	35.523	82.752	0.8131	CjpegliYcbcr	1.8
people	ashford-marx-5nEMKAK1WQs-unsplash.jpg	jpegli	420	85	model_off	35.569	83.105	0.8128	CjpegliYcbcr	1.8
people	ashford-marx-5nEMKAK1WQs-unsplash.jpg	jpegli	420	85	model_auto	35.564	82.704	0.8179	CjpegliYcbcr	1.8
people	ashford-marx-5nEMKAK1WQs-unsplash.jpg	jpegli	420	85	model_policy	35.569	83.102	0.8157	CjpegliYcbcr	1.8
people	ashford-marx-5nEMKAK1WQs-unsplash.jpg	jpegli	420	85	model_proj	35.570	83.139	0.8132	CjpegliYcbcr	1.8
people	ashford-marx-5nEMKAK1WQs-unsplash.jpg	jpegli	420	90	identity_off	37.827	86.952	0.6011	CjpegliYcbcr	1.3
people	ashford-marx-5nEMKAK1WQs-unsplash.jpg	jpegli	420	90	identity_auto	37.797	86.852	0.6316	CjpegliYcbcr	1.3
people	ashford-marx-5nEMKAK1WQs-unsplash.jpg	jpegli	420	90	model_off	37.871	87.003	0.5994	CjpegliYcbcr	1.3
people	ashford-marx-5nEMKAK1WQs-unsplash.jpg	jpegli	420	90	model_auto	37.822	86.881	0.6307	CjpegliYcbcr	1.3
people	ashford-marx-5nEMKAK1WQs-unsplash.jpg	jpegli	420	90	model_policy	37.874	87.010	0.5984	CjpegliYcbcr	1.3
people	ashford-marx-5nEMKAK1WQs-unsplash.jpg	jpegli	420	90	model_proj	37.874	87.027	0.5981	CjpegliYcbcr	1.3
people	ashford-marx-5nEMKAK1WQs-unsplash.jpg	jpegli	420	93	identity_off	39.993	89.633	0.4540	CjpegliYcbcr	1.0
people	ashford-marx-5nEMKAK1WQs-unsplash.jpg	jpegli	420	93	identity_auto	39.893	89.487	0.4951	CjpegliYcbcr	1.0
people	ashford-marx-5nEMKAK1WQs-unsplash.jpg	jpegli	420	93	model_off	40.014	89.662	0.4525	CjpegliYcbcr	1.0
people	ashford-marx-5nEMKAK1WQs-unsplash.jpg	jpegli	420	93	model_auto	39.906	89.488	0.4932	CjpegliYcbcr	1.0
people	ashford-marx-5nEMKAK1WQs-unsplash.jpg	jpegli	420	93	model_policy	40.017	89.688	0.4525	CjpegliYcbcr	1.0
people	ashford-marx-5nEMKAK1WQs-unsplash.jpg	jpegli	420	93	model_proj	40.017	89.660	0.4520	CjpegliYcbcr	1.0
people	ashford-marx-5nEMKAK1WQs-unsplash.jpg	jpegli	420	96	identity_off	42.878	92.262	0.3142	CjpegliYcbcr	0.5
people	ashford-marx-5nEMKAK1WQs-unsplash.jpg	jpegli	420	96	identity_auto	42.878	92.262	0.3142	CjpegliYcbcr	0.5
people	ashford-marx-5nEMKAK1WQs-unsplash.jpg	jpegli	420	96	model_off	42.882	92.297	0.3151	CjpegliYcbcr	0.5
people	ashford-marx-5nEMKAK1WQs-unsplash.jpg	jpegli	420	96	model_auto	42.887	92.297	0.3139	CjpegliYcbcr	0.5
people	ashford-marx-5nEMKAK1WQs-unsplash.jpg	jpegli	420	96	model_policy	42.883	92.289	0.3143	CjpegliYcbcr	0.5
people	ashford-marx-5nEMKAK1WQs-unsplash.jpg	jpegli	420	96	model_proj	42.884	92.278	0.3133	CjpegliYcbcr	0.5
people	ashford-marx-5nEMKAK1WQs-unsplash.jpg	jpegli	444	85	identity_off	36.517	85.215	0.7010	CjpegliYcbcr	1.4
people	ashford-marx-5nEMKAK1WQs-unsplash.jpg	jpegli	444	85	identity_auto	36.541	85.135	0.7279	CjpegliYcbcr	1.4
people	ashford-marx-5nEMKAK1WQs-unsplash.jpg	jpegli	444	85	model_off	36.625	85.263	0.6977	CjpegliYcbcr	1.4
people	ashford-marx-5nEMKAK1WQs-unsplash.jpg	jpegli	444	85	model_auto	36.601	85.188	0.7256	CjpegliYcbcr	1.4
people	ashford-marx-5nEMKAK1WQs-unsplash.jpg	jpegli	444	85	model_policy	36.632	85.314	0.6976	CjpegliYcbcr	1.4
people	ashford-marx-5nEMKAK1WQs-unsplash.jpg	jpegli	444	85	model_proj	36.639	85.306	0.6943	CjpegliYcbcr	1.4
people	ashford-marx-5nEMKAK1WQs-unsplash.jpg	jpegli	444	90	identity_off	38.867	88.338	0.5169	CjpegliYcbcr	1.1
people	ashford-marx-5nEMKAK1WQs-unsplash.jpg	jpegli	444	90	identity_auto	38.844	88.244	0.5530	CjpegliYcbcr	1.1
people	ashford-marx-5nEMKAK1WQs-unsplash.jpg	jpegli	444	90	model_off	38.930	88.421	0.5138	CjpegliYcbcr	1.1
people	ashford-marx-5nEMKAK1WQs-unsplash.jpg	jpegli	444	90	model_auto	38.879	88.273	0.5505	CjpegliYcbcr	1.1
people	ashford-marx-5nEMKAK1WQs-unsplash.jpg	jpegli	444	90	model_policy	38.937	88.427	0.5135	CjpegliYcbcr	1.1
people	ashford-marx-5nEMKAK1WQs-unsplash.jpg	jpegli	444	90	model_proj	38.957	88.542	0.5113	CjpegliYcbcr	1.1
people	ashford-marx-5nEMKAK1WQs-unsplash.jpg	jpegli	444	93	identity_off	41.027	90.488	0.3962	CjpegliYcbcr	0.7
people	ashford-marx-5nEMKAK1WQs-unsplash.jpg	jpegli	444	93	identity_auto	40.944	90.303	0.4472	CjpegliYcbcr	0.7
people	ashford-marx-5nEMKAK1WQs-unsplash.jpg	jpegli	444	93	model_off	41.066	90.505	0.3952	CjpegliYcbcr	0.7
people	ashford-marx-5nEMKAK1WQs-unsplash.jpg	jpegli	444	93	model_auto	40.964	90.342	0.4458	CjpegliYcbcr	0.7
people	ashford-marx-5nEMKAK1WQs-unsplash.jpg	jpegli	444	93	model_policy	41.074	90.528	0.3945	CjpegliYcbcr	0.7
people	ashford-marx-5nEMKAK1WQs-unsplash.jpg	jpegli	444	93	model_proj	41.079	90.544	0.3947	CjpegliYcbcr	0.7
people	ashford-marx-5nEMKAK1WQs-unsplash.jpg	jpegli	444	96	identity_off	43.880	92.812	0.2732	CjpegliYcbcr	0.3
people	ashford-marx-5nEMKAK1WQs-unsplash.jpg	jpegli	444	96	identity_auto	43.880	92.812	0.2732	CjpegliYcbcr	0.3
people	ashford-marx-5nEMKAK1WQs-unsplash.jpg	jpegli	444	96	model_off	43.901	92.771	0.2735	CjpegliYcbcr	0.3
people	ashford-marx-5nEMKAK1WQs-unsplash.jpg	jpegli	444	96	model_auto	43.894	92.766	0.2725	CjpegliYcbcr	0.3
people	ashford-marx-5nEMKAK1WQs-unsplash.jpg	jpegli	444	96	model_policy	43.905	92.732	0.2733	CjpegliYcbcr	0.3
people	ashford-marx-5nEMKAK1WQs-unsplash.jpg	jpegli	444	96	model_proj	43.818	92.827	0.2879	CjpegliYcbcr	0.3
people	ashford-marx-5nEMKAK1WQs-unsplash.jpg	zenjpeg	420	85	identity_off	35.434	82.972	0.8201	CjpegliYcbcr	1.8
people	ashford-marx-5nEMKAK1WQs-unsplash.jpg	zenjpeg	420	85	identity_auto	35.483	82.670	0.8147	CjpegliYcbcr	1.8
people	ashford-marx-5nEMKAK1WQs-unsplash.jpg	zenjpeg	420	85	model_off	35.529	83.005	0.8162	CjpegliYcbcr	1.8
people	ashford-marx-5nEMKAK1WQs-unsplash.jpg	zenjpeg	420	85	model_auto	35.525	82.720	0.8149	CjpegliYcbcr	1.8
people	ashford-marx-5nEMKAK1WQs-unsplash.jpg	zenjpeg	420	85	model_policy	35.529	83.016	0.8173	CjpegliYcbcr	1.8
people	ashford-marx-5nEMKAK1WQs-unsplash.jpg	zenjpeg	420	85	model_proj	35.529	83.039	0.8153	CjpegliYcbcr	1.8
people	ashford-marx-5nEMKAK1WQs-unsplash.jpg	zenjpeg	420	90	identity_off	37.783	86.958	0.6036	CjpegliYcbcr	1.3
people	ashford-marx-5nEMKAK1WQs-unsplash.jpg	zenjpeg	420	90	identity_auto	37.756	86.844	0.6310	CjpegliYcbcr	1.3
people	ashford-marx-5nEMKAK1WQs-unsplash.jpg	zenjpeg	420	90	model_off	37.825	86.921	0.6081	CjpegliYcbcr	1.3
people	ashford-marx-5nEMKAK1WQs-unsplash.jpg	zenjpeg	420	90	model_auto	37.782	86.631	0.6446	CjpegliYcbcr	1.3
people	ashford-marx-5nEMKAK1WQs-unsplash.jpg	zenjpeg	420	90	model_policy	37.829	86.889	0.6117	CjpegliYcbcr	1.3
people	ashford-marx-5nEMKAK1WQs-unsplash.jpg	zenjpeg	420	90	model_proj	37.829	86.912	0.6094	CjpegliYcbcr	1.3
people	ashford-marx-5nEMKAK1WQs-unsplash.jpg	zenjpeg	420	93	identity_off	39.944	89.554	0.4565	CjpegliYcbcr	1.0
people	ashford-marx-5nEMKAK1WQs-unsplash.jpg	zenjpeg	420	93	identity_auto	39.849	89.388	0.4940	CjpegliYcbcr	1.0
people	ashford-marx-5nEMKAK1WQs-unsplash.jpg	zenjpeg	420	93	model_off	39.966	89.615	0.4558	CjpegliYcbcr	1.0
people	ashford-marx-5nEMKAK1WQs-unsplash.jpg	zenjpeg	420	93	model_auto	39.863	89.397	0.4923	CjpegliYcbcr	1.0
people	ashford-marx-5nEMKAK1WQs-unsplash.jpg	zenjpeg	420	93	model_policy	39.969	89.620	0.4561	CjpegliYcbcr	1.0
people	ashford-marx-5nEMKAK1WQs-unsplash.jpg	zenjpeg	420	93	model_proj	39.969	89.629	0.4561	CjpegliYcbcr	1.0
people	ashford-marx-5nEMKAK1WQs-unsplash.jpg	zenjpeg	420	96	identity_off	42.808	92.134	0.3152	CjpegliYcbcr	0.5
people	ashford-marx-5nEMKAK1WQs-unsplash.jpg	zenjpeg	420	96	identity_auto	42.808	92.134	0.3152	CjpegliYcbcr	0.5
people	ashford-marx-5nEMKAK1WQs-unsplash.jpg	zenjpeg	420	96	model_off	42.813	92.169	0.3160	CjpegliYcbcr	0.5
people	ashford-marx-5nEMKAK1WQs-unsplash.jpg	zenjpeg	420	96	model_auto	42.817	92.185	0.3152	CjpegliYcbcr	0.5
people	ashford-marx-5nEMKAK1WQs-unsplash.jpg	zenjpeg	420	96	model_policy	42.815	92.091	0.3156	CjpegliYcbcr	0.5
people	ashford-marx-5nEMKAK1WQs-unsplash.jpg	zenjpeg	420	96	model_proj	42.815	92.059	0.3170	CjpegliYcbcr	0.5
people	ashford-marx-5nEMKAK1WQs-unsplash.jpg	zenjpeg	444	85	identity_off	36.479	85.168	0.7020	CjpegliYcbcr	1.4
people	ashford-marx-5nEMKAK1WQs-unsplash.jpg	zenjpeg	444	85	identity_auto	36.505	85.103	0.7252	CjpegliYcbcr	1.4
people	ashford-marx-5nEMKAK1WQs-unsplash.jpg	zenjpeg	444	85	model_off	36.586	85.210	0.7030	CjpegliYcbcr	1.4
people	ashford-marx-5nEMKAK1WQs-unsplash.jpg	zenjpeg	444	85	model_auto	36.565	85.111	0.7278	CjpegliYcbcr	1.4
people	ashford-marx-5nEMKAK1WQs-unsplash.jpg	zenjpeg	444	85	model_policy	36.593	85.183	0.7040	CjpegliYcbcr	1.4
people	ashford-marx-5nEMKAK1WQs-unsplash.jpg	zenjpeg	444	85	model_proj	36.599	85.279	0.6961	CjpegliYcbcr	1.4
people	ashford-marx-5nEMKAK1WQs-unsplash.jpg	zenjpeg	444	90	identity_off	38.831	88.275	0.5190	CjpegliYcbcr	1.1
people	ashford-marx-5nEMKAK1WQs-unsplash.jpg	zenjpeg	444	90	identity_auto	38.813	88.153	0.5512	CjpegliYcbcr	1.1
people	ashford-marx-5nEMKAK1WQs-unsplash.jpg	zenjpeg	444	90	model_off	38.895	88.317	0.5179	CjpegliYcbcr	1.1
people	ashford-marx-5nEMKAK1WQs-unsplash.jpg	zenjpeg	444	90	model_auto	38.847	88.196	0.5495	CjpegliYcbcr	1.1
people	ashford-marx-5nEMKAK1WQs-unsplash.jpg	zenjpeg	444	90	model_policy	38.902	88.338	0.5183	CjpegliYcbcr	1.1
people	ashford-marx-5nEMKAK1WQs-unsplash.jpg	zenjpeg	444	90	model_proj	38.920	88.419	0.5157	CjpegliYcbcr	1.1
people	ashford-marx-5nEMKAK1WQs-unsplash.jpg	zenjpeg	444	93	identity_off	40.982	90.433	0.3988	CjpegliYcbcr	0.7
people	ashford-marx-5nEMKAK1WQs-unsplash.jpg	zenjpeg	444	93	identity_auto	40.907	90.273	0.4427	CjpegliYcbcr	0.7
people	ashford-marx-5nEMKAK1WQs-unsplash.jpg	zenjpeg	444	93	model_off	41.023	90.476	0.3983	CjpegliYcbcr	0.7
people	ashford-marx-5nEMKAK1WQs-unsplash.jpg	zenjpeg	444	93	model_auto	40.928	90.305	0.4410	CjpegliYcbcr	0.7
people	ashford-marx-5nEMKAK1WQs-unsplash.jpg	zenjpeg	444	93	model_policy	41.030	90.464	0.3988	CjpegliYcbcr	0.7
people	ashford-marx-5nEMKAK1WQs-unsplash.jpg	zenjpeg	444	93	model_proj	41.033	90.503	0.3974	CjpegliYcbcr	0.7
people	ashford-marx-5nEMKAK1WQs-unsplash.jpg	zenjpeg	444	96	identity_off	43.834	92.814	0.2662	CjpegliYcbcr	0.3
people	ashford-marx-5nEMKAK1WQs-unsplash.jpg	zenjpeg	444	96	identity_auto	43.834	92.814	0.2662	CjpegliYcbcr	0.3
people	ashford-marx-5nEMKAK1WQs-unsplash.jpg	zenjpeg	444	96	model_off	43.854	92.797	0.2672	CjpegliYcbcr	0.3
people	ashford-marx-5nEMKAK1WQs-unsplash.jpg	zenjpeg	444	96	model_auto	43.847	92.864	0.2663	CjpegliYcbcr	0.3
people	ashford-marx-5nEMKAK1WQs-unsplash.jpg	zenjpeg	444	96	model_policy	43.859	92.757	0.2671	CjpegliYcbcr	0.3
people	ashford-marx-5nEMKAK1WQs-unsplash.jpg	zenjpeg	444	96	model_proj	43.727	92.709	0.2934	CjpegliYcbcr	0.3
screen	archive__details-collection__1440x900__dpr1.png	turbo	420	85	identity_off	99.000	100.000	0.0000	ImageMagick	85.0
screen	archive__details-collection__1440x900__dpr1.png	turbo	420	85	identity_auto	99.000	100.000	0.0000	ImageMagick	85.0
screen	archive__details-collection__1440x900__dpr1.png	turbo	420	85	model_off	76.847	95.144	0.0694	ImageMagick	85.0
screen	archive__details-collection__1440x900__dpr1.png	turbo	420	85	model_auto	79.853	95.358	0.0524	ImageMagick	85.0
screen	archive__details-collection__1440x900__dpr1.png	turbo	420	85	model_policy	71.610	95.493	0.1315	ImageMagick	85.0
screen	archive__details-collection__1440x900__dpr1.png	turbo	420	85	model_proj	71.610	95.493	0.1315	ImageMagick	85.0
screen	archive__details-collection__1440x900__dpr1.png	turbo	420	90	identity_off	99.000	100.000	0.0000	ImageMagick	90.0
screen	archive__details-collection__1440x900__dpr1.png	turbo	420	90	identity_auto	99.000	100.000	0.0000	ImageMagick	90.0
screen	archive__details-collection__1440x900__dpr1.png	turbo	420	90	model_off	76.847	95.144	0.0694	ImageMagick	90.0
screen	archive__details-collection__1440x900__dpr1.png	turbo	420	90	model_auto	79.853	95.358	0.0524	ImageMagick	90.0
screen	archive__details-collection__1440x900__dpr1.png	turbo	420	90	model_policy	71.610	95.493	0.1315	ImageMagick	90.0
screen	archive__details-collection__1440x900__dpr1.png	turbo	420	90	model_proj	71.610	95.493	0.1315	ImageMagick	90.0
screen	archive__details-collection__1440x900__dpr1.png	turbo	420	93	identity_off	99.000	100.000	0.0000	ImageMagick	93.0
screen	archive__details-collection__1440x900__dpr1.png	turbo	420	93	identity_auto	99.000	100.000	0.0000	ImageMagick	93.0
screen	archive__details-collection__1440x900__dpr1.png	turbo	420	93	model_off	76.847	95.144	0.0694	ImageMagick	93.0
screen	archive__details-collection__1440x900__dpr1.png	turbo	420	93	model_auto	79.853	95.358	0.0524	ImageMagick	93.0
screen	archive__details-collection__1440x900__dpr1.png	turbo	420	93	model_policy	71.610	95.493	0.1315	ImageMagick	93.0
screen	archive__details-collection__1440x900__dpr1.png	turbo	420	93	model_proj	71.600	94.061	0.1316	ImageMagick	93.0
screen	archive__details-collection__1440x900__dpr1.png	turbo	420	96	identity_off	99.000	100.000	0.0000	ImageMagick	96.0
screen	archive__details-collection__1440x900__dpr1.png	turbo	420	96	identity_auto	99.000	100.000	0.0000	ImageMagick	96.0
screen	archive__details-collection__1440x900__dpr1.png	turbo	420	96	model_off	76.847	95.144	0.0694	ImageMagick	96.0
screen	archive__details-collection__1440x900__dpr1.png	turbo	420	96	model_auto	79.853	95.358	0.0524	ImageMagick	96.0
screen	archive__details-collection__1440x900__dpr1.png	turbo	420	96	model_policy	71.610	95.493	0.1315	ImageMagick	96.0
screen	archive__details-collection__1440x900__dpr1.png	turbo	420	96	model_proj	69.641	95.328	0.1454	ImageMagick	96.0
screen	archive__details-collection__1440x900__dpr1.png	turbo	444	85	identity_off	99.000	100.000	0.0000	ImageMagick	85.0
screen	archive__details-collection__1440x900__dpr1.png	turbo	444	85	identity_auto	99.000	100.000	0.0000	ImageMagick	85.0
screen	archive__details-collection__1440x900__dpr1.png	turbo	444	85	model_off	76.847	95.144	0.0694	ImageMagick	85.0
screen	archive__details-collection__1440x900__dpr1.png	turbo	444	85	model_auto	79.853	95.358	0.0524	ImageMagick	85.0
screen	archive__details-collection__1440x900__dpr1.png	turbo	444	85	model_policy	71.610	95.493	0.1315	ImageMagick	85.0
screen	archive__details-collection__1440x900__dpr1.png	turbo	444	85	model_proj	52.986	90.714	0.8359	ImageMagick	85.0
screen	archive__details-collection__1440x900__dpr1.png	turbo	444	90	identity_off	99.000	100.000	0.0000	ImageMagick	90.0
screen	archive__details-collection__1440x900__dpr1.png	turbo	444	90	identity_auto	99.000	100.000	0.0000	ImageMagick	90.0
screen	archive__details-collection__1440x900__dpr1.png	turbo	444	90	model_off	76.847	95.144	0.0694	ImageMagick	90.0
screen	archive__details-collection__1440x900__dpr1.png	turbo	444	90	model_auto	79.853	95.358	0.0524	ImageMagick	90.0
screen	archive__details-collection__1440x900__dpr1.png	turbo	444	90	model_policy	71.610	95.493	0.1315	ImageMagick	90.0
screen	archive__details-collection__1440x900__dpr1.png	turbo	444	90	model_proj	49.925	88.478	0.8802	ImageMagick	90.0
screen	archive__details-collection__1440x900__dpr1.png	turbo	444	93	identity_off	99.000	100.000	0.0000	ImageMagick	93.0
screen	archive__details-collection__1440x900__dpr1.png	turbo	444	93	identity_auto	99.000	100.000	0.0000	ImageMagick	93.0
screen	archive__details-collection__1440x900__dpr1.png	turbo	444	93	model_off	76.847	95.144	0.0694	ImageMagick	93.0
screen	archive__details-collection__1440x900__dpr1.png	turbo	444	93	model_auto	79.853	95.358	0.0524	ImageMagick	93.0
screen	archive__details-collection__1440x900__dpr1.png	turbo	444	93	model_policy	71.610	95.493	0.1315	ImageMagick	93.0
screen	archive__details-collection__1440x900__dpr1.png	turbo	444	93	model_proj	48.195	90.221	1.8175	ImageMagick	93.0
screen	archive__details-collection__1440x900__dpr1.png	turbo	444	96	identity_off	99.000	100.000	0.0000	ImageMagick	96.0
screen	archive__details-collection__1440x900__dpr1.png	turbo	444	96	identity_auto	99.000	100.000	0.0000	ImageMagick	96.0
screen	archive__details-collection__1440x900__dpr1.png	turbo	444	96	model_off	76.847	95.144	0.0694	ImageMagick	96.0
screen	archive__details-collection__1440x900__dpr1.png	turbo	444	96	model_auto	79.853	95.358	0.0524	ImageMagick	96.0
screen	archive__details-collection__1440x900__dpr1.png	turbo	444	96	model_policy	71.610	95.493	0.1315	ImageMagick	96.0
screen	archive__details-collection__1440x900__dpr1.png	turbo	444	96	model_proj	48.164	89.786	1.8266	ImageMagick	96.0
screen	archive__details-collection__1440x900__dpr1.png	mozjpeg	420	85	identity_off	99.000	100.000	0.0000	Mozjpeg	85.0
screen	archive__details-collection__1440x900__dpr1.png	mozjpeg	420	85	identity_auto	99.000	100.000	0.0000	Mozjpeg	85.0
screen	archive__details-collection__1440x900__dpr1.png	mozjpeg	420	85	model_off	76.847	95.144	0.0694	Mozjpeg	85.0
screen	archive__details-collection__1440x900__dpr1.png	mozjpeg	420	85	model_auto	79.853	95.358	0.0524	Mozjpeg	85.0
screen	archive__details-collection__1440x900__dpr1.png	mozjpeg	420	85	model_policy	71.610	95.493	0.1315	Mozjpeg	85.0
screen	archive__details-collection__1440x900__dpr1.png	mozjpeg	420	85	model_proj	71.610	95.493	0.1315	Mozjpeg	85.0
screen	archive__details-collection__1440x900__dpr1.png	mozjpeg	420	90	identity_off	99.000	100.000	0.0000	Mozjpeg	90.0
screen	archive__details-collection__1440x900__dpr1.png	mozjpeg	420	90	identity_auto	99.000	100.000	0.0000	Mozjpeg	90.0
screen	archive__details-collection__1440x900__dpr1.png	mozjpeg	420	90	model_off	76.847	95.144	0.0694	Mozjpeg	90.0
screen	archive__details-collection__1440x900__dpr1.png	mozjpeg	420	90	model_auto	79.853	95.358	0.0524	Mozjpeg	90.0
screen	archive__details-collection__1440x900__dpr1.png	mozjpeg	420	90	model_policy	71.610	95.493	0.1315	Mozjpeg	90.0
screen	archive__details-collection__1440x900__dpr1.png	mozjpeg	420	90	model_proj	71.610	95.493	0.1315	Mozjpeg	90.0
screen	archive__details-collection__1440x900__dpr1.png	mozjpeg	420	93	identity_off	99.000	100.000	0.0000	Mozjpeg	93.0
screen	archive__details-collection__1440x900__dpr1.png	mozjpeg	420	93	identity_auto	99.000	100.000	0.0000	Mozjpeg	93.0
screen	archive__details-collection__1440x900__dpr1.png	mozjpeg	420	93	model_off	76.847	95.144	0.0694	Mozjpeg	93.0
screen	archive__details-collection__1440x900__dpr1.png	mozjpeg	420	93	model_auto	79.853	95.358	0.0524	Mozjpeg	93.0
screen	archive__details-collection__1440x900__dpr1.png	mozjpeg	420	93	model_policy	71.610	95.493	0.1315	Mozjpeg	93.0
screen	archive__details-collection__1440x900__dpr1.png	mozjpeg	420	93	model_proj	71.608	95.492	0.1315	Mozjpeg	93.0
screen	archive__details-collection__1440x900__dpr1.png	mozjpeg	420	96	identity_off	99.000	100.000	0.0000	Mozjpeg	96.0
screen	archive__details-collection__1440x900__dpr1.png	mozjpeg	420	96	identity_auto	99.000	100.000	0.0000	Mozjpeg	96.0
screen	archive__details-collection__1440x900__dpr1.png	mozjpeg	420	96	model_off	76.847	95.144	0.0694	Mozjpeg	96.0
screen	archive__details-collection__1440x900__dpr1.png	mozjpeg	420	96	model_auto	79.853	95.358	0.0524	Mozjpeg	96.0
screen	archive__details-collection__1440x900__dpr1.png	mozjpeg	420	96	model_policy	71.610	95.493	0.1315	Mozjpeg	96.0
screen	archive__details-collection__1440x900__dpr1.png	mozjpeg	420	96	model_proj	69.660	95.540	0.1449	Mozjpeg	96.0
screen	archive__details-collection__1440x900__dpr1.png	mozjpeg	444	85	identity_off	99.000	100.000	0.0000	Mozjpeg	85.0
screen	archive__details-collection__1440x900__dpr1.png	mozjpeg	444	85	identity_auto	99.000	100.000	0.0000	Mozjpeg	85.0
screen	archive__details-collection__1440x900__dpr1.png	mozjpeg	444	85	model_off	76.847	95.144	0.0694	Mozjpeg	85.0
screen	archive__details-collection__1440x900__dpr1.png	mozjpeg	444	85	model_auto	79.853	95.358	0.0524	Mozjpeg	85.0
screen	archive__details-collection__1440x900__dpr1.png	mozjpeg	444	85	model_policy	71.610	95.493	0.1315	Mozjpeg	85.0
screen	archive__details-collection__1440x900__dpr1.png	mozjpeg	444	85	model_proj	73.012	94.673	0.0985	Mozjpeg	85.0
screen	archive__details-collection__1440x900__dpr1.png	mozjpeg	444	90	identity_off	99.000	100.000	0.0000	Mozjpeg	90.0
screen	archive__details-collection__1440x900__dpr1.png	mozjpeg	444	90	identity_auto	99.000	100.000	0.0000	Mozjpeg	90.0
screen	archive__details-collection__1440x900__dpr1.png	mozjpeg	444	90	model_off	76.847	95.144	0.0694	Mozjpeg	90.0
screen	archive__details-collection__1440x900__dpr1.png	mozjpeg	444	90	model_auto	79.853	95.358	0.0524	Mozjpeg	90.0
screen	archive__details-collection__1440x900__dpr1.png	mozjpeg	444	90	model_policy	71.610	95.493	0.1315	Mozjpeg	90.0
screen	archive__details-collection__1440x900__dpr1.png	mozjpeg	444	90	model_proj	52.960	91.208	0.8302	Mozjpeg	90.0
screen	archive__details-collection__1440x900__dpr1.png	mozjpeg	444	93	identity_off	99.000	100.000	0.0000	Mozjpeg	93.0
screen	archive__details-collection__1440x900__dpr1.png	mozjpeg	444	93	identity_auto	99.000	100.000	0.0000	Mozjpeg	93.0
screen	archive__details-collection__1440x900__dpr1.png	mozjpeg	444	93	model_off	76.847	95.144	0.0694	Mozjpeg	93.0
screen	archive__details-collection__1440x900__dpr1.png	mozjpeg	444	93	model_auto	79.853	95.358	0.0524	Mozjpeg	93.0
screen	archive__details-collection__1440x900__dpr1.png	mozjpeg	444	93	model_policy	71.610	95.493	0.1315	Mozjpeg	93.0
screen	archive__details-collection__1440x900__dpr1.png	mozjpeg	444	93	model_proj	52.676	88.601	0.8545	Mozjpeg	93.0
screen	archive__details-collection__1440x900__dpr1.png	mozjpeg	444	96	identity_off	99.000	100.000	0.0000	Mozjpeg	96.0
screen	archive__details-collection__1440x900__dpr1.png	mozjpeg	444	96	identity_auto	99.000	100.000	0.0000	Mozjpeg	96.0
screen	archive__details-collection__1440x900__dpr1.png	mozjpeg	444	96	model_off	76.847	95.144	0.0694	Mozjpeg	96.0
screen	archive__details-collection__1440x900__dpr1.png	mozjpeg	444	96	model_auto	79.853	95.358	0.0524	Mozjpeg	96.0
screen	archive__details-collection__1440x900__dpr1.png	mozjpeg	444	96	model_policy	71.610	95.493	0.1315	Mozjpeg	96.0
screen	archive__details-collection__1440x900__dpr1.png	mozjpeg	444	96	model_proj	48.170	89.949	1.8248	Mozjpeg	96.0
screen	archive__details-collection__1440x900__dpr1.png	jpegli	420	85	identity_off	99.000	100.000	0.0000	CjpegliYcbcr	1.8
screen	archive__details-collection__1440x900__dpr1.png	jpegli	420	85	identity_auto	99.000	100.000	0.0000	CjpegliYcbcr	1.8
screen	archive__details-collection__1440x900__dpr1.png	jpegli	420	85	model_off	76.847	95.144	0.0694	CjpegliYcbcr	1.8
screen	archive__details-collection__1440x900__dpr1.png	jpegli	420	85	model_auto	79.853	95.358	0.0524	CjpegliYcbcr	1.8
screen	archive__details-collection__1440x900__dpr1.png	jpegli	420	85	model_policy	71.610	95.493	0.1315	CjpegliYcbcr	1.8
screen	archive__details-collection__1440x900__dpr1.png	jpegli	420	85	model_proj	71.610	95.493	0.1315	CjpegliYcbcr	1.8
screen	archive__details-collection__1440x900__dpr1.png	jpegli	420	90	identity_off	99.000	100.000	0.0000	CjpegliYcbcr	1.3
screen	archive__details-collection__1440x900__dpr1.png	jpegli	420	90	identity_auto	99.000	100.000	0.0000	CjpegliYcbcr	1.3
screen	archive__details-collection__1440x900__dpr1.png	jpegli	420	90	model_off	76.847	95.144	0.0694	CjpegliYcbcr	1.3
screen	archive__details-collection__1440x900__dpr1.png	jpegli	420	90	model_auto	79.853	95.358	0.0524	CjpegliYcbcr	1.3
screen	archive__details-collection__1440x900__dpr1.png	jpegli	420	90	model_policy	71.610	95.493	0.1315	CjpegliYcbcr	1.3
screen	archive__details-collection__1440x900__dpr1.png	jpegli	420	90	model_proj	71.610	95.493	0.1315	CjpegliYcbcr	1.3
screen	archive__details-collection__1440x900__dpr1.png	jpegli	420	93	identity_off	99.000	100.000	0.0000	CjpegliYcbcr	1.0
screen	archive__details-collection__1440x900__dpr1.png	jpegli	420	93	identity_auto	99.000	100.000	0.0000	CjpegliYcbcr	1.0
screen	archive__details-collection__1440x900__dpr1.png	jpegli	420	93	model_off	76.847	95.144	0.0694	CjpegliYcbcr	1.0
screen	archive__details-collection__1440x900__dpr1.png	jpegli	420	93	model_auto	79.853	95.358	0.0524	CjpegliYcbcr	1.0
screen	archive__details-collection__1440x900__dpr1.png	jpegli	420	93	model_policy	71.610	95.493	0.1315	CjpegliYcbcr	1.0
screen	archive__details-collection__1440x900__dpr1.png	jpegli	420	93	model_proj	71.610	95.493	0.1315	CjpegliYcbcr	1.0
screen	archive__details-collection__1440x900__dpr1.png	jpegli	420	96	identity_off	99.000	100.000	0.0000	CjpegliYcbcr	0.5
screen	archive__details-collection__1440x900__dpr1.png	jpegli	420	96	identity_auto	99.000	100.000	0.0000	CjpegliYcbcr	0.5
screen	archive__details-collection__1440x900__dpr1.png	jpegli	420	96	model_off	76.847	95.144	0.0694	CjpegliYcbcr	0.5
screen	archive__details-collection__1440x900__dpr1.png	jpegli	420	96	model_auto	79.853	95.358	0.0524	CjpegliYcbcr	0.5
screen	archive__details-collection__1440x900__dpr1.png	jpegli	420	96	model_policy	71.610	95.493	0.1315	CjpegliYcbcr	0.5
screen	archive__details-collection__1440x900__dpr1.png	jpegli	420	96	model_proj	71.616	95.517	0.1313	CjpegliYcbcr	0.5
screen	archive__details-collection__1440x900__dpr1.png	jpegli	444	85	identity_off	99.000	100.000	0.0000	CjpegliYcbcr	1.4
screen	archive__details-collection__1440x900__dpr1.png	jpegli	444	85	identity_auto	99.000	100.000	0.0000	CjpegliYcbcr	1.4
screen	archive__details-collection__1440x900__dpr1.png	jpegli	444	85	model_off	76.847	95.144	0.0694	CjpegliYcbcr	1.4
screen	archive__details-collection__1440x900__dpr1.png	jpegli	444	85	model_auto	79.853	95.358	0.0524	CjpegliYcbcr	1.4
screen	archive__details-collection__1440x900__dpr1.png	jpegli	444	85	model_policy	71.610	95.493	0.1315	CjpegliYcbcr	1.4
screen	archive__details-collection__1440x900__dpr1.png	jpegli	444	85	model_proj	71.610	95.493	0.1315	CjpegliYcbcr	1.4
screen	archive__details-collection__1440x900__dpr1.png	jpegli	444	90	identity_off	99.000	100.000	0.0000	CjpegliYcbcr	1.1
screen	archive__details-collection__1440x900__dpr1.png	jpegli	444	90	identity_auto	99.000	100.000	0.0000	CjpegliYcbcr	1.1
screen	archive__details-collection__1440x900__dpr1.png	jpegli	444	90	model_off	76.847	95.144	0.0694	CjpegliYcbcr	1.1
screen	archive__details-collection__1440x900__dpr1.png	jpegli	444	90	model_auto	79.853	95.358	0.0524	CjpegliYcbcr	1.1
screen	archive__details-collection__1440x900__dpr1.png	jpegli	444	90	model_policy	71.610	95.493	0.1315	CjpegliYcbcr	1.1
screen	archive__details-collection__1440x900__dpr1.png	jpegli	444	90	model_proj	76.993	94.869	0.0702	CjpegliYcbcr	1.1
screen	archive__details-collection__1440x900__dpr1.png	jpegli	444	93	identity_off	99.000	100.000	0.0000	CjpegliYcbcr	0.7
screen	archive__details-collection__1440x900__dpr1.png	jpegli	444	93	identity_auto	99.000	100.000	0.0000	CjpegliYcbcr	0.7
screen	archive__details-collection__1440x900__dpr1.png	jpegli	444	93	model_off	76.847	95.144	0.0694	CjpegliYcbcr	0.7
screen	archive__details-collection__1440x900__dpr1.png	jpegli	444	93	model_auto	79.853	95.358	0.0524	CjpegliYcbcr	0.7
screen	archive__details-collection__1440x900__dpr1.png	jpegli	444	93	model_policy	71.610	95.493	0.1315	CjpegliYcbcr	0.7
screen	archive__details-collection__1440x900__dpr1.png	jpegli	444	93	model_proj	94.535	95.196	0.0624	CjpegliYcbcr	0.7
screen	archive__details-collection__1440x900__dpr1.png	jpegli	444	96	identity_off	99.000	100.000	0.0000	CjpegliYcbcr	0.3
screen	archive__details-collection__1440x900__dpr1.png	jpegli	444	96	identity_auto	99.000	100.000	0.0000	CjpegliYcbcr	0.3
screen	archive__details-collection__1440x900__dpr1.png	jpegli	444	96	model_off	76.847	95.144	0.0694	CjpegliYcbcr	0.3
screen	archive__details-collection__1440x900__dpr1.png	jpegli	444	96	model_auto	79.853	95.358	0.0524	CjpegliYcbcr	0.3
screen	archive__details-collection__1440x900__dpr1.png	jpegli	444	96	model_policy	71.610	95.493	0.1315	CjpegliYcbcr	0.3
screen	archive__details-collection__1440x900__dpr1.png	jpegli	444	96	model_proj	68.921	94.703	0.1517	CjpegliYcbcr	0.3
screen	archive__details-collection__1440x900__dpr1.png	zenjpeg	420	85	identity_off	99.000	100.000	0.0000	CjpegliYcbcr	1.8
screen	archive__details-collection__1440x900__dpr1.png	zenjpeg	420	85	identity_auto	99.000	100.000	0.0000	CjpegliYcbcr	1.8
screen	archive__details-collection__1440x900__dpr1.png	zenjpeg	420	85	model_off	76.847	95.144	0.0694	CjpegliYcbcr	1.8
screen	archive__details-collection__1440x900__dpr1.png	zenjpeg	420	85	model_auto	79.853	95.358	0.0524	CjpegliYcbcr	1.8
screen	archive__details-collection__1440x900__dpr1.png	zenjpeg	420	85	model_policy	71.610	95.493	0.1315	CjpegliYcbcr	1.8
screen	archive__details-collection__1440x900__dpr1.png	zenjpeg	420	85	model_proj	71.610	95.493	0.1315	CjpegliYcbcr	1.8
screen	archive__details-collection__1440x900__dpr1.png	zenjpeg	420	90	identity_off	99.000	100.000	0.0000	CjpegliYcbcr	1.3
screen	archive__details-collection__1440x900__dpr1.png	zenjpeg	420	90	identity_auto	99.000	100.000	0.0000	CjpegliYcbcr	1.3
screen	archive__details-collection__1440x900__dpr1.png	zenjpeg	420	90	model_off	76.847	95.144	0.0694	CjpegliYcbcr	1.3
screen	archive__details-collection__1440x900__dpr1.png	zenjpeg	420	90	model_auto	79.853	95.358	0.0524	CjpegliYcbcr	1.3
screen	archive__details-collection__1440x900__dpr1.png	zenjpeg	420	90	model_policy	71.610	95.493	0.1315	CjpegliYcbcr	1.3
screen	archive__details-collection__1440x900__dpr1.png	zenjpeg	420	90	model_proj	71.610	95.493	0.1315	CjpegliYcbcr	1.3
screen	archive__details-collection__1440x900__dpr1.png	zenjpeg	420	93	identity_off	99.000	100.000	0.0000	CjpegliYcbcr	1.0
screen	archive__details-collection__1440x900__dpr1.png	zenjpeg	420	93	identity_auto	99.000	100.000	0.0000	CjpegliYcbcr	1.0
screen	archive__details-collection__1440x900__dpr1.png	zenjpeg	420	93	model_off	76.847	95.144	0.0694	CjpegliYcbcr	1.0
screen	archive__details-collection__1440x900__dpr1.png	zenjpeg	420	93	model_auto	79.853	95.358	0.0524	CjpegliYcbcr	1.0
screen	archive__details-collection__1440x900__dpr1.png	zenjpeg	420	93	model_policy	71.610	95.493	0.1315	CjpegliYcbcr	1.0
screen	archive__details-collection__1440x900__dpr1.png	zenjpeg	420	93	model_proj	71.610	95.493	0.1315	CjpegliYcbcr	1.0
screen	archive__details-collection__1440x900__dpr1.png	zenjpeg	420	96	identity_off	99.000	100.000	0.0000	CjpegliYcbcr	0.5
screen	archive__details-collection__1440x900__dpr1.png	zenjpeg	420	96	identity_auto	99.000	100.000	0.0000	CjpegliYcbcr	0.5
screen	archive__details-collection__1440x900__dpr1.png	zenjpeg	420	96	model_off	76.847	95.144	0.0694	CjpegliYcbcr	0.5
screen	archive__details-collection__1440x900__dpr1.png	zenjpeg	420	96	model_auto	79.853	95.358	0.0524	CjpegliYcbcr	0.5
screen	archive__details-collection__1440x900__dpr1.png	zenjpeg	420	96	model_policy	71.610	95.493	0.1315	CjpegliYcbcr	0.5
screen	archive__details-collection__1440x900__dpr1.png	zenjpeg	420	96	model_proj	70.506	95.606	0.1345	CjpegliYcbcr	0.5
screen	archive__details-collection__1440x900__dpr1.png	zenjpeg	444	85	identity_off	99.000	100.000	0.0000	CjpegliYcbcr	1.4
screen	archive__details-collection__1440x900__dpr1.png	zenjpeg	444	85	identity_auto	99.000	100.000	0.0000	CjpegliYcbcr	1.4
screen	archive__details-collection__1440x900__dpr1.png	zenjpeg	444	85	model_off	76.847	95.144	0.0694	CjpegliYcbcr	1.4
screen	archive__details-collection__1440x900__dpr1.png	zenjpeg	444	85	model_auto	79.853	95.358	0.0524	CjpegliYcbcr	1.4
screen	archive__details-collection__1440x900__dpr1.png	zenjpeg	444	85	model_policy	71.610	95.493	0.1315	CjpegliYcbcr	1.4
screen	archive__details-collection__1440x900__dpr1.png	zenjpeg	444	85	model_proj	71.610	95.493	0.1315	CjpegliYcbcr	1.4
screen	archive__details-collection__1440x900__dpr1.png	zenjpeg	444	90	identity_off	99.000	100.000	0.0000	CjpegliYcbcr	1.1
screen	archive__details-collection__1440x900__dpr1.png	zenjpeg	444	90	identity_auto	99.000	100.000	0.0000	CjpegliYcbcr	1.1
screen	archive__details-collection__1440x900__dpr1.png	zenjpeg	444	90	model_off	76.847	95.144	0.0694	CjpegliYcbcr	1.1
screen	archive__details-collection__1440x900__dpr1.png	zenjpeg	444	90	model_auto	79.853	95.358	0.0524	CjpegliYcbcr	1.1
screen	archive__details-collection__1440x900__dpr1.png	zenjpeg	444	90	model_policy	71.610	95.493	0.1315	CjpegliYcbcr	1.1
screen	archive__details-collection__1440x900__dpr1.png	zenjpeg	444	90	model_proj	76.993	94.869	0.0702	CjpegliYcbcr	1.1
screen	archive__details-collection__1440x900__dpr1.png	zenjpeg	444	93	identity_off	99.000	100.000	0.0000	CjpegliYcbcr	0.7
screen	archive__details-collection__1440x900__dpr1.png	zenjpeg	444	93	identity_auto	99.000	100.000	0.0000	CjpegliYcbcr	0.7
screen	archive__details-collection__1440x900__dpr1.png	zenjpeg	444	93	model_off	76.847	95.144	0.0694	CjpegliYcbcr	0.7
screen	archive__details-collection__1440x900__dpr1.png	zenjpeg	444	93	model_auto	79.853	95.358	0.0524	CjpegliYcbcr	0.7
screen	archive__details-collection__1440x900__dpr1.png	zenjpeg	444	93	model_policy	71.610	95.493	0.1315	CjpegliYcbcr	0.7
screen	archive__details-collection__1440x900__dpr1.png	zenjpeg	444	93	model_proj	94.535	95.196	0.0624	CjpegliYcbcr	0.7
screen	archive__details-collection__1440x900__dpr1.png	zenjpeg	444	96	identity_off	99.000	100.000	0.0000	CjpegliYcbcr	0.3
screen	archive__details-collection__1440x900__dpr1.png	zenjpeg	444	96	identity_auto	99.000	100.000	0.0000	CjpegliYcbcr	0.3
screen	archive__details-collection__1440x900__dpr1.png	zenjpeg	444	96	model_off	76.847	95.144	0.0694	CjpegliYcbcr	0.3
screen	archive__details-collection__1440x900__dpr1.png	zenjpeg	444	96	model_auto	79.853	95.358	0.0524	CjpegliYcbcr	0.3
screen	archive__details-collection__1440x900__dpr1.png	zenjpeg	444	96	model_policy	71.610	95.493	0.1315	CjpegliYcbcr	0.3
screen	archive__details-collection__1440x900__dpr1.png	zenjpeg	444	96	model_proj	52.859	87.944	1.3655	CjpegliYcbcr	0.3
screen	archive__wayback-search__1440x900__dpr1.png	turbo	420	85	identity_off	35.700	80.138	1.0981	ImageMagick	85.0
screen	archive__wayback-search__1440x900__dpr1.png	turbo	420	85	identity_auto	35.787	80.458	1.0684	ImageMagick	85.0
screen	archive__wayback-search__1440x900__dpr1.png	turbo	420	85	model_off	39.193	84.829	0.7611	ImageMagick	85.0
screen	archive__wayback-search__1440x900__dpr1.png	turbo	420	85	model_auto	39.206	84.903	0.7354	ImageMagick	85.0
screen	archive__wayback-search__1440x900__dpr1.png	turbo	420	85	model_policy	39.168	84.892	0.7613	ImageMagick	85.0
screen	archive__wayback-search__1440x900__dpr1.png	turbo	420	85	model_proj	39.271	84.982	0.7603	ImageMagick	85.0
screen	archive__wayback-search__1440x900__dpr1.png	turbo	420	90	identity_off	36.989	83.689	0.9048	ImageMagick	90.0
screen	archive__wayback-search__1440x900__dpr1.png	turbo	420	90	identity_auto	37.004	83.765	0.8963	ImageMagick	90.0
screen	archive__wayback-search__1440x900__dpr1.png	turbo	420	90	model_off	40.599	87.384	0.6251	ImageMagick	90.0
screen	archive__wayback-search__1440x900__dpr1.png	turbo	420	90	model_auto	40.542	87.149	0.6148	ImageMagick	90.0
screen	archive__wayback-search__1440x900__dpr1.png	turbo	420	90	model_policy	40.566	87.319	0.6259	ImageMagick	90.0
screen	archive__wayback-search__1440x900__dpr1.png	turbo	420	90	model_proj	40.696	87.520	0.6233	ImageMagick	90.0
screen	archive__wayback-search__1440x900__dpr1.png	turbo	420	93	identity_off	38.068	86.091	0.7625	ImageMagick	93.0
screen	archive__wayback-search__1440x900__dpr1.png	turbo	420	93	identity_auto	38.079	86.074	0.7559	ImageMagick	93.0
screen	archive__wayback-search__1440x900__dpr1.png	turbo	420	93	model_off	41.674	88.881	0.5310	ImageMagick	93.0
screen	archive__wayback-search__1440x900__dpr1.png	turbo	420	93	model_auto	41.533	88.770	0.5262	ImageMagick	93.0
screen	archive__wayback-search__1440x900__dpr1.png	turbo	420	93	model_policy	41.642	88.958	0.5317	ImageMagick	93.0
screen	archive__wayback-search__1440x900__dpr1.png	turbo	420	93	model_proj	41.795	89.045	0.5296	ImageMagick	93.0
screen	archive__wayback-search__1440x900__dpr1.png	turbo	420	96	identity_off	39.581	88.427	0.6001	ImageMagick	96.0
screen	archive__wayback-search__1440x900__dpr1.png	turbo	420	96	identity_auto	39.581	88.427	0.6001	ImageMagick	96.0
screen	archive__wayback-search__1440x900__dpr1.png	turbo	420	96	model_off	42.727	90.086	0.4536	ImageMagick	96.0
screen	archive__wayback-search__1440x900__dpr1.png	turbo	420	96	model_auto	42.569	89.945	0.4619	ImageMagick	96.0
screen	archive__wayback-search__1440x900__dpr1.png	turbo	420	96	model_policy	42.720	90.137	0.4545	ImageMagick	96.0
screen	archive__wayback-search__1440x900__dpr1.png	turbo	420	96	model_proj	42.943	90.267	0.4550	ImageMagick	96.0
screen	archive__wayback-search__1440x900__dpr1.png	turbo	444	85	identity_off	37.532	82.220	1.0057	ImageMagick	85.0
screen	archive__wayback-search__1440x900__dpr1.png	turbo	444	85	identity_auto	37.797	82.650	0.9742	ImageMagick	85.0
screen	archive__wayback-search__1440x900__dpr1.png	turbo	444	85	model_off	40.731	86.570	0.6977	ImageMagick	85.0
screen	archive__wayback-search__1440x900__dpr1.png	turbo	444	85	model_auto	40.711	86.468	0.6786	ImageMagick	85.0
screen	archive__wayback-search__1440x900__dpr1.png	turbo	444	85	model_policy	40.714	86.451	0.6988	ImageMagick	85.0
screen	archive__wayback-search__1440x900__dpr1.png	turbo	444	85	model_proj	40.770	87.124	0.6837	ImageMagick	85.0
screen	archive__wayback-search__1440x900__dpr1.png	turbo	444	90	identity_off	39.333	86.223	0.7931	ImageMagick	90.0
screen	archive__wayback-search__1440x900__dpr1.png	turbo	444	90	identity_auto	39.433	86.284	0.7842	ImageMagick	90.0
screen	archive__wayback-search__1440x900__dpr1.png	turbo	444	90	model_off	42.426	89.135	0.5479	ImageMagick	90.0
screen	archive__wayback-search__1440x900__dpr1.png	turbo	444	90	model_auto	42.273	89.093	0.5410	ImageMagick	90.0
screen	archive__wayback-search__1440x900__dpr1.png	turbo	444	90	model_policy	42.423	89.202	0.5476	ImageMagick	90.0
screen	archive__wayback-search__1440x900__dpr1.png	turbo	444	90	model_proj	42.453	89.728	0.5415	ImageMagick	90.0
screen	archive__wayback-search__1440x900__dpr1.png	turbo	444	93	identity_off	41.004	88.729	0.6354	ImageMagick	93.0
screen	archive__wayback-search__1440x900__dpr1.png	turbo	444	93	identity_auto	41.116	88.740	0.6286	ImageMagick	93.0
screen	archive__wayback-search__1440x900__dpr1.png	turbo	444	93	model_off	43.890	90.927	0.4376	ImageMagick	93.0
screen	archive__wayback-search__1440x900__dpr1.png	turbo	444	93	model_auto	43.665	90.864	0.4392	ImageMagick	93.0
screen	archive__wayback-search__1440x900__dpr1.png	turbo	444	93	model_policy	43.897	90.920	0.4382	ImageMagick	93.0
screen	archive__wayback-search__1440x900__dpr1.png	turbo	444	93	model_proj	43.878	91.143	0.4434	ImageMagick	93.0
screen	archive__wayback-search__1440x900__dpr1.png	turbo	444	96	identity_off	44.024	91.518	0.4402	ImageMagick	96.0
screen	archive__wayback-search__1440x900__dpr1.png	turbo	444	96	identity_auto	44.024	91.518	0.4402	ImageMagick	96.0
screen	archive__wayback-search__1440x900__dpr1.png	turbo	444	96	model_off	46.273	92.440	0.3250	ImageMagick	96.0
screen	archive__wayback-search__1440x900__dpr1.png	turbo	444	96	model_auto	46.023	92.368	0.3367	ImageMagick	96.0
screen	archive__wayback-search__1440x900__dpr1.png	turbo	444	96	model_policy	46.266	92.431	0.3261	ImageMagick	96.0
screen	archive__wayback-search__1440x900__dpr1.png	turbo	444	96	model_proj	46.114	92.290	0.3533	ImageMagick	96.0
screen	archive__wayback-search__1440x900__dpr1.png	mozjpeg	420	85	identity_off	34.427	79.007	1.2676	Mozjpeg	85.0
screen	archive__wayback-search__1440x900__dpr1.png	mozjpeg	420	85	identity_auto	34.504	79.202	1.2575	Mozjpeg	85.0
screen	archive__wayback-search__1440x900__dpr1.png	mozjpeg	420	85	model_off	37.336	83.208	0.9480	Mozjpeg	85.0
screen	archive__wayback-search__1440x900__dpr1.png	mozjpeg	420	85	model_auto	37.323	83.038	0.9493	Mozjpeg	85.0
screen	archive__wayback-search__1440x900__dpr1.png	mozjpeg	420	85	model_policy	37.310	83.201	0.9520	Mozjpeg	85.0
screen	archive__wayback-search__1440x900__dpr1.png	mozjpeg	420	85	model_proj	37.295	82.916	0.9723	Mozjpeg	85.0
screen	archive__wayback-search__1440x900__dpr1.png	mozjpeg	420	90	identity_off	35.891	82.279	1.0264	Mozjpeg	90.0
screen	archive__wayback-search__1440x900__dpr1.png	mozjpeg	420	90	identity_auto	35.915	82.340	1.0238	Mozjpeg	90.0
screen	archive__wayback-search__1440x900__dpr1.png	mozjpeg	420	90	model_off	38.941	85.743	0.7446	Mozjpeg	90.0
screen	archive__wayback-search__1440x900__dpr1.png	mozjpeg	420	90	model_auto	38.876	85.541	0.7408	Mozjpeg	90.0
screen	archive__wayback-search__1440x900__dpr1.png	mozjpeg	420	90	model_policy	38.908	85.728	0.7469	Mozjpeg	90.0
screen	archive__wayback-search__1440x900__dpr1.png	mozjpeg	420	90	model_proj	38.958	85.506	0.7667	Mozjpeg	90.0
screen	archive__wayback-search__1440x900__dpr1.png	mozjpeg	420	93	identity_off	37.004	84.585	0.8527	Mozjpeg	93.0
screen	archive__wayback-search__1440x900__dpr1.png	mozjpeg	420	93	identity_auto	37.021	84.666	0.8484	Mozjpeg	93.0
screen	archive__wayback-search__1440x900__dpr1.png	mozjpeg	420	93	model_off	40.122	87.324	0.6173	Mozjpeg	93.0
screen	archive__wayback-search__1440x900__dpr1.png	mozjpeg	420	93	model_auto	39.987	87.137	0.6161	Mozjpeg	93.0
screen	archive__wayback-search__1440x900__dpr1.png	mozjpeg	420	93	model_policy	40.094	87.297	0.6193	Mozjpeg	93.0
screen	archive__wayback-search__1440x900__dpr1.png	mozjpeg	420	93	model_proj	40.197	87.204	0.6343	Mozjpeg	93.0
screen	archive__wayback-search__1440x900__dpr1.png	mozjpeg	420	96	identity_off	38.537	86.987	0.6880	Mozjpeg	96.0
screen	archive__wayback-search__1440x900__dpr1.png	mozjpeg	420	96	identity_auto	38.537	86.987	0.6880	Mozjpeg	96.0
screen	archive__wayback-search__1440x900__dpr1.png	mozjpeg	420	96	model_off	41.558	88.924	0.5151	Mozjpeg	96.0
screen	archive__wayback-search__1440x900__dpr1.png	mozjpeg	420	96	model_auto	41.362	88.725	0.5216	Mozjpeg	96.0
screen	archive__wayback-search__1440x900__dpr1.png	mozjpeg	420	96	model_policy	41.537	88.930	0.5162	Mozjpeg	96.0
screen	archive__wayback-search__1440x900__dpr1.png	mozjpeg	420	96	model_proj	41.753	89.032	0.5245	Mozjpeg	96.0
screen	archive__wayback-search__1440x900__dpr1.png	mozjpeg	444	85	identity_off	35.916	80.680	1.1902	Mozjpeg	85.0
screen	archive__wayback-search__1440x900__dpr1.png	mozjpeg	444	85	identity_auto	36.071	80.953	1.1816	Mozjpeg	85.0
screen	archive__wayback-search__1440x900__dpr1.png	mozjpeg	444	85	model_off	38.482	84.583	0.9009	Mozjpeg	85.0
screen	archive__wayback-search__1440x900__dpr1.png	mozjpeg	444	85	model_auto	38.414	84.531	0.9110	Mozjpeg	85.0
screen	archive__wayback-search__1440x900__dpr1.png	mozjpeg	444	85	model_policy	38.475	84.583	0.9028	Mozjpeg	85.0
screen	archive__wayback-search__1440x900__dpr1.png	mozjpeg	444	85	model_proj	38.432	84.996	0.9140	Mozjpeg	85.0
screen	archive__wayback-search__1440x900__dpr1.png	mozjpeg	444	90	identity_off	38.036	84.308	0.9252	Mozjpeg	90.0
screen	archive__wayback-search__1440x900__dpr1.png	mozjpeg	444	90	identity_auto	38.101	84.436	0.9223	Mozjpeg	90.0
screen	archive__wayback-search__1440x900__dpr1.png	mozjpeg	444	90	model_off	40.482	87.202	0.6795	Mozjpeg	90.0
screen	archive__wayback-search__1440x900__dpr1.png	mozjpeg	444	90	model_auto	40.258	87.061	0.6849	Mozjpeg	90.0
screen	archive__wayback-search__1440x900__dpr1.png	mozjpeg	444	90	model_policy	40.483	87.236	0.6784	Mozjpeg	90.0
screen	archive__wayback-search__1440x900__dpr1.png	mozjpeg	444	90	model_proj	40.462	87.753	0.6847	Mozjpeg	90.0
screen	archive__wayback-search__1440x900__dpr1.png	mozjpeg	444	93	identity_off	39.887	87.012	0.7322	Mozjpeg	93.0
screen	archive__wayback-search__1440x900__dpr1.png	mozjpeg	444	93	identity_auto	39.955	87.019	0.7267	Mozjpeg	93.0
screen	archive__wayback-search__1440x900__dpr1.png	mozjpeg	444	93	model_off	42.110	89.231	0.5387	Mozjpeg	93.0
screen	archive__wayback-search__1440x900__dpr1.png	mozjpeg	444	93	model_auto	41.811	88.947	0.5480	Mozjpeg	93.0
screen	archive__wayback-search__1440x900__dpr1.png	mozjpeg	444	93	model_policy	42.113	89.145	0.5405	Mozjpeg	93.0
screen	archive__wayback-search__1440x900__dpr1.png	mozjpeg	444	93	model_proj	42.089	89.441	0.5480	Mozjpeg	93.0
screen	archive__wayback-search__1440x900__dpr1.png	mozjpeg	444	96	identity_off	43.077	89.922	0.5303	Mozjpeg	96.0
screen	archive__wayback-search__1440x900__dpr1.png	mozjpeg	444	96	identity_auto	43.077	89.922	0.5303	Mozjpeg	96.0
screen	archive__wayback-search__1440x900__dpr1.png	mozjpeg	444	96	model_off	44.726	90.975	0.3996	Mozjpeg	96.0
screen	archive__wayback-search__1440x900__dpr1.png	mozjpeg	444	96	model_auto	44.461	90.925	0.4119	Mozjpeg	96.0
screen	archive__wayback-search__1440x900__dpr1.png	mozjpeg	444	96	model_policy	44.723	91.111	0.3998	Mozjpeg	96.0
screen	archive__wayback-search__1440x900__dpr1.png	mozjpeg	444	96	model_proj	44.657	90.840	0.4191	Mozjpeg	96.0
screen	archive__wayback-search__1440x900__dpr1.png	jpegli	420	85	identity_off	36.499	82.421	0.9108	CjpegliYcbcr	1.8
screen	archive__wayback-search__1440x900__dpr1.png	jpegli	420	85	identity_auto	36.592	82.801	0.8779	CjpegliYcbcr	1.8
screen	archive__wayback-search__1440x900__dpr1.png	jpegli	420	85	model_off	39.631	86.127	0.6353	CjpegliYcbcr	1.8
screen	archive__wayback-search__1440x900__dpr1.png	jpegli	420	85	model_auto	39.603	86.073	0.6177	CjpegliYcbcr	1.8
screen	archive__wayback-search__1440x900__dpr1.png	jpegli	420	85	model_policy	39.623	86.115	0.6343	CjpegliYcbcr	1.8
screen	archive__wayback-search__1440x900__dpr1.png	jpegli	420	85	model_proj	39.647	86.124	0.6356	CjpegliYcbcr	1.8
screen	archive__wayback-search__1440x900__dpr1.png	jpegli	420	90	identity_off	37.783	85.447	0.7194	CjpegliYcbcr	1.3
screen	archive__wayback-search__1440x900__dpr1.png	jpegli	420	90	identity_auto	37.792	85.537	0.7152	CjpegliYcbcr	1.3
screen	archive__wayback-search__1440x900__dpr1.png	jpegli	420	90	model_off	41.024	88.145	0.4992	CjpegliYcbcr	1.3
screen	archive__wayback-search__1440x900__dpr1.png	jpegli	420	90	model_auto	40.890	87.951	0.5010	CjpegliYcbcr	1.3
screen	archive__wayback-search__1440x900__dpr1.png	jpegli	420	90	model_policy	41.016	88.120	0.4986	CjpegliYcbcr	1.3
screen	archive__wayback-search__1440x900__dpr1.png	jpegli	420	90	model_proj	41.058	88.104	0.5005	CjpegliYcbcr	1.3
screen	archive__wayback-search__1440x900__dpr1.png	jpegli	420	93	identity_off	38.653	87.113	0.5990	CjpegliYcbcr	1.0
screen	archive__wayback-search__1440x900__dpr1.png	jpegli	420	93	identity_auto	38.648	87.106	0.5984	CjpegliYcbcr	1.0
screen	archive__wayback-search__1440x900__dpr1.png	jpegli	420	93	model_off	41.768	89.092	0.4192	CjpegliYcbcr	1.0
screen	archive__wayback-search__1440x900__dpr1.png	jpegli	420	93	model_auto	41.565	88.743	0.4279	CjpegliYcbcr	1.0
screen	archive__wayback-search__1440x900__dpr1.png	jpegli	420	93	model_policy	41.768	89.060	0.4193	CjpegliYcbcr	1.0
screen	archive__wayback-search__1440x900__dpr1.png	jpegli	420	93	model_proj	41.838	89.050	0.4219	CjpegliYcbcr	1.0
screen	archive__wayback-search__1440x900__dpr1.png	jpegli	420	96	identity_off	39.482	88.527	0.4934	CjpegliYcbcr	0.5
screen	archive__wayback-search__1440x900__dpr1.png	jpegli	420	96	identity_auto	39.482	88.527	0.4934	CjpegliYcbcr	0.5
screen	archive__wayback-search__1440x900__dpr1.png	jpegli	420	96	model_off	42.239	89.756	0.3659	CjpegliYcbcr	0.5
screen	archive__wayback-search__1440x900__dpr1.png	jpegli	420	96	model_auto	42.185	89.621	0.3707	CjpegliYcbcr	0.5
screen	archive__wayback-search__1440x900__dpr1.png	jpegli	420	96	model_policy	42.244	89.587	0.3665	CjpegliYcbcr	0.5
screen	archive__wayback-search__1440x900__dpr1.png	jpegli	420	96	model_proj	42.367	89.580	0.3732	CjpegliYcbcr	0.5
screen	archive__wayback-search__1440x900__dpr1.png	jpegli	444	85	identity_off	37.208	82.221	0.7876	CjpegliYcbcr	1.4
screen	archive__wayback-search__1440x900__dpr1.png	jpegli	444	85	identity_auto	37.277	82.455	0.7840	CjpegliYcbcr	1.4
screen	archive__wayback-search__1440x900__dpr1.png	jpegli	444	85	model_off	40.341	85.855	0.5384	CjpegliYcbcr	1.4
screen	archive__wayback-search__1440x900__dpr1.png	jpegli	444	85	model_auto	40.267	85.745	0.5402	CjpegliYcbcr	1.4
screen	archive__wayback-search__1440x900__dpr1.png	jpegli	444	85	model_policy	40.322	85.752	0.5387	CjpegliYcbcr	1.4
screen	archive__wayback-search__1440x900__dpr1.png	jpegli	444	85	model_proj	40.351	85.956	0.5381	CjpegliYcbcr	1.4
screen	archive__wayback-search__1440x900__dpr1.png	jpegli	444	90	identity_off	38.771	85.100	0.6219	CjpegliYcbcr	1.1
screen	archive__wayback-search__1440x900__dpr1.png	jpegli	444	90	identity_auto	38.837	85.129	0.6141	CjpegliYcbcr	1.1
screen	archive__wayback-search__1440x900__dpr1.png	jpegli	444	90	model_off	41.898	87.621	0.4300	CjpegliYcbcr	1.1
screen	archive__wayback-search__1440x900__dpr1.png	jpegli	444	90	model_auto	41.695	87.458	0.4335	CjpegliYcbcr	1.1
screen	archive__wayback-search__1440x900__dpr1.png	jpegli	444	90	model_policy	41.889	87.635	0.4298	CjpegliYcbcr	1.1
screen	archive__wayback-search__1440x900__dpr1.png	jpegli	444	90	model_proj	41.965	87.952	0.4181	CjpegliYcbcr	1.1
screen	archive__wayback-search__1440x900__dpr1.png	jpegli	444	93	identity_off	40.202	87.150	0.4818	CjpegliYcbcr	0.7
screen	archive__wayback-search__1440x900__dpr1.png	jpegli	444	93	identity_auto	40.276	87.238	0.4789	CjpegliYcbcr	0.7
screen	archive__wayback-search__1440x900__dpr1.png	jpegli	444	93	model_off	43.092	88.929	0.3358	CjpegliYcbcr	0.7
screen	archive__wayback-search__1440x900__dpr1.png	jpegli	444	93	model_auto	42.827	88.639	0.3477	CjpegliYcbcr	0.7
screen	archive__wayback-search__1440x900__dpr1.png	jpegli	444	93	model_policy	43.097	88.948	0.3358	CjpegliYcbcr	0.7
screen	archive__wayback-search__1440x900__dpr1.png	jpegli	444	93	model_proj	43.140	88.997	0.3272	CjpegliYcbcr	0.7
screen	archive__wayback-search__1440x900__dpr1.png	jpegli	444	96	identity_off	42.266	89.486	0.3423	CjpegliYcbcr	0.3
screen	archive__wayback-search__1440x900__dpr1.png	jpegli	444	96	identity_auto	42.266	89.486	0.3423	CjpegliYcbcr	0.3
screen	archive__wayback-search__1440x900__dpr1.png	jpegli	444	96	model_off	44.388	90.230	0.2580	CjpegliYcbcr	0.3
screen	archive__wayback-search__1440x900__dpr1.png	jpegli	444	96	model_auto	44.287	90.063	0.2665	CjpegliYcbcr	0.3
screen	archive__wayback-search__1440x900__dpr1.png	jpegli	444	96	model_policy	44.407	90.245	0.2577	CjpegliYcbcr	0.3
screen	archive__wayback-search__1440x900__dpr1.png	jpegli	444	96	model_proj	44.441	90.396	0.2514	CjpegliYcbcr	0.3
screen	archive__wayback-search__1440x900__dpr1.png	zenjpeg	420	85	identity_off	36.496	82.748	0.9504	CjpegliYcbcr	1.8
screen	archive__wayback-search__1440x900__dpr1.png	zenjpeg	420	85	identity_auto	36.591	83.144	0.9156	CjpegliYcbcr	1.8
screen	archive__wayback-search__1440x900__dpr1.png	zenjpeg	420	85	model_off	39.517	86.019	0.6884	CjpegliYcbcr	1.8
screen	archive__wayback-search__1440x900__dpr1.png	zenjpeg	420	85	model_auto	39.502	85.990	0.6666	CjpegliYcbcr	1.8
screen	archive__wayback-search__1440x900__dpr1.png	zenjpeg	420	85	model_policy	39.507	86.001	0.6878	CjpegliYcbcr	1.8
screen	archive__wayback-search__1440x900__dpr1.png	zenjpeg	420	85	model_proj	39.480	85.697	0.7186	CjpegliYcbcr	1.8
screen	archive__wayback-search__1440x900__dpr1.png	zenjpeg	420	90	identity_off	37.758	85.613	0.7732	CjpegliYcbcr	1.3
screen	archive__wayback-search__1440x900__dpr1.png	zenjpeg	420	90	identity_auto	37.774	85.689	0.7598	CjpegliYcbcr	1.3
screen	archive__wayback-search__1440x900__dpr1.png	zenjpeg	420	90	model_off	40.900	88.106	0.5615	CjpegliYcbcr	1.3
screen	archive__wayback-search__1440x900__dpr1.png	zenjpeg	420	90	model_auto	40.775	87.981	0.5532	CjpegliYcbcr	1.3
screen	archive__wayback-search__1440x900__dpr1.png	zenjpeg	420	90	model_policy	40.890	88.106	0.5609	CjpegliYcbcr	1.3
screen	archive__wayback-search__1440x900__dpr1.png	zenjpeg	420	90	model_proj	40.911	87.921	0.5804	CjpegliYcbcr	1.3
screen	archive__wayback-search__1440x900__dpr1.png	zenjpeg	420	93	identity_off	38.611	87.183	0.6643	CjpegliYcbcr	1.0
screen	archive__wayback-search__1440x900__dpr1.png	zenjpeg	420	93	identity_auto	38.612	87.338	0.6539	CjpegliYcbcr	1.0
screen	archive__wayback-search__1440x900__dpr1.png	zenjpeg	420	93	model_off	41.612	89.014	0.4967	CjpegliYcbcr	1.0
screen	archive__wayback-search__1440x900__dpr1.png	zenjpeg	420	93	model_auto	41.422	88.789	0.4950	CjpegliYcbcr	1.0
screen	archive__wayback-search__1440x900__dpr1.png	zenjpeg	420	93	model_policy	41.606	89.142	0.4966	CjpegliYcbcr	1.0
screen	archive__wayback-search__1440x900__dpr1.png	zenjpeg	420	93	model_proj	41.689	88.883	0.5068	CjpegliYcbcr	1.0
screen	archive__wayback-search__1440x900__dpr1.png	zenjpeg	420	96	identity_off	39.432	88.589	0.5707	CjpegliYcbcr	0.5
screen	archive__wayback-search__1440x900__dpr1.png	zenjpeg	420	96	identity_auto	39.432	88.589	0.5707	CjpegliYcbcr	0.5
screen	archive__wayback-search__1440x900__dpr1.png	zenjpeg	420	96	model_off	42.067	89.725	0.4579	CjpegliYcbcr	0.5
screen	archive__wayback-search__1440x900__dpr1.png	zenjpeg	420	96	model_auto	42.011	89.521	0.4623	CjpegliYcbcr	0.5
screen	archive__wayback-search__1440x900__dpr1.png	zenjpeg	420	96	model_policy	42.079	89.741	0.4576	CjpegliYcbcr	0.5
screen	archive__wayback-search__1440x900__dpr1.png	zenjpeg	420	96	model_proj	42.227	89.642	0.4622	CjpegliYcbcr	0.5
screen	archive__wayback-search__1440x900__dpr1.png	zenjpeg	444	85	identity_off	37.174	82.656	0.8510	CjpegliYcbcr	1.4
screen	archive__wayback-search__1440x900__dpr1.png	zenjpeg	444	85	identity_auto	37.247	82.812	0.8375	CjpegliYcbcr	1.4
screen	archive__wayback-search__1440x900__dpr1.png	zenjpeg	444	85	model_off	40.189	86.051	0.6150	CjpegliYcbcr	1.4
screen	archive__wayback-search__1440x900__dpr1.png	zenjpeg	444	85	model_auto	40.118	85.828	0.6046	CjpegliYcbcr	1.4
screen	archive__wayback-search__1440x900__dpr1.png	zenjpeg	444	85	model_policy	40.171	85.970	0.6153	CjpegliYcbcr	1.4
screen	archive__wayback-search__1440x900__dpr1.png	zenjpeg	444	85	model_proj	40.170	85.829	0.6323	CjpegliYcbcr	1.4
screen	archive__wayback-search__1440x900__dpr1.png	zenjpeg	444	90	identity_off	38.707	85.231	0.6818	CjpegliYcbcr	1.1
screen	archive__wayback-search__1440x900__dpr1.png	zenjpeg	444	90	identity_auto	38.780	85.364	0.6676	CjpegliYcbcr	1.1
screen	archive__wayback-search__1440x900__dpr1.png	zenjpeg	444	90	model_off	41.729	87.575	0.5017	CjpegliYcbcr	1.1
screen	archive__wayback-search__1440x900__dpr1.png	zenjpeg	444	90	model_auto	41.549	87.407	0.4961	CjpegliYcbcr	1.1
screen	archive__wayback-search__1440x900__dpr1.png	zenjpeg	444	90	model_policy	41.720	87.687	0.5023	CjpegliYcbcr	1.1
screen	archive__wayback-search__1440x900__dpr1.png	zenjpeg	444	90	model_proj	41.765	87.674	0.4957	CjpegliYcbcr	1.1
screen	archive__wayback-search__1440x900__dpr1.png	zenjpeg	444	93	identity_off	40.093	87.292	0.5601	CjpegliYcbcr	0.7
screen	archive__wayback-search__1440x900__dpr1.png	zenjpeg	444	93	identity_auto	40.162	87.304	0.5450	CjpegliYcbcr	0.7
screen	archive__wayback-search__1440x900__dpr1.png	zenjpeg	444	93	model_off	42.879	88.789	0.4258	CjpegliYcbcr	0.7
screen	archive__wayback-search__1440x900__dpr1.png	zenjpeg	444	93	model_auto	42.606	88.585	0.4218	CjpegliYcbcr	0.7
screen	archive__wayback-search__1440x900__dpr1.png	zenjpeg	444	93	model_policy	42.886	89.037	0.4259	CjpegliYcbcr	0.7
screen	archive__wayback-search__1440x900__dpr1.png	zenjpeg	444	93	model_proj	42.940	88.979	0.4155	CjpegliYcbcr	0.7
screen	archive__wayback-search__1440x900__dpr1.png	zenjpeg	444	96	identity_off	42.108	89.399	0.4349	CjpegliYcbcr	0.3
screen	archive__wayback-search__1440x900__dpr1.png	zenjpeg	444	96	identity_auto	42.108	89.399	0.4349	CjpegliYcbcr	0.3
screen	archive__wayback-search__1440x900__dpr1.png	zenjpeg	444	96	model_off	44.128	90.117	0.3672	CjpegliYcbcr	0.3
screen	archive__wayback-search__1440x900__dpr1.png	zenjpeg	444	96	model_auto	44.017	90.104	0.3736	CjpegliYcbcr	0.3
screen	archive__wayback-search__1440x900__dpr1.png	zenjpeg	444	96	model_policy	44.142	90.170	0.3664	CjpegliYcbcr	0.3
screen	archive__wayback-search__1440x900__dpr1.png	zenjpeg	444	96	model_proj	44.248	90.511	0.3161	CjpegliYcbcr	0.3
screen	archives__exhibits__1440x900__dpr1.png	turbo	420	85	identity_off	35.627	78.874	1.1350	ImageMagick	85.0
screen	archives__exhibits__1440x900__dpr1.png	turbo	420	85	identity_auto	35.587	78.958	1.1634	ImageMagick	85.0
screen	archives__exhibits__1440x900__dpr1.png	turbo	420	85	model_off	38.802	84.823	0.7823	ImageMagick	85.0
screen	archives__exhibits__1440x900__dpr1.png	turbo	420	85	model_auto	38.721	84.762	0.8072	ImageMagick	85.0
screen	archives__exhibits__1440x900__dpr1.png	turbo	420	85	model_policy	38.807	84.969	0.7805	ImageMagick	85.0
screen	archives__exhibits__1440x900__dpr1.png	turbo	420	85	model_proj	39.239	86.491	0.6138	ImageMagick	85.0
screen	archives__exhibits__1440x900__dpr1.png	turbo	420	90	identity_off	36.761	82.640	0.9593	ImageMagick	90.0
screen	archives__exhibits__1440x900__dpr1.png	turbo	420	90	identity_auto	36.705	82.365	0.9929	ImageMagick	90.0
screen	archives__exhibits__1440x900__dpr1.png	turbo	420	90	model_off	39.965	87.018	0.6648	ImageMagick	90.0
screen	archives__exhibits__1440x900__dpr1.png	turbo	420	90	model_auto	39.856	86.827	0.6972	ImageMagick	90.0
screen	archives__exhibits__1440x900__dpr1.png	turbo	420	90	model_policy	39.966	86.946	0.6633	ImageMagick	90.0
screen	archives__exhibits__1440x900__dpr1.png	turbo	420	90	model_proj	40.377	88.146	0.5255	ImageMagick	90.0
screen	archives__exhibits__1440x900__dpr1.png	turbo	420	93	identity_off	37.365	84.598	0.8836	ImageMagick	93.0
screen	archives__exhibits__1440x900__dpr1.png	turbo	420	93	identity_auto	37.306	84.344	0.9148	ImageMagick	93.0
screen	archives__exhibits__1440x900__dpr1.png	turbo	420	93	model_off	40.623	88.034	0.6185	ImageMagick	93.0
screen	archives__exhibits__1440x900__dpr1.png	turbo	420	93	model_auto	40.488	87.843	0.6505	ImageMagick	93.0
screen	archives__exhibits__1440x900__dpr1.png	turbo	420	93	model_policy	40.620	88.061	0.6171	ImageMagick	93.0
screen	archives__exhibits__1440x900__dpr1.png	turbo	420	93	model_proj	41.011	88.878	0.4946	ImageMagick	93.0
screen	archives__exhibits__1440x900__dpr1.png	turbo	420	96	identity_off	37.828	86.094	0.8289	ImageMagick	96.0
screen	archives__exhibits__1440x900__dpr1.png	turbo	420	96	identity_auto	37.828	86.094	0.8289	ImageMagick	96.0
screen	archives__exhibits__1440x900__dpr1.png	turbo	420	96	model_off	41.124	88.874	0.5876	ImageMagick	96.0
screen	archives__exhibits__1440x900__dpr1.png	turbo	420	96	model_auto	41.039	88.899	0.5934	ImageMagick	96.0
screen	archives__exhibits__1440x900__dpr1.png	turbo	420	96	model_policy	41.123	88.850	0.5857	ImageMagick	96.0
screen	archives__exhibits__1440x900__dpr1.png	turbo	420	96	model_proj	41.503	89.557	0.4726	ImageMagick	96.0
screen	archives__exhibits__1440x900__dpr1.png	turbo	444	85	identity_off	38.851	82.806	0.9322	ImageMagick	85.0
screen	archives__exhibits__1440x900__dpr1.png	turbo	444	85	identity_auto	38.838	82.710	0.9460	ImageMagick	85.0
screen	archives__exhibits__1440x900__dpr1.png	turbo	444	85	model_off	41.504	87.440	0.6365	ImageMagick	85.0
screen	archives__exhibits__1440x900__dpr1.png	turbo	444	85	model_auto	41.397	87.123	0.6509	ImageMagick	85.0
screen	archives__exhibits__1440x900__dpr1.png	turbo	444	85	model_policy	41.536	87.455	0.6336	ImageMagick	85.0
screen	archives__exhibits__1440x900__dpr1.png	turbo	444	85	model_proj	42.203	89.210	0.5037	ImageMagick	85.0
screen	archives__exhibits__1440x900__dpr1.png	turbo	444	90	identity_off	41.764	87.192	0.6656	ImageMagick	90.0
screen	archives__exhibits__1440x900__dpr1.png	turbo	444	90	identity_auto	41.675	86.821	0.6898	ImageMagick	90.0
screen	archives__exhibits__1440x900__dpr1.png	turbo	444	90	model_off	44.009	89.948	0.4577	ImageMagick	90.0
screen	archives__exhibits__1440x900__dpr1.png	turbo	444	90	model_auto	43.845	89.532	0.4803	ImageMagick	90.0
screen	archives__exhibits__1440x900__dpr1.png	turbo	444	90	model_policy	44.053	89.971	0.4561	ImageMagick	90.0
screen	archives__exhibits__1440x900__dpr1.png	turbo	444	90	model_proj	44.785	90.880	0.3605	ImageMagick	90.0
screen	archives__exhibits__1440x900__dpr1.png	turbo	444	93	identity_off	44.418	89.652	0.4940	ImageMagick	93.0
screen	archives__exhibits__1440x900__dpr1.png	turbo	444	93	identity_auto	44.266	89.429	0.5185	ImageMagick	93.0
screen	archives__exhibits__1440x900__dpr1.png	turbo	444	93	model_off	46.187	91.361	0.3425	ImageMagick	93.0
screen	archives__exhibits__1440x900__dpr1.png	turbo	444	93	model_auto	46.034	91.085	0.3686	ImageMagick	93.0
screen	archives__exhibits__1440x900__dpr1.png	turbo	444	93	model_policy	46.216	91.359	0.3415	ImageMagick	93.0
screen	archives__exhibits__1440x900__dpr1.png	turbo	444	93	model_proj	46.955	91.651	0.2788	ImageMagick	93.0
screen	archives__exhibits__1440x900__dpr1.png	turbo	444	96	identity_off	48.958	92.230	0.3026	ImageMagick	96.0
screen	archives__exhibits__1440x900__dpr1.png	turbo	444	96	identity_auto	48.958	92.230	0.3026	ImageMagick	96.0
screen	archives__exhibits__1440x900__dpr1.png	turbo	444	96	model_off	49.996	92.718	0.2166	ImageMagick	96.0
screen	archives__exhibits__1440x900__dpr1.png	turbo	444	96	model_auto	50.130	92.833	0.2159	ImageMagick	96.0
screen	archives__exhibits__1440x900__dpr1.png	turbo	444	96	model_policy	50.003	92.767	0.2157	ImageMagick	96.0
screen	archives__exhibits__1440x900__dpr1.png	turbo	444	96	model_proj	50.699	92.252	0.2322	ImageMagick	96.0
screen	archives__exhibits__1440x900__dpr1.png	mozjpeg	420	85	identity_off	32.560	76.717	1.5603	Mozjpeg	85.0
screen	archives__exhibits__1440x900__dpr1.png	mozjpeg	420	85	identity_auto	32.548	76.318	1.5972	Mozjpeg	85.0
screen	archives__exhibits__1440x900__dpr1.png	mozjpeg	420	85	model_off	35.493	82.086	1.1738	Mozjpeg	85.0
screen	archives__exhibits__1440x900__dpr1.png	mozjpeg	420	85	model_auto	35.439	81.740	1.2029	Mozjpeg	85.0
screen	archives__exhibits__1440x900__dpr1.png	mozjpeg	420	85	model_policy	35.488	82.092	1.1766	Mozjpeg	85.0
screen	archives__exhibits__1440x900__dpr1.png	mozjpeg	420	85	model_proj	35.808	84.316	0.8659	Mozjpeg	85.0
screen	archives__exhibits__1440x900__dpr1.png	mozjpeg	420	90	identity_off	34.089	79.516	1.2301	Mozjpeg	90.0
screen	archives__exhibits__1440x900__dpr1.png	mozjpeg	420	90	identity_auto	34.067	79.240	1.2572	Mozjpeg	90.0
screen	archives__exhibits__1440x900__dpr1.png	mozjpeg	420	90	model_off	37.053	84.136	0.9331	Mozjpeg	90.0
screen	archives__exhibits__1440x900__dpr1.png	mozjpeg	420	90	model_auto	36.967	83.858	0.9585	Mozjpeg	90.0
screen	archives__exhibits__1440x900__dpr1.png	mozjpeg	420	90	model_policy	37.048	84.144	0.9359	Mozjpeg	90.0
screen	archives__exhibits__1440x900__dpr1.png	mozjpeg	420	90	model_proj	37.449	85.741	0.7255	Mozjpeg	90.0
screen	archives__exhibits__1440x900__dpr1.png	mozjpeg	420	93	identity_off	35.347	81.620	1.0510	Mozjpeg	93.0
screen	archives__exhibits__1440x900__dpr1.png	mozjpeg	420	93	identity_auto	35.317	81.407	1.0781	Mozjpeg	93.0
screen	archives__exhibits__1440x900__dpr1.png	mozjpeg	420	93	model_off	38.354	85.573	0.7674	Mozjpeg	93.0
screen	archives__exhibits__1440x900__dpr1.png	mozjpeg	420	93	model_auto	38.247	85.403	0.7958	Mozjpeg	93.0
screen	archives__exhibits__1440x900__dpr1.png	mozjpeg	420	93	model_policy	38.352	85.565	0.7667	Mozjpeg	93.0
screen	archives__exhibits__1440x900__dpr1.png	mozjpeg	420	93	model_proj	38.795	86.981	0.5863	Mozjpeg	93.0
screen	archives__exhibits__1440x900__dpr1.png	mozjpeg	420	96	identity_off	36.728	84.144	0.9458	Mozjpeg	96.0
screen	archives__exhibits__1440x900__dpr1.png	mozjpeg	420	96	identity_auto	36.728	84.144	0.9458	Mozjpeg	96.0
screen	archives__exhibits__1440x900__dpr1.png	mozjpeg	420	96	model_off	39.800	87.403	0.6760	Mozjpeg	96.0
screen	archives__exhibits__1440x900__dpr1.png	mozjpeg	420	96	model_auto	39.713	87.338	0.6833	Mozjpeg	96.0
screen	archives__exhibits__1440x900__dpr1.png	mozjpeg	420	96	model_policy	39.801	87.390	0.6731	Mozjpeg	96.0
screen	archives__exhibits__1440x900__dpr1.png	mozjpeg	420	96	model_proj	40.265	88.298	0.5092	Mozjpeg	96.0
screen	archives__exhibits__1440x900__dpr1.png	mozjpeg	444	85	identity_off	34.331	80.688	1.4998	Mozjpeg	85.0
screen	archives__exhibits__1440x900__dpr1.png	mozjpeg	444	85	identity_auto	34.323	80.242	1.5339	Mozjpeg	85.0
screen	archives__exhibits__1440x900__dpr1.png	mozjpeg	444	85	model_off	36.903	84.582	1.1376	Mozjpeg	85.0
screen	archives__exhibits__1440x900__dpr1.png	mozjpeg	444	85	model_auto	36.860	84.234	1.1629	Mozjpeg	85.0
screen	archives__exhibits__1440x900__dpr1.png	mozjpeg	444	85	model_policy	36.909	84.581	1.1397	Mozjpeg	85.0
screen	archives__exhibits__1440x900__dpr1.png	mozjpeg	444	85	model_proj	37.152	86.588	0.8472	Mozjpeg	85.0
screen	archives__exhibits__1440x900__dpr1.png	mozjpeg	444	90	identity_off	36.780	84.245	1.1244	Mozjpeg	90.0
screen	archives__exhibits__1440x900__dpr1.png	mozjpeg	444	90	identity_auto	36.764	83.811	1.1458	Mozjpeg	90.0
screen	archives__exhibits__1440x900__dpr1.png	mozjpeg	444	90	model_off	39.182	87.110	0.8699	Mozjpeg	90.0
screen	archives__exhibits__1440x900__dpr1.png	mozjpeg	444	90	model_auto	39.107	86.726	0.8902	Mozjpeg	90.0
screen	archives__exhibits__1440x900__dpr1.png	mozjpeg	444	90	model_policy	39.193	87.030	0.8729	Mozjpeg	90.0
screen	archives__exhibits__1440x900__dpr1.png	mozjpeg	444	90	model_proj	39.510	88.277	0.6938	Mozjpeg	90.0
screen	archives__exhibits__1440x900__dpr1.png	mozjpeg	444	93	identity_off	39.463	87.000	0.8394	Mozjpeg	93.0
screen	archives__exhibits__1440x900__dpr1.png	mozjpeg	444	93	identity_auto	39.434	86.714	0.8549	Mozjpeg	93.0
screen	archives__exhibits__1440x900__dpr1.png	mozjpeg	444	93	model_off	41.603	88.994	0.6388	Mozjpeg	93.0
screen	archives__exhibits__1440x900__dpr1.png	mozjpeg	444	93	model_auto	41.479	88.741	0.6592	Mozjpeg	93.0
screen	archives__exhibits__1440x900__dpr1.png	mozjpeg	444	93	model_policy	41.624	88.974	0.6390	Mozjpeg	93.0
screen	archives__exhibits__1440x900__dpr1.png	mozjpeg	444	93	model_proj	41.998	89.667	0.5172	Mozjpeg	93.0
screen	archives__exhibits__1440x900__dpr1.png	mozjpeg	444	96	identity_off	44.341	90.401	0.4275	Mozjpeg	96.0
screen	archives__exhibits__1440x900__dpr1.png	mozjpeg	444	96	identity_auto	44.341	90.401	0.4275	Mozjpeg	96.0
screen	archives__exhibits__1440x900__dpr1.png	mozjpeg	444	96	model_off	45.681	91.368	0.3359	Mozjpeg	96.0
screen	archives__exhibits__1440x900__dpr1.png	mozjpeg	444	96	model_auto	45.601	91.280	0.3328	Mozjpeg	96.0
screen	archives__exhibits__1440x900__dpr1.png	mozjpeg	444	96	model_policy	45.696	91.270	0.3350	Mozjpeg	96.0
screen	archives__exhibits__1440x900__dpr1.png	mozjpeg	444	96	model_proj	46.183	91.260	0.2533	Mozjpeg	96.0
screen	archives__exhibits__1440x900__dpr1.png	jpegli	420	85	identity_off	35.165	79.469	1.1354	CjpegliYcbcr	1.8
screen	archives__exhibits__1440x900__dpr1.png	jpegli	420	85	identity_auto	35.180	79.671	1.1341	CjpegliYcbcr	1.8
screen	archives__exhibits__1440x900__dpr1.png	jpegli	420	85	model_off	38.135	84.467	0.8077	CjpegliYcbcr	1.8
screen	archives__exhibits__1440x900__dpr1.png	jpegli	420	85	model_auto	38.101	84.443	0.8099	CjpegliYcbcr	1.8
screen	archives__exhibits__1440x900__dpr1.png	jpegli	420	85	model_policy	38.135	84.485	0.8050	CjpegliYcbcr	1.8
screen	archives__exhibits__1440x900__dpr1.png	jpegli	420	85	model_proj	38.391	85.449	0.6727	CjpegliYcbcr	1.8
screen	archives__exhibits__1440x900__dpr1.png	jpegli	420	90	identity_off	36.150	82.274	1.0179	CjpegliYcbcr	1.3
screen	archives__exhibits__1440x900__dpr1.png	jpegli	420	90	identity_auto	36.098	82.101	1.0490	CjpegliYcbcr	1.3
screen	archives__exhibits__1440x900__dpr1.png	jpegli	420	90	model_off	39.194	86.237	0.7232	CjpegliYcbcr	1.3
screen	archives__exhibits__1440x900__dpr1.png	jpegli	420	90	model_auto	39.087	86.036	0.7550	CjpegliYcbcr	1.3
screen	archives__exhibits__1440x900__dpr1.png	jpegli	420	90	model_policy	39.199	86.264	0.7206	CjpegliYcbcr	1.3
screen	archives__exhibits__1440x900__dpr1.png	jpegli	420	90	model_proj	39.455	87.057	0.6040	CjpegliYcbcr	1.3
screen	archives__exhibits__1440x900__dpr1.png	jpegli	420	93	identity_off	36.727	83.850	0.9571	CjpegliYcbcr	1.0
screen	archives__exhibits__1440x900__dpr1.png	jpegli	420	93	identity_auto	36.674	83.738	0.9848	CjpegliYcbcr	1.0
screen	archives__exhibits__1440x900__dpr1.png	jpegli	420	93	model_off	39.833	87.218	0.6813	CjpegliYcbcr	1.0
screen	archives__exhibits__1440x900__dpr1.png	jpegli	420	93	model_auto	39.724	87.041	0.7090	CjpegliYcbcr	1.0
screen	archives__exhibits__1440x900__dpr1.png	jpegli	420	93	model_policy	39.839	87.290	0.6784	CjpegliYcbcr	1.0
screen	archives__exhibits__1440x900__dpr1.png	jpegli	420	93	model_proj	40.103	87.985	0.5659	CjpegliYcbcr	1.0
screen	archives__exhibits__1440x900__dpr1.png	jpegli	420	96	identity_off	37.189	84.988	0.9168	CjpegliYcbcr	0.5
screen	archives__exhibits__1440x900__dpr1.png	jpegli	420	96	identity_auto	37.189	84.988	0.9168	CjpegliYcbcr	0.5
screen	archives__exhibits__1440x900__dpr1.png	jpegli	420	96	model_off	40.375	87.991	0.6544	CjpegliYcbcr	0.5
screen	archives__exhibits__1440x900__dpr1.png	jpegli	420	96	model_auto	40.300	87.973	0.6598	CjpegliYcbcr	0.5
screen	archives__exhibits__1440x900__dpr1.png	jpegli	420	96	model_policy	40.380	88.024	0.6507	CjpegliYcbcr	0.5
screen	archives__exhibits__1440x900__dpr1.png	jpegli	420	96	model_proj	40.666	88.592	0.5364	CjpegliYcbcr	0.5
screen	archives__exhibits__1440x900__dpr1.png	jpegli	444	85	identity_off	37.949	84.884	0.7371	CjpegliYcbcr	1.4
screen	archives__exhibits__1440x900__dpr1.png	jpegli	444	85	identity_auto	37.903	84.547	0.7738	CjpegliYcbcr	1.4
screen	archives__exhibits__1440x900__dpr1.png	jpegli	444	85	model_off	40.807	88.222	0.5195	CjpegliYcbcr	1.4
screen	archives__exhibits__1440x900__dpr1.png	jpegli	444	85	model_auto	40.693	87.967	0.5515	CjpegliYcbcr	1.4
screen	archives__exhibits__1440x900__dpr1.png	jpegli	444	85	model_policy	40.811	88.158	0.5185	CjpegliYcbcr	1.4
screen	archives__exhibits__1440x900__dpr1.png	jpegli	444	85	model_proj	41.440	89.668	0.4035	CjpegliYcbcr	1.4
screen	archives__exhibits__1440x900__dpr1.png	jpegli	444	90	identity_off	39.854	87.830	0.5558	CjpegliYcbcr	1.1
screen	archives__exhibits__1440x900__dpr1.png	jpegli	444	90	identity_auto	39.799	87.546	0.5895	CjpegliYcbcr	1.1
screen	archives__exhibits__1440x900__dpr1.png	jpegli	444	90	model_off	42.637	89.999	0.3937	CjpegliYcbcr	1.1
screen	archives__exhibits__1440x900__dpr1.png	jpegli	444	90	model_auto	42.459	89.622	0.4247	CjpegliYcbcr	1.1
screen	archives__exhibits__1440x900__dpr1.png	jpegli	444	90	model_policy	42.666	89.993	0.3931	CjpegliYcbcr	1.1
screen	archives__exhibits__1440x900__dpr1.png	jpegli	444	90	model_proj	43.346	91.116	0.2952	CjpegliYcbcr	1.1
screen	archives__exhibits__1440x900__dpr1.png	jpegli	444	93	identity_off	41.480	89.683	0.4359	CjpegliYcbcr	0.7
screen	archives__exhibits__1440x900__dpr1.png	jpegli	444	93	identity_auto	41.415	89.380	0.4675	CjpegliYcbcr	0.7
screen	archives__exhibits__1440x900__dpr1.png	jpegli	444	93	model_off	44.077	91.202	0.3176	CjpegliYcbcr	0.7
screen	archives__exhibits__1440x900__dpr1.png	jpegli	444	93	model_auto	43.842	90.912	0.3474	CjpegliYcbcr	0.7
screen	archives__exhibits__1440x900__dpr1.png	jpegli	444	93	model_policy	44.146	91.210	0.3162	CjpegliYcbcr	0.7
screen	archives__exhibits__1440x900__dpr1.png	jpegli	444	93	model_proj	44.791	91.951	0.2341	CjpegliYcbcr	0.7
screen	archives__exhibits__1440x900__dpr1.png	jpegli	444	96	identity_off	43.867	91.404	0.3086	CjpegliYcbcr	0.3
screen	archives__exhibits__1440x900__dpr1.png	jpegli	444	96	identity_auto	43.867	91.404	0.3086	CjpegliYcbcr	0.3
screen	archives__exhibits__1440x900__dpr1.png	jpegli	444	96	model_off	45.909	92.120	0.2389	CjpegliYcbcr	0.3
screen	archives__exhibits__1440x900__dpr1.png	jpegli	444	96	model_auto	45.759	92.161	0.2377	CjpegliYcbcr	0.3
screen	archives__exhibits__1440x900__dpr1.png	jpegli	444	96	model_policy	46.014	92.278	0.2389	CjpegliYcbcr	0.3
screen	archives__exhibits__1440x900__dpr1.png	jpegli	444	96	model_proj	46.685	92.400	0.1740	CjpegliYcbcr	0.3
screen	archives__exhibits__1440x900__dpr1.png	zenjpeg	420	85	identity_off	35.583	81.977	1.0117	CjpegliYcbcr	1.8
screen	archives__exhibits__1440x900__dpr1.png	zenjpeg	420	85	identity_auto	35.591	82.070	1.0080	CjpegliYcbcr	1.8
screen	archives__exhibits__1440x900__dpr1.png	zenjpeg	420	85	model_off	38.331	85.423	0.7363	CjpegliYcbcr	1.8
screen	archives__exhibits__1440x900__dpr1.png	zenjpeg	420	85	model_auto	38.267	85.413	0.7366	CjpegliYcbcr	1.8
screen	archives__exhibits__1440x900__dpr1.png	zenjpeg	420	85	model_policy	38.331	85.443	0.7338	CjpegliYcbcr	1.8
screen	archives__exhibits__1440x900__dpr1.png	zenjpeg	420	85	model_proj	38.480	86.328	0.6180	CjpegliYcbcr	1.8
screen	archives__exhibits__1440x900__dpr1.png	zenjpeg	420	90	identity_off	36.426	83.501	0.9490	CjpegliYcbcr	1.3
screen	archives__exhibits__1440x900__dpr1.png	zenjpeg	420	90	identity_auto	36.388	83.366	0.9723	CjpegliYcbcr	1.3
screen	archives__exhibits__1440x900__dpr1.png	zenjpeg	420	90	model_off	39.333	86.534	0.6840	CjpegliYcbcr	1.3
screen	archives__exhibits__1440x900__dpr1.png	zenjpeg	420	90	model_auto	39.229	86.477	0.7095	CjpegliYcbcr	1.3
screen	archives__exhibits__1440x900__dpr1.png	zenjpeg	420	90	model_policy	39.336	86.579	0.6807	CjpegliYcbcr	1.3
screen	archives__exhibits__1440x900__dpr1.png	zenjpeg	420	90	model_proj	39.588	87.493	0.5449	CjpegliYcbcr	1.3
screen	archives__exhibits__1440x900__dpr1.png	zenjpeg	420	93	identity_off	36.888	84.429	0.9233	CjpegliYcbcr	1.0
screen	archives__exhibits__1440x900__dpr1.png	zenjpeg	420	93	identity_auto	36.849	84.205	0.9458	CjpegliYcbcr	1.0
screen	archives__exhibits__1440x900__dpr1.png	zenjpeg	420	93	model_off	39.927	87.371	0.6619	CjpegliYcbcr	1.0
screen	archives__exhibits__1440x900__dpr1.png	zenjpeg	420	93	model_auto	39.825	87.102	0.6861	CjpegliYcbcr	1.0
screen	archives__exhibits__1440x900__dpr1.png	zenjpeg	420	93	model_policy	39.933	87.344	0.6588	CjpegliYcbcr	1.0
screen	archives__exhibits__1440x900__dpr1.png	zenjpeg	420	93	model_proj	40.265	88.348	0.5132	CjpegliYcbcr	1.0
screen	archives__exhibits__1440x900__dpr1.png	zenjpeg	420	96	identity_off	37.267	85.158	0.9041	CjpegliYcbcr	0.5
screen	archives__exhibits__1440x900__dpr1.png	zenjpeg	420	96	identity_auto	37.267	85.158	0.9041	CjpegliYcbcr	0.5
screen	archives__exhibits__1440x900__dpr1.png	zenjpeg	420	96	model_off	40.423	88.112	0.6473	CjpegliYcbcr	0.5
screen	archives__exhibits__1440x900__dpr1.png	zenjpeg	420	96	model_auto	40.336	87.983	0.6545	CjpegliYcbcr	0.5
screen	archives__exhibits__1440x900__dpr1.png	zenjpeg	420	96	model_policy	40.429	88.095	0.6436	CjpegliYcbcr	0.5
screen	archives__exhibits__1440x900__dpr1.png	zenjpeg	420	96	model_proj	40.802	88.905	0.5017	CjpegliYcbcr	0.5
screen	archives__exhibits__1440x900__dpr1.png	zenjpeg	444	85	identity_off	38.518	87.015	0.5776	CjpegliYcbcr	1.4
screen	archives__exhibits__1440x900__dpr1.png	zenjpeg	444	85	identity_auto	38.498	86.667	0.6017	CjpegliYcbcr	1.4
screen	archives__exhibits__1440x900__dpr1.png	zenjpeg	444	85	model_off	41.128	89.060	0.4267	CjpegliYcbcr	1.4
screen	archives__exhibits__1440x900__dpr1.png	zenjpeg	444	85	model_auto	41.015	88.900	0.4464	CjpegliYcbcr	1.4
screen	archives__exhibits__1440x900__dpr1.png	zenjpeg	444	85	model_policy	41.130	88.977	0.4263	CjpegliYcbcr	1.4
screen	archives__exhibits__1440x900__dpr1.png	zenjpeg	444	85	model_proj	41.589	90.745	0.3673	CjpegliYcbcr	1.4
screen	archives__exhibits__1440x900__dpr1.png	zenjpeg	444	90	identity_off	40.256	88.916	0.4584	CjpegliYcbcr	1.1
screen	archives__exhibits__1440x900__dpr1.png	zenjpeg	444	90	identity_auto	40.230	88.602	0.4826	CjpegliYcbcr	1.1
screen	archives__exhibits__1440x900__dpr1.png	zenjpeg	444	90	model_off	42.857	90.280	0.3409	CjpegliYcbcr	1.1
screen	archives__exhibits__1440x900__dpr1.png	zenjpeg	444	90	model_auto	42.711	90.217	0.3623	CjpegliYcbcr	1.1
screen	archives__exhibits__1440x900__dpr1.png	zenjpeg	444	90	model_policy	42.887	90.448	0.3398	CjpegliYcbcr	1.1
screen	archives__exhibits__1440x900__dpr1.png	zenjpeg	444	90	model_proj	43.477	91.809	0.2704	CjpegliYcbcr	1.1
screen	archives__exhibits__1440x900__dpr1.png	zenjpeg	444	93	identity_off	41.783	90.239	0.3730	CjpegliYcbcr	0.7
screen	archives__exhibits__1440x900__dpr1.png	zenjpeg	444	93	identity_auto	41.753	89.952	0.3952	CjpegliYcbcr	0.7
screen	archives__exhibits__1440x900__dpr1.png	zenjpeg	444	93	model_off	44.227	91.439	0.2830	CjpegliYcbcr	0.7
screen	archives__exhibits__1440x900__dpr1.png	zenjpeg	444	93	model_auto	44.028	90.965	0.3030	CjpegliYcbcr	0.7
screen	archives__exhibits__1440x900__dpr1.png	zenjpeg	444	93	model_policy	44.303	91.338	0.2814	CjpegliYcbcr	0.7
screen	archives__exhibits__1440x900__dpr1.png	zenjpeg	444	93	model_proj	44.860	92.445	0.2187	CjpegliYcbcr	0.7
screen	archives__exhibits__1440x900__dpr1.png	zenjpeg	444	96	identity_off	44.008	91.424	0.2813	CjpegliYcbcr	0.3
screen	archives__exhibits__1440x900__dpr1.png	zenjpeg	444	96	identity_auto	44.008	91.424	0.2813	CjpegliYcbcr	0.3
screen	archives__exhibits__1440x900__dpr1.png	zenjpeg	444	96	model_off	45.954	92.108	0.2275	CjpegliYcbcr	0.3
screen	archives__exhibits__1440x900__dpr1.png	zenjpeg	444	96	model_auto	45.796	92.082	0.2270	CjpegliYcbcr	0.3
screen	archives__exhibits__1440x900__dpr1.png	zenjpeg	444	96	model_policy	46.049	92.238	0.2260	CjpegliYcbcr	0.3
screen	archives__exhibits__1440x900__dpr1.png	zenjpeg	444	96	model_proj	46.692	92.925	0.1323	CjpegliYcbcr	0.3
documents	office_census-acs-2024_questionnaire_p01_page1.png	turbo	420	85	identity_off	35.946	78.194	1.2284	ImageMagick	85.0
documents	office_census-acs-2024_questionnaire_p01_page1.png	turbo	420	85	identity_auto	36.026	78.614	1.2168	ImageMagick	85.0
documents	office_census-acs-2024_questionnaire_p01_page1.png	turbo	420	85	model_off	39.610	83.188	1.0648	ImageMagick	85.0
documents	office_census-acs-2024_questionnaire_p01_page1.png	turbo	420	85	model_auto	39.915	83.251	1.1715	ImageMagick	85.0
documents	office_census-acs-2024_questionnaire_p01_page1.png	turbo	420	85	model_policy	39.642	83.081	1.0772	ImageMagick	85.0
documents	office_census-acs-2024_questionnaire_p01_page1.png	turbo	420	85	model_proj	39.714	83.593	1.0756	ImageMagick	85.0
documents	office_census-acs-2024_questionnaire_p01_page1.png	turbo	420	90	identity_off	37.557	81.400	1.1859	ImageMagick	90.0
documents	office_census-acs-2024_questionnaire_p01_page1.png	turbo	420	90	identity_auto	37.570	81.360	1.1827	ImageMagick	90.0
documents	office_census-acs-2024_questionnaire_p01_page1.png	turbo	420	90	model_off	41.234	84.984	1.0583	ImageMagick	90.0
documents	office_census-acs-2024_questionnaire_p01_page1.png	turbo	420	90	model_auto	41.531	84.862	1.1681	ImageMagick	90.0
documents	office_census-acs-2024_questionnaire_p01_page1.png	turbo	420	90	model_policy	41.253	84.767	1.0713	ImageMagick	90.0
documents	office_census-acs-2024_questionnaire_p01_page1.png	turbo	420	90	model_proj	41.436	85.454	1.1688	ImageMagick	90.0
documents	office_census-acs-2024_questionnaire_p01_page1.png	turbo	420	93	identity_off	38.558	84.063	1.1738	ImageMagick	93.0
documents	office_census-acs-2024_questionnaire_p01_page1.png	turbo	420	93	identity_auto	38.549	84.149	1.1709	ImageMagick	93.0
documents	office_census-acs-2024_questionnaire_p01_page1.png	turbo	420	93	model_off	42.389	86.797	1.0557	ImageMagick	93.0
documents	office_census-acs-2024_questionnaire_p01_page1.png	turbo	420	93	model_auto	42.684	86.852	1.1662	ImageMagick	93.0
documents	office_census-acs-2024_questionnaire_p01_page1.png	turbo	420	93	model_policy	42.426	86.695	1.0686	ImageMagick	93.0
documents	office_census-acs-2024_questionnaire_p01_page1.png	turbo	420	93	model_proj	42.663	87.232	1.1462	ImageMagick	93.0
documents	office_census-acs-2024_questionnaire_p01_page1.png	turbo	420	96	identity_off	39.766	87.362	1.1651	ImageMagick	96.0
documents	office_census-acs-2024_questionnaire_p01_page1.png	turbo	420	96	identity_auto	39.766	87.362	1.1651	ImageMagick	96.0
documents	office_census-acs-2024_questionnaire_p01_page1.png	turbo	420	96	model_off	43.756	89.029	1.0530	ImageMagick	96.0
documents	office_census-acs-2024_questionnaire_p01_page1.png	turbo	420	96	model_auto	44.027	88.979	1.1666	ImageMagick	96.0
documents	office_census-acs-2024_questionnaire_p01_page1.png	turbo	420	96	model_policy	43.769	88.841	1.0671	ImageMagick	96.0
documents	office_census-acs-2024_questionnaire_p01_page1.png	turbo	420	96	model_proj	44.095	89.424	1.1362	ImageMagick	96.0
documents	office_census-acs-2024_questionnaire_p01_page1.png	turbo	444	85	identity_off	38.152	82.771	1.2086	ImageMagick	85.0
documents	office_census-acs-2024_questionnaire_p01_page1.png	turbo	444	85	identity_auto	38.417	83.010	1.1972	ImageMagick	85.0
documents	office_census-acs-2024_questionnaire_p01_page1.png	turbo	444	85	model_off	40.919	86.642	1.0633	ImageMagick	85.0
documents	office_census-acs-2024_questionnaire_p01_page1.png	turbo	444	85	model_auto	41.207	86.656	1.1708	ImageMagick	85.0
documents	office_census-acs-2024_questionnaire_p01_page1.png	turbo	444	85	model_policy	40.962	86.496	1.0765	ImageMagick	85.0
documents	office_census-acs-2024_questionnaire_p01_page1.png	turbo	444	85	model_proj	41.108	87.023	1.0506	ImageMagick	85.0
documents	office_census-acs-2024_questionnaire_p01_page1.png	turbo	444	90	identity_off	40.476	85.563	1.1763	ImageMagick	90.0
documents	office_census-acs-2024_questionnaire_p01_page1.png	turbo	444	90	identity_auto	40.577	85.511	1.1720	ImageMagick	90.0
documents	office_census-acs-2024_questionnaire_p01_page1.png	turbo	444	90	model_off	42.858	88.229	1.0567	ImageMagick	90.0
documents	office_census-acs-2024_questionnaire_p01_page1.png	turbo	444	90	model_auto	43.064	88.219	1.1667	ImageMagick	90.0
documents	office_census-acs-2024_questionnaire_p01_page1.png	turbo	444	90	model_policy	42.931	88.158	1.0708	ImageMagick	90.0
documents	office_census-acs-2024_questionnaire_p01_page1.png	turbo	444	90	model_proj	43.338	88.381	1.1647	ImageMagick	90.0
documents	office_census-acs-2024_questionnaire_p01_page1.png	turbo	444	93	identity_off	42.391	87.796	1.1676	ImageMagick	93.0
documents	office_census-acs-2024_questionnaire_p01_page1.png	turbo	444	93	identity_auto	42.496	87.870	1.1642	ImageMagick	93.0
documents	office_census-acs-2024_questionnaire_p01_page1.png	turbo	444	93	model_off	44.319	89.665	1.0529	ImageMagick	93.0
documents	office_census-acs-2024_questionnaire_p01_page1.png	turbo	444	93	model_auto	44.540	89.621	1.1644	ImageMagick	93.0
documents	office_census-acs-2024_questionnaire_p01_page1.png	turbo	444	93	model_policy	44.387	89.532	1.0671	ImageMagick	93.0
documents	office_census-acs-2024_questionnaire_p01_page1.png	turbo	444	93	model_proj	45.211	89.758	0.4830	ImageMagick	93.0
documents	office_census-acs-2024_questionnaire_p01_page1.png	turbo	444	96	identity_off	45.550	90.532	1.1611	ImageMagick	96.0
documents	office_census-acs-2024_questionnaire_p01_page1.png	turbo	444	96	identity_auto	45.550	90.532	1.1611	ImageMagick	96.0
documents	office_census-acs-2024_questionnaire_p01_page1.png	turbo	444	96	model_off	46.347	91.240	1.0492	ImageMagick	96.0
documents	office_census-acs-2024_questionnaire_p01_page1.png	turbo	444	96	model_auto	46.694	91.138	1.1634	ImageMagick	96.0
documents	office_census-acs-2024_questionnaire_p01_page1.png	turbo	444	96	model_policy	46.446	90.887	1.0630	ImageMagick	96.0
documents	office_census-acs-2024_questionnaire_p01_page1.png	turbo	444	96	model_proj	47.983	91.673	0.2672	ImageMagick	96.0
documents	office_census-acs-2024_questionnaire_p01_page1.png	mozjpeg	420	85	identity_off	34.144	78.302	1.2392	Mozjpeg	85.0
documents	office_census-acs-2024_questionnaire_p01_page1.png	mozjpeg	420	85	identity_auto	34.212	78.665	1.2284	Mozjpeg	85.0
documents	office_census-acs-2024_questionnaire_p01_page1.png	mozjpeg	420	85	model_off	38.319	82.719	1.0663	Mozjpeg	85.0
documents	office_census-acs-2024_questionnaire_p01_page1.png	mozjpeg	420	85	model_auto	38.487	82.786	1.1760	Mozjpeg	85.0
documents	office_census-acs-2024_questionnaire_p01_page1.png	mozjpeg	420	85	model_policy	38.312	82.571	1.0789	Mozjpeg	85.0
documents	office_census-acs-2024_questionnaire_p01_page1.png	mozjpeg	420	85	model_proj	38.338	82.728	1.0791	Mozjpeg	85.0
documents	office_census-acs-2024_questionnaire_p01_page1.png	mozjpeg	420	90	identity_off	35.475	80.484	1.1948	Mozjpeg	90.0
documents	office_census-acs-2024_questionnaire_p01_page1.png	mozjpeg	420	90	identity_auto	35.495	80.471	1.1920	Mozjpeg	90.0
documents	office_census-acs-2024_questionnaire_p01_page1.png	mozjpeg	420	90	model_off	39.541	84.104	1.0602	Mozjpeg	90.0
documents	office_census-acs-2024_questionnaire_p01_page1.png	mozjpeg	420	90	model_auto	39.718	84.139	1.1710	Mozjpeg	90.0
documents	office_census-acs-2024_questionnaire_p01_page1.png	mozjpeg	420	90	model_policy	39.530	83.946	1.0738	Mozjpeg	90.0
documents	office_census-acs-2024_questionnaire_p01_page1.png	mozjpeg	420	90	model_proj	39.585	84.279	1.0727	Mozjpeg	90.0
documents	office_census-acs-2024_questionnaire_p01_page1.png	mozjpeg	420	93	identity_off	36.695	82.422	1.1795	Mozjpeg	93.0
documents	office_census-acs-2024_questionnaire_p01_page1.png	mozjpeg	420	93	identity_auto	36.705	82.465	1.1769	Mozjpeg	93.0
documents	office_census-acs-2024_questionnaire_p01_page1.png	mozjpeg	420	93	model_off	40.631	85.429	1.0566	Mozjpeg	93.0
documents	office_census-acs-2024_questionnaire_p01_page1.png	mozjpeg	420	93	model_auto	40.797	85.415	1.1682	Mozjpeg	93.0
documents	office_census-acs-2024_questionnaire_p01_page1.png	mozjpeg	420	93	model_policy	40.641	85.331	1.0703	Mozjpeg	93.0
documents	office_census-acs-2024_questionnaire_p01_page1.png	mozjpeg	420	93	model_proj	40.782	86.018	1.1542	Mozjpeg	93.0
documents	office_census-acs-2024_questionnaire_p01_page1.png	mozjpeg	420	96	identity_off	38.183	84.707	1.1691	Mozjpeg	96.0
documents	office_census-acs-2024_questionnaire_p01_page1.png	mozjpeg	420	96	identity_auto	38.183	84.707	1.1691	Mozjpeg	96.0
documents	office_census-acs-2024_questionnaire_p01_page1.png	mozjpeg	420	96	model_off	42.064	87.063	1.0538	Mozjpeg	96.0
documents	office_census-acs-2024_questionnaire_p01_page1.png	mozjpeg	420	96	model_auto	42.280	87.210	1.1671	Mozjpeg	96.0
documents	office_census-acs-2024_questionnaire_p01_page1.png	mozjpeg	420	96	model_policy	42.078	87.006	1.0676	Mozjpeg	96.0
documents	office_census-acs-2024_questionnaire_p01_page1.png	mozjpeg	420	96	model_proj	42.318	87.453	1.1417	Mozjpeg	96.0
documents	office_census-acs-2024_questionnaire_p01_page1.png	mozjpeg	444	85	identity_off	35.806	82.171	1.2175	Mozjpeg	85.0
documents	office_census-acs-2024_questionnaire_p01_page1.png	mozjpeg	444	85	identity_auto	35.975	82.352	1.2085	Mozjpeg	85.0
documents	office_census-acs-2024_questionnaire_p01_page1.png	mozjpeg	444	85	model_off	38.830	85.360	1.0661	Mozjpeg	85.0
documents	office_census-acs-2024_questionnaire_p01_page1.png	mozjpeg	444	85	model_auto	38.879	85.297	1.1750	Mozjpeg	85.0
documents	office_census-acs-2024_questionnaire_p01_page1.png	mozjpeg	444	85	model_policy	38.889	85.202	1.0783	Mozjpeg	85.0
documents	office_census-acs-2024_questionnaire_p01_page1.png	mozjpeg	444	85	model_proj	38.956	85.357	1.0689	Mozjpeg	85.0
documents	office_census-acs-2024_questionnaire_p01_page1.png	mozjpeg	444	90	identity_off	37.493	84.237	1.1828	Mozjpeg	90.0
documents	office_census-acs-2024_questionnaire_p01_page1.png	mozjpeg	444	90	identity_auto	37.561	84.247	1.1786	Mozjpeg	90.0
documents	office_census-acs-2024_questionnaire_p01_page1.png	mozjpeg	444	90	model_off	40.264	86.792	1.0586	Mozjpeg	90.0
documents	office_census-acs-2024_questionnaire_p01_page1.png	mozjpeg	444	90	model_auto	40.289	86.844	1.1682	Mozjpeg	90.0
documents	office_census-acs-2024_questionnaire_p01_page1.png	mozjpeg	444	90	model_policy	40.323	86.716	1.0722	Mozjpeg	90.0
documents	office_census-acs-2024_questionnaire_p01_page1.png	mozjpeg	444	90	model_proj	40.469	86.618	1.0607	Mozjpeg	90.0
documents	office_census-acs-2024_questionnaire_p01_page1.png	mozjpeg	444	93	identity_off	39.338	85.780	1.1701	Mozjpeg	93.0
documents	office_census-acs-2024_questionnaire_p01_page1.png	mozjpeg	444	93	identity_auto	39.404	85.771	1.1667	Mozjpeg	93.0
documents	office_census-acs-2024_questionnaire_p01_page1.png	mozjpeg	444	93	model_off	41.835	88.046	1.0541	Mozjpeg	93.0
documents	office_census-acs-2024_questionnaire_p01_page1.png	mozjpeg	444	93	model_auto	41.900	88.001	1.1653	Mozjpeg	93.0
documents	office_census-acs-2024_questionnaire_p01_page1.png	mozjpeg	444	93	model_policy	41.860	87.836	1.0678	Mozjpeg	93.0
documents	office_census-acs-2024_questionnaire_p01_page1.png	mozjpeg	444	93	model_proj	42.202	87.632	1.1367	Mozjpeg	93.0
documents	office_census-acs-2024_questionnaire_p01_page1.png	mozjpeg	444	96	identity_off	42.310	88.210	1.1636	Mozjpeg	96.0
documents	office_census-acs-2024_questionnaire_p01_page1.png	mozjpeg	444	96	identity_auto	42.310	88.210	1.1636	Mozjpeg	96.0
documents	office_census-acs-2024_questionnaire_p01_page1.png	mozjpeg	444	96	model_off	44.191	89.653	1.0511	Mozjpeg	96.0
documents	office_census-acs-2024_questionnaire_p01_page1.png	mozjpeg	444	96	model_auto	44.313	89.619	1.1652	Mozjpeg	96.0
documents	office_census-acs-2024_questionnaire_p01_page1.png	mozjpeg	444	96	model_policy	44.233	89.586	1.0649	Mozjpeg	96.0
documents	office_census-acs-2024_questionnaire_p01_page1.png	mozjpeg	444	96	model_proj	45.199	90.103	0.3121	Mozjpeg	96.0
documents	office_census-acs-2024_questionnaire_p01_page1.png	jpegli	420	85	identity_off	35.995	78.703	0.9085	CjpegliYcbcr	1.8
documents	office_census-acs-2024_questionnaire_p01_page1.png	jpegli	420	85	identity_auto	36.051	79.053	0.8836	CjpegliYcbcr	1.8
documents	office_census-acs-2024_questionnaire_p01_page1.png	jpegli	420	85	model_off	39.544	82.379	0.7572	CjpegliYcbcr	1.8
documents	office_census-acs-2024_questionnaire_p01_page1.png	jpegli	420	85	model_auto	39.915	82.727	0.6986	CjpegliYcbcr	1.8
documents	office_census-acs-2024_questionnaire_p01_page1.png	jpegli	420	85	model_policy	39.546	82.471	0.7810	CjpegliYcbcr	1.8
documents	office_census-acs-2024_questionnaire_p01_page1.png	jpegli	420	85	model_proj	39.566	82.748	0.7777	CjpegliYcbcr	1.8
documents	office_census-acs-2024_questionnaire_p01_page1.png	jpegli	420	90	identity_off	37.408	81.546	1.1660	CjpegliYcbcr	1.3
documents	office_census-acs-2024_questionnaire_p01_page1.png	jpegli	420	90	identity_auto	37.418	81.482	1.1666	CjpegliYcbcr	1.3
documents	office_census-acs-2024_questionnaire_p01_page1.png	jpegli	420	90	model_off	41.110	84.471	1.0427	CjpegliYcbcr	1.3
documents	office_census-acs-2024_questionnaire_p01_page1.png	jpegli	420	90	model_auto	41.415	84.212	1.1556	CjpegliYcbcr	1.3
documents	office_census-acs-2024_questionnaire_p01_page1.png	jpegli	420	90	model_policy	41.140	84.261	1.0558	CjpegliYcbcr	1.3
documents	office_census-acs-2024_questionnaire_p01_page1.png	jpegli	420	90	model_proj	41.255	84.684	1.1309	CjpegliYcbcr	1.3
documents	office_census-acs-2024_questionnaire_p01_page1.png	jpegli	420	93	identity_off	38.310	84.992	0.7337	CjpegliYcbcr	1.0
documents	office_census-acs-2024_questionnaire_p01_page1.png	jpegli	420	93	identity_auto	38.302	84.977	0.7474	CjpegliYcbcr	1.0
documents	office_census-acs-2024_questionnaire_p01_page1.png	jpegli	420	93	model_off	42.241	86.937	0.8251	CjpegliYcbcr	1.0
documents	office_census-acs-2024_questionnaire_p01_page1.png	jpegli	420	93	model_auto	42.501	86.941	0.7049	CjpegliYcbcr	1.0
documents	office_census-acs-2024_questionnaire_p01_page1.png	jpegli	420	93	model_policy	42.143	86.485	0.8638	CjpegliYcbcr	1.0
documents	office_census-acs-2024_questionnaire_p01_page1.png	jpegli	420	93	model_proj	42.301	87.221	0.8433	CjpegliYcbcr	1.0
documents	office_census-acs-2024_questionnaire_p01_page1.png	jpegli	420	96	identity_off	39.176	86.605	0.7109	CjpegliYcbcr	0.5
documents	office_census-acs-2024_questionnaire_p01_page1.png	jpegli	420	96	identity_auto	39.176	86.605	0.7109	CjpegliYcbcr	0.5
documents	office_census-acs-2024_questionnaire_p01_page1.png	jpegli	420	96	model_off	43.212	88.228	0.8230	CjpegliYcbcr	0.5
documents	office_census-acs-2024_questionnaire_p01_page1.png	jpegli	420	96	model_auto	43.428	88.205	0.7031	CjpegliYcbcr	0.5
documents	office_census-acs-2024_questionnaire_p01_page1.png	jpegli	420	96	model_policy	43.043	87.727	0.8618	CjpegliYcbcr	0.5
documents	office_census-acs-2024_questionnaire_p01_page1.png	jpegli	420	96	model_proj	43.297	88.276	0.8542	CjpegliYcbcr	0.5
documents	office_census-acs-2024_questionnaire_p01_page1.png	jpegli	444	85	identity_off	37.766	80.968	0.7813	CjpegliYcbcr	1.4
documents	office_census-acs-2024_questionnaire_p01_page1.png	jpegli	444	85	identity_auto	37.867	80.974	0.7786	CjpegliYcbcr	1.4
documents	office_census-acs-2024_questionnaire_p01_page1.png	jpegli	444	85	model_off	40.849	83.847	0.8322	CjpegliYcbcr	1.4
documents	office_census-acs-2024_questionnaire_p01_page1.png	jpegli	444	85	model_auto	41.035	83.983	0.7141	CjpegliYcbcr	1.4
documents	office_census-acs-2024_questionnaire_p01_page1.png	jpegli	444	85	model_policy	40.765	83.666	0.8727	CjpegliYcbcr	1.4
documents	office_census-acs-2024_questionnaire_p01_page1.png	jpegli	444	85	model_proj	40.823	83.682	0.8432	CjpegliYcbcr	1.4
documents	office_census-acs-2024_questionnaire_p01_page1.png	jpegli	444	90	identity_off	39.539	82.599	1.1600	CjpegliYcbcr	1.1
documents	office_census-acs-2024_questionnaire_p01_page1.png	jpegli	444	90	identity_auto	39.644	82.601	1.1585	CjpegliYcbcr	1.1
documents	office_census-acs-2024_questionnaire_p01_page1.png	jpegli	444	90	model_off	42.338	84.787	1.0451	CjpegliYcbcr	1.1
documents	office_census-acs-2024_questionnaire_p01_page1.png	jpegli	444	90	model_auto	42.606	84.570	1.1586	CjpegliYcbcr	1.1
documents	office_census-acs-2024_questionnaire_p01_page1.png	jpegli	444	90	model_policy	42.357	84.603	1.0587	CjpegliYcbcr	1.1
documents	office_census-acs-2024_questionnaire_p01_page1.png	jpegli	444	90	model_proj	42.764	85.717	0.3879	CjpegliYcbcr	1.1
documents	office_census-acs-2024_questionnaire_p01_page1.png	jpegli	444	93	identity_off	41.013	85.765	0.6799	CjpegliYcbcr	0.7
documents	office_census-acs-2024_questionnaire_p01_page1.png	jpegli	444	93	identity_auto	41.124	85.782	0.6812	CjpegliYcbcr	0.7
documents	office_census-acs-2024_questionnaire_p01_page1.png	jpegli	444	93	model_off	43.348	87.185	0.7366	CjpegliYcbcr	0.7
documents	office_census-acs-2024_questionnaire_p01_page1.png	jpegli	444	93	model_auto	43.528	87.214	0.6758	CjpegliYcbcr	0.7
documents	office_census-acs-2024_questionnaire_p01_page1.png	jpegli	444	93	model_policy	43.353	87.160	0.7618	CjpegliYcbcr	0.7
documents	office_census-acs-2024_questionnaire_p01_page1.png	jpegli	444	93	model_proj	43.463	87.451	0.8027	CjpegliYcbcr	0.7
documents	office_census-acs-2024_questionnaire_p01_page1.png	jpegli	444	96	identity_off	43.489	89.040	0.6809	CjpegliYcbcr	0.3
documents	office_census-acs-2024_questionnaire_p01_page1.png	jpegli	444	96	identity_auto	43.489	89.040	0.6809	CjpegliYcbcr	0.3
documents	office_census-acs-2024_questionnaire_p01_page1.png	jpegli	444	96	model_off	45.230	89.635	0.8214	CjpegliYcbcr	0.3
documents	office_census-acs-2024_questionnaire_p01_page1.png	jpegli	444	96	model_auto	45.399	89.726	0.7002	CjpegliYcbcr	0.3
documents	office_census-acs-2024_questionnaire_p01_page1.png	jpegli	444	96	model_policy	44.948	89.272	0.8615	CjpegliYcbcr	0.3
documents	office_census-acs-2024_questionnaire_p01_page1.png	jpegli	444	96	model_proj	45.337	89.296	0.7567	CjpegliYcbcr	0.3
documents	office_census-acs-2024_questionnaire_p01_page1.png	zenjpeg	420	85	identity_off	35.919	79.091	1.1925	CjpegliYcbcr	1.8
documents	office_census-acs-2024_questionnaire_p01_page1.png	zenjpeg	420	85	identity_auto	35.974	79.504	1.1846	CjpegliYcbcr	1.8
documents	office_census-acs-2024_questionnaire_p01_page1.png	zenjpeg	420	85	model_off	39.396	82.635	1.0563	CjpegliYcbcr	1.8
documents	office_census-acs-2024_questionnaire_p01_page1.png	zenjpeg	420	85	model_auto	39.824	82.727	1.1672	CjpegliYcbcr	1.8
documents	office_census-acs-2024_questionnaire_p01_page1.png	zenjpeg	420	85	model_policy	39.415	82.386	1.0699	CjpegliYcbcr	1.8
documents	office_census-acs-2024_questionnaire_p01_page1.png	zenjpeg	420	85	model_proj	39.380	82.674	1.0694	CjpegliYcbcr	1.8
documents	office_census-acs-2024_questionnaire_p01_page1.png	zenjpeg	420	90	identity_off	37.285	81.943	1.1712	CjpegliYcbcr	1.3
documents	office_census-acs-2024_questionnaire_p01_page1.png	zenjpeg	420	90	identity_auto	37.294	82.028	1.1695	CjpegliYcbcr	1.3
documents	office_census-acs-2024_questionnaire_p01_page1.png	zenjpeg	420	90	model_off	40.867	84.559	1.0519	CjpegliYcbcr	1.3
documents	office_census-acs-2024_questionnaire_p01_page1.png	zenjpeg	420	90	model_auto	41.181	84.504	1.1632	CjpegliYcbcr	1.3
documents	office_census-acs-2024_questionnaire_p01_page1.png	zenjpeg	420	90	model_policy	40.875	84.337	1.0653	CjpegliYcbcr	1.3
documents	office_census-acs-2024_questionnaire_p01_page1.png	zenjpeg	420	90	model_proj	40.887	84.756	1.0648	CjpegliYcbcr	1.3
documents	office_census-acs-2024_questionnaire_p01_page1.png	zenjpeg	420	93	identity_off	38.207	84.367	1.1653	CjpegliYcbcr	1.0
documents	office_census-acs-2024_questionnaire_p01_page1.png	zenjpeg	420	93	identity_auto	38.199	84.378	1.1637	CjpegliYcbcr	1.0
documents	office_census-acs-2024_questionnaire_p01_page1.png	zenjpeg	420	93	model_off	41.986	86.348	1.0509	CjpegliYcbcr	1.0
documents	office_census-acs-2024_questionnaire_p01_page1.png	zenjpeg	420	93	model_auto	42.258	86.188	1.1628	CjpegliYcbcr	1.0
documents	office_census-acs-2024_questionnaire_p01_page1.png	zenjpeg	420	93	model_policy	41.998	86.136	1.0648	CjpegliYcbcr	1.0
documents	office_census-acs-2024_questionnaire_p01_page1.png	zenjpeg	420	93	model_proj	42.138	86.754	1.1504	CjpegliYcbcr	1.0
documents	office_census-acs-2024_questionnaire_p01_page1.png	zenjpeg	420	96	identity_off	39.087	86.302	1.1625	CjpegliYcbcr	0.5
documents	office_census-acs-2024_questionnaire_p01_page1.png	zenjpeg	420	96	identity_auto	39.087	86.302	1.1625	CjpegliYcbcr	0.5
documents	office_census-acs-2024_questionnaire_p01_page1.png	zenjpeg	420	96	model_off	42.959	87.847	1.0501	CjpegliYcbcr	0.5
documents	office_census-acs-2024_questionnaire_p01_page1.png	zenjpeg	420	96	model_auto	43.263	87.822	1.1640	CjpegliYcbcr	0.5
documents	office_census-acs-2024_questionnaire_p01_page1.png	zenjpeg	420	96	model_policy	42.969	87.495	1.0640	CjpegliYcbcr	0.5
documents	office_census-acs-2024_questionnaire_p01_page1.png	zenjpeg	420	96	model_proj	43.191	88.130	1.1431	CjpegliYcbcr	0.5
documents	office_census-acs-2024_questionnaire_p01_page1.png	zenjpeg	444	85	identity_off	37.639	80.851	1.1756	CjpegliYcbcr	1.4
documents	office_census-acs-2024_questionnaire_p01_page1.png	zenjpeg	444	85	identity_auto	37.739	80.884	1.1716	CjpegliYcbcr	1.4
documents	office_census-acs-2024_questionnaire_p01_page1.png	zenjpeg	444	85	model_off	40.622	83.603	1.0557	CjpegliYcbcr	1.4
documents	office_census-acs-2024_questionnaire_p01_page1.png	zenjpeg	444	85	model_auto	40.900	83.607	1.1667	CjpegliYcbcr	1.4
documents	office_census-acs-2024_questionnaire_p01_page1.png	zenjpeg	444	85	model_policy	40.654	83.391	1.0693	CjpegliYcbcr	1.4
documents	office_census-acs-2024_questionnaire_p01_page1.png	zenjpeg	444	85	model_proj	40.650	83.572	1.0690	CjpegliYcbcr	1.4
documents	office_census-acs-2024_questionnaire_p01_page1.png	zenjpeg	444	90	identity_off	39.364	83.599	1.1656	CjpegliYcbcr	1.1
documents	office_census-acs-2024_questionnaire_p01_page1.png	zenjpeg	444	90	identity_auto	39.467	83.583	1.1628	CjpegliYcbcr	1.1
documents	office_census-acs-2024_questionnaire_p01_page1.png	zenjpeg	444	90	model_off	42.100	85.499	1.0520	CjpegliYcbcr	1.1
documents	office_census-acs-2024_questionnaire_p01_page1.png	zenjpeg	444	90	model_auto	42.388	85.429	1.1644	CjpegliYcbcr	1.1
documents	office_census-acs-2024_questionnaire_p01_page1.png	zenjpeg	444	90	model_policy	42.145	85.300	1.0661	CjpegliYcbcr	1.1
documents	office_census-acs-2024_questionnaire_p01_page1.png	zenjpeg	444	90	model_proj	42.326	85.734	1.1508	CjpegliYcbcr	1.1
documents	office_census-acs-2024_questionnaire_p01_page1.png	zenjpeg	444	93	identity_off	41.025	85.424	1.1612	CjpegliYcbcr	0.7
documents	office_census-acs-2024_questionnaire_p01_page1.png	zenjpeg	444	93	identity_auto	41.129	85.428	1.1589	CjpegliYcbcr	0.7
documents	office_census-acs-2024_questionnaire_p01_page1.png	zenjpeg	444	93	model_off	43.257	86.767	1.0496	CjpegliYcbcr	0.7
documents	office_census-acs-2024_questionnaire_p01_page1.png	zenjpeg	444	93	model_auto	43.594	86.701	1.1628	CjpegliYcbcr	0.7
documents	office_census-acs-2024_questionnaire_p01_page1.png	zenjpeg	444	93	model_policy	43.280	86.656	1.0639	CjpegliYcbcr	0.7
documents	office_census-acs-2024_questionnaire_p01_page1.png	zenjpeg	444	93	model_proj	43.551	87.014	1.1475	CjpegliYcbcr	0.7
documents	office_census-acs-2024_questionnaire_p01_page1.png	zenjpeg	444	96	identity_off	43.318	88.409	1.1595	CjpegliYcbcr	0.3
documents	office_census-acs-2024_questionnaire_p01_page1.png	zenjpeg	444	96	identity_auto	43.318	88.409	1.1595	CjpegliYcbcr	0.3
documents	office_census-acs-2024_questionnaire_p01_page1.png	zenjpeg	444	96	model_off	44.833	89.107	1.0483	CjpegliYcbcr	0.3
documents	office_census-acs-2024_questionnaire_p01_page1.png	zenjpeg	444	96	model_auto	45.181	88.928	1.1628	CjpegliYcbcr	0.3
documents	office_census-acs-2024_questionnaire_p01_page1.png	zenjpeg	444	96	model_policy	44.876	88.853	1.0626	CjpegliYcbcr	0.3
documents	office_census-acs-2024_questionnaire_p01_page1.png	zenjpeg	444	96	model_proj	45.420	88.852	1.1194	CjpegliYcbcr	0.3
documents	office_fec-form3_campaign-finance_p01_page1.png	turbo	420	85	identity_off	44.583	86.061	0.6462	ImageMagick	85.0
documents	office_fec-form3_campaign-finance_p01_page1.png	turbo	420	85	identity_auto	44.531	86.128	0.6499	ImageMagick	85.0
documents	office_fec-form3_campaign-finance_p01_page1.png	turbo	420	85	model_off	47.308	88.952	0.4386	ImageMagick	85.0
documents	office_fec-form3_campaign-finance_p01_page1.png	turbo	420	85	model_auto	47.123	89.098	0.4384	ImageMagick	85.0
documents	office_fec-form3_campaign-finance_p01_page1.png	turbo	420	85	model_policy	47.325	88.946	0.4345	ImageMagick	85.0
documents	office_fec-form3_campaign-finance_p01_page1.png	turbo	420	85	model_proj	47.736	89.812	0.3559	ImageMagick	85.0
documents	office_fec-form3_campaign-finance_p01_page1.png	turbo	420	90	identity_off	47.498	89.380	0.4765	ImageMagick	90.0
documents	office_fec-form3_campaign-finance_p01_page1.png	turbo	420	90	identity_auto	47.367	89.249	0.4905	ImageMagick	90.0
documents	office_fec-form3_campaign-finance_p01_page1.png	turbo	420	90	model_off	49.784	91.169	0.3433	ImageMagick	90.0
documents	office_fec-form3_campaign-finance_p01_page1.png	turbo	420	90	model_auto	49.559	90.998	0.3937	ImageMagick	90.0
documents	office_fec-form3_campaign-finance_p01_page1.png	turbo	420	90	model_policy	49.789	91.267	0.3442	ImageMagick	90.0
documents	office_fec-form3_campaign-finance_p01_page1.png	turbo	420	90	model_proj	50.271	91.695	0.2668	ImageMagick	90.0
documents	office_fec-form3_campaign-finance_p01_page1.png	turbo	420	93	identity_off	50.068	90.767	0.3644	ImageMagick	93.0
documents	office_fec-form3_campaign-finance_p01_page1.png	turbo	420	93	identity_auto	49.836	90.646	0.3794	ImageMagick	93.0
documents	office_fec-form3_campaign-finance_p01_page1.png	turbo	420	93	model_off	51.907	91.749	0.2911	ImageMagick	93.0
documents	office_fec-form3_campaign-finance_p01_page1.png	turbo	420	93	model_auto	51.525	91.730	0.2818	ImageMagick	93.0
documents	office_fec-form3_campaign-finance_p01_page1.png	turbo	420	93	model_policy	51.919	91.834	0.2805	ImageMagick	93.0
documents	office_fec-form3_campaign-finance_p01_page1.png	turbo	420	93	model_proj	52.416	92.520	0.2184	ImageMagick	93.0
documents	office_fec-form3_campaign-finance_p01_page1.png	turbo	420	96	identity_off	53.567	92.311	0.2290	ImageMagick	96.0
documents	office_fec-form3_campaign-finance_p01_page1.png	turbo	420	96	identity_auto	53.567	92.311	0.2290	ImageMagick	96.0
documents	office_fec-form3_campaign-finance_p01_page1.png	turbo	420	96	model_off	54.596	92.773	0.2103	ImageMagick	96.0
documents	office_fec-form3_campaign-finance_p01_page1.png	turbo	420	96	model_auto	54.475	92.816	0.2158	ImageMagick	96.0
documents	office_fec-form3_campaign-finance_p01_page1.png	turbo	420	96	model_policy	54.585	92.780	0.2027	ImageMagick	96.0
documents	office_fec-form3_campaign-finance_p01_page1.png	turbo	420	96	model_proj	55.098	93.024	0.1444	ImageMagick	96.0
documents	office_fec-form3_campaign-finance_p01_page1.png	turbo	444	85	identity_off	44.580	86.599	0.6419	ImageMagick	85.0
documents	office_fec-form3_campaign-finance_p01_page1.png	turbo	444	85	identity_auto	44.525	86.681	0.6454	ImageMagick	85.0
documents	office_fec-form3_campaign-finance_p01_page1.png	turbo	444	85	model_off	47.324	89.539	0.4479	ImageMagick	85.0
documents	office_fec-form3_campaign-finance_p01_page1.png	turbo	444	85	model_auto	47.124	89.323	0.4444	ImageMagick	85.0
documents	office_fec-form3_campaign-finance_p01_page1.png	turbo	444	85	model_policy	47.339	89.487	0.4441	ImageMagick	85.0
documents	office_fec-form3_campaign-finance_p01_page1.png	turbo	444	85	model_proj	47.892	90.874	0.3552	ImageMagick	85.0
documents	office_fec-form3_campaign-finance_p01_page1.png	turbo	444	90	identity_off	47.570	89.699	0.4747	ImageMagick	90.0
documents	office_fec-form3_campaign-finance_p01_page1.png	turbo	444	90	identity_auto	47.430	89.646	0.4888	ImageMagick	90.0
documents	office_fec-form3_campaign-finance_p01_page1.png	turbo	444	90	model_off	49.938	91.568	0.3315	ImageMagick	90.0
documents	office_fec-form3_campaign-finance_p01_page1.png	turbo	444	90	model_auto	49.659	91.283	0.3851	ImageMagick	90.0
documents	office_fec-form3_campaign-finance_p01_page1.png	turbo	444	90	model_policy	49.917	91.541	0.3319	ImageMagick	90.0
documents	office_fec-form3_campaign-finance_p01_page1.png	turbo	444	90	model_proj	50.735	91.857	0.2683	ImageMagick	90.0
documents	office_fec-form3_campaign-finance_p01_page1.png	turbo	444	93	identity_off	50.146	91.476	0.3601	ImageMagick	93.0
documents	office_fec-form3_campaign-finance_p01_page1.png	turbo	444	93	identity_auto	49.903	91.271	0.3728	ImageMagick	93.0
documents	office_fec-form3_campaign-finance_p01_page1.png	turbo	444	93	model_off	52.062	92.371	0.2856	ImageMagick	93.0
documents	office_fec-form3_campaign-finance_p01_page1.png	turbo	444	93	model_auto	51.650	92.377	0.2638	ImageMagick	93.0
documents	office_fec-form3_campaign-finance_p01_page1.png	turbo	444	93	model_policy	52.057	92.470	0.2755	ImageMagick	93.0
documents	office_fec-form3_campaign-finance_p01_page1.png	turbo	444	93	model_proj	53.007	92.254	0.2244	ImageMagick	93.0
documents	office_fec-form3_campaign-finance_p01_page1.png	turbo	444	96	identity_off	53.944	92.991	0.2269	ImageMagick	96.0
documents	office_fec-form3_campaign-finance_p01_page1.png	turbo	444	96	identity_auto	53.944	92.991	0.2269	ImageMagick	96.0
documents	office_fec-form3_campaign-finance_p01_page1.png	turbo	444	96	model_off	55.025	93.401	0.2242	ImageMagick	96.0
documents	office_fec-form3_campaign-finance_p01_page1.png	turbo	444	96	model_auto	54.876	93.258	0.2219	ImageMagick	96.0
documents	office_fec-form3_campaign-finance_p01_page1.png	turbo	444	96	model_policy	55.002	93.332	0.2203	ImageMagick	96.0
documents	office_fec-form3_campaign-finance_p01_page1.png	turbo	444	96	model_proj	55.990	92.497	0.2015	ImageMagick	96.0
documents	office_fec-form3_campaign-finance_p01_page1.png	mozjpeg	420	85	identity_off	38.740	84.634	0.6967	Mozjpeg	85.0
documents	office_fec-form3_campaign-finance_p01_page1.png	mozjpeg	420	85	identity_auto	38.785	84.636	0.7163	Mozjpeg	85.0
documents	office_fec-form3_campaign-finance_p01_page1.png	mozjpeg	420	85	model_off	41.948	87.271	0.5505	Mozjpeg	85.0
documents	office_fec-form3_campaign-finance_p01_page1.png	mozjpeg	420	85	model_auto	41.933	87.193	0.5684	Mozjpeg	85.0
documents	office_fec-form3_campaign-finance_p01_page1.png	mozjpeg	420	85	model_policy	41.926	87.228	0.5510	Mozjpeg	85.0
documents	office_fec-form3_campaign-finance_p01_page1.png	mozjpeg	420	85	model_proj	41.857	88.123	0.4932	Mozjpeg	85.0
documents	office_fec-form3_campaign-finance_p01_page1.png	mozjpeg	420	90	identity_off	40.849	86.855	0.5905	Mozjpeg	90.0
documents	office_fec-form3_campaign-finance_p01_page1.png	mozjpeg	420	90	identity_auto	40.856	86.667	0.6041	Mozjpeg	90.0
documents	office_fec-form3_campaign-finance_p01_page1.png	mozjpeg	420	90	model_off	43.879	89.100	0.4541	Mozjpeg	90.0
documents	office_fec-form3_campaign-finance_p01_page1.png	mozjpeg	420	90	model_auto	43.844	88.986	0.4920	Mozjpeg	90.0
documents	office_fec-form3_campaign-finance_p01_page1.png	mozjpeg	420	90	model_policy	43.866	89.107	0.4616	Mozjpeg	90.0
documents	office_fec-form3_campaign-finance_p01_page1.png	mozjpeg	420	90	model_proj	43.969	89.696	0.3674	Mozjpeg	90.0
documents	office_fec-form3_campaign-finance_p01_page1.png	mozjpeg	420	93	identity_off	43.500	88.416	0.4800	Mozjpeg	93.0
documents	office_fec-form3_campaign-finance_p01_page1.png	mozjpeg	420	93	identity_auto	43.486	88.263	0.4962	Mozjpeg	93.0
documents	office_fec-form3_campaign-finance_p01_page1.png	mozjpeg	420	93	model_off	46.243	89.946	0.3984	Mozjpeg	93.0
documents	office_fec-form3_campaign-finance_p01_page1.png	mozjpeg	420	93	model_auto	46.161	89.818	0.4253	Mozjpeg	93.0
documents	office_fec-form3_campaign-finance_p01_page1.png	mozjpeg	420	93	model_policy	46.226	90.001	0.3970	Mozjpeg	93.0
documents	office_fec-form3_campaign-finance_p01_page1.png	mozjpeg	420	93	model_proj	46.465	90.765	0.3046	Mozjpeg	93.0
documents	office_fec-form3_campaign-finance_p01_page1.png	mozjpeg	420	96	identity_off	46.910	90.482	0.3439	Mozjpeg	96.0
documents	office_fec-form3_campaign-finance_p01_page1.png	mozjpeg	420	96	identity_auto	46.910	90.482	0.3439	Mozjpeg	96.0
documents	office_fec-form3_campaign-finance_p01_page1.png	mozjpeg	420	96	model_off	49.252	91.595	0.3058	Mozjpeg	96.0
documents	office_fec-form3_campaign-finance_p01_page1.png	mozjpeg	420	96	model_auto	49.188	91.689	0.3023	Mozjpeg	96.0
documents	office_fec-form3_campaign-finance_p01_page1.png	mozjpeg	420	96	model_policy	49.239	91.651	0.2989	Mozjpeg	96.0
documents	office_fec-form3_campaign-finance_p01_page1.png	mozjpeg	420	96	model_proj	49.695	92.097	0.2181	Mozjpeg	96.0
documents	office_fec-form3_campaign-finance_p01_page1.png	mozjpeg	444	85	identity_off	38.750	85.019	0.6936	Mozjpeg	85.0
documents	office_fec-form3_campaign-finance_p01_page1.png	mozjpeg	444	85	identity_auto	38.796	84.984	0.7151	Mozjpeg	85.0
documents	office_fec-form3_campaign-finance_p01_page1.png	mozjpeg	444	85	model_off	41.943	87.708	0.5455	Mozjpeg	85.0
documents	office_fec-form3_campaign-finance_p01_page1.png	mozjpeg	444	85	model_auto	41.922	87.630	0.5630	Mozjpeg	85.0
documents	office_fec-form3_campaign-finance_p01_page1.png	mozjpeg	444	85	model_policy	41.918	87.639	0.5439	Mozjpeg	85.0
documents	office_fec-form3_campaign-finance_p01_page1.png	mozjpeg	444	85	model_proj	41.862	88.795	0.4868	Mozjpeg	85.0
documents	office_fec-form3_campaign-finance_p01_page1.png	mozjpeg	444	90	identity_off	40.868	87.391	0.5914	Mozjpeg	90.0
documents	office_fec-form3_campaign-finance_p01_page1.png	mozjpeg	444	90	identity_auto	40.872	87.213	0.6059	Mozjpeg	90.0
documents	office_fec-form3_campaign-finance_p01_page1.png	mozjpeg	444	90	model_off	43.903	89.351	0.4530	Mozjpeg	90.0
documents	office_fec-form3_campaign-finance_p01_page1.png	mozjpeg	444	90	model_auto	43.854	89.410	0.4879	Mozjpeg	90.0
documents	office_fec-form3_campaign-finance_p01_page1.png	mozjpeg	444	90	model_policy	43.886	89.453	0.4588	Mozjpeg	90.0
documents	office_fec-form3_campaign-finance_p01_page1.png	mozjpeg	444	90	model_proj	44.013	90.145	0.3563	Mozjpeg	90.0
documents	office_fec-form3_campaign-finance_p01_page1.png	mozjpeg	444	93	identity_off	43.528	88.905	0.4739	Mozjpeg	93.0
documents	office_fec-form3_campaign-finance_p01_page1.png	mozjpeg	444	93	identity_auto	43.519	88.886	0.4886	Mozjpeg	93.0
documents	office_fec-form3_campaign-finance_p01_page1.png	mozjpeg	444	93	model_off	46.307	90.566	0.3869	Mozjpeg	93.0
documents	office_fec-form3_campaign-finance_p01_page1.png	mozjpeg	444	93	model_auto	46.217	90.556	0.4077	Mozjpeg	93.0
documents	office_fec-form3_campaign-finance_p01_page1.png	mozjpeg	444	93	model_policy	46.281	90.530	0.3872	Mozjpeg	93.0
documents	office_fec-form3_campaign-finance_p01_page1.png	mozjpeg	444	93	model_proj	46.536	90.889	0.3024	Mozjpeg	93.0
documents	office_fec-form3_campaign-finance_p01_page1.png	mozjpeg	444	96	identity_off	47.000	90.809	0.3386	Mozjpeg	96.0
documents	office_fec-form3_campaign-finance_p01_page1.png	mozjpeg	444	96	identity_auto	47.000	90.809	0.3386	Mozjpeg	96.0
documents	office_fec-form3_campaign-finance_p01_page1.png	mozjpeg	444	96	model_off	49.398	91.705	0.3160	Mozjpeg	96.0
documents	office_fec-form3_campaign-finance_p01_page1.png	mozjpeg	444	96	model_auto	49.316	91.966	0.3125	Mozjpeg	96.0
documents	office_fec-form3_campaign-finance_p01_page1.png	mozjpeg	444	96	model_policy	49.374	91.965	0.3122	Mozjpeg	96.0
documents	office_fec-form3_campaign-finance_p01_page1.png	mozjpeg	444	96	model_proj	49.900	91.437	0.2233	Mozjpeg	96.0
documents	office_fec-form3_campaign-finance_p01_page1.png	jpegli	420	85	identity_off	44.805	87.259	0.5717	CjpegliYcbcr	1.8
documents	office_fec-form3_campaign-finance_p01_page1.png	jpegli	420	85	identity_auto	44.882	87.431	0.5640	CjpegliYcbcr	1.8
documents	office_fec-form3_campaign-finance_p01_page1.png	jpegli	420	85	model_off	47.304	89.205	0.4132	CjpegliYcbcr	1.8
documents	office_fec-form3_campaign-finance_p01_page1.png	jpegli	420	85	model_auto	47.246	89.441	0.4167	CjpegliYcbcr	1.8
documents	office_fec-form3_campaign-finance_p01_page1.png	jpegli	420	85	model_policy	47.301	89.309	0.4133	CjpegliYcbcr	1.8
documents	office_fec-form3_campaign-finance_p01_page1.png	jpegli	420	85	model_proj	47.562	90.110	0.3420	CjpegliYcbcr	1.8
documents	office_fec-form3_campaign-finance_p01_page1.png	jpegli	420	90	identity_off	47.758	89.889	0.3914	CjpegliYcbcr	1.3
documents	office_fec-form3_campaign-finance_p01_page1.png	jpegli	420	90	identity_auto	47.633	89.791	0.4103	CjpegliYcbcr	1.3
documents	office_fec-form3_campaign-finance_p01_page1.png	jpegli	420	90	model_off	49.792	91.204	0.4123	CjpegliYcbcr	1.3
documents	office_fec-form3_campaign-finance_p01_page1.png	jpegli	420	90	model_auto	49.624	91.213	0.3262	CjpegliYcbcr	1.3
documents	office_fec-form3_campaign-finance_p01_page1.png	jpegli	420	90	model_policy	49.793	91.008	0.4025	CjpegliYcbcr	1.3
documents	office_fec-form3_campaign-finance_p01_page1.png	jpegli	420	90	model_proj	49.980	91.568	0.3173	CjpegliYcbcr	1.3
documents	office_fec-form3_campaign-finance_p01_page1.png	jpegli	420	93	identity_off	50.429	90.815	0.3131	CjpegliYcbcr	1.0
documents	office_fec-form3_campaign-finance_p01_page1.png	jpegli	420	93	identity_auto	50.185	90.669	0.3378	CjpegliYcbcr	1.0
documents	office_fec-form3_campaign-finance_p01_page1.png	jpegli	420	93	model_off	52.089	91.457	0.2560	CjpegliYcbcr	1.0
documents	office_fec-form3_campaign-finance_p01_page1.png	jpegli	420	93	model_auto	51.737	91.337	0.2944	CjpegliYcbcr	1.0
documents	office_fec-form3_campaign-finance_p01_page1.png	jpegli	420	93	model_policy	52.064	91.497	0.2517	CjpegliYcbcr	1.0
documents	office_fec-form3_campaign-finance_p01_page1.png	jpegli	420	93	model_proj	52.398	91.814	0.2064	CjpegliYcbcr	1.0
documents	office_fec-form3_campaign-finance_p01_page1.png	jpegli	420	96	identity_off	53.941	92.017	0.2060	CjpegliYcbcr	0.5
documents	office_fec-form3_campaign-finance_p01_page1.png	jpegli	420	96	identity_auto	53.941	92.017	0.2060	CjpegliYcbcr	0.5
documents	office_fec-form3_campaign-finance_p01_page1.png	jpegli	420	96	model_off	54.758	92.264	0.2322	CjpegliYcbcr	0.5
documents	office_fec-form3_campaign-finance_p01_page1.png	jpegli	420	96	model_auto	54.481	92.345	0.2481	CjpegliYcbcr	0.5
documents	office_fec-form3_campaign-finance_p01_page1.png	jpegli	420	96	model_policy	54.750	92.333	0.2289	CjpegliYcbcr	0.5
documents	office_fec-form3_campaign-finance_p01_page1.png	jpegli	420	96	model_proj	55.254	92.747	0.1656	CjpegliYcbcr	0.5
documents	office_fec-form3_campaign-finance_p01_page1.png	jpegli	444	85	identity_off	46.402	88.960	0.4569	CjpegliYcbcr	1.4
documents	office_fec-form3_campaign-finance_p01_page1.png	jpegli	444	85	identity_auto	46.286	88.880	0.4832	CjpegliYcbcr	1.4
documents	office_fec-form3_campaign-finance_p01_page1.png	jpegli	444	85	model_off	48.716	90.558	0.4832	CjpegliYcbcr	1.4
documents	office_fec-form3_campaign-finance_p01_page1.png	jpegli	444	85	model_auto	48.468	90.417	0.4966	CjpegliYcbcr	1.4
documents	office_fec-form3_campaign-finance_p01_page1.png	jpegli	444	85	model_policy	48.723	90.419	0.4857	CjpegliYcbcr	1.4
documents	office_fec-form3_campaign-finance_p01_page1.png	jpegli	444	85	model_proj	48.985	91.048	0.3326	CjpegliYcbcr	1.4
documents	office_fec-form3_campaign-finance_p01_page1.png	jpegli	444	90	identity_off	49.257	90.070	0.3469	CjpegliYcbcr	1.1
documents	office_fec-form3_campaign-finance_p01_page1.png	jpegli	444	90	identity_auto	49.043	90.007	0.3749	CjpegliYcbcr	1.1
documents	office_fec-form3_campaign-finance_p01_page1.png	jpegli	444	90	model_off	51.143	91.296	0.2708	CjpegliYcbcr	1.1
documents	office_fec-form3_campaign-finance_p01_page1.png	jpegli	444	90	model_auto	50.855	91.126	0.3127	CjpegliYcbcr	1.1
documents	office_fec-form3_campaign-finance_p01_page1.png	jpegli	444	90	model_policy	51.090	91.111	0.2696	CjpegliYcbcr	1.1
documents	office_fec-form3_campaign-finance_p01_page1.png	jpegli	444	90	model_proj	51.628	92.064	0.2318	CjpegliYcbcr	1.1
documents	office_fec-form3_campaign-finance_p01_page1.png	jpegli	444	93	identity_off	51.911	90.958	0.2809	CjpegliYcbcr	0.7
documents	office_fec-form3_campaign-finance_p01_page1.png	jpegli	444	93	identity_auto	51.570	90.993	0.3124	CjpegliYcbcr	0.7
documents	office_fec-form3_campaign-finance_p01_page1.png	jpegli	444	93	model_off	53.292	91.684	0.2337	CjpegliYcbcr	0.7
documents	office_fec-form3_campaign-finance_p01_page1.png	jpegli	444	93	model_auto	52.822	91.524	0.2860	CjpegliYcbcr	0.7
documents	office_fec-form3_campaign-finance_p01_page1.png	jpegli	444	93	model_policy	53.280	91.532	0.2331	CjpegliYcbcr	0.7
documents	office_fec-form3_campaign-finance_p01_page1.png	jpegli	444	93	model_proj	53.661	91.908	0.1994	CjpegliYcbcr	0.7
documents	office_fec-form3_campaign-finance_p01_page1.png	jpegli	444	96	identity_off	55.161	92.305	0.1892	CjpegliYcbcr	0.3
documents	office_fec-form3_campaign-finance_p01_page1.png	jpegli	444	96	identity_auto	55.161	92.305	0.1892	CjpegliYcbcr	0.3
documents	office_fec-form3_campaign-finance_p01_page1.png	jpegli	444	96	model_off	55.705	92.605	0.2342	CjpegliYcbcr	0.3
documents	office_fec-form3_campaign-finance_p01_page1.png	jpegli	444	96	model_auto	55.612	92.512	0.2346	CjpegliYcbcr	0.3
documents	office_fec-form3_campaign-finance_p01_page1.png	jpegli	444	96	model_policy	55.612	92.604	0.2435	CjpegliYcbcr	0.3
documents	office_fec-form3_campaign-finance_p01_page1.png	jpegli	444	96	model_proj	56.301	92.629	0.1661	CjpegliYcbcr	0.3
documents	office_fec-form3_campaign-finance_p01_page1.png	zenjpeg	420	85	identity_off	46.101	89.086	0.3882	CjpegliYcbcr	1.8
documents	office_fec-form3_campaign-finance_p01_page1.png	zenjpeg	420	85	identity_auto	46.128	89.030	0.3729	CjpegliYcbcr	1.8
documents	office_fec-form3_campaign-finance_p01_page1.png	zenjpeg	420	85	model_off	47.929	90.203	0.3368	CjpegliYcbcr	1.8
documents	office_fec-form3_campaign-finance_p01_page1.png	zenjpeg	420	85	model_auto	47.822	89.980	0.3502	CjpegliYcbcr	1.8
documents	office_fec-form3_campaign-finance_p01_page1.png	zenjpeg	420	85	model_policy	47.912	90.261	0.3206	CjpegliYcbcr	1.8
documents	office_fec-form3_campaign-finance_p01_page1.png	zenjpeg	420	85	model_proj	46.824	91.229	0.4122	CjpegliYcbcr	1.8
documents	office_fec-form3_campaign-finance_p01_page1.png	zenjpeg	420	90	identity_off	49.100	91.354	0.2807	CjpegliYcbcr	1.3
documents	office_fec-form3_campaign-finance_p01_page1.png	zenjpeg	420	90	identity_auto	49.082	91.463	0.2784	CjpegliYcbcr	1.3
documents	office_fec-form3_campaign-finance_p01_page1.png	zenjpeg	420	90	model_off	50.341	91.800	0.4357	CjpegliYcbcr	1.3
documents	office_fec-form3_campaign-finance_p01_page1.png	zenjpeg	420	90	model_auto	50.271	91.729	0.3907	CjpegliYcbcr	1.3
documents	office_fec-form3_campaign-finance_p01_page1.png	zenjpeg	420	90	model_policy	50.310	91.662	0.4399	CjpegliYcbcr	1.3
documents	office_fec-form3_campaign-finance_p01_page1.png	zenjpeg	420	90	model_proj	49.307	92.080	0.3542	CjpegliYcbcr	1.3
documents	office_fec-form3_campaign-finance_p01_page1.png	zenjpeg	420	93	identity_off	51.683	91.465	0.2291	CjpegliYcbcr	1.0
documents	office_fec-form3_campaign-finance_p01_page1.png	zenjpeg	420	93	identity_auto	51.573	91.470	0.2358	CjpegliYcbcr	1.0
documents	office_fec-form3_campaign-finance_p01_page1.png	zenjpeg	420	93	model_off	52.608	91.839	0.2492	CjpegliYcbcr	1.0
documents	office_fec-form3_campaign-finance_p01_page1.png	zenjpeg	420	93	model_auto	52.299	91.638	0.2602	CjpegliYcbcr	1.0
documents	office_fec-form3_campaign-finance_p01_page1.png	zenjpeg	420	93	model_policy	52.584	91.855	0.2202	CjpegliYcbcr	1.0
documents	office_fec-form3_campaign-finance_p01_page1.png	zenjpeg	420	93	model_proj	51.738	92.821	0.2511	CjpegliYcbcr	1.0
documents	office_fec-form3_campaign-finance_p01_page1.png	zenjpeg	420	96	identity_off	54.718	92.306	0.1632	CjpegliYcbcr	0.5
documents	office_fec-form3_campaign-finance_p01_page1.png	zenjpeg	420	96	identity_auto	54.718	92.306	0.1632	CjpegliYcbcr	0.5
documents	office_fec-form3_campaign-finance_p01_page1.png	zenjpeg	420	96	model_off	55.054	92.397	0.2729	CjpegliYcbcr	0.5
documents	office_fec-form3_campaign-finance_p01_page1.png	zenjpeg	420	96	model_auto	54.825	92.530	0.2480	CjpegliYcbcr	0.5
documents	office_fec-form3_campaign-finance_p01_page1.png	zenjpeg	420	96	model_policy	55.023	92.430	0.2305	CjpegliYcbcr	0.5
documents	office_fec-form3_campaign-finance_p01_page1.png	zenjpeg	420	96	model_proj	54.729	93.345	0.2105	CjpegliYcbcr	0.5
documents	office_fec-form3_campaign-finance_p01_page1.png	zenjpeg	444	85	identity_off	47.629	90.330	0.3271	CjpegliYcbcr	1.4
documents	office_fec-form3_campaign-finance_p01_page1.png	zenjpeg	444	85	identity_auto	47.603	90.086	0.3266	CjpegliYcbcr	1.4
documents	office_fec-form3_campaign-finance_p01_page1.png	zenjpeg	444	85	model_off	49.219	91.407	0.3220	CjpegliYcbcr	1.4
documents	office_fec-form3_campaign-finance_p01_page1.png	zenjpeg	444	85	model_auto	49.082	91.160	0.3210	CjpegliYcbcr	1.4
documents	office_fec-form3_campaign-finance_p01_page1.png	zenjpeg	444	85	model_policy	49.193	91.374	0.3024	CjpegliYcbcr	1.4
documents	office_fec-form3_campaign-finance_p01_page1.png	zenjpeg	444	85	model_proj	48.454	91.363	0.3590	CjpegliYcbcr	1.4
documents	office_fec-form3_campaign-finance_p01_page1.png	zenjpeg	444	90	identity_off	50.390	90.831	0.2467	CjpegliYcbcr	1.1
documents	office_fec-form3_campaign-finance_p01_page1.png	zenjpeg	444	90	identity_auto	50.256	90.889	0.2505	CjpegliYcbcr	1.1
documents	office_fec-form3_campaign-finance_p01_page1.png	zenjpeg	444	90	model_off	51.502	91.282	0.2542	CjpegliYcbcr	1.1
documents	office_fec-form3_campaign-finance_p01_page1.png	zenjpeg	444	90	model_auto	51.140	91.113	0.2955	CjpegliYcbcr	1.1
documents	office_fec-form3_campaign-finance_p01_page1.png	zenjpeg	444	90	model_policy	51.419	91.390	0.2431	CjpegliYcbcr	1.1
documents	office_fec-form3_campaign-finance_p01_page1.png	zenjpeg	444	90	model_proj	51.076	92.111	0.2720	CjpegliYcbcr	1.1
documents	office_fec-form3_campaign-finance_p01_page1.png	zenjpeg	444	93	identity_off	53.177	91.860	0.2048	CjpegliYcbcr	0.7
documents	office_fec-form3_campaign-finance_p01_page1.png	zenjpeg	444	93	identity_auto	52.972	91.813	0.2128	CjpegliYcbcr	0.7
documents	office_fec-form3_campaign-finance_p01_page1.png	zenjpeg	444	93	model_off	53.833	92.110	0.2313	CjpegliYcbcr	0.7
documents	office_fec-form3_campaign-finance_p01_page1.png	zenjpeg	444	93	model_auto	53.579	92.093	0.2738	CjpegliYcbcr	0.7
documents	office_fec-form3_campaign-finance_p01_page1.png	zenjpeg	444	93	model_policy	53.770	92.017	0.2237	CjpegliYcbcr	0.7
documents	office_fec-form3_campaign-finance_p01_page1.png	zenjpeg	444	93	model_proj	52.957	92.912	0.2295	CjpegliYcbcr	0.7
documents	office_fec-form3_campaign-finance_p01_page1.png	zenjpeg	444	96	identity_off	56.054	92.417	0.1395	CjpegliYcbcr	0.3
documents	office_fec-form3_campaign-finance_p01_page1.png	zenjpeg	444	96	identity_auto	56.054	92.417	0.1395	CjpegliYcbcr	0.3
documents	office_fec-form3_campaign-finance_p01_page1.png	zenjpeg	444	96	model_off	56.268	92.627	0.2201	CjpegliYcbcr	0.3
documents	office_fec-form3_campaign-finance_p01_page1.png	zenjpeg	444	96	model_auto	56.016	92.486	0.2286	CjpegliYcbcr	0.3
documents	office_fec-form3_campaign-finance_p01_page1.png	zenjpeg	444	96	model_policy	56.196	92.498	0.2067	CjpegliYcbcr	0.3
documents	office_fec-form3_campaign-finance_p01_page1.png	zenjpeg	444	96	model_proj	56.263	93.338	0.1480	CjpegliYcbcr	0.3
documents	office_fedreg-2026-10621_rule_p01_page1.png	turbo	420	85	identity_off	38.530	85.946	0.8243	ImageMagick	85.0
documents	office_fedreg-2026-10621_rule_p01_page1.png	turbo	420	85	identity_auto	38.383	86.055	0.8475	ImageMagick	85.0
documents	office_fedreg-2026-10621_rule_p01_page1.png	turbo	420	85	model_off	40.858	89.596	0.5764	ImageMagick	85.0
documents	office_fedreg-2026-10621_rule_p01_page1.png	turbo	420	85	model_auto	40.624	89.446	0.5954	ImageMagick	85.0
documents	office_fedreg-2026-10621_rule_p01_page1.png	turbo	420	85	model_policy	40.875	89.603	0.5750	ImageMagick	85.0
documents	office_fedreg-2026-10621_rule_p01_page1.png	turbo	420	85	model_proj	41.565	90.786	0.4853	ImageMagick	85.0
documents	office_fedreg-2026-10621_rule_p01_page1.png	turbo	420	90	identity_off	41.705	89.733	0.5912	ImageMagick	90.0
documents	office_fedreg-2026-10621_rule_p01_page1.png	turbo	420	90	identity_auto	41.529	89.562	0.6199	ImageMagick	90.0
documents	office_fedreg-2026-10621_rule_p01_page1.png	turbo	420	90	model_off	43.533	91.840	0.4184	ImageMagick	90.0
documents	office_fedreg-2026-10621_rule_p01_page1.png	turbo	420	90	model_auto	43.268	91.712	0.4458	ImageMagick	90.0
documents	office_fedreg-2026-10621_rule_p01_page1.png	turbo	420	90	model_policy	43.564	91.875	0.4172	ImageMagick	90.0
documents	office_fedreg-2026-10621_rule_p01_page1.png	turbo	420	90	model_proj	44.330	92.722	0.3453	ImageMagick	90.0
documents	office_fedreg-2026-10621_rule_p01_page1.png	turbo	420	93	identity_off	44.602	92.129	0.4449	ImageMagick	93.0
documents	office_fedreg-2026-10621_rule_p01_page1.png	turbo	420	93	identity_auto	44.297	91.984	0.4730	ImageMagick	93.0
documents	office_fedreg-2026-10621_rule_p01_page1.png	turbo	420	93	model_off	46.069	93.405	0.3181	ImageMagick	93.0
documents	office_fedreg-2026-10621_rule_p01_page1.png	turbo	420	93	model_auto	45.663	93.114	0.3467	ImageMagick	93.0
documents	office_fedreg-2026-10621_rule_p01_page1.png	turbo	420	93	model_policy	46.103	93.351	0.3172	ImageMagick	93.0
documents	office_fedreg-2026-10621_rule_p01_page1.png	turbo	420	93	model_proj	46.922	93.858	0.2622	ImageMagick	93.0
documents	office_fedreg-2026-10621_rule_p01_page1.png	turbo	420	96	identity_off	49.268	94.480	0.2730	ImageMagick	96.0
documents	office_fedreg-2026-10621_rule_p01_page1.png	turbo	420	96	identity_auto	49.268	94.480	0.2730	ImageMagick	96.0
documents	office_fedreg-2026-10621_rule_p01_page1.png	turbo	420	96	model_off	50.075	94.733	0.2047	ImageMagick	96.0
documents	office_fedreg-2026-10621_rule_p01_page1.png	turbo	420	96	model_auto	50.027	94.711	0.2049	ImageMagick	96.0
documents	office_fedreg-2026-10621_rule_p01_page1.png	turbo	420	96	model_policy	50.124	94.812	0.2038	ImageMagick	96.0
documents	office_fedreg-2026-10621_rule_p01_page1.png	turbo	420	96	model_proj	51.001	95.002	0.1671	ImageMagick	96.0
documents	office_fedreg-2026-10621_rule_p01_page1.png	turbo	444	85	identity_off	38.530	85.946	0.8243	ImageMagick	85.0
documents	office_fedreg-2026-10621_rule_p01_page1.png	turbo	444	85	identity_auto	38.383	86.055	0.8475	ImageMagick	85.0
documents	office_fedreg-2026-10621_rule_p01_page1.png	turbo	444	85	model_off	40.858	89.596	0.5764	ImageMagick	85.0
documents	office_fedreg-2026-10621_rule_p01_page1.png	turbo	444	85	model_auto	40.624	89.446	0.5954	ImageMagick	85.0
documents	office_fedreg-2026-10621_rule_p01_page1.png	turbo	444	85	model_policy	40.875	89.603	0.5750	ImageMagick	85.0
documents	office_fedreg-2026-10621_rule_p01_page1.png	turbo	444	85	model_proj	41.589	90.604	0.4880	ImageMagick	85.0
documents	office_fedreg-2026-10621_rule_p01_page1.png	turbo	444	90	identity_off	41.705	89.733	0.5912	ImageMagick	90.0
documents	office_fedreg-2026-10621_rule_p01_page1.png	turbo	444	90	identity_auto	41.529	89.562	0.6199	ImageMagick	90.0
documents	office_fedreg-2026-10621_rule_p01_page1.png	turbo	444	90	model_off	43.533	91.840	0.4184	ImageMagick	90.0
documents	office_fedreg-2026-10621_rule_p01_page1.png	turbo	444	90	model_auto	43.268	91.712	0.4458	ImageMagick	90.0
documents	office_fedreg-2026-10621_rule_p01_page1.png	turbo	444	90	model_policy	43.564	91.875	0.4172	ImageMagick	90.0
documents	office_fedreg-2026-10621_rule_p01_page1.png	turbo	444	90	model_proj	44.376	92.076	0.3565	ImageMagick	90.0
documents	office_fedreg-2026-10621_rule_p01_page1.png	turbo	444	93	identity_off	44.602	92.129	0.4449	ImageMagick	93.0
documents	office_fedreg-2026-10621_rule_p01_page1.png	turbo	444	93	identity_auto	44.297	91.984	0.4730	ImageMagick	93.0
documents	office_fedreg-2026-10621_rule_p01_page1.png	turbo	444	93	model_off	46.069	93.405	0.3181	ImageMagick	93.0
documents	office_fedreg-2026-10621_rule_p01_page1.png	turbo	444	93	model_auto	45.663	93.114	0.3467	ImageMagick	93.0
documents	office_fedreg-2026-10621_rule_p01_page1.png	turbo	444	93	model_policy	46.103	93.351	0.3172	ImageMagick	93.0
documents	office_fedreg-2026-10621_rule_p01_page1.png	turbo	444	93	model_proj	46.865	93.004	0.2799	ImageMagick	93.0
documents	office_fedreg-2026-10621_rule_p01_page1.png	turbo	444	96	identity_off	49.268	94.480	0.2730	ImageMagick	96.0
documents	office_fedreg-2026-10621_rule_p01_page1.png	turbo	444	96	identity_auto	49.268	94.480	0.2730	ImageMagick	96.0
documents	office_fedreg-2026-10621_rule_p01_page1.png	turbo	444	96	model_off	50.075	94.733	0.2047	ImageMagick	96.0
documents	office_fedreg-2026-10621_rule_p01_page1.png	turbo	444	96	model_auto	50.027	94.711	0.2049	ImageMagick	96.0
documents	office_fedreg-2026-10621_rule_p01_page1.png	turbo	444	96	model_policy	50.124	94.812	0.2038	ImageMagick	96.0
documents	office_fedreg-2026-10621_rule_p01_page1.png	turbo	444	96	model_proj	50.478	93.917	0.2141	ImageMagick	96.0
documents	office_fedreg-2026-10621_rule_p01_page1.png	mozjpeg	420	85	identity_off	31.917	81.681	1.4243	Mozjpeg	85.0
documents	office_fedreg-2026-10621_rule_p01_page1.png	mozjpeg	420	85	identity_auto	31.922	81.578	1.4516	Mozjpeg	85.0
documents	office_fedreg-2026-10621_rule_p01_page1.png	mozjpeg	420	85	model_off	34.567	85.411	1.1534	Mozjpeg	85.0
documents	office_fedreg-2026-10621_rule_p01_page1.png	mozjpeg	420	85	model_auto	34.515	85.311	1.1734	Mozjpeg	85.0
documents	office_fedreg-2026-10621_rule_p01_page1.png	mozjpeg	420	85	model_policy	34.510	85.357	1.1561	Mozjpeg	85.0
documents	office_fedreg-2026-10621_rule_p01_page1.png	mozjpeg	420	85	model_proj	35.071	87.131	0.8729	Mozjpeg	85.0
documents	office_fedreg-2026-10621_rule_p01_page1.png	mozjpeg	420	90	identity_off	34.073	84.768	1.1406	Mozjpeg	90.0
documents	office_fedreg-2026-10621_rule_p01_page1.png	mozjpeg	420	90	identity_auto	34.075	84.657	1.1618	Mozjpeg	90.0
documents	office_fedreg-2026-10621_rule_p01_page1.png	mozjpeg	420	90	model_off	36.642	87.750	0.8878	Mozjpeg	90.0
documents	office_fedreg-2026-10621_rule_p01_page1.png	mozjpeg	420	90	model_auto	36.572	87.655	0.9046	Mozjpeg	90.0
documents	office_fedreg-2026-10621_rule_p01_page1.png	mozjpeg	420	90	model_policy	36.581	87.758	0.8923	Mozjpeg	90.0
documents	office_fedreg-2026-10621_rule_p01_page1.png	mozjpeg	420	90	model_proj	37.218	89.007	0.6774	Mozjpeg	90.0
documents	office_fedreg-2026-10621_rule_p01_page1.png	mozjpeg	420	93	identity_off	36.080	86.762	0.8826	Mozjpeg	93.0
documents	office_fedreg-2026-10621_rule_p01_page1.png	mozjpeg	420	93	identity_auto	36.071	86.611	0.9048	Mozjpeg	93.0
documents	office_fedreg-2026-10621_rule_p01_page1.png	mozjpeg	420	93	model_off	38.425	89.288	0.6655	Mozjpeg	93.0
documents	office_fedreg-2026-10621_rule_p01_page1.png	mozjpeg	420	93	model_auto	38.315	89.108	0.6847	Mozjpeg	93.0
documents	office_fedreg-2026-10621_rule_p01_page1.png	mozjpeg	420	93	model_policy	38.364	89.241	0.6711	Mozjpeg	93.0
documents	office_fedreg-2026-10621_rule_p01_page1.png	mozjpeg	420	93	model_proj	39.088	90.262	0.5252	Mozjpeg	93.0
documents	office_fedreg-2026-10621_rule_p01_page1.png	mozjpeg	420	96	identity_off	39.857	90.095	0.5498	Mozjpeg	96.0
documents	office_fedreg-2026-10621_rule_p01_page1.png	mozjpeg	420	96	identity_auto	39.857	90.095	0.5498	Mozjpeg	96.0
documents	office_fedreg-2026-10621_rule_p01_page1.png	mozjpeg	420	96	model_off	41.571	91.456	0.4277	Mozjpeg	96.0
documents	office_fedreg-2026-10621_rule_p01_page1.png	mozjpeg	420	96	model_auto	41.391	91.319	0.4371	Mozjpeg	96.0
documents	office_fedreg-2026-10621_rule_p01_page1.png	mozjpeg	420	96	model_policy	41.531	91.357	0.4299	Mozjpeg	96.0
documents	office_fedreg-2026-10621_rule_p01_page1.png	mozjpeg	420	96	model_proj	42.538	92.149	0.3431	Mozjpeg	96.0
documents	office_fedreg-2026-10621_rule_p01_page1.png	mozjpeg	444	85	identity_off	31.917	81.682	1.4243	Mozjpeg	85.0
documents	office_fedreg-2026-10621_rule_p01_page1.png	mozjpeg	444	85	identity_auto	31.922	81.578	1.4516	Mozjpeg	85.0
documents	office_fedreg-2026-10621_rule_p01_page1.png	mozjpeg	444	85	model_off	34.567	85.411	1.1534	Mozjpeg	85.0
documents	office_fedreg-2026-10621_rule_p01_page1.png	mozjpeg	444	85	model_auto	34.515	85.312	1.1734	Mozjpeg	85.0
documents	office_fedreg-2026-10621_rule_p01_page1.png	mozjpeg	444	85	model_policy	34.510	85.357	1.1561	Mozjpeg	85.0
documents	office_fedreg-2026-10621_rule_p01_page1.png	mozjpeg	444	85	model_proj	35.071	87.136	0.8729	Mozjpeg	85.0
documents	office_fedreg-2026-10621_rule_p01_page1.png	mozjpeg	444	90	identity_off	34.073	84.768	1.1406	Mozjpeg	90.0
documents	office_fedreg-2026-10621_rule_p01_page1.png	mozjpeg	444	90	identity_auto	34.075	84.657	1.1618	Mozjpeg	90.0
documents	office_fedreg-2026-10621_rule_p01_page1.png	mozjpeg	444	90	model_off	36.642	87.750	0.8878	Mozjpeg	90.0
documents	office_fedreg-2026-10621_rule_p01_page1.png	mozjpeg	444	90	model_auto	36.572	87.655	0.9046	Mozjpeg	90.0
documents	office_fedreg-2026-10621_rule_p01_page1.png	mozjpeg	444	90	model_policy	36.581	87.758	0.8923	Mozjpeg	90.0
documents	office_fedreg-2026-10621_rule_p01_page1.png	mozjpeg	444	90	model_proj	37.197	88.859	0.6789	Mozjpeg	90.0
documents	office_fedreg-2026-10621_rule_p01_page1.png	mozjpeg	444	93	identity_off	36.080	86.754	0.8826	Mozjpeg	93.0
documents	office_fedreg-2026-10621_rule_p01_page1.png	mozjpeg	444	93	identity_auto	36.071	86.615	0.9048	Mozjpeg	93.0
documents	office_fedreg-2026-10621_rule_p01_page1.png	mozjpeg	444	93	model_off	38.425	89.275	0.6655	Mozjpeg	93.0
documents	office_fedreg-2026-10621_rule_p01_page1.png	mozjpeg	444	93	model_auto	38.315	89.083	0.6847	Mozjpeg	93.0
documents	office_fedreg-2026-10621_rule_p01_page1.png	mozjpeg	444	93	model_policy	38.364	89.242	0.6711	Mozjpeg	93.0
documents	office_fedreg-2026-10621_rule_p01_page1.png	mozjpeg	444	93	model_proj	39.039	90.005	0.5306	Mozjpeg	93.0
documents	office_fedreg-2026-10621_rule_p01_page1.png	mozjpeg	444	96	identity_off	39.857	90.095	0.5498	Mozjpeg	96.0
documents	office_fedreg-2026-10621_rule_p01_page1.png	mozjpeg	444	96	identity_auto	39.857	90.095	0.5498	Mozjpeg	96.0
documents	office_fedreg-2026-10621_rule_p01_page1.png	mozjpeg	444	96	model_off	41.571	91.456	0.4277	Mozjpeg	96.0
documents	office_fedreg-2026-10621_rule_p01_page1.png	mozjpeg	444	96	model_auto	41.391	91.319	0.4371	Mozjpeg	96.0
documents	office_fedreg-2026-10621_rule_p01_page1.png	mozjpeg	444	96	model_policy	41.531	91.357	0.4299	Mozjpeg	96.0
documents	office_fedreg-2026-10621_rule_p01_page1.png	mozjpeg	444	96	model_proj	42.404	91.650	0.3516	Mozjpeg	96.0
documents	office_fedreg-2026-10621_rule_p01_page1.png	jpegli	420	85	identity_off	38.599	87.364	0.6794	CjpegliYcbcr	1.8
documents	office_fedreg-2026-10621_rule_p01_page1.png	jpegli	420	85	identity_auto	38.594	87.602	0.6805	CjpegliYcbcr	1.8
documents	office_fedreg-2026-10621_rule_p01_page1.png	jpegli	420	85	model_off	40.681	90.041	0.5049	CjpegliYcbcr	1.8
documents	office_fedreg-2026-10621_rule_p01_page1.png	jpegli	420	85	model_auto	40.535	90.073	0.5135	CjpegliYcbcr	1.8
documents	office_fedreg-2026-10621_rule_p01_page1.png	jpegli	420	85	model_policy	40.675	89.995	0.5050	CjpegliYcbcr	1.8
documents	office_fedreg-2026-10621_rule_p01_page1.png	jpegli	420	85	model_proj	40.860	90.460	0.4755	CjpegliYcbcr	1.8
documents	office_fedreg-2026-10621_rule_p01_page1.png	jpegli	420	90	identity_off	41.830	90.672	0.4816	CjpegliYcbcr	1.3
documents	office_fedreg-2026-10621_rule_p01_page1.png	jpegli	420	90	identity_auto	41.656	90.489	0.5195	CjpegliYcbcr	1.3
documents	office_fedreg-2026-10621_rule_p01_page1.png	jpegli	420	90	model_off	43.414	92.090	0.3644	CjpegliYcbcr	1.3
documents	office_fedreg-2026-10621_rule_p01_page1.png	jpegli	420	90	model_auto	43.148	91.864	0.3990	CjpegliYcbcr	1.3
documents	office_fedreg-2026-10621_rule_p01_page1.png	jpegli	420	90	model_policy	43.417	91.983	0.3635	CjpegliYcbcr	1.3
documents	office_fedreg-2026-10621_rule_p01_page1.png	jpegli	420	90	model_proj	43.614	92.390	0.3436	CjpegliYcbcr	1.3
documents	office_fedreg-2026-10621_rule_p01_page1.png	jpegli	420	93	identity_off	44.880	92.747	0.3590	CjpegliYcbcr	1.0
documents	office_fedreg-2026-10621_rule_p01_page1.png	jpegli	420	93	identity_auto	44.575	92.538	0.3942	CjpegliYcbcr	1.0
documents	office_fedreg-2026-10621_rule_p01_page1.png	jpegli	420	93	model_off	46.005	93.318	0.2727	CjpegliYcbcr	1.0
documents	office_fedreg-2026-10621_rule_p01_page1.png	jpegli	420	93	model_auto	45.644	93.094	0.3092	CjpegliYcbcr	1.0
documents	office_fedreg-2026-10621_rule_p01_page1.png	jpegli	420	93	model_policy	46.031	93.336	0.2720	CjpegliYcbcr	1.0
documents	office_fedreg-2026-10621_rule_p01_page1.png	jpegli	420	93	model_proj	46.243	93.394	0.2552	CjpegliYcbcr	1.0
documents	office_fedreg-2026-10621_rule_p01_page1.png	jpegli	420	96	identity_off	49.264	94.488	0.2323	CjpegliYcbcr	0.5
documents	office_fedreg-2026-10621_rule_p01_page1.png	jpegli	420	96	identity_auto	49.264	94.488	0.2323	CjpegliYcbcr	0.5
documents	office_fedreg-2026-10621_rule_p01_page1.png	jpegli	420	96	model_off	49.833	94.563	0.1860	CjpegliYcbcr	0.5
documents	office_fedreg-2026-10621_rule_p01_page1.png	jpegli	420	96	model_auto	49.787	94.558	0.1876	CjpegliYcbcr	0.5
documents	office_fedreg-2026-10621_rule_p01_page1.png	jpegli	420	96	model_policy	49.874	94.577	0.1850	CjpegliYcbcr	0.5
documents	office_fedreg-2026-10621_rule_p01_page1.png	jpegli	420	96	model_proj	50.090	94.560	0.1753	CjpegliYcbcr	0.5
documents	office_fedreg-2026-10621_rule_p01_page1.png	jpegli	444	85	identity_off	40.281	89.265	0.5671	CjpegliYcbcr	1.4
documents	office_fedreg-2026-10621_rule_p01_page1.png	jpegli	444	85	identity_auto	40.153	89.079	0.6047	CjpegliYcbcr	1.4
documents	office_fedreg-2026-10621_rule_p01_page1.png	jpegli	444	85	model_off	42.117	91.285	0.4370	CjpegliYcbcr	1.4
documents	office_fedreg-2026-10621_rule_p01_page1.png	jpegli	444	85	model_auto	41.901	91.018	0.4667	CjpegliYcbcr	1.4
documents	office_fedreg-2026-10621_rule_p01_page1.png	jpegli	444	85	model_policy	42.115	91.213	0.4357	CjpegliYcbcr	1.4
documents	office_fedreg-2026-10621_rule_p01_page1.png	jpegli	444	85	model_proj	42.350	91.599	0.4093	CjpegliYcbcr	1.4
documents	office_fedreg-2026-10621_rule_p01_page1.png	jpegli	444	90	identity_off	43.582	91.866	0.4067	CjpegliYcbcr	1.1
documents	office_fedreg-2026-10621_rule_p01_page1.png	jpegli	444	90	identity_auto	43.343	91.689	0.4425	CjpegliYcbcr	1.1
documents	office_fedreg-2026-10621_rule_p01_page1.png	jpegli	444	90	model_off	44.899	92.788	0.3112	CjpegliYcbcr	1.1
documents	office_fedreg-2026-10621_rule_p01_page1.png	jpegli	444	90	model_auto	44.579	92.611	0.3458	CjpegliYcbcr	1.1
documents	office_fedreg-2026-10621_rule_p01_page1.png	jpegli	444	90	model_policy	44.913	92.808	0.3105	CjpegliYcbcr	1.1
documents	office_fedreg-2026-10621_rule_p01_page1.png	jpegli	444	90	model_proj	45.159	93.055	0.2908	CjpegliYcbcr	1.1
documents	office_fedreg-2026-10621_rule_p01_page1.png	jpegli	444	93	identity_off	46.698	93.515	0.2971	CjpegliYcbcr	0.7
documents	office_fedreg-2026-10621_rule_p01_page1.png	jpegli	444	93	identity_auto	46.263	93.392	0.3337	CjpegliYcbcr	0.7
documents	office_fedreg-2026-10621_rule_p01_page1.png	jpegli	444	93	model_off	47.602	93.926	0.2288	CjpegliYcbcr	0.7
documents	office_fedreg-2026-10621_rule_p01_page1.png	jpegli	444	93	model_auto	47.111	93.678	0.2687	CjpegliYcbcr	0.7
documents	office_fedreg-2026-10621_rule_p01_page1.png	jpegli	444	93	model_policy	47.638	93.931	0.2280	CjpegliYcbcr	0.7
documents	office_fedreg-2026-10621_rule_p01_page1.png	jpegli	444	93	model_proj	47.842	93.978	0.2190	CjpegliYcbcr	0.7
documents	office_fedreg-2026-10621_rule_p01_page1.png	jpegli	444	96	identity_off	51.196	95.038	0.1942	CjpegliYcbcr	0.3
documents	office_fedreg-2026-10621_rule_p01_page1.png	jpegli	444	96	identity_auto	51.196	95.038	0.1942	CjpegliYcbcr	0.3
documents	office_fedreg-2026-10621_rule_p01_page1.png	jpegli	444	96	model_off	51.533	94.902	0.1659	CjpegliYcbcr	0.3
documents	office_fedreg-2026-10621_rule_p01_page1.png	jpegli	444	96	model_auto	51.488	95.012	0.1709	CjpegliYcbcr	0.3
documents	office_fedreg-2026-10621_rule_p01_page1.png	jpegli	444	96	model_policy	51.573	95.032	0.1615	CjpegliYcbcr	0.3
documents	office_fedreg-2026-10621_rule_p01_page1.png	jpegli	444	96	model_proj	52.005	94.341	0.1539	CjpegliYcbcr	0.3
documents	office_fedreg-2026-10621_rule_p01_page1.png	zenjpeg	420	85	identity_off	40.336	91.381	0.4203	CjpegliYcbcr	1.8
documents	office_fedreg-2026-10621_rule_p01_page1.png	zenjpeg	420	85	identity_auto	40.282	91.358	0.4268	CjpegliYcbcr	1.8
documents	office_fedreg-2026-10621_rule_p01_page1.png	zenjpeg	420	85	model_off	41.207	91.883	0.3865	CjpegliYcbcr	1.8
documents	office_fedreg-2026-10621_rule_p01_page1.png	zenjpeg	420	85	model_auto	41.066	91.829	0.3863	CjpegliYcbcr	1.8
documents	office_fedreg-2026-10621_rule_p01_page1.png	zenjpeg	420	85	model_policy	41.182	91.924	0.3877	CjpegliYcbcr	1.8
documents	office_fedreg-2026-10621_rule_p01_page1.png	zenjpeg	420	85	model_proj	40.478	91.901	0.4442	CjpegliYcbcr	1.8
documents	office_fedreg-2026-10621_rule_p01_page1.png	zenjpeg	420	90	identity_off	43.748	93.086	0.2829	CjpegliYcbcr	1.3
documents	office_fedreg-2026-10621_rule_p01_page1.png	zenjpeg	420	90	identity_auto	43.735	93.078	0.2934	CjpegliYcbcr	1.3
documents	office_fedreg-2026-10621_rule_p01_page1.png	zenjpeg	420	90	model_off	44.240	93.255	0.2715	CjpegliYcbcr	1.3
documents	office_fedreg-2026-10621_rule_p01_page1.png	zenjpeg	420	90	model_auto	44.191	93.101	0.2789	CjpegliYcbcr	1.3
documents	office_fedreg-2026-10621_rule_p01_page1.png	zenjpeg	420	90	model_policy	44.241	93.225	0.2721	CjpegliYcbcr	1.3
documents	office_fedreg-2026-10621_rule_p01_page1.png	zenjpeg	420	90	model_proj	43.426	93.196	0.3373	CjpegliYcbcr	1.3
documents	office_fedreg-2026-10621_rule_p01_page1.png	zenjpeg	420	93	identity_off	46.959	94.175	0.1968	CjpegliYcbcr	1.0
documents	office_fedreg-2026-10621_rule_p01_page1.png	zenjpeg	420	93	identity_auto	46.873	93.996	0.2094	CjpegliYcbcr	1.0
documents	office_fedreg-2026-10621_rule_p01_page1.png	zenjpeg	420	93	model_off	47.261	94.175	0.1921	CjpegliYcbcr	1.0
documents	office_fedreg-2026-10621_rule_p01_page1.png	zenjpeg	420	93	model_auto	47.148	93.945	0.2018	CjpegliYcbcr	1.0
documents	office_fedreg-2026-10621_rule_p01_page1.png	zenjpeg	420	93	model_policy	47.269	94.096	0.1922	CjpegliYcbcr	1.0
documents	office_fedreg-2026-10621_rule_p01_page1.png	zenjpeg	420	93	model_proj	46.411	94.081	0.2460	CjpegliYcbcr	1.0
documents	office_fedreg-2026-10621_rule_p01_page1.png	zenjpeg	420	96	identity_off	51.402	95.147	0.1298	CjpegliYcbcr	0.5
documents	office_fedreg-2026-10621_rule_p01_page1.png	zenjpeg	420	96	identity_auto	51.402	95.147	0.1298	CjpegliYcbcr	0.5
documents	office_fedreg-2026-10621_rule_p01_page1.png	zenjpeg	420	96	model_off	51.483	95.086	0.1296	CjpegliYcbcr	0.5
documents	office_fedreg-2026-10621_rule_p01_page1.png	zenjpeg	420	96	model_auto	51.434	94.985	0.1340	CjpegliYcbcr	0.5
documents	office_fedreg-2026-10621_rule_p01_page1.png	zenjpeg	420	96	model_policy	51.498	95.018	0.1299	CjpegliYcbcr	0.5
documents	office_fedreg-2026-10621_rule_p01_page1.png	zenjpeg	420	96	model_proj	50.682	95.064	0.1590	CjpegliYcbcr	0.5
documents	office_fedreg-2026-10621_rule_p01_page1.png	zenjpeg	444	85	identity_off	42.054	92.386	0.3457	CjpegliYcbcr	1.4
documents	office_fedreg-2026-10621_rule_p01_page1.png	zenjpeg	444	85	identity_auto	42.050	92.249	0.3574	CjpegliYcbcr	1.4
documents	office_fedreg-2026-10621_rule_p01_page1.png	zenjpeg	444	85	model_off	42.733	92.687	0.3304	CjpegliYcbcr	1.4
documents	office_fedreg-2026-10621_rule_p01_page1.png	zenjpeg	444	85	model_auto	42.682	92.498	0.3373	CjpegliYcbcr	1.4
documents	office_fedreg-2026-10621_rule_p01_page1.png	zenjpeg	444	85	model_policy	42.720	92.617	0.3310	CjpegliYcbcr	1.4
documents	office_fedreg-2026-10621_rule_p01_page1.png	zenjpeg	444	85	model_proj	42.152	92.743	0.3697	CjpegliYcbcr	1.4
documents	office_fedreg-2026-10621_rule_p01_page1.png	zenjpeg	444	90	identity_off	45.493	93.729	0.2382	CjpegliYcbcr	1.1
documents	office_fedreg-2026-10621_rule_p01_page1.png	zenjpeg	444	90	identity_auto	45.437	93.662	0.2490	CjpegliYcbcr	1.1
documents	office_fedreg-2026-10621_rule_p01_page1.png	zenjpeg	444	90	model_off	45.887	93.702	0.2281	CjpegliYcbcr	1.1
documents	office_fedreg-2026-10621_rule_p01_page1.png	zenjpeg	444	90	model_auto	45.812	93.627	0.2365	CjpegliYcbcr	1.1
documents	office_fedreg-2026-10621_rule_p01_page1.png	zenjpeg	444	90	model_policy	45.897	93.752	0.2277	CjpegliYcbcr	1.1
documents	office_fedreg-2026-10621_rule_p01_page1.png	zenjpeg	444	90	model_proj	45.295	93.781	0.2666	CjpegliYcbcr	1.1
documents	office_fedreg-2026-10621_rule_p01_page1.png	zenjpeg	444	93	identity_off	48.905	94.639	0.1636	CjpegliYcbcr	0.7
documents	office_fedreg-2026-10621_rule_p01_page1.png	zenjpeg	444	93	identity_auto	48.754	94.651	0.1762	CjpegliYcbcr	0.7
documents	office_fedreg-2026-10621_rule_p01_page1.png	zenjpeg	444	93	model_off	49.086	94.605	0.1585	CjpegliYcbcr	0.7
documents	office_fedreg-2026-10621_rule_p01_page1.png	zenjpeg	444	93	model_auto	48.919	94.522	0.1700	CjpegliYcbcr	0.7
documents	office_fedreg-2026-10621_rule_p01_page1.png	zenjpeg	444	93	model_policy	49.100	94.630	0.1585	CjpegliYcbcr	0.7
documents	office_fedreg-2026-10621_rule_p01_page1.png	zenjpeg	444	93	model_proj	47.916	94.471	0.2188	CjpegliYcbcr	0.7
documents	office_fedreg-2026-10621_rule_p01_page1.png	zenjpeg	444	96	identity_off	53.613	95.602	0.1060	CjpegliYcbcr	0.3
documents	office_fedreg-2026-10621_rule_p01_page1.png	zenjpeg	444	96	identity_auto	53.613	95.602	0.1060	CjpegliYcbcr	0.3
documents	office_fedreg-2026-10621_rule_p01_page1.png	zenjpeg	444	96	model_off	53.583	95.461	0.1067	CjpegliYcbcr	0.3
documents	office_fedreg-2026-10621_rule_p01_page1.png	zenjpeg	444	96	model_auto	53.502	95.460	0.1121	CjpegliYcbcr	0.3
documents	office_fedreg-2026-10621_rule_p01_page1.png	zenjpeg	444	96	model_policy	53.600	95.463	0.1066	CjpegliYcbcr	0.3
documents	office_fedreg-2026-10621_rule_p01_page1.png	zenjpeg	444	96	model_proj	51.892	95.037	0.1273	CjpegliYcbcr	0.3
art-scans	haeckel_0007_cephalopods.png	turbo	420	85	identity_off	37.148	84.335	0.8207	ImageMagick	85.0
art-scans	haeckel_0007_cephalopods.png	turbo	420	85	identity_auto	37.135	84.288	0.8485	ImageMagick	85.0
art-scans	haeckel_0007_cephalopods.png	turbo	420	85	model_off	37.289	84.544	0.8171	ImageMagick	85.0
art-scans	haeckel_0007_cephalopods.png	turbo	420	85	model_auto	37.238	84.213	0.8577	ImageMagick	85.0
art-scans	haeckel_0007_cephalopods.png	turbo	420	85	model_policy	37.303	84.560	0.8194	ImageMagick	85.0
art-scans	haeckel_0007_cephalopods.png	turbo	420	85	model_proj	37.307	84.589	0.8174	ImageMagick	85.0
art-scans	haeckel_0007_cephalopods.png	turbo	420	90	identity_off	38.744	86.764	0.7430	ImageMagick	90.0
art-scans	haeckel_0007_cephalopods.png	turbo	420	90	identity_auto	38.721	86.785	0.7763	ImageMagick	90.0
art-scans	haeckel_0007_cephalopods.png	turbo	420	90	model_off	38.822	86.834	0.7440	ImageMagick	90.0
art-scans	haeckel_0007_cephalopods.png	turbo	420	90	model_auto	38.742	86.740	0.7826	ImageMagick	90.0
art-scans	haeckel_0007_cephalopods.png	turbo	420	90	model_policy	38.824	86.936	0.7463	ImageMagick	90.0
art-scans	haeckel_0007_cephalopods.png	turbo	420	90	model_proj	38.831	87.006	0.7453	ImageMagick	90.0
art-scans	haeckel_0007_cephalopods.png	turbo	420	93	identity_off	39.939	88.157	0.6911	ImageMagick	93.0
art-scans	haeckel_0007_cephalopods.png	turbo	420	93	identity_auto	39.882	88.124	0.7254	ImageMagick	93.0
art-scans	haeckel_0007_cephalopods.png	turbo	420	93	model_off	39.973	88.183	0.6929	ImageMagick	93.0
art-scans	haeckel_0007_cephalopods.png	turbo	420	93	model_auto	39.838	87.879	0.7359	ImageMagick	93.0
art-scans	haeckel_0007_cephalopods.png	turbo	420	93	model_policy	39.968	88.186	0.6927	ImageMagick	93.0
art-scans	haeckel_0007_cephalopods.png	turbo	420	93	model_proj	39.976	87.979	0.6918	ImageMagick	93.0
art-scans	haeckel_0007_cephalopods.png	turbo	420	96	identity_off	41.426	89.293	0.6571	ImageMagick	96.0
art-scans	haeckel_0007_cephalopods.png	turbo	420	96	identity_auto	41.426	89.293	0.6571	ImageMagick	96.0
art-scans	haeckel_0007_cephalopods.png	turbo	420	96	model_off	41.405	89.286	0.6612	ImageMagick	96.0
art-scans	haeckel_0007_cephalopods.png	turbo	420	96	model_auto	41.221	88.804	0.6714	ImageMagick	96.0
art-scans	haeckel_0007_cephalopods.png	turbo	420	96	model_policy	41.383	89.087	0.6617	ImageMagick	96.0
art-scans	haeckel_0007_cephalopods.png	turbo	420	96	model_proj	41.400	89.207	0.6597	ImageMagick	96.0
art-scans	haeckel_0007_cephalopods.png	turbo	444	85	identity_off	40.147	87.652	0.6246	ImageMagick	85.0
art-scans	haeckel_0007_cephalopods.png	turbo	444	85	identity_auto	40.287	87.681	0.6384	ImageMagick	85.0
art-scans	haeckel_0007_cephalopods.png	turbo	444	85	model_off	40.446	87.957	0.6439	ImageMagick	85.0
art-scans	haeckel_0007_cephalopods.png	turbo	444	85	model_auto	40.410	87.511	0.6895	ImageMagick	85.0
art-scans	haeckel_0007_cephalopods.png	turbo	444	85	model_policy	40.473	88.026	0.6272	ImageMagick	85.0
art-scans	haeckel_0007_cephalopods.png	turbo	444	85	model_proj	40.536	88.144	0.5963	ImageMagick	85.0
art-scans	haeckel_0007_cephalopods.png	turbo	444	90	identity_off	41.948	89.487	0.5267	ImageMagick	90.0
art-scans	haeckel_0007_cephalopods.png	turbo	444	90	identity_auto	41.977	89.506	0.5512	ImageMagick	90.0
art-scans	haeckel_0007_cephalopods.png	turbo	444	90	model_off	42.166	89.639	0.5226	ImageMagick	90.0
art-scans	haeckel_0007_cephalopods.png	turbo	444	90	model_auto	42.053	89.068	0.5767	ImageMagick	90.0
art-scans	haeckel_0007_cephalopods.png	turbo	444	90	model_policy	42.179	89.486	0.5152	ImageMagick	90.0
art-scans	haeckel_0007_cephalopods.png	turbo	444	90	model_proj	42.268	89.629	0.5171	ImageMagick	90.0
art-scans	haeckel_0007_cephalopods.png	turbo	444	93	identity_off	43.552	90.641	0.4790	ImageMagick	93.0
art-scans	haeckel_0007_cephalopods.png	turbo	444	93	identity_auto	43.516	90.538	0.5054	ImageMagick	93.0
art-scans	haeckel_0007_cephalopods.png	turbo	444	93	model_off	43.694	90.547	0.5040	ImageMagick	93.0
art-scans	haeckel_0007_cephalopods.png	turbo	444	93	model_auto	43.469	89.930	0.5742	ImageMagick	93.0
art-scans	haeckel_0007_cephalopods.png	turbo	444	93	model_policy	43.688	90.517	0.4879	ImageMagick	93.0
art-scans	haeckel_0007_cephalopods.png	turbo	444	93	model_proj	43.682	90.485	0.5166	ImageMagick	93.0
art-scans	haeckel_0007_cephalopods.png	turbo	444	96	identity_off	46.151	91.680	0.4515	ImageMagick	96.0
art-scans	haeckel_0007_cephalopods.png	turbo	444	96	identity_auto	46.151	91.680	0.4515	ImageMagick	96.0
art-scans	haeckel_0007_cephalopods.png	turbo	444	96	model_off	46.151	91.435	0.4695	ImageMagick	96.0
art-scans	haeckel_0007_cephalopods.png	turbo	444	96	model_auto	45.691	90.571	0.4781	ImageMagick	96.0
art-scans	haeckel_0007_cephalopods.png	turbo	444	96	model_policy	46.097	91.497	0.4551	ImageMagick	96.0
art-scans	haeckel_0007_cephalopods.png	turbo	444	96	model_proj	45.667	91.234	0.5847	ImageMagick	96.0
art-scans	haeckel_0007_cephalopods.png	mozjpeg	420	85	identity_off	37.305	83.856	0.9760	Mozjpeg	85.0
art-scans	haeckel_0007_cephalopods.png	mozjpeg	420	85	identity_auto	37.316	83.861	1.0022	Mozjpeg	85.0
art-scans	haeckel_0007_cephalopods.png	mozjpeg	420	85	model_off	37.372	83.951	0.9727	Mozjpeg	85.0
art-scans	haeckel_0007_cephalopods.png	mozjpeg	420	85	model_auto	37.238	83.390	1.0186	Mozjpeg	85.0
art-scans	haeckel_0007_cephalopods.png	mozjpeg	420	85	model_policy	37.359	83.909	0.9768	Mozjpeg	85.0
art-scans	haeckel_0007_cephalopods.png	mozjpeg	420	85	model_proj	37.362	83.937	0.9762	Mozjpeg	85.0
art-scans	haeckel_0007_cephalopods.png	mozjpeg	420	90	identity_off	38.521	86.254	0.8873	Mozjpeg	90.0
art-scans	haeckel_0007_cephalopods.png	mozjpeg	420	90	identity_auto	38.508	86.127	0.9161	Mozjpeg	90.0
art-scans	haeckel_0007_cephalopods.png	mozjpeg	420	90	model_off	38.501	86.153	0.8913	Mozjpeg	90.0
art-scans	haeckel_0007_cephalopods.png	mozjpeg	420	90	model_auto	38.330	85.836	0.9294	Mozjpeg	90.0
art-scans	haeckel_0007_cephalopods.png	mozjpeg	420	90	model_policy	38.477	86.059	0.8921	Mozjpeg	90.0
art-scans	haeckel_0007_cephalopods.png	mozjpeg	420	90	model_proj	38.482	86.126	0.8909	Mozjpeg	90.0
art-scans	haeckel_0007_cephalopods.png	mozjpeg	420	93	identity_off	39.427	87.301	0.8239	Mozjpeg	93.0
art-scans	haeckel_0007_cephalopods.png	mozjpeg	420	93	identity_auto	39.386	87.185	0.8558	Mozjpeg	93.0
art-scans	haeckel_0007_cephalopods.png	mozjpeg	420	93	model_off	39.375	87.267	0.8275	Mozjpeg	93.0
art-scans	haeckel_0007_cephalopods.png	mozjpeg	420	93	model_auto	39.141	86.650	0.8691	Mozjpeg	93.0
art-scans	haeckel_0007_cephalopods.png	mozjpeg	420	93	model_policy	39.346	87.258	0.8299	Mozjpeg	93.0
art-scans	haeckel_0007_cephalopods.png	mozjpeg	420	93	model_proj	39.352	87.269	0.8289	Mozjpeg	93.0
art-scans	haeckel_0007_cephalopods.png	mozjpeg	420	96	identity_off	40.590	88.324	0.7858	Mozjpeg	96.0
art-scans	haeckel_0007_cephalopods.png	mozjpeg	420	96	identity_auto	40.590	88.324	0.7858	Mozjpeg	96.0
art-scans	haeckel_0007_cephalopods.png	mozjpeg	420	96	model_off	40.497	88.232	0.7899	Mozjpeg	96.0
art-scans	haeckel_0007_cephalopods.png	mozjpeg	420	96	model_auto	40.246	87.768	0.8069	Mozjpeg	96.0
art-scans	haeckel_0007_cephalopods.png	mozjpeg	420	96	model_policy	40.461	88.249	0.7945	Mozjpeg	96.0
art-scans	haeckel_0007_cephalopods.png	mozjpeg	420	96	model_proj	40.479	88.307	0.7932	Mozjpeg	96.0
art-scans	haeckel_0007_cephalopods.png	mozjpeg	444	85	identity_off	40.136	86.626	0.6824	Mozjpeg	85.0
art-scans	haeckel_0007_cephalopods.png	mozjpeg	444	85	identity_auto	40.287	86.922	0.6895	Mozjpeg	85.0
art-scans	haeckel_0007_cephalopods.png	mozjpeg	444	85	model_off	40.316	86.905	0.6921	Mozjpeg	85.0
art-scans	haeckel_0007_cephalopods.png	mozjpeg	444	85	model_auto	40.062	86.189	0.7800	Mozjpeg	85.0
art-scans	haeckel_0007_cephalopods.png	mozjpeg	444	85	model_policy	40.273	86.822	0.6853	Mozjpeg	85.0
art-scans	haeckel_0007_cephalopods.png	mozjpeg	444	85	model_proj	40.371	86.917	0.6601	Mozjpeg	85.0
art-scans	haeckel_0007_cephalopods.png	mozjpeg	444	90	identity_off	42.011	88.810	0.5735	Mozjpeg	90.0
art-scans	haeckel_0007_cephalopods.png	mozjpeg	444	90	identity_auto	42.038	88.868	0.5910	Mozjpeg	90.0
art-scans	haeckel_0007_cephalopods.png	mozjpeg	444	90	model_off	42.060	88.664	0.6087	Mozjpeg	90.0
art-scans	haeckel_0007_cephalopods.png	mozjpeg	444	90	model_auto	41.699	88.003	0.6883	Mozjpeg	90.0
art-scans	haeckel_0007_cephalopods.png	mozjpeg	444	90	model_policy	42.003	88.557	0.5928	Mozjpeg	90.0
art-scans	haeckel_0007_cephalopods.png	mozjpeg	444	90	model_proj	42.144	88.903	0.5614	Mozjpeg	90.0
art-scans	haeckel_0007_cephalopods.png	mozjpeg	444	93	identity_off	43.638	89.806	0.5112	Mozjpeg	93.0
art-scans	haeckel_0007_cephalopods.png	mozjpeg	444	93	identity_auto	43.601	89.883	0.5350	Mozjpeg	93.0
art-scans	haeckel_0007_cephalopods.png	mozjpeg	444	93	model_off	43.583	89.698	0.5259	Mozjpeg	93.0
art-scans	haeckel_0007_cephalopods.png	mozjpeg	444	93	model_auto	43.014	88.785	0.6262	Mozjpeg	93.0
art-scans	haeckel_0007_cephalopods.png	mozjpeg	444	93	model_policy	43.493	89.736	0.5165	Mozjpeg	93.0
art-scans	haeckel_0007_cephalopods.png	mozjpeg	444	93	model_proj	43.619	89.751	0.5224	Mozjpeg	93.0
art-scans	haeckel_0007_cephalopods.png	mozjpeg	444	96	identity_off	46.306	91.115	0.4666	Mozjpeg	96.0
art-scans	haeckel_0007_cephalopods.png	mozjpeg	444	96	identity_auto	46.306	91.115	0.4666	Mozjpeg	96.0
art-scans	haeckel_0007_cephalopods.png	mozjpeg	444	96	model_off	46.031	90.982	0.5115	Mozjpeg	96.0
art-scans	haeckel_0007_cephalopods.png	mozjpeg	444	96	model_auto	45.170	89.879	0.6032	Mozjpeg	96.0
art-scans	haeckel_0007_cephalopods.png	mozjpeg	444	96	model_policy	45.895	90.970	0.4948	Mozjpeg	96.0
art-scans	haeckel_0007_cephalopods.png	mozjpeg	444	96	model_proj	45.723	90.785	0.5581	Mozjpeg	96.0
art-scans	haeckel_0007_cephalopods.png	jpegli	420	85	identity_off	36.784	83.799	0.9183	CjpegliYcbcr	1.8
art-scans	haeckel_0007_cephalopods.png	jpegli	420	85	identity_auto	36.850	84.038	0.9142	CjpegliYcbcr	1.8
art-scans	haeckel_0007_cephalopods.png	jpegli	420	85	model_off	36.873	83.880	0.9213	CjpegliYcbcr	1.8
art-scans	haeckel_0007_cephalopods.png	jpegli	420	85	model_auto	36.805	83.614	0.9424	CjpegliYcbcr	1.8
art-scans	haeckel_0007_cephalopods.png	jpegli	420	85	model_policy	36.866	83.835	0.9270	CjpegliYcbcr	1.8
art-scans	haeckel_0007_cephalopods.png	jpegli	420	85	model_proj	36.867	83.811	0.9261	CjpegliYcbcr	1.8
art-scans	haeckel_0007_cephalopods.png	jpegli	420	90	identity_off	38.188	85.816	0.8607	CjpegliYcbcr	1.3
art-scans	haeckel_0007_cephalopods.png	jpegli	420	90	identity_auto	38.188	85.845	0.8900	CjpegliYcbcr	1.3
art-scans	haeckel_0007_cephalopods.png	jpegli	420	90	model_off	38.194	85.827	0.8625	CjpegliYcbcr	1.3
art-scans	haeckel_0007_cephalopods.png	jpegli	420	90	model_auto	38.073	85.639	0.9137	CjpegliYcbcr	1.3
art-scans	haeckel_0007_cephalopods.png	jpegli	420	90	model_policy	38.181	85.747	0.8685	CjpegliYcbcr	1.3
art-scans	haeckel_0007_cephalopods.png	jpegli	420	90	model_proj	38.184	85.802	0.8668	CjpegliYcbcr	1.3
art-scans	haeckel_0007_cephalopods.png	jpegli	420	93	identity_off	39.294	87.255	0.8047	CjpegliYcbcr	1.0
art-scans	haeckel_0007_cephalopods.png	jpegli	420	93	identity_auto	39.269	87.296	0.8344	CjpegliYcbcr	1.0
art-scans	haeckel_0007_cephalopods.png	jpegli	420	93	model_off	39.254	87.215	0.8072	CjpegliYcbcr	1.0
art-scans	haeckel_0007_cephalopods.png	jpegli	420	93	model_auto	39.082	86.817	0.8554	CjpegliYcbcr	1.0
art-scans	haeckel_0007_cephalopods.png	jpegli	420	93	model_policy	39.235	87.243	0.8130	CjpegliYcbcr	1.0
art-scans	haeckel_0007_cephalopods.png	jpegli	420	93	model_proj	39.242	87.268	0.8101	CjpegliYcbcr	1.0
art-scans	haeckel_0007_cephalopods.png	jpegli	420	96	identity_off	40.392	88.212	0.7754	CjpegliYcbcr	0.5
art-scans	haeckel_0007_cephalopods.png	jpegli	420	96	identity_auto	40.392	88.212	0.7754	CjpegliYcbcr	0.5
art-scans	haeckel_0007_cephalopods.png	jpegli	420	96	model_off	40.305	88.223	0.7793	CjpegliYcbcr	0.5
art-scans	haeckel_0007_cephalopods.png	jpegli	420	96	model_auto	40.094	87.845	0.7962	CjpegliYcbcr	0.5
art-scans	haeckel_0007_cephalopods.png	jpegli	420	96	model_policy	40.282	88.155	0.7801	CjpegliYcbcr	0.5
art-scans	haeckel_0007_cephalopods.png	jpegli	420	96	model_proj	40.293	88.239	0.7757	CjpegliYcbcr	0.5
art-scans	haeckel_0007_cephalopods.png	jpegli	444	85	identity_off	37.920	85.844	0.6727	CjpegliYcbcr	1.4
art-scans	haeckel_0007_cephalopods.png	jpegli	444	85	identity_auto	38.035	86.196	0.6956	CjpegliYcbcr	1.4
art-scans	haeckel_0007_cephalopods.png	jpegli	444	85	model_off	38.320	85.902	0.7403	CjpegliYcbcr	1.4
art-scans	haeckel_0007_cephalopods.png	jpegli	444	85	model_auto	38.231	85.585	0.8573	CjpegliYcbcr	1.4
art-scans	haeckel_0007_cephalopods.png	jpegli	444	85	model_policy	38.329	85.994	0.7338	CjpegliYcbcr	1.4
art-scans	haeckel_0007_cephalopods.png	jpegli	444	85	model_proj	38.363	86.284	0.6732	CjpegliYcbcr	1.4
art-scans	haeckel_0007_cephalopods.png	jpegli	444	90	identity_off	39.806	88.100	0.5654	CjpegliYcbcr	1.1
art-scans	haeckel_0007_cephalopods.png	jpegli	444	90	identity_auto	39.927	88.337	0.5861	CjpegliYcbcr	1.1
art-scans	haeckel_0007_cephalopods.png	jpegli	444	90	model_off	40.092	88.160	0.5827	CjpegliYcbcr	1.1
art-scans	haeckel_0007_cephalopods.png	jpegli	444	90	model_auto	40.004	87.819	0.6679	CjpegliYcbcr	1.1
art-scans	haeckel_0007_cephalopods.png	jpegli	444	90	model_policy	40.102	87.895	0.5632	CjpegliYcbcr	1.1
art-scans	haeckel_0007_cephalopods.png	jpegli	444	90	model_proj	40.153	88.466	0.5317	CjpegliYcbcr	1.1
art-scans	haeckel_0007_cephalopods.png	jpegli	444	93	identity_off	41.540	89.572	0.5290	CjpegliYcbcr	0.7
art-scans	haeckel_0007_cephalopods.png	jpegli	444	93	identity_auto	41.651	89.602	0.5536	CjpegliYcbcr	0.7
art-scans	haeckel_0007_cephalopods.png	jpegli	444	93	model_off	41.714	89.308	0.5437	CjpegliYcbcr	0.7
art-scans	haeckel_0007_cephalopods.png	jpegli	444	93	model_auto	41.572	89.054	0.6451	CjpegliYcbcr	0.7
art-scans	haeckel_0007_cephalopods.png	jpegli	444	93	model_policy	41.709	89.409	0.5300	CjpegliYcbcr	0.7
art-scans	haeckel_0007_cephalopods.png	jpegli	444	93	model_proj	41.755	89.721	0.5195	CjpegliYcbcr	0.7
art-scans	haeckel_0007_cephalopods.png	jpegli	444	96	identity_off	43.994	90.832	0.4470	CjpegliYcbcr	0.3
art-scans	haeckel_0007_cephalopods.png	jpegli	444	96	identity_auto	43.994	90.832	0.4470	CjpegliYcbcr	0.3
art-scans	haeckel_0007_cephalopods.png	jpegli	444	96	model_off	44.028	90.652	0.4950	CjpegliYcbcr	0.3
art-scans	haeckel_0007_cephalopods.png	jpegli	444	96	model_auto	43.599	89.739	0.6487	CjpegliYcbcr	0.3
art-scans	haeckel_0007_cephalopods.png	jpegli	444	96	model_policy	43.989	90.620	0.4823	CjpegliYcbcr	0.3
art-scans	haeckel_0007_cephalopods.png	jpegli	444	96	model_proj	44.014	91.266	0.4910	CjpegliYcbcr	0.3
art-scans	haeckel_0007_cephalopods.png	zenjpeg	420	85	identity_off	36.746	83.729	0.9192	CjpegliYcbcr	1.8
art-scans	haeckel_0007_cephalopods.png	zenjpeg	420	85	identity_auto	36.813	83.913	0.9146	CjpegliYcbcr	1.8
art-scans	haeckel_0007_cephalopods.png	zenjpeg	420	85	model_off	36.840	83.809	0.9172	CjpegliYcbcr	1.8
art-scans	haeckel_0007_cephalopods.png	zenjpeg	420	85	model_auto	36.775	83.609	0.9398	CjpegliYcbcr	1.8
art-scans	haeckel_0007_cephalopods.png	zenjpeg	420	85	model_policy	36.835	83.754	0.9227	CjpegliYcbcr	1.8
art-scans	haeckel_0007_cephalopods.png	zenjpeg	420	85	model_proj	36.836	83.829	0.9220	CjpegliYcbcr	1.8
art-scans	haeckel_0007_cephalopods.png	zenjpeg	420	90	identity_off	38.143	85.909	0.8677	CjpegliYcbcr	1.3
art-scans	haeckel_0007_cephalopods.png	zenjpeg	420	90	identity_auto	38.145	86.095	0.8958	CjpegliYcbcr	1.3
art-scans	haeckel_0007_cephalopods.png	zenjpeg	420	90	model_off	38.150	85.939	0.8672	CjpegliYcbcr	1.3
art-scans	haeckel_0007_cephalopods.png	zenjpeg	420	90	model_auto	38.031	85.682	0.9199	CjpegliYcbcr	1.3
art-scans	haeckel_0007_cephalopods.png	zenjpeg	420	90	model_policy	38.138	85.929	0.8783	CjpegliYcbcr	1.3
art-scans	haeckel_0007_cephalopods.png	zenjpeg	420	90	model_proj	38.140	85.884	0.8775	CjpegliYcbcr	1.3
art-scans	haeckel_0007_cephalopods.png	zenjpeg	420	93	identity_off	39.237	87.140	0.8208	CjpegliYcbcr	1.0
art-scans	haeckel_0007_cephalopods.png	zenjpeg	420	93	identity_auto	39.212	87.249	0.8503	CjpegliYcbcr	1.0
art-scans	haeckel_0007_cephalopods.png	zenjpeg	420	93	model_off	39.206	87.184	0.8172	CjpegliYcbcr	1.0
art-scans	haeckel_0007_cephalopods.png	zenjpeg	420	93	model_auto	39.027	86.700	0.8659	CjpegliYcbcr	1.0
art-scans	haeckel_0007_cephalopods.png	zenjpeg	420	93	model_policy	39.186	87.054	0.8232	CjpegliYcbcr	1.0
art-scans	haeckel_0007_cephalopods.png	zenjpeg	420	93	model_proj	39.190	87.043	0.8221	CjpegliYcbcr	1.0
art-scans	haeckel_0007_cephalopods.png	zenjpeg	420	96	identity_off	40.348	88.258	0.7805	CjpegliYcbcr	0.5
art-scans	haeckel_0007_cephalopods.png	zenjpeg	420	96	identity_auto	40.348	88.258	0.7805	CjpegliYcbcr	0.5
art-scans	haeckel_0007_cephalopods.png	zenjpeg	420	96	model_off	40.279	88.205	0.7838	CjpegliYcbcr	0.5
art-scans	haeckel_0007_cephalopods.png	zenjpeg	420	96	model_auto	40.059	87.669	0.8027	CjpegliYcbcr	0.5
art-scans	haeckel_0007_cephalopods.png	zenjpeg	420	96	model_policy	40.254	88.049	0.7842	CjpegliYcbcr	0.5
art-scans	haeckel_0007_cephalopods.png	zenjpeg	420	96	model_proj	40.263	88.221	0.7831	CjpegliYcbcr	0.5
art-scans	haeckel_0007_cephalopods.png	zenjpeg	444	85	identity_off	37.885	85.784	0.6535	CjpegliYcbcr	1.4
art-scans	haeckel_0007_cephalopods.png	zenjpeg	444	85	identity_auto	37.995	86.116	0.6692	CjpegliYcbcr	1.4
art-scans	haeckel_0007_cephalopods.png	zenjpeg	444	85	model_off	38.285	85.959	0.7578	CjpegliYcbcr	1.4
art-scans	haeckel_0007_cephalopods.png	zenjpeg	444	85	model_auto	38.194	85.646	0.8350	CjpegliYcbcr	1.4
art-scans	haeckel_0007_cephalopods.png	zenjpeg	444	85	model_policy	38.291	85.960	0.7405	CjpegliYcbcr	1.4
art-scans	haeckel_0007_cephalopods.png	zenjpeg	444	85	model_proj	38.328	86.322	0.6705	CjpegliYcbcr	1.4
art-scans	haeckel_0007_cephalopods.png	zenjpeg	444	90	identity_off	39.748	87.944	0.5449	CjpegliYcbcr	1.1
art-scans	haeckel_0007_cephalopods.png	zenjpeg	444	90	identity_auto	39.859	88.098	0.5673	CjpegliYcbcr	1.1
art-scans	haeckel_0007_cephalopods.png	zenjpeg	444	90	model_off	40.042	88.031	0.5733	CjpegliYcbcr	1.1
art-scans	haeckel_0007_cephalopods.png	zenjpeg	444	90	model_auto	39.949	87.770	0.6588	CjpegliYcbcr	1.1
art-scans	haeckel_0007_cephalopods.png	zenjpeg	444	90	model_policy	40.053	87.904	0.5572	CjpegliYcbcr	1.1
art-scans	haeckel_0007_cephalopods.png	zenjpeg	444	90	model_proj	40.107	88.348	0.5339	CjpegliYcbcr	1.1
art-scans	haeckel_0007_cephalopods.png	zenjpeg	444	93	identity_off	41.490	89.191	0.5013	CjpegliYcbcr	0.7
art-scans	haeckel_0007_cephalopods.png	zenjpeg	444	93	identity_auto	41.582	89.530	0.5318	CjpegliYcbcr	0.7
art-scans	haeckel_0007_cephalopods.png	zenjpeg	444	93	model_off	41.673	89.357	0.5742	CjpegliYcbcr	0.7
art-scans	haeckel_0007_cephalopods.png	zenjpeg	444	93	model_auto	41.522	88.936	0.6670	CjpegliYcbcr	0.7
art-scans	haeckel_0007_cephalopods.png	zenjpeg	444	93	model_policy	41.668	89.364	0.5614	CjpegliYcbcr	0.7
art-scans	haeckel_0007_cephalopods.png	zenjpeg	444	93	model_proj	41.725	89.506	0.5070	CjpegliYcbcr	0.7
art-scans	haeckel_0007_cephalopods.png	zenjpeg	444	96	identity_off	43.893	90.916	0.4655	CjpegliYcbcr	0.3
art-scans	haeckel_0007_cephalopods.png	zenjpeg	444	96	identity_auto	43.893	90.916	0.4655	CjpegliYcbcr	0.3
art-scans	haeckel_0007_cephalopods.png	zenjpeg	444	96	model_off	43.963	90.786	0.5192	CjpegliYcbcr	0.3
art-scans	haeckel_0007_cephalopods.png	zenjpeg	444	96	model_auto	43.545	90.063	0.6244	CjpegliYcbcr	0.3
art-scans	haeckel_0007_cephalopods.png	zenjpeg	444	96	model_policy	43.923	90.703	0.4995	CjpegliYcbcr	0.3
art-scans	haeckel_0007_cephalopods.png	zenjpeg	444	96	model_proj	43.987	90.975	0.4722	CjpegliYcbcr	0.3
art-scans	haeckel_0034_radiolaria-green.png	turbo	420	85	identity_off	31.945	83.514	1.0051	ImageMagick	85.0
art-scans	haeckel_0034_radiolaria-green.png	turbo	420	85	identity_auto	31.974	82.931	1.0309	ImageMagick	85.0
art-scans	haeckel_0034_radiolaria-green.png	turbo	420	85	model_off	32.146	83.634	0.9937	ImageMagick	85.0
art-scans	haeckel_0034_radiolaria-green.png	turbo	420	85	model_auto	32.079	82.647	1.0350	ImageMagick	85.0
art-scans	haeckel_0034_radiolaria-green.png	turbo	420	85	model_policy	32.150	83.579	0.9928	ImageMagick	85.0
art-scans	haeckel_0034_radiolaria-green.png	turbo	420	85	model_proj	32.152	83.604	0.9926	ImageMagick	85.0
art-scans	haeckel_0034_radiolaria-green.png	turbo	420	90	identity_off	33.273	86.325	0.7754	ImageMagick	90.0
art-scans	haeckel_0034_radiolaria-green.png	turbo	420	90	identity_auto	33.288	86.180	0.8093	ImageMagick	90.0
art-scans	haeckel_0034_radiolaria-green.png	turbo	420	90	model_off	33.335	86.357	0.7706	ImageMagick	90.0
art-scans	haeckel_0034_radiolaria-green.png	turbo	420	90	model_auto	33.192	85.522	0.8572	ImageMagick	90.0
art-scans	haeckel_0034_radiolaria-green.png	turbo	420	90	model_policy	33.320	86.283	0.7731	ImageMagick	90.0
art-scans	haeckel_0034_radiolaria-green.png	turbo	420	90	model_proj	33.326	86.309	0.7723	ImageMagick	90.0
art-scans	haeckel_0034_radiolaria-green.png	turbo	420	93	identity_off	34.170	88.090	0.6666	ImageMagick	93.0
art-scans	haeckel_0034_radiolaria-green.png	turbo	420	93	identity_auto	34.168	87.885	0.7039	ImageMagick	93.0
art-scans	haeckel_0034_radiolaria-green.png	turbo	420	93	model_off	34.154	88.066	0.6628	ImageMagick	93.0
art-scans	haeckel_0034_radiolaria-green.png	turbo	420	93	model_auto	33.911	86.962	0.7529	ImageMagick	93.0
art-scans	haeckel_0034_radiolaria-green.png	turbo	420	93	model_policy	34.132	87.997	0.6643	ImageMagick	93.0
art-scans	haeckel_0034_radiolaria-green.png	turbo	420	93	model_proj	34.139	88.007	0.6635	ImageMagick	93.0
art-scans	haeckel_0034_radiolaria-green.png	turbo	420	96	identity_off	35.170	89.640	0.5689	ImageMagick	96.0
art-scans	haeckel_0034_radiolaria-green.png	turbo	420	96	identity_auto	35.170	89.640	0.5689	ImageMagick	96.0
art-scans	haeckel_0034_radiolaria-green.png	turbo	420	96	model_off	35.032	89.469	0.5688	ImageMagick	96.0
art-scans	haeckel_0034_radiolaria-green.png	turbo	420	96	model_auto	34.654	87.963	0.7630	ImageMagick	96.0
art-scans	haeckel_0034_radiolaria-green.png	turbo	420	96	model_policy	34.995	89.343	0.5753	ImageMagick	96.0
art-scans	haeckel_0034_radiolaria-green.png	turbo	420	96	model_proj	35.016	89.428	0.5723	ImageMagick	96.0
art-scans	haeckel_0034_radiolaria-green.png	turbo	444	85	identity_off	36.206	90.258	0.5509	ImageMagick	85.0
art-scans	haeckel_0034_radiolaria-green.png	turbo	444	85	identity_auto	36.415	90.000	0.5663	ImageMagick	85.0
art-scans	haeckel_0034_radiolaria-green.png	turbo	444	85	model_off	36.461	89.877	0.5782	ImageMagick	85.0
art-scans	haeckel_0034_radiolaria-green.png	turbo	444	85	model_auto	35.818	87.232	0.7807	ImageMagick	85.0
art-scans	haeckel_0034_radiolaria-green.png	turbo	444	85	model_policy	36.360	89.498	0.6122	ImageMagick	85.0
art-scans	haeckel_0034_radiolaria-green.png	turbo	444	85	model_proj	36.557	90.341	0.5571	ImageMagick	85.0
art-scans	haeckel_0034_radiolaria-green.png	turbo	444	90	identity_off	37.975	92.088	0.4414	ImageMagick	90.0
art-scans	haeckel_0034_radiolaria-green.png	turbo	444	90	identity_auto	38.064	92.093	0.4598	ImageMagick	90.0
art-scans	haeckel_0034_radiolaria-green.png	turbo	444	90	model_off	38.036	91.440	0.4510	ImageMagick	90.0
art-scans	haeckel_0034_radiolaria-green.png	turbo	444	90	model_auto	37.057	88.158	0.7807	ImageMagick	90.0
art-scans	haeckel_0034_radiolaria-green.png	turbo	444	90	model_policy	37.871	90.951	0.4911	ImageMagick	90.0
art-scans	haeckel_0034_radiolaria-green.png	turbo	444	90	model_proj	38.160	91.989	0.4622	ImageMagick	90.0
art-scans	haeckel_0034_radiolaria-green.png	turbo	444	93	identity_off	39.621	93.355	0.3623	ImageMagick	93.0
art-scans	haeckel_0034_radiolaria-green.png	turbo	444	93	identity_auto	39.671	93.258	0.3874	ImageMagick	93.0
art-scans	haeckel_0034_radiolaria-green.png	turbo	444	93	model_off	39.487	92.583	0.3870	ImageMagick	93.0
art-scans	haeckel_0034_radiolaria-green.png	turbo	444	93	model_auto	38.078	89.421	0.7503	ImageMagick	93.0
art-scans	haeckel_0034_radiolaria-green.png	turbo	444	93	model_policy	39.241	91.998	0.4596	ImageMagick	93.0
art-scans	haeckel_0034_radiolaria-green.png	turbo	444	93	model_proj	39.600	92.974	0.4052	ImageMagick	93.0
art-scans	haeckel_0034_radiolaria-green.png	turbo	444	96	identity_off	42.545	94.972	0.2537	ImageMagick	96.0
art-scans	haeckel_0034_radiolaria-green.png	turbo	444	96	identity_auto	42.545	94.972	0.2537	ImageMagick	96.0
art-scans	haeckel_0034_radiolaria-green.png	turbo	444	96	model_off	41.623	93.203	0.3806	ImageMagick	96.0
art-scans	haeckel_0034_radiolaria-green.png	turbo	444	96	model_auto	39.258	89.229	0.8124	ImageMagick	96.0
art-scans	haeckel_0034_radiolaria-green.png	turbo	444	96	model_policy	41.094	92.335	0.4810	ImageMagick	96.0
art-scans	haeckel_0034_radiolaria-green.png	turbo	444	96	model_proj	41.920	94.005	0.3634	ImageMagick	96.0
art-scans	haeckel_0034_radiolaria-green.png	mozjpeg	420	85	identity_off	31.978	84.084	0.9251	Mozjpeg	85.0
art-scans	haeckel_0034_radiolaria-green.png	mozjpeg	420	85	identity_auto	32.027	83.454	0.9662	Mozjpeg	85.0
art-scans	haeckel_0034_radiolaria-green.png	mozjpeg	420	85	model_off	32.022	83.943	0.9308	Mozjpeg	85.0
art-scans	haeckel_0034_radiolaria-green.png	mozjpeg	420	85	model_auto	31.795	82.570	1.0344	Mozjpeg	85.0
art-scans	haeckel_0034_radiolaria-green.png	mozjpeg	420	85	model_policy	31.991	83.786	0.9413	Mozjpeg	85.0
art-scans	haeckel_0034_radiolaria-green.png	mozjpeg	420	85	model_proj	31.994	83.792	0.9406	Mozjpeg	85.0
art-scans	haeckel_0034_radiolaria-green.png	mozjpeg	420	90	identity_off	32.771	85.967	0.8121	Mozjpeg	90.0
art-scans	haeckel_0034_radiolaria-green.png	mozjpeg	420	90	identity_auto	32.794	85.787	0.8545	Mozjpeg	90.0
art-scans	haeckel_0034_radiolaria-green.png	mozjpeg	420	90	model_off	32.718	85.711	0.8198	Mozjpeg	90.0
art-scans	haeckel_0034_radiolaria-green.png	mozjpeg	420	90	model_auto	32.435	84.379	0.9563	Mozjpeg	90.0
art-scans	haeckel_0034_radiolaria-green.png	mozjpeg	420	90	model_policy	32.680	85.546	0.8329	Mozjpeg	90.0
art-scans	haeckel_0034_radiolaria-green.png	mozjpeg	420	90	model_proj	32.687	85.579	0.8304	Mozjpeg	90.0
art-scans	haeckel_0034_radiolaria-green.png	mozjpeg	420	93	identity_off	33.319	87.002	0.7406	Mozjpeg	93.0
art-scans	haeckel_0034_radiolaria-green.png	mozjpeg	420	93	identity_auto	33.329	86.807	0.7852	Mozjpeg	93.0
art-scans	haeckel_0034_radiolaria-green.png	mozjpeg	420	93	model_off	33.219	86.790	0.7453	Mozjpeg	93.0
art-scans	haeckel_0034_radiolaria-green.png	mozjpeg	420	93	model_auto	32.904	85.267	0.8977	Mozjpeg	93.0
art-scans	haeckel_0034_radiolaria-green.png	mozjpeg	420	93	model_policy	33.182	86.626	0.7546	Mozjpeg	93.0
art-scans	haeckel_0034_radiolaria-green.png	mozjpeg	420	93	model_proj	33.192	86.650	0.7530	Mozjpeg	93.0
art-scans	haeckel_0034_radiolaria-green.png	mozjpeg	420	96	identity_off	33.922	88.265	0.6813	Mozjpeg	96.0
art-scans	haeckel_0034_radiolaria-green.png	mozjpeg	420	96	identity_auto	33.922	88.265	0.6813	Mozjpeg	96.0
art-scans	haeckel_0034_radiolaria-green.png	mozjpeg	420	96	model_off	33.772	88.037	0.6832	Mozjpeg	96.0
art-scans	haeckel_0034_radiolaria-green.png	mozjpeg	420	96	model_auto	33.407	86.388	0.8150	Mozjpeg	96.0
art-scans	haeckel_0034_radiolaria-green.png	mozjpeg	420	96	model_policy	33.733	87.805	0.6934	Mozjpeg	96.0
art-scans	haeckel_0034_radiolaria-green.png	mozjpeg	420	96	model_proj	33.756	87.896	0.6895	Mozjpeg	96.0
art-scans	haeckel_0034_radiolaria-green.png	mozjpeg	444	85	identity_off	37.632	89.906	0.5767	Mozjpeg	85.0
art-scans	haeckel_0034_radiolaria-green.png	mozjpeg	444	85	identity_auto	37.814	89.631	0.5953	Mozjpeg	85.0
art-scans	haeckel_0034_radiolaria-green.png	mozjpeg	444	85	model_off	37.107	88.949	0.6111	Mozjpeg	85.0
art-scans	haeckel_0034_radiolaria-green.png	mozjpeg	444	85	model_auto	35.642	85.414	0.9785	Mozjpeg	85.0
art-scans	haeckel_0034_radiolaria-green.png	mozjpeg	444	85	model_policy	36.741	88.279	0.6817	Mozjpeg	85.0
art-scans	haeckel_0034_radiolaria-green.png	mozjpeg	444	85	model_proj	37.190	89.340	0.6210	Mozjpeg	85.0
art-scans	haeckel_0034_radiolaria-green.png	mozjpeg	444	90	identity_off	39.621	91.882	0.4579	Mozjpeg	90.0
art-scans	haeckel_0034_radiolaria-green.png	mozjpeg	444	90	identity_auto	39.699	91.876	0.4844	Mozjpeg	90.0
art-scans	haeckel_0034_radiolaria-green.png	mozjpeg	444	90	model_off	38.708	90.421	0.5371	Mozjpeg	90.0
art-scans	haeckel_0034_radiolaria-green.png	mozjpeg	444	90	model_auto	36.621	86.257	0.9415	Mozjpeg	90.0
art-scans	haeckel_0034_radiolaria-green.png	mozjpeg	444	90	model_policy	38.181	89.563	0.6108	Mozjpeg	90.0
art-scans	haeckel_0034_radiolaria-green.png	mozjpeg	444	90	model_proj	38.962	91.322	0.5225	Mozjpeg	90.0
art-scans	haeckel_0034_radiolaria-green.png	mozjpeg	444	93	identity_off	41.337	93.168	0.3701	Mozjpeg	93.0
art-scans	haeckel_0034_radiolaria-green.png	mozjpeg	444	93	identity_auto	41.346	93.089	0.4024	Mozjpeg	93.0
art-scans	haeckel_0034_radiolaria-green.png	mozjpeg	444	93	model_off	40.062	91.533	0.4757	Mozjpeg	93.0
art-scans	haeckel_0034_radiolaria-green.png	mozjpeg	444	93	model_auto	37.520	87.286	0.8635	Mozjpeg	93.0
art-scans	haeckel_0034_radiolaria-green.png	mozjpeg	444	93	model_policy	39.428	90.617	0.5504	Mozjpeg	93.0
art-scans	haeckel_0034_radiolaria-green.png	mozjpeg	444	93	model_proj	40.459	92.487	0.4499	Mozjpeg	93.0
art-scans	haeckel_0034_radiolaria-green.png	mozjpeg	444	96	identity_off	44.188	94.772	0.2611	Mozjpeg	96.0
art-scans	haeckel_0034_radiolaria-green.png	mozjpeg	444	96	identity_auto	44.188	94.772	0.2611	Mozjpeg	96.0
art-scans	haeckel_0034_radiolaria-green.png	mozjpeg	444	96	model_off	41.817	92.504	0.4116	Mozjpeg	96.0
art-scans	haeckel_0034_radiolaria-green.png	mozjpeg	444	96	model_auto	38.552	87.831	0.8879	Mozjpeg	96.0
art-scans	haeckel_0034_radiolaria-green.png	mozjpeg	444	96	model_policy	40.836	91.321	0.5308	Mozjpeg	96.0
art-scans	haeckel_0034_radiolaria-green.png	mozjpeg	444	96	model_proj	42.743	93.693	0.3712	Mozjpeg	96.0
art-scans	haeckel_0034_radiolaria-green.png	jpegli	420	85	identity_off	30.862	83.445	0.8903	CjpegliYcbcr	1.8
art-scans	haeckel_0034_radiolaria-green.png	jpegli	420	85	identity_auto	30.924	83.206	0.8848	CjpegliYcbcr	1.8
art-scans	haeckel_0034_radiolaria-green.png	jpegli	420	85	model_off	31.074	83.343	0.8985	CjpegliYcbcr	1.8
art-scans	haeckel_0034_radiolaria-green.png	jpegli	420	85	model_auto	30.962	82.223	1.0044	CjpegliYcbcr	1.8
art-scans	haeckel_0034_radiolaria-green.png	jpegli	420	85	model_policy	31.066	83.164	0.9187	CjpegliYcbcr	1.8
art-scans	haeckel_0034_radiolaria-green.png	jpegli	420	85	model_proj	31.067	83.178	0.9183	CjpegliYcbcr	1.8
art-scans	haeckel_0034_radiolaria-green.png	jpegli	420	90	identity_off	31.903	85.754	0.7708	CjpegliYcbcr	1.3
art-scans	haeckel_0034_radiolaria-green.png	jpegli	420	90	identity_auto	31.931	85.587	0.8182	CjpegliYcbcr	1.3
art-scans	haeckel_0034_radiolaria-green.png	jpegli	420	90	model_off	31.985	85.555	0.7854	CjpegliYcbcr	1.3
art-scans	haeckel_0034_radiolaria-green.png	jpegli	420	90	model_auto	31.806	83.889	0.9973	CjpegliYcbcr	1.3
art-scans	haeckel_0034_radiolaria-green.png	jpegli	420	90	model_policy	31.967	85.317	0.8053	CjpegliYcbcr	1.3
art-scans	haeckel_0034_radiolaria-green.png	jpegli	420	90	model_proj	31.970	85.327	0.8041	CjpegliYcbcr	1.3
art-scans	haeckel_0034_radiolaria-green.png	jpegli	420	93	identity_off	32.665	87.138	0.7186	CjpegliYcbcr	1.0
art-scans	haeckel_0034_radiolaria-green.png	jpegli	420	93	identity_auto	32.679	86.889	0.7677	CjpegliYcbcr	1.0
art-scans	haeckel_0034_radiolaria-green.png	jpegli	420	93	model_off	32.665	86.910	0.7236	CjpegliYcbcr	1.0
art-scans	haeckel_0034_radiolaria-green.png	jpegli	420	93	model_auto	32.438	85.270	0.8785	CjpegliYcbcr	1.0
art-scans	haeckel_0034_radiolaria-green.png	jpegli	420	93	model_policy	32.643	86.676	0.7375	CjpegliYcbcr	1.0
art-scans	haeckel_0034_radiolaria-green.png	jpegli	420	93	model_proj	32.648	86.700	0.7362	CjpegliYcbcr	1.0
art-scans	haeckel_0034_radiolaria-green.png	jpegli	420	96	identity_off	33.454	88.169	0.6727	CjpegliYcbcr	0.5
art-scans	haeckel_0034_radiolaria-green.png	jpegli	420	96	identity_auto	33.454	88.169	0.6727	CjpegliYcbcr	0.5
art-scans	haeckel_0034_radiolaria-green.png	jpegli	420	96	model_off	33.372	87.972	0.6738	CjpegliYcbcr	0.5
art-scans	haeckel_0034_radiolaria-green.png	jpegli	420	96	model_auto	33.073	86.084	0.8510	CjpegliYcbcr	0.5
art-scans	haeckel_0034_radiolaria-green.png	jpegli	420	96	model_policy	33.343	87.783	0.6843	CjpegliYcbcr	0.5
art-scans	haeckel_0034_radiolaria-green.png	jpegli	420	96	model_proj	33.355	87.836	0.6820	CjpegliYcbcr	0.5
art-scans	haeckel_0034_radiolaria-green.png	jpegli	444	85	identity_off	32.687	86.967	0.6820	CjpegliYcbcr	1.4
art-scans	haeckel_0034_radiolaria-green.png	jpegli	444	85	identity_auto	32.820	87.069	0.6978	CjpegliYcbcr	1.4
art-scans	haeckel_0034_radiolaria-green.png	jpegli	444	85	model_off	33.293	87.044	0.7039	CjpegliYcbcr	1.4
art-scans	haeckel_0034_radiolaria-green.png	jpegli	444	85	model_auto	32.798	84.134	1.0428	CjpegliYcbcr	1.4
art-scans	haeckel_0034_radiolaria-green.png	jpegli	444	85	model_policy	33.229	86.524	0.7779	CjpegliYcbcr	1.4
art-scans	haeckel_0034_radiolaria-green.png	jpegli	444	85	model_proj	33.263	86.945	0.7364	CjpegliYcbcr	1.4
art-scans	haeckel_0034_radiolaria-green.png	jpegli	444	90	identity_off	34.563	89.863	0.5029	CjpegliYcbcr	1.1
art-scans	haeckel_0034_radiolaria-green.png	jpegli	444	90	identity_auto	34.695	89.920	0.5255	CjpegliYcbcr	1.1
art-scans	haeckel_0034_radiolaria-green.png	jpegli	444	90	model_off	34.923	89.432	0.6153	CjpegliYcbcr	1.1
art-scans	haeckel_0034_radiolaria-green.png	jpegli	444	90	model_auto	34.260	86.162	0.9458	CjpegliYcbcr	1.1
art-scans	haeckel_0034_radiolaria-green.png	jpegli	444	90	model_policy	34.814	88.815	0.6985	CjpegliYcbcr	1.1
art-scans	haeckel_0034_radiolaria-green.png	jpegli	444	90	model_proj	34.877	89.531	0.6054	CjpegliYcbcr	1.1
art-scans	haeckel_0034_radiolaria-green.png	jpegli	444	93	identity_off	36.230	91.775	0.3910	CjpegliYcbcr	0.7
art-scans	haeckel_0034_radiolaria-green.png	jpegli	444	93	identity_auto	36.352	91.772	0.4205	CjpegliYcbcr	0.7
art-scans	haeckel_0034_radiolaria-green.png	jpegli	444	93	model_off	36.352	90.884	0.5260	CjpegliYcbcr	0.7
art-scans	haeckel_0034_radiolaria-green.png	jpegli	444	93	model_auto	35.422	86.983	0.9029	CjpegliYcbcr	0.7
art-scans	haeckel_0034_radiolaria-green.png	jpegli	444	93	model_policy	36.171	90.155	0.6095	CjpegliYcbcr	0.7
art-scans	haeckel_0034_radiolaria-green.png	jpegli	444	93	model_proj	36.289	91.294	0.4866	CjpegliYcbcr	0.7
art-scans	haeckel_0034_radiolaria-green.png	jpegli	444	96	identity_off	38.532	93.851	0.2727	CjpegliYcbcr	0.3
art-scans	haeckel_0034_radiolaria-green.png	jpegli	444	96	identity_auto	38.532	93.851	0.2727	CjpegliYcbcr	0.3
art-scans	haeckel_0034_radiolaria-green.png	jpegli	444	96	model_off	38.240	92.254	0.4359	CjpegliYcbcr	0.3
art-scans	haeckel_0034_radiolaria-green.png	jpegli	444	96	model_auto	36.778	87.676	0.9014	CjpegliYcbcr	0.3
art-scans	haeckel_0034_radiolaria-green.png	jpegli	444	96	model_policy	37.886	90.996	0.5598	CjpegliYcbcr	0.3
art-scans	haeckel_0034_radiolaria-green.png	jpegli	444	96	model_proj	38.187	92.967	0.4047	CjpegliYcbcr	0.3
art-scans	haeckel_0034_radiolaria-green.png	zenjpeg	420	85	identity_off	30.816	83.366	0.9002	CjpegliYcbcr	1.8
art-scans	haeckel_0034_radiolaria-green.png	zenjpeg	420	85	identity_auto	30.879	83.147	0.8935	CjpegliYcbcr	1.8
art-scans	haeckel_0034_radiolaria-green.png	zenjpeg	420	85	model_off	31.034	83.318	0.9087	CjpegliYcbcr	1.8
art-scans	haeckel_0034_radiolaria-green.png	zenjpeg	420	85	model_auto	30.925	82.103	1.0601	CjpegliYcbcr	1.8
art-scans	haeckel_0034_radiolaria-green.png	zenjpeg	420	85	model_policy	31.028	83.104	0.9387	CjpegliYcbcr	1.8
art-scans	haeckel_0034_radiolaria-green.png	zenjpeg	420	85	model_proj	31.030	83.126	0.9377	CjpegliYcbcr	1.8
art-scans	haeckel_0034_radiolaria-green.png	zenjpeg	420	90	identity_off	31.861	85.628	0.7819	CjpegliYcbcr	1.3
art-scans	haeckel_0034_radiolaria-green.png	zenjpeg	420	90	identity_auto	31.889	85.458	0.8293	CjpegliYcbcr	1.3
art-scans	haeckel_0034_radiolaria-green.png	zenjpeg	420	90	model_off	31.948	85.435	0.8144	CjpegliYcbcr	1.3
art-scans	haeckel_0034_radiolaria-green.png	zenjpeg	420	90	model_auto	31.773	84.039	0.9791	CjpegliYcbcr	1.3
art-scans	haeckel_0034_radiolaria-green.png	zenjpeg	420	90	model_policy	31.929	85.172	0.8405	CjpegliYcbcr	1.3
art-scans	haeckel_0034_radiolaria-green.png	zenjpeg	420	90	model_proj	31.932	85.187	0.8394	CjpegliYcbcr	1.3
art-scans	haeckel_0034_radiolaria-green.png	zenjpeg	420	93	identity_off	32.619	87.100	0.7162	CjpegliYcbcr	1.0
art-scans	haeckel_0034_radiolaria-green.png	zenjpeg	420	93	identity_auto	32.634	86.858	0.7649	CjpegliYcbcr	1.0
art-scans	haeckel_0034_radiolaria-green.png	zenjpeg	420	93	model_off	32.621	86.850	0.7238	CjpegliYcbcr	1.0
art-scans	haeckel_0034_radiolaria-green.png	zenjpeg	420	93	model_auto	32.400	85.278	0.8706	CjpegliYcbcr	1.0
art-scans	haeckel_0034_radiolaria-green.png	zenjpeg	420	93	model_policy	32.600	86.664	0.7352	CjpegliYcbcr	1.0
art-scans	haeckel_0034_radiolaria-green.png	zenjpeg	420	93	model_proj	32.606	86.684	0.7332	CjpegliYcbcr	1.0
art-scans	haeckel_0034_radiolaria-green.png	zenjpeg	420	96	identity_off	33.427	88.222	0.6671	CjpegliYcbcr	0.5
art-scans	haeckel_0034_radiolaria-green.png	zenjpeg	420	96	identity_auto	33.427	88.222	0.6671	CjpegliYcbcr	0.5
art-scans	haeckel_0034_radiolaria-green.png	zenjpeg	420	96	model_off	33.346	88.013	0.6696	CjpegliYcbcr	0.5
art-scans	haeckel_0034_radiolaria-green.png	zenjpeg	420	96	model_auto	33.056	86.214	0.8237	CjpegliYcbcr	0.5
art-scans	haeckel_0034_radiolaria-green.png	zenjpeg	420	96	model_policy	33.317	87.822	0.6808	CjpegliYcbcr	0.5
art-scans	haeckel_0034_radiolaria-green.png	zenjpeg	420	96	model_proj	33.329	87.856	0.6797	CjpegliYcbcr	0.5
art-scans	haeckel_0034_radiolaria-green.png	zenjpeg	444	85	identity_off	32.608	86.836	0.6823	CjpegliYcbcr	1.4
art-scans	haeckel_0034_radiolaria-green.png	zenjpeg	444	85	identity_auto	32.741	86.940	0.6967	CjpegliYcbcr	1.4
art-scans	haeckel_0034_radiolaria-green.png	zenjpeg	444	85	model_off	33.226	86.915	0.7201	CjpegliYcbcr	1.4
art-scans	haeckel_0034_radiolaria-green.png	zenjpeg	444	85	model_auto	32.732	84.030	1.0363	CjpegliYcbcr	1.4
art-scans	haeckel_0034_radiolaria-green.png	zenjpeg	444	85	model_policy	33.164	86.408	0.7815	CjpegliYcbcr	1.4
art-scans	haeckel_0034_radiolaria-green.png	zenjpeg	444	85	model_proj	33.197	86.823	0.7390	CjpegliYcbcr	1.4
art-scans	haeckel_0034_radiolaria-green.png	zenjpeg	444	90	identity_off	34.471	89.675	0.5118	CjpegliYcbcr	1.1
art-scans	haeckel_0034_radiolaria-green.png	zenjpeg	444	90	identity_auto	34.603	89.734	0.5336	CjpegliYcbcr	1.1
art-scans	haeckel_0034_radiolaria-green.png	zenjpeg	444	90	model_off	34.843	89.368	0.5809	CjpegliYcbcr	1.1
art-scans	haeckel_0034_radiolaria-green.png	zenjpeg	444	90	model_auto	34.186	85.983	0.9400	CjpegliYcbcr	1.1
art-scans	haeckel_0034_radiolaria-green.png	zenjpeg	444	90	model_policy	34.737	88.798	0.6570	CjpegliYcbcr	1.1
art-scans	haeckel_0034_radiolaria-green.png	zenjpeg	444	90	model_proj	34.801	89.453	0.5974	CjpegliYcbcr	1.1
art-scans	haeckel_0034_radiolaria-green.png	zenjpeg	444	93	identity_off	36.135	91.733	0.3960	CjpegliYcbcr	0.7
art-scans	haeckel_0034_radiolaria-green.png	zenjpeg	444	93	identity_auto	36.258	91.747	0.4247	CjpegliYcbcr	0.7
art-scans	haeckel_0034_radiolaria-green.png	zenjpeg	444	93	model_off	36.272	90.991	0.4882	CjpegliYcbcr	0.7
art-scans	haeckel_0034_radiolaria-green.png	zenjpeg	444	93	model_auto	35.379	87.216	0.8828	CjpegliYcbcr	0.7
art-scans	haeckel_0034_radiolaria-green.png	zenjpeg	444	93	model_policy	36.095	90.197	0.5914	CjpegliYcbcr	0.7
art-scans	haeckel_0034_radiolaria-green.png	zenjpeg	444	93	model_proj	36.211	91.292	0.4918	CjpegliYcbcr	0.7
art-scans	haeckel_0034_radiolaria-green.png	zenjpeg	444	96	identity_off	38.429	93.718	0.2790	CjpegliYcbcr	0.3
art-scans	haeckel_0034_radiolaria-green.png	zenjpeg	444	96	identity_auto	38.429	93.718	0.2790	CjpegliYcbcr	0.3
art-scans	haeckel_0034_radiolaria-green.png	zenjpeg	444	96	model_off	38.173	92.350	0.4024	CjpegliYcbcr	0.3
art-scans	haeckel_0034_radiolaria-green.png	zenjpeg	444	96	model_auto	36.763	87.787	0.8658	CjpegliYcbcr	0.3
art-scans	haeckel_0034_radiolaria-green.png	zenjpeg	444	96	model_policy	37.840	91.337	0.5155	CjpegliYcbcr	0.3
art-scans	haeckel_0034_radiolaria-green.png	zenjpeg	444	96	model_proj	38.119	92.945	0.3935	CjpegliYcbcr	0.3
art-scans	haeckel_0040_starfish.png	turbo	420	85	identity_off	29.945	74.673	1.6882	ImageMagick	85.0
art-scans	haeckel_0040_starfish.png	turbo	420	85	identity_auto	29.948	74.140	1.7293	ImageMagick	85.0
art-scans	haeckel_0040_starfish.png	turbo	420	85	model_off	29.980	74.824	1.6687	ImageMagick	85.0
art-scans	haeckel_0040_starfish.png	turbo	420	85	model_auto	29.925	73.454	1.8027	ImageMagick	85.0
art-scans	haeckel_0040_starfish.png	turbo	420	85	model_policy	29.968	74.701	1.6738	ImageMagick	85.0
art-scans	haeckel_0040_starfish.png	turbo	420	85	model_proj	29.971	74.738	1.6716	ImageMagick	85.0
art-scans	haeckel_0040_starfish.png	turbo	420	90	identity_off	30.820	78.166	1.4562	ImageMagick	90.0
art-scans	haeckel_0040_starfish.png	turbo	420	90	identity_auto	30.819	77.959	1.5109	ImageMagick	90.0
art-scans	haeckel_0040_starfish.png	turbo	420	90	model_off	30.829	78.226	1.4506	ImageMagick	90.0
art-scans	haeckel_0040_starfish.png	turbo	420	90	model_auto	30.727	76.968	1.6607	ImageMagick	90.0
art-scans	haeckel_0040_starfish.png	turbo	420	90	model_policy	30.803	78.087	1.4579	ImageMagick	90.0
art-scans	haeckel_0040_starfish.png	turbo	420	90	model_proj	30.808	78.132	1.4563	ImageMagick	90.0
art-scans	haeckel_0040_starfish.png	turbo	420	93	identity_off	31.386	79.839	1.3599	ImageMagick	93.0
art-scans	haeckel_0040_starfish.png	turbo	420	93	identity_auto	31.375	79.608	1.4192	ImageMagick	93.0
art-scans	haeckel_0040_starfish.png	turbo	420	93	model_off	31.378	79.820	1.3600	ImageMagick	93.0
art-scans	haeckel_0040_starfish.png	turbo	420	93	model_auto	31.206	77.992	1.5874	ImageMagick	93.0
art-scans	haeckel_0040_starfish.png	turbo	420	93	model_policy	31.346	79.646	1.3671	ImageMagick	93.0
art-scans	haeckel_0040_starfish.png	turbo	420	93	model_proj	31.352	79.697	1.3648	ImageMagick	93.0
art-scans	haeckel_0040_starfish.png	turbo	420	96	identity_off	31.880	81.399	1.2899	ImageMagick	96.0
art-scans	haeckel_0040_starfish.png	turbo	420	96	identity_auto	31.880	81.399	1.2899	ImageMagick	96.0
art-scans	haeckel_0040_starfish.png	turbo	420	96	model_off	31.859	81.349	1.2901	ImageMagick	96.0
art-scans	haeckel_0040_starfish.png	turbo	420	96	model_auto	31.651	79.481	1.4482	ImageMagick	96.0
art-scans	haeckel_0040_starfish.png	turbo	420	96	model_policy	31.820	81.151	1.2991	ImageMagick	96.0
art-scans	haeckel_0040_starfish.png	turbo	420	96	model_proj	31.829	81.228	1.2982	ImageMagick	96.0
art-scans	haeckel_0040_starfish.png	turbo	444	85	identity_off	34.744	88.068	0.8168	ImageMagick	85.0
art-scans	haeckel_0040_starfish.png	turbo	444	85	identity_auto	34.998	88.030	0.8154	ImageMagick	85.0
art-scans	haeckel_0040_starfish.png	turbo	444	85	model_off	34.786	87.004	1.0007	ImageMagick	85.0
art-scans	haeckel_0040_starfish.png	turbo	444	85	model_auto	34.007	82.040	1.5550	ImageMagick	85.0
art-scans	haeckel_0040_starfish.png	turbo	444	85	model_policy	34.629	86.202	1.0839	ImageMagick	85.0
art-scans	haeckel_0040_starfish.png	turbo	444	85	model_proj	34.877	87.767	0.8501	ImageMagick	85.0
art-scans	haeckel_0040_starfish.png	turbo	444	90	identity_off	36.797	90.612	0.6411	ImageMagick	90.0
art-scans	haeckel_0040_starfish.png	turbo	444	90	identity_auto	36.898	90.630	0.6543	ImageMagick	90.0
art-scans	haeckel_0040_starfish.png	turbo	444	90	model_off	36.647	89.183	0.8657	ImageMagick	90.0
art-scans	haeckel_0040_starfish.png	turbo	444	90	model_auto	35.278	83.685	1.5053	ImageMagick	90.0
art-scans	haeckel_0040_starfish.png	turbo	444	90	model_policy	36.379	88.105	0.9538	ImageMagick	90.0
art-scans	haeckel_0040_starfish.png	turbo	444	90	model_proj	36.765	89.933	0.7067	ImageMagick	90.0
art-scans	haeckel_0040_starfish.png	turbo	444	93	identity_off	38.702	92.077	0.5265	ImageMagick	93.0
art-scans	haeckel_0040_starfish.png	turbo	444	93	identity_auto	38.772	92.065	0.5445	ImageMagick	93.0
art-scans	haeckel_0040_starfish.png	turbo	444	93	model_off	38.256	89.886	0.8119	ImageMagick	93.0
art-scans	haeckel_0040_starfish.png	turbo	444	93	model_auto	36.231	83.591	1.4327	ImageMagick	93.0
art-scans	haeckel_0040_starfish.png	turbo	444	93	model_policy	37.806	88.554	0.9027	ImageMagick	93.0
art-scans	haeckel_0040_starfish.png	turbo	444	93	model_proj	38.405	91.134	0.6168	ImageMagick	93.0
art-scans	haeckel_0040_starfish.png	turbo	444	96	identity_off	41.901	94.092	0.3768	ImageMagick	96.0
art-scans	haeckel_0040_starfish.png	turbo	444	96	identity_auto	41.901	94.092	0.3768	ImageMagick	96.0
art-scans	haeckel_0040_starfish.png	turbo	444	96	model_off	40.619	90.945	0.7765	ImageMagick	96.0
art-scans	haeckel_0040_starfish.png	turbo	444	96	model_auto	37.302	83.872	1.5594	ImageMagick	96.0
art-scans	haeckel_0040_starfish.png	turbo	444	96	model_policy	39.733	89.334	0.9321	ImageMagick	96.0
art-scans	haeckel_0040_starfish.png	turbo	444	96	model_proj	40.967	92.793	0.5265	ImageMagick	96.0
art-scans	haeckel_0040_starfish.png	mozjpeg	420	85	identity_off	29.392	73.867	1.7414	Mozjpeg	85.0
art-scans	haeckel_0040_starfish.png	mozjpeg	420	85	identity_auto	29.394	73.111	1.7985	Mozjpeg	85.0
art-scans	haeckel_0040_starfish.png	mozjpeg	420	85	model_off	29.382	73.683	1.7438	Mozjpeg	85.0
art-scans	haeckel_0040_starfish.png	mozjpeg	420	85	model_auto	29.267	71.890	1.8875	Mozjpeg	85.0
art-scans	haeckel_0040_starfish.png	mozjpeg	420	85	model_policy	29.350	73.415	1.7867	Mozjpeg	85.0
art-scans	haeckel_0040_starfish.png	mozjpeg	420	85	model_proj	29.350	73.432	1.7723	Mozjpeg	85.0
art-scans	haeckel_0040_starfish.png	mozjpeg	420	90	identity_off	30.003	75.982	1.6228	Mozjpeg	90.0
art-scans	haeckel_0040_starfish.png	mozjpeg	420	90	identity_auto	30.004	75.711	1.6843	Mozjpeg	90.0
art-scans	haeckel_0040_starfish.png	mozjpeg	420	90	model_off	29.983	75.816	1.6217	Mozjpeg	90.0
art-scans	haeckel_0040_starfish.png	mozjpeg	420	90	model_auto	29.842	74.172	1.7765	Mozjpeg	90.0
art-scans	haeckel_0040_starfish.png	mozjpeg	420	90	model_policy	29.947	75.573	1.6321	Mozjpeg	90.0
art-scans	haeckel_0040_starfish.png	mozjpeg	420	90	model_proj	29.948	75.594	1.6317	Mozjpeg	90.0
art-scans	haeckel_0040_starfish.png	mozjpeg	420	93	identity_off	30.384	77.265	1.5601	Mozjpeg	93.0
art-scans	haeckel_0040_starfish.png	mozjpeg	420	93	identity_auto	30.377	76.966	1.6239	Mozjpeg	93.0
art-scans	haeckel_0040_starfish.png	mozjpeg	420	93	model_off	30.362	77.193	1.5584	Mozjpeg	93.0
art-scans	haeckel_0040_starfish.png	mozjpeg	420	93	model_auto	30.187	75.357	1.7730	Mozjpeg	93.0
art-scans	haeckel_0040_starfish.png	mozjpeg	420	93	model_policy	30.324	76.954	1.5658	Mozjpeg	93.0
art-scans	haeckel_0040_starfish.png	mozjpeg	420	93	model_proj	30.327	76.986	1.5649	Mozjpeg	93.0
art-scans	haeckel_0040_starfish.png	mozjpeg	420	96	identity_off	30.771	78.360	1.5032	Mozjpeg	96.0
art-scans	haeckel_0040_starfish.png	mozjpeg	420	96	identity_auto	30.771	78.360	1.5032	Mozjpeg	96.0
art-scans	haeckel_0040_starfish.png	mozjpeg	420	96	model_off	30.744	78.264	1.5017	Mozjpeg	96.0
art-scans	haeckel_0040_starfish.png	mozjpeg	420	96	model_auto	30.555	76.580	1.6081	Mozjpeg	96.0
art-scans	haeckel_0040_starfish.png	mozjpeg	420	96	model_policy	30.704	78.012	1.5107	Mozjpeg	96.0
art-scans	haeckel_0040_starfish.png	mozjpeg	420	96	model_proj	30.711	78.108	1.5097	Mozjpeg	96.0
art-scans	haeckel_0040_starfish.png	mozjpeg	444	85	identity_off	37.096	89.438	0.6439	Mozjpeg	85.0
art-scans	haeckel_0040_starfish.png	mozjpeg	444	85	identity_auto	37.296	89.300	0.6597	Mozjpeg	85.0
art-scans	haeckel_0040_starfish.png	mozjpeg	444	85	model_off	36.312	86.928	0.9876	Mozjpeg	85.0
art-scans	haeckel_0040_starfish.png	mozjpeg	444	85	model_auto	34.425	80.828	1.6092	Mozjpeg	85.0
art-scans	haeckel_0040_starfish.png	mozjpeg	444	85	model_policy	35.768	85.334	1.1434	Mozjpeg	85.0
art-scans	haeckel_0040_starfish.png	mozjpeg	444	85	model_proj	36.416	87.937	0.7919	Mozjpeg	85.0
art-scans	haeckel_0040_starfish.png	mozjpeg	444	90	identity_off	39.192	91.749	0.5010	Mozjpeg	90.0
art-scans	haeckel_0040_starfish.png	mozjpeg	444	90	identity_auto	39.270	91.737	0.5276	Mozjpeg	90.0
art-scans	haeckel_0040_starfish.png	mozjpeg	444	90	model_off	38.068	88.763	0.9412	Mozjpeg	90.0
art-scans	haeckel_0040_starfish.png	mozjpeg	444	90	model_auto	35.388	81.818	1.6436	Mozjpeg	90.0
art-scans	haeckel_0040_starfish.png	mozjpeg	444	90	model_policy	37.310	87.013	1.0981	Mozjpeg	90.0
art-scans	haeckel_0040_starfish.png	mozjpeg	444	90	model_proj	38.329	90.208	0.6443	Mozjpeg	90.0
art-scans	haeckel_0040_starfish.png	mozjpeg	444	93	identity_off	40.949	93.039	0.4140	Mozjpeg	93.0
art-scans	haeckel_0040_starfish.png	mozjpeg	444	93	identity_auto	40.979	92.932	0.4467	Mozjpeg	93.0
art-scans	haeckel_0040_starfish.png	mozjpeg	444	93	model_off	39.347	89.583	0.8207	Mozjpeg	93.0
art-scans	haeckel_0040_starfish.png	mozjpeg	444	93	model_auto	36.019	82.105	1.6211	Mozjpeg	93.0
art-scans	haeckel_0040_starfish.png	mozjpeg	444	93	model_policy	38.363	87.473	1.0638	Mozjpeg	93.0
art-scans	haeckel_0040_starfish.png	mozjpeg	444	93	model_proj	39.819	91.503	0.5669	Mozjpeg	93.0
art-scans	haeckel_0040_starfish.png	mozjpeg	444	96	identity_off	43.756	94.466	0.3312	Mozjpeg	96.0
art-scans	haeckel_0040_starfish.png	mozjpeg	444	96	identity_auto	43.756	94.466	0.3312	Mozjpeg	96.0
art-scans	haeckel_0040_starfish.png	mozjpeg	444	96	model_off	40.998	90.110	0.8316	Mozjpeg	96.0
art-scans	haeckel_0040_starfish.png	mozjpeg	444	96	model_auto	36.747	82.587	1.5516	Mozjpeg	96.0
art-scans	haeckel_0040_starfish.png	mozjpeg	444	96	model_policy	39.604	88.058	0.9871	Mozjpeg	96.0
art-scans	haeckel_0040_starfish.png	mozjpeg	444	96	model_proj	42.093	93.058	0.4871	Mozjpeg	96.0
art-scans	haeckel_0040_starfish.png	jpegli	420	85	identity_off	29.419	75.224	1.6314	CjpegliYcbcr	1.8
art-scans	haeckel_0040_starfish.png	jpegli	420	85	identity_auto	29.436	74.859	1.6341	CjpegliYcbcr	1.8
art-scans	haeckel_0040_starfish.png	jpegli	420	85	model_off	29.399	74.661	1.6465	CjpegliYcbcr	1.8
art-scans	haeckel_0040_starfish.png	jpegli	420	85	model_auto	29.278	72.808	1.7998	CjpegliYcbcr	1.8
art-scans	haeckel_0040_starfish.png	jpegli	420	85	model_policy	29.362	74.259	1.7305	CjpegliYcbcr	1.8
art-scans	haeckel_0040_starfish.png	jpegli	420	85	model_proj	29.362	74.269	1.7301	CjpegliYcbcr	1.8
art-scans	haeckel_0040_starfish.png	jpegli	420	90	identity_off	29.994	77.100	1.5574	CjpegliYcbcr	1.3
art-scans	haeckel_0040_starfish.png	jpegli	420	90	identity_auto	29.997	76.827	1.6226	CjpegliYcbcr	1.3
art-scans	haeckel_0040_starfish.png	jpegli	420	90	model_off	29.971	76.787	1.5601	CjpegliYcbcr	1.3
art-scans	haeckel_0040_starfish.png	jpegli	420	90	model_auto	29.816	74.487	1.7632	CjpegliYcbcr	1.3
art-scans	haeckel_0040_starfish.png	jpegli	420	90	model_policy	29.932	76.490	1.5714	CjpegliYcbcr	1.3
art-scans	haeckel_0040_starfish.png	jpegli	420	90	model_proj	29.932	76.500	1.5714	CjpegliYcbcr	1.3
art-scans	haeckel_0040_starfish.png	jpegli	420	93	identity_off	30.363	77.903	1.5176	CjpegliYcbcr	1.0
art-scans	haeckel_0040_starfish.png	jpegli	420	93	identity_auto	30.357	77.587	1.5842	CjpegliYcbcr	1.0
art-scans	haeckel_0040_starfish.png	jpegli	420	93	model_off	30.340	77.698	1.5182	CjpegliYcbcr	1.0
art-scans	haeckel_0040_starfish.png	jpegli	420	93	model_auto	30.160	75.692	1.7166	CjpegliYcbcr	1.0
art-scans	haeckel_0040_starfish.png	jpegli	420	93	model_policy	30.301	77.422	1.5274	CjpegliYcbcr	1.0
art-scans	haeckel_0040_starfish.png	jpegli	420	93	model_proj	30.303	77.447	1.5270	CjpegliYcbcr	1.0
art-scans	haeckel_0040_starfish.png	jpegli	420	96	identity_off	30.686	78.583	1.4897	CjpegliYcbcr	0.5
art-scans	haeckel_0040_starfish.png	jpegli	420	96	identity_auto	30.686	78.583	1.4897	CjpegliYcbcr	0.5
art-scans	haeckel_0040_starfish.png	jpegli	420	96	model_off	30.659	78.426	1.4910	CjpegliYcbcr	0.5
art-scans	haeckel_0040_starfish.png	jpegli	420	96	model_auto	30.477	76.649	1.5720	CjpegliYcbcr	0.5
art-scans	haeckel_0040_starfish.png	jpegli	420	96	model_policy	30.619	78.110	1.5005	CjpegliYcbcr	0.5
art-scans	haeckel_0040_starfish.png	jpegli	420	96	model_proj	30.622	78.164	1.4997	CjpegliYcbcr	0.5
art-scans	haeckel_0040_starfish.png	jpegli	444	85	identity_off	32.856	85.323	0.9640	CjpegliYcbcr	1.4
art-scans	haeckel_0040_starfish.png	jpegli	444	85	identity_auto	32.976	85.521	0.9646	CjpegliYcbcr	1.4
art-scans	haeckel_0040_starfish.png	jpegli	444	85	model_off	32.873	84.001	1.1290	CjpegliYcbcr	1.4
art-scans	haeckel_0040_starfish.png	jpegli	444	85	model_auto	32.083	78.621	1.8173	CjpegliYcbcr	1.4
art-scans	haeckel_0040_starfish.png	jpegli	444	85	model_policy	32.695	82.811	1.2598	CjpegliYcbcr	1.4
art-scans	haeckel_0040_starfish.png	jpegli	444	85	model_proj	32.749	83.566	1.1258	CjpegliYcbcr	1.4
art-scans	haeckel_0040_starfish.png	jpegli	444	90	identity_off	34.913	88.586	0.7372	CjpegliYcbcr	1.1
art-scans	haeckel_0040_starfish.png	jpegli	444	90	identity_auto	35.036	88.730	0.7418	CjpegliYcbcr	1.1
art-scans	haeckel_0040_starfish.png	jpegli	444	90	model_off	34.736	86.847	1.0125	CjpegliYcbcr	1.1
art-scans	haeckel_0040_starfish.png	jpegli	444	90	model_auto	33.588	81.063	1.6365	CjpegliYcbcr	1.1
art-scans	haeckel_0040_starfish.png	jpegli	444	90	model_policy	34.468	85.450	1.1501	CjpegliYcbcr	1.1
art-scans	haeckel_0040_starfish.png	jpegli	444	90	model_proj	34.590	86.875	0.9103	CjpegliYcbcr	1.1
art-scans	haeckel_0040_starfish.png	jpegli	444	93	identity_off	36.770	90.777	0.5867	CjpegliYcbcr	0.7
art-scans	haeckel_0040_starfish.png	jpegli	444	93	identity_auto	36.887	90.843	0.5970	CjpegliYcbcr	0.7
art-scans	haeckel_0040_starfish.png	jpegli	444	93	model_off	36.344	88.714	0.8525	CjpegliYcbcr	0.7
art-scans	haeckel_0040_starfish.png	jpegli	444	93	model_auto	34.606	81.571	1.6712	CjpegliYcbcr	0.7
art-scans	haeckel_0040_starfish.png	jpegli	444	93	model_policy	35.926	87.101	1.0144	CjpegliYcbcr	0.7
art-scans	haeckel_0040_starfish.png	jpegli	444	93	model_proj	36.176	88.919	0.7603	CjpegliYcbcr	0.7
art-scans	haeckel_0040_starfish.png	jpegli	444	96	identity_off	39.394	93.268	0.4192	CjpegliYcbcr	0.3
art-scans	haeckel_0040_starfish.png	jpegli	444	96	identity_auto	39.394	93.268	0.4192	CjpegliYcbcr	0.3
art-scans	haeckel_0040_starfish.png	jpegli	444	96	model_off	38.374	89.906	0.8038	CjpegliYcbcr	0.3
art-scans	haeckel_0040_starfish.png	jpegli	444	96	model_auto	35.687	82.300	1.5893	CjpegliYcbcr	0.3
art-scans	haeckel_0040_starfish.png	jpegli	444	96	model_policy	37.618	87.712	0.9894	CjpegliYcbcr	0.3
art-scans	haeckel_0040_starfish.png	jpegli	444	96	model_proj	38.279	91.169	0.5993	CjpegliYcbcr	0.3
art-scans	haeckel_0040_starfish.png	zenjpeg	420	85	identity_off	29.403	75.169	1.6319	CjpegliYcbcr	1.8
art-scans	haeckel_0040_starfish.png	zenjpeg	420	85	identity_auto	29.420	74.810	1.6347	CjpegliYcbcr	1.8
art-scans	haeckel_0040_starfish.png	zenjpeg	420	85	model_off	29.383	74.672	1.6458	CjpegliYcbcr	1.8
art-scans	haeckel_0040_starfish.png	zenjpeg	420	85	model_auto	29.266	72.794	1.8091	CjpegliYcbcr	1.8
art-scans	haeckel_0040_starfish.png	zenjpeg	420	85	model_policy	29.345	74.291	1.7285	CjpegliYcbcr	1.8
art-scans	haeckel_0040_starfish.png	zenjpeg	420	85	model_proj	29.345	74.302	1.7260	CjpegliYcbcr	1.8
art-scans	haeckel_0040_starfish.png	zenjpeg	420	90	identity_off	29.982	77.083	1.5569	CjpegliYcbcr	1.3
art-scans	haeckel_0040_starfish.png	zenjpeg	420	90	identity_auto	29.985	76.808	1.6222	CjpegliYcbcr	1.3
art-scans	haeckel_0040_starfish.png	zenjpeg	420	90	model_off	29.961	76.762	1.5602	CjpegliYcbcr	1.3
art-scans	haeckel_0040_starfish.png	zenjpeg	420	90	model_auto	29.808	74.692	1.7551	CjpegliYcbcr	1.3
art-scans	haeckel_0040_starfish.png	zenjpeg	420	90	model_policy	29.921	76.411	1.5760	CjpegliYcbcr	1.3
art-scans	haeckel_0040_starfish.png	zenjpeg	420	90	model_proj	29.922	76.410	1.5758	CjpegliYcbcr	1.3
art-scans	haeckel_0040_starfish.png	zenjpeg	420	93	identity_off	30.353	77.850	1.5154	CjpegliYcbcr	1.0
art-scans	haeckel_0040_starfish.png	zenjpeg	420	93	identity_auto	30.348	77.559	1.5818	CjpegliYcbcr	1.0
art-scans	haeckel_0040_starfish.png	zenjpeg	420	93	model_off	30.329	77.632	1.5180	CjpegliYcbcr	1.0
art-scans	haeckel_0040_starfish.png	zenjpeg	420	93	model_auto	30.155	75.644	1.6893	CjpegliYcbcr	1.0
art-scans	haeckel_0040_starfish.png	zenjpeg	420	93	model_policy	30.291	77.354	1.5266	CjpegliYcbcr	1.0
art-scans	haeckel_0040_starfish.png	zenjpeg	420	93	model_proj	30.293	77.365	1.5262	CjpegliYcbcr	1.0
art-scans	haeckel_0040_starfish.png	zenjpeg	420	96	identity_off	30.678	78.528	1.4892	CjpegliYcbcr	0.5
art-scans	haeckel_0040_starfish.png	zenjpeg	420	96	identity_auto	30.678	78.528	1.4892	CjpegliYcbcr	0.5
art-scans	haeckel_0040_starfish.png	zenjpeg	420	96	model_off	30.654	78.390	1.4898	CjpegliYcbcr	0.5
art-scans	haeckel_0040_starfish.png	zenjpeg	420	96	model_auto	30.472	76.676	1.5852	CjpegliYcbcr	0.5
art-scans	haeckel_0040_starfish.png	zenjpeg	420	96	model_policy	30.615	78.124	1.4981	CjpegliYcbcr	0.5
art-scans	haeckel_0040_starfish.png	zenjpeg	420	96	model_proj	30.619	78.144	1.4977	CjpegliYcbcr	0.5
art-scans	haeckel_0040_starfish.png	zenjpeg	444	85	identity_off	32.812	85.254	0.9725	CjpegliYcbcr	1.4
art-scans	haeckel_0040_starfish.png	zenjpeg	444	85	identity_auto	32.931	85.410	0.9757	CjpegliYcbcr	1.4
art-scans	haeckel_0040_starfish.png	zenjpeg	444	85	model_off	32.825	83.869	1.1307	CjpegliYcbcr	1.4
art-scans	haeckel_0040_starfish.png	zenjpeg	444	85	model_auto	32.031	78.258	1.8117	CjpegliYcbcr	1.4
art-scans	haeckel_0040_starfish.png	zenjpeg	444	85	model_policy	32.645	82.699	1.2629	CjpegliYcbcr	1.4
art-scans	haeckel_0040_starfish.png	zenjpeg	444	85	model_proj	32.701	83.383	1.1332	CjpegliYcbcr	1.4
art-scans	haeckel_0040_starfish.png	zenjpeg	444	90	identity_off	34.860	88.521	0.7467	CjpegliYcbcr	1.1
art-scans	haeckel_0040_starfish.png	zenjpeg	444	90	identity_auto	34.983	88.664	0.7547	CjpegliYcbcr	1.1
art-scans	haeckel_0040_starfish.png	zenjpeg	444	90	model_off	34.703	86.998	0.9807	CjpegliYcbcr	1.1
art-scans	haeckel_0040_starfish.png	zenjpeg	444	90	model_auto	33.534	80.912	1.6989	CjpegliYcbcr	1.1
art-scans	haeckel_0040_starfish.png	zenjpeg	444	90	model_policy	34.443	85.684	1.1125	CjpegliYcbcr	1.1
art-scans	haeckel_0040_starfish.png	zenjpeg	444	90	model_proj	34.554	86.890	0.9024	CjpegliYcbcr	1.1
art-scans	haeckel_0040_starfish.png	zenjpeg	444	93	identity_off	36.700	90.705	0.5906	CjpegliYcbcr	0.7
art-scans	haeckel_0040_starfish.png	zenjpeg	444	93	identity_auto	36.818	90.829	0.6030	CjpegliYcbcr	0.7
art-scans	haeckel_0040_starfish.png	zenjpeg	444	93	model_off	36.291	88.792	0.8668	CjpegliYcbcr	0.7
art-scans	haeckel_0040_starfish.png	zenjpeg	444	93	model_auto	34.600	81.880	1.6103	CjpegliYcbcr	0.7
art-scans	haeckel_0040_starfish.png	zenjpeg	444	93	model_policy	35.885	87.036	1.0499	CjpegliYcbcr	0.7
art-scans	haeckel_0040_starfish.png	zenjpeg	444	93	model_proj	36.129	88.957	0.7514	CjpegliYcbcr	0.7
art-scans	haeckel_0040_starfish.png	zenjpeg	444	96	identity_off	39.303	93.168	0.4292	CjpegliYcbcr	0.3
art-scans	haeckel_0040_starfish.png	zenjpeg	444	96	identity_auto	39.303	93.168	0.4292	CjpegliYcbcr	0.3
art-scans	haeckel_0040_starfish.png	zenjpeg	444	96	model_off	38.305	89.818	0.8890	CjpegliYcbcr	0.3
art-scans	haeckel_0040_starfish.png	zenjpeg	444	96	model_auto	35.703	82.637	1.5560	CjpegliYcbcr	0.3
art-scans	haeckel_0040_starfish.png	zenjpeg	444	96	model_policy	37.575	87.756	1.0276	CjpegliYcbcr	0.3
art-scans	haeckel_0040_starfish.png	zenjpeg	444	96	model_proj	38.229	91.082	0.5919	CjpegliYcbcr	0.3
maps	nps_nps-bibe-2023-Wild-and-Scenic-Rivers-Brochure_p01.png	turbo	420	85	identity_off	38.039	80.218	0.9796	ImageMagick	85.0
maps	nps_nps-bibe-2023-Wild-and-Scenic-Rivers-Brochure_p01.png	turbo	420	85	identity_auto	38.175	81.011	0.9722	ImageMagick	85.0
maps	nps_nps-bibe-2023-Wild-and-Scenic-Rivers-Brochure_p01.png	turbo	420	85	model_off	40.319	84.124	0.7695	ImageMagick	85.0
maps	nps_nps-bibe-2023-Wild-and-Scenic-Rivers-Brochure_p01.png	turbo	420	85	model_auto	40.338	84.274	0.7861	ImageMagick	85.0
maps	nps_nps-bibe-2023-Wild-and-Scenic-Rivers-Brochure_p01.png	turbo	420	85	model_policy	40.321	84.097	0.7698	ImageMagick	85.0
maps	nps_nps-bibe-2023-Wild-and-Scenic-Rivers-Brochure_p01.png	turbo	420	85	model_proj	40.322	84.118	0.7695	ImageMagick	85.0
maps	nps_nps-bibe-2023-Wild-and-Scenic-Rivers-Brochure_p01.png	turbo	420	90	identity_off	40.048	83.738	0.7952	ImageMagick	90.0
maps	nps_nps-bibe-2023-Wild-and-Scenic-Rivers-Brochure_p01.png	turbo	420	90	identity_auto	40.086	84.049	0.8056	ImageMagick	90.0
maps	nps_nps-bibe-2023-Wild-and-Scenic-Rivers-Brochure_p01.png	turbo	420	90	model_off	42.069	86.545	0.6900	ImageMagick	90.0
maps	nps_nps-bibe-2023-Wild-and-Scenic-Rivers-Brochure_p01.png	turbo	420	90	model_auto	42.053	86.563	0.7100	ImageMagick	90.0
maps	nps_nps-bibe-2023-Wild-and-Scenic-Rivers-Brochure_p01.png	turbo	420	90	model_policy	42.076	86.480	0.6900	ImageMagick	90.0
maps	nps_nps-bibe-2023-Wild-and-Scenic-Rivers-Brochure_p01.png	turbo	420	90	model_proj	42.077	86.583	0.6887	ImageMagick	90.0
maps	nps_nps-bibe-2023-Wild-and-Scenic-Rivers-Brochure_p01.png	turbo	420	93	identity_off	41.649	86.032	0.6704	ImageMagick	93.0
maps	nps_nps-bibe-2023-Wild-and-Scenic-Rivers-Brochure_p01.png	turbo	420	93	identity_auto	41.654	86.318	0.6881	ImageMagick	93.0
maps	nps_nps-bibe-2023-Wild-and-Scenic-Rivers-Brochure_p01.png	turbo	420	93	model_off	43.445	87.978	0.6387	ImageMagick	93.0
maps	nps_nps-bibe-2023-Wild-and-Scenic-Rivers-Brochure_p01.png	turbo	420	93	model_auto	43.393	88.040	0.6556	ImageMagick	93.0
maps	nps_nps-bibe-2023-Wild-and-Scenic-Rivers-Brochure_p01.png	turbo	420	93	model_policy	43.455	87.998	0.6395	ImageMagick	93.0
maps	nps_nps-bibe-2023-Wild-and-Scenic-Rivers-Brochure_p01.png	turbo	420	93	model_proj	43.457	88.040	0.6370	ImageMagick	93.0
maps	nps_nps-bibe-2023-Wild-and-Scenic-Rivers-Brochure_p01.png	turbo	420	96	identity_off	43.977	89.197	0.6049	ImageMagick	96.0
maps	nps_nps-bibe-2023-Wild-and-Scenic-Rivers-Brochure_p01.png	turbo	420	96	identity_auto	43.977	89.197	0.6049	ImageMagick	96.0
maps	nps_nps-bibe-2023-Wild-and-Scenic-Rivers-Brochure_p01.png	turbo	420	96	model_off	45.316	89.967	0.6116	ImageMagick	96.0
maps	nps_nps-bibe-2023-Wild-and-Scenic-Rivers-Brochure_p01.png	turbo	420	96	model_auto	45.331	89.914	0.6036	ImageMagick	96.0
maps	nps_nps-bibe-2023-Wild-and-Scenic-Rivers-Brochure_p01.png	turbo	420	96	model_policy	45.337	90.119	0.6126	ImageMagick	96.0
maps	nps_nps-bibe-2023-Wild-and-Scenic-Rivers-Brochure_p01.png	turbo	420	96	model_proj	45.345	90.068	0.6059	ImageMagick	96.0
maps	nps_nps-bibe-2023-Wild-and-Scenic-Rivers-Brochure_p01.png	turbo	444	85	identity_off	39.075	82.559	0.9557	ImageMagick	85.0
maps	nps_nps-bibe-2023-Wild-and-Scenic-Rivers-Brochure_p01.png	turbo	444	85	identity_auto	39.284	83.178	0.9490	ImageMagick	85.0
maps	nps_nps-bibe-2023-Wild-and-Scenic-Rivers-Brochure_p01.png	turbo	444	85	model_off	41.671	86.170	0.7450	ImageMagick	85.0
maps	nps_nps-bibe-2023-Wild-and-Scenic-Rivers-Brochure_p01.png	turbo	444	85	model_auto	41.664	86.320	0.7542	ImageMagick	85.0
maps	nps_nps-bibe-2023-Wild-and-Scenic-Rivers-Brochure_p01.png	turbo	444	85	model_policy	41.679	86.188	0.7449	ImageMagick	85.0
maps	nps_nps-bibe-2023-Wild-and-Scenic-Rivers-Brochure_p01.png	turbo	444	85	model_proj	41.663	86.616	0.7456	ImageMagick	85.0
maps	nps_nps-bibe-2023-Wild-and-Scenic-Rivers-Brochure_p01.png	turbo	444	90	identity_off	41.467	85.863	0.7630	ImageMagick	90.0
maps	nps_nps-bibe-2023-Wild-and-Scenic-Rivers-Brochure_p01.png	turbo	444	90	identity_auto	41.543	86.071	0.7768	ImageMagick	90.0
maps	nps_nps-bibe-2023-Wild-and-Scenic-Rivers-Brochure_p01.png	turbo	444	90	model_off	43.755	88.448	0.6551	ImageMagick	90.0
maps	nps_nps-bibe-2023-Wild-and-Scenic-Rivers-Brochure_p01.png	turbo	444	90	model_auto	43.658	88.469	0.6732	ImageMagick	90.0
maps	nps_nps-bibe-2023-Wild-and-Scenic-Rivers-Brochure_p01.png	turbo	444	90	model_policy	43.762	88.329	0.6561	ImageMagick	90.0
maps	nps_nps-bibe-2023-Wild-and-Scenic-Rivers-Brochure_p01.png	turbo	444	90	model_proj	43.696	88.798	0.6757	ImageMagick	90.0
maps	nps_nps-bibe-2023-Wild-and-Scenic-Rivers-Brochure_p01.png	turbo	444	93	identity_off	43.359	88.165	0.6327	ImageMagick	93.0
maps	nps_nps-bibe-2023-Wild-and-Scenic-Rivers-Brochure_p01.png	turbo	444	93	identity_auto	43.403	88.315	0.6557	ImageMagick	93.0
maps	nps_nps-bibe-2023-Wild-and-Scenic-Rivers-Brochure_p01.png	turbo	444	93	model_off	45.322	89.700	0.6095	ImageMagick	93.0
maps	nps_nps-bibe-2023-Wild-and-Scenic-Rivers-Brochure_p01.png	turbo	444	93	model_auto	45.168	89.871	0.6262	ImageMagick	93.0
maps	nps_nps-bibe-2023-Wild-and-Scenic-Rivers-Brochure_p01.png	turbo	444	93	model_policy	45.332	89.840	0.6112	ImageMagick	93.0
maps	nps_nps-bibe-2023-Wild-and-Scenic-Rivers-Brochure_p01.png	turbo	444	93	model_proj	45.008	90.229	0.7074	ImageMagick	93.0
maps	nps_nps-bibe-2023-Wild-and-Scenic-Rivers-Brochure_p01.png	turbo	444	96	identity_off	46.074	90.526	0.5747	ImageMagick	96.0
maps	nps_nps-bibe-2023-Wild-and-Scenic-Rivers-Brochure_p01.png	turbo	444	96	identity_auto	46.074	90.526	0.5747	ImageMagick	96.0
maps	nps_nps-bibe-2023-Wild-and-Scenic-Rivers-Brochure_p01.png	turbo	444	96	model_off	47.412	91.054	0.5856	ImageMagick	96.0
maps	nps_nps-bibe-2023-Wild-and-Scenic-Rivers-Brochure_p01.png	turbo	444	96	model_auto	47.333	90.977	0.5759	ImageMagick	96.0
maps	nps_nps-bibe-2023-Wild-and-Scenic-Rivers-Brochure_p01.png	turbo	444	96	model_policy	47.418	91.108	0.5858	ImageMagick	96.0
maps	nps_nps-bibe-2023-Wild-and-Scenic-Rivers-Brochure_p01.png	turbo	444	96	model_proj	46.531	91.359	0.7654	ImageMagick	96.0
maps	nps_nps-bibe-2023-Wild-and-Scenic-Rivers-Brochure_p01.png	mozjpeg	420	85	identity_off	34.192	76.996	1.1621	Mozjpeg	85.0
maps	nps_nps-bibe-2023-Wild-and-Scenic-Rivers-Brochure_p01.png	mozjpeg	420	85	identity_auto	34.314	77.789	1.1607	Mozjpeg	85.0
maps	nps_nps-bibe-2023-Wild-and-Scenic-Rivers-Brochure_p01.png	mozjpeg	420	85	model_off	36.948	81.499	0.8852	Mozjpeg	85.0
maps	nps_nps-bibe-2023-Wild-and-Scenic-Rivers-Brochure_p01.png	mozjpeg	420	85	model_auto	36.985	81.707	0.8957	Mozjpeg	85.0
maps	nps_nps-bibe-2023-Wild-and-Scenic-Rivers-Brochure_p01.png	mozjpeg	420	85	model_policy	36.956	81.503	0.8843	Mozjpeg	85.0
maps	nps_nps-bibe-2023-Wild-and-Scenic-Rivers-Brochure_p01.png	mozjpeg	420	85	model_proj	36.956	81.484	0.8839	Mozjpeg	85.0
maps	nps_nps-bibe-2023-Wild-and-Scenic-Rivers-Brochure_p01.png	mozjpeg	420	90	identity_off	36.231	81.173	0.9398	Mozjpeg	90.0
maps	nps_nps-bibe-2023-Wild-and-Scenic-Rivers-Brochure_p01.png	mozjpeg	420	90	identity_auto	36.274	81.516	0.9498	Mozjpeg	90.0
maps	nps_nps-bibe-2023-Wild-and-Scenic-Rivers-Brochure_p01.png	mozjpeg	420	90	model_off	38.864	84.568	0.7338	Mozjpeg	90.0
maps	nps_nps-bibe-2023-Wild-and-Scenic-Rivers-Brochure_p01.png	mozjpeg	420	90	model_auto	38.833	84.591	0.7494	Mozjpeg	90.0
maps	nps_nps-bibe-2023-Wild-and-Scenic-Rivers-Brochure_p01.png	mozjpeg	420	90	model_policy	38.873	84.635	0.7340	Mozjpeg	90.0
maps	nps_nps-bibe-2023-Wild-and-Scenic-Rivers-Brochure_p01.png	mozjpeg	420	90	model_proj	38.874	84.703	0.7333	Mozjpeg	90.0
maps	nps_nps-bibe-2023-Wild-and-Scenic-Rivers-Brochure_p01.png	mozjpeg	420	93	identity_off	37.944	83.621	0.7688	Mozjpeg	93.0
maps	nps_nps-bibe-2023-Wild-and-Scenic-Rivers-Brochure_p01.png	mozjpeg	420	93	identity_auto	37.978	83.846	0.7852	Mozjpeg	93.0
maps	nps_nps-bibe-2023-Wild-and-Scenic-Rivers-Brochure_p01.png	mozjpeg	420	93	model_off	40.434	86.531	0.6561	Mozjpeg	93.0
maps	nps_nps-bibe-2023-Wild-and-Scenic-Rivers-Brochure_p01.png	mozjpeg	420	93	model_auto	40.362	86.581	0.6759	Mozjpeg	93.0
maps	nps_nps-bibe-2023-Wild-and-Scenic-Rivers-Brochure_p01.png	mozjpeg	420	93	model_policy	40.449	86.477	0.6577	Mozjpeg	93.0
maps	nps_nps-bibe-2023-Wild-and-Scenic-Rivers-Brochure_p01.png	mozjpeg	420	93	model_proj	40.449	86.439	0.6563	Mozjpeg	93.0
maps	nps_nps-bibe-2023-Wild-and-Scenic-Rivers-Brochure_p01.png	mozjpeg	420	96	identity_off	40.837	86.644	0.6230	Mozjpeg	96.0
maps	nps_nps-bibe-2023-Wild-and-Scenic-Rivers-Brochure_p01.png	mozjpeg	420	96	identity_auto	40.837	86.644	0.6230	Mozjpeg	96.0
maps	nps_nps-bibe-2023-Wild-and-Scenic-Rivers-Brochure_p01.png	mozjpeg	420	96	model_off	42.935	88.511	0.6128	Mozjpeg	96.0
maps	nps_nps-bibe-2023-Wild-and-Scenic-Rivers-Brochure_p01.png	mozjpeg	420	96	model_auto	42.824	88.444	0.6053	Mozjpeg	96.0
maps	nps_nps-bibe-2023-Wild-and-Scenic-Rivers-Brochure_p01.png	mozjpeg	420	96	model_policy	42.955	88.473	0.6133	Mozjpeg	96.0
maps	nps_nps-bibe-2023-Wild-and-Scenic-Rivers-Brochure_p01.png	mozjpeg	420	96	model_proj	42.958	88.517	0.6088	Mozjpeg	96.0
maps	nps_nps-bibe-2023-Wild-and-Scenic-Rivers-Brochure_p01.png	mozjpeg	444	85	identity_off	34.507	78.498	1.1460	Mozjpeg	85.0
maps	nps_nps-bibe-2023-Wild-and-Scenic-Rivers-Brochure_p01.png	mozjpeg	444	85	identity_auto	34.646	79.311	1.1467	Mozjpeg	85.0
maps	nps_nps-bibe-2023-Wild-and-Scenic-Rivers-Brochure_p01.png	mozjpeg	444	85	model_off	37.333	82.777	0.8683	Mozjpeg	85.0
maps	nps_nps-bibe-2023-Wild-and-Scenic-Rivers-Brochure_p01.png	mozjpeg	444	85	model_auto	37.357	83.020	0.8786	Mozjpeg	85.0
maps	nps_nps-bibe-2023-Wild-and-Scenic-Rivers-Brochure_p01.png	mozjpeg	444	85	model_policy	37.338	82.855	0.8678	Mozjpeg	85.0
maps	nps_nps-bibe-2023-Wild-and-Scenic-Rivers-Brochure_p01.png	mozjpeg	444	85	model_proj	37.357	83.062	0.8669	Mozjpeg	85.0
maps	nps_nps-bibe-2023-Wild-and-Scenic-Rivers-Brochure_p01.png	mozjpeg	444	90	identity_off	36.641	82.529	0.9229	Mozjpeg	90.0
maps	nps_nps-bibe-2023-Wild-and-Scenic-Rivers-Brochure_p01.png	mozjpeg	444	90	identity_auto	36.692	82.839	0.9366	Mozjpeg	90.0
maps	nps_nps-bibe-2023-Wild-and-Scenic-Rivers-Brochure_p01.png	mozjpeg	444	90	model_off	39.354	85.693	0.7211	Mozjpeg	90.0
maps	nps_nps-bibe-2023-Wild-and-Scenic-Rivers-Brochure_p01.png	mozjpeg	444	90	model_auto	39.288	85.819	0.7359	Mozjpeg	90.0
maps	nps_nps-bibe-2023-Wild-and-Scenic-Rivers-Brochure_p01.png	mozjpeg	444	90	model_policy	39.364	85.655	0.7201	Mozjpeg	90.0
maps	nps_nps-bibe-2023-Wild-and-Scenic-Rivers-Brochure_p01.png	mozjpeg	444	90	model_proj	39.376	86.133	0.7383	Mozjpeg	90.0
maps	nps_nps-bibe-2023-Wild-and-Scenic-Rivers-Brochure_p01.png	mozjpeg	444	93	identity_off	38.479	84.817	0.7483	Mozjpeg	93.0
maps	nps_nps-bibe-2023-Wild-and-Scenic-Rivers-Brochure_p01.png	mozjpeg	444	93	identity_auto	38.523	85.032	0.7673	Mozjpeg	93.0
maps	nps_nps-bibe-2023-Wild-and-Scenic-Rivers-Brochure_p01.png	mozjpeg	444	93	model_off	41.064	87.310	0.6369	Mozjpeg	93.0
maps	nps_nps-bibe-2023-Wild-and-Scenic-Rivers-Brochure_p01.png	mozjpeg	444	93	model_auto	40.944	87.220	0.6553	Mozjpeg	93.0
maps	nps_nps-bibe-2023-Wild-and-Scenic-Rivers-Brochure_p01.png	mozjpeg	444	93	model_policy	41.081	87.379	0.6381	Mozjpeg	93.0
maps	nps_nps-bibe-2023-Wild-and-Scenic-Rivers-Brochure_p01.png	mozjpeg	444	93	model_proj	41.013	87.733	0.6938	Mozjpeg	93.0
maps	nps_nps-bibe-2023-Wild-and-Scenic-Rivers-Brochure_p01.png	mozjpeg	444	96	identity_off	41.717	87.815	0.6020	Mozjpeg	96.0
maps	nps_nps-bibe-2023-Wild-and-Scenic-Rivers-Brochure_p01.png	mozjpeg	444	96	identity_auto	41.717	87.815	0.6020	Mozjpeg	96.0
maps	nps_nps-bibe-2023-Wild-and-Scenic-Rivers-Brochure_p01.png	mozjpeg	444	96	model_off	43.910	89.206	0.5995	Mozjpeg	96.0
maps	nps_nps-bibe-2023-Wild-and-Scenic-Rivers-Brochure_p01.png	mozjpeg	444	96	model_auto	43.726	89.170	0.5913	Mozjpeg	96.0
maps	nps_nps-bibe-2023-Wild-and-Scenic-Rivers-Brochure_p01.png	mozjpeg	444	96	model_policy	43.931	89.175	0.6015	Mozjpeg	96.0
maps	nps_nps-bibe-2023-Wild-and-Scenic-Rivers-Brochure_p01.png	mozjpeg	444	96	model_proj	43.570	89.430	0.7606	Mozjpeg	96.0
maps	nps_nps-bibe-2023-Wild-and-Scenic-Rivers-Brochure_p01.png	jpegli	420	85	identity_off	38.110	80.214	0.8493	CjpegliYcbcr	1.8
maps	nps_nps-bibe-2023-Wild-and-Scenic-Rivers-Brochure_p01.png	jpegli	420	85	identity_auto	38.278	80.940	0.8367	CjpegliYcbcr	1.8
maps	nps_nps-bibe-2023-Wild-and-Scenic-Rivers-Brochure_p01.png	jpegli	420	85	model_off	39.982	83.123	0.7591	CjpegliYcbcr	1.8
maps	nps_nps-bibe-2023-Wild-and-Scenic-Rivers-Brochure_p01.png	jpegli	420	85	model_auto	40.017	83.329	0.7733	CjpegliYcbcr	1.8
maps	nps_nps-bibe-2023-Wild-and-Scenic-Rivers-Brochure_p01.png	jpegli	420	85	model_policy	39.989	83.129	0.7580	CjpegliYcbcr	1.8
maps	nps_nps-bibe-2023-Wild-and-Scenic-Rivers-Brochure_p01.png	jpegli	420	85	model_proj	39.991	83.267	0.7575	CjpegliYcbcr	1.8
maps	nps_nps-bibe-2023-Wild-and-Scenic-Rivers-Brochure_p01.png	jpegli	420	90	identity_off	40.257	82.922	0.7719	CjpegliYcbcr	1.3
maps	nps_nps-bibe-2023-Wild-and-Scenic-Rivers-Brochure_p01.png	jpegli	420	90	identity_auto	40.315	83.357	0.7897	CjpegliYcbcr	1.3
maps	nps_nps-bibe-2023-Wild-and-Scenic-Rivers-Brochure_p01.png	jpegli	420	90	model_off	41.958	85.140	0.7511	CjpegliYcbcr	1.3
maps	nps_nps-bibe-2023-Wild-and-Scenic-Rivers-Brochure_p01.png	jpegli	420	90	model_auto	41.919	85.297	0.7682	CjpegliYcbcr	1.3
maps	nps_nps-bibe-2023-Wild-and-Scenic-Rivers-Brochure_p01.png	jpegli	420	90	model_policy	41.969	85.177	0.7504	CjpegliYcbcr	1.3
maps	nps_nps-bibe-2023-Wild-and-Scenic-Rivers-Brochure_p01.png	jpegli	420	90	model_proj	41.970	85.263	0.7463	CjpegliYcbcr	1.3
maps	nps_nps-bibe-2023-Wild-and-Scenic-Rivers-Brochure_p01.png	jpegli	420	93	identity_off	42.045	85.229	0.7129	CjpegliYcbcr	1.0
maps	nps_nps-bibe-2023-Wild-and-Scenic-Rivers-Brochure_p01.png	jpegli	420	93	identity_auto	42.073	85.541	0.7372	CjpegliYcbcr	1.0
maps	nps_nps-bibe-2023-Wild-and-Scenic-Rivers-Brochure_p01.png	jpegli	420	93	model_off	43.500	86.794	0.7006	CjpegliYcbcr	1.0
maps	nps_nps-bibe-2023-Wild-and-Scenic-Rivers-Brochure_p01.png	jpegli	420	93	model_auto	43.428	86.974	0.7224	CjpegliYcbcr	1.0
maps	nps_nps-bibe-2023-Wild-and-Scenic-Rivers-Brochure_p01.png	jpegli	420	93	model_policy	43.513	86.970	0.7003	CjpegliYcbcr	1.0
maps	nps_nps-bibe-2023-Wild-and-Scenic-Rivers-Brochure_p01.png	jpegli	420	93	model_proj	43.520	86.980	0.6958	CjpegliYcbcr	1.0
maps	nps_nps-bibe-2023-Wild-and-Scenic-Rivers-Brochure_p01.png	jpegli	420	96	identity_off	44.037	87.491	0.6421	CjpegliYcbcr	0.5
maps	nps_nps-bibe-2023-Wild-and-Scenic-Rivers-Brochure_p01.png	jpegli	420	96	identity_auto	44.037	87.491	0.6421	CjpegliYcbcr	0.5
maps	nps_nps-bibe-2023-Wild-and-Scenic-Rivers-Brochure_p01.png	jpegli	420	96	model_off	45.112	88.372	0.6407	CjpegliYcbcr	0.5
maps	nps_nps-bibe-2023-Wild-and-Scenic-Rivers-Brochure_p01.png	jpegli	420	96	model_auto	45.124	88.308	0.6359	CjpegliYcbcr	0.5
maps	nps_nps-bibe-2023-Wild-and-Scenic-Rivers-Brochure_p01.png	jpegli	420	96	model_policy	45.139	88.444	0.6409	CjpegliYcbcr	0.5
maps	nps_nps-bibe-2023-Wild-and-Scenic-Rivers-Brochure_p01.png	jpegli	420	96	model_proj	45.159	88.830	0.6142	CjpegliYcbcr	0.5
maps	nps_nps-bibe-2023-Wild-and-Scenic-Rivers-Brochure_p01.png	jpegli	444	85	identity_off	39.046	82.666	0.7340	CjpegliYcbcr	1.4
maps	nps_nps-bibe-2023-Wild-and-Scenic-Rivers-Brochure_p01.png	jpegli	444	85	identity_auto	39.120	83.260	0.7240	CjpegliYcbcr	1.4
maps	nps_nps-bibe-2023-Wild-and-Scenic-Rivers-Brochure_p01.png	jpegli	444	85	model_off	40.932	85.259	0.6376	CjpegliYcbcr	1.4
maps	nps_nps-bibe-2023-Wild-and-Scenic-Rivers-Brochure_p01.png	jpegli	444	85	model_auto	40.888	85.378	0.6459	CjpegliYcbcr	1.4
maps	nps_nps-bibe-2023-Wild-and-Scenic-Rivers-Brochure_p01.png	jpegli	444	85	model_policy	40.934	85.402	0.6368	CjpegliYcbcr	1.4
maps	nps_nps-bibe-2023-Wild-and-Scenic-Rivers-Brochure_p01.png	jpegli	444	85	model_proj	40.958	85.528	0.6167	CjpegliYcbcr	1.4
maps	nps_nps-bibe-2023-Wild-and-Scenic-Rivers-Brochure_p01.png	jpegli	444	90	identity_off	41.050	84.041	0.7287	CjpegliYcbcr	1.1
maps	nps_nps-bibe-2023-Wild-and-Scenic-Rivers-Brochure_p01.png	jpegli	444	90	identity_auto	41.137	84.444	0.7533	CjpegliYcbcr	1.1
maps	nps_nps-bibe-2023-Wild-and-Scenic-Rivers-Brochure_p01.png	jpegli	444	90	model_off	42.779	86.112	0.7212	CjpegliYcbcr	1.1
maps	nps_nps-bibe-2023-Wild-and-Scenic-Rivers-Brochure_p01.png	jpegli	444	90	model_auto	42.759	86.108	0.7372	CjpegliYcbcr	1.1
maps	nps_nps-bibe-2023-Wild-and-Scenic-Rivers-Brochure_p01.png	jpegli	444	90	model_policy	42.784	86.061	0.7232	CjpegliYcbcr	1.1
maps	nps_nps-bibe-2023-Wild-and-Scenic-Rivers-Brochure_p01.png	jpegli	444	90	model_proj	42.833	86.442	0.7039	CjpegliYcbcr	1.1
maps	nps_nps-bibe-2023-Wild-and-Scenic-Rivers-Brochure_p01.png	jpegli	444	93	identity_off	42.709	86.144	0.7350	CjpegliYcbcr	0.7
maps	nps_nps-bibe-2023-Wild-and-Scenic-Rivers-Brochure_p01.png	jpegli	444	93	identity_auto	42.802	86.507	0.7635	CjpegliYcbcr	0.7
maps	nps_nps-bibe-2023-Wild-and-Scenic-Rivers-Brochure_p01.png	jpegli	444	93	model_off	44.234	87.690	0.7297	CjpegliYcbcr	0.7
maps	nps_nps-bibe-2023-Wild-and-Scenic-Rivers-Brochure_p01.png	jpegli	444	93	model_auto	44.219	87.696	0.7508	CjpegliYcbcr	0.7
maps	nps_nps-bibe-2023-Wild-and-Scenic-Rivers-Brochure_p01.png	jpegli	444	93	model_policy	44.246	87.647	0.7292	CjpegliYcbcr	0.7
maps	nps_nps-bibe-2023-Wild-and-Scenic-Rivers-Brochure_p01.png	jpegli	444	93	model_proj	44.271	87.880	0.7230	CjpegliYcbcr	0.7
maps	nps_nps-bibe-2023-Wild-and-Scenic-Rivers-Brochure_p01.png	jpegli	444	96	identity_off	45.004	88.073	0.6622	CjpegliYcbcr	0.3
maps	nps_nps-bibe-2023-Wild-and-Scenic-Rivers-Brochure_p01.png	jpegli	444	96	identity_auto	45.004	88.073	0.6622	CjpegliYcbcr	0.3
maps	nps_nps-bibe-2023-Wild-and-Scenic-Rivers-Brochure_p01.png	jpegli	444	96	model_off	46.160	88.869	0.6697	CjpegliYcbcr	0.3
maps	nps_nps-bibe-2023-Wild-and-Scenic-Rivers-Brochure_p01.png	jpegli	444	96	model_auto	46.187	88.860	0.6601	CjpegliYcbcr	0.3
maps	nps_nps-bibe-2023-Wild-and-Scenic-Rivers-Brochure_p01.png	jpegli	444	96	model_policy	46.187	88.915	0.6702	CjpegliYcbcr	0.3
maps	nps_nps-bibe-2023-Wild-and-Scenic-Rivers-Brochure_p01.png	jpegli	444	96	model_proj	46.132	90.315	0.6367	CjpegliYcbcr	0.3
maps	nps_nps-bibe-2023-Wild-and-Scenic-Rivers-Brochure_p01.png	zenjpeg	420	85	identity_off	38.029	80.242	0.8625	CjpegliYcbcr	1.8
maps	nps_nps-bibe-2023-Wild-and-Scenic-Rivers-Brochure_p01.png	zenjpeg	420	85	identity_auto	38.187	81.089	0.8548	CjpegliYcbcr	1.8
maps	nps_nps-bibe-2023-Wild-and-Scenic-Rivers-Brochure_p01.png	zenjpeg	420	85	model_off	39.894	83.292	0.7830	CjpegliYcbcr	1.8
maps	nps_nps-bibe-2023-Wild-and-Scenic-Rivers-Brochure_p01.png	zenjpeg	420	85	model_auto	39.916	83.463	0.7963	CjpegliYcbcr	1.8
maps	nps_nps-bibe-2023-Wild-and-Scenic-Rivers-Brochure_p01.png	zenjpeg	420	85	model_policy	39.902	83.256	0.7821	CjpegliYcbcr	1.8
maps	nps_nps-bibe-2023-Wild-and-Scenic-Rivers-Brochure_p01.png	zenjpeg	420	85	model_proj	39.903	83.331	0.7817	CjpegliYcbcr	1.8
maps	nps_nps-bibe-2023-Wild-and-Scenic-Rivers-Brochure_p01.png	zenjpeg	420	90	identity_off	40.140	83.443	0.7310	CjpegliYcbcr	1.3
maps	nps_nps-bibe-2023-Wild-and-Scenic-Rivers-Brochure_p01.png	zenjpeg	420	90	identity_auto	40.180	83.833	0.7530	CjpegliYcbcr	1.3
maps	nps_nps-bibe-2023-Wild-and-Scenic-Rivers-Brochure_p01.png	zenjpeg	420	90	model_off	41.817	85.722	0.6986	CjpegliYcbcr	1.3
maps	nps_nps-bibe-2023-Wild-and-Scenic-Rivers-Brochure_p01.png	zenjpeg	420	90	model_auto	41.758	85.682	0.7189	CjpegliYcbcr	1.3
maps	nps_nps-bibe-2023-Wild-and-Scenic-Rivers-Brochure_p01.png	zenjpeg	420	90	model_policy	41.826	85.643	0.6994	CjpegliYcbcr	1.3
maps	nps_nps-bibe-2023-Wild-and-Scenic-Rivers-Brochure_p01.png	zenjpeg	420	90	model_proj	41.826	85.661	0.6986	CjpegliYcbcr	1.3
maps	nps_nps-bibe-2023-Wild-and-Scenic-Rivers-Brochure_p01.png	zenjpeg	420	93	identity_off	41.891	85.805	0.6767	CjpegliYcbcr	1.0
maps	nps_nps-bibe-2023-Wild-and-Scenic-Rivers-Brochure_p01.png	zenjpeg	420	93	identity_auto	41.893	86.218	0.7022	CjpegliYcbcr	1.0
maps	nps_nps-bibe-2023-Wild-and-Scenic-Rivers-Brochure_p01.png	zenjpeg	420	93	model_off	43.323	87.429	0.6662	CjpegliYcbcr	1.0
maps	nps_nps-bibe-2023-Wild-and-Scenic-Rivers-Brochure_p01.png	zenjpeg	420	93	model_auto	43.220	87.403	0.6870	CjpegliYcbcr	1.0
maps	nps_nps-bibe-2023-Wild-and-Scenic-Rivers-Brochure_p01.png	zenjpeg	420	93	model_policy	43.337	87.443	0.6664	CjpegliYcbcr	1.0
maps	nps_nps-bibe-2023-Wild-and-Scenic-Rivers-Brochure_p01.png	zenjpeg	420	93	model_proj	43.339	87.396	0.6638	CjpegliYcbcr	1.0
maps	nps_nps-bibe-2023-Wild-and-Scenic-Rivers-Brochure_p01.png	zenjpeg	420	96	identity_off	43.844	88.541	0.6153	CjpegliYcbcr	0.5
maps	nps_nps-bibe-2023-Wild-and-Scenic-Rivers-Brochure_p01.png	zenjpeg	420	96	identity_auto	43.844	88.541	0.6153	CjpegliYcbcr	0.5
maps	nps_nps-bibe-2023-Wild-and-Scenic-Rivers-Brochure_p01.png	zenjpeg	420	96	model_off	44.893	89.387	0.6217	CjpegliYcbcr	0.5
maps	nps_nps-bibe-2023-Wild-and-Scenic-Rivers-Brochure_p01.png	zenjpeg	420	96	model_auto	44.917	89.307	0.6142	CjpegliYcbcr	0.5
maps	nps_nps-bibe-2023-Wild-and-Scenic-Rivers-Brochure_p01.png	zenjpeg	420	96	model_policy	44.915	89.419	0.6236	CjpegliYcbcr	0.5
maps	nps_nps-bibe-2023-Wild-and-Scenic-Rivers-Brochure_p01.png	zenjpeg	420	96	model_proj	44.918	89.409	0.6163	CjpegliYcbcr	0.5
maps	nps_nps-bibe-2023-Wild-and-Scenic-Rivers-Brochure_p01.png	zenjpeg	444	85	identity_off	38.927	82.388	0.7320	CjpegliYcbcr	1.4
maps	nps_nps-bibe-2023-Wild-and-Scenic-Rivers-Brochure_p01.png	zenjpeg	444	85	identity_auto	38.993	82.839	0.7353	CjpegliYcbcr	1.4
maps	nps_nps-bibe-2023-Wild-and-Scenic-Rivers-Brochure_p01.png	zenjpeg	444	85	model_off	40.770	85.122	0.6359	CjpegliYcbcr	1.4
maps	nps_nps-bibe-2023-Wild-and-Scenic-Rivers-Brochure_p01.png	zenjpeg	444	85	model_auto	40.716	85.185	0.6548	CjpegliYcbcr	1.4
maps	nps_nps-bibe-2023-Wild-and-Scenic-Rivers-Brochure_p01.png	zenjpeg	444	85	model_policy	40.772	85.044	0.6369	CjpegliYcbcr	1.4
maps	nps_nps-bibe-2023-Wild-and-Scenic-Rivers-Brochure_p01.png	zenjpeg	444	85	model_proj	40.793	85.205	0.6321	CjpegliYcbcr	1.4
maps	nps_nps-bibe-2023-Wild-and-Scenic-Rivers-Brochure_p01.png	zenjpeg	444	90	identity_off	40.929	84.399	0.7073	CjpegliYcbcr	1.1
maps	nps_nps-bibe-2023-Wild-and-Scenic-Rivers-Brochure_p01.png	zenjpeg	444	90	identity_auto	40.989	84.840	0.7340	CjpegliYcbcr	1.1
maps	nps_nps-bibe-2023-Wild-and-Scenic-Rivers-Brochure_p01.png	zenjpeg	444	90	model_off	42.620	86.425	0.6934	CjpegliYcbcr	1.1
maps	nps_nps-bibe-2023-Wild-and-Scenic-Rivers-Brochure_p01.png	zenjpeg	444	90	model_auto	42.549	86.502	0.7158	CjpegliYcbcr	1.1
maps	nps_nps-bibe-2023-Wild-and-Scenic-Rivers-Brochure_p01.png	zenjpeg	444	90	model_policy	42.624	86.517	0.6936	CjpegliYcbcr	1.1
maps	nps_nps-bibe-2023-Wild-and-Scenic-Rivers-Brochure_p01.png	zenjpeg	444	90	model_proj	42.687	86.666	0.6838	CjpegliYcbcr	1.1
maps	nps_nps-bibe-2023-Wild-and-Scenic-Rivers-Brochure_p01.png	zenjpeg	444	93	identity_off	42.593	86.416	0.7054	CjpegliYcbcr	0.7
maps	nps_nps-bibe-2023-Wild-and-Scenic-Rivers-Brochure_p01.png	zenjpeg	444	93	identity_auto	42.655	86.879	0.7367	CjpegliYcbcr	0.7
maps	nps_nps-bibe-2023-Wild-and-Scenic-Rivers-Brochure_p01.png	zenjpeg	444	93	model_off	44.081	88.048	0.7006	CjpegliYcbcr	0.7
maps	nps_nps-bibe-2023-Wild-and-Scenic-Rivers-Brochure_p01.png	zenjpeg	444	93	model_auto	44.019	88.028	0.7257	CjpegliYcbcr	0.7
maps	nps_nps-bibe-2023-Wild-and-Scenic-Rivers-Brochure_p01.png	zenjpeg	444	93	model_policy	44.089	88.035	0.7008	CjpegliYcbcr	0.7
maps	nps_nps-bibe-2023-Wild-and-Scenic-Rivers-Brochure_p01.png	zenjpeg	444	93	model_proj	44.121	88.136	0.7010	CjpegliYcbcr	0.7
maps	nps_nps-bibe-2023-Wild-and-Scenic-Rivers-Brochure_p01.png	zenjpeg	444	96	identity_off	44.797	88.735	0.6491	CjpegliYcbcr	0.3
maps	nps_nps-bibe-2023-Wild-and-Scenic-Rivers-Brochure_p01.png	zenjpeg	444	96	identity_auto	44.797	88.735	0.6491	CjpegliYcbcr	0.3
maps	nps_nps-bibe-2023-Wild-and-Scenic-Rivers-Brochure_p01.png	zenjpeg	444	96	model_off	45.905	89.419	0.6531	CjpegliYcbcr	0.3
maps	nps_nps-bibe-2023-Wild-and-Scenic-Rivers-Brochure_p01.png	zenjpeg	444	96	model_auto	45.953	89.419	0.6472	CjpegliYcbcr	0.3
maps	nps_nps-bibe-2023-Wild-and-Scenic-Rivers-Brochure_p01.png	zenjpeg	444	96	model_policy	45.931	89.476	0.6544	CjpegliYcbcr	0.3
maps	nps_nps-bibe-2023-Wild-and-Scenic-Rivers-Brochure_p01.png	zenjpeg	444	96	model_proj	45.838	90.137	0.6662	CjpegliYcbcr	0.3
maps	nps_nps-bibe-2023-Wild-and-Scenic-Rivers-Brochure_p02.png	turbo	420	85	identity_off	44.425	85.007	0.7183	ImageMagick	85.0
maps	nps_nps-bibe-2023-Wild-and-Scenic-Rivers-Brochure_p02.png	turbo	420	85	identity_auto	44.313	85.052	0.7200	ImageMagick	85.0
maps	nps_nps-bibe-2023-Wild-and-Scenic-Rivers-Brochure_p02.png	turbo	420	85	model_off	45.086	85.819	0.6293	ImageMagick	85.0
maps	nps_nps-bibe-2023-Wild-and-Scenic-Rivers-Brochure_p02.png	turbo	420	85	model_auto	44.689	85.079	0.6721	ImageMagick	85.0
maps	nps_nps-bibe-2023-Wild-and-Scenic-Rivers-Brochure_p02.png	turbo	420	85	model_policy	45.095	85.713	0.6291	ImageMagick	85.0
maps	nps_nps-bibe-2023-Wild-and-Scenic-Rivers-Brochure_p02.png	turbo	420	85	model_proj	45.101	85.710	0.6285	ImageMagick	85.0
maps	nps_nps-bibe-2023-Wild-and-Scenic-Rivers-Brochure_p02.png	turbo	420	90	identity_off	46.204	87.976	0.5878	ImageMagick	90.0
maps	nps_nps-bibe-2023-Wild-and-Scenic-Rivers-Brochure_p02.png	turbo	420	90	identity_auto	46.102	88.120	0.5978	ImageMagick	90.0
maps	nps_nps-bibe-2023-Wild-and-Scenic-Rivers-Brochure_p02.png	turbo	420	90	model_off	46.796	88.405	0.5107	ImageMagick	90.0
maps	nps_nps-bibe-2023-Wild-and-Scenic-Rivers-Brochure_p02.png	turbo	420	90	model_auto	46.490	87.888	0.5418	ImageMagick	90.0
maps	nps_nps-bibe-2023-Wild-and-Scenic-Rivers-Brochure_p02.png	turbo	420	90	model_policy	46.822	88.485	0.5084	ImageMagick	90.0
maps	nps_nps-bibe-2023-Wild-and-Scenic-Rivers-Brochure_p02.png	turbo	420	90	model_proj	46.836	88.524	0.5068	ImageMagick	90.0
maps	nps_nps-bibe-2023-Wild-and-Scenic-Rivers-Brochure_p02.png	turbo	420	93	identity_off	47.702	89.474	0.4828	ImageMagick	93.0
maps	nps_nps-bibe-2023-Wild-and-Scenic-Rivers-Brochure_p02.png	turbo	420	93	identity_auto	47.516	89.428	0.4956	ImageMagick	93.0
maps	nps_nps-bibe-2023-Wild-and-Scenic-Rivers-Brochure_p02.png	turbo	420	93	model_off	48.120	89.710	0.4261	ImageMagick	93.0
maps	nps_nps-bibe-2023-Wild-and-Scenic-Rivers-Brochure_p02.png	turbo	420	93	model_auto	47.685	89.178	0.4626	ImageMagick	93.0
maps	nps_nps-bibe-2023-Wild-and-Scenic-Rivers-Brochure_p02.png	turbo	420	93	model_policy	48.141	89.731	0.4384	ImageMagick	93.0
maps	nps_nps-bibe-2023-Wild-and-Scenic-Rivers-Brochure_p02.png	turbo	420	93	model_proj	48.176	89.734	0.4359	ImageMagick	93.0
maps	nps_nps-bibe-2023-Wild-and-Scenic-Rivers-Brochure_p02.png	turbo	420	96	identity_off	49.838	91.313	0.3572	ImageMagick	96.0
maps	nps_nps-bibe-2023-Wild-and-Scenic-Rivers-Brochure_p02.png	turbo	420	96	identity_auto	49.838	91.313	0.3572	ImageMagick	96.0
maps	nps_nps-bibe-2023-Wild-and-Scenic-Rivers-Brochure_p02.png	turbo	420	96	model_off	49.843	90.893	0.3595	ImageMagick	96.0
maps	nps_nps-bibe-2023-Wild-and-Scenic-Rivers-Brochure_p02.png	turbo	420	96	model_auto	49.486	90.328	0.3967	ImageMagick	96.0
maps	nps_nps-bibe-2023-Wild-and-Scenic-Rivers-Brochure_p02.png	turbo	420	96	model_policy	49.829	90.849	0.4514	ImageMagick	96.0
maps	nps_nps-bibe-2023-Wild-and-Scenic-Rivers-Brochure_p02.png	turbo	420	96	model_proj	49.994	91.008	0.4434	ImageMagick	96.0
maps	nps_nps-bibe-2023-Wild-and-Scenic-Rivers-Brochure_p02.png	turbo	444	85	identity_off	45.043	86.290	0.7052	ImageMagick	85.0
maps	nps_nps-bibe-2023-Wild-and-Scenic-Rivers-Brochure_p02.png	turbo	444	85	identity_auto	44.938	86.307	0.7065	ImageMagick	85.0
maps	nps_nps-bibe-2023-Wild-and-Scenic-Rivers-Brochure_p02.png	turbo	444	85	model_off	45.705	87.033	0.6151	ImageMagick	85.0
maps	nps_nps-bibe-2023-Wild-and-Scenic-Rivers-Brochure_p02.png	turbo	444	85	model_auto	45.254	86.204	0.6572	ImageMagick	85.0
maps	nps_nps-bibe-2023-Wild-and-Scenic-Rivers-Brochure_p02.png	turbo	444	85	model_policy	45.716	86.906	0.6139	ImageMagick	85.0
maps	nps_nps-bibe-2023-Wild-and-Scenic-Rivers-Brochure_p02.png	turbo	444	85	model_proj	45.555	86.811	0.6281	ImageMagick	85.0
maps	nps_nps-bibe-2023-Wild-and-Scenic-Rivers-Brochure_p02.png	turbo	444	90	identity_off	46.943	89.189	0.5734	ImageMagick	90.0
maps	nps_nps-bibe-2023-Wild-and-Scenic-Rivers-Brochure_p02.png	turbo	444	90	identity_auto	46.824	89.156	0.5807	ImageMagick	90.0
maps	nps_nps-bibe-2023-Wild-and-Scenic-Rivers-Brochure_p02.png	turbo	444	90	model_off	47.470	89.523	0.4961	ImageMagick	90.0
maps	nps_nps-bibe-2023-Wild-and-Scenic-Rivers-Brochure_p02.png	turbo	444	90	model_auto	47.095	88.759	0.5271	ImageMagick	90.0
maps	nps_nps-bibe-2023-Wild-and-Scenic-Rivers-Brochure_p02.png	turbo	444	90	model_policy	47.498	89.410	0.4958	ImageMagick	90.0
maps	nps_nps-bibe-2023-Wild-and-Scenic-Rivers-Brochure_p02.png	turbo	444	90	model_proj	46.643	88.777	0.6056	ImageMagick	90.0
maps	nps_nps-bibe-2023-Wild-and-Scenic-Rivers-Brochure_p02.png	turbo	444	93	identity_off	48.675	90.569	0.4685	ImageMagick	93.0
maps	nps_nps-bibe-2023-Wild-and-Scenic-Rivers-Brochure_p02.png	turbo	444	93	identity_auto	48.437	90.485	0.4821	ImageMagick	93.0
maps	nps_nps-bibe-2023-Wild-and-Scenic-Rivers-Brochure_p02.png	turbo	444	93	model_off	48.978	90.537	0.4112	ImageMagick	93.0
maps	nps_nps-bibe-2023-Wild-and-Scenic-Rivers-Brochure_p02.png	turbo	444	93	model_auto	48.451	89.876	0.4516	ImageMagick	93.0
maps	nps_nps-bibe-2023-Wild-and-Scenic-Rivers-Brochure_p02.png	turbo	444	93	model_policy	48.999	90.462	0.4504	ImageMagick	93.0
maps	nps_nps-bibe-2023-Wild-and-Scenic-Rivers-Brochure_p02.png	turbo	444	93	model_proj	47.571	89.522	0.6856	ImageMagick	93.0
maps	nps_nps-bibe-2023-Wild-and-Scenic-Rivers-Brochure_p02.png	turbo	444	96	identity_off	51.515	91.944	0.3360	ImageMagick	96.0
maps	nps_nps-bibe-2023-Wild-and-Scenic-Rivers-Brochure_p02.png	turbo	444	96	identity_auto	51.515	91.944	0.3360	ImageMagick	96.0
maps	nps_nps-bibe-2023-Wild-and-Scenic-Rivers-Brochure_p02.png	turbo	444	96	model_off	50.953	91.059	0.3483	ImageMagick	96.0
maps	nps_nps-bibe-2023-Wild-and-Scenic-Rivers-Brochure_p02.png	turbo	444	96	model_auto	50.480	90.599	0.3912	ImageMagick	96.0
maps	nps_nps-bibe-2023-Wild-and-Scenic-Rivers-Brochure_p02.png	turbo	444	96	model_policy	50.924	91.077	0.4604	ImageMagick	96.0
maps	nps_nps-bibe-2023-Wild-and-Scenic-Rivers-Brochure_p02.png	turbo	444	96	model_proj	48.307	89.985	0.7845	ImageMagick	96.0
maps	nps_nps-bibe-2023-Wild-and-Scenic-Rivers-Brochure_p02.png	mozjpeg	420	85	identity_off	43.579	83.036	0.7861	Mozjpeg	85.0
maps	nps_nps-bibe-2023-Wild-and-Scenic-Rivers-Brochure_p02.png	mozjpeg	420	85	identity_auto	43.466	83.124	0.7909	Mozjpeg	85.0
maps	nps_nps-bibe-2023-Wild-and-Scenic-Rivers-Brochure_p02.png	mozjpeg	420	85	model_off	43.928	83.591	0.7424	Mozjpeg	85.0
maps	nps_nps-bibe-2023-Wild-and-Scenic-Rivers-Brochure_p02.png	mozjpeg	420	85	model_auto	43.536	82.701	0.7876	Mozjpeg	85.0
maps	nps_nps-bibe-2023-Wild-and-Scenic-Rivers-Brochure_p02.png	mozjpeg	420	85	model_policy	43.926	83.525	0.7492	Mozjpeg	85.0
maps	nps_nps-bibe-2023-Wild-and-Scenic-Rivers-Brochure_p02.png	mozjpeg	420	85	model_proj	43.928	83.676	0.7487	Mozjpeg	85.0
maps	nps_nps-bibe-2023-Wild-and-Scenic-Rivers-Brochure_p02.png	mozjpeg	420	90	identity_off	45.463	87.241	0.6238	Mozjpeg	90.0
maps	nps_nps-bibe-2023-Wild-and-Scenic-Rivers-Brochure_p02.png	mozjpeg	420	90	identity_auto	45.349	87.185	0.6368	Mozjpeg	90.0
maps	nps_nps-bibe-2023-Wild-and-Scenic-Rivers-Brochure_p02.png	mozjpeg	420	90	model_off	45.720	87.268	0.5911	Mozjpeg	90.0
maps	nps_nps-bibe-2023-Wild-and-Scenic-Rivers-Brochure_p02.png	mozjpeg	420	90	model_auto	45.337	86.461	0.6533	Mozjpeg	90.0
maps	nps_nps-bibe-2023-Wild-and-Scenic-Rivers-Brochure_p02.png	mozjpeg	420	90	model_policy	45.720	87.229	0.5926	Mozjpeg	90.0
maps	nps_nps-bibe-2023-Wild-and-Scenic-Rivers-Brochure_p02.png	mozjpeg	420	90	model_proj	45.725	87.222	0.5920	Mozjpeg	90.0
maps	nps_nps-bibe-2023-Wild-and-Scenic-Rivers-Brochure_p02.png	mozjpeg	420	93	identity_off	46.783	88.737	0.5315	Mozjpeg	93.0
maps	nps_nps-bibe-2023-Wild-and-Scenic-Rivers-Brochure_p02.png	mozjpeg	420	93	identity_auto	46.586	88.806	0.5500	Mozjpeg	93.0
maps	nps_nps-bibe-2023-Wild-and-Scenic-Rivers-Brochure_p02.png	mozjpeg	420	93	model_off	46.981	88.940	0.4955	Mozjpeg	93.0
maps	nps_nps-bibe-2023-Wild-and-Scenic-Rivers-Brochure_p02.png	mozjpeg	420	93	model_auto	46.478	87.903	0.5554	Mozjpeg	93.0
maps	nps_nps-bibe-2023-Wild-and-Scenic-Rivers-Brochure_p02.png	mozjpeg	420	93	model_policy	46.978	88.665	0.5023	Mozjpeg	93.0
maps	nps_nps-bibe-2023-Wild-and-Scenic-Rivers-Brochure_p02.png	mozjpeg	420	93	model_proj	46.989	88.778	0.5003	Mozjpeg	93.0
maps	nps_nps-bibe-2023-Wild-and-Scenic-Rivers-Brochure_p02.png	mozjpeg	420	96	identity_off	49.344	90.987	0.3768	Mozjpeg	96.0
maps	nps_nps-bibe-2023-Wild-and-Scenic-Rivers-Brochure_p02.png	mozjpeg	420	96	identity_auto	49.344	90.987	0.3768	Mozjpeg	96.0
maps	nps_nps-bibe-2023-Wild-and-Scenic-Rivers-Brochure_p02.png	mozjpeg	420	96	model_off	49.127	90.427	0.3759	Mozjpeg	96.0
maps	nps_nps-bibe-2023-Wild-and-Scenic-Rivers-Brochure_p02.png	mozjpeg	420	96	model_auto	48.649	89.622	0.4410	Mozjpeg	96.0
maps	nps_nps-bibe-2023-Wild-and-Scenic-Rivers-Brochure_p02.png	mozjpeg	420	96	model_policy	49.109	90.408	0.4452	Mozjpeg	96.0
maps	nps_nps-bibe-2023-Wild-and-Scenic-Rivers-Brochure_p02.png	mozjpeg	420	96	model_proj	49.178	90.497	0.4403	Mozjpeg	96.0
maps	nps_nps-bibe-2023-Wild-and-Scenic-Rivers-Brochure_p02.png	mozjpeg	444	85	identity_off	44.039	84.267	0.7751	Mozjpeg	85.0
maps	nps_nps-bibe-2023-Wild-and-Scenic-Rivers-Brochure_p02.png	mozjpeg	444	85	identity_auto	43.925	84.218	0.7803	Mozjpeg	85.0
maps	nps_nps-bibe-2023-Wild-and-Scenic-Rivers-Brochure_p02.png	mozjpeg	444	85	model_off	44.315	84.642	0.7302	Mozjpeg	85.0
maps	nps_nps-bibe-2023-Wild-and-Scenic-Rivers-Brochure_p02.png	mozjpeg	444	85	model_auto	43.903	83.658	0.7761	Mozjpeg	85.0
maps	nps_nps-bibe-2023-Wild-and-Scenic-Rivers-Brochure_p02.png	mozjpeg	444	85	model_policy	44.311	84.605	0.7358	Mozjpeg	85.0
maps	nps_nps-bibe-2023-Wild-and-Scenic-Rivers-Brochure_p02.png	mozjpeg	444	85	model_proj	44.274	84.663	0.7381	Mozjpeg	85.0
maps	nps_nps-bibe-2023-Wild-and-Scenic-Rivers-Brochure_p02.png	mozjpeg	444	90	identity_off	45.938	88.188	0.6153	Mozjpeg	90.0
maps	nps_nps-bibe-2023-Wild-and-Scenic-Rivers-Brochure_p02.png	mozjpeg	444	90	identity_auto	45.801	88.083	0.6280	Mozjpeg	90.0
maps	nps_nps-bibe-2023-Wild-and-Scenic-Rivers-Brochure_p02.png	mozjpeg	444	90	model_off	46.097	87.927	0.5820	Mozjpeg	90.0
maps	nps_nps-bibe-2023-Wild-and-Scenic-Rivers-Brochure_p02.png	mozjpeg	444	90	model_auto	45.679	87.045	0.6395	Mozjpeg	90.0
maps	nps_nps-bibe-2023-Wild-and-Scenic-Rivers-Brochure_p02.png	mozjpeg	444	90	model_policy	46.099	87.854	0.5851	Mozjpeg	90.0
maps	nps_nps-bibe-2023-Wild-and-Scenic-Rivers-Brochure_p02.png	mozjpeg	444	90	model_proj	45.661	87.392	0.6250	Mozjpeg	90.0
maps	nps_nps-bibe-2023-Wild-and-Scenic-Rivers-Brochure_p02.png	mozjpeg	444	93	identity_off	47.494	89.625	0.5218	Mozjpeg	93.0
maps	nps_nps-bibe-2023-Wild-and-Scenic-Rivers-Brochure_p02.png	mozjpeg	444	93	identity_auto	47.256	89.508	0.5408	Mozjpeg	93.0
maps	nps_nps-bibe-2023-Wild-and-Scenic-Rivers-Brochure_p02.png	mozjpeg	444	93	model_off	47.493	89.318	0.4888	Mozjpeg	93.0
maps	nps_nps-bibe-2023-Wild-and-Scenic-Rivers-Brochure_p02.png	mozjpeg	444	93	model_auto	46.936	88.388	0.5485	Mozjpeg	93.0
maps	nps_nps-bibe-2023-Wild-and-Scenic-Rivers-Brochure_p02.png	mozjpeg	444	93	model_policy	47.489	89.231	0.5011	Mozjpeg	93.0
maps	nps_nps-bibe-2023-Wild-and-Scenic-Rivers-Brochure_p02.png	mozjpeg	444	93	model_proj	46.711	88.575	0.5980	Mozjpeg	93.0
maps	nps_nps-bibe-2023-Wild-and-Scenic-Rivers-Brochure_p02.png	mozjpeg	444	96	identity_off	50.261	91.255	0.3682	Mozjpeg	96.0
maps	nps_nps-bibe-2023-Wild-and-Scenic-Rivers-Brochure_p02.png	mozjpeg	444	96	identity_auto	50.261	91.255	0.3682	Mozjpeg	96.0
maps	nps_nps-bibe-2023-Wild-and-Scenic-Rivers-Brochure_p02.png	mozjpeg	444	96	model_off	49.656	90.581	0.3788	Mozjpeg	96.0
maps	nps_nps-bibe-2023-Wild-and-Scenic-Rivers-Brochure_p02.png	mozjpeg	444	96	model_auto	49.118	89.824	0.4433	Mozjpeg	96.0
maps	nps_nps-bibe-2023-Wild-and-Scenic-Rivers-Brochure_p02.png	mozjpeg	444	96	model_policy	49.623	90.530	0.4770	Mozjpeg	96.0
maps	nps_nps-bibe-2023-Wild-and-Scenic-Rivers-Brochure_p02.png	mozjpeg	444	96	model_proj	47.788	89.477	0.7679	Mozjpeg	96.0
maps	nps_nps-bibe-2023-Wild-and-Scenic-Rivers-Brochure_p02.png	jpegli	420	85	identity_off	44.271	83.375	0.7808	CjpegliYcbcr	1.8
maps	nps_nps-bibe-2023-Wild-and-Scenic-Rivers-Brochure_p02.png	jpegli	420	85	identity_auto	44.364	83.954	0.7552	CjpegliYcbcr	1.8
maps	nps_nps-bibe-2023-Wild-and-Scenic-Rivers-Brochure_p02.png	jpegli	420	85	model_off	44.668	84.174	0.7173	CjpegliYcbcr	1.8
maps	nps_nps-bibe-2023-Wild-and-Scenic-Rivers-Brochure_p02.png	jpegli	420	85	model_auto	44.411	83.635	0.7355	CjpegliYcbcr	1.8
maps	nps_nps-bibe-2023-Wild-and-Scenic-Rivers-Brochure_p02.png	jpegli	420	85	model_policy	44.660	83.922	0.7216	CjpegliYcbcr	1.8
maps	nps_nps-bibe-2023-Wild-and-Scenic-Rivers-Brochure_p02.png	jpegli	420	85	model_proj	44.662	84.019	0.7204	CjpegliYcbcr	1.8
maps	nps_nps-bibe-2023-Wild-and-Scenic-Rivers-Brochure_p02.png	jpegli	420	90	identity_off	46.102	87.141	0.6264	CjpegliYcbcr	1.3
maps	nps_nps-bibe-2023-Wild-and-Scenic-Rivers-Brochure_p02.png	jpegli	420	90	identity_auto	46.030	87.417	0.6314	CjpegliYcbcr	1.3
maps	nps_nps-bibe-2023-Wild-and-Scenic-Rivers-Brochure_p02.png	jpegli	420	90	model_off	46.450	87.567	0.5736	CjpegliYcbcr	1.3
maps	nps_nps-bibe-2023-Wild-and-Scenic-Rivers-Brochure_p02.png	jpegli	420	90	model_auto	46.105	87.235	0.6101	CjpegliYcbcr	1.3
maps	nps_nps-bibe-2023-Wild-and-Scenic-Rivers-Brochure_p02.png	jpegli	420	90	model_policy	46.451	87.489	0.5851	CjpegliYcbcr	1.3
maps	nps_nps-bibe-2023-Wild-and-Scenic-Rivers-Brochure_p02.png	jpegli	420	90	model_proj	46.453	87.513	0.5834	CjpegliYcbcr	1.3
maps	nps_nps-bibe-2023-Wild-and-Scenic-Rivers-Brochure_p02.png	jpegli	420	93	identity_off	47.687	89.215	0.5118	CjpegliYcbcr	1.0
maps	nps_nps-bibe-2023-Wild-and-Scenic-Rivers-Brochure_p02.png	jpegli	420	93	identity_auto	47.498	89.071	0.5225	CjpegliYcbcr	1.0
maps	nps_nps-bibe-2023-Wild-and-Scenic-Rivers-Brochure_p02.png	jpegli	420	93	model_off	47.924	89.153	0.4650	CjpegliYcbcr	1.0
maps	nps_nps-bibe-2023-Wild-and-Scenic-Rivers-Brochure_p02.png	jpegli	420	93	model_auto	47.403	88.440	0.5360	CjpegliYcbcr	1.0
maps	nps_nps-bibe-2023-Wild-and-Scenic-Rivers-Brochure_p02.png	jpegli	420	93	model_policy	47.927	89.158	0.4674	CjpegliYcbcr	1.0
maps	nps_nps-bibe-2023-Wild-and-Scenic-Rivers-Brochure_p02.png	jpegli	420	93	model_proj	47.936	89.230	0.4656	CjpegliYcbcr	1.0
maps	nps_nps-bibe-2023-Wild-and-Scenic-Rivers-Brochure_p02.png	jpegli	420	96	identity_off	49.742	90.662	0.3823	CjpegliYcbcr	0.5
maps	nps_nps-bibe-2023-Wild-and-Scenic-Rivers-Brochure_p02.png	jpegli	420	96	identity_auto	49.742	90.662	0.3823	CjpegliYcbcr	0.5
maps	nps_nps-bibe-2023-Wild-and-Scenic-Rivers-Brochure_p02.png	jpegli	420	96	model_off	49.705	90.377	0.3737	CjpegliYcbcr	0.5
maps	nps_nps-bibe-2023-Wild-and-Scenic-Rivers-Brochure_p02.png	jpegli	420	96	model_auto	49.228	89.775	0.4425	CjpegliYcbcr	0.5
maps	nps_nps-bibe-2023-Wild-and-Scenic-Rivers-Brochure_p02.png	jpegli	420	96	model_policy	49.678	90.439	0.4204	CjpegliYcbcr	0.5
maps	nps_nps-bibe-2023-Wild-and-Scenic-Rivers-Brochure_p02.png	jpegli	420	96	model_proj	49.732	90.485	0.4207	CjpegliYcbcr	0.5
maps	nps_nps-bibe-2023-Wild-and-Scenic-Rivers-Brochure_p02.png	jpegli	444	85	identity_off	44.991	85.620	0.6889	CjpegliYcbcr	1.4
maps	nps_nps-bibe-2023-Wild-and-Scenic-Rivers-Brochure_p02.png	jpegli	444	85	identity_auto	45.011	86.002	0.6913	CjpegliYcbcr	1.4
maps	nps_nps-bibe-2023-Wild-and-Scenic-Rivers-Brochure_p02.png	jpegli	444	85	model_off	45.461	85.969	0.6307	CjpegliYcbcr	1.4
maps	nps_nps-bibe-2023-Wild-and-Scenic-Rivers-Brochure_p02.png	jpegli	444	85	model_auto	45.172	85.668	0.6701	CjpegliYcbcr	1.4
maps	nps_nps-bibe-2023-Wild-and-Scenic-Rivers-Brochure_p02.png	jpegli	444	85	model_policy	45.452	85.975	0.6486	CjpegliYcbcr	1.4
maps	nps_nps-bibe-2023-Wild-and-Scenic-Rivers-Brochure_p02.png	jpegli	444	85	model_proj	45.475	86.089	0.6433	CjpegliYcbcr	1.4
maps	nps_nps-bibe-2023-Wild-and-Scenic-Rivers-Brochure_p02.png	jpegli	444	90	identity_off	46.744	87.564	0.5510	CjpegliYcbcr	1.1
maps	nps_nps-bibe-2023-Wild-and-Scenic-Rivers-Brochure_p02.png	jpegli	444	90	identity_auto	46.679	87.841	0.5737	CjpegliYcbcr	1.1
maps	nps_nps-bibe-2023-Wild-and-Scenic-Rivers-Brochure_p02.png	jpegli	444	90	model_off	47.135	87.944	0.5144	CjpegliYcbcr	1.1
maps	nps_nps-bibe-2023-Wild-and-Scenic-Rivers-Brochure_p02.png	jpegli	444	90	model_auto	46.737	87.519	0.5721	CjpegliYcbcr	1.1
maps	nps_nps-bibe-2023-Wild-and-Scenic-Rivers-Brochure_p02.png	jpegli	444	90	model_policy	47.129	87.906	0.5216	CjpegliYcbcr	1.1
maps	nps_nps-bibe-2023-Wild-and-Scenic-Rivers-Brochure_p02.png	jpegli	444	90	model_proj	47.179	88.019	0.5186	CjpegliYcbcr	1.1
maps	nps_nps-bibe-2023-Wild-and-Scenic-Rivers-Brochure_p02.png	jpegli	444	93	identity_off	48.198	88.783	0.4653	CjpegliYcbcr	0.7
maps	nps_nps-bibe-2023-Wild-and-Scenic-Rivers-Brochure_p02.png	jpegli	444	93	identity_auto	48.050	88.737	0.5035	CjpegliYcbcr	0.7
maps	nps_nps-bibe-2023-Wild-and-Scenic-Rivers-Brochure_p02.png	jpegli	444	93	model_off	48.450	88.696	0.4423	CjpegliYcbcr	0.7
maps	nps_nps-bibe-2023-Wild-and-Scenic-Rivers-Brochure_p02.png	jpegli	444	93	model_auto	47.902	88.063	0.5200	CjpegliYcbcr	0.7
maps	nps_nps-bibe-2023-Wild-and-Scenic-Rivers-Brochure_p02.png	jpegli	444	93	model_policy	48.442	88.823	0.4873	CjpegliYcbcr	0.7
maps	nps_nps-bibe-2023-Wild-and-Scenic-Rivers-Brochure_p02.png	jpegli	444	93	model_proj	48.475	89.101	0.4764	CjpegliYcbcr	0.7
maps	nps_nps-bibe-2023-Wild-and-Scenic-Rivers-Brochure_p02.png	jpegli	444	96	identity_off	50.633	91.135	0.3280	CjpegliYcbcr	0.3
maps	nps_nps-bibe-2023-Wild-and-Scenic-Rivers-Brochure_p02.png	jpegli	444	96	identity_auto	50.633	91.135	0.3280	CjpegliYcbcr	0.3
maps	nps_nps-bibe-2023-Wild-and-Scenic-Rivers-Brochure_p02.png	jpegli	444	96	model_off	50.392	90.723	0.3550	CjpegliYcbcr	0.3
maps	nps_nps-bibe-2023-Wild-and-Scenic-Rivers-Brochure_p02.png	jpegli	444	96	model_auto	49.834	90.126	0.4451	CjpegliYcbcr	0.3
maps	nps_nps-bibe-2023-Wild-and-Scenic-Rivers-Brochure_p02.png	jpegli	444	96	model_policy	50.360	90.638	0.4364	CjpegliYcbcr	0.3
maps	nps_nps-bibe-2023-Wild-and-Scenic-Rivers-Brochure_p02.png	jpegli	444	96	model_proj	49.345	90.611	0.4510	CjpegliYcbcr	0.3
maps	nps_nps-bibe-2023-Wild-and-Scenic-Rivers-Brochure_p02.png	zenjpeg	420	85	identity_off	44.264	83.547	0.7769	CjpegliYcbcr	1.8
maps	nps_nps-bibe-2023-Wild-and-Scenic-Rivers-Brochure_p02.png	zenjpeg	420	85	identity_auto	44.343	84.025	0.7560	CjpegliYcbcr	1.8
maps	nps_nps-bibe-2023-Wild-and-Scenic-Rivers-Brochure_p02.png	zenjpeg	420	85	model_off	44.643	84.151	0.7149	CjpegliYcbcr	1.8
maps	nps_nps-bibe-2023-Wild-and-Scenic-Rivers-Brochure_p02.png	zenjpeg	420	85	model_auto	44.377	83.590	0.7348	CjpegliYcbcr	1.8
maps	nps_nps-bibe-2023-Wild-and-Scenic-Rivers-Brochure_p02.png	zenjpeg	420	85	model_policy	44.634	84.085	0.7276	CjpegliYcbcr	1.8
maps	nps_nps-bibe-2023-Wild-and-Scenic-Rivers-Brochure_p02.png	zenjpeg	420	85	model_proj	44.636	84.113	0.7271	CjpegliYcbcr	1.8
maps	nps_nps-bibe-2023-Wild-and-Scenic-Rivers-Brochure_p02.png	zenjpeg	420	90	identity_off	46.099	87.326	0.6201	CjpegliYcbcr	1.3
maps	nps_nps-bibe-2023-Wild-and-Scenic-Rivers-Brochure_p02.png	zenjpeg	420	90	identity_auto	46.017	87.482	0.6284	CjpegliYcbcr	1.3
maps	nps_nps-bibe-2023-Wild-and-Scenic-Rivers-Brochure_p02.png	zenjpeg	420	90	model_off	46.451	87.597	0.5690	CjpegliYcbcr	1.3
maps	nps_nps-bibe-2023-Wild-and-Scenic-Rivers-Brochure_p02.png	zenjpeg	420	90	model_auto	46.091	87.159	0.6078	CjpegliYcbcr	1.3
maps	nps_nps-bibe-2023-Wild-and-Scenic-Rivers-Brochure_p02.png	zenjpeg	420	90	model_policy	46.449	87.488	0.6004	CjpegliYcbcr	1.3
maps	nps_nps-bibe-2023-Wild-and-Scenic-Rivers-Brochure_p02.png	zenjpeg	420	90	model_proj	46.451	87.499	0.5999	CjpegliYcbcr	1.3
maps	nps_nps-bibe-2023-Wild-and-Scenic-Rivers-Brochure_p02.png	zenjpeg	420	93	identity_off	47.690	89.132	0.5026	CjpegliYcbcr	1.0
maps	nps_nps-bibe-2023-Wild-and-Scenic-Rivers-Brochure_p02.png	zenjpeg	420	93	identity_auto	47.489	89.242	0.5203	CjpegliYcbcr	1.0
maps	nps_nps-bibe-2023-Wild-and-Scenic-Rivers-Brochure_p02.png	zenjpeg	420	93	model_off	47.932	89.290	0.4707	CjpegliYcbcr	1.0
maps	nps_nps-bibe-2023-Wild-and-Scenic-Rivers-Brochure_p02.png	zenjpeg	420	93	model_auto	47.402	88.513	0.5377	CjpegliYcbcr	1.0
maps	nps_nps-bibe-2023-Wild-and-Scenic-Rivers-Brochure_p02.png	zenjpeg	420	93	model_policy	47.931	89.142	0.4744	CjpegliYcbcr	1.0
maps	nps_nps-bibe-2023-Wild-and-Scenic-Rivers-Brochure_p02.png	zenjpeg	420	93	model_proj	47.939	89.213	0.4739	CjpegliYcbcr	1.0
maps	nps_nps-bibe-2023-Wild-and-Scenic-Rivers-Brochure_p02.png	zenjpeg	420	96	identity_off	49.989	90.979	0.3641	CjpegliYcbcr	0.5
maps	nps_nps-bibe-2023-Wild-and-Scenic-Rivers-Brochure_p02.png	zenjpeg	420	96	identity_auto	49.989	90.979	0.3641	CjpegliYcbcr	0.5
maps	nps_nps-bibe-2023-Wild-and-Scenic-Rivers-Brochure_p02.png	zenjpeg	420	96	model_off	49.824	90.629	0.3600	CjpegliYcbcr	0.5
maps	nps_nps-bibe-2023-Wild-and-Scenic-Rivers-Brochure_p02.png	zenjpeg	420	96	model_auto	49.325	89.839	0.4421	CjpegliYcbcr	0.5
maps	nps_nps-bibe-2023-Wild-and-Scenic-Rivers-Brochure_p02.png	zenjpeg	420	96	model_policy	49.797	90.542	0.3886	CjpegliYcbcr	0.5
maps	nps_nps-bibe-2023-Wild-and-Scenic-Rivers-Brochure_p02.png	zenjpeg	420	96	model_proj	49.829	90.610	0.3857	CjpegliYcbcr	0.5
maps	nps_nps-bibe-2023-Wild-and-Scenic-Rivers-Brochure_p02.png	zenjpeg	444	85	identity_off	45.035	85.812	0.6847	CjpegliYcbcr	1.4
maps	nps_nps-bibe-2023-Wild-and-Scenic-Rivers-Brochure_p02.png	zenjpeg	444	85	identity_auto	45.051	86.058	0.6893	CjpegliYcbcr	1.4
maps	nps_nps-bibe-2023-Wild-and-Scenic-Rivers-Brochure_p02.png	zenjpeg	444	85	model_off	45.488	86.202	0.6328	CjpegliYcbcr	1.4
maps	nps_nps-bibe-2023-Wild-and-Scenic-Rivers-Brochure_p02.png	zenjpeg	444	85	model_auto	45.185	85.673	0.6882	CjpegliYcbcr	1.4
maps	nps_nps-bibe-2023-Wild-and-Scenic-Rivers-Brochure_p02.png	zenjpeg	444	85	model_policy	45.483	86.022	0.6525	CjpegliYcbcr	1.4
maps	nps_nps-bibe-2023-Wild-and-Scenic-Rivers-Brochure_p02.png	zenjpeg	444	85	model_proj	45.501	86.256	0.6449	CjpegliYcbcr	1.4
maps	nps_nps-bibe-2023-Wild-and-Scenic-Rivers-Brochure_p02.png	zenjpeg	444	90	identity_off	46.774	87.762	0.5552	CjpegliYcbcr	1.1
maps	nps_nps-bibe-2023-Wild-and-Scenic-Rivers-Brochure_p02.png	zenjpeg	444	90	identity_auto	46.702	87.851	0.5787	CjpegliYcbcr	1.1
maps	nps_nps-bibe-2023-Wild-and-Scenic-Rivers-Brochure_p02.png	zenjpeg	444	90	model_off	47.168	88.214	0.5217	CjpegliYcbcr	1.1
maps	nps_nps-bibe-2023-Wild-and-Scenic-Rivers-Brochure_p02.png	zenjpeg	444	90	model_auto	46.765	87.573	0.5698	CjpegliYcbcr	1.1
maps	nps_nps-bibe-2023-Wild-and-Scenic-Rivers-Brochure_p02.png	zenjpeg	444	90	model_policy	47.161	88.195	0.5264	CjpegliYcbcr	1.1
maps	nps_nps-bibe-2023-Wild-and-Scenic-Rivers-Brochure_p02.png	zenjpeg	444	90	model_proj	47.143	88.270	0.5296	CjpegliYcbcr	1.1
maps	nps_nps-bibe-2023-Wild-and-Scenic-Rivers-Brochure_p02.png	zenjpeg	444	93	identity_off	48.322	89.462	0.4445	CjpegliYcbcr	0.7
maps	nps_nps-bibe-2023-Wild-and-Scenic-Rivers-Brochure_p02.png	zenjpeg	444	93	identity_auto	48.126	89.508	0.4825	CjpegliYcbcr	0.7
maps	nps_nps-bibe-2023-Wild-and-Scenic-Rivers-Brochure_p02.png	zenjpeg	444	93	model_off	48.592	89.545	0.4223	CjpegliYcbcr	0.7
maps	nps_nps-bibe-2023-Wild-and-Scenic-Rivers-Brochure_p02.png	zenjpeg	444	93	model_auto	48.011	88.907	0.4992	CjpegliYcbcr	0.7
maps	nps_nps-bibe-2023-Wild-and-Scenic-Rivers-Brochure_p02.png	zenjpeg	444	93	model_policy	48.589	89.538	0.4685	CjpegliYcbcr	0.7
maps	nps_nps-bibe-2023-Wild-and-Scenic-Rivers-Brochure_p02.png	zenjpeg	444	93	model_proj	48.440	89.494	0.4737	CjpegliYcbcr	0.7
maps	nps_nps-bibe-2023-Wild-and-Scenic-Rivers-Brochure_p02.png	zenjpeg	444	96	identity_off	50.757	91.238	0.3262	CjpegliYcbcr	0.3
maps	nps_nps-bibe-2023-Wild-and-Scenic-Rivers-Brochure_p02.png	zenjpeg	444	96	identity_auto	50.757	91.238	0.3262	CjpegliYcbcr	0.3
maps	nps_nps-bibe-2023-Wild-and-Scenic-Rivers-Brochure_p02.png	zenjpeg	444	96	model_off	50.360	90.558	0.3593	CjpegliYcbcr	0.3
maps	nps_nps-bibe-2023-Wild-and-Scenic-Rivers-Brochure_p02.png	zenjpeg	444	96	model_auto	49.778	89.984	0.4481	CjpegliYcbcr	0.3
maps	nps_nps-bibe-2023-Wild-and-Scenic-Rivers-Brochure_p02.png	zenjpeg	444	96	model_policy	50.327	90.695	0.4526	CjpegliYcbcr	0.3
maps	nps_nps-bibe-2023-Wild-and-Scenic-Rivers-Brochure_p02.png	zenjpeg	444	96	model_proj	49.046	90.187	0.6100	CjpegliYcbcr	0.3
maps	nps_nps-biho-FINAL-VERSION_BIHO-unigrid_Side-1_X3_compressed-for-web-6_p01.png	turbo	420	85	identity_off	41.103	85.675	0.7626	ImageMagick	85.0
maps	nps_nps-biho-FINAL-VERSION_BIHO-unigrid_Side-1_X3_compressed-for-web-6_p01.png	turbo	420	85	identity_auto	41.123	85.392	0.7723	ImageMagick	85.0
maps	nps_nps-biho-FINAL-VERSION_BIHO-unigrid_Side-1_X3_compressed-for-web-6_p01.png	turbo	420	85	model_off	42.625	86.837	0.7447	ImageMagick	85.0
maps	nps_nps-biho-FINAL-VERSION_BIHO-unigrid_Side-1_X3_compressed-for-web-6_p01.png	turbo	420	85	model_auto	42.488	86.009	0.7607	ImageMagick	85.0
maps	nps_nps-biho-FINAL-VERSION_BIHO-unigrid_Side-1_X3_compressed-for-web-6_p01.png	turbo	420	85	model_policy	42.650	86.863	0.7387	ImageMagick	85.0
maps	nps_nps-biho-FINAL-VERSION_BIHO-unigrid_Side-1_X3_compressed-for-web-6_p01.png	turbo	420	85	model_proj	42.728	87.063	0.7342	ImageMagick	85.0
maps	nps_nps-biho-FINAL-VERSION_BIHO-unigrid_Side-1_X3_compressed-for-web-6_p01.png	turbo	420	90	identity_off	42.277	88.219	0.6993	ImageMagick	90.0
maps	nps_nps-biho-FINAL-VERSION_BIHO-unigrid_Side-1_X3_compressed-for-web-6_p01.png	turbo	420	90	identity_auto	42.267	88.257	0.7081	ImageMagick	90.0
maps	nps_nps-biho-FINAL-VERSION_BIHO-unigrid_Side-1_X3_compressed-for-web-6_p01.png	turbo	420	90	model_off	43.616	88.660	0.6961	ImageMagick	90.0
maps	nps_nps-biho-FINAL-VERSION_BIHO-unigrid_Side-1_X3_compressed-for-web-6_p01.png	turbo	420	90	model_auto	43.514	88.326	0.7018	ImageMagick	90.0
maps	nps_nps-biho-FINAL-VERSION_BIHO-unigrid_Side-1_X3_compressed-for-web-6_p01.png	turbo	420	90	model_policy	43.644	88.513	0.6935	ImageMagick	90.0
maps	nps_nps-biho-FINAL-VERSION_BIHO-unigrid_Side-1_X3_compressed-for-web-6_p01.png	turbo	420	90	model_proj	43.758	88.736	0.6881	ImageMagick	90.0
maps	nps_nps-biho-FINAL-VERSION_BIHO-unigrid_Side-1_X3_compressed-for-web-6_p01.png	turbo	420	93	identity_off	43.124	89.756	0.6868	ImageMagick	93.0
maps	nps_nps-biho-FINAL-VERSION_BIHO-unigrid_Side-1_X3_compressed-for-web-6_p01.png	turbo	420	93	identity_auto	43.088	89.615	0.6922	ImageMagick	93.0
maps	nps_nps-biho-FINAL-VERSION_BIHO-unigrid_Side-1_X3_compressed-for-web-6_p01.png	turbo	420	93	model_off	44.371	89.843	0.6872	ImageMagick	93.0
maps	nps_nps-biho-FINAL-VERSION_BIHO-unigrid_Side-1_X3_compressed-for-web-6_p01.png	turbo	420	93	model_auto	44.212	89.493	0.6913	ImageMagick	93.0
maps	nps_nps-biho-FINAL-VERSION_BIHO-unigrid_Side-1_X3_compressed-for-web-6_p01.png	turbo	420	93	model_policy	44.434	89.895	0.6831	ImageMagick	93.0
maps	nps_nps-biho-FINAL-VERSION_BIHO-unigrid_Side-1_X3_compressed-for-web-6_p01.png	turbo	420	93	model_proj	44.541	90.008	0.6787	ImageMagick	93.0
maps	nps_nps-biho-FINAL-VERSION_BIHO-unigrid_Side-1_X3_compressed-for-web-6_p01.png	turbo	420	96	identity_off	44.231	91.325	0.6601	ImageMagick	96.0
maps	nps_nps-biho-FINAL-VERSION_BIHO-unigrid_Side-1_X3_compressed-for-web-6_p01.png	turbo	420	96	identity_auto	44.231	91.325	0.6601	ImageMagick	96.0
maps	nps_nps-biho-FINAL-VERSION_BIHO-unigrid_Side-1_X3_compressed-for-web-6_p01.png	turbo	420	96	model_off	45.511	91.046	0.6789	ImageMagick	96.0
maps	nps_nps-biho-FINAL-VERSION_BIHO-unigrid_Side-1_X3_compressed-for-web-6_p01.png	turbo	420	96	model_auto	45.489	90.855	0.6772	ImageMagick	96.0
maps	nps_nps-biho-FINAL-VERSION_BIHO-unigrid_Side-1_X3_compressed-for-web-6_p01.png	turbo	420	96	model_policy	45.557	90.981	0.6747	ImageMagick	96.0
maps	nps_nps-biho-FINAL-VERSION_BIHO-unigrid_Side-1_X3_compressed-for-web-6_p01.png	turbo	420	96	model_proj	45.708	91.449	0.6692	ImageMagick	96.0
maps	nps_nps-biho-FINAL-VERSION_BIHO-unigrid_Side-1_X3_compressed-for-web-6_p01.png	turbo	444	85	identity_off	42.640	86.979	0.7498	ImageMagick	85.0
maps	nps_nps-biho-FINAL-VERSION_BIHO-unigrid_Side-1_X3_compressed-for-web-6_p01.png	turbo	444	85	identity_auto	42.795	86.884	0.7555	ImageMagick	85.0
maps	nps_nps-biho-FINAL-VERSION_BIHO-unigrid_Side-1_X3_compressed-for-web-6_p01.png	turbo	444	85	model_off	44.032	87.977	0.7211	ImageMagick	85.0
maps	nps_nps-biho-FINAL-VERSION_BIHO-unigrid_Side-1_X3_compressed-for-web-6_p01.png	turbo	444	85	model_auto	43.837	87.299	0.7308	ImageMagick	85.0
maps	nps_nps-biho-FINAL-VERSION_BIHO-unigrid_Side-1_X3_compressed-for-web-6_p01.png	turbo	444	85	model_policy	44.061	87.998	0.7192	ImageMagick	85.0
maps	nps_nps-biho-FINAL-VERSION_BIHO-unigrid_Side-1_X3_compressed-for-web-6_p01.png	turbo	444	85	model_proj	44.207	88.227	0.6900	ImageMagick	85.0
maps	nps_nps-biho-FINAL-VERSION_BIHO-unigrid_Side-1_X3_compressed-for-web-6_p01.png	turbo	444	90	identity_off	44.286	89.307	0.6923	ImageMagick	90.0
maps	nps_nps-biho-FINAL-VERSION_BIHO-unigrid_Side-1_X3_compressed-for-web-6_p01.png	turbo	444	90	identity_auto	44.336	89.365	0.6985	ImageMagick	90.0
maps	nps_nps-biho-FINAL-VERSION_BIHO-unigrid_Side-1_X3_compressed-for-web-6_p01.png	turbo	444	90	model_off	45.296	89.665	0.6926	ImageMagick	90.0
maps	nps_nps-biho-FINAL-VERSION_BIHO-unigrid_Side-1_X3_compressed-for-web-6_p01.png	turbo	444	90	model_auto	45.166	89.418	0.6997	ImageMagick	90.0
maps	nps_nps-biho-FINAL-VERSION_BIHO-unigrid_Side-1_X3_compressed-for-web-6_p01.png	turbo	444	90	model_policy	45.347	89.714	0.6889	ImageMagick	90.0
maps	nps_nps-biho-FINAL-VERSION_BIHO-unigrid_Side-1_X3_compressed-for-web-6_p01.png	turbo	444	90	model_proj	45.553	90.107	0.9446	ImageMagick	90.0
maps	nps_nps-biho-FINAL-VERSION_BIHO-unigrid_Side-1_X3_compressed-for-web-6_p01.png	turbo	444	93	identity_off	45.624	90.462	0.6741	ImageMagick	93.0
maps	nps_nps-biho-FINAL-VERSION_BIHO-unigrid_Side-1_X3_compressed-for-web-6_p01.png	turbo	444	93	identity_auto	45.644	90.412	0.6795	ImageMagick	93.0
maps	nps_nps-biho-FINAL-VERSION_BIHO-unigrid_Side-1_X3_compressed-for-web-6_p01.png	turbo	444	93	model_off	46.317	90.466	0.6799	ImageMagick	93.0
maps	nps_nps-biho-FINAL-VERSION_BIHO-unigrid_Side-1_X3_compressed-for-web-6_p01.png	turbo	444	93	model_auto	46.251	90.309	0.6848	ImageMagick	93.0
maps	nps_nps-biho-FINAL-VERSION_BIHO-unigrid_Side-1_X3_compressed-for-web-6_p01.png	turbo	444	93	model_policy	46.384	90.671	0.6754	ImageMagick	93.0
maps	nps_nps-biho-FINAL-VERSION_BIHO-unigrid_Side-1_X3_compressed-for-web-6_p01.png	turbo	444	93	model_proj	46.479	90.935	0.9171	ImageMagick	93.0
maps	nps_nps-biho-FINAL-VERSION_BIHO-unigrid_Side-1_X3_compressed-for-web-6_p01.png	turbo	444	96	identity_off	47.737	91.785	0.6617	ImageMagick	96.0
maps	nps_nps-biho-FINAL-VERSION_BIHO-unigrid_Side-1_X3_compressed-for-web-6_p01.png	turbo	444	96	identity_auto	47.737	91.785	0.6617	ImageMagick	96.0
maps	nps_nps-biho-FINAL-VERSION_BIHO-unigrid_Side-1_X3_compressed-for-web-6_p01.png	turbo	444	96	model_off	47.974	91.529	0.6715	ImageMagick	96.0
maps	nps_nps-biho-FINAL-VERSION_BIHO-unigrid_Side-1_X3_compressed-for-web-6_p01.png	turbo	444	96	model_auto	47.926	91.110	0.6785	ImageMagick	96.0
maps	nps_nps-biho-FINAL-VERSION_BIHO-unigrid_Side-1_X3_compressed-for-web-6_p01.png	turbo	444	96	model_policy	48.031	91.455	0.6679	ImageMagick	96.0
maps	nps_nps-biho-FINAL-VERSION_BIHO-unigrid_Side-1_X3_compressed-for-web-6_p01.png	turbo	444	96	model_proj	47.702	91.759	0.9499	ImageMagick	96.0
maps	nps_nps-biho-FINAL-VERSION_BIHO-unigrid_Side-1_X3_compressed-for-web-6_p01.png	mozjpeg	420	85	identity_off	39.502	83.066	0.8424	Mozjpeg	85.0
maps	nps_nps-biho-FINAL-VERSION_BIHO-unigrid_Side-1_X3_compressed-for-web-6_p01.png	mozjpeg	420	85	identity_auto	39.544	82.823	0.8534	Mozjpeg	85.0
maps	nps_nps-biho-FINAL-VERSION_BIHO-unigrid_Side-1_X3_compressed-for-web-6_p01.png	mozjpeg	420	85	model_off	41.261	84.503	0.7987	Mozjpeg	85.0
maps	nps_nps-biho-FINAL-VERSION_BIHO-unigrid_Side-1_X3_compressed-for-web-6_p01.png	mozjpeg	420	85	model_auto	41.122	83.843	0.8148	Mozjpeg	85.0
maps	nps_nps-biho-FINAL-VERSION_BIHO-unigrid_Side-1_X3_compressed-for-web-6_p01.png	mozjpeg	420	85	model_policy	41.255	84.429	0.7978	Mozjpeg	85.0
maps	nps_nps-biho-FINAL-VERSION_BIHO-unigrid_Side-1_X3_compressed-for-web-6_p01.png	mozjpeg	420	85	model_proj	41.305	84.706	0.7855	Mozjpeg	85.0
maps	nps_nps-biho-FINAL-VERSION_BIHO-unigrid_Side-1_X3_compressed-for-web-6_p01.png	mozjpeg	420	90	identity_off	40.925	85.991	0.7481	Mozjpeg	90.0
maps	nps_nps-biho-FINAL-VERSION_BIHO-unigrid_Side-1_X3_compressed-for-web-6_p01.png	mozjpeg	420	90	identity_auto	40.920	85.992	0.7602	Mozjpeg	90.0
maps	nps_nps-biho-FINAL-VERSION_BIHO-unigrid_Side-1_X3_compressed-for-web-6_p01.png	mozjpeg	420	90	model_off	42.640	86.952	0.7236	Mozjpeg	90.0
maps	nps_nps-biho-FINAL-VERSION_BIHO-unigrid_Side-1_X3_compressed-for-web-6_p01.png	mozjpeg	420	90	model_auto	42.484	86.615	0.7284	Mozjpeg	90.0
maps	nps_nps-biho-FINAL-VERSION_BIHO-unigrid_Side-1_X3_compressed-for-web-6_p01.png	mozjpeg	420	90	model_policy	42.646	86.900	0.7179	Mozjpeg	90.0
maps	nps_nps-biho-FINAL-VERSION_BIHO-unigrid_Side-1_X3_compressed-for-web-6_p01.png	mozjpeg	420	90	model_proj	42.751	87.188	0.7073	Mozjpeg	90.0
maps	nps_nps-biho-FINAL-VERSION_BIHO-unigrid_Side-1_X3_compressed-for-web-6_p01.png	mozjpeg	420	93	identity_off	41.931	87.658	0.6985	Mozjpeg	93.0
maps	nps_nps-biho-FINAL-VERSION_BIHO-unigrid_Side-1_X3_compressed-for-web-6_p01.png	mozjpeg	420	93	identity_auto	41.914	87.564	0.7072	Mozjpeg	93.0
maps	nps_nps-biho-FINAL-VERSION_BIHO-unigrid_Side-1_X3_compressed-for-web-6_p01.png	mozjpeg	420	93	model_off	43.586	88.258	0.6958	Mozjpeg	93.0
maps	nps_nps-biho-FINAL-VERSION_BIHO-unigrid_Side-1_X3_compressed-for-web-6_p01.png	mozjpeg	420	93	model_auto	43.385	87.868	0.7037	Mozjpeg	93.0
maps	nps_nps-biho-FINAL-VERSION_BIHO-unigrid_Side-1_X3_compressed-for-web-6_p01.png	mozjpeg	420	93	model_policy	43.599	88.247	0.6930	Mozjpeg	93.0
maps	nps_nps-biho-FINAL-VERSION_BIHO-unigrid_Side-1_X3_compressed-for-web-6_p01.png	mozjpeg	420	93	model_proj	43.731	88.500	0.6867	Mozjpeg	93.0
maps	nps_nps-biho-FINAL-VERSION_BIHO-unigrid_Side-1_X3_compressed-for-web-6_p01.png	mozjpeg	420	96	identity_off	43.486	89.872	0.6774	Mozjpeg	96.0
maps	nps_nps-biho-FINAL-VERSION_BIHO-unigrid_Side-1_X3_compressed-for-web-6_p01.png	mozjpeg	420	96	identity_auto	43.486	89.872	0.6774	Mozjpeg	96.0
maps	nps_nps-biho-FINAL-VERSION_BIHO-unigrid_Side-1_X3_compressed-for-web-6_p01.png	mozjpeg	420	96	model_off	45.090	90.148	0.6908	Mozjpeg	96.0
maps	nps_nps-biho-FINAL-VERSION_BIHO-unigrid_Side-1_X3_compressed-for-web-6_p01.png	mozjpeg	420	96	model_auto	44.881	89.841	0.6825	Mozjpeg	96.0
maps	nps_nps-biho-FINAL-VERSION_BIHO-unigrid_Side-1_X3_compressed-for-web-6_p01.png	mozjpeg	420	96	model_policy	45.090	89.947	0.6805	Mozjpeg	96.0
maps	nps_nps-biho-FINAL-VERSION_BIHO-unigrid_Side-1_X3_compressed-for-web-6_p01.png	mozjpeg	420	96	model_proj	45.276	90.354	0.6713	Mozjpeg	96.0
maps	nps_nps-biho-FINAL-VERSION_BIHO-unigrid_Side-1_X3_compressed-for-web-6_p01.png	mozjpeg	444	85	identity_off	40.424	84.054	0.8337	Mozjpeg	85.0
maps	nps_nps-biho-FINAL-VERSION_BIHO-unigrid_Side-1_X3_compressed-for-web-6_p01.png	mozjpeg	444	85	identity_auto	40.524	83.969	0.8442	Mozjpeg	85.0
maps	nps_nps-biho-FINAL-VERSION_BIHO-unigrid_Side-1_X3_compressed-for-web-6_p01.png	mozjpeg	444	85	model_off	42.069	85.159	0.7914	Mozjpeg	85.0
maps	nps_nps-biho-FINAL-VERSION_BIHO-unigrid_Side-1_X3_compressed-for-web-6_p01.png	mozjpeg	444	85	model_auto	41.953	84.663	0.8069	Mozjpeg	85.0
maps	nps_nps-biho-FINAL-VERSION_BIHO-unigrid_Side-1_X3_compressed-for-web-6_p01.png	mozjpeg	444	85	model_policy	42.055	85.197	0.7898	Mozjpeg	85.0
maps	nps_nps-biho-FINAL-VERSION_BIHO-unigrid_Side-1_X3_compressed-for-web-6_p01.png	mozjpeg	444	85	model_proj	42.108	85.682	0.7764	Mozjpeg	85.0
maps	nps_nps-biho-FINAL-VERSION_BIHO-unigrid_Side-1_X3_compressed-for-web-6_p01.png	mozjpeg	444	90	identity_off	42.351	86.707	0.7371	Mozjpeg	90.0
maps	nps_nps-biho-FINAL-VERSION_BIHO-unigrid_Side-1_X3_compressed-for-web-6_p01.png	mozjpeg	444	90	identity_auto	42.377	86.672	0.7479	Mozjpeg	90.0
maps	nps_nps-biho-FINAL-VERSION_BIHO-unigrid_Side-1_X3_compressed-for-web-6_p01.png	mozjpeg	444	90	model_off	43.758	87.670	0.7179	Mozjpeg	90.0
maps	nps_nps-biho-FINAL-VERSION_BIHO-unigrid_Side-1_X3_compressed-for-web-6_p01.png	mozjpeg	444	90	model_auto	43.633	87.289	0.7242	Mozjpeg	90.0
maps	nps_nps-biho-FINAL-VERSION_BIHO-unigrid_Side-1_X3_compressed-for-web-6_p01.png	mozjpeg	444	90	model_policy	43.754	87.456	0.7132	Mozjpeg	90.0
maps	nps_nps-biho-FINAL-VERSION_BIHO-unigrid_Side-1_X3_compressed-for-web-6_p01.png	mozjpeg	444	90	model_proj	44.020	88.121	0.5833	Mozjpeg	90.0
maps	nps_nps-biho-FINAL-VERSION_BIHO-unigrid_Side-1_X3_compressed-for-web-6_p01.png	mozjpeg	444	93	identity_off	43.835	88.103	0.6867	Mozjpeg	93.0
maps	nps_nps-biho-FINAL-VERSION_BIHO-unigrid_Side-1_X3_compressed-for-web-6_p01.png	mozjpeg	444	93	identity_auto	43.841	88.052	0.6931	Mozjpeg	93.0
maps	nps_nps-biho-FINAL-VERSION_BIHO-unigrid_Side-1_X3_compressed-for-web-6_p01.png	mozjpeg	444	93	model_off	45.041	88.673	0.6909	Mozjpeg	93.0
maps	nps_nps-biho-FINAL-VERSION_BIHO-unigrid_Side-1_X3_compressed-for-web-6_p01.png	mozjpeg	444	93	model_auto	44.862	88.479	0.6941	Mozjpeg	93.0
maps	nps_nps-biho-FINAL-VERSION_BIHO-unigrid_Side-1_X3_compressed-for-web-6_p01.png	mozjpeg	444	93	model_policy	45.035	88.748	0.6873	Mozjpeg	93.0
maps	nps_nps-biho-FINAL-VERSION_BIHO-unigrid_Side-1_X3_compressed-for-web-6_p01.png	mozjpeg	444	93	model_proj	45.283	89.367	0.5281	Mozjpeg	93.0
maps	nps_nps-biho-FINAL-VERSION_BIHO-unigrid_Side-1_X3_compressed-for-web-6_p01.png	mozjpeg	444	96	identity_off	46.711	90.321	0.6654	Mozjpeg	96.0
maps	nps_nps-biho-FINAL-VERSION_BIHO-unigrid_Side-1_X3_compressed-for-web-6_p01.png	mozjpeg	444	96	identity_auto	46.711	90.321	0.6654	Mozjpeg	96.0
maps	nps_nps-biho-FINAL-VERSION_BIHO-unigrid_Side-1_X3_compressed-for-web-6_p01.png	mozjpeg	444	96	model_off	47.339	90.535	0.6755	Mozjpeg	96.0
maps	nps_nps-biho-FINAL-VERSION_BIHO-unigrid_Side-1_X3_compressed-for-web-6_p01.png	mozjpeg	444	96	model_auto	47.063	90.149	0.6773	Mozjpeg	96.0
maps	nps_nps-biho-FINAL-VERSION_BIHO-unigrid_Side-1_X3_compressed-for-web-6_p01.png	mozjpeg	444	96	model_policy	47.318	90.570	0.6727	Mozjpeg	96.0
maps	nps_nps-biho-FINAL-VERSION_BIHO-unigrid_Side-1_X3_compressed-for-web-6_p01.png	mozjpeg	444	96	model_proj	47.241	90.788	0.9500	Mozjpeg	96.0
maps	nps_nps-biho-FINAL-VERSION_BIHO-unigrid_Side-1_X3_compressed-for-web-6_p01.png	jpegli	420	85	identity_off	40.937	84.700	1.5101	CjpegliYcbcr	1.8
maps	nps_nps-biho-FINAL-VERSION_BIHO-unigrid_Side-1_X3_compressed-for-web-6_p01.png	jpegli	420	85	identity_auto	41.065	84.906	1.5064	CjpegliYcbcr	1.8
maps	nps_nps-biho-FINAL-VERSION_BIHO-unigrid_Side-1_X3_compressed-for-web-6_p01.png	jpegli	420	85	model_off	42.236	85.609	1.4884	CjpegliYcbcr	1.8
maps	nps_nps-biho-FINAL-VERSION_BIHO-unigrid_Side-1_X3_compressed-for-web-6_p01.png	jpegli	420	85	model_auto	42.149	85.143	1.4895	CjpegliYcbcr	1.8
maps	nps_nps-biho-FINAL-VERSION_BIHO-unigrid_Side-1_X3_compressed-for-web-6_p01.png	jpegli	420	85	model_policy	42.258	85.581	1.4872	CjpegliYcbcr	1.8
maps	nps_nps-biho-FINAL-VERSION_BIHO-unigrid_Side-1_X3_compressed-for-web-6_p01.png	jpegli	420	85	model_proj	42.290	85.731	1.4873	CjpegliYcbcr	1.8
maps	nps_nps-biho-FINAL-VERSION_BIHO-unigrid_Side-1_X3_compressed-for-web-6_p01.png	jpegli	420	90	identity_off	42.337	87.601	0.6980	CjpegliYcbcr	1.3
maps	nps_nps-biho-FINAL-VERSION_BIHO-unigrid_Side-1_X3_compressed-for-web-6_p01.png	jpegli	420	90	identity_auto	42.340	87.683	0.7057	CjpegliYcbcr	1.3
maps	nps_nps-biho-FINAL-VERSION_BIHO-unigrid_Side-1_X3_compressed-for-web-6_p01.png	jpegli	420	90	model_off	43.585	88.205	0.7091	CjpegliYcbcr	1.3
maps	nps_nps-biho-FINAL-VERSION_BIHO-unigrid_Side-1_X3_compressed-for-web-6_p01.png	jpegli	420	90	model_auto	43.354	87.812	0.7224	CjpegliYcbcr	1.3
maps	nps_nps-biho-FINAL-VERSION_BIHO-unigrid_Side-1_X3_compressed-for-web-6_p01.png	jpegli	420	90	model_policy	43.595	88.144	0.7053	CjpegliYcbcr	1.3
maps	nps_nps-biho-FINAL-VERSION_BIHO-unigrid_Side-1_X3_compressed-for-web-6_p01.png	jpegli	420	90	model_proj	43.632	88.246	0.7030	CjpegliYcbcr	1.3
maps	nps_nps-biho-FINAL-VERSION_BIHO-unigrid_Side-1_X3_compressed-for-web-6_p01.png	jpegli	420	93	identity_off	43.228	89.628	0.6812	CjpegliYcbcr	1.0
maps	nps_nps-biho-FINAL-VERSION_BIHO-unigrid_Side-1_X3_compressed-for-web-6_p01.png	jpegli	420	93	identity_auto	43.214	89.508	0.6869	CjpegliYcbcr	1.0
maps	nps_nps-biho-FINAL-VERSION_BIHO-unigrid_Side-1_X3_compressed-for-web-6_p01.png	jpegli	420	93	model_off	44.534	89.666	0.6858	CjpegliYcbcr	1.0
maps	nps_nps-biho-FINAL-VERSION_BIHO-unigrid_Side-1_X3_compressed-for-web-6_p01.png	jpegli	420	93	model_auto	44.289	89.240	0.6927	CjpegliYcbcr	1.0
maps	nps_nps-biho-FINAL-VERSION_BIHO-unigrid_Side-1_X3_compressed-for-web-6_p01.png	jpegli	420	93	model_policy	44.541	89.596	0.6830	CjpegliYcbcr	1.0
maps	nps_nps-biho-FINAL-VERSION_BIHO-unigrid_Side-1_X3_compressed-for-web-6_p01.png	jpegli	420	93	model_proj	44.616	89.839	0.6785	CjpegliYcbcr	1.0
maps	nps_nps-biho-FINAL-VERSION_BIHO-unigrid_Side-1_X3_compressed-for-web-6_p01.png	jpegli	420	96	identity_off	44.165	91.312	0.6638	CjpegliYcbcr	0.5
maps	nps_nps-biho-FINAL-VERSION_BIHO-unigrid_Side-1_X3_compressed-for-web-6_p01.png	jpegli	420	96	identity_auto	44.165	91.312	0.6638	CjpegliYcbcr	0.5
maps	nps_nps-biho-FINAL-VERSION_BIHO-unigrid_Side-1_X3_compressed-for-web-6_p01.png	jpegli	420	96	model_off	45.516	91.273	0.6720	CjpegliYcbcr	0.5
maps	nps_nps-biho-FINAL-VERSION_BIHO-unigrid_Side-1_X3_compressed-for-web-6_p01.png	jpegli	420	96	model_auto	45.305	90.945	0.6742	CjpegliYcbcr	0.5
maps	nps_nps-biho-FINAL-VERSION_BIHO-unigrid_Side-1_X3_compressed-for-web-6_p01.png	jpegli	420	96	model_policy	45.555	91.221	0.6687	CjpegliYcbcr	0.5
maps	nps_nps-biho-FINAL-VERSION_BIHO-unigrid_Side-1_X3_compressed-for-web-6_p01.png	jpegli	420	96	model_proj	45.706	91.437	0.6540	CjpegliYcbcr	0.5
maps	nps_nps-biho-FINAL-VERSION_BIHO-unigrid_Side-1_X3_compressed-for-web-6_p01.png	jpegli	444	85	identity_off	42.012	86.243	0.7381	CjpegliYcbcr	1.4
maps	nps_nps-biho-FINAL-VERSION_BIHO-unigrid_Side-1_X3_compressed-for-web-6_p01.png	jpegli	444	85	identity_auto	42.126	86.425	0.7430	CjpegliYcbcr	1.4
maps	nps_nps-biho-FINAL-VERSION_BIHO-unigrid_Side-1_X3_compressed-for-web-6_p01.png	jpegli	444	85	model_off	42.959	86.845	0.7341	CjpegliYcbcr	1.4
maps	nps_nps-biho-FINAL-VERSION_BIHO-unigrid_Side-1_X3_compressed-for-web-6_p01.png	jpegli	444	85	model_auto	42.832	86.374	0.7566	CjpegliYcbcr	1.4
maps	nps_nps-biho-FINAL-VERSION_BIHO-unigrid_Side-1_X3_compressed-for-web-6_p01.png	jpegli	444	85	model_policy	42.961	86.748	0.7309	CjpegliYcbcr	1.4
maps	nps_nps-biho-FINAL-VERSION_BIHO-unigrid_Side-1_X3_compressed-for-web-6_p01.png	jpegli	444	85	model_proj	43.025	87.252	0.7264	CjpegliYcbcr	1.4
maps	nps_nps-biho-FINAL-VERSION_BIHO-unigrid_Side-1_X3_compressed-for-web-6_p01.png	jpegli	444	90	identity_off	43.445	88.831	0.9107	CjpegliYcbcr	1.1
maps	nps_nps-biho-FINAL-VERSION_BIHO-unigrid_Side-1_X3_compressed-for-web-6_p01.png	jpegli	444	90	identity_auto	43.545	88.890	0.9153	CjpegliYcbcr	1.1
maps	nps_nps-biho-FINAL-VERSION_BIHO-unigrid_Side-1_X3_compressed-for-web-6_p01.png	jpegli	444	90	model_off	44.172	89.123	0.9163	CjpegliYcbcr	1.1
maps	nps_nps-biho-FINAL-VERSION_BIHO-unigrid_Side-1_X3_compressed-for-web-6_p01.png	jpegli	444	90	model_auto	44.051	88.845	0.9217	CjpegliYcbcr	1.1
maps	nps_nps-biho-FINAL-VERSION_BIHO-unigrid_Side-1_X3_compressed-for-web-6_p01.png	jpegli	444	90	model_policy	44.185	89.055	0.9125	CjpegliYcbcr	1.1
maps	nps_nps-biho-FINAL-VERSION_BIHO-unigrid_Side-1_X3_compressed-for-web-6_p01.png	jpegli	444	90	model_proj	44.308	89.575	0.8908	CjpegliYcbcr	1.1
maps	nps_nps-biho-FINAL-VERSION_BIHO-unigrid_Side-1_X3_compressed-for-web-6_p01.png	jpegli	444	93	identity_off	44.524	90.033	1.2230	CjpegliYcbcr	0.7
maps	nps_nps-biho-FINAL-VERSION_BIHO-unigrid_Side-1_X3_compressed-for-web-6_p01.png	jpegli	444	93	identity_auto	44.619	90.049	1.2252	CjpegliYcbcr	0.7
maps	nps_nps-biho-FINAL-VERSION_BIHO-unigrid_Side-1_X3_compressed-for-web-6_p01.png	jpegli	444	93	model_off	45.206	89.926	1.2169	CjpegliYcbcr	0.7
maps	nps_nps-biho-FINAL-VERSION_BIHO-unigrid_Side-1_X3_compressed-for-web-6_p01.png	jpegli	444	93	model_auto	45.083	89.293	1.2225	CjpegliYcbcr	0.7
maps	nps_nps-biho-FINAL-VERSION_BIHO-unigrid_Side-1_X3_compressed-for-web-6_p01.png	jpegli	444	93	model_policy	45.245	89.922	1.2174	CjpegliYcbcr	0.7
maps	nps_nps-biho-FINAL-VERSION_BIHO-unigrid_Side-1_X3_compressed-for-web-6_p01.png	jpegli	444	93	model_proj	45.334	90.357	1.2153	CjpegliYcbcr	0.7
maps	nps_nps-biho-FINAL-VERSION_BIHO-unigrid_Side-1_X3_compressed-for-web-6_p01.png	jpegli	444	96	identity_off	46.435	91.634	0.6560	CjpegliYcbcr	0.3
maps	nps_nps-biho-FINAL-VERSION_BIHO-unigrid_Side-1_X3_compressed-for-web-6_p01.png	jpegli	444	96	identity_auto	46.435	91.634	0.6560	CjpegliYcbcr	0.3
maps	nps_nps-biho-FINAL-VERSION_BIHO-unigrid_Side-1_X3_compressed-for-web-6_p01.png	jpegli	444	96	model_off	46.828	91.317	0.6668	CjpegliYcbcr	0.3
maps	nps_nps-biho-FINAL-VERSION_BIHO-unigrid_Side-1_X3_compressed-for-web-6_p01.png	jpegli	444	96	model_auto	46.751	90.755	0.7001	CjpegliYcbcr	0.3
maps	nps_nps-biho-FINAL-VERSION_BIHO-unigrid_Side-1_X3_compressed-for-web-6_p01.png	jpegli	444	96	model_policy	46.855	91.291	0.6634	CjpegliYcbcr	0.3
maps	nps_nps-biho-FINAL-VERSION_BIHO-unigrid_Side-1_X3_compressed-for-web-6_p01.png	jpegli	444	96	model_proj	47.210	92.262	0.4067	CjpegliYcbcr	0.3
maps	nps_nps-biho-FINAL-VERSION_BIHO-unigrid_Side-1_X3_compressed-for-web-6_p01.png	zenjpeg	420	85	identity_off	41.214	84.948	0.7922	CjpegliYcbcr	1.8
maps	nps_nps-biho-FINAL-VERSION_BIHO-unigrid_Side-1_X3_compressed-for-web-6_p01.png	zenjpeg	420	85	identity_auto	41.346	85.124	0.7708	CjpegliYcbcr	1.8
maps	nps_nps-biho-FINAL-VERSION_BIHO-unigrid_Side-1_X3_compressed-for-web-6_p01.png	zenjpeg	420	85	model_off	42.381	85.287	0.7779	CjpegliYcbcr	1.8
maps	nps_nps-biho-FINAL-VERSION_BIHO-unigrid_Side-1_X3_compressed-for-web-6_p01.png	zenjpeg	420	85	model_auto	42.282	84.776	0.7882	CjpegliYcbcr	1.8
maps	nps_nps-biho-FINAL-VERSION_BIHO-unigrid_Side-1_X3_compressed-for-web-6_p01.png	zenjpeg	420	85	model_policy	42.394	85.190	0.7760	CjpegliYcbcr	1.8
maps	nps_nps-biho-FINAL-VERSION_BIHO-unigrid_Side-1_X3_compressed-for-web-6_p01.png	zenjpeg	420	85	model_proj	42.352	85.367	0.7732	CjpegliYcbcr	1.8
maps	nps_nps-biho-FINAL-VERSION_BIHO-unigrid_Side-1_X3_compressed-for-web-6_p01.png	zenjpeg	420	90	identity_off	42.432	87.973	0.7168	CjpegliYcbcr	1.3
maps	nps_nps-biho-FINAL-VERSION_BIHO-unigrid_Side-1_X3_compressed-for-web-6_p01.png	zenjpeg	420	90	identity_auto	42.441	87.944	0.7228	CjpegliYcbcr	1.3
maps	nps_nps-biho-FINAL-VERSION_BIHO-unigrid_Side-1_X3_compressed-for-web-6_p01.png	zenjpeg	420	90	model_off	43.622	88.029	0.7166	CjpegliYcbcr	1.3
maps	nps_nps-biho-FINAL-VERSION_BIHO-unigrid_Side-1_X3_compressed-for-web-6_p01.png	zenjpeg	420	90	model_auto	43.417	87.753	0.7447	CjpegliYcbcr	1.3
maps	nps_nps-biho-FINAL-VERSION_BIHO-unigrid_Side-1_X3_compressed-for-web-6_p01.png	zenjpeg	420	90	model_policy	43.613	88.070	0.7139	CjpegliYcbcr	1.3
maps	nps_nps-biho-FINAL-VERSION_BIHO-unigrid_Side-1_X3_compressed-for-web-6_p01.png	zenjpeg	420	90	model_proj	43.615	88.220	0.7095	CjpegliYcbcr	1.3
maps	nps_nps-biho-FINAL-VERSION_BIHO-unigrid_Side-1_X3_compressed-for-web-6_p01.png	zenjpeg	420	93	identity_off	43.287	89.550	0.6887	CjpegliYcbcr	1.0
maps	nps_nps-biho-FINAL-VERSION_BIHO-unigrid_Side-1_X3_compressed-for-web-6_p01.png	zenjpeg	420	93	identity_auto	43.268	89.538	0.6970	CjpegliYcbcr	1.0
maps	nps_nps-biho-FINAL-VERSION_BIHO-unigrid_Side-1_X3_compressed-for-web-6_p01.png	zenjpeg	420	93	model_off	44.510	89.605	0.6935	CjpegliYcbcr	1.0
maps	nps_nps-biho-FINAL-VERSION_BIHO-unigrid_Side-1_X3_compressed-for-web-6_p01.png	zenjpeg	420	93	model_auto	44.276	89.207	0.7008	CjpegliYcbcr	1.0
maps	nps_nps-biho-FINAL-VERSION_BIHO-unigrid_Side-1_X3_compressed-for-web-6_p01.png	zenjpeg	420	93	model_policy	44.509	89.511	0.6919	CjpegliYcbcr	1.0
maps	nps_nps-biho-FINAL-VERSION_BIHO-unigrid_Side-1_X3_compressed-for-web-6_p01.png	zenjpeg	420	93	model_proj	44.569	89.693	0.6873	CjpegliYcbcr	1.0
maps	nps_nps-biho-FINAL-VERSION_BIHO-unigrid_Side-1_X3_compressed-for-web-6_p01.png	zenjpeg	420	96	identity_off	44.071	91.120	0.6748	CjpegliYcbcr	0.5
maps	nps_nps-biho-FINAL-VERSION_BIHO-unigrid_Side-1_X3_compressed-for-web-6_p01.png	zenjpeg	420	96	identity_auto	44.071	91.120	0.6748	CjpegliYcbcr	0.5
maps	nps_nps-biho-FINAL-VERSION_BIHO-unigrid_Side-1_X3_compressed-for-web-6_p01.png	zenjpeg	420	96	model_off	45.441	90.740	0.6802	CjpegliYcbcr	0.5
maps	nps_nps-biho-FINAL-VERSION_BIHO-unigrid_Side-1_X3_compressed-for-web-6_p01.png	zenjpeg	420	96	model_auto	45.245	90.461	0.6810	CjpegliYcbcr	0.5
maps	nps_nps-biho-FINAL-VERSION_BIHO-unigrid_Side-1_X3_compressed-for-web-6_p01.png	zenjpeg	420	96	model_policy	45.464	90.769	0.6769	CjpegliYcbcr	0.5
maps	nps_nps-biho-FINAL-VERSION_BIHO-unigrid_Side-1_X3_compressed-for-web-6_p01.png	zenjpeg	420	96	model_proj	45.582	91.085	0.6728	CjpegliYcbcr	0.5
maps	nps_nps-biho-FINAL-VERSION_BIHO-unigrid_Side-1_X3_compressed-for-web-6_p01.png	zenjpeg	444	85	identity_off	42.104	86.183	0.7437	CjpegliYcbcr	1.4
maps	nps_nps-biho-FINAL-VERSION_BIHO-unigrid_Side-1_X3_compressed-for-web-6_p01.png	zenjpeg	444	85	identity_auto	42.223	86.417	0.7490	CjpegliYcbcr	1.4
maps	nps_nps-biho-FINAL-VERSION_BIHO-unigrid_Side-1_X3_compressed-for-web-6_p01.png	zenjpeg	444	85	model_off	42.945	86.509	0.7577	CjpegliYcbcr	1.4
maps	nps_nps-biho-FINAL-VERSION_BIHO-unigrid_Side-1_X3_compressed-for-web-6_p01.png	zenjpeg	444	85	model_auto	42.825	86.233	0.7771	CjpegliYcbcr	1.4
maps	nps_nps-biho-FINAL-VERSION_BIHO-unigrid_Side-1_X3_compressed-for-web-6_p01.png	zenjpeg	444	85	model_policy	42.955	86.563	0.7496	CjpegliYcbcr	1.4
maps	nps_nps-biho-FINAL-VERSION_BIHO-unigrid_Side-1_X3_compressed-for-web-6_p01.png	zenjpeg	444	85	model_proj	42.951	86.876	0.7373	CjpegliYcbcr	1.4
maps	nps_nps-biho-FINAL-VERSION_BIHO-unigrid_Side-1_X3_compressed-for-web-6_p01.png	zenjpeg	444	90	identity_off	43.489	88.719	0.6955	CjpegliYcbcr	1.1
maps	nps_nps-biho-FINAL-VERSION_BIHO-unigrid_Side-1_X3_compressed-for-web-6_p01.png	zenjpeg	444	90	identity_auto	43.601	88.810	0.7028	CjpegliYcbcr	1.1
maps	nps_nps-biho-FINAL-VERSION_BIHO-unigrid_Side-1_X3_compressed-for-web-6_p01.png	zenjpeg	444	90	model_off	44.150	88.945	0.7024	CjpegliYcbcr	1.1
maps	nps_nps-biho-FINAL-VERSION_BIHO-unigrid_Side-1_X3_compressed-for-web-6_p01.png	zenjpeg	444	90	model_auto	44.056	88.544	0.7166	CjpegliYcbcr	1.1
maps	nps_nps-biho-FINAL-VERSION_BIHO-unigrid_Side-1_X3_compressed-for-web-6_p01.png	zenjpeg	444	90	model_policy	44.172	88.850	0.6994	CjpegliYcbcr	1.1
maps	nps_nps-biho-FINAL-VERSION_BIHO-unigrid_Side-1_X3_compressed-for-web-6_p01.png	zenjpeg	444	90	model_proj	44.246	89.273	0.6924	CjpegliYcbcr	1.1
maps	nps_nps-biho-FINAL-VERSION_BIHO-unigrid_Side-1_X3_compressed-for-web-6_p01.png	zenjpeg	444	93	identity_off	44.644	89.934	0.6769	CjpegliYcbcr	0.7
maps	nps_nps-biho-FINAL-VERSION_BIHO-unigrid_Side-1_X3_compressed-for-web-6_p01.png	zenjpeg	444	93	identity_auto	44.750	90.138	0.6842	CjpegliYcbcr	0.7
maps	nps_nps-biho-FINAL-VERSION_BIHO-unigrid_Side-1_X3_compressed-for-web-6_p01.png	zenjpeg	444	93	model_off	45.241	89.875	0.6873	CjpegliYcbcr	0.7
maps	nps_nps-biho-FINAL-VERSION_BIHO-unigrid_Side-1_X3_compressed-for-web-6_p01.png	zenjpeg	444	93	model_auto	45.176	89.506	0.6994	CjpegliYcbcr	0.7
maps	nps_nps-biho-FINAL-VERSION_BIHO-unigrid_Side-1_X3_compressed-for-web-6_p01.png	zenjpeg	444	93	model_policy	45.290	89.853	0.6837	CjpegliYcbcr	0.7
maps	nps_nps-biho-FINAL-VERSION_BIHO-unigrid_Side-1_X3_compressed-for-web-6_p01.png	zenjpeg	444	93	model_proj	45.324	90.286	0.6770	CjpegliYcbcr	0.7
maps	nps_nps-biho-FINAL-VERSION_BIHO-unigrid_Side-1_X3_compressed-for-web-6_p01.png	zenjpeg	444	96	identity_off	46.387	91.637	0.6633	CjpegliYcbcr	0.3
maps	nps_nps-biho-FINAL-VERSION_BIHO-unigrid_Side-1_X3_compressed-for-web-6_p01.png	zenjpeg	444	96	identity_auto	46.387	91.637	0.6633	CjpegliYcbcr	0.3
maps	nps_nps-biho-FINAL-VERSION_BIHO-unigrid_Side-1_X3_compressed-for-web-6_p01.png	zenjpeg	444	96	model_off	46.667	91.123	0.6752	CjpegliYcbcr	0.3
maps	nps_nps-biho-FINAL-VERSION_BIHO-unigrid_Side-1_X3_compressed-for-web-6_p01.png	zenjpeg	444	96	model_auto	46.642	90.722	0.6892	CjpegliYcbcr	0.3
maps	nps_nps-biho-FINAL-VERSION_BIHO-unigrid_Side-1_X3_compressed-for-web-6_p01.png	zenjpeg	444	96	model_policy	46.711	91.194	0.6720	CjpegliYcbcr	0.3
maps	nps_nps-biho-FINAL-VERSION_BIHO-unigrid_Side-1_X3_compressed-for-web-6_p01.png	zenjpeg	444	96	model_proj	47.103	91.916	0.4537	CjpegliYcbcr	0.3
renders	a-chosen-soul-MOIGsaj8te0-unsplash.jpg	turbo	420	85	identity_off	44.601	86.241	0.5828	ImageMagick	85.0
renders	a-chosen-soul-MOIGsaj8te0-unsplash.jpg	turbo	420	85	identity_auto	44.571	85.653	0.5711	ImageMagick	85.0
renders	a-chosen-soul-MOIGsaj8te0-unsplash.jpg	turbo	420	85	model_off	45.004	82.138	0.5291	ImageMagick	85.0
renders	a-chosen-soul-MOIGsaj8te0-unsplash.jpg	turbo	420	85	model_auto	44.295	81.323	0.5545	ImageMagick	85.0
renders	a-chosen-soul-MOIGsaj8te0-unsplash.jpg	turbo	420	85	model_policy	44.947	81.882	0.5334	ImageMagick	85.0
renders	a-chosen-soul-MOIGsaj8te0-unsplash.jpg	turbo	420	85	model_proj	45.586	85.767	0.5120	ImageMagick	85.0
renders	a-chosen-soul-MOIGsaj8te0-unsplash.jpg	turbo	420	90	identity_off	52.658	92.929	0.1778	ImageMagick	90.0
renders	a-chosen-soul-MOIGsaj8te0-unsplash.jpg	turbo	420	90	identity_auto	50.923	91.774	0.2341	ImageMagick	90.0
renders	a-chosen-soul-MOIGsaj8te0-unsplash.jpg	turbo	420	90	model_off	48.437	84.627	0.3767	ImageMagick	90.0
renders	a-chosen-soul-MOIGsaj8te0-unsplash.jpg	turbo	420	90	model_auto	47.851	84.101	0.4031	ImageMagick	90.0
renders	a-chosen-soul-MOIGsaj8te0-unsplash.jpg	turbo	420	90	model_policy	48.376	84.146	0.3842	ImageMagick	90.0
renders	a-chosen-soul-MOIGsaj8te0-unsplash.jpg	turbo	420	90	model_proj	49.948	89.611	0.3141	ImageMagick	90.0
renders	a-chosen-soul-MOIGsaj8te0-unsplash.jpg	turbo	420	93	identity_off	47.947	91.154	0.3654	ImageMagick	93.0
renders	a-chosen-soul-MOIGsaj8te0-unsplash.jpg	turbo	420	93	identity_auto	47.588	90.434	0.3653	ImageMagick	93.0
renders	a-chosen-soul-MOIGsaj8te0-unsplash.jpg	turbo	420	93	model_off	46.799	84.188	0.4124	ImageMagick	93.0
renders	a-chosen-soul-MOIGsaj8te0-unsplash.jpg	turbo	420	93	model_auto	46.244	83.628	0.4327	ImageMagick	93.0
renders	a-chosen-soul-MOIGsaj8te0-unsplash.jpg	turbo	420	93	model_policy	46.758	83.777	0.4194	ImageMagick	93.0
renders	a-chosen-soul-MOIGsaj8te0-unsplash.jpg	turbo	420	93	model_proj	48.042	89.985	0.3642	ImageMagick	93.0
renders	a-chosen-soul-MOIGsaj8te0-unsplash.jpg	turbo	420	96	identity_off	53.981	94.581	0.1691	ImageMagick	96.0
renders	a-chosen-soul-MOIGsaj8te0-unsplash.jpg	turbo	420	96	identity_auto	53.981	94.581	0.1691	ImageMagick	96.0
renders	a-chosen-soul-MOIGsaj8te0-unsplash.jpg	turbo	420	96	model_off	49.181	85.379	0.3760	ImageMagick	96.0
renders	a-chosen-soul-MOIGsaj8te0-unsplash.jpg	turbo	420	96	model_auto	48.819	84.762	0.3878	ImageMagick	96.0
renders	a-chosen-soul-MOIGsaj8te0-unsplash.jpg	turbo	420	96	model_policy	49.137	84.988	0.3872	ImageMagick	96.0
renders	a-chosen-soul-MOIGsaj8te0-unsplash.jpg	turbo	420	96	model_proj	52.310	92.477	0.2686	ImageMagick	96.0
renders	a-chosen-soul-MOIGsaj8te0-unsplash.jpg	turbo	444	85	identity_off	44.619	86.648	0.5835	ImageMagick	85.0
renders	a-chosen-soul-MOIGsaj8te0-unsplash.jpg	turbo	444	85	identity_auto	44.607	86.046	0.5704	ImageMagick	85.0
renders	a-chosen-soul-MOIGsaj8te0-unsplash.jpg	turbo	444	85	model_off	45.014	82.381	0.5283	ImageMagick	85.0
renders	a-chosen-soul-MOIGsaj8te0-unsplash.jpg	turbo	444	85	model_auto	44.320	81.525	0.5536	ImageMagick	85.0
renders	a-chosen-soul-MOIGsaj8te0-unsplash.jpg	turbo	444	85	model_policy	44.953	82.099	0.5335	ImageMagick	85.0
renders	a-chosen-soul-MOIGsaj8te0-unsplash.jpg	turbo	444	85	model_proj	45.546	85.553	0.5089	ImageMagick	85.0
renders	a-chosen-soul-MOIGsaj8te0-unsplash.jpg	turbo	444	90	identity_off	52.437	93.483	0.1775	ImageMagick	90.0
renders	a-chosen-soul-MOIGsaj8te0-unsplash.jpg	turbo	444	90	identity_auto	50.813	92.237	0.2332	ImageMagick	90.0
renders	a-chosen-soul-MOIGsaj8te0-unsplash.jpg	turbo	444	90	model_off	48.389	84.935	0.3811	ImageMagick	90.0
renders	a-chosen-soul-MOIGsaj8te0-unsplash.jpg	turbo	444	90	model_auto	47.801	84.386	0.4044	ImageMagick	90.0
renders	a-chosen-soul-MOIGsaj8te0-unsplash.jpg	turbo	444	90	model_policy	48.322	84.496	0.3878	ImageMagick	90.0
renders	a-chosen-soul-MOIGsaj8te0-unsplash.jpg	turbo	444	90	model_proj	48.668	86.913	0.3482	ImageMagick	90.0
renders	a-chosen-soul-MOIGsaj8te0-unsplash.jpg	turbo	444	93	identity_off	48.004	91.669	0.3654	ImageMagick	93.0
renders	a-chosen-soul-MOIGsaj8te0-unsplash.jpg	turbo	444	93	identity_auto	47.647	90.860	0.3655	ImageMagick	93.0
renders	a-chosen-soul-MOIGsaj8te0-unsplash.jpg	turbo	444	93	model_off	46.822	84.428	0.4109	ImageMagick	93.0
renders	a-chosen-soul-MOIGsaj8te0-unsplash.jpg	turbo	444	93	model_auto	46.267	83.771	0.4321	ImageMagick	93.0
renders	a-chosen-soul-MOIGsaj8te0-unsplash.jpg	turbo	444	93	model_policy	46.778	84.096	0.4156	ImageMagick	93.0
renders	a-chosen-soul-MOIGsaj8te0-unsplash.jpg	turbo	444	93	model_proj	47.005	87.143	0.3767	ImageMagick	93.0
renders	a-chosen-soul-MOIGsaj8te0-unsplash.jpg	turbo	444	96	identity_off	53.864	94.902	0.1681	ImageMagick	96.0
renders	a-chosen-soul-MOIGsaj8te0-unsplash.jpg	turbo	444	96	identity_auto	53.864	94.902	0.1681	ImageMagick	96.0
renders	a-chosen-soul-MOIGsaj8te0-unsplash.jpg	turbo	444	96	model_off	49.132	85.346	0.3800	ImageMagick	96.0
renders	a-chosen-soul-MOIGsaj8te0-unsplash.jpg	turbo	444	96	model_auto	48.761	84.774	0.3960	ImageMagick	96.0
renders	a-chosen-soul-MOIGsaj8te0-unsplash.jpg	turbo	444	96	model_policy	49.093	85.004	0.3919	ImageMagick	96.0
renders	a-chosen-soul-MOIGsaj8te0-unsplash.jpg	turbo	444	96	model_proj	48.398	88.198	0.3168	ImageMagick	96.0
renders	a-chosen-soul-MOIGsaj8te0-unsplash.jpg	mozjpeg	420	85	identity_off	38.366	75.024	1.0479	Mozjpeg	85.0
renders	a-chosen-soul-MOIGsaj8te0-unsplash.jpg	mozjpeg	420	85	identity_auto	38.319	74.483	1.0619	Mozjpeg	85.0
renders	a-chosen-soul-MOIGsaj8te0-unsplash.jpg	mozjpeg	420	85	model_off	38.303	71.318	1.0461	Mozjpeg	85.0
renders	a-chosen-soul-MOIGsaj8te0-unsplash.jpg	mozjpeg	420	85	model_auto	38.221	71.140	1.0647	Mozjpeg	85.0
renders	a-chosen-soul-MOIGsaj8te0-unsplash.jpg	mozjpeg	420	85	model_policy	38.291	71.131	1.0475	Mozjpeg	85.0
renders	a-chosen-soul-MOIGsaj8te0-unsplash.jpg	mozjpeg	420	85	model_proj	38.418	73.697	1.0424	Mozjpeg	85.0
renders	a-chosen-soul-MOIGsaj8te0-unsplash.jpg	mozjpeg	420	90	identity_off	42.222	83.896	0.7065	Mozjpeg	90.0
renders	a-chosen-soul-MOIGsaj8te0-unsplash.jpg	mozjpeg	420	90	identity_auto	42.126	83.357	0.7124	Mozjpeg	90.0
renders	a-chosen-soul-MOIGsaj8te0-unsplash.jpg	mozjpeg	420	90	model_off	41.875	78.866	0.7164	Mozjpeg	90.0
renders	a-chosen-soul-MOIGsaj8te0-unsplash.jpg	mozjpeg	420	90	model_auto	41.759	78.948	0.7257	Mozjpeg	90.0
renders	a-chosen-soul-MOIGsaj8te0-unsplash.jpg	mozjpeg	420	90	model_policy	41.860	78.560	0.7163	Mozjpeg	90.0
renders	a-chosen-soul-MOIGsaj8te0-unsplash.jpg	mozjpeg	420	90	model_proj	42.115	81.721	0.7057	Mozjpeg	90.0
renders	a-chosen-soul-MOIGsaj8te0-unsplash.jpg	mozjpeg	420	93	identity_off	44.370	86.494	0.5711	Mozjpeg	93.0
renders	a-chosen-soul-MOIGsaj8te0-unsplash.jpg	mozjpeg	420	93	identity_auto	44.105	85.792	0.5827	Mozjpeg	93.0
renders	a-chosen-soul-MOIGsaj8te0-unsplash.jpg	mozjpeg	420	93	model_off	43.572	80.929	0.6038	Mozjpeg	93.0
renders	a-chosen-soul-MOIGsaj8te0-unsplash.jpg	mozjpeg	420	93	model_auto	43.438	80.942	0.6092	Mozjpeg	93.0
renders	a-chosen-soul-MOIGsaj8te0-unsplash.jpg	mozjpeg	420	93	model_policy	43.563	80.536	0.6032	Mozjpeg	93.0
renders	a-chosen-soul-MOIGsaj8te0-unsplash.jpg	mozjpeg	420	93	model_proj	44.032	85.280	0.5834	Mozjpeg	93.0
renders	a-chosen-soul-MOIGsaj8te0-unsplash.jpg	mozjpeg	420	96	identity_off	51.182	92.413	0.2828	Mozjpeg	96.0
renders	a-chosen-soul-MOIGsaj8te0-unsplash.jpg	mozjpeg	420	96	identity_auto	51.182	92.413	0.2828	Mozjpeg	96.0
renders	a-chosen-soul-MOIGsaj8te0-unsplash.jpg	mozjpeg	420	96	model_off	48.014	84.635	0.3910	Mozjpeg	96.0
renders	a-chosen-soul-MOIGsaj8te0-unsplash.jpg	mozjpeg	420	96	model_auto	47.779	84.236	0.4096	Mozjpeg	96.0
renders	a-chosen-soul-MOIGsaj8te0-unsplash.jpg	mozjpeg	420	96	model_policy	47.972	84.257	0.3987	Mozjpeg	96.0
renders	a-chosen-soul-MOIGsaj8te0-unsplash.jpg	mozjpeg	420	96	model_proj	49.724	90.438	0.3203	Mozjpeg	96.0
renders	a-chosen-soul-MOIGsaj8te0-unsplash.jpg	mozjpeg	444	85	identity_off	38.359	75.269	1.0479	Mozjpeg	85.0
renders	a-chosen-soul-MOIGsaj8te0-unsplash.jpg	mozjpeg	444	85	identity_auto	38.318	74.732	1.0613	Mozjpeg	85.0
renders	a-chosen-soul-MOIGsaj8te0-unsplash.jpg	mozjpeg	444	85	model_off	38.297	71.494	1.0464	Mozjpeg	85.0
renders	a-chosen-soul-MOIGsaj8te0-unsplash.jpg	mozjpeg	444	85	model_auto	38.218	71.307	1.0640	Mozjpeg	85.0
renders	a-chosen-soul-MOIGsaj8te0-unsplash.jpg	mozjpeg	444	85	model_policy	38.286	71.330	1.0473	Mozjpeg	85.0
renders	a-chosen-soul-MOIGsaj8te0-unsplash.jpg	mozjpeg	444	85	model_proj	38.414	73.610	1.0429	Mozjpeg	85.0
renders	a-chosen-soul-MOIGsaj8te0-unsplash.jpg	mozjpeg	444	90	identity_off	42.239	84.217	0.7063	Mozjpeg	90.0
renders	a-chosen-soul-MOIGsaj8te0-unsplash.jpg	mozjpeg	444	90	identity_auto	42.143	83.630	0.7121	Mozjpeg	90.0
renders	a-chosen-soul-MOIGsaj8te0-unsplash.jpg	mozjpeg	444	90	model_off	41.882	79.137	0.7162	Mozjpeg	90.0
renders	a-chosen-soul-MOIGsaj8te0-unsplash.jpg	mozjpeg	444	90	model_auto	41.767	79.175	0.7256	Mozjpeg	90.0
renders	a-chosen-soul-MOIGsaj8te0-unsplash.jpg	mozjpeg	444	90	model_policy	41.869	78.862	0.7169	Mozjpeg	90.0
renders	a-chosen-soul-MOIGsaj8te0-unsplash.jpg	mozjpeg	444	90	model_proj	42.031	81.189	0.7096	Mozjpeg	90.0
renders	a-chosen-soul-MOIGsaj8te0-unsplash.jpg	mozjpeg	444	93	identity_off	44.371	86.949	0.5700	Mozjpeg	93.0
renders	a-chosen-soul-MOIGsaj8te0-unsplash.jpg	mozjpeg	444	93	identity_auto	44.107	86.123	0.5814	Mozjpeg	93.0
renders	a-chosen-soul-MOIGsaj8te0-unsplash.jpg	mozjpeg	444	93	model_off	43.567	81.201	0.6023	Mozjpeg	93.0
renders	a-chosen-soul-MOIGsaj8te0-unsplash.jpg	mozjpeg	444	93	model_auto	43.434	81.183	0.6080	Mozjpeg	93.0
renders	a-chosen-soul-MOIGsaj8te0-unsplash.jpg	mozjpeg	444	93	model_policy	43.559	80.875	0.6034	Mozjpeg	93.0
renders	a-chosen-soul-MOIGsaj8te0-unsplash.jpg	mozjpeg	444	93	model_proj	43.684	83.560	0.5924	Mozjpeg	93.0
renders	a-chosen-soul-MOIGsaj8te0-unsplash.jpg	mozjpeg	444	96	identity_off	51.127	92.503	0.2807	Mozjpeg	96.0
renders	a-chosen-soul-MOIGsaj8te0-unsplash.jpg	mozjpeg	444	96	identity_auto	51.127	92.503	0.2807	Mozjpeg	96.0
renders	a-chosen-soul-MOIGsaj8te0-unsplash.jpg	mozjpeg	444	96	model_off	47.953	84.668	0.3913	Mozjpeg	96.0
renders	a-chosen-soul-MOIGsaj8te0-unsplash.jpg	mozjpeg	444	96	model_auto	47.692	84.166	0.4114	Mozjpeg	96.0
renders	a-chosen-soul-MOIGsaj8te0-unsplash.jpg	mozjpeg	444	96	model_policy	47.913	84.300	0.4010	Mozjpeg	96.0
renders	a-chosen-soul-MOIGsaj8te0-unsplash.jpg	mozjpeg	444	96	model_proj	47.364	86.086	0.3541	Mozjpeg	96.0
renders	a-chosen-soul-MOIGsaj8te0-unsplash.jpg	jpegli	420	85	identity_off	41.735	79.055	0.7478	CjpegliYcbcr	1.8
renders	a-chosen-soul-MOIGsaj8te0-unsplash.jpg	jpegli	420	85	identity_auto	41.616	79.128	0.7526	CjpegliYcbcr	1.8
renders	a-chosen-soul-MOIGsaj8te0-unsplash.jpg	jpegli	420	85	model_off	41.317	74.915	0.7659	CjpegliYcbcr	1.8
renders	a-chosen-soul-MOIGsaj8te0-unsplash.jpg	jpegli	420	85	model_auto	41.181	74.733	0.7706	CjpegliYcbcr	1.8
renders	a-chosen-soul-MOIGsaj8te0-unsplash.jpg	jpegli	420	85	model_policy	41.318	74.623	0.7660	CjpegliYcbcr	1.8
renders	a-chosen-soul-MOIGsaj8te0-unsplash.jpg	jpegli	420	85	model_proj	41.561	77.049	0.7585	CjpegliYcbcr	1.8
renders	a-chosen-soul-MOIGsaj8te0-unsplash.jpg	jpegli	420	90	identity_off	46.162	85.319	0.4231	CjpegliYcbcr	1.3
renders	a-chosen-soul-MOIGsaj8te0-unsplash.jpg	jpegli	420	90	identity_auto	45.902	85.099	0.4393	CjpegliYcbcr	1.3
renders	a-chosen-soul-MOIGsaj8te0-unsplash.jpg	jpegli	420	90	model_off	44.901	79.949	0.4842	CjpegliYcbcr	1.3
renders	a-chosen-soul-MOIGsaj8te0-unsplash.jpg	jpegli	420	90	model_auto	44.663	79.792	0.5093	CjpegliYcbcr	1.3
renders	a-chosen-soul-MOIGsaj8te0-unsplash.jpg	jpegli	420	90	model_policy	44.905	79.599	0.4822	CjpegliYcbcr	1.3
renders	a-chosen-soul-MOIGsaj8te0-unsplash.jpg	jpegli	420	90	model_proj	45.428	82.399	0.4619	CjpegliYcbcr	1.3
renders	a-chosen-soul-MOIGsaj8te0-unsplash.jpg	jpegli	420	93	identity_off	49.630	90.276	0.2824	CjpegliYcbcr	1.0
renders	a-chosen-soul-MOIGsaj8te0-unsplash.jpg	jpegli	420	93	identity_auto	48.975	89.572	0.3067	CjpegliYcbcr	1.0
renders	a-chosen-soul-MOIGsaj8te0-unsplash.jpg	jpegli	420	93	model_off	47.143	83.030	0.4018	CjpegliYcbcr	1.0
renders	a-chosen-soul-MOIGsaj8te0-unsplash.jpg	jpegli	420	93	model_auto	46.682	82.634	0.4295	CjpegliYcbcr	1.0
renders	a-chosen-soul-MOIGsaj8te0-unsplash.jpg	jpegli	420	93	model_policy	47.116	82.587	0.4060	CjpegliYcbcr	1.0
renders	a-chosen-soul-MOIGsaj8te0-unsplash.jpg	jpegli	420	93	model_proj	48.296	87.410	0.3552	CjpegliYcbcr	1.0
renders	a-chosen-soul-MOIGsaj8te0-unsplash.jpg	jpegli	420	96	identity_off	53.204	93.257	0.1786	CjpegliYcbcr	0.5
renders	a-chosen-soul-MOIGsaj8te0-unsplash.jpg	jpegli	420	96	identity_auto	53.204	93.257	0.1786	CjpegliYcbcr	0.5
renders	a-chosen-soul-MOIGsaj8te0-unsplash.jpg	jpegli	420	96	model_off	48.737	84.580	0.3781	CjpegliYcbcr	0.5
renders	a-chosen-soul-MOIGsaj8te0-unsplash.jpg	jpegli	420	96	model_auto	48.489	84.150	0.3961	CjpegliYcbcr	0.5
renders	a-chosen-soul-MOIGsaj8te0-unsplash.jpg	jpegli	420	96	model_policy	48.697	84.235	0.3849	CjpegliYcbcr	0.5
renders	a-chosen-soul-MOIGsaj8te0-unsplash.jpg	jpegli	420	96	model_proj	50.866	90.883	0.3016	CjpegliYcbcr	0.5
renders	a-chosen-soul-MOIGsaj8te0-unsplash.jpg	jpegli	444	85	identity_off	44.374	83.782	0.5273	CjpegliYcbcr	1.4
renders	a-chosen-soul-MOIGsaj8te0-unsplash.jpg	jpegli	444	85	identity_auto	44.259	83.704	0.5379	CjpegliYcbcr	1.4
renders	a-chosen-soul-MOIGsaj8te0-unsplash.jpg	jpegli	444	85	model_off	43.614	78.871	0.5562	CjpegliYcbcr	1.4
renders	a-chosen-soul-MOIGsaj8te0-unsplash.jpg	jpegli	444	85	model_auto	43.384	78.591	0.5777	CjpegliYcbcr	1.4
renders	a-chosen-soul-MOIGsaj8te0-unsplash.jpg	jpegli	444	85	model_policy	43.617	78.531	0.5567	CjpegliYcbcr	1.4
renders	a-chosen-soul-MOIGsaj8te0-unsplash.jpg	jpegli	444	85	model_proj	44.035	81.426	0.5424	CjpegliYcbcr	1.4
renders	a-chosen-soul-MOIGsaj8te0-unsplash.jpg	jpegli	444	90	identity_off	47.259	87.452	0.3627	CjpegliYcbcr	1.1
renders	a-chosen-soul-MOIGsaj8te0-unsplash.jpg	jpegli	444	90	identity_auto	47.003	87.042	0.3774	CjpegliYcbcr	1.1
renders	a-chosen-soul-MOIGsaj8te0-unsplash.jpg	jpegli	444	90	model_off	45.709	81.336	0.4490	CjpegliYcbcr	1.1
renders	a-chosen-soul-MOIGsaj8te0-unsplash.jpg	jpegli	444	90	model_auto	45.389	80.881	0.4781	CjpegliYcbcr	1.1
renders	a-chosen-soul-MOIGsaj8te0-unsplash.jpg	jpegli	444	90	model_policy	45.687	80.980	0.4512	CjpegliYcbcr	1.1
renders	a-chosen-soul-MOIGsaj8te0-unsplash.jpg	jpegli	444	90	model_proj	46.592	85.724	0.4141	CjpegliYcbcr	1.1
renders	a-chosen-soul-MOIGsaj8te0-unsplash.jpg	jpegli	444	93	identity_off	49.777	89.963	0.2458	CjpegliYcbcr	0.7
renders	a-chosen-soul-MOIGsaj8te0-unsplash.jpg	jpegli	444	93	identity_auto	49.184	89.218	0.2791	CjpegliYcbcr	0.7
renders	a-chosen-soul-MOIGsaj8te0-unsplash.jpg	jpegli	444	93	model_off	47.057	82.501	0.3998	CjpegliYcbcr	0.7
renders	a-chosen-soul-MOIGsaj8te0-unsplash.jpg	jpegli	444	93	model_auto	46.656	82.120	0.4337	CjpegliYcbcr	0.7
renders	a-chosen-soul-MOIGsaj8te0-unsplash.jpg	jpegli	444	93	model_policy	47.018	81.972	0.4041	CjpegliYcbcr	0.7
renders	a-chosen-soul-MOIGsaj8te0-unsplash.jpg	jpegli	444	93	model_proj	48.284	87.580	0.3368	CjpegliYcbcr	0.7
renders	a-chosen-soul-MOIGsaj8te0-unsplash.jpg	jpegli	444	96	identity_off	52.531	92.050	0.1602	CjpegliYcbcr	0.3
renders	a-chosen-soul-MOIGsaj8te0-unsplash.jpg	jpegli	444	96	identity_auto	52.531	92.050	0.1602	CjpegliYcbcr	0.3
renders	a-chosen-soul-MOIGsaj8te0-unsplash.jpg	jpegli	444	96	model_off	48.505	84.034	0.3776	CjpegliYcbcr	0.3
renders	a-chosen-soul-MOIGsaj8te0-unsplash.jpg	jpegli	444	96	model_auto	48.164	83.341	0.4008	CjpegliYcbcr	0.3
renders	a-chosen-soul-MOIGsaj8te0-unsplash.jpg	jpegli	444	96	model_policy	48.461	83.553	0.3862	CjpegliYcbcr	0.3
renders	a-chosen-soul-MOIGsaj8te0-unsplash.jpg	jpegli	444	96	model_proj	50.091	91.122	0.2922	CjpegliYcbcr	0.3
renders	a-chosen-soul-MOIGsaj8te0-unsplash.jpg	zenjpeg	420	85	identity_off	41.705	79.541	0.7531	CjpegliYcbcr	1.8
renders	a-chosen-soul-MOIGsaj8te0-unsplash.jpg	zenjpeg	420	85	identity_auto	41.580	79.322	0.7580	CjpegliYcbcr	1.8
renders	a-chosen-soul-MOIGsaj8te0-unsplash.jpg	zenjpeg	420	85	model_off	41.284	75.392	0.7713	CjpegliYcbcr	1.8
renders	a-chosen-soul-MOIGsaj8te0-unsplash.jpg	zenjpeg	420	85	model_auto	41.146	75.131	0.7759	CjpegliYcbcr	1.8
renders	a-chosen-soul-MOIGsaj8te0-unsplash.jpg	zenjpeg	420	85	model_policy	41.285	75.092	0.7713	CjpegliYcbcr	1.8
renders	a-chosen-soul-MOIGsaj8te0-unsplash.jpg	zenjpeg	420	85	model_proj	41.526	77.480	0.7639	CjpegliYcbcr	1.8
renders	a-chosen-soul-MOIGsaj8te0-unsplash.jpg	zenjpeg	420	90	identity_off	46.190	85.572	0.4242	CjpegliYcbcr	1.3
renders	a-chosen-soul-MOIGsaj8te0-unsplash.jpg	zenjpeg	420	90	identity_auto	45.921	85.317	0.4399	CjpegliYcbcr	1.3
renders	a-chosen-soul-MOIGsaj8te0-unsplash.jpg	zenjpeg	420	90	model_off	44.909	80.217	0.4832	CjpegliYcbcr	1.3
renders	a-chosen-soul-MOIGsaj8te0-unsplash.jpg	zenjpeg	420	90	model_auto	44.655	80.045	0.5082	CjpegliYcbcr	1.3
renders	a-chosen-soul-MOIGsaj8te0-unsplash.jpg	zenjpeg	420	90	model_policy	44.921	79.919	0.4827	CjpegliYcbcr	1.3
renders	a-chosen-soul-MOIGsaj8te0-unsplash.jpg	zenjpeg	420	90	model_proj	45.450	82.689	0.4627	CjpegliYcbcr	1.3
renders	a-chosen-soul-MOIGsaj8te0-unsplash.jpg	zenjpeg	420	93	identity_off	49.801	90.950	0.2783	CjpegliYcbcr	1.0
renders	a-chosen-soul-MOIGsaj8te0-unsplash.jpg	zenjpeg	420	93	identity_auto	49.056	90.104	0.3047	CjpegliYcbcr	1.0
renders	a-chosen-soul-MOIGsaj8te0-unsplash.jpg	zenjpeg	420	93	model_off	47.211	83.400	0.3980	CjpegliYcbcr	1.0
renders	a-chosen-soul-MOIGsaj8te0-unsplash.jpg	zenjpeg	420	93	model_auto	46.678	82.942	0.4314	CjpegliYcbcr	1.0
renders	a-chosen-soul-MOIGsaj8te0-unsplash.jpg	zenjpeg	420	93	model_policy	47.188	82.936	0.4079	CjpegliYcbcr	1.0
renders	a-chosen-soul-MOIGsaj8te0-unsplash.jpg	zenjpeg	420	93	model_proj	48.381	87.708	0.3580	CjpegliYcbcr	1.0
renders	a-chosen-soul-MOIGsaj8te0-unsplash.jpg	zenjpeg	420	96	identity_off	53.618	94.476	0.1666	CjpegliYcbcr	0.5
renders	a-chosen-soul-MOIGsaj8te0-unsplash.jpg	zenjpeg	420	96	identity_auto	53.618	94.476	0.1666	CjpegliYcbcr	0.5
renders	a-chosen-soul-MOIGsaj8te0-unsplash.jpg	zenjpeg	420	96	model_off	48.855	84.989	0.3814	CjpegliYcbcr	0.5
renders	a-chosen-soul-MOIGsaj8te0-unsplash.jpg	zenjpeg	420	96	model_auto	48.562	84.464	0.4014	CjpegliYcbcr	0.5
renders	a-chosen-soul-MOIGsaj8te0-unsplash.jpg	zenjpeg	420	96	model_policy	48.825	84.653	0.3887	CjpegliYcbcr	0.5
renders	a-chosen-soul-MOIGsaj8te0-unsplash.jpg	zenjpeg	420	96	model_proj	51.029	91.134	0.3023	CjpegliYcbcr	0.5
renders	a-chosen-soul-MOIGsaj8te0-unsplash.jpg	zenjpeg	444	85	identity_off	44.358	83.828	0.5279	CjpegliYcbcr	1.4
renders	a-chosen-soul-MOIGsaj8te0-unsplash.jpg	zenjpeg	444	85	identity_auto	44.233	83.690	0.5375	CjpegliYcbcr	1.4
renders	a-chosen-soul-MOIGsaj8te0-unsplash.jpg	zenjpeg	444	85	model_off	43.590	78.990	0.5564	CjpegliYcbcr	1.4
renders	a-chosen-soul-MOIGsaj8te0-unsplash.jpg	zenjpeg	444	85	model_auto	43.355	78.725	0.5790	CjpegliYcbcr	1.4
renders	a-chosen-soul-MOIGsaj8te0-unsplash.jpg	zenjpeg	444	85	model_policy	43.597	78.687	0.5566	CjpegliYcbcr	1.4
renders	a-chosen-soul-MOIGsaj8te0-unsplash.jpg	zenjpeg	444	85	model_proj	44.010	81.525	0.5423	CjpegliYcbcr	1.4
renders	a-chosen-soul-MOIGsaj8te0-unsplash.jpg	zenjpeg	444	90	identity_off	47.305	87.930	0.3631	CjpegliYcbcr	1.1
renders	a-chosen-soul-MOIGsaj8te0-unsplash.jpg	zenjpeg	444	90	identity_auto	47.001	87.394	0.3795	CjpegliYcbcr	1.1
renders	a-chosen-soul-MOIGsaj8te0-unsplash.jpg	zenjpeg	444	90	model_off	45.733	81.603	0.4468	CjpegliYcbcr	1.1
renders	a-chosen-soul-MOIGsaj8te0-unsplash.jpg	zenjpeg	444	90	model_auto	45.377	81.196	0.4736	CjpegliYcbcr	1.1
renders	a-chosen-soul-MOIGsaj8te0-unsplash.jpg	zenjpeg	444	90	model_policy	45.717	81.285	0.4484	CjpegliYcbcr	1.1
renders	a-chosen-soul-MOIGsaj8te0-unsplash.jpg	zenjpeg	444	90	model_proj	46.614	85.802	0.4121	CjpegliYcbcr	1.1
renders	a-chosen-soul-MOIGsaj8te0-unsplash.jpg	zenjpeg	444	93	identity_off	49.920	90.463	0.2471	CjpegliYcbcr	0.7
renders	a-chosen-soul-MOIGsaj8te0-unsplash.jpg	zenjpeg	444	93	identity_auto	49.227	89.549	0.2825	CjpegliYcbcr	0.7
renders	a-chosen-soul-MOIGsaj8te0-unsplash.jpg	zenjpeg	444	93	model_off	47.136	82.758	0.3986	CjpegliYcbcr	0.7
renders	a-chosen-soul-MOIGsaj8te0-unsplash.jpg	zenjpeg	444	93	model_auto	46.680	82.301	0.4341	CjpegliYcbcr	0.7
renders	a-chosen-soul-MOIGsaj8te0-unsplash.jpg	zenjpeg	444	93	model_policy	47.105	82.295	0.4033	CjpegliYcbcr	0.7
renders	a-chosen-soul-MOIGsaj8te0-unsplash.jpg	zenjpeg	444	93	model_proj	48.369	87.798	0.3404	CjpegliYcbcr	0.7
renders	a-chosen-soul-MOIGsaj8te0-unsplash.jpg	zenjpeg	444	96	identity_off	52.742	92.485	0.1548	CjpegliYcbcr	0.3
renders	a-chosen-soul-MOIGsaj8te0-unsplash.jpg	zenjpeg	444	96	identity_auto	52.742	92.485	0.1548	CjpegliYcbcr	0.3
renders	a-chosen-soul-MOIGsaj8te0-unsplash.jpg	zenjpeg	444	96	model_off	48.512	84.051	0.3743	CjpegliYcbcr	0.3
renders	a-chosen-soul-MOIGsaj8te0-unsplash.jpg	zenjpeg	444	96	model_auto	48.185	83.361	0.3967	CjpegliYcbcr	0.3
renders	a-chosen-soul-MOIGsaj8te0-unsplash.jpg	zenjpeg	444	96	model_policy	48.476	83.664	0.3844	CjpegliYcbcr	0.3
renders	a-chosen-soul-MOIGsaj8te0-unsplash.jpg	zenjpeg	444	96	model_proj	50.040	90.408	0.2911	CjpegliYcbcr	0.3
renders	anton-sobotyak-g7aYFxxNTVA-unsplash.jpg	turbo	420	85	identity_off	56.729	92.341	0.3127	ImageMagick	85.0
renders	anton-sobotyak-g7aYFxxNTVA-unsplash.jpg	turbo	420	85	identity_auto	55.244	92.108	0.3308	ImageMagick	85.0
renders	anton-sobotyak-g7aYFxxNTVA-unsplash.jpg	turbo	420	85	model_off	53.375	88.235	0.3605	ImageMagick	85.0
renders	anton-sobotyak-g7aYFxxNTVA-unsplash.jpg	turbo	420	85	model_auto	52.788	88.409	0.3692	ImageMagick	85.0
renders	anton-sobotyak-g7aYFxxNTVA-unsplash.jpg	turbo	420	85	model_policy	53.341	88.171	0.3588	ImageMagick	85.0
renders	anton-sobotyak-g7aYFxxNTVA-unsplash.jpg	turbo	420	85	model_proj	56.360	91.399	0.3084	ImageMagick	85.0
renders	anton-sobotyak-g7aYFxxNTVA-unsplash.jpg	turbo	420	90	identity_off	59.138	94.102	0.2098	ImageMagick	90.0
renders	anton-sobotyak-g7aYFxxNTVA-unsplash.jpg	turbo	420	90	identity_auto	56.932	93.392	0.2653	ImageMagick	90.0
renders	anton-sobotyak-g7aYFxxNTVA-unsplash.jpg	turbo	420	90	model_off	53.955	88.808	0.3343	ImageMagick	90.0
renders	anton-sobotyak-g7aYFxxNTVA-unsplash.jpg	turbo	420	90	model_auto	53.295	88.921	0.3437	ImageMagick	90.0
renders	anton-sobotyak-g7aYFxxNTVA-unsplash.jpg	turbo	420	90	model_policy	53.913	88.770	0.3337	ImageMagick	90.0
renders	anton-sobotyak-g7aYFxxNTVA-unsplash.jpg	turbo	420	90	model_proj	57.768	93.200	0.2273	ImageMagick	90.0
renders	anton-sobotyak-g7aYFxxNTVA-unsplash.jpg	turbo	420	93	identity_off	61.259	96.240	0.1555	ImageMagick	93.0
renders	anton-sobotyak-g7aYFxxNTVA-unsplash.jpg	turbo	420	93	identity_auto	57.870	95.224	0.2182	ImageMagick	93.0
renders	anton-sobotyak-g7aYFxxNTVA-unsplash.jpg	turbo	420	93	model_off	54.388	89.659	0.3331	ImageMagick	93.0
renders	anton-sobotyak-g7aYFxxNTVA-unsplash.jpg	turbo	420	93	model_auto	53.599	89.607	0.3382	ImageMagick	93.0
renders	anton-sobotyak-g7aYFxxNTVA-unsplash.jpg	turbo	420	93	model_policy	54.339	89.583	0.3319	ImageMagick	93.0
renders	anton-sobotyak-g7aYFxxNTVA-unsplash.jpg	turbo	420	93	model_proj	59.526	95.140	0.2046	ImageMagick	93.0
renders	anton-sobotyak-g7aYFxxNTVA-unsplash.jpg	turbo	420	96	identity_off	64.875	96.768	0.1052	ImageMagick	96.0
renders	anton-sobotyak-g7aYFxxNTVA-unsplash.jpg	turbo	420	96	identity_auto	64.875	96.768	0.1052	ImageMagick	96.0
renders	anton-sobotyak-g7aYFxxNTVA-unsplash.jpg	turbo	420	96	model_off	54.599	89.728	0.3321	ImageMagick	96.0
renders	anton-sobotyak-g7aYFxxNTVA-unsplash.jpg	turbo	420	96	model_auto	54.242	89.611	0.3348	ImageMagick	96.0
renders	anton-sobotyak-g7aYFxxNTVA-unsplash.jpg	turbo	420	96	model_policy	54.558	89.624	0.3307	ImageMagick	96.0
renders	anton-sobotyak-g7aYFxxNTVA-unsplash.jpg	turbo	420	96	model_proj	60.748	95.492	0.1763	ImageMagick	96.0
renders	anton-sobotyak-g7aYFxxNTVA-unsplash.jpg	turbo	444	85	identity_off	58.928	94.122	0.2918	ImageMagick	85.0
renders	anton-sobotyak-g7aYFxxNTVA-unsplash.jpg	turbo	444	85	identity_auto	56.408	93.789	0.3147	ImageMagick	85.0
renders	anton-sobotyak-g7aYFxxNTVA-unsplash.jpg	turbo	444	85	model_off	53.960	89.187	0.3506	ImageMagick	85.0
renders	anton-sobotyak-g7aYFxxNTVA-unsplash.jpg	turbo	444	85	model_auto	53.197	89.148	0.3610	ImageMagick	85.0
renders	anton-sobotyak-g7aYFxxNTVA-unsplash.jpg	turbo	444	85	model_policy	53.937	89.056	0.3490	ImageMagick	85.0
renders	anton-sobotyak-g7aYFxxNTVA-unsplash.jpg	turbo	444	85	model_proj	57.423	92.506	0.2883	ImageMagick	85.0
renders	anton-sobotyak-g7aYFxxNTVA-unsplash.jpg	turbo	444	90	identity_off	62.251	96.379	0.1801	ImageMagick	90.0
renders	anton-sobotyak-g7aYFxxNTVA-unsplash.jpg	turbo	444	90	identity_auto	58.370	95.381	0.2385	ImageMagick	90.0
renders	anton-sobotyak-g7aYFxxNTVA-unsplash.jpg	turbo	444	90	model_off	54.484	89.725	0.3319	ImageMagick	90.0
renders	anton-sobotyak-g7aYFxxNTVA-unsplash.jpg	turbo	444	90	model_auto	53.678	89.617	0.3396	ImageMagick	90.0
renders	anton-sobotyak-g7aYFxxNTVA-unsplash.jpg	turbo	444	90	model_policy	54.435	89.649	0.3315	ImageMagick	90.0
renders	anton-sobotyak-g7aYFxxNTVA-unsplash.jpg	turbo	444	90	model_proj	56.101	91.763	0.2663	ImageMagick	90.0
renders	anton-sobotyak-g7aYFxxNTVA-unsplash.jpg	turbo	444	93	identity_off	64.270	97.071	0.1319	ImageMagick	93.0
renders	anton-sobotyak-g7aYFxxNTVA-unsplash.jpg	turbo	444	93	identity_auto	58.932	95.802	0.2099	ImageMagick	93.0
renders	anton-sobotyak-g7aYFxxNTVA-unsplash.jpg	turbo	444	93	model_off	54.634	89.760	0.3355	ImageMagick	93.0
renders	anton-sobotyak-g7aYFxxNTVA-unsplash.jpg	turbo	444	93	model_auto	53.762	89.700	0.3382	ImageMagick	93.0
renders	anton-sobotyak-g7aYFxxNTVA-unsplash.jpg	turbo	444	93	model_policy	54.598	89.720	0.3320	ImageMagick	93.0
renders	anton-sobotyak-g7aYFxxNTVA-unsplash.jpg	turbo	444	93	model_proj	53.356	91.975	0.2682	ImageMagick	93.0
renders	anton-sobotyak-g7aYFxxNTVA-unsplash.jpg	turbo	444	96	identity_off	67.083	97.658	0.0934	ImageMagick	96.0
renders	anton-sobotyak-g7aYFxxNTVA-unsplash.jpg	turbo	444	96	identity_auto	67.083	97.658	0.0934	ImageMagick	96.0
renders	anton-sobotyak-g7aYFxxNTVA-unsplash.jpg	turbo	444	96	model_off	54.681	89.757	0.3352	ImageMagick	96.0
renders	anton-sobotyak-g7aYFxxNTVA-unsplash.jpg	turbo	444	96	model_auto	54.305	89.627	0.3351	ImageMagick	96.0
renders	anton-sobotyak-g7aYFxxNTVA-unsplash.jpg	turbo	444	96	model_policy	54.644	89.651	0.3318	ImageMagick	96.0
renders	anton-sobotyak-g7aYFxxNTVA-unsplash.jpg	turbo	444	96	model_proj	50.702	91.409	0.2842	ImageMagick	96.0
renders	anton-sobotyak-g7aYFxxNTVA-unsplash.jpg	mozjpeg	420	85	identity_off	55.376	90.516	0.4091	Mozjpeg	85.0
renders	anton-sobotyak-g7aYFxxNTVA-unsplash.jpg	mozjpeg	420	85	identity_auto	54.732	90.931	0.4153	Mozjpeg	85.0
renders	anton-sobotyak-g7aYFxxNTVA-unsplash.jpg	mozjpeg	420	85	model_off	52.662	87.369	0.4214	Mozjpeg	85.0
renders	anton-sobotyak-g7aYFxxNTVA-unsplash.jpg	mozjpeg	420	85	model_auto	52.152	87.484	0.4231	Mozjpeg	85.0
renders	anton-sobotyak-g7aYFxxNTVA-unsplash.jpg	mozjpeg	420	85	model_policy	52.630	87.237	0.4242	Mozjpeg	85.0
renders	anton-sobotyak-g7aYFxxNTVA-unsplash.jpg	mozjpeg	420	85	model_proj	54.880	90.024	0.3988	Mozjpeg	85.0
renders	anton-sobotyak-g7aYFxxNTVA-unsplash.jpg	mozjpeg	420	90	identity_off	58.635	94.408	0.2460	Mozjpeg	90.0
renders	anton-sobotyak-g7aYFxxNTVA-unsplash.jpg	mozjpeg	420	90	identity_auto	56.737	93.955	0.2839	Mozjpeg	90.0
renders	anton-sobotyak-g7aYFxxNTVA-unsplash.jpg	mozjpeg	420	90	model_off	53.838	89.091	0.3403	Mozjpeg	90.0
renders	anton-sobotyak-g7aYFxxNTVA-unsplash.jpg	mozjpeg	420	90	model_auto	53.207	89.152	0.3494	Mozjpeg	90.0
renders	anton-sobotyak-g7aYFxxNTVA-unsplash.jpg	mozjpeg	420	90	model_policy	53.797	88.963	0.3402	Mozjpeg	90.0
renders	anton-sobotyak-g7aYFxxNTVA-unsplash.jpg	mozjpeg	420	90	model_proj	56.900	92.160	0.2675	Mozjpeg	90.0
renders	anton-sobotyak-g7aYFxxNTVA-unsplash.jpg	mozjpeg	420	93	identity_off	62.402	96.356	0.1616	Mozjpeg	93.0
renders	anton-sobotyak-g7aYFxxNTVA-unsplash.jpg	mozjpeg	420	93	identity_auto	58.369	95.354	0.2320	Mozjpeg	93.0
renders	anton-sobotyak-g7aYFxxNTVA-unsplash.jpg	mozjpeg	420	93	model_off	54.412	89.639	0.3330	Mozjpeg	93.0
renders	anton-sobotyak-g7aYFxxNTVA-unsplash.jpg	mozjpeg	420	93	model_auto	53.585	89.574	0.3395	Mozjpeg	93.0
renders	anton-sobotyak-g7aYFxxNTVA-unsplash.jpg	mozjpeg	420	93	model_policy	54.374	89.590	0.3325	Mozjpeg	93.0
renders	anton-sobotyak-g7aYFxxNTVA-unsplash.jpg	mozjpeg	420	93	model_proj	59.236	94.733	0.2065	Mozjpeg	93.0
renders	anton-sobotyak-g7aYFxxNTVA-unsplash.jpg	mozjpeg	420	96	identity_off	66.257	97.204	0.1023	Mozjpeg	96.0
renders	anton-sobotyak-g7aYFxxNTVA-unsplash.jpg	mozjpeg	420	96	identity_auto	66.257	97.204	0.1023	Mozjpeg	96.0
renders	anton-sobotyak-g7aYFxxNTVA-unsplash.jpg	mozjpeg	420	96	model_off	54.660	89.752	0.3327	Mozjpeg	96.0
renders	anton-sobotyak-g7aYFxxNTVA-unsplash.jpg	mozjpeg	420	96	model_auto	54.304	89.596	0.3327	Mozjpeg	96.0
renders	anton-sobotyak-g7aYFxxNTVA-unsplash.jpg	mozjpeg	420	96	model_policy	54.618	89.679	0.3307	Mozjpeg	96.0
renders	anton-sobotyak-g7aYFxxNTVA-unsplash.jpg	mozjpeg	420	96	model_proj	60.641	95.520	0.1859	Mozjpeg	96.0
renders	anton-sobotyak-g7aYFxxNTVA-unsplash.jpg	mozjpeg	444	85	identity_off	56.827	91.999	0.3984	Mozjpeg	85.0
renders	anton-sobotyak-g7aYFxxNTVA-unsplash.jpg	mozjpeg	444	85	identity_auto	55.746	92.463	0.3971	Mozjpeg	85.0
renders	anton-sobotyak-g7aYFxxNTVA-unsplash.jpg	mozjpeg	444	85	model_off	53.120	88.116	0.4032	Mozjpeg	85.0
renders	anton-sobotyak-g7aYFxxNTVA-unsplash.jpg	mozjpeg	444	85	model_auto	52.490	88.003	0.4140	Mozjpeg	85.0
renders	anton-sobotyak-g7aYFxxNTVA-unsplash.jpg	mozjpeg	444	85	model_policy	53.085	88.005	0.4038	Mozjpeg	85.0
renders	anton-sobotyak-g7aYFxxNTVA-unsplash.jpg	mozjpeg	444	85	model_proj	55.694	90.906	0.3771	Mozjpeg	85.0
renders	anton-sobotyak-g7aYFxxNTVA-unsplash.jpg	mozjpeg	444	90	identity_off	60.662	95.746	0.2317	Mozjpeg	90.0
renders	anton-sobotyak-g7aYFxxNTVA-unsplash.jpg	mozjpeg	444	90	identity_auto	57.810	95.080	0.2722	Mozjpeg	90.0
renders	anton-sobotyak-g7aYFxxNTVA-unsplash.jpg	mozjpeg	444	90	model_off	54.134	89.424	0.3384	Mozjpeg	90.0
renders	anton-sobotyak-g7aYFxxNTVA-unsplash.jpg	mozjpeg	444	90	model_auto	53.431	89.405	0.3468	Mozjpeg	90.0
renders	anton-sobotyak-g7aYFxxNTVA-unsplash.jpg	mozjpeg	444	90	model_policy	54.099	89.284	0.3383	Mozjpeg	90.0
renders	anton-sobotyak-g7aYFxxNTVA-unsplash.jpg	mozjpeg	444	90	model_proj	56.293	91.450	0.2818	Mozjpeg	90.0
renders	anton-sobotyak-g7aYFxxNTVA-unsplash.jpg	mozjpeg	444	93	identity_off	63.615	96.870	0.1582	Mozjpeg	93.0
renders	anton-sobotyak-g7aYFxxNTVA-unsplash.jpg	mozjpeg	444	93	identity_auto	58.758	95.659	0.2307	Mozjpeg	93.0
renders	anton-sobotyak-g7aYFxxNTVA-unsplash.jpg	mozjpeg	444	93	model_off	54.525	89.708	0.3328	Mozjpeg	93.0
renders	anton-sobotyak-g7aYFxxNTVA-unsplash.jpg	mozjpeg	444	93	model_auto	53.657	89.613	0.3397	Mozjpeg	93.0
renders	anton-sobotyak-g7aYFxxNTVA-unsplash.jpg	mozjpeg	444	93	model_policy	54.487	89.648	0.3322	Mozjpeg	93.0
renders	anton-sobotyak-g7aYFxxNTVA-unsplash.jpg	mozjpeg	444	93	model_proj	53.680	92.119	0.2547	Mozjpeg	93.0
renders	anton-sobotyak-g7aYFxxNTVA-unsplash.jpg	mozjpeg	444	96	identity_off	67.670	97.750	0.1007	Mozjpeg	96.0
renders	anton-sobotyak-g7aYFxxNTVA-unsplash.jpg	mozjpeg	444	96	identity_auto	67.670	97.750	0.1007	Mozjpeg	96.0
renders	anton-sobotyak-g7aYFxxNTVA-unsplash.jpg	mozjpeg	444	96	model_off	54.716	89.795	0.3328	Mozjpeg	96.0
renders	anton-sobotyak-g7aYFxxNTVA-unsplash.jpg	mozjpeg	444	96	model_auto	54.348	89.652	0.3328	Mozjpeg	96.0
renders	anton-sobotyak-g7aYFxxNTVA-unsplash.jpg	mozjpeg	444	96	model_policy	54.677	89.697	0.3315	Mozjpeg	96.0
renders	anton-sobotyak-g7aYFxxNTVA-unsplash.jpg	mozjpeg	444	96	model_proj	51.074	90.546	0.2797	Mozjpeg	96.0
renders	anton-sobotyak-g7aYFxxNTVA-unsplash.jpg	jpegli	420	85	identity_off	53.063	87.840	0.4339	CjpegliYcbcr	1.8
renders	anton-sobotyak-g7aYFxxNTVA-unsplash.jpg	jpegli	420	85	identity_auto	53.072	88.823	0.4288	CjpegliYcbcr	1.8
renders	anton-sobotyak-g7aYFxxNTVA-unsplash.jpg	jpegli	420	85	model_off	51.486	85.393	0.4607	CjpegliYcbcr	1.8
renders	anton-sobotyak-g7aYFxxNTVA-unsplash.jpg	jpegli	420	85	model_auto	51.354	85.529	0.4480	CjpegliYcbcr	1.8
renders	anton-sobotyak-g7aYFxxNTVA-unsplash.jpg	jpegli	420	85	model_policy	51.436	85.304	0.4654	CjpegliYcbcr	1.8
renders	anton-sobotyak-g7aYFxxNTVA-unsplash.jpg	jpegli	420	85	model_proj	52.887	87.711	0.4252	CjpegliYcbcr	1.8
renders	anton-sobotyak-g7aYFxxNTVA-unsplash.jpg	jpegli	420	90	identity_off	55.832	91.108	0.3486	CjpegliYcbcr	1.3
renders	anton-sobotyak-g7aYFxxNTVA-unsplash.jpg	jpegli	420	90	identity_auto	54.906	91.330	0.3855	CjpegliYcbcr	1.3
renders	anton-sobotyak-g7aYFxxNTVA-unsplash.jpg	jpegli	420	90	model_off	52.827	87.639	0.3821	CjpegliYcbcr	1.3
renders	anton-sobotyak-g7aYFxxNTVA-unsplash.jpg	jpegli	420	90	model_auto	52.291	87.896	0.3970	CjpegliYcbcr	1.3
renders	anton-sobotyak-g7aYFxxNTVA-unsplash.jpg	jpegli	420	90	model_policy	52.815	87.580	0.3819	CjpegliYcbcr	1.3
renders	anton-sobotyak-g7aYFxxNTVA-unsplash.jpg	jpegli	420	90	model_proj	54.890	89.883	0.3492	CjpegliYcbcr	1.3
renders	anton-sobotyak-g7aYFxxNTVA-unsplash.jpg	jpegli	420	93	identity_off	57.526	92.929	0.2857	CjpegliYcbcr	1.0
renders	anton-sobotyak-g7aYFxxNTVA-unsplash.jpg	jpegli	420	93	identity_auto	56.154	92.709	0.3260	CjpegliYcbcr	1.0
renders	anton-sobotyak-g7aYFxxNTVA-unsplash.jpg	jpegli	420	93	model_off	53.510	88.299	0.3513	CjpegliYcbcr	1.0
renders	anton-sobotyak-g7aYFxxNTVA-unsplash.jpg	jpegli	420	93	model_auto	52.939	88.490	0.3629	CjpegliYcbcr	1.0
renders	anton-sobotyak-g7aYFxxNTVA-unsplash.jpg	jpegli	420	93	model_policy	53.481	88.217	0.3501	CjpegliYcbcr	1.0
renders	anton-sobotyak-g7aYFxxNTVA-unsplash.jpg	jpegli	420	93	model_proj	56.797	92.061	0.2818	CjpegliYcbcr	1.0
renders	anton-sobotyak-g7aYFxxNTVA-unsplash.jpg	jpegli	420	96	identity_off	59.001	94.613	0.2874	CjpegliYcbcr	0.5
renders	anton-sobotyak-g7aYFxxNTVA-unsplash.jpg	jpegli	420	96	identity_auto	59.001	94.613	0.2874	CjpegliYcbcr	0.5
renders	anton-sobotyak-g7aYFxxNTVA-unsplash.jpg	jpegli	420	96	model_off	53.839	89.220	0.3527	CjpegliYcbcr	0.5
renders	anton-sobotyak-g7aYFxxNTVA-unsplash.jpg	jpegli	420	96	model_auto	53.631	89.145	0.3503	CjpegliYcbcr	0.5
renders	anton-sobotyak-g7aYFxxNTVA-unsplash.jpg	jpegli	420	96	model_policy	53.809	89.134	0.3519	CjpegliYcbcr	0.5
renders	anton-sobotyak-g7aYFxxNTVA-unsplash.jpg	jpegli	420	96	model_proj	57.900	94.189	0.2764	CjpegliYcbcr	0.5
renders	anton-sobotyak-g7aYFxxNTVA-unsplash.jpg	jpegli	444	85	identity_off	55.749	91.145	0.3759	CjpegliYcbcr	1.4
renders	anton-sobotyak-g7aYFxxNTVA-unsplash.jpg	jpegli	444	85	identity_auto	54.915	91.551	0.3990	CjpegliYcbcr	1.4
renders	anton-sobotyak-g7aYFxxNTVA-unsplash.jpg	jpegli	444	85	model_off	52.691	87.760	0.4005	CjpegliYcbcr	1.4
renders	anton-sobotyak-g7aYFxxNTVA-unsplash.jpg	jpegli	444	85	model_auto	52.113	87.746	0.4138	CjpegliYcbcr	1.4
renders	anton-sobotyak-g7aYFxxNTVA-unsplash.jpg	jpegli	444	85	model_policy	52.684	87.692	0.3988	CjpegliYcbcr	1.4
renders	anton-sobotyak-g7aYFxxNTVA-unsplash.jpg	jpegli	444	85	model_proj	54.775	90.019	0.3674	CjpegliYcbcr	1.4
renders	anton-sobotyak-g7aYFxxNTVA-unsplash.jpg	jpegli	444	90	identity_off	56.889	91.460	0.3341	CjpegliYcbcr	1.1
renders	anton-sobotyak-g7aYFxxNTVA-unsplash.jpg	jpegli	444	90	identity_auto	55.766	91.512	0.3673	CjpegliYcbcr	1.1
renders	anton-sobotyak-g7aYFxxNTVA-unsplash.jpg	jpegli	444	90	model_off	53.197	87.660	0.3766	CjpegliYcbcr	1.1
renders	anton-sobotyak-g7aYFxxNTVA-unsplash.jpg	jpegli	444	90	model_auto	52.655	87.866	0.3942	CjpegliYcbcr	1.1
renders	anton-sobotyak-g7aYFxxNTVA-unsplash.jpg	jpegli	444	90	model_policy	53.174	87.591	0.3762	CjpegliYcbcr	1.1
renders	anton-sobotyak-g7aYFxxNTVA-unsplash.jpg	jpegli	444	90	model_proj	56.331	91.028	0.3285	CjpegliYcbcr	1.1
renders	anton-sobotyak-g7aYFxxNTVA-unsplash.jpg	jpegli	444	93	identity_off	56.021	91.932	0.3103	CjpegliYcbcr	0.7
renders	anton-sobotyak-g7aYFxxNTVA-unsplash.jpg	jpegli	444	93	identity_auto	55.302	91.789	0.3524	CjpegliYcbcr	0.7
renders	anton-sobotyak-g7aYFxxNTVA-unsplash.jpg	jpegli	444	93	model_off	52.956	87.616	0.3614	CjpegliYcbcr	0.7
renders	anton-sobotyak-g7aYFxxNTVA-unsplash.jpg	jpegli	444	93	model_auto	52.704	88.021	0.3814	CjpegliYcbcr	0.7
renders	anton-sobotyak-g7aYFxxNTVA-unsplash.jpg	jpegli	444	93	model_policy	52.910	87.558	0.3611	CjpegliYcbcr	0.7
renders	anton-sobotyak-g7aYFxxNTVA-unsplash.jpg	jpegli	444	93	model_proj	55.748	91.492	0.3096	CjpegliYcbcr	0.7
renders	anton-sobotyak-g7aYFxxNTVA-unsplash.jpg	jpegli	444	96	identity_off	60.512	94.860	0.2420	CjpegliYcbcr	0.3
renders	anton-sobotyak-g7aYFxxNTVA-unsplash.jpg	jpegli	444	96	identity_auto	60.512	94.860	0.2420	CjpegliYcbcr	0.3
renders	anton-sobotyak-g7aYFxxNTVA-unsplash.jpg	jpegli	444	96	model_off	54.130	89.423	0.3396	CjpegliYcbcr	0.3
renders	anton-sobotyak-g7aYFxxNTVA-unsplash.jpg	jpegli	444	96	model_auto	53.926	89.350	0.3382	CjpegliYcbcr	0.3
renders	anton-sobotyak-g7aYFxxNTVA-unsplash.jpg	jpegli	444	96	model_policy	54.107	89.309	0.3387	CjpegliYcbcr	0.3
renders	anton-sobotyak-g7aYFxxNTVA-unsplash.jpg	jpegli	444	96	model_proj	55.980	94.152	0.2266	CjpegliYcbcr	0.3
renders	anton-sobotyak-g7aYFxxNTVA-unsplash.jpg	zenjpeg	420	85	identity_off	54.896	90.080	0.3946	CjpegliYcbcr	1.8
renders	anton-sobotyak-g7aYFxxNTVA-unsplash.jpg	zenjpeg	420	85	identity_auto	54.637	90.587	0.3922	CjpegliYcbcr	1.8
renders	anton-sobotyak-g7aYFxxNTVA-unsplash.jpg	zenjpeg	420	85	model_off	52.183	86.971	0.4174	CjpegliYcbcr	1.8
renders	anton-sobotyak-g7aYFxxNTVA-unsplash.jpg	zenjpeg	420	85	model_auto	51.797	86.907	0.4161	CjpegliYcbcr	1.8
renders	anton-sobotyak-g7aYFxxNTVA-unsplash.jpg	zenjpeg	420	85	model_policy	52.115	86.895	0.4185	CjpegliYcbcr	1.8
renders	anton-sobotyak-g7aYFxxNTVA-unsplash.jpg	zenjpeg	420	85	model_proj	53.883	89.289	0.3895	CjpegliYcbcr	1.8
renders	anton-sobotyak-g7aYFxxNTVA-unsplash.jpg	zenjpeg	420	90	identity_off	56.520	91.939	0.3275	CjpegliYcbcr	1.3
renders	anton-sobotyak-g7aYFxxNTVA-unsplash.jpg	zenjpeg	420	90	identity_auto	55.480	91.816	0.3523	CjpegliYcbcr	1.3
renders	anton-sobotyak-g7aYFxxNTVA-unsplash.jpg	zenjpeg	420	90	model_off	53.104	88.001	0.3726	CjpegliYcbcr	1.3
renders	anton-sobotyak-g7aYFxxNTVA-unsplash.jpg	zenjpeg	420	90	model_auto	52.558	87.975	0.3820	CjpegliYcbcr	1.3
renders	anton-sobotyak-g7aYFxxNTVA-unsplash.jpg	zenjpeg	420	90	model_policy	53.075	87.904	0.3747	CjpegliYcbcr	1.3
renders	anton-sobotyak-g7aYFxxNTVA-unsplash.jpg	zenjpeg	420	90	model_proj	55.281	90.196	0.3395	CjpegliYcbcr	1.3
renders	anton-sobotyak-g7aYFxxNTVA-unsplash.jpg	zenjpeg	420	93	identity_off	59.315	94.101	0.2306	CjpegliYcbcr	1.0
renders	anton-sobotyak-g7aYFxxNTVA-unsplash.jpg	zenjpeg	420	93	identity_auto	57.105	93.568	0.2712	CjpegliYcbcr	1.0
renders	anton-sobotyak-g7aYFxxNTVA-unsplash.jpg	zenjpeg	420	93	model_off	53.829	88.857	0.3380	CjpegliYcbcr	1.0
renders	anton-sobotyak-g7aYFxxNTVA-unsplash.jpg	zenjpeg	420	93	model_auto	53.129	88.878	0.3473	CjpegliYcbcr	1.0
renders	anton-sobotyak-g7aYFxxNTVA-unsplash.jpg	zenjpeg	420	93	model_policy	53.794	88.755	0.3376	CjpegliYcbcr	1.0
renders	anton-sobotyak-g7aYFxxNTVA-unsplash.jpg	zenjpeg	420	93	model_proj	57.433	92.639	0.2505	CjpegliYcbcr	1.0
renders	anton-sobotyak-g7aYFxxNTVA-unsplash.jpg	zenjpeg	420	96	identity_off	62.568	96.151	0.1615	CjpegliYcbcr	0.5
renders	anton-sobotyak-g7aYFxxNTVA-unsplash.jpg	zenjpeg	420	96	identity_auto	62.568	96.151	0.1615	CjpegliYcbcr	0.5
renders	anton-sobotyak-g7aYFxxNTVA-unsplash.jpg	zenjpeg	420	96	model_off	54.407	89.618	0.3331	CjpegliYcbcr	0.5
renders	anton-sobotyak-g7aYFxxNTVA-unsplash.jpg	zenjpeg	420	96	model_auto	54.080	89.482	0.3350	CjpegliYcbcr	0.5
renders	anton-sobotyak-g7aYFxxNTVA-unsplash.jpg	zenjpeg	420	96	model_policy	54.359	89.500	0.3325	CjpegliYcbcr	0.5
renders	anton-sobotyak-g7aYFxxNTVA-unsplash.jpg	zenjpeg	420	96	model_proj	59.212	94.793	0.2044	CjpegliYcbcr	0.5
renders	anton-sobotyak-g7aYFxxNTVA-unsplash.jpg	zenjpeg	444	85	identity_off	56.689	92.248	0.3606	CjpegliYcbcr	1.4
renders	anton-sobotyak-g7aYFxxNTVA-unsplash.jpg	zenjpeg	444	85	identity_auto	55.664	92.332	0.3717	CjpegliYcbcr	1.4
renders	anton-sobotyak-g7aYFxxNTVA-unsplash.jpg	zenjpeg	444	85	model_off	53.052	88.194	0.3986	CjpegliYcbcr	1.4
renders	anton-sobotyak-g7aYFxxNTVA-unsplash.jpg	zenjpeg	444	85	model_auto	52.488	88.160	0.4009	CjpegliYcbcr	1.4
renders	anton-sobotyak-g7aYFxxNTVA-unsplash.jpg	zenjpeg	444	85	model_policy	53.027	88.128	0.4001	CjpegliYcbcr	1.4
renders	anton-sobotyak-g7aYFxxNTVA-unsplash.jpg	zenjpeg	444	85	model_proj	55.329	90.528	0.3655	CjpegliYcbcr	1.4
renders	anton-sobotyak-g7aYFxxNTVA-unsplash.jpg	zenjpeg	444	90	identity_off	58.854	94.044	0.2556	CjpegliYcbcr	1.1
renders	anton-sobotyak-g7aYFxxNTVA-unsplash.jpg	zenjpeg	444	90	identity_auto	56.991	93.645	0.2909	CjpegliYcbcr	1.1
renders	anton-sobotyak-g7aYFxxNTVA-unsplash.jpg	zenjpeg	444	90	model_off	53.716	89.108	0.3434	CjpegliYcbcr	1.1
renders	anton-sobotyak-g7aYFxxNTVA-unsplash.jpg	zenjpeg	444	90	model_auto	53.035	89.056	0.3628	CjpegliYcbcr	1.1
renders	anton-sobotyak-g7aYFxxNTVA-unsplash.jpg	zenjpeg	444	90	model_policy	53.681	89.015	0.3431	CjpegliYcbcr	1.1
renders	anton-sobotyak-g7aYFxxNTVA-unsplash.jpg	zenjpeg	444	90	model_proj	57.235	92.879	0.2691	CjpegliYcbcr	1.1
renders	anton-sobotyak-g7aYFxxNTVA-unsplash.jpg	zenjpeg	444	93	identity_off	59.516	94.529	0.2427	CjpegliYcbcr	0.7
renders	anton-sobotyak-g7aYFxxNTVA-unsplash.jpg	zenjpeg	444	93	identity_auto	57.430	94.065	0.2868	CjpegliYcbcr	0.7
renders	anton-sobotyak-g7aYFxxNTVA-unsplash.jpg	zenjpeg	444	93	model_off	53.977	89.202	0.3407	CjpegliYcbcr	0.7
renders	anton-sobotyak-g7aYFxxNTVA-unsplash.jpg	zenjpeg	444	93	model_auto	53.332	89.323	0.3511	CjpegliYcbcr	0.7
renders	anton-sobotyak-g7aYFxxNTVA-unsplash.jpg	zenjpeg	444	93	model_policy	53.932	89.111	0.3429	CjpegliYcbcr	0.7
renders	anton-sobotyak-g7aYFxxNTVA-unsplash.jpg	zenjpeg	444	93	model_proj	58.019	93.701	0.2627	CjpegliYcbcr	0.7
renders	anton-sobotyak-g7aYFxxNTVA-unsplash.jpg	zenjpeg	444	96	identity_off	64.132	95.742	0.1173	CjpegliYcbcr	0.3
renders	anton-sobotyak-g7aYFxxNTVA-unsplash.jpg	zenjpeg	444	96	identity_auto	64.132	95.742	0.1173	CjpegliYcbcr	0.3
renders	anton-sobotyak-g7aYFxxNTVA-unsplash.jpg	zenjpeg	444	96	model_off	54.552	89.536	0.3297	CjpegliYcbcr	0.3
renders	anton-sobotyak-g7aYFxxNTVA-unsplash.jpg	zenjpeg	444	96	model_auto	54.163	89.431	0.3324	CjpegliYcbcr	0.3
renders	anton-sobotyak-g7aYFxxNTVA-unsplash.jpg	zenjpeg	444	96	model_policy	54.505	89.459	0.3297	CjpegliYcbcr	0.3
renders	anton-sobotyak-g7aYFxxNTVA-unsplash.jpg	zenjpeg	444	96	model_proj	58.049	94.337	0.1907	CjpegliYcbcr	0.3
renders	itsiken-pmYoy3WaFPU-unsplash.jpg	turbo	420	85	identity_off	38.530	82.131	0.7889	ImageMagick	85.0
renders	itsiken-pmYoy3WaFPU-unsplash.jpg	turbo	420	85	identity_auto	38.533	81.052	0.8055	ImageMagick	85.0
renders	itsiken-pmYoy3WaFPU-unsplash.jpg	turbo	420	85	model_off	38.937	82.384	0.7656	ImageMagick	85.0
renders	itsiken-pmYoy3WaFPU-unsplash.jpg	turbo	420	85	model_auto	38.705	81.179	0.7984	ImageMagick	85.0
renders	itsiken-pmYoy3WaFPU-unsplash.jpg	turbo	420	85	model_policy	38.920	82.404	0.7668	ImageMagick	85.0
renders	itsiken-pmYoy3WaFPU-unsplash.jpg	turbo	420	85	model_proj	38.920	82.406	0.7668	ImageMagick	85.0
renders	itsiken-pmYoy3WaFPU-unsplash.jpg	turbo	420	90	identity_off	39.892	85.553	0.6602	ImageMagick	90.0
renders	itsiken-pmYoy3WaFPU-unsplash.jpg	turbo	420	90	identity_auto	39.917	85.399	0.6669	ImageMagick	90.0
renders	itsiken-pmYoy3WaFPU-unsplash.jpg	turbo	420	90	model_off	40.069	85.650	0.6510	ImageMagick	90.0
renders	itsiken-pmYoy3WaFPU-unsplash.jpg	turbo	420	90	model_auto	40.011	85.482	0.6630	ImageMagick	90.0
renders	itsiken-pmYoy3WaFPU-unsplash.jpg	turbo	420	90	model_policy	40.063	85.638	0.6512	ImageMagick	90.0
renders	itsiken-pmYoy3WaFPU-unsplash.jpg	turbo	420	90	model_proj	40.063	85.642	0.6512	ImageMagick	90.0
renders	itsiken-pmYoy3WaFPU-unsplash.jpg	turbo	420	93	identity_off	41.200	87.930	0.5538	ImageMagick	93.0
renders	itsiken-pmYoy3WaFPU-unsplash.jpg	turbo	420	93	identity_auto	41.183	87.724	0.5653	ImageMagick	93.0
renders	itsiken-pmYoy3WaFPU-unsplash.jpg	turbo	420	93	model_off	41.280	88.030	0.5504	ImageMagick	93.0
renders	itsiken-pmYoy3WaFPU-unsplash.jpg	turbo	420	93	model_auto	41.228	87.822	0.5639	ImageMagick	93.0
renders	itsiken-pmYoy3WaFPU-unsplash.jpg	turbo	420	93	model_policy	41.280	88.034	0.5503	ImageMagick	93.0
renders	itsiken-pmYoy3WaFPU-unsplash.jpg	turbo	420	93	model_proj	41.281	88.001	0.5503	ImageMagick	93.0
renders	itsiken-pmYoy3WaFPU-unsplash.jpg	turbo	420	96	identity_off	43.657	91.279	0.3849	ImageMagick	96.0
renders	itsiken-pmYoy3WaFPU-unsplash.jpg	turbo	420	96	identity_auto	43.657	91.279	0.3849	ImageMagick	96.0
renders	itsiken-pmYoy3WaFPU-unsplash.jpg	turbo	420	96	model_off	43.697	91.287	0.3833	ImageMagick	96.0
renders	itsiken-pmYoy3WaFPU-unsplash.jpg	turbo	420	96	model_auto	43.686	91.316	0.3840	ImageMagick	96.0
renders	itsiken-pmYoy3WaFPU-unsplash.jpg	turbo	420	96	model_policy	43.703	91.317	0.3831	ImageMagick	96.0
renders	itsiken-pmYoy3WaFPU-unsplash.jpg	turbo	420	96	model_proj	43.703	91.290	0.3831	ImageMagick	96.0
renders	itsiken-pmYoy3WaFPU-unsplash.jpg	turbo	444	85	identity_off	39.269	84.211	0.7827	ImageMagick	85.0
renders	itsiken-pmYoy3WaFPU-unsplash.jpg	turbo	444	85	identity_auto	39.325	83.161	0.7972	ImageMagick	85.0
renders	itsiken-pmYoy3WaFPU-unsplash.jpg	turbo	444	85	model_off	39.693	84.190	0.7595	ImageMagick	85.0
renders	itsiken-pmYoy3WaFPU-unsplash.jpg	turbo	444	85	model_auto	39.461	82.934	0.7909	ImageMagick	85.0
renders	itsiken-pmYoy3WaFPU-unsplash.jpg	turbo	444	85	model_policy	39.679	84.217	0.7607	ImageMagick	85.0
renders	itsiken-pmYoy3WaFPU-unsplash.jpg	turbo	444	85	model_proj	39.679	84.161	0.7607	ImageMagick	85.0
renders	itsiken-pmYoy3WaFPU-unsplash.jpg	turbo	444	90	identity_off	40.704	87.342	0.6539	ImageMagick	90.0
renders	itsiken-pmYoy3WaFPU-unsplash.jpg	turbo	444	90	identity_auto	40.752	87.186	0.6601	ImageMagick	90.0
renders	itsiken-pmYoy3WaFPU-unsplash.jpg	turbo	444	90	model_off	40.893	87.318	0.6451	ImageMagick	90.0
renders	itsiken-pmYoy3WaFPU-unsplash.jpg	turbo	444	90	model_auto	40.836	87.115	0.6567	ImageMagick	90.0
renders	itsiken-pmYoy3WaFPU-unsplash.jpg	turbo	444	90	model_policy	40.886	87.312	0.6454	ImageMagick	90.0
renders	itsiken-pmYoy3WaFPU-unsplash.jpg	turbo	444	90	model_proj	40.880	86.863	0.6434	ImageMagick	90.0
renders	itsiken-pmYoy3WaFPU-unsplash.jpg	turbo	444	93	identity_off	42.126	89.638	0.5467	ImageMagick	93.0
renders	itsiken-pmYoy3WaFPU-unsplash.jpg	turbo	444	93	identity_auto	42.118	89.405	0.5578	ImageMagick	93.0
renders	itsiken-pmYoy3WaFPU-unsplash.jpg	turbo	444	93	model_off	42.208	89.619	0.5436	ImageMagick	93.0
renders	itsiken-pmYoy3WaFPU-unsplash.jpg	turbo	444	93	model_auto	42.159	89.385	0.5566	ImageMagick	93.0
renders	itsiken-pmYoy3WaFPU-unsplash.jpg	turbo	444	93	model_policy	42.208	89.632	0.5437	ImageMagick	93.0
renders	itsiken-pmYoy3WaFPU-unsplash.jpg	turbo	444	93	model_proj	42.048	88.454	0.5464	ImageMagick	93.0
renders	itsiken-pmYoy3WaFPU-unsplash.jpg	turbo	444	96	identity_off	44.963	92.735	0.3740	ImageMagick	96.0
renders	itsiken-pmYoy3WaFPU-unsplash.jpg	turbo	444	96	identity_auto	44.963	92.735	0.3740	ImageMagick	96.0
renders	itsiken-pmYoy3WaFPU-unsplash.jpg	turbo	444	96	model_off	45.005	92.692	0.3727	ImageMagick	96.0
renders	itsiken-pmYoy3WaFPU-unsplash.jpg	turbo	444	96	model_auto	44.991	92.695	0.3731	ImageMagick	96.0
renders	itsiken-pmYoy3WaFPU-unsplash.jpg	turbo	444	96	model_policy	45.008	92.717	0.3726	ImageMagick	96.0
renders	itsiken-pmYoy3WaFPU-unsplash.jpg	turbo	444	96	model_proj	44.120	90.700	0.4140	ImageMagick	96.0
renders	itsiken-pmYoy3WaFPU-unsplash.jpg	mozjpeg	420	85	identity_off	38.200	80.878	0.8579	Mozjpeg	85.0
renders	itsiken-pmYoy3WaFPU-unsplash.jpg	mozjpeg	420	85	identity_auto	38.202	79.769	0.8773	Mozjpeg	85.0
renders	itsiken-pmYoy3WaFPU-unsplash.jpg	mozjpeg	420	85	model_off	38.577	80.847	0.8395	Mozjpeg	85.0
renders	itsiken-pmYoy3WaFPU-unsplash.jpg	mozjpeg	420	85	model_auto	38.374	79.771	0.8705	Mozjpeg	85.0
renders	itsiken-pmYoy3WaFPU-unsplash.jpg	mozjpeg	420	85	model_policy	38.579	80.906	0.8383	Mozjpeg	85.0
renders	itsiken-pmYoy3WaFPU-unsplash.jpg	mozjpeg	420	85	model_proj	38.579	80.905	0.8383	Mozjpeg	85.0
renders	itsiken-pmYoy3WaFPU-unsplash.jpg	mozjpeg	420	90	identity_off	39.639	84.757	0.7160	Mozjpeg	90.0
renders	itsiken-pmYoy3WaFPU-unsplash.jpg	mozjpeg	420	90	identity_auto	39.650	84.498	0.7277	Mozjpeg	90.0
renders	itsiken-pmYoy3WaFPU-unsplash.jpg	mozjpeg	420	90	model_off	39.873	84.661	0.7068	Mozjpeg	90.0
renders	itsiken-pmYoy3WaFPU-unsplash.jpg	mozjpeg	420	90	model_auto	39.788	84.369	0.7217	Mozjpeg	90.0
renders	itsiken-pmYoy3WaFPU-unsplash.jpg	mozjpeg	420	90	model_policy	39.874	84.701	0.7060	Mozjpeg	90.0
renders	itsiken-pmYoy3WaFPU-unsplash.jpg	mozjpeg	420	90	model_proj	39.874	84.703	0.7060	Mozjpeg	90.0
renders	itsiken-pmYoy3WaFPU-unsplash.jpg	mozjpeg	420	93	identity_off	40.906	87.114	0.6119	Mozjpeg	93.0
renders	itsiken-pmYoy3WaFPU-unsplash.jpg	mozjpeg	420	93	identity_auto	40.879	86.808	0.6264	Mozjpeg	93.0
renders	itsiken-pmYoy3WaFPU-unsplash.jpg	mozjpeg	420	93	model_off	41.032	87.076	0.6068	Mozjpeg	93.0
renders	itsiken-pmYoy3WaFPU-unsplash.jpg	mozjpeg	420	93	model_auto	40.948	86.801	0.6235	Mozjpeg	93.0
renders	itsiken-pmYoy3WaFPU-unsplash.jpg	mozjpeg	420	93	model_policy	41.032	87.107	0.6066	Mozjpeg	93.0
renders	itsiken-pmYoy3WaFPU-unsplash.jpg	mozjpeg	420	93	model_proj	41.033	87.108	0.6065	Mozjpeg	93.0
renders	itsiken-pmYoy3WaFPU-unsplash.jpg	mozjpeg	420	96	identity_off	43.208	90.378	0.4504	Mozjpeg	96.0
renders	itsiken-pmYoy3WaFPU-unsplash.jpg	mozjpeg	420	96	identity_auto	43.208	90.378	0.4504	Mozjpeg	96.0
renders	itsiken-pmYoy3WaFPU-unsplash.jpg	mozjpeg	420	96	model_off	43.243	90.383	0.4495	Mozjpeg	96.0
renders	itsiken-pmYoy3WaFPU-unsplash.jpg	mozjpeg	420	96	model_auto	43.242	90.376	0.4494	Mozjpeg	96.0
renders	itsiken-pmYoy3WaFPU-unsplash.jpg	mozjpeg	420	96	model_policy	43.245	90.365	0.4494	Mozjpeg	96.0
renders	itsiken-pmYoy3WaFPU-unsplash.jpg	mozjpeg	420	96	model_proj	43.245	90.369	0.4493	Mozjpeg	96.0
renders	itsiken-pmYoy3WaFPU-unsplash.jpg	mozjpeg	444	85	identity_off	38.665	82.292	0.8537	Mozjpeg	85.0
renders	itsiken-pmYoy3WaFPU-unsplash.jpg	mozjpeg	444	85	identity_auto	38.707	81.273	0.8709	Mozjpeg	85.0
renders	itsiken-pmYoy3WaFPU-unsplash.jpg	mozjpeg	444	85	model_off	38.979	81.841	0.8355	Mozjpeg	85.0
renders	itsiken-pmYoy3WaFPU-unsplash.jpg	mozjpeg	444	85	model_auto	38.788	80.734	0.8648	Mozjpeg	85.0
renders	itsiken-pmYoy3WaFPU-unsplash.jpg	mozjpeg	444	85	model_policy	38.988	81.965	0.8341	Mozjpeg	85.0
renders	itsiken-pmYoy3WaFPU-unsplash.jpg	mozjpeg	444	85	model_proj	39.000	82.087	0.8344	Mozjpeg	85.0
renders	itsiken-pmYoy3WaFPU-unsplash.jpg	mozjpeg	444	90	identity_off	40.146	86.023	0.7108	Mozjpeg	90.0
renders	itsiken-pmYoy3WaFPU-unsplash.jpg	mozjpeg	444	90	identity_auto	40.169	85.782	0.7219	Mozjpeg	90.0
renders	itsiken-pmYoy3WaFPU-unsplash.jpg	mozjpeg	444	90	model_off	40.338	85.528	0.7016	Mozjpeg	90.0
renders	itsiken-pmYoy3WaFPU-unsplash.jpg	mozjpeg	444	90	model_auto	40.239	85.023	0.7167	Mozjpeg	90.0
renders	itsiken-pmYoy3WaFPU-unsplash.jpg	mozjpeg	444	90	model_policy	40.340	85.595	0.7012	Mozjpeg	90.0
renders	itsiken-pmYoy3WaFPU-unsplash.jpg	mozjpeg	444	90	model_proj	40.315	85.493	0.7029	Mozjpeg	90.0
renders	itsiken-pmYoy3WaFPU-unsplash.jpg	mozjpeg	444	93	identity_off	41.506	88.324	0.6053	Mozjpeg	93.0
renders	itsiken-pmYoy3WaFPU-unsplash.jpg	mozjpeg	444	93	identity_auto	41.481	88.026	0.6197	Mozjpeg	93.0
renders	itsiken-pmYoy3WaFPU-unsplash.jpg	mozjpeg	444	93	model_off	41.604	88.021	0.6006	Mozjpeg	93.0
renders	itsiken-pmYoy3WaFPU-unsplash.jpg	mozjpeg	444	93	model_auto	41.510	87.554	0.6171	Mozjpeg	93.0
renders	itsiken-pmYoy3WaFPU-unsplash.jpg	mozjpeg	444	93	model_policy	41.608	88.071	0.6005	Mozjpeg	93.0
renders	itsiken-pmYoy3WaFPU-unsplash.jpg	mozjpeg	444	93	model_proj	41.485	87.353	0.6041	Mozjpeg	93.0
renders	itsiken-pmYoy3WaFPU-unsplash.jpg	mozjpeg	444	96	identity_off	44.037	91.473	0.4428	Mozjpeg	96.0
renders	itsiken-pmYoy3WaFPU-unsplash.jpg	mozjpeg	444	96	identity_auto	44.037	91.473	0.4428	Mozjpeg	96.0
renders	itsiken-pmYoy3WaFPU-unsplash.jpg	mozjpeg	444	96	model_off	44.059	91.286	0.4422	Mozjpeg	96.0
renders	itsiken-pmYoy3WaFPU-unsplash.jpg	mozjpeg	444	96	model_auto	44.048	91.157	0.4422	Mozjpeg	96.0
renders	itsiken-pmYoy3WaFPU-unsplash.jpg	mozjpeg	444	96	model_policy	44.060	91.316	0.4420	Mozjpeg	96.0
renders	itsiken-pmYoy3WaFPU-unsplash.jpg	mozjpeg	444	96	model_proj	43.373	89.563	0.4704	Mozjpeg	96.0
renders	itsiken-pmYoy3WaFPU-unsplash.jpg	jpegli	420	85	identity_off	37.037	77.353	0.9613	CjpegliYcbcr	1.8
renders	itsiken-pmYoy3WaFPU-unsplash.jpg	jpegli	420	85	identity_auto	37.147	76.904	0.9525	CjpegliYcbcr	1.8
renders	itsiken-pmYoy3WaFPU-unsplash.jpg	jpegli	420	85	model_off	37.442	77.523	0.9481	CjpegliYcbcr	1.8
renders	itsiken-pmYoy3WaFPU-unsplash.jpg	jpegli	420	85	model_auto	37.432	77.252	0.9498	CjpegliYcbcr	1.8
renders	itsiken-pmYoy3WaFPU-unsplash.jpg	jpegli	420	85	model_policy	37.442	77.542	0.9464	CjpegliYcbcr	1.8
renders	itsiken-pmYoy3WaFPU-unsplash.jpg	jpegli	420	85	model_proj	37.442	77.553	0.9464	CjpegliYcbcr	1.8
renders	itsiken-pmYoy3WaFPU-unsplash.jpg	jpegli	420	90	identity_off	38.723	82.107	0.7569	CjpegliYcbcr	1.3
renders	itsiken-pmYoy3WaFPU-unsplash.jpg	jpegli	420	90	identity_auto	38.739	81.879	0.7675	CjpegliYcbcr	1.3
renders	itsiken-pmYoy3WaFPU-unsplash.jpg	jpegli	420	90	model_off	38.954	82.184	0.7514	CjpegliYcbcr	1.3
renders	itsiken-pmYoy3WaFPU-unsplash.jpg	jpegli	420	90	model_auto	38.922	82.165	0.7640	CjpegliYcbcr	1.3
renders	itsiken-pmYoy3WaFPU-unsplash.jpg	jpegli	420	90	model_policy	38.955	82.239	0.7507	CjpegliYcbcr	1.3
renders	itsiken-pmYoy3WaFPU-unsplash.jpg	jpegli	420	90	model_proj	38.956	82.243	0.7506	CjpegliYcbcr	1.3
renders	itsiken-pmYoy3WaFPU-unsplash.jpg	jpegli	420	93	identity_off	40.420	85.777	0.5938	CjpegliYcbcr	1.0
renders	itsiken-pmYoy3WaFPU-unsplash.jpg	jpegli	420	93	identity_auto	40.396	85.513	0.6086	CjpegliYcbcr	1.0
renders	itsiken-pmYoy3WaFPU-unsplash.jpg	jpegli	420	93	model_off	40.516	85.802	0.5919	CjpegliYcbcr	1.0
renders	itsiken-pmYoy3WaFPU-unsplash.jpg	jpegli	420	93	model_auto	40.467	85.616	0.6081	CjpegliYcbcr	1.0
renders	itsiken-pmYoy3WaFPU-unsplash.jpg	jpegli	420	93	model_policy	40.518	85.814	0.5915	CjpegliYcbcr	1.0
renders	itsiken-pmYoy3WaFPU-unsplash.jpg	jpegli	420	93	model_proj	40.518	85.792	0.5915	CjpegliYcbcr	1.0
renders	itsiken-pmYoy3WaFPU-unsplash.jpg	jpegli	420	96	identity_off	42.931	89.658	0.4150	CjpegliYcbcr	0.5
renders	itsiken-pmYoy3WaFPU-unsplash.jpg	jpegli	420	96	identity_auto	42.931	89.658	0.4150	CjpegliYcbcr	0.5
renders	itsiken-pmYoy3WaFPU-unsplash.jpg	jpegli	420	96	model_off	42.953	89.644	0.4146	CjpegliYcbcr	0.5
renders	itsiken-pmYoy3WaFPU-unsplash.jpg	jpegli	420	96	model_auto	42.960	89.749	0.4148	CjpegliYcbcr	0.5
renders	itsiken-pmYoy3WaFPU-unsplash.jpg	jpegli	420	96	model_policy	42.956	89.653	0.4145	CjpegliYcbcr	0.5
renders	itsiken-pmYoy3WaFPU-unsplash.jpg	jpegli	420	96	model_proj	42.957	89.668	0.4145	CjpegliYcbcr	0.5
renders	itsiken-pmYoy3WaFPU-unsplash.jpg	jpegli	444	85	identity_off	37.645	79.804	0.8565	CjpegliYcbcr	1.4
renders	itsiken-pmYoy3WaFPU-unsplash.jpg	jpegli	444	85	identity_auto	37.719	79.690	0.8637	CjpegliYcbcr	1.4
renders	itsiken-pmYoy3WaFPU-unsplash.jpg	jpegli	444	85	model_off	38.133	79.985	0.8469	CjpegliYcbcr	1.4
renders	itsiken-pmYoy3WaFPU-unsplash.jpg	jpegli	444	85	model_auto	38.114	79.966	0.8576	CjpegliYcbcr	1.4
renders	itsiken-pmYoy3WaFPU-unsplash.jpg	jpegli	444	85	model_policy	38.137	80.028	0.8454	CjpegliYcbcr	1.4
renders	itsiken-pmYoy3WaFPU-unsplash.jpg	jpegli	444	85	model_proj	38.145	80.139	0.8451	CjpegliYcbcr	1.4
renders	itsiken-pmYoy3WaFPU-unsplash.jpg	jpegli	444	90	identity_off	39.379	84.225	0.6693	CjpegliYcbcr	1.1
renders	itsiken-pmYoy3WaFPU-unsplash.jpg	jpegli	444	90	identity_auto	39.437	84.080	0.6788	CjpegliYcbcr	1.1
renders	itsiken-pmYoy3WaFPU-unsplash.jpg	jpegli	444	90	model_off	39.676	84.406	0.6640	CjpegliYcbcr	1.1
renders	itsiken-pmYoy3WaFPU-unsplash.jpg	jpegli	444	90	model_auto	39.644	84.248	0.6761	CjpegliYcbcr	1.1
renders	itsiken-pmYoy3WaFPU-unsplash.jpg	jpegli	444	90	model_policy	39.684	84.433	0.6634	CjpegliYcbcr	1.1
renders	itsiken-pmYoy3WaFPU-unsplash.jpg	jpegli	444	90	model_proj	39.703	84.611	0.6633	CjpegliYcbcr	1.1
renders	itsiken-pmYoy3WaFPU-unsplash.jpg	jpegli	444	93	identity_off	41.131	87.440	0.5144	CjpegliYcbcr	0.7
renders	itsiken-pmYoy3WaFPU-unsplash.jpg	jpegli	444	93	identity_auto	41.158	87.208	0.5332	CjpegliYcbcr	0.7
renders	itsiken-pmYoy3WaFPU-unsplash.jpg	jpegli	444	93	model_off	41.266	87.441	0.5127	CjpegliYcbcr	0.7
renders	itsiken-pmYoy3WaFPU-unsplash.jpg	jpegli	444	93	model_auto	41.252	87.217	0.5328	CjpegliYcbcr	0.7
renders	itsiken-pmYoy3WaFPU-unsplash.jpg	jpegli	444	93	model_policy	41.273	87.439	0.5124	CjpegliYcbcr	0.7
renders	itsiken-pmYoy3WaFPU-unsplash.jpg	jpegli	444	93	model_proj	41.275	87.491	0.5126	CjpegliYcbcr	0.7
renders	itsiken-pmYoy3WaFPU-unsplash.jpg	jpegli	444	96	identity_off	43.718	90.805	0.3476	CjpegliYcbcr	0.3
renders	itsiken-pmYoy3WaFPU-unsplash.jpg	jpegli	444	96	identity_auto	43.718	90.805	0.3476	CjpegliYcbcr	0.3
renders	itsiken-pmYoy3WaFPU-unsplash.jpg	jpegli	444	96	model_off	43.768	90.792	0.3473	CjpegliYcbcr	0.3
renders	itsiken-pmYoy3WaFPU-unsplash.jpg	jpegli	444	96	model_auto	43.775	90.798	0.3474	CjpegliYcbcr	0.3
renders	itsiken-pmYoy3WaFPU-unsplash.jpg	jpegli	444	96	model_policy	43.773	90.818	0.3471	CjpegliYcbcr	0.3
renders	itsiken-pmYoy3WaFPU-unsplash.jpg	jpegli	444	96	model_proj	43.727	90.923	0.3503	CjpegliYcbcr	0.3
renders	itsiken-pmYoy3WaFPU-unsplash.jpg	zenjpeg	420	85	identity_off	37.019	77.217	0.9634	CjpegliYcbcr	1.8
renders	itsiken-pmYoy3WaFPU-unsplash.jpg	zenjpeg	420	85	identity_auto	37.130	76.785	0.9546	CjpegliYcbcr	1.8
renders	itsiken-pmYoy3WaFPU-unsplash.jpg	zenjpeg	420	85	model_off	37.426	77.446	0.9497	CjpegliYcbcr	1.8
renders	itsiken-pmYoy3WaFPU-unsplash.jpg	zenjpeg	420	85	model_auto	37.416	77.243	0.9519	CjpegliYcbcr	1.8
renders	itsiken-pmYoy3WaFPU-unsplash.jpg	zenjpeg	420	85	model_policy	37.425	77.489	0.9478	CjpegliYcbcr	1.8
renders	itsiken-pmYoy3WaFPU-unsplash.jpg	zenjpeg	420	85	model_proj	37.425	77.491	0.9478	CjpegliYcbcr	1.8
renders	itsiken-pmYoy3WaFPU-unsplash.jpg	zenjpeg	420	90	identity_off	38.702	81.987	0.7593	CjpegliYcbcr	1.3
renders	itsiken-pmYoy3WaFPU-unsplash.jpg	zenjpeg	420	90	identity_auto	38.719	81.791	0.7702	CjpegliYcbcr	1.3
renders	itsiken-pmYoy3WaFPU-unsplash.jpg	zenjpeg	420	90	model_off	38.936	82.034	0.7539	CjpegliYcbcr	1.3
renders	itsiken-pmYoy3WaFPU-unsplash.jpg	zenjpeg	420	90	model_auto	38.907	82.027	0.7666	CjpegliYcbcr	1.3
renders	itsiken-pmYoy3WaFPU-unsplash.jpg	zenjpeg	420	90	model_policy	38.939	82.095	0.7529	CjpegliYcbcr	1.3
renders	itsiken-pmYoy3WaFPU-unsplash.jpg	zenjpeg	420	90	model_proj	38.939	82.100	0.7529	CjpegliYcbcr	1.3
renders	itsiken-pmYoy3WaFPU-unsplash.jpg	zenjpeg	420	93	identity_off	40.391	85.720	0.5963	CjpegliYcbcr	1.0
renders	itsiken-pmYoy3WaFPU-unsplash.jpg	zenjpeg	420	93	identity_auto	40.367	85.461	0.6118	CjpegliYcbcr	1.0
renders	itsiken-pmYoy3WaFPU-unsplash.jpg	zenjpeg	420	93	model_off	40.489	85.756	0.5945	CjpegliYcbcr	1.0
renders	itsiken-pmYoy3WaFPU-unsplash.jpg	zenjpeg	420	93	model_auto	40.438	85.586	0.6114	CjpegliYcbcr	1.0
renders	itsiken-pmYoy3WaFPU-unsplash.jpg	zenjpeg	420	93	model_policy	40.491	85.765	0.5942	CjpegliYcbcr	1.0
renders	itsiken-pmYoy3WaFPU-unsplash.jpg	zenjpeg	420	93	model_proj	40.491	85.751	0.5942	CjpegliYcbcr	1.0
renders	itsiken-pmYoy3WaFPU-unsplash.jpg	zenjpeg	420	96	identity_off	42.903	89.667	0.4160	CjpegliYcbcr	0.5
renders	itsiken-pmYoy3WaFPU-unsplash.jpg	zenjpeg	420	96	identity_auto	42.903	89.667	0.4160	CjpegliYcbcr	0.5
renders	itsiken-pmYoy3WaFPU-unsplash.jpg	zenjpeg	420	96	model_off	42.927	89.685	0.4157	CjpegliYcbcr	0.5
renders	itsiken-pmYoy3WaFPU-unsplash.jpg	zenjpeg	420	96	model_auto	42.934	89.738	0.4158	CjpegliYcbcr	0.5
renders	itsiken-pmYoy3WaFPU-unsplash.jpg	zenjpeg	420	96	model_policy	42.929	89.678	0.4156	CjpegliYcbcr	0.5
renders	itsiken-pmYoy3WaFPU-unsplash.jpg	zenjpeg	420	96	model_proj	42.929	89.686	0.4156	CjpegliYcbcr	0.5
renders	itsiken-pmYoy3WaFPU-unsplash.jpg	zenjpeg	444	85	identity_off	37.641	79.830	0.8617	CjpegliYcbcr	1.4
renders	itsiken-pmYoy3WaFPU-unsplash.jpg	zenjpeg	444	85	identity_auto	37.714	79.721	0.8689	CjpegliYcbcr	1.4
renders	itsiken-pmYoy3WaFPU-unsplash.jpg	zenjpeg	444	85	model_off	38.129	79.983	0.8519	CjpegliYcbcr	1.4
renders	itsiken-pmYoy3WaFPU-unsplash.jpg	zenjpeg	444	85	model_auto	38.106	79.925	0.8628	CjpegliYcbcr	1.4
renders	itsiken-pmYoy3WaFPU-unsplash.jpg	zenjpeg	444	85	model_policy	38.135	80.032	0.8502	CjpegliYcbcr	1.4
renders	itsiken-pmYoy3WaFPU-unsplash.jpg	zenjpeg	444	85	model_proj	38.141	80.133	0.8505	CjpegliYcbcr	1.4
renders	itsiken-pmYoy3WaFPU-unsplash.jpg	zenjpeg	444	90	identity_off	39.366	84.297	0.6707	CjpegliYcbcr	1.1
renders	itsiken-pmYoy3WaFPU-unsplash.jpg	zenjpeg	444	90	identity_auto	39.420	84.082	0.6806	CjpegliYcbcr	1.1
renders	itsiken-pmYoy3WaFPU-unsplash.jpg	zenjpeg	444	90	model_off	39.659	84.439	0.6657	CjpegliYcbcr	1.1
renders	itsiken-pmYoy3WaFPU-unsplash.jpg	zenjpeg	444	90	model_auto	39.628	84.299	0.6778	CjpegliYcbcr	1.1
renders	itsiken-pmYoy3WaFPU-unsplash.jpg	zenjpeg	444	90	model_policy	39.667	84.433	0.6648	CjpegliYcbcr	1.1
renders	itsiken-pmYoy3WaFPU-unsplash.jpg	zenjpeg	444	90	model_proj	39.686	84.608	0.6646	CjpegliYcbcr	1.1
renders	itsiken-pmYoy3WaFPU-unsplash.jpg	zenjpeg	444	93	identity_off	41.103	87.477	0.5170	CjpegliYcbcr	0.7
renders	itsiken-pmYoy3WaFPU-unsplash.jpg	zenjpeg	444	93	identity_auto	41.127	87.263	0.5356	CjpegliYcbcr	0.7
renders	itsiken-pmYoy3WaFPU-unsplash.jpg	zenjpeg	444	93	model_off	41.239	87.443	0.5153	CjpegliYcbcr	0.7
renders	itsiken-pmYoy3WaFPU-unsplash.jpg	zenjpeg	444	93	model_auto	41.223	87.214	0.5351	CjpegliYcbcr	0.7
renders	itsiken-pmYoy3WaFPU-unsplash.jpg	zenjpeg	444	93	model_policy	41.246	87.460	0.5150	CjpegliYcbcr	0.7
renders	itsiken-pmYoy3WaFPU-unsplash.jpg	zenjpeg	444	93	model_proj	41.242	87.479	0.5155	CjpegliYcbcr	0.7
renders	itsiken-pmYoy3WaFPU-unsplash.jpg	zenjpeg	444	96	identity_off	43.666	90.816	0.3508	CjpegliYcbcr	0.3
renders	itsiken-pmYoy3WaFPU-unsplash.jpg	zenjpeg	444	96	identity_auto	43.666	90.816	0.3508	CjpegliYcbcr	0.3
renders	itsiken-pmYoy3WaFPU-unsplash.jpg	zenjpeg	444	96	model_off	43.718	90.782	0.3504	CjpegliYcbcr	0.3
renders	itsiken-pmYoy3WaFPU-unsplash.jpg	zenjpeg	444	96	model_auto	43.725	90.801	0.3505	CjpegliYcbcr	0.3
renders	itsiken-pmYoy3WaFPU-unsplash.jpg	zenjpeg	444	96	model_policy	43.723	90.772	0.3503	CjpegliYcbcr	0.3
renders	itsiken-pmYoy3WaFPU-unsplash.jpg	zenjpeg	444	96	model_proj	43.622	90.457	0.3553	CjpegliYcbcr	0.3
textures	anca-gabriela-zosin-bMOnYbmQxHA-unsplash.jpg	turbo	420	85	identity_off	41.622	82.693	0.9015	ImageMagick	85.0
textures	anca-gabriela-zosin-bMOnYbmQxHA-unsplash.jpg	turbo	420	85	identity_auto	41.662	82.927	0.9077	ImageMagick	85.0
textures	anca-gabriela-zosin-bMOnYbmQxHA-unsplash.jpg	turbo	420	85	model_off	41.773	82.988	0.8957	ImageMagick	85.0
textures	anca-gabriela-zosin-bMOnYbmQxHA-unsplash.jpg	turbo	420	85	model_auto	41.769	82.839	0.9421	ImageMagick	85.0
textures	anca-gabriela-zosin-bMOnYbmQxHA-unsplash.jpg	turbo	420	85	model_policy	41.781	83.093	0.8783	ImageMagick	85.0
textures	anca-gabriela-zosin-bMOnYbmQxHA-unsplash.jpg	turbo	420	85	model_proj	41.786	83.072	0.8773	ImageMagick	85.0
textures	anca-gabriela-zosin-bMOnYbmQxHA-unsplash.jpg	turbo	420	90	identity_off	43.349	87.015	0.7088	ImageMagick	90.0
textures	anca-gabriela-zosin-bMOnYbmQxHA-unsplash.jpg	turbo	420	90	identity_auto	43.344	87.039	0.7297	ImageMagick	90.0
textures	anca-gabriela-zosin-bMOnYbmQxHA-unsplash.jpg	turbo	420	90	model_off	43.430	86.954	0.7124	ImageMagick	90.0
textures	anca-gabriela-zosin-bMOnYbmQxHA-unsplash.jpg	turbo	420	90	model_auto	43.420	86.858	0.7736	ImageMagick	90.0
textures	anca-gabriela-zosin-bMOnYbmQxHA-unsplash.jpg	turbo	420	90	model_policy	43.440	87.034	0.7043	ImageMagick	90.0
textures	anca-gabriela-zosin-bMOnYbmQxHA-unsplash.jpg	turbo	420	90	model_proj	43.448	87.015	0.7026	ImageMagick	90.0
textures	anca-gabriela-zosin-bMOnYbmQxHA-unsplash.jpg	turbo	420	93	identity_off	44.766	89.334	0.5760	ImageMagick	93.0
textures	anca-gabriela-zosin-bMOnYbmQxHA-unsplash.jpg	turbo	420	93	identity_auto	44.660	89.215	0.6083	ImageMagick	93.0
textures	anca-gabriela-zosin-bMOnYbmQxHA-unsplash.jpg	turbo	420	93	model_off	44.727	88.963	0.6260	ImageMagick	93.0
textures	anca-gabriela-zosin-bMOnYbmQxHA-unsplash.jpg	turbo	420	93	model_auto	44.671	88.811	0.7233	ImageMagick	93.0
textures	anca-gabriela-zosin-bMOnYbmQxHA-unsplash.jpg	turbo	420	93	model_policy	44.741	88.917	0.6199	ImageMagick	93.0
textures	anca-gabriela-zosin-bMOnYbmQxHA-unsplash.jpg	turbo	420	93	model_proj	44.758	89.020	0.6156	ImageMagick	93.0
textures	anca-gabriela-zosin-bMOnYbmQxHA-unsplash.jpg	turbo	420	96	identity_off	46.985	91.693	0.4276	ImageMagick	96.0
textures	anca-gabriela-zosin-bMOnYbmQxHA-unsplash.jpg	turbo	420	96	identity_auto	46.985	91.693	0.4276	ImageMagick	96.0
textures	anca-gabriela-zosin-bMOnYbmQxHA-unsplash.jpg	turbo	420	96	model_off	46.639	90.655	0.5254	ImageMagick	96.0
textures	anca-gabriela-zosin-bMOnYbmQxHA-unsplash.jpg	turbo	420	96	model_auto	46.845	90.926	0.5067	ImageMagick	96.0
textures	anca-gabriela-zosin-bMOnYbmQxHA-unsplash.jpg	turbo	420	96	model_policy	46.693	90.812	0.5149	ImageMagick	96.0
textures	anca-gabriela-zosin-bMOnYbmQxHA-unsplash.jpg	turbo	420	96	model_proj	46.769	91.044	0.4962	ImageMagick	96.0
textures	anca-gabriela-zosin-bMOnYbmQxHA-unsplash.jpg	turbo	444	85	identity_off	42.998	85.126	0.7955	ImageMagick	85.0
textures	anca-gabriela-zosin-bMOnYbmQxHA-unsplash.jpg	turbo	444	85	identity_auto	43.181	85.372	0.7957	ImageMagick	85.0
textures	anca-gabriela-zosin-bMOnYbmQxHA-unsplash.jpg	turbo	444	85	model_off	42.899	84.597	0.8561	ImageMagick	85.0
textures	anca-gabriela-zosin-bMOnYbmQxHA-unsplash.jpg	turbo	444	85	model_auto	43.030	84.615	0.8740	ImageMagick	85.0
textures	anca-gabriela-zosin-bMOnYbmQxHA-unsplash.jpg	turbo	444	85	model_policy	42.935	84.750	0.8321	ImageMagick	85.0
textures	anca-gabriela-zosin-bMOnYbmQxHA-unsplash.jpg	turbo	444	85	model_proj	43.064	85.261	0.7833	ImageMagick	85.0
textures	anca-gabriela-zosin-bMOnYbmQxHA-unsplash.jpg	turbo	444	90	identity_off	44.762	88.927	0.6223	ImageMagick	90.0
textures	anca-gabriela-zosin-bMOnYbmQxHA-unsplash.jpg	turbo	444	90	identity_auto	44.812	89.042	0.6339	ImageMagick	90.0
textures	anca-gabriela-zosin-bMOnYbmQxHA-unsplash.jpg	turbo	444	90	model_off	44.532	87.988	0.7291	ImageMagick	90.0
textures	anca-gabriela-zosin-bMOnYbmQxHA-unsplash.jpg	turbo	444	90	model_auto	44.640	88.232	0.7115	ImageMagick	90.0
textures	anca-gabriela-zosin-bMOnYbmQxHA-unsplash.jpg	turbo	444	90	model_policy	44.576	88.164	0.6981	ImageMagick	90.0
textures	anca-gabriela-zosin-bMOnYbmQxHA-unsplash.jpg	turbo	444	90	model_proj	44.548	88.291	0.6294	ImageMagick	90.0
textures	anca-gabriela-zosin-bMOnYbmQxHA-unsplash.jpg	turbo	444	93	identity_off	46.373	90.967	0.4962	ImageMagick	93.0
textures	anca-gabriela-zosin-bMOnYbmQxHA-unsplash.jpg	turbo	444	93	identity_auto	46.299	90.870	0.5171	ImageMagick	93.0
textures	anca-gabriela-zosin-bMOnYbmQxHA-unsplash.jpg	turbo	444	93	model_off	45.917	89.779	0.6555	ImageMagick	93.0
textures	anca-gabriela-zosin-bMOnYbmQxHA-unsplash.jpg	turbo	444	93	model_auto	46.005	89.831	0.6612	ImageMagick	93.0
textures	anca-gabriela-zosin-bMOnYbmQxHA-unsplash.jpg	turbo	444	93	model_policy	45.990	89.888	0.6226	ImageMagick	93.0
textures	anca-gabriela-zosin-bMOnYbmQxHA-unsplash.jpg	turbo	444	93	model_proj	45.530	90.055	0.5389	ImageMagick	93.0
textures	anca-gabriela-zosin-bMOnYbmQxHA-unsplash.jpg	turbo	444	96	identity_off	48.965	93.118	0.3399	ImageMagick	96.0
textures	anca-gabriela-zosin-bMOnYbmQxHA-unsplash.jpg	turbo	444	96	identity_auto	48.965	93.118	0.3399	ImageMagick	96.0
textures	anca-gabriela-zosin-bMOnYbmQxHA-unsplash.jpg	turbo	444	96	model_off	47.825	90.787	0.6011	ImageMagick	96.0
textures	anca-gabriela-zosin-bMOnYbmQxHA-unsplash.jpg	turbo	444	96	model_auto	48.182	91.377	0.5120	ImageMagick	96.0
textures	anca-gabriela-zosin-bMOnYbmQxHA-unsplash.jpg	turbo	444	96	model_policy	47.940	90.998	0.5661	ImageMagick	96.0
textures	anca-gabriela-zosin-bMOnYbmQxHA-unsplash.jpg	turbo	444	96	model_proj	46.834	91.365	0.4749	ImageMagick	96.0
textures	anca-gabriela-zosin-bMOnYbmQxHA-unsplash.jpg	mozjpeg	420	85	identity_off	41.533	80.999	0.9403	Mozjpeg	85.0
textures	anca-gabriela-zosin-bMOnYbmQxHA-unsplash.jpg	mozjpeg	420	85	identity_auto	41.503	81.011	0.9600	Mozjpeg	85.0
textures	anca-gabriela-zosin-bMOnYbmQxHA-unsplash.jpg	mozjpeg	420	85	model_off	41.526	80.836	0.9723	Mozjpeg	85.0
textures	anca-gabriela-zosin-bMOnYbmQxHA-unsplash.jpg	mozjpeg	420	85	model_auto	41.510	80.620	1.0515	Mozjpeg	85.0
textures	anca-gabriela-zosin-bMOnYbmQxHA-unsplash.jpg	mozjpeg	420	85	model_policy	41.530	80.935	0.9519	Mozjpeg	85.0
textures	anca-gabriela-zosin-bMOnYbmQxHA-unsplash.jpg	mozjpeg	420	85	model_proj	41.530	80.930	0.9500	Mozjpeg	85.0
textures	anca-gabriela-zosin-bMOnYbmQxHA-unsplash.jpg	mozjpeg	420	90	identity_off	43.219	85.744	0.7584	Mozjpeg	90.0
textures	anca-gabriela-zosin-bMOnYbmQxHA-unsplash.jpg	mozjpeg	420	90	identity_auto	43.169	85.749	0.7846	Mozjpeg	90.0
textures	anca-gabriela-zosin-bMOnYbmQxHA-unsplash.jpg	mozjpeg	420	90	model_off	43.124	85.039	0.7619	Mozjpeg	90.0
textures	anca-gabriela-zosin-bMOnYbmQxHA-unsplash.jpg	mozjpeg	420	90	model_auto	43.135	84.964	0.8126	Mozjpeg	90.0
textures	anca-gabriela-zosin-bMOnYbmQxHA-unsplash.jpg	mozjpeg	420	90	model_policy	43.139	85.063	0.7628	Mozjpeg	90.0
textures	anca-gabriela-zosin-bMOnYbmQxHA-unsplash.jpg	mozjpeg	420	90	model_proj	43.141	85.152	0.7619	Mozjpeg	90.0
textures	anca-gabriela-zosin-bMOnYbmQxHA-unsplash.jpg	mozjpeg	420	93	identity_off	44.639	88.467	0.6348	Mozjpeg	93.0
textures	anca-gabriela-zosin-bMOnYbmQxHA-unsplash.jpg	mozjpeg	420	93	identity_auto	44.512	88.168	0.6680	Mozjpeg	93.0
textures	anca-gabriela-zosin-bMOnYbmQxHA-unsplash.jpg	mozjpeg	420	93	model_off	44.481	87.690	0.6514	Mozjpeg	93.0
textures	anca-gabriela-zosin-bMOnYbmQxHA-unsplash.jpg	mozjpeg	420	93	model_auto	44.469	87.621	0.6815	Mozjpeg	93.0
textures	anca-gabriela-zosin-bMOnYbmQxHA-unsplash.jpg	mozjpeg	420	93	model_policy	44.503	87.776	0.6502	Mozjpeg	93.0
textures	anca-gabriela-zosin-bMOnYbmQxHA-unsplash.jpg	mozjpeg	420	93	model_proj	44.507	87.850	0.6497	Mozjpeg	93.0
textures	anca-gabriela-zosin-bMOnYbmQxHA-unsplash.jpg	mozjpeg	420	96	identity_off	46.699	90.540	0.5003	Mozjpeg	96.0
textures	anca-gabriela-zosin-bMOnYbmQxHA-unsplash.jpg	mozjpeg	420	96	identity_auto	46.699	90.540	0.5003	Mozjpeg	96.0
textures	anca-gabriela-zosin-bMOnYbmQxHA-unsplash.jpg	mozjpeg	420	96	model_off	46.314	89.649	0.5480	Mozjpeg	96.0
textures	anca-gabriela-zosin-bMOnYbmQxHA-unsplash.jpg	mozjpeg	420	96	model_auto	46.475	89.826	0.5669	Mozjpeg	96.0
textures	anca-gabriela-zosin-bMOnYbmQxHA-unsplash.jpg	mozjpeg	420	96	model_policy	46.350	89.784	0.5451	Mozjpeg	96.0
textures	anca-gabriela-zosin-bMOnYbmQxHA-unsplash.jpg	mozjpeg	420	96	model_proj	46.378	89.940	0.5407	Mozjpeg	96.0
textures	anca-gabriela-zosin-bMOnYbmQxHA-unsplash.jpg	mozjpeg	444	85	identity_off	42.505	82.778	0.8753	Mozjpeg	85.0
textures	anca-gabriela-zosin-bMOnYbmQxHA-unsplash.jpg	mozjpeg	444	85	identity_auto	42.562	82.870	0.8848	Mozjpeg	85.0
textures	anca-gabriela-zosin-bMOnYbmQxHA-unsplash.jpg	mozjpeg	444	85	model_off	42.153	81.729	0.9936	Mozjpeg	85.0
textures	anca-gabriela-zosin-bMOnYbmQxHA-unsplash.jpg	mozjpeg	444	85	model_auto	42.216	81.742	1.0287	Mozjpeg	85.0
textures	anca-gabriela-zosin-bMOnYbmQxHA-unsplash.jpg	mozjpeg	444	85	model_policy	42.189	81.918	0.9723	Mozjpeg	85.0
textures	anca-gabriela-zosin-bMOnYbmQxHA-unsplash.jpg	mozjpeg	444	85	model_proj	42.403	82.552	0.8752	Mozjpeg	85.0
textures	anca-gabriela-zosin-bMOnYbmQxHA-unsplash.jpg	mozjpeg	444	90	identity_off	44.264	87.192	0.6953	Mozjpeg	90.0
textures	anca-gabriela-zosin-bMOnYbmQxHA-unsplash.jpg	mozjpeg	444	90	identity_auto	44.244	87.149	0.7101	Mozjpeg	90.0
textures	anca-gabriela-zosin-bMOnYbmQxHA-unsplash.jpg	mozjpeg	444	90	model_off	43.816	85.714	0.7606	Mozjpeg	90.0
textures	anca-gabriela-zosin-bMOnYbmQxHA-unsplash.jpg	mozjpeg	444	90	model_auto	43.855	85.845	0.8217	Mozjpeg	90.0
textures	anca-gabriela-zosin-bMOnYbmQxHA-unsplash.jpg	mozjpeg	444	90	model_policy	43.866	85.867	0.7546	Mozjpeg	90.0
textures	anca-gabriela-zosin-bMOnYbmQxHA-unsplash.jpg	mozjpeg	444	90	model_proj	44.022	86.371	0.7064	Mozjpeg	90.0
textures	anca-gabriela-zosin-bMOnYbmQxHA-unsplash.jpg	mozjpeg	444	93	identity_off	45.936	89.632	0.5683	Mozjpeg	93.0
textures	anca-gabriela-zosin-bMOnYbmQxHA-unsplash.jpg	mozjpeg	444	93	identity_auto	45.810	89.553	0.5899	Mozjpeg	93.0
textures	anca-gabriela-zosin-bMOnYbmQxHA-unsplash.jpg	mozjpeg	444	93	model_off	45.375	88.204	0.6840	Mozjpeg	93.0
textures	anca-gabriela-zosin-bMOnYbmQxHA-unsplash.jpg	mozjpeg	444	93	model_auto	45.410	88.312	0.7134	Mozjpeg	93.0
textures	anca-gabriela-zosin-bMOnYbmQxHA-unsplash.jpg	mozjpeg	444	93	model_policy	45.436	88.327	0.6763	Mozjpeg	93.0
textures	anca-gabriela-zosin-bMOnYbmQxHA-unsplash.jpg	mozjpeg	444	93	model_proj	45.294	88.458	0.5985	Mozjpeg	93.0
textures	anca-gabriela-zosin-bMOnYbmQxHA-unsplash.jpg	mozjpeg	444	96	identity_off	48.787	91.764	0.4283	Mozjpeg	96.0
textures	anca-gabriela-zosin-bMOnYbmQxHA-unsplash.jpg	mozjpeg	444	96	identity_auto	48.787	91.764	0.4283	Mozjpeg	96.0
textures	anca-gabriela-zosin-bMOnYbmQxHA-unsplash.jpg	mozjpeg	444	96	model_off	47.595	90.014	0.5650	Mozjpeg	96.0
textures	anca-gabriela-zosin-bMOnYbmQxHA-unsplash.jpg	mozjpeg	444	96	model_auto	47.871	90.409	0.5456	Mozjpeg	96.0
textures	anca-gabriela-zosin-bMOnYbmQxHA-unsplash.jpg	mozjpeg	444	96	model_policy	47.690	90.101	0.5497	Mozjpeg	96.0
textures	anca-gabriela-zosin-bMOnYbmQxHA-unsplash.jpg	mozjpeg	444	96	model_proj	46.761	90.267	0.5177	Mozjpeg	96.0
textures	anca-gabriela-zosin-bMOnYbmQxHA-unsplash.jpg	jpegli	420	85	identity_off	41.295	80.199	0.9459	CjpegliYcbcr	1.8
textures	anca-gabriela-zosin-bMOnYbmQxHA-unsplash.jpg	jpegli	420	85	identity_auto	41.395	80.818	0.9330	CjpegliYcbcr	1.8
textures	anca-gabriela-zosin-bMOnYbmQxHA-unsplash.jpg	jpegli	420	85	model_off	41.280	80.203	0.9698	CjpegliYcbcr	1.8
textures	anca-gabriela-zosin-bMOnYbmQxHA-unsplash.jpg	jpegli	420	85	model_auto	41.379	80.451	1.0138	CjpegliYcbcr	1.8
textures	anca-gabriela-zosin-bMOnYbmQxHA-unsplash.jpg	jpegli	420	85	model_policy	41.276	80.148	0.9672	CjpegliYcbcr	1.8
textures	anca-gabriela-zosin-bMOnYbmQxHA-unsplash.jpg	jpegli	420	85	model_proj	41.280	80.308	0.9659	CjpegliYcbcr	1.8
textures	anca-gabriela-zosin-bMOnYbmQxHA-unsplash.jpg	jpegli	420	90	identity_off	43.104	84.707	0.7565	CjpegliYcbcr	1.3
textures	anca-gabriela-zosin-bMOnYbmQxHA-unsplash.jpg	jpegli	420	90	identity_auto	43.093	85.146	0.7760	CjpegliYcbcr	1.3
textures	anca-gabriela-zosin-bMOnYbmQxHA-unsplash.jpg	jpegli	420	90	model_off	42.985	84.348	0.7767	CjpegliYcbcr	1.3
textures	anca-gabriela-zosin-bMOnYbmQxHA-unsplash.jpg	jpegli	420	90	model_auto	43.041	84.619	0.8157	CjpegliYcbcr	1.3
textures	anca-gabriela-zosin-bMOnYbmQxHA-unsplash.jpg	jpegli	420	90	model_policy	43.007	84.444	0.7736	CjpegliYcbcr	1.3
textures	anca-gabriela-zosin-bMOnYbmQxHA-unsplash.jpg	jpegli	420	90	model_proj	43.012	84.536	0.7671	CjpegliYcbcr	1.3
textures	anca-gabriela-zosin-bMOnYbmQxHA-unsplash.jpg	jpegli	420	93	identity_off	44.550	87.885	0.6250	CjpegliYcbcr	1.0
textures	anca-gabriela-zosin-bMOnYbmQxHA-unsplash.jpg	jpegli	420	93	identity_auto	44.467	87.961	0.6521	CjpegliYcbcr	1.0
textures	anca-gabriela-zosin-bMOnYbmQxHA-unsplash.jpg	jpegli	420	93	model_off	44.389	87.105	0.6614	CjpegliYcbcr	1.0
textures	anca-gabriela-zosin-bMOnYbmQxHA-unsplash.jpg	jpegli	420	93	model_auto	44.406	87.354	0.6989	CjpegliYcbcr	1.0
textures	anca-gabriela-zosin-bMOnYbmQxHA-unsplash.jpg	jpegli	420	93	model_policy	44.423	87.309	0.6554	CjpegliYcbcr	1.0
textures	anca-gabriela-zosin-bMOnYbmQxHA-unsplash.jpg	jpegli	420	93	model_proj	44.433	87.410	0.6465	CjpegliYcbcr	1.0
textures	anca-gabriela-zosin-bMOnYbmQxHA-unsplash.jpg	jpegli	420	96	identity_off	46.436	90.825	0.4880	CjpegliYcbcr	0.5
textures	anca-gabriela-zosin-bMOnYbmQxHA-unsplash.jpg	jpegli	420	96	identity_auto	46.436	90.825	0.4880	CjpegliYcbcr	0.5
textures	anca-gabriela-zosin-bMOnYbmQxHA-unsplash.jpg	jpegli	420	96	model_off	46.147	89.695	0.5743	CjpegliYcbcr	0.5
textures	anca-gabriela-zosin-bMOnYbmQxHA-unsplash.jpg	jpegli	420	96	model_auto	46.281	89.853	0.6171	CjpegliYcbcr	0.5
textures	anca-gabriela-zosin-bMOnYbmQxHA-unsplash.jpg	jpegli	420	96	model_policy	46.184	89.751	0.5654	CjpegliYcbcr	0.5
textures	anca-gabriela-zosin-bMOnYbmQxHA-unsplash.jpg	jpegli	420	96	model_proj	46.200	89.964	0.5593	CjpegliYcbcr	0.5
textures	anca-gabriela-zosin-bMOnYbmQxHA-unsplash.jpg	jpegli	444	85	identity_off	41.657	82.695	0.8402	CjpegliYcbcr	1.4
textures	anca-gabriela-zosin-bMOnYbmQxHA-unsplash.jpg	jpegli	444	85	identity_auto	41.803	83.261	0.8463	CjpegliYcbcr	1.4
textures	anca-gabriela-zosin-bMOnYbmQxHA-unsplash.jpg	jpegli	444	85	model_off	41.648	82.300	0.9230	CjpegliYcbcr	1.4
textures	anca-gabriela-zosin-bMOnYbmQxHA-unsplash.jpg	jpegli	444	85	model_auto	41.718	82.676	0.9472	CjpegliYcbcr	1.4
textures	anca-gabriela-zosin-bMOnYbmQxHA-unsplash.jpg	jpegli	444	85	model_policy	41.654	82.429	0.9129	CjpegliYcbcr	1.4
textures	anca-gabriela-zosin-bMOnYbmQxHA-unsplash.jpg	jpegli	444	85	model_proj	41.719	82.875	0.8522	CjpegliYcbcr	1.4
textures	anca-gabriela-zosin-bMOnYbmQxHA-unsplash.jpg	jpegli	444	90	identity_off	43.399	86.379	0.6652	CjpegliYcbcr	1.1
textures	anca-gabriela-zosin-bMOnYbmQxHA-unsplash.jpg	jpegli	444	90	identity_auto	43.532	86.676	0.6787	CjpegliYcbcr	1.1
textures	anca-gabriela-zosin-bMOnYbmQxHA-unsplash.jpg	jpegli	444	90	model_off	43.274	85.638	0.8055	CjpegliYcbcr	1.1
textures	anca-gabriela-zosin-bMOnYbmQxHA-unsplash.jpg	jpegli	444	90	model_auto	43.412	85.996	0.7861	CjpegliYcbcr	1.1
textures	anca-gabriela-zosin-bMOnYbmQxHA-unsplash.jpg	jpegli	444	90	model_policy	43.309	85.798	0.7802	CjpegliYcbcr	1.1
textures	anca-gabriela-zosin-bMOnYbmQxHA-unsplash.jpg	jpegli	444	90	model_proj	43.403	86.436	0.6852	CjpegliYcbcr	1.1
textures	anca-gabriela-zosin-bMOnYbmQxHA-unsplash.jpg	jpegli	444	93	identity_off	44.876	88.685	0.5585	CjpegliYcbcr	0.7
textures	anca-gabriela-zosin-bMOnYbmQxHA-unsplash.jpg	jpegli	444	93	identity_auto	45.002	88.928	0.5782	CjpegliYcbcr	0.7
textures	anca-gabriela-zosin-bMOnYbmQxHA-unsplash.jpg	jpegli	444	93	model_off	44.652	87.825	0.7146	CjpegliYcbcr	0.7
textures	anca-gabriela-zosin-bMOnYbmQxHA-unsplash.jpg	jpegli	444	93	model_auto	44.808	88.083	0.7160	CjpegliYcbcr	0.7
textures	anca-gabriela-zosin-bMOnYbmQxHA-unsplash.jpg	jpegli	444	93	model_policy	44.685	87.878	0.6986	CjpegliYcbcr	0.7
textures	anca-gabriela-zosin-bMOnYbmQxHA-unsplash.jpg	jpegli	444	93	model_proj	44.786	88.537	0.5950	CjpegliYcbcr	0.7
textures	anca-gabriela-zosin-bMOnYbmQxHA-unsplash.jpg	jpegli	444	96	identity_off	47.263	91.389	0.3942	CjpegliYcbcr	0.3
textures	anca-gabriela-zosin-bMOnYbmQxHA-unsplash.jpg	jpegli	444	96	identity_auto	47.263	91.389	0.3942	CjpegliYcbcr	0.3
textures	anca-gabriela-zosin-bMOnYbmQxHA-unsplash.jpg	jpegli	444	96	model_off	46.748	89.982	0.5816	CjpegliYcbcr	0.3
textures	anca-gabriela-zosin-bMOnYbmQxHA-unsplash.jpg	jpegli	444	96	model_auto	46.940	90.418	0.5241	CjpegliYcbcr	0.3
textures	anca-gabriela-zosin-bMOnYbmQxHA-unsplash.jpg	jpegli	444	96	model_policy	46.813	90.053	0.5519	CjpegliYcbcr	0.3
textures	anca-gabriela-zosin-bMOnYbmQxHA-unsplash.jpg	jpegli	444	96	model_proj	46.595	90.997	0.4779	CjpegliYcbcr	0.3
textures	anca-gabriela-zosin-bMOnYbmQxHA-unsplash.jpg	zenjpeg	420	85	identity_off	41.276	80.359	0.9427	CjpegliYcbcr	1.8
textures	anca-gabriela-zosin-bMOnYbmQxHA-unsplash.jpg	zenjpeg	420	85	identity_auto	41.365	80.877	0.9333	CjpegliYcbcr	1.8
textures	anca-gabriela-zosin-bMOnYbmQxHA-unsplash.jpg	zenjpeg	420	85	model_off	41.255	80.195	0.9602	CjpegliYcbcr	1.8
textures	anca-gabriela-zosin-bMOnYbmQxHA-unsplash.jpg	zenjpeg	420	85	model_auto	41.348	80.488	0.9971	CjpegliYcbcr	1.8
textures	anca-gabriela-zosin-bMOnYbmQxHA-unsplash.jpg	zenjpeg	420	85	model_policy	41.254	80.277	0.9574	CjpegliYcbcr	1.8
textures	anca-gabriela-zosin-bMOnYbmQxHA-unsplash.jpg	zenjpeg	420	85	model_proj	41.258	80.303	0.9558	CjpegliYcbcr	1.8
textures	anca-gabriela-zosin-bMOnYbmQxHA-unsplash.jpg	zenjpeg	420	90	identity_off	43.080	84.901	0.7502	CjpegliYcbcr	1.3
textures	anca-gabriela-zosin-bMOnYbmQxHA-unsplash.jpg	zenjpeg	420	90	identity_auto	43.050	85.129	0.7753	CjpegliYcbcr	1.3
textures	anca-gabriela-zosin-bMOnYbmQxHA-unsplash.jpg	zenjpeg	420	90	model_off	42.951	84.426	0.7712	CjpegliYcbcr	1.3
textures	anca-gabriela-zosin-bMOnYbmQxHA-unsplash.jpg	zenjpeg	420	90	model_auto	42.998	84.702	0.8037	CjpegliYcbcr	1.3
textures	anca-gabriela-zosin-bMOnYbmQxHA-unsplash.jpg	zenjpeg	420	90	model_policy	42.974	84.532	0.7685	CjpegliYcbcr	1.3
textures	anca-gabriela-zosin-bMOnYbmQxHA-unsplash.jpg	zenjpeg	420	90	model_proj	42.976	84.602	0.7669	CjpegliYcbcr	1.3
textures	anca-gabriela-zosin-bMOnYbmQxHA-unsplash.jpg	zenjpeg	420	93	identity_off	44.509	87.812	0.6269	CjpegliYcbcr	1.0
textures	anca-gabriela-zosin-bMOnYbmQxHA-unsplash.jpg	zenjpeg	420	93	identity_auto	44.397	87.790	0.6630	CjpegliYcbcr	1.0
textures	anca-gabriela-zosin-bMOnYbmQxHA-unsplash.jpg	zenjpeg	420	93	model_off	44.317	86.908	0.6584	CjpegliYcbcr	1.0
textures	anca-gabriela-zosin-bMOnYbmQxHA-unsplash.jpg	zenjpeg	420	93	model_auto	44.318	87.078	0.7085	CjpegliYcbcr	1.0
textures	anca-gabriela-zosin-bMOnYbmQxHA-unsplash.jpg	zenjpeg	420	93	model_policy	44.352	87.013	0.6544	CjpegliYcbcr	1.0
textures	anca-gabriela-zosin-bMOnYbmQxHA-unsplash.jpg	zenjpeg	420	93	model_proj	44.358	87.244	0.6506	CjpegliYcbcr	1.0
textures	anca-gabriela-zosin-bMOnYbmQxHA-unsplash.jpg	zenjpeg	420	96	identity_off	46.420	90.895	0.4861	CjpegliYcbcr	0.5
textures	anca-gabriela-zosin-bMOnYbmQxHA-unsplash.jpg	zenjpeg	420	96	identity_auto	46.420	90.895	0.4861	CjpegliYcbcr	0.5
textures	anca-gabriela-zosin-bMOnYbmQxHA-unsplash.jpg	zenjpeg	420	96	model_off	46.081	89.646	0.5763	CjpegliYcbcr	0.5
textures	anca-gabriela-zosin-bMOnYbmQxHA-unsplash.jpg	zenjpeg	420	96	model_auto	46.250	90.001	0.5917	CjpegliYcbcr	0.5
textures	anca-gabriela-zosin-bMOnYbmQxHA-unsplash.jpg	zenjpeg	420	96	model_policy	46.122	89.818	0.5682	CjpegliYcbcr	0.5
textures	anca-gabriela-zosin-bMOnYbmQxHA-unsplash.jpg	zenjpeg	420	96	model_proj	46.129	89.921	0.5655	CjpegliYcbcr	0.5
textures	anca-gabriela-zosin-bMOnYbmQxHA-unsplash.jpg	zenjpeg	444	85	identity_off	41.658	83.012	0.8321	CjpegliYcbcr	1.4
textures	anca-gabriela-zosin-bMOnYbmQxHA-unsplash.jpg	zenjpeg	444	85	identity_auto	41.786	83.497	0.8412	CjpegliYcbcr	1.4
textures	anca-gabriela-zosin-bMOnYbmQxHA-unsplash.jpg	zenjpeg	444	85	model_off	41.630	82.609	0.9179	CjpegliYcbcr	1.4
textures	anca-gabriela-zosin-bMOnYbmQxHA-unsplash.jpg	zenjpeg	444	85	model_auto	41.689	82.904	0.9543	CjpegliYcbcr	1.4
textures	anca-gabriela-zosin-bMOnYbmQxHA-unsplash.jpg	zenjpeg	444	85	model_policy	41.638	82.707	0.9196	CjpegliYcbcr	1.4
textures	anca-gabriela-zosin-bMOnYbmQxHA-unsplash.jpg	zenjpeg	444	85	model_proj	41.704	83.092	0.8528	CjpegliYcbcr	1.4
textures	anca-gabriela-zosin-bMOnYbmQxHA-unsplash.jpg	zenjpeg	444	90	identity_off	43.377	86.479	0.6620	CjpegliYcbcr	1.1
textures	anca-gabriela-zosin-bMOnYbmQxHA-unsplash.jpg	zenjpeg	444	90	identity_auto	43.491	86.735	0.6805	CjpegliYcbcr	1.1
textures	anca-gabriela-zosin-bMOnYbmQxHA-unsplash.jpg	zenjpeg	444	90	model_off	43.230	85.644	0.8198	CjpegliYcbcr	1.1
textures	anca-gabriela-zosin-bMOnYbmQxHA-unsplash.jpg	zenjpeg	444	90	model_auto	43.353	85.997	0.8141	CjpegliYcbcr	1.1
textures	anca-gabriela-zosin-bMOnYbmQxHA-unsplash.jpg	zenjpeg	444	90	model_policy	43.260	85.770	0.7883	CjpegliYcbcr	1.1
textures	anca-gabriela-zosin-bMOnYbmQxHA-unsplash.jpg	zenjpeg	444	90	model_proj	43.353	86.347	0.6894	CjpegliYcbcr	1.1
textures	anca-gabriela-zosin-bMOnYbmQxHA-unsplash.jpg	zenjpeg	444	93	identity_off	44.857	88.730	0.5623	CjpegliYcbcr	0.7
textures	anca-gabriela-zosin-bMOnYbmQxHA-unsplash.jpg	zenjpeg	444	93	identity_auto	44.956	88.913	0.5877	CjpegliYcbcr	0.7
textures	anca-gabriela-zosin-bMOnYbmQxHA-unsplash.jpg	zenjpeg	444	93	model_off	44.604	87.860	0.7113	CjpegliYcbcr	0.7
textures	anca-gabriela-zosin-bMOnYbmQxHA-unsplash.jpg	zenjpeg	444	93	model_auto	44.743	88.140	0.7219	CjpegliYcbcr	0.7
textures	anca-gabriela-zosin-bMOnYbmQxHA-unsplash.jpg	zenjpeg	444	93	model_policy	44.639	87.938	0.6936	CjpegliYcbcr	0.7
textures	anca-gabriela-zosin-bMOnYbmQxHA-unsplash.jpg	zenjpeg	444	93	model_proj	44.735	88.507	0.5991	CjpegliYcbcr	0.7
textures	anca-gabriela-zosin-bMOnYbmQxHA-unsplash.jpg	zenjpeg	444	96	identity_off	47.279	91.622	0.3915	CjpegliYcbcr	0.3
textures	anca-gabriela-zosin-bMOnYbmQxHA-unsplash.jpg	zenjpeg	444	96	identity_auto	47.279	91.622	0.3915	CjpegliYcbcr	0.3
textures	anca-gabriela-zosin-bMOnYbmQxHA-unsplash.jpg	zenjpeg	444	96	model_off	46.679	90.087	0.5911	CjpegliYcbcr	0.3
textures	anca-gabriela-zosin-bMOnYbmQxHA-unsplash.jpg	zenjpeg	444	96	model_auto	46.892	90.440	0.5335	CjpegliYcbcr	0.3
textures	anca-gabriela-zosin-bMOnYbmQxHA-unsplash.jpg	zenjpeg	444	96	model_policy	46.745	90.187	0.5616	CjpegliYcbcr	0.3
textures	anca-gabriela-zosin-bMOnYbmQxHA-unsplash.jpg	zenjpeg	444	96	model_proj	46.540	90.881	0.4825	CjpegliYcbcr	0.3
textures	bernd-dittrich-3MdsHe3IIOk-unsplash.jpg	turbo	420	85	identity_off	33.733	84.378	0.5947	ImageMagick	85.0
textures	bernd-dittrich-3MdsHe3IIOk-unsplash.jpg	turbo	420	85	identity_auto	33.797	83.692	0.6318	ImageMagick	85.0
textures	bernd-dittrich-3MdsHe3IIOk-unsplash.jpg	turbo	420	85	model_off	34.210	84.759	0.5818	ImageMagick	85.0
textures	bernd-dittrich-3MdsHe3IIOk-unsplash.jpg	turbo	420	85	model_auto	34.104	84.060	0.6157	ImageMagick	85.0
textures	bernd-dittrich-3MdsHe3IIOk-unsplash.jpg	turbo	420	85	model_policy	34.196	84.774	0.5822	ImageMagick	85.0
textures	bernd-dittrich-3MdsHe3IIOk-unsplash.jpg	turbo	420	85	model_proj	34.241	84.802	0.5773	ImageMagick	85.0
textures	bernd-dittrich-3MdsHe3IIOk-unsplash.jpg	turbo	420	90	identity_off	38.112	89.816	0.3371	ImageMagick	90.0
textures	bernd-dittrich-3MdsHe3IIOk-unsplash.jpg	turbo	420	90	identity_auto	38.200	89.370	0.4431	ImageMagick	90.0
textures	bernd-dittrich-3MdsHe3IIOk-unsplash.jpg	turbo	420	90	model_off	38.601	90.101	0.3167	ImageMagick	90.0
textures	bernd-dittrich-3MdsHe3IIOk-unsplash.jpg	turbo	420	90	model_auto	38.647	89.713	0.4022	ImageMagick	90.0
textures	bernd-dittrich-3MdsHe3IIOk-unsplash.jpg	turbo	420	90	model_policy	38.593	90.103	0.3169	ImageMagick	90.0
textures	bernd-dittrich-3MdsHe3IIOk-unsplash.jpg	turbo	420	90	model_proj	38.710	90.142	0.3686	ImageMagick	90.0
textures	bernd-dittrich-3MdsHe3IIOk-unsplash.jpg	turbo	420	93	identity_off	36.586	87.975	0.3983	ImageMagick	93.0
textures	bernd-dittrich-3MdsHe3IIOk-unsplash.jpg	turbo	420	93	identity_auto	36.671	87.610	0.4649	ImageMagick	93.0
textures	bernd-dittrich-3MdsHe3IIOk-unsplash.jpg	turbo	420	93	model_off	37.140	88.407	0.3818	ImageMagick	93.0
textures	bernd-dittrich-3MdsHe3IIOk-unsplash.jpg	turbo	420	93	model_auto	37.110	88.024	0.4344	ImageMagick	93.0
textures	bernd-dittrich-3MdsHe3IIOk-unsplash.jpg	turbo	420	93	model_policy	37.133	88.429	0.3818	ImageMagick	93.0
textures	bernd-dittrich-3MdsHe3IIOk-unsplash.jpg	turbo	420	93	model_proj	37.257	88.449	0.4187	ImageMagick	93.0
textures	bernd-dittrich-3MdsHe3IIOk-unsplash.jpg	turbo	420	96	identity_off	37.940	90.477	0.2804	ImageMagick	96.0
textures	bernd-dittrich-3MdsHe3IIOk-unsplash.jpg	turbo	420	96	identity_auto	37.940	90.477	0.2804	ImageMagick	96.0
textures	bernd-dittrich-3MdsHe3IIOk-unsplash.jpg	turbo	420	96	model_off	38.533	90.856	0.2622	ImageMagick	96.0
textures	bernd-dittrich-3MdsHe3IIOk-unsplash.jpg	turbo	420	96	model_auto	38.465	90.831	0.2579	ImageMagick	96.0
textures	bernd-dittrich-3MdsHe3IIOk-unsplash.jpg	turbo	420	96	model_policy	38.528	90.863	0.2622	ImageMagick	96.0
textures	bernd-dittrich-3MdsHe3IIOk-unsplash.jpg	turbo	420	96	model_proj	38.737	90.905	0.3478	ImageMagick	96.0
textures	bernd-dittrich-3MdsHe3IIOk-unsplash.jpg	turbo	444	85	identity_off	34.941	87.958	0.5449	ImageMagick	85.0
textures	bernd-dittrich-3MdsHe3IIOk-unsplash.jpg	turbo	444	85	identity_auto	35.014	87.481	0.5534	ImageMagick	85.0
textures	bernd-dittrich-3MdsHe3IIOk-unsplash.jpg	turbo	444	85	model_off	35.209	87.371	0.5440	ImageMagick	85.0
textures	bernd-dittrich-3MdsHe3IIOk-unsplash.jpg	turbo	444	85	model_auto	35.167	87.065	0.5464	ImageMagick	85.0
textures	bernd-dittrich-3MdsHe3IIOk-unsplash.jpg	turbo	444	85	model_policy	35.204	87.411	0.5436	ImageMagick	85.0
textures	bernd-dittrich-3MdsHe3IIOk-unsplash.jpg	turbo	444	85	model_proj	35.368	87.894	0.5410	ImageMagick	85.0
textures	bernd-dittrich-3MdsHe3IIOk-unsplash.jpg	turbo	444	90	identity_off	38.635	92.378	0.2396	ImageMagick	90.0
textures	bernd-dittrich-3MdsHe3IIOk-unsplash.jpg	turbo	444	90	identity_auto	38.663	92.111	0.3162	ImageMagick	90.0
textures	bernd-dittrich-3MdsHe3IIOk-unsplash.jpg	turbo	444	90	model_off	38.666	91.522	0.2478	ImageMagick	90.0
textures	bernd-dittrich-3MdsHe3IIOk-unsplash.jpg	turbo	444	90	model_auto	38.683	91.343	0.2973	ImageMagick	90.0
textures	bernd-dittrich-3MdsHe3IIOk-unsplash.jpg	turbo	444	90	model_policy	38.665	91.538	0.2475	ImageMagick	90.0
textures	bernd-dittrich-3MdsHe3IIOk-unsplash.jpg	turbo	444	90	model_proj	38.748	91.945	0.2510	ImageMagick	90.0
textures	bernd-dittrich-3MdsHe3IIOk-unsplash.jpg	turbo	444	93	identity_off	38.218	91.542	0.3390	ImageMagick	93.0
textures	bernd-dittrich-3MdsHe3IIOk-unsplash.jpg	turbo	444	93	identity_auto	38.250	91.353	0.3584	ImageMagick	93.0
textures	bernd-dittrich-3MdsHe3IIOk-unsplash.jpg	turbo	444	93	model_off	38.278	90.476	0.3454	ImageMagick	93.0
textures	bernd-dittrich-3MdsHe3IIOk-unsplash.jpg	turbo	444	93	model_auto	38.269	90.377	0.3512	ImageMagick	93.0
textures	bernd-dittrich-3MdsHe3IIOk-unsplash.jpg	turbo	444	93	model_policy	38.282	90.518	0.3446	ImageMagick	93.0
textures	bernd-dittrich-3MdsHe3IIOk-unsplash.jpg	turbo	444	93	model_proj	38.377	91.089	0.3486	ImageMagick	93.0
textures	bernd-dittrich-3MdsHe3IIOk-unsplash.jpg	turbo	444	96	identity_off	41.873	94.202	0.1996	ImageMagick	96.0
textures	bernd-dittrich-3MdsHe3IIOk-unsplash.jpg	turbo	444	96	identity_auto	41.873	94.202	0.1996	ImageMagick	96.0
textures	bernd-dittrich-3MdsHe3IIOk-unsplash.jpg	turbo	444	96	model_off	41.420	92.435	0.2203	ImageMagick	96.0
textures	bernd-dittrich-3MdsHe3IIOk-unsplash.jpg	turbo	444	96	model_auto	41.498	92.445	0.2275	ImageMagick	96.0
textures	bernd-dittrich-3MdsHe3IIOk-unsplash.jpg	turbo	444	96	model_policy	41.419	92.440	0.2188	ImageMagick	96.0
textures	bernd-dittrich-3MdsHe3IIOk-unsplash.jpg	turbo	444	96	model_proj	41.530	93.191	0.2359	ImageMagick	96.0
textures	bernd-dittrich-3MdsHe3IIOk-unsplash.jpg	mozjpeg	420	85	identity_off	31.150	79.527	0.9797	Mozjpeg	85.0
textures	bernd-dittrich-3MdsHe3IIOk-unsplash.jpg	mozjpeg	420	85	identity_auto	31.205	78.686	1.0370	Mozjpeg	85.0
textures	bernd-dittrich-3MdsHe3IIOk-unsplash.jpg	mozjpeg	420	85	model_off	31.479	79.983	0.9599	Mozjpeg	85.0
textures	bernd-dittrich-3MdsHe3IIOk-unsplash.jpg	mozjpeg	420	85	model_auto	31.413	79.023	1.0091	Mozjpeg	85.0
textures	bernd-dittrich-3MdsHe3IIOk-unsplash.jpg	mozjpeg	420	85	model_policy	31.470	80.001	0.9608	Mozjpeg	85.0
textures	bernd-dittrich-3MdsHe3IIOk-unsplash.jpg	mozjpeg	420	85	model_proj	31.476	79.983	0.9645	Mozjpeg	85.0
textures	bernd-dittrich-3MdsHe3IIOk-unsplash.jpg	mozjpeg	420	90	identity_off	33.720	84.429	0.6719	Mozjpeg	90.0
textures	bernd-dittrich-3MdsHe3IIOk-unsplash.jpg	mozjpeg	420	90	identity_auto	33.786	84.189	0.7264	Mozjpeg	90.0
textures	bernd-dittrich-3MdsHe3IIOk-unsplash.jpg	mozjpeg	420	90	model_off	34.104	84.996	0.6535	Mozjpeg	90.0
textures	bernd-dittrich-3MdsHe3IIOk-unsplash.jpg	mozjpeg	420	90	model_auto	34.070	84.695	0.6979	Mozjpeg	90.0
textures	bernd-dittrich-3MdsHe3IIOk-unsplash.jpg	mozjpeg	420	90	model_policy	34.094	85.009	0.6541	Mozjpeg	90.0
textures	bernd-dittrich-3MdsHe3IIOk-unsplash.jpg	mozjpeg	420	90	model_proj	34.131	84.991	0.6716	Mozjpeg	90.0
textures	bernd-dittrich-3MdsHe3IIOk-unsplash.jpg	mozjpeg	420	93	identity_off	35.304	86.490	0.5383	Mozjpeg	93.0
textures	bernd-dittrich-3MdsHe3IIOk-unsplash.jpg	mozjpeg	420	93	identity_auto	35.372	86.192	0.6017	Mozjpeg	93.0
textures	bernd-dittrich-3MdsHe3IIOk-unsplash.jpg	mozjpeg	420	93	model_off	35.690	87.008	0.5228	Mozjpeg	93.0
textures	bernd-dittrich-3MdsHe3IIOk-unsplash.jpg	mozjpeg	420	93	model_auto	35.687	86.677	0.5733	Mozjpeg	93.0
textures	bernd-dittrich-3MdsHe3IIOk-unsplash.jpg	mozjpeg	420	93	model_policy	35.684	87.037	0.5233	Mozjpeg	93.0
textures	bernd-dittrich-3MdsHe3IIOk-unsplash.jpg	mozjpeg	420	93	model_proj	35.758	86.995	0.5544	Mozjpeg	93.0
textures	bernd-dittrich-3MdsHe3IIOk-unsplash.jpg	mozjpeg	420	96	identity_off	37.269	89.057	0.3654	Mozjpeg	96.0
textures	bernd-dittrich-3MdsHe3IIOk-unsplash.jpg	mozjpeg	420	96	identity_auto	37.269	89.057	0.3654	Mozjpeg	96.0
textures	bernd-dittrich-3MdsHe3IIOk-unsplash.jpg	mozjpeg	420	96	model_off	37.792	89.629	0.3459	Mozjpeg	96.0
textures	bernd-dittrich-3MdsHe3IIOk-unsplash.jpg	mozjpeg	420	96	model_auto	37.741	89.601	0.3402	Mozjpeg	96.0
textures	bernd-dittrich-3MdsHe3IIOk-unsplash.jpg	mozjpeg	420	96	model_policy	37.788	89.643	0.3464	Mozjpeg	96.0
textures	bernd-dittrich-3MdsHe3IIOk-unsplash.jpg	mozjpeg	420	96	model_proj	37.954	89.623	0.4229	Mozjpeg	96.0
textures	bernd-dittrich-3MdsHe3IIOk-unsplash.jpg	mozjpeg	444	85	identity_off	31.960	82.314	0.9258	Mozjpeg	85.0
textures	bernd-dittrich-3MdsHe3IIOk-unsplash.jpg	mozjpeg	444	85	identity_auto	31.994	81.770	0.9646	Mozjpeg	85.0
textures	bernd-dittrich-3MdsHe3IIOk-unsplash.jpg	mozjpeg	444	85	model_off	32.083	81.853	0.9151	Mozjpeg	85.0
textures	bernd-dittrich-3MdsHe3IIOk-unsplash.jpg	mozjpeg	444	85	model_auto	32.040	81.310	0.9458	Mozjpeg	85.0
textures	bernd-dittrich-3MdsHe3IIOk-unsplash.jpg	mozjpeg	444	85	model_policy	32.081	81.864	0.9152	Mozjpeg	85.0
textures	bernd-dittrich-3MdsHe3IIOk-unsplash.jpg	mozjpeg	444	85	model_proj	32.109	82.032	0.9156	Mozjpeg	85.0
textures	bernd-dittrich-3MdsHe3IIOk-unsplash.jpg	mozjpeg	444	90	identity_off	35.143	87.538	0.6089	Mozjpeg	90.0
textures	bernd-dittrich-3MdsHe3IIOk-unsplash.jpg	mozjpeg	444	90	identity_auto	35.168	87.444	0.6409	Mozjpeg	90.0
textures	bernd-dittrich-3MdsHe3IIOk-unsplash.jpg	mozjpeg	444	90	model_off	35.148	86.688	0.6046	Mozjpeg	90.0
textures	bernd-dittrich-3MdsHe3IIOk-unsplash.jpg	mozjpeg	444	90	model_auto	35.155	86.598	0.6250	Mozjpeg	90.0
textures	bernd-dittrich-3MdsHe3IIOk-unsplash.jpg	mozjpeg	444	90	model_policy	35.149	86.699	0.6045	Mozjpeg	90.0
textures	bernd-dittrich-3MdsHe3IIOk-unsplash.jpg	mozjpeg	444	90	model_proj	35.234	87.239	0.6059	Mozjpeg	90.0
textures	bernd-dittrich-3MdsHe3IIOk-unsplash.jpg	mozjpeg	444	93	identity_off	37.466	89.860	0.4744	Mozjpeg	93.0
textures	bernd-dittrich-3MdsHe3IIOk-unsplash.jpg	mozjpeg	444	93	identity_auto	37.460	89.690	0.5107	Mozjpeg	93.0
textures	bernd-dittrich-3MdsHe3IIOk-unsplash.jpg	mozjpeg	444	93	model_off	37.284	88.681	0.4746	Mozjpeg	93.0
textures	bernd-dittrich-3MdsHe3IIOk-unsplash.jpg	mozjpeg	444	93	model_auto	37.311	88.519	0.4965	Mozjpeg	93.0
textures	bernd-dittrich-3MdsHe3IIOk-unsplash.jpg	mozjpeg	444	93	model_policy	37.291	88.695	0.4742	Mozjpeg	93.0
textures	bernd-dittrich-3MdsHe3IIOk-unsplash.jpg	mozjpeg	444	93	model_proj	37.399	89.315	0.4804	Mozjpeg	93.0
textures	bernd-dittrich-3MdsHe3IIOk-unsplash.jpg	mozjpeg	444	96	identity_off	41.561	92.934	0.2823	Mozjpeg	96.0
textures	bernd-dittrich-3MdsHe3IIOk-unsplash.jpg	mozjpeg	444	96	identity_auto	41.561	92.934	0.2823	Mozjpeg	96.0
textures	bernd-dittrich-3MdsHe3IIOk-unsplash.jpg	mozjpeg	444	96	model_off	40.914	91.225	0.2911	Mozjpeg	96.0
textures	bernd-dittrich-3MdsHe3IIOk-unsplash.jpg	mozjpeg	444	96	model_auto	41.075	91.278	0.2916	Mozjpeg	96.0
textures	bernd-dittrich-3MdsHe3IIOk-unsplash.jpg	mozjpeg	444	96	model_policy	40.918	91.265	0.2905	Mozjpeg	96.0
textures	bernd-dittrich-3MdsHe3IIOk-unsplash.jpg	mozjpeg	444	96	model_proj	41.151	92.141	0.3161	Mozjpeg	96.0
textures	bernd-dittrich-3MdsHe3IIOk-unsplash.jpg	jpegli	420	85	identity_off	31.551	78.093	0.8433	CjpegliYcbcr	1.8
textures	bernd-dittrich-3MdsHe3IIOk-unsplash.jpg	jpegli	420	85	identity_auto	31.579	77.613	0.8513	CjpegliYcbcr	1.8
textures	bernd-dittrich-3MdsHe3IIOk-unsplash.jpg	jpegli	420	85	model_off	31.869	78.604	0.8302	CjpegliYcbcr	1.8
textures	bernd-dittrich-3MdsHe3IIOk-unsplash.jpg	jpegli	420	85	model_auto	31.821	78.069	0.8357	CjpegliYcbcr	1.8
textures	bernd-dittrich-3MdsHe3IIOk-unsplash.jpg	jpegli	420	85	model_policy	31.863	78.614	0.8306	CjpegliYcbcr	1.8
textures	bernd-dittrich-3MdsHe3IIOk-unsplash.jpg	jpegli	420	85	model_proj	31.901	78.602	0.8460	CjpegliYcbcr	1.8
textures	bernd-dittrich-3MdsHe3IIOk-unsplash.jpg	jpegli	420	90	identity_off	33.884	83.735	0.5263	CjpegliYcbcr	1.3
textures	bernd-dittrich-3MdsHe3IIOk-unsplash.jpg	jpegli	420	90	identity_auto	33.962	83.388	0.5915	CjpegliYcbcr	1.3
textures	bernd-dittrich-3MdsHe3IIOk-unsplash.jpg	jpegli	420	90	model_off	34.355	84.367	0.5084	CjpegliYcbcr	1.3
textures	bernd-dittrich-3MdsHe3IIOk-unsplash.jpg	jpegli	420	90	model_auto	34.351	84.006	0.5611	CjpegliYcbcr	1.3
textures	bernd-dittrich-3MdsHe3IIOk-unsplash.jpg	jpegli	420	90	model_policy	34.349	84.385	0.5088	CjpegliYcbcr	1.3
textures	bernd-dittrich-3MdsHe3IIOk-unsplash.jpg	jpegli	420	90	model_proj	34.421	84.323	0.5418	CjpegliYcbcr	1.3
textures	bernd-dittrich-3MdsHe3IIOk-unsplash.jpg	jpegli	420	93	identity_off	35.309	86.872	0.4054	CjpegliYcbcr	1.0
textures	bernd-dittrich-3MdsHe3IIOk-unsplash.jpg	jpegli	420	93	identity_auto	35.395	86.501	0.4875	CjpegliYcbcr	1.0
textures	bernd-dittrich-3MdsHe3IIOk-unsplash.jpg	jpegli	420	93	model_off	35.878	87.712	0.3825	CjpegliYcbcr	1.0
textures	bernd-dittrich-3MdsHe3IIOk-unsplash.jpg	jpegli	420	93	model_auto	35.871	87.297	0.4495	CjpegliYcbcr	1.0
textures	bernd-dittrich-3MdsHe3IIOk-unsplash.jpg	jpegli	420	93	model_policy	35.870	87.724	0.3832	CjpegliYcbcr	1.0
textures	bernd-dittrich-3MdsHe3IIOk-unsplash.jpg	jpegli	420	93	model_proj	35.988	87.644	0.4503	CjpegliYcbcr	1.0
textures	bernd-dittrich-3MdsHe3IIOk-unsplash.jpg	jpegli	420	96	identity_off	36.867	89.100	0.3319	CjpegliYcbcr	0.5
textures	bernd-dittrich-3MdsHe3IIOk-unsplash.jpg	jpegli	420	96	identity_auto	36.867	89.100	0.3319	CjpegliYcbcr	0.5
textures	bernd-dittrich-3MdsHe3IIOk-unsplash.jpg	jpegli	420	96	model_off	37.492	89.757	0.3058	CjpegliYcbcr	0.5
textures	bernd-dittrich-3MdsHe3IIOk-unsplash.jpg	jpegli	420	96	model_auto	37.419	89.723	0.2984	CjpegliYcbcr	0.5
textures	bernd-dittrich-3MdsHe3IIOk-unsplash.jpg	jpegli	420	96	model_policy	37.483	89.754	0.3069	CjpegliYcbcr	0.5
textures	bernd-dittrich-3MdsHe3IIOk-unsplash.jpg	jpegli	420	96	model_proj	37.665	89.667	0.4139	CjpegliYcbcr	0.5
textures	bernd-dittrich-3MdsHe3IIOk-unsplash.jpg	jpegli	444	85	identity_off	32.791	81.933	0.6398	CjpegliYcbcr	1.4
textures	bernd-dittrich-3MdsHe3IIOk-unsplash.jpg	jpegli	444	85	identity_auto	32.893	81.789	0.6807	CjpegliYcbcr	1.4
textures	bernd-dittrich-3MdsHe3IIOk-unsplash.jpg	jpegli	444	85	model_off	33.198	82.431	0.6262	CjpegliYcbcr	1.4
textures	bernd-dittrich-3MdsHe3IIOk-unsplash.jpg	jpegli	444	85	model_auto	33.211	82.230	0.6583	CjpegliYcbcr	1.4
textures	bernd-dittrich-3MdsHe3IIOk-unsplash.jpg	jpegli	444	85	model_policy	33.193	82.446	0.6266	CjpegliYcbcr	1.4
textures	bernd-dittrich-3MdsHe3IIOk-unsplash.jpg	jpegli	444	85	model_proj	33.526	82.665	0.6222	CjpegliYcbcr	1.4
textures	bernd-dittrich-3MdsHe3IIOk-unsplash.jpg	jpegli	444	90	identity_off	34.789	86.435	0.4414	CjpegliYcbcr	1.1
textures	bernd-dittrich-3MdsHe3IIOk-unsplash.jpg	jpegli	444	90	identity_auto	34.904	86.280	0.4897	CjpegliYcbcr	1.1
textures	bernd-dittrich-3MdsHe3IIOk-unsplash.jpg	jpegli	444	90	model_off	35.285	86.728	0.4300	CjpegliYcbcr	1.1
textures	bernd-dittrich-3MdsHe3IIOk-unsplash.jpg	jpegli	444	90	model_auto	35.301	86.528	0.4634	CjpegliYcbcr	1.1
textures	bernd-dittrich-3MdsHe3IIOk-unsplash.jpg	jpegli	444	90	model_policy	35.282	86.753	0.4302	CjpegliYcbcr	1.1
textures	bernd-dittrich-3MdsHe3IIOk-unsplash.jpg	jpegli	444	90	model_proj	35.698	87.063	0.4297	CjpegliYcbcr	1.1
textures	bernd-dittrich-3MdsHe3IIOk-unsplash.jpg	jpegli	444	93	identity_off	36.248	89.413	0.3265	CjpegliYcbcr	0.7
textures	bernd-dittrich-3MdsHe3IIOk-unsplash.jpg	jpegli	444	93	identity_auto	36.354	89.166	0.4022	CjpegliYcbcr	0.7
textures	bernd-dittrich-3MdsHe3IIOk-unsplash.jpg	jpegli	444	93	model_off	36.711	89.514	0.3148	CjpegliYcbcr	0.7
textures	bernd-dittrich-3MdsHe3IIOk-unsplash.jpg	jpegli	444	93	model_auto	36.729	89.326	0.3677	CjpegliYcbcr	0.7
textures	bernd-dittrich-3MdsHe3IIOk-unsplash.jpg	jpegli	444	93	model_policy	36.711	89.555	0.3149	CjpegliYcbcr	0.7
textures	bernd-dittrich-3MdsHe3IIOk-unsplash.jpg	jpegli	444	93	model_proj	37.097	89.884	0.3163	CjpegliYcbcr	0.7
textures	bernd-dittrich-3MdsHe3IIOk-unsplash.jpg	jpegli	444	96	identity_off	37.898	91.799	0.2390	CjpegliYcbcr	0.3
textures	bernd-dittrich-3MdsHe3IIOk-unsplash.jpg	jpegli	444	96	identity_auto	37.898	91.799	0.2390	CjpegliYcbcr	0.3
textures	bernd-dittrich-3MdsHe3IIOk-unsplash.jpg	jpegli	444	96	model_off	38.269	91.439	0.2353	CjpegliYcbcr	0.3
textures	bernd-dittrich-3MdsHe3IIOk-unsplash.jpg	jpegli	444	96	model_auto	38.243	91.533	0.2290	CjpegliYcbcr	0.3
textures	bernd-dittrich-3MdsHe3IIOk-unsplash.jpg	jpegli	444	96	model_policy	38.272	91.495	0.2349	CjpegliYcbcr	0.3
textures	bernd-dittrich-3MdsHe3IIOk-unsplash.jpg	jpegli	444	96	model_proj	38.703	91.949	0.2638	CjpegliYcbcr	0.3
textures	bernd-dittrich-3MdsHe3IIOk-unsplash.jpg	zenjpeg	420	85	identity_off	31.539	77.957	0.8486	CjpegliYcbcr	1.8
textures	bernd-dittrich-3MdsHe3IIOk-unsplash.jpg	zenjpeg	420	85	identity_auto	31.568	77.492	0.8561	CjpegliYcbcr	1.8
textures	bernd-dittrich-3MdsHe3IIOk-unsplash.jpg	zenjpeg	420	85	model_off	31.857	78.466	0.8356	CjpegliYcbcr	1.8
textures	bernd-dittrich-3MdsHe3IIOk-unsplash.jpg	zenjpeg	420	85	model_auto	31.809	77.939	0.8407	CjpegliYcbcr	1.8
textures	bernd-dittrich-3MdsHe3IIOk-unsplash.jpg	zenjpeg	420	85	model_policy	31.852	78.477	0.8357	CjpegliYcbcr	1.8
textures	bernd-dittrich-3MdsHe3IIOk-unsplash.jpg	zenjpeg	420	85	model_proj	31.889	78.455	0.8508	CjpegliYcbcr	1.8
textures	bernd-dittrich-3MdsHe3IIOk-unsplash.jpg	zenjpeg	420	90	identity_off	33.881	83.699	0.5291	CjpegliYcbcr	1.3
textures	bernd-dittrich-3MdsHe3IIOk-unsplash.jpg	zenjpeg	420	90	identity_auto	33.958	83.349	0.5939	CjpegliYcbcr	1.3
textures	bernd-dittrich-3MdsHe3IIOk-unsplash.jpg	zenjpeg	420	90	model_off	34.351	84.296	0.5113	CjpegliYcbcr	1.3
textures	bernd-dittrich-3MdsHe3IIOk-unsplash.jpg	zenjpeg	420	90	model_auto	34.346	83.951	0.5637	CjpegliYcbcr	1.3
textures	bernd-dittrich-3MdsHe3IIOk-unsplash.jpg	zenjpeg	420	90	model_policy	34.344	84.325	0.5118	CjpegliYcbcr	1.3
textures	bernd-dittrich-3MdsHe3IIOk-unsplash.jpg	zenjpeg	420	90	model_proj	34.417	84.261	0.5456	CjpegliYcbcr	1.3
textures	bernd-dittrich-3MdsHe3IIOk-unsplash.jpg	zenjpeg	420	93	identity_off	35.317	86.826	0.4072	CjpegliYcbcr	1.0
textures	bernd-dittrich-3MdsHe3IIOk-unsplash.jpg	zenjpeg	420	93	identity_auto	35.402	86.441	0.4873	CjpegliYcbcr	1.0
textures	bernd-dittrich-3MdsHe3IIOk-unsplash.jpg	zenjpeg	420	93	model_off	35.885	87.632	0.3849	CjpegliYcbcr	1.0
textures	bernd-dittrich-3MdsHe3IIOk-unsplash.jpg	zenjpeg	420	93	model_auto	35.877	87.215	0.4504	CjpegliYcbcr	1.0
textures	bernd-dittrich-3MdsHe3IIOk-unsplash.jpg	zenjpeg	420	93	model_policy	35.877	87.650	0.3854	CjpegliYcbcr	1.0
textures	bernd-dittrich-3MdsHe3IIOk-unsplash.jpg	zenjpeg	420	93	model_proj	35.997	87.554	0.4520	CjpegliYcbcr	1.0
textures	bernd-dittrich-3MdsHe3IIOk-unsplash.jpg	zenjpeg	420	96	identity_off	36.862	89.040	0.3309	CjpegliYcbcr	0.5
textures	bernd-dittrich-3MdsHe3IIOk-unsplash.jpg	zenjpeg	420	96	identity_auto	36.862	89.040	0.3309	CjpegliYcbcr	0.5
textures	bernd-dittrich-3MdsHe3IIOk-unsplash.jpg	zenjpeg	420	96	model_off	37.485	89.670	0.3075	CjpegliYcbcr	0.5
textures	bernd-dittrich-3MdsHe3IIOk-unsplash.jpg	zenjpeg	420	96	model_auto	37.412	89.658	0.2996	CjpegliYcbcr	0.5
textures	bernd-dittrich-3MdsHe3IIOk-unsplash.jpg	zenjpeg	420	96	model_policy	37.475	89.693	0.3081	CjpegliYcbcr	0.5
textures	bernd-dittrich-3MdsHe3IIOk-unsplash.jpg	zenjpeg	420	96	model_proj	37.660	89.603	0.4143	CjpegliYcbcr	0.5
textures	bernd-dittrich-3MdsHe3IIOk-unsplash.jpg	zenjpeg	444	85	identity_off	32.770	81.864	0.6454	CjpegliYcbcr	1.4
textures	bernd-dittrich-3MdsHe3IIOk-unsplash.jpg	zenjpeg	444	85	identity_auto	32.872	81.731	0.6864	CjpegliYcbcr	1.4
textures	bernd-dittrich-3MdsHe3IIOk-unsplash.jpg	zenjpeg	444	85	model_off	33.175	82.370	0.6320	CjpegliYcbcr	1.4
textures	bernd-dittrich-3MdsHe3IIOk-unsplash.jpg	zenjpeg	444	85	model_auto	33.188	82.180	0.6641	CjpegliYcbcr	1.4
textures	bernd-dittrich-3MdsHe3IIOk-unsplash.jpg	zenjpeg	444	85	model_policy	33.170	82.393	0.6325	CjpegliYcbcr	1.4
textures	bernd-dittrich-3MdsHe3IIOk-unsplash.jpg	zenjpeg	444	85	model_proj	33.501	82.600	0.6282	CjpegliYcbcr	1.4
textures	bernd-dittrich-3MdsHe3IIOk-unsplash.jpg	zenjpeg	444	90	identity_off	34.774	86.410	0.4448	CjpegliYcbcr	1.1
textures	bernd-dittrich-3MdsHe3IIOk-unsplash.jpg	zenjpeg	444	90	identity_auto	34.888	86.243	0.4934	CjpegliYcbcr	1.1
textures	bernd-dittrich-3MdsHe3IIOk-unsplash.jpg	zenjpeg	444	90	model_off	35.267	86.704	0.4334	CjpegliYcbcr	1.1
textures	bernd-dittrich-3MdsHe3IIOk-unsplash.jpg	zenjpeg	444	90	model_auto	35.284	86.492	0.4676	CjpegliYcbcr	1.1
textures	bernd-dittrich-3MdsHe3IIOk-unsplash.jpg	zenjpeg	444	90	model_policy	35.264	86.726	0.4337	CjpegliYcbcr	1.1
textures	bernd-dittrich-3MdsHe3IIOk-unsplash.jpg	zenjpeg	444	90	model_proj	35.677	87.006	0.4331	CjpegliYcbcr	1.1
textures	bernd-dittrich-3MdsHe3IIOk-unsplash.jpg	zenjpeg	444	93	identity_off	36.225	89.274	0.3316	CjpegliYcbcr	0.7
textures	bernd-dittrich-3MdsHe3IIOk-unsplash.jpg	zenjpeg	444	93	identity_auto	36.332	89.047	0.4066	CjpegliYcbcr	0.7
textures	bernd-dittrich-3MdsHe3IIOk-unsplash.jpg	zenjpeg	444	93	model_off	36.691	89.438	0.3200	CjpegliYcbcr	0.7
textures	bernd-dittrich-3MdsHe3IIOk-unsplash.jpg	zenjpeg	444	93	model_auto	36.709	89.238	0.3723	CjpegliYcbcr	0.7
textures	bernd-dittrich-3MdsHe3IIOk-unsplash.jpg	zenjpeg	444	93	model_policy	36.690	89.465	0.3201	CjpegliYcbcr	0.7
textures	bernd-dittrich-3MdsHe3IIOk-unsplash.jpg	zenjpeg	444	93	model_proj	37.072	89.822	0.3218	CjpegliYcbcr	0.7
textures	bernd-dittrich-3MdsHe3IIOk-unsplash.jpg	zenjpeg	444	96	identity_off	37.875	91.765	0.2425	CjpegliYcbcr	0.3
textures	bernd-dittrich-3MdsHe3IIOk-unsplash.jpg	zenjpeg	444	96	identity_auto	37.875	91.765	0.2425	CjpegliYcbcr	0.3
textures	bernd-dittrich-3MdsHe3IIOk-unsplash.jpg	zenjpeg	444	96	model_off	38.246	91.418	0.2377	CjpegliYcbcr	0.3
textures	bernd-dittrich-3MdsHe3IIOk-unsplash.jpg	zenjpeg	444	96	model_auto	38.219	91.486	0.2308	CjpegliYcbcr	0.3
textures	bernd-dittrich-3MdsHe3IIOk-unsplash.jpg	zenjpeg	444	96	model_policy	38.247	91.458	0.2374	CjpegliYcbcr	0.3
textures	bernd-dittrich-3MdsHe3IIOk-unsplash.jpg	zenjpeg	444	96	model_proj	38.674	91.878	0.2678	CjpegliYcbcr	0.3
textures	haberdoedas-5BsnVq1qTis-unsplash.jpg	turbo	420	85	identity_off	40.447	84.358	0.6595	ImageMagick	85.0
textures	haberdoedas-5BsnVq1qTis-unsplash.jpg	turbo	420	85	identity_auto	40.764	83.200	0.6529	ImageMagick	85.0
textures	haberdoedas-5BsnVq1qTis-unsplash.jpg	turbo	420	85	model_off	40.482	84.370	0.6578	ImageMagick	85.0
textures	haberdoedas-5BsnVq1qTis-unsplash.jpg	turbo	420	85	model_auto	40.767	83.187	0.6528	ImageMagick	85.0
textures	haberdoedas-5BsnVq1qTis-unsplash.jpg	turbo	420	85	model_policy	40.486	84.398	0.6574	ImageMagick	85.0
textures	haberdoedas-5BsnVq1qTis-unsplash.jpg	turbo	420	85	model_proj	40.486	84.398	0.6574	ImageMagick	85.0
textures	haberdoedas-5BsnVq1qTis-unsplash.jpg	turbo	420	90	identity_off	47.785	91.483	0.2241	ImageMagick	90.0
textures	haberdoedas-5BsnVq1qTis-unsplash.jpg	turbo	420	90	identity_auto	46.950	90.561	0.3149	ImageMagick	90.0
textures	haberdoedas-5BsnVq1qTis-unsplash.jpg	turbo	420	90	model_off	47.752	91.440	0.2250	ImageMagick	90.0
textures	haberdoedas-5BsnVq1qTis-unsplash.jpg	turbo	420	90	model_auto	46.943	90.553	0.3150	ImageMagick	90.0
textures	haberdoedas-5BsnVq1qTis-unsplash.jpg	turbo	420	90	model_policy	47.744	91.429	0.2254	ImageMagick	90.0
textures	haberdoedas-5BsnVq1qTis-unsplash.jpg	turbo	420	90	model_proj	47.744	91.419	0.2254	ImageMagick	90.0
textures	haberdoedas-5BsnVq1qTis-unsplash.jpg	turbo	420	93	identity_off	43.037	89.105	0.4666	ImageMagick	93.0
textures	haberdoedas-5BsnVq1qTis-unsplash.jpg	turbo	420	93	identity_auto	43.136	88.759	0.4814	ImageMagick	93.0
textures	haberdoedas-5BsnVq1qTis-unsplash.jpg	turbo	420	93	model_off	43.057	89.125	0.4658	ImageMagick	93.0
textures	haberdoedas-5BsnVq1qTis-unsplash.jpg	turbo	420	93	model_auto	43.137	88.740	0.4814	ImageMagick	93.0
textures	haberdoedas-5BsnVq1qTis-unsplash.jpg	turbo	420	93	model_policy	43.061	89.110	0.4657	ImageMagick	93.0
textures	haberdoedas-5BsnVq1qTis-unsplash.jpg	turbo	420	93	model_proj	43.062	89.101	0.4656	ImageMagick	93.0
textures	haberdoedas-5BsnVq1qTis-unsplash.jpg	turbo	420	96	identity_off	47.638	93.257	0.2213	ImageMagick	96.0
textures	haberdoedas-5BsnVq1qTis-unsplash.jpg	turbo	420	96	identity_auto	47.638	93.257	0.2213	ImageMagick	96.0
textures	haberdoedas-5BsnVq1qTis-unsplash.jpg	turbo	420	96	model_off	47.636	93.248	0.2213	ImageMagick	96.0
textures	haberdoedas-5BsnVq1qTis-unsplash.jpg	turbo	420	96	model_auto	47.639	93.240	0.2213	ImageMagick	96.0
textures	haberdoedas-5BsnVq1qTis-unsplash.jpg	turbo	420	96	model_policy	47.639	93.255	0.2213	ImageMagick	96.0
textures	haberdoedas-5BsnVq1qTis-unsplash.jpg	turbo	420	96	model_proj	47.644	93.240	0.2208	ImageMagick	96.0
textures	haberdoedas-5BsnVq1qTis-unsplash.jpg	turbo	444	85	identity_off	40.370	84.960	0.6557	ImageMagick	85.0
textures	haberdoedas-5BsnVq1qTis-unsplash.jpg	turbo	444	85	identity_auto	40.717	83.908	0.6456	ImageMagick	85.0
textures	haberdoedas-5BsnVq1qTis-unsplash.jpg	turbo	444	85	model_off	40.408	84.975	0.6539	ImageMagick	85.0
textures	haberdoedas-5BsnVq1qTis-unsplash.jpg	turbo	444	85	model_auto	40.719	83.909	0.6456	ImageMagick	85.0
textures	haberdoedas-5BsnVq1qTis-unsplash.jpg	turbo	444	85	model_policy	40.413	84.979	0.6535	ImageMagick	85.0
textures	haberdoedas-5BsnVq1qTis-unsplash.jpg	turbo	444	85	model_proj	40.472	84.529	0.6675	ImageMagick	85.0
textures	haberdoedas-5BsnVq1qTis-unsplash.jpg	turbo	444	90	identity_off	47.034	91.939	0.2209	ImageMagick	90.0
textures	haberdoedas-5BsnVq1qTis-unsplash.jpg	turbo	444	90	identity_auto	46.360	91.099	0.3059	ImageMagick	90.0
textures	haberdoedas-5BsnVq1qTis-unsplash.jpg	turbo	444	90	model_off	47.014	91.876	0.2218	ImageMagick	90.0
textures	haberdoedas-5BsnVq1qTis-unsplash.jpg	turbo	444	90	model_auto	46.354	91.121	0.3060	ImageMagick	90.0
textures	haberdoedas-5BsnVq1qTis-unsplash.jpg	turbo	444	90	model_policy	47.010	91.905	0.2223	ImageMagick	90.0
textures	haberdoedas-5BsnVq1qTis-unsplash.jpg	turbo	444	90	model_proj	46.588	90.282	0.2699	ImageMagick	90.0
textures	haberdoedas-5BsnVq1qTis-unsplash.jpg	turbo	444	93	identity_off	42.893	89.967	0.4626	ImageMagick	93.0
textures	haberdoedas-5BsnVq1qTis-unsplash.jpg	turbo	444	93	identity_auto	42.991	89.644	0.4746	ImageMagick	93.0
textures	haberdoedas-5BsnVq1qTis-unsplash.jpg	turbo	444	93	model_off	42.920	89.962	0.4618	ImageMagick	93.0
textures	haberdoedas-5BsnVq1qTis-unsplash.jpg	turbo	444	93	model_auto	42.993	89.662	0.4746	ImageMagick	93.0
textures	haberdoedas-5BsnVq1qTis-unsplash.jpg	turbo	444	93	model_policy	42.925	89.979	0.4617	ImageMagick	93.0
textures	haberdoedas-5BsnVq1qTis-unsplash.jpg	turbo	444	93	model_proj	42.736	88.081	0.5270	ImageMagick	93.0
textures	haberdoedas-5BsnVq1qTis-unsplash.jpg	turbo	444	96	identity_off	46.539	94.181	0.2173	ImageMagick	96.0
textures	haberdoedas-5BsnVq1qTis-unsplash.jpg	turbo	444	96	identity_auto	46.539	94.181	0.2173	ImageMagick	96.0
textures	haberdoedas-5BsnVq1qTis-unsplash.jpg	turbo	444	96	model_off	46.557	94.155	0.2172	ImageMagick	96.0
textures	haberdoedas-5BsnVq1qTis-unsplash.jpg	turbo	444	96	model_auto	46.541	94.161	0.2173	ImageMagick	96.0
textures	haberdoedas-5BsnVq1qTis-unsplash.jpg	turbo	444	96	model_policy	46.568	94.180	0.2172	ImageMagick	96.0
textures	haberdoedas-5BsnVq1qTis-unsplash.jpg	turbo	444	96	model_proj	45.669	91.482	0.3632	ImageMagick	96.0
textures	haberdoedas-5BsnVq1qTis-unsplash.jpg	mozjpeg	420	85	identity_off	35.742	73.530	1.1534	Mozjpeg	85.0
textures	haberdoedas-5BsnVq1qTis-unsplash.jpg	mozjpeg	420	85	identity_auto	35.839	72.248	1.1654	Mozjpeg	85.0
textures	haberdoedas-5BsnVq1qTis-unsplash.jpg	mozjpeg	420	85	model_off	35.791	73.562	1.1498	Mozjpeg	85.0
textures	haberdoedas-5BsnVq1qTis-unsplash.jpg	mozjpeg	420	85	model_auto	35.841	72.239	1.1654	Mozjpeg	85.0
textures	haberdoedas-5BsnVq1qTis-unsplash.jpg	mozjpeg	420	85	model_policy	35.799	73.558	1.1492	Mozjpeg	85.0
textures	haberdoedas-5BsnVq1qTis-unsplash.jpg	mozjpeg	420	85	model_proj	35.799	73.563	1.1492	Mozjpeg	85.0
textures	haberdoedas-5BsnVq1qTis-unsplash.jpg	mozjpeg	420	90	identity_off	41.403	84.970	0.6298	Mozjpeg	90.0
textures	haberdoedas-5BsnVq1qTis-unsplash.jpg	mozjpeg	420	90	identity_auto	41.369	84.631	0.6521	Mozjpeg	90.0
textures	haberdoedas-5BsnVq1qTis-unsplash.jpg	mozjpeg	420	90	model_off	41.406	84.981	0.6295	Mozjpeg	90.0
textures	haberdoedas-5BsnVq1qTis-unsplash.jpg	mozjpeg	420	90	model_auto	41.369	84.654	0.6520	Mozjpeg	90.0
textures	haberdoedas-5BsnVq1qTis-unsplash.jpg	mozjpeg	420	90	model_policy	41.408	84.969	0.6294	Mozjpeg	90.0
textures	haberdoedas-5BsnVq1qTis-unsplash.jpg	mozjpeg	420	90	model_proj	41.408	84.973	0.6294	Mozjpeg	90.0
textures	haberdoedas-5BsnVq1qTis-unsplash.jpg	mozjpeg	420	93	identity_off	42.333	86.662	0.5443	Mozjpeg	93.0
textures	haberdoedas-5BsnVq1qTis-unsplash.jpg	mozjpeg	420	93	identity_auto	42.135	86.189	0.5815	Mozjpeg	93.0
textures	haberdoedas-5BsnVq1qTis-unsplash.jpg	mozjpeg	420	93	model_off	42.321	86.670	0.5445	Mozjpeg	93.0
textures	haberdoedas-5BsnVq1qTis-unsplash.jpg	mozjpeg	420	93	model_auto	42.133	86.185	0.5815	Mozjpeg	93.0
textures	haberdoedas-5BsnVq1qTis-unsplash.jpg	mozjpeg	420	93	model_policy	42.320	86.667	0.5446	Mozjpeg	93.0
textures	haberdoedas-5BsnVq1qTis-unsplash.jpg	mozjpeg	420	93	model_proj	42.320	86.673	0.5446	Mozjpeg	93.0
textures	haberdoedas-5BsnVq1qTis-unsplash.jpg	mozjpeg	420	96	identity_off	47.383	91.419	0.3186	Mozjpeg	96.0
textures	haberdoedas-5BsnVq1qTis-unsplash.jpg	mozjpeg	420	96	identity_auto	47.383	91.419	0.3186	Mozjpeg	96.0
textures	haberdoedas-5BsnVq1qTis-unsplash.jpg	mozjpeg	420	96	model_off	47.360	91.386	0.3190	Mozjpeg	96.0
textures	haberdoedas-5BsnVq1qTis-unsplash.jpg	mozjpeg	420	96	model_auto	47.379	91.396	0.3186	Mozjpeg	96.0
textures	haberdoedas-5BsnVq1qTis-unsplash.jpg	mozjpeg	420	96	model_policy	47.356	91.384	0.3192	Mozjpeg	96.0
textures	haberdoedas-5BsnVq1qTis-unsplash.jpg	mozjpeg	420	96	model_proj	47.356	91.396	0.3191	Mozjpeg	96.0
textures	haberdoedas-5BsnVq1qTis-unsplash.jpg	mozjpeg	444	85	identity_off	35.720	73.807	1.1520	Mozjpeg	85.0
textures	haberdoedas-5BsnVq1qTis-unsplash.jpg	mozjpeg	444	85	identity_auto	35.830	72.633	1.1626	Mozjpeg	85.0
textures	haberdoedas-5BsnVq1qTis-unsplash.jpg	mozjpeg	444	85	model_off	35.776	73.844	1.1483	Mozjpeg	85.0
textures	haberdoedas-5BsnVq1qTis-unsplash.jpg	mozjpeg	444	85	model_auto	35.831	72.640	1.1625	Mozjpeg	85.0
textures	haberdoedas-5BsnVq1qTis-unsplash.jpg	mozjpeg	444	85	model_policy	35.785	73.857	1.1477	Mozjpeg	85.0
textures	haberdoedas-5BsnVq1qTis-unsplash.jpg	mozjpeg	444	85	model_proj	35.789	73.824	1.1479	Mozjpeg	85.0
textures	haberdoedas-5BsnVq1qTis-unsplash.jpg	mozjpeg	444	90	identity_off	41.320	85.591	0.6274	Mozjpeg	90.0
textures	haberdoedas-5BsnVq1qTis-unsplash.jpg	mozjpeg	444	90	identity_auto	41.289	85.312	0.6489	Mozjpeg	90.0
textures	haberdoedas-5BsnVq1qTis-unsplash.jpg	mozjpeg	444	90	model_off	41.328	85.587	0.6271	Mozjpeg	90.0
textures	haberdoedas-5BsnVq1qTis-unsplash.jpg	mozjpeg	444	90	model_auto	41.289	85.318	0.6489	Mozjpeg	90.0
textures	haberdoedas-5BsnVq1qTis-unsplash.jpg	mozjpeg	444	90	model_policy	41.331	85.598	0.6270	Mozjpeg	90.0
textures	haberdoedas-5BsnVq1qTis-unsplash.jpg	mozjpeg	444	90	model_proj	41.296	84.995	0.6330	Mozjpeg	90.0
textures	haberdoedas-5BsnVq1qTis-unsplash.jpg	mozjpeg	444	93	identity_off	42.231	87.287	0.5430	Mozjpeg	93.0
textures	haberdoedas-5BsnVq1qTis-unsplash.jpg	mozjpeg	444	93	identity_auto	42.030	86.830	0.5806	Mozjpeg	93.0
textures	haberdoedas-5BsnVq1qTis-unsplash.jpg	mozjpeg	444	93	model_off	42.224	87.272	0.5434	Mozjpeg	93.0
textures	haberdoedas-5BsnVq1qTis-unsplash.jpg	mozjpeg	444	93	model_auto	42.028	86.831	0.5806	Mozjpeg	93.0
textures	haberdoedas-5BsnVq1qTis-unsplash.jpg	mozjpeg	444	93	model_policy	42.226	87.266	0.5434	Mozjpeg	93.0
textures	haberdoedas-5BsnVq1qTis-unsplash.jpg	mozjpeg	444	93	model_proj	42.049	85.703	0.5620	Mozjpeg	93.0
textures	haberdoedas-5BsnVq1qTis-unsplash.jpg	mozjpeg	444	96	identity_off	47.083	92.037	0.3161	Mozjpeg	96.0
textures	haberdoedas-5BsnVq1qTis-unsplash.jpg	mozjpeg	444	96	identity_auto	47.083	92.037	0.3161	Mozjpeg	96.0
textures	haberdoedas-5BsnVq1qTis-unsplash.jpg	mozjpeg	444	96	model_off	47.075	92.017	0.3165	Mozjpeg	96.0
textures	haberdoedas-5BsnVq1qTis-unsplash.jpg	mozjpeg	444	96	model_auto	47.081	92.063	0.3162	Mozjpeg	96.0
textures	haberdoedas-5BsnVq1qTis-unsplash.jpg	mozjpeg	444	96	model_policy	47.078	92.016	0.3166	Mozjpeg	96.0
textures	haberdoedas-5BsnVq1qTis-unsplash.jpg	mozjpeg	444	96	model_proj	46.047	89.569	0.3940	Mozjpeg	96.0
textures	haberdoedas-5BsnVq1qTis-unsplash.jpg	jpegli	420	85	identity_off	38.101	76.352	0.9160	CjpegliYcbcr	1.8
textures	haberdoedas-5BsnVq1qTis-unsplash.jpg	jpegli	420	85	identity_auto	38.040	75.461	0.9172	CjpegliYcbcr	1.8
textures	haberdoedas-5BsnVq1qTis-unsplash.jpg	jpegli	420	85	model_off	38.099	76.333	0.9161	CjpegliYcbcr	1.8
textures	haberdoedas-5BsnVq1qTis-unsplash.jpg	jpegli	420	85	model_auto	38.039	75.464	0.9173	CjpegliYcbcr	1.8
textures	haberdoedas-5BsnVq1qTis-unsplash.jpg	jpegli	420	85	model_policy	38.099	76.331	0.9161	CjpegliYcbcr	1.8
textures	haberdoedas-5BsnVq1qTis-unsplash.jpg	jpegli	420	85	model_proj	38.099	76.331	0.9161	CjpegliYcbcr	1.8
textures	haberdoedas-5BsnVq1qTis-unsplash.jpg	jpegli	420	90	identity_off	41.528	83.643	0.5968	CjpegliYcbcr	1.3
textures	haberdoedas-5BsnVq1qTis-unsplash.jpg	jpegli	420	90	identity_auto	41.456	83.156	0.6237	CjpegliYcbcr	1.3
textures	haberdoedas-5BsnVq1qTis-unsplash.jpg	jpegli	420	90	model_off	41.525	83.641	0.5969	CjpegliYcbcr	1.3
textures	haberdoedas-5BsnVq1qTis-unsplash.jpg	jpegli	420	90	model_auto	41.455	83.161	0.6237	CjpegliYcbcr	1.3
textures	haberdoedas-5BsnVq1qTis-unsplash.jpg	jpegli	420	90	model_policy	41.525	83.630	0.5969	CjpegliYcbcr	1.3
textures	haberdoedas-5BsnVq1qTis-unsplash.jpg	jpegli	420	90	model_proj	41.525	83.629	0.5969	CjpegliYcbcr	1.3
textures	haberdoedas-5BsnVq1qTis-unsplash.jpg	jpegli	420	93	identity_off	44.836	89.492	0.3782	CjpegliYcbcr	1.0
textures	haberdoedas-5BsnVq1qTis-unsplash.jpg	jpegli	420	93	identity_auto	44.661	88.924	0.4241	CjpegliYcbcr	1.0
textures	haberdoedas-5BsnVq1qTis-unsplash.jpg	jpegli	420	93	model_off	44.829	89.499	0.3783	CjpegliYcbcr	1.0
textures	haberdoedas-5BsnVq1qTis-unsplash.jpg	jpegli	420	93	model_auto	44.659	88.916	0.4242	CjpegliYcbcr	1.0
textures	haberdoedas-5BsnVq1qTis-unsplash.jpg	jpegli	420	93	model_policy	44.829	89.473	0.3784	CjpegliYcbcr	1.0
textures	haberdoedas-5BsnVq1qTis-unsplash.jpg	jpegli	420	93	model_proj	44.829	89.484	0.3784	CjpegliYcbcr	1.0
textures	haberdoedas-5BsnVq1qTis-unsplash.jpg	jpegli	420	96	identity_off	47.514	92.010	0.2350	CjpegliYcbcr	0.5
textures	haberdoedas-5BsnVq1qTis-unsplash.jpg	jpegli	420	96	identity_auto	47.514	92.010	0.2350	CjpegliYcbcr	0.5
textures	haberdoedas-5BsnVq1qTis-unsplash.jpg	jpegli	420	96	model_off	47.497	91.976	0.2355	CjpegliYcbcr	0.5
textures	haberdoedas-5BsnVq1qTis-unsplash.jpg	jpegli	420	96	model_auto	47.511	92.022	0.2350	CjpegliYcbcr	0.5
textures	haberdoedas-5BsnVq1qTis-unsplash.jpg	jpegli	420	96	model_policy	47.494	91.984	0.2356	CjpegliYcbcr	0.5
textures	haberdoedas-5BsnVq1qTis-unsplash.jpg	jpegli	420	96	model_proj	47.495	92.011	0.2356	CjpegliYcbcr	0.5
textures	haberdoedas-5BsnVq1qTis-unsplash.jpg	jpegli	444	85	identity_off	40.438	81.075	0.6805	CjpegliYcbcr	1.4
textures	haberdoedas-5BsnVq1qTis-unsplash.jpg	jpegli	444	85	identity_auto	40.469	80.846	0.6994	CjpegliYcbcr	1.4
textures	haberdoedas-5BsnVq1qTis-unsplash.jpg	jpegli	444	85	model_off	40.445	81.070	0.6802	CjpegliYcbcr	1.4
textures	haberdoedas-5BsnVq1qTis-unsplash.jpg	jpegli	444	85	model_auto	40.469	80.841	0.6994	CjpegliYcbcr	1.4
textures	haberdoedas-5BsnVq1qTis-unsplash.jpg	jpegli	444	85	model_policy	40.445	81.055	0.6803	CjpegliYcbcr	1.4
textures	haberdoedas-5BsnVq1qTis-unsplash.jpg	jpegli	444	85	model_proj	40.451	81.065	0.6800	CjpegliYcbcr	1.4
textures	haberdoedas-5BsnVq1qTis-unsplash.jpg	jpegli	444	90	identity_off	42.314	84.508	0.5284	CjpegliYcbcr	1.1
textures	haberdoedas-5BsnVq1qTis-unsplash.jpg	jpegli	444	90	identity_auto	42.329	84.185	0.5525	CjpegliYcbcr	1.1
textures	haberdoedas-5BsnVq1qTis-unsplash.jpg	jpegli	444	90	model_off	42.317	84.494	0.5282	CjpegliYcbcr	1.1
textures	haberdoedas-5BsnVq1qTis-unsplash.jpg	jpegli	444	90	model_auto	42.329	84.173	0.5526	CjpegliYcbcr	1.1
textures	haberdoedas-5BsnVq1qTis-unsplash.jpg	jpegli	444	90	model_policy	42.319	84.502	0.5282	CjpegliYcbcr	1.1
textures	haberdoedas-5BsnVq1qTis-unsplash.jpg	jpegli	444	90	model_proj	42.344	84.633	0.5272	CjpegliYcbcr	1.1
textures	haberdoedas-5BsnVq1qTis-unsplash.jpg	jpegli	444	93	identity_off	44.617	88.735	0.3391	CjpegliYcbcr	0.7
textures	haberdoedas-5BsnVq1qTis-unsplash.jpg	jpegli	444	93	identity_auto	44.509	88.164	0.3927	CjpegliYcbcr	0.7
textures	haberdoedas-5BsnVq1qTis-unsplash.jpg	jpegli	444	93	model_off	44.611	88.707	0.3394	CjpegliYcbcr	0.7
textures	haberdoedas-5BsnVq1qTis-unsplash.jpg	jpegli	444	93	model_auto	44.507	88.158	0.3927	CjpegliYcbcr	0.7
textures	haberdoedas-5BsnVq1qTis-unsplash.jpg	jpegli	444	93	model_policy	44.611	88.714	0.3395	CjpegliYcbcr	0.7
textures	haberdoedas-5BsnVq1qTis-unsplash.jpg	jpegli	444	93	model_proj	44.639	88.656	0.3415	CjpegliYcbcr	0.7
textures	haberdoedas-5BsnVq1qTis-unsplash.jpg	jpegli	444	96	identity_off	46.808	91.339	0.2197	CjpegliYcbcr	0.3
textures	haberdoedas-5BsnVq1qTis-unsplash.jpg	jpegli	444	96	identity_auto	46.808	91.339	0.2197	CjpegliYcbcr	0.3
textures	haberdoedas-5BsnVq1qTis-unsplash.jpg	jpegli	444	96	model_off	46.799	91.357	0.2202	CjpegliYcbcr	0.3
textures	haberdoedas-5BsnVq1qTis-unsplash.jpg	jpegli	444	96	model_auto	46.807	91.358	0.2197	CjpegliYcbcr	0.3
textures	haberdoedas-5BsnVq1qTis-unsplash.jpg	jpegli	444	96	model_policy	46.798	91.316	0.2204	CjpegliYcbcr	0.3
textures	haberdoedas-5BsnVq1qTis-unsplash.jpg	jpegli	444	96	model_proj	46.717	91.126	0.2492	CjpegliYcbcr	0.3
textures	haberdoedas-5BsnVq1qTis-unsplash.jpg	zenjpeg	420	85	identity_off	38.089	76.275	0.9211	CjpegliYcbcr	1.8
textures	haberdoedas-5BsnVq1qTis-unsplash.jpg	zenjpeg	420	85	identity_auto	38.032	75.317	0.9221	CjpegliYcbcr	1.8
textures	haberdoedas-5BsnVq1qTis-unsplash.jpg	zenjpeg	420	85	model_off	38.087	76.266	0.9212	CjpegliYcbcr	1.8
textures	haberdoedas-5BsnVq1qTis-unsplash.jpg	zenjpeg	420	85	model_auto	38.031	75.345	0.9221	CjpegliYcbcr	1.8
textures	haberdoedas-5BsnVq1qTis-unsplash.jpg	zenjpeg	420	85	model_policy	38.087	76.280	0.9213	CjpegliYcbcr	1.8
textures	haberdoedas-5BsnVq1qTis-unsplash.jpg	zenjpeg	420	85	model_proj	38.087	76.280	0.9213	CjpegliYcbcr	1.8
textures	haberdoedas-5BsnVq1qTis-unsplash.jpg	zenjpeg	420	90	identity_off	41.530	83.492	0.5978	CjpegliYcbcr	1.3
textures	haberdoedas-5BsnVq1qTis-unsplash.jpg	zenjpeg	420	90	identity_auto	41.468	83.026	0.6204	CjpegliYcbcr	1.3
textures	haberdoedas-5BsnVq1qTis-unsplash.jpg	zenjpeg	420	90	model_off	41.528	83.471	0.5977	CjpegliYcbcr	1.3
textures	haberdoedas-5BsnVq1qTis-unsplash.jpg	zenjpeg	420	90	model_auto	41.467	83.016	0.6204	CjpegliYcbcr	1.3
textures	haberdoedas-5BsnVq1qTis-unsplash.jpg	zenjpeg	420	90	model_policy	41.527	83.494	0.5978	CjpegliYcbcr	1.3
textures	haberdoedas-5BsnVq1qTis-unsplash.jpg	zenjpeg	420	90	model_proj	41.527	83.494	0.5978	CjpegliYcbcr	1.3
textures	haberdoedas-5BsnVq1qTis-unsplash.jpg	zenjpeg	420	93	identity_off	44.933	89.801	0.3766	CjpegliYcbcr	1.0
textures	haberdoedas-5BsnVq1qTis-unsplash.jpg	zenjpeg	420	93	identity_auto	44.755	89.174	0.4177	CjpegliYcbcr	1.0
textures	haberdoedas-5BsnVq1qTis-unsplash.jpg	zenjpeg	420	93	model_off	44.926	89.794	0.3767	CjpegliYcbcr	1.0
textures	haberdoedas-5BsnVq1qTis-unsplash.jpg	zenjpeg	420	93	model_auto	44.753	89.173	0.4177	CjpegliYcbcr	1.0
textures	haberdoedas-5BsnVq1qTis-unsplash.jpg	zenjpeg	420	93	model_policy	44.926	89.782	0.3768	CjpegliYcbcr	1.0
textures	haberdoedas-5BsnVq1qTis-unsplash.jpg	zenjpeg	420	93	model_proj	44.926	89.799	0.3768	CjpegliYcbcr	1.0
textures	haberdoedas-5BsnVq1qTis-unsplash.jpg	zenjpeg	420	96	identity_off	47.698	92.225	0.2331	CjpegliYcbcr	0.5
textures	haberdoedas-5BsnVq1qTis-unsplash.jpg	zenjpeg	420	96	identity_auto	47.698	92.225	0.2331	CjpegliYcbcr	0.5
textures	haberdoedas-5BsnVq1qTis-unsplash.jpg	zenjpeg	420	96	model_off	47.681	92.230	0.2335	CjpegliYcbcr	0.5
textures	haberdoedas-5BsnVq1qTis-unsplash.jpg	zenjpeg	420	96	model_auto	47.696	92.237	0.2331	CjpegliYcbcr	0.5
textures	haberdoedas-5BsnVq1qTis-unsplash.jpg	zenjpeg	420	96	model_policy	47.679	92.226	0.2338	CjpegliYcbcr	0.5
textures	haberdoedas-5BsnVq1qTis-unsplash.jpg	zenjpeg	420	96	model_proj	47.679	92.224	0.2337	CjpegliYcbcr	0.5
textures	haberdoedas-5BsnVq1qTis-unsplash.jpg	zenjpeg	444	85	identity_off	40.456	80.957	0.6807	CjpegliYcbcr	1.4
textures	haberdoedas-5BsnVq1qTis-unsplash.jpg	zenjpeg	444	85	identity_auto	40.487	80.710	0.6974	CjpegliYcbcr	1.4
textures	haberdoedas-5BsnVq1qTis-unsplash.jpg	zenjpeg	444	85	model_off	40.463	80.950	0.6804	CjpegliYcbcr	1.4
textures	haberdoedas-5BsnVq1qTis-unsplash.jpg	zenjpeg	444	85	model_auto	40.487	80.721	0.6974	CjpegliYcbcr	1.4
textures	haberdoedas-5BsnVq1qTis-unsplash.jpg	zenjpeg	444	85	model_policy	40.463	80.965	0.6804	CjpegliYcbcr	1.4
textures	haberdoedas-5BsnVq1qTis-unsplash.jpg	zenjpeg	444	85	model_proj	40.466	80.944	0.6803	CjpegliYcbcr	1.4
textures	haberdoedas-5BsnVq1qTis-unsplash.jpg	zenjpeg	444	90	identity_off	42.284	84.491	0.5312	CjpegliYcbcr	1.1
textures	haberdoedas-5BsnVq1qTis-unsplash.jpg	zenjpeg	444	90	identity_auto	42.299	84.119	0.5541	CjpegliYcbcr	1.1
textures	haberdoedas-5BsnVq1qTis-unsplash.jpg	zenjpeg	444	90	model_off	42.287	84.471	0.5311	CjpegliYcbcr	1.1
textures	haberdoedas-5BsnVq1qTis-unsplash.jpg	zenjpeg	444	90	model_auto	42.298	84.146	0.5541	CjpegliYcbcr	1.1
textures	haberdoedas-5BsnVq1qTis-unsplash.jpg	zenjpeg	444	90	model_policy	42.288	84.480	0.5311	CjpegliYcbcr	1.1
textures	haberdoedas-5BsnVq1qTis-unsplash.jpg	zenjpeg	444	90	model_proj	42.304	84.493	0.5319	CjpegliYcbcr	1.1
textures	haberdoedas-5BsnVq1qTis-unsplash.jpg	zenjpeg	444	93	identity_off	44.604	88.503	0.3503	CjpegliYcbcr	0.7
textures	haberdoedas-5BsnVq1qTis-unsplash.jpg	zenjpeg	444	93	identity_auto	44.493	87.960	0.3974	CjpegliYcbcr	0.7
textures	haberdoedas-5BsnVq1qTis-unsplash.jpg	zenjpeg	444	93	model_off	44.599	88.470	0.3506	CjpegliYcbcr	0.7
textures	haberdoedas-5BsnVq1qTis-unsplash.jpg	zenjpeg	444	93	model_auto	44.491	87.922	0.3974	CjpegliYcbcr	0.7
textures	haberdoedas-5BsnVq1qTis-unsplash.jpg	zenjpeg	444	93	model_policy	44.598	88.475	0.3507	CjpegliYcbcr	0.7
textures	haberdoedas-5BsnVq1qTis-unsplash.jpg	zenjpeg	444	93	model_proj	44.605	88.215	0.3573	CjpegliYcbcr	0.7
textures	haberdoedas-5BsnVq1qTis-unsplash.jpg	zenjpeg	444	96	identity_off	46.761	91.237	0.2232	CjpegliYcbcr	0.3
textures	haberdoedas-5BsnVq1qTis-unsplash.jpg	zenjpeg	444	96	identity_auto	46.761	91.237	0.2232	CjpegliYcbcr	0.3
textures	haberdoedas-5BsnVq1qTis-unsplash.jpg	zenjpeg	444	96	model_off	46.753	91.227	0.2235	CjpegliYcbcr	0.3
textures	haberdoedas-5BsnVq1qTis-unsplash.jpg	zenjpeg	444	96	model_auto	46.760	91.228	0.2232	CjpegliYcbcr	0.3
textures	haberdoedas-5BsnVq1qTis-unsplash.jpg	zenjpeg	444	96	model_policy	46.752	91.211	0.2237	CjpegliYcbcr	0.3
textures	haberdoedas-5BsnVq1qTis-unsplash.jpg	zenjpeg	444	96	model_proj	46.555	90.110	0.2775	CjpegliYcbcr	0.3
