sub	file	encoder	ss	q	arm	psnr	ssim2	butter_n3	probe_family	probe_q
photos	20231206_150232.png	turbo	420	15	identity_off	23.240	25.578	3.6607	Unknown	15.0
photos	20231206_150232.png	turbo	420	15	model_policy	24.690	33.801	3.2606	Unknown	15.0
photos	20231206_150232.png	turbo	420	15	model_proj	24.694	33.869	3.2589	Unknown	15.0
photos	20231206_150232.png	turbo	420	35	identity_off	26.721	55.615	2.3028	ImageMagick	35.0
photos	20231206_150232.png	turbo	420	35	model_policy	28.169	60.655	1.9417	ImageMagick	35.0
photos	20231206_150232.png	turbo	420	35	model_proj	28.190	60.736	1.9379	ImageMagick	35.0
photos	20231206_150232.png	turbo	420	55	identity_off	28.774	65.380	1.8169	ImageMagick	55.0
photos	20231206_150232.png	turbo	420	55	model_policy	30.064	69.394	1.5236	ImageMagick	55.0
photos	20231206_150232.png	turbo	420	55	model_proj	30.089	69.512	1.5191	ImageMagick	55.0
photos	20231206_150232.png	turbo	420	75	identity_off	31.705	73.873	1.3164	ImageMagick	75.0
photos	20231206_150232.png	turbo	420	75	model_policy	32.680	76.925	1.1000	ImageMagick	75.0
photos	20231206_150232.png	turbo	420	75	model_proj	32.707	77.065	1.0987	ImageMagick	75.0
photos	20231206_150232.png	turbo	420	90	identity_off	36.800	84.133	0.7389	ImageMagick	90.0
photos	20231206_150232.png	turbo	420	90	model_policy	37.001	85.655	0.6447	ImageMagick	90.0
photos	20231206_150232.png	turbo	420	90	model_proj	37.098	86.066	0.6476	ImageMagick	90.0
photos	20231206_150232.png	turbo	444	15	identity_off	23.434	28.787	3.6157	Unknown	15.0
photos	20231206_150232.png	turbo	444	15	model_policy	24.897	37.163	3.1952	Unknown	15.0
photos	20231206_150232.png	turbo	444	15	model_proj	24.901	37.230	3.1935	Unknown	15.0
photos	20231206_150232.png	turbo	444	35	identity_off	26.985	58.411	2.2791	ImageMagick	35.0
photos	20231206_150232.png	turbo	444	35	model_policy	28.379	62.717	1.9181	ImageMagick	35.0
photos	20231206_150232.png	turbo	444	35	model_proj	28.406	62.844	1.9140	ImageMagick	35.0
photos	20231206_150232.png	turbo	444	55	identity_off	29.124	67.787	1.7927	ImageMagick	55.0
photos	20231206_150232.png	turbo	444	55	model_policy	30.300	70.935	1.5104	ImageMagick	55.0
photos	20231206_150232.png	turbo	444	55	model_proj	30.347	71.138	1.5064	ImageMagick	55.0
photos	20231206_150232.png	turbo	444	75	identity_off	32.221	76.069	1.2878	ImageMagick	75.0
photos	20231206_150232.png	turbo	444	75	model_policy	32.984	77.633	1.0895	ImageMagick	75.0
photos	20231206_150232.png	turbo	444	75	model_proj	33.085	78.031	1.0887	ImageMagick	75.0
photos	20231206_150232.png	turbo	444	90	identity_off	37.804	86.947	0.6993	ImageMagick	90.0
photos	20231206_150232.png	turbo	444	90	model_policy	37.417	85.051	0.6520	ImageMagick	90.0
photos	20231206_150232.png	turbo	444	90	model_proj	37.871	86.506	0.6381	ImageMagick	90.0
photos	20231206_150232.png	mozjpeg	420	15	identity_off	20.548	10.031	5.3106	Mozjpeg	15.0
photos	20231206_150232.png	mozjpeg	420	15	model_policy	21.758	16.709	4.9663	Mozjpeg	15.0
photos	20231206_150232.png	mozjpeg	420	15	model_proj	21.759	16.718	4.9660	Mozjpeg	15.0
photos	20231206_150232.png	mozjpeg	420	35	identity_off	23.884	44.758	3.4504	Mozjpeg	35.0
photos	20231206_150232.png	mozjpeg	420	35	model_policy	25.312	49.557	3.0751	Mozjpeg	35.0
photos	20231206_150232.png	mozjpeg	420	35	model_proj	25.319	49.688	3.0652	Mozjpeg	35.0
photos	20231206_150232.png	mozjpeg	420	55	identity_off	25.786	57.234	2.7281	Mozjpeg	55.0
photos	20231206_150232.png	mozjpeg	420	55	model_policy	27.195	61.504	2.3918	Mozjpeg	55.0
photos	20231206_150232.png	mozjpeg	420	55	model_proj	27.218	61.726	2.3511	Mozjpeg	55.0
photos	20231206_150232.png	mozjpeg	420	75	identity_off	28.422	68.269	1.9239	Mozjpeg	75.0
photos	20231206_150232.png	mozjpeg	420	75	model_policy	29.661	71.714	1.6729	Mozjpeg	75.0
photos	20231206_150232.png	mozjpeg	420	75	model_proj	29.701	72.051	1.6388	Mozjpeg	75.0
photos	20231206_150232.png	mozjpeg	420	90	identity_off	32.795	79.138	1.0617	Mozjpeg	90.0
photos	20231206_150232.png	mozjpeg	420	90	model_policy	33.522	81.331	0.9388	Mozjpeg	90.0
photos	20231206_150232.png	mozjpeg	420	90	model_proj	33.640	81.943	0.9094	Mozjpeg	90.0
photos	20231206_150232.png	mozjpeg	444	15	identity_off	20.641	12.392	5.2874	Mozjpeg	15.0
photos	20231206_150232.png	mozjpeg	444	15	model_policy	21.854	18.930	4.9357	Mozjpeg	15.0
photos	20231206_150232.png	mozjpeg	444	15	model_proj	21.855	18.943	4.9353	Mozjpeg	15.0
photos	20231206_150232.png	mozjpeg	444	35	identity_off	23.991	46.734	3.4205	Mozjpeg	35.0
photos	20231206_150232.png	mozjpeg	444	35	model_policy	25.378	50.767	3.0461	Mozjpeg	35.0
photos	20231206_150232.png	mozjpeg	444	35	model_proj	25.388	50.908	3.0370	Mozjpeg	35.0
photos	20231206_150232.png	mozjpeg	444	55	identity_off	25.909	58.928	2.7171	Mozjpeg	55.0
photos	20231206_150232.png	mozjpeg	444	55	model_policy	27.252	62.126	2.3912	Mozjpeg	55.0
photos	20231206_150232.png	mozjpeg	444	55	model_proj	27.288	62.486	2.3476	Mozjpeg	55.0
photos	20231206_150232.png	mozjpeg	444	75	identity_off	28.576	70.002	1.9092	Mozjpeg	75.0
photos	20231206_150232.png	mozjpeg	444	75	model_policy	29.709	71.552	1.6648	Mozjpeg	75.0
photos	20231206_150232.png	mozjpeg	444	75	model_proj	29.799	72.352	1.6322	Mozjpeg	75.0
photos	20231206_150232.png	mozjpeg	444	90	identity_off	33.077	81.071	1.0393	Mozjpeg	90.0
photos	20231206_150232.png	mozjpeg	444	90	model_policy	33.596	80.446	0.9405	Mozjpeg	90.0
photos	20231206_150232.png	mozjpeg	444	90	model_proj	33.906	82.298	0.9051	Mozjpeg	90.0
photos	20231206_150232.png	jpegli	420	15	identity_off	22.810	35.567	3.7596	CjpegliYcbcr	14.2
photos	20231206_150232.png	jpegli	420	15	model_policy	24.035	40.158	3.4705	CjpegliYcbcr	14.2
photos	20231206_150232.png	jpegli	420	15	model_proj	24.037	40.185	3.4688	CjpegliYcbcr	14.2
photos	20231206_150232.png	jpegli	420	35	identity_off	26.074	55.756	2.4020	CjpegliYcbcr	7.2
photos	20231206_150232.png	jpegli	420	35	model_policy	27.273	59.248	2.1426	CjpegliYcbcr	7.2
photos	20231206_150232.png	jpegli	420	35	model_proj	27.280	59.361	2.1386	CjpegliYcbcr	7.2
photos	20231206_150232.png	jpegli	420	55	identity_off	28.074	64.193	1.8500	CjpegliYcbcr	5.2
photos	20231206_150232.png	jpegli	420	55	model_policy	29.149	67.161	1.6630	CjpegliYcbcr	5.2
photos	20231206_150232.png	jpegli	420	55	model_proj	29.159	67.427	1.6597	CjpegliYcbcr	5.2
photos	20231206_150232.png	jpegli	420	75	identity_off	31.470	73.944	1.2474	CjpegliYcbcr	3.0
photos	20231206_150232.png	jpegli	420	75	model_policy	32.251	76.295	1.0958	CjpegliYcbcr	3.0
photos	20231206_150232.png	jpegli	420	75	model_proj	32.272	76.624	1.0952	CjpegliYcbcr	3.0
photos	20231206_150232.png	jpegli	420	90	identity_off	36.295	83.441	0.7390	CjpegliYcbcr	1.3
photos	20231206_150232.png	jpegli	420	90	model_policy	36.527	84.687	0.6553	CjpegliYcbcr	1.3
photos	20231206_150232.png	jpegli	420	90	model_proj	36.629	85.293	0.6560	CjpegliYcbcr	1.3
photos	20231206_150232.png	jpegli	444	15	identity_off	23.554	39.030	3.3380	CjpegliYcbcr	11.8
photos	20231206_150232.png	jpegli	444	15	model_policy	24.848	44.264	3.0251	CjpegliYcbcr	11.8
photos	20231206_150232.png	jpegli	444	15	model_proj	24.850	44.293	3.0226	CjpegliYcbcr	11.8
photos	20231206_150232.png	jpegli	444	35	identity_off	27.015	60.207	2.0859	CjpegliYcbcr	6.0
photos	20231206_150232.png	jpegli	444	35	model_policy	28.205	64.146	1.8530	CjpegliYcbcr	6.0
photos	20231206_150232.png	jpegli	444	35	model_proj	28.210	64.200	1.8479	CjpegliYcbcr	6.0
photos	20231206_150232.png	jpegli	444	55	identity_off	29.036	67.251	1.6118	CjpegliYcbcr	4.1
photos	20231206_150232.png	jpegli	444	55	model_policy	30.085	70.397	1.4081	CjpegliYcbcr	4.1
photos	20231206_150232.png	jpegli	444	55	model_proj	30.094	70.531	1.4053	CjpegliYcbcr	4.1
photos	20231206_150232.png	jpegli	444	75	identity_off	32.208	75.937	1.1078	CjpegliYcbcr	2.3
photos	20231206_150232.png	jpegli	444	75	model_policy	32.931	77.868	0.9811	CjpegliYcbcr	2.3
photos	20231206_150232.png	jpegli	444	75	model_proj	32.960	78.129	0.9800	CjpegliYcbcr	2.3
photos	20231206_150232.png	jpegli	444	90	identity_off	37.101	85.102	0.6215	CjpegliYcbcr	1.1
photos	20231206_150232.png	jpegli	444	90	model_policy	37.099	85.501	0.5803	CjpegliYcbcr	1.1
photos	20231206_150232.png	jpegli	444	90	model_proj	37.338	86.042	0.5779	CjpegliYcbcr	1.1
photos	20231206_150232.png	zenjpeg	420	15	identity_off	22.784	35.359	3.7686	CjpegliYcbcr	14.2
photos	20231206_150232.png	zenjpeg	420	15	model_policy	24.008	39.881	3.4805	CjpegliYcbcr	14.2
photos	20231206_150232.png	zenjpeg	420	15	model_proj	24.010	39.905	3.4788	CjpegliYcbcr	14.2
photos	20231206_150232.png	zenjpeg	420	35	identity_off	26.036	55.707	2.4226	CjpegliYcbcr	7.2
photos	20231206_150232.png	zenjpeg	420	35	model_policy	27.235	59.137	2.1642	CjpegliYcbcr	7.2
photos	20231206_150232.png	zenjpeg	420	35	model_proj	27.242	59.262	2.1577	CjpegliYcbcr	7.2
photos	20231206_150232.png	zenjpeg	420	55	identity_off	28.030	64.177	1.8589	CjpegliYcbcr	5.2
photos	20231206_150232.png	zenjpeg	420	55	model_policy	29.107	67.198	1.6733	CjpegliYcbcr	5.2
photos	20231206_150232.png	zenjpeg	420	55	model_proj	29.117	67.447	1.6704	CjpegliYcbcr	5.2
photos	20231206_150232.png	zenjpeg	420	75	identity_off	31.422	73.903	1.2521	CjpegliYcbcr	3.0
photos	20231206_150232.png	zenjpeg	420	75	model_policy	32.206	76.258	1.1012	CjpegliYcbcr	3.0
photos	20231206_150232.png	zenjpeg	420	75	model_proj	32.227	76.542	1.1009	CjpegliYcbcr	3.0
photos	20231206_150232.png	zenjpeg	420	90	identity_off	36.229	83.455	0.7377	CjpegliYcbcr	1.3
photos	20231206_150232.png	zenjpeg	420	90	model_policy	36.471	84.659	0.6568	CjpegliYcbcr	1.3
photos	20231206_150232.png	zenjpeg	420	90	model_proj	36.572	85.255	0.6594	CjpegliYcbcr	1.3
photos	20231206_150232.png	zenjpeg	444	15	identity_off	23.522	38.945	3.3420	CjpegliYcbcr	11.8
photos	20231206_150232.png	zenjpeg	444	15	model_policy	24.815	44.239	3.0342	CjpegliYcbcr	11.8
photos	20231206_150232.png	zenjpeg	444	15	model_proj	24.817	44.273	3.0320	CjpegliYcbcr	11.8
photos	20231206_150232.png	zenjpeg	444	35	identity_off	26.965	59.879	2.0983	CjpegliYcbcr	6.0
photos	20231206_150232.png	zenjpeg	444	35	model_policy	28.163	64.042	1.8599	CjpegliYcbcr	6.0
photos	20231206_150232.png	zenjpeg	444	35	model_proj	28.168	64.085	1.8544	CjpegliYcbcr	6.0
photos	20231206_150232.png	zenjpeg	444	55	identity_off	28.995	67.139	1.6196	CjpegliYcbcr	4.1
photos	20231206_150232.png	zenjpeg	444	55	model_policy	30.048	70.311	1.4164	CjpegliYcbcr	4.1
photos	20231206_150232.png	zenjpeg	444	55	model_proj	30.056	70.443	1.4131	CjpegliYcbcr	4.1
photos	20231206_150232.png	zenjpeg	444	75	identity_off	32.152	75.759	1.1178	CjpegliYcbcr	2.3
photos	20231206_150232.png	zenjpeg	444	75	model_policy	32.884	77.704	0.9899	CjpegliYcbcr	2.3
photos	20231206_150232.png	zenjpeg	444	75	model_proj	32.913	77.996	0.9886	CjpegliYcbcr	2.3
photos	20231206_150232.png	zenjpeg	444	90	identity_off	37.020	84.954	0.6279	CjpegliYcbcr	1.1
photos	20231206_150232.png	zenjpeg	444	90	model_policy	37.035	85.454	0.5857	CjpegliYcbcr	1.1
photos	20231206_150232.png	zenjpeg	444	90	model_proj	37.272	85.977	0.5839	CjpegliYcbcr	1.1
photos	20240528_210945.jpg	turbo	420	15	identity_off	25.056	33.305	3.0873	Unknown	15.0
photos	20240528_210945.jpg	turbo	420	15	model_policy	25.869	37.573	2.9397	Unknown	15.0
photos	20240528_210945.jpg	turbo	420	15	model_proj	25.870	37.581	2.9359	Unknown	15.0
photos	20240528_210945.jpg	turbo	420	35	identity_off	28.003	61.091	2.0728	ImageMagick	35.0
photos	20240528_210945.jpg	turbo	420	35	model_policy	28.762	63.595	1.9668	ImageMagick	35.0
photos	20240528_210945.jpg	turbo	420	35	model_proj	28.805	63.606	1.8538	ImageMagick	35.0
photos	20240528_210945.jpg	turbo	420	55	identity_off	29.589	68.953	1.7344	ImageMagick	55.0
photos	20240528_210945.jpg	turbo	420	55	model_policy	30.226	70.705	1.6586	ImageMagick	55.0
photos	20240528_210945.jpg	turbo	420	55	model_proj	30.322	70.970	1.4918	ImageMagick	55.0
photos	20240528_210945.jpg	turbo	420	75	identity_off	31.613	76.415	1.4092	ImageMagick	75.0
photos	20240528_210945.jpg	turbo	420	75	model_policy	32.097	77.638	1.3616	ImageMagick	75.0
photos	20240528_210945.jpg	turbo	420	75	model_proj	32.272	78.034	1.1617	ImageMagick	75.0
photos	20240528_210945.jpg	turbo	420	90	identity_off	35.229	83.824	0.9714	ImageMagick	90.0
photos	20240528_210945.jpg	turbo	420	90	model_policy	35.498	84.259	0.9505	ImageMagick	90.0
photos	20240528_210945.jpg	turbo	420	90	model_proj	35.846	84.801	0.7671	ImageMagick	90.0
photos	20240528_210945.jpg	turbo	444	15	identity_off	25.404	39.329	2.8322	Unknown	15.0
photos	20240528_210945.jpg	turbo	444	15	model_policy	26.325	43.658	2.6759	Unknown	15.0
photos	20240528_210945.jpg	turbo	444	15	model_proj	26.326	43.659	2.6744	Unknown	15.0
photos	20240528_210945.jpg	turbo	444	35	identity_off	28.468	65.825	1.7943	ImageMagick	35.0
photos	20240528_210945.jpg	turbo	444	35	model_policy	29.290	67.966	1.6582	ImageMagick	35.0
photos	20240528_210945.jpg	turbo	444	35	model_proj	29.306	68.014	1.6358	ImageMagick	35.0
photos	20240528_210945.jpg	turbo	444	55	identity_off	30.154	73.535	1.4275	ImageMagick	55.0
photos	20240528_210945.jpg	turbo	444	55	model_policy	30.837	75.079	1.3273	ImageMagick	55.0
photos	20240528_210945.jpg	turbo	444	55	model_proj	30.875	75.121	1.2890	ImageMagick	55.0
photos	20240528_210945.jpg	turbo	444	75	identity_off	32.382	80.472	1.0766	ImageMagick	75.0
photos	20240528_210945.jpg	turbo	444	75	model_policy	32.894	81.179	1.0148	ImageMagick	75.0
photos	20240528_210945.jpg	turbo	444	75	model_proj	32.953	81.349	0.9730	ImageMagick	75.0
photos	20240528_210945.jpg	turbo	444	90	identity_off	36.570	87.973	0.6489	ImageMagick	90.0
photos	20240528_210945.jpg	turbo	444	90	model_policy	36.802	87.756	0.6315	ImageMagick	90.0
photos	20240528_210945.jpg	turbo	444	90	model_proj	36.906	87.945	0.6055	ImageMagick	90.0
photos	20240528_210945.jpg	mozjpeg	420	15	identity_off	23.652	22.413	3.6245	Mozjpeg	15.0
photos	20240528_210945.jpg	mozjpeg	420	15	model_policy	24.339	26.303	3.4863	Mozjpeg	15.0
photos	20240528_210945.jpg	mozjpeg	420	15	model_proj	24.339	26.305	3.4863	Mozjpeg	15.0
photos	20240528_210945.jpg	mozjpeg	420	35	identity_off	26.878	56.044	2.2718	Mozjpeg	35.0
photos	20240528_210945.jpg	mozjpeg	420	35	model_policy	27.599	58.470	2.1486	Mozjpeg	35.0
photos	20240528_210945.jpg	mozjpeg	420	35	model_proj	27.606	58.448	2.1328	Mozjpeg	35.0
photos	20240528_210945.jpg	mozjpeg	420	55	identity_off	28.649	66.494	1.8435	Mozjpeg	55.0
photos	20240528_210945.jpg	mozjpeg	420	55	model_policy	29.313	67.951	1.7417	Mozjpeg	55.0
photos	20240528_210945.jpg	mozjpeg	420	55	model_proj	29.344	67.901	1.6845	Mozjpeg	55.0
photos	20240528_210945.jpg	mozjpeg	420	75	identity_off	30.763	74.647	1.4601	Mozjpeg	75.0
photos	20240528_210945.jpg	mozjpeg	420	75	model_policy	31.278	75.552	1.3928	Mozjpeg	75.0
photos	20240528_210945.jpg	mozjpeg	420	75	model_proj	31.352	75.675	1.3039	Mozjpeg	75.0
photos	20240528_210945.jpg	mozjpeg	420	90	identity_off	34.243	82.831	1.0220	Mozjpeg	90.0
photos	20240528_210945.jpg	mozjpeg	420	90	model_policy	34.500	83.214	0.9925	Mozjpeg	90.0
photos	20240528_210945.jpg	mozjpeg	420	90	model_proj	34.709	83.576	0.8607	Mozjpeg	90.0
photos	20240528_210945.jpg	mozjpeg	444	15	identity_off	23.897	27.397	3.4918	Mozjpeg	15.0
photos	20240528_210945.jpg	mozjpeg	444	15	model_policy	24.628	31.122	3.3538	Mozjpeg	15.0
photos	20240528_210945.jpg	mozjpeg	444	15	model_proj	24.628	31.125	3.3538	Mozjpeg	15.0
photos	20240528_210945.jpg	mozjpeg	444	35	identity_off	27.193	59.794	2.1103	Mozjpeg	35.0
photos	20240528_210945.jpg	mozjpeg	444	35	model_policy	27.933	61.785	1.9798	Mozjpeg	35.0
photos	20240528_210945.jpg	mozjpeg	444	35	model_proj	27.935	61.801	1.9782	Mozjpeg	35.0
photos	20240528_210945.jpg	mozjpeg	444	55	identity_off	29.025	70.036	1.6761	Mozjpeg	55.0
photos	20240528_210945.jpg	mozjpeg	444	55	model_policy	29.676	71.063	1.5684	Mozjpeg	55.0
photos	20240528_210945.jpg	mozjpeg	444	55	model_proj	29.684	71.083	1.5609	Mozjpeg	55.0
photos	20240528_210945.jpg	mozjpeg	444	75	identity_off	31.247	77.861	1.2790	Mozjpeg	75.0
photos	20240528_210945.jpg	mozjpeg	444	75	model_policy	31.723	78.292	1.2053	Mozjpeg	75.0
photos	20240528_210945.jpg	mozjpeg	444	75	model_proj	31.745	78.410	1.1788	Mozjpeg	75.0
photos	20240528_210945.jpg	mozjpeg	444	90	identity_off	35.107	85.857	0.7700	Mozjpeg	90.0
photos	20240528_210945.jpg	mozjpeg	444	90	model_policy	35.271	85.506	0.7477	Mozjpeg	90.0
photos	20240528_210945.jpg	mozjpeg	444	90	model_proj	35.335	85.852	0.7286	Mozjpeg	90.0
photos	20240528_210945.jpg	jpegli	420	15	identity_off	24.743	43.667	2.8617	CjpegliYcbcr	14.2
photos	20240528_210945.jpg	jpegli	420	15	model_policy	25.434	45.835	2.7396	CjpegliYcbcr	14.2
photos	20240528_210945.jpg	jpegli	420	15	model_proj	25.435	45.824	2.7380	CjpegliYcbcr	14.2
photos	20240528_210945.jpg	jpegli	420	35	identity_off	27.230	59.842	2.0692	CjpegliYcbcr	7.2
photos	20240528_210945.jpg	jpegli	420	35	model_policy	27.884	61.443	1.9711	CjpegliYcbcr	7.2
photos	20240528_210945.jpg	jpegli	420	35	model_proj	27.903	61.416	1.9310	CjpegliYcbcr	7.2
photos	20240528_210945.jpg	jpegli	420	55	identity_off	28.735	66.065	1.7239	CjpegliYcbcr	5.2
photos	20240528_210945.jpg	jpegli	420	55	model_policy	29.326	67.279	1.6437	CjpegliYcbcr	5.2
photos	20240528_210945.jpg	jpegli	420	55	model_proj	29.366	67.320	1.5799	CjpegliYcbcr	5.2
photos	20240528_210945.jpg	jpegli	420	75	identity_off	31.222	74.155	1.3079	CjpegliYcbcr	3.0
photos	20240528_210945.jpg	jpegli	420	75	model_policy	31.625	74.882	1.2630	CjpegliYcbcr	3.0
photos	20240528_210945.jpg	jpegli	420	75	model_proj	31.722	75.036	1.1702	CjpegliYcbcr	3.0
photos	20240528_210945.jpg	jpegli	420	90	identity_off	34.977	81.831	0.9266	CjpegliYcbcr	1.3
photos	20240528_210945.jpg	jpegli	420	90	model_policy	35.177	82.136	0.9082	CjpegliYcbcr	1.3
photos	20240528_210945.jpg	jpegli	420	90	model_proj	35.437	82.817	0.7659	CjpegliYcbcr	1.3
photos	20240528_210945.jpg	jpegli	444	15	identity_off	25.190	46.238	2.6255	CjpegliYcbcr	11.8
photos	20240528_210945.jpg	jpegli	444	15	model_policy	26.022	49.917	2.4990	CjpegliYcbcr	11.8
photos	20240528_210945.jpg	jpegli	444	15	model_proj	26.023	49.928	2.4984	CjpegliYcbcr	11.8
photos	20240528_210945.jpg	jpegli	444	35	identity_off	27.917	63.745	1.8639	CjpegliYcbcr	6.0
photos	20240528_210945.jpg	jpegli	444	35	model_policy	28.664	65.594	1.7663	CjpegliYcbcr	6.0
photos	20240528_210945.jpg	jpegli	444	35	model_proj	28.667	65.641	1.7596	CjpegliYcbcr	6.0
photos	20240528_210945.jpg	jpegli	444	55	identity_off	29.414	69.371	1.5468	CjpegliYcbcr	4.1
photos	20240528_210945.jpg	jpegli	444	55	model_policy	30.071	70.831	1.4716	CjpegliYcbcr	4.1
photos	20240528_210945.jpg	jpegli	444	55	model_proj	30.082	70.935	1.4527	CjpegliYcbcr	4.1
photos	20240528_210945.jpg	jpegli	444	75	identity_off	31.750	76.746	1.1444	CjpegliYcbcr	2.3
photos	20240528_210945.jpg	jpegli	444	75	model_policy	32.235	77.657	1.0991	CjpegliYcbcr	2.3
photos	20240528_210945.jpg	jpegli	444	75	model_proj	32.284	77.991	1.0521	CjpegliYcbcr	2.3
photos	20240528_210945.jpg	jpegli	444	90	identity_off	35.721	84.298	0.6698	CjpegliYcbcr	1.1
photos	20240528_210945.jpg	jpegli	444	90	model_policy	35.980	84.552	0.6552	CjpegliYcbcr	1.1
photos	20240528_210945.jpg	jpegli	444	90	model_proj	36.116	85.124	0.6024	CjpegliYcbcr	1.1
photos	20240528_210945.jpg	zenjpeg	420	15	identity_off	24.724	43.504	2.8669	CjpegliYcbcr	14.2
photos	20240528_210945.jpg	zenjpeg	420	15	model_policy	25.414	45.603	2.7466	CjpegliYcbcr	14.2
photos	20240528_210945.jpg	zenjpeg	420	15	model_proj	25.415	45.604	2.7449	CjpegliYcbcr	14.2
photos	20240528_210945.jpg	zenjpeg	420	35	identity_off	27.199	59.749	2.0758	CjpegliYcbcr	7.2
photos	20240528_210945.jpg	zenjpeg	420	35	model_policy	27.855	61.292	1.9772	CjpegliYcbcr	7.2
photos	20240528_210945.jpg	zenjpeg	420	35	model_proj	27.873	61.280	1.9369	CjpegliYcbcr	7.2
photos	20240528_210945.jpg	zenjpeg	420	55	identity_off	28.704	65.968	1.7285	CjpegliYcbcr	5.2
photos	20240528_210945.jpg	zenjpeg	420	55	model_policy	29.300	67.152	1.6472	CjpegliYcbcr	5.2
photos	20240528_210945.jpg	zenjpeg	420	55	model_proj	29.340	67.204	1.5842	CjpegliYcbcr	5.2
photos	20240528_210945.jpg	zenjpeg	420	75	identity_off	31.186	74.049	1.3116	CjpegliYcbcr	3.0
photos	20240528_210945.jpg	zenjpeg	420	75	model_policy	31.590	74.747	1.2666	CjpegliYcbcr	3.0
photos	20240528_210945.jpg	zenjpeg	420	75	model_proj	31.688	74.919	1.1722	CjpegliYcbcr	3.0
photos	20240528_210945.jpg	zenjpeg	420	90	identity_off	34.932	81.960	0.9354	CjpegliYcbcr	1.3
photos	20240528_210945.jpg	zenjpeg	420	90	model_policy	35.132	82.295	0.9174	CjpegliYcbcr	1.3
photos	20240528_210945.jpg	zenjpeg	420	90	model_proj	35.393	82.925	0.7688	CjpegliYcbcr	1.3
photos	20240528_210945.jpg	zenjpeg	444	15	identity_off	25.170	46.076	2.6307	CjpegliYcbcr	11.8
photos	20240528_210945.jpg	zenjpeg	444	15	model_policy	26.004	49.805	2.5044	CjpegliYcbcr	11.8
photos	20240528_210945.jpg	zenjpeg	444	15	model_proj	26.004	49.815	2.5037	CjpegliYcbcr	11.8
photos	20240528_210945.jpg	zenjpeg	444	35	identity_off	27.893	63.608	1.8663	CjpegliYcbcr	6.0
photos	20240528_210945.jpg	zenjpeg	444	35	model_policy	28.643	65.469	1.7688	CjpegliYcbcr	6.0
photos	20240528_210945.jpg	zenjpeg	444	35	model_proj	28.646	65.516	1.7622	CjpegliYcbcr	6.0
photos	20240528_210945.jpg	zenjpeg	444	55	identity_off	29.386	69.276	1.5530	CjpegliYcbcr	4.1
photos	20240528_210945.jpg	zenjpeg	444	55	model_policy	30.047	70.766	1.4778	CjpegliYcbcr	4.1
photos	20240528_210945.jpg	zenjpeg	444	55	model_proj	30.058	70.868	1.4575	CjpegliYcbcr	4.1
photos	20240528_210945.jpg	zenjpeg	444	75	identity_off	31.720	76.553	1.1478	CjpegliYcbcr	2.3
photos	20240528_210945.jpg	zenjpeg	444	75	model_policy	32.207	77.459	1.1026	CjpegliYcbcr	2.3
photos	20240528_210945.jpg	zenjpeg	444	75	model_proj	32.256	77.793	1.0556	CjpegliYcbcr	2.3
photos	20240528_210945.jpg	zenjpeg	444	90	identity_off	35.674	84.189	0.6699	CjpegliYcbcr	1.1
photos	20240528_210945.jpg	zenjpeg	444	90	model_policy	35.935	84.508	0.6549	CjpegliYcbcr	1.1
photos	20240528_210945.jpg	zenjpeg	444	90	model_proj	36.072	85.078	0.6036	CjpegliYcbcr	1.1
photos	Screenshot_20260526_074348_Photos.png	turbo	420	15	identity_off	31.986	17.360	2.8959	Unknown	15.0
photos	Screenshot_20260526_074348_Photos.png	turbo	420	15	model_policy	32.270	36.131	2.8384	Unknown	15.0
photos	Screenshot_20260526_074348_Photos.png	turbo	420	15	model_proj	32.271	36.228	2.8337	Unknown	15.0
photos	Screenshot_20260526_074348_Photos.png	turbo	420	35	identity_off	34.940	53.455	1.7938	ImageMagick	35.0
photos	Screenshot_20260526_074348_Photos.png	turbo	420	35	model_policy	35.526	60.536	1.6365	ImageMagick	35.0
photos	Screenshot_20260526_074348_Photos.png	turbo	420	35	model_proj	35.527	60.566	1.6356	ImageMagick	35.0
photos	Screenshot_20260526_074348_Photos.png	turbo	420	55	identity_off	36.151	65.449	1.4856	ImageMagick	55.0
photos	Screenshot_20260526_074348_Photos.png	turbo	420	55	model_policy	36.660	68.282	1.3823	ImageMagick	55.0
photos	Screenshot_20260526_074348_Photos.png	turbo	420	55	model_proj	36.660	68.241	1.3821	ImageMagick	55.0
photos	Screenshot_20260526_074348_Photos.png	turbo	420	75	identity_off	37.743	74.965	1.1864	ImageMagick	75.0
photos	Screenshot_20260526_074348_Photos.png	turbo	420	75	model_policy	38.092	75.630	1.1339	ImageMagick	75.0
photos	Screenshot_20260526_074348_Photos.png	turbo	420	75	model_proj	38.093	75.745	1.1336	ImageMagick	75.0
photos	Screenshot_20260526_074348_Photos.png	turbo	420	90	identity_off	40.877	84.708	0.7894	ImageMagick	90.0
photos	Screenshot_20260526_074348_Photos.png	turbo	420	90	model_policy	40.982	84.816	0.7811	ImageMagick	90.0
photos	Screenshot_20260526_074348_Photos.png	turbo	420	90	model_proj	40.946	84.740	0.7936	ImageMagick	90.0
photos	Screenshot_20260526_074348_Photos.png	turbo	444	15	identity_off	32.029	18.404	2.8878	Unknown	15.0
photos	Screenshot_20260526_074348_Photos.png	turbo	444	15	model_policy	32.344	36.922	2.8270	Unknown	15.0
photos	Screenshot_20260526_074348_Photos.png	turbo	444	15	model_proj	32.346	37.005	2.8220	Unknown	15.0
photos	Screenshot_20260526_074348_Photos.png	turbo	444	35	identity_off	35.025	54.781	1.7857	ImageMagick	35.0
photos	Screenshot_20260526_074348_Photos.png	turbo	444	35	model_policy	35.643	62.029	1.6242	ImageMagick	35.0
photos	Screenshot_20260526_074348_Photos.png	turbo	444	35	model_proj	35.644	62.049	1.6231	ImageMagick	35.0
photos	Screenshot_20260526_074348_Photos.png	turbo	444	55	identity_off	36.232	66.393	1.4866	ImageMagick	55.0
photos	Screenshot_20260526_074348_Photos.png	turbo	444	55	model_policy	36.754	69.267	1.3850	ImageMagick	55.0
photos	Screenshot_20260526_074348_Photos.png	turbo	444	55	model_proj	36.755	69.258	1.3848	ImageMagick	55.0
photos	Screenshot_20260526_074348_Photos.png	turbo	444	75	identity_off	37.842	75.776	1.1847	ImageMagick	75.0
photos	Screenshot_20260526_074348_Photos.png	turbo	444	75	model_policy	38.199	76.510	1.1319	ImageMagick	75.0
photos	Screenshot_20260526_074348_Photos.png	turbo	444	75	model_proj	38.200	76.644	1.1315	ImageMagick	75.0
photos	Screenshot_20260526_074348_Photos.png	turbo	444	90	identity_off	41.037	85.434	0.7847	ImageMagick	90.0
photos	Screenshot_20260526_074348_Photos.png	turbo	444	90	model_policy	41.140	85.442	0.7767	ImageMagick	90.0
photos	Screenshot_20260526_074348_Photos.png	turbo	444	90	model_proj	41.097	85.368	0.7908	ImageMagick	90.0
photos	Screenshot_20260526_074348_Photos.png	mozjpeg	420	15	identity_off	31.159	14.554	3.1355	Mozjpeg	15.0
photos	Screenshot_20260526_074348_Photos.png	mozjpeg	420	15	model_policy	31.441	30.381	3.1758	Mozjpeg	15.0
photos	Screenshot_20260526_074348_Photos.png	mozjpeg	420	15	model_proj	31.441	30.386	3.1737	Mozjpeg	15.0
photos	Screenshot_20260526_074348_Photos.png	mozjpeg	420	35	identity_off	34.081	49.475	1.9631	Mozjpeg	35.0
photos	Screenshot_20260526_074348_Photos.png	mozjpeg	420	35	model_policy	34.592	55.633	1.8431	Mozjpeg	35.0
photos	Screenshot_20260526_074348_Photos.png	mozjpeg	420	35	model_proj	34.592	55.632	1.8439	Mozjpeg	35.0
photos	Screenshot_20260526_074348_Photos.png	mozjpeg	420	55	identity_off	35.327	61.473	1.6166	Mozjpeg	55.0
photos	Screenshot_20260526_074348_Photos.png	mozjpeg	420	55	model_policy	35.697	63.965	1.5514	Mozjpeg	55.0
photos	Screenshot_20260526_074348_Photos.png	mozjpeg	420	55	model_proj	35.698	63.995	1.5513	Mozjpeg	55.0
photos	Screenshot_20260526_074348_Photos.png	mozjpeg	420	75	identity_off	36.936	72.766	1.2829	Mozjpeg	75.0
photos	Screenshot_20260526_074348_Photos.png	mozjpeg	420	75	model_policy	37.201	73.283	1.2544	Mozjpeg	75.0
photos	Screenshot_20260526_074348_Photos.png	mozjpeg	420	75	model_proj	37.201	73.255	1.2544	Mozjpeg	75.0
photos	Screenshot_20260526_074348_Photos.png	mozjpeg	420	90	identity_off	39.853	82.912	0.8618	Mozjpeg	90.0
photos	Screenshot_20260526_074348_Photos.png	mozjpeg	420	90	model_policy	39.966	82.968	0.8519	Mozjpeg	90.0
photos	Screenshot_20260526_074348_Photos.png	mozjpeg	420	90	model_proj	39.954	83.098	0.8544	Mozjpeg	90.0
photos	Screenshot_20260526_074348_Photos.png	mozjpeg	444	15	identity_off	31.201	15.309	3.1296	Mozjpeg	15.0
photos	Screenshot_20260526_074348_Photos.png	mozjpeg	444	15	model_policy	31.503	30.781	3.1677	Mozjpeg	15.0
photos	Screenshot_20260526_074348_Photos.png	mozjpeg	444	15	model_proj	31.503	30.768	3.1660	Mozjpeg	15.0
photos	Screenshot_20260526_074348_Photos.png	mozjpeg	444	35	identity_off	34.147	50.506	1.9558	Mozjpeg	35.0
photos	Screenshot_20260526_074348_Photos.png	mozjpeg	444	35	model_policy	34.678	56.713	1.8320	Mozjpeg	35.0
photos	Screenshot_20260526_074348_Photos.png	mozjpeg	444	35	model_proj	34.679	56.727	1.8329	Mozjpeg	35.0
photos	Screenshot_20260526_074348_Photos.png	mozjpeg	444	55	identity_off	35.383	62.256	1.6148	Mozjpeg	55.0
photos	Screenshot_20260526_074348_Photos.png	mozjpeg	444	55	model_policy	35.760	64.837	1.5492	Mozjpeg	55.0
photos	Screenshot_20260526_074348_Photos.png	mozjpeg	444	55	model_proj	35.761	64.862	1.5489	Mozjpeg	55.0
photos	Screenshot_20260526_074348_Photos.png	mozjpeg	444	75	identity_off	37.015	73.796	1.2798	Mozjpeg	75.0
photos	Screenshot_20260526_074348_Photos.png	mozjpeg	444	75	model_policy	37.275	74.190	1.2515	Mozjpeg	75.0
photos	Screenshot_20260526_074348_Photos.png	mozjpeg	444	75	model_proj	37.275	74.134	1.2514	Mozjpeg	75.0
photos	Screenshot_20260526_074348_Photos.png	mozjpeg	444	90	identity_off	39.955	83.812	0.8586	Mozjpeg	90.0
photos	Screenshot_20260526_074348_Photos.png	mozjpeg	444	90	model_policy	40.066	83.706	0.8491	Mozjpeg	90.0
photos	Screenshot_20260526_074348_Photos.png	mozjpeg	444	90	model_proj	40.050	83.885	0.8524	Mozjpeg	90.0
photos	Screenshot_20260526_074348_Photos.png	jpegli	420	15	identity_off	32.676	40.755	2.3417	CjpegliYcbcr	14.2
photos	Screenshot_20260526_074348_Photos.png	jpegli	420	15	model_policy	33.388	49.883	2.2062	CjpegliYcbcr	14.2
photos	Screenshot_20260526_074348_Photos.png	jpegli	420	15	model_proj	33.389	49.920	2.2059	CjpegliYcbcr	14.2
photos	Screenshot_20260526_074348_Photos.png	jpegli	420	35	identity_off	34.690	59.580	1.7478	CjpegliYcbcr	7.2
photos	Screenshot_20260526_074348_Photos.png	jpegli	420	35	model_policy	35.092	62.234	1.6779	CjpegliYcbcr	7.2
photos	Screenshot_20260526_074348_Photos.png	jpegli	420	35	model_proj	35.092	62.226	1.6776	CjpegliYcbcr	7.2
photos	Screenshot_20260526_074348_Photos.png	jpegli	420	55	identity_off	35.571	65.082	1.5681	CjpegliYcbcr	5.2
photos	Screenshot_20260526_074348_Photos.png	jpegli	420	55	model_policy	35.900	66.786	1.5083	CjpegliYcbcr	5.2
photos	Screenshot_20260526_074348_Photos.png	jpegli	420	55	model_proj	35.900	66.764	1.5082	CjpegliYcbcr	5.2
photos	Screenshot_20260526_074348_Photos.png	jpegli	420	75	identity_off	37.020	71.905	1.3206	CjpegliYcbcr	3.0
photos	Screenshot_20260526_074348_Photos.png	jpegli	420	75	model_policy	37.204	72.387	1.3070	CjpegliYcbcr	3.0
photos	Screenshot_20260526_074348_Photos.png	jpegli	420	75	model_proj	37.205	72.304	1.3067	CjpegliYcbcr	3.0
photos	Screenshot_20260526_074348_Photos.png	jpegli	420	90	identity_off	40.260	82.164	0.8628	CjpegliYcbcr	1.3
photos	Screenshot_20260526_074348_Photos.png	jpegli	420	90	model_policy	40.315	82.193	0.8594	CjpegliYcbcr	1.3
photos	Screenshot_20260526_074348_Photos.png	jpegli	420	90	model_proj	40.261	82.356	0.8674	CjpegliYcbcr	1.3
photos	Screenshot_20260526_074348_Photos.png	jpegli	444	15	identity_off	32.654	43.795	2.3630	CjpegliYcbcr	11.8
photos	Screenshot_20260526_074348_Photos.png	jpegli	444	15	model_policy	32.724	49.091	2.5738	CjpegliYcbcr	11.8
photos	Screenshot_20260526_074348_Photos.png	jpegli	444	15	model_proj	32.724	49.112	2.5736	CjpegliYcbcr	11.8
photos	Screenshot_20260526_074348_Photos.png	jpegli	444	35	identity_off	34.854	61.970	1.7253	CjpegliYcbcr	6.0
photos	Screenshot_20260526_074348_Photos.png	jpegli	444	35	model_policy	35.333	64.552	1.6489	CjpegliYcbcr	6.0
photos	Screenshot_20260526_074348_Photos.png	jpegli	444	35	model_proj	35.334	64.571	1.6488	CjpegliYcbcr	6.0
photos	Screenshot_20260526_074348_Photos.png	jpegli	444	55	identity_off	35.907	67.416	1.5145	CjpegliYcbcr	4.1
photos	Screenshot_20260526_074348_Photos.png	jpegli	444	55	model_policy	36.218	68.604	1.4738	CjpegliYcbcr	4.1
photos	Screenshot_20260526_074348_Photos.png	jpegli	444	55	model_proj	36.218	68.621	1.4737	CjpegliYcbcr	4.1
photos	Screenshot_20260526_074348_Photos.png	jpegli	444	75	identity_off	37.340	74.112	1.3054	CjpegliYcbcr	2.3
photos	Screenshot_20260526_074348_Photos.png	jpegli	444	75	model_policy	37.503	74.525	1.2931	CjpegliYcbcr	2.3
photos	Screenshot_20260526_074348_Photos.png	jpegli	444	75	model_proj	37.503	74.454	1.2931	CjpegliYcbcr	2.3
photos	Screenshot_20260526_074348_Photos.png	jpegli	444	90	identity_off	41.193	84.091	0.7880	CjpegliYcbcr	1.1
photos	Screenshot_20260526_074348_Photos.png	jpegli	444	90	model_policy	41.234	84.133	0.7864	CjpegliYcbcr	1.1
photos	Screenshot_20260526_074348_Photos.png	jpegli	444	90	model_proj	41.248	84.217	0.7862	CjpegliYcbcr	1.1
photos	Screenshot_20260526_074348_Photos.png	zenjpeg	420	15	identity_off	32.648	40.577	2.3481	CjpegliYcbcr	14.2
photos	Screenshot_20260526_074348_Photos.png	zenjpeg	420	15	model_policy	33.352	49.284	2.2231	CjpegliYcbcr	14.2
photos	Screenshot_20260526_074348_Photos.png	zenjpeg	420	15	model_proj	33.352	49.294	2.2228	CjpegliYcbcr	14.2
photos	Screenshot_20260526_074348_Photos.png	zenjpeg	420	35	identity_off	34.646	59.530	1.7539	CjpegliYcbcr	7.2
photos	Screenshot_20260526_074348_Photos.png	zenjpeg	420	35	model_policy	35.072	62.171	1.6747	CjpegliYcbcr	7.2
photos	Screenshot_20260526_074348_Photos.png	zenjpeg	420	35	model_proj	35.072	62.202	1.6744	CjpegliYcbcr	7.2
photos	Screenshot_20260526_074348_Photos.png	zenjpeg	420	55	identity_off	35.492	64.950	1.5947	CjpegliYcbcr	5.2
photos	Screenshot_20260526_074348_Photos.png	zenjpeg	420	55	model_policy	35.718	66.472	1.5904	CjpegliYcbcr	5.2
photos	Screenshot_20260526_074348_Photos.png	zenjpeg	420	55	model_proj	35.719	66.475	1.5903	CjpegliYcbcr	5.2
photos	Screenshot_20260526_074348_Photos.png	zenjpeg	420	75	identity_off	36.995	71.934	1.3201	CjpegliYcbcr	3.0
photos	Screenshot_20260526_074348_Photos.png	zenjpeg	420	75	model_policy	37.181	72.321	1.3061	CjpegliYcbcr	3.0
photos	Screenshot_20260526_074348_Photos.png	zenjpeg	420	75	model_proj	37.181	72.304	1.3059	CjpegliYcbcr	3.0
photos	Screenshot_20260526_074348_Photos.png	zenjpeg	420	90	identity_off	40.237	82.101	0.8628	CjpegliYcbcr	1.3
photos	Screenshot_20260526_074348_Photos.png	zenjpeg	420	90	model_policy	40.292	82.132	0.8592	CjpegliYcbcr	1.3
photos	Screenshot_20260526_074348_Photos.png	zenjpeg	420	90	model_proj	40.201	82.224	0.8776	CjpegliYcbcr	1.3
photos	Screenshot_20260526_074348_Photos.png	zenjpeg	444	15	identity_off	32.627	43.864	2.3650	CjpegliYcbcr	11.8
photos	Screenshot_20260526_074348_Photos.png	zenjpeg	444	15	model_policy	32.696	49.336	2.5758	CjpegliYcbcr	11.8
photos	Screenshot_20260526_074348_Photos.png	zenjpeg	444	15	model_proj	32.696	49.351	2.5756	CjpegliYcbcr	11.8
photos	Screenshot_20260526_074348_Photos.png	zenjpeg	444	35	identity_off	34.832	61.758	1.7477	CjpegliYcbcr	6.0
photos	Screenshot_20260526_074348_Photos.png	zenjpeg	444	35	model_policy	35.282	64.201	1.6749	CjpegliYcbcr	6.0
photos	Screenshot_20260526_074348_Photos.png	zenjpeg	444	35	model_proj	35.282	64.184	1.6748	CjpegliYcbcr	6.0
photos	Screenshot_20260526_074348_Photos.png	zenjpeg	444	55	identity_off	35.867	67.404	1.5152	CjpegliYcbcr	4.1
photos	Screenshot_20260526_074348_Photos.png	zenjpeg	444	55	model_policy	36.172	68.428	1.4752	CjpegliYcbcr	4.1
photos	Screenshot_20260526_074348_Photos.png	zenjpeg	444	55	model_proj	36.172	68.438	1.4752	CjpegliYcbcr	4.1
photos	Screenshot_20260526_074348_Photos.png	zenjpeg	444	75	identity_off	37.306	74.043	1.3125	CjpegliYcbcr	2.3
photos	Screenshot_20260526_074348_Photos.png	zenjpeg	444	75	model_policy	37.462	74.314	1.3014	CjpegliYcbcr	2.3
photos	Screenshot_20260526_074348_Photos.png	zenjpeg	444	75	model_proj	37.463	74.349	1.3013	CjpegliYcbcr	2.3
photos	Screenshot_20260526_074348_Photos.png	zenjpeg	444	90	identity_off	41.226	84.218	0.7570	CjpegliYcbcr	1.1
photos	Screenshot_20260526_074348_Photos.png	zenjpeg	444	90	model_policy	41.267	84.251	0.7553	CjpegliYcbcr	1.1
photos	Screenshot_20260526_074348_Photos.png	zenjpeg	444	90	model_proj	41.276	84.259	0.7556	CjpegliYcbcr	1.1
people	alexander-aguero-EnppVuXbcCE-unsplash.jpg	turbo	420	15	identity_off	34.096	-1.538	2.9043	Unknown	15.0
people	alexander-aguero-EnppVuXbcCE-unsplash.jpg	turbo	420	15	model_policy	35.341	19.461	2.5763	Unknown	15.0
people	alexander-aguero-EnppVuXbcCE-unsplash.jpg	turbo	420	15	model_proj	35.341	19.472	2.5761	Unknown	15.0
people	alexander-aguero-EnppVuXbcCE-unsplash.jpg	turbo	420	35	identity_off	37.742	48.393	1.6640	ImageMagick	35.0
people	alexander-aguero-EnppVuXbcCE-unsplash.jpg	turbo	420	35	model_policy	38.608	54.980	1.5525	ImageMagick	35.0
people	alexander-aguero-EnppVuXbcCE-unsplash.jpg	turbo	420	35	model_proj	38.608	54.989	1.5524	ImageMagick	35.0
people	alexander-aguero-EnppVuXbcCE-unsplash.jpg	turbo	420	55	identity_off	39.387	65.282	1.2765	ImageMagick	55.0
people	alexander-aguero-EnppVuXbcCE-unsplash.jpg	turbo	420	55	model_policy	40.152	68.004	1.1955	ImageMagick	55.0
people	alexander-aguero-EnppVuXbcCE-unsplash.jpg	turbo	420	55	model_proj	40.152	68.005	1.1955	ImageMagick	55.0
people	alexander-aguero-EnppVuXbcCE-unsplash.jpg	turbo	420	75	identity_off	41.648	77.435	0.9050	ImageMagick	75.0
people	alexander-aguero-EnppVuXbcCE-unsplash.jpg	turbo	420	75	model_policy	42.304	78.521	0.8502	ImageMagick	75.0
people	alexander-aguero-EnppVuXbcCE-unsplash.jpg	turbo	420	75	model_proj	42.307	78.502	0.8499	ImageMagick	75.0
people	alexander-aguero-EnppVuXbcCE-unsplash.jpg	turbo	420	90	identity_off	45.222	88.252	0.5373	ImageMagick	90.0
people	alexander-aguero-EnppVuXbcCE-unsplash.jpg	turbo	420	90	model_policy	45.592	88.403	0.5203	ImageMagick	90.0
people	alexander-aguero-EnppVuXbcCE-unsplash.jpg	turbo	420	90	model_proj	45.560	88.348	0.5247	ImageMagick	90.0
people	alexander-aguero-EnppVuXbcCE-unsplash.jpg	turbo	444	15	identity_off	34.153	-0.937	2.8864	Unknown	15.0
people	alexander-aguero-EnppVuXbcCE-unsplash.jpg	turbo	444	15	model_policy	35.507	19.897	2.5399	Unknown	15.0
people	alexander-aguero-EnppVuXbcCE-unsplash.jpg	turbo	444	15	model_proj	35.511	19.901	2.5392	Unknown	15.0
people	alexander-aguero-EnppVuXbcCE-unsplash.jpg	turbo	444	35	identity_off	37.918	49.726	1.6549	ImageMagick	35.0
people	alexander-aguero-EnppVuXbcCE-unsplash.jpg	turbo	444	35	model_policy	38.858	55.904	1.5429	ImageMagick	35.0
people	alexander-aguero-EnppVuXbcCE-unsplash.jpg	turbo	444	35	model_proj	38.862	55.923	1.5429	ImageMagick	35.0
people	alexander-aguero-EnppVuXbcCE-unsplash.jpg	turbo	444	55	identity_off	39.615	66.739	1.2742	ImageMagick	55.0
people	alexander-aguero-EnppVuXbcCE-unsplash.jpg	turbo	444	55	model_policy	40.406	69.148	1.1936	ImageMagick	55.0
people	alexander-aguero-EnppVuXbcCE-unsplash.jpg	turbo	444	55	model_proj	40.410	69.163	1.1928	ImageMagick	55.0
people	alexander-aguero-EnppVuXbcCE-unsplash.jpg	turbo	444	75	identity_off	42.044	78.808	0.8950	ImageMagick	75.0
people	alexander-aguero-EnppVuXbcCE-unsplash.jpg	turbo	444	75	model_policy	42.747	79.827	0.8387	ImageMagick	75.0
people	alexander-aguero-EnppVuXbcCE-unsplash.jpg	turbo	444	75	model_proj	42.750	79.826	0.8384	ImageMagick	75.0
people	alexander-aguero-EnppVuXbcCE-unsplash.jpg	turbo	444	90	identity_off	46.125	90.398	0.5202	ImageMagick	90.0
people	alexander-aguero-EnppVuXbcCE-unsplash.jpg	turbo	444	90	model_policy	46.475	90.446	0.5034	ImageMagick	90.0
people	alexander-aguero-EnppVuXbcCE-unsplash.jpg	turbo	444	90	model_proj	46.366	90.109	0.5109	ImageMagick	90.0
people	alexander-aguero-EnppVuXbcCE-unsplash.jpg	mozjpeg	420	15	identity_off	33.928	-7.309	3.1942	Mozjpeg	15.0
people	alexander-aguero-EnppVuXbcCE-unsplash.jpg	mozjpeg	420	15	model_policy	34.860	4.994	2.9665	Mozjpeg	15.0
people	alexander-aguero-EnppVuXbcCE-unsplash.jpg	mozjpeg	420	15	model_proj	34.860	4.991	2.9665	Mozjpeg	15.0
people	alexander-aguero-EnppVuXbcCE-unsplash.jpg	mozjpeg	420	35	identity_off	36.950	39.377	1.9648	Mozjpeg	35.0
people	alexander-aguero-EnppVuXbcCE-unsplash.jpg	mozjpeg	420	35	model_policy	37.550	44.036	1.8767	Mozjpeg	35.0
people	alexander-aguero-EnppVuXbcCE-unsplash.jpg	mozjpeg	420	35	model_proj	37.550	44.036	1.8767	Mozjpeg	35.0
people	alexander-aguero-EnppVuXbcCE-unsplash.jpg	mozjpeg	420	55	identity_off	38.542	59.103	1.4840	Mozjpeg	55.0
people	alexander-aguero-EnppVuXbcCE-unsplash.jpg	mozjpeg	420	55	model_policy	39.020	61.010	1.4298	Mozjpeg	55.0
people	alexander-aguero-EnppVuXbcCE-unsplash.jpg	mozjpeg	420	55	model_proj	39.020	61.009	1.4298	Mozjpeg	55.0
people	alexander-aguero-EnppVuXbcCE-unsplash.jpg	mozjpeg	420	75	identity_off	40.608	74.106	1.0669	Mozjpeg	75.0
people	alexander-aguero-EnppVuXbcCE-unsplash.jpg	mozjpeg	420	75	model_policy	41.005	74.771	1.0321	Mozjpeg	75.0
people	alexander-aguero-EnppVuXbcCE-unsplash.jpg	mozjpeg	420	75	model_proj	41.005	74.782	1.0321	Mozjpeg	75.0
people	alexander-aguero-EnppVuXbcCE-unsplash.jpg	mozjpeg	420	90	identity_off	44.455	87.147	0.6124	Mozjpeg	90.0
people	alexander-aguero-EnppVuXbcCE-unsplash.jpg	mozjpeg	420	90	model_policy	44.775	87.220	0.5976	Mozjpeg	90.0
people	alexander-aguero-EnppVuXbcCE-unsplash.jpg	mozjpeg	420	90	model_proj	44.755	87.199	0.5984	Mozjpeg	90.0
people	alexander-aguero-EnppVuXbcCE-unsplash.jpg	mozjpeg	444	15	identity_off	33.991	-6.457	3.1708	Mozjpeg	15.0
people	alexander-aguero-EnppVuXbcCE-unsplash.jpg	mozjpeg	444	15	model_policy	35.000	5.452	2.9335	Mozjpeg	15.0
people	alexander-aguero-EnppVuXbcCE-unsplash.jpg	mozjpeg	444	15	model_proj	35.001	5.453	2.9334	Mozjpeg	15.0
people	alexander-aguero-EnppVuXbcCE-unsplash.jpg	mozjpeg	444	35	identity_off	37.100	40.602	1.9545	Mozjpeg	35.0
people	alexander-aguero-EnppVuXbcCE-unsplash.jpg	mozjpeg	444	35	model_policy	37.676	44.610	1.8702	Mozjpeg	35.0
people	alexander-aguero-EnppVuXbcCE-unsplash.jpg	mozjpeg	444	35	model_proj	37.680	44.638	1.8702	Mozjpeg	35.0
people	alexander-aguero-EnppVuXbcCE-unsplash.jpg	mozjpeg	444	55	identity_off	38.743	59.956	1.4792	Mozjpeg	55.0
people	alexander-aguero-EnppVuXbcCE-unsplash.jpg	mozjpeg	444	55	model_policy	39.177	61.552	1.4245	Mozjpeg	55.0
people	alexander-aguero-EnppVuXbcCE-unsplash.jpg	mozjpeg	444	55	model_proj	39.181	61.573	1.4243	Mozjpeg	55.0
people	alexander-aguero-EnppVuXbcCE-unsplash.jpg	mozjpeg	444	75	identity_off	40.898	75.491	1.0577	Mozjpeg	75.0
people	alexander-aguero-EnppVuXbcCE-unsplash.jpg	mozjpeg	444	75	model_policy	41.228	75.842	1.0220	Mozjpeg	75.0
people	alexander-aguero-EnppVuXbcCE-unsplash.jpg	mozjpeg	444	75	model_proj	41.230	75.854	1.0219	Mozjpeg	75.0
people	alexander-aguero-EnppVuXbcCE-unsplash.jpg	mozjpeg	444	90	identity_off	45.015	88.784	0.6015	Mozjpeg	90.0
people	alexander-aguero-EnppVuXbcCE-unsplash.jpg	mozjpeg	444	90	model_policy	45.258	88.610	0.5878	Mozjpeg	90.0
people	alexander-aguero-EnppVuXbcCE-unsplash.jpg	mozjpeg	444	90	model_proj	45.217	88.467	0.5899	Mozjpeg	90.0
people	alexander-aguero-EnppVuXbcCE-unsplash.jpg	jpegli	420	15	identity_off	36.280	31.596	2.1559	CjpegliYcbcr	14.2
people	alexander-aguero-EnppVuXbcCE-unsplash.jpg	jpegli	420	15	model_policy	36.923	38.905	2.0602	CjpegliYcbcr	14.2
people	alexander-aguero-EnppVuXbcCE-unsplash.jpg	jpegli	420	15	model_proj	36.923	38.901	2.0602	CjpegliYcbcr	14.2
people	alexander-aguero-EnppVuXbcCE-unsplash.jpg	jpegli	420	35	identity_off	37.918	57.565	1.6477	CjpegliYcbcr	7.2
people	alexander-aguero-EnppVuXbcCE-unsplash.jpg	jpegli	420	35	model_policy	38.358	58.738	1.6027	CjpegliYcbcr	7.2
people	alexander-aguero-EnppVuXbcCE-unsplash.jpg	jpegli	420	35	model_proj	38.358	58.746	1.6027	CjpegliYcbcr	7.2
people	alexander-aguero-EnppVuXbcCE-unsplash.jpg	jpegli	420	55	identity_off	38.643	64.957	1.4503	CjpegliYcbcr	5.2
people	alexander-aguero-EnppVuXbcCE-unsplash.jpg	jpegli	420	55	model_policy	39.078	65.481	1.4073	CjpegliYcbcr	5.2
people	alexander-aguero-EnppVuXbcCE-unsplash.jpg	jpegli	420	55	model_proj	39.078	65.491	1.4073	CjpegliYcbcr	5.2
people	alexander-aguero-EnppVuXbcCE-unsplash.jpg	jpegli	420	75	identity_off	39.964	73.679	1.1724	CjpegliYcbcr	3.0
people	alexander-aguero-EnppVuXbcCE-unsplash.jpg	jpegli	420	75	model_policy	40.324	73.955	1.1392	CjpegliYcbcr	3.0
people	alexander-aguero-EnppVuXbcCE-unsplash.jpg	jpegli	420	75	model_proj	40.332	74.001	1.1387	CjpegliYcbcr	3.0
people	alexander-aguero-EnppVuXbcCE-unsplash.jpg	jpegli	420	90	identity_off	43.474	84.453	0.6998	CjpegliYcbcr	1.3
people	alexander-aguero-EnppVuXbcCE-unsplash.jpg	jpegli	420	90	model_policy	43.752	84.624	0.6834	CjpegliYcbcr	1.3
people	alexander-aguero-EnppVuXbcCE-unsplash.jpg	jpegli	420	90	model_proj	43.667	84.999	0.6846	CjpegliYcbcr	1.3
people	alexander-aguero-EnppVuXbcCE-unsplash.jpg	jpegli	444	15	identity_off	34.948	32.970	2.2217	CjpegliYcbcr	11.8
people	alexander-aguero-EnppVuXbcCE-unsplash.jpg	jpegli	444	15	model_policy	36.025	40.516	2.1512	CjpegliYcbcr	11.8
people	alexander-aguero-EnppVuXbcCE-unsplash.jpg	jpegli	444	15	model_proj	36.025	40.519	2.1511	CjpegliYcbcr	11.8
people	alexander-aguero-EnppVuXbcCE-unsplash.jpg	jpegli	444	35	identity_off	37.802	60.281	1.5374	CjpegliYcbcr	6.0
people	alexander-aguero-EnppVuXbcCE-unsplash.jpg	jpegli	444	35	model_policy	38.514	62.094	1.4853	CjpegliYcbcr	6.0
people	alexander-aguero-EnppVuXbcCE-unsplash.jpg	jpegli	444	35	model_proj	38.515	62.100	1.4852	CjpegliYcbcr	6.0
people	alexander-aguero-EnppVuXbcCE-unsplash.jpg	jpegli	444	55	identity_off	38.869	67.783	1.3418	CjpegliYcbcr	4.1
people	alexander-aguero-EnppVuXbcCE-unsplash.jpg	jpegli	444	55	model_policy	39.458	68.721	1.2994	CjpegliYcbcr	4.1
people	alexander-aguero-EnppVuXbcCE-unsplash.jpg	jpegli	444	55	model_proj	39.458	68.739	1.2993	CjpegliYcbcr	4.1
people	alexander-aguero-EnppVuXbcCE-unsplash.jpg	jpegli	444	75	identity_off	40.618	77.137	1.0378	CjpegliYcbcr	2.3
people	alexander-aguero-EnppVuXbcCE-unsplash.jpg	jpegli	444	75	model_policy	41.114	77.784	1.0036	CjpegliYcbcr	2.3
people	alexander-aguero-EnppVuXbcCE-unsplash.jpg	jpegli	444	75	model_proj	41.114	77.778	1.0036	CjpegliYcbcr	2.3
people	alexander-aguero-EnppVuXbcCE-unsplash.jpg	jpegli	444	90	identity_off	44.423	86.062	0.6069	CjpegliYcbcr	1.1
people	alexander-aguero-EnppVuXbcCE-unsplash.jpg	jpegli	444	90	model_policy	44.765	86.373	0.5930	CjpegliYcbcr	1.1
people	alexander-aguero-EnppVuXbcCE-unsplash.jpg	jpegli	444	90	model_proj	44.811	86.686	0.5898	CjpegliYcbcr	1.1
people	alexander-aguero-EnppVuXbcCE-unsplash.jpg	zenjpeg	420	15	identity_off	36.256	31.246	2.1682	CjpegliYcbcr	14.2
people	alexander-aguero-EnppVuXbcCE-unsplash.jpg	zenjpeg	420	15	model_policy	36.882	38.369	2.0741	CjpegliYcbcr	14.2
people	alexander-aguero-EnppVuXbcCE-unsplash.jpg	zenjpeg	420	15	model_proj	36.882	38.370	2.0741	CjpegliYcbcr	14.2
people	alexander-aguero-EnppVuXbcCE-unsplash.jpg	zenjpeg	420	35	identity_off	37.888	57.332	1.6552	CjpegliYcbcr	7.2
people	alexander-aguero-EnppVuXbcCE-unsplash.jpg	zenjpeg	420	35	model_policy	38.308	58.537	1.6103	CjpegliYcbcr	7.2
people	alexander-aguero-EnppVuXbcCE-unsplash.jpg	zenjpeg	420	35	model_proj	38.308	58.535	1.6103	CjpegliYcbcr	7.2
people	alexander-aguero-EnppVuXbcCE-unsplash.jpg	zenjpeg	420	55	identity_off	38.652	64.898	1.4530	CjpegliYcbcr	5.2
people	alexander-aguero-EnppVuXbcCE-unsplash.jpg	zenjpeg	420	55	model_policy	39.071	65.260	1.4106	CjpegliYcbcr	5.2
people	alexander-aguero-EnppVuXbcCE-unsplash.jpg	zenjpeg	420	55	model_proj	39.071	65.258	1.4105	CjpegliYcbcr	5.2
people	alexander-aguero-EnppVuXbcCE-unsplash.jpg	zenjpeg	420	75	identity_off	39.972	73.482	1.1742	CjpegliYcbcr	3.0
people	alexander-aguero-EnppVuXbcCE-unsplash.jpg	zenjpeg	420	75	model_policy	40.335	73.843	1.1405	CjpegliYcbcr	3.0
people	alexander-aguero-EnppVuXbcCE-unsplash.jpg	zenjpeg	420	75	model_proj	40.340	73.892	1.1405	CjpegliYcbcr	3.0
people	alexander-aguero-EnppVuXbcCE-unsplash.jpg	zenjpeg	420	90	identity_off	43.459	84.386	0.6997	CjpegliYcbcr	1.3
people	alexander-aguero-EnppVuXbcCE-unsplash.jpg	zenjpeg	420	90	model_policy	43.735	84.509	0.6833	CjpegliYcbcr	1.3
people	alexander-aguero-EnppVuXbcCE-unsplash.jpg	zenjpeg	420	90	model_proj	43.649	84.787	0.6864	CjpegliYcbcr	1.3
people	alexander-aguero-EnppVuXbcCE-unsplash.jpg	zenjpeg	444	15	identity_off	34.960	32.590	2.2222	CjpegliYcbcr	11.8
people	alexander-aguero-EnppVuXbcCE-unsplash.jpg	zenjpeg	444	15	model_policy	36.020	40.078	2.1507	CjpegliYcbcr	11.8
people	alexander-aguero-EnppVuXbcCE-unsplash.jpg	zenjpeg	444	15	model_proj	36.020	40.093	2.1505	CjpegliYcbcr	11.8
people	alexander-aguero-EnppVuXbcCE-unsplash.jpg	zenjpeg	444	35	identity_off	37.719	59.669	1.5500	CjpegliYcbcr	6.0
people	alexander-aguero-EnppVuXbcCE-unsplash.jpg	zenjpeg	444	35	model_policy	38.418	61.535	1.5011	CjpegliYcbcr	6.0
people	alexander-aguero-EnppVuXbcCE-unsplash.jpg	zenjpeg	444	35	model_proj	38.419	61.541	1.5010	CjpegliYcbcr	6.0
people	alexander-aguero-EnppVuXbcCE-unsplash.jpg	zenjpeg	444	55	identity_off	38.847	67.296	1.3504	CjpegliYcbcr	4.1
people	alexander-aguero-EnppVuXbcCE-unsplash.jpg	zenjpeg	444	55	model_policy	39.435	68.219	1.3075	CjpegliYcbcr	4.1
people	alexander-aguero-EnppVuXbcCE-unsplash.jpg	zenjpeg	444	55	model_proj	39.435	68.222	1.3075	CjpegliYcbcr	4.1
people	alexander-aguero-EnppVuXbcCE-unsplash.jpg	zenjpeg	444	75	identity_off	40.635	76.911	1.0443	CjpegliYcbcr	2.3
people	alexander-aguero-EnppVuXbcCE-unsplash.jpg	zenjpeg	444	75	model_policy	41.120	77.555	1.0104	CjpegliYcbcr	2.3
people	alexander-aguero-EnppVuXbcCE-unsplash.jpg	zenjpeg	444	75	model_proj	41.120	77.573	1.0104	CjpegliYcbcr	2.3
people	alexander-aguero-EnppVuXbcCE-unsplash.jpg	zenjpeg	444	90	identity_off	44.425	86.395	0.6083	CjpegliYcbcr	1.1
people	alexander-aguero-EnppVuXbcCE-unsplash.jpg	zenjpeg	444	90	model_policy	44.770	86.677	0.5940	CjpegliYcbcr	1.1
people	alexander-aguero-EnppVuXbcCE-unsplash.jpg	zenjpeg	444	90	model_proj	44.796	86.923	0.5930	CjpegliYcbcr	1.1
people	anastasia-pivnenko-PRNG6R1nSpQ-unsplash.jpg	turbo	420	15	identity_off	25.762	1.542	3.2451	Unknown	15.0
people	anastasia-pivnenko-PRNG6R1nSpQ-unsplash.jpg	turbo	420	15	model_policy	25.999	10.114	3.1607	Unknown	15.0
people	anastasia-pivnenko-PRNG6R1nSpQ-unsplash.jpg	turbo	420	15	model_proj	26.000	10.116	3.1605	Unknown	15.0
people	anastasia-pivnenko-PRNG6R1nSpQ-unsplash.jpg	turbo	420	35	identity_off	26.839	38.687	2.3386	ImageMagick	35.0
people	anastasia-pivnenko-PRNG6R1nSpQ-unsplash.jpg	turbo	420	35	model_policy	26.937	39.762	2.3199	ImageMagick	35.0
people	anastasia-pivnenko-PRNG6R1nSpQ-unsplash.jpg	turbo	420	35	model_proj	26.937	39.766	2.3199	ImageMagick	35.0
people	anastasia-pivnenko-PRNG6R1nSpQ-unsplash.jpg	turbo	420	55	identity_off	27.368	49.614	2.0683	ImageMagick	55.0
people	anastasia-pivnenko-PRNG6R1nSpQ-unsplash.jpg	turbo	420	55	model_policy	27.458	49.980	2.0516	ImageMagick	55.0
people	anastasia-pivnenko-PRNG6R1nSpQ-unsplash.jpg	turbo	420	55	model_proj	27.458	49.990	2.0516	ImageMagick	55.0
people	anastasia-pivnenko-PRNG6R1nSpQ-unsplash.jpg	turbo	420	75	identity_off	28.393	58.571	1.7673	ImageMagick	75.0
people	anastasia-pivnenko-PRNG6R1nSpQ-unsplash.jpg	turbo	420	75	model_policy	28.402	58.517	1.7676	ImageMagick	75.0
people	anastasia-pivnenko-PRNG6R1nSpQ-unsplash.jpg	turbo	420	75	model_proj	28.402	58.545	1.7676	ImageMagick	75.0
people	anastasia-pivnenko-PRNG6R1nSpQ-unsplash.jpg	turbo	420	90	identity_off	45.743	91.751	0.2131	ImageMagick	90.0
people	anastasia-pivnenko-PRNG6R1nSpQ-unsplash.jpg	turbo	420	90	model_policy	44.502	90.560	0.2774	ImageMagick	90.0
people	anastasia-pivnenko-PRNG6R1nSpQ-unsplash.jpg	turbo	420	90	model_proj	44.461	90.553	0.2798	ImageMagick	90.0
people	anastasia-pivnenko-PRNG6R1nSpQ-unsplash.jpg	turbo	444	15	identity_off	25.868	4.790	3.1929	Unknown	15.0
people	anastasia-pivnenko-PRNG6R1nSpQ-unsplash.jpg	turbo	444	15	model_policy	26.143	12.609	3.1087	Unknown	15.0
people	anastasia-pivnenko-PRNG6R1nSpQ-unsplash.jpg	turbo	444	15	model_proj	26.143	12.630	3.1079	Unknown	15.0
people	anastasia-pivnenko-PRNG6R1nSpQ-unsplash.jpg	turbo	444	35	identity_off	26.953	41.577	2.3230	ImageMagick	35.0
people	anastasia-pivnenko-PRNG6R1nSpQ-unsplash.jpg	turbo	444	35	model_policy	27.063	42.315	2.3020	ImageMagick	35.0
people	anastasia-pivnenko-PRNG6R1nSpQ-unsplash.jpg	turbo	444	35	model_proj	27.063	42.325	2.3020	ImageMagick	35.0
people	anastasia-pivnenko-PRNG6R1nSpQ-unsplash.jpg	turbo	444	55	identity_off	27.476	51.561	2.0607	ImageMagick	55.0
people	anastasia-pivnenko-PRNG6R1nSpQ-unsplash.jpg	turbo	444	55	model_policy	27.569	51.891	2.0442	ImageMagick	55.0
people	anastasia-pivnenko-PRNG6R1nSpQ-unsplash.jpg	turbo	444	55	model_proj	27.569	51.870	2.0442	ImageMagick	55.0
people	anastasia-pivnenko-PRNG6R1nSpQ-unsplash.jpg	turbo	444	75	identity_off	28.492	59.921	1.7630	ImageMagick	75.0
people	anastasia-pivnenko-PRNG6R1nSpQ-unsplash.jpg	turbo	444	75	model_policy	28.505	59.887	1.7622	ImageMagick	75.0
people	anastasia-pivnenko-PRNG6R1nSpQ-unsplash.jpg	turbo	444	75	model_proj	28.506	59.900	1.7623	ImageMagick	75.0
people	anastasia-pivnenko-PRNG6R1nSpQ-unsplash.jpg	turbo	444	90	identity_off	44.983	92.186	0.2154	ImageMagick	90.0
people	anastasia-pivnenko-PRNG6R1nSpQ-unsplash.jpg	turbo	444	90	model_policy	44.015	90.980	0.2703	ImageMagick	90.0
people	anastasia-pivnenko-PRNG6R1nSpQ-unsplash.jpg	turbo	444	90	model_proj	43.978	90.993	0.2738	ImageMagick	90.0
people	anastasia-pivnenko-PRNG6R1nSpQ-unsplash.jpg	mozjpeg	420	15	identity_off	25.470	-9.286	3.5639	Mozjpeg	15.0
people	anastasia-pivnenko-PRNG6R1nSpQ-unsplash.jpg	mozjpeg	420	15	model_policy	25.707	-2.697	3.4821	Mozjpeg	15.0
people	anastasia-pivnenko-PRNG6R1nSpQ-unsplash.jpg	mozjpeg	420	15	model_proj	25.707	-2.691	3.4821	Mozjpeg	15.0
people	anastasia-pivnenko-PRNG6R1nSpQ-unsplash.jpg	mozjpeg	420	35	identity_off	26.480	30.572	2.6126	Mozjpeg	35.0
people	anastasia-pivnenko-PRNG6R1nSpQ-unsplash.jpg	mozjpeg	420	35	model_policy	26.547	31.426	2.6166	Mozjpeg	35.0
people	anastasia-pivnenko-PRNG6R1nSpQ-unsplash.jpg	mozjpeg	420	35	model_proj	26.547	31.417	2.6166	Mozjpeg	35.0
people	anastasia-pivnenko-PRNG6R1nSpQ-unsplash.jpg	mozjpeg	420	55	identity_off	27.078	45.038	2.2392	Mozjpeg	55.0
people	anastasia-pivnenko-PRNG6R1nSpQ-unsplash.jpg	mozjpeg	420	55	model_policy	27.102	44.988	2.2414	Mozjpeg	55.0
people	anastasia-pivnenko-PRNG6R1nSpQ-unsplash.jpg	mozjpeg	420	55	model_proj	27.102	44.995	2.2414	Mozjpeg	55.0
people	anastasia-pivnenko-PRNG6R1nSpQ-unsplash.jpg	mozjpeg	420	75	identity_off	28.099	56.644	1.8705	Mozjpeg	75.0
people	anastasia-pivnenko-PRNG6R1nSpQ-unsplash.jpg	mozjpeg	420	75	model_policy	28.111	56.497	1.8682	Mozjpeg	75.0
people	anastasia-pivnenko-PRNG6R1nSpQ-unsplash.jpg	mozjpeg	420	75	model_proj	28.111	56.480	1.8682	Mozjpeg	75.0
people	anastasia-pivnenko-PRNG6R1nSpQ-unsplash.jpg	mozjpeg	420	90	identity_off	33.570	79.556	0.9442	Mozjpeg	90.0
people	anastasia-pivnenko-PRNG6R1nSpQ-unsplash.jpg	mozjpeg	420	90	model_policy	33.566	79.409	0.9438	Mozjpeg	90.0
people	anastasia-pivnenko-PRNG6R1nSpQ-unsplash.jpg	mozjpeg	420	90	model_proj	33.566	79.400	0.9439	Mozjpeg	90.0
people	anastasia-pivnenko-PRNG6R1nSpQ-unsplash.jpg	mozjpeg	444	15	identity_off	25.577	-6.693	3.5207	Mozjpeg	15.0
people	anastasia-pivnenko-PRNG6R1nSpQ-unsplash.jpg	mozjpeg	444	15	model_policy	25.824	-0.761	3.4311	Mozjpeg	15.0
people	anastasia-pivnenko-PRNG6R1nSpQ-unsplash.jpg	mozjpeg	444	15	model_proj	25.824	-0.755	3.4310	Mozjpeg	15.0
people	anastasia-pivnenko-PRNG6R1nSpQ-unsplash.jpg	mozjpeg	444	35	identity_off	26.576	32.913	2.5961	Mozjpeg	35.0
people	anastasia-pivnenko-PRNG6R1nSpQ-unsplash.jpg	mozjpeg	444	35	model_policy	26.637	33.002	2.5987	Mozjpeg	35.0
people	anastasia-pivnenko-PRNG6R1nSpQ-unsplash.jpg	mozjpeg	444	35	model_proj	26.637	32.995	2.5985	Mozjpeg	35.0
people	anastasia-pivnenko-PRNG6R1nSpQ-unsplash.jpg	mozjpeg	444	55	identity_off	27.163	46.565	2.2318	Mozjpeg	55.0
people	anastasia-pivnenko-PRNG6R1nSpQ-unsplash.jpg	mozjpeg	444	55	model_policy	27.179	46.291	2.2338	Mozjpeg	55.0
people	anastasia-pivnenko-PRNG6R1nSpQ-unsplash.jpg	mozjpeg	444	55	model_proj	27.179	46.289	2.2338	Mozjpeg	55.0
people	anastasia-pivnenko-PRNG6R1nSpQ-unsplash.jpg	mozjpeg	444	75	identity_off	28.138	57.846	1.8661	Mozjpeg	75.0
people	anastasia-pivnenko-PRNG6R1nSpQ-unsplash.jpg	mozjpeg	444	75	model_policy	28.154	57.641	1.8632	Mozjpeg	75.0
people	anastasia-pivnenko-PRNG6R1nSpQ-unsplash.jpg	mozjpeg	444	75	model_proj	28.154	57.644	1.8631	Mozjpeg	75.0
people	anastasia-pivnenko-PRNG6R1nSpQ-unsplash.jpg	mozjpeg	444	90	identity_off	33.584	80.054	0.9430	Mozjpeg	90.0
people	anastasia-pivnenko-PRNG6R1nSpQ-unsplash.jpg	mozjpeg	444	90	model_policy	33.585	79.842	0.9427	Mozjpeg	90.0
people	anastasia-pivnenko-PRNG6R1nSpQ-unsplash.jpg	mozjpeg	444	90	model_proj	33.585	79.893	0.9430	Mozjpeg	90.0
people	anastasia-pivnenko-PRNG6R1nSpQ-unsplash.jpg	jpegli	420	15	identity_off	25.941	20.438	2.9738	CjpegliYcbcr	14.2
people	anastasia-pivnenko-PRNG6R1nSpQ-unsplash.jpg	jpegli	420	15	model_policy	26.071	20.242	2.9756	CjpegliYcbcr	14.2
people	anastasia-pivnenko-PRNG6R1nSpQ-unsplash.jpg	jpegli	420	15	model_proj	26.071	20.252	2.9756	CjpegliYcbcr	14.2
people	anastasia-pivnenko-PRNG6R1nSpQ-unsplash.jpg	jpegli	420	35	identity_off	26.439	36.532	2.5984	CjpegliYcbcr	7.2
people	anastasia-pivnenko-PRNG6R1nSpQ-unsplash.jpg	jpegli	420	35	model_policy	26.485	35.204	2.6219	CjpegliYcbcr	7.2
people	anastasia-pivnenko-PRNG6R1nSpQ-unsplash.jpg	jpegli	420	35	model_proj	26.485	35.245	2.6218	CjpegliYcbcr	7.2
people	anastasia-pivnenko-PRNG6R1nSpQ-unsplash.jpg	jpegli	420	55	identity_off	26.845	44.005	2.3720	CjpegliYcbcr	5.2
people	anastasia-pivnenko-PRNG6R1nSpQ-unsplash.jpg	jpegli	420	55	model_policy	26.830	42.879	2.4023	CjpegliYcbcr	5.2
people	anastasia-pivnenko-PRNG6R1nSpQ-unsplash.jpg	jpegli	420	55	model_proj	26.830	42.888	2.4023	CjpegliYcbcr	5.2
people	anastasia-pivnenko-PRNG6R1nSpQ-unsplash.jpg	jpegli	420	75	identity_off	29.081	60.795	1.7077	CjpegliYcbcr	3.0
people	anastasia-pivnenko-PRNG6R1nSpQ-unsplash.jpg	jpegli	420	75	model_policy	29.082	60.741	1.7078	CjpegliYcbcr	3.0
people	anastasia-pivnenko-PRNG6R1nSpQ-unsplash.jpg	jpegli	420	75	model_proj	29.082	60.762	1.7078	CjpegliYcbcr	3.0
people	anastasia-pivnenko-PRNG6R1nSpQ-unsplash.jpg	jpegli	420	90	identity_off	39.453	86.484	0.5388	CjpegliYcbcr	1.3
people	anastasia-pivnenko-PRNG6R1nSpQ-unsplash.jpg	jpegli	420	90	model_policy	39.271	86.053	0.5445	CjpegliYcbcr	1.3
people	anastasia-pivnenko-PRNG6R1nSpQ-unsplash.jpg	jpegli	420	90	model_proj	39.252	86.258	0.5484	CjpegliYcbcr	1.3
people	anastasia-pivnenko-PRNG6R1nSpQ-unsplash.jpg	jpegli	444	15	identity_off	25.966	23.548	2.8818	CjpegliYcbcr	11.8
people	anastasia-pivnenko-PRNG6R1nSpQ-unsplash.jpg	jpegli	444	15	model_policy	26.167	23.714	2.9083	CjpegliYcbcr	11.8
people	anastasia-pivnenko-PRNG6R1nSpQ-unsplash.jpg	jpegli	444	15	model_proj	26.167	23.737	2.9081	CjpegliYcbcr	11.8
people	anastasia-pivnenko-PRNG6R1nSpQ-unsplash.jpg	jpegli	444	35	identity_off	26.604	40.102	2.4752	CjpegliYcbcr	6.0
people	anastasia-pivnenko-PRNG6R1nSpQ-unsplash.jpg	jpegli	444	35	model_policy	26.661	39.288	2.5040	CjpegliYcbcr	6.0
people	anastasia-pivnenko-PRNG6R1nSpQ-unsplash.jpg	jpegli	444	35	model_proj	26.661	39.283	2.5039	CjpegliYcbcr	6.0
people	anastasia-pivnenko-PRNG6R1nSpQ-unsplash.jpg	jpegli	444	55	identity_off	27.228	48.546	2.1910	CjpegliYcbcr	4.1
people	anastasia-pivnenko-PRNG6R1nSpQ-unsplash.jpg	jpegli	444	55	model_policy	27.232	48.243	2.2101	CjpegliYcbcr	4.1
people	anastasia-pivnenko-PRNG6R1nSpQ-unsplash.jpg	jpegli	444	55	model_proj	27.232	48.241	2.2101	CjpegliYcbcr	4.1
people	anastasia-pivnenko-PRNG6R1nSpQ-unsplash.jpg	jpegli	444	75	identity_off	31.251	68.928	1.3701	CjpegliYcbcr	2.3
people	anastasia-pivnenko-PRNG6R1nSpQ-unsplash.jpg	jpegli	444	75	model_policy	31.244	68.891	1.3719	CjpegliYcbcr	2.3
people	anastasia-pivnenko-PRNG6R1nSpQ-unsplash.jpg	jpegli	444	75	model_proj	31.244	68.891	1.3719	CjpegliYcbcr	2.3
people	anastasia-pivnenko-PRNG6R1nSpQ-unsplash.jpg	jpegli	444	90	identity_off	40.066	87.630	0.4659	CjpegliYcbcr	1.1
people	anastasia-pivnenko-PRNG6R1nSpQ-unsplash.jpg	jpegli	444	90	model_policy	39.938	87.249	0.4739	CjpegliYcbcr	1.1
people	anastasia-pivnenko-PRNG6R1nSpQ-unsplash.jpg	jpegli	444	90	model_proj	39.956	87.381	0.4742	CjpegliYcbcr	1.1
people	anastasia-pivnenko-PRNG6R1nSpQ-unsplash.jpg	zenjpeg	420	15	identity_off	25.938	20.329	2.9737	CjpegliYcbcr	14.2
people	anastasia-pivnenko-PRNG6R1nSpQ-unsplash.jpg	zenjpeg	420	15	model_policy	26.071	20.142	2.9750	CjpegliYcbcr	14.2
people	anastasia-pivnenko-PRNG6R1nSpQ-unsplash.jpg	zenjpeg	420	15	model_proj	26.071	20.173	2.9749	CjpegliYcbcr	14.2
people	anastasia-pivnenko-PRNG6R1nSpQ-unsplash.jpg	zenjpeg	420	35	identity_off	26.433	36.364	2.6043	CjpegliYcbcr	7.2
people	anastasia-pivnenko-PRNG6R1nSpQ-unsplash.jpg	zenjpeg	420	35	model_policy	26.481	35.108	2.6275	CjpegliYcbcr	7.2
people	anastasia-pivnenko-PRNG6R1nSpQ-unsplash.jpg	zenjpeg	420	35	model_proj	26.481	35.103	2.6274	CjpegliYcbcr	7.2
people	anastasia-pivnenko-PRNG6R1nSpQ-unsplash.jpg	zenjpeg	420	55	identity_off	26.842	43.937	2.3743	CjpegliYcbcr	5.2
people	anastasia-pivnenko-PRNG6R1nSpQ-unsplash.jpg	zenjpeg	420	55	model_policy	26.828	42.858	2.4034	CjpegliYcbcr	5.2
people	anastasia-pivnenko-PRNG6R1nSpQ-unsplash.jpg	zenjpeg	420	55	model_proj	26.828	42.867	2.4034	CjpegliYcbcr	5.2
people	anastasia-pivnenko-PRNG6R1nSpQ-unsplash.jpg	zenjpeg	420	75	identity_off	29.066	60.700	1.7126	CjpegliYcbcr	3.0
people	anastasia-pivnenko-PRNG6R1nSpQ-unsplash.jpg	zenjpeg	420	75	model_policy	29.066	60.634	1.7129	CjpegliYcbcr	3.0
people	anastasia-pivnenko-PRNG6R1nSpQ-unsplash.jpg	zenjpeg	420	75	model_proj	29.067	60.660	1.7128	CjpegliYcbcr	3.0
people	anastasia-pivnenko-PRNG6R1nSpQ-unsplash.jpg	zenjpeg	420	90	identity_off	39.438	86.199	0.5410	CjpegliYcbcr	1.3
people	anastasia-pivnenko-PRNG6R1nSpQ-unsplash.jpg	zenjpeg	420	90	model_policy	39.259	85.816	0.5468	CjpegliYcbcr	1.3
people	anastasia-pivnenko-PRNG6R1nSpQ-unsplash.jpg	zenjpeg	420	90	model_proj	39.241	86.032	0.5506	CjpegliYcbcr	1.3
people	anastasia-pivnenko-PRNG6R1nSpQ-unsplash.jpg	zenjpeg	444	15	identity_off	25.964	23.418	2.8829	CjpegliYcbcr	11.8
people	anastasia-pivnenko-PRNG6R1nSpQ-unsplash.jpg	zenjpeg	444	15	model_policy	26.165	23.605	2.9062	CjpegliYcbcr	11.8
people	anastasia-pivnenko-PRNG6R1nSpQ-unsplash.jpg	zenjpeg	444	15	model_proj	26.165	23.634	2.9060	CjpegliYcbcr	11.8
people	anastasia-pivnenko-PRNG6R1nSpQ-unsplash.jpg	zenjpeg	444	35	identity_off	26.598	39.996	2.4775	CjpegliYcbcr	6.0
people	anastasia-pivnenko-PRNG6R1nSpQ-unsplash.jpg	zenjpeg	444	35	model_policy	26.656	39.256	2.5067	CjpegliYcbcr	6.0
people	anastasia-pivnenko-PRNG6R1nSpQ-unsplash.jpg	zenjpeg	444	35	model_proj	26.656	39.259	2.5066	CjpegliYcbcr	6.0
people	anastasia-pivnenko-PRNG6R1nSpQ-unsplash.jpg	zenjpeg	444	55	identity_off	27.220	48.373	2.1942	CjpegliYcbcr	4.1
people	anastasia-pivnenko-PRNG6R1nSpQ-unsplash.jpg	zenjpeg	444	55	model_policy	27.224	48.066	2.2134	CjpegliYcbcr	4.1
people	anastasia-pivnenko-PRNG6R1nSpQ-unsplash.jpg	zenjpeg	444	55	model_proj	27.224	48.079	2.2134	CjpegliYcbcr	4.1
people	anastasia-pivnenko-PRNG6R1nSpQ-unsplash.jpg	zenjpeg	444	75	identity_off	31.222	68.794	1.3777	CjpegliYcbcr	2.3
people	anastasia-pivnenko-PRNG6R1nSpQ-unsplash.jpg	zenjpeg	444	75	model_policy	31.215	68.755	1.3794	CjpegliYcbcr	2.3
people	anastasia-pivnenko-PRNG6R1nSpQ-unsplash.jpg	zenjpeg	444	75	model_proj	31.215	68.761	1.3794	CjpegliYcbcr	2.3
people	anastasia-pivnenko-PRNG6R1nSpQ-unsplash.jpg	zenjpeg	444	90	identity_off	40.032	87.756	0.4678	CjpegliYcbcr	1.1
people	anastasia-pivnenko-PRNG6R1nSpQ-unsplash.jpg	zenjpeg	444	90	model_policy	39.904	87.375	0.4756	CjpegliYcbcr	1.1
people	anastasia-pivnenko-PRNG6R1nSpQ-unsplash.jpg	zenjpeg	444	90	model_proj	39.920	87.478	0.4762	CjpegliYcbcr	1.1
people	ashford-marx-5nEMKAK1WQs-unsplash.jpg	turbo	420	15	identity_off	26.150	29.162	2.9807	Unknown	15.0
people	ashford-marx-5nEMKAK1WQs-unsplash.jpg	turbo	420	15	model_policy	26.735	33.775	2.8697	Unknown	15.0
people	ashford-marx-5nEMKAK1WQs-unsplash.jpg	turbo	420	15	model_proj	26.735	33.776	2.8697	Unknown	15.0
people	ashford-marx-5nEMKAK1WQs-unsplash.jpg	turbo	420	35	identity_off	29.341	61.136	1.7757	ImageMagick	35.0
people	ashford-marx-5nEMKAK1WQs-unsplash.jpg	turbo	420	35	model_policy	29.898	62.985	1.7048	ImageMagick	35.0
people	ashford-marx-5nEMKAK1WQs-unsplash.jpg	turbo	420	35	model_proj	29.898	62.979	1.7046	ImageMagick	35.0
people	ashford-marx-5nEMKAK1WQs-unsplash.jpg	turbo	420	55	identity_off	31.204	70.958	1.3964	ImageMagick	55.0
people	ashford-marx-5nEMKAK1WQs-unsplash.jpg	turbo	420	55	model_policy	31.699	72.228	1.3386	ImageMagick	55.0
people	ashford-marx-5nEMKAK1WQs-unsplash.jpg	turbo	420	55	model_proj	31.699	72.223	1.3385	ImageMagick	55.0
people	ashford-marx-5nEMKAK1WQs-unsplash.jpg	turbo	420	75	identity_off	33.791	79.479	1.0193	ImageMagick	75.0
people	ashford-marx-5nEMKAK1WQs-unsplash.jpg	turbo	420	75	model_policy	34.153	80.114	0.9791	ImageMagick	75.0
people	ashford-marx-5nEMKAK1WQs-unsplash.jpg	turbo	420	75	model_proj	34.153	80.103	0.9791	ImageMagick	75.0
people	ashford-marx-5nEMKAK1WQs-unsplash.jpg	turbo	420	90	identity_off	38.793	88.490	0.5469	ImageMagick	90.0
people	ashford-marx-5nEMKAK1WQs-unsplash.jpg	turbo	420	90	model_policy	38.964	88.632	0.5356	ImageMagick	90.0
people	ashford-marx-5nEMKAK1WQs-unsplash.jpg	turbo	420	90	model_proj	38.988	88.660	0.5349	ImageMagick	90.0
people	ashford-marx-5nEMKAK1WQs-unsplash.jpg	turbo	444	15	identity_off	26.272	33.052	2.9210	Unknown	15.0
people	ashford-marx-5nEMKAK1WQs-unsplash.jpg	turbo	444	15	model_policy	26.927	37.713	2.8052	Unknown	15.0
people	ashford-marx-5nEMKAK1WQs-unsplash.jpg	turbo	444	15	model_proj	26.927	37.714	2.8051	Unknown	15.0
people	ashford-marx-5nEMKAK1WQs-unsplash.jpg	turbo	444	35	identity_off	29.548	64.308	1.7526	ImageMagick	35.0
people	ashford-marx-5nEMKAK1WQs-unsplash.jpg	turbo	444	35	model_policy	30.145	66.109	1.6800	ImageMagick	35.0
people	ashford-marx-5nEMKAK1WQs-unsplash.jpg	turbo	444	35	model_proj	30.146	66.120	1.6794	ImageMagick	35.0
people	ashford-marx-5nEMKAK1WQs-unsplash.jpg	turbo	444	55	identity_off	31.457	73.591	1.3826	ImageMagick	55.0
people	ashford-marx-5nEMKAK1WQs-unsplash.jpg	turbo	444	55	model_policy	31.981	74.824	1.3255	ImageMagick	55.0
people	ashford-marx-5nEMKAK1WQs-unsplash.jpg	turbo	444	55	model_proj	31.981	74.830	1.3254	ImageMagick	55.0
people	ashford-marx-5nEMKAK1WQs-unsplash.jpg	turbo	444	75	identity_off	34.140	81.563	1.0099	ImageMagick	75.0
people	ashford-marx-5nEMKAK1WQs-unsplash.jpg	turbo	444	75	model_policy	34.514	82.224	0.9710	ImageMagick	75.0
people	ashford-marx-5nEMKAK1WQs-unsplash.jpg	turbo	444	75	model_proj	34.515	82.233	0.9709	ImageMagick	75.0
people	ashford-marx-5nEMKAK1WQs-unsplash.jpg	turbo	444	90	identity_off	39.560	90.090	0.5380	ImageMagick	90.0
people	ashford-marx-5nEMKAK1WQs-unsplash.jpg	turbo	444	90	model_policy	39.730	90.205	0.5285	ImageMagick	90.0
people	ashford-marx-5nEMKAK1WQs-unsplash.jpg	turbo	444	90	model_proj	39.751	90.185	0.5288	ImageMagick	90.0
people	ashford-marx-5nEMKAK1WQs-unsplash.jpg	mozjpeg	420	15	identity_off	24.894	15.974	3.6097	Mozjpeg	15.0
people	ashford-marx-5nEMKAK1WQs-unsplash.jpg	mozjpeg	420	15	model_policy	25.383	19.825	3.4965	Mozjpeg	15.0
people	ashford-marx-5nEMKAK1WQs-unsplash.jpg	mozjpeg	420	15	model_proj	25.383	19.823	3.4965	Mozjpeg	15.0
people	ashford-marx-5nEMKAK1WQs-unsplash.jpg	mozjpeg	420	35	identity_off	28.253	54.949	2.0768	Mozjpeg	35.0
people	ashford-marx-5nEMKAK1WQs-unsplash.jpg	mozjpeg	420	35	model_policy	28.739	56.631	2.0078	Mozjpeg	35.0
people	ashford-marx-5nEMKAK1WQs-unsplash.jpg	mozjpeg	420	35	model_proj	28.739	56.637	2.0078	Mozjpeg	35.0
people	ashford-marx-5nEMKAK1WQs-unsplash.jpg	mozjpeg	420	55	identity_off	30.128	67.330	1.6003	Mozjpeg	55.0
people	ashford-marx-5nEMKAK1WQs-unsplash.jpg	mozjpeg	420	55	model_policy	30.569	68.348	1.5461	Mozjpeg	55.0
people	ashford-marx-5nEMKAK1WQs-unsplash.jpg	mozjpeg	420	55	model_proj	30.570	68.336	1.5459	Mozjpeg	55.0
people	ashford-marx-5nEMKAK1WQs-unsplash.jpg	mozjpeg	420	75	identity_off	32.667	77.606	1.1678	Mozjpeg	75.0
people	ashford-marx-5nEMKAK1WQs-unsplash.jpg	mozjpeg	420	75	model_policy	33.004	78.109	1.1360	Mozjpeg	75.0
people	ashford-marx-5nEMKAK1WQs-unsplash.jpg	mozjpeg	420	75	model_proj	33.004	78.114	1.1358	Mozjpeg	75.0
people	ashford-marx-5nEMKAK1WQs-unsplash.jpg	mozjpeg	420	90	identity_off	37.207	87.021	0.6759	Mozjpeg	90.0
people	ashford-marx-5nEMKAK1WQs-unsplash.jpg	mozjpeg	420	90	model_policy	37.359	87.115	0.6664	Mozjpeg	90.0
people	ashford-marx-5nEMKAK1WQs-unsplash.jpg	mozjpeg	420	90	model_proj	37.362	87.143	0.6658	Mozjpeg	90.0
people	ashford-marx-5nEMKAK1WQs-unsplash.jpg	mozjpeg	444	15	identity_off	24.986	18.750	3.5662	Mozjpeg	15.0
people	ashford-marx-5nEMKAK1WQs-unsplash.jpg	mozjpeg	444	15	model_policy	25.506	22.108	3.4523	Mozjpeg	15.0
people	ashford-marx-5nEMKAK1WQs-unsplash.jpg	mozjpeg	444	15	model_proj	25.506	22.113	3.4523	Mozjpeg	15.0
people	ashford-marx-5nEMKAK1WQs-unsplash.jpg	mozjpeg	444	35	identity_off	28.405	57.578	2.0626	Mozjpeg	35.0
people	ashford-marx-5nEMKAK1WQs-unsplash.jpg	mozjpeg	444	35	model_policy	28.908	59.148	1.9926	Mozjpeg	35.0
people	ashford-marx-5nEMKAK1WQs-unsplash.jpg	mozjpeg	444	35	model_proj	28.908	59.147	1.9926	Mozjpeg	35.0
people	ashford-marx-5nEMKAK1WQs-unsplash.jpg	mozjpeg	444	55	identity_off	30.300	69.154	1.5897	Mozjpeg	55.0
people	ashford-marx-5nEMKAK1WQs-unsplash.jpg	mozjpeg	444	55	model_policy	30.751	70.075	1.5357	Mozjpeg	55.0
people	ashford-marx-5nEMKAK1WQs-unsplash.jpg	mozjpeg	444	55	model_proj	30.751	70.085	1.5352	Mozjpeg	55.0
people	ashford-marx-5nEMKAK1WQs-unsplash.jpg	mozjpeg	444	75	identity_off	32.888	79.112	1.1607	Mozjpeg	75.0
people	ashford-marx-5nEMKAK1WQs-unsplash.jpg	mozjpeg	444	75	model_policy	33.227	79.543	1.1296	Mozjpeg	75.0
people	ashford-marx-5nEMKAK1WQs-unsplash.jpg	mozjpeg	444	75	model_proj	33.227	79.550	1.1293	Mozjpeg	75.0
people	ashford-marx-5nEMKAK1WQs-unsplash.jpg	mozjpeg	444	90	identity_off	37.563	88.049	0.6709	Mozjpeg	90.0
people	ashford-marx-5nEMKAK1WQs-unsplash.jpg	mozjpeg	444	90	model_policy	37.706	88.094	0.6621	Mozjpeg	90.0
people	ashford-marx-5nEMKAK1WQs-unsplash.jpg	mozjpeg	444	90	model_proj	37.709	88.114	0.6620	Mozjpeg	90.0
people	ashford-marx-5nEMKAK1WQs-unsplash.jpg	jpegli	420	15	identity_off	25.949	40.904	2.8166	CjpegliYcbcr	14.2
people	ashford-marx-5nEMKAK1WQs-unsplash.jpg	jpegli	420	15	model_policy	26.419	42.464	2.7471	CjpegliYcbcr	14.2
people	ashford-marx-5nEMKAK1WQs-unsplash.jpg	jpegli	420	15	model_proj	26.419	42.467	2.7471	CjpegliYcbcr	14.2
people	ashford-marx-5nEMKAK1WQs-unsplash.jpg	jpegli	420	35	identity_off	28.484	60.645	1.9665	CjpegliYcbcr	7.2
people	ashford-marx-5nEMKAK1WQs-unsplash.jpg	jpegli	420	35	model_policy	28.926	61.528	1.9040	CjpegliYcbcr	7.2
people	ashford-marx-5nEMKAK1WQs-unsplash.jpg	jpegli	420	35	model_proj	28.926	61.527	1.9040	CjpegliYcbcr	7.2
people	ashford-marx-5nEMKAK1WQs-unsplash.jpg	jpegli	420	55	identity_off	30.111	68.289	1.6019	CjpegliYcbcr	5.2
people	ashford-marx-5nEMKAK1WQs-unsplash.jpg	jpegli	420	55	model_policy	30.493	68.958	1.5526	CjpegliYcbcr	5.2
people	ashford-marx-5nEMKAK1WQs-unsplash.jpg	jpegli	420	55	model_proj	30.493	68.964	1.5524	CjpegliYcbcr	5.2
people	ashford-marx-5nEMKAK1WQs-unsplash.jpg	jpegli	420	75	identity_off	32.980	77.553	1.1284	CjpegliYcbcr	3.0
people	ashford-marx-5nEMKAK1WQs-unsplash.jpg	jpegli	420	75	model_policy	33.234	77.915	1.0999	CjpegliYcbcr	3.0
people	ashford-marx-5nEMKAK1WQs-unsplash.jpg	jpegli	420	75	model_proj	33.236	77.961	1.0992	CjpegliYcbcr	3.0
people	ashford-marx-5nEMKAK1WQs-unsplash.jpg	jpegli	420	90	identity_off	37.827	86.952	0.6011	CjpegliYcbcr	1.3
people	ashford-marx-5nEMKAK1WQs-unsplash.jpg	jpegli	420	90	model_policy	37.928	87.027	0.5946	CjpegliYcbcr	1.3
people	ashford-marx-5nEMKAK1WQs-unsplash.jpg	jpegli	420	90	model_proj	37.935	87.244	0.5933	CjpegliYcbcr	1.3
people	ashford-marx-5nEMKAK1WQs-unsplash.jpg	jpegli	444	15	identity_off	26.566	45.631	2.5262	CjpegliYcbcr	11.8
people	ashford-marx-5nEMKAK1WQs-unsplash.jpg	jpegli	444	15	model_policy	27.151	48.301	2.4486	CjpegliYcbcr	11.8
people	ashford-marx-5nEMKAK1WQs-unsplash.jpg	jpegli	444	15	model_proj	27.151	48.304	2.4486	CjpegliYcbcr	11.8
people	ashford-marx-5nEMKAK1WQs-unsplash.jpg	jpegli	444	35	identity_off	29.340	64.643	1.7441	CjpegliYcbcr	6.0
people	ashford-marx-5nEMKAK1WQs-unsplash.jpg	jpegli	444	35	model_policy	29.820	65.832	1.6868	CjpegliYcbcr	6.0
people	ashford-marx-5nEMKAK1WQs-unsplash.jpg	jpegli	444	35	model_proj	29.820	65.833	1.6868	CjpegliYcbcr	6.0
people	ashford-marx-5nEMKAK1WQs-unsplash.jpg	jpegli	444	55	identity_off	31.044	71.694	1.4182	CjpegliYcbcr	4.1
people	ashford-marx-5nEMKAK1WQs-unsplash.jpg	jpegli	444	55	model_policy	31.461	72.616	1.3702	CjpegliYcbcr	4.1
people	ashford-marx-5nEMKAK1WQs-unsplash.jpg	jpegli	444	55	model_proj	31.461	72.620	1.3702	CjpegliYcbcr	4.1
people	ashford-marx-5nEMKAK1WQs-unsplash.jpg	jpegli	444	75	identity_off	33.901	79.919	0.9953	CjpegliYcbcr	2.3
people	ashford-marx-5nEMKAK1WQs-unsplash.jpg	jpegli	444	75	model_policy	34.191	80.426	0.9689	CjpegliYcbcr	2.3
people	ashford-marx-5nEMKAK1WQs-unsplash.jpg	jpegli	444	75	model_proj	34.191	80.423	0.9689	CjpegliYcbcr	2.3
people	ashford-marx-5nEMKAK1WQs-unsplash.jpg	jpegli	444	90	identity_off	38.867	88.338	0.5169	CjpegliYcbcr	1.1
people	ashford-marx-5nEMKAK1WQs-unsplash.jpg	jpegli	444	90	model_policy	39.044	88.479	0.5089	CjpegliYcbcr	1.1
people	ashford-marx-5nEMKAK1WQs-unsplash.jpg	jpegli	444	90	model_proj	39.064	88.602	0.5078	CjpegliYcbcr	1.1
people	ashford-marx-5nEMKAK1WQs-unsplash.jpg	zenjpeg	420	15	identity_off	25.934	40.775	2.8233	CjpegliYcbcr	14.2
people	ashford-marx-5nEMKAK1WQs-unsplash.jpg	zenjpeg	420	15	model_policy	26.403	42.376	2.7538	CjpegliYcbcr	14.2
people	ashford-marx-5nEMKAK1WQs-unsplash.jpg	zenjpeg	420	15	model_proj	26.403	42.380	2.7538	CjpegliYcbcr	14.2
people	ashford-marx-5nEMKAK1WQs-unsplash.jpg	zenjpeg	420	35	identity_off	28.460	60.495	1.9725	CjpegliYcbcr	7.2
people	ashford-marx-5nEMKAK1WQs-unsplash.jpg	zenjpeg	420	35	model_policy	28.902	61.378	1.9104	CjpegliYcbcr	7.2
people	ashford-marx-5nEMKAK1WQs-unsplash.jpg	zenjpeg	420	35	model_proj	28.902	61.385	1.9104	CjpegliYcbcr	7.2
people	ashford-marx-5nEMKAK1WQs-unsplash.jpg	zenjpeg	420	55	identity_off	30.083	68.144	1.6060	CjpegliYcbcr	5.2
people	ashford-marx-5nEMKAK1WQs-unsplash.jpg	zenjpeg	420	55	model_policy	30.467	68.826	1.5567	CjpegliYcbcr	5.2
people	ashford-marx-5nEMKAK1WQs-unsplash.jpg	zenjpeg	420	55	model_proj	30.467	68.832	1.5565	CjpegliYcbcr	5.2
people	ashford-marx-5nEMKAK1WQs-unsplash.jpg	zenjpeg	420	75	identity_off	32.950	77.455	1.1312	CjpegliYcbcr	3.0
people	ashford-marx-5nEMKAK1WQs-unsplash.jpg	zenjpeg	420	75	model_policy	33.204	77.845	1.1035	CjpegliYcbcr	3.0
people	ashford-marx-5nEMKAK1WQs-unsplash.jpg	zenjpeg	420	75	model_proj	33.206	77.887	1.1025	CjpegliYcbcr	3.0
people	ashford-marx-5nEMKAK1WQs-unsplash.jpg	zenjpeg	420	90	identity_off	37.783	86.958	0.6036	CjpegliYcbcr	1.3
people	ashford-marx-5nEMKAK1WQs-unsplash.jpg	zenjpeg	420	90	model_policy	37.883	86.944	0.5972	CjpegliYcbcr	1.3
people	ashford-marx-5nEMKAK1WQs-unsplash.jpg	zenjpeg	420	90	model_proj	37.888	87.145	0.5954	CjpegliYcbcr	1.3
people	ashford-marx-5nEMKAK1WQs-unsplash.jpg	zenjpeg	444	15	identity_off	26.550	45.627	2.5329	CjpegliYcbcr	11.8
people	ashford-marx-5nEMKAK1WQs-unsplash.jpg	zenjpeg	444	15	model_policy	27.134	48.261	2.4558	CjpegliYcbcr	11.8
people	ashford-marx-5nEMKAK1WQs-unsplash.jpg	zenjpeg	444	15	model_proj	27.134	48.263	2.4558	CjpegliYcbcr	11.8
people	ashford-marx-5nEMKAK1WQs-unsplash.jpg	zenjpeg	444	35	identity_off	29.318	64.370	1.7512	CjpegliYcbcr	6.0
people	ashford-marx-5nEMKAK1WQs-unsplash.jpg	zenjpeg	444	35	model_policy	29.800	65.598	1.6937	CjpegliYcbcr	6.0
people	ashford-marx-5nEMKAK1WQs-unsplash.jpg	zenjpeg	444	35	model_proj	29.800	65.600	1.6938	CjpegliYcbcr	6.0
people	ashford-marx-5nEMKAK1WQs-unsplash.jpg	zenjpeg	444	55	identity_off	31.013	71.696	1.4227	CjpegliYcbcr	4.1
people	ashford-marx-5nEMKAK1WQs-unsplash.jpg	zenjpeg	444	55	model_policy	31.431	72.617	1.3760	CjpegliYcbcr	4.1
people	ashford-marx-5nEMKAK1WQs-unsplash.jpg	zenjpeg	444	55	model_proj	31.431	72.616	1.3760	CjpegliYcbcr	4.1
people	ashford-marx-5nEMKAK1WQs-unsplash.jpg	zenjpeg	444	75	identity_off	33.869	79.919	0.9995	CjpegliYcbcr	2.3
people	ashford-marx-5nEMKAK1WQs-unsplash.jpg	zenjpeg	444	75	model_policy	34.159	80.420	0.9740	CjpegliYcbcr	2.3
people	ashford-marx-5nEMKAK1WQs-unsplash.jpg	zenjpeg	444	75	model_proj	34.159	80.424	0.9740	CjpegliYcbcr	2.3
people	ashford-marx-5nEMKAK1WQs-unsplash.jpg	zenjpeg	444	90	identity_off	38.831	88.275	0.5190	CjpegliYcbcr	1.1
people	ashford-marx-5nEMKAK1WQs-unsplash.jpg	zenjpeg	444	90	model_policy	39.007	88.376	0.5123	CjpegliYcbcr	1.1
people	ashford-marx-5nEMKAK1WQs-unsplash.jpg	zenjpeg	444	90	model_proj	39.023	88.506	0.5123	CjpegliYcbcr	1.1
screen	archive__details-collection__1440x900__dpr1.png	turbo	420	15	identity_off	40.114	85.700	4.7848	Unknown	15.0
screen	archive__details-collection__1440x900__dpr1.png	turbo	420	15	model_policy	40.078	87.089	4.7922	Unknown	15.0
screen	archive__details-collection__1440x900__dpr1.png	turbo	420	15	model_proj	40.078	87.089	4.7922	Unknown	15.0
screen	archive__details-collection__1440x900__dpr1.png	turbo	420	35	identity_off	48.131	90.220	2.3578	ImageMagick	35.0
screen	archive__details-collection__1440x900__dpr1.png	turbo	420	35	model_policy	48.124	89.191	2.3587	ImageMagick	35.0
screen	archive__details-collection__1440x900__dpr1.png	turbo	420	35	model_proj	48.124	89.191	2.3587	ImageMagick	35.0
screen	archive__details-collection__1440x900__dpr1.png	turbo	420	55	identity_off	45.912	88.295	2.6346	ImageMagick	55.0
screen	archive__details-collection__1440x900__dpr1.png	turbo	420	55	model_policy	52.486	89.848	0.9592	ImageMagick	55.0
screen	archive__details-collection__1440x900__dpr1.png	turbo	420	55	model_proj	52.597	91.001	0.9435	ImageMagick	55.0
screen	archive__details-collection__1440x900__dpr1.png	turbo	420	75	identity_off	99.000	100.000	0.0000	ImageMagick	75.0
screen	archive__details-collection__1440x900__dpr1.png	turbo	420	75	model_policy	76.913	94.619	0.0652	ImageMagick	75.0
screen	archive__details-collection__1440x900__dpr1.png	turbo	420	75	model_proj	76.917	94.624	0.0651	ImageMagick	75.0
screen	archive__details-collection__1440x900__dpr1.png	turbo	420	90	identity_off	99.000	100.000	0.0000	ImageMagick	90.0
screen	archive__details-collection__1440x900__dpr1.png	turbo	420	90	model_policy	76.913	94.619	0.0652	ImageMagick	90.0
screen	archive__details-collection__1440x900__dpr1.png	turbo	420	90	model_proj	79.886	95.236	0.0572	ImageMagick	90.0
screen	archive__details-collection__1440x900__dpr1.png	turbo	444	15	identity_off	40.114	85.700	4.7848	Unknown	15.0
screen	archive__details-collection__1440x900__dpr1.png	turbo	444	15	model_policy	40.078	87.089	4.7922	Unknown	15.0
screen	archive__details-collection__1440x900__dpr1.png	turbo	444	15	model_proj	40.078	87.089	4.7922	Unknown	15.0
screen	archive__details-collection__1440x900__dpr1.png	turbo	444	35	identity_off	48.131	90.220	2.3578	ImageMagick	35.0
screen	archive__details-collection__1440x900__dpr1.png	turbo	444	35	model_policy	48.124	89.191	2.3587	ImageMagick	35.0
screen	archive__details-collection__1440x900__dpr1.png	turbo	444	35	model_proj	48.124	89.191	2.3587	ImageMagick	35.0
screen	archive__details-collection__1440x900__dpr1.png	turbo	444	55	identity_off	45.912	88.295	2.6346	ImageMagick	55.0
screen	archive__details-collection__1440x900__dpr1.png	turbo	444	55	model_policy	52.486	89.848	0.9592	ImageMagick	55.0
screen	archive__details-collection__1440x900__dpr1.png	turbo	444	55	model_proj	52.597	91.001	0.9435	ImageMagick	55.0
screen	archive__details-collection__1440x900__dpr1.png	turbo	444	75	identity_off	99.000	100.000	0.0000	ImageMagick	75.0
screen	archive__details-collection__1440x900__dpr1.png	turbo	444	75	model_policy	76.913	94.619	0.0652	ImageMagick	75.0
screen	archive__details-collection__1440x900__dpr1.png	turbo	444	75	model_proj	76.917	94.624	0.0651	ImageMagick	75.0
screen	archive__details-collection__1440x900__dpr1.png	turbo	444	90	identity_off	99.000	100.000	0.0000	ImageMagick	90.0
screen	archive__details-collection__1440x900__dpr1.png	turbo	444	90	model_policy	76.913	94.619	0.0652	ImageMagick	90.0
screen	archive__details-collection__1440x900__dpr1.png	turbo	444	90	model_proj	89.927	95.918	0.0481	ImageMagick	90.0
screen	archive__details-collection__1440x900__dpr1.png	mozjpeg	420	15	identity_off	40.114	85.700	4.7848	Mozjpeg	15.0
screen	archive__details-collection__1440x900__dpr1.png	mozjpeg	420	15	model_policy	40.078	87.089	4.7922	Mozjpeg	15.0
screen	archive__details-collection__1440x900__dpr1.png	mozjpeg	420	15	model_proj	40.078	87.089	4.7922	Mozjpeg	15.0
screen	archive__details-collection__1440x900__dpr1.png	mozjpeg	420	35	identity_off	48.131	90.220	2.3578	Mozjpeg	35.0
screen	archive__details-collection__1440x900__dpr1.png	mozjpeg	420	35	model_policy	48.124	89.191	2.3587	Mozjpeg	35.0
screen	archive__details-collection__1440x900__dpr1.png	mozjpeg	420	35	model_proj	48.124	89.191	2.3587	Mozjpeg	35.0
screen	archive__details-collection__1440x900__dpr1.png	mozjpeg	420	55	identity_off	45.912	88.295	2.6346	Mozjpeg	55.0
screen	archive__details-collection__1440x900__dpr1.png	mozjpeg	420	55	model_policy	52.486	89.848	0.9592	Mozjpeg	55.0
screen	archive__details-collection__1440x900__dpr1.png	mozjpeg	420	55	model_proj	52.490	89.862	0.9578	Mozjpeg	55.0
screen	archive__details-collection__1440x900__dpr1.png	mozjpeg	420	75	identity_off	99.000	100.000	0.0000	Mozjpeg	75.0
screen	archive__details-collection__1440x900__dpr1.png	mozjpeg	420	75	model_policy	76.913	94.619	0.0652	Mozjpeg	75.0
screen	archive__details-collection__1440x900__dpr1.png	mozjpeg	420	75	model_proj	76.917	94.624	0.0651	Mozjpeg	75.0
screen	archive__details-collection__1440x900__dpr1.png	mozjpeg	420	90	identity_off	99.000	100.000	0.0000	Mozjpeg	90.0
screen	archive__details-collection__1440x900__dpr1.png	mozjpeg	420	90	model_policy	76.913	94.619	0.0652	Mozjpeg	90.0
screen	archive__details-collection__1440x900__dpr1.png	mozjpeg	420	90	model_proj	97.087	96.967	0.0309	Mozjpeg	90.0
screen	archive__details-collection__1440x900__dpr1.png	mozjpeg	444	15	identity_off	40.114	85.700	4.7848	Mozjpeg	15.0
screen	archive__details-collection__1440x900__dpr1.png	mozjpeg	444	15	model_policy	40.078	87.089	4.7922	Mozjpeg	15.0
screen	archive__details-collection__1440x900__dpr1.png	mozjpeg	444	15	model_proj	40.078	87.089	4.7922	Mozjpeg	15.0
screen	archive__details-collection__1440x900__dpr1.png	mozjpeg	444	35	identity_off	48.131	90.220	2.3578	Mozjpeg	35.0
screen	archive__details-collection__1440x900__dpr1.png	mozjpeg	444	35	model_policy	48.124	89.191	2.3587	Mozjpeg	35.0
screen	archive__details-collection__1440x900__dpr1.png	mozjpeg	444	35	model_proj	48.124	89.191	2.3587	Mozjpeg	35.0
screen	archive__details-collection__1440x900__dpr1.png	mozjpeg	444	55	identity_off	45.912	88.295	2.6346	Mozjpeg	55.0
screen	archive__details-collection__1440x900__dpr1.png	mozjpeg	444	55	model_policy	52.486	89.848	0.9592	Mozjpeg	55.0
screen	archive__details-collection__1440x900__dpr1.png	mozjpeg	444	55	model_proj	52.490	89.862	0.9578	Mozjpeg	55.0
screen	archive__details-collection__1440x900__dpr1.png	mozjpeg	444	75	identity_off	99.000	100.000	0.0000	Mozjpeg	75.0
screen	archive__details-collection__1440x900__dpr1.png	mozjpeg	444	75	model_policy	76.913	94.619	0.0652	Mozjpeg	75.0
screen	archive__details-collection__1440x900__dpr1.png	mozjpeg	444	75	model_proj	76.917	94.624	0.0651	Mozjpeg	75.0
screen	archive__details-collection__1440x900__dpr1.png	mozjpeg	444	90	identity_off	99.000	100.000	0.0000	Mozjpeg	90.0
screen	archive__details-collection__1440x900__dpr1.png	mozjpeg	444	90	model_policy	76.913	94.619	0.0652	Mozjpeg	90.0
screen	archive__details-collection__1440x900__dpr1.png	mozjpeg	444	90	model_proj	96.673	96.958	0.0422	Mozjpeg	90.0
screen	archive__details-collection__1440x900__dpr1.png	jpegli	420	15	identity_off	48.131	90.220	2.3578	CjpegliYcbcr	14.2
screen	archive__details-collection__1440x900__dpr1.png	jpegli	420	15	model_policy	48.124	89.191	2.3587	CjpegliYcbcr	14.2
screen	archive__details-collection__1440x900__dpr1.png	jpegli	420	15	model_proj	48.124	89.191	2.3587	CjpegliYcbcr	14.2
screen	archive__details-collection__1440x900__dpr1.png	jpegli	420	35	identity_off	45.912	88.352	1.4854	CjpegliYcbcr	7.2
screen	archive__details-collection__1440x900__dpr1.png	jpegli	420	35	model_policy	40.615	92.638	4.0132	CjpegliYcbcr	7.2
screen	archive__details-collection__1440x900__dpr1.png	jpegli	420	35	model_proj	40.615	92.638	4.0132	CjpegliYcbcr	7.2
screen	archive__details-collection__1440x900__dpr1.png	jpegli	420	55	identity_off	48.131	86.446	1.4175	CjpegliYcbcr	5.2
screen	archive__details-collection__1440x900__dpr1.png	jpegli	420	55	model_policy	47.614	85.764	1.7039	CjpegliYcbcr	5.2
screen	archive__details-collection__1440x900__dpr1.png	jpegli	420	55	model_proj	47.615	85.902	1.7022	CjpegliYcbcr	5.2
screen	archive__details-collection__1440x900__dpr1.png	jpegli	420	75	identity_off	99.000	100.000	0.0000	CjpegliYcbcr	3.0
screen	archive__details-collection__1440x900__dpr1.png	jpegli	420	75	model_policy	76.913	94.619	0.0652	CjpegliYcbcr	3.0
screen	archive__details-collection__1440x900__dpr1.png	jpegli	420	75	model_proj	76.917	94.624	0.0651	CjpegliYcbcr	3.0
screen	archive__details-collection__1440x900__dpr1.png	jpegli	420	90	identity_off	99.000	100.000	0.0000	CjpegliYcbcr	1.3
screen	archive__details-collection__1440x900__dpr1.png	jpegli	420	90	model_policy	76.913	94.619	0.0652	CjpegliYcbcr	1.3
screen	archive__details-collection__1440x900__dpr1.png	jpegli	420	90	model_proj	79.853	95.461	0.0576	CjpegliYcbcr	1.3
screen	archive__details-collection__1440x900__dpr1.png	jpegli	444	15	identity_off	42.488	87.634	2.0371	CjpegliYcbcr	11.8
screen	archive__details-collection__1440x900__dpr1.png	jpegli	444	15	model_policy	40.307	88.845	2.7206	CjpegliYcbcr	11.8
screen	archive__details-collection__1440x900__dpr1.png	jpegli	444	15	model_proj	40.307	88.845	2.7206	CjpegliYcbcr	11.8
screen	archive__details-collection__1440x900__dpr1.png	jpegli	444	35	identity_off	48.131	90.220	2.3578	CjpegliYcbcr	6.0
screen	archive__details-collection__1440x900__dpr1.png	jpegli	444	35	model_policy	48.124	89.191	2.3587	CjpegliYcbcr	6.0
screen	archive__details-collection__1440x900__dpr1.png	jpegli	444	35	model_proj	48.124	89.191	2.3587	CjpegliYcbcr	6.0
screen	archive__details-collection__1440x900__dpr1.png	jpegli	444	55	identity_off	48.131	90.220	2.3578	CjpegliYcbcr	4.1
screen	archive__details-collection__1440x900__dpr1.png	jpegli	444	55	model_policy	48.124	89.191	2.3587	CjpegliYcbcr	4.1
screen	archive__details-collection__1440x900__dpr1.png	jpegli	444	55	model_proj	48.124	89.191	2.3587	CjpegliYcbcr	4.1
screen	archive__details-collection__1440x900__dpr1.png	jpegli	444	75	identity_off	45.912	88.295	2.6346	CjpegliYcbcr	2.3
screen	archive__details-collection__1440x900__dpr1.png	jpegli	444	75	model_policy	52.486	89.848	0.9592	CjpegliYcbcr	2.3
screen	archive__details-collection__1440x900__dpr1.png	jpegli	444	75	model_proj	52.665	89.976	0.9395	CjpegliYcbcr	2.3
screen	archive__details-collection__1440x900__dpr1.png	jpegli	444	90	identity_off	99.000	100.000	0.0000	CjpegliYcbcr	1.1
screen	archive__details-collection__1440x900__dpr1.png	jpegli	444	90	model_policy	76.913	94.619	0.0652	CjpegliYcbcr	1.1
screen	archive__details-collection__1440x900__dpr1.png	jpegli	444	90	model_proj	98.057	96.496	0.0287	CjpegliYcbcr	1.1
screen	archive__details-collection__1440x900__dpr1.png	zenjpeg	420	15	identity_off	48.131	90.220	2.3578	CjpegliYcbcr	14.2
screen	archive__details-collection__1440x900__dpr1.png	zenjpeg	420	15	model_policy	48.124	89.191	2.3587	CjpegliYcbcr	14.2
screen	archive__details-collection__1440x900__dpr1.png	zenjpeg	420	15	model_proj	48.124	89.191	2.3587	CjpegliYcbcr	14.2
screen	archive__details-collection__1440x900__dpr1.png	zenjpeg	420	35	identity_off	45.912	88.352	1.4854	CjpegliYcbcr	7.2
screen	archive__details-collection__1440x900__dpr1.png	zenjpeg	420	35	model_policy	40.615	92.638	4.0132	CjpegliYcbcr	7.2
screen	archive__details-collection__1440x900__dpr1.png	zenjpeg	420	35	model_proj	40.615	92.638	4.0132	CjpegliYcbcr	7.2
screen	archive__details-collection__1440x900__dpr1.png	zenjpeg	420	55	identity_off	48.131	93.654	1.4221	CjpegliYcbcr	5.2
screen	archive__details-collection__1440x900__dpr1.png	zenjpeg	420	55	model_policy	41.461	89.332	2.1766	CjpegliYcbcr	5.2
screen	archive__details-collection__1440x900__dpr1.png	zenjpeg	420	55	model_proj	41.469	88.887	2.2145	CjpegliYcbcr	5.2
screen	archive__details-collection__1440x900__dpr1.png	zenjpeg	420	75	identity_off	99.000	100.000	0.0000	CjpegliYcbcr	3.0
screen	archive__details-collection__1440x900__dpr1.png	zenjpeg	420	75	model_policy	76.913	94.619	0.0652	CjpegliYcbcr	3.0
screen	archive__details-collection__1440x900__dpr1.png	zenjpeg	420	75	model_proj	76.917	94.624	0.0651	CjpegliYcbcr	3.0
screen	archive__details-collection__1440x900__dpr1.png	zenjpeg	420	90	identity_off	99.000	100.000	0.0000	CjpegliYcbcr	1.3
screen	archive__details-collection__1440x900__dpr1.png	zenjpeg	420	90	model_policy	76.913	94.619	0.0652	CjpegliYcbcr	1.3
screen	archive__details-collection__1440x900__dpr1.png	zenjpeg	420	90	model_proj	79.853	95.461	0.0576	CjpegliYcbcr	1.3
screen	archive__details-collection__1440x900__dpr1.png	zenjpeg	444	15	identity_off	42.488	87.634	2.0371	CjpegliYcbcr	11.8
screen	archive__details-collection__1440x900__dpr1.png	zenjpeg	444	15	model_policy	40.307	88.845	2.7206	CjpegliYcbcr	11.8
screen	archive__details-collection__1440x900__dpr1.png	zenjpeg	444	15	model_proj	40.307	88.845	2.7206	CjpegliYcbcr	11.8
screen	archive__details-collection__1440x900__dpr1.png	zenjpeg	444	35	identity_off	48.131	90.220	2.3578	CjpegliYcbcr	6.0
screen	archive__details-collection__1440x900__dpr1.png	zenjpeg	444	35	model_policy	48.124	89.191	2.3587	CjpegliYcbcr	6.0
screen	archive__details-collection__1440x900__dpr1.png	zenjpeg	444	35	model_proj	48.124	89.191	2.3587	CjpegliYcbcr	6.0
screen	archive__details-collection__1440x900__dpr1.png	zenjpeg	444	55	identity_off	46.881	92.335	1.6860	CjpegliYcbcr	4.1
screen	archive__details-collection__1440x900__dpr1.png	zenjpeg	444	55	model_policy	40.368	89.209	2.7036	CjpegliYcbcr	4.1
screen	archive__details-collection__1440x900__dpr1.png	zenjpeg	444	55	model_proj	40.368	89.209	2.7036	CjpegliYcbcr	4.1
screen	archive__details-collection__1440x900__dpr1.png	zenjpeg	444	75	identity_off	45.912	88.295	2.6346	CjpegliYcbcr	2.3
screen	archive__details-collection__1440x900__dpr1.png	zenjpeg	444	75	model_policy	52.486	89.848	0.9592	CjpegliYcbcr	2.3
screen	archive__details-collection__1440x900__dpr1.png	zenjpeg	444	75	model_proj	52.665	89.976	0.9395	CjpegliYcbcr	2.3
screen	archive__details-collection__1440x900__dpr1.png	zenjpeg	444	90	identity_off	99.000	100.000	0.0000	CjpegliYcbcr	1.1
screen	archive__details-collection__1440x900__dpr1.png	zenjpeg	444	90	model_policy	76.913	94.619	0.0652	CjpegliYcbcr	1.1
screen	archive__details-collection__1440x900__dpr1.png	zenjpeg	444	90	model_proj	98.057	96.496	0.0287	CjpegliYcbcr	1.1
screen	archive__wayback-search__1440x900__dpr1.png	turbo	420	15	identity_off	27.357	39.677	3.4757	Unknown	15.0
screen	archive__wayback-search__1440x900__dpr1.png	turbo	420	15	model_policy	29.498	50.639	2.9990	Unknown	15.0
screen	archive__wayback-search__1440x900__dpr1.png	turbo	420	15	model_proj	29.501	50.647	2.9989	Unknown	15.0
screen	archive__wayback-search__1440x900__dpr1.png	turbo	420	35	identity_off	30.287	59.328	2.2584	ImageMagick	35.0
screen	archive__wayback-search__1440x900__dpr1.png	turbo	420	35	model_policy	33.066	68.521	1.6770	ImageMagick	35.0
screen	archive__wayback-search__1440x900__dpr1.png	turbo	420	35	model_proj	33.077	68.592	1.6752	ImageMagick	35.0
screen	archive__wayback-search__1440x900__dpr1.png	turbo	420	55	identity_off	31.968	67.077	1.8603	ImageMagick	55.0
screen	archive__wayback-search__1440x900__dpr1.png	turbo	420	55	model_policy	35.010	75.237	1.3251	ImageMagick	55.0
screen	archive__wayback-search__1440x900__dpr1.png	turbo	420	55	model_proj	35.037	75.362	1.3215	ImageMagick	55.0
screen	archive__wayback-search__1440x900__dpr1.png	turbo	420	75	identity_off	33.971	75.104	1.4084	ImageMagick	75.0
screen	archive__wayback-search__1440x900__dpr1.png	turbo	420	75	model_policy	37.390	81.461	0.9844	ImageMagick	75.0
screen	archive__wayback-search__1440x900__dpr1.png	turbo	420	75	model_proj	37.433	81.525	0.9801	ImageMagick	75.0
screen	archive__wayback-search__1440x900__dpr1.png	turbo	420	90	identity_off	36.843	83.513	0.9108	ImageMagick	90.0
screen	archive__wayback-search__1440x900__dpr1.png	turbo	420	90	model_policy	40.783	87.660	0.6249	ImageMagick	90.0
screen	archive__wayback-search__1440x900__dpr1.png	turbo	420	90	model_proj	40.888	87.957	0.6019	ImageMagick	90.0
screen	archive__wayback-search__1440x900__dpr1.png	turbo	444	15	identity_off	27.706	43.416	3.4533	Unknown	15.0
screen	archive__wayback-search__1440x900__dpr1.png	turbo	444	15	model_policy	29.919	53.993	2.9239	Unknown	15.0
screen	archive__wayback-search__1440x900__dpr1.png	turbo	444	15	model_proj	29.921	53.998	2.9240	Unknown	15.0
screen	archive__wayback-search__1440x900__dpr1.png	turbo	444	35	identity_off	30.935	62.254	2.1983	ImageMagick	35.0
screen	archive__wayback-search__1440x900__dpr1.png	turbo	444	35	model_policy	33.749	70.980	1.6236	ImageMagick	35.0
screen	archive__wayback-search__1440x900__dpr1.png	turbo	444	35	model_proj	33.756	71.076	1.6205	ImageMagick	35.0
screen	archive__wayback-search__1440x900__dpr1.png	turbo	444	55	identity_off	32.838	68.950	1.7972	ImageMagick	55.0
screen	archive__wayback-search__1440x900__dpr1.png	turbo	444	55	model_policy	35.835	76.637	1.2750	ImageMagick	55.0
screen	archive__wayback-search__1440x900__dpr1.png	turbo	444	55	model_proj	35.850	76.779	1.2707	ImageMagick	55.0
screen	archive__wayback-search__1440x900__dpr1.png	turbo	444	75	identity_off	35.300	76.807	1.3453	ImageMagick	75.0
screen	archive__wayback-search__1440x900__dpr1.png	turbo	444	75	model_policy	38.523	82.737	0.9456	ImageMagick	75.0
screen	archive__wayback-search__1440x900__dpr1.png	turbo	444	75	model_proj	38.541	82.921	0.9409	ImageMagick	75.0
screen	archive__wayback-search__1440x900__dpr1.png	turbo	444	90	identity_off	39.333	86.223	0.7931	ImageMagick	90.0
screen	archive__wayback-search__1440x900__dpr1.png	turbo	444	90	model_policy	42.699	89.444	0.5443	ImageMagick	90.0
screen	archive__wayback-search__1440x900__dpr1.png	turbo	444	90	model_proj	42.730	89.822	0.5336	ImageMagick	90.0
screen	archive__wayback-search__1440x900__dpr1.png	mozjpeg	420	15	identity_off	25.039	26.373	5.2733	Mozjpeg	15.0
screen	archive__wayback-search__1440x900__dpr1.png	mozjpeg	420	15	model_policy	26.352	36.236	4.9084	Mozjpeg	15.0
screen	archive__wayback-search__1440x900__dpr1.png	mozjpeg	420	15	model_proj	26.343	36.319	4.9106	Mozjpeg	15.0
screen	archive__wayback-search__1440x900__dpr1.png	mozjpeg	420	35	identity_off	28.412	54.093	3.2948	Mozjpeg	35.0
screen	archive__wayback-search__1440x900__dpr1.png	mozjpeg	420	35	model_policy	30.557	62.506	2.9048	Mozjpeg	35.0
screen	archive__wayback-search__1440x900__dpr1.png	mozjpeg	420	35	model_proj	30.507	61.958	2.9259	Mozjpeg	35.0
screen	archive__wayback-search__1440x900__dpr1.png	mozjpeg	420	55	identity_off	30.194	63.760	2.3893	Mozjpeg	55.0
screen	archive__wayback-search__1440x900__dpr1.png	mozjpeg	420	55	model_policy	32.713	71.100	1.9492	Mozjpeg	55.0
screen	archive__wayback-search__1440x900__dpr1.png	mozjpeg	420	55	model_proj	32.641	70.613	1.9766	Mozjpeg	55.0
screen	archive__wayback-search__1440x900__dpr1.png	mozjpeg	420	75	identity_off	32.466	73.688	1.7074	Mozjpeg	75.0
screen	archive__wayback-search__1440x900__dpr1.png	mozjpeg	420	75	model_policy	35.218	79.121	1.3339	Mozjpeg	75.0
screen	archive__wayback-search__1440x900__dpr1.png	mozjpeg	420	75	model_proj	35.155	78.827	1.3544	Mozjpeg	75.0
screen	archive__wayback-search__1440x900__dpr1.png	mozjpeg	420	90	identity_off	35.891	82.279	1.0264	Mozjpeg	90.0
screen	archive__wayback-search__1440x900__dpr1.png	mozjpeg	420	90	model_policy	39.147	85.947	0.7380	Mozjpeg	90.0
screen	archive__wayback-search__1440x900__dpr1.png	mozjpeg	420	90	model_proj	39.173	86.097	0.7438	Mozjpeg	90.0
screen	archive__wayback-search__1440x900__dpr1.png	mozjpeg	444	15	identity_off	25.262	27.923	5.3659	Mozjpeg	15.0
screen	archive__wayback-search__1440x900__dpr1.png	mozjpeg	444	15	model_policy	26.612	37.580	5.0076	Mozjpeg	15.0
screen	archive__wayback-search__1440x900__dpr1.png	mozjpeg	444	15	model_proj	26.597	37.379	5.0126	Mozjpeg	15.0
screen	archive__wayback-search__1440x900__dpr1.png	mozjpeg	444	35	identity_off	28.808	55.623	3.3227	Mozjpeg	35.0
screen	archive__wayback-search__1440x900__dpr1.png	mozjpeg	444	35	model_policy	30.985	63.642	2.9404	Mozjpeg	35.0
screen	archive__wayback-search__1440x900__dpr1.png	mozjpeg	444	35	model_proj	30.926	63.106	2.9593	Mozjpeg	35.0
screen	archive__wayback-search__1440x900__dpr1.png	mozjpeg	444	55	identity_off	30.783	65.727	2.4004	Mozjpeg	55.0
screen	archive__wayback-search__1440x900__dpr1.png	mozjpeg	444	55	model_policy	33.218	72.729	1.9710	Mozjpeg	55.0
screen	archive__wayback-search__1440x900__dpr1.png	mozjpeg	444	55	model_proj	33.134	72.255	1.9935	Mozjpeg	55.0
screen	archive__wayback-search__1440x900__dpr1.png	mozjpeg	444	75	identity_off	33.415	75.172	1.6658	Mozjpeg	75.0
screen	archive__wayback-search__1440x900__dpr1.png	mozjpeg	444	75	model_policy	35.920	80.389	1.3196	Mozjpeg	75.0
screen	archive__wayback-search__1440x900__dpr1.png	mozjpeg	444	75	model_proj	35.837	80.130	1.3400	Mozjpeg	75.0
screen	archive__wayback-search__1440x900__dpr1.png	mozjpeg	444	90	identity_off	38.036	84.308	0.9252	Mozjpeg	90.0
screen	archive__wayback-search__1440x900__dpr1.png	mozjpeg	444	90	model_policy	40.566	87.352	0.6755	Mozjpeg	90.0
screen	archive__wayback-search__1440x900__dpr1.png	mozjpeg	444	90	model_proj	40.539	87.779	0.6779	Mozjpeg	90.0
screen	archive__wayback-search__1440x900__dpr1.png	jpegli	420	15	identity_off	27.613	48.631	3.4790	CjpegliYcbcr	14.2
screen	archive__wayback-search__1440x900__dpr1.png	jpegli	420	15	model_policy	29.506	57.882	3.1237	CjpegliYcbcr	14.2
screen	archive__wayback-search__1440x900__dpr1.png	jpegli	420	15	model_proj	29.506	57.894	3.1235	CjpegliYcbcr	14.2
screen	archive__wayback-search__1440x900__dpr1.png	jpegli	420	35	identity_off	30.752	64.264	2.0811	CjpegliYcbcr	7.2
screen	archive__wayback-search__1440x900__dpr1.png	jpegli	420	35	model_policy	33.202	71.964	1.6254	CjpegliYcbcr	7.2
screen	archive__wayback-search__1440x900__dpr1.png	jpegli	420	35	model_proj	33.205	71.953	1.6255	CjpegliYcbcr	7.2
screen	archive__wayback-search__1440x900__dpr1.png	jpegli	420	55	identity_off	32.324	70.970	1.6588	CjpegliYcbcr	5.2
screen	archive__wayback-search__1440x900__dpr1.png	jpegli	420	55	model_policy	35.021	77.615	1.2319	CjpegliYcbcr	5.2
screen	archive__wayback-search__1440x900__dpr1.png	jpegli	420	55	model_proj	35.027	77.618	1.2326	CjpegliYcbcr	5.2
screen	archive__wayback-search__1440x900__dpr1.png	jpegli	420	75	identity_off	34.770	78.099	1.1867	CjpegliYcbcr	3.0
screen	archive__wayback-search__1440x900__dpr1.png	jpegli	420	75	model_policy	37.912	83.272	0.8377	CjpegliYcbcr	3.0
screen	archive__wayback-search__1440x900__dpr1.png	jpegli	420	75	model_proj	37.928	83.231	0.8353	CjpegliYcbcr	3.0
screen	archive__wayback-search__1440x900__dpr1.png	jpegli	420	90	identity_off	37.783	85.447	0.7194	CjpegliYcbcr	1.3
screen	archive__wayback-search__1440x900__dpr1.png	jpegli	420	90	model_policy	41.557	88.512	0.4857	CjpegliYcbcr	1.3
screen	archive__wayback-search__1440x900__dpr1.png	jpegli	420	90	model_proj	41.581	88.271	0.4740	CjpegliYcbcr	1.3
screen	archive__wayback-search__1440x900__dpr1.png	jpegli	444	15	identity_off	28.362	53.162	2.9558	CjpegliYcbcr	11.8
screen	archive__wayback-search__1440x900__dpr1.png	jpegli	444	15	model_policy	30.503	62.853	2.6390	CjpegliYcbcr	11.8
screen	archive__wayback-search__1440x900__dpr1.png	jpegli	444	15	model_proj	30.504	62.846	2.6316	CjpegliYcbcr	11.8
screen	archive__wayback-search__1440x900__dpr1.png	jpegli	444	35	identity_off	31.496	66.397	1.8362	CjpegliYcbcr	6.0
screen	archive__wayback-search__1440x900__dpr1.png	jpegli	444	35	model_policy	34.081	73.868	1.4016	CjpegliYcbcr	6.0
screen	archive__wayback-search__1440x900__dpr1.png	jpegli	444	35	model_proj	34.084	73.887	1.4001	CjpegliYcbcr	6.0
screen	archive__wayback-search__1440x900__dpr1.png	jpegli	444	55	identity_off	33.054	71.815	1.4525	CjpegliYcbcr	4.1
screen	archive__wayback-search__1440x900__dpr1.png	jpegli	444	55	model_policy	35.901	78.291	1.0378	CjpegliYcbcr	4.1
screen	archive__wayback-search__1440x900__dpr1.png	jpegli	444	55	model_proj	35.908	78.283	1.0394	CjpegliYcbcr	4.1
screen	archive__wayback-search__1440x900__dpr1.png	jpegli	444	75	identity_off	35.369	78.569	1.0454	CjpegliYcbcr	2.3
screen	archive__wayback-search__1440x900__dpr1.png	jpegli	444	75	model_policy	38.587	83.603	0.7168	CjpegliYcbcr	2.3
screen	archive__wayback-search__1440x900__dpr1.png	jpegli	444	75	model_proj	38.599	83.588	0.7182	CjpegliYcbcr	2.3
screen	archive__wayback-search__1440x900__dpr1.png	jpegli	444	90	identity_off	38.771	85.100	0.6219	CjpegliYcbcr	1.1
screen	archive__wayback-search__1440x900__dpr1.png	jpegli	444	90	model_policy	42.415	88.283	0.4195	CjpegliYcbcr	1.1
screen	archive__wayback-search__1440x900__dpr1.png	jpegli	444	90	model_proj	42.468	88.339	0.4120	CjpegliYcbcr	1.1
screen	archive__wayback-search__1440x900__dpr1.png	zenjpeg	420	15	identity_off	27.617	49.714	3.4947	CjpegliYcbcr	14.2
screen	archive__wayback-search__1440x900__dpr1.png	zenjpeg	420	15	model_policy	29.391	57.902	3.1567	CjpegliYcbcr	14.2
screen	archive__wayback-search__1440x900__dpr1.png	zenjpeg	420	15	model_proj	29.348	57.542	3.1798	CjpegliYcbcr	14.2
screen	archive__wayback-search__1440x900__dpr1.png	zenjpeg	420	35	identity_off	30.761	65.544	2.1020	CjpegliYcbcr	7.2
screen	archive__wayback-search__1440x900__dpr1.png	zenjpeg	420	35	model_policy	33.109	72.448	1.6608	CjpegliYcbcr	7.2
screen	archive__wayback-search__1440x900__dpr1.png	zenjpeg	420	35	model_proj	33.010	71.776	1.7445	CjpegliYcbcr	7.2
screen	archive__wayback-search__1440x900__dpr1.png	zenjpeg	420	55	identity_off	32.353	71.758	1.6846	CjpegliYcbcr	5.2
screen	archive__wayback-search__1440x900__dpr1.png	zenjpeg	420	55	model_policy	34.949	77.796	1.2733	CjpegliYcbcr	5.2
screen	archive__wayback-search__1440x900__dpr1.png	zenjpeg	420	55	model_proj	34.855	77.172	1.3608	CjpegliYcbcr	5.2
screen	archive__wayback-search__1440x900__dpr1.png	zenjpeg	420	75	identity_off	34.789	78.653	1.2266	CjpegliYcbcr	3.0
screen	archive__wayback-search__1440x900__dpr1.png	zenjpeg	420	75	model_policy	37.824	83.407	0.8891	CjpegliYcbcr	3.0
screen	archive__wayback-search__1440x900__dpr1.png	zenjpeg	420	75	model_proj	37.754	82.940	0.9339	CjpegliYcbcr	3.0
screen	archive__wayback-search__1440x900__dpr1.png	zenjpeg	420	90	identity_off	37.758	85.613	0.7732	CjpegliYcbcr	1.3
screen	archive__wayback-search__1440x900__dpr1.png	zenjpeg	420	90	model_policy	41.406	88.557	0.5503	CjpegliYcbcr	1.3
screen	archive__wayback-search__1440x900__dpr1.png	zenjpeg	420	90	model_proj	41.442	88.220	0.5285	CjpegliYcbcr	1.3
screen	archive__wayback-search__1440x900__dpr1.png	zenjpeg	444	15	identity_off	28.394	54.218	2.9646	CjpegliYcbcr	11.8
screen	archive__wayback-search__1440x900__dpr1.png	zenjpeg	444	15	model_policy	30.444	62.751	2.6642	CjpegliYcbcr	11.8
screen	archive__wayback-search__1440x900__dpr1.png	zenjpeg	444	15	model_proj	30.382	62.090	2.6959	CjpegliYcbcr	11.8
screen	archive__wayback-search__1440x900__dpr1.png	zenjpeg	444	35	identity_off	31.538	67.775	1.8759	CjpegliYcbcr	6.0
screen	archive__wayback-search__1440x900__dpr1.png	zenjpeg	444	35	model_policy	34.012	74.690	1.4587	CjpegliYcbcr	6.0
screen	archive__wayback-search__1440x900__dpr1.png	zenjpeg	444	35	model_proj	33.919	74.043	1.5185	CjpegliYcbcr	6.0
screen	archive__wayback-search__1440x900__dpr1.png	zenjpeg	444	55	identity_off	33.080	72.944	1.4917	CjpegliYcbcr	4.1
screen	archive__wayback-search__1440x900__dpr1.png	zenjpeg	444	55	model_policy	35.805	78.851	1.0972	CjpegliYcbcr	4.1
screen	archive__wayback-search__1440x900__dpr1.png	zenjpeg	444	55	model_proj	35.715	78.158	1.1795	CjpegliYcbcr	4.1
screen	archive__wayback-search__1440x900__dpr1.png	zenjpeg	444	75	identity_off	35.355	79.080	1.0993	CjpegliYcbcr	2.3
screen	archive__wayback-search__1440x900__dpr1.png	zenjpeg	444	75	model_policy	38.421	83.524	0.7852	CjpegliYcbcr	2.3
screen	archive__wayback-search__1440x900__dpr1.png	zenjpeg	444	75	model_proj	38.363	83.152	0.8211	CjpegliYcbcr	2.3
screen	archive__wayback-search__1440x900__dpr1.png	zenjpeg	444	90	identity_off	38.707	85.231	0.6818	CjpegliYcbcr	1.1
screen	archive__wayback-search__1440x900__dpr1.png	zenjpeg	444	90	model_policy	42.234	88.179	0.4928	CjpegliYcbcr	1.1
screen	archive__wayback-search__1440x900__dpr1.png	zenjpeg	444	90	model_proj	42.259	88.211	0.4899	CjpegliYcbcr	1.1
screen	archives__exhibits__1440x900__dpr1.png	turbo	420	15	identity_off	25.233	33.674	4.2856	Unknown	15.0
screen	archives__exhibits__1440x900__dpr1.png	turbo	420	15	model_policy	28.042	51.958	3.2463	Unknown	15.0
screen	archives__exhibits__1440x900__dpr1.png	turbo	420	15	model_proj	28.115	53.578	3.1464	Unknown	15.0
screen	archives__exhibits__1440x900__dpr1.png	turbo	420	35	identity_off	28.454	49.327	2.8214	ImageMagick	35.0
screen	archives__exhibits__1440x900__dpr1.png	turbo	420	35	model_policy	31.497	64.393	1.9646	ImageMagick	35.0
screen	archives__exhibits__1440x900__dpr1.png	turbo	420	35	model_proj	31.823	68.213	1.7647	ImageMagick	35.0
screen	archives__exhibits__1440x900__dpr1.png	turbo	420	55	identity_off	30.556	59.492	2.1537	ImageMagick	55.0
screen	archives__exhibits__1440x900__dpr1.png	turbo	420	55	model_policy	33.663	71.879	1.4693	ImageMagick	55.0
screen	archives__exhibits__1440x900__dpr1.png	turbo	420	55	model_proj	34.150	75.828	1.2499	ImageMagick	55.0
screen	archives__exhibits__1440x900__dpr1.png	turbo	420	75	identity_off	33.368	71.237	1.5169	ImageMagick	75.0
screen	archives__exhibits__1440x900__dpr1.png	turbo	420	75	model_policy	36.544	80.214	1.0218	ImageMagick	75.0
screen	archives__exhibits__1440x900__dpr1.png	turbo	420	75	model_proj	37.136	83.248	0.8412	ImageMagick	75.0
screen	archives__exhibits__1440x900__dpr1.png	turbo	420	90	identity_off	36.347	81.985	1.0201	ImageMagick	90.0
screen	archives__exhibits__1440x900__dpr1.png	turbo	420	90	model_policy	39.665	86.727	0.6810	ImageMagick	90.0
screen	archives__exhibits__1440x900__dpr1.png	turbo	420	90	model_proj	40.536	88.813	0.5564	ImageMagick	90.0
screen	archives__exhibits__1440x900__dpr1.png	turbo	444	15	identity_off	25.600	36.246	4.2418	Unknown	15.0
screen	archives__exhibits__1440x900__dpr1.png	turbo	444	15	model_policy	28.451	53.622	3.2137	Unknown	15.0
screen	archives__exhibits__1440x900__dpr1.png	turbo	444	15	model_proj	28.522	55.324	3.1119	Unknown	15.0
screen	archives__exhibits__1440x900__dpr1.png	turbo	444	35	identity_off	29.344	52.803	2.7352	ImageMagick	35.0
screen	archives__exhibits__1440x900__dpr1.png	turbo	444	35	model_policy	32.419	66.994	1.8945	ImageMagick	35.0
screen	archives__exhibits__1440x900__dpr1.png	turbo	444	35	model_proj	32.666	70.296	1.7049	ImageMagick	35.0
screen	archives__exhibits__1440x900__dpr1.png	turbo	444	55	identity_off	31.874	63.564	2.0347	ImageMagick	55.0
screen	archives__exhibits__1440x900__dpr1.png	turbo	444	55	model_policy	34.937	74.862	1.3754	ImageMagick	55.0
screen	archives__exhibits__1440x900__dpr1.png	turbo	444	55	model_proj	35.285	78.039	1.1779	ImageMagick	55.0
screen	archives__exhibits__1440x900__dpr1.png	turbo	444	75	identity_off	35.413	74.966	1.3610	ImageMagick	75.0
screen	archives__exhibits__1440x900__dpr1.png	turbo	444	75	model_policy	38.469	82.903	0.9014	ImageMagick	75.0
screen	archives__exhibits__1440x900__dpr1.png	turbo	444	75	model_proj	38.884	84.995	0.7562	ImageMagick	75.0
screen	archives__exhibits__1440x900__dpr1.png	turbo	444	90	identity_off	41.764	87.192	0.6656	ImageMagick	90.0
screen	archives__exhibits__1440x900__dpr1.png	turbo	444	90	model_policy	44.423	90.244	0.4406	ImageMagick	90.0
screen	archives__exhibits__1440x900__dpr1.png	turbo	444	90	model_proj	44.885	90.829	0.3743	ImageMagick	90.0
screen	archives__exhibits__1440x900__dpr1.png	mozjpeg	420	15	identity_off	22.686	42.743	4.4078	Mozjpeg	15.0
screen	archives__exhibits__1440x900__dpr1.png	mozjpeg	420	15	model_policy	24.798	53.611	4.0952	Mozjpeg	15.0
screen	archives__exhibits__1440x900__dpr1.png	mozjpeg	420	15	model_proj	24.673	56.825	3.7280	Mozjpeg	15.0
screen	archives__exhibits__1440x900__dpr1.png	mozjpeg	420	35	identity_off	25.817	55.617	3.5299	Mozjpeg	35.0
screen	archives__exhibits__1440x900__dpr1.png	mozjpeg	420	35	model_policy	28.515	65.377	2.9349	Mozjpeg	35.0
screen	archives__exhibits__1440x900__dpr1.png	mozjpeg	420	35	model_proj	28.416	71.974	2.1615	Mozjpeg	35.0
screen	archives__exhibits__1440x900__dpr1.png	mozjpeg	420	55	identity_off	28.001	64.982	2.5549	Mozjpeg	55.0
screen	archives__exhibits__1440x900__dpr1.png	mozjpeg	420	55	model_policy	30.882	73.320	2.0227	Mozjpeg	55.0
screen	archives__exhibits__1440x900__dpr1.png	mozjpeg	420	55	model_proj	30.805	78.380	1.4685	Mozjpeg	55.0
screen	archives__exhibits__1440x900__dpr1.png	mozjpeg	420	75	identity_off	30.453	71.389	2.0090	Mozjpeg	75.0
screen	archives__exhibits__1440x900__dpr1.png	mozjpeg	420	75	model_policy	33.437	78.502	1.4993	Mozjpeg	75.0
screen	archives__exhibits__1440x900__dpr1.png	mozjpeg	420	75	model_proj	33.627	82.573	1.0787	Mozjpeg	75.0
screen	archives__exhibits__1440x900__dpr1.png	mozjpeg	420	90	identity_off	34.089	79.516	1.2301	Mozjpeg	90.0
screen	archives__exhibits__1440x900__dpr1.png	mozjpeg	420	90	model_policy	37.179	84.351	0.9050	Mozjpeg	90.0
screen	archives__exhibits__1440x900__dpr1.png	mozjpeg	420	90	model_proj	37.821	86.950	0.7039	Mozjpeg	90.0
screen	archives__exhibits__1440x900__dpr1.png	mozjpeg	444	15	identity_off	22.929	44.787	4.3949	Mozjpeg	15.0
screen	archives__exhibits__1440x900__dpr1.png	mozjpeg	444	15	model_policy	24.986	54.699	4.0876	Mozjpeg	15.0
screen	archives__exhibits__1440x900__dpr1.png	mozjpeg	444	15	model_proj	24.843	57.773	3.7245	Mozjpeg	15.0
screen	archives__exhibits__1440x900__dpr1.png	mozjpeg	444	35	identity_off	26.296	58.499	3.5176	Mozjpeg	35.0
screen	archives__exhibits__1440x900__dpr1.png	mozjpeg	444	35	model_policy	28.895	66.971	2.9275	Mozjpeg	35.0
screen	archives__exhibits__1440x900__dpr1.png	mozjpeg	444	35	model_proj	28.742	73.221	2.1651	Mozjpeg	35.0
screen	archives__exhibits__1440x900__dpr1.png	mozjpeg	444	55	identity_off	28.678	68.251	2.5338	Mozjpeg	55.0
screen	archives__exhibits__1440x900__dpr1.png	mozjpeg	444	55	model_policy	31.440	75.383	2.0084	Mozjpeg	55.0
screen	archives__exhibits__1440x900__dpr1.png	mozjpeg	444	55	model_proj	31.259	79.605	1.4778	Mozjpeg	55.0
screen	archives__exhibits__1440x900__dpr1.png	mozjpeg	444	75	identity_off	31.535	74.889	1.9754	Mozjpeg	75.0
screen	archives__exhibits__1440x900__dpr1.png	mozjpeg	444	75	model_policy	34.347	80.749	1.4765	Mozjpeg	75.0
screen	archives__exhibits__1440x900__dpr1.png	mozjpeg	444	75	model_proj	34.354	83.870	1.0745	Mozjpeg	75.0
screen	archives__exhibits__1440x900__dpr1.png	mozjpeg	444	90	identity_off	36.780	84.245	1.1244	Mozjpeg	90.0
screen	archives__exhibits__1440x900__dpr1.png	mozjpeg	444	90	model_policy	39.427	87.274	0.8427	Mozjpeg	90.0
screen	archives__exhibits__1440x900__dpr1.png	mozjpeg	444	90	model_proj	39.615	88.521	0.6813	Mozjpeg	90.0
screen	archives__exhibits__1440x900__dpr1.png	jpegli	420	15	identity_off	24.875	34.882	4.2619	CjpegliYcbcr	14.2
screen	archives__exhibits__1440x900__dpr1.png	jpegli	420	15	model_policy	27.513	51.152	3.3476	CjpegliYcbcr	14.2
screen	archives__exhibits__1440x900__dpr1.png	jpegli	420	15	model_proj	27.557	52.058	3.2799	CjpegliYcbcr	14.2
screen	archives__exhibits__1440x900__dpr1.png	jpegli	420	35	identity_off	28.396	53.470	2.7733	CjpegliYcbcr	7.2
screen	archives__exhibits__1440x900__dpr1.png	jpegli	420	35	model_policy	31.235	66.492	2.0269	CjpegliYcbcr	7.2
screen	archives__exhibits__1440x900__dpr1.png	jpegli	420	35	model_proj	31.467	69.077	1.8946	CjpegliYcbcr	7.2
screen	archives__exhibits__1440x900__dpr1.png	jpegli	420	55	identity_off	30.489	62.696	2.0805	CjpegliYcbcr	5.2
screen	archives__exhibits__1440x900__dpr1.png	jpegli	420	55	model_policy	33.378	73.303	1.4859	CjpegliYcbcr	5.2
screen	archives__exhibits__1440x900__dpr1.png	jpegli	420	55	model_proj	33.772	76.190	1.3668	CjpegliYcbcr	5.2
screen	archives__exhibits__1440x900__dpr1.png	jpegli	420	75	identity_off	33.551	74.406	1.3704	CjpegliYcbcr	3.0
screen	archives__exhibits__1440x900__dpr1.png	jpegli	420	75	model_policy	36.538	81.469	0.9403	CjpegliYcbcr	3.0
screen	archives__exhibits__1440x900__dpr1.png	jpegli	420	75	model_proj	37.222	84.193	0.7976	CjpegliYcbcr	3.0
screen	archives__exhibits__1440x900__dpr1.png	jpegli	420	90	identity_off	36.150	82.274	1.0179	CjpegliYcbcr	1.3
screen	archives__exhibits__1440x900__dpr1.png	jpegli	420	90	model_policy	39.342	86.416	0.6927	CjpegliYcbcr	1.3
screen	archives__exhibits__1440x900__dpr1.png	jpegli	420	90	model_proj	40.470	88.868	0.5479	CjpegliYcbcr	1.3
screen	archives__exhibits__1440x900__dpr1.png	jpegli	444	15	identity_off	25.896	41.002	3.7945	CjpegliYcbcr	11.8
screen	archives__exhibits__1440x900__dpr1.png	jpegli	444	15	model_policy	28.612	56.317	2.9108	CjpegliYcbcr	11.8
screen	archives__exhibits__1440x900__dpr1.png	jpegli	444	15	model_proj	28.663	57.768	2.8046	CjpegliYcbcr	11.8
screen	archives__exhibits__1440x900__dpr1.png	jpegli	444	35	identity_off	29.780	60.052	2.3412	CjpegliYcbcr	6.0
screen	archives__exhibits__1440x900__dpr1.png	jpegli	444	35	model_policy	32.680	71.590	1.6800	CjpegliYcbcr	6.0
screen	archives__exhibits__1440x900__dpr1.png	jpegli	444	35	model_proj	32.866	73.820	1.5528	CjpegliYcbcr	6.0
screen	archives__exhibits__1440x900__dpr1.png	jpegli	444	55	identity_off	32.171	69.033	1.6917	CjpegliYcbcr	4.1
screen	archives__exhibits__1440x900__dpr1.png	jpegli	444	55	model_policy	35.116	77.979	1.1773	CjpegliYcbcr	4.1
screen	archives__exhibits__1440x900__dpr1.png	jpegli	444	55	model_proj	35.390	79.956	1.0650	CjpegliYcbcr	4.1
screen	archives__exhibits__1440x900__dpr1.png	jpegli	444	75	identity_off	35.519	79.429	1.0533	CjpegliYcbcr	2.3
screen	archives__exhibits__1440x900__dpr1.png	jpegli	444	75	model_policy	38.471	85.013	0.7109	CjpegliYcbcr	2.3
screen	archives__exhibits__1440x900__dpr1.png	jpegli	444	75	model_proj	38.929	86.703	0.6092	CjpegliYcbcr	2.3
screen	archives__exhibits__1440x900__dpr1.png	jpegli	444	90	identity_off	39.854	87.830	0.5558	CjpegliYcbcr	1.1
screen	archives__exhibits__1440x900__dpr1.png	jpegli	444	90	model_policy	42.809	90.148	0.3778	CjpegliYcbcr	1.1
screen	archives__exhibits__1440x900__dpr1.png	jpegli	444	90	model_proj	43.445	91.364	0.2945	CjpegliYcbcr	1.1
screen	archives__exhibits__1440x900__dpr1.png	zenjpeg	420	15	identity_off	25.841	56.989	2.9726	CjpegliYcbcr	14.2
screen	archives__exhibits__1440x900__dpr1.png	zenjpeg	420	15	model_policy	28.366	66.499	2.4723	CjpegliYcbcr	14.2
screen	archives__exhibits__1440x900__dpr1.png	zenjpeg	420	15	model_proj	28.214	71.156	1.9005	CjpegliYcbcr	14.2
screen	archives__exhibits__1440x900__dpr1.png	zenjpeg	420	35	identity_off	29.548	68.743	1.9087	CjpegliYcbcr	7.2
screen	archives__exhibits__1440x900__dpr1.png	zenjpeg	420	35	model_policy	32.144	75.867	1.5083	CjpegliYcbcr	7.2
screen	archives__exhibits__1440x900__dpr1.png	zenjpeg	420	35	model_proj	31.924	79.515	1.2221	CjpegliYcbcr	7.2
screen	archives__exhibits__1440x900__dpr1.png	zenjpeg	420	55	identity_off	31.440	73.347	1.4726	CjpegliYcbcr	5.2
screen	archives__exhibits__1440x900__dpr1.png	zenjpeg	420	55	model_policy	34.098	79.374	1.1302	CjpegliYcbcr	5.2
screen	archives__exhibits__1440x900__dpr1.png	zenjpeg	420	55	model_proj	34.116	83.010	0.9172	CjpegliYcbcr	5.2
screen	archives__exhibits__1440x900__dpr1.png	zenjpeg	420	75	identity_off	34.223	79.462	1.1016	CjpegliYcbcr	3.0
screen	archives__exhibits__1440x900__dpr1.png	zenjpeg	420	75	model_policy	36.977	83.932	0.7917	CjpegliYcbcr	3.0
screen	archives__exhibits__1440x900__dpr1.png	zenjpeg	420	75	model_proj	37.424	86.816	0.6315	CjpegliYcbcr	3.0
screen	archives__exhibits__1440x900__dpr1.png	zenjpeg	420	90	identity_off	36.426	83.501	0.9490	CjpegliYcbcr	1.3
screen	archives__exhibits__1440x900__dpr1.png	zenjpeg	420	90	model_policy	39.492	86.778	0.6560	CjpegliYcbcr	1.3
screen	archives__exhibits__1440x900__dpr1.png	zenjpeg	420	90	model_proj	40.629	89.718	0.3980	CjpegliYcbcr	1.3
screen	archives__exhibits__1440x900__dpr1.png	zenjpeg	444	15	identity_off	26.975	61.447	2.6033	CjpegliYcbcr	11.8
screen	archives__exhibits__1440x900__dpr1.png	zenjpeg	444	15	model_policy	29.539	69.911	2.1274	CjpegliYcbcr	11.8
screen	archives__exhibits__1440x900__dpr1.png	zenjpeg	444	15	model_proj	29.317	73.701	1.6648	CjpegliYcbcr	11.8
screen	archives__exhibits__1440x900__dpr1.png	zenjpeg	444	35	identity_off	30.859	73.699	1.6537	CjpegliYcbcr	6.0
screen	archives__exhibits__1440x900__dpr1.png	zenjpeg	444	35	model_policy	33.486	79.571	1.2965	CjpegliYcbcr	6.0
screen	archives__exhibits__1440x900__dpr1.png	zenjpeg	444	35	model_proj	33.243	81.715	1.0704	CjpegliYcbcr	6.0
screen	archives__exhibits__1440x900__dpr1.png	zenjpeg	444	55	identity_off	33.144	78.657	1.1810	CjpegliYcbcr	4.1
screen	archives__exhibits__1440x900__dpr1.png	zenjpeg	444	55	model_policy	35.783	83.184	0.9129	CjpegliYcbcr	4.1
screen	archives__exhibits__1440x900__dpr1.png	zenjpeg	444	55	model_proj	35.657	84.856	0.8257	CjpegliYcbcr	4.1
screen	archives__exhibits__1440x900__dpr1.png	zenjpeg	444	75	identity_off	36.308	84.042	0.7615	CjpegliYcbcr	2.3
screen	archives__exhibits__1440x900__dpr1.png	zenjpeg	444	75	model_policy	38.963	87.061	0.5674	CjpegliYcbcr	2.3
screen	archives__exhibits__1440x900__dpr1.png	zenjpeg	444	75	model_proj	39.124	88.456	0.5479	CjpegliYcbcr	2.3
screen	archives__exhibits__1440x900__dpr1.png	zenjpeg	444	90	identity_off	40.256	88.916	0.4584	CjpegliYcbcr	1.1
screen	archives__exhibits__1440x900__dpr1.png	zenjpeg	444	90	model_policy	43.056	90.413	0.3300	CjpegliYcbcr	1.1
screen	archives__exhibits__1440x900__dpr1.png	zenjpeg	444	90	model_proj	43.615	91.781	0.2782	CjpegliYcbcr	1.1
documents	office_census-acs-2024_questionnaire_p01_page1.png	turbo	420	15	identity_off	28.003	41.275	2.8279	Unknown	15.0
documents	office_census-acs-2024_questionnaire_p01_page1.png	turbo	420	15	model_policy	30.431	51.206	3.3758	Unknown	15.0
documents	office_census-acs-2024_questionnaire_p01_page1.png	turbo	420	15	model_proj	30.434	51.310	3.3756	Unknown	15.0
documents	office_census-acs-2024_questionnaire_p01_page1.png	turbo	420	35	identity_off	30.259	60.685	1.8465	ImageMagick	35.0
documents	office_census-acs-2024_questionnaire_p01_page1.png	turbo	420	35	model_policy	33.635	69.358	3.0258	ImageMagick	35.0
documents	office_census-acs-2024_questionnaire_p01_page1.png	turbo	420	35	model_proj	33.642	69.568	3.0256	ImageMagick	35.0
documents	office_census-acs-2024_questionnaire_p01_page1.png	turbo	420	55	identity_off	31.318	64.263	2.2962	ImageMagick	55.0
documents	office_census-acs-2024_questionnaire_p01_page1.png	turbo	420	55	model_policy	34.452	71.822	3.1189	ImageMagick	55.0
documents	office_census-acs-2024_questionnaire_p01_page1.png	turbo	420	55	model_proj	34.658	73.282	2.4881	ImageMagick	55.0
documents	office_census-acs-2024_questionnaire_p01_page1.png	turbo	420	75	identity_off	33.425	71.844	1.3891	ImageMagick	75.0
documents	office_census-acs-2024_questionnaire_p01_page1.png	turbo	420	75	model_policy	36.122	76.455	3.5235	ImageMagick	75.0
documents	office_census-acs-2024_questionnaire_p01_page1.png	turbo	420	75	model_proj	36.628	77.794	2.3490	ImageMagick	75.0
documents	office_census-acs-2024_questionnaire_p01_page1.png	turbo	420	90	identity_off	37.215	80.816	1.1898	ImageMagick	90.0
documents	office_census-acs-2024_questionnaire_p01_page1.png	turbo	420	90	model_policy	38.828	80.626	3.5165	ImageMagick	90.0
documents	office_census-acs-2024_questionnaire_p01_page1.png	turbo	420	90	model_proj	40.889	84.485	0.7845	ImageMagick	90.0
documents	office_census-acs-2024_questionnaire_p01_page1.png	turbo	444	15	identity_off	28.755	51.517	2.6192	Unknown	15.0
documents	office_census-acs-2024_questionnaire_p01_page1.png	turbo	444	15	model_policy	31.673	62.810	3.3025	Unknown	15.0
documents	office_census-acs-2024_questionnaire_p01_page1.png	turbo	444	15	model_proj	31.674	62.819	3.3025	Unknown	15.0
documents	office_census-acs-2024_questionnaire_p01_page1.png	turbo	444	35	identity_off	31.621	67.765	1.6892	ImageMagick	35.0
documents	office_census-acs-2024_questionnaire_p01_page1.png	turbo	444	35	model_policy	34.963	74.117	3.0228	ImageMagick	35.0
documents	office_census-acs-2024_questionnaire_p01_page1.png	turbo	444	35	model_proj	34.965	74.100	3.0227	ImageMagick	35.0
documents	office_census-acs-2024_questionnaire_p01_page1.png	turbo	444	55	identity_off	33.050	71.266	2.2756	ImageMagick	55.0
documents	office_census-acs-2024_questionnaire_p01_page1.png	turbo	444	55	model_policy	35.582	75.173	3.1168	ImageMagick	55.0
documents	office_census-acs-2024_questionnaire_p01_page1.png	turbo	444	55	model_proj	35.855	77.152	2.4513	ImageMagick	55.0
documents	office_census-acs-2024_questionnaire_p01_page1.png	turbo	444	75	identity_off	35.623	78.329	1.3159	ImageMagick	75.0
documents	office_census-acs-2024_questionnaire_p01_page1.png	turbo	444	75	model_policy	37.456	78.522	3.5293	ImageMagick	75.0
documents	office_census-acs-2024_questionnaire_p01_page1.png	turbo	444	75	model_proj	38.212	80.373	2.3320	ImageMagick	75.0
documents	office_census-acs-2024_questionnaire_p01_page1.png	turbo	444	90	identity_off	40.476	85.563	1.1763	ImageMagick	90.0
documents	office_census-acs-2024_questionnaire_p01_page1.png	turbo	444	90	model_policy	39.877	81.812	3.5265	ImageMagick	90.0
documents	office_census-acs-2024_questionnaire_p01_page1.png	turbo	444	90	model_proj	43.017	87.883	0.7287	ImageMagick	90.0
documents	office_census-acs-2024_questionnaire_p01_page1.png	mozjpeg	420	15	identity_off	26.034	40.961	3.6897	Mozjpeg	15.0
documents	office_census-acs-2024_questionnaire_p01_page1.png	mozjpeg	420	15	model_policy	28.292	49.132	3.6525	Mozjpeg	15.0
documents	office_census-acs-2024_questionnaire_p01_page1.png	mozjpeg	420	15	model_proj	28.230	48.462	3.6658	Mozjpeg	15.0
documents	office_census-acs-2024_questionnaire_p01_page1.png	mozjpeg	420	35	identity_off	28.921	60.723	2.2019	Mozjpeg	35.0
documents	office_census-acs-2024_questionnaire_p01_page1.png	mozjpeg	420	35	model_policy	32.119	69.344	3.0399	Mozjpeg	35.0
documents	office_census-acs-2024_questionnaire_p01_page1.png	mozjpeg	420	35	model_proj	32.045	69.054	3.0420	Mozjpeg	35.0
documents	office_census-acs-2024_questionnaire_p01_page1.png	mozjpeg	420	55	identity_off	30.410	66.478	1.9102	Mozjpeg	55.0
documents	office_census-acs-2024_questionnaire_p01_page1.png	mozjpeg	420	55	model_policy	33.504	73.576	3.2868	Mozjpeg	55.0
documents	office_census-acs-2024_questionnaire_p01_page1.png	mozjpeg	420	55	model_proj	33.445	73.491	3.2619	Mozjpeg	55.0
documents	office_census-acs-2024_questionnaire_p01_page1.png	mozjpeg	420	75	identity_off	32.400	73.389	1.4246	Mozjpeg	75.0
documents	office_census-acs-2024_questionnaire_p01_page1.png	mozjpeg	420	75	model_policy	35.564	76.326	3.5245	Mozjpeg	75.0
documents	office_census-acs-2024_questionnaire_p01_page1.png	mozjpeg	420	75	model_proj	36.081	77.535	1.9750	Mozjpeg	75.0
documents	office_census-acs-2024_questionnaire_p01_page1.png	mozjpeg	420	90	identity_off	35.475	80.484	1.1948	Mozjpeg	90.0
documents	office_census-acs-2024_questionnaire_p01_page1.png	mozjpeg	420	90	model_policy	37.947	79.890	3.5162	Mozjpeg	90.0
documents	office_census-acs-2024_questionnaire_p01_page1.png	mozjpeg	420	90	model_proj	39.496	83.510	0.8486	Mozjpeg	90.0
documents	office_census-acs-2024_questionnaire_p01_page1.png	mozjpeg	444	15	identity_off	26.563	48.652	3.6591	Mozjpeg	15.0
documents	office_census-acs-2024_questionnaire_p01_page1.png	mozjpeg	444	15	model_policy	28.985	55.681	3.6523	Mozjpeg	15.0
documents	office_census-acs-2024_questionnaire_p01_page1.png	mozjpeg	444	15	model_proj	28.926	53.353	3.6819	Mozjpeg	15.0
documents	office_census-acs-2024_questionnaire_p01_page1.png	mozjpeg	444	35	identity_off	29.754	66.107	2.1637	Mozjpeg	35.0
documents	office_census-acs-2024_questionnaire_p01_page1.png	mozjpeg	444	35	model_policy	32.674	71.341	3.0435	Mozjpeg	35.0
documents	office_census-acs-2024_questionnaire_p01_page1.png	mozjpeg	444	35	model_proj	32.587	70.473	3.0474	Mozjpeg	35.0
documents	office_census-acs-2024_questionnaire_p01_page1.png	mozjpeg	444	55	identity_off	31.421	71.997	1.8686	Mozjpeg	55.0
documents	office_census-acs-2024_questionnaire_p01_page1.png	mozjpeg	444	55	model_policy	33.933	75.859	3.2910	Mozjpeg	55.0
documents	office_census-acs-2024_questionnaire_p01_page1.png	mozjpeg	444	55	model_proj	33.858	75.319	3.2623	Mozjpeg	55.0
documents	office_census-acs-2024_questionnaire_p01_page1.png	mozjpeg	444	75	identity_off	33.749	78.212	1.3783	Mozjpeg	75.0
documents	office_census-acs-2024_questionnaire_p01_page1.png	mozjpeg	444	75	model_policy	35.954	77.703	3.5311	Mozjpeg	75.0
documents	office_census-acs-2024_questionnaire_p01_page1.png	mozjpeg	444	75	model_proj	36.556	79.518	1.9567	Mozjpeg	75.0
documents	office_census-acs-2024_questionnaire_p01_page1.png	mozjpeg	444	90	identity_off	37.493	84.237	1.1828	Mozjpeg	90.0
documents	office_census-acs-2024_questionnaire_p01_page1.png	mozjpeg	444	90	model_policy	38.412	80.629	3.5279	Mozjpeg	90.0
documents	office_census-acs-2024_questionnaire_p01_page1.png	mozjpeg	444	90	model_proj	40.346	85.882	0.7654	Mozjpeg	90.0
documents	office_census-acs-2024_questionnaire_p01_page1.png	jpegli	420	15	identity_off	28.117	55.834	2.7279	CjpegliYcbcr	14.2
documents	office_census-acs-2024_questionnaire_p01_page1.png	jpegli	420	15	model_policy	30.730	65.168	4.7743	CjpegliYcbcr	14.2
documents	office_census-acs-2024_questionnaire_p01_page1.png	jpegli	420	15	model_proj	30.730	65.166	4.7743	CjpegliYcbcr	14.2
documents	office_census-acs-2024_questionnaire_p01_page1.png	jpegli	420	35	identity_off	30.634	64.994	1.7842	CjpegliYcbcr	7.2
documents	office_census-acs-2024_questionnaire_p01_page1.png	jpegli	420	35	model_policy	33.478	71.989	3.5377	CjpegliYcbcr	7.2
documents	office_census-acs-2024_questionnaire_p01_page1.png	jpegli	420	35	model_proj	33.491	72.167	3.5267	CjpegliYcbcr	7.2
documents	office_census-acs-2024_questionnaire_p01_page1.png	jpegli	420	55	identity_off	31.944	68.915	1.4274	CjpegliYcbcr	5.2
documents	office_census-acs-2024_questionnaire_p01_page1.png	jpegli	420	55	model_policy	34.932	75.423	3.3089	CjpegliYcbcr	5.2
documents	office_census-acs-2024_questionnaire_p01_page1.png	jpegli	420	55	model_proj	35.146	75.712	2.3150	CjpegliYcbcr	5.2
documents	office_census-acs-2024_questionnaire_p01_page1.png	jpegli	420	75	identity_off	34.348	75.238	1.1022	CjpegliYcbcr	3.0
documents	office_census-acs-2024_questionnaire_p01_page1.png	jpegli	420	75	model_policy	36.764	79.463	3.3522	CjpegliYcbcr	3.0
documents	office_census-acs-2024_questionnaire_p01_page1.png	jpegli	420	75	model_proj	37.363	80.289	2.0154	CjpegliYcbcr	3.0
documents	office_census-acs-2024_questionnaire_p01_page1.png	jpegli	420	90	identity_off	37.408	81.546	1.1660	CjpegliYcbcr	1.3
documents	office_census-acs-2024_questionnaire_p01_page1.png	jpegli	420	90	model_policy	38.908	82.402	3.5180	CjpegliYcbcr	1.3
documents	office_census-acs-2024_questionnaire_p01_page1.png	jpegli	420	90	model_proj	40.444	84.901	1.4004	CjpegliYcbcr	1.3
documents	office_census-acs-2024_questionnaire_p01_page1.png	jpegli	444	15	identity_off	28.667	54.926	2.3499	CjpegliYcbcr	11.8
documents	office_census-acs-2024_questionnaire_p01_page1.png	jpegli	444	15	model_policy	31.432	64.587	3.2930	CjpegliYcbcr	11.8
documents	office_census-acs-2024_questionnaire_p01_page1.png	jpegli	444	15	model_proj	31.443	64.789	3.2922	CjpegliYcbcr	11.8
documents	office_census-acs-2024_questionnaire_p01_page1.png	jpegli	444	35	identity_off	31.371	67.431	1.8035	CjpegliYcbcr	6.0
documents	office_census-acs-2024_questionnaire_p01_page1.png	jpegli	444	35	model_policy	34.078	73.971	4.4040	CjpegliYcbcr	6.0
documents	office_census-acs-2024_questionnaire_p01_page1.png	jpegli	444	35	model_proj	34.079	74.004	4.4039	CjpegliYcbcr	6.0
documents	office_census-acs-2024_questionnaire_p01_page1.png	jpegli	444	55	identity_off	33.060	71.688	1.2696	CjpegliYcbcr	4.1
documents	office_census-acs-2024_questionnaire_p01_page1.png	jpegli	444	55	model_policy	35.614	77.064	3.3681	CjpegliYcbcr	4.1
documents	office_census-acs-2024_questionnaire_p01_page1.png	jpegli	444	55	model_proj	35.619	77.211	3.3681	CjpegliYcbcr	4.1
documents	office_census-acs-2024_questionnaire_p01_page1.png	jpegli	444	75	identity_off	35.504	77.527	0.9386	CjpegliYcbcr	2.3
documents	office_census-acs-2024_questionnaire_p01_page1.png	jpegli	444	75	model_policy	37.907	80.668	3.0147	CjpegliYcbcr	2.3
documents	office_census-acs-2024_questionnaire_p01_page1.png	jpegli	444	75	model_proj	38.144	80.669	2.8551	CjpegliYcbcr	2.3
documents	office_census-acs-2024_questionnaire_p01_page1.png	jpegli	444	90	identity_off	39.539	82.599	1.1600	CjpegliYcbcr	1.1
documents	office_census-acs-2024_questionnaire_p01_page1.png	jpegli	444	90	model_policy	39.584	82.562	3.5292	CjpegliYcbcr	1.1
documents	office_census-acs-2024_questionnaire_p01_page1.png	jpegli	444	90	model_proj	41.486	85.353	1.9301	CjpegliYcbcr	1.1
documents	office_census-acs-2024_questionnaire_p01_page1.png	zenjpeg	420	15	identity_off	28.135	57.201	2.5851	CjpegliYcbcr	14.2
documents	office_census-acs-2024_questionnaire_p01_page1.png	zenjpeg	420	15	model_policy	30.928	64.716	2.9651	CjpegliYcbcr	14.2
documents	office_census-acs-2024_questionnaire_p01_page1.png	zenjpeg	420	15	model_proj	30.848	64.100	2.9703	CjpegliYcbcr	14.2
documents	office_census-acs-2024_questionnaire_p01_page1.png	zenjpeg	420	35	identity_off	30.641	66.606	1.7540	CjpegliYcbcr	7.2
documents	office_census-acs-2024_questionnaire_p01_page1.png	zenjpeg	420	35	model_policy	33.439	71.787	3.5326	CjpegliYcbcr	7.2
documents	office_census-acs-2024_questionnaire_p01_page1.png	zenjpeg	420	35	model_proj	33.348	71.610	3.5228	CjpegliYcbcr	7.2
documents	office_census-acs-2024_questionnaire_p01_page1.png	zenjpeg	420	55	identity_off	31.962	70.563	1.4259	CjpegliYcbcr	5.2
documents	office_census-acs-2024_questionnaire_p01_page1.png	zenjpeg	420	55	model_policy	34.817	75.262	3.3561	CjpegliYcbcr	5.2
documents	office_census-acs-2024_questionnaire_p01_page1.png	zenjpeg	420	55	model_proj	34.921	75.204	3.0047	CjpegliYcbcr	5.2
documents	office_census-acs-2024_questionnaire_p01_page1.png	zenjpeg	420	75	identity_off	34.295	75.324	1.2671	CjpegliYcbcr	3.0
documents	office_census-acs-2024_questionnaire_p01_page1.png	zenjpeg	420	75	model_policy	36.576	78.050	3.5177	CjpegliYcbcr	3.0
documents	office_census-acs-2024_questionnaire_p01_page1.png	zenjpeg	420	75	model_proj	37.299	78.972	1.8818	CjpegliYcbcr	3.0
documents	office_census-acs-2024_questionnaire_p01_page1.png	zenjpeg	420	90	identity_off	37.285	81.943	1.1712	CjpegliYcbcr	1.3
documents	office_census-acs-2024_questionnaire_p01_page1.png	zenjpeg	420	90	model_policy	38.802	81.652	3.5146	CjpegliYcbcr	1.3
documents	office_census-acs-2024_questionnaire_p01_page1.png	zenjpeg	420	90	model_proj	40.763	84.978	0.7658	CjpegliYcbcr	1.3
documents	office_census-acs-2024_questionnaire_p01_page1.png	zenjpeg	444	15	identity_off	28.688	57.593	2.3042	CjpegliYcbcr	11.8
documents	office_census-acs-2024_questionnaire_p01_page1.png	zenjpeg	444	15	model_policy	31.378	65.468	3.2863	CjpegliYcbcr	11.8
documents	office_census-acs-2024_questionnaire_p01_page1.png	zenjpeg	444	15	model_proj	31.290	65.041	3.2892	CjpegliYcbcr	11.8
documents	office_census-acs-2024_questionnaire_p01_page1.png	zenjpeg	444	35	identity_off	31.426	68.823	1.7705	CjpegliYcbcr	6.0
documents	office_census-acs-2024_questionnaire_p01_page1.png	zenjpeg	444	35	model_policy	34.610	72.739	3.2529	CjpegliYcbcr	6.0
documents	office_census-acs-2024_questionnaire_p01_page1.png	zenjpeg	444	35	model_proj	34.496	72.543	3.2543	CjpegliYcbcr	6.0
documents	office_census-acs-2024_questionnaire_p01_page1.png	zenjpeg	444	55	identity_off	33.007	72.872	1.2573	CjpegliYcbcr	4.1
documents	office_census-acs-2024_questionnaire_p01_page1.png	zenjpeg	444	55	model_policy	35.602	76.771	3.3631	CjpegliYcbcr	4.1
documents	office_census-acs-2024_questionnaire_p01_page1.png	zenjpeg	444	55	model_proj	35.519	76.578	3.3636	CjpegliYcbcr	4.1
documents	office_census-acs-2024_questionnaire_p01_page1.png	zenjpeg	444	75	identity_off	35.489	76.990	1.2042	CjpegliYcbcr	2.3
documents	office_census-acs-2024_questionnaire_p01_page1.png	zenjpeg	444	75	model_policy	37.264	78.825	3.5308	CjpegliYcbcr	2.3
documents	office_census-acs-2024_questionnaire_p01_page1.png	zenjpeg	444	75	model_proj	38.086	80.051	1.9873	CjpegliYcbcr	2.3
documents	office_census-acs-2024_questionnaire_p01_page1.png	zenjpeg	444	90	identity_off	39.364	83.599	1.1656	CjpegliYcbcr	1.1
documents	office_census-acs-2024_questionnaire_p01_page1.png	zenjpeg	444	90	model_policy	39.513	82.006	3.5265	CjpegliYcbcr	1.1
documents	office_census-acs-2024_questionnaire_p01_page1.png	zenjpeg	444	90	model_proj	41.821	85.180	1.0956	CjpegliYcbcr	1.1
documents	office_fec-form3_campaign-finance_p01_page1.png	turbo	420	15	identity_off	31.729	65.163	2.4185	Unknown	15.0
documents	office_fec-form3_campaign-finance_p01_page1.png	turbo	420	15	model_policy	34.679	74.841	1.8324	Unknown	15.0
documents	office_fec-form3_campaign-finance_p01_page1.png	turbo	420	15	model_proj	34.690	74.965	1.8255	Unknown	15.0
documents	office_fec-form3_campaign-finance_p01_page1.png	turbo	420	35	identity_off	34.977	72.583	1.6813	ImageMagick	35.0
documents	office_fec-form3_campaign-finance_p01_page1.png	turbo	420	35	model_policy	38.302	80.589	1.1321	ImageMagick	35.0
documents	office_fec-form3_campaign-finance_p01_page1.png	turbo	420	35	model_proj	38.380	81.363	1.0602	ImageMagick	35.0
documents	office_fec-form3_campaign-finance_p01_page1.png	turbo	420	55	identity_off	37.319	77.147	1.3385	ImageMagick	55.0
documents	office_fec-form3_campaign-finance_p01_page1.png	turbo	420	55	model_policy	40.603	83.747	0.8964	ImageMagick	55.0
documents	office_fec-form3_campaign-finance_p01_page1.png	turbo	420	55	model_proj	40.768	84.745	0.7979	ImageMagick	55.0
documents	office_fec-form3_campaign-finance_p01_page1.png	turbo	420	75	identity_off	40.989	83.020	0.9106	ImageMagick	75.0
documents	office_fec-form3_campaign-finance_p01_page1.png	turbo	420	75	model_policy	44.042	87.708	0.6063	ImageMagick	75.0
documents	office_fec-form3_campaign-finance_p01_page1.png	turbo	420	75	model_proj	44.247	88.304	0.5427	ImageMagick	75.0
documents	office_fec-form3_campaign-finance_p01_page1.png	turbo	420	90	identity_off	47.498	89.370	0.4765	ImageMagick	90.0
documents	office_fec-form3_campaign-finance_p01_page1.png	turbo	420	90	model_policy	50.062	91.546	0.3160	ImageMagick	90.0
documents	office_fec-form3_campaign-finance_p01_page1.png	turbo	420	90	model_proj	50.464	91.934	0.2836	ImageMagick	90.0
documents	office_fec-form3_campaign-finance_p01_page1.png	turbo	444	15	identity_off	31.729	65.163	2.4185	Unknown	15.0
documents	office_fec-form3_campaign-finance_p01_page1.png	turbo	444	15	model_policy	34.679	74.841	1.8324	Unknown	15.0
documents	office_fec-form3_campaign-finance_p01_page1.png	turbo	444	15	model_proj	34.690	74.965	1.8255	Unknown	15.0
documents	office_fec-form3_campaign-finance_p01_page1.png	turbo	444	35	identity_off	34.977	72.583	1.6813	ImageMagick	35.0
documents	office_fec-form3_campaign-finance_p01_page1.png	turbo	444	35	model_policy	38.302	80.589	1.1321	ImageMagick	35.0
documents	office_fec-form3_campaign-finance_p01_page1.png	turbo	444	35	model_proj	38.380	81.363	1.0602	ImageMagick	35.0
documents	office_fec-form3_campaign-finance_p01_page1.png	turbo	444	55	identity_off	37.315	76.648	1.3381	ImageMagick	55.0
documents	office_fec-form3_campaign-finance_p01_page1.png	turbo	444	55	model_policy	40.600	83.323	0.8962	ImageMagick	55.0
documents	office_fec-form3_campaign-finance_p01_page1.png	turbo	444	55	model_proj	40.765	84.329	0.7977	ImageMagick	55.0
documents	office_fec-form3_campaign-finance_p01_page1.png	turbo	444	75	identity_off	41.018	83.205	0.9094	ImageMagick	75.0
documents	office_fec-form3_campaign-finance_p01_page1.png	turbo	444	75	model_policy	44.127	87.742	0.6043	ImageMagick	75.0
documents	office_fec-form3_campaign-finance_p01_page1.png	turbo	444	75	model_proj	44.342	88.276	0.5364	ImageMagick	75.0
documents	office_fec-form3_campaign-finance_p01_page1.png	turbo	444	90	identity_off	47.570	89.699	0.4747	ImageMagick	90.0
documents	office_fec-form3_campaign-finance_p01_page1.png	turbo	444	90	model_policy	50.165	91.709	0.3125	ImageMagick	90.0
documents	office_fec-form3_campaign-finance_p01_page1.png	turbo	444	90	model_proj	50.575	92.308	0.2820	ImageMagick	90.0
documents	office_fec-form3_campaign-finance_p01_page1.png	mozjpeg	420	15	identity_off	28.355	65.612	2.7121	Mozjpeg	15.0
documents	office_fec-form3_campaign-finance_p01_page1.png	mozjpeg	420	15	model_policy	30.726	70.459	2.4764	Mozjpeg	15.0
documents	office_fec-form3_campaign-finance_p01_page1.png	mozjpeg	420	15	model_proj	30.396	69.915	2.5832	Mozjpeg	15.0
documents	office_fec-form3_campaign-finance_p01_page1.png	mozjpeg	420	35	identity_off	31.965	76.731	1.5888	Mozjpeg	35.0
documents	office_fec-form3_campaign-finance_p01_page1.png	mozjpeg	420	35	model_policy	35.020	82.100	1.2824	Mozjpeg	35.0
documents	office_fec-form3_campaign-finance_p01_page1.png	mozjpeg	420	35	model_proj	34.441	81.632	1.4876	Mozjpeg	35.0
documents	office_fec-form3_campaign-finance_p01_page1.png	mozjpeg	420	55	identity_off	34.008	80.498	1.2386	Mozjpeg	55.0
documents	office_fec-form3_campaign-finance_p01_page1.png	mozjpeg	420	55	model_policy	37.119	84.701	0.9636	Mozjpeg	55.0
documents	office_fec-form3_campaign-finance_p01_page1.png	mozjpeg	420	55	model_proj	36.456	84.251	1.0991	Mozjpeg	55.0
documents	office_fec-form3_campaign-finance_p01_page1.png	mozjpeg	420	75	identity_off	36.191	82.397	0.9042	Mozjpeg	75.0
documents	office_fec-form3_campaign-finance_p01_page1.png	mozjpeg	420	75	model_policy	39.442	86.221	0.7339	Mozjpeg	75.0
documents	office_fec-form3_campaign-finance_p01_page1.png	mozjpeg	420	75	model_proj	39.054	86.516	0.7188	Mozjpeg	75.0
documents	office_fec-form3_campaign-finance_p01_page1.png	mozjpeg	420	90	identity_off	40.849	86.855	0.5905	Mozjpeg	90.0
documents	office_fec-form3_campaign-finance_p01_page1.png	mozjpeg	420	90	model_policy	43.963	89.302	0.4403	Mozjpeg	90.0
documents	office_fec-form3_campaign-finance_p01_page1.png	mozjpeg	420	90	model_proj	43.979	89.864	0.3734	Mozjpeg	90.0
documents	office_fec-form3_campaign-finance_p01_page1.png	mozjpeg	444	15	identity_off	28.355	65.612	2.7121	Mozjpeg	15.0
documents	office_fec-form3_campaign-finance_p01_page1.png	mozjpeg	444	15	model_policy	30.726	70.459	2.4764	Mozjpeg	15.0
documents	office_fec-form3_campaign-finance_p01_page1.png	mozjpeg	444	15	model_proj	30.396	69.915	2.5832	Mozjpeg	15.0
documents	office_fec-form3_campaign-finance_p01_page1.png	mozjpeg	444	35	identity_off	31.965	76.731	1.5888	Mozjpeg	35.0
documents	office_fec-form3_campaign-finance_p01_page1.png	mozjpeg	444	35	model_policy	35.020	82.100	1.2824	Mozjpeg	35.0
documents	office_fec-form3_campaign-finance_p01_page1.png	mozjpeg	444	35	model_proj	34.441	81.632	1.4876	Mozjpeg	35.0
documents	office_fec-form3_campaign-finance_p01_page1.png	mozjpeg	444	55	identity_off	34.004	80.087	1.2377	Mozjpeg	55.0
documents	office_fec-form3_campaign-finance_p01_page1.png	mozjpeg	444	55	model_policy	37.119	84.504	0.9612	Mozjpeg	55.0
documents	office_fec-form3_campaign-finance_p01_page1.png	mozjpeg	444	55	model_proj	36.458	84.146	1.0876	Mozjpeg	55.0
documents	office_fec-form3_campaign-finance_p01_page1.png	mozjpeg	444	75	identity_off	36.201	82.636	0.9030	Mozjpeg	75.0
documents	office_fec-form3_campaign-finance_p01_page1.png	mozjpeg	444	75	model_policy	39.467	86.273	0.7318	Mozjpeg	75.0
documents	office_fec-form3_campaign-finance_p01_page1.png	mozjpeg	444	75	model_proj	39.081	86.608	0.7119	Mozjpeg	75.0
documents	office_fec-form3_campaign-finance_p01_page1.png	mozjpeg	444	90	identity_off	40.868	87.391	0.5914	Mozjpeg	90.0
documents	office_fec-form3_campaign-finance_p01_page1.png	mozjpeg	444	90	model_policy	43.955	89.606	0.4413	Mozjpeg	90.0
documents	office_fec-form3_campaign-finance_p01_page1.png	mozjpeg	444	90	model_proj	43.983	90.124	0.3737	Mozjpeg	90.0
documents	office_fec-form3_campaign-finance_p01_page1.png	jpegli	420	15	identity_off	31.246	64.147	2.4387	CjpegliYcbcr	14.2
documents	office_fec-form3_campaign-finance_p01_page1.png	jpegli	420	15	model_policy	34.271	73.515	1.8887	CjpegliYcbcr	14.2
documents	office_fec-form3_campaign-finance_p01_page1.png	jpegli	420	15	model_proj	34.281	73.605	1.8799	CjpegliYcbcr	14.2
documents	office_fec-form3_campaign-finance_p01_page1.png	jpegli	420	35	identity_off	34.737	73.817	1.5860	CjpegliYcbcr	7.2
documents	office_fec-form3_campaign-finance_p01_page1.png	jpegli	420	35	model_policy	37.878	81.246	1.1297	CjpegliYcbcr	7.2
documents	office_fec-form3_campaign-finance_p01_page1.png	jpegli	420	35	model_proj	37.913	81.650	1.0965	CjpegliYcbcr	7.2
documents	office_fec-form3_campaign-finance_p01_page1.png	jpegli	420	55	identity_off	36.913	78.382	1.1815	CjpegliYcbcr	5.2
documents	office_fec-form3_campaign-finance_p01_page1.png	jpegli	420	55	model_policy	40.042	84.133	0.8252	CjpegliYcbcr	5.2
documents	office_fec-form3_campaign-finance_p01_page1.png	jpegli	420	55	model_proj	40.102	84.489	0.7894	CjpegliYcbcr	5.2
documents	office_fec-form3_campaign-finance_p01_page1.png	jpegli	420	75	identity_off	41.250	83.971	0.7916	CjpegliYcbcr	3.0
documents	office_fec-form3_campaign-finance_p01_page1.png	jpegli	420	75	model_policy	44.157	87.486	0.5519	CjpegliYcbcr	3.0
documents	office_fec-form3_campaign-finance_p01_page1.png	jpegli	420	75	model_proj	44.290	88.126	0.5014	CjpegliYcbcr	3.0
documents	office_fec-form3_campaign-finance_p01_page1.png	jpegli	420	90	identity_off	47.758	89.889	0.3914	CjpegliYcbcr	1.3
documents	office_fec-form3_campaign-finance_p01_page1.png	jpegli	420	90	model_policy	50.041	91.308	0.3194	CjpegliYcbcr	1.3
documents	office_fec-form3_campaign-finance_p01_page1.png	jpegli	420	90	model_proj	50.323	91.635	0.3070	CjpegliYcbcr	1.3
documents	office_fec-form3_campaign-finance_p01_page1.png	jpegli	444	15	identity_off	32.220	68.029	2.1610	CjpegliYcbcr	11.8
documents	office_fec-form3_campaign-finance_p01_page1.png	jpegli	444	15	model_policy	35.326	76.385	1.7031	CjpegliYcbcr	11.8
documents	office_fec-form3_campaign-finance_p01_page1.png	jpegli	444	15	model_proj	35.344	76.689	1.6325	CjpegliYcbcr	11.8
documents	office_fec-form3_campaign-finance_p01_page1.png	jpegli	444	35	identity_off	35.857	76.790	1.3252	CjpegliYcbcr	6.0
documents	office_fec-form3_campaign-finance_p01_page1.png	jpegli	444	35	model_policy	39.029	83.196	1.0081	CjpegliYcbcr	6.0
documents	office_fec-form3_campaign-finance_p01_page1.png	jpegli	444	35	model_proj	39.075	83.533	0.9889	CjpegliYcbcr	6.0
documents	office_fec-form3_campaign-finance_p01_page1.png	jpegli	444	55	identity_off	38.309	80.852	1.0268	CjpegliYcbcr	4.1
documents	office_fec-form3_campaign-finance_p01_page1.png	jpegli	444	55	model_policy	41.392	85.709	0.7090	CjpegliYcbcr	4.1
documents	office_fec-form3_campaign-finance_p01_page1.png	jpegli	444	55	model_proj	41.463	86.136	0.6735	CjpegliYcbcr	4.1
documents	office_fec-form3_campaign-finance_p01_page1.png	jpegli	444	75	identity_off	42.596	84.982	0.6473	CjpegliYcbcr	2.3
documents	office_fec-form3_campaign-finance_p01_page1.png	jpegli	444	75	model_policy	45.406	88.119	0.4496	CjpegliYcbcr	2.3
documents	office_fec-form3_campaign-finance_p01_page1.png	jpegli	444	75	model_proj	45.509	88.235	0.4301	CjpegliYcbcr	2.3
documents	office_fec-form3_campaign-finance_p01_page1.png	jpegli	444	90	identity_off	49.257	90.070	0.3469	CjpegliYcbcr	1.1
documents	office_fec-form3_campaign-finance_p01_page1.png	jpegli	444	90	model_policy	51.373	91.311	0.2745	CjpegliYcbcr	1.1
documents	office_fec-form3_campaign-finance_p01_page1.png	jpegli	444	90	model_proj	51.788	91.911	0.2506	CjpegliYcbcr	1.1
documents	office_fec-form3_campaign-finance_p01_page1.png	zenjpeg	420	15	identity_off	32.562	76.337	1.7750	CjpegliYcbcr	14.2
documents	office_fec-form3_campaign-finance_p01_page1.png	zenjpeg	420	15	model_policy	35.377	81.358	1.5318	CjpegliYcbcr	14.2
documents	office_fec-form3_campaign-finance_p01_page1.png	zenjpeg	420	15	model_proj	34.726	80.154	1.7043	CjpegliYcbcr	14.2
documents	office_fec-form3_campaign-finance_p01_page1.png	zenjpeg	420	35	identity_off	36.087	81.651	1.0991	CjpegliYcbcr	7.2
documents	office_fec-form3_campaign-finance_p01_page1.png	zenjpeg	420	35	model_policy	38.898	86.153	0.8911	CjpegliYcbcr	7.2
documents	office_fec-form3_campaign-finance_p01_page1.png	zenjpeg	420	35	model_proj	37.431	84.139	1.3199	CjpegliYcbcr	7.2
documents	office_fec-form3_campaign-finance_p01_page1.png	zenjpeg	420	55	identity_off	38.203	84.023	0.8886	CjpegliYcbcr	5.2
documents	office_fec-form3_campaign-finance_p01_page1.png	zenjpeg	420	55	model_policy	41.031	87.516	0.6748	CjpegliYcbcr	5.2
documents	office_fec-form3_campaign-finance_p01_page1.png	zenjpeg	420	55	model_proj	39.757	86.445	1.0403	CjpegliYcbcr	5.2
documents	office_fec-form3_campaign-finance_p01_page1.png	zenjpeg	420	75	identity_off	42.510	87.003	0.5416	CjpegliYcbcr	3.0
documents	office_fec-form3_campaign-finance_p01_page1.png	zenjpeg	420	75	model_policy	44.977	89.452	0.4074	CjpegliYcbcr	3.0
documents	office_fec-form3_campaign-finance_p01_page1.png	zenjpeg	420	75	model_proj	43.817	89.392	0.5947	CjpegliYcbcr	3.0
documents	office_fec-form3_campaign-finance_p01_page1.png	zenjpeg	420	90	identity_off	49.100	91.354	0.2807	CjpegliYcbcr	1.3
documents	office_fec-form3_campaign-finance_p01_page1.png	zenjpeg	420	90	model_policy	50.680	92.198	0.2825	CjpegliYcbcr	1.3
documents	office_fec-form3_campaign-finance_p01_page1.png	zenjpeg	420	90	model_proj	49.469	92.195	0.3443	CjpegliYcbcr	1.3
documents	office_fec-form3_campaign-finance_p01_page1.png	zenjpeg	444	15	identity_off	33.405	77.727	1.4710	CjpegliYcbcr	11.8
documents	office_fec-form3_campaign-finance_p01_page1.png	zenjpeg	444	15	model_policy	36.228	82.324	1.3775	CjpegliYcbcr	11.8
documents	office_fec-form3_campaign-finance_p01_page1.png	zenjpeg	444	15	model_proj	35.499	81.009	1.6420	CjpegliYcbcr	11.8
documents	office_fec-form3_campaign-finance_p01_page1.png	zenjpeg	444	35	identity_off	37.292	83.141	0.9483	CjpegliYcbcr	6.0
documents	office_fec-form3_campaign-finance_p01_page1.png	zenjpeg	444	35	model_policy	40.085	87.193	0.7562	CjpegliYcbcr	6.0
documents	office_fec-form3_campaign-finance_p01_page1.png	zenjpeg	444	35	model_proj	38.811	85.912	1.0657	CjpegliYcbcr	6.0
documents	office_fec-form3_campaign-finance_p01_page1.png	zenjpeg	444	55	identity_off	39.519	85.581	0.7406	CjpegliYcbcr	4.1
documents	office_fec-form3_campaign-finance_p01_page1.png	zenjpeg	444	55	model_policy	42.225	88.798	0.5517	CjpegliYcbcr	4.1
documents	office_fec-form3_campaign-finance_p01_page1.png	zenjpeg	444	55	model_proj	41.045	87.768	0.8811	CjpegliYcbcr	4.1
documents	office_fec-form3_campaign-finance_p01_page1.png	zenjpeg	444	75	identity_off	43.841	87.712	0.4667	CjpegliYcbcr	2.3
documents	office_fec-form3_campaign-finance_p01_page1.png	zenjpeg	444	75	model_policy	46.187	89.939	0.3561	CjpegliYcbcr	2.3
documents	office_fec-form3_campaign-finance_p01_page1.png	zenjpeg	444	75	model_proj	45.101	89.826	0.5650	CjpegliYcbcr	2.3
documents	office_fec-form3_campaign-finance_p01_page1.png	zenjpeg	444	90	identity_off	50.390	90.831	0.2467	CjpegliYcbcr	1.1
documents	office_fec-form3_campaign-finance_p01_page1.png	zenjpeg	444	90	model_policy	51.866	91.643	0.2476	CjpegliYcbcr	1.1
documents	office_fec-form3_campaign-finance_p01_page1.png	zenjpeg	444	90	model_proj	51.284	92.151	0.2902	CjpegliYcbcr	1.1
documents	office_fedreg-2026-10621_rule_p01_page1.png	turbo	420	15	identity_off	24.604	46.880	3.9101	Unknown	15.0
documents	office_fedreg-2026-10621_rule_p01_page1.png	turbo	420	15	model_policy	27.390	61.802	3.0083	Unknown	15.0
documents	office_fedreg-2026-10621_rule_p01_page1.png	turbo	420	15	model_proj	27.480	62.492	2.9503	Unknown	15.0
documents	office_fedreg-2026-10621_rule_p01_page1.png	turbo	420	35	identity_off	28.511	61.906	2.3780	ImageMagick	35.0
documents	office_fedreg-2026-10621_rule_p01_page1.png	turbo	420	35	model_policy	31.416	73.199	1.6960	ImageMagick	35.0
documents	office_fedreg-2026-10621_rule_p01_page1.png	turbo	420	35	model_proj	31.669	74.712	1.5978	ImageMagick	35.0
documents	office_fedreg-2026-10621_rule_p01_page1.png	turbo	420	55	identity_off	30.989	70.182	1.8355	ImageMagick	55.0
documents	office_fedreg-2026-10621_rule_p01_page1.png	turbo	420	55	model_policy	33.876	79.259	1.2717	ImageMagick	55.0
documents	office_fedreg-2026-10621_rule_p01_page1.png	turbo	420	55	model_proj	34.222	80.842	1.1553	ImageMagick	55.0
documents	office_fedreg-2026-10621_rule_p01_page1.png	turbo	420	75	identity_off	34.670	79.240	1.2294	ImageMagick	75.0
documents	office_fedreg-2026-10621_rule_p01_page1.png	turbo	420	75	model_policy	37.444	85.550	0.8292	ImageMagick	75.0
documents	office_fedreg-2026-10621_rule_p01_page1.png	turbo	420	75	model_proj	37.847	86.818	0.7327	ImageMagick	75.0
documents	office_fedreg-2026-10621_rule_p01_page1.png	turbo	420	90	identity_off	41.705	89.733	0.5912	ImageMagick	90.0
documents	office_fedreg-2026-10621_rule_p01_page1.png	turbo	420	90	model_policy	43.838	91.999	0.4093	ImageMagick	90.0
documents	office_fedreg-2026-10621_rule_p01_page1.png	turbo	420	90	model_proj	44.204	92.269	0.3717	ImageMagick	90.0
documents	office_fedreg-2026-10621_rule_p01_page1.png	turbo	444	15	identity_off	24.604	46.880	3.9101	Unknown	15.0
documents	office_fedreg-2026-10621_rule_p01_page1.png	turbo	444	15	model_policy	27.390	61.802	3.0083	Unknown	15.0
documents	office_fedreg-2026-10621_rule_p01_page1.png	turbo	444	15	model_proj	27.480	62.492	2.9503	Unknown	15.0
documents	office_fedreg-2026-10621_rule_p01_page1.png	turbo	444	35	identity_off	28.511	61.906	2.3780	ImageMagick	35.0
documents	office_fedreg-2026-10621_rule_p01_page1.png	turbo	444	35	model_policy	31.416	73.199	1.6960	ImageMagick	35.0
documents	office_fedreg-2026-10621_rule_p01_page1.png	turbo	444	35	model_proj	31.669	74.712	1.5978	ImageMagick	35.0
documents	office_fedreg-2026-10621_rule_p01_page1.png	turbo	444	55	identity_off	30.989	70.182	1.8355	ImageMagick	55.0
documents	office_fedreg-2026-10621_rule_p01_page1.png	turbo	444	55	model_policy	33.876	79.259	1.2717	ImageMagick	55.0
documents	office_fedreg-2026-10621_rule_p01_page1.png	turbo	444	55	model_proj	34.222	80.842	1.1553	ImageMagick	55.0
documents	office_fedreg-2026-10621_rule_p01_page1.png	turbo	444	75	identity_off	34.670	79.240	1.2294	ImageMagick	75.0
documents	office_fedreg-2026-10621_rule_p01_page1.png	turbo	444	75	model_policy	37.444	85.550	0.8292	ImageMagick	75.0
documents	office_fedreg-2026-10621_rule_p01_page1.png	turbo	444	75	model_proj	37.847	86.818	0.7327	ImageMagick	75.0
documents	office_fedreg-2026-10621_rule_p01_page1.png	turbo	444	90	identity_off	41.705	89.733	0.5912	ImageMagick	90.0
documents	office_fedreg-2026-10621_rule_p01_page1.png	turbo	444	90	model_policy	43.838	91.999	0.4093	ImageMagick	90.0
documents	office_fedreg-2026-10621_rule_p01_page1.png	turbo	444	90	model_proj	44.204	92.321	0.3717	ImageMagick	90.0
documents	office_fedreg-2026-10621_rule_p01_page1.png	mozjpeg	420	15	identity_off	20.748	43.436	4.7029	Mozjpeg	15.0
documents	office_fedreg-2026-10621_rule_p01_page1.png	mozjpeg	420	15	model_policy	22.919	52.979	4.1308	Mozjpeg	15.0
documents	office_fedreg-2026-10621_rule_p01_page1.png	mozjpeg	420	15	model_proj	22.848	58.611	3.4032	Mozjpeg	15.0
documents	office_fedreg-2026-10621_rule_p01_page1.png	mozjpeg	420	35	identity_off	24.575	62.562	3.4528	Mozjpeg	35.0
documents	office_fedreg-2026-10621_rule_p01_page1.png	mozjpeg	420	35	model_policy	27.145	70.385	2.8775	Mozjpeg	35.0
documents	office_fedreg-2026-10621_rule_p01_page1.png	mozjpeg	420	35	model_proj	27.229	75.543	2.0401	Mozjpeg	35.0
documents	office_fedreg-2026-10621_rule_p01_page1.png	mozjpeg	420	55	identity_off	26.390	69.293	2.7881	Mozjpeg	55.0
documents	office_fedreg-2026-10621_rule_p01_page1.png	mozjpeg	420	55	model_policy	29.006	75.734	2.2800	Mozjpeg	55.0
documents	office_fedreg-2026-10621_rule_p01_page1.png	mozjpeg	420	55	model_proj	29.122	79.475	1.6585	Mozjpeg	55.0
documents	office_fedreg-2026-10621_rule_p01_page1.png	mozjpeg	420	75	identity_off	29.421	77.053	1.8898	Mozjpeg	75.0
documents	office_fedreg-2026-10621_rule_p01_page1.png	mozjpeg	420	75	model_policy	32.182	82.133	1.4986	Mozjpeg	75.0
documents	office_fedreg-2026-10621_rule_p01_page1.png	mozjpeg	420	75	model_proj	32.463	84.552	1.1072	Mozjpeg	75.0
documents	office_fedreg-2026-10621_rule_p01_page1.png	mozjpeg	420	90	identity_off	34.073	84.768	1.1406	Mozjpeg	90.0
documents	office_fedreg-2026-10621_rule_p01_page1.png	mozjpeg	420	90	model_policy	36.751	87.953	0.8667	Mozjpeg	90.0
documents	office_fedreg-2026-10621_rule_p01_page1.png	mozjpeg	420	90	model_proj	37.193	88.966	0.6663	Mozjpeg	90.0
documents	office_fedreg-2026-10621_rule_p01_page1.png	mozjpeg	444	15	identity_off	20.748	43.438	4.7031	Mozjpeg	15.0
documents	office_fedreg-2026-10621_rule_p01_page1.png	mozjpeg	444	15	model_policy	22.920	52.975	4.1311	Mozjpeg	15.0
documents	office_fedreg-2026-10621_rule_p01_page1.png	mozjpeg	444	15	model_proj	22.849	58.613	3.4035	Mozjpeg	15.0
documents	office_fedreg-2026-10621_rule_p01_page1.png	mozjpeg	444	35	identity_off	24.575	62.564	3.4531	Mozjpeg	35.0
documents	office_fedreg-2026-10621_rule_p01_page1.png	mozjpeg	444	35	model_policy	27.145	70.393	2.8779	Mozjpeg	35.0
documents	office_fedreg-2026-10621_rule_p01_page1.png	mozjpeg	444	35	model_proj	27.229	75.553	2.0400	Mozjpeg	35.0
documents	office_fedreg-2026-10621_rule_p01_page1.png	mozjpeg	444	55	identity_off	26.390	69.287	2.7882	Mozjpeg	55.0
documents	office_fedreg-2026-10621_rule_p01_page1.png	mozjpeg	444	55	model_policy	29.006	75.735	2.2802	Mozjpeg	55.0
documents	office_fedreg-2026-10621_rule_p01_page1.png	mozjpeg	444	55	model_proj	29.122	79.476	1.6586	Mozjpeg	55.0
documents	office_fedreg-2026-10621_rule_p01_page1.png	mozjpeg	444	75	identity_off	29.421	77.062	1.8898	Mozjpeg	75.0
documents	office_fedreg-2026-10621_rule_p01_page1.png	mozjpeg	444	75	model_policy	32.182	82.125	1.4986	Mozjpeg	75.0
documents	office_fedreg-2026-10621_rule_p01_page1.png	mozjpeg	444	75	model_proj	32.464	84.548	1.1072	Mozjpeg	75.0
documents	office_fedreg-2026-10621_rule_p01_page1.png	mozjpeg	444	90	identity_off	34.073	84.768	1.1406	Mozjpeg	90.0
documents	office_fedreg-2026-10621_rule_p01_page1.png	mozjpeg	444	90	model_policy	36.751	87.953	0.8667	Mozjpeg	90.0
documents	office_fedreg-2026-10621_rule_p01_page1.png	mozjpeg	444	90	model_proj	37.193	88.981	0.6663	Mozjpeg	90.0
documents	office_fedreg-2026-10621_rule_p01_page1.png	jpegli	420	15	identity_off	23.997	44.371	4.0790	CjpegliYcbcr	14.2
documents	office_fedreg-2026-10621_rule_p01_page1.png	jpegli	420	15	model_policy	26.648	58.226	3.3351	CjpegliYcbcr	14.2
documents	office_fedreg-2026-10621_rule_p01_page1.png	jpegli	420	15	model_proj	26.700	58.988	3.2360	CjpegliYcbcr	14.2
documents	office_fedreg-2026-10621_rule_p01_page1.png	jpegli	420	35	identity_off	28.016	63.341	2.3834	CjpegliYcbcr	7.2
documents	office_fedreg-2026-10621_rule_p01_page1.png	jpegli	420	35	model_policy	30.771	73.579	1.8020	CjpegliYcbcr	7.2
documents	office_fedreg-2026-10621_rule_p01_page1.png	jpegli	420	35	model_proj	30.873	74.405	1.7316	CjpegliYcbcr	7.2
documents	office_fedreg-2026-10621_rule_p01_page1.png	jpegli	420	55	identity_off	30.475	71.155	1.7449	CjpegliYcbcr	5.2
documents	office_fedreg-2026-10621_rule_p01_page1.png	jpegli	420	55	model_policy	33.211	79.407	1.2873	CjpegliYcbcr	5.2
documents	office_fedreg-2026-10621_rule_p01_page1.png	jpegli	420	55	model_proj	33.333	80.193	1.2234	CjpegliYcbcr	5.2
documents	office_fedreg-2026-10621_rule_p01_page1.png	jpegli	420	75	identity_off	34.949	81.628	1.0417	CjpegliYcbcr	3.0
documents	office_fedreg-2026-10621_rule_p01_page1.png	jpegli	420	75	model_policy	37.495	86.605	0.7627	CjpegliYcbcr	3.0
documents	office_fedreg-2026-10621_rule_p01_page1.png	jpegli	420	75	model_proj	37.629	87.118	0.7196	CjpegliYcbcr	3.0
documents	office_fedreg-2026-10621_rule_p01_page1.png	jpegli	420	90	identity_off	41.830	90.672	0.4816	CjpegliYcbcr	1.3
documents	office_fedreg-2026-10621_rule_p01_page1.png	jpegli	420	90	model_policy	43.717	92.217	0.3579	CjpegliYcbcr	1.3
documents	office_fedreg-2026-10621_rule_p01_page1.png	jpegli	420	90	model_proj	43.893	92.051	0.3501	CjpegliYcbcr	1.3
documents	office_fedreg-2026-10621_rule_p01_page1.png	jpegli	444	15	identity_off	25.108	50.698	3.5873	CjpegliYcbcr	11.8
documents	office_fedreg-2026-10621_rule_p01_page1.png	jpegli	444	15	model_policy	27.804	63.472	2.8455	CjpegliYcbcr	11.8
documents	office_fedreg-2026-10621_rule_p01_page1.png	jpegli	444	15	model_proj	27.873	64.275	2.7710	CjpegliYcbcr	11.8
documents	office_fedreg-2026-10621_rule_p01_page1.png	jpegli	444	35	identity_off	29.370	68.104	1.9939	CjpegliYcbcr	6.0
documents	office_fedreg-2026-10621_rule_p01_page1.png	jpegli	444	35	model_policy	32.127	77.135	1.4794	CjpegliYcbcr	6.0
documents	office_fedreg-2026-10621_rule_p01_page1.png	jpegli	444	35	model_proj	32.244	77.915	1.4143	CjpegliYcbcr	6.0
documents	office_fedreg-2026-10621_rule_p01_page1.png	jpegli	444	55	identity_off	32.010	75.383	1.4389	CjpegliYcbcr	4.1
documents	office_fedreg-2026-10621_rule_p01_page1.png	jpegli	444	55	model_policy	34.714	82.407	1.0379	CjpegliYcbcr	4.1
documents	office_fedreg-2026-10621_rule_p01_page1.png	jpegli	444	55	model_proj	34.845	83.110	0.9905	CjpegliYcbcr	4.1
documents	office_fedreg-2026-10621_rule_p01_page1.png	jpegli	444	75	identity_off	36.423	84.330	0.8671	CjpegliYcbcr	2.3
documents	office_fedreg-2026-10621_rule_p01_page1.png	jpegli	444	75	model_policy	38.868	88.299	0.6245	CjpegliYcbcr	2.3
documents	office_fedreg-2026-10621_rule_p01_page1.png	jpegli	444	75	model_proj	39.012	88.747	0.5927	CjpegliYcbcr	2.3
documents	office_fedreg-2026-10621_rule_p01_page1.png	jpegli	444	90	identity_off	43.582	91.866	0.4067	CjpegliYcbcr	1.1
documents	office_fedreg-2026-10621_rule_p01_page1.png	jpegli	444	90	model_policy	45.256	93.006	0.3065	CjpegliYcbcr	1.1
documents	office_fedreg-2026-10621_rule_p01_page1.png	jpegli	444	90	model_proj	45.413	93.107	0.2936	CjpegliYcbcr	1.1
documents	office_fedreg-2026-10621_rule_p01_page1.png	zenjpeg	420	15	identity_off	25.414	65.887	2.8894	CjpegliYcbcr	14.2
documents	office_fedreg-2026-10621_rule_p01_page1.png	zenjpeg	420	15	model_policy	27.771	72.762	2.4529	CjpegliYcbcr	14.2
documents	office_fedreg-2026-10621_rule_p01_page1.png	zenjpeg	420	15	model_proj	27.590	76.615	1.8480	CjpegliYcbcr	14.2
documents	office_fedreg-2026-10621_rule_p01_page1.png	zenjpeg	420	35	identity_off	29.686	78.269	1.5718	CjpegliYcbcr	7.2
documents	office_fedreg-2026-10621_rule_p01_page1.png	zenjpeg	420	35	model_policy	31.943	82.700	1.2840	CjpegliYcbcr	7.2
documents	office_fedreg-2026-10621_rule_p01_page1.png	zenjpeg	420	35	model_proj	31.225	83.393	1.2486	CjpegliYcbcr	7.2
documents	office_fedreg-2026-10621_rule_p01_page1.png	zenjpeg	420	55	identity_off	32.057	82.520	1.1839	CjpegliYcbcr	5.2
documents	office_fedreg-2026-10621_rule_p01_page1.png	zenjpeg	420	55	model_policy	34.252	86.036	0.9737	CjpegliYcbcr	5.2
documents	office_fedreg-2026-10621_rule_p01_page1.png	zenjpeg	420	55	model_proj	33.562	86.565	0.9424	CjpegliYcbcr	5.2
documents	office_fedreg-2026-10621_rule_p01_page1.png	zenjpeg	420	75	identity_off	36.546	88.177	0.6697	CjpegliYcbcr	3.0
documents	office_fedreg-2026-10621_rule_p01_page1.png	zenjpeg	420	75	model_policy	38.248	89.921	0.5722	CjpegliYcbcr	3.0
documents	office_fedreg-2026-10621_rule_p01_page1.png	zenjpeg	420	75	model_proj	37.458	90.123	0.6292	CjpegliYcbcr	3.0
documents	office_fedreg-2026-10621_rule_p01_page1.png	zenjpeg	420	90	identity_off	43.748	93.086	0.2829	CjpegliYcbcr	1.3
documents	office_fedreg-2026-10621_rule_p01_page1.png	zenjpeg	420	90	model_policy	44.503	93.328	0.2768	CjpegliYcbcr	1.3
documents	office_fedreg-2026-10621_rule_p01_page1.png	zenjpeg	420	90	model_proj	43.386	93.051	0.3503	CjpegliYcbcr	1.3
documents	office_fedreg-2026-10621_rule_p01_page1.png	zenjpeg	444	15	identity_off	26.645	70.488	2.4773	CjpegliYcbcr	11.8
documents	office_fedreg-2026-10621_rule_p01_page1.png	zenjpeg	444	15	model_policy	28.989	76.429	2.0874	CjpegliYcbcr	11.8
documents	office_fedreg-2026-10621_rule_p01_page1.png	zenjpeg	444	15	model_proj	28.709	79.313	1.5973	CjpegliYcbcr	11.8
documents	office_fedreg-2026-10621_rule_p01_page1.png	zenjpeg	444	35	identity_off	30.970	80.694	1.3721	CjpegliYcbcr	6.0
documents	office_fedreg-2026-10621_rule_p01_page1.png	zenjpeg	444	35	model_policy	33.221	84.681	1.1244	CjpegliYcbcr	6.0
documents	office_fedreg-2026-10621_rule_p01_page1.png	zenjpeg	444	35	model_proj	32.604	85.379	1.0435	CjpegliYcbcr	6.0
documents	office_fedreg-2026-10621_rule_p01_page1.png	zenjpeg	444	55	identity_off	33.568	84.860	0.9905	CjpegliYcbcr	4.1
documents	office_fedreg-2026-10621_rule_p01_page1.png	zenjpeg	444	55	model_policy	35.655	87.667	0.8004	CjpegliYcbcr	4.1
documents	office_fedreg-2026-10621_rule_p01_page1.png	zenjpeg	444	55	model_proj	34.963	88.023	0.8207	CjpegliYcbcr	4.1
documents	office_fedreg-2026-10621_rule_p01_page1.png	zenjpeg	444	75	identity_off	38.067	89.533	0.5587	CjpegliYcbcr	2.3
documents	office_fedreg-2026-10621_rule_p01_page1.png	zenjpeg	444	75	model_policy	39.566	90.913	0.4807	CjpegliYcbcr	2.3
documents	office_fedreg-2026-10621_rule_p01_page1.png	zenjpeg	444	75	model_proj	38.857	91.097	0.5411	CjpegliYcbcr	2.3
documents	office_fedreg-2026-10621_rule_p01_page1.png	zenjpeg	444	90	identity_off	45.493	93.729	0.2382	CjpegliYcbcr	1.1
documents	office_fedreg-2026-10621_rule_p01_page1.png	zenjpeg	444	90	model_policy	46.149	93.757	0.2352	CjpegliYcbcr	1.1
documents	office_fedreg-2026-10621_rule_p01_page1.png	zenjpeg	444	90	model_proj	45.394	93.729	0.2803	CjpegliYcbcr	1.1
art-scans	haeckel_0007_cephalopods.png	turbo	420	15	identity_off	28.866	41.384	3.2113	Unknown	15.0
art-scans	haeckel_0007_cephalopods.png	turbo	420	15	model_policy	29.479	47.372	3.1542	Unknown	15.0
art-scans	haeckel_0007_cephalopods.png	turbo	420	15	model_proj	29.483	47.518	3.1352	Unknown	15.0
art-scans	haeckel_0007_cephalopods.png	turbo	420	35	identity_off	31.617	66.506	1.9847	ImageMagick	35.0
art-scans	haeckel_0007_cephalopods.png	turbo	420	35	model_policy	32.133	68.554	1.9631	ImageMagick	35.0
art-scans	haeckel_0007_cephalopods.png	turbo	420	35	model_proj	32.133	68.594	1.9627	ImageMagick	35.0
art-scans	haeckel_0007_cephalopods.png	turbo	420	55	identity_off	33.045	73.325	1.4159	ImageMagick	55.0
art-scans	haeckel_0007_cephalopods.png	turbo	420	55	model_policy	33.470	74.663	1.3747	ImageMagick	55.0
art-scans	haeckel_0007_cephalopods.png	turbo	420	55	model_proj	33.471	74.603	1.3741	ImageMagick	55.0
art-scans	haeckel_0007_cephalopods.png	turbo	420	75	identity_off	34.951	79.993	1.0860	ImageMagick	75.0
art-scans	haeckel_0007_cephalopods.png	turbo	420	75	model_policy	35.267	80.477	1.0776	ImageMagick	75.0
art-scans	haeckel_0007_cephalopods.png	turbo	420	75	model_proj	35.276	80.554	1.0690	ImageMagick	75.0
art-scans	haeckel_0007_cephalopods.png	turbo	420	90	identity_off	38.299	86.422	0.8286	ImageMagick	90.0
art-scans	haeckel_0007_cephalopods.png	turbo	420	90	model_policy	38.405	86.310	0.8261	ImageMagick	90.0
art-scans	haeckel_0007_cephalopods.png	turbo	420	90	model_proj	38.508	86.660	0.7369	ImageMagick	90.0
art-scans	haeckel_0007_cephalopods.png	turbo	444	15	identity_off	30.065	48.917	2.5778	Unknown	15.0
art-scans	haeckel_0007_cephalopods.png	turbo	444	15	model_policy	30.958	55.087	2.4720	Unknown	15.0
art-scans	haeckel_0007_cephalopods.png	turbo	444	15	model_proj	30.965	55.278	2.4473	Unknown	15.0
art-scans	haeckel_0007_cephalopods.png	turbo	444	35	identity_off	33.782	73.299	1.3937	ImageMagick	35.0
art-scans	haeckel_0007_cephalopods.png	turbo	444	35	model_policy	34.574	74.928	1.3017	ImageMagick	35.0
art-scans	haeckel_0007_cephalopods.png	turbo	444	35	model_proj	34.588	75.070	1.2995	ImageMagick	35.0
art-scans	haeckel_0007_cephalopods.png	turbo	444	55	identity_off	35.639	78.989	1.1017	ImageMagick	55.0
art-scans	haeckel_0007_cephalopods.png	turbo	444	55	model_policy	36.295	80.018	1.0463	ImageMagick	55.0
art-scans	haeckel_0007_cephalopods.png	turbo	444	55	model_proj	36.322	80.183	1.0430	ImageMagick	55.0
art-scans	haeckel_0007_cephalopods.png	turbo	444	75	identity_off	37.946	84.382	0.8018	ImageMagick	75.0
art-scans	haeckel_0007_cephalopods.png	turbo	444	75	model_policy	38.459	84.724	0.8484	ImageMagick	75.0
art-scans	haeckel_0007_cephalopods.png	turbo	444	75	model_proj	38.524	85.070	0.7962	ImageMagick	75.0
art-scans	haeckel_0007_cephalopods.png	turbo	444	90	identity_off	41.948	89.487	0.5267	ImageMagick	90.0
art-scans	haeckel_0007_cephalopods.png	turbo	444	90	model_policy	42.230	89.212	0.5728	ImageMagick	90.0
art-scans	haeckel_0007_cephalopods.png	turbo	444	90	model_proj	42.384	89.557	0.5242	ImageMagick	90.0
art-scans	haeckel_0007_cephalopods.png	mozjpeg	420	15	identity_off	27.825	37.427	3.3416	Mozjpeg	15.0
art-scans	haeckel_0007_cephalopods.png	mozjpeg	420	15	model_policy	28.498	42.060	3.2783	Mozjpeg	15.0
art-scans	haeckel_0007_cephalopods.png	mozjpeg	420	15	model_proj	28.498	42.066	3.2783	Mozjpeg	15.0
art-scans	haeckel_0007_cephalopods.png	mozjpeg	420	35	identity_off	31.359	64.085	1.8816	Mozjpeg	35.0
art-scans	haeckel_0007_cephalopods.png	mozjpeg	420	35	model_policy	31.903	65.634	1.8503	Mozjpeg	35.0
art-scans	haeckel_0007_cephalopods.png	mozjpeg	420	35	model_proj	31.904	65.618	1.8502	Mozjpeg	35.0
art-scans	haeckel_0007_cephalopods.png	mozjpeg	420	55	identity_off	33.249	72.995	1.4654	Mozjpeg	55.0
art-scans	haeckel_0007_cephalopods.png	mozjpeg	420	55	model_policy	33.651	73.696	1.4440	Mozjpeg	55.0
art-scans	haeckel_0007_cephalopods.png	mozjpeg	420	55	model_proj	33.652	73.700	1.4425	Mozjpeg	55.0
art-scans	haeckel_0007_cephalopods.png	mozjpeg	420	75	identity_off	35.451	80.435	1.1200	Mozjpeg	75.0
art-scans	haeckel_0007_cephalopods.png	mozjpeg	420	75	model_policy	35.655	80.399	1.1186	Mozjpeg	75.0
art-scans	haeckel_0007_cephalopods.png	mozjpeg	420	75	model_proj	35.676	80.480	1.0878	Mozjpeg	75.0
art-scans	haeckel_0007_cephalopods.png	mozjpeg	420	90	identity_off	38.521	86.254	0.8873	Mozjpeg	90.0
art-scans	haeckel_0007_cephalopods.png	mozjpeg	420	90	model_policy	38.426	85.729	0.8980	Mozjpeg	90.0
art-scans	haeckel_0007_cephalopods.png	mozjpeg	420	90	model_proj	38.655	86.337	0.7601	Mozjpeg	90.0
art-scans	haeckel_0007_cephalopods.png	mozjpeg	444	15	identity_off	28.773	43.688	3.1117	Mozjpeg	15.0
art-scans	haeckel_0007_cephalopods.png	mozjpeg	444	15	model_policy	29.560	47.776	3.0748	Mozjpeg	15.0
art-scans	haeckel_0007_cephalopods.png	mozjpeg	444	15	model_proj	29.561	47.808	3.0747	Mozjpeg	15.0
art-scans	haeckel_0007_cephalopods.png	mozjpeg	444	35	identity_off	32.857	69.148	1.6930	Mozjpeg	35.0
art-scans	haeckel_0007_cephalopods.png	mozjpeg	444	35	model_policy	33.486	70.225	1.6179	Mozjpeg	35.0
art-scans	haeckel_0007_cephalopods.png	mozjpeg	444	35	model_proj	33.495	70.225	1.6168	Mozjpeg	35.0
art-scans	haeckel_0007_cephalopods.png	mozjpeg	444	55	identity_off	35.075	76.757	1.2611	Mozjpeg	55.0
art-scans	haeckel_0007_cephalopods.png	mozjpeg	444	55	model_policy	35.567	77.269	1.2115	Mozjpeg	55.0
art-scans	haeckel_0007_cephalopods.png	mozjpeg	444	55	model_proj	35.591	77.338	1.2085	Mozjpeg	55.0
art-scans	haeckel_0007_cephalopods.png	mozjpeg	444	75	identity_off	37.724	83.287	0.8942	Mozjpeg	75.0
art-scans	haeckel_0007_cephalopods.png	mozjpeg	444	75	model_policy	38.002	83.075	0.8738	Mozjpeg	75.0
art-scans	haeckel_0007_cephalopods.png	mozjpeg	444	75	model_proj	38.068	83.461	0.8579	Mozjpeg	75.0
art-scans	haeckel_0007_cephalopods.png	mozjpeg	444	90	identity_off	42.011	88.810	0.5735	Mozjpeg	90.0
art-scans	haeckel_0007_cephalopods.png	mozjpeg	444	90	model_policy	41.843	88.113	0.6515	Mozjpeg	90.0
art-scans	haeckel_0007_cephalopods.png	mozjpeg	444	90	model_proj	42.063	88.608	0.5767	Mozjpeg	90.0
art-scans	haeckel_0007_cephalopods.png	jpegli	420	15	identity_off	29.486	57.134	2.3168	CjpegliYcbcr	14.2
art-scans	haeckel_0007_cephalopods.png	jpegli	420	15	model_policy	30.120	59.014	2.2562	CjpegliYcbcr	14.2
art-scans	haeckel_0007_cephalopods.png	jpegli	420	15	model_proj	30.120	58.983	2.2561	CjpegliYcbcr	14.2
art-scans	haeckel_0007_cephalopods.png	jpegli	420	35	identity_off	31.761	70.286	1.5999	CjpegliYcbcr	7.2
art-scans	haeckel_0007_cephalopods.png	jpegli	420	35	model_policy	32.257	71.179	1.5596	CjpegliYcbcr	7.2
art-scans	haeckel_0007_cephalopods.png	jpegli	420	35	model_proj	32.259	71.274	1.5559	CjpegliYcbcr	7.2
art-scans	haeckel_0007_cephalopods.png	jpegli	420	55	identity_off	33.056	75.019	1.3540	CjpegliYcbcr	5.2
art-scans	haeckel_0007_cephalopods.png	jpegli	420	55	model_policy	33.469	75.376	1.3185	CjpegliYcbcr	5.2
art-scans	haeckel_0007_cephalopods.png	jpegli	420	55	model_proj	33.478	75.447	1.2939	CjpegliYcbcr	5.2
art-scans	haeckel_0007_cephalopods.png	jpegli	420	75	identity_off	35.137	80.444	1.0858	CjpegliYcbcr	3.0
art-scans	haeckel_0007_cephalopods.png	jpegli	420	75	model_policy	35.360	80.650	1.0775	CjpegliYcbcr	3.0
art-scans	haeckel_0007_cephalopods.png	jpegli	420	75	model_proj	35.409	80.885	0.9854	CjpegliYcbcr	3.0
art-scans	haeckel_0007_cephalopods.png	jpegli	420	90	identity_off	38.188	85.816	0.8607	CjpegliYcbcr	1.3
art-scans	haeckel_0007_cephalopods.png	jpegli	420	90	model_policy	38.137	85.572	0.8746	CjpegliYcbcr	1.3
art-scans	haeckel_0007_cephalopods.png	jpegli	420	90	model_proj	38.383	86.590	0.7106	CjpegliYcbcr	1.3
art-scans	haeckel_0007_cephalopods.png	jpegli	444	15	identity_off	29.711	57.688	2.3596	CjpegliYcbcr	11.8
art-scans	haeckel_0007_cephalopods.png	jpegli	444	15	model_policy	30.600	60.581	2.1939	CjpegliYcbcr	11.8
art-scans	haeckel_0007_cephalopods.png	jpegli	444	15	model_proj	30.602	60.661	2.1914	CjpegliYcbcr	11.8
art-scans	haeckel_0007_cephalopods.png	jpegli	444	35	identity_off	32.497	72.976	1.4589	CjpegliYcbcr	6.0
art-scans	haeckel_0007_cephalopods.png	jpegli	444	35	model_policy	33.258	73.469	1.3850	CjpegliYcbcr	6.0
art-scans	haeckel_0007_cephalopods.png	jpegli	444	35	model_proj	33.262	73.677	1.3789	CjpegliYcbcr	6.0
art-scans	haeckel_0007_cephalopods.png	jpegli	444	55	identity_off	33.883	77.089	1.2168	CjpegliYcbcr	4.1
art-scans	haeckel_0007_cephalopods.png	jpegli	444	55	model_policy	34.549	77.649	1.1899	CjpegliYcbcr	4.1
art-scans	haeckel_0007_cephalopods.png	jpegli	444	55	model_proj	34.556	77.802	1.1826	CjpegliYcbcr	4.1
art-scans	haeckel_0007_cephalopods.png	jpegli	444	75	identity_off	36.066	82.580	0.8720	CjpegliYcbcr	2.3
art-scans	haeckel_0007_cephalopods.png	jpegli	444	75	model_policy	36.610	82.594	0.8566	CjpegliYcbcr	2.3
art-scans	haeckel_0007_cephalopods.png	jpegli	444	75	model_proj	36.631	82.934	0.8449	CjpegliYcbcr	2.3
art-scans	haeckel_0007_cephalopods.png	jpegli	444	90	identity_off	39.806	88.100	0.5654	CjpegliYcbcr	1.1
art-scans	haeckel_0007_cephalopods.png	jpegli	444	90	model_policy	40.085	87.504	0.6185	CjpegliYcbcr	1.1
art-scans	haeckel_0007_cephalopods.png	jpegli	444	90	model_proj	40.197	88.495	0.5503	CjpegliYcbcr	1.1
art-scans	haeckel_0007_cephalopods.png	zenjpeg	420	15	identity_off	29.463	56.962	2.3258	CjpegliYcbcr	14.2
art-scans	haeckel_0007_cephalopods.png	zenjpeg	420	15	model_policy	30.099	58.841	2.2611	CjpegliYcbcr	14.2
art-scans	haeckel_0007_cephalopods.png	zenjpeg	420	15	model_proj	30.099	58.836	2.2610	CjpegliYcbcr	14.2
art-scans	haeckel_0007_cephalopods.png	zenjpeg	420	35	identity_off	31.743	70.167	1.6093	CjpegliYcbcr	7.2
art-scans	haeckel_0007_cephalopods.png	zenjpeg	420	35	model_policy	32.236	70.994	1.5725	CjpegliYcbcr	7.2
art-scans	haeckel_0007_cephalopods.png	zenjpeg	420	35	model_proj	32.239	71.061	1.5681	CjpegliYcbcr	7.2
art-scans	haeckel_0007_cephalopods.png	zenjpeg	420	55	identity_off	33.006	74.794	1.3731	CjpegliYcbcr	5.2
art-scans	haeckel_0007_cephalopods.png	zenjpeg	420	55	model_policy	33.433	75.200	1.3248	CjpegliYcbcr	5.2
art-scans	haeckel_0007_cephalopods.png	zenjpeg	420	55	model_proj	33.442	75.376	1.3015	CjpegliYcbcr	5.2
art-scans	haeckel_0007_cephalopods.png	zenjpeg	420	75	identity_off	35.106	80.337	1.0899	CjpegliYcbcr	3.0
art-scans	haeckel_0007_cephalopods.png	zenjpeg	420	75	model_policy	35.331	80.397	1.0864	CjpegliYcbcr	3.0
art-scans	haeckel_0007_cephalopods.png	zenjpeg	420	75	model_proj	35.381	80.817	0.9934	CjpegliYcbcr	3.0
art-scans	haeckel_0007_cephalopods.png	zenjpeg	420	90	identity_off	38.143	85.909	0.8677	CjpegliYcbcr	1.3
art-scans	haeckel_0007_cephalopods.png	zenjpeg	420	90	model_policy	38.100	85.538	0.8852	CjpegliYcbcr	1.3
art-scans	haeckel_0007_cephalopods.png	zenjpeg	420	90	model_proj	38.336	86.446	0.7213	CjpegliYcbcr	1.3
art-scans	haeckel_0007_cephalopods.png	zenjpeg	444	15	identity_off	29.692	57.488	2.3079	CjpegliYcbcr	11.8
art-scans	haeckel_0007_cephalopods.png	zenjpeg	444	15	model_policy	30.594	60.568	2.1439	CjpegliYcbcr	11.8
art-scans	haeckel_0007_cephalopods.png	zenjpeg	444	15	model_proj	30.596	60.650	2.1407	CjpegliYcbcr	11.8
art-scans	haeckel_0007_cephalopods.png	zenjpeg	444	35	identity_off	32.469	72.980	1.4384	CjpegliYcbcr	6.0
art-scans	haeckel_0007_cephalopods.png	zenjpeg	444	35	model_policy	33.228	73.455	1.3765	CjpegliYcbcr	6.0
art-scans	haeckel_0007_cephalopods.png	zenjpeg	444	35	model_proj	33.231	73.624	1.3688	CjpegliYcbcr	6.0
art-scans	haeckel_0007_cephalopods.png	zenjpeg	444	55	identity_off	33.851	77.149	1.1871	CjpegliYcbcr	4.1
art-scans	haeckel_0007_cephalopods.png	zenjpeg	444	55	model_policy	34.519	77.599	1.1523	CjpegliYcbcr	4.1
art-scans	haeckel_0007_cephalopods.png	zenjpeg	444	55	model_proj	34.526	77.742	1.1451	CjpegliYcbcr	4.1
art-scans	haeckel_0007_cephalopods.png	zenjpeg	444	75	identity_off	36.044	82.405	0.8553	CjpegliYcbcr	2.3
art-scans	haeckel_0007_cephalopods.png	zenjpeg	444	75	model_policy	36.593	82.385	0.8590	CjpegliYcbcr	2.3
art-scans	haeckel_0007_cephalopods.png	zenjpeg	444	75	model_proj	36.613	82.794	0.8427	CjpegliYcbcr	2.3
art-scans	haeckel_0007_cephalopods.png	zenjpeg	444	90	identity_off	39.748	87.944	0.5449	CjpegliYcbcr	1.1
art-scans	haeckel_0007_cephalopods.png	zenjpeg	444	90	model_policy	40.050	87.482	0.6233	CjpegliYcbcr	1.1
art-scans	haeckel_0007_cephalopods.png	zenjpeg	444	90	model_proj	40.156	88.132	0.5753	CjpegliYcbcr	1.1
art-scans	haeckel_0034_radiolaria-green.png	turbo	420	15	identity_off	23.650	40.502	3.4411	Unknown	15.0
art-scans	haeckel_0034_radiolaria-green.png	turbo	420	15	model_policy	24.607	44.912	3.1347	Unknown	15.0
art-scans	haeckel_0034_radiolaria-green.png	turbo	420	15	model_proj	24.607	44.917	3.1340	Unknown	15.0
art-scans	haeckel_0034_radiolaria-green.png	turbo	420	35	identity_off	26.245	63.741	2.2122	ImageMagick	35.0
art-scans	haeckel_0034_radiolaria-green.png	turbo	420	35	model_policy	27.092	65.893	2.0737	ImageMagick	35.0
art-scans	haeckel_0034_radiolaria-green.png	turbo	420	35	model_proj	27.093	65.909	2.0747	ImageMagick	35.0
art-scans	haeckel_0034_radiolaria-green.png	turbo	420	55	identity_off	27.678	71.062	1.8060	ImageMagick	55.0
art-scans	haeckel_0034_radiolaria-green.png	turbo	420	55	model_policy	28.398	72.392	1.7429	ImageMagick	55.0
art-scans	haeckel_0034_radiolaria-green.png	turbo	420	55	model_proj	28.405	72.431	1.7416	ImageMagick	55.0
art-scans	haeckel_0034_radiolaria-green.png	turbo	420	75	identity_off	29.636	77.978	1.3394	ImageMagick	75.0
art-scans	haeckel_0034_radiolaria-green.png	turbo	420	75	model_policy	30.105	78.594	1.3020	ImageMagick	75.0
art-scans	haeckel_0034_radiolaria-green.png	turbo	420	75	model_proj	30.148	78.703	1.2936	ImageMagick	75.0
art-scans	haeckel_0034_radiolaria-green.png	turbo	420	90	identity_off	32.426	85.108	0.8671	ImageMagick	90.0
art-scans	haeckel_0034_radiolaria-green.png	turbo	420	90	model_policy	32.522	85.111	0.8770	ImageMagick	90.0
art-scans	haeckel_0034_radiolaria-green.png	turbo	420	90	model_proj	32.882	85.724	0.8340	ImageMagick	90.0
art-scans	haeckel_0034_radiolaria-green.png	turbo	444	15	identity_off	26.395	56.106	2.4801	Unknown	15.0
art-scans	haeckel_0034_radiolaria-green.png	turbo	444	15	model_policy	27.489	59.085	2.4125	Unknown	15.0
art-scans	haeckel_0034_radiolaria-green.png	turbo	444	15	model_proj	27.490	59.094	2.4114	Unknown	15.0
art-scans	haeckel_0034_radiolaria-green.png	turbo	444	35	identity_off	30.112	76.311	1.3260	ImageMagick	35.0
art-scans	haeckel_0034_radiolaria-green.png	turbo	444	35	model_policy	30.952	77.164	1.3450	ImageMagick	35.0
art-scans	haeckel_0034_radiolaria-green.png	turbo	444	35	model_proj	30.958	77.236	1.3271	ImageMagick	35.0
art-scans	haeckel_0034_radiolaria-green.png	turbo	444	55	identity_off	32.007	82.374	1.0122	ImageMagick	55.0
art-scans	haeckel_0034_radiolaria-green.png	turbo	444	55	model_policy	32.653	82.639	1.1284	ImageMagick	55.0
art-scans	haeckel_0034_radiolaria-green.png	turbo	444	55	model_proj	32.672	82.856	1.0834	ImageMagick	55.0
art-scans	haeckel_0034_radiolaria-green.png	turbo	444	75	identity_off	34.223	87.054	0.7229	ImageMagick	75.0
art-scans	haeckel_0034_radiolaria-green.png	turbo	444	75	model_policy	34.650	86.691	0.8077	ImageMagick	75.0
art-scans	haeckel_0034_radiolaria-green.png	turbo	444	75	model_proj	34.702	87.006	0.7561	ImageMagick	75.0
art-scans	haeckel_0034_radiolaria-green.png	turbo	444	90	identity_off	37.975	92.088	0.4414	ImageMagick	90.0
art-scans	haeckel_0034_radiolaria-green.png	turbo	444	90	model_policy	37.984	90.616	0.6806	ImageMagick	90.0
art-scans	haeckel_0034_radiolaria-green.png	turbo	444	90	model_proj	38.163	91.820	0.5188	ImageMagick	90.0
art-scans	haeckel_0034_radiolaria-green.png	mozjpeg	420	15	identity_off	23.773	39.304	3.7055	Mozjpeg	15.0
art-scans	haeckel_0034_radiolaria-green.png	mozjpeg	420	15	model_policy	24.866	43.124	3.4781	Mozjpeg	15.0
art-scans	haeckel_0034_radiolaria-green.png	mozjpeg	420	15	model_proj	24.866	43.123	3.4781	Mozjpeg	15.0
art-scans	haeckel_0034_radiolaria-green.png	mozjpeg	420	35	identity_off	27.097	65.329	2.0317	Mozjpeg	35.0
art-scans	haeckel_0034_radiolaria-green.png	mozjpeg	420	35	model_policy	27.891	66.672	1.9781	Mozjpeg	35.0
art-scans	haeckel_0034_radiolaria-green.png	mozjpeg	420	35	model_proj	27.892	66.672	1.9778	Mozjpeg	35.0
art-scans	haeckel_0034_radiolaria-green.png	mozjpeg	420	55	identity_off	28.792	73.886	1.5625	Mozjpeg	55.0
art-scans	haeckel_0034_radiolaria-green.png	mozjpeg	420	55	model_policy	29.365	74.460	1.5369	Mozjpeg	55.0
art-scans	haeckel_0034_radiolaria-green.png	mozjpeg	420	55	model_proj	29.380	74.492	1.5336	Mozjpeg	55.0
art-scans	haeckel_0034_radiolaria-green.png	mozjpeg	420	75	identity_off	30.643	80.294	1.1669	Mozjpeg	75.0
art-scans	haeckel_0034_radiolaria-green.png	mozjpeg	420	75	model_policy	30.944	80.160	1.1913	Mozjpeg	75.0
art-scans	haeckel_0034_radiolaria-green.png	mozjpeg	420	75	model_proj	31.060	80.372	1.1790	Mozjpeg	75.0
art-scans	haeckel_0034_radiolaria-green.png	mozjpeg	420	90	identity_off	32.771	85.967	0.8121	Mozjpeg	90.0
art-scans	haeckel_0034_radiolaria-green.png	mozjpeg	420	90	model_policy	32.783	85.615	0.8555	Mozjpeg	90.0
art-scans	haeckel_0034_radiolaria-green.png	mozjpeg	420	90	model_proj	33.520	86.657	0.7903	Mozjpeg	90.0
art-scans	haeckel_0034_radiolaria-green.png	mozjpeg	444	15	identity_off	25.715	49.095	3.1266	Mozjpeg	15.0
art-scans	haeckel_0034_radiolaria-green.png	mozjpeg	444	15	model_policy	26.625	51.268	3.0123	Mozjpeg	15.0
art-scans	haeckel_0034_radiolaria-green.png	mozjpeg	444	15	model_proj	26.626	51.273	3.0125	Mozjpeg	15.0
art-scans	haeckel_0034_radiolaria-green.png	mozjpeg	444	35	identity_off	29.946	72.699	1.6264	Mozjpeg	35.0
art-scans	haeckel_0034_radiolaria-green.png	mozjpeg	444	35	model_policy	30.433	72.716	1.6650	Mozjpeg	35.0
art-scans	haeckel_0034_radiolaria-green.png	mozjpeg	444	35	model_proj	30.443	72.832	1.6397	Mozjpeg	35.0
art-scans	haeckel_0034_radiolaria-green.png	mozjpeg	444	55	identity_off	32.240	80.481	1.1681	Mozjpeg	55.0
art-scans	haeckel_0034_radiolaria-green.png	mozjpeg	444	55	model_policy	32.408	79.920	1.2909	Mozjpeg	55.0
art-scans	haeckel_0034_radiolaria-green.png	mozjpeg	444	55	model_proj	32.447	80.169	1.2069	Mozjpeg	55.0
art-scans	haeckel_0034_radiolaria-green.png	mozjpeg	444	75	identity_off	35.030	86.346	0.8054	Mozjpeg	75.0
art-scans	haeckel_0034_radiolaria-green.png	mozjpeg	444	75	model_policy	34.790	85.057	1.0136	Mozjpeg	75.0
art-scans	haeckel_0034_radiolaria-green.png	mozjpeg	444	75	model_proj	34.910	85.669	0.8774	Mozjpeg	75.0
art-scans	haeckel_0034_radiolaria-green.png	mozjpeg	444	90	identity_off	39.621	91.882	0.4579	Mozjpeg	90.0
art-scans	haeckel_0034_radiolaria-green.png	mozjpeg	444	90	model_policy	38.540	89.362	0.8134	Mozjpeg	90.0
art-scans	haeckel_0034_radiolaria-green.png	mozjpeg	444	90	model_proj	38.969	91.014	0.5782	Mozjpeg	90.0
art-scans	haeckel_0034_radiolaria-green.png	jpegli	420	15	identity_off	24.479	53.412	2.5206	CjpegliYcbcr	14.2
art-scans	haeckel_0034_radiolaria-green.png	jpegli	420	15	model_policy	25.498	55.472	2.3994	CjpegliYcbcr	14.2
art-scans	haeckel_0034_radiolaria-green.png	jpegli	420	15	model_proj	25.498	55.471	2.3990	CjpegliYcbcr	14.2
art-scans	haeckel_0034_radiolaria-green.png	jpegli	420	35	identity_off	26.447	67.796	1.7634	CjpegliYcbcr	7.2
art-scans	haeckel_0034_radiolaria-green.png	jpegli	420	35	model_policy	27.317	68.895	1.7502	CjpegliYcbcr	7.2
art-scans	haeckel_0034_radiolaria-green.png	jpegli	420	35	model_proj	27.321	68.938	1.7469	CjpegliYcbcr	7.2
art-scans	haeckel_0034_radiolaria-green.png	jpegli	420	55	identity_off	27.596	72.970	1.4731	CjpegliYcbcr	5.2
art-scans	haeckel_0034_radiolaria-green.png	jpegli	420	55	model_policy	28.332	73.580	1.4873	CjpegliYcbcr	5.2
art-scans	haeckel_0034_radiolaria-green.png	jpegli	420	55	model_proj	28.340	73.640	1.4829	CjpegliYcbcr	5.2
art-scans	haeckel_0034_radiolaria-green.png	jpegli	420	75	identity_off	29.514	79.757	1.0795	CjpegliYcbcr	3.0
art-scans	haeckel_0034_radiolaria-green.png	jpegli	420	75	model_policy	29.987	79.930	1.1412	CjpegliYcbcr	3.0
art-scans	haeckel_0034_radiolaria-green.png	jpegli	420	75	model_proj	30.027	80.151	1.1230	CjpegliYcbcr	3.0
art-scans	haeckel_0034_radiolaria-green.png	jpegli	420	90	identity_off	31.903	85.754	0.7708	CjpegliYcbcr	1.3
art-scans	haeckel_0034_radiolaria-green.png	jpegli	420	90	model_policy	32.027	85.357	0.9029	CjpegliYcbcr	1.3
art-scans	haeckel_0034_radiolaria-green.png	jpegli	420	90	model_proj	32.403	86.394	0.7887	CjpegliYcbcr	1.3
art-scans	haeckel_0034_radiolaria-green.png	jpegli	444	15	identity_off	25.088	56.853	2.2225	CjpegliYcbcr	11.8
art-scans	haeckel_0034_radiolaria-green.png	jpegli	444	15	model_policy	26.424	59.960	2.1682	CjpegliYcbcr	11.8
art-scans	haeckel_0034_radiolaria-green.png	jpegli	444	15	model_proj	26.424	59.966	2.1672	CjpegliYcbcr	11.8
art-scans	haeckel_0034_radiolaria-green.png	jpegli	444	35	identity_off	27.629	71.639	1.5158	CjpegliYcbcr	6.0
art-scans	haeckel_0034_radiolaria-green.png	jpegli	444	35	model_policy	28.791	73.060	1.5565	CjpegliYcbcr	6.0
art-scans	haeckel_0034_radiolaria-green.png	jpegli	444	35	model_proj	28.794	73.128	1.5477	CjpegliYcbcr	6.0
art-scans	haeckel_0034_radiolaria-green.png	jpegli	444	55	identity_off	28.935	76.632	1.2513	CjpegliYcbcr	4.1
art-scans	haeckel_0034_radiolaria-green.png	jpegli	444	55	model_policy	29.971	77.491	1.3031	CjpegliYcbcr	4.1
art-scans	haeckel_0034_radiolaria-green.png	jpegli	444	55	model_proj	29.975	77.606	1.2838	CjpegliYcbcr	4.1
art-scans	haeckel_0034_radiolaria-green.png	jpegli	444	75	identity_off	30.929	82.875	0.8930	CjpegliYcbcr	2.3
art-scans	haeckel_0034_radiolaria-green.png	jpegli	444	75	model_policy	31.751	82.961	1.0408	CjpegliYcbcr	2.3
art-scans	haeckel_0034_radiolaria-green.png	jpegli	444	75	model_proj	31.762	83.204	0.9802	CjpegliYcbcr	2.3
art-scans	haeckel_0034_radiolaria-green.png	jpegli	444	90	identity_off	34.563	89.863	0.5029	CjpegliYcbcr	1.1
art-scans	haeckel_0034_radiolaria-green.png	jpegli	444	90	model_policy	34.915	88.675	0.8234	CjpegliYcbcr	1.1
art-scans	haeckel_0034_radiolaria-green.png	jpegli	444	90	model_proj	34.957	89.434	0.6294	CjpegliYcbcr	1.1
art-scans	haeckel_0034_radiolaria-green.png	zenjpeg	420	15	identity_off	24.443	53.050	2.5259	CjpegliYcbcr	14.2
art-scans	haeckel_0034_radiolaria-green.png	zenjpeg	420	15	model_policy	25.464	55.133	2.4055	CjpegliYcbcr	14.2
art-scans	haeckel_0034_radiolaria-green.png	zenjpeg	420	15	model_proj	25.464	55.134	2.4053	CjpegliYcbcr	14.2
art-scans	haeckel_0034_radiolaria-green.png	zenjpeg	420	35	identity_off	26.403	67.700	1.7735	CjpegliYcbcr	7.2
art-scans	haeckel_0034_radiolaria-green.png	zenjpeg	420	35	model_policy	27.279	68.828	1.7583	CjpegliYcbcr	7.2
art-scans	haeckel_0034_radiolaria-green.png	zenjpeg	420	35	model_proj	27.282	68.870	1.7550	CjpegliYcbcr	7.2
art-scans	haeckel_0034_radiolaria-green.png	zenjpeg	420	55	identity_off	27.545	72.742	1.4795	CjpegliYcbcr	5.2
art-scans	haeckel_0034_radiolaria-green.png	zenjpeg	420	55	model_policy	28.285	73.292	1.4962	CjpegliYcbcr	5.2
art-scans	haeckel_0034_radiolaria-green.png	zenjpeg	420	55	model_proj	28.293	73.352	1.4920	CjpegliYcbcr	5.2
art-scans	haeckel_0034_radiolaria-green.png	zenjpeg	420	75	identity_off	29.467	79.747	1.0823	CjpegliYcbcr	3.0
art-scans	haeckel_0034_radiolaria-green.png	zenjpeg	420	75	model_policy	29.948	79.909	1.1277	CjpegliYcbcr	3.0
art-scans	haeckel_0034_radiolaria-green.png	zenjpeg	420	75	model_proj	29.987	80.114	1.1125	CjpegliYcbcr	3.0
art-scans	haeckel_0034_radiolaria-green.png	zenjpeg	420	90	identity_off	31.861	85.628	0.7819	CjpegliYcbcr	1.3
art-scans	haeckel_0034_radiolaria-green.png	zenjpeg	420	90	model_policy	31.993	85.197	0.8683	CjpegliYcbcr	1.3
art-scans	haeckel_0034_radiolaria-green.png	zenjpeg	420	90	model_proj	32.367	86.264	0.7778	CjpegliYcbcr	1.3
art-scans	haeckel_0034_radiolaria-green.png	zenjpeg	444	15	identity_off	25.035	56.599	2.2357	CjpegliYcbcr	11.8
art-scans	haeckel_0034_radiolaria-green.png	zenjpeg	444	15	model_policy	26.377	59.732	2.2025	CjpegliYcbcr	11.8
art-scans	haeckel_0034_radiolaria-green.png	zenjpeg	444	15	model_proj	26.377	59.736	2.2015	CjpegliYcbcr	11.8
art-scans	haeckel_0034_radiolaria-green.png	zenjpeg	444	35	identity_off	27.561	71.379	1.5283	CjpegliYcbcr	6.0
art-scans	haeckel_0034_radiolaria-green.png	zenjpeg	444	35	model_policy	28.733	72.796	1.5627	CjpegliYcbcr	6.0
art-scans	haeckel_0034_radiolaria-green.png	zenjpeg	444	35	model_proj	28.735	72.856	1.5541	CjpegliYcbcr	6.0
art-scans	haeckel_0034_radiolaria-green.png	zenjpeg	444	55	identity_off	28.850	76.473	1.2665	CjpegliYcbcr	4.1
art-scans	haeckel_0034_radiolaria-green.png	zenjpeg	444	55	model_policy	29.898	77.335	1.3251	CjpegliYcbcr	4.1
art-scans	haeckel_0034_radiolaria-green.png	zenjpeg	444	55	model_proj	29.902	77.471	1.3026	CjpegliYcbcr	4.1
art-scans	haeckel_0034_radiolaria-green.png	zenjpeg	444	75	identity_off	30.848	82.778	0.9008	CjpegliYcbcr	2.3
art-scans	haeckel_0034_radiolaria-green.png	zenjpeg	444	75	model_policy	31.682	82.909	1.0222	CjpegliYcbcr	2.3
art-scans	haeckel_0034_radiolaria-green.png	zenjpeg	444	75	model_proj	31.694	83.124	0.9765	CjpegliYcbcr	2.3
art-scans	haeckel_0034_radiolaria-green.png	zenjpeg	444	90	identity_off	34.471	89.675	0.5118	CjpegliYcbcr	1.1
art-scans	haeckel_0034_radiolaria-green.png	zenjpeg	444	90	model_policy	34.837	88.669	0.7908	CjpegliYcbcr	1.1
art-scans	haeckel_0034_radiolaria-green.png	zenjpeg	444	90	model_proj	34.880	89.308	0.6376	CjpegliYcbcr	1.1
art-scans	haeckel_0040_starfish.png	turbo	420	15	identity_off	22.341	13.511	5.5672	Unknown	15.0
art-scans	haeckel_0040_starfish.png	turbo	420	15	model_policy	22.848	17.469	5.2234	Unknown	15.0
art-scans	haeckel_0040_starfish.png	turbo	420	15	model_proj	22.849	17.494	5.2183	Unknown	15.0
art-scans	haeckel_0040_starfish.png	turbo	420	35	identity_off	24.128	38.900	3.9995	ImageMagick	35.0
art-scans	haeckel_0040_starfish.png	turbo	420	35	model_policy	24.523	41.140	3.8563	ImageMagick	35.0
art-scans	haeckel_0040_starfish.png	turbo	420	35	model_proj	24.528	41.233	3.8466	ImageMagick	35.0
art-scans	haeckel_0040_starfish.png	turbo	420	55	identity_off	25.572	51.081	3.2072	ImageMagick	55.0
art-scans	haeckel_0040_starfish.png	turbo	420	55	model_policy	25.910	52.642	3.0664	ImageMagick	55.0
art-scans	haeckel_0040_starfish.png	turbo	420	55	model_proj	25.921	52.848	3.0516	ImageMagick	55.0
art-scans	haeckel_0040_starfish.png	turbo	420	75	identity_off	27.652	64.402	2.3537	ImageMagick	75.0
art-scans	haeckel_0040_starfish.png	turbo	420	75	model_policy	27.861	65.236	2.2799	ImageMagick	75.0
art-scans	haeckel_0040_starfish.png	turbo	420	75	model_proj	27.894	65.571	2.2518	ImageMagick	75.0
art-scans	haeckel_0040_starfish.png	turbo	420	90	identity_off	29.983	75.576	1.6401	ImageMagick	90.0
art-scans	haeckel_0040_starfish.png	turbo	420	90	model_policy	30.015	75.586	1.6282	ImageMagick	90.0
art-scans	haeckel_0040_starfish.png	turbo	420	90	model_proj	30.329	76.980	1.5263	ImageMagick	90.0
art-scans	haeckel_0040_starfish.png	turbo	444	15	identity_off	25.278	44.333	3.2728	Unknown	15.0
art-scans	haeckel_0040_starfish.png	turbo	444	15	model_policy	25.963	44.439	3.6601	Unknown	15.0
art-scans	haeckel_0040_starfish.png	turbo	444	15	model_proj	25.969	44.711	3.5588	Unknown	15.0
art-scans	haeckel_0040_starfish.png	turbo	444	35	identity_off	28.550	69.241	1.8931	ImageMagick	35.0
art-scans	haeckel_0040_starfish.png	turbo	444	35	model_policy	28.983	67.686	2.1976	ImageMagick	35.0
art-scans	haeckel_0040_starfish.png	turbo	444	35	model_proj	29.023	68.186	2.0986	ImageMagick	35.0
art-scans	haeckel_0040_starfish.png	turbo	444	55	identity_off	30.280	77.169	1.4525	ImageMagick	55.0
art-scans	haeckel_0040_starfish.png	turbo	444	55	model_policy	30.531	75.112	1.9068	ImageMagick	55.0
art-scans	haeckel_0040_starfish.png	turbo	444	55	model_proj	30.622	76.134	1.6687	ImageMagick	55.0
art-scans	haeckel_0040_starfish.png	turbo	444	75	identity_off	32.455	83.861	1.0898	ImageMagick	75.0
art-scans	haeckel_0040_starfish.png	turbo	444	75	model_policy	32.493	80.799	1.5769	ImageMagick	75.0
art-scans	haeckel_0040_starfish.png	turbo	444	75	model_proj	32.674	82.705	1.2031	ImageMagick	75.0
art-scans	haeckel_0040_starfish.png	turbo	444	90	identity_off	36.797	90.612	0.6411	ImageMagick	90.0
art-scans	haeckel_0040_starfish.png	turbo	444	90	model_policy	36.052	86.520	1.1517	ImageMagick	90.0
art-scans	haeckel_0040_starfish.png	turbo	444	90	model_proj	36.579	89.271	0.7760	ImageMagick	90.0
art-scans	haeckel_0040_starfish.png	mozjpeg	420	15	identity_off	22.484	13.324	5.2501	Mozjpeg	15.0
art-scans	haeckel_0040_starfish.png	mozjpeg	420	15	model_policy	22.989	15.306	5.0833	Mozjpeg	15.0
art-scans	haeckel_0040_starfish.png	mozjpeg	420	15	model_proj	22.989	15.305	5.0833	Mozjpeg	15.0
art-scans	haeckel_0040_starfish.png	mozjpeg	420	35	identity_off	25.306	48.175	3.2297	Mozjpeg	35.0
art-scans	haeckel_0040_starfish.png	mozjpeg	420	35	model_policy	25.643	48.729	3.2215	Mozjpeg	35.0
art-scans	haeckel_0040_starfish.png	mozjpeg	420	35	model_proj	25.645	48.756	3.1701	Mozjpeg	35.0
art-scans	haeckel_0040_starfish.png	mozjpeg	420	55	identity_off	26.788	60.126	2.5287	Mozjpeg	55.0
art-scans	haeckel_0040_starfish.png	mozjpeg	420	55	model_policy	26.995	59.688	2.5420	Mozjpeg	55.0
art-scans	haeckel_0040_starfish.png	mozjpeg	420	55	model_proj	27.010	59.860	2.5205	Mozjpeg	55.0
art-scans	haeckel_0040_starfish.png	mozjpeg	420	75	identity_off	28.314	68.785	2.0247	Mozjpeg	75.0
art-scans	haeckel_0040_starfish.png	mozjpeg	420	75	model_policy	28.394	68.400	2.0546	Mozjpeg	75.0
art-scans	haeckel_0040_starfish.png	mozjpeg	420	75	model_proj	28.510	69.099	2.0018	Mozjpeg	75.0
art-scans	haeckel_0040_starfish.png	mozjpeg	420	90	identity_off	30.003	75.982	1.6228	Mozjpeg	90.0
art-scans	haeckel_0040_starfish.png	mozjpeg	420	90	model_policy	29.981	75.698	1.6105	Mozjpeg	90.0
art-scans	haeckel_0040_starfish.png	mozjpeg	420	90	model_proj	30.675	78.645	1.4008	Mozjpeg	90.0
art-scans	haeckel_0040_starfish.png	mozjpeg	444	15	identity_off	25.331	39.503	3.3757	Mozjpeg	15.0
art-scans	haeckel_0040_starfish.png	mozjpeg	444	15	model_policy	25.690	37.283	3.7592	Mozjpeg	15.0
art-scans	haeckel_0040_starfish.png	mozjpeg	444	15	model_proj	25.696	37.381	3.7461	Mozjpeg	15.0
art-scans	haeckel_0040_starfish.png	mozjpeg	444	35	identity_off	29.445	69.127	1.8262	Mozjpeg	35.0
art-scans	haeckel_0040_starfish.png	mozjpeg	444	35	model_policy	29.331	65.375	2.4396	Mozjpeg	35.0
art-scans	haeckel_0040_starfish.png	mozjpeg	444	35	model_proj	29.391	66.053	2.2596	Mozjpeg	35.0
art-scans	haeckel_0040_starfish.png	mozjpeg	444	55	identity_off	31.688	78.610	1.3064	Mozjpeg	55.0
art-scans	haeckel_0040_starfish.png	mozjpeg	444	55	model_policy	31.197	73.642	2.0080	Mozjpeg	55.0
art-scans	haeckel_0040_starfish.png	mozjpeg	444	55	model_proj	31.362	75.417	1.6802	Mozjpeg	55.0
art-scans	haeckel_0040_starfish.png	mozjpeg	444	75	identity_off	34.499	85.548	0.8969	Mozjpeg	75.0
art-scans	haeckel_0040_starfish.png	mozjpeg	444	75	model_policy	33.507	80.540	1.6317	Mozjpeg	75.0
art-scans	haeckel_0040_starfish.png	mozjpeg	444	75	model_proj	33.864	82.858	1.1718	Mozjpeg	75.0
art-scans	haeckel_0040_starfish.png	mozjpeg	444	90	identity_off	39.192	91.749	0.5010	Mozjpeg	90.0
art-scans	haeckel_0040_starfish.png	mozjpeg	444	90	model_policy	36.699	85.329	1.2798	Mozjpeg	90.0
art-scans	haeckel_0040_starfish.png	mozjpeg	444	90	model_proj	37.807	89.194	0.7385	Mozjpeg	90.0
art-scans	haeckel_0040_starfish.png	jpegli	420	15	identity_off	24.261	41.682	3.4944	CjpegliYcbcr	14.2
art-scans	haeckel_0040_starfish.png	jpegli	420	15	model_policy	24.665	41.316	3.5263	CjpegliYcbcr	14.2
art-scans	haeckel_0040_starfish.png	jpegli	420	15	model_proj	24.667	41.401	3.5226	CjpegliYcbcr	14.2
art-scans	haeckel_0040_starfish.png	jpegli	420	35	identity_off	26.210	60.006	2.4748	CjpegliYcbcr	7.2
art-scans	haeckel_0040_starfish.png	jpegli	420	35	model_policy	26.421	58.503	2.7170	CjpegliYcbcr	7.2
art-scans	haeckel_0040_starfish.png	jpegli	420	35	model_proj	26.438	58.765	2.6945	CjpegliYcbcr	7.2
art-scans	haeckel_0040_starfish.png	jpegli	420	55	identity_off	27.138	65.701	2.1201	CjpegliYcbcr	5.2
art-scans	haeckel_0040_starfish.png	jpegli	420	55	model_policy	27.272	64.029	2.5050	CjpegliYcbcr	5.2
art-scans	haeckel_0040_starfish.png	jpegli	420	55	model_proj	27.326	64.506	2.3872	CjpegliYcbcr	5.2
art-scans	haeckel_0040_starfish.png	jpegli	420	75	identity_off	28.545	72.136	1.7766	CjpegliYcbcr	3.0
art-scans	haeckel_0040_starfish.png	jpegli	420	75	model_policy	28.566	70.538	1.8990	CjpegliYcbcr	3.0
art-scans	haeckel_0040_starfish.png	jpegli	420	75	model_proj	28.825	72.104	1.7735	CjpegliYcbcr	3.0
art-scans	haeckel_0040_starfish.png	jpegli	420	90	identity_off	29.994	77.100	1.5574	CjpegliYcbcr	1.3
art-scans	haeckel_0040_starfish.png	jpegli	420	90	model_policy	29.961	76.343	1.5951	CjpegliYcbcr	1.3
art-scans	haeckel_0040_starfish.png	jpegli	420	90	model_proj	30.973	81.126	1.2387	CjpegliYcbcr	1.3
art-scans	haeckel_0040_starfish.png	jpegli	444	15	identity_off	24.906	46.815	3.0674	CjpegliYcbcr	11.8
art-scans	haeckel_0040_starfish.png	jpegli	444	15	model_policy	25.539	46.600	3.4039	CjpegliYcbcr	11.8
art-scans	haeckel_0040_starfish.png	jpegli	444	15	model_proj	25.540	46.619	3.3720	CjpegliYcbcr	11.8
art-scans	haeckel_0040_starfish.png	jpegli	444	35	identity_off	27.463	67.398	2.0291	CjpegliYcbcr	6.0
art-scans	haeckel_0040_starfish.png	jpegli	444	35	model_policy	27.847	64.187	2.5069	CjpegliYcbcr	6.0
art-scans	haeckel_0040_starfish.png	jpegli	444	35	model_proj	27.857	64.612	2.4223	CjpegliYcbcr	6.0
art-scans	haeckel_0040_starfish.png	jpegli	444	55	identity_off	28.797	73.044	1.6736	CjpegliYcbcr	4.1
art-scans	haeckel_0040_starfish.png	jpegli	444	55	model_policy	29.043	69.647	2.2566	CjpegliYcbcr	4.1
art-scans	haeckel_0040_starfish.png	jpegli	444	55	model_proj	29.060	70.177	2.1086	CjpegliYcbcr	4.1
art-scans	haeckel_0040_starfish.png	jpegli	444	75	identity_off	30.903	80.449	1.2581	CjpegliYcbcr	2.3
art-scans	haeckel_0040_starfish.png	jpegli	444	75	model_policy	30.919	76.816	1.7417	CjpegliYcbcr	2.3
art-scans	haeckel_0040_starfish.png	jpegli	444	75	model_proj	30.961	77.591	1.5787	CjpegliYcbcr	2.3
art-scans	haeckel_0040_starfish.png	jpegli	444	90	identity_off	34.913	88.586	0.7372	CjpegliYcbcr	1.1
art-scans	haeckel_0040_starfish.png	jpegli	444	90	model_policy	34.216	83.935	1.2968	CjpegliYcbcr	1.1
art-scans	haeckel_0040_starfish.png	jpegli	444	90	model_proj	34.416	85.895	1.0353	CjpegliYcbcr	1.1
art-scans	haeckel_0040_starfish.png	zenjpeg	420	15	identity_off	24.244	41.603	3.4978	CjpegliYcbcr	14.2
art-scans	haeckel_0040_starfish.png	zenjpeg	420	15	model_policy	24.648	41.124	3.5259	CjpegliYcbcr	14.2
art-scans	haeckel_0040_starfish.png	zenjpeg	420	15	model_proj	24.650	41.183	3.5228	CjpegliYcbcr	14.2
art-scans	haeckel_0040_starfish.png	zenjpeg	420	35	identity_off	26.188	59.779	2.5017	CjpegliYcbcr	7.2
art-scans	haeckel_0040_starfish.png	zenjpeg	420	35	model_policy	26.403	58.300	2.7177	CjpegliYcbcr	7.2
art-scans	haeckel_0040_starfish.png	zenjpeg	420	35	model_proj	26.420	58.551	2.6907	CjpegliYcbcr	7.2
art-scans	haeckel_0040_starfish.png	zenjpeg	420	55	identity_off	27.123	65.571	2.1220	CjpegliYcbcr	5.2
art-scans	haeckel_0040_starfish.png	zenjpeg	420	55	model_policy	27.260	63.896	2.4797	CjpegliYcbcr	5.2
art-scans	haeckel_0040_starfish.png	zenjpeg	420	55	model_proj	27.314	64.402	2.3662	CjpegliYcbcr	5.2
art-scans	haeckel_0040_starfish.png	zenjpeg	420	75	identity_off	28.522	72.158	1.7777	CjpegliYcbcr	3.0
art-scans	haeckel_0040_starfish.png	zenjpeg	420	75	model_policy	28.545	70.671	1.8998	CjpegliYcbcr	3.0
art-scans	haeckel_0040_starfish.png	zenjpeg	420	75	model_proj	28.803	72.258	1.7809	CjpegliYcbcr	3.0
art-scans	haeckel_0040_starfish.png	zenjpeg	420	90	identity_off	29.982	77.083	1.5569	CjpegliYcbcr	1.3
art-scans	haeckel_0040_starfish.png	zenjpeg	420	90	model_policy	29.950	76.237	1.6247	CjpegliYcbcr	1.3
art-scans	haeckel_0040_starfish.png	zenjpeg	420	90	model_proj	30.960	81.008	1.2530	CjpegliYcbcr	1.3
art-scans	haeckel_0040_starfish.png	zenjpeg	444	15	identity_off	24.884	46.702	3.0677	CjpegliYcbcr	11.8
art-scans	haeckel_0040_starfish.png	zenjpeg	444	15	model_policy	25.519	46.316	3.4204	CjpegliYcbcr	11.8
art-scans	haeckel_0040_starfish.png	zenjpeg	444	15	model_proj	25.520	46.336	3.3922	CjpegliYcbcr	11.8
art-scans	haeckel_0040_starfish.png	zenjpeg	444	35	identity_off	27.437	67.193	2.0438	CjpegliYcbcr	6.0
art-scans	haeckel_0040_starfish.png	zenjpeg	444	35	model_policy	27.824	64.098	2.5003	CjpegliYcbcr	6.0
art-scans	haeckel_0040_starfish.png	zenjpeg	444	35	model_proj	27.833	64.469	2.4263	CjpegliYcbcr	6.0
art-scans	haeckel_0040_starfish.png	zenjpeg	444	55	identity_off	28.769	73.008	1.6760	CjpegliYcbcr	4.1
art-scans	haeckel_0040_starfish.png	zenjpeg	444	55	model_policy	29.017	69.682	2.2739	CjpegliYcbcr	4.1
art-scans	haeckel_0040_starfish.png	zenjpeg	444	55	model_proj	29.034	70.205	2.1158	CjpegliYcbcr	4.1
art-scans	haeckel_0040_starfish.png	zenjpeg	444	75	identity_off	30.866	80.324	1.2642	CjpegliYcbcr	2.3
art-scans	haeckel_0040_starfish.png	zenjpeg	444	75	model_policy	30.900	76.821	1.7173	CjpegliYcbcr	2.3
art-scans	haeckel_0040_starfish.png	zenjpeg	444	75	model_proj	30.938	77.536	1.5681	CjpegliYcbcr	2.3
art-scans	haeckel_0040_starfish.png	zenjpeg	444	90	identity_off	34.860	88.521	0.7467	CjpegliYcbcr	1.1
art-scans	haeckel_0040_starfish.png	zenjpeg	444	90	model_policy	34.183	83.974	1.2903	CjpegliYcbcr	1.1
art-scans	haeckel_0040_starfish.png	zenjpeg	444	90	model_proj	34.380	85.859	1.0206	CjpegliYcbcr	1.1
maps	nps_nps-bibe-2023-Wild-and-Scenic-Rivers-Brochure_p01.png	turbo	420	15	identity_off	27.457	31.374	3.1410	Unknown	15.0
maps	nps_nps-bibe-2023-Wild-and-Scenic-Rivers-Brochure_p01.png	turbo	420	15	model_policy	29.877	44.911	2.8616	Unknown	15.0
maps	nps_nps-bibe-2023-Wild-and-Scenic-Rivers-Brochure_p01.png	turbo	420	15	model_proj	29.877	44.917	2.8616	Unknown	15.0
maps	nps_nps-bibe-2023-Wild-and-Scenic-Rivers-Brochure_p01.png	turbo	420	35	identity_off	30.533	57.786	2.0464	ImageMagick	35.0
maps	nps_nps-bibe-2023-Wild-and-Scenic-Rivers-Brochure_p01.png	turbo	420	35	model_policy	33.287	66.937	1.6339	ImageMagick	35.0
maps	nps_nps-bibe-2023-Wild-and-Scenic-Rivers-Brochure_p01.png	turbo	420	35	model_proj	33.287	66.949	1.6338	ImageMagick	35.0
maps	nps_nps-bibe-2023-Wild-and-Scenic-Rivers-Brochure_p01.png	turbo	420	55	identity_off	32.496	67.715	1.7223	ImageMagick	55.0
maps	nps_nps-bibe-2023-Wild-and-Scenic-Rivers-Brochure_p01.png	turbo	420	55	model_policy	35.182	74.166	1.3671	ImageMagick	55.0
maps	nps_nps-bibe-2023-Wild-and-Scenic-Rivers-Brochure_p01.png	turbo	420	55	model_proj	35.182	74.187	1.3672	ImageMagick	55.0
maps	nps_nps-bibe-2023-Wild-and-Scenic-Rivers-Brochure_p01.png	turbo	420	75	identity_off	35.313	74.608	1.3164	ImageMagick	75.0
maps	nps_nps-bibe-2023-Wild-and-Scenic-Rivers-Brochure_p01.png	turbo	420	75	model_policy	37.941	80.223	1.0541	ImageMagick	75.0
maps	nps_nps-bibe-2023-Wild-and-Scenic-Rivers-Brochure_p01.png	turbo	420	75	model_proj	37.940	80.211	1.0531	ImageMagick	75.0
maps	nps_nps-bibe-2023-Wild-and-Scenic-Rivers-Brochure_p01.png	turbo	420	90	identity_off	39.996	83.911	0.7953	ImageMagick	90.0
maps	nps_nps-bibe-2023-Wild-and-Scenic-Rivers-Brochure_p01.png	turbo	420	90	model_policy	42.322	87.052	0.7262	ImageMagick	90.0
maps	nps_nps-bibe-2023-Wild-and-Scenic-Rivers-Brochure_p01.png	turbo	420	90	model_proj	42.340	87.278	0.7184	ImageMagick	90.0
maps	nps_nps-bibe-2023-Wild-and-Scenic-Rivers-Brochure_p01.png	turbo	444	15	identity_off	27.499	33.973	3.1287	Unknown	15.0
maps	nps_nps-bibe-2023-Wild-and-Scenic-Rivers-Brochure_p01.png	turbo	444	15	model_policy	30.058	47.324	2.8513	Unknown	15.0
maps	nps_nps-bibe-2023-Wild-and-Scenic-Rivers-Brochure_p01.png	turbo	444	15	model_proj	30.058	47.307	2.8513	Unknown	15.0
maps	nps_nps-bibe-2023-Wild-and-Scenic-Rivers-Brochure_p01.png	turbo	444	35	identity_off	30.820	61.351	2.0386	ImageMagick	35.0
maps	nps_nps-bibe-2023-Wild-and-Scenic-Rivers-Brochure_p01.png	turbo	444	35	model_policy	33.797	70.331	1.6362	ImageMagick	35.0
maps	nps_nps-bibe-2023-Wild-and-Scenic-Rivers-Brochure_p01.png	turbo	444	35	model_proj	33.797	70.329	1.6360	ImageMagick	35.0
maps	nps_nps-bibe-2023-Wild-and-Scenic-Rivers-Brochure_p01.png	turbo	444	55	identity_off	32.910	70.072	1.7144	ImageMagick	55.0
maps	nps_nps-bibe-2023-Wild-and-Scenic-Rivers-Brochure_p01.png	turbo	444	55	model_policy	35.825	76.565	1.3744	ImageMagick	55.0
maps	nps_nps-bibe-2023-Wild-and-Scenic-Rivers-Brochure_p01.png	turbo	444	55	model_proj	35.826	76.547	1.3746	ImageMagick	55.0
maps	nps_nps-bibe-2023-Wild-and-Scenic-Rivers-Brochure_p01.png	turbo	444	75	identity_off	35.997	77.251	1.2900	ImageMagick	75.0
maps	nps_nps-bibe-2023-Wild-and-Scenic-Rivers-Brochure_p01.png	turbo	444	75	model_policy	38.859	82.465	1.0054	ImageMagick	75.0
maps	nps_nps-bibe-2023-Wild-and-Scenic-Rivers-Brochure_p01.png	turbo	444	75	model_proj	38.862	82.497	1.0029	ImageMagick	75.0
maps	nps_nps-bibe-2023-Wild-and-Scenic-Rivers-Brochure_p01.png	turbo	444	90	identity_off	41.467	85.863	0.7630	ImageMagick	90.0
maps	nps_nps-bibe-2023-Wild-and-Scenic-Rivers-Brochure_p01.png	turbo	444	90	model_policy	43.932	88.627	0.7021	ImageMagick	90.0
maps	nps_nps-bibe-2023-Wild-and-Scenic-Rivers-Brochure_p01.png	turbo	444	90	model_proj	43.956	88.853	0.7030	ImageMagick	90.0
maps	nps_nps-bibe-2023-Wild-and-Scenic-Rivers-Brochure_p01.png	mozjpeg	420	15	identity_off	24.867	25.018	3.9680	Mozjpeg	15.0
maps	nps_nps-bibe-2023-Wild-and-Scenic-Rivers-Brochure_p01.png	mozjpeg	420	15	model_policy	27.098	34.865	3.4021	Mozjpeg	15.0
maps	nps_nps-bibe-2023-Wild-and-Scenic-Rivers-Brochure_p01.png	mozjpeg	420	15	model_proj	27.097	34.866	3.4024	Mozjpeg	15.0
maps	nps_nps-bibe-2023-Wild-and-Scenic-Rivers-Brochure_p01.png	mozjpeg	420	35	identity_off	27.513	54.113	2.4922	Mozjpeg	35.0
maps	nps_nps-bibe-2023-Wild-and-Scenic-Rivers-Brochure_p01.png	mozjpeg	420	35	model_policy	30.234	62.997	1.9617	Mozjpeg	35.0
maps	nps_nps-bibe-2023-Wild-and-Scenic-Rivers-Brochure_p01.png	mozjpeg	420	35	model_proj	30.232	63.018	1.9618	Mozjpeg	35.0
maps	nps_nps-bibe-2023-Wild-and-Scenic-Rivers-Brochure_p01.png	mozjpeg	420	55	identity_off	29.136	66.031	1.9398	Mozjpeg	55.0
maps	nps_nps-bibe-2023-Wild-and-Scenic-Rivers-Brochure_p01.png	mozjpeg	420	55	model_policy	31.902	72.326	1.4521	Mozjpeg	55.0
maps	nps_nps-bibe-2023-Wild-and-Scenic-Rivers-Brochure_p01.png	mozjpeg	420	55	model_proj	31.902	72.325	1.4520	Mozjpeg	55.0
maps	nps_nps-bibe-2023-Wild-and-Scenic-Rivers-Brochure_p01.png	mozjpeg	420	75	identity_off	31.715	72.909	1.4436	Mozjpeg	75.0
maps	nps_nps-bibe-2023-Wild-and-Scenic-Rivers-Brochure_p01.png	mozjpeg	420	75	model_policy	34.580	78.573	1.0855	Mozjpeg	75.0
maps	nps_nps-bibe-2023-Wild-and-Scenic-Rivers-Brochure_p01.png	mozjpeg	420	75	model_proj	34.580	78.511	1.0854	Mozjpeg	75.0
maps	nps_nps-bibe-2023-Wild-and-Scenic-Rivers-Brochure_p01.png	mozjpeg	420	90	identity_off	36.231	81.173	0.9398	Mozjpeg	90.0
maps	nps_nps-bibe-2023-Wild-and-Scenic-Rivers-Brochure_p01.png	mozjpeg	420	90	model_policy	38.979	84.966	0.7876	Mozjpeg	90.0
maps	nps_nps-bibe-2023-Wild-and-Scenic-Rivers-Brochure_p01.png	mozjpeg	420	90	model_proj	38.987	84.976	0.7778	Mozjpeg	90.0
maps	nps_nps-bibe-2023-Wild-and-Scenic-Rivers-Brochure_p01.png	mozjpeg	444	15	identity_off	24.903	26.861	3.9473	Mozjpeg	15.0
maps	nps_nps-bibe-2023-Wild-and-Scenic-Rivers-Brochure_p01.png	mozjpeg	444	15	model_policy	27.167	36.359	3.3912	Mozjpeg	15.0
maps	nps_nps-bibe-2023-Wild-and-Scenic-Rivers-Brochure_p01.png	mozjpeg	444	15	model_proj	27.166	36.362	3.3916	Mozjpeg	15.0
maps	nps_nps-bibe-2023-Wild-and-Scenic-Rivers-Brochure_p01.png	mozjpeg	444	35	identity_off	27.643	57.223	2.4946	Mozjpeg	35.0
maps	nps_nps-bibe-2023-Wild-and-Scenic-Rivers-Brochure_p01.png	mozjpeg	444	35	model_policy	30.383	65.360	1.9936	Mozjpeg	35.0
maps	nps_nps-bibe-2023-Wild-and-Scenic-Rivers-Brochure_p01.png	mozjpeg	444	35	model_proj	30.381	65.370	1.9937	Mozjpeg	35.0
maps	nps_nps-bibe-2023-Wild-and-Scenic-Rivers-Brochure_p01.png	mozjpeg	444	55	identity_off	29.302	67.853	1.9316	Mozjpeg	55.0
maps	nps_nps-bibe-2023-Wild-and-Scenic-Rivers-Brochure_p01.png	mozjpeg	444	55	model_policy	32.106	73.836	1.4566	Mozjpeg	55.0
maps	nps_nps-bibe-2023-Wild-and-Scenic-Rivers-Brochure_p01.png	mozjpeg	444	55	model_proj	32.107	73.909	1.4563	Mozjpeg	55.0
maps	nps_nps-bibe-2023-Wild-and-Scenic-Rivers-Brochure_p01.png	mozjpeg	444	75	identity_off	31.958	74.532	1.4317	Mozjpeg	75.0
maps	nps_nps-bibe-2023-Wild-and-Scenic-Rivers-Brochure_p01.png	mozjpeg	444	75	model_policy	34.825	79.671	1.0776	Mozjpeg	75.0
maps	nps_nps-bibe-2023-Wild-and-Scenic-Rivers-Brochure_p01.png	mozjpeg	444	75	model_proj	34.827	79.758	1.0777	Mozjpeg	75.0
maps	nps_nps-bibe-2023-Wild-and-Scenic-Rivers-Brochure_p01.png	mozjpeg	444	90	identity_off	36.641	82.529	0.9229	Mozjpeg	90.0
maps	nps_nps-bibe-2023-Wild-and-Scenic-Rivers-Brochure_p01.png	mozjpeg	444	90	model_policy	39.370	85.849	0.7713	Mozjpeg	90.0
maps	nps_nps-bibe-2023-Wild-and-Scenic-Rivers-Brochure_p01.png	mozjpeg	444	90	model_proj	39.386	85.945	0.7708	Mozjpeg	90.0
maps	nps_nps-bibe-2023-Wild-and-Scenic-Rivers-Brochure_p01.png	jpegli	420	15	identity_off	27.319	48.627	2.7051	CjpegliYcbcr	14.2
maps	nps_nps-bibe-2023-Wild-and-Scenic-Rivers-Brochure_p01.png	jpegli	420	15	model_policy	29.812	57.346	2.2507	CjpegliYcbcr	14.2
maps	nps_nps-bibe-2023-Wild-and-Scenic-Rivers-Brochure_p01.png	jpegli	420	15	model_proj	29.812	57.361	2.2507	CjpegliYcbcr	14.2
maps	nps_nps-bibe-2023-Wild-and-Scenic-Rivers-Brochure_p01.png	jpegli	420	35	identity_off	30.443	64.028	1.8752	CjpegliYcbcr	7.2
maps	nps_nps-bibe-2023-Wild-and-Scenic-Rivers-Brochure_p01.png	jpegli	420	35	model_policy	33.013	70.349	1.4733	CjpegliYcbcr	7.2
maps	nps_nps-bibe-2023-Wild-and-Scenic-Rivers-Brochure_p01.png	jpegli	420	35	model_proj	33.014	70.378	1.4732	CjpegliYcbcr	7.2
maps	nps_nps-bibe-2023-Wild-and-Scenic-Rivers-Brochure_p01.png	jpegli	420	55	identity_off	32.346	70.847	1.5020	CjpegliYcbcr	5.2
maps	nps_nps-bibe-2023-Wild-and-Scenic-Rivers-Brochure_p01.png	jpegli	420	55	model_policy	34.873	76.087	1.1279	CjpegliYcbcr	5.2
maps	nps_nps-bibe-2023-Wild-and-Scenic-Rivers-Brochure_p01.png	jpegli	420	55	model_proj	34.873	76.091	1.1279	CjpegliYcbcr	5.2
maps	nps_nps-bibe-2023-Wild-and-Scenic-Rivers-Brochure_p01.png	jpegli	420	75	identity_off	35.624	76.749	1.0781	CjpegliYcbcr	3.0
maps	nps_nps-bibe-2023-Wild-and-Scenic-Rivers-Brochure_p01.png	jpegli	420	75	model_policy	37.962	80.997	0.8689	CjpegliYcbcr	3.0
maps	nps_nps-bibe-2023-Wild-and-Scenic-Rivers-Brochure_p01.png	jpegli	420	75	model_proj	37.964	81.047	0.8584	CjpegliYcbcr	3.0
maps	nps_nps-bibe-2023-Wild-and-Scenic-Rivers-Brochure_p01.png	jpegli	420	90	identity_off	40.257	82.922	0.7719	CjpegliYcbcr	1.3
maps	nps_nps-bibe-2023-Wild-and-Scenic-Rivers-Brochure_p01.png	jpegli	420	90	model_policy	42.332	85.817	0.8349	CjpegliYcbcr	1.3
maps	nps_nps-bibe-2023-Wild-and-Scenic-Rivers-Brochure_p01.png	jpegli	420	90	model_proj	42.322	86.574	0.8017	CjpegliYcbcr	1.3
maps	nps_nps-bibe-2023-Wild-and-Scenic-Rivers-Brochure_p01.png	jpegli	444	15	identity_off	28.036	49.560	2.5883	CjpegliYcbcr	11.8
maps	nps_nps-bibe-2023-Wild-and-Scenic-Rivers-Brochure_p01.png	jpegli	444	15	model_policy	30.529	58.637	2.3343	CjpegliYcbcr	11.8
maps	nps_nps-bibe-2023-Wild-and-Scenic-Rivers-Brochure_p01.png	jpegli	444	15	model_proj	30.529	58.639	2.3343	CjpegliYcbcr	11.8
maps	nps_nps-bibe-2023-Wild-and-Scenic-Rivers-Brochure_p01.png	jpegli	444	35	identity_off	31.299	65.393	1.8118	CjpegliYcbcr	6.0
maps	nps_nps-bibe-2023-Wild-and-Scenic-Rivers-Brochure_p01.png	jpegli	444	35	model_policy	33.730	71.722	1.6517	CjpegliYcbcr	6.0
maps	nps_nps-bibe-2023-Wild-and-Scenic-Rivers-Brochure_p01.png	jpegli	444	35	model_proj	33.731	71.742	1.6517	CjpegliYcbcr	6.0
maps	nps_nps-bibe-2023-Wild-and-Scenic-Rivers-Brochure_p01.png	jpegli	444	55	identity_off	33.368	72.982	1.4115	CjpegliYcbcr	4.1
maps	nps_nps-bibe-2023-Wild-and-Scenic-Rivers-Brochure_p01.png	jpegli	444	55	model_policy	35.767	77.899	1.1176	CjpegliYcbcr	4.1
maps	nps_nps-bibe-2023-Wild-and-Scenic-Rivers-Brochure_p01.png	jpegli	444	55	model_proj	35.767	77.965	1.1175	CjpegliYcbcr	4.1
maps	nps_nps-bibe-2023-Wild-and-Scenic-Rivers-Brochure_p01.png	jpegli	444	75	identity_off	36.533	77.931	0.9925	CjpegliYcbcr	2.3
maps	nps_nps-bibe-2023-Wild-and-Scenic-Rivers-Brochure_p01.png	jpegli	444	75	model_policy	38.789	81.847	0.9397	CjpegliYcbcr	2.3
maps	nps_nps-bibe-2023-Wild-and-Scenic-Rivers-Brochure_p01.png	jpegli	444	75	model_proj	38.793	81.962	0.9156	CjpegliYcbcr	2.3
maps	nps_nps-bibe-2023-Wild-and-Scenic-Rivers-Brochure_p01.png	jpegli	444	90	identity_off	41.050	84.041	0.7287	CjpegliYcbcr	1.1
maps	nps_nps-bibe-2023-Wild-and-Scenic-Rivers-Brochure_p01.png	jpegli	444	90	model_policy	43.174	86.227	0.8003	CjpegliYcbcr	1.1
maps	nps_nps-bibe-2023-Wild-and-Scenic-Rivers-Brochure_p01.png	jpegli	444	90	model_proj	43.205	86.683	0.7848	CjpegliYcbcr	1.1
maps	nps_nps-bibe-2023-Wild-and-Scenic-Rivers-Brochure_p01.png	zenjpeg	420	15	identity_off	27.278	48.310	2.7182	CjpegliYcbcr	14.2
maps	nps_nps-bibe-2023-Wild-and-Scenic-Rivers-Brochure_p01.png	zenjpeg	420	15	model_policy	29.757	57.210	2.2660	CjpegliYcbcr	14.2
maps	nps_nps-bibe-2023-Wild-and-Scenic-Rivers-Brochure_p01.png	zenjpeg	420	15	model_proj	29.757	57.220	2.2660	CjpegliYcbcr	14.2
maps	nps_nps-bibe-2023-Wild-and-Scenic-Rivers-Brochure_p01.png	zenjpeg	420	35	identity_off	30.375	63.628	1.9093	CjpegliYcbcr	7.2
maps	nps_nps-bibe-2023-Wild-and-Scenic-Rivers-Brochure_p01.png	zenjpeg	420	35	model_policy	32.935	70.061	1.5439	CjpegliYcbcr	7.2
maps	nps_nps-bibe-2023-Wild-and-Scenic-Rivers-Brochure_p01.png	zenjpeg	420	35	model_proj	32.936	70.126	1.5439	CjpegliYcbcr	7.2
maps	nps_nps-bibe-2023-Wild-and-Scenic-Rivers-Brochure_p01.png	zenjpeg	420	55	identity_off	32.252	70.590	1.5079	CjpegliYcbcr	5.2
maps	nps_nps-bibe-2023-Wild-and-Scenic-Rivers-Brochure_p01.png	zenjpeg	420	55	model_policy	34.759	75.987	1.1351	CjpegliYcbcr	5.2
maps	nps_nps-bibe-2023-Wild-and-Scenic-Rivers-Brochure_p01.png	zenjpeg	420	55	model_proj	34.760	75.991	1.1351	CjpegliYcbcr	5.2
maps	nps_nps-bibe-2023-Wild-and-Scenic-Rivers-Brochure_p01.png	zenjpeg	420	75	identity_off	35.533	76.552	1.0845	CjpegliYcbcr	3.0
maps	nps_nps-bibe-2023-Wild-and-Scenic-Rivers-Brochure_p01.png	zenjpeg	420	75	model_policy	37.847	80.887	0.8747	CjpegliYcbcr	3.0
maps	nps_nps-bibe-2023-Wild-and-Scenic-Rivers-Brochure_p01.png	zenjpeg	420	75	model_proj	37.850	81.040	0.8648	CjpegliYcbcr	3.0
maps	nps_nps-bibe-2023-Wild-and-Scenic-Rivers-Brochure_p01.png	zenjpeg	420	90	identity_off	40.140	83.443	0.7310	CjpegliYcbcr	1.3
maps	nps_nps-bibe-2023-Wild-and-Scenic-Rivers-Brochure_p01.png	zenjpeg	420	90	model_policy	42.197	85.974	0.8075	CjpegliYcbcr	1.3
maps	nps_nps-bibe-2023-Wild-and-Scenic-Rivers-Brochure_p01.png	zenjpeg	420	90	model_proj	42.187	86.541	0.7786	CjpegliYcbcr	1.3
maps	nps_nps-bibe-2023-Wild-and-Scenic-Rivers-Brochure_p01.png	zenjpeg	444	15	identity_off	27.986	47.974	2.5925	CjpegliYcbcr	11.8
maps	nps_nps-bibe-2023-Wild-and-Scenic-Rivers-Brochure_p01.png	zenjpeg	444	15	model_policy	30.484	58.077	2.3236	CjpegliYcbcr	11.8
maps	nps_nps-bibe-2023-Wild-and-Scenic-Rivers-Brochure_p01.png	zenjpeg	444	15	model_proj	30.484	58.074	2.3236	CjpegliYcbcr	11.8
maps	nps_nps-bibe-2023-Wild-and-Scenic-Rivers-Brochure_p01.png	zenjpeg	444	35	identity_off	31.192	64.846	1.8678	CjpegliYcbcr	6.0
maps	nps_nps-bibe-2023-Wild-and-Scenic-Rivers-Brochure_p01.png	zenjpeg	444	35	model_policy	33.583	71.398	1.7667	CjpegliYcbcr	6.0
maps	nps_nps-bibe-2023-Wild-and-Scenic-Rivers-Brochure_p01.png	zenjpeg	444	35	model_proj	33.583	71.415	1.7667	CjpegliYcbcr	6.0
maps	nps_nps-bibe-2023-Wild-and-Scenic-Rivers-Brochure_p01.png	zenjpeg	444	55	identity_off	33.273	72.856	1.4550	CjpegliYcbcr	4.1
maps	nps_nps-bibe-2023-Wild-and-Scenic-Rivers-Brochure_p01.png	zenjpeg	444	55	model_policy	35.620	77.962	1.2177	CjpegliYcbcr	4.1
maps	nps_nps-bibe-2023-Wild-and-Scenic-Rivers-Brochure_p01.png	zenjpeg	444	55	model_proj	35.620	77.955	1.2177	CjpegliYcbcr	4.1
maps	nps_nps-bibe-2023-Wild-and-Scenic-Rivers-Brochure_p01.png	zenjpeg	444	75	identity_off	36.437	77.878	1.0371	CjpegliYcbcr	2.3
maps	nps_nps-bibe-2023-Wild-and-Scenic-Rivers-Brochure_p01.png	zenjpeg	444	75	model_policy	38.666	81.813	0.9870	CjpegliYcbcr	2.3
maps	nps_nps-bibe-2023-Wild-and-Scenic-Rivers-Brochure_p01.png	zenjpeg	444	75	model_proj	38.671	81.924	0.9737	CjpegliYcbcr	2.3
maps	nps_nps-bibe-2023-Wild-and-Scenic-Rivers-Brochure_p01.png	zenjpeg	444	90	identity_off	40.929	84.399	0.7073	CjpegliYcbcr	1.1
maps	nps_nps-bibe-2023-Wild-and-Scenic-Rivers-Brochure_p01.png	zenjpeg	444	90	model_policy	43.038	86.652	0.7733	CjpegliYcbcr	1.1
maps	nps_nps-bibe-2023-Wild-and-Scenic-Rivers-Brochure_p01.png	zenjpeg	444	90	model_proj	43.077	86.972	0.7237	CjpegliYcbcr	1.1
maps	nps_nps-bibe-2023-Wild-and-Scenic-Rivers-Brochure_p02.png	turbo	420	15	identity_off	34.066	11.993	3.4371	Unknown	15.0
maps	nps_nps-bibe-2023-Wild-and-Scenic-Rivers-Brochure_p02.png	turbo	420	15	model_policy	34.952	34.948	3.2145	Unknown	15.0
maps	nps_nps-bibe-2023-Wild-and-Scenic-Rivers-Brochure_p02.png	turbo	420	15	model_proj	34.952	34.941	3.2144	Unknown	15.0
maps	nps_nps-bibe-2023-Wild-and-Scenic-Rivers-Brochure_p02.png	turbo	420	35	identity_off	38.004	54.999	1.7071	ImageMagick	35.0
maps	nps_nps-bibe-2023-Wild-and-Scenic-Rivers-Brochure_p02.png	turbo	420	35	model_policy	38.604	63.538	1.5983	ImageMagick	35.0
maps	nps_nps-bibe-2023-Wild-and-Scenic-Rivers-Brochure_p02.png	turbo	420	35	model_proj	38.604	63.559	1.5979	ImageMagick	35.0
maps	nps_nps-bibe-2023-Wild-and-Scenic-Rivers-Brochure_p02.png	turbo	420	55	identity_off	39.420	68.141	1.4309	ImageMagick	55.0
maps	nps_nps-bibe-2023-Wild-and-Scenic-Rivers-Brochure_p02.png	turbo	420	55	model_policy	40.112	72.726	1.2951	ImageMagick	55.0
maps	nps_nps-bibe-2023-Wild-and-Scenic-Rivers-Brochure_p02.png	turbo	420	55	model_proj	40.113	72.732	1.2945	ImageMagick	55.0
maps	nps_nps-bibe-2023-Wild-and-Scenic-Rivers-Brochure_p02.png	turbo	420	75	identity_off	42.152	78.599	0.9592	ImageMagick	75.0
maps	nps_nps-bibe-2023-Wild-and-Scenic-Rivers-Brochure_p02.png	turbo	420	75	model_policy	42.802	80.654	0.9845	ImageMagick	75.0
maps	nps_nps-bibe-2023-Wild-and-Scenic-Rivers-Brochure_p02.png	turbo	420	75	model_proj	42.792	80.646	0.9834	ImageMagick	75.0
maps	nps_nps-bibe-2023-Wild-and-Scenic-Rivers-Brochure_p02.png	turbo	420	90	identity_off	46.203	88.020	0.5876	ImageMagick	90.0
maps	nps_nps-bibe-2023-Wild-and-Scenic-Rivers-Brochure_p02.png	turbo	420	90	model_policy	46.785	88.220	0.6523	ImageMagick	90.0
maps	nps_nps-bibe-2023-Wild-and-Scenic-Rivers-Brochure_p02.png	turbo	420	90	model_proj	46.512	88.158	0.6615	ImageMagick	90.0
maps	nps_nps-bibe-2023-Wild-and-Scenic-Rivers-Brochure_p02.png	turbo	444	15	identity_off	34.203	13.364	3.4543	Unknown	15.0
maps	nps_nps-bibe-2023-Wild-and-Scenic-Rivers-Brochure_p02.png	turbo	444	15	model_policy	35.118	35.626	3.2148	Unknown	15.0
maps	nps_nps-bibe-2023-Wild-and-Scenic-Rivers-Brochure_p02.png	turbo	444	15	model_proj	35.120	35.634	3.2142	Unknown	15.0
maps	nps_nps-bibe-2023-Wild-and-Scenic-Rivers-Brochure_p02.png	turbo	444	35	identity_off	38.251	56.929	1.7033	ImageMagick	35.0
maps	nps_nps-bibe-2023-Wild-and-Scenic-Rivers-Brochure_p02.png	turbo	444	35	model_policy	38.851	64.760	1.5831	ImageMagick	35.0
maps	nps_nps-bibe-2023-Wild-and-Scenic-Rivers-Brochure_p02.png	turbo	444	35	model_proj	38.858	64.820	1.5820	ImageMagick	35.0
maps	nps_nps-bibe-2023-Wild-and-Scenic-Rivers-Brochure_p02.png	turbo	444	55	identity_off	39.648	69.165	1.4593	ImageMagick	55.0
maps	nps_nps-bibe-2023-Wild-and-Scenic-Rivers-Brochure_p02.png	turbo	444	55	model_policy	40.321	73.506	1.3245	ImageMagick	55.0
maps	nps_nps-bibe-2023-Wild-and-Scenic-Rivers-Brochure_p02.png	turbo	444	55	model_proj	40.329	73.531	1.3154	ImageMagick	55.0
maps	nps_nps-bibe-2023-Wild-and-Scenic-Rivers-Brochure_p02.png	turbo	444	75	identity_off	42.512	79.790	0.9653	ImageMagick	75.0
maps	nps_nps-bibe-2023-Wild-and-Scenic-Rivers-Brochure_p02.png	turbo	444	75	model_policy	43.147	81.479	0.9940	ImageMagick	75.0
maps	nps_nps-bibe-2023-Wild-and-Scenic-Rivers-Brochure_p02.png	turbo	444	75	model_proj	43.140	81.597	0.9885	ImageMagick	75.0
maps	nps_nps-bibe-2023-Wild-and-Scenic-Rivers-Brochure_p02.png	turbo	444	90	identity_off	46.943	89.189	0.5734	ImageMagick	90.0
maps	nps_nps-bibe-2023-Wild-and-Scenic-Rivers-Brochure_p02.png	turbo	444	90	model_policy	47.374	88.978	0.6685	ImageMagick	90.0
maps	nps_nps-bibe-2023-Wild-and-Scenic-Rivers-Brochure_p02.png	turbo	444	90	model_proj	47.054	88.831	0.6260	ImageMagick	90.0
maps	nps_nps-bibe-2023-Wild-and-Scenic-Rivers-Brochure_p02.png	mozjpeg	420	15	identity_off	33.379	7.046	3.5908	Mozjpeg	15.0
maps	nps_nps-bibe-2023-Wild-and-Scenic-Rivers-Brochure_p02.png	mozjpeg	420	15	model_policy	33.978	23.351	3.3829	Mozjpeg	15.0
maps	nps_nps-bibe-2023-Wild-and-Scenic-Rivers-Brochure_p02.png	mozjpeg	420	15	model_proj	33.978	23.346	3.3829	Mozjpeg	15.0
maps	nps_nps-bibe-2023-Wild-and-Scenic-Rivers-Brochure_p02.png	mozjpeg	420	35	identity_off	37.037	49.439	1.9318	Mozjpeg	35.0
maps	nps_nps-bibe-2023-Wild-and-Scenic-Rivers-Brochure_p02.png	mozjpeg	420	35	model_policy	37.292	54.984	1.8705	Mozjpeg	35.0
maps	nps_nps-bibe-2023-Wild-and-Scenic-Rivers-Brochure_p02.png	mozjpeg	420	35	model_proj	37.292	54.989	1.8705	Mozjpeg	35.0
maps	nps_nps-bibe-2023-Wild-and-Scenic-Rivers-Brochure_p02.png	mozjpeg	420	55	identity_off	38.620	63.623	1.5705	Mozjpeg	55.0
maps	nps_nps-bibe-2023-Wild-and-Scenic-Rivers-Brochure_p02.png	mozjpeg	420	55	model_policy	38.688	66.283	1.6403	Mozjpeg	55.0
maps	nps_nps-bibe-2023-Wild-and-Scenic-Rivers-Brochure_p02.png	mozjpeg	420	55	model_proj	38.688	66.312	1.6402	Mozjpeg	55.0
maps	nps_nps-bibe-2023-Wild-and-Scenic-Rivers-Brochure_p02.png	mozjpeg	420	75	identity_off	41.436	76.854	1.0349	Mozjpeg	75.0
maps	nps_nps-bibe-2023-Wild-and-Scenic-Rivers-Brochure_p02.png	mozjpeg	420	75	model_policy	41.653	77.697	1.0824	Mozjpeg	75.0
maps	nps_nps-bibe-2023-Wild-and-Scenic-Rivers-Brochure_p02.png	mozjpeg	420	75	model_proj	41.653	77.694	1.0824	Mozjpeg	75.0
maps	nps_nps-bibe-2023-Wild-and-Scenic-Rivers-Brochure_p02.png	mozjpeg	420	90	identity_off	45.463	87.241	0.6238	Mozjpeg	90.0
maps	nps_nps-bibe-2023-Wild-and-Scenic-Rivers-Brochure_p02.png	mozjpeg	420	90	model_policy	45.660	87.016	0.6934	Mozjpeg	90.0
maps	nps_nps-bibe-2023-Wild-and-Scenic-Rivers-Brochure_p02.png	mozjpeg	420	90	model_proj	45.552	86.944	0.6810	Mozjpeg	90.0
maps	nps_nps-bibe-2023-Wild-and-Scenic-Rivers-Brochure_p02.png	mozjpeg	444	15	identity_off	33.523	7.991	3.5877	Mozjpeg	15.0
maps	nps_nps-bibe-2023-Wild-and-Scenic-Rivers-Brochure_p02.png	mozjpeg	444	15	model_policy	34.162	23.780	3.3682	Mozjpeg	15.0
maps	nps_nps-bibe-2023-Wild-and-Scenic-Rivers-Brochure_p02.png	mozjpeg	444	15	model_proj	34.162	23.771	3.3681	Mozjpeg	15.0
maps	nps_nps-bibe-2023-Wild-and-Scenic-Rivers-Brochure_p02.png	mozjpeg	444	35	identity_off	37.231	50.927	1.9195	Mozjpeg	35.0
maps	nps_nps-bibe-2023-Wild-and-Scenic-Rivers-Brochure_p02.png	mozjpeg	444	35	model_policy	37.451	55.723	1.8627	Mozjpeg	35.0
maps	nps_nps-bibe-2023-Wild-and-Scenic-Rivers-Brochure_p02.png	mozjpeg	444	35	model_proj	37.455	55.768	1.8624	Mozjpeg	35.0
maps	nps_nps-bibe-2023-Wild-and-Scenic-Rivers-Brochure_p02.png	mozjpeg	444	55	identity_off	38.830	64.131	1.5833	Mozjpeg	55.0
maps	nps_nps-bibe-2023-Wild-and-Scenic-Rivers-Brochure_p02.png	mozjpeg	444	55	model_policy	38.852	66.755	1.6575	Mozjpeg	55.0
maps	nps_nps-bibe-2023-Wild-and-Scenic-Rivers-Brochure_p02.png	mozjpeg	444	55	model_proj	38.856	66.775	1.6567	Mozjpeg	55.0
maps	nps_nps-bibe-2023-Wild-and-Scenic-Rivers-Brochure_p02.png	mozjpeg	444	75	identity_off	41.734	78.132	1.0248	Mozjpeg	75.0
maps	nps_nps-bibe-2023-Wild-and-Scenic-Rivers-Brochure_p02.png	mozjpeg	444	75	model_policy	41.881	78.336	1.0386	Mozjpeg	75.0
maps	nps_nps-bibe-2023-Wild-and-Scenic-Rivers-Brochure_p02.png	mozjpeg	444	75	model_proj	41.888	78.389	1.0356	Mozjpeg	75.0
maps	nps_nps-bibe-2023-Wild-and-Scenic-Rivers-Brochure_p02.png	mozjpeg	444	90	identity_off	45.938	88.188	0.6153	Mozjpeg	90.0
maps	nps_nps-bibe-2023-Wild-and-Scenic-Rivers-Brochure_p02.png	mozjpeg	444	90	model_policy	46.001	87.295	0.7266	Mozjpeg	90.0
maps	nps_nps-bibe-2023-Wild-and-Scenic-Rivers-Brochure_p02.png	mozjpeg	444	90	model_proj	45.894	87.474	0.6787	Mozjpeg	90.0
maps	nps_nps-bibe-2023-Wild-and-Scenic-Rivers-Brochure_p02.png	jpegli	420	15	identity_off	35.623	39.293	2.3257	CjpegliYcbcr	14.2
maps	nps_nps-bibe-2023-Wild-and-Scenic-Rivers-Brochure_p02.png	jpegli	420	15	model_policy	36.068	48.856	2.2105	CjpegliYcbcr	14.2
maps	nps_nps-bibe-2023-Wild-and-Scenic-Rivers-Brochure_p02.png	jpegli	420	15	model_proj	36.068	48.852	2.2105	CjpegliYcbcr	14.2
maps	nps_nps-bibe-2023-Wild-and-Scenic-Rivers-Brochure_p02.png	jpegli	420	35	identity_off	38.163	62.701	1.6817	CjpegliYcbcr	7.2
maps	nps_nps-bibe-2023-Wild-and-Scenic-Rivers-Brochure_p02.png	jpegli	420	35	model_policy	38.502	65.702	1.5639	CjpegliYcbcr	7.2
maps	nps_nps-bibe-2023-Wild-and-Scenic-Rivers-Brochure_p02.png	jpegli	420	35	model_proj	38.503	65.711	1.5638	CjpegliYcbcr	7.2
maps	nps_nps-bibe-2023-Wild-and-Scenic-Rivers-Brochure_p02.png	jpegli	420	55	identity_off	39.545	69.452	1.4176	CjpegliYcbcr	5.2
maps	nps_nps-bibe-2023-Wild-and-Scenic-Rivers-Brochure_p02.png	jpegli	420	55	model_policy	39.844	71.760	1.3374	CjpegliYcbcr	5.2
maps	nps_nps-bibe-2023-Wild-and-Scenic-Rivers-Brochure_p02.png	jpegli	420	55	model_proj	39.844	71.701	1.3373	CjpegliYcbcr	5.2
maps	nps_nps-bibe-2023-Wild-and-Scenic-Rivers-Brochure_p02.png	jpegli	420	75	identity_off	42.103	78.201	1.0309	CjpegliYcbcr	3.0
maps	nps_nps-bibe-2023-Wild-and-Scenic-Rivers-Brochure_p02.png	jpegli	420	75	model_policy	42.416	79.388	1.0589	CjpegliYcbcr	3.0
maps	nps_nps-bibe-2023-Wild-and-Scenic-Rivers-Brochure_p02.png	jpegli	420	75	model_proj	42.421	79.464	1.0382	CjpegliYcbcr	3.0
maps	nps_nps-bibe-2023-Wild-and-Scenic-Rivers-Brochure_p02.png	jpegli	420	90	identity_off	46.102	87.141	0.6264	CjpegliYcbcr	1.3
maps	nps_nps-bibe-2023-Wild-and-Scenic-Rivers-Brochure_p02.png	jpegli	420	90	model_policy	46.366	87.199	0.7963	CjpegliYcbcr	1.3
maps	nps_nps-bibe-2023-Wild-and-Scenic-Rivers-Brochure_p02.png	jpegli	420	90	model_proj	46.187	87.456	0.7118	CjpegliYcbcr	1.3
maps	nps_nps-bibe-2023-Wild-and-Scenic-Rivers-Brochure_p02.png	jpegli	444	15	identity_off	35.057	44.906	2.7251	CjpegliYcbcr	11.8
maps	nps_nps-bibe-2023-Wild-and-Scenic-Rivers-Brochure_p02.png	jpegli	444	15	model_policy	35.704	52.252	2.6585	CjpegliYcbcr	11.8
maps	nps_nps-bibe-2023-Wild-and-Scenic-Rivers-Brochure_p02.png	jpegli	444	15	model_proj	35.704	52.255	2.6584	CjpegliYcbcr	11.8
maps	nps_nps-bibe-2023-Wild-and-Scenic-Rivers-Brochure_p02.png	jpegli	444	35	identity_off	38.139	65.560	1.6469	CjpegliYcbcr	6.0
maps	nps_nps-bibe-2023-Wild-and-Scenic-Rivers-Brochure_p02.png	jpegli	444	35	model_policy	38.620	68.114	1.5878	CjpegliYcbcr	6.0
maps	nps_nps-bibe-2023-Wild-and-Scenic-Rivers-Brochure_p02.png	jpegli	444	35	model_proj	38.621	68.176	1.5877	CjpegliYcbcr	6.0
maps	nps_nps-bibe-2023-Wild-and-Scenic-Rivers-Brochure_p02.png	jpegli	444	55	identity_off	40.187	72.974	1.2876	CjpegliYcbcr	4.1
maps	nps_nps-bibe-2023-Wild-and-Scenic-Rivers-Brochure_p02.png	jpegli	444	55	model_policy	40.545	74.173	1.2508	CjpegliYcbcr	4.1
maps	nps_nps-bibe-2023-Wild-and-Scenic-Rivers-Brochure_p02.png	jpegli	444	55	model_proj	40.545	74.149	1.2508	CjpegliYcbcr	4.1
maps	nps_nps-bibe-2023-Wild-and-Scenic-Rivers-Brochure_p02.png	jpegli	444	75	identity_off	42.071	78.865	1.1361	CjpegliYcbcr	2.3
maps	nps_nps-bibe-2023-Wild-and-Scenic-Rivers-Brochure_p02.png	jpegli	444	75	model_policy	42.376	79.832	1.2174	CjpegliYcbcr	2.3
maps	nps_nps-bibe-2023-Wild-and-Scenic-Rivers-Brochure_p02.png	jpegli	444	75	model_proj	42.379	79.827	1.2140	CjpegliYcbcr	2.3
maps	nps_nps-bibe-2023-Wild-and-Scenic-Rivers-Brochure_p02.png	jpegli	444	90	identity_off	46.744	87.564	0.5510	CjpegliYcbcr	1.1
maps	nps_nps-bibe-2023-Wild-and-Scenic-Rivers-Brochure_p02.png	jpegli	444	90	model_policy	47.019	87.717	0.7184	CjpegliYcbcr	1.1
maps	nps_nps-bibe-2023-Wild-and-Scenic-Rivers-Brochure_p02.png	jpegli	444	90	model_proj	47.067	88.144	0.6892	CjpegliYcbcr	1.1
maps	nps_nps-bibe-2023-Wild-and-Scenic-Rivers-Brochure_p02.png	zenjpeg	420	15	identity_off	35.616	39.053	2.3285	CjpegliYcbcr	14.2
maps	nps_nps-bibe-2023-Wild-and-Scenic-Rivers-Brochure_p02.png	zenjpeg	420	15	model_policy	36.066	48.470	2.2207	CjpegliYcbcr	14.2
maps	nps_nps-bibe-2023-Wild-and-Scenic-Rivers-Brochure_p02.png	zenjpeg	420	15	model_proj	36.066	48.465	2.2207	CjpegliYcbcr	14.2
maps	nps_nps-bibe-2023-Wild-and-Scenic-Rivers-Brochure_p02.png	zenjpeg	420	35	identity_off	38.087	62.262	1.6902	CjpegliYcbcr	7.2
maps	nps_nps-bibe-2023-Wild-and-Scenic-Rivers-Brochure_p02.png	zenjpeg	420	35	model_policy	38.442	65.385	1.5795	CjpegliYcbcr	7.2
maps	nps_nps-bibe-2023-Wild-and-Scenic-Rivers-Brochure_p02.png	zenjpeg	420	35	model_proj	38.443	65.402	1.5794	CjpegliYcbcr	7.2
maps	nps_nps-bibe-2023-Wild-and-Scenic-Rivers-Brochure_p02.png	zenjpeg	420	55	identity_off	39.507	68.994	1.4275	CjpegliYcbcr	5.2
maps	nps_nps-bibe-2023-Wild-and-Scenic-Rivers-Brochure_p02.png	zenjpeg	420	55	model_policy	39.810	71.408	1.3541	CjpegliYcbcr	5.2
maps	nps_nps-bibe-2023-Wild-and-Scenic-Rivers-Brochure_p02.png	zenjpeg	420	55	model_proj	39.811	71.397	1.3541	CjpegliYcbcr	5.2
maps	nps_nps-bibe-2023-Wild-and-Scenic-Rivers-Brochure_p02.png	zenjpeg	420	75	identity_off	42.231	77.974	1.0162	CjpegliYcbcr	3.0
maps	nps_nps-bibe-2023-Wild-and-Scenic-Rivers-Brochure_p02.png	zenjpeg	420	75	model_policy	42.557	79.358	1.0492	CjpegliYcbcr	3.0
maps	nps_nps-bibe-2023-Wild-and-Scenic-Rivers-Brochure_p02.png	zenjpeg	420	75	model_proj	42.561	79.344	1.0301	CjpegliYcbcr	3.0
maps	nps_nps-bibe-2023-Wild-and-Scenic-Rivers-Brochure_p02.png	zenjpeg	420	90	identity_off	46.099	87.326	0.6201	CjpegliYcbcr	1.3
maps	nps_nps-bibe-2023-Wild-and-Scenic-Rivers-Brochure_p02.png	zenjpeg	420	90	model_policy	46.365	87.200	0.8144	CjpegliYcbcr	1.3
maps	nps_nps-bibe-2023-Wild-and-Scenic-Rivers-Brochure_p02.png	zenjpeg	420	90	model_proj	46.046	87.230	0.7610	CjpegliYcbcr	1.3
maps	nps_nps-bibe-2023-Wild-and-Scenic-Rivers-Brochure_p02.png	zenjpeg	444	15	identity_off	35.038	44.812	2.7222	CjpegliYcbcr	11.8
maps	nps_nps-bibe-2023-Wild-and-Scenic-Rivers-Brochure_p02.png	zenjpeg	444	15	model_policy	35.693	52.164	2.6560	CjpegliYcbcr	11.8
maps	nps_nps-bibe-2023-Wild-and-Scenic-Rivers-Brochure_p02.png	zenjpeg	444	15	model_proj	35.694	52.159	2.6560	CjpegliYcbcr	11.8
maps	nps_nps-bibe-2023-Wild-and-Scenic-Rivers-Brochure_p02.png	zenjpeg	444	35	identity_off	38.146	65.479	1.6541	CjpegliYcbcr	6.0
maps	nps_nps-bibe-2023-Wild-and-Scenic-Rivers-Brochure_p02.png	zenjpeg	444	35	model_policy	38.620	67.852	1.6010	CjpegliYcbcr	6.0
maps	nps_nps-bibe-2023-Wild-and-Scenic-Rivers-Brochure_p02.png	zenjpeg	444	35	model_proj	38.621	67.960	1.6010	CjpegliYcbcr	6.0
maps	nps_nps-bibe-2023-Wild-and-Scenic-Rivers-Brochure_p02.png	zenjpeg	444	55	identity_off	40.107	72.770	1.3321	CjpegliYcbcr	4.1
maps	nps_nps-bibe-2023-Wild-and-Scenic-Rivers-Brochure_p02.png	zenjpeg	444	55	model_policy	40.439	73.936	1.3572	CjpegliYcbcr	4.1
maps	nps_nps-bibe-2023-Wild-and-Scenic-Rivers-Brochure_p02.png	zenjpeg	444	55	model_proj	40.439	73.951	1.3572	CjpegliYcbcr	4.1
maps	nps_nps-bibe-2023-Wild-and-Scenic-Rivers-Brochure_p02.png	zenjpeg	444	75	identity_off	42.017	78.975	1.1390	CjpegliYcbcr	2.3
maps	nps_nps-bibe-2023-Wild-and-Scenic-Rivers-Brochure_p02.png	zenjpeg	444	75	model_policy	42.311	79.975	1.2342	CjpegliYcbcr	2.3
maps	nps_nps-bibe-2023-Wild-and-Scenic-Rivers-Brochure_p02.png	zenjpeg	444	75	model_proj	42.314	80.022	1.2310	CjpegliYcbcr	2.3
maps	nps_nps-bibe-2023-Wild-and-Scenic-Rivers-Brochure_p02.png	zenjpeg	444	90	identity_off	46.774	87.762	0.5552	CjpegliYcbcr	1.1
maps	nps_nps-bibe-2023-Wild-and-Scenic-Rivers-Brochure_p02.png	zenjpeg	444	90	model_policy	47.058	87.982	0.7165	CjpegliYcbcr	1.1
maps	nps_nps-bibe-2023-Wild-and-Scenic-Rivers-Brochure_p02.png	zenjpeg	444	90	model_proj	47.068	88.196	0.6878	CjpegliYcbcr	1.1
maps	nps_nps-biho-FINAL-VERSION_BIHO-unigrid_Side-1_X3_compressed-for-web-6_p01.png	turbo	420	15	identity_off	31.850	32.629	4.3345	Unknown	15.0
maps	nps_nps-biho-FINAL-VERSION_BIHO-unigrid_Side-1_X3_compressed-for-web-6_p01.png	turbo	420	15	model_policy	34.084	44.102	4.2740	Unknown	15.0
maps	nps_nps-biho-FINAL-VERSION_BIHO-unigrid_Side-1_X3_compressed-for-web-6_p01.png	turbo	420	15	model_proj	34.088	44.119	4.2738	Unknown	15.0
maps	nps_nps-biho-FINAL-VERSION_BIHO-unigrid_Side-1_X3_compressed-for-web-6_p01.png	turbo	420	35	identity_off	35.228	63.684	2.0641	ImageMagick	35.0
maps	nps_nps-biho-FINAL-VERSION_BIHO-unigrid_Side-1_X3_compressed-for-web-6_p01.png	turbo	420	35	model_policy	37.253	69.213	2.0167	ImageMagick	35.0
maps	nps_nps-biho-FINAL-VERSION_BIHO-unigrid_Side-1_X3_compressed-for-web-6_p01.png	turbo	420	35	model_proj	37.281	69.362	2.0155	ImageMagick	35.0
maps	nps_nps-biho-FINAL-VERSION_BIHO-unigrid_Side-1_X3_compressed-for-web-6_p01.png	turbo	420	55	identity_off	37.121	73.350	1.3012	ImageMagick	55.0
maps	nps_nps-biho-FINAL-VERSION_BIHO-unigrid_Side-1_X3_compressed-for-web-6_p01.png	turbo	420	55	model_policy	38.995	77.300	1.1615	ImageMagick	55.0
maps	nps_nps-biho-FINAL-VERSION_BIHO-unigrid_Side-1_X3_compressed-for-web-6_p01.png	turbo	420	55	model_proj	39.040	77.416	1.1554	ImageMagick	55.0
maps	nps_nps-biho-FINAL-VERSION_BIHO-unigrid_Side-1_X3_compressed-for-web-6_p01.png	turbo	420	75	identity_off	39.274	80.664	1.0371	ImageMagick	75.0
maps	nps_nps-biho-FINAL-VERSION_BIHO-unigrid_Side-1_X3_compressed-for-web-6_p01.png	turbo	420	75	model_policy	41.032	83.083	0.9720	ImageMagick	75.0
maps	nps_nps-biho-FINAL-VERSION_BIHO-unigrid_Side-1_X3_compressed-for-web-6_p01.png	turbo	420	75	model_proj	41.096	83.420	0.9644	ImageMagick	75.0
maps	nps_nps-biho-FINAL-VERSION_BIHO-unigrid_Side-1_X3_compressed-for-web-6_p01.png	turbo	420	90	identity_off	42.191	88.298	0.7012	ImageMagick	90.0
maps	nps_nps-biho-FINAL-VERSION_BIHO-unigrid_Side-1_X3_compressed-for-web-6_p01.png	turbo	420	90	model_policy	43.696	88.525	0.6990	ImageMagick	90.0
maps	nps_nps-biho-FINAL-VERSION_BIHO-unigrid_Side-1_X3_compressed-for-web-6_p01.png	turbo	420	90	model_proj	43.874	88.832	0.7575	ImageMagick	90.0
maps	nps_nps-biho-FINAL-VERSION_BIHO-unigrid_Side-1_X3_compressed-for-web-6_p01.png	turbo	444	15	identity_off	32.172	36.000	4.3262	Unknown	15.0
maps	nps_nps-biho-FINAL-VERSION_BIHO-unigrid_Side-1_X3_compressed-for-web-6_p01.png	turbo	444	15	model_policy	34.408	46.762	4.2651	Unknown	15.0
maps	nps_nps-biho-FINAL-VERSION_BIHO-unigrid_Side-1_X3_compressed-for-web-6_p01.png	turbo	444	15	model_proj	34.427	46.854	4.2647	Unknown	15.0
maps	nps_nps-biho-FINAL-VERSION_BIHO-unigrid_Side-1_X3_compressed-for-web-6_p01.png	turbo	444	35	identity_off	35.804	65.639	2.0483	ImageMagick	35.0
maps	nps_nps-biho-FINAL-VERSION_BIHO-unigrid_Side-1_X3_compressed-for-web-6_p01.png	turbo	444	35	model_policy	37.880	70.790	2.0032	ImageMagick	35.0
maps	nps_nps-biho-FINAL-VERSION_BIHO-unigrid_Side-1_X3_compressed-for-web-6_p01.png	turbo	444	35	model_proj	37.924	71.027	2.0019	ImageMagick	35.0
maps	nps_nps-biho-FINAL-VERSION_BIHO-unigrid_Side-1_X3_compressed-for-web-6_p01.png	turbo	444	55	identity_off	37.801	75.433	1.2768	ImageMagick	55.0
maps	nps_nps-biho-FINAL-VERSION_BIHO-unigrid_Side-1_X3_compressed-for-web-6_p01.png	turbo	444	55	model_policy	39.822	78.937	1.1489	ImageMagick	55.0
maps	nps_nps-biho-FINAL-VERSION_BIHO-unigrid_Side-1_X3_compressed-for-web-6_p01.png	turbo	444	55	model_proj	39.883	79.124	1.1441	ImageMagick	55.0
maps	nps_nps-biho-FINAL-VERSION_BIHO-unigrid_Side-1_X3_compressed-for-web-6_p01.png	turbo	444	75	identity_off	40.233	82.058	1.0258	ImageMagick	75.0
maps	nps_nps-biho-FINAL-VERSION_BIHO-unigrid_Side-1_X3_compressed-for-web-6_p01.png	turbo	444	75	model_policy	42.085	84.343	0.9713	ImageMagick	75.0
maps	nps_nps-biho-FINAL-VERSION_BIHO-unigrid_Side-1_X3_compressed-for-web-6_p01.png	turbo	444	75	model_proj	42.176	84.730	0.9627	ImageMagick	75.0
maps	nps_nps-biho-FINAL-VERSION_BIHO-unigrid_Side-1_X3_compressed-for-web-6_p01.png	turbo	444	90	identity_off	44.286	89.307	0.6923	ImageMagick	90.0
maps	nps_nps-biho-FINAL-VERSION_BIHO-unigrid_Side-1_X3_compressed-for-web-6_p01.png	turbo	444	90	model_policy	45.334	89.648	0.6967	ImageMagick	90.0
maps	nps_nps-biho-FINAL-VERSION_BIHO-unigrid_Side-1_X3_compressed-for-web-6_p01.png	turbo	444	90	model_proj	45.570	90.043	0.7625	ImageMagick	90.0
maps	nps_nps-biho-FINAL-VERSION_BIHO-unigrid_Side-1_X3_compressed-for-web-6_p01.png	mozjpeg	420	15	identity_off	30.338	26.249	5.2808	Mozjpeg	15.0
maps	nps_nps-biho-FINAL-VERSION_BIHO-unigrid_Side-1_X3_compressed-for-web-6_p01.png	mozjpeg	420	15	model_policy	32.175	32.224	5.2298	Mozjpeg	15.0
maps	nps_nps-biho-FINAL-VERSION_BIHO-unigrid_Side-1_X3_compressed-for-web-6_p01.png	mozjpeg	420	15	model_proj	32.021	32.052	5.2290	Mozjpeg	15.0
maps	nps_nps-biho-FINAL-VERSION_BIHO-unigrid_Side-1_X3_compressed-for-web-6_p01.png	mozjpeg	420	35	identity_off	33.530	59.777	1.8744	Mozjpeg	35.0
maps	nps_nps-biho-FINAL-VERSION_BIHO-unigrid_Side-1_X3_compressed-for-web-6_p01.png	mozjpeg	420	35	model_policy	35.561	63.172	1.7722	Mozjpeg	35.0
maps	nps_nps-biho-FINAL-VERSION_BIHO-unigrid_Side-1_X3_compressed-for-web-6_p01.png	mozjpeg	420	35	model_proj	35.281	63.177	1.7796	Mozjpeg	35.0
maps	nps_nps-biho-FINAL-VERSION_BIHO-unigrid_Side-1_X3_compressed-for-web-6_p01.png	mozjpeg	420	55	identity_off	35.139	70.643	1.3789	Mozjpeg	55.0
maps	nps_nps-biho-FINAL-VERSION_BIHO-unigrid_Side-1_X3_compressed-for-web-6_p01.png	mozjpeg	420	55	model_policy	37.309	73.149	1.2877	Mozjpeg	55.0
maps	nps_nps-biho-FINAL-VERSION_BIHO-unigrid_Side-1_X3_compressed-for-web-6_p01.png	mozjpeg	420	55	model_proj	37.011	73.191	1.2868	Mozjpeg	55.0
maps	nps_nps-biho-FINAL-VERSION_BIHO-unigrid_Side-1_X3_compressed-for-web-6_p01.png	mozjpeg	420	75	identity_off	37.534	78.536	1.0548	Mozjpeg	75.0
maps	nps_nps-biho-FINAL-VERSION_BIHO-unigrid_Side-1_X3_compressed-for-web-6_p01.png	mozjpeg	420	75	model_policy	39.432	79.948	0.9745	Mozjpeg	75.0
maps	nps_nps-biho-FINAL-VERSION_BIHO-unigrid_Side-1_X3_compressed-for-web-6_p01.png	mozjpeg	420	75	model_proj	39.341	80.260	0.9587	Mozjpeg	75.0
maps	nps_nps-biho-FINAL-VERSION_BIHO-unigrid_Side-1_X3_compressed-for-web-6_p01.png	mozjpeg	420	90	identity_off	40.925	85.991	0.7481	Mozjpeg	90.0
maps	nps_nps-biho-FINAL-VERSION_BIHO-unigrid_Side-1_X3_compressed-for-web-6_p01.png	mozjpeg	420	90	model_policy	42.678	86.876	0.7233	Mozjpeg	90.0
maps	nps_nps-biho-FINAL-VERSION_BIHO-unigrid_Side-1_X3_compressed-for-web-6_p01.png	mozjpeg	420	90	model_proj	42.755	87.223	0.7066	Mozjpeg	90.0
maps	nps_nps-biho-FINAL-VERSION_BIHO-unigrid_Side-1_X3_compressed-for-web-6_p01.png	mozjpeg	444	15	identity_off	30.475	28.967	5.2759	Mozjpeg	15.0
maps	nps_nps-biho-FINAL-VERSION_BIHO-unigrid_Side-1_X3_compressed-for-web-6_p01.png	mozjpeg	444	15	model_policy	32.253	34.243	5.2254	Mozjpeg	15.0
maps	nps_nps-biho-FINAL-VERSION_BIHO-unigrid_Side-1_X3_compressed-for-web-6_p01.png	mozjpeg	444	15	model_proj	32.089	34.139	5.2250	Mozjpeg	15.0
maps	nps_nps-biho-FINAL-VERSION_BIHO-unigrid_Side-1_X3_compressed-for-web-6_p01.png	mozjpeg	444	35	identity_off	33.829	61.476	1.8617	Mozjpeg	35.0
maps	nps_nps-biho-FINAL-VERSION_BIHO-unigrid_Side-1_X3_compressed-for-web-6_p01.png	mozjpeg	444	35	model_policy	35.642	64.426	1.7668	Mozjpeg	35.0
maps	nps_nps-biho-FINAL-VERSION_BIHO-unigrid_Side-1_X3_compressed-for-web-6_p01.png	mozjpeg	444	35	model_proj	35.421	64.555	1.7733	Mozjpeg	35.0
maps	nps_nps-biho-FINAL-VERSION_BIHO-unigrid_Side-1_X3_compressed-for-web-6_p01.png	mozjpeg	444	55	identity_off	35.524	72.083	1.3658	Mozjpeg	55.0
maps	nps_nps-biho-FINAL-VERSION_BIHO-unigrid_Side-1_X3_compressed-for-web-6_p01.png	mozjpeg	444	55	model_policy	37.502	74.141	1.2823	Mozjpeg	55.0
maps	nps_nps-biho-FINAL-VERSION_BIHO-unigrid_Side-1_X3_compressed-for-web-6_p01.png	mozjpeg	444	55	model_proj	37.195	74.236	1.2826	Mozjpeg	55.0
maps	nps_nps-biho-FINAL-VERSION_BIHO-unigrid_Side-1_X3_compressed-for-web-6_p01.png	mozjpeg	444	75	identity_off	38.128	79.715	1.0513	Mozjpeg	75.0
maps	nps_nps-biho-FINAL-VERSION_BIHO-unigrid_Side-1_X3_compressed-for-web-6_p01.png	mozjpeg	444	75	model_policy	39.938	80.999	0.9781	Mozjpeg	75.0
maps	nps_nps-biho-FINAL-VERSION_BIHO-unigrid_Side-1_X3_compressed-for-web-6_p01.png	mozjpeg	444	75	model_proj	39.846	81.368	0.9588	Mozjpeg	75.0
maps	nps_nps-biho-FINAL-VERSION_BIHO-unigrid_Side-1_X3_compressed-for-web-6_p01.png	mozjpeg	444	90	identity_off	42.351	86.707	0.7371	Mozjpeg	90.0
maps	nps_nps-biho-FINAL-VERSION_BIHO-unigrid_Side-1_X3_compressed-for-web-6_p01.png	mozjpeg	444	90	model_policy	43.720	87.515	0.7220	Mozjpeg	90.0
maps	nps_nps-biho-FINAL-VERSION_BIHO-unigrid_Side-1_X3_compressed-for-web-6_p01.png	mozjpeg	444	90	model_proj	43.821	87.989	0.7017	Mozjpeg	90.0
maps	nps_nps-biho-FINAL-VERSION_BIHO-unigrid_Side-1_X3_compressed-for-web-6_p01.png	jpegli	420	15	identity_off	32.489	51.149	2.4578	CjpegliYcbcr	14.2
maps	nps_nps-biho-FINAL-VERSION_BIHO-unigrid_Side-1_X3_compressed-for-web-6_p01.png	jpegli	420	15	model_policy	34.567	55.635	2.3014	CjpegliYcbcr	14.2
maps	nps_nps-biho-FINAL-VERSION_BIHO-unigrid_Side-1_X3_compressed-for-web-6_p01.png	jpegli	420	15	model_proj	34.570	55.689	2.3009	CjpegliYcbcr	14.2
maps	nps_nps-biho-FINAL-VERSION_BIHO-unigrid_Side-1_X3_compressed-for-web-6_p01.png	jpegli	420	35	identity_off	35.470	68.318	1.5492	CjpegliYcbcr	7.2
maps	nps_nps-biho-FINAL-VERSION_BIHO-unigrid_Side-1_X3_compressed-for-web-6_p01.png	jpegli	420	35	model_policy	37.309	71.278	1.4130	CjpegliYcbcr	7.2
maps	nps_nps-biho-FINAL-VERSION_BIHO-unigrid_Side-1_X3_compressed-for-web-6_p01.png	jpegli	420	35	model_proj	37.324	71.311	1.4110	CjpegliYcbcr	7.2
maps	nps_nps-biho-FINAL-VERSION_BIHO-unigrid_Side-1_X3_compressed-for-web-6_p01.png	jpegli	420	55	identity_off	36.953	74.045	1.3311	CjpegliYcbcr	5.2
maps	nps_nps-biho-FINAL-VERSION_BIHO-unigrid_Side-1_X3_compressed-for-web-6_p01.png	jpegli	420	55	model_policy	38.630	75.755	1.2492	CjpegliYcbcr	5.2
maps	nps_nps-biho-FINAL-VERSION_BIHO-unigrid_Side-1_X3_compressed-for-web-6_p01.png	jpegli	420	55	model_proj	38.653	75.936	1.2466	CjpegliYcbcr	5.2
maps	nps_nps-biho-FINAL-VERSION_BIHO-unigrid_Side-1_X3_compressed-for-web-6_p01.png	jpegli	420	75	identity_off	39.429	80.411	1.1549	CjpegliYcbcr	3.0
maps	nps_nps-biho-FINAL-VERSION_BIHO-unigrid_Side-1_X3_compressed-for-web-6_p01.png	jpegli	420	75	model_policy	40.823	81.636	1.1267	CjpegliYcbcr	3.0
maps	nps_nps-biho-FINAL-VERSION_BIHO-unigrid_Side-1_X3_compressed-for-web-6_p01.png	jpegli	420	75	model_proj	40.860	81.963	1.1244	CjpegliYcbcr	3.0
maps	nps_nps-biho-FINAL-VERSION_BIHO-unigrid_Side-1_X3_compressed-for-web-6_p01.png	jpegli	420	90	identity_off	42.337	87.601	0.6980	CjpegliYcbcr	1.3
maps	nps_nps-biho-FINAL-VERSION_BIHO-unigrid_Side-1_X3_compressed-for-web-6_p01.png	jpegli	420	90	model_policy	43.614	87.957	0.7101	CjpegliYcbcr	1.3
maps	nps_nps-biho-FINAL-VERSION_BIHO-unigrid_Side-1_X3_compressed-for-web-6_p01.png	jpegli	420	90	model_proj	43.733	88.691	0.7551	CjpegliYcbcr	1.3
maps	nps_nps-biho-FINAL-VERSION_BIHO-unigrid_Side-1_X3_compressed-for-web-6_p01.png	jpegli	444	15	identity_off	32.855	54.379	2.4675	CjpegliYcbcr	11.8
maps	nps_nps-biho-FINAL-VERSION_BIHO-unigrid_Side-1_X3_compressed-for-web-6_p01.png	jpegli	444	15	model_policy	34.938	58.291	2.4044	CjpegliYcbcr	11.8
maps	nps_nps-biho-FINAL-VERSION_BIHO-unigrid_Side-1_X3_compressed-for-web-6_p01.png	jpegli	444	15	model_proj	34.942	58.342	2.4040	CjpegliYcbcr	11.8
maps	nps_nps-biho-FINAL-VERSION_BIHO-unigrid_Side-1_X3_compressed-for-web-6_p01.png	jpegli	444	35	identity_off	35.922	70.740	2.2126	CjpegliYcbcr	6.0
maps	nps_nps-biho-FINAL-VERSION_BIHO-unigrid_Side-1_X3_compressed-for-web-6_p01.png	jpegli	444	35	model_policy	37.765	73.421	2.1752	CjpegliYcbcr	6.0
maps	nps_nps-biho-FINAL-VERSION_BIHO-unigrid_Side-1_X3_compressed-for-web-6_p01.png	jpegli	444	35	model_proj	37.780	73.519	2.1746	CjpegliYcbcr	6.0
maps	nps_nps-biho-FINAL-VERSION_BIHO-unigrid_Side-1_X3_compressed-for-web-6_p01.png	jpegli	444	55	identity_off	37.586	75.700	1.4147	CjpegliYcbcr	4.1
maps	nps_nps-biho-FINAL-VERSION_BIHO-unigrid_Side-1_X3_compressed-for-web-6_p01.png	jpegli	444	55	model_policy	39.137	77.667	1.3886	CjpegliYcbcr	4.1
maps	nps_nps-biho-FINAL-VERSION_BIHO-unigrid_Side-1_X3_compressed-for-web-6_p01.png	jpegli	444	55	model_proj	39.154	77.807	1.3876	CjpegliYcbcr	4.1
maps	nps_nps-biho-FINAL-VERSION_BIHO-unigrid_Side-1_X3_compressed-for-web-6_p01.png	jpegli	444	75	identity_off	40.029	82.374	1.1424	CjpegliYcbcr	2.3
maps	nps_nps-biho-FINAL-VERSION_BIHO-unigrid_Side-1_X3_compressed-for-web-6_p01.png	jpegli	444	75	model_policy	41.344	83.297	1.1241	CjpegliYcbcr	2.3
maps	nps_nps-biho-FINAL-VERSION_BIHO-unigrid_Side-1_X3_compressed-for-web-6_p01.png	jpegli	444	75	model_proj	41.371	83.565	1.1216	CjpegliYcbcr	2.3
maps	nps_nps-biho-FINAL-VERSION_BIHO-unigrid_Side-1_X3_compressed-for-web-6_p01.png	jpegli	444	90	identity_off	43.445	88.831	0.9107	CjpegliYcbcr	1.1
maps	nps_nps-biho-FINAL-VERSION_BIHO-unigrid_Side-1_X3_compressed-for-web-6_p01.png	jpegli	444	90	model_policy	44.200	89.119	0.9165	CjpegliYcbcr	1.1
maps	nps_nps-biho-FINAL-VERSION_BIHO-unigrid_Side-1_X3_compressed-for-web-6_p01.png	jpegli	444	90	model_proj	44.308	89.539	0.9089	CjpegliYcbcr	1.1
maps	nps_nps-biho-FINAL-VERSION_BIHO-unigrid_Side-1_X3_compressed-for-web-6_p01.png	zenjpeg	420	15	identity_off	33.200	53.078	3.2870	CjpegliYcbcr	14.2
maps	nps_nps-biho-FINAL-VERSION_BIHO-unigrid_Side-1_X3_compressed-for-web-6_p01.png	zenjpeg	420	15	model_policy	34.897	56.866	3.2675	CjpegliYcbcr	14.2
maps	nps_nps-biho-FINAL-VERSION_BIHO-unigrid_Side-1_X3_compressed-for-web-6_p01.png	zenjpeg	420	15	model_proj	34.721	56.816	3.2673	CjpegliYcbcr	14.2
maps	nps_nps-biho-FINAL-VERSION_BIHO-unigrid_Side-1_X3_compressed-for-web-6_p01.png	zenjpeg	420	35	identity_off	36.024	69.730	1.4745	CjpegliYcbcr	7.2
maps	nps_nps-biho-FINAL-VERSION_BIHO-unigrid_Side-1_X3_compressed-for-web-6_p01.png	zenjpeg	420	35	model_policy	37.658	71.881	1.3893	CjpegliYcbcr	7.2
maps	nps_nps-biho-FINAL-VERSION_BIHO-unigrid_Side-1_X3_compressed-for-web-6_p01.png	zenjpeg	420	35	model_proj	37.183	71.718	1.4012	CjpegliYcbcr	7.2
maps	nps_nps-biho-FINAL-VERSION_BIHO-unigrid_Side-1_X3_compressed-for-web-6_p01.png	zenjpeg	420	55	identity_off	37.469	75.063	1.2639	CjpegliYcbcr	5.2
maps	nps_nps-biho-FINAL-VERSION_BIHO-unigrid_Side-1_X3_compressed-for-web-6_p01.png	zenjpeg	420	55	model_policy	38.927	76.420	1.2000	CjpegliYcbcr	5.2
maps	nps_nps-biho-FINAL-VERSION_BIHO-unigrid_Side-1_X3_compressed-for-web-6_p01.png	zenjpeg	420	55	model_proj	38.677	76.485	1.2027	CjpegliYcbcr	5.2
maps	nps_nps-biho-FINAL-VERSION_BIHO-unigrid_Side-1_X3_compressed-for-web-6_p01.png	zenjpeg	420	75	identity_off	39.684	81.004	0.9847	CjpegliYcbcr	3.0
maps	nps_nps-biho-FINAL-VERSION_BIHO-unigrid_Side-1_X3_compressed-for-web-6_p01.png	zenjpeg	420	75	model_policy	40.969	81.899	0.9354	CjpegliYcbcr	3.0
maps	nps_nps-biho-FINAL-VERSION_BIHO-unigrid_Side-1_X3_compressed-for-web-6_p01.png	zenjpeg	420	75	model_proj	40.810	81.982	0.9328	CjpegliYcbcr	3.0
maps	nps_nps-biho-FINAL-VERSION_BIHO-unigrid_Side-1_X3_compressed-for-web-6_p01.png	zenjpeg	420	90	identity_off	42.432	87.973	0.7168	CjpegliYcbcr	1.3
maps	nps_nps-biho-FINAL-VERSION_BIHO-unigrid_Side-1_X3_compressed-for-web-6_p01.png	zenjpeg	420	90	model_policy	43.628	87.907	0.7220	CjpegliYcbcr	1.3
maps	nps_nps-biho-FINAL-VERSION_BIHO-unigrid_Side-1_X3_compressed-for-web-6_p01.png	zenjpeg	420	90	model_proj	43.671	88.267	0.7732	CjpegliYcbcr	1.3
maps	nps_nps-biho-FINAL-VERSION_BIHO-unigrid_Side-1_X3_compressed-for-web-6_p01.png	zenjpeg	444	15	identity_off	33.504	55.891	2.4203	CjpegliYcbcr	11.8
maps	nps_nps-biho-FINAL-VERSION_BIHO-unigrid_Side-1_X3_compressed-for-web-6_p01.png	zenjpeg	444	15	model_policy	35.356	59.262	2.3821	CjpegliYcbcr	11.8
maps	nps_nps-biho-FINAL-VERSION_BIHO-unigrid_Side-1_X3_compressed-for-web-6_p01.png	zenjpeg	444	15	model_proj	35.108	59.183	2.3871	CjpegliYcbcr	11.8
maps	nps_nps-biho-FINAL-VERSION_BIHO-unigrid_Side-1_X3_compressed-for-web-6_p01.png	zenjpeg	444	35	identity_off	36.398	72.044	3.0042	CjpegliYcbcr	6.0
maps	nps_nps-biho-FINAL-VERSION_BIHO-unigrid_Side-1_X3_compressed-for-web-6_p01.png	zenjpeg	444	35	model_policy	37.953	74.167	2.9972	CjpegliYcbcr	6.0
maps	nps_nps-biho-FINAL-VERSION_BIHO-unigrid_Side-1_X3_compressed-for-web-6_p01.png	zenjpeg	444	35	model_proj	37.737	74.143	2.9972	CjpegliYcbcr	6.0
maps	nps_nps-biho-FINAL-VERSION_BIHO-unigrid_Side-1_X3_compressed-for-web-6_p01.png	zenjpeg	444	55	identity_off	38.119	76.524	1.2494	CjpegliYcbcr	4.1
maps	nps_nps-biho-FINAL-VERSION_BIHO-unigrid_Side-1_X3_compressed-for-web-6_p01.png	zenjpeg	444	55	model_policy	39.570	78.199	1.2010	CjpegliYcbcr	4.1
maps	nps_nps-biho-FINAL-VERSION_BIHO-unigrid_Side-1_X3_compressed-for-web-6_p01.png	zenjpeg	444	55	model_proj	39.402	78.154	1.2009	CjpegliYcbcr	4.1
maps	nps_nps-biho-FINAL-VERSION_BIHO-unigrid_Side-1_X3_compressed-for-web-6_p01.png	zenjpeg	444	75	identity_off	40.266	82.417	1.1382	CjpegliYcbcr	2.3
maps	nps_nps-biho-FINAL-VERSION_BIHO-unigrid_Side-1_X3_compressed-for-web-6_p01.png	zenjpeg	444	75	model_policy	41.444	83.208	1.1202	CjpegliYcbcr	2.3
maps	nps_nps-biho-FINAL-VERSION_BIHO-unigrid_Side-1_X3_compressed-for-web-6_p01.png	zenjpeg	444	75	model_proj	41.366	83.382	1.1174	CjpegliYcbcr	2.3
maps	nps_nps-biho-FINAL-VERSION_BIHO-unigrid_Side-1_X3_compressed-for-web-6_p01.png	zenjpeg	444	90	identity_off	43.489	88.719	0.6955	CjpegliYcbcr	1.1
maps	nps_nps-biho-FINAL-VERSION_BIHO-unigrid_Side-1_X3_compressed-for-web-6_p01.png	zenjpeg	444	90	model_policy	44.200	88.831	0.7128	CjpegliYcbcr	1.1
maps	nps_nps-biho-FINAL-VERSION_BIHO-unigrid_Side-1_X3_compressed-for-web-6_p01.png	zenjpeg	444	90	model_proj	44.258	89.202	0.6954	CjpegliYcbcr	1.1
renders	a-chosen-soul-MOIGsaj8te0-unsplash.jpg	turbo	420	15	identity_off	33.295	23.545	2.1729	Unknown	15.0
renders	a-chosen-soul-MOIGsaj8te0-unsplash.jpg	turbo	420	15	model_policy	33.694	30.822	2.1454	Unknown	15.0
renders	a-chosen-soul-MOIGsaj8te0-unsplash.jpg	turbo	420	15	model_proj	33.696	30.840	2.1447	Unknown	15.0
renders	a-chosen-soul-MOIGsaj8te0-unsplash.jpg	turbo	420	35	identity_off	34.728	49.778	1.7083	ImageMagick	35.0
renders	a-chosen-soul-MOIGsaj8te0-unsplash.jpg	turbo	420	35	model_policy	35.033	53.355	1.6964	ImageMagick	35.0
renders	a-chosen-soul-MOIGsaj8te0-unsplash.jpg	turbo	420	35	model_proj	35.033	53.352	1.6963	ImageMagick	35.0
renders	a-chosen-soul-MOIGsaj8te0-unsplash.jpg	turbo	420	55	identity_off	35.477	55.678	1.4845	ImageMagick	55.0
renders	a-chosen-soul-MOIGsaj8te0-unsplash.jpg	turbo	420	55	model_policy	35.679	58.082	1.4679	ImageMagick	55.0
renders	a-chosen-soul-MOIGsaj8te0-unsplash.jpg	turbo	420	55	model_proj	35.682	58.096	1.4678	ImageMagick	55.0
renders	a-chosen-soul-MOIGsaj8te0-unsplash.jpg	turbo	420	75	identity_off	37.274	68.457	1.1766	ImageMagick	75.0
renders	a-chosen-soul-MOIGsaj8te0-unsplash.jpg	turbo	420	75	model_policy	37.221	65.963	1.1786	ImageMagick	75.0
renders	a-chosen-soul-MOIGsaj8te0-unsplash.jpg	turbo	420	75	model_proj	37.224	65.992	1.1786	ImageMagick	75.0
renders	a-chosen-soul-MOIGsaj8te0-unsplash.jpg	turbo	420	90	identity_off	52.711	92.977	0.1780	ImageMagick	90.0
renders	a-chosen-soul-MOIGsaj8te0-unsplash.jpg	turbo	420	90	model_policy	48.673	84.927	0.3765	ImageMagick	90.0
renders	a-chosen-soul-MOIGsaj8te0-unsplash.jpg	turbo	420	90	model_proj	49.348	87.152	0.3443	ImageMagick	90.0
renders	a-chosen-soul-MOIGsaj8te0-unsplash.jpg	turbo	444	15	identity_off	33.349	25.285	2.1676	Unknown	15.0
renders	a-chosen-soul-MOIGsaj8te0-unsplash.jpg	turbo	444	15	model_policy	33.770	31.736	2.1290	Unknown	15.0
renders	a-chosen-soul-MOIGsaj8te0-unsplash.jpg	turbo	444	15	model_proj	33.772	31.742	2.1285	Unknown	15.0
renders	a-chosen-soul-MOIGsaj8te0-unsplash.jpg	turbo	444	35	identity_off	34.797	51.242	1.7078	ImageMagick	35.0
renders	a-chosen-soul-MOIGsaj8te0-unsplash.jpg	turbo	444	35	model_policy	35.089	54.346	1.6957	ImageMagick	35.0
renders	a-chosen-soul-MOIGsaj8te0-unsplash.jpg	turbo	444	35	model_proj	35.090	54.344	1.6956	ImageMagick	35.0
renders	a-chosen-soul-MOIGsaj8te0-unsplash.jpg	turbo	444	55	identity_off	35.541	56.357	1.4833	ImageMagick	55.0
renders	a-chosen-soul-MOIGsaj8te0-unsplash.jpg	turbo	444	55	model_policy	35.736	59.069	1.4674	ImageMagick	55.0
renders	a-chosen-soul-MOIGsaj8te0-unsplash.jpg	turbo	444	55	model_proj	35.738	59.079	1.4675	ImageMagick	55.0
renders	a-chosen-soul-MOIGsaj8te0-unsplash.jpg	turbo	444	75	identity_off	37.331	68.999	1.1770	ImageMagick	75.0
renders	a-chosen-soul-MOIGsaj8te0-unsplash.jpg	turbo	444	75	model_policy	37.267	66.462	1.1792	ImageMagick	75.0
renders	a-chosen-soul-MOIGsaj8te0-unsplash.jpg	turbo	444	75	model_proj	37.269	66.468	1.1792	ImageMagick	75.0
renders	a-chosen-soul-MOIGsaj8te0-unsplash.jpg	turbo	444	90	identity_off	52.437	93.483	0.1775	ImageMagick	90.0
renders	a-chosen-soul-MOIGsaj8te0-unsplash.jpg	turbo	444	90	model_policy	48.579	85.055	0.3822	ImageMagick	90.0
renders	a-chosen-soul-MOIGsaj8te0-unsplash.jpg	turbo	444	90	model_proj	49.244	87.323	0.3528	ImageMagick	90.0
renders	a-chosen-soul-MOIGsaj8te0-unsplash.jpg	mozjpeg	420	15	identity_off	32.967	21.830	2.4037	Mozjpeg	15.0
renders	a-chosen-soul-MOIGsaj8te0-unsplash.jpg	mozjpeg	420	15	model_policy	33.432	30.039	2.3108	Mozjpeg	15.0
renders	a-chosen-soul-MOIGsaj8te0-unsplash.jpg	mozjpeg	420	15	model_proj	33.432	30.039	2.3108	Mozjpeg	15.0
renders	a-chosen-soul-MOIGsaj8te0-unsplash.jpg	mozjpeg	420	35	identity_off	34.263	44.719	1.8839	Mozjpeg	35.0
renders	a-chosen-soul-MOIGsaj8te0-unsplash.jpg	mozjpeg	420	35	model_policy	34.549	48.296	1.8854	Mozjpeg	35.0
renders	a-chosen-soul-MOIGsaj8te0-unsplash.jpg	mozjpeg	420	35	model_proj	34.549	48.297	1.8854	Mozjpeg	35.0
renders	a-chosen-soul-MOIGsaj8te0-unsplash.jpg	mozjpeg	420	55	identity_off	34.987	52.189	1.6458	Mozjpeg	55.0
renders	a-chosen-soul-MOIGsaj8te0-unsplash.jpg	mozjpeg	420	55	model_policy	35.113	54.539	1.6466	Mozjpeg	55.0
renders	a-chosen-soul-MOIGsaj8te0-unsplash.jpg	mozjpeg	420	55	model_proj	35.113	54.537	1.6466	Mozjpeg	55.0
renders	a-chosen-soul-MOIGsaj8te0-unsplash.jpg	mozjpeg	420	75	identity_off	36.467	65.696	1.3182	Mozjpeg	75.0
renders	a-chosen-soul-MOIGsaj8te0-unsplash.jpg	mozjpeg	420	75	model_policy	36.431	63.594	1.3197	Mozjpeg	75.0
renders	a-chosen-soul-MOIGsaj8te0-unsplash.jpg	mozjpeg	420	75	model_proj	36.432	63.604	1.3199	Mozjpeg	75.0
renders	a-chosen-soul-MOIGsaj8te0-unsplash.jpg	mozjpeg	420	90	identity_off	42.222	83.896	0.7065	Mozjpeg	90.0
renders	a-chosen-soul-MOIGsaj8te0-unsplash.jpg	mozjpeg	420	90	model_policy	41.866	78.887	0.7168	Mozjpeg	90.0
renders	a-chosen-soul-MOIGsaj8te0-unsplash.jpg	mozjpeg	420	90	model_proj	41.879	79.168	0.7163	Mozjpeg	90.0
renders	a-chosen-soul-MOIGsaj8te0-unsplash.jpg	mozjpeg	444	15	identity_off	33.040	23.490	2.3953	Mozjpeg	15.0
renders	a-chosen-soul-MOIGsaj8te0-unsplash.jpg	mozjpeg	444	15	model_policy	33.516	30.751	2.3016	Mozjpeg	15.0
renders	a-chosen-soul-MOIGsaj8te0-unsplash.jpg	mozjpeg	444	15	model_proj	33.516	30.751	2.3016	Mozjpeg	15.0
renders	a-chosen-soul-MOIGsaj8te0-unsplash.jpg	mozjpeg	444	35	identity_off	34.315	45.935	1.8842	Mozjpeg	35.0
renders	a-chosen-soul-MOIGsaj8te0-unsplash.jpg	mozjpeg	444	35	model_policy	34.593	48.930	1.8820	Mozjpeg	35.0
renders	a-chosen-soul-MOIGsaj8te0-unsplash.jpg	mozjpeg	444	35	model_proj	34.593	48.931	1.8820	Mozjpeg	35.0
renders	a-chosen-soul-MOIGsaj8te0-unsplash.jpg	mozjpeg	444	55	identity_off	35.031	52.656	1.6488	Mozjpeg	55.0
renders	a-chosen-soul-MOIGsaj8te0-unsplash.jpg	mozjpeg	444	55	model_policy	35.150	55.049	1.6482	Mozjpeg	55.0
renders	a-chosen-soul-MOIGsaj8te0-unsplash.jpg	mozjpeg	444	55	model_proj	35.150	55.051	1.6482	Mozjpeg	55.0
renders	a-chosen-soul-MOIGsaj8te0-unsplash.jpg	mozjpeg	444	75	identity_off	36.505	66.534	1.3161	Mozjpeg	75.0
renders	a-chosen-soul-MOIGsaj8te0-unsplash.jpg	mozjpeg	444	75	model_policy	36.460	64.313	1.3179	Mozjpeg	75.0
renders	a-chosen-soul-MOIGsaj8te0-unsplash.jpg	mozjpeg	444	75	model_proj	36.461	64.329	1.3179	Mozjpeg	75.0
renders	a-chosen-soul-MOIGsaj8te0-unsplash.jpg	mozjpeg	444	90	identity_off	42.239	84.217	0.7063	Mozjpeg	90.0
renders	a-chosen-soul-MOIGsaj8te0-unsplash.jpg	mozjpeg	444	90	model_policy	41.876	79.093	0.7166	Mozjpeg	90.0
renders	a-chosen-soul-MOIGsaj8te0-unsplash.jpg	mozjpeg	444	90	model_proj	41.892	79.383	0.7162	Mozjpeg	90.0
renders	a-chosen-soul-MOIGsaj8te0-unsplash.jpg	jpegli	420	15	identity_off	33.624	32.442	2.1610	CjpegliYcbcr	14.2
renders	a-chosen-soul-MOIGsaj8te0-unsplash.jpg	jpegli	420	15	model_policy	33.970	39.117	2.1246	CjpegliYcbcr	14.2
renders	a-chosen-soul-MOIGsaj8te0-unsplash.jpg	jpegli	420	15	model_proj	33.970	39.118	2.1246	CjpegliYcbcr	14.2
renders	a-chosen-soul-MOIGsaj8te0-unsplash.jpg	jpegli	420	35	identity_off	34.323	47.238	1.9027	CjpegliYcbcr	7.2
renders	a-chosen-soul-MOIGsaj8te0-unsplash.jpg	jpegli	420	35	model_policy	34.485	50.625	1.9109	CjpegliYcbcr	7.2
renders	a-chosen-soul-MOIGsaj8te0-unsplash.jpg	jpegli	420	35	model_proj	34.486	50.628	1.9109	CjpegliYcbcr	7.2
renders	a-chosen-soul-MOIGsaj8te0-unsplash.jpg	jpegli	420	55	identity_off	34.993	51.341	1.6862	CjpegliYcbcr	5.2
renders	a-chosen-soul-MOIGsaj8te0-unsplash.jpg	jpegli	420	55	model_policy	35.115	55.378	1.7039	CjpegliYcbcr	5.2
renders	a-chosen-soul-MOIGsaj8te0-unsplash.jpg	jpegli	420	55	model_proj	35.116	55.390	1.7039	CjpegliYcbcr	5.2
renders	a-chosen-soul-MOIGsaj8te0-unsplash.jpg	jpegli	420	75	identity_off	37.216	66.303	1.2400	CjpegliYcbcr	3.0
renders	a-chosen-soul-MOIGsaj8te0-unsplash.jpg	jpegli	420	75	model_policy	37.133	63.686	1.2472	CjpegliYcbcr	3.0
renders	a-chosen-soul-MOIGsaj8te0-unsplash.jpg	jpegli	420	75	model_proj	37.177	64.751	1.2465	CjpegliYcbcr	3.0
renders	a-chosen-soul-MOIGsaj8te0-unsplash.jpg	jpegli	420	90	identity_off	46.162	85.319	0.4231	CjpegliYcbcr	1.3
renders	a-chosen-soul-MOIGsaj8te0-unsplash.jpg	jpegli	420	90	model_policy	45.080	80.463	0.4680	CjpegliYcbcr	1.3
renders	a-chosen-soul-MOIGsaj8te0-unsplash.jpg	jpegli	420	90	model_proj	45.484	83.502	0.4516	CjpegliYcbcr	1.3
renders	a-chosen-soul-MOIGsaj8te0-unsplash.jpg	jpegli	444	15	identity_off	33.531	33.667	2.1346	CjpegliYcbcr	11.8
renders	a-chosen-soul-MOIGsaj8te0-unsplash.jpg	jpegli	444	15	model_policy	33.902	41.614	2.1138	CjpegliYcbcr	11.8
renders	a-chosen-soul-MOIGsaj8te0-unsplash.jpg	jpegli	444	15	model_proj	33.902	41.614	2.1138	CjpegliYcbcr	11.8
renders	a-chosen-soul-MOIGsaj8te0-unsplash.jpg	jpegli	444	35	identity_off	34.586	50.656	1.7830	CjpegliYcbcr	6.0
renders	a-chosen-soul-MOIGsaj8te0-unsplash.jpg	jpegli	444	35	model_policy	34.630	50.708	1.8054	CjpegliYcbcr	6.0
renders	a-chosen-soul-MOIGsaj8te0-unsplash.jpg	jpegli	444	35	model_proj	34.630	50.708	1.8052	CjpegliYcbcr	6.0
renders	a-chosen-soul-MOIGsaj8te0-unsplash.jpg	jpegli	444	55	identity_off	35.558	58.252	1.5342	CjpegliYcbcr	4.1
renders	a-chosen-soul-MOIGsaj8te0-unsplash.jpg	jpegli	444	55	model_policy	35.508	57.037	1.5520	CjpegliYcbcr	4.1
renders	a-chosen-soul-MOIGsaj8te0-unsplash.jpg	jpegli	444	55	model_proj	35.509	57.034	1.5519	CjpegliYcbcr	4.1
renders	a-chosen-soul-MOIGsaj8te0-unsplash.jpg	jpegli	444	75	identity_off	38.551	70.375	1.0342	CjpegliYcbcr	2.3
renders	a-chosen-soul-MOIGsaj8te0-unsplash.jpg	jpegli	444	75	model_policy	38.457	68.895	1.0474	CjpegliYcbcr	2.3
renders	a-chosen-soul-MOIGsaj8te0-unsplash.jpg	jpegli	444	75	model_proj	38.507	69.934	1.0463	CjpegliYcbcr	2.3
renders	a-chosen-soul-MOIGsaj8te0-unsplash.jpg	jpegli	444	90	identity_off	47.259	87.452	0.3627	CjpegliYcbcr	1.1
renders	a-chosen-soul-MOIGsaj8te0-unsplash.jpg	jpegli	444	90	model_policy	45.929	81.760	0.4443	CjpegliYcbcr	1.1
renders	a-chosen-soul-MOIGsaj8te0-unsplash.jpg	jpegli	444	90	model_proj	46.822	85.864	0.4113	CjpegliYcbcr	1.1
renders	a-chosen-soul-MOIGsaj8te0-unsplash.jpg	zenjpeg	420	15	identity_off	33.604	34.222	2.1655	CjpegliYcbcr	14.2
renders	a-chosen-soul-MOIGsaj8te0-unsplash.jpg	zenjpeg	420	15	model_policy	33.940	40.548	2.1296	CjpegliYcbcr	14.2
renders	a-chosen-soul-MOIGsaj8te0-unsplash.jpg	zenjpeg	420	15	model_proj	33.940	40.549	2.1296	CjpegliYcbcr	14.2
renders	a-chosen-soul-MOIGsaj8te0-unsplash.jpg	zenjpeg	420	35	identity_off	34.306	47.140	1.8982	CjpegliYcbcr	7.2
renders	a-chosen-soul-MOIGsaj8te0-unsplash.jpg	zenjpeg	420	35	model_policy	34.470	50.131	1.9064	CjpegliYcbcr	7.2
renders	a-chosen-soul-MOIGsaj8te0-unsplash.jpg	zenjpeg	420	35	model_proj	34.470	50.122	1.9064	CjpegliYcbcr	7.2
renders	a-chosen-soul-MOIGsaj8te0-unsplash.jpg	zenjpeg	420	55	identity_off	35.001	51.384	1.6885	CjpegliYcbcr	5.2
renders	a-chosen-soul-MOIGsaj8te0-unsplash.jpg	zenjpeg	420	55	model_policy	35.122	55.559	1.7063	CjpegliYcbcr	5.2
renders	a-chosen-soul-MOIGsaj8te0-unsplash.jpg	zenjpeg	420	55	model_proj	35.122	55.562	1.7063	CjpegliYcbcr	5.2
renders	a-chosen-soul-MOIGsaj8te0-unsplash.jpg	zenjpeg	420	75	identity_off	37.232	66.755	1.2406	CjpegliYcbcr	3.0
renders	a-chosen-soul-MOIGsaj8te0-unsplash.jpg	zenjpeg	420	75	model_policy	37.129	64.169	1.2481	CjpegliYcbcr	3.0
renders	a-chosen-soul-MOIGsaj8te0-unsplash.jpg	zenjpeg	420	75	model_proj	37.174	65.232	1.2474	CjpegliYcbcr	3.0
renders	a-chosen-soul-MOIGsaj8te0-unsplash.jpg	zenjpeg	420	90	identity_off	46.190	85.572	0.4242	CjpegliYcbcr	1.3
renders	a-chosen-soul-MOIGsaj8te0-unsplash.jpg	zenjpeg	420	90	model_policy	45.093	80.695	0.4694	CjpegliYcbcr	1.3
renders	a-chosen-soul-MOIGsaj8te0-unsplash.jpg	zenjpeg	420	90	model_proj	45.487	83.587	0.4538	CjpegliYcbcr	1.3
renders	a-chosen-soul-MOIGsaj8te0-unsplash.jpg	zenjpeg	444	15	identity_off	33.518	32.740	2.1418	CjpegliYcbcr	11.8
renders	a-chosen-soul-MOIGsaj8te0-unsplash.jpg	zenjpeg	444	15	model_policy	33.896	41.246	2.1229	CjpegliYcbcr	11.8
renders	a-chosen-soul-MOIGsaj8te0-unsplash.jpg	zenjpeg	444	15	model_proj	33.896	41.245	2.1229	CjpegliYcbcr	11.8
renders	a-chosen-soul-MOIGsaj8te0-unsplash.jpg	zenjpeg	444	35	identity_off	34.574	50.809	1.7865	CjpegliYcbcr	6.0
renders	a-chosen-soul-MOIGsaj8te0-unsplash.jpg	zenjpeg	444	35	model_policy	34.588	50.362	1.8102	CjpegliYcbcr	6.0
renders	a-chosen-soul-MOIGsaj8te0-unsplash.jpg	zenjpeg	444	35	model_proj	34.589	50.361	1.8100	CjpegliYcbcr	6.0
renders	a-chosen-soul-MOIGsaj8te0-unsplash.jpg	zenjpeg	444	55	identity_off	35.545	58.033	1.5414	CjpegliYcbcr	4.1
renders	a-chosen-soul-MOIGsaj8te0-unsplash.jpg	zenjpeg	444	55	model_policy	35.483	56.713	1.5601	CjpegliYcbcr	4.1
renders	a-chosen-soul-MOIGsaj8te0-unsplash.jpg	zenjpeg	444	55	model_proj	35.485	56.715	1.5601	CjpegliYcbcr	4.1
renders	a-chosen-soul-MOIGsaj8te0-unsplash.jpg	zenjpeg	444	75	identity_off	38.525	69.521	1.0408	CjpegliYcbcr	2.3
renders	a-chosen-soul-MOIGsaj8te0-unsplash.jpg	zenjpeg	444	75	model_policy	38.420	68.364	1.0541	CjpegliYcbcr	2.3
renders	a-chosen-soul-MOIGsaj8te0-unsplash.jpg	zenjpeg	444	75	model_proj	38.470	69.295	1.0531	CjpegliYcbcr	2.3
renders	a-chosen-soul-MOIGsaj8te0-unsplash.jpg	zenjpeg	444	90	identity_off	47.305	87.930	0.3631	CjpegliYcbcr	1.1
renders	a-chosen-soul-MOIGsaj8te0-unsplash.jpg	zenjpeg	444	90	model_policy	45.955	82.029	0.4421	CjpegliYcbcr	1.1
renders	a-chosen-soul-MOIGsaj8te0-unsplash.jpg	zenjpeg	444	90	model_proj	46.851	86.114	0.4075	CjpegliYcbcr	1.1
renders	anton-sobotyak-g7aYFxxNTVA-unsplash.jpg	turbo	420	15	identity_off	40.393	42.288	1.6844	Unknown	15.0
renders	anton-sobotyak-g7aYFxxNTVA-unsplash.jpg	turbo	420	15	model_policy	42.493	55.882	1.4091	Unknown	15.0
renders	anton-sobotyak-g7aYFxxNTVA-unsplash.jpg	turbo	420	15	model_proj	42.493	55.882	1.4091	Unknown	15.0
renders	anton-sobotyak-g7aYFxxNTVA-unsplash.jpg	turbo	420	35	identity_off	47.122	68.156	0.9185	ImageMagick	35.0
renders	anton-sobotyak-g7aYFxxNTVA-unsplash.jpg	turbo	420	35	model_policy	49.269	77.479	0.6318	ImageMagick	35.0
renders	anton-sobotyak-g7aYFxxNTVA-unsplash.jpg	turbo	420	35	model_proj	49.282	77.522	0.6318	ImageMagick	35.0
renders	anton-sobotyak-g7aYFxxNTVA-unsplash.jpg	turbo	420	55	identity_off	47.231	77.196	0.6936	ImageMagick	55.0
renders	anton-sobotyak-g7aYFxxNTVA-unsplash.jpg	turbo	420	55	model_policy	47.914	81.945	0.5995	ImageMagick	55.0
renders	anton-sobotyak-g7aYFxxNTVA-unsplash.jpg	turbo	420	55	model_proj	47.932	81.980	0.5986	ImageMagick	55.0
renders	anton-sobotyak-g7aYFxxNTVA-unsplash.jpg	turbo	420	75	identity_off	53.403	87.381	0.4995	ImageMagick	75.0
renders	anton-sobotyak-g7aYFxxNTVA-unsplash.jpg	turbo	420	75	model_policy	51.598	85.911	0.4964	ImageMagick	75.0
renders	anton-sobotyak-g7aYFxxNTVA-unsplash.jpg	turbo	420	75	model_proj	51.614	85.916	0.4963	ImageMagick	75.0
renders	anton-sobotyak-g7aYFxxNTVA-unsplash.jpg	turbo	420	90	identity_off	59.160	94.092	0.2097	ImageMagick	90.0
renders	anton-sobotyak-g7aYFxxNTVA-unsplash.jpg	turbo	420	90	model_policy	53.611	88.736	0.3376	ImageMagick	90.0
renders	anton-sobotyak-g7aYFxxNTVA-unsplash.jpg	turbo	420	90	model_proj	55.330	90.654	0.2899	ImageMagick	90.0
renders	anton-sobotyak-g7aYFxxNTVA-unsplash.jpg	turbo	444	15	identity_off	40.411	41.542	1.6765	Unknown	15.0
renders	anton-sobotyak-g7aYFxxNTVA-unsplash.jpg	turbo	444	15	model_policy	42.575	55.829	1.3945	Unknown	15.0
renders	anton-sobotyak-g7aYFxxNTVA-unsplash.jpg	turbo	444	15	model_proj	42.575	55.829	1.3945	Unknown	15.0
renders	anton-sobotyak-g7aYFxxNTVA-unsplash.jpg	turbo	444	35	identity_off	47.382	69.319	0.9172	ImageMagick	35.0
renders	anton-sobotyak-g7aYFxxNTVA-unsplash.jpg	turbo	444	35	model_policy	49.209	77.402	0.6429	ImageMagick	35.0
renders	anton-sobotyak-g7aYFxxNTVA-unsplash.jpg	turbo	444	35	model_proj	49.281	77.495	0.6432	ImageMagick	35.0
renders	anton-sobotyak-g7aYFxxNTVA-unsplash.jpg	turbo	444	55	identity_off	47.113	77.908	0.6876	ImageMagick	55.0
renders	anton-sobotyak-g7aYFxxNTVA-unsplash.jpg	turbo	444	55	model_policy	47.703	82.320	0.5990	ImageMagick	55.0
renders	anton-sobotyak-g7aYFxxNTVA-unsplash.jpg	turbo	444	55	model_proj	47.742	82.355	0.5969	ImageMagick	55.0
renders	anton-sobotyak-g7aYFxxNTVA-unsplash.jpg	turbo	444	75	identity_off	54.866	88.695	0.4842	ImageMagick	75.0
renders	anton-sobotyak-g7aYFxxNTVA-unsplash.jpg	turbo	444	75	model_policy	52.160	86.560	0.4817	ImageMagick	75.0
renders	anton-sobotyak-g7aYFxxNTVA-unsplash.jpg	turbo	444	75	model_proj	52.192	86.583	0.4818	ImageMagick	75.0
renders	anton-sobotyak-g7aYFxxNTVA-unsplash.jpg	turbo	444	90	identity_off	62.251	96.379	0.1801	ImageMagick	90.0
renders	anton-sobotyak-g7aYFxxNTVA-unsplash.jpg	turbo	444	90	model_policy	53.942	89.376	0.3336	ImageMagick	90.0
renders	anton-sobotyak-g7aYFxxNTVA-unsplash.jpg	turbo	444	90	model_proj	55.934	91.106	0.2755	ImageMagick	90.0
renders	anton-sobotyak-g7aYFxxNTVA-unsplash.jpg	mozjpeg	420	15	identity_off	40.294	39.227	1.6810	Mozjpeg	15.0
renders	anton-sobotyak-g7aYFxxNTVA-unsplash.jpg	mozjpeg	420	15	model_policy	42.459	53.713	1.4019	Mozjpeg	15.0
renders	anton-sobotyak-g7aYFxxNTVA-unsplash.jpg	mozjpeg	420	15	model_proj	42.459	53.713	1.4019	Mozjpeg	15.0
renders	anton-sobotyak-g7aYFxxNTVA-unsplash.jpg	mozjpeg	420	35	identity_off	46.890	67.561	0.9554	Mozjpeg	35.0
renders	anton-sobotyak-g7aYFxxNTVA-unsplash.jpg	mozjpeg	420	35	model_policy	48.948	76.480	0.6503	Mozjpeg	35.0
renders	anton-sobotyak-g7aYFxxNTVA-unsplash.jpg	mozjpeg	420	35	model_proj	48.948	76.480	0.6503	Mozjpeg	35.0
renders	anton-sobotyak-g7aYFxxNTVA-unsplash.jpg	mozjpeg	420	55	identity_off	47.066	76.426	0.7263	Mozjpeg	55.0
renders	anton-sobotyak-g7aYFxxNTVA-unsplash.jpg	mozjpeg	420	55	model_policy	47.899	81.729	0.5936	Mozjpeg	55.0
renders	anton-sobotyak-g7aYFxxNTVA-unsplash.jpg	mozjpeg	420	55	model_proj	47.901	81.733	0.5935	Mozjpeg	55.0
renders	anton-sobotyak-g7aYFxxNTVA-unsplash.jpg	mozjpeg	420	75	identity_off	53.345	85.960	0.4997	Mozjpeg	75.0
renders	anton-sobotyak-g7aYFxxNTVA-unsplash.jpg	mozjpeg	420	75	model_policy	50.845	84.864	0.4816	Mozjpeg	75.0
renders	anton-sobotyak-g7aYFxxNTVA-unsplash.jpg	mozjpeg	420	75	model_proj	50.911	84.949	0.4786	Mozjpeg	75.0
renders	anton-sobotyak-g7aYFxxNTVA-unsplash.jpg	mozjpeg	420	90	identity_off	58.635	94.408	0.2460	Mozjpeg	90.0
renders	anton-sobotyak-g7aYFxxNTVA-unsplash.jpg	mozjpeg	420	90	model_policy	53.456	88.806	0.3430	Mozjpeg	90.0
renders	anton-sobotyak-g7aYFxxNTVA-unsplash.jpg	mozjpeg	420	90	model_proj	53.594	89.107	0.3404	Mozjpeg	90.0
renders	anton-sobotyak-g7aYFxxNTVA-unsplash.jpg	mozjpeg	444	15	identity_off	40.307	40.261	1.6877	Mozjpeg	15.0
renders	anton-sobotyak-g7aYFxxNTVA-unsplash.jpg	mozjpeg	444	15	model_policy	42.475	54.119	1.4118	Mozjpeg	15.0
renders	anton-sobotyak-g7aYFxxNTVA-unsplash.jpg	mozjpeg	444	15	model_proj	42.475	54.119	1.4118	Mozjpeg	15.0
renders	anton-sobotyak-g7aYFxxNTVA-unsplash.jpg	mozjpeg	444	35	identity_off	47.203	68.373	0.9522	Mozjpeg	35.0
renders	anton-sobotyak-g7aYFxxNTVA-unsplash.jpg	mozjpeg	444	35	model_policy	48.994	76.394	0.6606	Mozjpeg	35.0
renders	anton-sobotyak-g7aYFxxNTVA-unsplash.jpg	mozjpeg	444	35	model_proj	48.996	76.398	0.6605	Mozjpeg	35.0
renders	anton-sobotyak-g7aYFxxNTVA-unsplash.jpg	mozjpeg	444	55	identity_off	47.058	77.137	0.7237	Mozjpeg	55.0
renders	anton-sobotyak-g7aYFxxNTVA-unsplash.jpg	mozjpeg	444	55	model_policy	47.758	82.028	0.5956	Mozjpeg	55.0
renders	anton-sobotyak-g7aYFxxNTVA-unsplash.jpg	mozjpeg	444	55	model_proj	47.771	82.050	0.5954	Mozjpeg	55.0
renders	anton-sobotyak-g7aYFxxNTVA-unsplash.jpg	mozjpeg	444	75	identity_off	54.766	87.764	0.4883	Mozjpeg	75.0
renders	anton-sobotyak-g7aYFxxNTVA-unsplash.jpg	mozjpeg	444	75	model_policy	51.266	85.477	0.4677	Mozjpeg	75.0
renders	anton-sobotyak-g7aYFxxNTVA-unsplash.jpg	mozjpeg	444	75	model_proj	51.341	85.533	0.4662	Mozjpeg	75.0
renders	anton-sobotyak-g7aYFxxNTVA-unsplash.jpg	mozjpeg	444	90	identity_off	60.662	95.746	0.2317	Mozjpeg	90.0
renders	anton-sobotyak-g7aYFxxNTVA-unsplash.jpg	mozjpeg	444	90	model_policy	53.631	88.941	0.3417	Mozjpeg	90.0
renders	anton-sobotyak-g7aYFxxNTVA-unsplash.jpg	mozjpeg	444	90	model_proj	53.829	89.239	0.3386	Mozjpeg	90.0
renders	anton-sobotyak-g7aYFxxNTVA-unsplash.jpg	jpegli	420	15	identity_off	44.565	59.562	1.1471	CjpegliYcbcr	14.2
renders	anton-sobotyak-g7aYFxxNTVA-unsplash.jpg	jpegli	420	15	model_policy	46.212	70.876	0.8487	CjpegliYcbcr	14.2
renders	anton-sobotyak-g7aYFxxNTVA-unsplash.jpg	jpegli	420	15	model_proj	46.212	70.886	0.8487	CjpegliYcbcr	14.2
renders	anton-sobotyak-g7aYFxxNTVA-unsplash.jpg	jpegli	420	35	identity_off	48.157	75.907	0.7252	CjpegliYcbcr	7.2
renders	anton-sobotyak-g7aYFxxNTVA-unsplash.jpg	jpegli	420	35	model_policy	49.121	82.236	0.5908	CjpegliYcbcr	7.2
renders	anton-sobotyak-g7aYFxxNTVA-unsplash.jpg	jpegli	420	35	model_proj	49.124	82.241	0.5907	CjpegliYcbcr	7.2
renders	anton-sobotyak-g7aYFxxNTVA-unsplash.jpg	jpegli	420	55	identity_off	49.591	78.420	0.6635	CjpegliYcbcr	5.2
renders	anton-sobotyak-g7aYFxxNTVA-unsplash.jpg	jpegli	420	55	model_policy	51.207	84.343	0.5359	CjpegliYcbcr	5.2
renders	anton-sobotyak-g7aYFxxNTVA-unsplash.jpg	jpegli	420	55	model_proj	51.211	84.373	0.5356	CjpegliYcbcr	5.2
renders	anton-sobotyak-g7aYFxxNTVA-unsplash.jpg	jpegli	420	75	identity_off	51.094	85.180	0.5205	CjpegliYcbcr	3.0
renders	anton-sobotyak-g7aYFxxNTVA-unsplash.jpg	jpegli	420	75	model_policy	50.120	84.860	0.4963	CjpegliYcbcr	3.0
renders	anton-sobotyak-g7aYFxxNTVA-unsplash.jpg	jpegli	420	75	model_proj	50.643	85.499	0.4789	CjpegliYcbcr	3.0
renders	anton-sobotyak-g7aYFxxNTVA-unsplash.jpg	jpegli	420	90	identity_off	55.832	91.108	0.3486	CjpegliYcbcr	1.3
renders	anton-sobotyak-g7aYFxxNTVA-unsplash.jpg	jpegli	420	90	model_policy	52.560	87.511	0.3864	CjpegliYcbcr	1.3
renders	anton-sobotyak-g7aYFxxNTVA-unsplash.jpg	jpegli	420	90	model_proj	53.914	89.841	0.3507	CjpegliYcbcr	1.3
renders	anton-sobotyak-g7aYFxxNTVA-unsplash.jpg	jpegli	444	15	identity_off	43.177	66.663	1.1818	CjpegliYcbcr	11.8
renders	anton-sobotyak-g7aYFxxNTVA-unsplash.jpg	jpegli	444	15	model_policy	43.649	72.781	1.0140	CjpegliYcbcr	11.8
renders	anton-sobotyak-g7aYFxxNTVA-unsplash.jpg	jpegli	444	15	model_proj	43.649	72.781	1.0140	CjpegliYcbcr	11.8
renders	anton-sobotyak-g7aYFxxNTVA-unsplash.jpg	jpegli	444	35	identity_off	45.965	75.440	0.8725	CjpegliYcbcr	6.0
renders	anton-sobotyak-g7aYFxxNTVA-unsplash.jpg	jpegli	444	35	model_policy	46.828	79.854	0.8139	CjpegliYcbcr	6.0
renders	anton-sobotyak-g7aYFxxNTVA-unsplash.jpg	jpegli	444	35	model_proj	46.842	79.939	0.8136	CjpegliYcbcr	6.0
renders	anton-sobotyak-g7aYFxxNTVA-unsplash.jpg	jpegli	444	55	identity_off	49.366	81.751	0.5983	CjpegliYcbcr	4.1
renders	anton-sobotyak-g7aYFxxNTVA-unsplash.jpg	jpegli	444	55	model_policy	48.883	82.683	0.5480	CjpegliYcbcr	4.1
renders	anton-sobotyak-g7aYFxxNTVA-unsplash.jpg	jpegli	444	55	model_proj	48.988	83.041	0.5436	CjpegliYcbcr	4.1
renders	anton-sobotyak-g7aYFxxNTVA-unsplash.jpg	jpegli	444	75	identity_off	50.018	86.243	0.5456	CjpegliYcbcr	2.3
renders	anton-sobotyak-g7aYFxxNTVA-unsplash.jpg	jpegli	444	75	model_policy	49.985	85.181	0.5176	CjpegliYcbcr	2.3
renders	anton-sobotyak-g7aYFxxNTVA-unsplash.jpg	jpegli	444	75	model_proj	50.352	86.240	0.5022	CjpegliYcbcr	2.3
renders	anton-sobotyak-g7aYFxxNTVA-unsplash.jpg	jpegli	444	90	identity_off	56.889	91.460	0.3341	CjpegliYcbcr	1.1
renders	anton-sobotyak-g7aYFxxNTVA-unsplash.jpg	jpegli	444	90	model_policy	52.891	87.536	0.3733	CjpegliYcbcr	1.1
renders	anton-sobotyak-g7aYFxxNTVA-unsplash.jpg	jpegli	444	90	model_proj	55.814	90.833	0.3267	CjpegliYcbcr	1.1
renders	anton-sobotyak-g7aYFxxNTVA-unsplash.jpg	zenjpeg	420	15	identity_off	44.614	59.160	1.1508	CjpegliYcbcr	14.2
renders	anton-sobotyak-g7aYFxxNTVA-unsplash.jpg	zenjpeg	420	15	model_policy	46.192	70.319	0.8439	CjpegliYcbcr	14.2
renders	anton-sobotyak-g7aYFxxNTVA-unsplash.jpg	zenjpeg	420	15	model_proj	46.192	70.319	0.8439	CjpegliYcbcr	14.2
renders	anton-sobotyak-g7aYFxxNTVA-unsplash.jpg	zenjpeg	420	35	identity_off	47.111	75.654	0.7601	CjpegliYcbcr	7.2
renders	anton-sobotyak-g7aYFxxNTVA-unsplash.jpg	zenjpeg	420	35	model_policy	47.826	81.113	0.6200	CjpegliYcbcr	7.2
renders	anton-sobotyak-g7aYFxxNTVA-unsplash.jpg	zenjpeg	420	35	model_proj	47.827	81.108	0.6200	CjpegliYcbcr	7.2
renders	anton-sobotyak-g7aYFxxNTVA-unsplash.jpg	zenjpeg	420	55	identity_off	49.604	77.727	0.6976	CjpegliYcbcr	5.2
renders	anton-sobotyak-g7aYFxxNTVA-unsplash.jpg	zenjpeg	420	55	model_policy	50.736	83.094	0.6134	CjpegliYcbcr	5.2
renders	anton-sobotyak-g7aYFxxNTVA-unsplash.jpg	zenjpeg	420	55	model_proj	50.790	83.376	0.6116	CjpegliYcbcr	5.2
renders	anton-sobotyak-g7aYFxxNTVA-unsplash.jpg	zenjpeg	420	75	identity_off	53.189	85.667	0.5240	CjpegliYcbcr	3.0
renders	anton-sobotyak-g7aYFxxNTVA-unsplash.jpg	zenjpeg	420	75	model_policy	51.035	84.999	0.4857	CjpegliYcbcr	3.0
renders	anton-sobotyak-g7aYFxxNTVA-unsplash.jpg	zenjpeg	420	75	model_proj	51.663	85.681	0.4749	CjpegliYcbcr	3.0
renders	anton-sobotyak-g7aYFxxNTVA-unsplash.jpg	zenjpeg	420	90	identity_off	56.520	91.939	0.3275	CjpegliYcbcr	1.3
renders	anton-sobotyak-g7aYFxxNTVA-unsplash.jpg	zenjpeg	420	90	model_policy	52.748	87.795	0.3776	CjpegliYcbcr	1.3
renders	anton-sobotyak-g7aYFxxNTVA-unsplash.jpg	zenjpeg	420	90	model_proj	54.318	89.977	0.3404	CjpegliYcbcr	1.3
renders	anton-sobotyak-g7aYFxxNTVA-unsplash.jpg	zenjpeg	444	15	identity_off	43.270	66.933	1.2137	CjpegliYcbcr	11.8
renders	anton-sobotyak-g7aYFxxNTVA-unsplash.jpg	zenjpeg	444	15	model_policy	43.709	72.126	1.0313	CjpegliYcbcr	11.8
renders	anton-sobotyak-g7aYFxxNTVA-unsplash.jpg	zenjpeg	444	15	model_proj	43.709	72.126	1.0313	CjpegliYcbcr	11.8
renders	anton-sobotyak-g7aYFxxNTVA-unsplash.jpg	zenjpeg	444	35	identity_off	46.015	75.030	0.8883	CjpegliYcbcr	6.0
renders	anton-sobotyak-g7aYFxxNTVA-unsplash.jpg	zenjpeg	444	35	model_policy	46.798	79.429	0.8157	CjpegliYcbcr	6.0
renders	anton-sobotyak-g7aYFxxNTVA-unsplash.jpg	zenjpeg	444	35	model_proj	46.816	79.547	0.8154	CjpegliYcbcr	6.0
renders	anton-sobotyak-g7aYFxxNTVA-unsplash.jpg	zenjpeg	444	55	identity_off	49.547	80.629	0.6583	CjpegliYcbcr	4.1
renders	anton-sobotyak-g7aYFxxNTVA-unsplash.jpg	zenjpeg	444	55	model_policy	48.858	81.330	0.6022	CjpegliYcbcr	4.1
renders	anton-sobotyak-g7aYFxxNTVA-unsplash.jpg	zenjpeg	444	55	model_proj	48.985	82.117	0.5936	CjpegliYcbcr	4.1
renders	anton-sobotyak-g7aYFxxNTVA-unsplash.jpg	zenjpeg	444	75	identity_off	50.560	86.881	0.5720	CjpegliYcbcr	2.3
renders	anton-sobotyak-g7aYFxxNTVA-unsplash.jpg	zenjpeg	444	75	model_policy	49.740	85.392	0.5622	CjpegliYcbcr	2.3
renders	anton-sobotyak-g7aYFxxNTVA-unsplash.jpg	zenjpeg	444	75	model_proj	50.087	86.314	0.5507	CjpegliYcbcr	2.3
renders	anton-sobotyak-g7aYFxxNTVA-unsplash.jpg	zenjpeg	444	90	identity_off	58.854	94.044	0.2556	CjpegliYcbcr	1.1
renders	anton-sobotyak-g7aYFxxNTVA-unsplash.jpg	zenjpeg	444	90	model_policy	53.286	88.727	0.3509	CjpegliYcbcr	1.1
renders	anton-sobotyak-g7aYFxxNTVA-unsplash.jpg	zenjpeg	444	90	model_proj	56.505	92.467	0.2798	CjpegliYcbcr	1.1
renders	itsiken-pmYoy3WaFPU-unsplash.jpg	turbo	420	15	identity_off	30.633	18.010	2.5513	Unknown	15.0
renders	itsiken-pmYoy3WaFPU-unsplash.jpg	turbo	420	15	model_policy	31.805	28.047	2.3660	Unknown	15.0
renders	itsiken-pmYoy3WaFPU-unsplash.jpg	turbo	420	15	model_proj	31.805	28.048	2.3660	Unknown	15.0
renders	itsiken-pmYoy3WaFPU-unsplash.jpg	turbo	420	35	identity_off	33.705	55.857	1.5295	ImageMagick	35.0
renders	itsiken-pmYoy3WaFPU-unsplash.jpg	turbo	420	35	model_policy	34.648	60.067	1.4280	ImageMagick	35.0
renders	itsiken-pmYoy3WaFPU-unsplash.jpg	turbo	420	35	model_proj	34.648	60.072	1.4280	ImageMagick	35.0
renders	itsiken-pmYoy3WaFPU-unsplash.jpg	turbo	420	55	identity_off	35.199	67.802	1.2293	ImageMagick	55.0
renders	itsiken-pmYoy3WaFPU-unsplash.jpg	turbo	420	55	model_policy	36.024	69.658	1.1574	ImageMagick	55.0
renders	itsiken-pmYoy3WaFPU-unsplash.jpg	turbo	420	55	model_proj	36.024	69.659	1.1574	ImageMagick	55.0
renders	itsiken-pmYoy3WaFPU-unsplash.jpg	turbo	420	75	identity_off	36.994	76.805	0.9567	ImageMagick	75.0
renders	itsiken-pmYoy3WaFPU-unsplash.jpg	turbo	420	75	model_policy	37.665	77.577	0.9123	ImageMagick	75.0
renders	itsiken-pmYoy3WaFPU-unsplash.jpg	turbo	420	75	model_proj	37.665	77.567	0.9122	ImageMagick	75.0
renders	itsiken-pmYoy3WaFPU-unsplash.jpg	turbo	420	90	identity_off	39.873	85.490	0.6603	ImageMagick	90.0
renders	itsiken-pmYoy3WaFPU-unsplash.jpg	turbo	420	90	model_policy	40.227	85.812	0.6424	ImageMagick	90.0
renders	itsiken-pmYoy3WaFPU-unsplash.jpg	turbo	420	90	model_proj	40.232	85.741	0.6431	ImageMagick	90.0
renders	itsiken-pmYoy3WaFPU-unsplash.jpg	turbo	444	15	identity_off	30.892	21.738	2.5191	Unknown	15.0
renders	itsiken-pmYoy3WaFPU-unsplash.jpg	turbo	444	15	model_policy	32.334	31.349	2.3147	Unknown	15.0
renders	itsiken-pmYoy3WaFPU-unsplash.jpg	turbo	444	15	model_proj	32.336	31.346	2.3146	Unknown	15.0
renders	itsiken-pmYoy3WaFPU-unsplash.jpg	turbo	444	35	identity_off	34.243	59.652	1.5225	ImageMagick	35.0
renders	itsiken-pmYoy3WaFPU-unsplash.jpg	turbo	444	35	model_policy	35.323	63.150	1.4195	ImageMagick	35.0
renders	itsiken-pmYoy3WaFPU-unsplash.jpg	turbo	444	35	model_proj	35.323	63.154	1.4194	ImageMagick	35.0
renders	itsiken-pmYoy3WaFPU-unsplash.jpg	turbo	444	55	identity_off	35.816	71.018	1.2221	ImageMagick	55.0
renders	itsiken-pmYoy3WaFPU-unsplash.jpg	turbo	444	55	model_policy	36.687	72.279	1.1499	ImageMagick	55.0
renders	itsiken-pmYoy3WaFPU-unsplash.jpg	turbo	444	55	model_proj	36.689	72.276	1.1499	ImageMagick	55.0
renders	itsiken-pmYoy3WaFPU-unsplash.jpg	turbo	444	75	identity_off	37.654	79.145	0.9515	ImageMagick	75.0
renders	itsiken-pmYoy3WaFPU-unsplash.jpg	turbo	444	75	model_policy	38.326	79.187	0.9070	ImageMagick	75.0
renders	itsiken-pmYoy3WaFPU-unsplash.jpg	turbo	444	75	model_proj	38.332	79.306	0.9067	ImageMagick	75.0
renders	itsiken-pmYoy3WaFPU-unsplash.jpg	turbo	444	90	identity_off	40.704	87.342	0.6539	ImageMagick	90.0
renders	itsiken-pmYoy3WaFPU-unsplash.jpg	turbo	444	90	model_policy	41.032	87.247	0.6386	ImageMagick	90.0
renders	itsiken-pmYoy3WaFPU-unsplash.jpg	turbo	444	90	model_proj	41.030	87.195	0.6383	ImageMagick	90.0
renders	itsiken-pmYoy3WaFPU-unsplash.jpg	mozjpeg	420	15	identity_off	29.653	10.391	3.1067	Mozjpeg	15.0
renders	itsiken-pmYoy3WaFPU-unsplash.jpg	mozjpeg	420	15	model_policy	30.801	17.391	2.8983	Mozjpeg	15.0
renders	itsiken-pmYoy3WaFPU-unsplash.jpg	mozjpeg	420	15	model_proj	30.801	17.396	2.8983	Mozjpeg	15.0
renders	itsiken-pmYoy3WaFPU-unsplash.jpg	mozjpeg	420	35	identity_off	32.836	49.976	1.8175	Mozjpeg	35.0
renders	itsiken-pmYoy3WaFPU-unsplash.jpg	mozjpeg	420	35	model_policy	33.878	54.102	1.6850	Mozjpeg	35.0
renders	itsiken-pmYoy3WaFPU-unsplash.jpg	mozjpeg	420	35	model_proj	33.878	54.100	1.6850	Mozjpeg	35.0
renders	itsiken-pmYoy3WaFPU-unsplash.jpg	mozjpeg	420	55	identity_off	34.463	63.900	1.4198	Mozjpeg	55.0
renders	itsiken-pmYoy3WaFPU-unsplash.jpg	mozjpeg	420	55	model_policy	35.289	65.597	1.3505	Mozjpeg	55.0
renders	itsiken-pmYoy3WaFPU-unsplash.jpg	mozjpeg	420	55	model_proj	35.289	65.600	1.3505	Mozjpeg	55.0
renders	itsiken-pmYoy3WaFPU-unsplash.jpg	mozjpeg	420	75	identity_off	36.382	74.561	1.0891	Mozjpeg	75.0
renders	itsiken-pmYoy3WaFPU-unsplash.jpg	mozjpeg	420	75	model_policy	36.947	74.991	1.0554	Mozjpeg	75.0
renders	itsiken-pmYoy3WaFPU-unsplash.jpg	mozjpeg	420	75	model_proj	36.947	74.993	1.0554	Mozjpeg	75.0
renders	itsiken-pmYoy3WaFPU-unsplash.jpg	mozjpeg	420	90	identity_off	39.639	84.757	0.7160	Mozjpeg	90.0
renders	itsiken-pmYoy3WaFPU-unsplash.jpg	mozjpeg	420	90	model_policy	39.941	84.722	0.7030	Mozjpeg	90.0
renders	itsiken-pmYoy3WaFPU-unsplash.jpg	mozjpeg	420	90	model_proj	39.937	84.676	0.7033	Mozjpeg	90.0
renders	itsiken-pmYoy3WaFPU-unsplash.jpg	mozjpeg	444	15	identity_off	29.877	13.894	3.0823	Mozjpeg	15.0
renders	itsiken-pmYoy3WaFPU-unsplash.jpg	mozjpeg	444	15	model_policy	31.159	19.766	2.8640	Mozjpeg	15.0
renders	itsiken-pmYoy3WaFPU-unsplash.jpg	mozjpeg	444	15	model_proj	31.159	19.766	2.8640	Mozjpeg	15.0
renders	itsiken-pmYoy3WaFPU-unsplash.jpg	mozjpeg	444	35	identity_off	33.262	53.384	1.8116	Mozjpeg	35.0
renders	itsiken-pmYoy3WaFPU-unsplash.jpg	mozjpeg	444	35	model_policy	34.320	56.642	1.6802	Mozjpeg	35.0
renders	itsiken-pmYoy3WaFPU-unsplash.jpg	mozjpeg	444	35	model_proj	34.320	56.647	1.6801	Mozjpeg	35.0
renders	itsiken-pmYoy3WaFPU-unsplash.jpg	mozjpeg	444	55	identity_off	34.915	66.421	1.4138	Mozjpeg	55.0
renders	itsiken-pmYoy3WaFPU-unsplash.jpg	mozjpeg	444	55	model_policy	35.657	67.038	1.3460	Mozjpeg	55.0
renders	itsiken-pmYoy3WaFPU-unsplash.jpg	mozjpeg	444	55	model_proj	35.658	67.050	1.3459	Mozjpeg	55.0
renders	itsiken-pmYoy3WaFPU-unsplash.jpg	mozjpeg	444	75	identity_off	36.834	76.298	1.0861	Mozjpeg	75.0
renders	itsiken-pmYoy3WaFPU-unsplash.jpg	mozjpeg	444	75	model_policy	37.277	75.772	1.0553	Mozjpeg	75.0
renders	itsiken-pmYoy3WaFPU-unsplash.jpg	mozjpeg	444	75	model_proj	37.282	75.914	1.0552	Mozjpeg	75.0
renders	itsiken-pmYoy3WaFPU-unsplash.jpg	mozjpeg	444	90	identity_off	40.146	86.023	0.7108	Mozjpeg	90.0
renders	itsiken-pmYoy3WaFPU-unsplash.jpg	mozjpeg	444	90	model_policy	40.383	85.438	0.6992	Mozjpeg	90.0
renders	itsiken-pmYoy3WaFPU-unsplash.jpg	mozjpeg	444	90	model_proj	40.382	85.591	0.6988	Mozjpeg	90.0
renders	itsiken-pmYoy3WaFPU-unsplash.jpg	jpegli	420	15	identity_off	31.364	40.270	2.2868	CjpegliYcbcr	14.2
renders	itsiken-pmYoy3WaFPU-unsplash.jpg	jpegli	420	15	model_policy	32.468	44.594	2.1233	CjpegliYcbcr	14.2
renders	itsiken-pmYoy3WaFPU-unsplash.jpg	jpegli	420	15	model_proj	32.468	44.597	2.1232	CjpegliYcbcr	14.2
renders	itsiken-pmYoy3WaFPU-unsplash.jpg	jpegli	420	35	identity_off	33.141	58.695	1.7040	CjpegliYcbcr	7.2
renders	itsiken-pmYoy3WaFPU-unsplash.jpg	jpegli	420	35	model_policy	34.117	60.533	1.5977	CjpegliYcbcr	7.2
renders	itsiken-pmYoy3WaFPU-unsplash.jpg	jpegli	420	35	model_proj	34.118	60.535	1.5977	CjpegliYcbcr	7.2
renders	itsiken-pmYoy3WaFPU-unsplash.jpg	jpegli	420	55	identity_off	34.005	64.183	1.4834	CjpegliYcbcr	5.2
renders	itsiken-pmYoy3WaFPU-unsplash.jpg	jpegli	420	55	model_policy	34.852	65.509	1.4073	CjpegliYcbcr	5.2
renders	itsiken-pmYoy3WaFPU-unsplash.jpg	jpegli	420	55	model_proj	34.853	65.504	1.4072	CjpegliYcbcr	5.2
renders	itsiken-pmYoy3WaFPU-unsplash.jpg	jpegli	420	75	identity_off	35.502	71.396	1.2016	CjpegliYcbcr	3.0
renders	itsiken-pmYoy3WaFPU-unsplash.jpg	jpegli	420	75	model_policy	36.117	72.178	1.1736	CjpegliYcbcr	3.0
renders	itsiken-pmYoy3WaFPU-unsplash.jpg	jpegli	420	75	model_proj	36.119	72.232	1.1737	CjpegliYcbcr	3.0
renders	itsiken-pmYoy3WaFPU-unsplash.jpg	jpegli	420	90	identity_off	38.723	82.107	0.7569	CjpegliYcbcr	1.3
renders	itsiken-pmYoy3WaFPU-unsplash.jpg	jpegli	420	90	model_policy	39.037	82.483	0.7473	CjpegliYcbcr	1.3
renders	itsiken-pmYoy3WaFPU-unsplash.jpg	jpegli	420	90	model_proj	39.013	82.637	0.7490	CjpegliYcbcr	1.3
renders	itsiken-pmYoy3WaFPU-unsplash.jpg	jpegli	444	15	identity_off	31.479	45.293	2.0633	CjpegliYcbcr	11.8
renders	itsiken-pmYoy3WaFPU-unsplash.jpg	jpegli	444	15	model_policy	32.913	49.044	1.9073	CjpegliYcbcr	11.8
renders	itsiken-pmYoy3WaFPU-unsplash.jpg	jpegli	444	15	model_proj	32.913	49.055	1.9073	CjpegliYcbcr	11.8
renders	itsiken-pmYoy3WaFPU-unsplash.jpg	jpegli	444	35	identity_off	33.490	61.227	1.5527	CjpegliYcbcr	6.0
renders	itsiken-pmYoy3WaFPU-unsplash.jpg	jpegli	444	35	model_policy	34.536	63.485	1.4664	CjpegliYcbcr	6.0
renders	itsiken-pmYoy3WaFPU-unsplash.jpg	jpegli	444	35	model_proj	34.536	63.494	1.4663	CjpegliYcbcr	6.0
renders	itsiken-pmYoy3WaFPU-unsplash.jpg	jpegli	444	55	identity_off	34.417	67.066	1.3661	CjpegliYcbcr	4.1
renders	itsiken-pmYoy3WaFPU-unsplash.jpg	jpegli	444	55	model_policy	35.348	68.418	1.3109	CjpegliYcbcr	4.1
renders	itsiken-pmYoy3WaFPU-unsplash.jpg	jpegli	444	55	model_proj	35.348	68.417	1.3109	CjpegliYcbcr	4.1
renders	itsiken-pmYoy3WaFPU-unsplash.jpg	jpegli	444	75	identity_off	35.946	74.299	1.0937	CjpegliYcbcr	2.3
renders	itsiken-pmYoy3WaFPU-unsplash.jpg	jpegli	444	75	model_policy	36.660	74.787	1.0708	CjpegliYcbcr	2.3
renders	itsiken-pmYoy3WaFPU-unsplash.jpg	jpegli	444	75	model_proj	36.660	74.797	1.0708	CjpegliYcbcr	2.3
renders	itsiken-pmYoy3WaFPU-unsplash.jpg	jpegli	444	90	identity_off	39.379	84.225	0.6693	CjpegliYcbcr	1.1
renders	itsiken-pmYoy3WaFPU-unsplash.jpg	jpegli	444	90	model_policy	39.838	84.551	0.6600	CjpegliYcbcr	1.1
renders	itsiken-pmYoy3WaFPU-unsplash.jpg	jpegli	444	90	model_proj	39.855	84.707	0.6599	CjpegliYcbcr	1.1
renders	itsiken-pmYoy3WaFPU-unsplash.jpg	zenjpeg	420	15	identity_off	31.353	39.905	2.2887	CjpegliYcbcr	14.2
renders	itsiken-pmYoy3WaFPU-unsplash.jpg	zenjpeg	420	15	model_policy	32.460	44.364	2.1240	CjpegliYcbcr	14.2
renders	itsiken-pmYoy3WaFPU-unsplash.jpg	zenjpeg	420	15	model_proj	32.460	44.364	2.1240	CjpegliYcbcr	14.2
renders	itsiken-pmYoy3WaFPU-unsplash.jpg	zenjpeg	420	35	identity_off	33.134	58.794	1.7054	CjpegliYcbcr	7.2
renders	itsiken-pmYoy3WaFPU-unsplash.jpg	zenjpeg	420	35	model_policy	34.108	60.592	1.5993	CjpegliYcbcr	7.2
renders	itsiken-pmYoy3WaFPU-unsplash.jpg	zenjpeg	420	35	model_proj	34.108	60.585	1.5993	CjpegliYcbcr	7.2
renders	itsiken-pmYoy3WaFPU-unsplash.jpg	zenjpeg	420	55	identity_off	33.991	64.067	1.4864	CjpegliYcbcr	5.2
renders	itsiken-pmYoy3WaFPU-unsplash.jpg	zenjpeg	420	55	model_policy	34.841	65.413	1.4104	CjpegliYcbcr	5.2
renders	itsiken-pmYoy3WaFPU-unsplash.jpg	zenjpeg	420	55	model_proj	34.841	65.424	1.4104	CjpegliYcbcr	5.2
renders	itsiken-pmYoy3WaFPU-unsplash.jpg	zenjpeg	420	75	identity_off	35.489	71.375	1.2039	CjpegliYcbcr	3.0
renders	itsiken-pmYoy3WaFPU-unsplash.jpg	zenjpeg	420	75	model_policy	36.108	72.150	1.1761	CjpegliYcbcr	3.0
renders	itsiken-pmYoy3WaFPU-unsplash.jpg	zenjpeg	420	75	model_proj	36.111	72.191	1.1760	CjpegliYcbcr	3.0
renders	itsiken-pmYoy3WaFPU-unsplash.jpg	zenjpeg	420	90	identity_off	38.702	81.987	0.7593	CjpegliYcbcr	1.3
renders	itsiken-pmYoy3WaFPU-unsplash.jpg	zenjpeg	420	90	model_policy	39.021	82.349	0.7495	CjpegliYcbcr	1.3
renders	itsiken-pmYoy3WaFPU-unsplash.jpg	zenjpeg	420	90	model_proj	38.992	82.552	0.7515	CjpegliYcbcr	1.3
renders	itsiken-pmYoy3WaFPU-unsplash.jpg	zenjpeg	444	15	identity_off	31.477	45.399	2.0667	CjpegliYcbcr	11.8
renders	itsiken-pmYoy3WaFPU-unsplash.jpg	zenjpeg	444	15	model_policy	32.909	49.067	1.9070	CjpegliYcbcr	11.8
renders	itsiken-pmYoy3WaFPU-unsplash.jpg	zenjpeg	444	15	model_proj	32.909	49.064	1.9070	CjpegliYcbcr	11.8
renders	itsiken-pmYoy3WaFPU-unsplash.jpg	zenjpeg	444	35	identity_off	33.483	61.119	1.5529	CjpegliYcbcr	6.0
renders	itsiken-pmYoy3WaFPU-unsplash.jpg	zenjpeg	444	35	model_policy	34.550	63.370	1.4641	CjpegliYcbcr	6.0
renders	itsiken-pmYoy3WaFPU-unsplash.jpg	zenjpeg	444	35	model_proj	34.550	63.375	1.4640	CjpegliYcbcr	6.0
renders	itsiken-pmYoy3WaFPU-unsplash.jpg	zenjpeg	444	55	identity_off	34.408	67.018	1.3687	CjpegliYcbcr	4.1
renders	itsiken-pmYoy3WaFPU-unsplash.jpg	zenjpeg	444	55	model_policy	35.345	68.391	1.3125	CjpegliYcbcr	4.1
renders	itsiken-pmYoy3WaFPU-unsplash.jpg	zenjpeg	444	55	model_proj	35.345	68.395	1.3125	CjpegliYcbcr	4.1
renders	itsiken-pmYoy3WaFPU-unsplash.jpg	zenjpeg	444	75	identity_off	35.927	74.288	1.0973	CjpegliYcbcr	2.3
renders	itsiken-pmYoy3WaFPU-unsplash.jpg	zenjpeg	444	75	model_policy	36.644	74.718	1.0741	CjpegliYcbcr	2.3
renders	itsiken-pmYoy3WaFPU-unsplash.jpg	zenjpeg	444	75	model_proj	36.645	74.730	1.0742	CjpegliYcbcr	2.3
renders	itsiken-pmYoy3WaFPU-unsplash.jpg	zenjpeg	444	90	identity_off	39.366	84.297	0.6707	CjpegliYcbcr	1.1
renders	itsiken-pmYoy3WaFPU-unsplash.jpg	zenjpeg	444	90	model_policy	39.824	84.548	0.6619	CjpegliYcbcr	1.1
renders	itsiken-pmYoy3WaFPU-unsplash.jpg	zenjpeg	444	90	model_proj	39.840	84.698	0.6616	CjpegliYcbcr	1.1
textures	anca-gabriela-zosin-bMOnYbmQxHA-unsplash.jpg	turbo	420	15	identity_off	32.342	9.568	4.1645	Unknown	15.0
textures	anca-gabriela-zosin-bMOnYbmQxHA-unsplash.jpg	turbo	420	15	model_policy	33.734	36.331	3.7765	Unknown	15.0
textures	anca-gabriela-zosin-bMOnYbmQxHA-unsplash.jpg	turbo	420	15	model_proj	33.744	36.372	3.7737	Unknown	15.0
textures	anca-gabriela-zosin-bMOnYbmQxHA-unsplash.jpg	turbo	420	35	identity_off	36.696	56.933	2.1750	ImageMagick	35.0
textures	anca-gabriela-zosin-bMOnYbmQxHA-unsplash.jpg	turbo	420	35	model_policy	37.524	63.576	1.8176	ImageMagick	35.0
textures	anca-gabriela-zosin-bMOnYbmQxHA-unsplash.jpg	turbo	420	35	model_proj	37.531	63.567	1.8109	ImageMagick	35.0
textures	anca-gabriela-zosin-bMOnYbmQxHA-unsplash.jpg	turbo	420	55	identity_off	37.890	68.781	1.5213	ImageMagick	55.0
textures	anca-gabriela-zosin-bMOnYbmQxHA-unsplash.jpg	turbo	420	55	model_policy	38.468	70.584	1.4212	ImageMagick	55.0
textures	anca-gabriela-zosin-bMOnYbmQxHA-unsplash.jpg	turbo	420	55	model_proj	38.478	70.653	1.4120	ImageMagick	55.0
textures	anca-gabriela-zosin-bMOnYbmQxHA-unsplash.jpg	turbo	420	75	identity_off	39.675	77.277	1.1733	ImageMagick	75.0
textures	anca-gabriela-zosin-bMOnYbmQxHA-unsplash.jpg	turbo	420	75	model_policy	40.031	77.597	1.1033	ImageMagick	75.0
textures	anca-gabriela-zosin-bMOnYbmQxHA-unsplash.jpg	turbo	420	75	model_proj	40.049	77.753	1.0976	ImageMagick	75.0
textures	anca-gabriela-zosin-bMOnYbmQxHA-unsplash.jpg	turbo	420	90	identity_off	43.221	86.949	0.7308	ImageMagick	90.0
textures	anca-gabriela-zosin-bMOnYbmQxHA-unsplash.jpg	turbo	420	90	model_policy	43.220	86.230	0.7469	ImageMagick	90.0
textures	anca-gabriela-zosin-bMOnYbmQxHA-unsplash.jpg	turbo	420	90	model_proj	43.250	86.294	0.7355	ImageMagick	90.0
textures	anca-gabriela-zosin-bMOnYbmQxHA-unsplash.jpg	turbo	444	15	identity_off	33.214	14.456	4.0456	Unknown	15.0
textures	anca-gabriela-zosin-bMOnYbmQxHA-unsplash.jpg	turbo	444	15	model_policy	34.188	39.907	3.7384	Unknown	15.0
textures	anca-gabriela-zosin-bMOnYbmQxHA-unsplash.jpg	turbo	444	15	model_proj	34.239	40.047	3.7271	Unknown	15.0
textures	anca-gabriela-zosin-bMOnYbmQxHA-unsplash.jpg	turbo	444	35	identity_off	37.861	59.567	1.7331	ImageMagick	35.0
textures	anca-gabriela-zosin-bMOnYbmQxHA-unsplash.jpg	turbo	444	35	model_policy	38.206	65.708	1.7423	ImageMagick	35.0
textures	anca-gabriela-zosin-bMOnYbmQxHA-unsplash.jpg	turbo	444	35	model_proj	38.333	65.964	1.6757	ImageMagick	35.0
textures	anca-gabriela-zosin-bMOnYbmQxHA-unsplash.jpg	turbo	444	55	identity_off	39.210	71.996	1.2762	ImageMagick	55.0
textures	anca-gabriela-zosin-bMOnYbmQxHA-unsplash.jpg	turbo	444	55	model_policy	39.221	72.746	1.3946	ImageMagick	55.0
textures	anca-gabriela-zosin-bMOnYbmQxHA-unsplash.jpg	turbo	444	55	model_proj	39.389	73.228	1.2755	ImageMagick	55.0
textures	anca-gabriela-zosin-bMOnYbmQxHA-unsplash.jpg	turbo	444	75	identity_off	41.215	80.010	0.9936	ImageMagick	75.0
textures	anca-gabriela-zosin-bMOnYbmQxHA-unsplash.jpg	turbo	444	75	model_policy	41.071	78.956	1.0942	ImageMagick	75.0
textures	anca-gabriela-zosin-bMOnYbmQxHA-unsplash.jpg	turbo	444	75	model_proj	41.260	79.637	0.9966	ImageMagick	75.0
textures	anca-gabriela-zosin-bMOnYbmQxHA-unsplash.jpg	turbo	444	90	identity_off	44.762	88.927	0.6223	ImageMagick	90.0
textures	anca-gabriela-zosin-bMOnYbmQxHA-unsplash.jpg	turbo	444	90	model_policy	44.268	86.973	0.7711	ImageMagick	90.0
textures	anca-gabriela-zosin-bMOnYbmQxHA-unsplash.jpg	turbo	444	90	model_proj	44.504	87.863	0.6394	ImageMagick	90.0
textures	anca-gabriela-zosin-bMOnYbmQxHA-unsplash.jpg	mozjpeg	420	15	identity_off	32.310	26.045	3.8348	Mozjpeg	15.0
textures	anca-gabriela-zosin-bMOnYbmQxHA-unsplash.jpg	mozjpeg	420	15	model_policy	32.661	37.996	3.7518	Mozjpeg	15.0
textures	anca-gabriela-zosin-bMOnYbmQxHA-unsplash.jpg	mozjpeg	420	15	model_proj	32.663	37.989	3.7514	Mozjpeg	15.0
textures	anca-gabriela-zosin-bMOnYbmQxHA-unsplash.jpg	mozjpeg	420	35	identity_off	36.609	56.808	1.9484	Mozjpeg	35.0
textures	anca-gabriela-zosin-bMOnYbmQxHA-unsplash.jpg	mozjpeg	420	35	model_policy	37.213	59.194	2.0308	Mozjpeg	35.0
textures	anca-gabriela-zosin-bMOnYbmQxHA-unsplash.jpg	mozjpeg	420	35	model_proj	37.224	59.199	2.0179	Mozjpeg	35.0
textures	anca-gabriela-zosin-bMOnYbmQxHA-unsplash.jpg	mozjpeg	420	55	identity_off	38.174	67.413	1.5032	Mozjpeg	55.0
textures	anca-gabriela-zosin-bMOnYbmQxHA-unsplash.jpg	mozjpeg	420	55	model_policy	38.291	67.756	1.5507	Mozjpeg	55.0
textures	anca-gabriela-zosin-bMOnYbmQxHA-unsplash.jpg	mozjpeg	420	55	model_proj	38.303	67.809	1.5399	Mozjpeg	55.0
textures	anca-gabriela-zosin-bMOnYbmQxHA-unsplash.jpg	mozjpeg	420	75	identity_off	39.963	76.153	1.1616	Mozjpeg	75.0
textures	anca-gabriela-zosin-bMOnYbmQxHA-unsplash.jpg	mozjpeg	420	75	model_policy	39.953	75.389	1.2280	Mozjpeg	75.0
textures	anca-gabriela-zosin-bMOnYbmQxHA-unsplash.jpg	mozjpeg	420	75	model_proj	39.972	75.505	1.1981	Mozjpeg	75.0
textures	anca-gabriela-zosin-bMOnYbmQxHA-unsplash.jpg	mozjpeg	420	90	identity_off	43.219	85.744	0.7584	Mozjpeg	90.0
textures	anca-gabriela-zosin-bMOnYbmQxHA-unsplash.jpg	mozjpeg	420	90	model_policy	42.905	83.755	0.7963	Mozjpeg	90.0
textures	anca-gabriela-zosin-bMOnYbmQxHA-unsplash.jpg	mozjpeg	420	90	model_proj	42.985	84.120	0.7787	Mozjpeg	90.0
textures	anca-gabriela-zosin-bMOnYbmQxHA-unsplash.jpg	mozjpeg	444	15	identity_off	32.984	26.687	3.4857	Mozjpeg	15.0
textures	anca-gabriela-zosin-bMOnYbmQxHA-unsplash.jpg	mozjpeg	444	15	model_policy	33.216	41.206	3.5111	Mozjpeg	15.0
textures	anca-gabriela-zosin-bMOnYbmQxHA-unsplash.jpg	mozjpeg	444	15	model_proj	33.263	41.331	3.4542	Mozjpeg	15.0
textures	anca-gabriela-zosin-bMOnYbmQxHA-unsplash.jpg	mozjpeg	444	35	identity_off	37.464	58.084	1.8167	Mozjpeg	35.0
textures	anca-gabriela-zosin-bMOnYbmQxHA-unsplash.jpg	mozjpeg	444	35	model_policy	37.554	60.529	1.9555	Mozjpeg	35.0
textures	anca-gabriela-zosin-bMOnYbmQxHA-unsplash.jpg	mozjpeg	444	35	model_proj	37.715	60.893	1.8380	Mozjpeg	35.0
textures	anca-gabriela-zosin-bMOnYbmQxHA-unsplash.jpg	mozjpeg	444	55	identity_off	39.094	69.023	1.3911	Mozjpeg	55.0
textures	anca-gabriela-zosin-bMOnYbmQxHA-unsplash.jpg	mozjpeg	444	55	model_policy	38.727	68.614	1.5356	Mozjpeg	55.0
textures	anca-gabriela-zosin-bMOnYbmQxHA-unsplash.jpg	mozjpeg	444	55	model_proj	38.908	69.256	1.4205	Mozjpeg	55.0
textures	anca-gabriela-zosin-bMOnYbmQxHA-unsplash.jpg	mozjpeg	444	75	identity_off	40.855	78.096	1.0855	Mozjpeg	75.0
textures	anca-gabriela-zosin-bMOnYbmQxHA-unsplash.jpg	mozjpeg	444	75	model_policy	40.426	76.047	1.2318	Mozjpeg	75.0
textures	anca-gabriela-zosin-bMOnYbmQxHA-unsplash.jpg	mozjpeg	444	75	model_proj	40.631	76.636	1.1082	Mozjpeg	75.0
textures	anca-gabriela-zosin-bMOnYbmQxHA-unsplash.jpg	mozjpeg	444	90	identity_off	44.264	87.192	0.6953	Mozjpeg	90.0
textures	anca-gabriela-zosin-bMOnYbmQxHA-unsplash.jpg	mozjpeg	444	90	model_policy	43.470	84.177	0.8262	Mozjpeg	90.0
textures	anca-gabriela-zosin-bMOnYbmQxHA-unsplash.jpg	mozjpeg	444	90	model_proj	43.752	85.392	0.7330	Mozjpeg	90.0
textures	anca-gabriela-zosin-bMOnYbmQxHA-unsplash.jpg	jpegli	420	15	identity_off	35.899	52.893	2.1934	CjpegliYcbcr	14.2
textures	anca-gabriela-zosin-bMOnYbmQxHA-unsplash.jpg	jpegli	420	15	model_policy	36.422	55.929	2.2917	CjpegliYcbcr	14.2
textures	anca-gabriela-zosin-bMOnYbmQxHA-unsplash.jpg	jpegli	420	15	model_proj	36.456	55.982	2.2615	CjpegliYcbcr	14.2
textures	anca-gabriela-zosin-bMOnYbmQxHA-unsplash.jpg	jpegli	420	35	identity_off	37.533	64.760	1.6304	CjpegliYcbcr	7.2
textures	anca-gabriela-zosin-bMOnYbmQxHA-unsplash.jpg	jpegli	420	35	model_policy	37.818	65.309	1.7004	CjpegliYcbcr	7.2
textures	anca-gabriela-zosin-bMOnYbmQxHA-unsplash.jpg	jpegli	420	35	model_proj	37.849	65.427	1.6711	CjpegliYcbcr	7.2
textures	anca-gabriela-zosin-bMOnYbmQxHA-unsplash.jpg	jpegli	420	55	identity_off	38.268	69.240	1.4551	CjpegliYcbcr	5.2
textures	anca-gabriela-zosin-bMOnYbmQxHA-unsplash.jpg	jpegli	420	55	model_policy	38.466	69.261	1.5286	CjpegliYcbcr	5.2
textures	anca-gabriela-zosin-bMOnYbmQxHA-unsplash.jpg	jpegli	420	55	model_proj	38.496	69.431	1.4857	CjpegliYcbcr	5.2
textures	anca-gabriela-zosin-bMOnYbmQxHA-unsplash.jpg	jpegli	420	75	identity_off	39.683	74.679	1.1955	CjpegliYcbcr	3.0
textures	anca-gabriela-zosin-bMOnYbmQxHA-unsplash.jpg	jpegli	420	75	model_policy	39.680	74.714	1.2190	CjpegliYcbcr	3.0
textures	anca-gabriela-zosin-bMOnYbmQxHA-unsplash.jpg	jpegli	420	75	model_proj	39.705	74.953	1.2015	CjpegliYcbcr	3.0
textures	anca-gabriela-zosin-bMOnYbmQxHA-unsplash.jpg	jpegli	420	90	identity_off	43.104	84.707	0.7565	CjpegliYcbcr	1.3
textures	anca-gabriela-zosin-bMOnYbmQxHA-unsplash.jpg	jpegli	420	90	model_policy	42.735	82.995	0.8454	CjpegliYcbcr	1.3
textures	anca-gabriela-zosin-bMOnYbmQxHA-unsplash.jpg	jpegli	420	90	model_proj	42.780	83.897	0.7993	CjpegliYcbcr	1.3
textures	anca-gabriela-zosin-bMOnYbmQxHA-unsplash.jpg	jpegli	444	15	identity_off	33.715	39.459	2.9633	CjpegliYcbcr	11.8
textures	anca-gabriela-zosin-bMOnYbmQxHA-unsplash.jpg	jpegli	444	15	model_policy	35.124	54.654	2.7965	CjpegliYcbcr	11.8
textures	anca-gabriela-zosin-bMOnYbmQxHA-unsplash.jpg	jpegli	444	15	model_proj	35.142	54.689	2.7887	CjpegliYcbcr	11.8
textures	anca-gabriela-zosin-bMOnYbmQxHA-unsplash.jpg	jpegli	444	35	identity_off	37.221	60.384	1.7046	CjpegliYcbcr	6.0
textures	anca-gabriela-zosin-bMOnYbmQxHA-unsplash.jpg	jpegli	444	35	model_policy	37.704	66.298	1.7858	CjpegliYcbcr	6.0
textures	anca-gabriela-zosin-bMOnYbmQxHA-unsplash.jpg	jpegli	444	35	model_proj	37.753	66.475	1.7517	CjpegliYcbcr	6.0
textures	anca-gabriela-zosin-bMOnYbmQxHA-unsplash.jpg	jpegli	444	55	identity_off	38.086	64.969	1.4865	CjpegliYcbcr	4.1
textures	anca-gabriela-zosin-bMOnYbmQxHA-unsplash.jpg	jpegli	444	55	model_policy	38.396	69.934	1.5794	CjpegliYcbcr	4.1
textures	anca-gabriela-zosin-bMOnYbmQxHA-unsplash.jpg	jpegli	444	55	model_proj	38.468	70.088	1.4919	CjpegliYcbcr	4.1
textures	anca-gabriela-zosin-bMOnYbmQxHA-unsplash.jpg	jpegli	444	75	identity_off	39.890	77.835	1.0689	CjpegliYcbcr	2.3
textures	anca-gabriela-zosin-bMOnYbmQxHA-unsplash.jpg	jpegli	444	75	model_policy	39.967	76.672	1.2253	CjpegliYcbcr	2.3
textures	anca-gabriela-zosin-bMOnYbmQxHA-unsplash.jpg	jpegli	444	75	model_proj	40.026	77.008	1.1320	CjpegliYcbcr	2.3
textures	anca-gabriela-zosin-bMOnYbmQxHA-unsplash.jpg	jpegli	444	90	identity_off	43.399	86.379	0.6652	CjpegliYcbcr	1.1
textures	anca-gabriela-zosin-bMOnYbmQxHA-unsplash.jpg	jpegli	444	90	model_policy	43.039	84.313	0.8451	CjpegliYcbcr	1.1
textures	anca-gabriela-zosin-bMOnYbmQxHA-unsplash.jpg	jpegli	444	90	model_proj	43.184	85.324	0.7470	CjpegliYcbcr	1.1
textures	anca-gabriela-zosin-bMOnYbmQxHA-unsplash.jpg	zenjpeg	420	15	identity_off	35.890	53.594	2.1971	CjpegliYcbcr	14.2
textures	anca-gabriela-zosin-bMOnYbmQxHA-unsplash.jpg	zenjpeg	420	15	model_policy	36.391	56.187	2.3005	CjpegliYcbcr	14.2
textures	anca-gabriela-zosin-bMOnYbmQxHA-unsplash.jpg	zenjpeg	420	15	model_proj	36.424	56.244	2.2703	CjpegliYcbcr	14.2
textures	anca-gabriela-zosin-bMOnYbmQxHA-unsplash.jpg	zenjpeg	420	35	identity_off	37.514	64.685	1.6376	CjpegliYcbcr	7.2
textures	anca-gabriela-zosin-bMOnYbmQxHA-unsplash.jpg	zenjpeg	420	35	model_policy	37.801	65.310	1.7070	CjpegliYcbcr	7.2
textures	anca-gabriela-zosin-bMOnYbmQxHA-unsplash.jpg	zenjpeg	420	35	model_proj	37.837	65.415	1.6779	CjpegliYcbcr	7.2
textures	anca-gabriela-zosin-bMOnYbmQxHA-unsplash.jpg	zenjpeg	420	55	identity_off	38.273	69.450	1.4602	CjpegliYcbcr	5.2
textures	anca-gabriela-zosin-bMOnYbmQxHA-unsplash.jpg	zenjpeg	420	55	model_policy	38.453	69.193	1.5202	CjpegliYcbcr	5.2
textures	anca-gabriela-zosin-bMOnYbmQxHA-unsplash.jpg	zenjpeg	420	55	model_proj	38.483	69.322	1.4880	CjpegliYcbcr	5.2
textures	anca-gabriela-zosin-bMOnYbmQxHA-unsplash.jpg	zenjpeg	420	75	identity_off	39.694	74.887	1.1898	CjpegliYcbcr	3.0
textures	anca-gabriela-zosin-bMOnYbmQxHA-unsplash.jpg	zenjpeg	420	75	model_policy	39.709	74.821	1.2029	CjpegliYcbcr	3.0
textures	anca-gabriela-zosin-bMOnYbmQxHA-unsplash.jpg	zenjpeg	420	75	model_proj	39.735	75.076	1.1883	CjpegliYcbcr	3.0
textures	anca-gabriela-zosin-bMOnYbmQxHA-unsplash.jpg	zenjpeg	420	90	identity_off	43.080	84.901	0.7502	CjpegliYcbcr	1.3
textures	anca-gabriela-zosin-bMOnYbmQxHA-unsplash.jpg	zenjpeg	420	90	model_policy	42.717	83.142	0.8254	CjpegliYcbcr	1.3
textures	anca-gabriela-zosin-bMOnYbmQxHA-unsplash.jpg	zenjpeg	420	90	model_proj	42.768	83.921	0.7868	CjpegliYcbcr	1.3
textures	anca-gabriela-zosin-bMOnYbmQxHA-unsplash.jpg	zenjpeg	444	15	identity_off	33.720	41.678	3.1331	CjpegliYcbcr	11.8
textures	anca-gabriela-zosin-bMOnYbmQxHA-unsplash.jpg	zenjpeg	444	15	model_policy	35.005	54.722	3.0220	CjpegliYcbcr	11.8
textures	anca-gabriela-zosin-bMOnYbmQxHA-unsplash.jpg	zenjpeg	444	15	model_proj	35.022	54.761	3.0189	CjpegliYcbcr	11.8
textures	anca-gabriela-zosin-bMOnYbmQxHA-unsplash.jpg	zenjpeg	444	35	identity_off	37.225	60.765	1.7265	CjpegliYcbcr	6.0
textures	anca-gabriela-zosin-bMOnYbmQxHA-unsplash.jpg	zenjpeg	444	35	model_policy	37.648	66.372	1.8165	CjpegliYcbcr	6.0
textures	anca-gabriela-zosin-bMOnYbmQxHA-unsplash.jpg	zenjpeg	444	35	model_proj	37.696	66.541	1.7783	CjpegliYcbcr	6.0
textures	anca-gabriela-zosin-bMOnYbmQxHA-unsplash.jpg	zenjpeg	444	55	identity_off	38.079	64.467	1.5202	CjpegliYcbcr	4.1
textures	anca-gabriela-zosin-bMOnYbmQxHA-unsplash.jpg	zenjpeg	444	55	model_policy	38.375	69.578	1.5938	CjpegliYcbcr	4.1
textures	anca-gabriela-zosin-bMOnYbmQxHA-unsplash.jpg	zenjpeg	444	55	model_proj	38.449	69.766	1.5142	CjpegliYcbcr	4.1
textures	anca-gabriela-zosin-bMOnYbmQxHA-unsplash.jpg	zenjpeg	444	75	identity_off	39.887	77.869	1.0673	CjpegliYcbcr	2.3
textures	anca-gabriela-zosin-bMOnYbmQxHA-unsplash.jpg	zenjpeg	444	75	model_policy	39.950	76.590	1.2455	CjpegliYcbcr	2.3
textures	anca-gabriela-zosin-bMOnYbmQxHA-unsplash.jpg	zenjpeg	444	75	model_proj	40.009	76.950	1.1355	CjpegliYcbcr	2.3
textures	anca-gabriela-zosin-bMOnYbmQxHA-unsplash.jpg	zenjpeg	444	90	identity_off	43.377	86.479	0.6620	CjpegliYcbcr	1.1
textures	anca-gabriela-zosin-bMOnYbmQxHA-unsplash.jpg	zenjpeg	444	90	model_policy	42.992	84.309	0.8515	CjpegliYcbcr	1.1
textures	anca-gabriela-zosin-bMOnYbmQxHA-unsplash.jpg	zenjpeg	444	90	model_proj	43.133	85.153	0.7473	CjpegliYcbcr	1.1
textures	bernd-dittrich-3MdsHe3IIOk-unsplash.jpg	turbo	420	15	identity_off	23.348	28.918	2.8546	Unknown	15.0
textures	bernd-dittrich-3MdsHe3IIOk-unsplash.jpg	turbo	420	15	model_policy	23.786	31.042	2.7976	Unknown	15.0
textures	bernd-dittrich-3MdsHe3IIOk-unsplash.jpg	turbo	420	15	model_proj	23.787	31.046	2.7975	Unknown	15.0
textures	bernd-dittrich-3MdsHe3IIOk-unsplash.jpg	turbo	420	35	identity_off	25.800	56.218	1.9011	ImageMagick	35.0
textures	bernd-dittrich-3MdsHe3IIOk-unsplash.jpg	turbo	420	35	model_policy	26.195	57.729	1.8504	ImageMagick	35.0
textures	bernd-dittrich-3MdsHe3IIOk-unsplash.jpg	turbo	420	35	model_proj	26.226	57.743	1.8446	ImageMagick	35.0
textures	bernd-dittrich-3MdsHe3IIOk-unsplash.jpg	turbo	420	55	identity_off	27.166	64.211	1.5686	ImageMagick	55.0
textures	bernd-dittrich-3MdsHe3IIOk-unsplash.jpg	turbo	420	55	model_policy	27.495	65.195	1.5273	ImageMagick	55.0
textures	bernd-dittrich-3MdsHe3IIOk-unsplash.jpg	turbo	420	55	model_proj	27.579	65.327	1.5132	ImageMagick	55.0
textures	bernd-dittrich-3MdsHe3IIOk-unsplash.jpg	turbo	420	75	identity_off	29.276	72.103	1.1821	ImageMagick	75.0
textures	bernd-dittrich-3MdsHe3IIOk-unsplash.jpg	turbo	420	75	model_policy	29.507	72.627	1.1563	ImageMagick	75.0
textures	bernd-dittrich-3MdsHe3IIOk-unsplash.jpg	turbo	420	75	model_proj	29.684	72.888	1.1391	ImageMagick	75.0
textures	bernd-dittrich-3MdsHe3IIOk-unsplash.jpg	turbo	420	90	identity_off	38.099	89.681	0.3418	ImageMagick	90.0
textures	bernd-dittrich-3MdsHe3IIOk-unsplash.jpg	turbo	420	90	model_policy	38.302	89.984	0.3241	ImageMagick	90.0
textures	bernd-dittrich-3MdsHe3IIOk-unsplash.jpg	turbo	420	90	model_proj	39.204	90.306	0.2911	ImageMagick	90.0
textures	bernd-dittrich-3MdsHe3IIOk-unsplash.jpg	turbo	444	15	identity_off	23.769	36.433	2.7337	Unknown	15.0
textures	bernd-dittrich-3MdsHe3IIOk-unsplash.jpg	turbo	444	15	model_policy	24.262	38.513	2.6852	Unknown	15.0
textures	bernd-dittrich-3MdsHe3IIOk-unsplash.jpg	turbo	444	15	model_proj	24.262	38.521	2.6852	Unknown	15.0
textures	bernd-dittrich-3MdsHe3IIOk-unsplash.jpg	turbo	444	35	identity_off	26.452	63.296	1.8128	ImageMagick	35.0
textures	bernd-dittrich-3MdsHe3IIOk-unsplash.jpg	turbo	444	35	model_policy	26.859	64.630	1.7680	ImageMagick	35.0
textures	bernd-dittrich-3MdsHe3IIOk-unsplash.jpg	turbo	444	35	model_proj	26.862	64.635	1.7673	ImageMagick	35.0
textures	bernd-dittrich-3MdsHe3IIOk-unsplash.jpg	turbo	444	55	identity_off	28.030	71.072	1.4807	ImageMagick	55.0
textures	bernd-dittrich-3MdsHe3IIOk-unsplash.jpg	turbo	444	55	model_policy	28.338	71.660	1.4469	ImageMagick	55.0
textures	bernd-dittrich-3MdsHe3IIOk-unsplash.jpg	turbo	444	55	model_proj	28.348	71.686	1.4458	ImageMagick	55.0
textures	bernd-dittrich-3MdsHe3IIOk-unsplash.jpg	turbo	444	75	identity_off	30.491	78.380	1.1003	ImageMagick	75.0
textures	bernd-dittrich-3MdsHe3IIOk-unsplash.jpg	turbo	444	75	model_policy	30.677	78.547	1.0820	ImageMagick	75.0
textures	bernd-dittrich-3MdsHe3IIOk-unsplash.jpg	turbo	444	75	model_proj	30.699	78.596	1.0810	ImageMagick	75.0
textures	bernd-dittrich-3MdsHe3IIOk-unsplash.jpg	turbo	444	90	identity_off	38.635	92.378	0.2396	ImageMagick	90.0
textures	bernd-dittrich-3MdsHe3IIOk-unsplash.jpg	turbo	444	90	model_policy	38.732	92.079	0.2382	ImageMagick	90.0
textures	bernd-dittrich-3MdsHe3IIOk-unsplash.jpg	turbo	444	90	model_proj	38.751	92.181	0.2350	ImageMagick	90.0
textures	bernd-dittrich-3MdsHe3IIOk-unsplash.jpg	mozjpeg	420	15	identity_off	22.183	14.862	3.6953	Mozjpeg	15.0
textures	bernd-dittrich-3MdsHe3IIOk-unsplash.jpg	mozjpeg	420	15	model_policy	22.505	15.412	3.6579	Mozjpeg	15.0
textures	bernd-dittrich-3MdsHe3IIOk-unsplash.jpg	mozjpeg	420	15	model_proj	22.505	15.412	3.6579	Mozjpeg	15.0
textures	bernd-dittrich-3MdsHe3IIOk-unsplash.jpg	mozjpeg	420	35	identity_off	24.964	50.008	2.3223	Mozjpeg	35.0
textures	bernd-dittrich-3MdsHe3IIOk-unsplash.jpg	mozjpeg	420	35	model_policy	25.295	51.106	2.2720	Mozjpeg	35.0
textures	bernd-dittrich-3MdsHe3IIOk-unsplash.jpg	mozjpeg	420	35	model_proj	25.295	51.103	2.2718	Mozjpeg	35.0
textures	bernd-dittrich-3MdsHe3IIOk-unsplash.jpg	mozjpeg	420	55	identity_off	26.521	62.062	1.8607	Mozjpeg	55.0
textures	bernd-dittrich-3MdsHe3IIOk-unsplash.jpg	mozjpeg	420	55	model_policy	26.821	62.874	1.8178	Mozjpeg	55.0
textures	bernd-dittrich-3MdsHe3IIOk-unsplash.jpg	mozjpeg	420	55	model_proj	26.830	62.909	1.8145	Mozjpeg	55.0
textures	bernd-dittrich-3MdsHe3IIOk-unsplash.jpg	mozjpeg	420	75	identity_off	28.971	73.160	1.3447	Mozjpeg	75.0
textures	bernd-dittrich-3MdsHe3IIOk-unsplash.jpg	mozjpeg	420	75	model_policy	29.198	73.763	1.3123	Mozjpeg	75.0
textures	bernd-dittrich-3MdsHe3IIOk-unsplash.jpg	mozjpeg	420	75	model_proj	29.247	73.814	1.3015	Mozjpeg	75.0
textures	bernd-dittrich-3MdsHe3IIOk-unsplash.jpg	mozjpeg	420	90	identity_off	33.720	84.429	0.6719	Mozjpeg	90.0
textures	bernd-dittrich-3MdsHe3IIOk-unsplash.jpg	mozjpeg	420	90	model_policy	33.890	84.794	0.6560	Mozjpeg	90.0
textures	bernd-dittrich-3MdsHe3IIOk-unsplash.jpg	mozjpeg	420	90	model_proj	34.239	85.051	0.6405	Mozjpeg	90.0
textures	bernd-dittrich-3MdsHe3IIOk-unsplash.jpg	mozjpeg	444	15	identity_off	22.510	21.756	3.5958	Mozjpeg	15.0
textures	bernd-dittrich-3MdsHe3IIOk-unsplash.jpg	mozjpeg	444	15	model_policy	22.829	22.092	3.5742	Mozjpeg	15.0
textures	bernd-dittrich-3MdsHe3IIOk-unsplash.jpg	mozjpeg	444	15	model_proj	22.829	22.094	3.5742	Mozjpeg	15.0
textures	bernd-dittrich-3MdsHe3IIOk-unsplash.jpg	mozjpeg	444	35	identity_off	25.441	56.418	2.2361	Mozjpeg	35.0
textures	bernd-dittrich-3MdsHe3IIOk-unsplash.jpg	mozjpeg	444	35	model_policy	25.726	56.869	2.1966	Mozjpeg	35.0
textures	bernd-dittrich-3MdsHe3IIOk-unsplash.jpg	mozjpeg	444	35	model_proj	25.726	56.868	2.1966	Mozjpeg	35.0
textures	bernd-dittrich-3MdsHe3IIOk-unsplash.jpg	mozjpeg	444	55	identity_off	27.080	66.922	1.7807	Mozjpeg	55.0
textures	bernd-dittrich-3MdsHe3IIOk-unsplash.jpg	mozjpeg	444	55	model_policy	27.317	67.200	1.7473	Mozjpeg	55.0
textures	bernd-dittrich-3MdsHe3IIOk-unsplash.jpg	mozjpeg	444	55	model_proj	27.317	67.208	1.7473	Mozjpeg	55.0
textures	bernd-dittrich-3MdsHe3IIOk-unsplash.jpg	mozjpeg	444	75	identity_off	29.512	76.152	1.2892	Mozjpeg	75.0
textures	bernd-dittrich-3MdsHe3IIOk-unsplash.jpg	mozjpeg	444	75	model_policy	29.656	76.101	1.2657	Mozjpeg	75.0
textures	bernd-dittrich-3MdsHe3IIOk-unsplash.jpg	mozjpeg	444	75	model_proj	29.657	76.128	1.2656	Mozjpeg	75.0
textures	bernd-dittrich-3MdsHe3IIOk-unsplash.jpg	mozjpeg	444	90	identity_off	35.143	87.538	0.6089	Mozjpeg	90.0
textures	bernd-dittrich-3MdsHe3IIOk-unsplash.jpg	mozjpeg	444	90	model_policy	35.172	87.143	0.6043	Mozjpeg	90.0
textures	bernd-dittrich-3MdsHe3IIOk-unsplash.jpg	mozjpeg	444	90	model_proj	35.187	87.254	0.6037	Mozjpeg	90.0
textures	bernd-dittrich-3MdsHe3IIOk-unsplash.jpg	jpegli	420	15	identity_off	22.704	32.965	3.1984	CjpegliYcbcr	14.2
textures	bernd-dittrich-3MdsHe3IIOk-unsplash.jpg	jpegli	420	15	model_policy	23.030	33.424	3.1470	CjpegliYcbcr	14.2
textures	bernd-dittrich-3MdsHe3IIOk-unsplash.jpg	jpegli	420	15	model_proj	23.031	33.454	3.1465	CjpegliYcbcr	14.2
textures	bernd-dittrich-3MdsHe3IIOk-unsplash.jpg	jpegli	420	35	identity_off	24.843	51.590	2.2999	CjpegliYcbcr	7.2
textures	bernd-dittrich-3MdsHe3IIOk-unsplash.jpg	jpegli	420	35	model_policy	25.160	52.510	2.2525	CjpegliYcbcr	7.2
textures	bernd-dittrich-3MdsHe3IIOk-unsplash.jpg	jpegli	420	35	model_proj	25.187	52.655	2.2409	CjpegliYcbcr	7.2
textures	bernd-dittrich-3MdsHe3IIOk-unsplash.jpg	jpegli	420	55	identity_off	26.393	59.810	1.8438	CjpegliYcbcr	5.2
textures	bernd-dittrich-3MdsHe3IIOk-unsplash.jpg	jpegli	420	55	model_policy	26.669	60.553	1.8072	CjpegliYcbcr	5.2
textures	bernd-dittrich-3MdsHe3IIOk-unsplash.jpg	jpegli	420	55	model_proj	26.763	60.877	1.7831	CjpegliYcbcr	5.2
textures	bernd-dittrich-3MdsHe3IIOk-unsplash.jpg	jpegli	420	75	identity_off	28.919	70.135	1.2776	CjpegliYcbcr	3.0
textures	bernd-dittrich-3MdsHe3IIOk-unsplash.jpg	jpegli	420	75	model_policy	29.112	70.660	1.2554	CjpegliYcbcr	3.0
textures	bernd-dittrich-3MdsHe3IIOk-unsplash.jpg	jpegli	420	75	model_proj	29.359	71.081	1.2331	CjpegliYcbcr	3.0
textures	bernd-dittrich-3MdsHe3IIOk-unsplash.jpg	jpegli	420	90	identity_off	33.884	83.735	0.5263	CjpegliYcbcr	1.3
textures	bernd-dittrich-3MdsHe3IIOk-unsplash.jpg	jpegli	420	90	model_policy	34.095	84.111	0.5132	CjpegliYcbcr	1.3
textures	bernd-dittrich-3MdsHe3IIOk-unsplash.jpg	jpegli	420	90	model_proj	34.939	84.779	0.4877	CjpegliYcbcr	1.3
textures	bernd-dittrich-3MdsHe3IIOk-unsplash.jpg	jpegli	444	15	identity_off	23.164	38.261	2.9125	CjpegliYcbcr	11.8
textures	bernd-dittrich-3MdsHe3IIOk-unsplash.jpg	jpegli	444	15	model_policy	23.574	39.877	2.8617	CjpegliYcbcr	11.8
textures	bernd-dittrich-3MdsHe3IIOk-unsplash.jpg	jpegli	444	15	model_proj	23.574	39.881	2.8617	CjpegliYcbcr	11.8
textures	bernd-dittrich-3MdsHe3IIOk-unsplash.jpg	jpegli	444	35	identity_off	25.590	55.745	2.0570	CjpegliYcbcr	6.0
textures	bernd-dittrich-3MdsHe3IIOk-unsplash.jpg	jpegli	444	35	model_policy	25.961	56.862	2.0103	CjpegliYcbcr	6.0
textures	bernd-dittrich-3MdsHe3IIOk-unsplash.jpg	jpegli	444	35	model_proj	25.965	56.897	2.0093	CjpegliYcbcr	6.0
textures	bernd-dittrich-3MdsHe3IIOk-unsplash.jpg	jpegli	444	55	identity_off	27.133	63.307	1.6463	CjpegliYcbcr	4.1
textures	bernd-dittrich-3MdsHe3IIOk-unsplash.jpg	jpegli	444	55	model_policy	27.469	64.177	1.6061	CjpegliYcbcr	4.1
textures	bernd-dittrich-3MdsHe3IIOk-unsplash.jpg	jpegli	444	55	model_proj	27.499	64.302	1.6014	CjpegliYcbcr	4.1
textures	bernd-dittrich-3MdsHe3IIOk-unsplash.jpg	jpegli	444	75	identity_off	29.781	73.422	1.1060	CjpegliYcbcr	2.3
textures	bernd-dittrich-3MdsHe3IIOk-unsplash.jpg	jpegli	444	75	model_policy	30.010	73.878	1.0859	CjpegliYcbcr	2.3
textures	bernd-dittrich-3MdsHe3IIOk-unsplash.jpg	jpegli	444	75	model_proj	30.138	74.106	1.0795	CjpegliYcbcr	2.3
textures	bernd-dittrich-3MdsHe3IIOk-unsplash.jpg	jpegli	444	90	identity_off	34.789	86.435	0.4414	CjpegliYcbcr	1.1
textures	bernd-dittrich-3MdsHe3IIOk-unsplash.jpg	jpegli	444	90	model_policy	35.066	86.706	0.4323	CjpegliYcbcr	1.1
textures	bernd-dittrich-3MdsHe3IIOk-unsplash.jpg	jpegli	444	90	model_proj	35.534	87.066	0.4290	CjpegliYcbcr	1.1
textures	bernd-dittrich-3MdsHe3IIOk-unsplash.jpg	zenjpeg	420	15	identity_off	22.702	32.784	3.2005	CjpegliYcbcr	14.2
textures	bernd-dittrich-3MdsHe3IIOk-unsplash.jpg	zenjpeg	420	15	model_policy	23.028	33.171	3.1491	CjpegliYcbcr	14.2
textures	bernd-dittrich-3MdsHe3IIOk-unsplash.jpg	zenjpeg	420	15	model_proj	23.029	33.204	3.1486	CjpegliYcbcr	14.2
textures	bernd-dittrich-3MdsHe3IIOk-unsplash.jpg	zenjpeg	420	35	identity_off	24.838	51.557	2.3005	CjpegliYcbcr	7.2
textures	bernd-dittrich-3MdsHe3IIOk-unsplash.jpg	zenjpeg	420	35	model_policy	25.155	52.487	2.2537	CjpegliYcbcr	7.2
textures	bernd-dittrich-3MdsHe3IIOk-unsplash.jpg	zenjpeg	420	35	model_proj	25.183	52.616	2.2420	CjpegliYcbcr	7.2
textures	bernd-dittrich-3MdsHe3IIOk-unsplash.jpg	zenjpeg	420	55	identity_off	26.385	59.772	1.8456	CjpegliYcbcr	5.2
textures	bernd-dittrich-3MdsHe3IIOk-unsplash.jpg	zenjpeg	420	55	model_policy	26.660	60.520	1.8083	CjpegliYcbcr	5.2
textures	bernd-dittrich-3MdsHe3IIOk-unsplash.jpg	zenjpeg	420	55	model_proj	26.755	60.893	1.7841	CjpegliYcbcr	5.2
textures	bernd-dittrich-3MdsHe3IIOk-unsplash.jpg	zenjpeg	420	75	identity_off	28.906	69.919	1.2807	CjpegliYcbcr	3.0
textures	bernd-dittrich-3MdsHe3IIOk-unsplash.jpg	zenjpeg	420	75	model_policy	29.100	70.436	1.2582	CjpegliYcbcr	3.0
textures	bernd-dittrich-3MdsHe3IIOk-unsplash.jpg	zenjpeg	420	75	model_proj	29.349	70.820	1.2355	CjpegliYcbcr	3.0
textures	bernd-dittrich-3MdsHe3IIOk-unsplash.jpg	zenjpeg	420	90	identity_off	33.881	83.699	0.5291	CjpegliYcbcr	1.3
textures	bernd-dittrich-3MdsHe3IIOk-unsplash.jpg	zenjpeg	420	90	model_policy	34.091	84.055	0.5164	CjpegliYcbcr	1.3
textures	bernd-dittrich-3MdsHe3IIOk-unsplash.jpg	zenjpeg	420	90	model_proj	34.935	84.747	0.4910	CjpegliYcbcr	1.3
textures	bernd-dittrich-3MdsHe3IIOk-unsplash.jpg	zenjpeg	444	15	identity_off	23.159	38.131	2.9150	CjpegliYcbcr	11.8
textures	bernd-dittrich-3MdsHe3IIOk-unsplash.jpg	zenjpeg	444	15	model_policy	23.568	39.803	2.8642	CjpegliYcbcr	11.8
textures	bernd-dittrich-3MdsHe3IIOk-unsplash.jpg	zenjpeg	444	15	model_proj	23.568	39.812	2.8642	CjpegliYcbcr	11.8
textures	bernd-dittrich-3MdsHe3IIOk-unsplash.jpg	zenjpeg	444	35	identity_off	25.584	55.537	2.0581	CjpegliYcbcr	6.0
textures	bernd-dittrich-3MdsHe3IIOk-unsplash.jpg	zenjpeg	444	35	model_policy	25.954	56.682	2.0116	CjpegliYcbcr	6.0
textures	bernd-dittrich-3MdsHe3IIOk-unsplash.jpg	zenjpeg	444	35	model_proj	25.958	56.724	2.0105	CjpegliYcbcr	6.0
textures	bernd-dittrich-3MdsHe3IIOk-unsplash.jpg	zenjpeg	444	55	identity_off	27.122	63.162	1.6500	CjpegliYcbcr	4.1
textures	bernd-dittrich-3MdsHe3IIOk-unsplash.jpg	zenjpeg	444	55	model_policy	27.458	64.054	1.6095	CjpegliYcbcr	4.1
textures	bernd-dittrich-3MdsHe3IIOk-unsplash.jpg	zenjpeg	444	55	model_proj	27.488	64.178	1.6047	CjpegliYcbcr	4.1
textures	bernd-dittrich-3MdsHe3IIOk-unsplash.jpg	zenjpeg	444	75	identity_off	29.762	73.304	1.1109	CjpegliYcbcr	2.3
textures	bernd-dittrich-3MdsHe3IIOk-unsplash.jpg	zenjpeg	444	75	model_policy	29.993	73.803	1.0901	CjpegliYcbcr	2.3
textures	bernd-dittrich-3MdsHe3IIOk-unsplash.jpg	zenjpeg	444	75	model_proj	30.120	74.023	1.0839	CjpegliYcbcr	2.3
textures	bernd-dittrich-3MdsHe3IIOk-unsplash.jpg	zenjpeg	444	90	identity_off	34.774	86.410	0.4448	CjpegliYcbcr	1.1
textures	bernd-dittrich-3MdsHe3IIOk-unsplash.jpg	zenjpeg	444	90	model_policy	35.049	86.684	0.4357	CjpegliYcbcr	1.1
textures	bernd-dittrich-3MdsHe3IIOk-unsplash.jpg	zenjpeg	444	90	model_proj	35.515	87.009	0.4323	CjpegliYcbcr	1.1
textures	haberdoedas-5BsnVq1qTis-unsplash.jpg	turbo	420	15	identity_off	30.019	-15.580	2.9187	Unknown	15.0
textures	haberdoedas-5BsnVq1qTis-unsplash.jpg	turbo	420	15	model_policy	30.503	-1.716	2.8442	Unknown	15.0
textures	haberdoedas-5BsnVq1qTis-unsplash.jpg	turbo	420	15	model_proj	30.504	-1.716	2.8440	Unknown	15.0
textures	haberdoedas-5BsnVq1qTis-unsplash.jpg	turbo	420	35	identity_off	31.563	33.796	2.0288	ImageMagick	35.0
textures	haberdoedas-5BsnVq1qTis-unsplash.jpg	turbo	420	35	model_policy	31.836	35.715	2.0030	ImageMagick	35.0
textures	haberdoedas-5BsnVq1qTis-unsplash.jpg	turbo	420	35	model_proj	31.836	35.717	2.0030	ImageMagick	35.0
textures	haberdoedas-5BsnVq1qTis-unsplash.jpg	turbo	420	55	identity_off	32.287	49.994	1.7765	ImageMagick	55.0
textures	haberdoedas-5BsnVq1qTis-unsplash.jpg	turbo	420	55	model_policy	32.499	50.655	1.7565	ImageMagick	55.0
textures	haberdoedas-5BsnVq1qTis-unsplash.jpg	turbo	420	55	model_proj	32.499	50.655	1.7565	ImageMagick	55.0
textures	haberdoedas-5BsnVq1qTis-unsplash.jpg	turbo	420	75	identity_off	33.210	60.481	1.5183	ImageMagick	75.0
textures	haberdoedas-5BsnVq1qTis-unsplash.jpg	turbo	420	75	model_policy	33.301	60.552	1.5126	ImageMagick	75.0
textures	haberdoedas-5BsnVq1qTis-unsplash.jpg	turbo	420	75	model_proj	33.301	60.565	1.5125	ImageMagick	75.0
textures	haberdoedas-5BsnVq1qTis-unsplash.jpg	turbo	420	90	identity_off	47.826	91.512	0.2228	ImageMagick	90.0
textures	haberdoedas-5BsnVq1qTis-unsplash.jpg	turbo	420	90	model_policy	47.751	91.430	0.2239	ImageMagick	90.0
textures	haberdoedas-5BsnVq1qTis-unsplash.jpg	turbo	420	90	model_proj	47.612	91.013	0.2379	ImageMagick	90.0
textures	haberdoedas-5BsnVq1qTis-unsplash.jpg	turbo	444	15	identity_off	30.063	-14.355	2.8963	Unknown	15.0
textures	haberdoedas-5BsnVq1qTis-unsplash.jpg	turbo	444	15	model_policy	30.571	-0.517	2.8351	Unknown	15.0
textures	haberdoedas-5BsnVq1qTis-unsplash.jpg	turbo	444	15	model_proj	30.576	-0.470	2.8335	Unknown	15.0
textures	haberdoedas-5BsnVq1qTis-unsplash.jpg	turbo	444	35	identity_off	31.648	35.161	2.0200	ImageMagick	35.0
textures	haberdoedas-5BsnVq1qTis-unsplash.jpg	turbo	444	35	model_policy	31.929	36.951	1.9936	ImageMagick	35.0
textures	haberdoedas-5BsnVq1qTis-unsplash.jpg	turbo	444	35	model_proj	31.929	36.956	1.9935	ImageMagick	35.0
textures	haberdoedas-5BsnVq1qTis-unsplash.jpg	turbo	444	55	identity_off	32.350	51.075	1.7735	ImageMagick	55.0
textures	haberdoedas-5BsnVq1qTis-unsplash.jpg	turbo	444	55	model_policy	32.572	51.685	1.7541	ImageMagick	55.0
textures	haberdoedas-5BsnVq1qTis-unsplash.jpg	turbo	444	55	model_proj	32.572	51.685	1.7541	ImageMagick	55.0
textures	haberdoedas-5BsnVq1qTis-unsplash.jpg	turbo	444	75	identity_off	33.273	61.313	1.5176	ImageMagick	75.0
textures	haberdoedas-5BsnVq1qTis-unsplash.jpg	turbo	444	75	model_policy	33.369	61.363	1.5117	ImageMagick	75.0
textures	haberdoedas-5BsnVq1qTis-unsplash.jpg	turbo	444	75	model_proj	33.370	61.415	1.5116	ImageMagick	75.0
textures	haberdoedas-5BsnVq1qTis-unsplash.jpg	turbo	444	90	identity_off	47.034	91.939	0.2209	ImageMagick	90.0
textures	haberdoedas-5BsnVq1qTis-unsplash.jpg	turbo	444	90	model_policy	46.993	91.879	0.2221	ImageMagick	90.0
textures	haberdoedas-5BsnVq1qTis-unsplash.jpg	turbo	444	90	model_proj	46.886	91.438	0.2313	ImageMagick	90.0
textures	haberdoedas-5BsnVq1qTis-unsplash.jpg	mozjpeg	420	15	identity_off	30.073	-20.709	3.0320	Mozjpeg	15.0
textures	haberdoedas-5BsnVq1qTis-unsplash.jpg	mozjpeg	420	15	model_policy	30.442	-7.445	2.9439	Mozjpeg	15.0
textures	haberdoedas-5BsnVq1qTis-unsplash.jpg	mozjpeg	420	15	model_proj	30.442	-7.442	2.9438	Mozjpeg	15.0
textures	haberdoedas-5BsnVq1qTis-unsplash.jpg	mozjpeg	420	35	identity_off	31.093	21.572	2.3227	Mozjpeg	35.0
textures	haberdoedas-5BsnVq1qTis-unsplash.jpg	mozjpeg	420	35	model_policy	31.258	23.342	2.3323	Mozjpeg	35.0
textures	haberdoedas-5BsnVq1qTis-unsplash.jpg	mozjpeg	420	35	model_proj	31.258	23.343	2.3323	Mozjpeg	35.0
textures	haberdoedas-5BsnVq1qTis-unsplash.jpg	mozjpeg	420	55	identity_off	31.814	42.200	1.9593	Mozjpeg	55.0
textures	haberdoedas-5BsnVq1qTis-unsplash.jpg	mozjpeg	420	55	model_policy	31.951	42.588	1.9579	Mozjpeg	55.0
textures	haberdoedas-5BsnVq1qTis-unsplash.jpg	mozjpeg	420	55	model_proj	31.951	42.585	1.9579	Mozjpeg	55.0
textures	haberdoedas-5BsnVq1qTis-unsplash.jpg	mozjpeg	420	75	identity_off	32.961	58.250	1.5957	Mozjpeg	75.0
textures	haberdoedas-5BsnVq1qTis-unsplash.jpg	mozjpeg	420	75	model_policy	33.072	58.277	1.5866	Mozjpeg	75.0
textures	haberdoedas-5BsnVq1qTis-unsplash.jpg	mozjpeg	420	75	model_proj	33.072	58.278	1.5866	Mozjpeg	75.0
textures	haberdoedas-5BsnVq1qTis-unsplash.jpg	mozjpeg	420	90	identity_off	41.403	84.970	0.6298	Mozjpeg	90.0
textures	haberdoedas-5BsnVq1qTis-unsplash.jpg	mozjpeg	420	90	model_policy	41.405	84.963	0.6292	Mozjpeg	90.0
textures	haberdoedas-5BsnVq1qTis-unsplash.jpg	mozjpeg	420	90	model_proj	41.402	84.896	0.6301	Mozjpeg	90.0
textures	haberdoedas-5BsnVq1qTis-unsplash.jpg	mozjpeg	444	15	identity_off	30.129	-20.113	3.0141	Mozjpeg	15.0
textures	haberdoedas-5BsnVq1qTis-unsplash.jpg	mozjpeg	444	15	model_policy	30.508	-6.649	2.9219	Mozjpeg	15.0
textures	haberdoedas-5BsnVq1qTis-unsplash.jpg	mozjpeg	444	15	model_proj	30.509	-6.628	2.9216	Mozjpeg	15.0
textures	haberdoedas-5BsnVq1qTis-unsplash.jpg	mozjpeg	444	35	identity_off	31.156	22.609	2.3159	Mozjpeg	35.0
textures	haberdoedas-5BsnVq1qTis-unsplash.jpg	mozjpeg	444	35	model_policy	31.300	23.965	2.3293	Mozjpeg	35.0
textures	haberdoedas-5BsnVq1qTis-unsplash.jpg	mozjpeg	444	35	model_proj	31.302	23.994	2.3290	Mozjpeg	35.0
textures	haberdoedas-5BsnVq1qTis-unsplash.jpg	mozjpeg	444	55	identity_off	31.871	43.145	1.9572	Mozjpeg	55.0
textures	haberdoedas-5BsnVq1qTis-unsplash.jpg	mozjpeg	444	55	model_policy	32.003	43.370	1.9557	Mozjpeg	55.0
textures	haberdoedas-5BsnVq1qTis-unsplash.jpg	mozjpeg	444	55	model_proj	32.003	43.375	1.9557	Mozjpeg	55.0
textures	haberdoedas-5BsnVq1qTis-unsplash.jpg	mozjpeg	444	75	identity_off	33.019	59.150	1.5939	Mozjpeg	75.0
textures	haberdoedas-5BsnVq1qTis-unsplash.jpg	mozjpeg	444	75	model_policy	33.127	59.040	1.5847	Mozjpeg	75.0
textures	haberdoedas-5BsnVq1qTis-unsplash.jpg	mozjpeg	444	75	model_proj	33.127	59.043	1.5847	Mozjpeg	75.0
textures	haberdoedas-5BsnVq1qTis-unsplash.jpg	mozjpeg	444	90	identity_off	41.320	85.591	0.6274	Mozjpeg	90.0
textures	haberdoedas-5BsnVq1qTis-unsplash.jpg	mozjpeg	444	90	model_policy	41.334	85.568	0.6269	Mozjpeg	90.0
textures	haberdoedas-5BsnVq1qTis-unsplash.jpg	mozjpeg	444	90	model_proj	41.329	85.473	0.6277	Mozjpeg	90.0
textures	haberdoedas-5BsnVq1qTis-unsplash.jpg	jpegli	420	15	identity_off	30.730	11.389	2.5947	CjpegliYcbcr	14.2
textures	haberdoedas-5BsnVq1qTis-unsplash.jpg	jpegli	420	15	model_policy	30.891	13.680	2.6356	CjpegliYcbcr	14.2
textures	haberdoedas-5BsnVq1qTis-unsplash.jpg	jpegli	420	15	model_proj	30.891	13.681	2.6356	CjpegliYcbcr	14.2
textures	haberdoedas-5BsnVq1qTis-unsplash.jpg	jpegli	420	35	identity_off	31.213	33.873	2.2790	CjpegliYcbcr	7.2
textures	haberdoedas-5BsnVq1qTis-unsplash.jpg	jpegli	420	35	model_policy	31.289	32.680	2.3120	CjpegliYcbcr	7.2
textures	haberdoedas-5BsnVq1qTis-unsplash.jpg	jpegli	420	35	model_proj	31.289	32.689	2.3119	CjpegliYcbcr	7.2
textures	haberdoedas-5BsnVq1qTis-unsplash.jpg	jpegli	420	55	identity_off	31.513	42.147	2.1027	CjpegliYcbcr	5.2
textures	haberdoedas-5BsnVq1qTis-unsplash.jpg	jpegli	420	55	model_policy	31.576	41.352	2.1289	CjpegliYcbcr	5.2
textures	haberdoedas-5BsnVq1qTis-unsplash.jpg	jpegli	420	55	model_proj	31.576	41.367	2.1289	CjpegliYcbcr	5.2
textures	haberdoedas-5BsnVq1qTis-unsplash.jpg	jpegli	420	75	identity_off	33.134	57.788	1.6127	CjpegliYcbcr	3.0
textures	haberdoedas-5BsnVq1qTis-unsplash.jpg	jpegli	420	75	model_policy	33.154	57.644	1.6156	CjpegliYcbcr	3.0
textures	haberdoedas-5BsnVq1qTis-unsplash.jpg	jpegli	420	75	model_proj	33.155	57.659	1.6153	CjpegliYcbcr	3.0
textures	haberdoedas-5BsnVq1qTis-unsplash.jpg	jpegli	420	90	identity_off	41.528	83.643	0.5968	CjpegliYcbcr	1.3
textures	haberdoedas-5BsnVq1qTis-unsplash.jpg	jpegli	420	90	model_policy	41.525	83.625	0.5966	CjpegliYcbcr	1.3
textures	haberdoedas-5BsnVq1qTis-unsplash.jpg	jpegli	420	90	model_proj	41.513	83.490	0.5970	CjpegliYcbcr	1.3
textures	haberdoedas-5BsnVq1qTis-unsplash.jpg	jpegli	444	15	identity_off	30.433	15.161	2.5683	CjpegliYcbcr	11.8
textures	haberdoedas-5BsnVq1qTis-unsplash.jpg	jpegli	444	15	model_policy	30.799	17.356	2.5958	CjpegliYcbcr	11.8
textures	haberdoedas-5BsnVq1qTis-unsplash.jpg	jpegli	444	15	model_proj	30.799	17.356	2.5958	CjpegliYcbcr	11.8
textures	haberdoedas-5BsnVq1qTis-unsplash.jpg	jpegli	444	35	identity_off	31.306	38.284	2.1995	CjpegliYcbcr	6.0
textures	haberdoedas-5BsnVq1qTis-unsplash.jpg	jpegli	444	35	model_policy	31.443	38.016	2.2286	CjpegliYcbcr	6.0
textures	haberdoedas-5BsnVq1qTis-unsplash.jpg	jpegli	444	35	model_proj	31.443	38.020	2.2286	CjpegliYcbcr	6.0
textures	haberdoedas-5BsnVq1qTis-unsplash.jpg	jpegli	444	55	identity_off	31.805	46.703	1.9664	CjpegliYcbcr	4.1
textures	haberdoedas-5BsnVq1qTis-unsplash.jpg	jpegli	444	55	model_policy	31.908	46.562	1.9835	CjpegliYcbcr	4.1
textures	haberdoedas-5BsnVq1qTis-unsplash.jpg	jpegli	444	55	model_proj	31.908	46.572	1.9835	CjpegliYcbcr	4.1
textures	haberdoedas-5BsnVq1qTis-unsplash.jpg	jpegli	444	75	identity_off	34.746	65.159	1.3384	CjpegliYcbcr	2.3
textures	haberdoedas-5BsnVq1qTis-unsplash.jpg	jpegli	444	75	model_policy	34.763	65.293	1.3385	CjpegliYcbcr	2.3
textures	haberdoedas-5BsnVq1qTis-unsplash.jpg	jpegli	444	75	model_proj	34.763	65.290	1.3385	CjpegliYcbcr	2.3
textures	haberdoedas-5BsnVq1qTis-unsplash.jpg	jpegli	444	90	identity_off	42.314	84.508	0.5284	CjpegliYcbcr	1.1
textures	haberdoedas-5BsnVq1qTis-unsplash.jpg	jpegli	444	90	model_policy	42.333	84.540	0.5276	CjpegliYcbcr	1.1
textures	haberdoedas-5BsnVq1qTis-unsplash.jpg	jpegli	444	90	model_proj	42.356	84.687	0.5267	CjpegliYcbcr	1.1
textures	haberdoedas-5BsnVq1qTis-unsplash.jpg	zenjpeg	420	15	identity_off	30.729	11.218	2.5924	CjpegliYcbcr	14.2
textures	haberdoedas-5BsnVq1qTis-unsplash.jpg	zenjpeg	420	15	model_policy	30.891	13.594	2.6321	CjpegliYcbcr	14.2
textures	haberdoedas-5BsnVq1qTis-unsplash.jpg	zenjpeg	420	15	model_proj	30.892	13.593	2.6321	CjpegliYcbcr	14.2
textures	haberdoedas-5BsnVq1qTis-unsplash.jpg	zenjpeg	420	35	identity_off	31.213	33.813	2.2731	CjpegliYcbcr	7.2
textures	haberdoedas-5BsnVq1qTis-unsplash.jpg	zenjpeg	420	35	model_policy	31.289	32.611	2.3065	CjpegliYcbcr	7.2
textures	haberdoedas-5BsnVq1qTis-unsplash.jpg	zenjpeg	420	35	model_proj	31.289	32.617	2.3065	CjpegliYcbcr	7.2
textures	haberdoedas-5BsnVq1qTis-unsplash.jpg	zenjpeg	420	55	identity_off	31.508	42.098	2.1017	CjpegliYcbcr	5.2
textures	haberdoedas-5BsnVq1qTis-unsplash.jpg	zenjpeg	420	55	model_policy	31.571	41.277	2.1273	CjpegliYcbcr	5.2
textures	haberdoedas-5BsnVq1qTis-unsplash.jpg	zenjpeg	420	55	model_proj	31.571	41.282	2.1273	CjpegliYcbcr	5.2
textures	haberdoedas-5BsnVq1qTis-unsplash.jpg	zenjpeg	420	75	identity_off	33.130	57.655	1.6119	CjpegliYcbcr	3.0
textures	haberdoedas-5BsnVq1qTis-unsplash.jpg	zenjpeg	420	75	model_policy	33.150	57.497	1.6148	CjpegliYcbcr	3.0
textures	haberdoedas-5BsnVq1qTis-unsplash.jpg	zenjpeg	420	75	model_proj	33.151	57.525	1.6144	CjpegliYcbcr	3.0
textures	haberdoedas-5BsnVq1qTis-unsplash.jpg	zenjpeg	420	90	identity_off	41.530	83.492	0.5978	CjpegliYcbcr	1.3
textures	haberdoedas-5BsnVq1qTis-unsplash.jpg	zenjpeg	420	90	model_policy	41.527	83.463	0.5975	CjpegliYcbcr	1.3
textures	haberdoedas-5BsnVq1qTis-unsplash.jpg	zenjpeg	420	90	model_proj	41.507	83.229	0.6006	CjpegliYcbcr	1.3
textures	haberdoedas-5BsnVq1qTis-unsplash.jpg	zenjpeg	444	15	identity_off	30.441	15.178	2.5682	CjpegliYcbcr	11.8
textures	haberdoedas-5BsnVq1qTis-unsplash.jpg	zenjpeg	444	15	model_policy	30.807	17.486	2.5925	CjpegliYcbcr	11.8
textures	haberdoedas-5BsnVq1qTis-unsplash.jpg	zenjpeg	444	15	model_proj	30.807	17.490	2.5925	CjpegliYcbcr	11.8
textures	haberdoedas-5BsnVq1qTis-unsplash.jpg	zenjpeg	444	35	identity_off	31.301	38.217	2.1991	CjpegliYcbcr	6.0
textures	haberdoedas-5BsnVq1qTis-unsplash.jpg	zenjpeg	444	35	model_policy	31.439	37.996	2.2277	CjpegliYcbcr	6.0
textures	haberdoedas-5BsnVq1qTis-unsplash.jpg	zenjpeg	444	35	model_proj	31.439	38.008	2.2276	CjpegliYcbcr	6.0
textures	haberdoedas-5BsnVq1qTis-unsplash.jpg	zenjpeg	444	55	identity_off	31.804	46.422	1.9642	CjpegliYcbcr	4.1
textures	haberdoedas-5BsnVq1qTis-unsplash.jpg	zenjpeg	444	55	model_policy	31.908	46.324	1.9805	CjpegliYcbcr	4.1
textures	haberdoedas-5BsnVq1qTis-unsplash.jpg	zenjpeg	444	55	model_proj	31.908	46.324	1.9805	CjpegliYcbcr	4.1
textures	haberdoedas-5BsnVq1qTis-unsplash.jpg	zenjpeg	444	75	identity_off	34.726	64.809	1.3472	CjpegliYcbcr	2.3
textures	haberdoedas-5BsnVq1qTis-unsplash.jpg	zenjpeg	444	75	model_policy	34.742	64.966	1.3473	CjpegliYcbcr	2.3
textures	haberdoedas-5BsnVq1qTis-unsplash.jpg	zenjpeg	444	75	model_proj	34.742	64.973	1.3473	CjpegliYcbcr	2.3
textures	haberdoedas-5BsnVq1qTis-unsplash.jpg	zenjpeg	444	90	identity_off	42.284	84.491	0.5312	CjpegliYcbcr	1.1
textures	haberdoedas-5BsnVq1qTis-unsplash.jpg	zenjpeg	444	90	model_policy	42.303	84.499	0.5305	CjpegliYcbcr	1.1
textures	haberdoedas-5BsnVq1qTis-unsplash.jpg	zenjpeg	444	90	model_proj	42.317	84.538	0.5310	CjpegliYcbcr	1.1
