sub	file	encoder	ss	q	arm	psnr	ssim2	butter_n3	probe_family	probe_q
photos	20231206_150232.png	turbo	420	85	identity_off	34.566	80.540	0.9586	ImageMagick	85.0
photos	20231206_150232.png	turbo	420	85	identity_auto	34.625	80.358	0.9718	ImageMagick	85.0
photos	20231206_150232.png	turbo	420	85	model_off	35.121	82.622	0.8323	ImageMagick	85.0
photos	20231206_150232.png	turbo	420	85	model_auto	35.179	82.327	0.8462	ImageMagick	85.0
photos	20231206_150232.png	turbo	420	90	identity_off	36.819	84.278	0.7351	ImageMagick	90.0
photos	20231206_150232.png	turbo	420	90	identity_auto	36.842	84.282	0.7547	ImageMagick	90.0
photos	20231206_150232.png	turbo	420	90	model_off	37.023	85.763	0.6617	ImageMagick	90.0
photos	20231206_150232.png	turbo	420	90	model_auto	37.107	85.758	0.6638	ImageMagick	90.0
photos	20231206_150232.png	turbo	420	93	identity_off	38.638	86.683	0.5927	ImageMagick	93.0
photos	20231206_150232.png	turbo	420	93	identity_auto	38.621	86.623	0.6281	ImageMagick	93.0
photos	20231206_150232.png	turbo	420	93	model_off	38.565	87.726	0.5362	ImageMagick	93.0
photos	20231206_150232.png	turbo	420	93	model_auto	38.563	87.601	0.5577	ImageMagick	93.0
photos	20231206_150232.png	turbo	420	96	identity_off	41.203	89.061	0.4674	ImageMagick	96.0
photos	20231206_150232.png	turbo	420	96	identity_auto	41.203	89.061	0.4674	ImageMagick	96.0
photos	20231206_150232.png	turbo	420	96	model_off	40.659	89.804	0.3940	ImageMagick	96.0
photos	20231206_150232.png	turbo	420	96	model_auto	40.612	89.526	0.3977	ImageMagick	96.0
photos	20231206_150232.png	turbo	444	85	identity_off	35.326	83.215	0.9235	ImageMagick	85.0
photos	20231206_150232.png	turbo	444	85	identity_auto	35.409	83.065	0.9298	ImageMagick	85.0
photos	20231206_150232.png	turbo	444	85	model_off	35.584	82.938	0.8208	ImageMagick	85.0
photos	20231206_150232.png	turbo	444	85	model_auto	35.664	82.641	0.8275	ImageMagick	85.0
photos	20231206_150232.png	turbo	444	90	identity_off	37.804	86.947	0.6993	ImageMagick	90.0
photos	20231206_150232.png	turbo	444	90	identity_auto	37.832	86.969	0.7089	ImageMagick	90.0
photos	20231206_150232.png	turbo	444	90	model_off	37.584	85.459	0.6602	ImageMagick	90.0
photos	20231206_150232.png	turbo	444	90	model_auto	37.645	85.387	0.6575	ImageMagick	90.0
photos	20231206_150232.png	turbo	444	93	identity_off	39.887	89.518	0.5484	ImageMagick	93.0
photos	20231206_150232.png	turbo	444	93	identity_auto	39.867	89.430	0.5672	ImageMagick	93.0
photos	20231206_150232.png	turbo	444	93	model_off	39.193	87.179	0.5513	ImageMagick	93.0
photos	20231206_150232.png	turbo	444	93	model_auto	39.147	86.861	0.5592	ImageMagick	93.0
photos	20231206_150232.png	turbo	444	96	identity_off	43.126	92.261	0.3768	ImageMagick	96.0
photos	20231206_150232.png	turbo	444	96	identity_auto	43.126	92.261	0.3768	ImageMagick	96.0
photos	20231206_150232.png	turbo	444	96	model_off	41.410	88.784	0.4782	ImageMagick	96.0
photos	20231206_150232.png	turbo	444	96	model_auto	41.279	88.411	0.4815	ImageMagick	96.0
photos	20231206_150232.png	mozjpeg	420	85	identity_off	30.829	74.989	1.3588	Mozjpeg	85.0
photos	20231206_150232.png	mozjpeg	420	85	identity_auto	30.882	74.782	1.4151	Mozjpeg	85.0
photos	20231206_150232.png	mozjpeg	420	85	model_off	31.813	77.781	1.2029	Mozjpeg	85.0
photos	20231206_150232.png	mozjpeg	420	85	model_auto	31.808	77.253	1.2714	Mozjpeg	85.0
photos	20231206_150232.png	mozjpeg	420	90	identity_off	32.795	79.138	1.0617	Mozjpeg	90.0
photos	20231206_150232.png	mozjpeg	420	90	identity_auto	32.817	79.135	1.1003	Mozjpeg	90.0
photos	20231206_150232.png	mozjpeg	420	90	model_off	33.523	81.576	0.9437	Mozjpeg	90.0
photos	20231206_150232.png	mozjpeg	420	90	model_auto	33.591	81.498	0.9823	Mozjpeg	90.0
photos	20231206_150232.png	mozjpeg	420	93	identity_off	34.811	82.218	0.8254	Mozjpeg	93.0
photos	20231206_150232.png	mozjpeg	420	93	identity_auto	34.821	82.205	0.8638	Mozjpeg	93.0
photos	20231206_150232.png	mozjpeg	420	93	model_off	35.275	84.239	0.7291	Mozjpeg	93.0
photos	20231206_150232.png	mozjpeg	420	93	model_auto	35.332	84.112	0.7639	Mozjpeg	93.0
photos	20231206_150232.png	mozjpeg	420	96	identity_off	38.287	86.623	0.5664	Mozjpeg	96.0
photos	20231206_150232.png	mozjpeg	420	96	identity_auto	38.287	86.623	0.5664	Mozjpeg	96.0
photos	20231206_150232.png	mozjpeg	420	96	model_off	38.246	87.811	0.4909	Mozjpeg	96.0
photos	20231206_150232.png	mozjpeg	420	96	model_auto	38.307	87.792	0.4888	Mozjpeg	96.0
photos	20231206_150232.png	mozjpeg	444	85	identity_off	31.036	76.759	1.3366	Mozjpeg	85.0
photos	20231206_150232.png	mozjpeg	444	85	identity_auto	31.095	76.558	1.3896	Mozjpeg	85.0
photos	20231206_150232.png	mozjpeg	444	85	model_off	31.908	77.446	1.1932	Mozjpeg	85.0
photos	20231206_150232.png	mozjpeg	444	85	model_auto	31.912	76.961	1.2586	Mozjpeg	85.0
photos	20231206_150232.png	mozjpeg	444	90	identity_off	33.077	81.071	1.0393	Mozjpeg	90.0
photos	20231206_150232.png	mozjpeg	444	90	identity_auto	33.100	81.071	1.0728	Mozjpeg	90.0
photos	20231206_150232.png	mozjpeg	444	90	model_off	33.640	80.901	0.9415	Mozjpeg	90.0
photos	20231206_150232.png	mozjpeg	444	90	model_auto	33.709	80.700	0.9742	Mozjpeg	90.0
photos	20231206_150232.png	mozjpeg	444	93	identity_off	35.220	84.410	0.7968	Mozjpeg	93.0
photos	20231206_150232.png	mozjpeg	444	93	identity_auto	35.229	84.375	0.8281	Mozjpeg	93.0
photos	20231206_150232.png	mozjpeg	444	93	model_off	35.441	83.319	0.7304	Mozjpeg	93.0
photos	20231206_150232.png	mozjpeg	444	93	model_auto	35.493	83.160	0.7573	Mozjpeg	93.0
photos	20231206_150232.png	mozjpeg	444	96	identity_off	39.143	89.234	0.5047	Mozjpeg	96.0
photos	20231206_150232.png	mozjpeg	444	96	identity_auto	39.143	89.234	0.5047	Mozjpeg	96.0
photos	20231206_150232.png	mozjpeg	444	96	model_off	38.553	86.665	0.5295	Mozjpeg	96.0
photos	20231206_150232.png	mozjpeg	444	96	model_auto	38.582	86.563	0.5292	Mozjpeg	96.0
photos	20231206_150232.png	jpegli	420	85	identity_off	34.055	79.605	0.9494	CjpegliYcbcr	1.8
photos	20231206_150232.png	jpegli	420	85	identity_auto	34.132	79.584	0.9416	CjpegliYcbcr	1.8
photos	20231206_150232.png	jpegli	420	85	model_off	34.564	81.414	0.8402	CjpegliYcbcr	1.8
photos	20231206_150232.png	jpegli	420	85	model_auto	34.650	81.274	0.8382	CjpegliYcbcr	1.8
photos	20231206_150232.png	jpegli	420	90	identity_off	36.295	83.441	0.7390	CjpegliYcbcr	1.3
photos	20231206_150232.png	jpegli	420	90	identity_auto	36.317	83.418	0.7803	CjpegliYcbcr	1.3
photos	20231206_150232.png	jpegli	420	90	model_off	36.557	85.017	0.6571	CjpegliYcbcr	1.3
photos	20231206_150232.png	jpegli	420	90	model_auto	36.613	84.861	0.6828	CjpegliYcbcr	1.3
photos	20231206_150232.png	jpegli	420	93	identity_off	38.223	85.871	0.6150	CjpegliYcbcr	1.0
photos	20231206_150232.png	jpegli	420	93	identity_auto	38.208	85.763	0.6682	CjpegliYcbcr	1.0
photos	20231206_150232.png	jpegli	420	93	model_off	38.277	87.210	0.5278	CjpegliYcbcr	1.0
photos	20231206_150232.png	jpegli	420	93	model_auto	38.253	86.986	0.5661	CjpegliYcbcr	1.0
photos	20231206_150232.png	jpegli	420	96	identity_off	40.587	88.312	0.5142	CjpegliYcbcr	0.5
photos	20231206_150232.png	jpegli	420	96	identity_auto	40.587	88.312	0.5142	CjpegliYcbcr	0.5
photos	20231206_150232.png	jpegli	420	96	model_off	40.283	89.488	0.4004	CjpegliYcbcr	0.5
photos	20231206_150232.png	jpegli	420	96	model_auto	40.229	89.283	0.4115	CjpegliYcbcr	0.5
photos	20231206_150232.png	jpegli	444	85	identity_off	34.846	81.250	0.8046	CjpegliYcbcr	1.4
photos	20231206_150232.png	jpegli	444	85	identity_auto	34.907	81.256	0.8333	CjpegliYcbcr	1.4
photos	20231206_150232.png	jpegli	444	85	model_off	35.240	82.846	0.7329	CjpegliYcbcr	1.4
photos	20231206_150232.png	jpegli	444	85	model_auto	35.359	82.762	0.7526	CjpegliYcbcr	1.4
photos	20231206_150232.png	jpegli	444	90	identity_off	37.101	85.102	0.6215	CjpegliYcbcr	1.1
photos	20231206_150232.png	jpegli	444	90	identity_auto	37.141	85.031	0.6557	CjpegliYcbcr	1.1
photos	20231206_150232.png	jpegli	444	90	model_off	37.177	85.886	0.5794	CjpegliYcbcr	1.1
photos	20231206_150232.png	jpegli	444	90	model_auto	37.255	85.647	0.6042	CjpegliYcbcr	1.1
photos	20231206_150232.png	jpegli	444	93	identity_off	39.014	87.545	0.4887	CjpegliYcbcr	0.7
photos	20231206_150232.png	jpegli	444	93	identity_auto	39.034	87.490	0.5351	CjpegliYcbcr	0.7
photos	20231206_150232.png	jpegli	444	93	model_off	38.765	87.705	0.4694	CjpegliYcbcr	0.7
photos	20231206_150232.png	jpegli	444	93	model_auto	38.774	87.415	0.5094	CjpegliYcbcr	0.7
photos	20231206_150232.png	jpegli	444	96	identity_off	41.608	90.632	0.3378	CjpegliYcbcr	0.3
photos	20231206_150232.png	jpegli	444	96	identity_auto	41.608	90.632	0.3378	CjpegliYcbcr	0.3
photos	20231206_150232.png	jpegli	444	96	model_off	40.648	89.440	0.3752	CjpegliYcbcr	0.3
photos	20231206_150232.png	jpegli	444	96	model_auto	40.577	89.105	0.3901	CjpegliYcbcr	0.3
photos	20231206_150232.png	zenjpeg	420	85	identity_off	33.996	79.521	0.9541	CjpegliYcbcr	1.8
photos	20231206_150232.png	zenjpeg	420	85	identity_auto	34.074	79.550	0.9463	CjpegliYcbcr	1.8
photos	20231206_150232.png	zenjpeg	420	85	model_off	34.513	81.375	0.8471	CjpegliYcbcr	1.8
photos	20231206_150232.png	zenjpeg	420	85	model_auto	34.599	81.183	0.8441	CjpegliYcbcr	1.8
photos	20231206_150232.png	zenjpeg	420	90	identity_off	36.229	83.455	0.7377	CjpegliYcbcr	1.3
photos	20231206_150232.png	zenjpeg	420	90	identity_auto	36.251	83.455	0.7783	CjpegliYcbcr	1.3
photos	20231206_150232.png	zenjpeg	420	90	model_off	36.498	84.924	0.6597	CjpegliYcbcr	1.3
photos	20231206_150232.png	zenjpeg	420	90	model_auto	36.554	84.847	0.6867	CjpegliYcbcr	1.3
photos	20231206_150232.png	zenjpeg	420	93	identity_off	38.154	85.942	0.6138	CjpegliYcbcr	1.0
photos	20231206_150232.png	zenjpeg	420	93	identity_auto	38.141	85.853	0.6671	CjpegliYcbcr	1.0
photos	20231206_150232.png	zenjpeg	420	93	model_off	38.213	87.167	0.5327	CjpegliYcbcr	1.0
photos	20231206_150232.png	zenjpeg	420	93	model_auto	38.195	86.939	0.5689	CjpegliYcbcr	1.0
photos	20231206_150232.png	zenjpeg	420	96	identity_off	40.492	88.268	0.5139	CjpegliYcbcr	0.5
photos	20231206_150232.png	zenjpeg	420	96	identity_auto	40.492	88.268	0.5139	CjpegliYcbcr	0.5
photos	20231206_150232.png	zenjpeg	420	96	model_off	40.210	89.484	0.4028	CjpegliYcbcr	0.5
photos	20231206_150232.png	zenjpeg	420	96	model_auto	40.164	89.234	0.4129	CjpegliYcbcr	0.5
photos	20231206_150232.png	zenjpeg	444	85	identity_off	34.781	81.185	0.8084	CjpegliYcbcr	1.4
photos	20231206_150232.png	zenjpeg	444	85	identity_auto	34.843	81.184	0.8367	CjpegliYcbcr	1.4
photos	20231206_150232.png	zenjpeg	444	85	model_off	35.185	82.782	0.7359	CjpegliYcbcr	1.4
photos	20231206_150232.png	zenjpeg	444	85	model_auto	35.303	82.706	0.7571	CjpegliYcbcr	1.4
photos	20231206_150232.png	zenjpeg	444	90	identity_off	37.020	84.954	0.6279	CjpegliYcbcr	1.1
photos	20231206_150232.png	zenjpeg	444	90	identity_auto	37.061	84.937	0.6625	CjpegliYcbcr	1.1
photos	20231206_150232.png	zenjpeg	444	90	model_off	37.107	85.682	0.5856	CjpegliYcbcr	1.1
photos	20231206_150232.png	zenjpeg	444	90	model_auto	37.188	85.510	0.6116	CjpegliYcbcr	1.1
photos	20231206_150232.png	zenjpeg	444	93	identity_off	38.936	87.540	0.4953	CjpegliYcbcr	0.7
photos	20231206_150232.png	zenjpeg	444	93	identity_auto	38.956	87.431	0.5432	CjpegliYcbcr	0.7
photos	20231206_150232.png	zenjpeg	444	93	model_off	38.701	87.684	0.4741	CjpegliYcbcr	0.7
photos	20231206_150232.png	zenjpeg	444	93	model_auto	38.712	87.351	0.5160	CjpegliYcbcr	0.7
photos	20231206_150232.png	zenjpeg	444	96	identity_off	41.472	90.652	0.3450	CjpegliYcbcr	0.3
photos	20231206_150232.png	zenjpeg	444	96	identity_auto	41.472	90.652	0.3450	CjpegliYcbcr	0.3
photos	20231206_150232.png	zenjpeg	444	96	model_off	40.553	89.544	0.3800	CjpegliYcbcr	0.3
photos	20231206_150232.png	zenjpeg	444	96	model_auto	40.494	89.137	0.3940	CjpegliYcbcr	0.3
photos	20240528_210945.jpg	turbo	420	85	identity_off	33.611	80.748	1.1202	ImageMagick	85.0
photos	20240528_210945.jpg	turbo	420	85	identity_auto	33.569	80.247	1.1785	ImageMagick	85.0
photos	20240528_210945.jpg	turbo	420	85	model_off	33.836	81.325	1.1087	ImageMagick	85.0
photos	20240528_210945.jpg	turbo	420	85	model_auto	33.864	80.927	1.1621	ImageMagick	85.0
photos	20240528_210945.jpg	turbo	420	90	identity_off	35.274	83.925	0.9315	ImageMagick	90.0
photos	20240528_210945.jpg	turbo	420	90	identity_auto	35.239	83.852	0.9836	ImageMagick	90.0
photos	20240528_210945.jpg	turbo	420	90	model_off	35.418	84.198	0.9257	ImageMagick	90.0
photos	20240528_210945.jpg	turbo	420	90	model_auto	35.507	84.303	0.9731	ImageMagick	90.0
photos	20240528_210945.jpg	turbo	420	93	identity_off	36.801	86.689	0.8239	ImageMagick	93.0
photos	20240528_210945.jpg	turbo	420	93	identity_auto	36.730	86.563	0.8798	ImageMagick	93.0
photos	20240528_210945.jpg	turbo	420	93	model_off	36.904	86.897	0.8203	ImageMagick	93.0
photos	20240528_210945.jpg	turbo	420	93	model_auto	36.942	86.955	0.8732	ImageMagick	93.0
photos	20240528_210945.jpg	turbo	420	96	identity_off	39.083	89.252	0.7356	ImageMagick	96.0
photos	20240528_210945.jpg	turbo	420	96	identity_auto	39.083	89.252	0.7356	ImageMagick	96.0
photos	20240528_210945.jpg	turbo	420	96	model_off	39.138	89.451	0.7321	ImageMagick	96.0
photos	20240528_210945.jpg	turbo	420	96	model_auto	39.202	89.602	0.7333	ImageMagick	96.0
photos	20240528_210945.jpg	turbo	444	85	identity_off	34.636	84.976	0.8238	ImageMagick	85.0
photos	20240528_210945.jpg	turbo	444	85	identity_auto	34.656	84.494	0.8628	ImageMagick	85.0
photos	20240528_210945.jpg	turbo	444	85	model_off	34.874	85.293	0.8044	ImageMagick	85.0
photos	20240528_210945.jpg	turbo	444	85	model_auto	34.959	84.749	0.8405	ImageMagick	85.0
photos	20240528_210945.jpg	turbo	444	90	identity_off	36.570	87.973	0.6489	ImageMagick	90.0
photos	20240528_210945.jpg	turbo	444	90	identity_auto	36.567	87.939	0.6796	ImageMagick	90.0
photos	20240528_210945.jpg	turbo	444	90	model_off	36.713	88.002	0.6423	ImageMagick	90.0
photos	20240528_210945.jpg	turbo	444	90	model_auto	36.846	87.725	0.6681	ImageMagick	90.0
photos	20240528_210945.jpg	turbo	444	93	identity_off	38.377	89.993	0.5242	ImageMagick	93.0
photos	20240528_210945.jpg	turbo	444	93	identity_auto	38.336	89.926	0.5573	ImageMagick	93.0
photos	20240528_210945.jpg	turbo	444	93	model_off	38.475	89.873	0.5212	ImageMagick	93.0
photos	20240528_210945.jpg	turbo	444	93	model_auto	38.565	89.449	0.5515	ImageMagick	93.0
photos	20240528_210945.jpg	turbo	444	96	identity_off	41.674	92.899	0.3434	ImageMagick	96.0
photos	20240528_210945.jpg	turbo	444	96	identity_auto	41.674	92.899	0.3434	ImageMagick	96.0
photos	20240528_210945.jpg	turbo	444	96	model_off	41.667	92.723	0.3427	ImageMagick	96.0
photos	20240528_210945.jpg	turbo	444	96	model_auto	41.739	92.191	0.3435	ImageMagick	96.0
photos	20240528_210945.jpg	mozjpeg	420	85	identity_off	32.699	79.551	1.1734	Mozjpeg	85.0
photos	20240528_210945.jpg	mozjpeg	420	85	identity_auto	32.676	78.954	1.2357	Mozjpeg	85.0
photos	20240528_210945.jpg	mozjpeg	420	85	model_off	32.967	80.004	1.1563	Mozjpeg	85.0
photos	20240528_210945.jpg	mozjpeg	420	85	model_auto	32.940	79.365	1.2195	Mozjpeg	85.0
photos	20240528_210945.jpg	mozjpeg	420	90	identity_off	34.243	82.831	1.0220	Mozjpeg	90.0
photos	20240528_210945.jpg	mozjpeg	420	90	identity_auto	34.219	82.700	1.0761	Mozjpeg	90.0
photos	20240528_210945.jpg	mozjpeg	420	90	model_off	34.411	83.196	1.0132	Mozjpeg	90.0
photos	20240528_210945.jpg	mozjpeg	420	90	model_auto	34.450	83.171	1.0660	Mozjpeg	90.0
photos	20240528_210945.jpg	mozjpeg	420	93	identity_off	35.546	84.804	0.9226	Mozjpeg	93.0
photos	20240528_210945.jpg	mozjpeg	420	93	identity_auto	35.495	84.651	0.9796	Mozjpeg	93.0
photos	20240528_210945.jpg	mozjpeg	420	93	model_off	35.652	85.050	0.9181	Mozjpeg	93.0
photos	20240528_210945.jpg	mozjpeg	420	93	model_auto	35.656	85.064	0.9745	Mozjpeg	93.0
photos	20240528_210945.jpg	mozjpeg	420	96	identity_off	37.595	87.286	0.8232	Mozjpeg	96.0
photos	20240528_210945.jpg	mozjpeg	420	96	identity_auto	37.595	87.286	0.8232	Mozjpeg	96.0
photos	20240528_210945.jpg	mozjpeg	420	96	model_off	37.644	87.451	0.8210	Mozjpeg	96.0
photos	20240528_210945.jpg	mozjpeg	420	96	model_auto	37.684	87.663	0.8228	Mozjpeg	96.0
photos	20240528_210945.jpg	mozjpeg	444	85	identity_off	33.339	82.797	0.9421	Mozjpeg	85.0
photos	20240528_210945.jpg	mozjpeg	444	85	identity_auto	33.355	82.241	0.9880	Mozjpeg	85.0
photos	20240528_210945.jpg	mozjpeg	444	85	model_off	33.600	83.004	0.9111	Mozjpeg	85.0
photos	20240528_210945.jpg	mozjpeg	444	85	model_auto	33.599	82.331	0.9596	Mozjpeg	85.0
photos	20240528_210945.jpg	mozjpeg	444	90	identity_off	35.107	85.857	0.7700	Mozjpeg	90.0
photos	20240528_210945.jpg	mozjpeg	444	90	identity_auto	35.103	85.758	0.8043	Mozjpeg	90.0
photos	20240528_210945.jpg	mozjpeg	444	90	model_off	35.245	85.879	0.7529	Mozjpeg	90.0
photos	20240528_210945.jpg	mozjpeg	444	90	model_auto	35.288	85.625	0.7853	Mozjpeg	90.0
photos	20240528_210945.jpg	mozjpeg	444	93	identity_off	36.700	88.138	0.6127	Mozjpeg	93.0
photos	20240528_210945.jpg	mozjpeg	444	93	identity_auto	36.670	88.027	0.6487	Mozjpeg	93.0
photos	20240528_210945.jpg	mozjpeg	444	93	model_off	36.765	88.013	0.6056	Mozjpeg	93.0
photos	20240528_210945.jpg	mozjpeg	444	93	model_auto	36.758	87.695	0.6398	Mozjpeg	93.0
photos	20240528_210945.jpg	mozjpeg	444	96	identity_off	39.569	90.899	0.4393	Mozjpeg	96.0
photos	20240528_210945.jpg	mozjpeg	444	96	identity_auto	39.569	90.899	0.4393	Mozjpeg	96.0
photos	20240528_210945.jpg	mozjpeg	444	96	model_off	39.518	90.565	0.4388	Mozjpeg	96.0
photos	20240528_210945.jpg	mozjpeg	444	96	model_auto	39.468	90.225	0.4396	Mozjpeg	96.0
photos	20240528_210945.jpg	jpegli	420	85	identity_off	33.223	78.949	1.0723	CjpegliYcbcr	1.8
photos	20240528_210945.jpg	jpegli	420	85	identity_auto	33.250	78.730	1.0797	CjpegliYcbcr	1.8
photos	20240528_210945.jpg	jpegli	420	85	model_off	33.399	79.412	1.0640	CjpegliYcbcr	1.8
photos	20240528_210945.jpg	jpegli	420	85	model_auto	33.468	79.155	1.0728	CjpegliYcbcr	1.8
photos	20240528_210945.jpg	jpegli	420	90	identity_off	34.977	81.831	0.9266	CjpegliYcbcr	1.3
photos	20240528_210945.jpg	jpegli	420	90	identity_auto	34.944	81.710	0.9821	CjpegliYcbcr	1.3
photos	20240528_210945.jpg	jpegli	420	90	model_off	35.086	82.069	0.9237	CjpegliYcbcr	1.3
photos	20240528_210945.jpg	jpegli	420	90	model_auto	35.119	82.038	0.9777	CjpegliYcbcr	1.3
photos	20240528_210945.jpg	jpegli	420	93	identity_off	36.559	84.370	0.8364	CjpegliYcbcr	1.0
photos	20240528_210945.jpg	jpegli	420	93	identity_auto	36.485	84.194	0.8948	CjpegliYcbcr	1.0
photos	20240528_210945.jpg	jpegli	420	93	model_off	36.631	84.649	0.8344	CjpegliYcbcr	1.0
photos	20240528_210945.jpg	jpegli	420	93	model_auto	36.614	84.648	0.8927	CjpegliYcbcr	1.0
photos	20240528_210945.jpg	jpegli	420	96	identity_off	38.475	87.261	0.7720	CjpegliYcbcr	0.5
photos	20240528_210945.jpg	jpegli	420	96	identity_auto	38.475	87.261	0.7720	CjpegliYcbcr	0.5
photos	20240528_210945.jpg	jpegli	420	96	model_off	38.525	87.400	0.7707	CjpegliYcbcr	0.5
photos	20240528_210945.jpg	jpegli	420	96	model_auto	38.573	87.590	0.7729	CjpegliYcbcr	0.5
photos	20240528_210945.jpg	jpegli	444	85	identity_off	33.808	80.953	0.8754	CjpegliYcbcr	1.4
photos	20240528_210945.jpg	jpegli	444	85	identity_auto	33.833	80.901	0.9203	CjpegliYcbcr	1.4
photos	20240528_210945.jpg	jpegli	444	85	model_off	34.021	81.261	0.8668	CjpegliYcbcr	1.4
photos	20240528_210945.jpg	jpegli	444	85	model_auto	34.171	81.366	0.9091	CjpegliYcbcr	1.4
photos	20240528_210945.jpg	jpegli	444	90	identity_off	35.721	84.298	0.6698	CjpegliYcbcr	1.1
photos	20240528_210945.jpg	jpegli	444	90	identity_auto	35.722	84.195	0.7189	CjpegliYcbcr	1.1
photos	20240528_210945.jpg	jpegli	444	90	model_off	35.870	84.459	0.6659	CjpegliYcbcr	1.1
photos	20240528_210945.jpg	jpegli	444	90	model_auto	36.005	84.601	0.7121	CjpegliYcbcr	1.1
photos	20240528_210945.jpg	jpegli	444	93	identity_off	37.523	87.364	0.5138	CjpegliYcbcr	0.7
photos	20240528_210945.jpg	jpegli	444	93	identity_auto	37.497	87.224	0.5685	CjpegliYcbcr	0.7
photos	20240528_210945.jpg	jpegli	444	93	model_off	37.639	87.518	0.5124	CjpegliYcbcr	0.7
photos	20240528_210945.jpg	jpegli	444	93	model_auto	37.734	87.515	0.5663	CjpegliYcbcr	0.7
photos	20240528_210945.jpg	jpegli	444	96	identity_off	40.019	90.684	0.3411	CjpegliYcbcr	0.3
photos	20240528_210945.jpg	jpegli	444	96	identity_auto	40.019	90.684	0.3411	CjpegliYcbcr	0.3
photos	20240528_210945.jpg	jpegli	444	96	model_off	40.098	90.781	0.3413	CjpegliYcbcr	0.3
photos	20240528_210945.jpg	jpegli	444	96	model_auto	40.193	90.781	0.3446	CjpegliYcbcr	0.3
photos	20240528_210945.jpg	zenjpeg	420	85	identity_off	33.185	78.849	1.0785	CjpegliYcbcr	1.8
photos	20240528_210945.jpg	zenjpeg	420	85	identity_auto	33.213	78.622	1.0860	CjpegliYcbcr	1.8
photos	20240528_210945.jpg	zenjpeg	420	85	model_off	33.365	79.283	1.0703	CjpegliYcbcr	1.8
photos	20240528_210945.jpg	zenjpeg	420	85	model_auto	33.434	79.043	1.0786	CjpegliYcbcr	1.8
photos	20240528_210945.jpg	zenjpeg	420	90	identity_off	34.932	81.960	0.9354	CjpegliYcbcr	1.3
photos	20240528_210945.jpg	zenjpeg	420	90	identity_auto	34.900	81.838	0.9896	CjpegliYcbcr	1.3
photos	20240528_210945.jpg	zenjpeg	420	90	model_off	35.040	82.215	0.9321	CjpegliYcbcr	1.3
photos	20240528_210945.jpg	zenjpeg	420	90	model_auto	35.078	82.244	0.9844	CjpegliYcbcr	1.3
photos	20240528_210945.jpg	zenjpeg	420	93	identity_off	36.511	84.314	0.8447	CjpegliYcbcr	1.0
photos	20240528_210945.jpg	zenjpeg	420	93	identity_auto	36.438	84.163	0.9015	CjpegliYcbcr	1.0
photos	20240528_210945.jpg	zenjpeg	420	93	model_off	36.583	84.563	0.8430	CjpegliYcbcr	1.0
photos	20240528_210945.jpg	zenjpeg	420	93	model_auto	36.567	84.601	0.8992	CjpegliYcbcr	1.0
photos	20240528_210945.jpg	zenjpeg	420	96	identity_off	38.427	87.155	0.7754	CjpegliYcbcr	0.5
photos	20240528_210945.jpg	zenjpeg	420	96	identity_auto	38.427	87.155	0.7754	CjpegliYcbcr	0.5
photos	20240528_210945.jpg	zenjpeg	420	96	model_off	38.480	87.327	0.7741	CjpegliYcbcr	0.5
photos	20240528_210945.jpg	zenjpeg	420	96	model_auto	38.528	87.510	0.7759	CjpegliYcbcr	0.5
photos	20240528_210945.jpg	zenjpeg	444	85	identity_off	33.768	80.854	0.8771	CjpegliYcbcr	1.4
photos	20240528_210945.jpg	zenjpeg	444	85	identity_auto	33.792	80.829	0.9218	CjpegliYcbcr	1.4
photos	20240528_210945.jpg	zenjpeg	444	85	model_off	33.986	81.173	0.8682	CjpegliYcbcr	1.4
photos	20240528_210945.jpg	zenjpeg	444	85	model_auto	34.133	81.304	0.9106	CjpegliYcbcr	1.4
photos	20240528_210945.jpg	zenjpeg	444	90	identity_off	35.674	84.189	0.6699	CjpegliYcbcr	1.1
photos	20240528_210945.jpg	zenjpeg	444	90	identity_auto	35.674	84.109	0.7182	CjpegliYcbcr	1.1
photos	20240528_210945.jpg	zenjpeg	444	90	model_off	35.825	84.437	0.6653	CjpegliYcbcr	1.1
photos	20240528_210945.jpg	zenjpeg	444	90	model_auto	35.959	84.542	0.7112	CjpegliYcbcr	1.1
photos	20240528_210945.jpg	zenjpeg	444	93	identity_off	37.463	87.327	0.5157	CjpegliYcbcr	0.7
photos	20240528_210945.jpg	zenjpeg	444	93	identity_auto	37.437	87.207	0.5698	CjpegliYcbcr	0.7
photos	20240528_210945.jpg	zenjpeg	444	93	model_off	37.582	87.482	0.5141	CjpegliYcbcr	0.7
photos	20240528_210945.jpg	zenjpeg	444	93	model_auto	37.676	87.502	0.5669	CjpegliYcbcr	0.7
photos	20240528_210945.jpg	zenjpeg	444	96	identity_off	39.961	90.580	0.3422	CjpegliYcbcr	0.3
photos	20240528_210945.jpg	zenjpeg	444	96	identity_auto	39.961	90.580	0.3422	CjpegliYcbcr	0.3
photos	20240528_210945.jpg	zenjpeg	444	96	model_off	40.039	90.616	0.3427	CjpegliYcbcr	0.3
photos	20240528_210945.jpg	zenjpeg	444	96	model_auto	40.139	90.706	0.3459	CjpegliYcbcr	0.3
photos	Screenshot_20260526_074348_Photos.png	turbo	420	85	identity_off	39.412	81.312	0.9480	ImageMagick	85.0
photos	Screenshot_20260526_074348_Photos.png	turbo	420	85	identity_auto	39.437	80.695	0.9632	ImageMagick	85.0
photos	Screenshot_20260526_074348_Photos.png	turbo	420	85	model_off	39.564	81.429	0.9301	ImageMagick	85.0
photos	Screenshot_20260526_074348_Photos.png	turbo	420	85	model_auto	39.556	80.814	0.9492	ImageMagick	85.0
photos	Screenshot_20260526_074348_Photos.png	turbo	420	90	identity_off	40.881	84.622	0.7891	ImageMagick	90.0
photos	Screenshot_20260526_074348_Photos.png	turbo	420	90	identity_auto	40.913	84.543	0.7993	ImageMagick	90.0
photos	Screenshot_20260526_074348_Photos.png	turbo	420	90	model_off	40.965	84.684	0.7819	ImageMagick	90.0
photos	Screenshot_20260526_074348_Photos.png	turbo	420	90	model_auto	41.051	84.744	0.7875	ImageMagick	90.0
photos	Screenshot_20260526_074348_Photos.png	turbo	420	93	identity_off	42.340	86.707	0.6666	ImageMagick	93.0
photos	Screenshot_20260526_074348_Photos.png	turbo	420	93	identity_auto	42.332	86.572	0.6824	ImageMagick	93.0
photos	Screenshot_20260526_074348_Photos.png	turbo	420	93	model_off	42.398	86.578	0.6628	ImageMagick	93.0
photos	Screenshot_20260526_074348_Photos.png	turbo	420	93	model_auto	42.441	86.668	0.6742	ImageMagick	93.0
photos	Screenshot_20260526_074348_Photos.png	turbo	420	96	identity_off	45.168	90.084	0.4696	ImageMagick	96.0
photos	Screenshot_20260526_074348_Photos.png	turbo	420	96	identity_auto	45.168	90.084	0.4696	ImageMagick	96.0
photos	Screenshot_20260526_074348_Photos.png	turbo	420	96	model_off	45.191	90.049	0.4688	ImageMagick	96.0
photos	Screenshot_20260526_074348_Photos.png	turbo	420	96	model_auto	45.253	90.140	0.4652	ImageMagick	96.0
photos	Screenshot_20260526_074348_Photos.png	turbo	444	85	identity_off	39.543	82.344	0.9431	ImageMagick	85.0
photos	Screenshot_20260526_074348_Photos.png	turbo	444	85	identity_auto	39.576	81.633	0.9569	ImageMagick	85.0
photos	Screenshot_20260526_074348_Photos.png	turbo	444	85	model_off	39.699	82.484	0.9250	ImageMagick	85.0
photos	Screenshot_20260526_074348_Photos.png	turbo	444	85	model_auto	39.697	81.761	0.9428	ImageMagick	85.0
photos	Screenshot_20260526_074348_Photos.png	turbo	444	90	identity_off	41.037	85.434	0.7847	ImageMagick	90.0
photos	Screenshot_20260526_074348_Photos.png	turbo	444	90	identity_auto	41.071	85.555	0.7944	ImageMagick	90.0
photos	Screenshot_20260526_074348_Photos.png	turbo	444	90	model_off	41.121	85.520	0.7776	ImageMagick	90.0
photos	Screenshot_20260526_074348_Photos.png	turbo	444	90	model_auto	41.211	85.488	0.7825	ImageMagick	90.0
photos	Screenshot_20260526_074348_Photos.png	turbo	444	93	identity_off	42.536	87.835	0.6622	ImageMagick	93.0
photos	Screenshot_20260526_074348_Photos.png	turbo	444	93	identity_auto	42.531	87.710	0.6778	ImageMagick	93.0
photos	Screenshot_20260526_074348_Photos.png	turbo	444	93	model_off	42.595	87.663	0.6585	ImageMagick	93.0
photos	Screenshot_20260526_074348_Photos.png	turbo	444	93	model_auto	42.641	87.727	0.6697	ImageMagick	93.0
photos	Screenshot_20260526_074348_Photos.png	turbo	444	96	identity_off	45.491	90.552	0.4648	ImageMagick	96.0
photos	Screenshot_20260526_074348_Photos.png	turbo	444	96	identity_auto	45.491	90.552	0.4648	ImageMagick	96.0
photos	Screenshot_20260526_074348_Photos.png	turbo	444	96	model_off	45.512	90.707	0.4640	ImageMagick	96.0
photos	Screenshot_20260526_074348_Photos.png	turbo	444	96	model_auto	45.569	90.601	0.4602	ImageMagick	96.0
photos	Screenshot_20260526_074348_Photos.png	mozjpeg	420	85	identity_off	38.450	78.711	1.0433	Mozjpeg	85.0
photos	Screenshot_20260526_074348_Photos.png	mozjpeg	420	85	identity_auto	38.394	77.951	1.0724	Mozjpeg	85.0
photos	Screenshot_20260526_074348_Photos.png	mozjpeg	420	85	model_off	38.604	78.899	1.0267	Mozjpeg	85.0
photos	Screenshot_20260526_074348_Photos.png	mozjpeg	420	85	model_auto	38.470	78.051	1.0660	Mozjpeg	85.0
photos	Screenshot_20260526_074348_Photos.png	mozjpeg	420	90	identity_off	39.853	82.912	0.8618	Mozjpeg	90.0
photos	Screenshot_20260526_074348_Photos.png	mozjpeg	420	90	identity_auto	39.831	82.845	0.8781	Mozjpeg	90.0
photos	Screenshot_20260526_074348_Photos.png	mozjpeg	420	90	model_off	39.934	83.019	0.8539	Mozjpeg	90.0
photos	Screenshot_20260526_074348_Photos.png	mozjpeg	420	90	model_auto	39.908	82.961	0.8714	Mozjpeg	90.0
photos	Screenshot_20260526_074348_Photos.png	mozjpeg	420	93	identity_off	41.137	85.614	0.7370	Mozjpeg	93.0
photos	Screenshot_20260526_074348_Photos.png	mozjpeg	420	93	identity_auto	41.082	85.408	0.7584	Mozjpeg	93.0
photos	Screenshot_20260526_074348_Photos.png	mozjpeg	420	93	model_off	41.178	85.706	0.7335	Mozjpeg	93.0
photos	Screenshot_20260526_074348_Photos.png	mozjpeg	420	93	model_auto	41.131	85.452	0.7542	Mozjpeg	93.0
photos	Screenshot_20260526_074348_Photos.png	mozjpeg	420	96	identity_off	43.648	88.916	0.5384	Mozjpeg	96.0
photos	Screenshot_20260526_074348_Photos.png	mozjpeg	420	96	identity_auto	43.648	88.916	0.5384	Mozjpeg	96.0
photos	Screenshot_20260526_074348_Photos.png	mozjpeg	420	96	model_off	43.663	88.811	0.5376	Mozjpeg	96.0
photos	Screenshot_20260526_074348_Photos.png	mozjpeg	420	96	model_auto	43.677	88.701	0.5364	Mozjpeg	96.0
photos	Screenshot_20260526_074348_Photos.png	mozjpeg	444	85	identity_off	38.535	79.608	1.0390	Mozjpeg	85.0
photos	Screenshot_20260526_074348_Photos.png	mozjpeg	444	85	identity_auto	38.485	78.870	1.0673	Mozjpeg	85.0
photos	Screenshot_20260526_074348_Photos.png	mozjpeg	444	85	model_off	38.690	79.748	1.0223	Mozjpeg	85.0
photos	Screenshot_20260526_074348_Photos.png	mozjpeg	444	85	model_auto	38.558	78.879	1.0609	Mozjpeg	85.0
photos	Screenshot_20260526_074348_Photos.png	mozjpeg	444	90	identity_off	39.955	83.812	0.8586	Mozjpeg	90.0
photos	Screenshot_20260526_074348_Photos.png	mozjpeg	444	90	identity_auto	39.935	83.666	0.8748	Mozjpeg	90.0
photos	Screenshot_20260526_074348_Photos.png	mozjpeg	444	90	model_off	40.034	83.806	0.8510	Mozjpeg	90.0
photos	Screenshot_20260526_074348_Photos.png	mozjpeg	444	90	model_auto	40.010	83.621	0.8685	Mozjpeg	90.0
photos	Screenshot_20260526_074348_Photos.png	mozjpeg	444	93	identity_off	41.262	86.289	0.7340	Mozjpeg	93.0
photos	Screenshot_20260526_074348_Photos.png	mozjpeg	444	93	identity_auto	41.207	86.106	0.7557	Mozjpeg	93.0
photos	Screenshot_20260526_074348_Photos.png	mozjpeg	444	93	model_off	41.303	86.186	0.7306	Mozjpeg	93.0
photos	Screenshot_20260526_074348_Photos.png	mozjpeg	444	93	model_auto	41.253	85.979	0.7515	Mozjpeg	93.0
photos	Screenshot_20260526_074348_Photos.png	mozjpeg	444	96	identity_off	43.895	89.465	0.5334	Mozjpeg	96.0
photos	Screenshot_20260526_074348_Photos.png	mozjpeg	444	96	identity_auto	43.895	89.465	0.5334	Mozjpeg	96.0
photos	Screenshot_20260526_074348_Photos.png	mozjpeg	444	96	model_off	43.909	89.512	0.5327	Mozjpeg	96.0
photos	Screenshot_20260526_074348_Photos.png	mozjpeg	444	96	model_auto	43.912	89.402	0.5314	Mozjpeg	96.0
photos	Screenshot_20260526_074348_Photos.png	jpegli	420	85	identity_off	38.527	77.468	1.0932	CjpegliYcbcr	1.8
photos	Screenshot_20260526_074348_Photos.png	jpegli	420	85	identity_auto	38.588	77.259	1.0935	CjpegliYcbcr	1.8
photos	Screenshot_20260526_074348_Photos.png	jpegli	420	85	model_off	38.619	77.443	1.0835	CjpegliYcbcr	1.8
photos	Screenshot_20260526_074348_Photos.png	jpegli	420	85	model_auto	38.634	77.102	1.0912	CjpegliYcbcr	1.8
photos	Screenshot_20260526_074348_Photos.png	jpegli	420	90	identity_off	40.260	82.164	0.8628	CjpegliYcbcr	1.3
photos	Screenshot_20260526_074348_Photos.png	jpegli	420	90	identity_auto	40.244	82.049	0.8794	CjpegliYcbcr	1.3
photos	Screenshot_20260526_074348_Photos.png	jpegli	420	90	model_off	40.299	82.157	0.8603	CjpegliYcbcr	1.3
photos	Screenshot_20260526_074348_Photos.png	jpegli	420	90	model_auto	40.280	82.069	0.8775	CjpegliYcbcr	1.3
photos	Screenshot_20260526_074348_Photos.png	jpegli	420	93	identity_off	42.125	85.322	0.6853	CjpegliYcbcr	1.0
photos	Screenshot_20260526_074348_Photos.png	jpegli	420	93	identity_auto	42.046	85.225	0.7099	CjpegliYcbcr	1.0
photos	Screenshot_20260526_074348_Photos.png	jpegli	420	93	model_off	42.140	85.316	0.6845	CjpegliYcbcr	1.0
photos	Screenshot_20260526_074348_Photos.png	jpegli	420	93	model_auto	42.050	85.129	0.7097	CjpegliYcbcr	1.0
photos	Screenshot_20260526_074348_Photos.png	jpegli	420	96	identity_off	44.924	88.755	0.4858	CjpegliYcbcr	0.5
photos	Screenshot_20260526_074348_Photos.png	jpegli	420	96	identity_auto	44.924	88.755	0.4858	CjpegliYcbcr	0.5
photos	Screenshot_20260526_074348_Photos.png	jpegli	420	96	model_off	44.918	88.763	0.4860	CjpegliYcbcr	0.5
photos	Screenshot_20260526_074348_Photos.png	jpegli	420	96	model_auto	44.897	88.743	0.4859	CjpegliYcbcr	0.5
photos	Screenshot_20260526_074348_Photos.png	jpegli	444	85	identity_off	39.300	79.992	0.9981	CjpegliYcbcr	1.4
photos	Screenshot_20260526_074348_Photos.png	jpegli	444	85	identity_auto	39.309	79.987	1.0003	CjpegliYcbcr	1.4
photos	Screenshot_20260526_074348_Photos.png	jpegli	444	85	model_off	39.366	80.111	0.9932	CjpegliYcbcr	1.4
photos	Screenshot_20260526_074348_Photos.png	jpegli	444	85	model_auto	39.371	80.008	0.9956	CjpegliYcbcr	1.4
photos	Screenshot_20260526_074348_Photos.png	jpegli	444	90	identity_off	41.193	84.091	0.7880	CjpegliYcbcr	1.1
photos	Screenshot_20260526_074348_Photos.png	jpegli	444	90	identity_auto	41.164	83.975	0.8166	CjpegliYcbcr	1.1
photos	Screenshot_20260526_074348_Photos.png	jpegli	444	90	model_off	41.218	84.062	0.7868	CjpegliYcbcr	1.1
photos	Screenshot_20260526_074348_Photos.png	jpegli	444	90	model_auto	41.189	83.983	0.8162	CjpegliYcbcr	1.1
photos	Screenshot_20260526_074348_Photos.png	jpegli	444	93	identity_off	43.180	86.412	0.6082	CjpegliYcbcr	0.7
photos	Screenshot_20260526_074348_Photos.png	jpegli	444	93	identity_auto	43.084	86.222	0.6464	CjpegliYcbcr	0.7
photos	Screenshot_20260526_074348_Photos.png	jpegli	444	93	model_off	43.186	86.325	0.6077	CjpegliYcbcr	0.7
photos	Screenshot_20260526_074348_Photos.png	jpegli	444	93	model_auto	43.075	86.129	0.6469	CjpegliYcbcr	0.7
photos	Screenshot_20260526_074348_Photos.png	jpegli	444	96	identity_off	46.175	89.371	0.4107	CjpegliYcbcr	0.3
photos	Screenshot_20260526_074348_Photos.png	jpegli	444	96	identity_auto	46.175	89.371	0.4107	CjpegliYcbcr	0.3
photos	Screenshot_20260526_074348_Photos.png	jpegli	444	96	model_off	46.157	89.415	0.4119	CjpegliYcbcr	0.3
photos	Screenshot_20260526_074348_Photos.png	jpegli	444	96	model_auto	46.124	89.264	0.4135	CjpegliYcbcr	0.3
photos	Screenshot_20260526_074348_Photos.png	zenjpeg	420	85	identity_off	38.502	77.551	1.0878	CjpegliYcbcr	1.8
photos	Screenshot_20260526_074348_Photos.png	zenjpeg	420	85	identity_auto	38.561	77.347	1.0877	CjpegliYcbcr	1.8
photos	Screenshot_20260526_074348_Photos.png	zenjpeg	420	85	model_off	38.593	77.576	1.0787	CjpegliYcbcr	1.8
photos	Screenshot_20260526_074348_Photos.png	zenjpeg	420	85	model_auto	38.607	77.235	1.0852	CjpegliYcbcr	1.8
photos	Screenshot_20260526_074348_Photos.png	zenjpeg	420	90	identity_off	40.237	82.101	0.8628	CjpegliYcbcr	1.3
photos	Screenshot_20260526_074348_Photos.png	zenjpeg	420	90	identity_auto	40.226	82.013	0.8783	CjpegliYcbcr	1.3
photos	Screenshot_20260526_074348_Photos.png	zenjpeg	420	90	model_off	40.275	82.114	0.8603	CjpegliYcbcr	1.3
photos	Screenshot_20260526_074348_Photos.png	zenjpeg	420	90	model_auto	40.260	82.050	0.8764	CjpegliYcbcr	1.3
photos	Screenshot_20260526_074348_Photos.png	zenjpeg	420	93	identity_off	42.110	85.351	0.6822	CjpegliYcbcr	1.0
photos	Screenshot_20260526_074348_Photos.png	zenjpeg	420	93	identity_auto	42.040	85.224	0.7043	CjpegliYcbcr	1.0
photos	Screenshot_20260526_074348_Photos.png	zenjpeg	420	93	model_off	42.124	85.415	0.6813	CjpegliYcbcr	1.0
photos	Screenshot_20260526_074348_Photos.png	zenjpeg	420	93	model_auto	42.042	85.214	0.7041	CjpegliYcbcr	1.0
photos	Screenshot_20260526_074348_Photos.png	zenjpeg	420	96	identity_off	44.926	88.899	0.4808	CjpegliYcbcr	0.5
photos	Screenshot_20260526_074348_Photos.png	zenjpeg	420	96	identity_auto	44.926	88.899	0.4808	CjpegliYcbcr	0.5
photos	Screenshot_20260526_074348_Photos.png	zenjpeg	420	96	model_off	44.920	88.792	0.4810	CjpegliYcbcr	0.5
photos	Screenshot_20260526_074348_Photos.png	zenjpeg	420	96	model_auto	44.900	88.864	0.4808	CjpegliYcbcr	0.5
photos	Screenshot_20260526_074348_Photos.png	zenjpeg	444	85	identity_off	39.328	80.263	0.9641	CjpegliYcbcr	1.4
photos	Screenshot_20260526_074348_Photos.png	zenjpeg	444	85	identity_auto	39.340	80.149	0.9763	CjpegliYcbcr	1.4
photos	Screenshot_20260526_074348_Photos.png	zenjpeg	444	85	model_off	39.394	80.277	0.9593	CjpegliYcbcr	1.4
photos	Screenshot_20260526_074348_Photos.png	zenjpeg	444	85	model_auto	39.400	80.152	0.9731	CjpegliYcbcr	1.4
photos	Screenshot_20260526_074348_Photos.png	zenjpeg	444	90	identity_off	41.226	84.218	0.7570	CjpegliYcbcr	1.1
photos	Screenshot_20260526_074348_Photos.png	zenjpeg	444	90	identity_auto	41.196	84.166	0.7771	CjpegliYcbcr	1.1
photos	Screenshot_20260526_074348_Photos.png	zenjpeg	444	90	model_off	41.251	84.175	0.7557	CjpegliYcbcr	1.1
photos	Screenshot_20260526_074348_Photos.png	zenjpeg	444	90	model_auto	41.222	84.141	0.7762	CjpegliYcbcr	1.1
photos	Screenshot_20260526_074348_Photos.png	zenjpeg	444	93	identity_off	43.192	86.604	0.5971	CjpegliYcbcr	0.7
photos	Screenshot_20260526_074348_Photos.png	zenjpeg	444	93	identity_auto	43.099	86.499	0.6316	CjpegliYcbcr	0.7
photos	Screenshot_20260526_074348_Photos.png	zenjpeg	444	93	model_off	43.198	86.669	0.5968	CjpegliYcbcr	0.7
photos	Screenshot_20260526_074348_Photos.png	zenjpeg	444	93	model_auto	43.090	86.535	0.6323	CjpegliYcbcr	0.7
photos	Screenshot_20260526_074348_Photos.png	zenjpeg	444	96	identity_off	46.186	89.650	0.4018	CjpegliYcbcr	0.3
photos	Screenshot_20260526_074348_Photos.png	zenjpeg	444	96	identity_auto	46.186	89.650	0.4018	CjpegliYcbcr	0.3
photos	Screenshot_20260526_074348_Photos.png	zenjpeg	444	96	model_off	46.168	89.584	0.4028	CjpegliYcbcr	0.3
photos	Screenshot_20260526_074348_Photos.png	zenjpeg	444	96	model_auto	46.135	89.535	0.4043	CjpegliYcbcr	0.3
people	alexander-aguero-EnppVuXbcCE-unsplash.jpg	turbo	420	85	identity_off	43.680	84.359	0.6765	ImageMagick	85.0
people	alexander-aguero-EnppVuXbcCE-unsplash.jpg	turbo	420	85	identity_auto	43.431	82.895	0.7135	ImageMagick	85.0
people	alexander-aguero-EnppVuXbcCE-unsplash.jpg	turbo	420	85	model_off	44.100	84.677	0.6523	ImageMagick	85.0
people	alexander-aguero-EnppVuXbcCE-unsplash.jpg	turbo	420	85	model_auto	43.547	82.920	0.7127	ImageMagick	85.0
people	alexander-aguero-EnppVuXbcCE-unsplash.jpg	turbo	420	90	identity_off	45.227	88.279	0.5368	ImageMagick	90.0
people	alexander-aguero-EnppVuXbcCE-unsplash.jpg	turbo	420	90	identity_auto	45.098	87.986	0.5608	ImageMagick	90.0
people	alexander-aguero-EnppVuXbcCE-unsplash.jpg	turbo	420	90	model_off	45.467	88.349	0.5264	ImageMagick	90.0
people	alexander-aguero-EnppVuXbcCE-unsplash.jpg	turbo	420	90	model_auto	45.256	87.995	0.5605	ImageMagick	90.0
people	alexander-aguero-EnppVuXbcCE-unsplash.jpg	turbo	420	93	identity_off	46.524	90.296	0.4446	ImageMagick	93.0
people	alexander-aguero-EnppVuXbcCE-unsplash.jpg	turbo	420	93	identity_auto	46.230	89.806	0.4807	ImageMagick	93.0
people	alexander-aguero-EnppVuXbcCE-unsplash.jpg	turbo	420	93	model_off	46.693	90.327	0.4388	ImageMagick	93.0
people	alexander-aguero-EnppVuXbcCE-unsplash.jpg	turbo	420	93	model_auto	46.354	89.827	0.4826	ImageMagick	93.0
people	alexander-aguero-EnppVuXbcCE-unsplash.jpg	turbo	420	96	identity_off	48.622	92.861	0.3322	ImageMagick	96.0
people	alexander-aguero-EnppVuXbcCE-unsplash.jpg	turbo	420	96	identity_auto	48.622	92.861	0.3322	ImageMagick	96.0
people	alexander-aguero-EnppVuXbcCE-unsplash.jpg	turbo	420	96	model_off	48.707	92.859	0.3288	ImageMagick	96.0
people	alexander-aguero-EnppVuXbcCE-unsplash.jpg	turbo	420	96	model_auto	48.855	92.871	0.3249	ImageMagick	96.0
people	alexander-aguero-EnppVuXbcCE-unsplash.jpg	turbo	444	85	identity_off	44.353	86.554	0.6605	ImageMagick	85.0
people	alexander-aguero-EnppVuXbcCE-unsplash.jpg	turbo	444	85	identity_auto	44.098	84.917	0.6962	ImageMagick	85.0
people	alexander-aguero-EnppVuXbcCE-unsplash.jpg	turbo	444	85	model_off	44.815	86.846	0.6355	ImageMagick	85.0
people	alexander-aguero-EnppVuXbcCE-unsplash.jpg	turbo	444	85	model_auto	44.188	84.874	0.6964	ImageMagick	85.0
people	alexander-aguero-EnppVuXbcCE-unsplash.jpg	turbo	444	90	identity_off	46.125	90.398	0.5202	ImageMagick	90.0
people	alexander-aguero-EnppVuXbcCE-unsplash.jpg	turbo	444	90	identity_auto	45.962	90.048	0.5446	ImageMagick	90.0
people	alexander-aguero-EnppVuXbcCE-unsplash.jpg	turbo	444	90	model_off	46.368	90.456	0.5100	ImageMagick	90.0
people	alexander-aguero-EnppVuXbcCE-unsplash.jpg	turbo	444	90	model_auto	46.057	89.958	0.5453	ImageMagick	90.0
people	alexander-aguero-EnppVuXbcCE-unsplash.jpg	turbo	444	93	identity_off	47.592	92.163	0.4274	ImageMagick	93.0
people	alexander-aguero-EnppVuXbcCE-unsplash.jpg	turbo	444	93	identity_auto	47.201	91.641	0.4647	ImageMagick	93.0
people	alexander-aguero-EnppVuXbcCE-unsplash.jpg	turbo	444	93	model_off	47.751	92.169	0.4219	ImageMagick	93.0
people	alexander-aguero-EnppVuXbcCE-unsplash.jpg	turbo	444	93	model_auto	47.226	91.543	0.4678	ImageMagick	93.0
people	alexander-aguero-EnppVuXbcCE-unsplash.jpg	turbo	444	96	identity_off	49.934	94.214	0.3161	ImageMagick	96.0
people	alexander-aguero-EnppVuXbcCE-unsplash.jpg	turbo	444	96	identity_auto	49.934	94.214	0.3161	ImageMagick	96.0
people	alexander-aguero-EnppVuXbcCE-unsplash.jpg	turbo	444	96	model_off	49.984	94.177	0.3127	ImageMagick	96.0
people	alexander-aguero-EnppVuXbcCE-unsplash.jpg	turbo	444	96	model_auto	49.979	94.057	0.3095	ImageMagick	96.0
people	alexander-aguero-EnppVuXbcCE-unsplash.jpg	mozjpeg	420	85	identity_off	42.616	81.577	0.7881	Mozjpeg	85.0
people	alexander-aguero-EnppVuXbcCE-unsplash.jpg	mozjpeg	420	85	identity_auto	42.456	80.129	0.8179	Mozjpeg	85.0
people	alexander-aguero-EnppVuXbcCE-unsplash.jpg	mozjpeg	420	85	model_off	42.985	81.922	0.7617	Mozjpeg	85.0
people	alexander-aguero-EnppVuXbcCE-unsplash.jpg	mozjpeg	420	85	model_auto	42.534	80.111	0.8194	Mozjpeg	85.0
people	alexander-aguero-EnppVuXbcCE-unsplash.jpg	mozjpeg	420	90	identity_off	44.455	87.147	0.6124	Mozjpeg	90.0
people	alexander-aguero-EnppVuXbcCE-unsplash.jpg	mozjpeg	420	90	identity_auto	44.372	86.871	0.6316	Mozjpeg	90.0
people	alexander-aguero-EnppVuXbcCE-unsplash.jpg	mozjpeg	420	90	model_off	44.748	87.213	0.5961	Mozjpeg	90.0
people	alexander-aguero-EnppVuXbcCE-unsplash.jpg	mozjpeg	420	90	model_auto	44.472	86.784	0.6334	Mozjpeg	90.0
people	alexander-aguero-EnppVuXbcCE-unsplash.jpg	mozjpeg	420	93	identity_off	46.051	89.767	0.4939	Mozjpeg	93.0
people	alexander-aguero-EnppVuXbcCE-unsplash.jpg	mozjpeg	420	93	identity_auto	45.816	89.339	0.5248	Mozjpeg	93.0
people	alexander-aguero-EnppVuXbcCE-unsplash.jpg	mozjpeg	420	93	model_off	46.238	89.784	0.4862	Mozjpeg	93.0
people	alexander-aguero-EnppVuXbcCE-unsplash.jpg	mozjpeg	420	93	model_auto	45.851	89.229	0.5301	Mozjpeg	93.0
people	alexander-aguero-EnppVuXbcCE-unsplash.jpg	mozjpeg	420	96	identity_off	48.547	92.852	0.3539	Mozjpeg	96.0
people	alexander-aguero-EnppVuXbcCE-unsplash.jpg	mozjpeg	420	96	identity_auto	48.547	92.852	0.3539	Mozjpeg	96.0
people	alexander-aguero-EnppVuXbcCE-unsplash.jpg	mozjpeg	420	96	model_off	48.579	92.742	0.3522	Mozjpeg	96.0
people	alexander-aguero-EnppVuXbcCE-unsplash.jpg	mozjpeg	420	96	model_auto	48.559	92.641	0.3525	Mozjpeg	96.0
people	alexander-aguero-EnppVuXbcCE-unsplash.jpg	mozjpeg	444	85	identity_off	43.117	83.740	0.7750	Mozjpeg	85.0
people	alexander-aguero-EnppVuXbcCE-unsplash.jpg	mozjpeg	444	85	identity_auto	42.961	82.166	0.8028	Mozjpeg	85.0
people	alexander-aguero-EnppVuXbcCE-unsplash.jpg	mozjpeg	444	85	model_off	43.468	83.910	0.7493	Mozjpeg	85.0
people	alexander-aguero-EnppVuXbcCE-unsplash.jpg	mozjpeg	444	85	model_auto	42.999	82.020	0.8061	Mozjpeg	85.0
people	alexander-aguero-EnppVuXbcCE-unsplash.jpg	mozjpeg	444	90	identity_off	45.015	88.784	0.6015	Mozjpeg	90.0
people	alexander-aguero-EnppVuXbcCE-unsplash.jpg	mozjpeg	444	90	identity_auto	44.913	88.493	0.6201	Mozjpeg	90.0
people	alexander-aguero-EnppVuXbcCE-unsplash.jpg	mozjpeg	444	90	model_off	45.259	88.719	0.5858	Mozjpeg	90.0
people	alexander-aguero-EnppVuXbcCE-unsplash.jpg	mozjpeg	444	90	model_auto	44.941	88.234	0.6229	Mozjpeg	90.0
people	alexander-aguero-EnppVuXbcCE-unsplash.jpg	mozjpeg	444	93	identity_off	46.797	91.339	0.4827	Mozjpeg	93.0
people	alexander-aguero-EnppVuXbcCE-unsplash.jpg	mozjpeg	444	93	identity_auto	46.502	90.849	0.5135	Mozjpeg	93.0
people	alexander-aguero-EnppVuXbcCE-unsplash.jpg	mozjpeg	444	93	model_off	46.906	91.169	0.4756	Mozjpeg	93.0
people	alexander-aguero-EnppVuXbcCE-unsplash.jpg	mozjpeg	444	93	model_auto	46.412	90.533	0.5193	Mozjpeg	93.0
people	alexander-aguero-EnppVuXbcCE-unsplash.jpg	mozjpeg	444	96	identity_off	49.337	93.750	0.3437	Mozjpeg	96.0
people	alexander-aguero-EnppVuXbcCE-unsplash.jpg	mozjpeg	444	96	identity_auto	49.337	93.750	0.3437	Mozjpeg	96.0
people	alexander-aguero-EnppVuXbcCE-unsplash.jpg	mozjpeg	444	96	model_off	49.295	93.560	0.3430	Mozjpeg	96.0
people	alexander-aguero-EnppVuXbcCE-unsplash.jpg	mozjpeg	444	96	model_auto	49.149	93.363	0.3442	Mozjpeg	96.0
people	alexander-aguero-EnppVuXbcCE-unsplash.jpg	jpegli	420	85	identity_off	41.625	80.054	0.9116	CjpegliYcbcr	1.8
people	alexander-aguero-EnppVuXbcCE-unsplash.jpg	jpegli	420	85	identity_auto	41.815	79.639	0.8909	CjpegliYcbcr	1.8
people	alexander-aguero-EnppVuXbcCE-unsplash.jpg	jpegli	420	85	model_off	41.991	80.402	0.8817	CjpegliYcbcr	1.8
people	alexander-aguero-EnppVuXbcCE-unsplash.jpg	jpegli	420	85	model_auto	41.903	79.499	0.8909	CjpegliYcbcr	1.8
people	alexander-aguero-EnppVuXbcCE-unsplash.jpg	jpegli	420	90	identity_off	43.474	84.453	0.6998	CjpegliYcbcr	1.3
people	alexander-aguero-EnppVuXbcCE-unsplash.jpg	jpegli	420	90	identity_auto	43.458	84.336	0.7160	CjpegliYcbcr	1.3
people	alexander-aguero-EnppVuXbcCE-unsplash.jpg	jpegli	420	90	model_off	43.726	84.615	0.6846	CjpegliYcbcr	1.3
people	alexander-aguero-EnppVuXbcCE-unsplash.jpg	jpegli	420	90	model_auto	43.548	84.283	0.7176	CjpegliYcbcr	1.3
people	alexander-aguero-EnppVuXbcCE-unsplash.jpg	jpegli	420	93	identity_off	45.220	87.804	0.5420	CjpegliYcbcr	1.0
people	alexander-aguero-EnppVuXbcCE-unsplash.jpg	jpegli	420	93	identity_auto	45.056	87.493	0.5702	CjpegliYcbcr	1.0
people	alexander-aguero-EnppVuXbcCE-unsplash.jpg	jpegli	420	93	model_off	45.383	87.853	0.5346	CjpegliYcbcr	1.0
people	alexander-aguero-EnppVuXbcCE-unsplash.jpg	jpegli	420	93	model_auto	45.111	87.431	0.5747	CjpegliYcbcr	1.0
people	alexander-aguero-EnppVuXbcCE-unsplash.jpg	jpegli	420	96	identity_off	47.471	90.695	0.3981	CjpegliYcbcr	0.5
people	alexander-aguero-EnppVuXbcCE-unsplash.jpg	jpegli	420	96	identity_auto	47.471	90.695	0.3981	CjpegliYcbcr	0.5
people	alexander-aguero-EnppVuXbcCE-unsplash.jpg	jpegli	420	96	model_off	47.538	90.706	0.3954	CjpegliYcbcr	0.5
people	alexander-aguero-EnppVuXbcCE-unsplash.jpg	jpegli	420	96	model_auto	47.589	90.700	0.3941	CjpegliYcbcr	0.5
people	alexander-aguero-EnppVuXbcCE-unsplash.jpg	jpegli	444	85	identity_off	42.478	82.652	0.7980	CjpegliYcbcr	1.4
people	alexander-aguero-EnppVuXbcCE-unsplash.jpg	jpegli	444	85	identity_auto	42.555	82.697	0.8035	CjpegliYcbcr	1.4
people	alexander-aguero-EnppVuXbcCE-unsplash.jpg	jpegli	444	85	model_off	42.879	83.005	0.7733	CjpegliYcbcr	1.4
people	alexander-aguero-EnppVuXbcCE-unsplash.jpg	jpegli	444	85	model_auto	42.740	82.697	0.8010	CjpegliYcbcr	1.4
people	alexander-aguero-EnppVuXbcCE-unsplash.jpg	jpegli	444	90	identity_off	44.423	86.062	0.6069	CjpegliYcbcr	1.1
people	alexander-aguero-EnppVuXbcCE-unsplash.jpg	jpegli	444	90	identity_auto	44.408	86.005	0.6250	CjpegliYcbcr	1.1
people	alexander-aguero-EnppVuXbcCE-unsplash.jpg	jpegli	444	90	model_off	44.708	86.297	0.5940	CjpegliYcbcr	1.1
people	alexander-aguero-EnppVuXbcCE-unsplash.jpg	jpegli	444	90	model_auto	44.528	86.073	0.6272	CjpegliYcbcr	1.1
people	alexander-aguero-EnppVuXbcCE-unsplash.jpg	jpegli	444	93	identity_off	45.924	88.671	0.4808	CjpegliYcbcr	0.7
people	alexander-aguero-EnppVuXbcCE-unsplash.jpg	jpegli	444	93	identity_auto	45.855	88.433	0.5130	CjpegliYcbcr	0.7
people	alexander-aguero-EnppVuXbcCE-unsplash.jpg	jpegli	444	93	model_off	46.120	88.749	0.4735	CjpegliYcbcr	0.7
people	alexander-aguero-EnppVuXbcCE-unsplash.jpg	jpegli	444	93	model_auto	45.918	88.379	0.5192	CjpegliYcbcr	0.7
people	alexander-aguero-EnppVuXbcCE-unsplash.jpg	jpegli	444	96	identity_off	48.547	91.184	0.3427	CjpegliYcbcr	0.3
people	alexander-aguero-EnppVuXbcCE-unsplash.jpg	jpegli	444	96	identity_auto	48.547	91.184	0.3427	CjpegliYcbcr	0.3
people	alexander-aguero-EnppVuXbcCE-unsplash.jpg	jpegli	444	96	model_off	48.623	91.217	0.3408	CjpegliYcbcr	0.3
people	alexander-aguero-EnppVuXbcCE-unsplash.jpg	jpegli	444	96	model_auto	48.657	91.248	0.3406	CjpegliYcbcr	0.3
people	alexander-aguero-EnppVuXbcCE-unsplash.jpg	zenjpeg	420	85	identity_off	41.640	79.890	0.9136	CjpegliYcbcr	1.8
people	alexander-aguero-EnppVuXbcCE-unsplash.jpg	zenjpeg	420	85	identity_auto	41.827	79.444	0.8928	CjpegliYcbcr	1.8
people	alexander-aguero-EnppVuXbcCE-unsplash.jpg	zenjpeg	420	85	model_off	42.002	80.204	0.8837	CjpegliYcbcr	1.8
people	alexander-aguero-EnppVuXbcCE-unsplash.jpg	zenjpeg	420	85	model_auto	41.911	79.313	0.8928	CjpegliYcbcr	1.8
people	alexander-aguero-EnppVuXbcCE-unsplash.jpg	zenjpeg	420	90	identity_off	43.459	84.386	0.6997	CjpegliYcbcr	1.3
people	alexander-aguero-EnppVuXbcCE-unsplash.jpg	zenjpeg	420	90	identity_auto	43.444	84.199	0.7155	CjpegliYcbcr	1.3
people	alexander-aguero-EnppVuXbcCE-unsplash.jpg	zenjpeg	420	90	model_off	43.710	84.464	0.6840	CjpegliYcbcr	1.3
people	alexander-aguero-EnppVuXbcCE-unsplash.jpg	zenjpeg	420	90	model_auto	43.535	84.128	0.7169	CjpegliYcbcr	1.3
people	alexander-aguero-EnppVuXbcCE-unsplash.jpg	zenjpeg	420	93	identity_off	45.249	87.918	0.5405	CjpegliYcbcr	1.0
people	alexander-aguero-EnppVuXbcCE-unsplash.jpg	zenjpeg	420	93	identity_auto	45.090	87.566	0.5678	CjpegliYcbcr	1.0
people	alexander-aguero-EnppVuXbcCE-unsplash.jpg	zenjpeg	420	93	model_off	45.415	87.916	0.5326	CjpegliYcbcr	1.0
people	alexander-aguero-EnppVuXbcCE-unsplash.jpg	zenjpeg	420	93	model_auto	45.143	87.523	0.5723	CjpegliYcbcr	1.0
people	alexander-aguero-EnppVuXbcCE-unsplash.jpg	zenjpeg	420	96	identity_off	47.539	91.228	0.3929	CjpegliYcbcr	0.5
people	alexander-aguero-EnppVuXbcCE-unsplash.jpg	zenjpeg	420	96	identity_auto	47.539	91.228	0.3929	CjpegliYcbcr	0.5
people	alexander-aguero-EnppVuXbcCE-unsplash.jpg	zenjpeg	420	96	model_off	47.614	91.208	0.3900	CjpegliYcbcr	0.5
people	alexander-aguero-EnppVuXbcCE-unsplash.jpg	zenjpeg	420	96	model_auto	47.665	91.197	0.3892	CjpegliYcbcr	0.5
people	alexander-aguero-EnppVuXbcCE-unsplash.jpg	zenjpeg	444	85	identity_off	42.542	82.922	0.7985	CjpegliYcbcr	1.4
people	alexander-aguero-EnppVuXbcCE-unsplash.jpg	zenjpeg	444	85	identity_auto	42.597	82.909	0.8031	CjpegliYcbcr	1.4
people	alexander-aguero-EnppVuXbcCE-unsplash.jpg	zenjpeg	444	85	model_off	42.929	83.206	0.7734	CjpegliYcbcr	1.4
people	alexander-aguero-EnppVuXbcCE-unsplash.jpg	zenjpeg	444	85	model_auto	42.771	82.859	0.8005	CjpegliYcbcr	1.4
people	alexander-aguero-EnppVuXbcCE-unsplash.jpg	zenjpeg	444	90	identity_off	44.425	86.395	0.6083	CjpegliYcbcr	1.1
people	alexander-aguero-EnppVuXbcCE-unsplash.jpg	zenjpeg	444	90	identity_auto	44.395	86.274	0.6250	CjpegliYcbcr	1.1
people	alexander-aguero-EnppVuXbcCE-unsplash.jpg	zenjpeg	444	90	model_off	44.710	86.635	0.5949	CjpegliYcbcr	1.1
people	alexander-aguero-EnppVuXbcCE-unsplash.jpg	zenjpeg	444	90	model_auto	44.513	86.343	0.6268	CjpegliYcbcr	1.1
people	alexander-aguero-EnppVuXbcCE-unsplash.jpg	zenjpeg	444	93	identity_off	45.939	88.798	0.4881	CjpegliYcbcr	0.7
people	alexander-aguero-EnppVuXbcCE-unsplash.jpg	zenjpeg	444	93	identity_auto	45.839	88.518	0.5168	CjpegliYcbcr	0.7
people	alexander-aguero-EnppVuXbcCE-unsplash.jpg	zenjpeg	444	93	model_off	46.130	88.905	0.4804	CjpegliYcbcr	0.7
people	alexander-aguero-EnppVuXbcCE-unsplash.jpg	zenjpeg	444	93	model_auto	45.896	88.499	0.5220	CjpegliYcbcr	0.7
people	alexander-aguero-EnppVuXbcCE-unsplash.jpg	zenjpeg	444	96	identity_off	48.673	92.035	0.3325	CjpegliYcbcr	0.3
people	alexander-aguero-EnppVuXbcCE-unsplash.jpg	zenjpeg	444	96	identity_auto	48.673	92.035	0.3325	CjpegliYcbcr	0.3
people	alexander-aguero-EnppVuXbcCE-unsplash.jpg	zenjpeg	444	96	model_off	48.740	92.031	0.3306	CjpegliYcbcr	0.3
people	alexander-aguero-EnppVuXbcCE-unsplash.jpg	zenjpeg	444	96	model_auto	48.768	92.023	0.3303	CjpegliYcbcr	0.3
people	anastasia-pivnenko-PRNG6R1nSpQ-unsplash.jpg	turbo	420	85	identity_off	36.275	84.521	0.7436	ImageMagick	85.0
people	anastasia-pivnenko-PRNG6R1nSpQ-unsplash.jpg	turbo	420	85	identity_auto	36.554	83.807	0.7345	ImageMagick	85.0
people	anastasia-pivnenko-PRNG6R1nSpQ-unsplash.jpg	turbo	420	85	model_off	36.420	84.539	0.7368	ImageMagick	85.0
people	anastasia-pivnenko-PRNG6R1nSpQ-unsplash.jpg	turbo	420	85	model_auto	36.846	83.863	0.7209	ImageMagick	85.0
people	anastasia-pivnenko-PRNG6R1nSpQ-unsplash.jpg	turbo	420	90	identity_off	45.745	91.947	0.2126	ImageMagick	90.0
people	anastasia-pivnenko-PRNG6R1nSpQ-unsplash.jpg	turbo	420	90	identity_auto	44.651	91.361	0.3100	ImageMagick	90.0
people	anastasia-pivnenko-PRNG6R1nSpQ-unsplash.jpg	turbo	420	90	model_off	44.926	90.614	0.2701	ImageMagick	90.0
people	anastasia-pivnenko-PRNG6R1nSpQ-unsplash.jpg	turbo	420	90	model_auto	43.723	90.159	0.3407	ImageMagick	90.0
people	anastasia-pivnenko-PRNG6R1nSpQ-unsplash.jpg	turbo	420	93	identity_off	39.386	89.644	0.4939	ImageMagick	93.0
people	anastasia-pivnenko-PRNG6R1nSpQ-unsplash.jpg	turbo	420	93	identity_auto	39.490	89.683	0.4929	ImageMagick	93.0
people	anastasia-pivnenko-PRNG6R1nSpQ-unsplash.jpg	turbo	420	93	model_off	39.389	89.190	0.4933	ImageMagick	93.0
people	anastasia-pivnenko-PRNG6R1nSpQ-unsplash.jpg	turbo	420	93	model_auto	39.653	89.025	0.4878	ImageMagick	93.0
people	anastasia-pivnenko-PRNG6R1nSpQ-unsplash.jpg	turbo	420	96	identity_off	46.392	93.234	0.2093	ImageMagick	96.0
people	anastasia-pivnenko-PRNG6R1nSpQ-unsplash.jpg	turbo	420	96	identity_auto	46.392	93.234	0.2093	ImageMagick	96.0
people	anastasia-pivnenko-PRNG6R1nSpQ-unsplash.jpg	turbo	420	96	model_off	45.869	91.654	0.2560	ImageMagick	96.0
people	anastasia-pivnenko-PRNG6R1nSpQ-unsplash.jpg	turbo	420	96	model_auto	45.908	91.550	0.2567	ImageMagick	96.0
people	anastasia-pivnenko-PRNG6R1nSpQ-unsplash.jpg	turbo	444	85	identity_off	36.355	85.468	0.7401	ImageMagick	85.0
people	anastasia-pivnenko-PRNG6R1nSpQ-unsplash.jpg	turbo	444	85	identity_auto	36.661	84.724	0.7306	ImageMagick	85.0
people	anastasia-pivnenko-PRNG6R1nSpQ-unsplash.jpg	turbo	444	85	model_off	36.498	85.276	0.7335	ImageMagick	85.0
people	anastasia-pivnenko-PRNG6R1nSpQ-unsplash.jpg	turbo	444	85	model_auto	36.955	84.623	0.7171	ImageMagick	85.0
people	anastasia-pivnenko-PRNG6R1nSpQ-unsplash.jpg	turbo	444	90	identity_off	44.983	92.186	0.2154	ImageMagick	90.0
people	anastasia-pivnenko-PRNG6R1nSpQ-unsplash.jpg	turbo	444	90	identity_auto	44.099	91.807	0.3113	ImageMagick	90.0
people	anastasia-pivnenko-PRNG6R1nSpQ-unsplash.jpg	turbo	444	90	model_off	44.329	91.063	0.2668	ImageMagick	90.0
people	anastasia-pivnenko-PRNG6R1nSpQ-unsplash.jpg	turbo	444	90	model_auto	43.349	90.535	0.3377	ImageMagick	90.0
people	anastasia-pivnenko-PRNG6R1nSpQ-unsplash.jpg	turbo	444	93	identity_off	39.446	90.521	0.4929	ImageMagick	93.0
people	anastasia-pivnenko-PRNG6R1nSpQ-unsplash.jpg	turbo	444	93	identity_auto	39.562	90.482	0.4907	ImageMagick	93.0
people	anastasia-pivnenko-PRNG6R1nSpQ-unsplash.jpg	turbo	444	93	model_off	39.460	89.921	0.4921	ImageMagick	93.0
people	anastasia-pivnenko-PRNG6R1nSpQ-unsplash.jpg	turbo	444	93	model_auto	39.760	89.815	0.4851	ImageMagick	93.0
people	anastasia-pivnenko-PRNG6R1nSpQ-unsplash.jpg	turbo	444	96	identity_off	46.480	94.133	0.2067	ImageMagick	96.0
people	anastasia-pivnenko-PRNG6R1nSpQ-unsplash.jpg	turbo	444	96	identity_auto	46.480	94.133	0.2067	ImageMagick	96.0
people	anastasia-pivnenko-PRNG6R1nSpQ-unsplash.jpg	turbo	444	96	model_off	45.994	92.423	0.2470	ImageMagick	96.0
people	anastasia-pivnenko-PRNG6R1nSpQ-unsplash.jpg	turbo	444	96	model_auto	46.111	92.401	0.2474	ImageMagick	96.0
people	anastasia-pivnenko-PRNG6R1nSpQ-unsplash.jpg	mozjpeg	420	85	identity_off	30.046	69.889	1.4346	Mozjpeg	85.0
people	anastasia-pivnenko-PRNG6R1nSpQ-unsplash.jpg	mozjpeg	420	85	identity_auto	30.054	69.094	1.4601	Mozjpeg	85.0
people	anastasia-pivnenko-PRNG6R1nSpQ-unsplash.jpg	mozjpeg	420	85	model_off	30.066	69.822	1.4320	Mozjpeg	85.0
people	anastasia-pivnenko-PRNG6R1nSpQ-unsplash.jpg	mozjpeg	420	85	model_auto	30.074	69.019	1.4573	Mozjpeg	85.0
people	anastasia-pivnenko-PRNG6R1nSpQ-unsplash.jpg	mozjpeg	420	90	identity_off	33.570	79.556	0.9442	Mozjpeg	90.0
people	anastasia-pivnenko-PRNG6R1nSpQ-unsplash.jpg	mozjpeg	420	90	identity_auto	33.544	79.360	0.9715	Mozjpeg	90.0
people	anastasia-pivnenko-PRNG6R1nSpQ-unsplash.jpg	mozjpeg	420	90	model_off	33.561	79.409	0.9441	Mozjpeg	90.0
people	anastasia-pivnenko-PRNG6R1nSpQ-unsplash.jpg	mozjpeg	420	90	model_auto	33.537	79.182	0.9706	Mozjpeg	90.0
people	anastasia-pivnenko-PRNG6R1nSpQ-unsplash.jpg	mozjpeg	420	93	identity_off	34.797	81.882	0.8171	Mozjpeg	93.0
people	anastasia-pivnenko-PRNG6R1nSpQ-unsplash.jpg	mozjpeg	420	93	identity_auto	34.725	81.707	0.8528	Mozjpeg	93.0
people	anastasia-pivnenko-PRNG6R1nSpQ-unsplash.jpg	mozjpeg	420	93	model_off	34.758	81.730	0.8184	Mozjpeg	93.0
people	anastasia-pivnenko-PRNG6R1nSpQ-unsplash.jpg	mozjpeg	420	93	model_auto	34.674	81.447	0.8540	Mozjpeg	93.0
people	anastasia-pivnenko-PRNG6R1nSpQ-unsplash.jpg	mozjpeg	420	96	identity_off	43.393	90.997	0.3562	Mozjpeg	96.0
people	anastasia-pivnenko-PRNG6R1nSpQ-unsplash.jpg	mozjpeg	420	96	identity_auto	43.393	90.997	0.3562	Mozjpeg	96.0
people	anastasia-pivnenko-PRNG6R1nSpQ-unsplash.jpg	mozjpeg	420	96	model_off	43.097	90.481	0.3634	Mozjpeg	96.0
people	anastasia-pivnenko-PRNG6R1nSpQ-unsplash.jpg	mozjpeg	420	96	model_auto	43.050	90.356	0.3637	Mozjpeg	96.0
people	anastasia-pivnenko-PRNG6R1nSpQ-unsplash.jpg	mozjpeg	444	85	identity_off	30.044	70.279	1.4343	Mozjpeg	85.0
people	anastasia-pivnenko-PRNG6R1nSpQ-unsplash.jpg	mozjpeg	444	85	identity_auto	30.058	69.552	1.4597	Mozjpeg	85.0
people	anastasia-pivnenko-PRNG6R1nSpQ-unsplash.jpg	mozjpeg	444	85	model_off	30.065	70.202	1.4316	Mozjpeg	85.0
people	anastasia-pivnenko-PRNG6R1nSpQ-unsplash.jpg	mozjpeg	444	85	model_auto	30.080	69.404	1.4570	Mozjpeg	85.0
people	anastasia-pivnenko-PRNG6R1nSpQ-unsplash.jpg	mozjpeg	444	90	identity_off	33.584	80.054	0.9430	Mozjpeg	90.0
people	anastasia-pivnenko-PRNG6R1nSpQ-unsplash.jpg	mozjpeg	444	90	identity_auto	33.561	79.894	0.9701	Mozjpeg	90.0
people	anastasia-pivnenko-PRNG6R1nSpQ-unsplash.jpg	mozjpeg	444	90	model_off	33.577	79.902	0.9428	Mozjpeg	90.0
people	anastasia-pivnenko-PRNG6R1nSpQ-unsplash.jpg	mozjpeg	444	90	model_auto	33.560	79.680	0.9690	Mozjpeg	90.0
people	anastasia-pivnenko-PRNG6R1nSpQ-unsplash.jpg	mozjpeg	444	93	identity_off	34.798	82.343	0.8166	Mozjpeg	93.0
people	anastasia-pivnenko-PRNG6R1nSpQ-unsplash.jpg	mozjpeg	444	93	identity_auto	34.731	82.184	0.8521	Mozjpeg	93.0
people	anastasia-pivnenko-PRNG6R1nSpQ-unsplash.jpg	mozjpeg	444	93	model_off	34.762	82.134	0.8178	Mozjpeg	93.0
people	anastasia-pivnenko-PRNG6R1nSpQ-unsplash.jpg	mozjpeg	444	93	model_auto	34.684	81.945	0.8533	Mozjpeg	93.0
people	anastasia-pivnenko-PRNG6R1nSpQ-unsplash.jpg	mozjpeg	444	96	identity_off	43.564	91.651	0.3538	Mozjpeg	96.0
people	anastasia-pivnenko-PRNG6R1nSpQ-unsplash.jpg	mozjpeg	444	96	identity_auto	43.564	91.651	0.3538	Mozjpeg	96.0
people	anastasia-pivnenko-PRNG6R1nSpQ-unsplash.jpg	mozjpeg	444	96	model_off	43.270	91.065	0.3611	Mozjpeg	96.0
people	anastasia-pivnenko-PRNG6R1nSpQ-unsplash.jpg	mozjpeg	444	96	model_auto	43.246	90.874	0.3610	Mozjpeg	96.0
people	anastasia-pivnenko-PRNG6R1nSpQ-unsplash.jpg	jpegli	420	85	identity_off	35.268	79.762	0.8846	CjpegliYcbcr	1.8
people	anastasia-pivnenko-PRNG6R1nSpQ-unsplash.jpg	jpegli	420	85	identity_auto	35.148	79.211	0.8901	CjpegliYcbcr	1.8
people	anastasia-pivnenko-PRNG6R1nSpQ-unsplash.jpg	jpegli	420	85	model_off	35.218	79.589	0.8859	CjpegliYcbcr	1.8
people	anastasia-pivnenko-PRNG6R1nSpQ-unsplash.jpg	jpegli	420	85	model_auto	35.073	79.006	0.8925	CjpegliYcbcr	1.8
people	anastasia-pivnenko-PRNG6R1nSpQ-unsplash.jpg	jpegli	420	90	identity_off	39.453	86.484	0.5388	CjpegliYcbcr	1.3
people	anastasia-pivnenko-PRNG6R1nSpQ-unsplash.jpg	jpegli	420	90	identity_auto	39.306	86.121	0.5717	CjpegliYcbcr	1.3
people	anastasia-pivnenko-PRNG6R1nSpQ-unsplash.jpg	jpegli	420	90	model_off	39.317	86.054	0.5425	CjpegliYcbcr	1.3
people	anastasia-pivnenko-PRNG6R1nSpQ-unsplash.jpg	jpegli	420	90	model_auto	39.135	85.716	0.5757	CjpegliYcbcr	1.3
people	anastasia-pivnenko-PRNG6R1nSpQ-unsplash.jpg	jpegli	420	93	identity_off	42.896	90.482	0.3416	CjpegliYcbcr	1.0
people	anastasia-pivnenko-PRNG6R1nSpQ-unsplash.jpg	jpegli	420	93	identity_auto	42.604	90.180	0.3892	CjpegliYcbcr	1.0
people	anastasia-pivnenko-PRNG6R1nSpQ-unsplash.jpg	jpegli	420	93	model_off	42.575	89.529	0.3565	CjpegliYcbcr	1.0
people	anastasia-pivnenko-PRNG6R1nSpQ-unsplash.jpg	jpegli	420	93	model_auto	42.223	89.227	0.4031	CjpegliYcbcr	1.0
people	anastasia-pivnenko-PRNG6R1nSpQ-unsplash.jpg	jpegli	420	96	identity_off	46.371	92.657	0.2136	CjpegliYcbcr	0.5
people	anastasia-pivnenko-PRNG6R1nSpQ-unsplash.jpg	jpegli	420	96	identity_auto	46.371	92.657	0.2136	CjpegliYcbcr	0.5
people	anastasia-pivnenko-PRNG6R1nSpQ-unsplash.jpg	jpegli	420	96	model_off	45.646	91.162	0.2624	CjpegliYcbcr	0.5
people	anastasia-pivnenko-PRNG6R1nSpQ-unsplash.jpg	jpegli	420	96	model_auto	45.502	91.191	0.2645	CjpegliYcbcr	0.5
people	anastasia-pivnenko-PRNG6R1nSpQ-unsplash.jpg	jpegli	444	85	identity_off	37.569	84.167	0.6379	CjpegliYcbcr	1.4
people	anastasia-pivnenko-PRNG6R1nSpQ-unsplash.jpg	jpegli	444	85	identity_auto	37.537	84.005	0.6611	CjpegliYcbcr	1.4
people	anastasia-pivnenko-PRNG6R1nSpQ-unsplash.jpg	jpegli	444	85	model_off	37.524	84.017	0.6394	CjpegliYcbcr	1.4
people	anastasia-pivnenko-PRNG6R1nSpQ-unsplash.jpg	jpegli	444	85	model_auto	37.542	83.739	0.6623	CjpegliYcbcr	1.4
people	anastasia-pivnenko-PRNG6R1nSpQ-unsplash.jpg	jpegli	444	90	identity_off	40.066	87.630	0.4659	CjpegliYcbcr	1.1
people	anastasia-pivnenko-PRNG6R1nSpQ-unsplash.jpg	jpegli	444	90	identity_auto	39.976	87.435	0.5014	CjpegliYcbcr	1.1
people	anastasia-pivnenko-PRNG6R1nSpQ-unsplash.jpg	jpegli	444	90	model_off	39.941	87.219	0.4707	CjpegliYcbcr	1.1
people	anastasia-pivnenko-PRNG6R1nSpQ-unsplash.jpg	jpegli	444	90	model_auto	39.888	86.907	0.5063	CjpegliYcbcr	1.1
people	anastasia-pivnenko-PRNG6R1nSpQ-unsplash.jpg	jpegli	444	93	identity_off	42.537	89.911	0.3204	CjpegliYcbcr	0.7
people	anastasia-pivnenko-PRNG6R1nSpQ-unsplash.jpg	jpegli	444	93	identity_auto	42.307	89.626	0.3894	CjpegliYcbcr	0.7
people	anastasia-pivnenko-PRNG6R1nSpQ-unsplash.jpg	jpegli	444	93	model_off	42.261	89.148	0.3465	CjpegliYcbcr	0.7
people	anastasia-pivnenko-PRNG6R1nSpQ-unsplash.jpg	jpegli	444	93	model_auto	42.032	88.861	0.4075	CjpegliYcbcr	0.7
people	anastasia-pivnenko-PRNG6R1nSpQ-unsplash.jpg	jpegli	444	96	identity_off	45.354	91.791	0.2000	CjpegliYcbcr	0.3
people	anastasia-pivnenko-PRNG6R1nSpQ-unsplash.jpg	jpegli	444	96	identity_auto	45.354	91.791	0.2000	CjpegliYcbcr	0.3
people	anastasia-pivnenko-PRNG6R1nSpQ-unsplash.jpg	jpegli	444	96	model_off	44.831	90.610	0.2552	CjpegliYcbcr	0.3
people	anastasia-pivnenko-PRNG6R1nSpQ-unsplash.jpg	jpegli	444	96	model_auto	44.842	90.527	0.2580	CjpegliYcbcr	0.3
people	anastasia-pivnenko-PRNG6R1nSpQ-unsplash.jpg	zenjpeg	420	85	identity_off	35.207	79.657	0.8921	CjpegliYcbcr	1.8
people	anastasia-pivnenko-PRNG6R1nSpQ-unsplash.jpg	zenjpeg	420	85	identity_auto	35.090	79.098	0.8969	CjpegliYcbcr	1.8
people	anastasia-pivnenko-PRNG6R1nSpQ-unsplash.jpg	zenjpeg	420	85	model_off	35.160	79.511	0.8933	CjpegliYcbcr	1.8
people	anastasia-pivnenko-PRNG6R1nSpQ-unsplash.jpg	zenjpeg	420	85	model_auto	35.017	78.899	0.8991	CjpegliYcbcr	1.8
people	anastasia-pivnenko-PRNG6R1nSpQ-unsplash.jpg	zenjpeg	420	90	identity_off	39.438	86.199	0.5410	CjpegliYcbcr	1.3
people	anastasia-pivnenko-PRNG6R1nSpQ-unsplash.jpg	zenjpeg	420	90	identity_auto	39.292	85.916	0.5733	CjpegliYcbcr	1.3
people	anastasia-pivnenko-PRNG6R1nSpQ-unsplash.jpg	zenjpeg	420	90	model_off	39.307	85.934	0.5446	CjpegliYcbcr	1.3
people	anastasia-pivnenko-PRNG6R1nSpQ-unsplash.jpg	zenjpeg	420	90	model_auto	39.127	85.536	0.5774	CjpegliYcbcr	1.3
people	anastasia-pivnenko-PRNG6R1nSpQ-unsplash.jpg	zenjpeg	420	93	identity_off	42.896	90.574	0.3420	CjpegliYcbcr	1.0
people	anastasia-pivnenko-PRNG6R1nSpQ-unsplash.jpg	zenjpeg	420	93	identity_auto	42.608	90.210	0.3886	CjpegliYcbcr	1.0
people	anastasia-pivnenko-PRNG6R1nSpQ-unsplash.jpg	zenjpeg	420	93	model_off	42.574	89.732	0.3549	CjpegliYcbcr	1.0
people	anastasia-pivnenko-PRNG6R1nSpQ-unsplash.jpg	zenjpeg	420	93	model_auto	42.229	89.328	0.4003	CjpegliYcbcr	1.0
people	anastasia-pivnenko-PRNG6R1nSpQ-unsplash.jpg	zenjpeg	420	96	identity_off	46.473	92.958	0.2092	CjpegliYcbcr	0.5
people	anastasia-pivnenko-PRNG6R1nSpQ-unsplash.jpg	zenjpeg	420	96	identity_auto	46.473	92.958	0.2092	CjpegliYcbcr	0.5
people	anastasia-pivnenko-PRNG6R1nSpQ-unsplash.jpg	zenjpeg	420	96	model_off	45.737	91.526	0.2591	CjpegliYcbcr	0.5
people	anastasia-pivnenko-PRNG6R1nSpQ-unsplash.jpg	zenjpeg	420	96	model_auto	45.599	91.167	0.2609	CjpegliYcbcr	0.5
people	anastasia-pivnenko-PRNG6R1nSpQ-unsplash.jpg	zenjpeg	444	85	identity_off	37.539	84.094	0.6426	CjpegliYcbcr	1.4
people	anastasia-pivnenko-PRNG6R1nSpQ-unsplash.jpg	zenjpeg	444	85	identity_auto	37.507	83.976	0.6645	CjpegliYcbcr	1.4
people	anastasia-pivnenko-PRNG6R1nSpQ-unsplash.jpg	zenjpeg	444	85	model_off	37.494	83.940	0.6440	CjpegliYcbcr	1.4
people	anastasia-pivnenko-PRNG6R1nSpQ-unsplash.jpg	zenjpeg	444	85	model_auto	37.511	83.696	0.6655	CjpegliYcbcr	1.4
people	anastasia-pivnenko-PRNG6R1nSpQ-unsplash.jpg	zenjpeg	444	90	identity_off	40.032	87.756	0.4678	CjpegliYcbcr	1.1
people	anastasia-pivnenko-PRNG6R1nSpQ-unsplash.jpg	zenjpeg	444	90	identity_auto	39.942	87.504	0.5014	CjpegliYcbcr	1.1
people	anastasia-pivnenko-PRNG6R1nSpQ-unsplash.jpg	zenjpeg	444	90	model_off	39.908	87.342	0.4724	CjpegliYcbcr	1.1
people	anastasia-pivnenko-PRNG6R1nSpQ-unsplash.jpg	zenjpeg	444	90	model_auto	39.856	87.084	0.5059	CjpegliYcbcr	1.1
people	anastasia-pivnenko-PRNG6R1nSpQ-unsplash.jpg	zenjpeg	444	93	identity_off	42.516	89.883	0.3214	CjpegliYcbcr	0.7
people	anastasia-pivnenko-PRNG6R1nSpQ-unsplash.jpg	zenjpeg	444	93	identity_auto	42.283	89.649	0.3893	CjpegliYcbcr	0.7
people	anastasia-pivnenko-PRNG6R1nSpQ-unsplash.jpg	zenjpeg	444	93	model_off	42.244	89.129	0.3427	CjpegliYcbcr	0.7
people	anastasia-pivnenko-PRNG6R1nSpQ-unsplash.jpg	zenjpeg	444	93	model_auto	42.013	88.812	0.4031	CjpegliYcbcr	0.7
people	anastasia-pivnenko-PRNG6R1nSpQ-unsplash.jpg	zenjpeg	444	96	identity_off	45.331	91.949	0.1992	CjpegliYcbcr	0.3
people	anastasia-pivnenko-PRNG6R1nSpQ-unsplash.jpg	zenjpeg	444	96	identity_auto	45.331	91.949	0.1992	CjpegliYcbcr	0.3
people	anastasia-pivnenko-PRNG6R1nSpQ-unsplash.jpg	zenjpeg	444	96	model_off	44.810	90.622	0.2506	CjpegliYcbcr	0.3
people	anastasia-pivnenko-PRNG6R1nSpQ-unsplash.jpg	zenjpeg	444	96	model_auto	44.821	90.628	0.2527	CjpegliYcbcr	0.3
people	ashford-marx-5nEMKAK1WQs-unsplash.jpg	turbo	420	85	identity_off	36.477	85.199	0.7311	ImageMagick	85.0
people	ashford-marx-5nEMKAK1WQs-unsplash.jpg	turbo	420	85	identity_auto	36.421	84.553	0.7573	ImageMagick	85.0
people	ashford-marx-5nEMKAK1WQs-unsplash.jpg	turbo	420	85	model_off	36.588	85.382	0.7206	ImageMagick	85.0
people	ashford-marx-5nEMKAK1WQs-unsplash.jpg	turbo	420	85	model_auto	36.526	84.687	0.7502	ImageMagick	85.0
people	ashford-marx-5nEMKAK1WQs-unsplash.jpg	turbo	420	90	identity_off	38.817	88.542	0.5469	ImageMagick	90.0
people	ashford-marx-5nEMKAK1WQs-unsplash.jpg	turbo	420	90	identity_auto	38.783	88.462	0.5684	ImageMagick	90.0
people	ashford-marx-5nEMKAK1WQs-unsplash.jpg	turbo	420	90	model_off	38.876	88.622	0.5414	ImageMagick	90.0
people	ashford-marx-5nEMKAK1WQs-unsplash.jpg	turbo	420	90	model_auto	38.887	88.573	0.5624	ImageMagick	90.0
people	ashford-marx-5nEMKAK1WQs-unsplash.jpg	turbo	420	93	identity_off	40.808	90.594	0.4118	ImageMagick	93.0
people	ashford-marx-5nEMKAK1WQs-unsplash.jpg	turbo	420	93	identity_auto	40.691	90.477	0.4458	ImageMagick	93.0
people	ashford-marx-5nEMKAK1WQs-unsplash.jpg	turbo	420	93	model_off	40.851	90.674	0.4091	ImageMagick	93.0
people	ashford-marx-5nEMKAK1WQs-unsplash.jpg	turbo	420	93	model_auto	40.774	90.519	0.4432	ImageMagick	93.0
people	ashford-marx-5nEMKAK1WQs-unsplash.jpg	turbo	420	96	identity_off	43.795	93.010	0.2741	ImageMagick	96.0
people	ashford-marx-5nEMKAK1WQs-unsplash.jpg	turbo	420	96	identity_auto	43.795	93.010	0.2741	ImageMagick	96.0
people	ashford-marx-5nEMKAK1WQs-unsplash.jpg	turbo	420	96	model_off	43.810	93.032	0.2735	ImageMagick	96.0
people	ashford-marx-5nEMKAK1WQs-unsplash.jpg	turbo	420	96	model_auto	43.869	93.112	0.2712	ImageMagick	96.0
people	ashford-marx-5nEMKAK1WQs-unsplash.jpg	turbo	444	85	identity_off	37.000	86.728	0.7226	ImageMagick	85.0
people	ashford-marx-5nEMKAK1WQs-unsplash.jpg	turbo	444	85	identity_auto	36.957	86.116	0.7474	ImageMagick	85.0
people	ashford-marx-5nEMKAK1WQs-unsplash.jpg	turbo	444	85	model_off	37.115	86.919	0.7125	ImageMagick	85.0
people	ashford-marx-5nEMKAK1WQs-unsplash.jpg	turbo	444	85	model_auto	37.063	86.206	0.7403	ImageMagick	85.0
people	ashford-marx-5nEMKAK1WQs-unsplash.jpg	turbo	444	90	identity_off	39.560	90.090	0.5380	ImageMagick	90.0
people	ashford-marx-5nEMKAK1WQs-unsplash.jpg	turbo	444	90	identity_auto	39.532	90.003	0.5590	ImageMagick	90.0
people	ashford-marx-5nEMKAK1WQs-unsplash.jpg	turbo	444	90	model_off	39.622	90.147	0.5328	ImageMagick	90.0
people	ashford-marx-5nEMKAK1WQs-unsplash.jpg	turbo	444	90	model_auto	39.639	90.077	0.5531	ImageMagick	90.0
people	ashford-marx-5nEMKAK1WQs-unsplash.jpg	turbo	444	93	identity_off	41.843	92.121	0.4007	ImageMagick	93.0
people	ashford-marx-5nEMKAK1WQs-unsplash.jpg	turbo	444	93	identity_auto	41.708	91.955	0.4345	ImageMagick	93.0
people	ashford-marx-5nEMKAK1WQs-unsplash.jpg	turbo	444	93	model_off	41.888	92.134	0.3979	ImageMagick	93.0
people	ashford-marx-5nEMKAK1WQs-unsplash.jpg	turbo	444	93	model_auto	41.783	91.974	0.4317	ImageMagick	93.0
people	ashford-marx-5nEMKAK1WQs-unsplash.jpg	turbo	444	96	identity_off	45.370	94.328	0.2577	ImageMagick	96.0
people	ashford-marx-5nEMKAK1WQs-unsplash.jpg	turbo	444	96	identity_auto	45.370	94.328	0.2577	ImageMagick	96.0
people	ashford-marx-5nEMKAK1WQs-unsplash.jpg	turbo	444	96	model_off	45.379	94.277	0.2569	ImageMagick	96.0
people	ashford-marx-5nEMKAK1WQs-unsplash.jpg	turbo	444	96	model_auto	45.423	94.237	0.2555	ImageMagick	96.0
people	ashford-marx-5nEMKAK1WQs-unsplash.jpg	mozjpeg	420	85	identity_off	35.166	83.576	0.8627	Mozjpeg	85.0
people	ashford-marx-5nEMKAK1WQs-unsplash.jpg	mozjpeg	420	85	identity_auto	35.147	82.792	0.8929	Mozjpeg	85.0
people	ashford-marx-5nEMKAK1WQs-unsplash.jpg	mozjpeg	420	85	model_off	35.347	83.703	0.8509	Mozjpeg	85.0
people	ashford-marx-5nEMKAK1WQs-unsplash.jpg	mozjpeg	420	85	model_auto	35.249	82.844	0.8898	Mozjpeg	85.0
people	ashford-marx-5nEMKAK1WQs-unsplash.jpg	mozjpeg	420	90	identity_off	37.207	87.021	0.6759	Mozjpeg	90.0
people	ashford-marx-5nEMKAK1WQs-unsplash.jpg	mozjpeg	420	90	identity_auto	37.195	86.919	0.7030	Mozjpeg	90.0
people	ashford-marx-5nEMKAK1WQs-unsplash.jpg	mozjpeg	420	90	model_off	37.296	87.135	0.6702	Mozjpeg	90.0
people	ashford-marx-5nEMKAK1WQs-unsplash.jpg	mozjpeg	420	90	model_auto	37.284	86.962	0.6993	Mozjpeg	90.0
people	ashford-marx-5nEMKAK1WQs-unsplash.jpg	mozjpeg	420	93	identity_off	39.216	89.256	0.5370	Mozjpeg	93.0
people	ashford-marx-5nEMKAK1WQs-unsplash.jpg	mozjpeg	420	93	identity_auto	39.149	89.138	0.5701	Mozjpeg	93.0
people	ashford-marx-5nEMKAK1WQs-unsplash.jpg	mozjpeg	420	93	model_off	39.256	89.301	0.5353	Mozjpeg	93.0
people	ashford-marx-5nEMKAK1WQs-unsplash.jpg	mozjpeg	420	93	model_auto	39.197	89.183	0.5697	Mozjpeg	93.0
people	ashford-marx-5nEMKAK1WQs-unsplash.jpg	mozjpeg	420	96	identity_off	42.401	92.034	0.3517	Mozjpeg	96.0
people	ashford-marx-5nEMKAK1WQs-unsplash.jpg	mozjpeg	420	96	identity_auto	42.401	92.034	0.3517	Mozjpeg	96.0
people	ashford-marx-5nEMKAK1WQs-unsplash.jpg	mozjpeg	420	96	model_off	42.408	92.081	0.3517	Mozjpeg	96.0
people	ashford-marx-5nEMKAK1WQs-unsplash.jpg	mozjpeg	420	96	model_auto	42.431	92.058	0.3520	Mozjpeg	96.0
people	ashford-marx-5nEMKAK1WQs-unsplash.jpg	mozjpeg	444	85	identity_off	35.439	84.524	0.8569	Mozjpeg	85.0
people	ashford-marx-5nEMKAK1WQs-unsplash.jpg	mozjpeg	444	85	identity_auto	35.431	83.845	0.8861	Mozjpeg	85.0
people	ashford-marx-5nEMKAK1WQs-unsplash.jpg	mozjpeg	444	85	model_off	35.617	84.622	0.8456	Mozjpeg	85.0
people	ashford-marx-5nEMKAK1WQs-unsplash.jpg	mozjpeg	444	85	model_auto	35.524	83.840	0.8828	Mozjpeg	85.0
people	ashford-marx-5nEMKAK1WQs-unsplash.jpg	mozjpeg	444	90	identity_off	37.563	88.049	0.6709	Mozjpeg	90.0
people	ashford-marx-5nEMKAK1WQs-unsplash.jpg	mozjpeg	444	90	identity_auto	37.554	87.932	0.6975	Mozjpeg	90.0
people	ashford-marx-5nEMKAK1WQs-unsplash.jpg	mozjpeg	444	90	model_off	37.646	88.048	0.6651	Mozjpeg	90.0
people	ashford-marx-5nEMKAK1WQs-unsplash.jpg	mozjpeg	444	90	model_auto	37.636	87.904	0.6937	Mozjpeg	90.0
people	ashford-marx-5nEMKAK1WQs-unsplash.jpg	mozjpeg	444	93	identity_off	39.702	90.319	0.5317	Mozjpeg	93.0
people	ashford-marx-5nEMKAK1WQs-unsplash.jpg	mozjpeg	444	93	identity_auto	39.634	90.175	0.5647	Mozjpeg	93.0
people	ashford-marx-5nEMKAK1WQs-unsplash.jpg	mozjpeg	444	93	model_off	39.737	90.336	0.5298	Mozjpeg	93.0
people	ashford-marx-5nEMKAK1WQs-unsplash.jpg	mozjpeg	444	93	model_auto	39.665	90.090	0.5645	Mozjpeg	93.0
people	ashford-marx-5nEMKAK1WQs-unsplash.jpg	mozjpeg	444	96	identity_off	43.285	93.017	0.3421	Mozjpeg	96.0
people	ashford-marx-5nEMKAK1WQs-unsplash.jpg	mozjpeg	444	96	identity_auto	43.285	93.017	0.3421	Mozjpeg	96.0
people	ashford-marx-5nEMKAK1WQs-unsplash.jpg	mozjpeg	444	96	model_off	43.281	93.050	0.3422	Mozjpeg	96.0
people	ashford-marx-5nEMKAK1WQs-unsplash.jpg	mozjpeg	444	96	model_auto	43.280	92.931	0.3426	Mozjpeg	96.0
people	ashford-marx-5nEMKAK1WQs-unsplash.jpg	jpegli	420	85	identity_off	35.475	83.027	0.8187	CjpegliYcbcr	1.8
people	ashford-marx-5nEMKAK1WQs-unsplash.jpg	jpegli	420	85	identity_auto	35.523	82.752	0.8131	CjpegliYcbcr	1.8
people	ashford-marx-5nEMKAK1WQs-unsplash.jpg	jpegli	420	85	model_off	35.572	83.162	0.8109	CjpegliYcbcr	1.8
people	ashford-marx-5nEMKAK1WQs-unsplash.jpg	jpegli	420	85	model_auto	35.599	82.832	0.8102	CjpegliYcbcr	1.8
people	ashford-marx-5nEMKAK1WQs-unsplash.jpg	jpegli	420	90	identity_off	37.827	86.952	0.6011	CjpegliYcbcr	1.3
people	ashford-marx-5nEMKAK1WQs-unsplash.jpg	jpegli	420	90	identity_auto	37.797	86.852	0.6316	CjpegliYcbcr	1.3
people	ashford-marx-5nEMKAK1WQs-unsplash.jpg	jpegli	420	90	model_off	37.874	87.036	0.5992	CjpegliYcbcr	1.3
people	ashford-marx-5nEMKAK1WQs-unsplash.jpg	jpegli	420	90	model_auto	37.855	86.920	0.6314	CjpegliYcbcr	1.3
people	ashford-marx-5nEMKAK1WQs-unsplash.jpg	jpegli	420	93	identity_off	39.993	89.633	0.4540	CjpegliYcbcr	1.0
people	ashford-marx-5nEMKAK1WQs-unsplash.jpg	jpegli	420	93	identity_auto	39.893	89.487	0.4951	CjpegliYcbcr	1.0
people	ashford-marx-5nEMKAK1WQs-unsplash.jpg	jpegli	420	93	model_off	40.017	89.678	0.4528	CjpegliYcbcr	1.0
people	ashford-marx-5nEMKAK1WQs-unsplash.jpg	jpegli	420	93	model_auto	39.926	89.536	0.4952	CjpegliYcbcr	1.0
people	ashford-marx-5nEMKAK1WQs-unsplash.jpg	jpegli	420	96	identity_off	42.878	92.262	0.3142	CjpegliYcbcr	0.5
people	ashford-marx-5nEMKAK1WQs-unsplash.jpg	jpegli	420	96	identity_auto	42.878	92.262	0.3142	CjpegliYcbcr	0.5
people	ashford-marx-5nEMKAK1WQs-unsplash.jpg	jpegli	420	96	model_off	42.884	92.272	0.3139	CjpegliYcbcr	0.5
people	ashford-marx-5nEMKAK1WQs-unsplash.jpg	jpegli	420	96	model_auto	42.916	92.342	0.3131	CjpegliYcbcr	0.5
people	ashford-marx-5nEMKAK1WQs-unsplash.jpg	jpegli	444	85	identity_off	36.517	85.215	0.7010	CjpegliYcbcr	1.4
people	ashford-marx-5nEMKAK1WQs-unsplash.jpg	jpegli	444	85	identity_auto	36.541	85.135	0.7279	CjpegliYcbcr	1.4
people	ashford-marx-5nEMKAK1WQs-unsplash.jpg	jpegli	444	85	model_off	36.623	85.291	0.6973	CjpegliYcbcr	1.4
people	ashford-marx-5nEMKAK1WQs-unsplash.jpg	jpegli	444	85	model_auto	36.681	85.292	0.7253	CjpegliYcbcr	1.4
people	ashford-marx-5nEMKAK1WQs-unsplash.jpg	jpegli	444	90	identity_off	38.867	88.338	0.5169	CjpegliYcbcr	1.1
people	ashford-marx-5nEMKAK1WQs-unsplash.jpg	jpegli	444	90	identity_auto	38.844	88.244	0.5530	CjpegliYcbcr	1.1
people	ashford-marx-5nEMKAK1WQs-unsplash.jpg	jpegli	444	90	model_off	38.932	88.377	0.5139	CjpegliYcbcr	1.1
people	ashford-marx-5nEMKAK1WQs-unsplash.jpg	jpegli	444	90	model_auto	38.965	88.345	0.5518	CjpegliYcbcr	1.1
people	ashford-marx-5nEMKAK1WQs-unsplash.jpg	jpegli	444	93	identity_off	41.027	90.488	0.3962	CjpegliYcbcr	0.7
people	ashford-marx-5nEMKAK1WQs-unsplash.jpg	jpegli	444	93	identity_auto	40.944	90.303	0.4472	CjpegliYcbcr	0.7
people	ashford-marx-5nEMKAK1WQs-unsplash.jpg	jpegli	444	93	model_off	41.071	90.502	0.3948	CjpegliYcbcr	0.7
people	ashford-marx-5nEMKAK1WQs-unsplash.jpg	jpegli	444	93	model_auto	41.056	90.356	0.4474	CjpegliYcbcr	0.7
people	ashford-marx-5nEMKAK1WQs-unsplash.jpg	jpegli	444	96	identity_off	43.880	92.812	0.2732	CjpegliYcbcr	0.3
people	ashford-marx-5nEMKAK1WQs-unsplash.jpg	jpegli	444	96	identity_auto	43.880	92.812	0.2732	CjpegliYcbcr	0.3
people	ashford-marx-5nEMKAK1WQs-unsplash.jpg	jpegli	444	96	model_off	43.903	92.766	0.2728	CjpegliYcbcr	0.3
people	ashford-marx-5nEMKAK1WQs-unsplash.jpg	jpegli	444	96	model_auto	44.023	92.769	0.2734	CjpegliYcbcr	0.3
people	ashford-marx-5nEMKAK1WQs-unsplash.jpg	zenjpeg	420	85	identity_off	35.434	82.972	0.8201	CjpegliYcbcr	1.8
people	ashford-marx-5nEMKAK1WQs-unsplash.jpg	zenjpeg	420	85	identity_auto	35.483	82.670	0.8147	CjpegliYcbcr	1.8
people	ashford-marx-5nEMKAK1WQs-unsplash.jpg	zenjpeg	420	85	model_off	35.531	83.051	0.8145	CjpegliYcbcr	1.8
people	ashford-marx-5nEMKAK1WQs-unsplash.jpg	zenjpeg	420	85	model_auto	35.558	82.716	0.8127	CjpegliYcbcr	1.8
people	ashford-marx-5nEMKAK1WQs-unsplash.jpg	zenjpeg	420	90	identity_off	37.783	86.958	0.6036	CjpegliYcbcr	1.3
people	ashford-marx-5nEMKAK1WQs-unsplash.jpg	zenjpeg	420	90	identity_auto	37.756	86.844	0.6310	CjpegliYcbcr	1.3
people	ashford-marx-5nEMKAK1WQs-unsplash.jpg	zenjpeg	420	90	model_off	37.829	86.902	0.6056	CjpegliYcbcr	1.3
people	ashford-marx-5nEMKAK1WQs-unsplash.jpg	zenjpeg	420	90	model_auto	37.814	86.874	0.6308	CjpegliYcbcr	1.3
people	ashford-marx-5nEMKAK1WQs-unsplash.jpg	zenjpeg	420	93	identity_off	39.944	89.554	0.4565	CjpegliYcbcr	1.0
people	ashford-marx-5nEMKAK1WQs-unsplash.jpg	zenjpeg	420	93	identity_auto	39.849	89.388	0.4940	CjpegliYcbcr	1.0
people	ashford-marx-5nEMKAK1WQs-unsplash.jpg	zenjpeg	420	93	model_off	39.968	89.613	0.4561	CjpegliYcbcr	1.0
people	ashford-marx-5nEMKAK1WQs-unsplash.jpg	zenjpeg	420	93	model_auto	39.884	89.406	0.4949	CjpegliYcbcr	1.0
people	ashford-marx-5nEMKAK1WQs-unsplash.jpg	zenjpeg	420	96	identity_off	42.808	92.134	0.3152	CjpegliYcbcr	0.5
people	ashford-marx-5nEMKAK1WQs-unsplash.jpg	zenjpeg	420	96	identity_auto	42.808	92.134	0.3152	CjpegliYcbcr	0.5
people	ashford-marx-5nEMKAK1WQs-unsplash.jpg	zenjpeg	420	96	model_off	42.813	92.121	0.3157	CjpegliYcbcr	0.5
people	ashford-marx-5nEMKAK1WQs-unsplash.jpg	zenjpeg	420	96	model_auto	42.846	92.164	0.3155	CjpegliYcbcr	0.5
people	ashford-marx-5nEMKAK1WQs-unsplash.jpg	zenjpeg	444	85	identity_off	36.479	85.168	0.7020	CjpegliYcbcr	1.4
people	ashford-marx-5nEMKAK1WQs-unsplash.jpg	zenjpeg	444	85	identity_auto	36.505	85.103	0.7252	CjpegliYcbcr	1.4
people	ashford-marx-5nEMKAK1WQs-unsplash.jpg	zenjpeg	444	85	model_off	36.585	85.216	0.7006	CjpegliYcbcr	1.4
people	ashford-marx-5nEMKAK1WQs-unsplash.jpg	zenjpeg	444	85	model_auto	36.645	85.220	0.7233	CjpegliYcbcr	1.4
people	ashford-marx-5nEMKAK1WQs-unsplash.jpg	zenjpeg	444	90	identity_off	38.831	88.275	0.5190	CjpegliYcbcr	1.1
people	ashford-marx-5nEMKAK1WQs-unsplash.jpg	zenjpeg	444	90	identity_auto	38.813	88.153	0.5512	CjpegliYcbcr	1.1
people	ashford-marx-5nEMKAK1WQs-unsplash.jpg	zenjpeg	444	90	model_off	38.897	88.297	0.5173	CjpegliYcbcr	1.1
people	ashford-marx-5nEMKAK1WQs-unsplash.jpg	zenjpeg	444	90	model_auto	38.934	88.214	0.5505	CjpegliYcbcr	1.1
people	ashford-marx-5nEMKAK1WQs-unsplash.jpg	zenjpeg	444	93	identity_off	40.982	90.433	0.3988	CjpegliYcbcr	0.7
people	ashford-marx-5nEMKAK1WQs-unsplash.jpg	zenjpeg	444	93	identity_auto	40.907	90.273	0.4427	CjpegliYcbcr	0.7
people	ashford-marx-5nEMKAK1WQs-unsplash.jpg	zenjpeg	444	93	model_off	41.026	90.466	0.3986	CjpegliYcbcr	0.7
people	ashford-marx-5nEMKAK1WQs-unsplash.jpg	zenjpeg	444	93	model_auto	41.020	90.305	0.4429	CjpegliYcbcr	0.7
people	ashford-marx-5nEMKAK1WQs-unsplash.jpg	zenjpeg	444	96	identity_off	43.834	92.814	0.2662	CjpegliYcbcr	0.3
people	ashford-marx-5nEMKAK1WQs-unsplash.jpg	zenjpeg	444	96	identity_auto	43.834	92.814	0.2662	CjpegliYcbcr	0.3
people	ashford-marx-5nEMKAK1WQs-unsplash.jpg	zenjpeg	444	96	model_off	43.858	92.752	0.2667	CjpegliYcbcr	0.3
people	ashford-marx-5nEMKAK1WQs-unsplash.jpg	zenjpeg	444	96	model_auto	43.977	92.844	0.2666	CjpegliYcbcr	0.3
screen	archive__details-collection__1440x900__dpr1.png	turbo	420	85	identity_off	99.000	100.000	0.0000	ImageMagick	85.0
screen	archive__details-collection__1440x900__dpr1.png	turbo	420	85	identity_auto	99.000	100.000	0.0000	ImageMagick	85.0
screen	archive__details-collection__1440x900__dpr1.png	turbo	420	85	model_off	52.778	92.481	0.8491	ImageMagick	85.0
screen	archive__details-collection__1440x900__dpr1.png	turbo	420	85	model_auto	52.752	92.825	0.8485	ImageMagick	85.0
screen	archive__details-collection__1440x900__dpr1.png	turbo	420	90	identity_off	99.000	100.000	0.0000	ImageMagick	90.0
screen	archive__details-collection__1440x900__dpr1.png	turbo	420	90	identity_auto	99.000	100.000	0.0000	ImageMagick	90.0
screen	archive__details-collection__1440x900__dpr1.png	turbo	420	90	model_off	52.778	92.481	0.8491	ImageMagick	90.0
screen	archive__details-collection__1440x900__dpr1.png	turbo	420	90	model_auto	52.752	92.825	0.8485	ImageMagick	90.0
screen	archive__details-collection__1440x900__dpr1.png	turbo	420	93	identity_off	99.000	100.000	0.0000	ImageMagick	93.0
screen	archive__details-collection__1440x900__dpr1.png	turbo	420	93	identity_auto	99.000	100.000	0.0000	ImageMagick	93.0
screen	archive__details-collection__1440x900__dpr1.png	turbo	420	93	model_off	52.778	92.481	0.8491	ImageMagick	93.0
screen	archive__details-collection__1440x900__dpr1.png	turbo	420	93	model_auto	52.752	92.825	0.8485	ImageMagick	93.0
screen	archive__details-collection__1440x900__dpr1.png	turbo	420	96	identity_off	99.000	100.000	0.0000	ImageMagick	96.0
screen	archive__details-collection__1440x900__dpr1.png	turbo	420	96	identity_auto	99.000	100.000	0.0000	ImageMagick	96.0
screen	archive__details-collection__1440x900__dpr1.png	turbo	420	96	model_off	52.778	92.481	0.8491	ImageMagick	96.0
screen	archive__details-collection__1440x900__dpr1.png	turbo	420	96	model_auto	52.752	92.825	0.8485	ImageMagick	96.0
screen	archive__details-collection__1440x900__dpr1.png	turbo	444	85	identity_off	99.000	100.000	0.0000	ImageMagick	85.0
screen	archive__details-collection__1440x900__dpr1.png	turbo	444	85	identity_auto	99.000	100.000	0.0000	ImageMagick	85.0
screen	archive__details-collection__1440x900__dpr1.png	turbo	444	85	model_off	52.778	92.481	0.8491	ImageMagick	85.0
screen	archive__details-collection__1440x900__dpr1.png	turbo	444	85	model_auto	52.752	92.825	0.8485	ImageMagick	85.0
screen	archive__details-collection__1440x900__dpr1.png	turbo	444	90	identity_off	99.000	100.000	0.0000	ImageMagick	90.0
screen	archive__details-collection__1440x900__dpr1.png	turbo	444	90	identity_auto	99.000	100.000	0.0000	ImageMagick	90.0
screen	archive__details-collection__1440x900__dpr1.png	turbo	444	90	model_off	52.778	92.481	0.8491	ImageMagick	90.0
screen	archive__details-collection__1440x900__dpr1.png	turbo	444	90	model_auto	52.752	92.825	0.8485	ImageMagick	90.0
screen	archive__details-collection__1440x900__dpr1.png	turbo	444	93	identity_off	99.000	100.000	0.0000	ImageMagick	93.0
screen	archive__details-collection__1440x900__dpr1.png	turbo	444	93	identity_auto	99.000	100.000	0.0000	ImageMagick	93.0
screen	archive__details-collection__1440x900__dpr1.png	turbo	444	93	model_off	52.778	92.481	0.8491	ImageMagick	93.0
screen	archive__details-collection__1440x900__dpr1.png	turbo	444	93	model_auto	52.752	92.825	0.8485	ImageMagick	93.0
screen	archive__details-collection__1440x900__dpr1.png	turbo	444	96	identity_off	99.000	100.000	0.0000	ImageMagick	96.0
screen	archive__details-collection__1440x900__dpr1.png	turbo	444	96	identity_auto	99.000	100.000	0.0000	ImageMagick	96.0
screen	archive__details-collection__1440x900__dpr1.png	turbo	444	96	model_off	52.778	92.481	0.8491	ImageMagick	96.0
screen	archive__details-collection__1440x900__dpr1.png	turbo	444	96	model_auto	52.752	92.825	0.8485	ImageMagick	96.0
screen	archive__details-collection__1440x900__dpr1.png	mozjpeg	420	85	identity_off	99.000	100.000	0.0000	Mozjpeg	85.0
screen	archive__details-collection__1440x900__dpr1.png	mozjpeg	420	85	identity_auto	99.000	100.000	0.0000	Mozjpeg	85.0
screen	archive__details-collection__1440x900__dpr1.png	mozjpeg	420	85	model_off	52.778	92.481	0.8491	Mozjpeg	85.0
screen	archive__details-collection__1440x900__dpr1.png	mozjpeg	420	85	model_auto	52.752	92.825	0.8485	Mozjpeg	85.0
screen	archive__details-collection__1440x900__dpr1.png	mozjpeg	420	90	identity_off	99.000	100.000	0.0000	Mozjpeg	90.0
screen	archive__details-collection__1440x900__dpr1.png	mozjpeg	420	90	identity_auto	99.000	100.000	0.0000	Mozjpeg	90.0
screen	archive__details-collection__1440x900__dpr1.png	mozjpeg	420	90	model_off	52.778	92.481	0.8491	Mozjpeg	90.0
screen	archive__details-collection__1440x900__dpr1.png	mozjpeg	420	90	model_auto	52.752	92.825	0.8485	Mozjpeg	90.0
screen	archive__details-collection__1440x900__dpr1.png	mozjpeg	420	93	identity_off	99.000	100.000	0.0000	Mozjpeg	93.0
screen	archive__details-collection__1440x900__dpr1.png	mozjpeg	420	93	identity_auto	99.000	100.000	0.0000	Mozjpeg	93.0
screen	archive__details-collection__1440x900__dpr1.png	mozjpeg	420	93	model_off	52.778	92.481	0.8491	Mozjpeg	93.0
screen	archive__details-collection__1440x900__dpr1.png	mozjpeg	420	93	model_auto	52.752	92.825	0.8485	Mozjpeg	93.0
screen	archive__details-collection__1440x900__dpr1.png	mozjpeg	420	96	identity_off	99.000	100.000	0.0000	Mozjpeg	96.0
screen	archive__details-collection__1440x900__dpr1.png	mozjpeg	420	96	identity_auto	99.000	100.000	0.0000	Mozjpeg	96.0
screen	archive__details-collection__1440x900__dpr1.png	mozjpeg	420	96	model_off	52.778	92.481	0.8491	Mozjpeg	96.0
screen	archive__details-collection__1440x900__dpr1.png	mozjpeg	420	96	model_auto	52.752	92.825	0.8485	Mozjpeg	96.0
screen	archive__details-collection__1440x900__dpr1.png	mozjpeg	444	85	identity_off	99.000	100.000	0.0000	Mozjpeg	85.0
screen	archive__details-collection__1440x900__dpr1.png	mozjpeg	444	85	identity_auto	99.000	100.000	0.0000	Mozjpeg	85.0
screen	archive__details-collection__1440x900__dpr1.png	mozjpeg	444	85	model_off	52.778	92.481	0.8491	Mozjpeg	85.0
screen	archive__details-collection__1440x900__dpr1.png	mozjpeg	444	85	model_auto	52.752	92.825	0.8485	Mozjpeg	85.0
screen	archive__details-collection__1440x900__dpr1.png	mozjpeg	444	90	identity_off	99.000	100.000	0.0000	Mozjpeg	90.0
screen	archive__details-collection__1440x900__dpr1.png	mozjpeg	444	90	identity_auto	99.000	100.000	0.0000	Mozjpeg	90.0
screen	archive__details-collection__1440x900__dpr1.png	mozjpeg	444	90	model_off	52.778	92.481	0.8491	Mozjpeg	90.0
screen	archive__details-collection__1440x900__dpr1.png	mozjpeg	444	90	model_auto	52.752	92.825	0.8485	Mozjpeg	90.0
screen	archive__details-collection__1440x900__dpr1.png	mozjpeg	444	93	identity_off	99.000	100.000	0.0000	Mozjpeg	93.0
screen	archive__details-collection__1440x900__dpr1.png	mozjpeg	444	93	identity_auto	99.000	100.000	0.0000	Mozjpeg	93.0
screen	archive__details-collection__1440x900__dpr1.png	mozjpeg	444	93	model_off	52.778	92.481	0.8491	Mozjpeg	93.0
screen	archive__details-collection__1440x900__dpr1.png	mozjpeg	444	93	model_auto	52.752	92.825	0.8485	Mozjpeg	93.0
screen	archive__details-collection__1440x900__dpr1.png	mozjpeg	444	96	identity_off	99.000	100.000	0.0000	Mozjpeg	96.0
screen	archive__details-collection__1440x900__dpr1.png	mozjpeg	444	96	identity_auto	99.000	100.000	0.0000	Mozjpeg	96.0
screen	archive__details-collection__1440x900__dpr1.png	mozjpeg	444	96	model_off	52.778	92.481	0.8491	Mozjpeg	96.0
screen	archive__details-collection__1440x900__dpr1.png	mozjpeg	444	96	model_auto	52.752	92.825	0.8485	Mozjpeg	96.0
screen	archive__details-collection__1440x900__dpr1.png	jpegli	420	85	identity_off	99.000	100.000	0.0000	CjpegliYcbcr	1.8
screen	archive__details-collection__1440x900__dpr1.png	jpegli	420	85	identity_auto	99.000	100.000	0.0000	CjpegliYcbcr	1.8
screen	archive__details-collection__1440x900__dpr1.png	jpegli	420	85	model_off	52.778	92.481	0.8491	CjpegliYcbcr	1.8
screen	archive__details-collection__1440x900__dpr1.png	jpegli	420	85	model_auto	52.752	92.825	0.8485	CjpegliYcbcr	1.8
screen	archive__details-collection__1440x900__dpr1.png	jpegli	420	90	identity_off	99.000	100.000	0.0000	CjpegliYcbcr	1.3
screen	archive__details-collection__1440x900__dpr1.png	jpegli	420	90	identity_auto	99.000	100.000	0.0000	CjpegliYcbcr	1.3
screen	archive__details-collection__1440x900__dpr1.png	jpegli	420	90	model_off	52.778	92.481	0.8491	CjpegliYcbcr	1.3
screen	archive__details-collection__1440x900__dpr1.png	jpegli	420	90	model_auto	52.752	92.825	0.8485	CjpegliYcbcr	1.3
screen	archive__details-collection__1440x900__dpr1.png	jpegli	420	93	identity_off	99.000	100.000	0.0000	CjpegliYcbcr	1.0
screen	archive__details-collection__1440x900__dpr1.png	jpegli	420	93	identity_auto	99.000	100.000	0.0000	CjpegliYcbcr	1.0
screen	archive__details-collection__1440x900__dpr1.png	jpegli	420	93	model_off	52.778	92.481	0.8491	CjpegliYcbcr	1.0
screen	archive__details-collection__1440x900__dpr1.png	jpegli	420	93	model_auto	52.752	92.825	0.8485	CjpegliYcbcr	1.0
screen	archive__details-collection__1440x900__dpr1.png	jpegli	420	96	identity_off	99.000	100.000	0.0000	CjpegliYcbcr	0.5
screen	archive__details-collection__1440x900__dpr1.png	jpegli	420	96	identity_auto	99.000	100.000	0.0000	CjpegliYcbcr	0.5
screen	archive__details-collection__1440x900__dpr1.png	jpegli	420	96	model_off	52.778	92.481	0.8491	CjpegliYcbcr	0.5
screen	archive__details-collection__1440x900__dpr1.png	jpegli	420	96	model_auto	52.752	92.825	0.8485	CjpegliYcbcr	0.5
screen	archive__details-collection__1440x900__dpr1.png	jpegli	444	85	identity_off	99.000	100.000	0.0000	CjpegliYcbcr	1.4
screen	archive__details-collection__1440x900__dpr1.png	jpegli	444	85	identity_auto	99.000	100.000	0.0000	CjpegliYcbcr	1.4
screen	archive__details-collection__1440x900__dpr1.png	jpegli	444	85	model_off	52.778	92.481	0.8491	CjpegliYcbcr	1.4
screen	archive__details-collection__1440x900__dpr1.png	jpegli	444	85	model_auto	52.752	92.825	0.8485	CjpegliYcbcr	1.4
screen	archive__details-collection__1440x900__dpr1.png	jpegli	444	90	identity_off	99.000	100.000	0.0000	CjpegliYcbcr	1.1
screen	archive__details-collection__1440x900__dpr1.png	jpegli	444	90	identity_auto	99.000	100.000	0.0000	CjpegliYcbcr	1.1
screen	archive__details-collection__1440x900__dpr1.png	jpegli	444	90	model_off	52.778	92.481	0.8491	CjpegliYcbcr	1.1
screen	archive__details-collection__1440x900__dpr1.png	jpegli	444	90	model_auto	52.752	92.825	0.8485	CjpegliYcbcr	1.1
screen	archive__details-collection__1440x900__dpr1.png	jpegli	444	93	identity_off	99.000	100.000	0.0000	CjpegliYcbcr	0.7
screen	archive__details-collection__1440x900__dpr1.png	jpegli	444	93	identity_auto	99.000	100.000	0.0000	CjpegliYcbcr	0.7
screen	archive__details-collection__1440x900__dpr1.png	jpegli	444	93	model_off	52.778	92.481	0.8491	CjpegliYcbcr	0.7
screen	archive__details-collection__1440x900__dpr1.png	jpegli	444	93	model_auto	52.752	92.825	0.8485	CjpegliYcbcr	0.7
screen	archive__details-collection__1440x900__dpr1.png	jpegli	444	96	identity_off	99.000	100.000	0.0000	CjpegliYcbcr	0.3
screen	archive__details-collection__1440x900__dpr1.png	jpegli	444	96	identity_auto	99.000	100.000	0.0000	CjpegliYcbcr	0.3
screen	archive__details-collection__1440x900__dpr1.png	jpegli	444	96	model_off	52.778	92.481	0.8491	CjpegliYcbcr	0.3
screen	archive__details-collection__1440x900__dpr1.png	jpegli	444	96	model_auto	52.752	92.825	0.8485	CjpegliYcbcr	0.3
screen	archive__details-collection__1440x900__dpr1.png	zenjpeg	420	85	identity_off	99.000	100.000	0.0000	CjpegliYcbcr	1.8
screen	archive__details-collection__1440x900__dpr1.png	zenjpeg	420	85	identity_auto	99.000	100.000	0.0000	CjpegliYcbcr	1.8
screen	archive__details-collection__1440x900__dpr1.png	zenjpeg	420	85	model_off	52.778	92.481	0.8491	CjpegliYcbcr	1.8
screen	archive__details-collection__1440x900__dpr1.png	zenjpeg	420	85	model_auto	52.752	92.825	0.8485	CjpegliYcbcr	1.8
screen	archive__details-collection__1440x900__dpr1.png	zenjpeg	420	90	identity_off	99.000	100.000	0.0000	CjpegliYcbcr	1.3
screen	archive__details-collection__1440x900__dpr1.png	zenjpeg	420	90	identity_auto	99.000	100.000	0.0000	CjpegliYcbcr	1.3
screen	archive__details-collection__1440x900__dpr1.png	zenjpeg	420	90	model_off	52.778	92.481	0.8491	CjpegliYcbcr	1.3
screen	archive__details-collection__1440x900__dpr1.png	zenjpeg	420	90	model_auto	52.752	92.825	0.8485	CjpegliYcbcr	1.3
screen	archive__details-collection__1440x900__dpr1.png	zenjpeg	420	93	identity_off	99.000	100.000	0.0000	CjpegliYcbcr	1.0
screen	archive__details-collection__1440x900__dpr1.png	zenjpeg	420	93	identity_auto	99.000	100.000	0.0000	CjpegliYcbcr	1.0
screen	archive__details-collection__1440x900__dpr1.png	zenjpeg	420	93	model_off	52.778	92.481	0.8491	CjpegliYcbcr	1.0
screen	archive__details-collection__1440x900__dpr1.png	zenjpeg	420	93	model_auto	52.752	92.825	0.8485	CjpegliYcbcr	1.0
screen	archive__details-collection__1440x900__dpr1.png	zenjpeg	420	96	identity_off	99.000	100.000	0.0000	CjpegliYcbcr	0.5
screen	archive__details-collection__1440x900__dpr1.png	zenjpeg	420	96	identity_auto	99.000	100.000	0.0000	CjpegliYcbcr	0.5
screen	archive__details-collection__1440x900__dpr1.png	zenjpeg	420	96	model_off	52.778	92.481	0.8491	CjpegliYcbcr	0.5
screen	archive__details-collection__1440x900__dpr1.png	zenjpeg	420	96	model_auto	52.752	92.825	0.8485	CjpegliYcbcr	0.5
screen	archive__details-collection__1440x900__dpr1.png	zenjpeg	444	85	identity_off	99.000	100.000	0.0000	CjpegliYcbcr	1.4
screen	archive__details-collection__1440x900__dpr1.png	zenjpeg	444	85	identity_auto	99.000	100.000	0.0000	CjpegliYcbcr	1.4
screen	archive__details-collection__1440x900__dpr1.png	zenjpeg	444	85	model_off	52.778	92.481	0.8491	CjpegliYcbcr	1.4
screen	archive__details-collection__1440x900__dpr1.png	zenjpeg	444	85	model_auto	52.752	92.825	0.8485	CjpegliYcbcr	1.4
screen	archive__details-collection__1440x900__dpr1.png	zenjpeg	444	90	identity_off	99.000	100.000	0.0000	CjpegliYcbcr	1.1
screen	archive__details-collection__1440x900__dpr1.png	zenjpeg	444	90	identity_auto	99.000	100.000	0.0000	CjpegliYcbcr	1.1
screen	archive__details-collection__1440x900__dpr1.png	zenjpeg	444	90	model_off	52.778	92.481	0.8491	CjpegliYcbcr	1.1
screen	archive__details-collection__1440x900__dpr1.png	zenjpeg	444	90	model_auto	52.752	92.825	0.8485	CjpegliYcbcr	1.1
screen	archive__details-collection__1440x900__dpr1.png	zenjpeg	444	93	identity_off	99.000	100.000	0.0000	CjpegliYcbcr	0.7
screen	archive__details-collection__1440x900__dpr1.png	zenjpeg	444	93	identity_auto	99.000	100.000	0.0000	CjpegliYcbcr	0.7
screen	archive__details-collection__1440x900__dpr1.png	zenjpeg	444	93	model_off	52.778	92.481	0.8491	CjpegliYcbcr	0.7
screen	archive__details-collection__1440x900__dpr1.png	zenjpeg	444	93	model_auto	52.752	92.825	0.8485	CjpegliYcbcr	0.7
screen	archive__details-collection__1440x900__dpr1.png	zenjpeg	444	96	identity_off	99.000	100.000	0.0000	CjpegliYcbcr	0.3
screen	archive__details-collection__1440x900__dpr1.png	zenjpeg	444	96	identity_auto	99.000	100.000	0.0000	CjpegliYcbcr	0.3
screen	archive__details-collection__1440x900__dpr1.png	zenjpeg	444	96	model_off	52.778	92.481	0.8491	CjpegliYcbcr	0.3
screen	archive__details-collection__1440x900__dpr1.png	zenjpeg	444	96	model_auto	52.752	92.825	0.8485	CjpegliYcbcr	0.3
screen	archive__wayback-search__1440x900__dpr1.png	turbo	420	85	identity_off	35.700	80.138	1.0981	ImageMagick	85.0
screen	archive__wayback-search__1440x900__dpr1.png	turbo	420	85	identity_auto	35.787	80.458	1.0684	ImageMagick	85.0
screen	archive__wayback-search__1440x900__dpr1.png	turbo	420	85	model_off	39.162	84.906	0.7531	ImageMagick	85.0
screen	archive__wayback-search__1440x900__dpr1.png	turbo	420	85	model_auto	38.929	84.879	0.7535	ImageMagick	85.0
screen	archive__wayback-search__1440x900__dpr1.png	turbo	420	90	identity_off	36.989	83.689	0.9048	ImageMagick	90.0
screen	archive__wayback-search__1440x900__dpr1.png	turbo	420	90	identity_auto	37.004	83.765	0.8963	ImageMagick	90.0
screen	archive__wayback-search__1440x900__dpr1.png	turbo	420	90	model_off	40.489	87.408	0.6209	ImageMagick	90.0
screen	archive__wayback-search__1440x900__dpr1.png	turbo	420	90	model_auto	40.242	87.149	0.6332	ImageMagick	90.0
screen	archive__wayback-search__1440x900__dpr1.png	turbo	420	93	identity_off	38.068	86.091	0.7625	ImageMagick	93.0
screen	archive__wayback-search__1440x900__dpr1.png	turbo	420	93	identity_auto	38.079	86.074	0.7559	ImageMagick	93.0
screen	archive__wayback-search__1440x900__dpr1.png	turbo	420	93	model_off	41.479	88.781	0.5310	ImageMagick	93.0
screen	archive__wayback-search__1440x900__dpr1.png	turbo	420	93	model_auto	41.212	88.744	0.5471	ImageMagick	93.0
screen	archive__wayback-search__1440x900__dpr1.png	turbo	420	96	identity_off	39.581	88.427	0.6001	ImageMagick	96.0
screen	archive__wayback-search__1440x900__dpr1.png	turbo	420	96	identity_auto	39.581	88.427	0.6001	ImageMagick	96.0
screen	archive__wayback-search__1440x900__dpr1.png	turbo	420	96	model_off	42.396	90.067	0.4615	ImageMagick	96.0
screen	archive__wayback-search__1440x900__dpr1.png	turbo	420	96	model_auto	42.393	90.163	0.4717	ImageMagick	96.0
screen	archive__wayback-search__1440x900__dpr1.png	turbo	444	85	identity_off	37.532	82.220	1.0057	ImageMagick	85.0
screen	archive__wayback-search__1440x900__dpr1.png	turbo	444	85	identity_auto	37.797	82.650	0.9742	ImageMagick	85.0
screen	archive__wayback-search__1440x900__dpr1.png	turbo	444	85	model_off	40.646	86.446	0.6939	ImageMagick	85.0
screen	archive__wayback-search__1440x900__dpr1.png	turbo	444	85	model_auto	40.607	86.629	0.6868	ImageMagick	85.0
screen	archive__wayback-search__1440x900__dpr1.png	turbo	444	90	identity_off	39.333	86.223	0.7931	ImageMagick	90.0
screen	archive__wayback-search__1440x900__dpr1.png	turbo	444	90	identity_auto	39.433	86.284	0.7842	ImageMagick	90.0
screen	archive__wayback-search__1440x900__dpr1.png	turbo	444	90	model_off	42.287	89.124	0.5471	ImageMagick	90.0
screen	archive__wayback-search__1440x900__dpr1.png	turbo	444	90	model_auto	42.265	89.121	0.5510	ImageMagick	90.0
screen	archive__wayback-search__1440x900__dpr1.png	turbo	444	93	identity_off	41.004	88.729	0.6354	ImageMagick	93.0
screen	archive__wayback-search__1440x900__dpr1.png	turbo	444	93	identity_auto	41.116	88.740	0.6286	ImageMagick	93.0
screen	archive__wayback-search__1440x900__dpr1.png	turbo	444	93	model_off	43.716	90.800	0.4415	ImageMagick	93.0
screen	archive__wayback-search__1440x900__dpr1.png	turbo	444	93	model_auto	43.762	90.849	0.4479	ImageMagick	93.0
screen	archive__wayback-search__1440x900__dpr1.png	turbo	444	96	identity_off	44.024	91.518	0.4402	ImageMagick	96.0
screen	archive__wayback-search__1440x900__dpr1.png	turbo	444	96	identity_auto	44.024	91.518	0.4402	ImageMagick	96.0
screen	archive__wayback-search__1440x900__dpr1.png	turbo	444	96	model_off	46.105	92.466	0.3336	ImageMagick	96.0
screen	archive__wayback-search__1440x900__dpr1.png	turbo	444	96	model_auto	46.378	92.427	0.3350	ImageMagick	96.0
screen	archive__wayback-search__1440x900__dpr1.png	mozjpeg	420	85	identity_off	34.427	79.007	1.2676	Mozjpeg	85.0
screen	archive__wayback-search__1440x900__dpr1.png	mozjpeg	420	85	identity_auto	34.504	79.202	1.2575	Mozjpeg	85.0
screen	archive__wayback-search__1440x900__dpr1.png	mozjpeg	420	85	model_off	37.310	83.110	0.9440	Mozjpeg	85.0
screen	archive__wayback-search__1440x900__dpr1.png	mozjpeg	420	85	model_auto	37.140	83.113	0.9667	Mozjpeg	85.0
screen	archive__wayback-search__1440x900__dpr1.png	mozjpeg	420	90	identity_off	35.891	82.279	1.0264	Mozjpeg	90.0
screen	archive__wayback-search__1440x900__dpr1.png	mozjpeg	420	90	identity_auto	35.915	82.340	1.0238	Mozjpeg	90.0
screen	archive__wayback-search__1440x900__dpr1.png	mozjpeg	420	90	model_off	38.838	85.811	0.7418	Mozjpeg	90.0
screen	archive__wayback-search__1440x900__dpr1.png	mozjpeg	420	90	model_auto	38.653	85.572	0.7572	Mozjpeg	90.0
screen	archive__wayback-search__1440x900__dpr1.png	mozjpeg	420	93	identity_off	37.004	84.585	0.8527	Mozjpeg	93.0
screen	archive__wayback-search__1440x900__dpr1.png	mozjpeg	420	93	identity_auto	37.021	84.666	0.8484	Mozjpeg	93.0
screen	archive__wayback-search__1440x900__dpr1.png	mozjpeg	420	93	model_off	39.935	87.267	0.6177	Mozjpeg	93.0
screen	archive__wayback-search__1440x900__dpr1.png	mozjpeg	420	93	model_auto	39.719	87.040	0.6338	Mozjpeg	93.0
screen	archive__wayback-search__1440x900__dpr1.png	mozjpeg	420	96	identity_off	38.537	86.987	0.6880	Mozjpeg	96.0
screen	archive__wayback-search__1440x900__dpr1.png	mozjpeg	420	96	identity_auto	38.537	86.987	0.6880	Mozjpeg	96.0
screen	archive__wayback-search__1440x900__dpr1.png	mozjpeg	420	96	model_off	41.184	88.841	0.5233	Mozjpeg	96.0
screen	archive__wayback-search__1440x900__dpr1.png	mozjpeg	420	96	model_auto	41.116	88.688	0.5375	Mozjpeg	96.0
screen	archive__wayback-search__1440x900__dpr1.png	mozjpeg	444	85	identity_off	35.916	80.680	1.1902	Mozjpeg	85.0
screen	archive__wayback-search__1440x900__dpr1.png	mozjpeg	444	85	identity_auto	36.071	80.953	1.1816	Mozjpeg	85.0
screen	archive__wayback-search__1440x900__dpr1.png	mozjpeg	444	85	model_off	38.400	84.514	0.9025	Mozjpeg	85.0
screen	archive__wayback-search__1440x900__dpr1.png	mozjpeg	444	85	model_auto	38.317	84.314	0.9224	Mozjpeg	85.0
screen	archive__wayback-search__1440x900__dpr1.png	mozjpeg	444	90	identity_off	38.036	84.308	0.9252	Mozjpeg	90.0
screen	archive__wayback-search__1440x900__dpr1.png	mozjpeg	444	90	identity_auto	38.101	84.436	0.9223	Mozjpeg	90.0
screen	archive__wayback-search__1440x900__dpr1.png	mozjpeg	444	90	model_off	40.316	87.094	0.6827	Mozjpeg	90.0
screen	archive__wayback-search__1440x900__dpr1.png	mozjpeg	444	90	model_auto	40.250	87.037	0.6918	Mozjpeg	90.0
screen	archive__wayback-search__1440x900__dpr1.png	mozjpeg	444	93	identity_off	39.887	87.012	0.7322	Mozjpeg	93.0
screen	archive__wayback-search__1440x900__dpr1.png	mozjpeg	444	93	identity_auto	39.955	87.019	0.7267	Mozjpeg	93.0
screen	archive__wayback-search__1440x900__dpr1.png	mozjpeg	444	93	model_off	41.908	88.991	0.5457	Mozjpeg	93.0
screen	archive__wayback-search__1440x900__dpr1.png	mozjpeg	444	93	model_auto	41.895	89.033	0.5496	Mozjpeg	93.0
screen	archive__wayback-search__1440x900__dpr1.png	mozjpeg	444	96	identity_off	43.077	89.922	0.5303	Mozjpeg	96.0
screen	archive__wayback-search__1440x900__dpr1.png	mozjpeg	444	96	identity_auto	43.077	89.922	0.5303	Mozjpeg	96.0
screen	archive__wayback-search__1440x900__dpr1.png	mozjpeg	444	96	model_off	44.566	90.912	0.4069	Mozjpeg	96.0
screen	archive__wayback-search__1440x900__dpr1.png	mozjpeg	444	96	model_auto	44.756	91.029	0.4075	Mozjpeg	96.0
screen	archive__wayback-search__1440x900__dpr1.png	jpegli	420	85	identity_off	36.499	82.421	0.9108	CjpegliYcbcr	1.8
screen	archive__wayback-search__1440x900__dpr1.png	jpegli	420	85	identity_auto	36.592	82.801	0.8779	CjpegliYcbcr	1.8
screen	archive__wayback-search__1440x900__dpr1.png	jpegli	420	85	model_off	39.496	86.083	0.6383	CjpegliYcbcr	1.8
screen	archive__wayback-search__1440x900__dpr1.png	jpegli	420	85	model_auto	39.303	86.082	0.6404	CjpegliYcbcr	1.8
screen	archive__wayback-search__1440x900__dpr1.png	jpegli	420	90	identity_off	37.783	85.447	0.7194	CjpegliYcbcr	1.3
screen	archive__wayback-search__1440x900__dpr1.png	jpegli	420	90	identity_auto	37.792	85.537	0.7152	CjpegliYcbcr	1.3
screen	archive__wayback-search__1440x900__dpr1.png	jpegli	420	90	model_off	40.771	87.994	0.5081	CjpegliYcbcr	1.3
screen	archive__wayback-search__1440x900__dpr1.png	jpegli	420	90	model_auto	40.576	87.851	0.5293	CjpegliYcbcr	1.3
screen	archive__wayback-search__1440x900__dpr1.png	jpegli	420	93	identity_off	38.653	87.113	0.5990	CjpegliYcbcr	1.0
screen	archive__wayback-search__1440x900__dpr1.png	jpegli	420	93	identity_auto	38.648	87.106	0.5984	CjpegliYcbcr	1.0
screen	archive__wayback-search__1440x900__dpr1.png	jpegli	420	93	model_off	41.426	88.910	0.4328	CjpegliYcbcr	1.0
screen	archive__wayback-search__1440x900__dpr1.png	jpegli	420	93	model_auto	41.331	88.845	0.4538	CjpegliYcbcr	1.0
screen	archive__wayback-search__1440x900__dpr1.png	jpegli	420	96	identity_off	39.482	88.527	0.4934	CjpegliYcbcr	0.5
screen	archive__wayback-search__1440x900__dpr1.png	jpegli	420	96	identity_auto	39.482	88.527	0.4934	CjpegliYcbcr	0.5
screen	archive__wayback-search__1440x900__dpr1.png	jpegli	420	96	model_off	41.879	89.747	0.3793	CjpegliYcbcr	0.5
screen	archive__wayback-search__1440x900__dpr1.png	jpegli	420	96	model_auto	42.129	89.680	0.3821	CjpegliYcbcr	0.5
screen	archive__wayback-search__1440x900__dpr1.png	jpegli	444	85	identity_off	37.208	82.221	0.7876	CjpegliYcbcr	1.4
screen	archive__wayback-search__1440x900__dpr1.png	jpegli	444	85	identity_auto	37.277	82.455	0.7840	CjpegliYcbcr	1.4
screen	archive__wayback-search__1440x900__dpr1.png	jpegli	444	85	model_off	40.194	85.747	0.5437	CjpegliYcbcr	1.4
screen	archive__wayback-search__1440x900__dpr1.png	jpegli	444	85	model_auto	40.072	85.566	0.5592	CjpegliYcbcr	1.4
screen	archive__wayback-search__1440x900__dpr1.png	jpegli	444	90	identity_off	38.771	85.100	0.6219	CjpegliYcbcr	1.1
screen	archive__wayback-search__1440x900__dpr1.png	jpegli	444	90	identity_auto	38.837	85.129	0.6141	CjpegliYcbcr	1.1
screen	archive__wayback-search__1440x900__dpr1.png	jpegli	444	90	model_off	41.641	87.505	0.4384	CjpegliYcbcr	1.1
screen	archive__wayback-search__1440x900__dpr1.png	jpegli	444	90	model_auto	41.562	87.424	0.4482	CjpegliYcbcr	1.1
screen	archive__wayback-search__1440x900__dpr1.png	jpegli	444	93	identity_off	40.202	87.150	0.4818	CjpegliYcbcr	0.7
screen	archive__wayback-search__1440x900__dpr1.png	jpegli	444	93	identity_auto	40.276	87.238	0.4789	CjpegliYcbcr	0.7
screen	archive__wayback-search__1440x900__dpr1.png	jpegli	444	93	model_off	42.793	88.875	0.3451	CjpegliYcbcr	0.7
screen	archive__wayback-search__1440x900__dpr1.png	jpegli	444	93	model_auto	42.888	88.742	0.3578	CjpegliYcbcr	0.7
screen	archive__wayback-search__1440x900__dpr1.png	jpegli	444	96	identity_off	42.266	89.486	0.3423	CjpegliYcbcr	0.3
screen	archive__wayback-search__1440x900__dpr1.png	jpegli	444	96	identity_auto	42.266	89.486	0.3423	CjpegliYcbcr	0.3
screen	archive__wayback-search__1440x900__dpr1.png	jpegli	444	96	model_off	44.290	90.273	0.2649	CjpegliYcbcr	0.3
screen	archive__wayback-search__1440x900__dpr1.png	jpegli	444	96	model_auto	44.792	90.463	0.2669	CjpegliYcbcr	0.3
screen	archive__wayback-search__1440x900__dpr1.png	zenjpeg	420	85	identity_off	36.496	82.748	0.9504	CjpegliYcbcr	1.8
screen	archive__wayback-search__1440x900__dpr1.png	zenjpeg	420	85	identity_auto	36.591	83.144	0.9156	CjpegliYcbcr	1.8
screen	archive__wayback-search__1440x900__dpr1.png	zenjpeg	420	85	model_off	39.382	85.900	0.6892	CjpegliYcbcr	1.8
screen	archive__wayback-search__1440x900__dpr1.png	zenjpeg	420	85	model_auto	39.209	85.998	0.6883	CjpegliYcbcr	1.8
screen	archive__wayback-search__1440x900__dpr1.png	zenjpeg	420	90	identity_off	37.758	85.613	0.7732	CjpegliYcbcr	1.3
screen	archive__wayback-search__1440x900__dpr1.png	zenjpeg	420	90	identity_auto	37.774	85.689	0.7598	CjpegliYcbcr	1.3
screen	archive__wayback-search__1440x900__dpr1.png	zenjpeg	420	90	model_off	40.654	88.141	0.5662	CjpegliYcbcr	1.3
screen	archive__wayback-search__1440x900__dpr1.png	zenjpeg	420	90	model_auto	40.471	87.837	0.5785	CjpegliYcbcr	1.3
screen	archive__wayback-search__1440x900__dpr1.png	zenjpeg	420	93	identity_off	38.611	87.183	0.6643	CjpegliYcbcr	1.0
screen	archive__wayback-search__1440x900__dpr1.png	zenjpeg	420	93	identity_auto	38.612	87.338	0.6539	CjpegliYcbcr	1.0
screen	archive__wayback-search__1440x900__dpr1.png	zenjpeg	420	93	model_off	41.275	88.941	0.5060	CjpegliYcbcr	1.0
screen	archive__wayback-search__1440x900__dpr1.png	zenjpeg	420	93	model_auto	41.196	88.919	0.5180	CjpegliYcbcr	1.0
screen	archive__wayback-search__1440x900__dpr1.png	zenjpeg	420	96	identity_off	39.432	88.589	0.5707	CjpegliYcbcr	0.5
screen	archive__wayback-search__1440x900__dpr1.png	zenjpeg	420	96	identity_auto	39.432	88.589	0.5707	CjpegliYcbcr	0.5
screen	archive__wayback-search__1440x900__dpr1.png	zenjpeg	420	96	model_off	41.710	89.684	0.4681	CjpegliYcbcr	0.5
screen	archive__wayback-search__1440x900__dpr1.png	zenjpeg	420	96	model_auto	41.967	89.743	0.4707	CjpegliYcbcr	0.5
screen	archive__wayback-search__1440x900__dpr1.png	zenjpeg	444	85	identity_off	37.174	82.656	0.8510	CjpegliYcbcr	1.4
screen	archive__wayback-search__1440x900__dpr1.png	zenjpeg	444	85	identity_auto	37.247	82.812	0.8375	CjpegliYcbcr	1.4
screen	archive__wayback-search__1440x900__dpr1.png	zenjpeg	444	85	model_off	40.050	85.818	0.6153	CjpegliYcbcr	1.4
screen	archive__wayback-search__1440x900__dpr1.png	zenjpeg	444	85	model_auto	39.933	85.775	0.6213	CjpegliYcbcr	1.4
screen	archive__wayback-search__1440x900__dpr1.png	zenjpeg	444	90	identity_off	38.707	85.231	0.6818	CjpegliYcbcr	1.1
screen	archive__wayback-search__1440x900__dpr1.png	zenjpeg	444	90	identity_auto	38.780	85.364	0.6676	CjpegliYcbcr	1.1
screen	archive__wayback-search__1440x900__dpr1.png	zenjpeg	444	90	model_off	41.484	87.522	0.5071	CjpegliYcbcr	1.1
screen	archive__wayback-search__1440x900__dpr1.png	zenjpeg	444	90	model_auto	41.410	87.424	0.5107	CjpegliYcbcr	1.1
screen	archive__wayback-search__1440x900__dpr1.png	zenjpeg	444	93	identity_off	40.093	87.292	0.5601	CjpegliYcbcr	0.7
screen	archive__wayback-search__1440x900__dpr1.png	zenjpeg	444	93	identity_auto	40.162	87.304	0.5450	CjpegliYcbcr	0.7
screen	archive__wayback-search__1440x900__dpr1.png	zenjpeg	444	93	model_off	42.578	88.744	0.4332	CjpegliYcbcr	0.7
screen	archive__wayback-search__1440x900__dpr1.png	zenjpeg	444	93	model_auto	42.661	88.869	0.4294	CjpegliYcbcr	0.7
screen	archive__wayback-search__1440x900__dpr1.png	zenjpeg	444	96	identity_off	42.108	89.399	0.4349	CjpegliYcbcr	0.3
screen	archive__wayback-search__1440x900__dpr1.png	zenjpeg	444	96	identity_auto	42.108	89.399	0.4349	CjpegliYcbcr	0.3
screen	archive__wayback-search__1440x900__dpr1.png	zenjpeg	444	96	model_off	44.022	90.233	0.3709	CjpegliYcbcr	0.3
screen	archive__wayback-search__1440x900__dpr1.png	zenjpeg	444	96	model_auto	44.512	90.351	0.3612	CjpegliYcbcr	0.3
screen	archives__exhibits__1440x900__dpr1.png	turbo	420	85	identity_off	35.627	78.874	1.1350	ImageMagick	85.0
screen	archives__exhibits__1440x900__dpr1.png	turbo	420	85	identity_auto	35.587	78.958	1.1634	ImageMagick	85.0
screen	archives__exhibits__1440x900__dpr1.png	turbo	420	85	model_off	38.767	84.813	0.7895	ImageMagick	85.0
screen	archives__exhibits__1440x900__dpr1.png	turbo	420	85	model_auto	38.568	84.440	0.8356	ImageMagick	85.0
screen	archives__exhibits__1440x900__dpr1.png	turbo	420	90	identity_off	36.761	82.640	0.9593	ImageMagick	90.0
screen	archives__exhibits__1440x900__dpr1.png	turbo	420	90	identity_auto	36.705	82.365	0.9929	ImageMagick	90.0
screen	archives__exhibits__1440x900__dpr1.png	turbo	420	90	model_off	39.892	86.912	0.6777	ImageMagick	90.0
screen	archives__exhibits__1440x900__dpr1.png	turbo	420	90	model_auto	39.634	86.515	0.7280	ImageMagick	90.0
screen	archives__exhibits__1440x900__dpr1.png	turbo	420	93	identity_off	37.365	84.598	0.8836	ImageMagick	93.0
screen	archives__exhibits__1440x900__dpr1.png	turbo	420	93	identity_auto	37.306	84.344	0.9148	ImageMagick	93.0
screen	archives__exhibits__1440x900__dpr1.png	turbo	420	93	model_off	40.525	87.880	0.6340	ImageMagick	93.0
screen	archives__exhibits__1440x900__dpr1.png	turbo	420	93	model_auto	40.210	87.550	0.6825	ImageMagick	93.0
screen	archives__exhibits__1440x900__dpr1.png	turbo	420	96	identity_off	37.828	86.094	0.8289	ImageMagick	96.0
screen	archives__exhibits__1440x900__dpr1.png	turbo	420	96	identity_auto	37.828	86.094	0.8289	ImageMagick	96.0
screen	archives__exhibits__1440x900__dpr1.png	turbo	420	96	model_off	40.957	88.828	0.6054	ImageMagick	96.0
screen	archives__exhibits__1440x900__dpr1.png	turbo	420	96	model_auto	40.668	88.552	0.6261	ImageMagick	96.0
screen	archives__exhibits__1440x900__dpr1.png	turbo	444	85	identity_off	38.851	82.806	0.9322	ImageMagick	85.0
screen	archives__exhibits__1440x900__dpr1.png	turbo	444	85	identity_auto	38.838	82.710	0.9460	ImageMagick	85.0
screen	archives__exhibits__1440x900__dpr1.png	turbo	444	85	model_off	41.441	87.372	0.6329	ImageMagick	85.0
screen	archives__exhibits__1440x900__dpr1.png	turbo	444	85	model_auto	41.267	86.868	0.6606	ImageMagick	85.0
screen	archives__exhibits__1440x900__dpr1.png	turbo	444	90	identity_off	41.764	87.192	0.6656	ImageMagick	90.0
screen	archives__exhibits__1440x900__dpr1.png	turbo	444	90	identity_auto	41.675	86.821	0.6898	ImageMagick	90.0
screen	archives__exhibits__1440x900__dpr1.png	turbo	444	90	model_off	43.974	89.943	0.4542	ImageMagick	90.0
screen	archives__exhibits__1440x900__dpr1.png	turbo	444	90	model_auto	43.904	89.654	0.4839	ImageMagick	90.0
screen	archives__exhibits__1440x900__dpr1.png	turbo	444	93	identity_off	44.418	89.652	0.4940	ImageMagick	93.0
screen	archives__exhibits__1440x900__dpr1.png	turbo	444	93	identity_auto	44.266	89.429	0.5185	ImageMagick	93.0
screen	archives__exhibits__1440x900__dpr1.png	turbo	444	93	model_off	46.287	91.483	0.3398	ImageMagick	93.0
screen	archives__exhibits__1440x900__dpr1.png	turbo	444	93	model_auto	46.293	91.207	0.3690	ImageMagick	93.0
screen	archives__exhibits__1440x900__dpr1.png	turbo	444	96	identity_off	48.958	92.230	0.3026	ImageMagick	96.0
screen	archives__exhibits__1440x900__dpr1.png	turbo	444	96	identity_auto	48.958	92.230	0.3026	ImageMagick	96.0
screen	archives__exhibits__1440x900__dpr1.png	turbo	444	96	model_off	50.333	92.927	0.2126	ImageMagick	96.0
screen	archives__exhibits__1440x900__dpr1.png	turbo	444	96	model_auto	50.600	92.661	0.2146	ImageMagick	96.0
screen	archives__exhibits__1440x900__dpr1.png	mozjpeg	420	85	identity_off	32.560	76.717	1.5603	Mozjpeg	85.0
screen	archives__exhibits__1440x900__dpr1.png	mozjpeg	420	85	identity_auto	32.548	76.318	1.5972	Mozjpeg	85.0
screen	archives__exhibits__1440x900__dpr1.png	mozjpeg	420	85	model_off	35.460	82.047	1.1830	Mozjpeg	85.0
screen	archives__exhibits__1440x900__dpr1.png	mozjpeg	420	85	model_auto	35.378	81.550	1.2329	Mozjpeg	85.0
screen	archives__exhibits__1440x900__dpr1.png	mozjpeg	420	90	identity_off	34.089	79.516	1.2301	Mozjpeg	90.0
screen	archives__exhibits__1440x900__dpr1.png	mozjpeg	420	90	identity_auto	34.067	79.240	1.2572	Mozjpeg	90.0
screen	archives__exhibits__1440x900__dpr1.png	mozjpeg	420	90	model_off	36.994	84.071	0.9419	Mozjpeg	90.0
screen	archives__exhibits__1440x900__dpr1.png	mozjpeg	420	90	model_auto	36.898	83.653	0.9821	Mozjpeg	90.0
screen	archives__exhibits__1440x900__dpr1.png	mozjpeg	420	93	identity_off	35.347	81.620	1.0510	Mozjpeg	93.0
screen	archives__exhibits__1440x900__dpr1.png	mozjpeg	420	93	identity_auto	35.317	81.407	1.0781	Mozjpeg	93.0
screen	archives__exhibits__1440x900__dpr1.png	mozjpeg	420	93	model_off	38.284	85.666	0.7790	Mozjpeg	93.0
screen	archives__exhibits__1440x900__dpr1.png	mozjpeg	420	93	model_auto	38.158	85.174	0.8242	Mozjpeg	93.0
screen	archives__exhibits__1440x900__dpr1.png	mozjpeg	420	96	identity_off	36.728	84.144	0.9458	Mozjpeg	96.0
screen	archives__exhibits__1440x900__dpr1.png	mozjpeg	420	96	identity_auto	36.728	84.144	0.9458	Mozjpeg	96.0
screen	archives__exhibits__1440x900__dpr1.png	mozjpeg	420	96	model_off	39.709	87.277	0.6949	Mozjpeg	96.0
screen	archives__exhibits__1440x900__dpr1.png	mozjpeg	420	96	model_auto	39.566	87.049	0.7156	Mozjpeg	96.0
screen	archives__exhibits__1440x900__dpr1.png	mozjpeg	444	85	identity_off	34.331	80.688	1.4998	Mozjpeg	85.0
screen	archives__exhibits__1440x900__dpr1.png	mozjpeg	444	85	identity_auto	34.323	80.242	1.5339	Mozjpeg	85.0
screen	archives__exhibits__1440x900__dpr1.png	mozjpeg	444	85	model_off	36.851	84.535	1.1448	Mozjpeg	85.0
screen	archives__exhibits__1440x900__dpr1.png	mozjpeg	444	85	model_auto	36.776	84.029	1.1899	Mozjpeg	85.0
screen	archives__exhibits__1440x900__dpr1.png	mozjpeg	444	90	identity_off	36.780	84.245	1.1244	Mozjpeg	90.0
screen	archives__exhibits__1440x900__dpr1.png	mozjpeg	444	90	identity_auto	36.764	83.811	1.1458	Mozjpeg	90.0
screen	archives__exhibits__1440x900__dpr1.png	mozjpeg	444	90	model_off	39.110	87.071	0.8763	Mozjpeg	90.0
screen	archives__exhibits__1440x900__dpr1.png	mozjpeg	444	90	model_auto	39.075	86.653	0.9066	Mozjpeg	90.0
screen	archives__exhibits__1440x900__dpr1.png	mozjpeg	444	93	identity_off	39.463	87.000	0.8394	Mozjpeg	93.0
screen	archives__exhibits__1440x900__dpr1.png	mozjpeg	444	93	identity_auto	39.434	86.714	0.8549	Mozjpeg	93.0
screen	archives__exhibits__1440x900__dpr1.png	mozjpeg	444	93	model_off	41.543	88.937	0.6434	Mozjpeg	93.0
screen	archives__exhibits__1440x900__dpr1.png	mozjpeg	444	93	model_auto	41.529	88.754	0.6702	Mozjpeg	93.0
screen	archives__exhibits__1440x900__dpr1.png	mozjpeg	444	96	identity_off	44.341	90.401	0.4275	Mozjpeg	96.0
screen	archives__exhibits__1440x900__dpr1.png	mozjpeg	444	96	identity_auto	44.341	90.401	0.4275	Mozjpeg	96.0
screen	archives__exhibits__1440x900__dpr1.png	mozjpeg	444	96	model_off	45.779	91.364	0.3348	Mozjpeg	96.0
screen	archives__exhibits__1440x900__dpr1.png	mozjpeg	444	96	model_auto	45.973	91.544	0.3333	Mozjpeg	96.0
screen	archives__exhibits__1440x900__dpr1.png	jpegli	420	85	identity_off	35.165	79.469	1.1354	CjpegliYcbcr	1.8
screen	archives__exhibits__1440x900__dpr1.png	jpegli	420	85	identity_auto	35.180	79.671	1.1341	CjpegliYcbcr	1.8
screen	archives__exhibits__1440x900__dpr1.png	jpegli	420	85	model_off	38.088	84.378	0.8204	CjpegliYcbcr	1.8
screen	archives__exhibits__1440x900__dpr1.png	jpegli	420	85	model_auto	37.991	84.193	0.8398	CjpegliYcbcr	1.8
screen	archives__exhibits__1440x900__dpr1.png	jpegli	420	90	identity_off	36.150	82.274	1.0179	CjpegliYcbcr	1.3
screen	archives__exhibits__1440x900__dpr1.png	jpegli	420	90	identity_auto	36.098	82.101	1.0490	CjpegliYcbcr	1.3
screen	archives__exhibits__1440x900__dpr1.png	jpegli	420	90	model_off	39.121	86.101	0.7410	CjpegliYcbcr	1.3
screen	archives__exhibits__1440x900__dpr1.png	jpegli	420	90	model_auto	38.920	85.929	0.7874	CjpegliYcbcr	1.3
screen	archives__exhibits__1440x900__dpr1.png	jpegli	420	93	identity_off	36.727	83.850	0.9571	CjpegliYcbcr	1.0
screen	archives__exhibits__1440x900__dpr1.png	jpegli	420	93	identity_auto	36.674	83.738	0.9848	CjpegliYcbcr	1.0
screen	archives__exhibits__1440x900__dpr1.png	jpegli	420	93	model_off	39.734	87.136	0.7014	CjpegliYcbcr	1.0
screen	archives__exhibits__1440x900__dpr1.png	jpegli	420	93	model_auto	39.504	86.813	0.7445	CjpegliYcbcr	1.0
screen	archives__exhibits__1440x900__dpr1.png	jpegli	420	96	identity_off	37.189	84.988	0.9168	CjpegliYcbcr	0.5
screen	archives__exhibits__1440x900__dpr1.png	jpegli	420	96	identity_auto	37.189	84.988	0.9168	CjpegliYcbcr	0.5
screen	archives__exhibits__1440x900__dpr1.png	jpegli	420	96	model_off	40.237	87.967	0.6740	CjpegliYcbcr	0.5
screen	archives__exhibits__1440x900__dpr1.png	jpegli	420	96	model_auto	40.023	87.746	0.6940	CjpegliYcbcr	0.5
screen	archives__exhibits__1440x900__dpr1.png	jpegli	444	85	identity_off	37.949	84.884	0.7371	CjpegliYcbcr	1.4
screen	archives__exhibits__1440x900__dpr1.png	jpegli	444	85	identity_auto	37.903	84.547	0.7738	CjpegliYcbcr	1.4
screen	archives__exhibits__1440x900__dpr1.png	jpegli	444	85	model_off	40.743	88.160	0.5233	CjpegliYcbcr	1.4
screen	archives__exhibits__1440x900__dpr1.png	jpegli	444	85	model_auto	40.481	87.721	0.5700	CjpegliYcbcr	1.4
screen	archives__exhibits__1440x900__dpr1.png	jpegli	444	90	identity_off	39.854	87.830	0.5558	CjpegliYcbcr	1.1
screen	archives__exhibits__1440x900__dpr1.png	jpegli	444	90	identity_auto	39.799	87.546	0.5895	CjpegliYcbcr	1.1
screen	archives__exhibits__1440x900__dpr1.png	jpegli	444	90	model_off	42.509	89.966	0.3978	CjpegliYcbcr	1.1
screen	archives__exhibits__1440x900__dpr1.png	jpegli	444	90	model_auto	42.233	89.690	0.4403	CjpegliYcbcr	1.1
screen	archives__exhibits__1440x900__dpr1.png	jpegli	444	93	identity_off	41.480	89.683	0.4359	CjpegliYcbcr	0.7
screen	archives__exhibits__1440x900__dpr1.png	jpegli	444	93	identity_auto	41.415	89.380	0.4675	CjpegliYcbcr	0.7
screen	archives__exhibits__1440x900__dpr1.png	jpegli	444	93	model_off	43.905	91.154	0.3214	CjpegliYcbcr	0.7
screen	archives__exhibits__1440x900__dpr1.png	jpegli	444	93	model_auto	43.723	90.680	0.3590	CjpegliYcbcr	0.7
screen	archives__exhibits__1440x900__dpr1.png	jpegli	444	96	identity_off	43.867	91.404	0.3086	CjpegliYcbcr	0.3
screen	archives__exhibits__1440x900__dpr1.png	jpegli	444	96	identity_auto	43.867	91.404	0.3086	CjpegliYcbcr	0.3
screen	archives__exhibits__1440x900__dpr1.png	jpegli	444	96	model_off	45.846	92.076	0.2404	CjpegliYcbcr	0.3
screen	archives__exhibits__1440x900__dpr1.png	jpegli	444	96	model_auto	46.030	92.191	0.2424	CjpegliYcbcr	0.3
screen	archives__exhibits__1440x900__dpr1.png	zenjpeg	420	85	identity_off	35.583	81.977	1.0117	CjpegliYcbcr	1.8
screen	archives__exhibits__1440x900__dpr1.png	zenjpeg	420	85	identity_auto	35.591	82.070	1.0080	CjpegliYcbcr	1.8
screen	archives__exhibits__1440x900__dpr1.png	zenjpeg	420	85	model_off	38.283	85.330	0.7524	CjpegliYcbcr	1.8
screen	archives__exhibits__1440x900__dpr1.png	zenjpeg	420	85	model_auto	38.231	85.358	0.7632	CjpegliYcbcr	1.8
screen	archives__exhibits__1440x900__dpr1.png	zenjpeg	420	90	identity_off	36.426	83.501	0.9490	CjpegliYcbcr	1.3
screen	archives__exhibits__1440x900__dpr1.png	zenjpeg	420	90	identity_auto	36.388	83.366	0.9723	CjpegliYcbcr	1.3
screen	archives__exhibits__1440x900__dpr1.png	zenjpeg	420	90	model_off	39.252	86.509	0.7028	CjpegliYcbcr	1.3
screen	archives__exhibits__1440x900__dpr1.png	zenjpeg	420	90	model_auto	39.096	86.281	0.7407	CjpegliYcbcr	1.3
screen	archives__exhibits__1440x900__dpr1.png	zenjpeg	420	93	identity_off	36.888	84.429	0.9233	CjpegliYcbcr	1.0
screen	archives__exhibits__1440x900__dpr1.png	zenjpeg	420	93	identity_auto	36.849	84.205	0.9458	CjpegliYcbcr	1.0
screen	archives__exhibits__1440x900__dpr1.png	zenjpeg	420	93	model_off	39.805	87.229	0.6827	CjpegliYcbcr	1.0
screen	archives__exhibits__1440x900__dpr1.png	zenjpeg	420	93	model_auto	39.604	87.049	0.7205	CjpegliYcbcr	1.0
screen	archives__exhibits__1440x900__dpr1.png	zenjpeg	420	96	identity_off	37.267	85.158	0.9041	CjpegliYcbcr	0.5
screen	archives__exhibits__1440x900__dpr1.png	zenjpeg	420	96	identity_auto	37.267	85.158	0.9041	CjpegliYcbcr	0.5
screen	archives__exhibits__1440x900__dpr1.png	zenjpeg	420	96	model_off	40.266	87.995	0.6696	CjpegliYcbcr	0.5
screen	archives__exhibits__1440x900__dpr1.png	zenjpeg	420	96	model_auto	40.063	87.833	0.6884	CjpegliYcbcr	0.5
screen	archives__exhibits__1440x900__dpr1.png	zenjpeg	444	85	identity_off	38.518	87.015	0.5776	CjpegliYcbcr	1.4
screen	archives__exhibits__1440x900__dpr1.png	zenjpeg	444	85	identity_auto	38.498	86.667	0.6017	CjpegliYcbcr	1.4
screen	archives__exhibits__1440x900__dpr1.png	zenjpeg	444	85	model_off	41.071	89.008	0.4304	CjpegliYcbcr	1.4
screen	archives__exhibits__1440x900__dpr1.png	zenjpeg	444	85	model_auto	40.901	88.749	0.4615	CjpegliYcbcr	1.4
screen	archives__exhibits__1440x900__dpr1.png	zenjpeg	444	90	identity_off	40.256	88.916	0.4584	CjpegliYcbcr	1.1
screen	archives__exhibits__1440x900__dpr1.png	zenjpeg	444	90	identity_auto	40.230	88.602	0.4826	CjpegliYcbcr	1.1
screen	archives__exhibits__1440x900__dpr1.png	zenjpeg	444	90	model_off	42.722	90.245	0.3471	CjpegliYcbcr	1.1
screen	archives__exhibits__1440x900__dpr1.png	zenjpeg	444	90	model_auto	42.544	90.181	0.3767	CjpegliYcbcr	1.1
screen	archives__exhibits__1440x900__dpr1.png	zenjpeg	444	93	identity_off	41.783	90.239	0.3730	CjpegliYcbcr	0.7
screen	archives__exhibits__1440x900__dpr1.png	zenjpeg	444	93	identity_auto	41.753	89.952	0.3952	CjpegliYcbcr	0.7
screen	archives__exhibits__1440x900__dpr1.png	zenjpeg	444	93	model_off	44.054	91.110	0.2884	CjpegliYcbcr	0.7
screen	archives__exhibits__1440x900__dpr1.png	zenjpeg	444	93	model_auto	43.971	90.902	0.3137	CjpegliYcbcr	0.7
screen	archives__exhibits__1440x900__dpr1.png	zenjpeg	444	96	identity_off	44.008	91.424	0.2813	CjpegliYcbcr	0.3
screen	archives__exhibits__1440x900__dpr1.png	zenjpeg	444	96	identity_auto	44.008	91.424	0.2813	CjpegliYcbcr	0.3
screen	archives__exhibits__1440x900__dpr1.png	zenjpeg	444	96	model_off	45.911	92.160	0.2264	CjpegliYcbcr	0.3
screen	archives__exhibits__1440x900__dpr1.png	zenjpeg	444	96	model_auto	46.124	92.019	0.2285	CjpegliYcbcr	0.3
documents	office_census-acs-2024_questionnaire_p01_page1.png	turbo	420	85	identity_off	35.946	78.194	1.2284	ImageMagick	85.0
documents	office_census-acs-2024_questionnaire_p01_page1.png	turbo	420	85	identity_auto	36.026	78.614	1.2168	ImageMagick	85.0
documents	office_census-acs-2024_questionnaire_p01_page1.png	turbo	420	85	model_off	39.746	83.150	1.1691	ImageMagick	85.0
documents	office_census-acs-2024_questionnaire_p01_page1.png	turbo	420	85	model_auto	39.764	83.373	1.1640	ImageMagick	85.0
documents	office_census-acs-2024_questionnaire_p01_page1.png	turbo	420	90	identity_off	37.557	81.400	1.1859	ImageMagick	90.0
documents	office_census-acs-2024_questionnaire_p01_page1.png	turbo	420	90	identity_auto	37.570	81.360	1.1827	ImageMagick	90.0
documents	office_census-acs-2024_questionnaire_p01_page1.png	turbo	420	90	model_off	41.416	84.956	1.1640	ImageMagick	90.0
documents	office_census-acs-2024_questionnaire_p01_page1.png	turbo	420	90	model_auto	41.278	84.953	1.1605	ImageMagick	90.0
documents	office_census-acs-2024_questionnaire_p01_page1.png	turbo	420	93	identity_off	38.558	84.063	1.1738	ImageMagick	93.0
documents	office_census-acs-2024_questionnaire_p01_page1.png	turbo	420	93	identity_auto	38.549	84.149	1.1709	ImageMagick	93.0
documents	office_census-acs-2024_questionnaire_p01_page1.png	turbo	420	93	model_off	42.565	86.835	1.1615	ImageMagick	93.0
documents	office_census-acs-2024_questionnaire_p01_page1.png	turbo	420	93	model_auto	42.352	86.769	1.1581	ImageMagick	93.0
documents	office_census-acs-2024_questionnaire_p01_page1.png	turbo	420	96	identity_off	39.766	87.362	1.1651	ImageMagick	96.0
documents	office_census-acs-2024_questionnaire_p01_page1.png	turbo	420	96	identity_auto	39.766	87.362	1.1651	ImageMagick	96.0
documents	office_census-acs-2024_questionnaire_p01_page1.png	turbo	420	96	model_off	43.810	88.919	1.1596	ImageMagick	96.0
documents	office_census-acs-2024_questionnaire_p01_page1.png	turbo	420	96	model_auto	43.596	89.143	1.1584	ImageMagick	96.0
documents	office_census-acs-2024_questionnaire_p01_page1.png	turbo	444	85	identity_off	38.152	82.771	1.2086	ImageMagick	85.0
documents	office_census-acs-2024_questionnaire_p01_page1.png	turbo	444	85	identity_auto	38.417	83.010	1.1972	ImageMagick	85.0
documents	office_census-acs-2024_questionnaire_p01_page1.png	turbo	444	85	model_off	41.034	86.723	1.1689	ImageMagick	85.0
documents	office_census-acs-2024_questionnaire_p01_page1.png	turbo	444	85	model_auto	41.126	86.754	1.1630	ImageMagick	85.0
documents	office_census-acs-2024_questionnaire_p01_page1.png	turbo	444	90	identity_off	40.476	85.563	1.1763	ImageMagick	90.0
documents	office_census-acs-2024_questionnaire_p01_page1.png	turbo	444	90	identity_auto	40.577	85.511	1.1720	ImageMagick	90.0
documents	office_census-acs-2024_questionnaire_p01_page1.png	turbo	444	90	model_off	42.949	88.407	1.1641	ImageMagick	90.0
documents	office_census-acs-2024_questionnaire_p01_page1.png	turbo	444	90	model_auto	42.804	88.408	1.1600	ImageMagick	90.0
documents	office_census-acs-2024_questionnaire_p01_page1.png	turbo	444	93	identity_off	42.391	87.796	1.1676	ImageMagick	93.0
documents	office_census-acs-2024_questionnaire_p01_page1.png	turbo	444	93	identity_auto	42.496	87.870	1.1642	ImageMagick	93.0
documents	office_census-acs-2024_questionnaire_p01_page1.png	turbo	444	93	model_off	44.537	89.694	1.1616	ImageMagick	93.0
documents	office_census-acs-2024_questionnaire_p01_page1.png	turbo	444	93	model_auto	44.440	89.755	1.1577	ImageMagick	93.0
documents	office_census-acs-2024_questionnaire_p01_page1.png	turbo	444	96	identity_off	45.550	90.532	1.1611	ImageMagick	96.0
documents	office_census-acs-2024_questionnaire_p01_page1.png	turbo	444	96	identity_auto	45.550	90.532	1.1611	ImageMagick	96.0
documents	office_census-acs-2024_questionnaire_p01_page1.png	turbo	444	96	model_off	46.785	91.218	1.1582	ImageMagick	96.0
documents	office_census-acs-2024_questionnaire_p01_page1.png	turbo	444	96	model_auto	46.490	91.437	1.1569	ImageMagick	96.0
documents	office_census-acs-2024_questionnaire_p01_page1.png	mozjpeg	420	85	identity_off	34.144	78.302	1.2392	Mozjpeg	85.0
documents	office_census-acs-2024_questionnaire_p01_page1.png	mozjpeg	420	85	identity_auto	34.212	78.665	1.2284	Mozjpeg	85.0
documents	office_census-acs-2024_questionnaire_p01_page1.png	mozjpeg	420	85	model_off	38.406	82.744	1.1716	Mozjpeg	85.0
documents	office_census-acs-2024_questionnaire_p01_page1.png	mozjpeg	420	85	model_auto	38.375	82.869	1.1676	Mozjpeg	85.0
documents	office_census-acs-2024_questionnaire_p01_page1.png	mozjpeg	420	90	identity_off	35.475	80.484	1.1948	Mozjpeg	90.0
documents	office_census-acs-2024_questionnaire_p01_page1.png	mozjpeg	420	90	identity_auto	35.495	80.471	1.1920	Mozjpeg	90.0
documents	office_census-acs-2024_questionnaire_p01_page1.png	mozjpeg	420	90	model_off	39.652	84.101	1.1659	Mozjpeg	90.0
documents	office_census-acs-2024_questionnaire_p01_page1.png	mozjpeg	420	90	model_auto	39.580	84.098	1.1627	Mozjpeg	90.0
documents	office_census-acs-2024_questionnaire_p01_page1.png	mozjpeg	420	93	identity_off	36.695	82.422	1.1795	Mozjpeg	93.0
documents	office_census-acs-2024_questionnaire_p01_page1.png	mozjpeg	420	93	identity_auto	36.705	82.465	1.1769	Mozjpeg	93.0
documents	office_census-acs-2024_questionnaire_p01_page1.png	mozjpeg	420	93	model_off	40.683	85.473	1.1630	Mozjpeg	93.0
documents	office_census-acs-2024_questionnaire_p01_page1.png	mozjpeg	420	93	model_auto	40.528	85.562	1.1602	Mozjpeg	93.0
documents	office_census-acs-2024_questionnaire_p01_page1.png	mozjpeg	420	96	identity_off	38.183	84.707	1.1691	Mozjpeg	96.0
documents	office_census-acs-2024_questionnaire_p01_page1.png	mozjpeg	420	96	identity_auto	38.183	84.707	1.1691	Mozjpeg	96.0
documents	office_census-acs-2024_questionnaire_p01_page1.png	mozjpeg	420	96	model_off	42.076	87.058	1.1607	Mozjpeg	96.0
documents	office_census-acs-2024_questionnaire_p01_page1.png	mozjpeg	420	96	model_auto	41.877	87.262	1.1596	Mozjpeg	96.0
documents	office_census-acs-2024_questionnaire_p01_page1.png	mozjpeg	444	85	identity_off	35.806	82.171	1.2175	Mozjpeg	85.0
documents	office_census-acs-2024_questionnaire_p01_page1.png	mozjpeg	444	85	identity_auto	35.975	82.352	1.2085	Mozjpeg	85.0
documents	office_census-acs-2024_questionnaire_p01_page1.png	mozjpeg	444	85	model_off	38.903	85.406	1.1711	Mozjpeg	85.0
documents	office_census-acs-2024_questionnaire_p01_page1.png	mozjpeg	444	85	model_auto	38.905	85.420	1.1668	Mozjpeg	85.0
documents	office_census-acs-2024_questionnaire_p01_page1.png	mozjpeg	444	90	identity_off	37.493	84.237	1.1828	Mozjpeg	90.0
documents	office_census-acs-2024_questionnaire_p01_page1.png	mozjpeg	444	90	identity_auto	37.561	84.247	1.1786	Mozjpeg	90.0
documents	office_census-acs-2024_questionnaire_p01_page1.png	mozjpeg	444	90	model_off	40.340	86.753	1.1657	Mozjpeg	90.0
documents	office_census-acs-2024_questionnaire_p01_page1.png	mozjpeg	444	90	model_auto	40.291	86.837	1.1610	Mozjpeg	90.0
documents	office_census-acs-2024_questionnaire_p01_page1.png	mozjpeg	444	93	identity_off	39.338	85.780	1.1701	Mozjpeg	93.0
documents	office_census-acs-2024_questionnaire_p01_page1.png	mozjpeg	444	93	identity_auto	39.404	85.771	1.1667	Mozjpeg	93.0
documents	office_census-acs-2024_questionnaire_p01_page1.png	mozjpeg	444	93	model_off	41.918	87.902	1.1622	Mozjpeg	93.0
documents	office_census-acs-2024_questionnaire_p01_page1.png	mozjpeg	444	93	model_auto	41.822	88.119	1.1580	Mozjpeg	93.0
documents	office_census-acs-2024_questionnaire_p01_page1.png	mozjpeg	444	96	identity_off	42.310	88.210	1.1636	Mozjpeg	96.0
documents	office_census-acs-2024_questionnaire_p01_page1.png	mozjpeg	444	96	identity_auto	42.310	88.210	1.1636	Mozjpeg	96.0
documents	office_census-acs-2024_questionnaire_p01_page1.png	mozjpeg	444	96	model_off	44.359	89.808	1.1601	Mozjpeg	96.0
documents	office_census-acs-2024_questionnaire_p01_page1.png	mozjpeg	444	96	model_auto	44.180	89.830	1.1586	Mozjpeg	96.0
documents	office_census-acs-2024_questionnaire_p01_page1.png	jpegli	420	85	identity_off	35.995	78.703	0.9085	CjpegliYcbcr	1.8
documents	office_census-acs-2024_questionnaire_p01_page1.png	jpegli	420	85	identity_auto	36.051	79.053	0.8836	CjpegliYcbcr	1.8
documents	office_census-acs-2024_questionnaire_p01_page1.png	jpegli	420	85	model_off	39.549	82.521	0.7467	CjpegliYcbcr	1.8
documents	office_census-acs-2024_questionnaire_p01_page1.png	jpegli	420	85	model_auto	39.499	82.508	0.7689	CjpegliYcbcr	1.8
documents	office_census-acs-2024_questionnaire_p01_page1.png	jpegli	420	90	identity_off	37.408	81.546	1.1660	CjpegliYcbcr	1.3
documents	office_census-acs-2024_questionnaire_p01_page1.png	jpegli	420	90	identity_auto	37.418	81.482	1.1666	CjpegliYcbcr	1.3
documents	office_census-acs-2024_questionnaire_p01_page1.png	jpegli	420	90	model_off	41.161	84.213	1.1519	CjpegliYcbcr	1.3
documents	office_census-acs-2024_questionnaire_p01_page1.png	jpegli	420	90	model_auto	40.955	84.243	1.1487	CjpegliYcbcr	1.3
documents	office_census-acs-2024_questionnaire_p01_page1.png	jpegli	420	93	identity_off	38.310	84.992	0.7337	CjpegliYcbcr	1.0
documents	office_census-acs-2024_questionnaire_p01_page1.png	jpegli	420	93	identity_auto	38.302	84.977	0.7474	CjpegliYcbcr	1.0
documents	office_census-acs-2024_questionnaire_p01_page1.png	jpegli	420	93	model_off	42.063	86.564	0.7190	CjpegliYcbcr	1.0
documents	office_census-acs-2024_questionnaire_p01_page1.png	jpegli	420	93	model_auto	41.808	86.229	0.7496	CjpegliYcbcr	1.0
documents	office_census-acs-2024_questionnaire_p01_page1.png	jpegli	420	96	identity_off	39.176	86.605	0.7109	CjpegliYcbcr	0.5
documents	office_census-acs-2024_questionnaire_p01_page1.png	jpegli	420	96	identity_auto	39.176	86.605	0.7109	CjpegliYcbcr	0.5
documents	office_census-acs-2024_questionnaire_p01_page1.png	jpegli	420	96	model_off	42.872	87.710	0.7162	CjpegliYcbcr	0.5
documents	office_census-acs-2024_questionnaire_p01_page1.png	jpegli	420	96	model_auto	42.701	87.443	0.7456	CjpegliYcbcr	0.5
documents	office_census-acs-2024_questionnaire_p01_page1.png	jpegli	444	85	identity_off	37.766	80.968	0.7813	CjpegliYcbcr	1.4
documents	office_census-acs-2024_questionnaire_p01_page1.png	jpegli	444	85	identity_auto	37.867	80.974	0.7786	CjpegliYcbcr	1.4
documents	office_census-acs-2024_questionnaire_p01_page1.png	jpegli	444	85	model_off	40.762	83.612	0.7277	CjpegliYcbcr	1.4
documents	office_census-acs-2024_questionnaire_p01_page1.png	jpegli	444	85	model_auto	40.737	83.223	0.7574	CjpegliYcbcr	1.4
documents	office_census-acs-2024_questionnaire_p01_page1.png	jpegli	444	90	identity_off	39.539	82.599	1.1600	CjpegliYcbcr	1.1
documents	office_census-acs-2024_questionnaire_p01_page1.png	jpegli	444	90	identity_auto	39.644	82.601	1.1585	CjpegliYcbcr	1.1
documents	office_census-acs-2024_questionnaire_p01_page1.png	jpegli	444	90	model_off	42.353	84.602	1.1541	CjpegliYcbcr	1.1
documents	office_census-acs-2024_questionnaire_p01_page1.png	jpegli	444	90	model_auto	42.344	84.545	1.1518	CjpegliYcbcr	1.1
documents	office_census-acs-2024_questionnaire_p01_page1.png	jpegli	444	93	identity_off	41.013	85.765	0.6799	CjpegliYcbcr	0.7
documents	office_census-acs-2024_questionnaire_p01_page1.png	jpegli	444	93	identity_auto	41.124	85.782	0.6812	CjpegliYcbcr	0.7
documents	office_census-acs-2024_questionnaire_p01_page1.png	jpegli	444	93	model_off	43.231	87.203	0.7218	CjpegliYcbcr	0.7
documents	office_census-acs-2024_questionnaire_p01_page1.png	jpegli	444	93	model_auto	43.359	87.222	0.7482	CjpegliYcbcr	0.7
documents	office_census-acs-2024_questionnaire_p01_page1.png	jpegli	444	96	identity_off	43.489	89.040	0.6809	CjpegliYcbcr	0.3
documents	office_census-acs-2024_questionnaire_p01_page1.png	jpegli	444	96	identity_auto	43.489	89.040	0.6809	CjpegliYcbcr	0.3
documents	office_census-acs-2024_questionnaire_p01_page1.png	jpegli	444	96	model_off	44.966	89.322	0.7134	CjpegliYcbcr	0.3
documents	office_census-acs-2024_questionnaire_p01_page1.png	jpegli	444	96	model_auto	45.072	88.994	0.7424	CjpegliYcbcr	0.3
documents	office_census-acs-2024_questionnaire_p01_page1.png	zenjpeg	420	85	identity_off	35.919	79.091	1.1925	CjpegliYcbcr	1.8
documents	office_census-acs-2024_questionnaire_p01_page1.png	zenjpeg	420	85	identity_auto	35.974	79.504	1.1846	CjpegliYcbcr	1.8
documents	office_census-acs-2024_questionnaire_p01_page1.png	zenjpeg	420	85	model_off	39.436	82.498	1.1628	CjpegliYcbcr	1.8
documents	office_census-acs-2024_questionnaire_p01_page1.png	zenjpeg	420	85	model_auto	39.372	82.496	1.1600	CjpegliYcbcr	1.8
documents	office_census-acs-2024_questionnaire_p01_page1.png	zenjpeg	420	90	identity_off	37.285	81.943	1.1712	CjpegliYcbcr	1.3
documents	office_census-acs-2024_questionnaire_p01_page1.png	zenjpeg	420	90	identity_auto	37.294	82.028	1.1695	CjpegliYcbcr	1.3
documents	office_census-acs-2024_questionnaire_p01_page1.png	zenjpeg	420	90	model_off	40.875	84.495	1.1591	CjpegliYcbcr	1.3
documents	office_census-acs-2024_questionnaire_p01_page1.png	zenjpeg	420	90	model_auto	40.696	84.539	1.1561	CjpegliYcbcr	1.3
documents	office_census-acs-2024_questionnaire_p01_page1.png	zenjpeg	420	93	identity_off	38.207	84.367	1.1653	CjpegliYcbcr	1.0
documents	office_census-acs-2024_questionnaire_p01_page1.png	zenjpeg	420	93	identity_auto	38.199	84.378	1.1637	CjpegliYcbcr	1.0
documents	office_census-acs-2024_questionnaire_p01_page1.png	zenjpeg	420	93	model_off	41.921	86.280	1.1582	CjpegliYcbcr	1.0
documents	office_census-acs-2024_questionnaire_p01_page1.png	zenjpeg	420	93	model_auto	41.671	86.239	1.1551	CjpegliYcbcr	1.0
documents	office_census-acs-2024_questionnaire_p01_page1.png	zenjpeg	420	96	identity_off	39.087	86.302	1.1625	CjpegliYcbcr	0.5
documents	office_census-acs-2024_questionnaire_p01_page1.png	zenjpeg	420	96	identity_auto	39.087	86.302	1.1625	CjpegliYcbcr	0.5
documents	office_census-acs-2024_questionnaire_p01_page1.png	zenjpeg	420	96	model_off	42.820	87.752	1.1573	CjpegliYcbcr	0.5
documents	office_census-acs-2024_questionnaire_p01_page1.png	zenjpeg	420	96	model_auto	42.656	87.830	1.1563	CjpegliYcbcr	0.5
documents	office_census-acs-2024_questionnaire_p01_page1.png	zenjpeg	444	85	identity_off	37.639	80.851	1.1756	CjpegliYcbcr	1.4
documents	office_census-acs-2024_questionnaire_p01_page1.png	zenjpeg	444	85	identity_auto	37.739	80.884	1.1716	CjpegliYcbcr	1.4
documents	office_census-acs-2024_questionnaire_p01_page1.png	zenjpeg	444	85	model_off	40.682	83.498	1.1631	CjpegliYcbcr	1.4
documents	office_census-acs-2024_questionnaire_p01_page1.png	zenjpeg	444	85	model_auto	40.670	83.412	1.1590	CjpegliYcbcr	1.4
documents	office_census-acs-2024_questionnaire_p01_page1.png	zenjpeg	444	90	identity_off	39.364	83.599	1.1656	CjpegliYcbcr	1.1
documents	office_census-acs-2024_questionnaire_p01_page1.png	zenjpeg	444	90	identity_auto	39.467	83.583	1.1628	CjpegliYcbcr	1.1
documents	office_census-acs-2024_questionnaire_p01_page1.png	zenjpeg	444	90	model_off	42.114	85.363	1.1603	CjpegliYcbcr	1.1
documents	office_census-acs-2024_questionnaire_p01_page1.png	zenjpeg	444	90	model_auto	42.145	85.444	1.1568	CjpegliYcbcr	1.1
documents	office_census-acs-2024_questionnaire_p01_page1.png	zenjpeg	444	93	identity_off	41.025	85.424	1.1612	CjpegliYcbcr	0.7
documents	office_census-acs-2024_questionnaire_p01_page1.png	zenjpeg	444	93	identity_auto	41.129	85.428	1.1589	CjpegliYcbcr	0.7
documents	office_census-acs-2024_questionnaire_p01_page1.png	zenjpeg	444	93	model_off	43.358	86.623	1.1582	CjpegliYcbcr	0.7
documents	office_census-acs-2024_questionnaire_p01_page1.png	zenjpeg	444	93	model_auto	43.510	86.732	1.1547	CjpegliYcbcr	0.7
documents	office_census-acs-2024_questionnaire_p01_page1.png	zenjpeg	444	96	identity_off	43.318	88.409	1.1595	CjpegliYcbcr	0.3
documents	office_census-acs-2024_questionnaire_p01_page1.png	zenjpeg	444	96	identity_auto	43.318	88.409	1.1595	CjpegliYcbcr	0.3
documents	office_census-acs-2024_questionnaire_p01_page1.png	zenjpeg	444	96	model_off	45.056	88.998	1.1573	CjpegliYcbcr	0.3
documents	office_census-acs-2024_questionnaire_p01_page1.png	zenjpeg	444	96	model_auto	45.215	89.241	1.1558	CjpegliYcbcr	0.3
documents	office_fec-form3_campaign-finance_p01_page1.png	turbo	420	85	identity_off	44.583	86.061	0.6462	ImageMagick	85.0
documents	office_fec-form3_campaign-finance_p01_page1.png	turbo	420	85	identity_auto	44.531	86.128	0.6499	ImageMagick	85.0
documents	office_fec-form3_campaign-finance_p01_page1.png	turbo	420	85	model_off	47.305	88.967	0.4278	ImageMagick	85.0
documents	office_fec-form3_campaign-finance_p01_page1.png	turbo	420	85	model_auto	46.995	88.770	0.4424	ImageMagick	85.0
documents	office_fec-form3_campaign-finance_p01_page1.png	turbo	420	90	identity_off	47.498	89.380	0.4765	ImageMagick	90.0
documents	office_fec-form3_campaign-finance_p01_page1.png	turbo	420	90	identity_auto	47.367	89.249	0.4905	ImageMagick	90.0
documents	office_fec-form3_campaign-finance_p01_page1.png	turbo	420	90	model_off	49.808	91.298	0.3439	ImageMagick	90.0
documents	office_fec-form3_campaign-finance_p01_page1.png	turbo	420	90	model_auto	49.509	91.107	0.3868	ImageMagick	90.0
documents	office_fec-form3_campaign-finance_p01_page1.png	turbo	420	93	identity_off	50.068	90.767	0.3644	ImageMagick	93.0
documents	office_fec-form3_campaign-finance_p01_page1.png	turbo	420	93	identity_auto	49.836	90.646	0.3794	ImageMagick	93.0
documents	office_fec-form3_campaign-finance_p01_page1.png	turbo	420	93	model_off	51.994	91.825	0.2457	ImageMagick	93.0
documents	office_fec-form3_campaign-finance_p01_page1.png	turbo	420	93	model_auto	51.558	91.689	0.2666	ImageMagick	93.0
documents	office_fec-form3_campaign-finance_p01_page1.png	turbo	420	96	identity_off	53.567	92.311	0.2290	ImageMagick	96.0
documents	office_fec-form3_campaign-finance_p01_page1.png	turbo	420	96	identity_auto	53.567	92.311	0.2290	ImageMagick	96.0
documents	office_fec-form3_campaign-finance_p01_page1.png	turbo	420	96	model_off	54.664	92.729	0.1669	ImageMagick	96.0
documents	office_fec-form3_campaign-finance_p01_page1.png	turbo	420	96	model_auto	54.637	92.837	0.2238	ImageMagick	96.0
documents	office_fec-form3_campaign-finance_p01_page1.png	turbo	444	85	identity_off	44.580	86.599	0.6419	ImageMagick	85.0
documents	office_fec-form3_campaign-finance_p01_page1.png	turbo	444	85	identity_auto	44.525	86.681	0.6454	ImageMagick	85.0
documents	office_fec-form3_campaign-finance_p01_page1.png	turbo	444	85	model_off	47.327	89.521	0.4260	ImageMagick	85.0
documents	office_fec-form3_campaign-finance_p01_page1.png	turbo	444	85	model_auto	46.998	89.216	0.4428	ImageMagick	85.0
documents	office_fec-form3_campaign-finance_p01_page1.png	turbo	444	90	identity_off	47.570	89.699	0.4747	ImageMagick	90.0
documents	office_fec-form3_campaign-finance_p01_page1.png	turbo	444	90	identity_auto	47.430	89.646	0.4888	ImageMagick	90.0
documents	office_fec-form3_campaign-finance_p01_page1.png	turbo	444	90	model_off	49.922	91.553	0.3255	ImageMagick	90.0
documents	office_fec-form3_campaign-finance_p01_page1.png	turbo	444	90	model_auto	49.601	91.399	0.3770	ImageMagick	90.0
documents	office_fec-form3_campaign-finance_p01_page1.png	turbo	444	93	identity_off	50.146	91.476	0.3601	ImageMagick	93.0
documents	office_fec-form3_campaign-finance_p01_page1.png	turbo	444	93	identity_auto	49.903	91.271	0.3728	ImageMagick	93.0
documents	office_fec-form3_campaign-finance_p01_page1.png	turbo	444	93	model_off	52.134	92.546	0.2390	ImageMagick	93.0
documents	office_fec-form3_campaign-finance_p01_page1.png	turbo	444	93	model_auto	51.652	92.337	0.2569	ImageMagick	93.0
documents	office_fec-form3_campaign-finance_p01_page1.png	turbo	444	96	identity_off	53.944	92.991	0.2269	ImageMagick	96.0
documents	office_fec-form3_campaign-finance_p01_page1.png	turbo	444	96	identity_auto	53.944	92.991	0.2269	ImageMagick	96.0
documents	office_fec-form3_campaign-finance_p01_page1.png	turbo	444	96	model_off	55.147	93.276	0.1567	ImageMagick	96.0
documents	office_fec-form3_campaign-finance_p01_page1.png	turbo	444	96	model_auto	55.057	93.301	0.2125	ImageMagick	96.0
documents	office_fec-form3_campaign-finance_p01_page1.png	mozjpeg	420	85	identity_off	38.740	84.634	0.6967	Mozjpeg	85.0
documents	office_fec-form3_campaign-finance_p01_page1.png	mozjpeg	420	85	identity_auto	38.785	84.636	0.7163	Mozjpeg	85.0
documents	office_fec-form3_campaign-finance_p01_page1.png	mozjpeg	420	85	model_off	41.905	87.347	0.5521	Mozjpeg	85.0
documents	office_fec-form3_campaign-finance_p01_page1.png	mozjpeg	420	85	model_auto	41.854	87.049	0.5812	Mozjpeg	85.0
documents	office_fec-form3_campaign-finance_p01_page1.png	mozjpeg	420	90	identity_off	40.849	86.855	0.5905	Mozjpeg	90.0
documents	office_fec-form3_campaign-finance_p01_page1.png	mozjpeg	420	90	identity_auto	40.856	86.667	0.6041	Mozjpeg	90.0
documents	office_fec-form3_campaign-finance_p01_page1.png	mozjpeg	420	90	model_off	43.835	89.089	0.4472	Mozjpeg	90.0
documents	office_fec-form3_campaign-finance_p01_page1.png	mozjpeg	420	90	model_auto	43.761	88.908	0.4759	Mozjpeg	90.0
documents	office_fec-form3_campaign-finance_p01_page1.png	mozjpeg	420	93	identity_off	43.500	88.416	0.4800	Mozjpeg	93.0
documents	office_fec-form3_campaign-finance_p01_page1.png	mozjpeg	420	93	identity_auto	43.486	88.263	0.4962	Mozjpeg	93.0
documents	office_fec-form3_campaign-finance_p01_page1.png	mozjpeg	420	93	model_off	46.157	90.001	0.3966	Mozjpeg	93.0
documents	office_fec-form3_campaign-finance_p01_page1.png	mozjpeg	420	93	model_auto	46.060	89.968	0.4293	Mozjpeg	93.0
documents	office_fec-form3_campaign-finance_p01_page1.png	mozjpeg	420	96	identity_off	46.910	90.482	0.3439	Mozjpeg	96.0
documents	office_fec-form3_campaign-finance_p01_page1.png	mozjpeg	420	96	identity_auto	46.910	90.482	0.3439	Mozjpeg	96.0
documents	office_fec-form3_campaign-finance_p01_page1.png	mozjpeg	420	96	model_off	49.157	91.620	0.2844	Mozjpeg	96.0
documents	office_fec-form3_campaign-finance_p01_page1.png	mozjpeg	420	96	model_auto	49.080	91.471	0.2916	Mozjpeg	96.0
documents	office_fec-form3_campaign-finance_p01_page1.png	mozjpeg	444	85	identity_off	38.750	85.019	0.6936	Mozjpeg	85.0
documents	office_fec-form3_campaign-finance_p01_page1.png	mozjpeg	444	85	identity_auto	38.796	84.984	0.7151	Mozjpeg	85.0
documents	office_fec-form3_campaign-finance_p01_page1.png	mozjpeg	444	85	model_off	41.894	87.682	0.5472	Mozjpeg	85.0
documents	office_fec-form3_campaign-finance_p01_page1.png	mozjpeg	444	85	model_auto	41.836	87.409	0.5781	Mozjpeg	85.0
documents	office_fec-form3_campaign-finance_p01_page1.png	mozjpeg	444	90	identity_off	40.868	87.391	0.5914	Mozjpeg	90.0
documents	office_fec-form3_campaign-finance_p01_page1.png	mozjpeg	444	90	identity_auto	40.872	87.213	0.6059	Mozjpeg	90.0
documents	office_fec-form3_campaign-finance_p01_page1.png	mozjpeg	444	90	model_off	43.861	89.499	0.4484	Mozjpeg	90.0
documents	office_fec-form3_campaign-finance_p01_page1.png	mozjpeg	444	90	model_auto	43.770	89.348	0.4789	Mozjpeg	90.0
documents	office_fec-form3_campaign-finance_p01_page1.png	mozjpeg	444	93	identity_off	43.528	88.905	0.4739	Mozjpeg	93.0
documents	office_fec-form3_campaign-finance_p01_page1.png	mozjpeg	444	93	identity_auto	43.519	88.886	0.4886	Mozjpeg	93.0
documents	office_fec-form3_campaign-finance_p01_page1.png	mozjpeg	444	93	model_off	46.211	90.453	0.3892	Mozjpeg	93.0
documents	office_fec-form3_campaign-finance_p01_page1.png	mozjpeg	444	93	model_auto	46.119	90.482	0.4181	Mozjpeg	93.0
documents	office_fec-form3_campaign-finance_p01_page1.png	mozjpeg	444	96	identity_off	47.000	90.809	0.3386	Mozjpeg	96.0
documents	office_fec-form3_campaign-finance_p01_page1.png	mozjpeg	444	96	identity_auto	47.000	90.809	0.3386	Mozjpeg	96.0
documents	office_fec-form3_campaign-finance_p01_page1.png	mozjpeg	444	96	model_off	49.306	91.878	0.2760	Mozjpeg	96.0
documents	office_fec-form3_campaign-finance_p01_page1.png	mozjpeg	444	96	model_auto	49.218	91.819	0.2843	Mozjpeg	96.0
documents	office_fec-form3_campaign-finance_p01_page1.png	jpegli	420	85	identity_off	44.805	87.259	0.5717	CjpegliYcbcr	1.8
documents	office_fec-form3_campaign-finance_p01_page1.png	jpegli	420	85	identity_auto	44.882	87.431	0.5640	CjpegliYcbcr	1.8
documents	office_fec-form3_campaign-finance_p01_page1.png	jpegli	420	85	model_off	47.275	89.364	0.4133	CjpegliYcbcr	1.8
documents	office_fec-form3_campaign-finance_p01_page1.png	jpegli	420	85	model_auto	47.082	89.319	0.4247	CjpegliYcbcr	1.8
documents	office_fec-form3_campaign-finance_p01_page1.png	jpegli	420	90	identity_off	47.758	89.889	0.3914	CjpegliYcbcr	1.3
documents	office_fec-form3_campaign-finance_p01_page1.png	jpegli	420	90	identity_auto	47.633	89.791	0.4103	CjpegliYcbcr	1.3
documents	office_fec-form3_campaign-finance_p01_page1.png	jpegli	420	90	model_off	49.775	91.186	0.2961	CjpegliYcbcr	1.3
documents	office_fec-form3_campaign-finance_p01_page1.png	jpegli	420	90	model_auto	49.494	91.083	0.3292	CjpegliYcbcr	1.3
documents	office_fec-form3_campaign-finance_p01_page1.png	jpegli	420	93	identity_off	50.429	90.815	0.3131	CjpegliYcbcr	1.0
documents	office_fec-form3_campaign-finance_p01_page1.png	jpegli	420	93	identity_auto	50.185	90.669	0.3378	CjpegliYcbcr	1.0
documents	office_fec-form3_campaign-finance_p01_page1.png	jpegli	420	93	model_off	52.033	91.446	0.2398	CjpegliYcbcr	1.0
documents	office_fec-form3_campaign-finance_p01_page1.png	jpegli	420	93	model_auto	51.651	91.234	0.3068	CjpegliYcbcr	1.0
documents	office_fec-form3_campaign-finance_p01_page1.png	jpegli	420	96	identity_off	53.941	92.017	0.2060	CjpegliYcbcr	0.5
documents	office_fec-form3_campaign-finance_p01_page1.png	jpegli	420	96	identity_auto	53.941	92.017	0.2060	CjpegliYcbcr	0.5
documents	office_fec-form3_campaign-finance_p01_page1.png	jpegli	420	96	model_off	54.926	92.439	0.1722	CjpegliYcbcr	0.5
documents	office_fec-form3_campaign-finance_p01_page1.png	jpegli	420	96	model_auto	54.824	92.280	0.2165	CjpegliYcbcr	0.5
documents	office_fec-form3_campaign-finance_p01_page1.png	jpegli	444	85	identity_off	46.402	88.960	0.4569	CjpegliYcbcr	1.4
documents	office_fec-form3_campaign-finance_p01_page1.png	jpegli	444	85	identity_auto	46.286	88.880	0.4832	CjpegliYcbcr	1.4
documents	office_fec-form3_campaign-finance_p01_page1.png	jpegli	444	85	model_off	48.655	90.629	0.4449	CjpegliYcbcr	1.4
documents	office_fec-form3_campaign-finance_p01_page1.png	jpegli	444	85	model_auto	48.374	90.332	0.5032	CjpegliYcbcr	1.4
documents	office_fec-form3_campaign-finance_p01_page1.png	jpegli	444	90	identity_off	49.257	90.070	0.3469	CjpegliYcbcr	1.1
documents	office_fec-form3_campaign-finance_p01_page1.png	jpegli	444	90	identity_auto	49.043	90.007	0.3749	CjpegliYcbcr	1.1
documents	office_fec-form3_campaign-finance_p01_page1.png	jpegli	444	90	model_off	51.088	91.307	0.2650	CjpegliYcbcr	1.1
documents	office_fec-form3_campaign-finance_p01_page1.png	jpegli	444	90	model_auto	50.720	91.022	0.3332	CjpegliYcbcr	1.1
documents	office_fec-form3_campaign-finance_p01_page1.png	jpegli	444	93	identity_off	51.911	90.958	0.2809	CjpegliYcbcr	0.7
documents	office_fec-form3_campaign-finance_p01_page1.png	jpegli	444	93	identity_auto	51.570	90.993	0.3124	CjpegliYcbcr	0.7
documents	office_fec-form3_campaign-finance_p01_page1.png	jpegli	444	93	model_off	53.263	91.505	0.2282	CjpegliYcbcr	0.7
documents	office_fec-form3_campaign-finance_p01_page1.png	jpegli	444	93	model_auto	52.848	91.467	0.2791	CjpegliYcbcr	0.7
documents	office_fec-form3_campaign-finance_p01_page1.png	jpegli	444	96	identity_off	55.161	92.305	0.1892	CjpegliYcbcr	0.3
documents	office_fec-form3_campaign-finance_p01_page1.png	jpegli	444	96	identity_auto	55.161	92.305	0.1892	CjpegliYcbcr	0.3
documents	office_fec-form3_campaign-finance_p01_page1.png	jpegli	444	96	model_off	55.875	92.592	0.1691	CjpegliYcbcr	0.3
documents	office_fec-form3_campaign-finance_p01_page1.png	jpegli	444	96	model_auto	55.816	92.562	0.2269	CjpegliYcbcr	0.3
documents	office_fec-form3_campaign-finance_p01_page1.png	zenjpeg	420	85	identity_off	46.101	89.086	0.3882	CjpegliYcbcr	1.8
documents	office_fec-form3_campaign-finance_p01_page1.png	zenjpeg	420	85	identity_auto	46.128	89.030	0.3729	CjpegliYcbcr	1.8
documents	office_fec-form3_campaign-finance_p01_page1.png	zenjpeg	420	85	model_off	47.841	90.288	0.3082	CjpegliYcbcr	1.8
documents	office_fec-form3_campaign-finance_p01_page1.png	zenjpeg	420	85	model_auto	47.841	89.986	0.3242	CjpegliYcbcr	1.8
documents	office_fec-form3_campaign-finance_p01_page1.png	zenjpeg	420	90	identity_off	49.100	91.354	0.2807	CjpegliYcbcr	1.3
documents	office_fec-form3_campaign-finance_p01_page1.png	zenjpeg	420	90	identity_auto	49.082	91.463	0.2784	CjpegliYcbcr	1.3
documents	office_fec-form3_campaign-finance_p01_page1.png	zenjpeg	420	90	model_off	50.327	91.879	0.2674	CjpegliYcbcr	1.3
documents	office_fec-form3_campaign-finance_p01_page1.png	zenjpeg	420	90	model_auto	50.396	91.911	0.3347	CjpegliYcbcr	1.3
documents	office_fec-form3_campaign-finance_p01_page1.png	zenjpeg	420	93	identity_off	51.683	91.465	0.2291	CjpegliYcbcr	1.0
documents	office_fec-form3_campaign-finance_p01_page1.png	zenjpeg	420	93	identity_auto	51.573	91.470	0.2358	CjpegliYcbcr	1.0
documents	office_fec-form3_campaign-finance_p01_page1.png	zenjpeg	420	93	model_off	52.554	91.867	0.2505	CjpegliYcbcr	1.0
documents	office_fec-form3_campaign-finance_p01_page1.png	zenjpeg	420	93	model_auto	52.490	91.635	0.2969	CjpegliYcbcr	1.0
documents	office_fec-form3_campaign-finance_p01_page1.png	zenjpeg	420	96	identity_off	54.718	92.306	0.1632	CjpegliYcbcr	0.5
documents	office_fec-form3_campaign-finance_p01_page1.png	zenjpeg	420	96	identity_auto	54.718	92.306	0.1632	CjpegliYcbcr	0.5
documents	office_fec-form3_campaign-finance_p01_page1.png	zenjpeg	420	96	model_off	55.167	92.506	0.2266	CjpegliYcbcr	0.5
documents	office_fec-form3_campaign-finance_p01_page1.png	zenjpeg	420	96	model_auto	55.186	92.455	0.3038	CjpegliYcbcr	0.5
documents	office_fec-form3_campaign-finance_p01_page1.png	zenjpeg	444	85	identity_off	47.629	90.330	0.3271	CjpegliYcbcr	1.4
documents	office_fec-form3_campaign-finance_p01_page1.png	zenjpeg	444	85	identity_auto	47.603	90.086	0.3266	CjpegliYcbcr	1.4
documents	office_fec-form3_campaign-finance_p01_page1.png	zenjpeg	444	85	model_off	49.137	91.440	0.2606	CjpegliYcbcr	1.4
documents	office_fec-form3_campaign-finance_p01_page1.png	zenjpeg	444	85	model_auto	49.188	91.155	0.2937	CjpegliYcbcr	1.4
documents	office_fec-form3_campaign-finance_p01_page1.png	zenjpeg	444	90	identity_off	50.390	90.831	0.2467	CjpegliYcbcr	1.1
documents	office_fec-form3_campaign-finance_p01_page1.png	zenjpeg	444	90	identity_auto	50.256	90.889	0.2505	CjpegliYcbcr	1.1
documents	office_fec-form3_campaign-finance_p01_page1.png	zenjpeg	444	90	model_off	51.479	91.335	0.2335	CjpegliYcbcr	1.1
documents	office_fec-form3_campaign-finance_p01_page1.png	zenjpeg	444	90	model_auto	51.418	91.204	0.2753	CjpegliYcbcr	1.1
documents	office_fec-form3_campaign-finance_p01_page1.png	zenjpeg	444	93	identity_off	53.177	91.860	0.2048	CjpegliYcbcr	0.7
documents	office_fec-form3_campaign-finance_p01_page1.png	zenjpeg	444	93	identity_auto	52.972	91.813	0.2128	CjpegliYcbcr	0.7
documents	office_fec-form3_campaign-finance_p01_page1.png	zenjpeg	444	93	model_off	53.901	92.196	0.2024	CjpegliYcbcr	0.7
documents	office_fec-form3_campaign-finance_p01_page1.png	zenjpeg	444	93	model_auto	53.778	91.971	0.2480	CjpegliYcbcr	0.7
documents	office_fec-form3_campaign-finance_p01_page1.png	zenjpeg	444	96	identity_off	56.054	92.417	0.1395	CjpegliYcbcr	0.3
documents	office_fec-form3_campaign-finance_p01_page1.png	zenjpeg	444	96	identity_auto	56.054	92.417	0.1395	CjpegliYcbcr	0.3
documents	office_fec-form3_campaign-finance_p01_page1.png	zenjpeg	444	96	model_off	56.441	92.696	0.1551	CjpegliYcbcr	0.3
documents	office_fec-form3_campaign-finance_p01_page1.png	zenjpeg	444	96	model_auto	56.460	92.926	0.2203	CjpegliYcbcr	0.3
documents	office_fedreg-2026-10621_rule_p01_page1.png	turbo	420	85	identity_off	38.530	85.946	0.8243	ImageMagick	85.0
documents	office_fedreg-2026-10621_rule_p01_page1.png	turbo	420	85	identity_auto	38.383	86.055	0.8475	ImageMagick	85.0
documents	office_fedreg-2026-10621_rule_p01_page1.png	turbo	420	85	model_off	40.802	89.607	0.5723	ImageMagick	85.0
documents	office_fedreg-2026-10621_rule_p01_page1.png	turbo	420	85	model_auto	40.417	89.356	0.6044	ImageMagick	85.0
documents	office_fedreg-2026-10621_rule_p01_page1.png	turbo	420	90	identity_off	41.705	89.733	0.5912	ImageMagick	90.0
documents	office_fedreg-2026-10621_rule_p01_page1.png	turbo	420	90	identity_auto	41.529	89.562	0.6199	ImageMagick	90.0
documents	office_fedreg-2026-10621_rule_p01_page1.png	turbo	420	90	model_off	43.484	91.920	0.4155	ImageMagick	90.0
documents	office_fedreg-2026-10621_rule_p01_page1.png	turbo	420	90	model_auto	43.194	91.692	0.4486	ImageMagick	90.0
documents	office_fedreg-2026-10621_rule_p01_page1.png	turbo	420	93	identity_off	44.602	92.129	0.4449	ImageMagick	93.0
documents	office_fedreg-2026-10621_rule_p01_page1.png	turbo	420	93	identity_auto	44.297	91.984	0.4730	ImageMagick	93.0
documents	office_fedreg-2026-10621_rule_p01_page1.png	turbo	420	93	model_off	46.057	93.377	0.3151	ImageMagick	93.0
documents	office_fedreg-2026-10621_rule_p01_page1.png	turbo	420	93	model_auto	45.678	93.177	0.3484	ImageMagick	93.0
documents	office_fedreg-2026-10621_rule_p01_page1.png	turbo	420	96	identity_off	49.268	94.480	0.2730	ImageMagick	96.0
documents	office_fedreg-2026-10621_rule_p01_page1.png	turbo	420	96	identity_auto	49.268	94.480	0.2730	ImageMagick	96.0
documents	office_fedreg-2026-10621_rule_p01_page1.png	turbo	420	96	model_off	50.172	94.788	0.2020	ImageMagick	96.0
documents	office_fedreg-2026-10621_rule_p01_page1.png	turbo	420	96	model_auto	50.136	94.726	0.2068	ImageMagick	96.0
documents	office_fedreg-2026-10621_rule_p01_page1.png	turbo	444	85	identity_off	38.530	85.946	0.8243	ImageMagick	85.0
documents	office_fedreg-2026-10621_rule_p01_page1.png	turbo	444	85	identity_auto	38.383	86.055	0.8475	ImageMagick	85.0
documents	office_fedreg-2026-10621_rule_p01_page1.png	turbo	444	85	model_off	40.802	89.607	0.5723	ImageMagick	85.0
documents	office_fedreg-2026-10621_rule_p01_page1.png	turbo	444	85	model_auto	40.417	89.356	0.6044	ImageMagick	85.0
documents	office_fedreg-2026-10621_rule_p01_page1.png	turbo	444	90	identity_off	41.705	89.733	0.5912	ImageMagick	90.0
documents	office_fedreg-2026-10621_rule_p01_page1.png	turbo	444	90	identity_auto	41.529	89.562	0.6199	ImageMagick	90.0
documents	office_fedreg-2026-10621_rule_p01_page1.png	turbo	444	90	model_off	43.484	91.920	0.4155	ImageMagick	90.0
documents	office_fedreg-2026-10621_rule_p01_page1.png	turbo	444	90	model_auto	43.194	91.692	0.4486	ImageMagick	90.0
documents	office_fedreg-2026-10621_rule_p01_page1.png	turbo	444	93	identity_off	44.602	92.129	0.4449	ImageMagick	93.0
documents	office_fedreg-2026-10621_rule_p01_page1.png	turbo	444	93	identity_auto	44.297	91.984	0.4730	ImageMagick	93.0
documents	office_fedreg-2026-10621_rule_p01_page1.png	turbo	444	93	model_off	46.057	93.377	0.3151	ImageMagick	93.0
documents	office_fedreg-2026-10621_rule_p01_page1.png	turbo	444	93	model_auto	45.678	93.177	0.3484	ImageMagick	93.0
documents	office_fedreg-2026-10621_rule_p01_page1.png	turbo	444	96	identity_off	49.268	94.480	0.2730	ImageMagick	96.0
documents	office_fedreg-2026-10621_rule_p01_page1.png	turbo	444	96	identity_auto	49.268	94.480	0.2730	ImageMagick	96.0
documents	office_fedreg-2026-10621_rule_p01_page1.png	turbo	444	96	model_off	50.172	94.788	0.2020	ImageMagick	96.0
documents	office_fedreg-2026-10621_rule_p01_page1.png	turbo	444	96	model_auto	50.136	94.726	0.2068	ImageMagick	96.0
documents	office_fedreg-2026-10621_rule_p01_page1.png	mozjpeg	420	85	identity_off	31.917	81.681	1.4243	Mozjpeg	85.0
documents	office_fedreg-2026-10621_rule_p01_page1.png	mozjpeg	420	85	identity_auto	31.922	81.578	1.4516	Mozjpeg	85.0
documents	office_fedreg-2026-10621_rule_p01_page1.png	mozjpeg	420	85	model_off	34.545	85.430	1.1547	Mozjpeg	85.0
documents	office_fedreg-2026-10621_rule_p01_page1.png	mozjpeg	420	85	model_auto	34.499	85.226	1.1891	Mozjpeg	85.0
documents	office_fedreg-2026-10621_rule_p01_page1.png	mozjpeg	420	90	identity_off	34.073	84.768	1.1406	Mozjpeg	90.0
documents	office_fedreg-2026-10621_rule_p01_page1.png	mozjpeg	420	90	identity_auto	34.075	84.657	1.1618	Mozjpeg	90.0
documents	office_fedreg-2026-10621_rule_p01_page1.png	mozjpeg	420	90	model_off	36.594	87.760	0.8866	Mozjpeg	90.0
documents	office_fedreg-2026-10621_rule_p01_page1.png	mozjpeg	420	90	model_auto	36.559	87.599	0.9081	Mozjpeg	90.0
documents	office_fedreg-2026-10621_rule_p01_page1.png	mozjpeg	420	93	identity_off	36.080	86.762	0.8826	Mozjpeg	93.0
documents	office_fedreg-2026-10621_rule_p01_page1.png	mozjpeg	420	93	identity_auto	36.071	86.611	0.9048	Mozjpeg	93.0
documents	office_fedreg-2026-10621_rule_p01_page1.png	mozjpeg	420	93	model_off	38.339	89.252	0.6662	Mozjpeg	93.0
documents	office_fedreg-2026-10621_rule_p01_page1.png	mozjpeg	420	93	model_auto	38.301	89.017	0.6866	Mozjpeg	93.0
documents	office_fedreg-2026-10621_rule_p01_page1.png	mozjpeg	420	96	identity_off	39.857	90.095	0.5498	Mozjpeg	96.0
documents	office_fedreg-2026-10621_rule_p01_page1.png	mozjpeg	420	96	identity_auto	39.857	90.095	0.5498	Mozjpeg	96.0
documents	office_fedreg-2026-10621_rule_p01_page1.png	mozjpeg	420	96	model_off	41.444	91.328	0.4302	Mozjpeg	96.0
documents	office_fedreg-2026-10621_rule_p01_page1.png	mozjpeg	420	96	model_auto	41.518	91.362	0.4288	Mozjpeg	96.0
documents	office_fedreg-2026-10621_rule_p01_page1.png	mozjpeg	444	85	identity_off	31.917	81.682	1.4243	Mozjpeg	85.0
documents	office_fedreg-2026-10621_rule_p01_page1.png	mozjpeg	444	85	identity_auto	31.922	81.578	1.4516	Mozjpeg	85.0
documents	office_fedreg-2026-10621_rule_p01_page1.png	mozjpeg	444	85	model_off	34.545	85.431	1.1547	Mozjpeg	85.0
documents	office_fedreg-2026-10621_rule_p01_page1.png	mozjpeg	444	85	model_auto	34.499	85.226	1.1891	Mozjpeg	85.0
documents	office_fedreg-2026-10621_rule_p01_page1.png	mozjpeg	444	90	identity_off	34.073	84.768	1.1406	Mozjpeg	90.0
documents	office_fedreg-2026-10621_rule_p01_page1.png	mozjpeg	444	90	identity_auto	34.075	84.657	1.1618	Mozjpeg	90.0
documents	office_fedreg-2026-10621_rule_p01_page1.png	mozjpeg	444	90	model_off	36.594	87.760	0.8866	Mozjpeg	90.0
documents	office_fedreg-2026-10621_rule_p01_page1.png	mozjpeg	444	90	model_auto	36.559	87.599	0.9081	Mozjpeg	90.0
documents	office_fedreg-2026-10621_rule_p01_page1.png	mozjpeg	444	93	identity_off	36.080	86.754	0.8826	Mozjpeg	93.0
documents	office_fedreg-2026-10621_rule_p01_page1.png	mozjpeg	444	93	identity_auto	36.071	86.615	0.9048	Mozjpeg	93.0
documents	office_fedreg-2026-10621_rule_p01_page1.png	mozjpeg	444	93	model_off	38.339	89.271	0.6662	Mozjpeg	93.0
documents	office_fedreg-2026-10621_rule_p01_page1.png	mozjpeg	444	93	model_auto	38.301	89.033	0.6866	Mozjpeg	93.0
documents	office_fedreg-2026-10621_rule_p01_page1.png	mozjpeg	444	96	identity_off	39.857	90.095	0.5498	Mozjpeg	96.0
documents	office_fedreg-2026-10621_rule_p01_page1.png	mozjpeg	444	96	identity_auto	39.857	90.095	0.5498	Mozjpeg	96.0
documents	office_fedreg-2026-10621_rule_p01_page1.png	mozjpeg	444	96	model_off	41.444	91.328	0.4302	Mozjpeg	96.0
documents	office_fedreg-2026-10621_rule_p01_page1.png	mozjpeg	444	96	model_auto	41.518	91.362	0.4288	Mozjpeg	96.0
documents	office_fedreg-2026-10621_rule_p01_page1.png	jpegli	420	85	identity_off	38.599	87.364	0.6794	CjpegliYcbcr	1.8
documents	office_fedreg-2026-10621_rule_p01_page1.png	jpegli	420	85	identity_auto	38.594	87.602	0.6805	CjpegliYcbcr	1.8
documents	office_fedreg-2026-10621_rule_p01_page1.png	jpegli	420	85	model_off	40.593	89.983	0.5035	CjpegliYcbcr	1.8
documents	office_fedreg-2026-10621_rule_p01_page1.png	jpegli	420	85	model_auto	40.353	89.919	0.5206	CjpegliYcbcr	1.8
documents	office_fedreg-2026-10621_rule_p01_page1.png	jpegli	420	90	identity_off	41.830	90.672	0.4816	CjpegliYcbcr	1.3
documents	office_fedreg-2026-10621_rule_p01_page1.png	jpegli	420	90	identity_auto	41.656	90.489	0.5195	CjpegliYcbcr	1.3
documents	office_fedreg-2026-10621_rule_p01_page1.png	jpegli	420	90	model_off	43.336	92.110	0.3629	CjpegliYcbcr	1.3
documents	office_fedreg-2026-10621_rule_p01_page1.png	jpegli	420	90	model_auto	43.089	91.849	0.4028	CjpegliYcbcr	1.3
documents	office_fedreg-2026-10621_rule_p01_page1.png	jpegli	420	93	identity_off	44.880	92.747	0.3590	CjpegliYcbcr	1.0
documents	office_fedreg-2026-10621_rule_p01_page1.png	jpegli	420	93	identity_auto	44.575	92.538	0.3942	CjpegliYcbcr	1.0
documents	office_fedreg-2026-10621_rule_p01_page1.png	jpegli	420	93	model_off	45.995	93.386	0.2702	CjpegliYcbcr	1.0
documents	office_fedreg-2026-10621_rule_p01_page1.png	jpegli	420	93	model_auto	45.690	93.165	0.3104	CjpegliYcbcr	1.0
documents	office_fedreg-2026-10621_rule_p01_page1.png	jpegli	420	96	identity_off	49.264	94.488	0.2323	CjpegliYcbcr	0.5
documents	office_fedreg-2026-10621_rule_p01_page1.png	jpegli	420	96	identity_auto	49.264	94.488	0.2323	CjpegliYcbcr	0.5
documents	office_fedreg-2026-10621_rule_p01_page1.png	jpegli	420	96	model_off	49.908	94.621	0.1825	CjpegliYcbcr	0.5
documents	office_fedreg-2026-10621_rule_p01_page1.png	jpegli	420	96	model_auto	49.905	94.565	0.1936	CjpegliYcbcr	0.5
documents	office_fedreg-2026-10621_rule_p01_page1.png	jpegli	444	85	identity_off	40.281	89.265	0.5671	CjpegliYcbcr	1.4
documents	office_fedreg-2026-10621_rule_p01_page1.png	jpegli	444	85	identity_auto	40.153	89.079	0.6047	CjpegliYcbcr	1.4
documents	office_fedreg-2026-10621_rule_p01_page1.png	jpegli	444	85	model_off	42.015	91.221	0.4342	CjpegliYcbcr	1.4
documents	office_fedreg-2026-10621_rule_p01_page1.png	jpegli	444	85	model_auto	41.775	90.935	0.4703	CjpegliYcbcr	1.4
documents	office_fedreg-2026-10621_rule_p01_page1.png	jpegli	444	90	identity_off	43.582	91.866	0.4067	CjpegliYcbcr	1.1
documents	office_fedreg-2026-10621_rule_p01_page1.png	jpegli	444	90	identity_auto	43.343	91.689	0.4425	CjpegliYcbcr	1.1
documents	office_fedreg-2026-10621_rule_p01_page1.png	jpegli	444	90	model_off	44.854	92.789	0.3092	CjpegliYcbcr	1.1
documents	office_fedreg-2026-10621_rule_p01_page1.png	jpegli	444	90	model_auto	44.587	92.690	0.3483	CjpegliYcbcr	1.1
documents	office_fedreg-2026-10621_rule_p01_page1.png	jpegli	444	93	identity_off	46.698	93.515	0.2971	CjpegliYcbcr	0.7
documents	office_fedreg-2026-10621_rule_p01_page1.png	jpegli	444	93	identity_auto	46.263	93.392	0.3337	CjpegliYcbcr	0.7
documents	office_fedreg-2026-10621_rule_p01_page1.png	jpegli	444	93	model_off	47.622	93.890	0.2259	CjpegliYcbcr	0.7
documents	office_fedreg-2026-10621_rule_p01_page1.png	jpegli	444	93	model_auto	47.188	93.733	0.2729	CjpegliYcbcr	0.7
documents	office_fedreg-2026-10621_rule_p01_page1.png	jpegli	444	96	identity_off	51.196	95.038	0.1942	CjpegliYcbcr	0.3
documents	office_fedreg-2026-10621_rule_p01_page1.png	jpegli	444	96	identity_auto	51.196	95.038	0.1942	CjpegliYcbcr	0.3
documents	office_fedreg-2026-10621_rule_p01_page1.png	jpegli	444	96	model_off	51.615	94.969	0.1599	CjpegliYcbcr	0.3
documents	office_fedreg-2026-10621_rule_p01_page1.png	jpegli	444	96	model_auto	51.531	95.023	0.1835	CjpegliYcbcr	0.3
documents	office_fedreg-2026-10621_rule_p01_page1.png	zenjpeg	420	85	identity_off	40.336	91.381	0.4203	CjpegliYcbcr	1.8
documents	office_fedreg-2026-10621_rule_p01_page1.png	zenjpeg	420	85	identity_auto	40.282	91.358	0.4268	CjpegliYcbcr	1.8
documents	office_fedreg-2026-10621_rule_p01_page1.png	zenjpeg	420	85	model_off	41.182	91.866	0.3834	CjpegliYcbcr	1.8
documents	office_fedreg-2026-10621_rule_p01_page1.png	zenjpeg	420	85	model_auto	41.352	91.970	0.3780	CjpegliYcbcr	1.8
documents	office_fedreg-2026-10621_rule_p01_page1.png	zenjpeg	420	90	identity_off	43.748	93.086	0.2829	CjpegliYcbcr	1.3
documents	office_fedreg-2026-10621_rule_p01_page1.png	zenjpeg	420	90	identity_auto	43.735	93.078	0.2934	CjpegliYcbcr	1.3
documents	office_fedreg-2026-10621_rule_p01_page1.png	zenjpeg	420	90	model_off	44.245	93.265	0.2708	CjpegliYcbcr	1.3
documents	office_fedreg-2026-10621_rule_p01_page1.png	zenjpeg	420	90	model_auto	44.501	93.271	0.2734	CjpegliYcbcr	1.3
documents	office_fedreg-2026-10621_rule_p01_page1.png	zenjpeg	420	93	identity_off	46.959	94.175	0.1968	CjpegliYcbcr	1.0
documents	office_fedreg-2026-10621_rule_p01_page1.png	zenjpeg	420	93	identity_auto	46.873	93.996	0.2094	CjpegliYcbcr	1.0
documents	office_fedreg-2026-10621_rule_p01_page1.png	zenjpeg	420	93	model_off	47.278	94.178	0.1909	CjpegliYcbcr	1.0
documents	office_fedreg-2026-10621_rule_p01_page1.png	zenjpeg	420	93	model_auto	47.416	94.149	0.2149	CjpegliYcbcr	1.0
documents	office_fedreg-2026-10621_rule_p01_page1.png	zenjpeg	420	96	identity_off	51.402	95.147	0.1298	CjpegliYcbcr	0.5
documents	office_fedreg-2026-10621_rule_p01_page1.png	zenjpeg	420	96	identity_auto	51.402	95.147	0.1298	CjpegliYcbcr	0.5
documents	office_fedreg-2026-10621_rule_p01_page1.png	zenjpeg	420	96	model_off	51.503	94.993	0.1284	CjpegliYcbcr	0.5
documents	office_fedreg-2026-10621_rule_p01_page1.png	zenjpeg	420	96	model_auto	51.529	95.074	0.1525	CjpegliYcbcr	0.5
documents	office_fedreg-2026-10621_rule_p01_page1.png	zenjpeg	444	85	identity_off	42.054	92.386	0.3457	CjpegliYcbcr	1.4
documents	office_fedreg-2026-10621_rule_p01_page1.png	zenjpeg	444	85	identity_auto	42.050	92.249	0.3574	CjpegliYcbcr	1.4
documents	office_fedreg-2026-10621_rule_p01_page1.png	zenjpeg	444	85	model_off	42.722	92.633	0.3291	CjpegliYcbcr	1.4
documents	office_fedreg-2026-10621_rule_p01_page1.png	zenjpeg	444	85	model_auto	42.978	92.634	0.3313	CjpegliYcbcr	1.4
documents	office_fedreg-2026-10621_rule_p01_page1.png	zenjpeg	444	90	identity_off	45.493	93.729	0.2382	CjpegliYcbcr	1.1
documents	office_fedreg-2026-10621_rule_p01_page1.png	zenjpeg	444	90	identity_auto	45.437	93.662	0.2490	CjpegliYcbcr	1.1
documents	office_fedreg-2026-10621_rule_p01_page1.png	zenjpeg	444	90	model_off	45.906	93.712	0.2275	CjpegliYcbcr	1.1
documents	office_fedreg-2026-10621_rule_p01_page1.png	zenjpeg	444	90	model_auto	46.093	93.755	0.2405	CjpegliYcbcr	1.1
documents	office_fedreg-2026-10621_rule_p01_page1.png	zenjpeg	444	93	identity_off	48.905	94.639	0.1636	CjpegliYcbcr	0.7
documents	office_fedreg-2026-10621_rule_p01_page1.png	zenjpeg	444	93	identity_auto	48.754	94.651	0.1762	CjpegliYcbcr	0.7
documents	office_fedreg-2026-10621_rule_p01_page1.png	zenjpeg	444	93	model_off	49.102	94.578	0.1589	CjpegliYcbcr	0.7
documents	office_fedreg-2026-10621_rule_p01_page1.png	zenjpeg	444	93	model_auto	49.124	94.591	0.1757	CjpegliYcbcr	0.7
documents	office_fedreg-2026-10621_rule_p01_page1.png	zenjpeg	444	96	identity_off	53.613	95.602	0.1060	CjpegliYcbcr	0.3
documents	office_fedreg-2026-10621_rule_p01_page1.png	zenjpeg	444	96	identity_auto	53.613	95.602	0.1060	CjpegliYcbcr	0.3
documents	office_fedreg-2026-10621_rule_p01_page1.png	zenjpeg	444	96	model_off	53.586	95.258	0.1079	CjpegliYcbcr	0.3
documents	office_fedreg-2026-10621_rule_p01_page1.png	zenjpeg	444	96	model_auto	53.390	95.349	0.1343	CjpegliYcbcr	0.3
art-scans	haeckel_0007_cephalopods.png	turbo	420	85	identity_off	37.148	84.335	0.8207	ImageMagick	85.0
art-scans	haeckel_0007_cephalopods.png	turbo	420	85	identity_auto	37.135	84.288	0.8485	ImageMagick	85.0
art-scans	haeckel_0007_cephalopods.png	turbo	420	85	model_off	37.274	84.462	0.8169	ImageMagick	85.0
art-scans	haeckel_0007_cephalopods.png	turbo	420	85	model_auto	37.238	83.976	0.8601	ImageMagick	85.0
art-scans	haeckel_0007_cephalopods.png	turbo	420	90	identity_off	38.744	86.764	0.7430	ImageMagick	90.0
art-scans	haeckel_0007_cephalopods.png	turbo	420	90	identity_auto	38.721	86.785	0.7763	ImageMagick	90.0
art-scans	haeckel_0007_cephalopods.png	turbo	420	90	model_off	38.812	86.797	0.7441	ImageMagick	90.0
art-scans	haeckel_0007_cephalopods.png	turbo	420	90	model_auto	38.724	86.294	0.7946	ImageMagick	90.0
art-scans	haeckel_0007_cephalopods.png	turbo	420	93	identity_off	39.939	88.157	0.6911	ImageMagick	93.0
art-scans	haeckel_0007_cephalopods.png	turbo	420	93	identity_auto	39.882	88.124	0.7254	ImageMagick	93.0
art-scans	haeckel_0007_cephalopods.png	turbo	420	93	model_off	39.965	88.031	0.6942	ImageMagick	93.0
art-scans	haeckel_0007_cephalopods.png	turbo	420	93	model_auto	39.730	87.436	0.7513	ImageMagick	93.0
art-scans	haeckel_0007_cephalopods.png	turbo	420	96	identity_off	41.426	89.293	0.6571	ImageMagick	96.0
art-scans	haeckel_0007_cephalopods.png	turbo	420	96	identity_auto	41.426	89.293	0.6571	ImageMagick	96.0
art-scans	haeckel_0007_cephalopods.png	turbo	420	96	model_off	41.391	89.149	0.6619	ImageMagick	96.0
art-scans	haeckel_0007_cephalopods.png	turbo	420	96	model_auto	41.013	88.289	0.6925	ImageMagick	96.0
art-scans	haeckel_0007_cephalopods.png	turbo	444	85	identity_off	40.147	87.652	0.6246	ImageMagick	85.0
art-scans	haeckel_0007_cephalopods.png	turbo	444	85	identity_auto	40.287	87.681	0.6384	ImageMagick	85.0
art-scans	haeckel_0007_cephalopods.png	turbo	444	85	model_off	40.409	87.894	0.6354	ImageMagick	85.0
art-scans	haeckel_0007_cephalopods.png	turbo	444	85	model_auto	40.402	87.152	0.6400	ImageMagick	85.0
art-scans	haeckel_0007_cephalopods.png	turbo	444	90	identity_off	41.948	89.487	0.5267	ImageMagick	90.0
art-scans	haeckel_0007_cephalopods.png	turbo	444	90	identity_auto	41.977	89.506	0.5512	ImageMagick	90.0
art-scans	haeckel_0007_cephalopods.png	turbo	444	90	model_off	42.153	89.444	0.5243	ImageMagick	90.0
art-scans	haeckel_0007_cephalopods.png	turbo	444	90	model_auto	42.104	88.862	0.5560	ImageMagick	90.0
art-scans	haeckel_0007_cephalopods.png	turbo	444	93	identity_off	43.552	90.641	0.4790	ImageMagick	93.0
art-scans	haeckel_0007_cephalopods.png	turbo	444	93	identity_auto	43.516	90.538	0.5054	ImageMagick	93.0
art-scans	haeckel_0007_cephalopods.png	turbo	444	93	model_off	43.698	90.269	0.5131	ImageMagick	93.0
art-scans	haeckel_0007_cephalopods.png	turbo	444	93	model_auto	43.431	89.601	0.5754	ImageMagick	93.0
art-scans	haeckel_0007_cephalopods.png	turbo	444	96	identity_off	46.151	91.680	0.4515	ImageMagick	96.0
art-scans	haeckel_0007_cephalopods.png	turbo	444	96	identity_auto	46.151	91.680	0.4515	ImageMagick	96.0
art-scans	haeckel_0007_cephalopods.png	turbo	444	96	model_off	46.156	91.362	0.4651	ImageMagick	96.0
art-scans	haeckel_0007_cephalopods.png	turbo	444	96	model_auto	45.570	90.456	0.4946	ImageMagick	96.0
art-scans	haeckel_0007_cephalopods.png	mozjpeg	420	85	identity_off	37.305	83.856	0.9760	Mozjpeg	85.0
art-scans	haeckel_0007_cephalopods.png	mozjpeg	420	85	identity_auto	37.316	83.861	1.0022	Mozjpeg	85.0
art-scans	haeckel_0007_cephalopods.png	mozjpeg	420	85	model_off	37.358	83.851	0.9753	Mozjpeg	85.0
art-scans	haeckel_0007_cephalopods.png	mozjpeg	420	85	model_auto	37.181	83.076	1.0255	Mozjpeg	85.0
art-scans	haeckel_0007_cephalopods.png	mozjpeg	420	90	identity_off	38.521	86.254	0.8873	Mozjpeg	90.0
art-scans	haeckel_0007_cephalopods.png	mozjpeg	420	90	identity_auto	38.508	86.127	0.9161	Mozjpeg	90.0
art-scans	haeckel_0007_cephalopods.png	mozjpeg	420	90	model_off	38.489	86.120	0.8914	Mozjpeg	90.0
art-scans	haeckel_0007_cephalopods.png	mozjpeg	420	90	model_auto	38.253	85.329	0.9452	Mozjpeg	90.0
art-scans	haeckel_0007_cephalopods.png	mozjpeg	420	93	identity_off	39.427	87.301	0.8239	Mozjpeg	93.0
art-scans	haeckel_0007_cephalopods.png	mozjpeg	420	93	identity_auto	39.386	87.185	0.8558	Mozjpeg	93.0
art-scans	haeckel_0007_cephalopods.png	mozjpeg	420	93	model_off	39.357	87.048	0.8282	Mozjpeg	93.0
art-scans	haeckel_0007_cephalopods.png	mozjpeg	420	93	model_auto	38.999	86.306	0.8861	Mozjpeg	93.0
art-scans	haeckel_0007_cephalopods.png	mozjpeg	420	96	identity_off	40.590	88.324	0.7858	Mozjpeg	96.0
art-scans	haeckel_0007_cephalopods.png	mozjpeg	420	96	identity_auto	40.590	88.324	0.7858	Mozjpeg	96.0
art-scans	haeckel_0007_cephalopods.png	mozjpeg	420	96	model_off	40.473	88.050	0.7914	Mozjpeg	96.0
art-scans	haeckel_0007_cephalopods.png	mozjpeg	420	96	model_auto	40.017	87.290	0.8247	Mozjpeg	96.0
art-scans	haeckel_0007_cephalopods.png	mozjpeg	444	85	identity_off	40.136	86.626	0.6824	Mozjpeg	85.0
art-scans	haeckel_0007_cephalopods.png	mozjpeg	444	85	identity_auto	40.287	86.922	0.6895	Mozjpeg	85.0
art-scans	haeckel_0007_cephalopods.png	mozjpeg	444	85	model_off	40.278	86.730	0.6729	Mozjpeg	85.0
art-scans	haeckel_0007_cephalopods.png	mozjpeg	444	85	model_auto	40.030	85.786	0.6980	Mozjpeg	85.0
art-scans	haeckel_0007_cephalopods.png	mozjpeg	444	90	identity_off	42.011	88.810	0.5735	Mozjpeg	90.0
art-scans	haeckel_0007_cephalopods.png	mozjpeg	444	90	identity_auto	42.038	88.868	0.5910	Mozjpeg	90.0
art-scans	haeckel_0007_cephalopods.png	mozjpeg	444	90	model_off	42.031	88.654	0.6157	Mozjpeg	90.0
art-scans	haeckel_0007_cephalopods.png	mozjpeg	444	90	model_auto	41.668	87.804	0.6399	Mozjpeg	90.0
art-scans	haeckel_0007_cephalopods.png	mozjpeg	444	93	identity_off	43.638	89.806	0.5112	Mozjpeg	93.0
art-scans	haeckel_0007_cephalopods.png	mozjpeg	444	93	identity_auto	43.601	89.883	0.5350	Mozjpeg	93.0
art-scans	haeckel_0007_cephalopods.png	mozjpeg	444	93	model_off	43.555	89.774	0.5180	Mozjpeg	93.0
art-scans	haeckel_0007_cephalopods.png	mozjpeg	444	93	model_auto	42.925	88.660	0.5673	Mozjpeg	93.0
art-scans	haeckel_0007_cephalopods.png	mozjpeg	444	96	identity_off	46.306	91.115	0.4666	Mozjpeg	96.0
art-scans	haeckel_0007_cephalopods.png	mozjpeg	444	96	identity_auto	46.306	91.115	0.4666	Mozjpeg	96.0
art-scans	haeckel_0007_cephalopods.png	mozjpeg	444	96	model_off	46.003	90.753	0.4933	Mozjpeg	96.0
art-scans	haeckel_0007_cephalopods.png	mozjpeg	444	96	model_auto	44.980	89.912	0.5367	Mozjpeg	96.0
art-scans	haeckel_0007_cephalopods.png	jpegli	420	85	identity_off	36.784	83.799	0.9183	CjpegliYcbcr	1.8
art-scans	haeckel_0007_cephalopods.png	jpegli	420	85	identity_auto	36.850	84.038	0.9142	CjpegliYcbcr	1.8
art-scans	haeckel_0007_cephalopods.png	jpegli	420	85	model_off	36.859	83.810	0.9193	CjpegliYcbcr	1.8
art-scans	haeckel_0007_cephalopods.png	jpegli	420	85	model_auto	36.795	83.420	0.9377	CjpegliYcbcr	1.8
art-scans	haeckel_0007_cephalopods.png	jpegli	420	90	identity_off	38.188	85.816	0.8607	CjpegliYcbcr	1.3
art-scans	haeckel_0007_cephalopods.png	jpegli	420	90	identity_auto	38.188	85.845	0.8900	CjpegliYcbcr	1.3
art-scans	haeckel_0007_cephalopods.png	jpegli	420	90	model_off	38.176	85.704	0.8629	CjpegliYcbcr	1.3
art-scans	haeckel_0007_cephalopods.png	jpegli	420	90	model_auto	37.986	85.246	0.9130	CjpegliYcbcr	1.3
art-scans	haeckel_0007_cephalopods.png	jpegli	420	93	identity_off	39.294	87.255	0.8047	CjpegliYcbcr	1.0
art-scans	haeckel_0007_cephalopods.png	jpegli	420	93	identity_auto	39.269	87.296	0.8344	CjpegliYcbcr	1.0
art-scans	haeckel_0007_cephalopods.png	jpegli	420	93	model_off	39.237	87.183	0.8089	CjpegliYcbcr	1.0
art-scans	haeckel_0007_cephalopods.png	jpegli	420	93	model_auto	38.916	86.299	0.8650	CjpegliYcbcr	1.0
art-scans	haeckel_0007_cephalopods.png	jpegli	420	96	identity_off	40.392	88.212	0.7754	CjpegliYcbcr	0.5
art-scans	haeckel_0007_cephalopods.png	jpegli	420	96	identity_auto	40.392	88.212	0.7754	CjpegliYcbcr	0.5
art-scans	haeckel_0007_cephalopods.png	jpegli	420	96	model_off	40.278	88.069	0.7808	CjpegliYcbcr	0.5
art-scans	haeckel_0007_cephalopods.png	jpegli	420	96	model_auto	39.849	87.179	0.8087	CjpegliYcbcr	0.5
art-scans	haeckel_0007_cephalopods.png	jpegli	444	85	identity_off	37.920	85.844	0.6727	CjpegliYcbcr	1.4
art-scans	haeckel_0007_cephalopods.png	jpegli	444	85	identity_auto	38.035	86.196	0.6956	CjpegliYcbcr	1.4
art-scans	haeckel_0007_cephalopods.png	jpegli	444	85	model_off	38.289	86.079	0.7123	CjpegliYcbcr	1.4
art-scans	haeckel_0007_cephalopods.png	jpegli	444	85	model_auto	38.351	85.672	0.7265	CjpegliYcbcr	1.4
art-scans	haeckel_0007_cephalopods.png	jpegli	444	90	identity_off	39.806	88.100	0.5654	CjpegliYcbcr	1.1
art-scans	haeckel_0007_cephalopods.png	jpegli	444	90	identity_auto	39.927	88.337	0.5861	CjpegliYcbcr	1.1
art-scans	haeckel_0007_cephalopods.png	jpegli	444	90	model_off	40.076	87.989	0.5780	CjpegliYcbcr	1.1
art-scans	haeckel_0007_cephalopods.png	jpegli	444	90	model_auto	40.087	87.542	0.6032	CjpegliYcbcr	1.1
art-scans	haeckel_0007_cephalopods.png	jpegli	444	93	identity_off	41.540	89.572	0.5290	CjpegliYcbcr	0.7
art-scans	haeckel_0007_cephalopods.png	jpegli	444	93	identity_auto	41.651	89.602	0.5536	CjpegliYcbcr	0.7
art-scans	haeckel_0007_cephalopods.png	jpegli	444	93	model_off	41.724	89.359	0.5384	CjpegliYcbcr	0.7
art-scans	haeckel_0007_cephalopods.png	jpegli	444	93	model_auto	41.573	88.634	0.5740	CjpegliYcbcr	0.7
art-scans	haeckel_0007_cephalopods.png	jpegli	444	96	identity_off	43.994	90.832	0.4470	CjpegliYcbcr	0.3
art-scans	haeckel_0007_cephalopods.png	jpegli	444	96	identity_auto	43.994	90.832	0.4470	CjpegliYcbcr	0.3
art-scans	haeckel_0007_cephalopods.png	jpegli	444	96	model_off	44.039	90.668	0.5017	CjpegliYcbcr	0.3
art-scans	haeckel_0007_cephalopods.png	jpegli	444	96	model_auto	43.567	89.817	0.5314	CjpegliYcbcr	0.3
art-scans	haeckel_0007_cephalopods.png	zenjpeg	420	85	identity_off	36.746	83.729	0.9192	CjpegliYcbcr	1.8
art-scans	haeckel_0007_cephalopods.png	zenjpeg	420	85	identity_auto	36.813	83.913	0.9146	CjpegliYcbcr	1.8
art-scans	haeckel_0007_cephalopods.png	zenjpeg	420	85	model_off	36.827	83.765	0.9154	CjpegliYcbcr	1.8
art-scans	haeckel_0007_cephalopods.png	zenjpeg	420	85	model_auto	36.767	83.284	0.9359	CjpegliYcbcr	1.8
art-scans	haeckel_0007_cephalopods.png	zenjpeg	420	90	identity_off	38.143	85.909	0.8677	CjpegliYcbcr	1.3
art-scans	haeckel_0007_cephalopods.png	zenjpeg	420	90	identity_auto	38.145	86.095	0.8958	CjpegliYcbcr	1.3
art-scans	haeckel_0007_cephalopods.png	zenjpeg	420	90	model_off	38.132	85.871	0.8680	CjpegliYcbcr	1.3
art-scans	haeckel_0007_cephalopods.png	zenjpeg	420	90	model_auto	37.952	85.275	0.9193	CjpegliYcbcr	1.3
art-scans	haeckel_0007_cephalopods.png	zenjpeg	420	93	identity_off	39.237	87.140	0.8208	CjpegliYcbcr	1.0
art-scans	haeckel_0007_cephalopods.png	zenjpeg	420	93	identity_auto	39.212	87.249	0.8503	CjpegliYcbcr	1.0
art-scans	haeckel_0007_cephalopods.png	zenjpeg	420	93	model_off	39.188	87.035	0.8205	CjpegliYcbcr	1.0
art-scans	haeckel_0007_cephalopods.png	zenjpeg	420	93	model_auto	38.877	86.247	0.8774	CjpegliYcbcr	1.0
art-scans	haeckel_0007_cephalopods.png	zenjpeg	420	96	identity_off	40.348	88.258	0.7805	CjpegliYcbcr	0.5
art-scans	haeckel_0007_cephalopods.png	zenjpeg	420	96	identity_auto	40.348	88.258	0.7805	CjpegliYcbcr	0.5
art-scans	haeckel_0007_cephalopods.png	zenjpeg	420	96	model_off	40.256	88.165	0.7842	CjpegliYcbcr	0.5
art-scans	haeckel_0007_cephalopods.png	zenjpeg	420	96	model_auto	39.846	87.253	0.8116	CjpegliYcbcr	0.5
art-scans	haeckel_0007_cephalopods.png	zenjpeg	444	85	identity_off	37.885	85.784	0.6535	CjpegliYcbcr	1.4
art-scans	haeckel_0007_cephalopods.png	zenjpeg	444	85	identity_auto	37.995	86.116	0.6692	CjpegliYcbcr	1.4
art-scans	haeckel_0007_cephalopods.png	zenjpeg	444	85	model_off	38.253	86.088	0.7228	CjpegliYcbcr	1.4
art-scans	haeckel_0007_cephalopods.png	zenjpeg	444	85	model_auto	38.304	85.584	0.7397	CjpegliYcbcr	1.4
art-scans	haeckel_0007_cephalopods.png	zenjpeg	444	90	identity_off	39.748	87.944	0.5449	CjpegliYcbcr	1.1
art-scans	haeckel_0007_cephalopods.png	zenjpeg	444	90	identity_auto	39.859	88.098	0.5673	CjpegliYcbcr	1.1
art-scans	haeckel_0007_cephalopods.png	zenjpeg	444	90	model_off	40.030	87.999	0.5580	CjpegliYcbcr	1.1
art-scans	haeckel_0007_cephalopods.png	zenjpeg	444	90	model_auto	40.034	87.424	0.5926	CjpegliYcbcr	1.1
art-scans	haeckel_0007_cephalopods.png	zenjpeg	444	93	identity_off	41.490	89.191	0.5013	CjpegliYcbcr	0.7
art-scans	haeckel_0007_cephalopods.png	zenjpeg	444	93	identity_auto	41.582	89.530	0.5318	CjpegliYcbcr	0.7
art-scans	haeckel_0007_cephalopods.png	zenjpeg	444	93	model_off	41.684	89.262	0.5452	CjpegliYcbcr	0.7
art-scans	haeckel_0007_cephalopods.png	zenjpeg	444	93	model_auto	41.528	88.622	0.5844	CjpegliYcbcr	0.7
art-scans	haeckel_0007_cephalopods.png	zenjpeg	444	96	identity_off	43.893	90.916	0.4655	CjpegliYcbcr	0.3
art-scans	haeckel_0007_cephalopods.png	zenjpeg	444	96	identity_auto	43.893	90.916	0.4655	CjpegliYcbcr	0.3
art-scans	haeckel_0007_cephalopods.png	zenjpeg	444	96	model_off	43.982	90.712	0.5140	CjpegliYcbcr	0.3
art-scans	haeckel_0007_cephalopods.png	zenjpeg	444	96	model_auto	43.531	89.794	0.5445	CjpegliYcbcr	0.3
art-scans	haeckel_0034_radiolaria-green.png	turbo	420	85	identity_off	31.945	83.514	1.0051	ImageMagick	85.0
art-scans	haeckel_0034_radiolaria-green.png	turbo	420	85	identity_auto	31.974	82.931	1.0309	ImageMagick	85.0
art-scans	haeckel_0034_radiolaria-green.png	turbo	420	85	model_off	32.156	83.626	0.9944	ImageMagick	85.0
art-scans	haeckel_0034_radiolaria-green.png	turbo	420	85	model_auto	32.145	82.861	1.0354	ImageMagick	85.0
art-scans	haeckel_0034_radiolaria-green.png	turbo	420	90	identity_off	33.273	86.325	0.7754	ImageMagick	90.0
art-scans	haeckel_0034_radiolaria-green.png	turbo	420	90	identity_auto	33.288	86.180	0.8093	ImageMagick	90.0
art-scans	haeckel_0034_radiolaria-green.png	turbo	420	90	model_off	33.333	86.332	0.7716	ImageMagick	90.0
art-scans	haeckel_0034_radiolaria-green.png	turbo	420	90	model_auto	33.231	85.776	0.8411	ImageMagick	90.0
art-scans	haeckel_0034_radiolaria-green.png	turbo	420	93	identity_off	34.170	88.090	0.6666	ImageMagick	93.0
art-scans	haeckel_0034_radiolaria-green.png	turbo	420	93	identity_auto	34.168	87.885	0.7039	ImageMagick	93.0
art-scans	haeckel_0034_radiolaria-green.png	turbo	420	93	model_off	34.132	87.965	0.6666	ImageMagick	93.0
art-scans	haeckel_0034_radiolaria-green.png	turbo	420	93	model_auto	33.878	87.068	0.7651	ImageMagick	93.0
art-scans	haeckel_0034_radiolaria-green.png	turbo	420	96	identity_off	35.170	89.640	0.5689	ImageMagick	96.0
art-scans	haeckel_0034_radiolaria-green.png	turbo	420	96	identity_auto	35.170	89.640	0.5689	ImageMagick	96.0
art-scans	haeckel_0034_radiolaria-green.png	turbo	420	96	model_off	34.968	89.311	0.5813	ImageMagick	96.0
art-scans	haeckel_0034_radiolaria-green.png	turbo	420	96	model_auto	34.539	88.095	0.6959	ImageMagick	96.0
art-scans	haeckel_0034_radiolaria-green.png	turbo	444	85	identity_off	36.206	90.258	0.5509	ImageMagick	85.0
art-scans	haeckel_0034_radiolaria-green.png	turbo	444	85	identity_auto	36.415	90.000	0.5663	ImageMagick	85.0
art-scans	haeckel_0034_radiolaria-green.png	turbo	444	85	model_off	36.511	89.889	0.5636	ImageMagick	85.0
art-scans	haeckel_0034_radiolaria-green.png	turbo	444	85	model_auto	36.313	88.799	0.6461	ImageMagick	85.0
art-scans	haeckel_0034_radiolaria-green.png	turbo	444	90	identity_off	37.975	92.088	0.4414	ImageMagick	90.0
art-scans	haeckel_0034_radiolaria-green.png	turbo	444	90	identity_auto	38.064	92.093	0.4598	ImageMagick	90.0
art-scans	haeckel_0034_radiolaria-green.png	turbo	444	90	model_off	38.093	91.352	0.4615	ImageMagick	90.0
art-scans	haeckel_0034_radiolaria-green.png	turbo	444	90	model_auto	37.668	90.218	0.5688	ImageMagick	90.0
art-scans	haeckel_0034_radiolaria-green.png	turbo	444	93	identity_off	39.621	93.355	0.3623	ImageMagick	93.0
art-scans	haeckel_0034_radiolaria-green.png	turbo	444	93	identity_auto	39.671	93.258	0.3874	ImageMagick	93.0
art-scans	haeckel_0034_radiolaria-green.png	turbo	444	93	model_off	39.519	92.388	0.4123	ImageMagick	93.0
art-scans	haeckel_0034_radiolaria-green.png	turbo	444	93	model_auto	38.664	91.000	0.5502	ImageMagick	93.0
art-scans	haeckel_0034_radiolaria-green.png	turbo	444	96	identity_off	42.545	94.972	0.2537	ImageMagick	96.0
art-scans	haeckel_0034_radiolaria-green.png	turbo	444	96	identity_auto	42.545	94.972	0.2537	ImageMagick	96.0
art-scans	haeckel_0034_radiolaria-green.png	turbo	444	96	model_off	41.531	92.931	0.3911	ImageMagick	96.0
art-scans	haeckel_0034_radiolaria-green.png	turbo	444	96	model_auto	39.938	91.292	0.5188	ImageMagick	96.0
art-scans	haeckel_0034_radiolaria-green.png	mozjpeg	420	85	identity_off	31.978	84.084	0.9251	Mozjpeg	85.0
art-scans	haeckel_0034_radiolaria-green.png	mozjpeg	420	85	identity_auto	32.027	83.454	0.9662	Mozjpeg	85.0
art-scans	haeckel_0034_radiolaria-green.png	mozjpeg	420	85	model_off	32.008	83.879	0.9419	Mozjpeg	85.0
art-scans	haeckel_0034_radiolaria-green.png	mozjpeg	420	85	model_auto	31.868	82.766	1.0284	Mozjpeg	85.0
art-scans	haeckel_0034_radiolaria-green.png	mozjpeg	420	90	identity_off	32.771	85.967	0.8121	Mozjpeg	90.0
art-scans	haeckel_0034_radiolaria-green.png	mozjpeg	420	90	identity_auto	32.794	85.787	0.8545	Mozjpeg	90.0
art-scans	haeckel_0034_radiolaria-green.png	mozjpeg	420	90	model_off	32.690	85.644	0.8337	Mozjpeg	90.0
art-scans	haeckel_0034_radiolaria-green.png	mozjpeg	420	90	model_auto	32.495	84.804	0.9311	Mozjpeg	90.0
art-scans	haeckel_0034_radiolaria-green.png	mozjpeg	420	93	identity_off	33.319	87.002	0.7406	Mozjpeg	93.0
art-scans	haeckel_0034_radiolaria-green.png	mozjpeg	420	93	identity_auto	33.329	86.807	0.7852	Mozjpeg	93.0
art-scans	haeckel_0034_radiolaria-green.png	mozjpeg	420	93	model_off	33.185	86.676	0.7541	Mozjpeg	93.0
art-scans	haeckel_0034_radiolaria-green.png	mozjpeg	420	93	model_auto	32.905	85.568	0.8748	Mozjpeg	93.0
art-scans	haeckel_0034_radiolaria-green.png	mozjpeg	420	96	identity_off	33.922	88.265	0.6813	Mozjpeg	96.0
art-scans	haeckel_0034_radiolaria-green.png	mozjpeg	420	96	identity_auto	33.922	88.265	0.6813	Mozjpeg	96.0
art-scans	haeckel_0034_radiolaria-green.png	mozjpeg	420	96	model_off	33.710	87.846	0.6947	Mozjpeg	96.0
art-scans	haeckel_0034_radiolaria-green.png	mozjpeg	420	96	model_auto	33.348	86.700	0.7915	Mozjpeg	96.0
art-scans	haeckel_0034_radiolaria-green.png	mozjpeg	444	85	identity_off	37.632	89.906	0.5767	Mozjpeg	85.0
art-scans	haeckel_0034_radiolaria-green.png	mozjpeg	444	85	identity_auto	37.814	89.631	0.5953	Mozjpeg	85.0
art-scans	haeckel_0034_radiolaria-green.png	mozjpeg	444	85	model_off	37.128	88.858	0.6314	Mozjpeg	85.0
art-scans	haeckel_0034_radiolaria-green.png	mozjpeg	444	85	model_auto	36.519	87.649	0.7545	Mozjpeg	85.0
art-scans	haeckel_0034_radiolaria-green.png	mozjpeg	444	90	identity_off	39.621	91.882	0.4579	Mozjpeg	90.0
art-scans	haeckel_0034_radiolaria-green.png	mozjpeg	444	90	identity_auto	39.699	91.876	0.4844	Mozjpeg	90.0
art-scans	haeckel_0034_radiolaria-green.png	mozjpeg	444	90	model_off	38.695	90.295	0.5670	Mozjpeg	90.0
art-scans	haeckel_0034_radiolaria-green.png	mozjpeg	444	90	model_auto	37.744	89.085	0.6805	Mozjpeg	90.0
art-scans	haeckel_0034_radiolaria-green.png	mozjpeg	444	93	identity_off	41.337	93.168	0.3701	Mozjpeg	93.0
art-scans	haeckel_0034_radiolaria-green.png	mozjpeg	444	93	identity_auto	41.346	93.089	0.4024	Mozjpeg	93.0
art-scans	haeckel_0034_radiolaria-green.png	mozjpeg	444	93	model_off	39.995	91.338	0.5110	Mozjpeg	93.0
art-scans	haeckel_0034_radiolaria-green.png	mozjpeg	444	93	model_auto	38.553	89.814	0.6243	Mozjpeg	93.0
art-scans	haeckel_0034_radiolaria-green.png	mozjpeg	444	96	identity_off	44.188	94.772	0.2611	Mozjpeg	96.0
art-scans	haeckel_0034_radiolaria-green.png	mozjpeg	444	96	identity_auto	44.188	94.772	0.2611	Mozjpeg	96.0
art-scans	haeckel_0034_radiolaria-green.png	mozjpeg	444	96	model_off	41.605	92.232	0.4274	Mozjpeg	96.0
art-scans	haeckel_0034_radiolaria-green.png	mozjpeg	444	96	model_auto	39.633	90.537	0.5938	Mozjpeg	96.0
art-scans	haeckel_0034_radiolaria-green.png	jpegli	420	85	identity_off	30.862	83.445	0.8903	CjpegliYcbcr	1.8
art-scans	haeckel_0034_radiolaria-green.png	jpegli	420	85	identity_auto	30.924	83.206	0.8848	CjpegliYcbcr	1.8
art-scans	haeckel_0034_radiolaria-green.png	jpegli	420	85	model_off	31.060	83.253	0.9141	CjpegliYcbcr	1.8
art-scans	haeckel_0034_radiolaria-green.png	jpegli	420	85	model_auto	31.021	82.540	0.9539	CjpegliYcbcr	1.8
art-scans	haeckel_0034_radiolaria-green.png	jpegli	420	90	identity_off	31.903	85.754	0.7708	CjpegliYcbcr	1.3
art-scans	haeckel_0034_radiolaria-green.png	jpegli	420	90	identity_auto	31.931	85.587	0.8182	CjpegliYcbcr	1.3
art-scans	haeckel_0034_radiolaria-green.png	jpegli	420	90	model_off	31.968	85.451	0.8001	CjpegliYcbcr	1.3
art-scans	haeckel_0034_radiolaria-green.png	jpegli	420	90	model_auto	31.855	84.588	0.9149	CjpegliYcbcr	1.3
art-scans	haeckel_0034_radiolaria-green.png	jpegli	420	93	identity_off	32.665	87.138	0.7186	CjpegliYcbcr	1.0
art-scans	haeckel_0034_radiolaria-green.png	jpegli	420	93	identity_auto	32.679	86.889	0.7677	CjpegliYcbcr	1.0
art-scans	haeckel_0034_radiolaria-green.png	jpegli	420	93	model_off	32.639	86.713	0.7424	CjpegliYcbcr	1.0
art-scans	haeckel_0034_radiolaria-green.png	jpegli	420	93	model_auto	32.436	85.553	0.8698	CjpegliYcbcr	1.0
art-scans	haeckel_0034_radiolaria-green.png	jpegli	420	96	identity_off	33.454	88.169	0.6727	CjpegliYcbcr	0.5
art-scans	haeckel_0034_radiolaria-green.png	jpegli	420	96	identity_auto	33.454	88.169	0.6727	CjpegliYcbcr	0.5
art-scans	haeckel_0034_radiolaria-green.png	jpegli	420	96	model_off	33.322	87.706	0.6956	CjpegliYcbcr	0.5
art-scans	haeckel_0034_radiolaria-green.png	jpegli	420	96	model_auto	33.024	86.594	0.7849	CjpegliYcbcr	0.5
art-scans	haeckel_0034_radiolaria-green.png	jpegli	444	85	identity_off	32.687	86.967	0.6820	CjpegliYcbcr	1.4
art-scans	haeckel_0034_radiolaria-green.png	jpegli	444	85	identity_auto	32.820	87.069	0.6978	CjpegliYcbcr	1.4
art-scans	haeckel_0034_radiolaria-green.png	jpegli	444	85	model_off	33.308	87.046	0.7099	CjpegliYcbcr	1.4
art-scans	haeckel_0034_radiolaria-green.png	jpegli	444	85	model_auto	33.359	86.582	0.7720	CjpegliYcbcr	1.4
art-scans	haeckel_0034_radiolaria-green.png	jpegli	444	90	identity_off	34.563	89.863	0.5029	CjpegliYcbcr	1.1
art-scans	haeckel_0034_radiolaria-green.png	jpegli	444	90	identity_auto	34.695	89.920	0.5255	CjpegliYcbcr	1.1
art-scans	haeckel_0034_radiolaria-green.png	jpegli	444	90	model_off	34.962	89.453	0.5889	CjpegliYcbcr	1.1
art-scans	haeckel_0034_radiolaria-green.png	jpegli	444	90	model_auto	34.868	88.530	0.6844	CjpegliYcbcr	1.1
art-scans	haeckel_0034_radiolaria-green.png	jpegli	444	93	identity_off	36.230	91.775	0.3910	CjpegliYcbcr	0.7
art-scans	haeckel_0034_radiolaria-green.png	jpegli	444	93	identity_auto	36.352	91.772	0.4205	CjpegliYcbcr	0.7
art-scans	haeckel_0034_radiolaria-green.png	jpegli	444	93	model_off	36.391	90.791	0.5230	CjpegliYcbcr	0.7
art-scans	haeckel_0034_radiolaria-green.png	jpegli	444	93	model_auto	36.043	89.490	0.6511	CjpegliYcbcr	0.7
art-scans	haeckel_0034_radiolaria-green.png	jpegli	444	96	identity_off	38.532	93.851	0.2727	CjpegliYcbcr	0.3
art-scans	haeckel_0034_radiolaria-green.png	jpegli	444	96	identity_auto	38.532	93.851	0.2727	CjpegliYcbcr	0.3
art-scans	haeckel_0034_radiolaria-green.png	jpegli	444	96	model_off	38.208	91.859	0.4558	CjpegliYcbcr	0.3
art-scans	haeckel_0034_radiolaria-green.png	jpegli	444	96	model_auto	37.451	90.246	0.6187	CjpegliYcbcr	0.3
art-scans	haeckel_0034_radiolaria-green.png	zenjpeg	420	85	identity_off	30.816	83.366	0.9002	CjpegliYcbcr	1.8
art-scans	haeckel_0034_radiolaria-green.png	zenjpeg	420	85	identity_auto	30.879	83.147	0.8935	CjpegliYcbcr	1.8
art-scans	haeckel_0034_radiolaria-green.png	zenjpeg	420	85	model_off	31.022	83.243	0.9192	CjpegliYcbcr	1.8
art-scans	haeckel_0034_radiolaria-green.png	zenjpeg	420	85	model_auto	30.986	82.536	0.9607	CjpegliYcbcr	1.8
art-scans	haeckel_0034_radiolaria-green.png	zenjpeg	420	90	identity_off	31.861	85.628	0.7819	CjpegliYcbcr	1.3
art-scans	haeckel_0034_radiolaria-green.png	zenjpeg	420	90	identity_auto	31.889	85.458	0.8293	CjpegliYcbcr	1.3
art-scans	haeckel_0034_radiolaria-green.png	zenjpeg	420	90	model_off	31.932	85.341	0.8266	CjpegliYcbcr	1.3
art-scans	haeckel_0034_radiolaria-green.png	zenjpeg	420	90	model_auto	31.821	84.494	0.9367	CjpegliYcbcr	1.3
art-scans	haeckel_0034_radiolaria-green.png	zenjpeg	420	93	identity_off	32.619	87.100	0.7162	CjpegliYcbcr	1.0
art-scans	haeckel_0034_radiolaria-green.png	zenjpeg	420	93	identity_auto	32.634	86.858	0.7649	CjpegliYcbcr	1.0
art-scans	haeckel_0034_radiolaria-green.png	zenjpeg	420	93	model_off	32.598	86.724	0.7356	CjpegliYcbcr	1.0
art-scans	haeckel_0034_radiolaria-green.png	zenjpeg	420	93	model_auto	32.403	85.604	0.8636	CjpegliYcbcr	1.0
art-scans	haeckel_0034_radiolaria-green.png	zenjpeg	420	96	identity_off	33.427	88.222	0.6671	CjpegliYcbcr	0.5
art-scans	haeckel_0034_radiolaria-green.png	zenjpeg	420	96	identity_auto	33.427	88.222	0.6671	CjpegliYcbcr	0.5
art-scans	haeckel_0034_radiolaria-green.png	zenjpeg	420	96	model_off	33.297	87.763	0.6908	CjpegliYcbcr	0.5
art-scans	haeckel_0034_radiolaria-green.png	zenjpeg	420	96	model_auto	33.008	86.637	0.7881	CjpegliYcbcr	0.5
art-scans	haeckel_0034_radiolaria-green.png	zenjpeg	444	85	identity_off	32.608	86.836	0.6823	CjpegliYcbcr	1.4
art-scans	haeckel_0034_radiolaria-green.png	zenjpeg	444	85	identity_auto	32.741	86.940	0.6967	CjpegliYcbcr	1.4
art-scans	haeckel_0034_radiolaria-green.png	zenjpeg	444	85	model_off	33.241	86.918	0.7158	CjpegliYcbcr	1.4
art-scans	haeckel_0034_radiolaria-green.png	zenjpeg	444	85	model_auto	33.292	86.455	0.7770	CjpegliYcbcr	1.4
art-scans	haeckel_0034_radiolaria-green.png	zenjpeg	444	90	identity_off	34.471	89.675	0.5118	CjpegliYcbcr	1.1
art-scans	haeckel_0034_radiolaria-green.png	zenjpeg	444	90	identity_auto	34.603	89.734	0.5336	CjpegliYcbcr	1.1
art-scans	haeckel_0034_radiolaria-green.png	zenjpeg	444	90	model_off	34.883	89.365	0.5771	CjpegliYcbcr	1.1
art-scans	haeckel_0034_radiolaria-green.png	zenjpeg	444	90	model_auto	34.795	88.479	0.6767	CjpegliYcbcr	1.1
art-scans	haeckel_0034_radiolaria-green.png	zenjpeg	444	93	identity_off	36.135	91.733	0.3960	CjpegliYcbcr	0.7
art-scans	haeckel_0034_radiolaria-green.png	zenjpeg	444	93	identity_auto	36.258	91.747	0.4247	CjpegliYcbcr	0.7
art-scans	haeckel_0034_radiolaria-green.png	zenjpeg	444	93	model_off	36.312	90.859	0.5165	CjpegliYcbcr	0.7
art-scans	haeckel_0034_radiolaria-green.png	zenjpeg	444	93	model_auto	35.984	89.522	0.6550	CjpegliYcbcr	0.7
art-scans	haeckel_0034_radiolaria-green.png	zenjpeg	444	96	identity_off	38.429	93.718	0.2790	CjpegliYcbcr	0.3
art-scans	haeckel_0034_radiolaria-green.png	zenjpeg	444	96	identity_auto	38.429	93.718	0.2790	CjpegliYcbcr	0.3
art-scans	haeckel_0034_radiolaria-green.png	zenjpeg	444	96	model_off	38.160	92.059	0.4312	CjpegliYcbcr	0.3
art-scans	haeckel_0034_radiolaria-green.png	zenjpeg	444	96	model_auto	37.421	90.456	0.6023	CjpegliYcbcr	0.3
art-scans	haeckel_0040_starfish.png	turbo	420	85	identity_off	29.945	74.673	1.6882	ImageMagick	85.0
art-scans	haeckel_0040_starfish.png	turbo	420	85	identity_auto	29.948	74.140	1.7293	ImageMagick	85.0
art-scans	haeckel_0040_starfish.png	turbo	420	85	model_off	29.991	74.290	1.7833	ImageMagick	85.0
art-scans	haeckel_0040_starfish.png	turbo	420	85	model_auto	29.872	71.824	1.9513	ImageMagick	85.0
art-scans	haeckel_0040_starfish.png	turbo	420	90	identity_off	30.820	78.166	1.4562	ImageMagick	90.0
art-scans	haeckel_0040_starfish.png	turbo	420	90	identity_auto	30.819	77.959	1.5109	ImageMagick	90.0
art-scans	haeckel_0040_starfish.png	turbo	420	90	model_off	30.822	77.652	1.5142	ImageMagick	90.0
art-scans	haeckel_0040_starfish.png	turbo	420	90	model_auto	30.605	74.557	1.8145	ImageMagick	90.0
art-scans	haeckel_0040_starfish.png	turbo	420	93	identity_off	31.386	79.839	1.3599	ImageMagick	93.0
art-scans	haeckel_0040_starfish.png	turbo	420	93	identity_auto	31.375	79.608	1.4192	ImageMagick	93.0
art-scans	haeckel_0040_starfish.png	turbo	420	93	model_off	31.362	79.255	1.4540	ImageMagick	93.0
art-scans	haeckel_0040_starfish.png	turbo	420	93	model_auto	31.029	75.559	1.7960	ImageMagick	93.0
art-scans	haeckel_0040_starfish.png	turbo	420	96	identity_off	31.880	81.399	1.2899	ImageMagick	96.0
art-scans	haeckel_0040_starfish.png	turbo	420	96	identity_auto	31.880	81.399	1.2899	ImageMagick	96.0
art-scans	haeckel_0040_starfish.png	turbo	420	96	model_off	31.826	80.647	1.3265	ImageMagick	96.0
art-scans	haeckel_0040_starfish.png	turbo	420	96	model_auto	31.396	77.004	1.6171	ImageMagick	96.0
art-scans	haeckel_0040_starfish.png	turbo	444	85	identity_off	34.744	88.068	0.8168	ImageMagick	85.0
art-scans	haeckel_0040_starfish.png	turbo	444	85	identity_auto	34.998	88.030	0.8154	ImageMagick	85.0
art-scans	haeckel_0040_starfish.png	turbo	444	85	model_off	34.748	84.646	1.3433	ImageMagick	85.0
art-scans	haeckel_0040_starfish.png	turbo	444	85	model_auto	34.335	79.536	1.7192	ImageMagick	85.0
art-scans	haeckel_0040_starfish.png	turbo	444	90	identity_off	36.797	90.612	0.6411	ImageMagick	90.0
art-scans	haeckel_0040_starfish.png	turbo	444	90	identity_auto	36.898	90.630	0.6543	ImageMagick	90.0
art-scans	haeckel_0040_starfish.png	turbo	444	90	model_off	36.623	86.605	1.2827	ImageMagick	90.0
art-scans	haeckel_0040_starfish.png	turbo	444	90	model_auto	35.627	81.395	1.6176	ImageMagick	90.0
art-scans	haeckel_0040_starfish.png	turbo	444	93	identity_off	38.702	92.077	0.5265	ImageMagick	93.0
art-scans	haeckel_0040_starfish.png	turbo	444	93	identity_auto	38.772	92.065	0.5445	ImageMagick	93.0
art-scans	haeckel_0040_starfish.png	turbo	444	93	model_off	38.195	87.173	1.1633	ImageMagick	93.0
art-scans	haeckel_0040_starfish.png	turbo	444	93	model_auto	36.471	81.078	1.6481	ImageMagick	93.0
art-scans	haeckel_0040_starfish.png	turbo	444	96	identity_off	41.901	94.092	0.3768	ImageMagick	96.0
art-scans	haeckel_0040_starfish.png	turbo	444	96	identity_auto	41.901	94.092	0.3768	ImageMagick	96.0
art-scans	haeckel_0040_starfish.png	turbo	444	96	model_off	40.358	87.968	1.1206	ImageMagick	96.0
art-scans	haeckel_0040_starfish.png	turbo	444	96	model_auto	37.430	81.859	1.5931	ImageMagick	96.0
art-scans	haeckel_0040_starfish.png	mozjpeg	420	85	identity_off	29.392	73.867	1.7414	Mozjpeg	85.0
art-scans	haeckel_0040_starfish.png	mozjpeg	420	85	identity_auto	29.394	73.111	1.7985	Mozjpeg	85.0
art-scans	haeckel_0040_starfish.png	mozjpeg	420	85	model_off	29.379	73.051	1.8278	Mozjpeg	85.0
art-scans	haeckel_0040_starfish.png	mozjpeg	420	85	model_auto	29.197	70.198	2.0819	Mozjpeg	85.0
art-scans	haeckel_0040_starfish.png	mozjpeg	420	90	identity_off	30.003	75.982	1.6228	Mozjpeg	90.0
art-scans	haeckel_0040_starfish.png	mozjpeg	420	90	identity_auto	30.004	75.711	1.6843	Mozjpeg	90.0
art-scans	haeckel_0040_starfish.png	mozjpeg	420	90	model_off	29.973	75.196	1.6744	Mozjpeg	90.0
art-scans	haeckel_0040_starfish.png	mozjpeg	420	90	model_auto	29.734	72.265	1.9601	Mozjpeg	90.0
art-scans	haeckel_0040_starfish.png	mozjpeg	420	93	identity_off	30.384	77.265	1.5601	Mozjpeg	93.0
art-scans	haeckel_0040_starfish.png	mozjpeg	420	93	identity_auto	30.377	76.966	1.6239	Mozjpeg	93.0
art-scans	haeckel_0040_starfish.png	mozjpeg	420	93	model_off	30.346	76.640	1.5830	Mozjpeg	93.0
art-scans	haeckel_0040_starfish.png	mozjpeg	420	93	model_auto	30.034	73.201	1.8985	Mozjpeg	93.0
art-scans	haeckel_0040_starfish.png	mozjpeg	420	96	identity_off	30.771	78.360	1.5032	Mozjpeg	96.0
art-scans	haeckel_0040_starfish.png	mozjpeg	420	96	identity_auto	30.771	78.360	1.5032	Mozjpeg	96.0
art-scans	haeckel_0040_starfish.png	mozjpeg	420	96	model_off	30.718	77.670	1.5217	Mozjpeg	96.0
art-scans	haeckel_0040_starfish.png	mozjpeg	420	96	model_auto	30.356	74.253	1.7967	Mozjpeg	96.0
art-scans	haeckel_0040_starfish.png	mozjpeg	444	85	identity_off	37.096	89.438	0.6439	Mozjpeg	85.0
art-scans	haeckel_0040_starfish.png	mozjpeg	444	85	identity_auto	37.296	89.300	0.6597	Mozjpeg	85.0
art-scans	haeckel_0040_starfish.png	mozjpeg	444	85	model_off	36.203	83.725	1.3857	Mozjpeg	85.0
art-scans	haeckel_0040_starfish.png	mozjpeg	444	85	model_auto	34.936	78.307	1.8257	Mozjpeg	85.0
art-scans	haeckel_0040_starfish.png	mozjpeg	444	90	identity_off	39.192	91.749	0.5010	Mozjpeg	90.0
art-scans	haeckel_0040_starfish.png	mozjpeg	444	90	identity_auto	39.270	91.737	0.5276	Mozjpeg	90.0
art-scans	haeckel_0040_starfish.png	mozjpeg	444	90	model_off	37.898	85.788	1.3007	Mozjpeg	90.0
art-scans	haeckel_0040_starfish.png	mozjpeg	444	90	model_auto	35.936	79.826	1.7374	Mozjpeg	90.0
art-scans	haeckel_0040_starfish.png	mozjpeg	444	93	identity_off	40.949	93.039	0.4140	Mozjpeg	93.0
art-scans	haeckel_0040_starfish.png	mozjpeg	444	93	identity_auto	40.979	92.932	0.4467	Mozjpeg	93.0
art-scans	haeckel_0040_starfish.png	mozjpeg	444	93	model_off	39.093	86.568	1.2092	Mozjpeg	93.0
art-scans	haeckel_0040_starfish.png	mozjpeg	444	93	model_auto	36.474	79.915	1.7460	Mozjpeg	93.0
art-scans	haeckel_0040_starfish.png	mozjpeg	444	96	identity_off	43.756	94.466	0.3312	Mozjpeg	96.0
art-scans	haeckel_0040_starfish.png	mozjpeg	444	96	identity_auto	43.756	94.466	0.3312	Mozjpeg	96.0
art-scans	haeckel_0040_starfish.png	mozjpeg	444	96	model_off	40.534	87.118	1.2059	Mozjpeg	96.0
art-scans	haeckel_0040_starfish.png	mozjpeg	444	96	model_auto	37.127	80.785	1.6932	Mozjpeg	96.0
art-scans	haeckel_0040_starfish.png	jpegli	420	85	identity_off	29.419	75.224	1.6314	CjpegliYcbcr	1.8
art-scans	haeckel_0040_starfish.png	jpegli	420	85	identity_auto	29.436	74.859	1.6341	CjpegliYcbcr	1.8
art-scans	haeckel_0040_starfish.png	jpegli	420	85	model_off	29.390	73.336	1.8316	CjpegliYcbcr	1.8
art-scans	haeckel_0040_starfish.png	jpegli	420	85	model_auto	29.197	70.588	2.0425	CjpegliYcbcr	1.8
art-scans	haeckel_0040_starfish.png	jpegli	420	90	identity_off	29.994	77.100	1.5574	CjpegliYcbcr	1.3
art-scans	haeckel_0040_starfish.png	jpegli	420	90	identity_auto	29.997	76.827	1.6226	CjpegliYcbcr	1.3
art-scans	haeckel_0040_starfish.png	jpegli	420	90	model_off	29.957	75.826	1.6598	CjpegliYcbcr	1.3
art-scans	haeckel_0040_starfish.png	jpegli	420	90	model_auto	29.692	72.114	2.0085	CjpegliYcbcr	1.3
art-scans	haeckel_0040_starfish.png	jpegli	420	93	identity_off	30.363	77.903	1.5176	CjpegliYcbcr	1.0
art-scans	haeckel_0040_starfish.png	jpegli	420	93	identity_auto	30.357	77.587	1.5842	CjpegliYcbcr	1.0
art-scans	haeckel_0040_starfish.png	jpegli	420	93	model_off	30.321	76.780	1.6384	CjpegliYcbcr	1.0
art-scans	haeckel_0040_starfish.png	jpegli	420	93	model_auto	29.998	72.961	1.9757	CjpegliYcbcr	1.0
art-scans	haeckel_0040_starfish.png	jpegli	420	96	identity_off	30.686	78.583	1.4897	CjpegliYcbcr	0.5
art-scans	haeckel_0040_starfish.png	jpegli	420	96	identity_auto	30.686	78.583	1.4897	CjpegliYcbcr	0.5
art-scans	haeckel_0040_starfish.png	jpegli	420	96	model_off	30.637	77.736	1.5235	CjpegliYcbcr	0.5
art-scans	haeckel_0040_starfish.png	jpegli	420	96	model_auto	30.275	74.158	1.8197	CjpegliYcbcr	0.5
art-scans	haeckel_0040_starfish.png	jpegli	444	85	identity_off	32.856	85.323	0.9640	CjpegliYcbcr	1.4
art-scans	haeckel_0040_starfish.png	jpegli	444	85	identity_auto	32.976	85.521	0.9646	CjpegliYcbcr	1.4
art-scans	haeckel_0040_starfish.png	jpegli	444	85	model_off	32.862	81.549	1.4677	CjpegliYcbcr	1.4
art-scans	haeckel_0040_starfish.png	jpegli	444	85	model_auto	32.541	76.998	1.8912	CjpegliYcbcr	1.4
art-scans	haeckel_0040_starfish.png	jpegli	444	90	identity_off	34.913	88.586	0.7372	CjpegliYcbcr	1.1
art-scans	haeckel_0040_starfish.png	jpegli	444	90	identity_auto	35.036	88.730	0.7418	CjpegliYcbcr	1.1
art-scans	haeckel_0040_starfish.png	jpegli	444	90	model_off	34.719	84.576	1.3398	CjpegliYcbcr	1.1
art-scans	haeckel_0040_starfish.png	jpegli	444	90	model_auto	33.990	79.324	1.7283	CjpegliYcbcr	1.1
art-scans	haeckel_0040_starfish.png	jpegli	444	93	identity_off	36.770	90.777	0.5867	CjpegliYcbcr	0.7
art-scans	haeckel_0040_starfish.png	jpegli	444	93	identity_auto	36.887	90.843	0.5970	CjpegliYcbcr	0.7
art-scans	haeckel_0040_starfish.png	jpegli	444	93	model_off	36.276	85.998	1.2335	CjpegliYcbcr	0.7
art-scans	haeckel_0040_starfish.png	jpegli	444	93	model_auto	34.985	79.913	1.7017	CjpegliYcbcr	0.7
art-scans	haeckel_0040_starfish.png	jpegli	444	96	identity_off	39.394	93.268	0.4192	CjpegliYcbcr	0.3
art-scans	haeckel_0040_starfish.png	jpegli	444	96	identity_auto	39.394	93.268	0.4192	CjpegliYcbcr	0.3
art-scans	haeckel_0040_starfish.png	jpegli	444	96	model_off	38.201	86.774	1.2530	CjpegliYcbcr	0.3
art-scans	haeckel_0040_starfish.png	jpegli	444	96	model_auto	36.062	80.631	1.6953	CjpegliYcbcr	0.3
art-scans	haeckel_0040_starfish.png	zenjpeg	420	85	identity_off	29.403	75.169	1.6319	CjpegliYcbcr	1.8
art-scans	haeckel_0040_starfish.png	zenjpeg	420	85	identity_auto	29.420	74.810	1.6347	CjpegliYcbcr	1.8
art-scans	haeckel_0040_starfish.png	zenjpeg	420	85	model_off	29.373	73.380	1.7810	CjpegliYcbcr	1.8
art-scans	haeckel_0040_starfish.png	zenjpeg	420	85	model_auto	29.184	70.477	2.0685	CjpegliYcbcr	1.8
art-scans	haeckel_0040_starfish.png	zenjpeg	420	90	identity_off	29.982	77.083	1.5569	CjpegliYcbcr	1.3
art-scans	haeckel_0040_starfish.png	zenjpeg	420	90	identity_auto	29.985	76.808	1.6222	CjpegliYcbcr	1.3
art-scans	haeckel_0040_starfish.png	zenjpeg	420	90	model_off	29.948	75.765	1.6322	CjpegliYcbcr	1.3
art-scans	haeckel_0040_starfish.png	zenjpeg	420	90	model_auto	29.685	71.768	2.0988	CjpegliYcbcr	1.3
art-scans	haeckel_0040_starfish.png	zenjpeg	420	93	identity_off	30.353	77.850	1.5154	CjpegliYcbcr	1.0
art-scans	haeckel_0040_starfish.png	zenjpeg	420	93	identity_auto	30.348	77.559	1.5818	CjpegliYcbcr	1.0
art-scans	haeckel_0040_starfish.png	zenjpeg	420	93	model_off	30.311	76.944	1.5642	CjpegliYcbcr	1.0
art-scans	haeckel_0040_starfish.png	zenjpeg	420	93	model_auto	29.993	73.099	1.9130	CjpegliYcbcr	1.0
art-scans	haeckel_0040_starfish.png	zenjpeg	420	96	identity_off	30.678	78.528	1.4892	CjpegliYcbcr	0.5
art-scans	haeckel_0040_starfish.png	zenjpeg	420	96	identity_auto	30.678	78.528	1.4892	CjpegliYcbcr	0.5
art-scans	haeckel_0040_starfish.png	zenjpeg	420	96	model_off	30.629	77.668	1.5156	CjpegliYcbcr	0.5
art-scans	haeckel_0040_starfish.png	zenjpeg	420	96	model_auto	30.273	73.968	1.8499	CjpegliYcbcr	0.5
art-scans	haeckel_0040_starfish.png	zenjpeg	444	85	identity_off	32.812	85.254	0.9725	CjpegliYcbcr	1.4
art-scans	haeckel_0040_starfish.png	zenjpeg	444	85	identity_auto	32.931	85.410	0.9757	CjpegliYcbcr	1.4
art-scans	haeckel_0040_starfish.png	zenjpeg	444	85	model_off	32.811	81.160	1.5333	CjpegliYcbcr	1.4
art-scans	haeckel_0040_starfish.png	zenjpeg	444	85	model_auto	32.496	76.944	1.8995	CjpegliYcbcr	1.4
art-scans	haeckel_0040_starfish.png	zenjpeg	444	90	identity_off	34.860	88.521	0.7467	CjpegliYcbcr	1.1
art-scans	haeckel_0040_starfish.png	zenjpeg	444	90	identity_auto	34.983	88.664	0.7547	CjpegliYcbcr	1.1
art-scans	haeckel_0040_starfish.png	zenjpeg	444	90	model_off	34.685	84.522	1.3463	CjpegliYcbcr	1.1
art-scans	haeckel_0040_starfish.png	zenjpeg	444	90	model_auto	33.969	79.430	1.7149	CjpegliYcbcr	1.1
art-scans	haeckel_0040_starfish.png	zenjpeg	444	93	identity_off	36.700	90.705	0.5906	CjpegliYcbcr	0.7
art-scans	haeckel_0040_starfish.png	zenjpeg	444	93	identity_auto	36.818	90.829	0.6030	CjpegliYcbcr	0.7
art-scans	haeckel_0040_starfish.png	zenjpeg	444	93	model_off	36.220	85.986	1.2390	CjpegliYcbcr	0.7
art-scans	haeckel_0040_starfish.png	zenjpeg	444	93	model_auto	34.965	79.889	1.7188	CjpegliYcbcr	0.7
art-scans	haeckel_0040_starfish.png	zenjpeg	444	96	identity_off	39.303	93.168	0.4292	CjpegliYcbcr	0.3
art-scans	haeckel_0040_starfish.png	zenjpeg	444	96	identity_auto	39.303	93.168	0.4292	CjpegliYcbcr	0.3
art-scans	haeckel_0040_starfish.png	zenjpeg	444	96	model_off	38.135	87.100	1.2149	CjpegliYcbcr	0.3
art-scans	haeckel_0040_starfish.png	zenjpeg	444	96	model_auto	36.048	80.975	1.6422	CjpegliYcbcr	0.3
maps	nps_nps-bibe-2023-Wild-and-Scenic-Rivers-Brochure_p01.png	turbo	420	85	identity_off	38.039	80.218	0.9796	ImageMagick	85.0
maps	nps_nps-bibe-2023-Wild-and-Scenic-Rivers-Brochure_p01.png	turbo	420	85	identity_auto	38.175	81.011	0.9722	ImageMagick	85.0
maps	nps_nps-bibe-2023-Wild-and-Scenic-Rivers-Brochure_p01.png	turbo	420	85	model_off	40.344	84.163	0.7680	ImageMagick	85.0
maps	nps_nps-bibe-2023-Wild-and-Scenic-Rivers-Brochure_p01.png	turbo	420	85	model_auto	40.266	84.439	0.8000	ImageMagick	85.0
maps	nps_nps-bibe-2023-Wild-and-Scenic-Rivers-Brochure_p01.png	turbo	420	90	identity_off	40.048	83.738	0.7952	ImageMagick	90.0
maps	nps_nps-bibe-2023-Wild-and-Scenic-Rivers-Brochure_p01.png	turbo	420	90	identity_auto	40.086	84.049	0.8056	ImageMagick	90.0
maps	nps_nps-bibe-2023-Wild-and-Scenic-Rivers-Brochure_p01.png	turbo	420	90	model_off	42.064	86.554	0.6892	ImageMagick	90.0
maps	nps_nps-bibe-2023-Wild-and-Scenic-Rivers-Brochure_p01.png	turbo	420	90	model_auto	41.968	86.656	0.7186	ImageMagick	90.0
maps	nps_nps-bibe-2023-Wild-and-Scenic-Rivers-Brochure_p01.png	turbo	420	93	identity_off	41.649	86.032	0.6704	ImageMagick	93.0
maps	nps_nps-bibe-2023-Wild-and-Scenic-Rivers-Brochure_p01.png	turbo	420	93	identity_auto	41.654	86.318	0.6881	ImageMagick	93.0
maps	nps_nps-bibe-2023-Wild-and-Scenic-Rivers-Brochure_p01.png	turbo	420	93	model_off	43.405	88.236	0.6372	ImageMagick	93.0
maps	nps_nps-bibe-2023-Wild-and-Scenic-Rivers-Brochure_p01.png	turbo	420	93	model_auto	43.292	88.213	0.6656	ImageMagick	93.0
maps	nps_nps-bibe-2023-Wild-and-Scenic-Rivers-Brochure_p01.png	turbo	420	96	identity_off	43.977	89.197	0.6049	ImageMagick	96.0
maps	nps_nps-bibe-2023-Wild-and-Scenic-Rivers-Brochure_p01.png	turbo	420	96	identity_auto	43.977	89.197	0.6049	ImageMagick	96.0
maps	nps_nps-bibe-2023-Wild-and-Scenic-Rivers-Brochure_p01.png	turbo	420	96	model_off	45.219	89.942	0.6132	ImageMagick	96.0
maps	nps_nps-bibe-2023-Wild-and-Scenic-Rivers-Brochure_p01.png	turbo	420	96	model_auto	45.355	90.050	0.6188	ImageMagick	96.0
maps	nps_nps-bibe-2023-Wild-and-Scenic-Rivers-Brochure_p01.png	turbo	444	85	identity_off	39.075	82.559	0.9557	ImageMagick	85.0
maps	nps_nps-bibe-2023-Wild-and-Scenic-Rivers-Brochure_p01.png	turbo	444	85	identity_auto	39.284	83.178	0.9490	ImageMagick	85.0
maps	nps_nps-bibe-2023-Wild-and-Scenic-Rivers-Brochure_p01.png	turbo	444	85	model_off	41.686	86.141	0.7445	ImageMagick	85.0
maps	nps_nps-bibe-2023-Wild-and-Scenic-Rivers-Brochure_p01.png	turbo	444	85	model_auto	41.621	86.428	0.7717	ImageMagick	85.0
maps	nps_nps-bibe-2023-Wild-and-Scenic-Rivers-Brochure_p01.png	turbo	444	90	identity_off	41.467	85.863	0.7630	ImageMagick	90.0
maps	nps_nps-bibe-2023-Wild-and-Scenic-Rivers-Brochure_p01.png	turbo	444	90	identity_auto	41.543	86.071	0.7768	ImageMagick	90.0
maps	nps_nps-bibe-2023-Wild-and-Scenic-Rivers-Brochure_p01.png	turbo	444	90	model_off	43.727	88.397	0.6560	ImageMagick	90.0
maps	nps_nps-bibe-2023-Wild-and-Scenic-Rivers-Brochure_p01.png	turbo	444	90	model_auto	43.630	88.380	0.6867	ImageMagick	90.0
maps	nps_nps-bibe-2023-Wild-and-Scenic-Rivers-Brochure_p01.png	turbo	444	93	identity_off	43.359	88.165	0.6327	ImageMagick	93.0
maps	nps_nps-bibe-2023-Wild-and-Scenic-Rivers-Brochure_p01.png	turbo	444	93	identity_auto	43.403	88.315	0.6557	ImageMagick	93.0
maps	nps_nps-bibe-2023-Wild-and-Scenic-Rivers-Brochure_p01.png	turbo	444	93	model_off	45.257	89.675	0.6078	ImageMagick	93.0
maps	nps_nps-bibe-2023-Wild-and-Scenic-Rivers-Brochure_p01.png	turbo	444	93	model_auto	45.140	89.830	0.6465	ImageMagick	93.0
maps	nps_nps-bibe-2023-Wild-and-Scenic-Rivers-Brochure_p01.png	turbo	444	96	identity_off	46.074	90.526	0.5747	ImageMagick	96.0
maps	nps_nps-bibe-2023-Wild-and-Scenic-Rivers-Brochure_p01.png	turbo	444	96	identity_auto	46.074	90.526	0.5747	ImageMagick	96.0
maps	nps_nps-bibe-2023-Wild-and-Scenic-Rivers-Brochure_p01.png	turbo	444	96	model_off	47.315	91.018	0.5865	ImageMagick	96.0
maps	nps_nps-bibe-2023-Wild-and-Scenic-Rivers-Brochure_p01.png	turbo	444	96	model_auto	47.477	91.059	0.5964	ImageMagick	96.0
maps	nps_nps-bibe-2023-Wild-and-Scenic-Rivers-Brochure_p01.png	mozjpeg	420	85	identity_off	34.192	76.996	1.1621	Mozjpeg	85.0
maps	nps_nps-bibe-2023-Wild-and-Scenic-Rivers-Brochure_p01.png	mozjpeg	420	85	identity_auto	34.314	77.789	1.1607	Mozjpeg	85.0
maps	nps_nps-bibe-2023-Wild-and-Scenic-Rivers-Brochure_p01.png	mozjpeg	420	85	model_off	36.950	81.662	0.8821	Mozjpeg	85.0
maps	nps_nps-bibe-2023-Wild-and-Scenic-Rivers-Brochure_p01.png	mozjpeg	420	85	model_auto	36.893	81.704	0.9160	Mozjpeg	85.0
maps	nps_nps-bibe-2023-Wild-and-Scenic-Rivers-Brochure_p01.png	mozjpeg	420	90	identity_off	36.231	81.173	0.9398	Mozjpeg	90.0
maps	nps_nps-bibe-2023-Wild-and-Scenic-Rivers-Brochure_p01.png	mozjpeg	420	90	identity_auto	36.274	81.516	0.9498	Mozjpeg	90.0
maps	nps_nps-bibe-2023-Wild-and-Scenic-Rivers-Brochure_p01.png	mozjpeg	420	90	model_off	38.851	84.708	0.7341	Mozjpeg	90.0
maps	nps_nps-bibe-2023-Wild-and-Scenic-Rivers-Brochure_p01.png	mozjpeg	420	90	model_auto	38.766	84.708	0.7667	Mozjpeg	90.0
maps	nps_nps-bibe-2023-Wild-and-Scenic-Rivers-Brochure_p01.png	mozjpeg	420	93	identity_off	37.944	83.621	0.7688	Mozjpeg	93.0
maps	nps_nps-bibe-2023-Wild-and-Scenic-Rivers-Brochure_p01.png	mozjpeg	420	93	identity_auto	37.978	83.846	0.7852	Mozjpeg	93.0
maps	nps_nps-bibe-2023-Wild-and-Scenic-Rivers-Brochure_p01.png	mozjpeg	420	93	model_off	40.410	86.498	0.6571	Mozjpeg	93.0
maps	nps_nps-bibe-2023-Wild-and-Scenic-Rivers-Brochure_p01.png	mozjpeg	420	93	model_auto	40.275	86.436	0.6963	Mozjpeg	93.0
maps	nps_nps-bibe-2023-Wild-and-Scenic-Rivers-Brochure_p01.png	mozjpeg	420	96	identity_off	40.837	86.644	0.6230	Mozjpeg	96.0
maps	nps_nps-bibe-2023-Wild-and-Scenic-Rivers-Brochure_p01.png	mozjpeg	420	96	identity_auto	40.837	86.644	0.6230	Mozjpeg	96.0
maps	nps_nps-bibe-2023-Wild-and-Scenic-Rivers-Brochure_p01.png	mozjpeg	420	96	model_off	42.848	88.351	0.6140	Mozjpeg	96.0
maps	nps_nps-bibe-2023-Wild-and-Scenic-Rivers-Brochure_p01.png	mozjpeg	420	96	model_auto	42.748	88.329	0.6223	Mozjpeg	96.0
maps	nps_nps-bibe-2023-Wild-and-Scenic-Rivers-Brochure_p01.png	mozjpeg	444	85	identity_off	34.507	78.498	1.1460	Mozjpeg	85.0
maps	nps_nps-bibe-2023-Wild-and-Scenic-Rivers-Brochure_p01.png	mozjpeg	444	85	identity_auto	34.646	79.311	1.1467	Mozjpeg	85.0
maps	nps_nps-bibe-2023-Wild-and-Scenic-Rivers-Brochure_p01.png	mozjpeg	444	85	model_off	37.332	82.865	0.8676	Mozjpeg	85.0
maps	nps_nps-bibe-2023-Wild-and-Scenic-Rivers-Brochure_p01.png	mozjpeg	444	85	model_auto	37.291	82.966	0.9011	Mozjpeg	85.0
maps	nps_nps-bibe-2023-Wild-and-Scenic-Rivers-Brochure_p01.png	mozjpeg	444	90	identity_off	36.641	82.529	0.9229	Mozjpeg	90.0
maps	nps_nps-bibe-2023-Wild-and-Scenic-Rivers-Brochure_p01.png	mozjpeg	444	90	identity_auto	36.692	82.839	0.9366	Mozjpeg	90.0
maps	nps_nps-bibe-2023-Wild-and-Scenic-Rivers-Brochure_p01.png	mozjpeg	444	90	model_off	39.341	85.607	0.7235	Mozjpeg	90.0
maps	nps_nps-bibe-2023-Wild-and-Scenic-Rivers-Brochure_p01.png	mozjpeg	444	90	model_auto	39.261	85.753	0.7590	Mozjpeg	90.0
maps	nps_nps-bibe-2023-Wild-and-Scenic-Rivers-Brochure_p01.png	mozjpeg	444	93	identity_off	38.479	84.817	0.7483	Mozjpeg	93.0
maps	nps_nps-bibe-2023-Wild-and-Scenic-Rivers-Brochure_p01.png	mozjpeg	444	93	identity_auto	38.523	85.032	0.7673	Mozjpeg	93.0
maps	nps_nps-bibe-2023-Wild-and-Scenic-Rivers-Brochure_p01.png	mozjpeg	444	93	model_off	41.031	87.278	0.6357	Mozjpeg	93.0
maps	nps_nps-bibe-2023-Wild-and-Scenic-Rivers-Brochure_p01.png	mozjpeg	444	93	model_auto	40.904	87.204	0.6753	Mozjpeg	93.0
maps	nps_nps-bibe-2023-Wild-and-Scenic-Rivers-Brochure_p01.png	mozjpeg	444	96	identity_off	41.717	87.815	0.6020	Mozjpeg	96.0
maps	nps_nps-bibe-2023-Wild-and-Scenic-Rivers-Brochure_p01.png	mozjpeg	444	96	identity_auto	41.717	87.815	0.6020	Mozjpeg	96.0
maps	nps_nps-bibe-2023-Wild-and-Scenic-Rivers-Brochure_p01.png	mozjpeg	444	96	model_off	43.815	89.128	0.6016	Mozjpeg	96.0
maps	nps_nps-bibe-2023-Wild-and-Scenic-Rivers-Brochure_p01.png	mozjpeg	444	96	model_auto	43.725	89.084	0.6115	Mozjpeg	96.0
maps	nps_nps-bibe-2023-Wild-and-Scenic-Rivers-Brochure_p01.png	jpegli	420	85	identity_off	38.110	80.214	0.8493	CjpegliYcbcr	1.8
maps	nps_nps-bibe-2023-Wild-and-Scenic-Rivers-Brochure_p01.png	jpegli	420	85	identity_auto	38.278	80.940	0.8367	CjpegliYcbcr	1.8
maps	nps_nps-bibe-2023-Wild-and-Scenic-Rivers-Brochure_p01.png	jpegli	420	85	model_off	39.986	83.336	0.7585	CjpegliYcbcr	1.8
maps	nps_nps-bibe-2023-Wild-and-Scenic-Rivers-Brochure_p01.png	jpegli	420	85	model_auto	39.963	83.432	0.7892	CjpegliYcbcr	1.8
maps	nps_nps-bibe-2023-Wild-and-Scenic-Rivers-Brochure_p01.png	jpegli	420	90	identity_off	40.257	82.922	0.7719	CjpegliYcbcr	1.3
maps	nps_nps-bibe-2023-Wild-and-Scenic-Rivers-Brochure_p01.png	jpegli	420	90	identity_auto	40.315	83.357	0.7897	CjpegliYcbcr	1.3
maps	nps_nps-bibe-2023-Wild-and-Scenic-Rivers-Brochure_p01.png	jpegli	420	90	model_off	41.929	85.374	0.7529	CjpegliYcbcr	1.3
maps	nps_nps-bibe-2023-Wild-and-Scenic-Rivers-Brochure_p01.png	jpegli	420	90	model_auto	41.821	85.416	0.7954	CjpegliYcbcr	1.3
maps	nps_nps-bibe-2023-Wild-and-Scenic-Rivers-Brochure_p01.png	jpegli	420	93	identity_off	42.045	85.229	0.7129	CjpegliYcbcr	1.0
maps	nps_nps-bibe-2023-Wild-and-Scenic-Rivers-Brochure_p01.png	jpegli	420	93	identity_auto	42.073	85.541	0.7372	CjpegliYcbcr	1.0
maps	nps_nps-bibe-2023-Wild-and-Scenic-Rivers-Brochure_p01.png	jpegli	420	93	model_off	43.438	86.970	0.7028	CjpegliYcbcr	1.0
maps	nps_nps-bibe-2023-Wild-and-Scenic-Rivers-Brochure_p01.png	jpegli	420	93	model_auto	43.343	87.065	0.7436	CjpegliYcbcr	1.0
maps	nps_nps-bibe-2023-Wild-and-Scenic-Rivers-Brochure_p01.png	jpegli	420	96	identity_off	44.037	87.491	0.6421	CjpegliYcbcr	0.5
maps	nps_nps-bibe-2023-Wild-and-Scenic-Rivers-Brochure_p01.png	jpegli	420	96	identity_auto	44.037	87.491	0.6421	CjpegliYcbcr	0.5
maps	nps_nps-bibe-2023-Wild-and-Scenic-Rivers-Brochure_p01.png	jpegli	420	96	model_off	45.019	88.605	0.6391	CjpegliYcbcr	0.5
maps	nps_nps-bibe-2023-Wild-and-Scenic-Rivers-Brochure_p01.png	jpegli	420	96	model_auto	45.158	88.673	0.6464	CjpegliYcbcr	0.5
maps	nps_nps-bibe-2023-Wild-and-Scenic-Rivers-Brochure_p01.png	jpegli	444	85	identity_off	39.046	82.666	0.7340	CjpegliYcbcr	1.4
maps	nps_nps-bibe-2023-Wild-and-Scenic-Rivers-Brochure_p01.png	jpegli	444	85	identity_auto	39.120	83.260	0.7240	CjpegliYcbcr	1.4
maps	nps_nps-bibe-2023-Wild-and-Scenic-Rivers-Brochure_p01.png	jpegli	444	85	model_off	40.906	85.481	0.6477	CjpegliYcbcr	1.4
maps	nps_nps-bibe-2023-Wild-and-Scenic-Rivers-Brochure_p01.png	jpegli	444	85	model_auto	40.815	85.427	0.6511	CjpegliYcbcr	1.4
maps	nps_nps-bibe-2023-Wild-and-Scenic-Rivers-Brochure_p01.png	jpegli	444	90	identity_off	41.050	84.041	0.7287	CjpegliYcbcr	1.1
maps	nps_nps-bibe-2023-Wild-and-Scenic-Rivers-Brochure_p01.png	jpegli	444	90	identity_auto	41.137	84.444	0.7533	CjpegliYcbcr	1.1
maps	nps_nps-bibe-2023-Wild-and-Scenic-Rivers-Brochure_p01.png	jpegli	444	90	model_off	42.732	86.038	0.7273	CjpegliYcbcr	1.1
maps	nps_nps-bibe-2023-Wild-and-Scenic-Rivers-Brochure_p01.png	jpegli	444	90	model_auto	42.669	86.214	0.7638	CjpegliYcbcr	1.1
maps	nps_nps-bibe-2023-Wild-and-Scenic-Rivers-Brochure_p01.png	jpegli	444	93	identity_off	42.709	86.144	0.7350	CjpegliYcbcr	0.7
maps	nps_nps-bibe-2023-Wild-and-Scenic-Rivers-Brochure_p01.png	jpegli	444	93	identity_auto	42.802	86.507	0.7635	CjpegliYcbcr	0.7
maps	nps_nps-bibe-2023-Wild-and-Scenic-Rivers-Brochure_p01.png	jpegli	444	93	model_off	44.174	87.619	0.7307	CjpegliYcbcr	0.7
maps	nps_nps-bibe-2023-Wild-and-Scenic-Rivers-Brochure_p01.png	jpegli	444	93	model_auto	44.190	87.766	0.7732	CjpegliYcbcr	0.7
maps	nps_nps-bibe-2023-Wild-and-Scenic-Rivers-Brochure_p01.png	jpegli	444	96	identity_off	45.004	88.073	0.6622	CjpegliYcbcr	0.3
maps	nps_nps-bibe-2023-Wild-and-Scenic-Rivers-Brochure_p01.png	jpegli	444	96	identity_auto	45.004	88.073	0.6622	CjpegliYcbcr	0.3
maps	nps_nps-bibe-2023-Wild-and-Scenic-Rivers-Brochure_p01.png	jpegli	444	96	model_off	46.090	88.970	0.6714	CjpegliYcbcr	0.3
maps	nps_nps-bibe-2023-Wild-and-Scenic-Rivers-Brochure_p01.png	jpegli	444	96	model_auto	46.355	88.945	0.6810	CjpegliYcbcr	0.3
maps	nps_nps-bibe-2023-Wild-and-Scenic-Rivers-Brochure_p01.png	zenjpeg	420	85	identity_off	38.029	80.242	0.8625	CjpegliYcbcr	1.8
maps	nps_nps-bibe-2023-Wild-and-Scenic-Rivers-Brochure_p01.png	zenjpeg	420	85	identity_auto	38.187	81.089	0.8548	CjpegliYcbcr	1.8
maps	nps_nps-bibe-2023-Wild-and-Scenic-Rivers-Brochure_p01.png	zenjpeg	420	85	model_off	39.896	83.487	0.7805	CjpegliYcbcr	1.8
maps	nps_nps-bibe-2023-Wild-and-Scenic-Rivers-Brochure_p01.png	zenjpeg	420	85	model_auto	39.855	83.492	0.8160	CjpegliYcbcr	1.8
maps	nps_nps-bibe-2023-Wild-and-Scenic-Rivers-Brochure_p01.png	zenjpeg	420	90	identity_off	40.140	83.443	0.7310	CjpegliYcbcr	1.3
maps	nps_nps-bibe-2023-Wild-and-Scenic-Rivers-Brochure_p01.png	zenjpeg	420	90	identity_auto	40.180	83.833	0.7530	CjpegliYcbcr	1.3
maps	nps_nps-bibe-2023-Wild-and-Scenic-Rivers-Brochure_p01.png	zenjpeg	420	90	model_off	41.788	85.717	0.7010	CjpegliYcbcr	1.3
maps	nps_nps-bibe-2023-Wild-and-Scenic-Rivers-Brochure_p01.png	zenjpeg	420	90	model_auto	41.658	85.717	0.7414	CjpegliYcbcr	1.3
maps	nps_nps-bibe-2023-Wild-and-Scenic-Rivers-Brochure_p01.png	zenjpeg	420	93	identity_off	41.891	85.805	0.6767	CjpegliYcbcr	1.0
maps	nps_nps-bibe-2023-Wild-and-Scenic-Rivers-Brochure_p01.png	zenjpeg	420	93	identity_auto	41.893	86.218	0.7022	CjpegliYcbcr	1.0
maps	nps_nps-bibe-2023-Wild-and-Scenic-Rivers-Brochure_p01.png	zenjpeg	420	93	model_off	43.265	87.443	0.6664	CjpegliYcbcr	1.0
maps	nps_nps-bibe-2023-Wild-and-Scenic-Rivers-Brochure_p01.png	zenjpeg	420	93	model_auto	43.130	87.449	0.7088	CjpegliYcbcr	1.0
maps	nps_nps-bibe-2023-Wild-and-Scenic-Rivers-Brochure_p01.png	zenjpeg	420	96	identity_off	43.844	88.541	0.6153	CjpegliYcbcr	0.5
maps	nps_nps-bibe-2023-Wild-and-Scenic-Rivers-Brochure_p01.png	zenjpeg	420	96	identity_auto	43.844	88.541	0.6153	CjpegliYcbcr	0.5
maps	nps_nps-bibe-2023-Wild-and-Scenic-Rivers-Brochure_p01.png	zenjpeg	420	96	model_off	44.796	89.294	0.6259	CjpegliYcbcr	0.5
maps	nps_nps-bibe-2023-Wild-and-Scenic-Rivers-Brochure_p01.png	zenjpeg	420	96	model_auto	44.938	89.381	0.6350	CjpegliYcbcr	0.5
maps	nps_nps-bibe-2023-Wild-and-Scenic-Rivers-Brochure_p01.png	zenjpeg	444	85	identity_off	38.927	82.388	0.7320	CjpegliYcbcr	1.4
maps	nps_nps-bibe-2023-Wild-and-Scenic-Rivers-Brochure_p01.png	zenjpeg	444	85	identity_auto	38.993	82.839	0.7353	CjpegliYcbcr	1.4
maps	nps_nps-bibe-2023-Wild-and-Scenic-Rivers-Brochure_p01.png	zenjpeg	444	85	model_off	40.747	85.034	0.6395	CjpegliYcbcr	1.4
maps	nps_nps-bibe-2023-Wild-and-Scenic-Rivers-Brochure_p01.png	zenjpeg	444	85	model_auto	40.648	85.050	0.6755	CjpegliYcbcr	1.4
maps	nps_nps-bibe-2023-Wild-and-Scenic-Rivers-Brochure_p01.png	zenjpeg	444	90	identity_off	40.929	84.399	0.7073	CjpegliYcbcr	1.1
maps	nps_nps-bibe-2023-Wild-and-Scenic-Rivers-Brochure_p01.png	zenjpeg	444	90	identity_auto	40.989	84.840	0.7340	CjpegliYcbcr	1.1
maps	nps_nps-bibe-2023-Wild-and-Scenic-Rivers-Brochure_p01.png	zenjpeg	444	90	model_off	42.574	86.482	0.6949	CjpegliYcbcr	1.1
maps	nps_nps-bibe-2023-Wild-and-Scenic-Rivers-Brochure_p01.png	zenjpeg	444	90	model_auto	42.462	86.383	0.7387	CjpegliYcbcr	1.1
maps	nps_nps-bibe-2023-Wild-and-Scenic-Rivers-Brochure_p01.png	zenjpeg	444	93	identity_off	42.593	86.416	0.7054	CjpegliYcbcr	0.7
maps	nps_nps-bibe-2023-Wild-and-Scenic-Rivers-Brochure_p01.png	zenjpeg	444	93	identity_auto	42.655	86.879	0.7367	CjpegliYcbcr	0.7
maps	nps_nps-bibe-2023-Wild-and-Scenic-Rivers-Brochure_p01.png	zenjpeg	444	93	model_off	44.015	88.069	0.6988	CjpegliYcbcr	0.7
maps	nps_nps-bibe-2023-Wild-and-Scenic-Rivers-Brochure_p01.png	zenjpeg	444	93	model_auto	43.978	87.975	0.7440	CjpegliYcbcr	0.7
maps	nps_nps-bibe-2023-Wild-and-Scenic-Rivers-Brochure_p01.png	zenjpeg	444	96	identity_off	44.797	88.735	0.6491	CjpegliYcbcr	0.3
maps	nps_nps-bibe-2023-Wild-and-Scenic-Rivers-Brochure_p01.png	zenjpeg	444	96	identity_auto	44.797	88.735	0.6491	CjpegliYcbcr	0.3
maps	nps_nps-bibe-2023-Wild-and-Scenic-Rivers-Brochure_p01.png	zenjpeg	444	96	model_off	45.832	89.318	0.6549	CjpegliYcbcr	0.3
maps	nps_nps-bibe-2023-Wild-and-Scenic-Rivers-Brochure_p01.png	zenjpeg	444	96	model_auto	46.088	89.522	0.6615	CjpegliYcbcr	0.3
maps	nps_nps-bibe-2023-Wild-and-Scenic-Rivers-Brochure_p02.png	turbo	420	85	identity_off	44.425	85.007	0.7183	ImageMagick	85.0
maps	nps_nps-bibe-2023-Wild-and-Scenic-Rivers-Brochure_p02.png	turbo	420	85	identity_auto	44.313	85.052	0.7200	ImageMagick	85.0
maps	nps_nps-bibe-2023-Wild-and-Scenic-Rivers-Brochure_p02.png	turbo	420	85	model_off	45.019	85.708	0.6337	ImageMagick	85.0
maps	nps_nps-bibe-2023-Wild-and-Scenic-Rivers-Brochure_p02.png	turbo	420	85	model_auto	44.688	85.108	0.6684	ImageMagick	85.0
maps	nps_nps-bibe-2023-Wild-and-Scenic-Rivers-Brochure_p02.png	turbo	420	90	identity_off	46.204	87.976	0.5878	ImageMagick	90.0
maps	nps_nps-bibe-2023-Wild-and-Scenic-Rivers-Brochure_p02.png	turbo	420	90	identity_auto	46.102	88.120	0.5978	ImageMagick	90.0
maps	nps_nps-bibe-2023-Wild-and-Scenic-Rivers-Brochure_p02.png	turbo	420	90	model_off	46.728	88.585	0.5128	ImageMagick	90.0
maps	nps_nps-bibe-2023-Wild-and-Scenic-Rivers-Brochure_p02.png	turbo	420	90	model_auto	46.471	88.051	0.5336	ImageMagick	90.0
maps	nps_nps-bibe-2023-Wild-and-Scenic-Rivers-Brochure_p02.png	turbo	420	93	identity_off	47.702	89.474	0.4828	ImageMagick	93.0
maps	nps_nps-bibe-2023-Wild-and-Scenic-Rivers-Brochure_p02.png	turbo	420	93	identity_auto	47.516	89.428	0.4956	ImageMagick	93.0
maps	nps_nps-bibe-2023-Wild-and-Scenic-Rivers-Brochure_p02.png	turbo	420	93	model_off	48.061	89.747	0.4251	ImageMagick	93.0
maps	nps_nps-bibe-2023-Wild-and-Scenic-Rivers-Brochure_p02.png	turbo	420	93	model_auto	47.579	89.174	0.4572	ImageMagick	93.0
maps	nps_nps-bibe-2023-Wild-and-Scenic-Rivers-Brochure_p02.png	turbo	420	96	identity_off	49.838	91.313	0.3572	ImageMagick	96.0
maps	nps_nps-bibe-2023-Wild-and-Scenic-Rivers-Brochure_p02.png	turbo	420	96	identity_auto	49.838	91.313	0.3572	ImageMagick	96.0
maps	nps_nps-bibe-2023-Wild-and-Scenic-Rivers-Brochure_p02.png	turbo	420	96	model_off	49.841	91.012	0.3415	ImageMagick	96.0
maps	nps_nps-bibe-2023-Wild-and-Scenic-Rivers-Brochure_p02.png	turbo	420	96	model_auto	49.444	90.383	0.3745	ImageMagick	96.0
maps	nps_nps-bibe-2023-Wild-and-Scenic-Rivers-Brochure_p02.png	turbo	444	85	identity_off	45.043	86.290	0.7052	ImageMagick	85.0
maps	nps_nps-bibe-2023-Wild-and-Scenic-Rivers-Brochure_p02.png	turbo	444	85	identity_auto	44.938	86.307	0.7065	ImageMagick	85.0
maps	nps_nps-bibe-2023-Wild-and-Scenic-Rivers-Brochure_p02.png	turbo	444	85	model_off	45.624	87.048	0.6204	ImageMagick	85.0
maps	nps_nps-bibe-2023-Wild-and-Scenic-Rivers-Brochure_p02.png	turbo	444	85	model_auto	45.220	86.123	0.6552	ImageMagick	85.0
maps	nps_nps-bibe-2023-Wild-and-Scenic-Rivers-Brochure_p02.png	turbo	444	90	identity_off	46.943	89.189	0.5734	ImageMagick	90.0
maps	nps_nps-bibe-2023-Wild-and-Scenic-Rivers-Brochure_p02.png	turbo	444	90	identity_auto	46.824	89.156	0.5807	ImageMagick	90.0
maps	nps_nps-bibe-2023-Wild-and-Scenic-Rivers-Brochure_p02.png	turbo	444	90	model_off	47.396	89.538	0.4983	ImageMagick	90.0
maps	nps_nps-bibe-2023-Wild-and-Scenic-Rivers-Brochure_p02.png	turbo	444	90	model_auto	47.062	88.885	0.5193	ImageMagick	90.0
maps	nps_nps-bibe-2023-Wild-and-Scenic-Rivers-Brochure_p02.png	turbo	444	93	identity_off	48.675	90.569	0.4685	ImageMagick	93.0
maps	nps_nps-bibe-2023-Wild-and-Scenic-Rivers-Brochure_p02.png	turbo	444	93	identity_auto	48.437	90.485	0.4821	ImageMagick	93.0
maps	nps_nps-bibe-2023-Wild-and-Scenic-Rivers-Brochure_p02.png	turbo	444	93	model_off	48.923	90.617	0.4109	ImageMagick	93.0
maps	nps_nps-bibe-2023-Wild-and-Scenic-Rivers-Brochure_p02.png	turbo	444	93	model_auto	48.294	89.799	0.4462	ImageMagick	93.0
maps	nps_nps-bibe-2023-Wild-and-Scenic-Rivers-Brochure_p02.png	turbo	444	96	identity_off	51.515	91.944	0.3360	ImageMagick	96.0
maps	nps_nps-bibe-2023-Wild-and-Scenic-Rivers-Brochure_p02.png	turbo	444	96	identity_auto	51.515	91.944	0.3360	ImageMagick	96.0
maps	nps_nps-bibe-2023-Wild-and-Scenic-Rivers-Brochure_p02.png	turbo	444	96	model_off	51.009	91.135	0.3273	ImageMagick	96.0
maps	nps_nps-bibe-2023-Wild-and-Scenic-Rivers-Brochure_p02.png	turbo	444	96	model_auto	50.373	90.608	0.3697	ImageMagick	96.0
maps	nps_nps-bibe-2023-Wild-and-Scenic-Rivers-Brochure_p02.png	mozjpeg	420	85	identity_off	43.579	83.036	0.7861	Mozjpeg	85.0
maps	nps_nps-bibe-2023-Wild-and-Scenic-Rivers-Brochure_p02.png	mozjpeg	420	85	identity_auto	43.466	83.124	0.7909	Mozjpeg	85.0
maps	nps_nps-bibe-2023-Wild-and-Scenic-Rivers-Brochure_p02.png	mozjpeg	420	85	model_off	43.932	83.606	0.7394	Mozjpeg	85.0
maps	nps_nps-bibe-2023-Wild-and-Scenic-Rivers-Brochure_p02.png	mozjpeg	420	85	model_auto	43.573	82.809	0.7754	Mozjpeg	85.0
maps	nps_nps-bibe-2023-Wild-and-Scenic-Rivers-Brochure_p02.png	mozjpeg	420	90	identity_off	45.463	87.241	0.6238	Mozjpeg	90.0
maps	nps_nps-bibe-2023-Wild-and-Scenic-Rivers-Brochure_p02.png	mozjpeg	420	90	identity_auto	45.349	87.185	0.6368	Mozjpeg	90.0
maps	nps_nps-bibe-2023-Wild-and-Scenic-Rivers-Brochure_p02.png	mozjpeg	420	90	model_off	45.709	87.266	0.5915	Mozjpeg	90.0
maps	nps_nps-bibe-2023-Wild-and-Scenic-Rivers-Brochure_p02.png	mozjpeg	420	90	model_auto	45.364	86.599	0.6249	Mozjpeg	90.0
maps	nps_nps-bibe-2023-Wild-and-Scenic-Rivers-Brochure_p02.png	mozjpeg	420	93	identity_off	46.783	88.737	0.5315	Mozjpeg	93.0
maps	nps_nps-bibe-2023-Wild-and-Scenic-Rivers-Brochure_p02.png	mozjpeg	420	93	identity_auto	46.586	88.806	0.5500	Mozjpeg	93.0
maps	nps_nps-bibe-2023-Wild-and-Scenic-Rivers-Brochure_p02.png	mozjpeg	420	93	model_off	46.976	88.883	0.4933	Mozjpeg	93.0
maps	nps_nps-bibe-2023-Wild-and-Scenic-Rivers-Brochure_p02.png	mozjpeg	420	93	model_auto	46.464	88.129	0.5368	Mozjpeg	93.0
maps	nps_nps-bibe-2023-Wild-and-Scenic-Rivers-Brochure_p02.png	mozjpeg	420	96	identity_off	49.344	90.987	0.3768	Mozjpeg	96.0
maps	nps_nps-bibe-2023-Wild-and-Scenic-Rivers-Brochure_p02.png	mozjpeg	420	96	identity_auto	49.344	90.987	0.3768	Mozjpeg	96.0
maps	nps_nps-bibe-2023-Wild-and-Scenic-Rivers-Brochure_p02.png	mozjpeg	420	96	model_off	49.143	90.550	0.3686	Mozjpeg	96.0
maps	nps_nps-bibe-2023-Wild-and-Scenic-Rivers-Brochure_p02.png	mozjpeg	420	96	model_auto	48.642	89.884	0.3983	Mozjpeg	96.0
maps	nps_nps-bibe-2023-Wild-and-Scenic-Rivers-Brochure_p02.png	mozjpeg	444	85	identity_off	44.039	84.267	0.7751	Mozjpeg	85.0
maps	nps_nps-bibe-2023-Wild-and-Scenic-Rivers-Brochure_p02.png	mozjpeg	444	85	identity_auto	43.925	84.218	0.7803	Mozjpeg	85.0
maps	nps_nps-bibe-2023-Wild-and-Scenic-Rivers-Brochure_p02.png	mozjpeg	444	85	model_off	44.316	84.623	0.7278	Mozjpeg	85.0
maps	nps_nps-bibe-2023-Wild-and-Scenic-Rivers-Brochure_p02.png	mozjpeg	444	85	model_auto	43.907	83.653	0.7652	Mozjpeg	85.0
maps	nps_nps-bibe-2023-Wild-and-Scenic-Rivers-Brochure_p02.png	mozjpeg	444	90	identity_off	45.938	88.188	0.6153	Mozjpeg	90.0
maps	nps_nps-bibe-2023-Wild-and-Scenic-Rivers-Brochure_p02.png	mozjpeg	444	90	identity_auto	45.801	88.083	0.6280	Mozjpeg	90.0
maps	nps_nps-bibe-2023-Wild-and-Scenic-Rivers-Brochure_p02.png	mozjpeg	444	90	model_off	46.098	87.873	0.5811	Mozjpeg	90.0
maps	nps_nps-bibe-2023-Wild-and-Scenic-Rivers-Brochure_p02.png	mozjpeg	444	90	model_auto	45.699	87.220	0.6143	Mozjpeg	90.0
maps	nps_nps-bibe-2023-Wild-and-Scenic-Rivers-Brochure_p02.png	mozjpeg	444	93	identity_off	47.494	89.625	0.5218	Mozjpeg	93.0
maps	nps_nps-bibe-2023-Wild-and-Scenic-Rivers-Brochure_p02.png	mozjpeg	444	93	identity_auto	47.256	89.508	0.5408	Mozjpeg	93.0
maps	nps_nps-bibe-2023-Wild-and-Scenic-Rivers-Brochure_p02.png	mozjpeg	444	93	model_off	47.507	89.427	0.4852	Mozjpeg	93.0
maps	nps_nps-bibe-2023-Wild-and-Scenic-Rivers-Brochure_p02.png	mozjpeg	444	93	model_auto	46.873	88.522	0.5301	Mozjpeg	93.0
maps	nps_nps-bibe-2023-Wild-and-Scenic-Rivers-Brochure_p02.png	mozjpeg	444	96	identity_off	50.261	91.255	0.3682	Mozjpeg	96.0
maps	nps_nps-bibe-2023-Wild-and-Scenic-Rivers-Brochure_p02.png	mozjpeg	444	96	identity_auto	50.261	91.255	0.3682	Mozjpeg	96.0
maps	nps_nps-bibe-2023-Wild-and-Scenic-Rivers-Brochure_p02.png	mozjpeg	444	96	model_off	49.715	90.630	0.3621	Mozjpeg	96.0
maps	nps_nps-bibe-2023-Wild-and-Scenic-Rivers-Brochure_p02.png	mozjpeg	444	96	model_auto	49.077	90.104	0.3979	Mozjpeg	96.0
maps	nps_nps-bibe-2023-Wild-and-Scenic-Rivers-Brochure_p02.png	jpegli	420	85	identity_off	44.271	83.375	0.7808	CjpegliYcbcr	1.8
maps	nps_nps-bibe-2023-Wild-and-Scenic-Rivers-Brochure_p02.png	jpegli	420	85	identity_auto	44.364	83.954	0.7552	CjpegliYcbcr	1.8
maps	nps_nps-bibe-2023-Wild-and-Scenic-Rivers-Brochure_p02.png	jpegli	420	85	model_off	44.658	84.095	0.7181	CjpegliYcbcr	1.8
maps	nps_nps-bibe-2023-Wild-and-Scenic-Rivers-Brochure_p02.png	jpegli	420	85	model_auto	44.466	83.699	0.7285	CjpegliYcbcr	1.8
maps	nps_nps-bibe-2023-Wild-and-Scenic-Rivers-Brochure_p02.png	jpegli	420	90	identity_off	46.102	87.141	0.6264	CjpegliYcbcr	1.3
maps	nps_nps-bibe-2023-Wild-and-Scenic-Rivers-Brochure_p02.png	jpegli	420	90	identity_auto	46.030	87.417	0.6314	CjpegliYcbcr	1.3
maps	nps_nps-bibe-2023-Wild-and-Scenic-Rivers-Brochure_p02.png	jpegli	420	90	model_off	46.436	87.448	0.5756	CjpegliYcbcr	1.3
maps	nps_nps-bibe-2023-Wild-and-Scenic-Rivers-Brochure_p02.png	jpegli	420	90	model_auto	46.074	87.102	0.6082	CjpegliYcbcr	1.3
maps	nps_nps-bibe-2023-Wild-and-Scenic-Rivers-Brochure_p02.png	jpegli	420	93	identity_off	47.687	89.215	0.5118	CjpegliYcbcr	1.0
maps	nps_nps-bibe-2023-Wild-and-Scenic-Rivers-Brochure_p02.png	jpegli	420	93	identity_auto	47.498	89.071	0.5225	CjpegliYcbcr	1.0
maps	nps_nps-bibe-2023-Wild-and-Scenic-Rivers-Brochure_p02.png	jpegli	420	93	model_off	47.925	89.099	0.4661	CjpegliYcbcr	1.0
maps	nps_nps-bibe-2023-Wild-and-Scenic-Rivers-Brochure_p02.png	jpegli	420	93	model_auto	47.330	88.462	0.5195	CjpegliYcbcr	1.0
maps	nps_nps-bibe-2023-Wild-and-Scenic-Rivers-Brochure_p02.png	jpegli	420	96	identity_off	49.742	90.662	0.3823	CjpegliYcbcr	0.5
maps	nps_nps-bibe-2023-Wild-and-Scenic-Rivers-Brochure_p02.png	jpegli	420	96	identity_auto	49.742	90.662	0.3823	CjpegliYcbcr	0.5
maps	nps_nps-bibe-2023-Wild-and-Scenic-Rivers-Brochure_p02.png	jpegli	420	96	model_off	49.771	90.321	0.3674	CjpegliYcbcr	0.5
maps	nps_nps-bibe-2023-Wild-and-Scenic-Rivers-Brochure_p02.png	jpegli	420	96	model_auto	49.285	89.971	0.3904	CjpegliYcbcr	0.5
maps	nps_nps-bibe-2023-Wild-and-Scenic-Rivers-Brochure_p02.png	jpegli	444	85	identity_off	44.991	85.620	0.6889	CjpegliYcbcr	1.4
maps	nps_nps-bibe-2023-Wild-and-Scenic-Rivers-Brochure_p02.png	jpegli	444	85	identity_auto	45.011	86.002	0.6913	CjpegliYcbcr	1.4
maps	nps_nps-bibe-2023-Wild-and-Scenic-Rivers-Brochure_p02.png	jpegli	444	85	model_off	45.435	86.077	0.6309	CjpegliYcbcr	1.4
maps	nps_nps-bibe-2023-Wild-and-Scenic-Rivers-Brochure_p02.png	jpegli	444	85	model_auto	45.196	85.701	0.6615	CjpegliYcbcr	1.4
maps	nps_nps-bibe-2023-Wild-and-Scenic-Rivers-Brochure_p02.png	jpegli	444	90	identity_off	46.744	87.564	0.5510	CjpegliYcbcr	1.1
maps	nps_nps-bibe-2023-Wild-and-Scenic-Rivers-Brochure_p02.png	jpegli	444	90	identity_auto	46.679	87.841	0.5737	CjpegliYcbcr	1.1
maps	nps_nps-bibe-2023-Wild-and-Scenic-Rivers-Brochure_p02.png	jpegli	444	90	model_off	47.112	87.919	0.5163	CjpegliYcbcr	1.1
maps	nps_nps-bibe-2023-Wild-and-Scenic-Rivers-Brochure_p02.png	jpegli	444	90	model_auto	46.715	87.468	0.5652	CjpegliYcbcr	1.1
maps	nps_nps-bibe-2023-Wild-and-Scenic-Rivers-Brochure_p02.png	jpegli	444	93	identity_off	48.198	88.783	0.4653	CjpegliYcbcr	0.7
maps	nps_nps-bibe-2023-Wild-and-Scenic-Rivers-Brochure_p02.png	jpegli	444	93	identity_auto	48.050	88.737	0.5035	CjpegliYcbcr	0.7
maps	nps_nps-bibe-2023-Wild-and-Scenic-Rivers-Brochure_p02.png	jpegli	444	93	model_off	48.455	88.769	0.4439	CjpegliYcbcr	0.7
maps	nps_nps-bibe-2023-Wild-and-Scenic-Rivers-Brochure_p02.png	jpegli	444	93	model_auto	47.851	88.142	0.5105	CjpegliYcbcr	0.7
maps	nps_nps-bibe-2023-Wild-and-Scenic-Rivers-Brochure_p02.png	jpegli	444	96	identity_off	50.633	91.135	0.3280	CjpegliYcbcr	0.3
maps	nps_nps-bibe-2023-Wild-and-Scenic-Rivers-Brochure_p02.png	jpegli	444	96	identity_auto	50.633	91.135	0.3280	CjpegliYcbcr	0.3
maps	nps_nps-bibe-2023-Wild-and-Scenic-Rivers-Brochure_p02.png	jpegli	444	96	model_off	50.503	90.793	0.3424	CjpegliYcbcr	0.3
maps	nps_nps-bibe-2023-Wild-and-Scenic-Rivers-Brochure_p02.png	jpegli	444	96	model_auto	49.828	90.223	0.3828	CjpegliYcbcr	0.3
maps	nps_nps-bibe-2023-Wild-and-Scenic-Rivers-Brochure_p02.png	zenjpeg	420	85	identity_off	44.264	83.547	0.7769	CjpegliYcbcr	1.8
maps	nps_nps-bibe-2023-Wild-and-Scenic-Rivers-Brochure_p02.png	zenjpeg	420	85	identity_auto	44.343	84.025	0.7560	CjpegliYcbcr	1.8
maps	nps_nps-bibe-2023-Wild-and-Scenic-Rivers-Brochure_p02.png	zenjpeg	420	85	model_off	44.630	84.088	0.7163	CjpegliYcbcr	1.8
maps	nps_nps-bibe-2023-Wild-and-Scenic-Rivers-Brochure_p02.png	zenjpeg	420	85	model_auto	44.427	83.617	0.7303	CjpegliYcbcr	1.8
maps	nps_nps-bibe-2023-Wild-and-Scenic-Rivers-Brochure_p02.png	zenjpeg	420	90	identity_off	46.099	87.326	0.6201	CjpegliYcbcr	1.3
maps	nps_nps-bibe-2023-Wild-and-Scenic-Rivers-Brochure_p02.png	zenjpeg	420	90	identity_auto	46.017	87.482	0.6284	CjpegliYcbcr	1.3
maps	nps_nps-bibe-2023-Wild-and-Scenic-Rivers-Brochure_p02.png	zenjpeg	420	90	model_off	46.430	87.529	0.5706	CjpegliYcbcr	1.3
maps	nps_nps-bibe-2023-Wild-and-Scenic-Rivers-Brochure_p02.png	zenjpeg	420	90	model_auto	46.054	87.064	0.6053	CjpegliYcbcr	1.3
maps	nps_nps-bibe-2023-Wild-and-Scenic-Rivers-Brochure_p02.png	zenjpeg	420	93	identity_off	47.690	89.132	0.5026	CjpegliYcbcr	1.0
maps	nps_nps-bibe-2023-Wild-and-Scenic-Rivers-Brochure_p02.png	zenjpeg	420	93	identity_auto	47.489	89.242	0.5203	CjpegliYcbcr	1.0
maps	nps_nps-bibe-2023-Wild-and-Scenic-Rivers-Brochure_p02.png	zenjpeg	420	93	model_off	47.934	89.351	0.4720	CjpegliYcbcr	1.0
maps	nps_nps-bibe-2023-Wild-and-Scenic-Rivers-Brochure_p02.png	zenjpeg	420	93	model_auto	47.330	88.697	0.5179	CjpegliYcbcr	1.0
maps	nps_nps-bibe-2023-Wild-and-Scenic-Rivers-Brochure_p02.png	zenjpeg	420	96	identity_off	49.989	90.979	0.3641	CjpegliYcbcr	0.5
maps	nps_nps-bibe-2023-Wild-and-Scenic-Rivers-Brochure_p02.png	zenjpeg	420	96	identity_auto	49.989	90.979	0.3641	CjpegliYcbcr	0.5
maps	nps_nps-bibe-2023-Wild-and-Scenic-Rivers-Brochure_p02.png	zenjpeg	420	96	model_off	49.892	90.490	0.3566	CjpegliYcbcr	0.5
maps	nps_nps-bibe-2023-Wild-and-Scenic-Rivers-Brochure_p02.png	zenjpeg	420	96	model_auto	49.338	89.996	0.3836	CjpegliYcbcr	0.5
maps	nps_nps-bibe-2023-Wild-and-Scenic-Rivers-Brochure_p02.png	zenjpeg	444	85	identity_off	45.035	85.812	0.6847	CjpegliYcbcr	1.4
maps	nps_nps-bibe-2023-Wild-and-Scenic-Rivers-Brochure_p02.png	zenjpeg	444	85	identity_auto	45.051	86.058	0.6893	CjpegliYcbcr	1.4
maps	nps_nps-bibe-2023-Wild-and-Scenic-Rivers-Brochure_p02.png	zenjpeg	444	85	model_off	45.462	86.140	0.6334	CjpegliYcbcr	1.4
maps	nps_nps-bibe-2023-Wild-and-Scenic-Rivers-Brochure_p02.png	zenjpeg	444	85	model_auto	45.219	85.671	0.6675	CjpegliYcbcr	1.4
maps	nps_nps-bibe-2023-Wild-and-Scenic-Rivers-Brochure_p02.png	zenjpeg	444	90	identity_off	46.774	87.762	0.5552	CjpegliYcbcr	1.1
maps	nps_nps-bibe-2023-Wild-and-Scenic-Rivers-Brochure_p02.png	zenjpeg	444	90	identity_auto	46.702	87.851	0.5787	CjpegliYcbcr	1.1
maps	nps_nps-bibe-2023-Wild-and-Scenic-Rivers-Brochure_p02.png	zenjpeg	444	90	model_off	47.144	88.068	0.5226	CjpegliYcbcr	1.1
maps	nps_nps-bibe-2023-Wild-and-Scenic-Rivers-Brochure_p02.png	zenjpeg	444	90	model_auto	46.726	87.545	0.5720	CjpegliYcbcr	1.1
maps	nps_nps-bibe-2023-Wild-and-Scenic-Rivers-Brochure_p02.png	zenjpeg	444	93	identity_off	48.322	89.462	0.4445	CjpegliYcbcr	0.7
maps	nps_nps-bibe-2023-Wild-and-Scenic-Rivers-Brochure_p02.png	zenjpeg	444	93	identity_auto	48.126	89.508	0.4825	CjpegliYcbcr	0.7
maps	nps_nps-bibe-2023-Wild-and-Scenic-Rivers-Brochure_p02.png	zenjpeg	444	93	model_off	48.598	89.522	0.4211	CjpegliYcbcr	0.7
maps	nps_nps-bibe-2023-Wild-and-Scenic-Rivers-Brochure_p02.png	zenjpeg	444	93	model_auto	47.922	88.876	0.4912	CjpegliYcbcr	0.7
maps	nps_nps-bibe-2023-Wild-and-Scenic-Rivers-Brochure_p02.png	zenjpeg	444	96	identity_off	50.757	91.238	0.3262	CjpegliYcbcr	0.3
maps	nps_nps-bibe-2023-Wild-and-Scenic-Rivers-Brochure_p02.png	zenjpeg	444	96	identity_auto	50.757	91.238	0.3262	CjpegliYcbcr	0.3
maps	nps_nps-bibe-2023-Wild-and-Scenic-Rivers-Brochure_p02.png	zenjpeg	444	96	model_off	50.466	90.651	0.3430	CjpegliYcbcr	0.3
maps	nps_nps-bibe-2023-Wild-and-Scenic-Rivers-Brochure_p02.png	zenjpeg	444	96	model_auto	49.744	90.125	0.3901	CjpegliYcbcr	0.3
maps	nps_nps-biho-FINAL-VERSION_BIHO-unigrid_Side-1_X3_compressed-for-web-6_p01.png	turbo	420	85	identity_off	41.103	85.675	0.7626	ImageMagick	85.0
maps	nps_nps-biho-FINAL-VERSION_BIHO-unigrid_Side-1_X3_compressed-for-web-6_p01.png	turbo	420	85	identity_auto	41.123	85.392	0.7723	ImageMagick	85.0
maps	nps_nps-biho-FINAL-VERSION_BIHO-unigrid_Side-1_X3_compressed-for-web-6_p01.png	turbo	420	85	model_off	42.564	86.702	0.7352	ImageMagick	85.0
maps	nps_nps-biho-FINAL-VERSION_BIHO-unigrid_Side-1_X3_compressed-for-web-6_p01.png	turbo	420	85	model_auto	42.456	85.950	0.7658	ImageMagick	85.0
maps	nps_nps-biho-FINAL-VERSION_BIHO-unigrid_Side-1_X3_compressed-for-web-6_p01.png	turbo	420	90	identity_off	42.277	88.219	0.6993	ImageMagick	90.0
maps	nps_nps-biho-FINAL-VERSION_BIHO-unigrid_Side-1_X3_compressed-for-web-6_p01.png	turbo	420	90	identity_auto	42.267	88.257	0.7081	ImageMagick	90.0
maps	nps_nps-biho-FINAL-VERSION_BIHO-unigrid_Side-1_X3_compressed-for-web-6_p01.png	turbo	420	90	model_off	43.603	88.446	0.6940	ImageMagick	90.0
maps	nps_nps-biho-FINAL-VERSION_BIHO-unigrid_Side-1_X3_compressed-for-web-6_p01.png	turbo	420	90	model_auto	43.526	88.081	0.7136	ImageMagick	90.0
maps	nps_nps-biho-FINAL-VERSION_BIHO-unigrid_Side-1_X3_compressed-for-web-6_p01.png	turbo	420	93	identity_off	43.124	89.756	0.6868	ImageMagick	93.0
maps	nps_nps-biho-FINAL-VERSION_BIHO-unigrid_Side-1_X3_compressed-for-web-6_p01.png	turbo	420	93	identity_auto	43.088	89.615	0.6922	ImageMagick	93.0
maps	nps_nps-biho-FINAL-VERSION_BIHO-unigrid_Side-1_X3_compressed-for-web-6_p01.png	turbo	420	93	model_off	44.345	89.748	0.6865	ImageMagick	93.0
maps	nps_nps-biho-FINAL-VERSION_BIHO-unigrid_Side-1_X3_compressed-for-web-6_p01.png	turbo	420	93	model_auto	44.295	89.395	0.7073	ImageMagick	93.0
maps	nps_nps-biho-FINAL-VERSION_BIHO-unigrid_Side-1_X3_compressed-for-web-6_p01.png	turbo	420	96	identity_off	44.231	91.325	0.6601	ImageMagick	96.0
maps	nps_nps-biho-FINAL-VERSION_BIHO-unigrid_Side-1_X3_compressed-for-web-6_p01.png	turbo	420	96	identity_auto	44.231	91.325	0.6601	ImageMagick	96.0
maps	nps_nps-biho-FINAL-VERSION_BIHO-unigrid_Side-1_X3_compressed-for-web-6_p01.png	turbo	420	96	model_off	45.438	91.072	0.6771	ImageMagick	96.0
maps	nps_nps-biho-FINAL-VERSION_BIHO-unigrid_Side-1_X3_compressed-for-web-6_p01.png	turbo	420	96	model_auto	45.578	90.634	0.6885	ImageMagick	96.0
maps	nps_nps-biho-FINAL-VERSION_BIHO-unigrid_Side-1_X3_compressed-for-web-6_p01.png	turbo	444	85	identity_off	42.640	86.979	0.7498	ImageMagick	85.0
maps	nps_nps-biho-FINAL-VERSION_BIHO-unigrid_Side-1_X3_compressed-for-web-6_p01.png	turbo	444	85	identity_auto	42.795	86.884	0.7555	ImageMagick	85.0
maps	nps_nps-biho-FINAL-VERSION_BIHO-unigrid_Side-1_X3_compressed-for-web-6_p01.png	turbo	444	85	model_off	43.964	87.932	0.7206	ImageMagick	85.0
maps	nps_nps-biho-FINAL-VERSION_BIHO-unigrid_Side-1_X3_compressed-for-web-6_p01.png	turbo	444	85	model_auto	43.826	87.141	0.7460	ImageMagick	85.0
maps	nps_nps-biho-FINAL-VERSION_BIHO-unigrid_Side-1_X3_compressed-for-web-6_p01.png	turbo	444	90	identity_off	44.286	89.307	0.6923	ImageMagick	90.0
maps	nps_nps-biho-FINAL-VERSION_BIHO-unigrid_Side-1_X3_compressed-for-web-6_p01.png	turbo	444	90	identity_auto	44.336	89.365	0.6985	ImageMagick	90.0
maps	nps_nps-biho-FINAL-VERSION_BIHO-unigrid_Side-1_X3_compressed-for-web-6_p01.png	turbo	444	90	model_off	45.218	89.620	0.6894	ImageMagick	90.0
maps	nps_nps-biho-FINAL-VERSION_BIHO-unigrid_Side-1_X3_compressed-for-web-6_p01.png	turbo	444	90	model_auto	45.141	89.167	0.7090	ImageMagick	90.0
maps	nps_nps-biho-FINAL-VERSION_BIHO-unigrid_Side-1_X3_compressed-for-web-6_p01.png	turbo	444	93	identity_off	45.624	90.462	0.6741	ImageMagick	93.0
maps	nps_nps-biho-FINAL-VERSION_BIHO-unigrid_Side-1_X3_compressed-for-web-6_p01.png	turbo	444	93	identity_auto	45.644	90.412	0.6795	ImageMagick	93.0
maps	nps_nps-biho-FINAL-VERSION_BIHO-unigrid_Side-1_X3_compressed-for-web-6_p01.png	turbo	444	93	model_off	46.250	90.467	0.6788	ImageMagick	93.0
maps	nps_nps-biho-FINAL-VERSION_BIHO-unigrid_Side-1_X3_compressed-for-web-6_p01.png	turbo	444	93	model_auto	46.193	90.136	0.6977	ImageMagick	93.0
maps	nps_nps-biho-FINAL-VERSION_BIHO-unigrid_Side-1_X3_compressed-for-web-6_p01.png	turbo	444	96	identity_off	47.737	91.785	0.6617	ImageMagick	96.0
maps	nps_nps-biho-FINAL-VERSION_BIHO-unigrid_Side-1_X3_compressed-for-web-6_p01.png	turbo	444	96	identity_auto	47.737	91.785	0.6617	ImageMagick	96.0
maps	nps_nps-biho-FINAL-VERSION_BIHO-unigrid_Side-1_X3_compressed-for-web-6_p01.png	turbo	444	96	model_off	47.959	91.278	0.6693	ImageMagick	96.0
maps	nps_nps-biho-FINAL-VERSION_BIHO-unigrid_Side-1_X3_compressed-for-web-6_p01.png	turbo	444	96	model_auto	47.998	91.018	0.6829	ImageMagick	96.0
maps	nps_nps-biho-FINAL-VERSION_BIHO-unigrid_Side-1_X3_compressed-for-web-6_p01.png	mozjpeg	420	85	identity_off	39.502	83.066	0.8424	Mozjpeg	85.0
maps	nps_nps-biho-FINAL-VERSION_BIHO-unigrid_Side-1_X3_compressed-for-web-6_p01.png	mozjpeg	420	85	identity_auto	39.544	82.823	0.8534	Mozjpeg	85.0
maps	nps_nps-biho-FINAL-VERSION_BIHO-unigrid_Side-1_X3_compressed-for-web-6_p01.png	mozjpeg	420	85	model_off	41.248	84.313	0.7988	Mozjpeg	85.0
maps	nps_nps-biho-FINAL-VERSION_BIHO-unigrid_Side-1_X3_compressed-for-web-6_p01.png	mozjpeg	420	85	model_auto	41.083	83.554	0.8289	Mozjpeg	85.0
maps	nps_nps-biho-FINAL-VERSION_BIHO-unigrid_Side-1_X3_compressed-for-web-6_p01.png	mozjpeg	420	90	identity_off	40.925	85.991	0.7481	Mozjpeg	90.0
maps	nps_nps-biho-FINAL-VERSION_BIHO-unigrid_Side-1_X3_compressed-for-web-6_p01.png	mozjpeg	420	90	identity_auto	40.920	85.992	0.7602	Mozjpeg	90.0
maps	nps_nps-biho-FINAL-VERSION_BIHO-unigrid_Side-1_X3_compressed-for-web-6_p01.png	mozjpeg	420	90	model_off	42.609	86.804	0.7205	Mozjpeg	90.0
maps	nps_nps-biho-FINAL-VERSION_BIHO-unigrid_Side-1_X3_compressed-for-web-6_p01.png	mozjpeg	420	90	model_auto	42.432	86.474	0.7498	Mozjpeg	90.0
maps	nps_nps-biho-FINAL-VERSION_BIHO-unigrid_Side-1_X3_compressed-for-web-6_p01.png	mozjpeg	420	93	identity_off	41.931	87.658	0.6985	Mozjpeg	93.0
maps	nps_nps-biho-FINAL-VERSION_BIHO-unigrid_Side-1_X3_compressed-for-web-6_p01.png	mozjpeg	420	93	identity_auto	41.914	87.564	0.7072	Mozjpeg	93.0
maps	nps_nps-biho-FINAL-VERSION_BIHO-unigrid_Side-1_X3_compressed-for-web-6_p01.png	mozjpeg	420	93	model_off	43.555	88.168	0.6958	Mozjpeg	93.0
maps	nps_nps-biho-FINAL-VERSION_BIHO-unigrid_Side-1_X3_compressed-for-web-6_p01.png	mozjpeg	420	93	model_auto	43.344	87.756	0.7201	Mozjpeg	93.0
maps	nps_nps-biho-FINAL-VERSION_BIHO-unigrid_Side-1_X3_compressed-for-web-6_p01.png	mozjpeg	420	96	identity_off	43.486	89.872	0.6774	Mozjpeg	96.0
maps	nps_nps-biho-FINAL-VERSION_BIHO-unigrid_Side-1_X3_compressed-for-web-6_p01.png	mozjpeg	420	96	identity_auto	43.486	89.872	0.6774	Mozjpeg	96.0
maps	nps_nps-biho-FINAL-VERSION_BIHO-unigrid_Side-1_X3_compressed-for-web-6_p01.png	mozjpeg	420	96	model_off	45.060	90.090	0.6790	Mozjpeg	96.0
maps	nps_nps-biho-FINAL-VERSION_BIHO-unigrid_Side-1_X3_compressed-for-web-6_p01.png	mozjpeg	420	96	model_auto	44.907	89.645	0.6939	Mozjpeg	96.0
maps	nps_nps-biho-FINAL-VERSION_BIHO-unigrid_Side-1_X3_compressed-for-web-6_p01.png	mozjpeg	444	85	identity_off	40.424	84.054	0.8337	Mozjpeg	85.0
maps	nps_nps-biho-FINAL-VERSION_BIHO-unigrid_Side-1_X3_compressed-for-web-6_p01.png	mozjpeg	444	85	identity_auto	40.524	83.969	0.8442	Mozjpeg	85.0
maps	nps_nps-biho-FINAL-VERSION_BIHO-unigrid_Side-1_X3_compressed-for-web-6_p01.png	mozjpeg	444	85	model_off	42.048	85.116	0.7924	Mozjpeg	85.0
maps	nps_nps-biho-FINAL-VERSION_BIHO-unigrid_Side-1_X3_compressed-for-web-6_p01.png	mozjpeg	444	85	model_auto	41.878	84.372	0.8189	Mozjpeg	85.0
maps	nps_nps-biho-FINAL-VERSION_BIHO-unigrid_Side-1_X3_compressed-for-web-6_p01.png	mozjpeg	444	90	identity_off	42.351	86.707	0.7371	Mozjpeg	90.0
maps	nps_nps-biho-FINAL-VERSION_BIHO-unigrid_Side-1_X3_compressed-for-web-6_p01.png	mozjpeg	444	90	identity_auto	42.377	86.672	0.7479	Mozjpeg	90.0
maps	nps_nps-biho-FINAL-VERSION_BIHO-unigrid_Side-1_X3_compressed-for-web-6_p01.png	mozjpeg	444	90	model_off	43.749	87.496	0.7147	Mozjpeg	90.0
maps	nps_nps-biho-FINAL-VERSION_BIHO-unigrid_Side-1_X3_compressed-for-web-6_p01.png	mozjpeg	444	90	model_auto	43.509	87.012	0.7421	Mozjpeg	90.0
maps	nps_nps-biho-FINAL-VERSION_BIHO-unigrid_Side-1_X3_compressed-for-web-6_p01.png	mozjpeg	444	93	identity_off	43.835	88.103	0.6867	Mozjpeg	93.0
maps	nps_nps-biho-FINAL-VERSION_BIHO-unigrid_Side-1_X3_compressed-for-web-6_p01.png	mozjpeg	444	93	identity_auto	43.841	88.052	0.6931	Mozjpeg	93.0
maps	nps_nps-biho-FINAL-VERSION_BIHO-unigrid_Side-1_X3_compressed-for-web-6_p01.png	mozjpeg	444	93	model_off	45.035	88.653	0.6887	Mozjpeg	93.0
maps	nps_nps-biho-FINAL-VERSION_BIHO-unigrid_Side-1_X3_compressed-for-web-6_p01.png	mozjpeg	444	93	model_auto	44.700	88.156	0.7118	Mozjpeg	93.0
maps	nps_nps-biho-FINAL-VERSION_BIHO-unigrid_Side-1_X3_compressed-for-web-6_p01.png	mozjpeg	444	96	identity_off	46.711	90.321	0.6654	Mozjpeg	96.0
maps	nps_nps-biho-FINAL-VERSION_BIHO-unigrid_Side-1_X3_compressed-for-web-6_p01.png	mozjpeg	444	96	identity_auto	46.711	90.321	0.6654	Mozjpeg	96.0
maps	nps_nps-biho-FINAL-VERSION_BIHO-unigrid_Side-1_X3_compressed-for-web-6_p01.png	mozjpeg	444	96	model_off	47.295	90.321	0.6740	Mozjpeg	96.0
maps	nps_nps-biho-FINAL-VERSION_BIHO-unigrid_Side-1_X3_compressed-for-web-6_p01.png	mozjpeg	444	96	model_auto	46.898	89.992	0.6880	Mozjpeg	96.0
maps	nps_nps-biho-FINAL-VERSION_BIHO-unigrid_Side-1_X3_compressed-for-web-6_p01.png	jpegli	420	85	identity_off	40.937	84.700	1.5101	CjpegliYcbcr	1.8
maps	nps_nps-biho-FINAL-VERSION_BIHO-unigrid_Side-1_X3_compressed-for-web-6_p01.png	jpegli	420	85	identity_auto	41.065	84.906	1.5064	CjpegliYcbcr	1.8
maps	nps_nps-biho-FINAL-VERSION_BIHO-unigrid_Side-1_X3_compressed-for-web-6_p01.png	jpegli	420	85	model_off	42.199	85.476	1.5002	CjpegliYcbcr	1.8
maps	nps_nps-biho-FINAL-VERSION_BIHO-unigrid_Side-1_X3_compressed-for-web-6_p01.png	jpegli	420	85	model_auto	42.118	84.968	1.4999	CjpegliYcbcr	1.8
maps	nps_nps-biho-FINAL-VERSION_BIHO-unigrid_Side-1_X3_compressed-for-web-6_p01.png	jpegli	420	90	identity_off	42.337	87.601	0.6980	CjpegliYcbcr	1.3
maps	nps_nps-biho-FINAL-VERSION_BIHO-unigrid_Side-1_X3_compressed-for-web-6_p01.png	jpegli	420	90	identity_auto	42.340	87.683	0.7057	CjpegliYcbcr	1.3
maps	nps_nps-biho-FINAL-VERSION_BIHO-unigrid_Side-1_X3_compressed-for-web-6_p01.png	jpegli	420	90	model_off	43.539	88.052	0.7115	CjpegliYcbcr	1.3
maps	nps_nps-biho-FINAL-VERSION_BIHO-unigrid_Side-1_X3_compressed-for-web-6_p01.png	jpegli	420	90	model_auto	43.320	87.689	0.7354	CjpegliYcbcr	1.3
maps	nps_nps-biho-FINAL-VERSION_BIHO-unigrid_Side-1_X3_compressed-for-web-6_p01.png	jpegli	420	93	identity_off	43.228	89.628	0.6812	CjpegliYcbcr	1.0
maps	nps_nps-biho-FINAL-VERSION_BIHO-unigrid_Side-1_X3_compressed-for-web-6_p01.png	jpegli	420	93	identity_auto	43.214	89.508	0.6869	CjpegliYcbcr	1.0
maps	nps_nps-biho-FINAL-VERSION_BIHO-unigrid_Side-1_X3_compressed-for-web-6_p01.png	jpegli	420	93	model_off	44.448	89.573	0.6858	CjpegliYcbcr	1.0
maps	nps_nps-biho-FINAL-VERSION_BIHO-unigrid_Side-1_X3_compressed-for-web-6_p01.png	jpegli	420	93	model_auto	44.268	88.930	0.7079	CjpegliYcbcr	1.0
maps	nps_nps-biho-FINAL-VERSION_BIHO-unigrid_Side-1_X3_compressed-for-web-6_p01.png	jpegli	420	96	identity_off	44.165	91.312	0.6638	CjpegliYcbcr	0.5
maps	nps_nps-biho-FINAL-VERSION_BIHO-unigrid_Side-1_X3_compressed-for-web-6_p01.png	jpegli	420	96	identity_auto	44.165	91.312	0.6638	CjpegliYcbcr	0.5
maps	nps_nps-biho-FINAL-VERSION_BIHO-unigrid_Side-1_X3_compressed-for-web-6_p01.png	jpegli	420	96	model_off	45.488	91.073	0.6715	CjpegliYcbcr	0.5
maps	nps_nps-biho-FINAL-VERSION_BIHO-unigrid_Side-1_X3_compressed-for-web-6_p01.png	jpegli	420	96	model_auto	45.354	90.550	0.6876	CjpegliYcbcr	0.5
maps	nps_nps-biho-FINAL-VERSION_BIHO-unigrid_Side-1_X3_compressed-for-web-6_p01.png	jpegli	444	85	identity_off	42.012	86.243	0.7381	CjpegliYcbcr	1.4
maps	nps_nps-biho-FINAL-VERSION_BIHO-unigrid_Side-1_X3_compressed-for-web-6_p01.png	jpegli	444	85	identity_auto	42.126	86.425	0.7430	CjpegliYcbcr	1.4
maps	nps_nps-biho-FINAL-VERSION_BIHO-unigrid_Side-1_X3_compressed-for-web-6_p01.png	jpegli	444	85	model_off	42.906	86.706	0.7402	CjpegliYcbcr	1.4
maps	nps_nps-biho-FINAL-VERSION_BIHO-unigrid_Side-1_X3_compressed-for-web-6_p01.png	jpegli	444	85	model_auto	42.822	86.291	0.7676	CjpegliYcbcr	1.4
maps	nps_nps-biho-FINAL-VERSION_BIHO-unigrid_Side-1_X3_compressed-for-web-6_p01.png	jpegli	444	90	identity_off	43.445	88.831	0.9107	CjpegliYcbcr	1.1
maps	nps_nps-biho-FINAL-VERSION_BIHO-unigrid_Side-1_X3_compressed-for-web-6_p01.png	jpegli	444	90	identity_auto	43.545	88.890	0.9153	CjpegliYcbcr	1.1
maps	nps_nps-biho-FINAL-VERSION_BIHO-unigrid_Side-1_X3_compressed-for-web-6_p01.png	jpegli	444	90	model_off	44.103	89.010	0.9150	CjpegliYcbcr	1.1
maps	nps_nps-biho-FINAL-VERSION_BIHO-unigrid_Side-1_X3_compressed-for-web-6_p01.png	jpegli	444	90	model_auto	44.053	88.652	0.9306	CjpegliYcbcr	1.1
maps	nps_nps-biho-FINAL-VERSION_BIHO-unigrid_Side-1_X3_compressed-for-web-6_p01.png	jpegli	444	93	identity_off	44.524	90.033	1.2230	CjpegliYcbcr	0.7
maps	nps_nps-biho-FINAL-VERSION_BIHO-unigrid_Side-1_X3_compressed-for-web-6_p01.png	jpegli	444	93	identity_auto	44.619	90.049	1.2252	CjpegliYcbcr	0.7
maps	nps_nps-biho-FINAL-VERSION_BIHO-unigrid_Side-1_X3_compressed-for-web-6_p01.png	jpegli	444	93	model_off	45.071	89.823	1.2227	CjpegliYcbcr	0.7
maps	nps_nps-biho-FINAL-VERSION_BIHO-unigrid_Side-1_X3_compressed-for-web-6_p01.png	jpegli	444	93	model_auto	45.041	89.429	1.2234	CjpegliYcbcr	0.7
maps	nps_nps-biho-FINAL-VERSION_BIHO-unigrid_Side-1_X3_compressed-for-web-6_p01.png	jpegli	444	96	identity_off	46.435	91.634	0.6560	CjpegliYcbcr	0.3
maps	nps_nps-biho-FINAL-VERSION_BIHO-unigrid_Side-1_X3_compressed-for-web-6_p01.png	jpegli	444	96	identity_auto	46.435	91.634	0.6560	CjpegliYcbcr	0.3
maps	nps_nps-biho-FINAL-VERSION_BIHO-unigrid_Side-1_X3_compressed-for-web-6_p01.png	jpegli	444	96	model_off	46.801	91.156	0.6670	CjpegliYcbcr	0.3
maps	nps_nps-biho-FINAL-VERSION_BIHO-unigrid_Side-1_X3_compressed-for-web-6_p01.png	jpegli	444	96	model_auto	46.762	90.816	0.6824	CjpegliYcbcr	0.3
maps	nps_nps-biho-FINAL-VERSION_BIHO-unigrid_Side-1_X3_compressed-for-web-6_p01.png	zenjpeg	420	85	identity_off	41.214	84.948	0.7922	CjpegliYcbcr	1.8
maps	nps_nps-biho-FINAL-VERSION_BIHO-unigrid_Side-1_X3_compressed-for-web-6_p01.png	zenjpeg	420	85	identity_auto	41.346	85.124	0.7708	CjpegliYcbcr	1.8
maps	nps_nps-biho-FINAL-VERSION_BIHO-unigrid_Side-1_X3_compressed-for-web-6_p01.png	zenjpeg	420	85	model_off	42.318	84.926	0.7852	CjpegliYcbcr	1.8
maps	nps_nps-biho-FINAL-VERSION_BIHO-unigrid_Side-1_X3_compressed-for-web-6_p01.png	zenjpeg	420	85	model_auto	42.248	84.538	0.7932	CjpegliYcbcr	1.8
maps	nps_nps-biho-FINAL-VERSION_BIHO-unigrid_Side-1_X3_compressed-for-web-6_p01.png	zenjpeg	420	90	identity_off	42.432	87.973	0.7168	CjpegliYcbcr	1.3
maps	nps_nps-biho-FINAL-VERSION_BIHO-unigrid_Side-1_X3_compressed-for-web-6_p01.png	zenjpeg	420	90	identity_auto	42.441	87.944	0.7228	CjpegliYcbcr	1.3
maps	nps_nps-biho-FINAL-VERSION_BIHO-unigrid_Side-1_X3_compressed-for-web-6_p01.png	zenjpeg	420	90	model_off	43.573	87.879	0.7179	CjpegliYcbcr	1.3
maps	nps_nps-biho-FINAL-VERSION_BIHO-unigrid_Side-1_X3_compressed-for-web-6_p01.png	zenjpeg	420	90	model_auto	43.407	87.531	0.7433	CjpegliYcbcr	1.3
maps	nps_nps-biho-FINAL-VERSION_BIHO-unigrid_Side-1_X3_compressed-for-web-6_p01.png	zenjpeg	420	93	identity_off	43.287	89.550	0.6887	CjpegliYcbcr	1.0
maps	nps_nps-biho-FINAL-VERSION_BIHO-unigrid_Side-1_X3_compressed-for-web-6_p01.png	zenjpeg	420	93	identity_auto	43.268	89.538	0.6970	CjpegliYcbcr	1.0
maps	nps_nps-biho-FINAL-VERSION_BIHO-unigrid_Side-1_X3_compressed-for-web-6_p01.png	zenjpeg	420	93	model_off	44.434	89.517	0.6944	CjpegliYcbcr	1.0
maps	nps_nps-biho-FINAL-VERSION_BIHO-unigrid_Side-1_X3_compressed-for-web-6_p01.png	zenjpeg	420	93	model_auto	44.266	89.006	0.7177	CjpegliYcbcr	1.0
maps	nps_nps-biho-FINAL-VERSION_BIHO-unigrid_Side-1_X3_compressed-for-web-6_p01.png	zenjpeg	420	96	identity_off	44.071	91.120	0.6748	CjpegliYcbcr	0.5
maps	nps_nps-biho-FINAL-VERSION_BIHO-unigrid_Side-1_X3_compressed-for-web-6_p01.png	zenjpeg	420	96	identity_auto	44.071	91.120	0.6748	CjpegliYcbcr	0.5
maps	nps_nps-biho-FINAL-VERSION_BIHO-unigrid_Side-1_X3_compressed-for-web-6_p01.png	zenjpeg	420	96	model_off	45.417	90.617	0.6785	CjpegliYcbcr	0.5
maps	nps_nps-biho-FINAL-VERSION_BIHO-unigrid_Side-1_X3_compressed-for-web-6_p01.png	zenjpeg	420	96	model_auto	45.303	90.210	0.6927	CjpegliYcbcr	0.5
maps	nps_nps-biho-FINAL-VERSION_BIHO-unigrid_Side-1_X3_compressed-for-web-6_p01.png	zenjpeg	444	85	identity_off	42.104	86.183	0.7437	CjpegliYcbcr	1.4
maps	nps_nps-biho-FINAL-VERSION_BIHO-unigrid_Side-1_X3_compressed-for-web-6_p01.png	zenjpeg	444	85	identity_auto	42.223	86.417	0.7490	CjpegliYcbcr	1.4
maps	nps_nps-biho-FINAL-VERSION_BIHO-unigrid_Side-1_X3_compressed-for-web-6_p01.png	zenjpeg	444	85	model_off	42.902	86.350	0.7435	CjpegliYcbcr	1.4
maps	nps_nps-biho-FINAL-VERSION_BIHO-unigrid_Side-1_X3_compressed-for-web-6_p01.png	zenjpeg	444	85	model_auto	42.822	86.148	0.7774	CjpegliYcbcr	1.4
maps	nps_nps-biho-FINAL-VERSION_BIHO-unigrid_Side-1_X3_compressed-for-web-6_p01.png	zenjpeg	444	90	identity_off	43.489	88.719	0.6955	CjpegliYcbcr	1.1
maps	nps_nps-biho-FINAL-VERSION_BIHO-unigrid_Side-1_X3_compressed-for-web-6_p01.png	zenjpeg	444	90	identity_auto	43.601	88.810	0.7028	CjpegliYcbcr	1.1
maps	nps_nps-biho-FINAL-VERSION_BIHO-unigrid_Side-1_X3_compressed-for-web-6_p01.png	zenjpeg	444	90	model_off	44.091	88.788	0.7049	CjpegliYcbcr	1.1
maps	nps_nps-biho-FINAL-VERSION_BIHO-unigrid_Side-1_X3_compressed-for-web-6_p01.png	zenjpeg	444	90	model_auto	44.077	88.515	0.7289	CjpegliYcbcr	1.1
maps	nps_nps-biho-FINAL-VERSION_BIHO-unigrid_Side-1_X3_compressed-for-web-6_p01.png	zenjpeg	444	93	identity_off	44.644	89.934	0.6769	CjpegliYcbcr	0.7
maps	nps_nps-biho-FINAL-VERSION_BIHO-unigrid_Side-1_X3_compressed-for-web-6_p01.png	zenjpeg	444	93	identity_auto	44.750	90.138	0.6842	CjpegliYcbcr	0.7
maps	nps_nps-biho-FINAL-VERSION_BIHO-unigrid_Side-1_X3_compressed-for-web-6_p01.png	zenjpeg	444	93	model_off	45.136	89.742	0.6865	CjpegliYcbcr	0.7
maps	nps_nps-biho-FINAL-VERSION_BIHO-unigrid_Side-1_X3_compressed-for-web-6_p01.png	zenjpeg	444	93	model_auto	45.148	89.395	0.7124	CjpegliYcbcr	0.7
maps	nps_nps-biho-FINAL-VERSION_BIHO-unigrid_Side-1_X3_compressed-for-web-6_p01.png	zenjpeg	444	96	identity_off	46.387	91.637	0.6633	CjpegliYcbcr	0.3
maps	nps_nps-biho-FINAL-VERSION_BIHO-unigrid_Side-1_X3_compressed-for-web-6_p01.png	zenjpeg	444	96	identity_auto	46.387	91.637	0.6633	CjpegliYcbcr	0.3
maps	nps_nps-biho-FINAL-VERSION_BIHO-unigrid_Side-1_X3_compressed-for-web-6_p01.png	zenjpeg	444	96	model_off	46.700	91.115	0.6723	CjpegliYcbcr	0.3
maps	nps_nps-biho-FINAL-VERSION_BIHO-unigrid_Side-1_X3_compressed-for-web-6_p01.png	zenjpeg	444	96	model_auto	46.666	90.629	0.6877	CjpegliYcbcr	0.3
renders	a-chosen-soul-MOIGsaj8te0-unsplash.jpg	turbo	420	85	identity_off	44.601	86.241	0.5828	ImageMagick	85.0
renders	a-chosen-soul-MOIGsaj8te0-unsplash.jpg	turbo	420	85	identity_auto	44.571	85.653	0.5711	ImageMagick	85.0
renders	a-chosen-soul-MOIGsaj8te0-unsplash.jpg	turbo	420	85	model_off	44.755	81.599	0.5356	ImageMagick	85.0
renders	a-chosen-soul-MOIGsaj8te0-unsplash.jpg	turbo	420	85	model_auto	44.450	80.788	0.5335	ImageMagick	85.0
renders	a-chosen-soul-MOIGsaj8te0-unsplash.jpg	turbo	420	90	identity_off	52.658	92.929	0.1778	ImageMagick	90.0
renders	a-chosen-soul-MOIGsaj8te0-unsplash.jpg	turbo	420	90	identity_auto	50.923	91.774	0.2341	ImageMagick	90.0
renders	a-chosen-soul-MOIGsaj8te0-unsplash.jpg	turbo	420	90	model_off	47.901	83.454	0.4030	ImageMagick	90.0
renders	a-chosen-soul-MOIGsaj8te0-unsplash.jpg	turbo	420	90	model_auto	46.598	82.836	0.4200	ImageMagick	90.0
renders	a-chosen-soul-MOIGsaj8te0-unsplash.jpg	turbo	420	93	identity_off	47.947	91.154	0.3654	ImageMagick	93.0
renders	a-chosen-soul-MOIGsaj8te0-unsplash.jpg	turbo	420	93	identity_auto	47.588	90.434	0.3653	ImageMagick	93.0
renders	a-chosen-soul-MOIGsaj8te0-unsplash.jpg	turbo	420	93	model_off	46.328	82.982	0.4258	ImageMagick	93.0
renders	a-chosen-soul-MOIGsaj8te0-unsplash.jpg	turbo	420	93	model_auto	45.890	82.437	0.4334	ImageMagick	93.0
renders	a-chosen-soul-MOIGsaj8te0-unsplash.jpg	turbo	420	96	identity_off	53.981	94.581	0.1691	ImageMagick	96.0
renders	a-chosen-soul-MOIGsaj8te0-unsplash.jpg	turbo	420	96	identity_auto	53.981	94.581	0.1691	ImageMagick	96.0
renders	a-chosen-soul-MOIGsaj8te0-unsplash.jpg	turbo	420	96	model_off	48.424	83.947	0.3897	ImageMagick	96.0
renders	a-chosen-soul-MOIGsaj8te0-unsplash.jpg	turbo	420	96	model_auto	47.990	83.870	0.3916	ImageMagick	96.0
renders	a-chosen-soul-MOIGsaj8te0-unsplash.jpg	turbo	444	85	identity_off	44.619	86.648	0.5835	ImageMagick	85.0
renders	a-chosen-soul-MOIGsaj8te0-unsplash.jpg	turbo	444	85	identity_auto	44.607	86.046	0.5704	ImageMagick	85.0
renders	a-chosen-soul-MOIGsaj8te0-unsplash.jpg	turbo	444	85	model_off	44.771	81.771	0.5359	ImageMagick	85.0
renders	a-chosen-soul-MOIGsaj8te0-unsplash.jpg	turbo	444	85	model_auto	44.472	80.988	0.5328	ImageMagick	85.0
renders	a-chosen-soul-MOIGsaj8te0-unsplash.jpg	turbo	444	90	identity_off	52.437	93.483	0.1775	ImageMagick	90.0
renders	a-chosen-soul-MOIGsaj8te0-unsplash.jpg	turbo	444	90	identity_auto	50.813	92.237	0.2332	ImageMagick	90.0
renders	a-chosen-soul-MOIGsaj8te0-unsplash.jpg	turbo	444	90	model_off	47.831	83.605	0.4043	ImageMagick	90.0
renders	a-chosen-soul-MOIGsaj8te0-unsplash.jpg	turbo	444	90	model_auto	46.561	83.023	0.4189	ImageMagick	90.0
renders	a-chosen-soul-MOIGsaj8te0-unsplash.jpg	turbo	444	93	identity_off	48.004	91.669	0.3654	ImageMagick	93.0
renders	a-chosen-soul-MOIGsaj8te0-unsplash.jpg	turbo	444	93	identity_auto	47.647	90.860	0.3655	ImageMagick	93.0
renders	a-chosen-soul-MOIGsaj8te0-unsplash.jpg	turbo	444	93	model_off	46.346	83.102	0.4243	ImageMagick	93.0
renders	a-chosen-soul-MOIGsaj8te0-unsplash.jpg	turbo	444	93	model_auto	45.913	82.640	0.4352	ImageMagick	93.0
renders	a-chosen-soul-MOIGsaj8te0-unsplash.jpg	turbo	444	96	identity_off	53.864	94.902	0.1681	ImageMagick	96.0
renders	a-chosen-soul-MOIGsaj8te0-unsplash.jpg	turbo	444	96	identity_auto	53.864	94.902	0.1681	ImageMagick	96.0
renders	a-chosen-soul-MOIGsaj8te0-unsplash.jpg	turbo	444	96	model_off	48.361	83.885	0.3970	ImageMagick	96.0
renders	a-chosen-soul-MOIGsaj8te0-unsplash.jpg	turbo	444	96	model_auto	47.934	83.830	0.3977	ImageMagick	96.0
renders	a-chosen-soul-MOIGsaj8te0-unsplash.jpg	mozjpeg	420	85	identity_off	38.366	75.024	1.0479	Mozjpeg	85.0
renders	a-chosen-soul-MOIGsaj8te0-unsplash.jpg	mozjpeg	420	85	identity_auto	38.319	74.483	1.0619	Mozjpeg	85.0
renders	a-chosen-soul-MOIGsaj8te0-unsplash.jpg	mozjpeg	420	85	model_off	38.279	70.979	1.0495	Mozjpeg	85.0
renders	a-chosen-soul-MOIGsaj8te0-unsplash.jpg	mozjpeg	420	85	model_auto	38.184	70.495	1.0686	Mozjpeg	85.0
renders	a-chosen-soul-MOIGsaj8te0-unsplash.jpg	mozjpeg	420	90	identity_off	42.222	83.896	0.7065	Mozjpeg	90.0
renders	a-chosen-soul-MOIGsaj8te0-unsplash.jpg	mozjpeg	420	90	identity_auto	42.126	83.357	0.7124	Mozjpeg	90.0
renders	a-chosen-soul-MOIGsaj8te0-unsplash.jpg	mozjpeg	420	90	model_off	41.720	78.272	0.7211	Mozjpeg	90.0
renders	a-chosen-soul-MOIGsaj8te0-unsplash.jpg	mozjpeg	420	90	model_auto	41.584	77.839	0.7337	Mozjpeg	90.0
renders	a-chosen-soul-MOIGsaj8te0-unsplash.jpg	mozjpeg	420	93	identity_off	44.370	86.494	0.5711	Mozjpeg	93.0
renders	a-chosen-soul-MOIGsaj8te0-unsplash.jpg	mozjpeg	420	93	identity_auto	44.105	85.792	0.5827	Mozjpeg	93.0
renders	a-chosen-soul-MOIGsaj8te0-unsplash.jpg	mozjpeg	420	93	model_off	43.428	80.408	0.6098	Mozjpeg	93.0
renders	a-chosen-soul-MOIGsaj8te0-unsplash.jpg	mozjpeg	420	93	model_auto	43.043	79.750	0.6307	Mozjpeg	93.0
renders	a-chosen-soul-MOIGsaj8te0-unsplash.jpg	mozjpeg	420	96	identity_off	51.182	92.413	0.2828	Mozjpeg	96.0
renders	a-chosen-soul-MOIGsaj8te0-unsplash.jpg	mozjpeg	420	96	identity_auto	51.182	92.413	0.2828	Mozjpeg	96.0
renders	a-chosen-soul-MOIGsaj8te0-unsplash.jpg	mozjpeg	420	96	model_off	47.412	83.413	0.4116	Mozjpeg	96.0
renders	a-chosen-soul-MOIGsaj8te0-unsplash.jpg	mozjpeg	420	96	model_auto	46.946	83.266	0.4101	Mozjpeg	96.0
renders	a-chosen-soul-MOIGsaj8te0-unsplash.jpg	mozjpeg	444	85	identity_off	38.359	75.269	1.0479	Mozjpeg	85.0
renders	a-chosen-soul-MOIGsaj8te0-unsplash.jpg	mozjpeg	444	85	identity_auto	38.318	74.732	1.0613	Mozjpeg	85.0
renders	a-chosen-soul-MOIGsaj8te0-unsplash.jpg	mozjpeg	444	85	model_off	38.274	71.161	1.0494	Mozjpeg	85.0
renders	a-chosen-soul-MOIGsaj8te0-unsplash.jpg	mozjpeg	444	85	model_auto	38.184	70.695	1.0675	Mozjpeg	85.0
renders	a-chosen-soul-MOIGsaj8te0-unsplash.jpg	mozjpeg	444	90	identity_off	42.239	84.217	0.7063	Mozjpeg	90.0
renders	a-chosen-soul-MOIGsaj8te0-unsplash.jpg	mozjpeg	444	90	identity_auto	42.143	83.630	0.7121	Mozjpeg	90.0
renders	a-chosen-soul-MOIGsaj8te0-unsplash.jpg	mozjpeg	444	90	model_off	41.728	78.517	0.7211	Mozjpeg	90.0
renders	a-chosen-soul-MOIGsaj8te0-unsplash.jpg	mozjpeg	444	90	model_auto	41.593	78.073	0.7334	Mozjpeg	90.0
renders	a-chosen-soul-MOIGsaj8te0-unsplash.jpg	mozjpeg	444	93	identity_off	44.371	86.949	0.5700	Mozjpeg	93.0
renders	a-chosen-soul-MOIGsaj8te0-unsplash.jpg	mozjpeg	444	93	identity_auto	44.107	86.123	0.5814	Mozjpeg	93.0
renders	a-chosen-soul-MOIGsaj8te0-unsplash.jpg	mozjpeg	444	93	model_off	43.423	80.632	0.6081	Mozjpeg	93.0
renders	a-chosen-soul-MOIGsaj8te0-unsplash.jpg	mozjpeg	444	93	model_auto	43.038	80.010	0.6289	Mozjpeg	93.0
renders	a-chosen-soul-MOIGsaj8te0-unsplash.jpg	mozjpeg	444	96	identity_off	51.127	92.503	0.2807	Mozjpeg	96.0
renders	a-chosen-soul-MOIGsaj8te0-unsplash.jpg	mozjpeg	444	96	identity_auto	51.127	92.503	0.2807	Mozjpeg	96.0
renders	a-chosen-soul-MOIGsaj8te0-unsplash.jpg	mozjpeg	444	96	model_off	47.330	83.385	0.4144	Mozjpeg	96.0
renders	a-chosen-soul-MOIGsaj8te0-unsplash.jpg	mozjpeg	444	96	model_auto	46.887	83.270	0.4123	Mozjpeg	96.0
renders	a-chosen-soul-MOIGsaj8te0-unsplash.jpg	jpegli	420	85	identity_off	41.735	79.055	0.7478	CjpegliYcbcr	1.8
renders	a-chosen-soul-MOIGsaj8te0-unsplash.jpg	jpegli	420	85	identity_auto	41.616	79.128	0.7526	CjpegliYcbcr	1.8
renders	a-chosen-soul-MOIGsaj8te0-unsplash.jpg	jpegli	420	85	model_off	41.263	74.631	0.7666	CjpegliYcbcr	1.8
renders	a-chosen-soul-MOIGsaj8te0-unsplash.jpg	jpegli	420	85	model_auto	41.027	74.062	0.7792	CjpegliYcbcr	1.8
renders	a-chosen-soul-MOIGsaj8te0-unsplash.jpg	jpegli	420	90	identity_off	46.162	85.319	0.4231	CjpegliYcbcr	1.3
renders	a-chosen-soul-MOIGsaj8te0-unsplash.jpg	jpegli	420	90	identity_auto	45.902	85.099	0.4393	CjpegliYcbcr	1.3
renders	a-chosen-soul-MOIGsaj8te0-unsplash.jpg	jpegli	420	90	model_off	44.700	79.322	0.5027	CjpegliYcbcr	1.3
renders	a-chosen-soul-MOIGsaj8te0-unsplash.jpg	jpegli	420	90	model_auto	44.188	78.915	0.5181	CjpegliYcbcr	1.3
renders	a-chosen-soul-MOIGsaj8te0-unsplash.jpg	jpegli	420	93	identity_off	49.630	90.276	0.2824	CjpegliYcbcr	1.0
renders	a-chosen-soul-MOIGsaj8te0-unsplash.jpg	jpegli	420	93	identity_auto	48.975	89.572	0.3067	CjpegliYcbcr	1.0
renders	a-chosen-soul-MOIGsaj8te0-unsplash.jpg	jpegli	420	93	model_off	46.688	82.025	0.4232	CjpegliYcbcr	1.0
renders	a-chosen-soul-MOIGsaj8te0-unsplash.jpg	jpegli	420	93	model_auto	45.909	81.541	0.4355	CjpegliYcbcr	1.0
renders	a-chosen-soul-MOIGsaj8te0-unsplash.jpg	jpegli	420	96	identity_off	53.204	93.257	0.1786	CjpegliYcbcr	0.5
renders	a-chosen-soul-MOIGsaj8te0-unsplash.jpg	jpegli	420	96	identity_auto	53.204	93.257	0.1786	CjpegliYcbcr	0.5
renders	a-chosen-soul-MOIGsaj8te0-unsplash.jpg	jpegli	420	96	model_off	48.057	83.300	0.3960	CjpegliYcbcr	0.5
renders	a-chosen-soul-MOIGsaj8te0-unsplash.jpg	jpegli	420	96	model_auto	47.484	83.172	0.3972	CjpegliYcbcr	0.5
renders	a-chosen-soul-MOIGsaj8te0-unsplash.jpg	jpegli	444	85	identity_off	44.374	83.782	0.5273	CjpegliYcbcr	1.4
renders	a-chosen-soul-MOIGsaj8te0-unsplash.jpg	jpegli	444	85	identity_auto	44.259	83.704	0.5379	CjpegliYcbcr	1.4
renders	a-chosen-soul-MOIGsaj8te0-unsplash.jpg	jpegli	444	85	model_off	43.437	78.280	0.5650	CjpegliYcbcr	1.4
renders	a-chosen-soul-MOIGsaj8te0-unsplash.jpg	jpegli	444	85	model_auto	43.158	77.900	0.5849	CjpegliYcbcr	1.4
renders	a-chosen-soul-MOIGsaj8te0-unsplash.jpg	jpegli	444	90	identity_off	47.259	87.452	0.3627	CjpegliYcbcr	1.1
renders	a-chosen-soul-MOIGsaj8te0-unsplash.jpg	jpegli	444	90	identity_auto	47.003	87.042	0.3774	CjpegliYcbcr	1.1
renders	a-chosen-soul-MOIGsaj8te0-unsplash.jpg	jpegli	444	90	model_off	45.464	80.550	0.4631	CjpegliYcbcr	1.1
renders	a-chosen-soul-MOIGsaj8te0-unsplash.jpg	jpegli	444	90	model_auto	45.000	80.112	0.4725	CjpegliYcbcr	1.1
renders	a-chosen-soul-MOIGsaj8te0-unsplash.jpg	jpegli	444	93	identity_off	49.777	89.963	0.2458	CjpegliYcbcr	0.7
renders	a-chosen-soul-MOIGsaj8te0-unsplash.jpg	jpegli	444	93	identity_auto	49.184	89.218	0.2791	CjpegliYcbcr	0.7
renders	a-chosen-soul-MOIGsaj8te0-unsplash.jpg	jpegli	444	93	model_off	46.760	81.612	0.4218	CjpegliYcbcr	0.7
renders	a-chosen-soul-MOIGsaj8te0-unsplash.jpg	jpegli	444	93	model_auto	46.011	81.203	0.4287	CjpegliYcbcr	0.7
renders	a-chosen-soul-MOIGsaj8te0-unsplash.jpg	jpegli	444	96	identity_off	52.531	92.050	0.1602	CjpegliYcbcr	0.3
renders	a-chosen-soul-MOIGsaj8te0-unsplash.jpg	jpegli	444	96	identity_auto	52.531	92.050	0.1602	CjpegliYcbcr	0.3
renders	a-chosen-soul-MOIGsaj8te0-unsplash.jpg	jpegli	444	96	model_off	47.889	82.847	0.3962	CjpegliYcbcr	0.3
renders	a-chosen-soul-MOIGsaj8te0-unsplash.jpg	jpegli	444	96	model_auto	47.370	82.711	0.3950	CjpegliYcbcr	0.3
renders	a-chosen-soul-MOIGsaj8te0-unsplash.jpg	zenjpeg	420	85	identity_off	41.705	79.541	0.7531	CjpegliYcbcr	1.8
renders	a-chosen-soul-MOIGsaj8te0-unsplash.jpg	zenjpeg	420	85	identity_auto	41.580	79.322	0.7580	CjpegliYcbcr	1.8
renders	a-chosen-soul-MOIGsaj8te0-unsplash.jpg	zenjpeg	420	85	model_off	41.224	75.109	0.7722	CjpegliYcbcr	1.8
renders	a-chosen-soul-MOIGsaj8te0-unsplash.jpg	zenjpeg	420	85	model_auto	40.984	74.438	0.7854	CjpegliYcbcr	1.8
renders	a-chosen-soul-MOIGsaj8te0-unsplash.jpg	zenjpeg	420	90	identity_off	46.190	85.572	0.4242	CjpegliYcbcr	1.3
renders	a-chosen-soul-MOIGsaj8te0-unsplash.jpg	zenjpeg	420	90	identity_auto	45.921	85.317	0.4399	CjpegliYcbcr	1.3
renders	a-chosen-soul-MOIGsaj8te0-unsplash.jpg	zenjpeg	420	90	model_off	44.702	79.538	0.5050	CjpegliYcbcr	1.3
renders	a-chosen-soul-MOIGsaj8te0-unsplash.jpg	zenjpeg	420	90	model_auto	44.177	79.213	0.5213	CjpegliYcbcr	1.3
renders	a-chosen-soul-MOIGsaj8te0-unsplash.jpg	zenjpeg	420	93	identity_off	49.801	90.950	0.2783	CjpegliYcbcr	1.0
renders	a-chosen-soul-MOIGsaj8te0-unsplash.jpg	zenjpeg	420	93	identity_auto	49.056	90.104	0.3047	CjpegliYcbcr	1.0
renders	a-chosen-soul-MOIGsaj8te0-unsplash.jpg	zenjpeg	420	93	model_off	46.734	82.378	0.4205	CjpegliYcbcr	1.0
renders	a-chosen-soul-MOIGsaj8te0-unsplash.jpg	zenjpeg	420	93	model_auto	45.915	81.789	0.4359	CjpegliYcbcr	1.0
renders	a-chosen-soul-MOIGsaj8te0-unsplash.jpg	zenjpeg	420	96	identity_off	53.618	94.476	0.1666	CjpegliYcbcr	0.5
renders	a-chosen-soul-MOIGsaj8te0-unsplash.jpg	zenjpeg	420	96	identity_auto	53.618	94.476	0.1666	CjpegliYcbcr	0.5
renders	a-chosen-soul-MOIGsaj8te0-unsplash.jpg	zenjpeg	420	96	model_off	48.143	83.596	0.3989	CjpegliYcbcr	0.5
renders	a-chosen-soul-MOIGsaj8te0-unsplash.jpg	zenjpeg	420	96	model_auto	47.555	83.493	0.3983	CjpegliYcbcr	0.5
renders	a-chosen-soul-MOIGsaj8te0-unsplash.jpg	zenjpeg	444	85	identity_off	44.358	83.828	0.5279	CjpegliYcbcr	1.4
renders	a-chosen-soul-MOIGsaj8te0-unsplash.jpg	zenjpeg	444	85	identity_auto	44.233	83.690	0.5375	CjpegliYcbcr	1.4
renders	a-chosen-soul-MOIGsaj8te0-unsplash.jpg	zenjpeg	444	85	model_off	43.414	78.402	0.5659	CjpegliYcbcr	1.4
renders	a-chosen-soul-MOIGsaj8te0-unsplash.jpg	zenjpeg	444	85	model_auto	43.132	78.069	0.5850	CjpegliYcbcr	1.4
renders	a-chosen-soul-MOIGsaj8te0-unsplash.jpg	zenjpeg	444	90	identity_off	47.305	87.930	0.3631	CjpegliYcbcr	1.1
renders	a-chosen-soul-MOIGsaj8te0-unsplash.jpg	zenjpeg	444	90	identity_auto	47.001	87.394	0.3795	CjpegliYcbcr	1.1
renders	a-chosen-soul-MOIGsaj8te0-unsplash.jpg	zenjpeg	444	90	model_off	45.465	80.803	0.4617	CjpegliYcbcr	1.1
renders	a-chosen-soul-MOIGsaj8te0-unsplash.jpg	zenjpeg	444	90	model_auto	44.976	80.408	0.4728	CjpegliYcbcr	1.1
renders	a-chosen-soul-MOIGsaj8te0-unsplash.jpg	zenjpeg	444	93	identity_off	49.920	90.463	0.2471	CjpegliYcbcr	0.7
renders	a-chosen-soul-MOIGsaj8te0-unsplash.jpg	zenjpeg	444	93	identity_auto	49.227	89.549	0.2825	CjpegliYcbcr	0.7
renders	a-chosen-soul-MOIGsaj8te0-unsplash.jpg	zenjpeg	444	93	model_off	46.818	81.826	0.4223	CjpegliYcbcr	0.7
renders	a-chosen-soul-MOIGsaj8te0-unsplash.jpg	zenjpeg	444	93	model_auto	46.025	81.412	0.4305	CjpegliYcbcr	0.7
renders	a-chosen-soul-MOIGsaj8te0-unsplash.jpg	zenjpeg	444	96	identity_off	52.742	92.485	0.1548	CjpegliYcbcr	0.3
renders	a-chosen-soul-MOIGsaj8te0-unsplash.jpg	zenjpeg	444	96	identity_auto	52.742	92.485	0.1548	CjpegliYcbcr	0.3
renders	a-chosen-soul-MOIGsaj8te0-unsplash.jpg	zenjpeg	444	96	model_off	47.938	82.911	0.3944	CjpegliYcbcr	0.3
renders	a-chosen-soul-MOIGsaj8te0-unsplash.jpg	zenjpeg	444	96	model_auto	47.411	82.812	0.3899	CjpegliYcbcr	0.3
renders	anton-sobotyak-g7aYFxxNTVA-unsplash.jpg	turbo	420	85	identity_off	56.729	92.341	0.3127	ImageMagick	85.0
renders	anton-sobotyak-g7aYFxxNTVA-unsplash.jpg	turbo	420	85	identity_auto	55.244	92.108	0.3308	ImageMagick	85.0
renders	anton-sobotyak-g7aYFxxNTVA-unsplash.jpg	turbo	420	85	model_off	53.231	88.240	0.3637	ImageMagick	85.0
renders	anton-sobotyak-g7aYFxxNTVA-unsplash.jpg	turbo	420	85	model_auto	52.436	88.246	0.3759	ImageMagick	85.0
renders	anton-sobotyak-g7aYFxxNTVA-unsplash.jpg	turbo	420	90	identity_off	59.138	94.102	0.2098	ImageMagick	90.0
renders	anton-sobotyak-g7aYFxxNTVA-unsplash.jpg	turbo	420	90	identity_auto	56.932	93.392	0.2653	ImageMagick	90.0
renders	anton-sobotyak-g7aYFxxNTVA-unsplash.jpg	turbo	420	90	model_off	53.758	88.806	0.3383	ImageMagick	90.0
renders	anton-sobotyak-g7aYFxxNTVA-unsplash.jpg	turbo	420	90	model_auto	52.830	88.716	0.3524	ImageMagick	90.0
renders	anton-sobotyak-g7aYFxxNTVA-unsplash.jpg	turbo	420	93	identity_off	61.259	96.240	0.1555	ImageMagick	93.0
renders	anton-sobotyak-g7aYFxxNTVA-unsplash.jpg	turbo	420	93	identity_auto	57.870	95.224	0.2182	ImageMagick	93.0
renders	anton-sobotyak-g7aYFxxNTVA-unsplash.jpg	turbo	420	93	model_off	54.154	89.691	0.3370	ImageMagick	93.0
renders	anton-sobotyak-g7aYFxxNTVA-unsplash.jpg	turbo	420	93	model_auto	53.057	89.419	0.3464	ImageMagick	93.0
renders	anton-sobotyak-g7aYFxxNTVA-unsplash.jpg	turbo	420	96	identity_off	64.875	96.768	0.1052	ImageMagick	96.0
renders	anton-sobotyak-g7aYFxxNTVA-unsplash.jpg	turbo	420	96	identity_auto	64.875	96.768	0.1052	ImageMagick	96.0
renders	anton-sobotyak-g7aYFxxNTVA-unsplash.jpg	turbo	420	96	model_off	54.347	89.671	0.3357	ImageMagick	96.0
renders	anton-sobotyak-g7aYFxxNTVA-unsplash.jpg	turbo	420	96	model_auto	53.830	89.483	0.3389	ImageMagick	96.0
renders	anton-sobotyak-g7aYFxxNTVA-unsplash.jpg	turbo	444	85	identity_off	58.928	94.122	0.2918	ImageMagick	85.0
renders	anton-sobotyak-g7aYFxxNTVA-unsplash.jpg	turbo	444	85	identity_auto	56.408	93.789	0.3147	ImageMagick	85.0
renders	anton-sobotyak-g7aYFxxNTVA-unsplash.jpg	turbo	444	85	model_off	53.780	89.101	0.3553	ImageMagick	85.0
renders	anton-sobotyak-g7aYFxxNTVA-unsplash.jpg	turbo	444	85	model_auto	52.761	88.930	0.3675	ImageMagick	85.0
renders	anton-sobotyak-g7aYFxxNTVA-unsplash.jpg	turbo	444	90	identity_off	62.251	96.379	0.1801	ImageMagick	90.0
renders	anton-sobotyak-g7aYFxxNTVA-unsplash.jpg	turbo	444	90	identity_auto	58.370	95.381	0.2385	ImageMagick	90.0
renders	anton-sobotyak-g7aYFxxNTVA-unsplash.jpg	turbo	444	90	model_off	54.236	89.673	0.3365	ImageMagick	90.0
renders	anton-sobotyak-g7aYFxxNTVA-unsplash.jpg	turbo	444	90	model_auto	53.107	89.472	0.3475	ImageMagick	90.0
renders	anton-sobotyak-g7aYFxxNTVA-unsplash.jpg	turbo	444	93	identity_off	64.270	97.071	0.1319	ImageMagick	93.0
renders	anton-sobotyak-g7aYFxxNTVA-unsplash.jpg	turbo	444	93	identity_auto	58.932	95.802	0.2099	ImageMagick	93.0
renders	anton-sobotyak-g7aYFxxNTVA-unsplash.jpg	turbo	444	93	model_off	54.376	89.792	0.3375	ImageMagick	93.0
renders	anton-sobotyak-g7aYFxxNTVA-unsplash.jpg	turbo	444	93	model_auto	53.151	89.489	0.3461	ImageMagick	93.0
renders	anton-sobotyak-g7aYFxxNTVA-unsplash.jpg	turbo	444	96	identity_off	67.083	97.658	0.0934	ImageMagick	96.0
renders	anton-sobotyak-g7aYFxxNTVA-unsplash.jpg	turbo	444	96	identity_auto	67.083	97.658	0.0934	ImageMagick	96.0
renders	anton-sobotyak-g7aYFxxNTVA-unsplash.jpg	turbo	444	96	model_off	54.413	89.736	0.3369	ImageMagick	96.0
renders	anton-sobotyak-g7aYFxxNTVA-unsplash.jpg	turbo	444	96	model_auto	53.863	89.502	0.3397	ImageMagick	96.0
renders	anton-sobotyak-g7aYFxxNTVA-unsplash.jpg	mozjpeg	420	85	identity_off	55.376	90.516	0.4091	Mozjpeg	85.0
renders	anton-sobotyak-g7aYFxxNTVA-unsplash.jpg	mozjpeg	420	85	identity_auto	54.732	90.931	0.4153	Mozjpeg	85.0
renders	anton-sobotyak-g7aYFxxNTVA-unsplash.jpg	mozjpeg	420	85	model_off	52.499	87.236	0.4201	Mozjpeg	85.0
renders	anton-sobotyak-g7aYFxxNTVA-unsplash.jpg	mozjpeg	420	85	model_auto	51.837	87.244	0.4341	Mozjpeg	85.0
renders	anton-sobotyak-g7aYFxxNTVA-unsplash.jpg	mozjpeg	420	90	identity_off	58.635	94.408	0.2460	Mozjpeg	90.0
renders	anton-sobotyak-g7aYFxxNTVA-unsplash.jpg	mozjpeg	420	90	identity_auto	56.737	93.955	0.2839	Mozjpeg	90.0
renders	anton-sobotyak-g7aYFxxNTVA-unsplash.jpg	mozjpeg	420	90	model_off	53.655	89.012	0.3445	Mozjpeg	90.0
renders	anton-sobotyak-g7aYFxxNTVA-unsplash.jpg	mozjpeg	420	90	model_auto	52.780	88.880	0.3594	Mozjpeg	90.0
renders	anton-sobotyak-g7aYFxxNTVA-unsplash.jpg	mozjpeg	420	93	identity_off	62.402	96.356	0.1616	Mozjpeg	93.0
renders	anton-sobotyak-g7aYFxxNTVA-unsplash.jpg	mozjpeg	420	93	identity_auto	58.369	95.354	0.2320	Mozjpeg	93.0
renders	anton-sobotyak-g7aYFxxNTVA-unsplash.jpg	mozjpeg	420	93	model_off	54.173	89.546	0.3371	Mozjpeg	93.0
renders	anton-sobotyak-g7aYFxxNTVA-unsplash.jpg	mozjpeg	420	93	model_auto	53.034	89.239	0.3488	Mozjpeg	93.0
renders	anton-sobotyak-g7aYFxxNTVA-unsplash.jpg	mozjpeg	420	96	identity_off	66.257	97.204	0.1023	Mozjpeg	96.0
renders	anton-sobotyak-g7aYFxxNTVA-unsplash.jpg	mozjpeg	420	96	identity_auto	66.257	97.204	0.1023	Mozjpeg	96.0
renders	anton-sobotyak-g7aYFxxNTVA-unsplash.jpg	mozjpeg	420	96	model_off	54.406	89.738	0.3355	Mozjpeg	96.0
renders	anton-sobotyak-g7aYFxxNTVA-unsplash.jpg	mozjpeg	420	96	model_auto	53.861	89.524	0.3387	Mozjpeg	96.0
renders	anton-sobotyak-g7aYFxxNTVA-unsplash.jpg	mozjpeg	444	85	identity_off	56.827	91.999	0.3984	Mozjpeg	85.0
renders	anton-sobotyak-g7aYFxxNTVA-unsplash.jpg	mozjpeg	444	85	identity_auto	55.746	92.463	0.3971	Mozjpeg	85.0
renders	anton-sobotyak-g7aYFxxNTVA-unsplash.jpg	mozjpeg	444	85	model_off	52.932	88.016	0.4043	Mozjpeg	85.0
renders	anton-sobotyak-g7aYFxxNTVA-unsplash.jpg	mozjpeg	444	85	model_auto	52.119	87.750	0.4221	Mozjpeg	85.0
renders	anton-sobotyak-g7aYFxxNTVA-unsplash.jpg	mozjpeg	444	90	identity_off	60.662	95.746	0.2317	Mozjpeg	90.0
renders	anton-sobotyak-g7aYFxxNTVA-unsplash.jpg	mozjpeg	444	90	identity_auto	57.810	95.080	0.2722	Mozjpeg	90.0
renders	anton-sobotyak-g7aYFxxNTVA-unsplash.jpg	mozjpeg	444	90	model_off	53.924	89.362	0.3430	Mozjpeg	90.0
renders	anton-sobotyak-g7aYFxxNTVA-unsplash.jpg	mozjpeg	444	90	model_auto	52.922	89.080	0.3556	Mozjpeg	90.0
renders	anton-sobotyak-g7aYFxxNTVA-unsplash.jpg	mozjpeg	444	93	identity_off	63.615	96.870	0.1582	Mozjpeg	93.0
renders	anton-sobotyak-g7aYFxxNTVA-unsplash.jpg	mozjpeg	444	93	identity_auto	58.758	95.659	0.2307	Mozjpeg	93.0
renders	anton-sobotyak-g7aYFxxNTVA-unsplash.jpg	mozjpeg	444	93	model_off	54.277	89.615	0.3369	Mozjpeg	93.0
renders	anton-sobotyak-g7aYFxxNTVA-unsplash.jpg	mozjpeg	444	93	model_auto	53.081	89.321	0.3487	Mozjpeg	93.0
renders	anton-sobotyak-g7aYFxxNTVA-unsplash.jpg	mozjpeg	444	96	identity_off	67.670	97.750	0.1007	Mozjpeg	96.0
renders	anton-sobotyak-g7aYFxxNTVA-unsplash.jpg	mozjpeg	444	96	identity_auto	67.670	97.750	0.1007	Mozjpeg	96.0
renders	anton-sobotyak-g7aYFxxNTVA-unsplash.jpg	mozjpeg	444	96	model_off	54.450	89.778	0.3360	Mozjpeg	96.0
renders	anton-sobotyak-g7aYFxxNTVA-unsplash.jpg	mozjpeg	444	96	model_auto	53.887	89.526	0.3387	Mozjpeg	96.0
renders	anton-sobotyak-g7aYFxxNTVA-unsplash.jpg	jpegli	420	85	identity_off	53.063	87.840	0.4339	CjpegliYcbcr	1.8
renders	anton-sobotyak-g7aYFxxNTVA-unsplash.jpg	jpegli	420	85	identity_auto	53.072	88.823	0.4288	CjpegliYcbcr	1.8
renders	anton-sobotyak-g7aYFxxNTVA-unsplash.jpg	jpegli	420	85	model_off	51.452	85.275	0.4537	CjpegliYcbcr	1.8
renders	anton-sobotyak-g7aYFxxNTVA-unsplash.jpg	jpegli	420	85	model_auto	51.322	85.498	0.4506	CjpegliYcbcr	1.8
renders	anton-sobotyak-g7aYFxxNTVA-unsplash.jpg	jpegli	420	90	identity_off	55.832	91.108	0.3486	CjpegliYcbcr	1.3
renders	anton-sobotyak-g7aYFxxNTVA-unsplash.jpg	jpegli	420	90	identity_auto	54.906	91.330	0.3855	CjpegliYcbcr	1.3
renders	anton-sobotyak-g7aYFxxNTVA-unsplash.jpg	jpegli	420	90	model_off	52.676	87.549	0.3886	CjpegliYcbcr	1.3
renders	anton-sobotyak-g7aYFxxNTVA-unsplash.jpg	jpegli	420	90	model_auto	51.959	87.714	0.4137	CjpegliYcbcr	1.3
renders	anton-sobotyak-g7aYFxxNTVA-unsplash.jpg	jpegli	420	93	identity_off	57.526	92.929	0.2857	CjpegliYcbcr	1.0
renders	anton-sobotyak-g7aYFxxNTVA-unsplash.jpg	jpegli	420	93	identity_auto	56.154	92.709	0.3260	CjpegliYcbcr	1.0
renders	anton-sobotyak-g7aYFxxNTVA-unsplash.jpg	jpegli	420	93	model_off	53.324	88.235	0.3578	CjpegliYcbcr	1.0
renders	anton-sobotyak-g7aYFxxNTVA-unsplash.jpg	jpegli	420	93	model_auto	52.560	88.234	0.3768	CjpegliYcbcr	1.0
renders	anton-sobotyak-g7aYFxxNTVA-unsplash.jpg	jpegli	420	96	identity_off	59.001	94.613	0.2874	CjpegliYcbcr	0.5
renders	anton-sobotyak-g7aYFxxNTVA-unsplash.jpg	jpegli	420	96	identity_auto	59.001	94.613	0.2874	CjpegliYcbcr	0.5
renders	anton-sobotyak-g7aYFxxNTVA-unsplash.jpg	jpegli	420	96	model_off	53.640	89.180	0.3559	CjpegliYcbcr	0.5
renders	anton-sobotyak-g7aYFxxNTVA-unsplash.jpg	jpegli	420	96	model_auto	53.265	89.036	0.3592	CjpegliYcbcr	0.5
renders	anton-sobotyak-g7aYFxxNTVA-unsplash.jpg	jpegli	444	85	identity_off	55.749	91.145	0.3759	CjpegliYcbcr	1.4
renders	anton-sobotyak-g7aYFxxNTVA-unsplash.jpg	jpegli	444	85	identity_auto	54.915	91.551	0.3990	CjpegliYcbcr	1.4
renders	anton-sobotyak-g7aYFxxNTVA-unsplash.jpg	jpegli	444	85	model_off	52.538	87.635	0.4029	CjpegliYcbcr	1.4
renders	anton-sobotyak-g7aYFxxNTVA-unsplash.jpg	jpegli	444	85	model_auto	51.834	87.651	0.4224	CjpegliYcbcr	1.4
renders	anton-sobotyak-g7aYFxxNTVA-unsplash.jpg	jpegli	444	90	identity_off	56.889	91.460	0.3341	CjpegliYcbcr	1.1
renders	anton-sobotyak-g7aYFxxNTVA-unsplash.jpg	jpegli	444	90	identity_auto	55.766	91.512	0.3673	CjpegliYcbcr	1.1
renders	anton-sobotyak-g7aYFxxNTVA-unsplash.jpg	jpegli	444	90	model_off	52.997	87.581	0.3813	CjpegliYcbcr	1.1
renders	anton-sobotyak-g7aYFxxNTVA-unsplash.jpg	jpegli	444	90	model_auto	52.269	87.586	0.4038	CjpegliYcbcr	1.1
renders	anton-sobotyak-g7aYFxxNTVA-unsplash.jpg	jpegli	444	93	identity_off	56.021	91.932	0.3103	CjpegliYcbcr	0.7
renders	anton-sobotyak-g7aYFxxNTVA-unsplash.jpg	jpegli	444	93	identity_auto	55.302	91.789	0.3524	CjpegliYcbcr	0.7
renders	anton-sobotyak-g7aYFxxNTVA-unsplash.jpg	jpegli	444	93	model_off	52.845	87.497	0.3654	CjpegliYcbcr	0.7
renders	anton-sobotyak-g7aYFxxNTVA-unsplash.jpg	jpegli	444	93	model_auto	52.396	87.497	0.3919	CjpegliYcbcr	0.7
renders	anton-sobotyak-g7aYFxxNTVA-unsplash.jpg	jpegli	444	96	identity_off	60.512	94.860	0.2420	CjpegliYcbcr	0.3
renders	anton-sobotyak-g7aYFxxNTVA-unsplash.jpg	jpegli	444	96	identity_auto	60.512	94.860	0.2420	CjpegliYcbcr	0.3
renders	anton-sobotyak-g7aYFxxNTVA-unsplash.jpg	jpegli	444	96	model_off	53.890	89.333	0.3442	CjpegliYcbcr	0.3
renders	anton-sobotyak-g7aYFxxNTVA-unsplash.jpg	jpegli	444	96	model_auto	53.455	89.142	0.3472	CjpegliYcbcr	0.3
renders	anton-sobotyak-g7aYFxxNTVA-unsplash.jpg	zenjpeg	420	85	identity_off	54.896	90.080	0.3946	CjpegliYcbcr	1.8
renders	anton-sobotyak-g7aYFxxNTVA-unsplash.jpg	zenjpeg	420	85	identity_auto	54.637	90.587	0.3922	CjpegliYcbcr	1.8
renders	anton-sobotyak-g7aYFxxNTVA-unsplash.jpg	zenjpeg	420	85	model_off	52.097	86.826	0.4217	CjpegliYcbcr	1.8
renders	anton-sobotyak-g7aYFxxNTVA-unsplash.jpg	zenjpeg	420	85	model_auto	51.660	86.694	0.4201	CjpegliYcbcr	1.8
renders	anton-sobotyak-g7aYFxxNTVA-unsplash.jpg	zenjpeg	420	90	identity_off	56.520	91.939	0.3275	CjpegliYcbcr	1.3
renders	anton-sobotyak-g7aYFxxNTVA-unsplash.jpg	zenjpeg	420	90	identity_auto	55.480	91.816	0.3523	CjpegliYcbcr	1.3
renders	anton-sobotyak-g7aYFxxNTVA-unsplash.jpg	zenjpeg	420	90	model_off	52.929	87.939	0.3752	CjpegliYcbcr	1.3
renders	anton-sobotyak-g7aYFxxNTVA-unsplash.jpg	zenjpeg	420	90	model_auto	52.204	87.852	0.3900	CjpegliYcbcr	1.3
renders	anton-sobotyak-g7aYFxxNTVA-unsplash.jpg	zenjpeg	420	93	identity_off	59.315	94.101	0.2306	CjpegliYcbcr	1.0
renders	anton-sobotyak-g7aYFxxNTVA-unsplash.jpg	zenjpeg	420	93	identity_auto	57.105	93.568	0.2712	CjpegliYcbcr	1.0
renders	anton-sobotyak-g7aYFxxNTVA-unsplash.jpg	zenjpeg	420	93	model_off	53.617	88.850	0.3434	CjpegliYcbcr	1.0
renders	anton-sobotyak-g7aYFxxNTVA-unsplash.jpg	zenjpeg	420	93	model_auto	52.679	88.659	0.3585	CjpegliYcbcr	1.0
renders	anton-sobotyak-g7aYFxxNTVA-unsplash.jpg	zenjpeg	420	96	identity_off	62.568	96.151	0.1615	CjpegliYcbcr	0.5
renders	anton-sobotyak-g7aYFxxNTVA-unsplash.jpg	zenjpeg	420	96	identity_auto	62.568	96.151	0.1615	CjpegliYcbcr	0.5
renders	anton-sobotyak-g7aYFxxNTVA-unsplash.jpg	zenjpeg	420	96	model_off	54.172	89.595	0.3367	CjpegliYcbcr	0.5
renders	anton-sobotyak-g7aYFxxNTVA-unsplash.jpg	zenjpeg	420	96	model_auto	53.688	89.431	0.3406	CjpegliYcbcr	0.5
renders	anton-sobotyak-g7aYFxxNTVA-unsplash.jpg	zenjpeg	444	85	identity_off	56.689	92.248	0.3606	CjpegliYcbcr	1.4
renders	anton-sobotyak-g7aYFxxNTVA-unsplash.jpg	zenjpeg	444	85	identity_auto	55.664	92.332	0.3717	CjpegliYcbcr	1.4
renders	anton-sobotyak-g7aYFxxNTVA-unsplash.jpg	zenjpeg	444	85	model_off	52.875	88.097	0.4012	CjpegliYcbcr	1.4
renders	anton-sobotyak-g7aYFxxNTVA-unsplash.jpg	zenjpeg	444	85	model_auto	52.138	87.918	0.4046	CjpegliYcbcr	1.4
renders	anton-sobotyak-g7aYFxxNTVA-unsplash.jpg	zenjpeg	444	90	identity_off	58.854	94.044	0.2556	CjpegliYcbcr	1.1
renders	anton-sobotyak-g7aYFxxNTVA-unsplash.jpg	zenjpeg	444	90	identity_auto	56.991	93.645	0.2909	CjpegliYcbcr	1.1
renders	anton-sobotyak-g7aYFxxNTVA-unsplash.jpg	zenjpeg	444	90	model_off	53.496	88.995	0.3513	CjpegliYcbcr	1.1
renders	anton-sobotyak-g7aYFxxNTVA-unsplash.jpg	zenjpeg	444	90	model_auto	52.599	88.740	0.3656	CjpegliYcbcr	1.1
renders	anton-sobotyak-g7aYFxxNTVA-unsplash.jpg	zenjpeg	444	93	identity_off	59.516	94.529	0.2427	CjpegliYcbcr	0.7
renders	anton-sobotyak-g7aYFxxNTVA-unsplash.jpg	zenjpeg	444	93	identity_auto	57.430	94.065	0.2868	CjpegliYcbcr	0.7
renders	anton-sobotyak-g7aYFxxNTVA-unsplash.jpg	zenjpeg	444	93	model_off	53.765	89.093	0.3444	CjpegliYcbcr	0.7
renders	anton-sobotyak-g7aYFxxNTVA-unsplash.jpg	zenjpeg	444	93	model_auto	52.842	88.930	0.3625	CjpegliYcbcr	0.7
renders	anton-sobotyak-g7aYFxxNTVA-unsplash.jpg	zenjpeg	444	96	identity_off	64.132	95.742	0.1173	CjpegliYcbcr	0.3
renders	anton-sobotyak-g7aYFxxNTVA-unsplash.jpg	zenjpeg	444	96	identity_auto	64.132	95.742	0.1173	CjpegliYcbcr	0.3
renders	anton-sobotyak-g7aYFxxNTVA-unsplash.jpg	zenjpeg	444	96	model_off	54.293	89.506	0.3345	CjpegliYcbcr	0.3
renders	anton-sobotyak-g7aYFxxNTVA-unsplash.jpg	zenjpeg	444	96	model_auto	53.771	89.306	0.3381	CjpegliYcbcr	0.3
renders	itsiken-pmYoy3WaFPU-unsplash.jpg	turbo	420	85	identity_off	38.530	82.131	0.7889	ImageMagick	85.0
renders	itsiken-pmYoy3WaFPU-unsplash.jpg	turbo	420	85	identity_auto	38.533	81.052	0.8055	ImageMagick	85.0
renders	itsiken-pmYoy3WaFPU-unsplash.jpg	turbo	420	85	model_off	38.936	82.390	0.7673	ImageMagick	85.0
renders	itsiken-pmYoy3WaFPU-unsplash.jpg	turbo	420	85	model_auto	38.800	81.216	0.7991	ImageMagick	85.0
renders	itsiken-pmYoy3WaFPU-unsplash.jpg	turbo	420	90	identity_off	39.892	85.553	0.6602	ImageMagick	90.0
renders	itsiken-pmYoy3WaFPU-unsplash.jpg	turbo	420	90	identity_auto	39.917	85.399	0.6669	ImageMagick	90.0
renders	itsiken-pmYoy3WaFPU-unsplash.jpg	turbo	420	90	model_off	40.098	85.726	0.6504	ImageMagick	90.0
renders	itsiken-pmYoy3WaFPU-unsplash.jpg	turbo	420	90	model_auto	40.256	85.613	0.6556	ImageMagick	90.0
renders	itsiken-pmYoy3WaFPU-unsplash.jpg	turbo	420	93	identity_off	41.200	87.930	0.5538	ImageMagick	93.0
renders	itsiken-pmYoy3WaFPU-unsplash.jpg	turbo	420	93	identity_auto	41.183	87.724	0.5653	ImageMagick	93.0
renders	itsiken-pmYoy3WaFPU-unsplash.jpg	turbo	420	93	model_off	41.308	88.081	0.5496	ImageMagick	93.0
renders	itsiken-pmYoy3WaFPU-unsplash.jpg	turbo	420	93	model_auto	41.483	87.944	0.5572	ImageMagick	93.0
renders	itsiken-pmYoy3WaFPU-unsplash.jpg	turbo	420	96	identity_off	43.657	91.279	0.3849	ImageMagick	96.0
renders	itsiken-pmYoy3WaFPU-unsplash.jpg	turbo	420	96	identity_auto	43.657	91.279	0.3849	ImageMagick	96.0
renders	itsiken-pmYoy3WaFPU-unsplash.jpg	turbo	420	96	model_off	43.721	91.334	0.3827	ImageMagick	96.0
renders	itsiken-pmYoy3WaFPU-unsplash.jpg	turbo	420	96	model_auto	43.993	91.363	0.3751	ImageMagick	96.0
renders	itsiken-pmYoy3WaFPU-unsplash.jpg	turbo	444	85	identity_off	39.269	84.211	0.7827	ImageMagick	85.0
renders	itsiken-pmYoy3WaFPU-unsplash.jpg	turbo	444	85	identity_auto	39.325	83.161	0.7972	ImageMagick	85.0
renders	itsiken-pmYoy3WaFPU-unsplash.jpg	turbo	444	85	model_off	39.682	84.160	0.7615	ImageMagick	85.0
renders	itsiken-pmYoy3WaFPU-unsplash.jpg	turbo	444	85	model_auto	39.537	82.883	0.7914	ImageMagick	85.0
renders	itsiken-pmYoy3WaFPU-unsplash.jpg	turbo	444	90	identity_off	40.704	87.342	0.6539	ImageMagick	90.0
renders	itsiken-pmYoy3WaFPU-unsplash.jpg	turbo	444	90	identity_auto	40.752	87.186	0.6601	ImageMagick	90.0
renders	itsiken-pmYoy3WaFPU-unsplash.jpg	turbo	444	90	model_off	40.921	87.287	0.6449	ImageMagick	90.0
renders	itsiken-pmYoy3WaFPU-unsplash.jpg	turbo	444	90	model_auto	41.064	86.901	0.6498	ImageMagick	90.0
renders	itsiken-pmYoy3WaFPU-unsplash.jpg	turbo	444	93	identity_off	42.126	89.638	0.5467	ImageMagick	93.0
renders	itsiken-pmYoy3WaFPU-unsplash.jpg	turbo	444	93	identity_auto	42.118	89.405	0.5578	ImageMagick	93.0
renders	itsiken-pmYoy3WaFPU-unsplash.jpg	turbo	444	93	model_off	42.244	89.595	0.5427	ImageMagick	93.0
renders	itsiken-pmYoy3WaFPU-unsplash.jpg	turbo	444	93	model_auto	42.389	89.084	0.5505	ImageMagick	93.0
renders	itsiken-pmYoy3WaFPU-unsplash.jpg	turbo	444	96	identity_off	44.963	92.735	0.3740	ImageMagick	96.0
renders	itsiken-pmYoy3WaFPU-unsplash.jpg	turbo	444	96	identity_auto	44.963	92.735	0.3740	ImageMagick	96.0
renders	itsiken-pmYoy3WaFPU-unsplash.jpg	turbo	444	96	model_off	45.033	92.670	0.3722	ImageMagick	96.0
renders	itsiken-pmYoy3WaFPU-unsplash.jpg	turbo	444	96	model_auto	45.279	92.292	0.3642	ImageMagick	96.0
renders	itsiken-pmYoy3WaFPU-unsplash.jpg	mozjpeg	420	85	identity_off	38.200	80.878	0.8579	Mozjpeg	85.0
renders	itsiken-pmYoy3WaFPU-unsplash.jpg	mozjpeg	420	85	identity_auto	38.202	79.769	0.8773	Mozjpeg	85.0
renders	itsiken-pmYoy3WaFPU-unsplash.jpg	mozjpeg	420	85	model_off	38.570	80.836	0.8406	Mozjpeg	85.0
renders	itsiken-pmYoy3WaFPU-unsplash.jpg	mozjpeg	420	85	model_auto	38.350	79.661	0.8796	Mozjpeg	85.0
renders	itsiken-pmYoy3WaFPU-unsplash.jpg	mozjpeg	420	90	identity_off	39.639	84.757	0.7160	Mozjpeg	90.0
renders	itsiken-pmYoy3WaFPU-unsplash.jpg	mozjpeg	420	90	identity_auto	39.650	84.498	0.7277	Mozjpeg	90.0
renders	itsiken-pmYoy3WaFPU-unsplash.jpg	mozjpeg	420	90	model_off	39.874	84.675	0.7070	Mozjpeg	90.0
renders	itsiken-pmYoy3WaFPU-unsplash.jpg	mozjpeg	420	90	model_auto	39.801	84.280	0.7289	Mozjpeg	90.0
renders	itsiken-pmYoy3WaFPU-unsplash.jpg	mozjpeg	420	93	identity_off	40.906	87.114	0.6119	Mozjpeg	93.0
renders	itsiken-pmYoy3WaFPU-unsplash.jpg	mozjpeg	420	93	identity_auto	40.879	86.808	0.6264	Mozjpeg	93.0
renders	itsiken-pmYoy3WaFPU-unsplash.jpg	mozjpeg	420	93	model_off	41.045	87.102	0.6070	Mozjpeg	93.0
renders	itsiken-pmYoy3WaFPU-unsplash.jpg	mozjpeg	420	93	model_auto	40.980	86.609	0.6286	Mozjpeg	93.0
renders	itsiken-pmYoy3WaFPU-unsplash.jpg	mozjpeg	420	96	identity_off	43.208	90.378	0.4504	Mozjpeg	96.0
renders	itsiken-pmYoy3WaFPU-unsplash.jpg	mozjpeg	420	96	identity_auto	43.208	90.378	0.4504	Mozjpeg	96.0
renders	itsiken-pmYoy3WaFPU-unsplash.jpg	mozjpeg	420	96	model_off	43.258	90.355	0.4493	Mozjpeg	96.0
renders	itsiken-pmYoy3WaFPU-unsplash.jpg	mozjpeg	420	96	model_auto	43.329	90.236	0.4486	Mozjpeg	96.0
renders	itsiken-pmYoy3WaFPU-unsplash.jpg	mozjpeg	444	85	identity_off	38.665	82.292	0.8537	Mozjpeg	85.0
renders	itsiken-pmYoy3WaFPU-unsplash.jpg	mozjpeg	444	85	identity_auto	38.707	81.273	0.8709	Mozjpeg	85.0
renders	itsiken-pmYoy3WaFPU-unsplash.jpg	mozjpeg	444	85	model_off	38.967	81.775	0.8364	Mozjpeg	85.0
renders	itsiken-pmYoy3WaFPU-unsplash.jpg	mozjpeg	444	85	model_auto	38.757	80.673	0.8737	Mozjpeg	85.0
renders	itsiken-pmYoy3WaFPU-unsplash.jpg	mozjpeg	444	90	identity_off	40.146	86.023	0.7108	Mozjpeg	90.0
renders	itsiken-pmYoy3WaFPU-unsplash.jpg	mozjpeg	444	90	identity_auto	40.169	85.782	0.7219	Mozjpeg	90.0
renders	itsiken-pmYoy3WaFPU-unsplash.jpg	mozjpeg	444	90	model_off	40.333	85.425	0.7021	Mozjpeg	90.0
renders	itsiken-pmYoy3WaFPU-unsplash.jpg	mozjpeg	444	90	model_auto	40.223	84.879	0.7239	Mozjpeg	90.0
renders	itsiken-pmYoy3WaFPU-unsplash.jpg	mozjpeg	444	93	identity_off	41.506	88.324	0.6053	Mozjpeg	93.0
renders	itsiken-pmYoy3WaFPU-unsplash.jpg	mozjpeg	444	93	identity_auto	41.481	88.026	0.6197	Mozjpeg	93.0
renders	itsiken-pmYoy3WaFPU-unsplash.jpg	mozjpeg	444	93	model_off	41.611	87.897	0.6009	Mozjpeg	93.0
renders	itsiken-pmYoy3WaFPU-unsplash.jpg	mozjpeg	444	93	model_auto	41.485	87.189	0.6224	Mozjpeg	93.0
renders	itsiken-pmYoy3WaFPU-unsplash.jpg	mozjpeg	444	96	identity_off	44.037	91.473	0.4428	Mozjpeg	96.0
renders	itsiken-pmYoy3WaFPU-unsplash.jpg	mozjpeg	444	96	identity_auto	44.037	91.473	0.4428	Mozjpeg	96.0
renders	itsiken-pmYoy3WaFPU-unsplash.jpg	mozjpeg	444	96	model_off	44.067	91.078	0.4421	Mozjpeg	96.0
renders	itsiken-pmYoy3WaFPU-unsplash.jpg	mozjpeg	444	96	model_auto	44.035	90.551	0.4417	Mozjpeg	96.0
renders	itsiken-pmYoy3WaFPU-unsplash.jpg	jpegli	420	85	identity_off	37.037	77.353	0.9613	CjpegliYcbcr	1.8
renders	itsiken-pmYoy3WaFPU-unsplash.jpg	jpegli	420	85	identity_auto	37.147	76.904	0.9525	CjpegliYcbcr	1.8
renders	itsiken-pmYoy3WaFPU-unsplash.jpg	jpegli	420	85	model_off	37.445	77.602	0.9481	CjpegliYcbcr	1.8
renders	itsiken-pmYoy3WaFPU-unsplash.jpg	jpegli	420	85	model_auto	37.398	77.071	0.9555	CjpegliYcbcr	1.8
renders	itsiken-pmYoy3WaFPU-unsplash.jpg	jpegli	420	90	identity_off	38.723	82.107	0.7569	CjpegliYcbcr	1.3
renders	itsiken-pmYoy3WaFPU-unsplash.jpg	jpegli	420	90	identity_auto	38.739	81.879	0.7675	CjpegliYcbcr	1.3
renders	itsiken-pmYoy3WaFPU-unsplash.jpg	jpegli	420	90	model_off	38.964	82.294	0.7516	CjpegliYcbcr	1.3
renders	itsiken-pmYoy3WaFPU-unsplash.jpg	jpegli	420	90	model_auto	38.935	82.051	0.7727	CjpegliYcbcr	1.3
renders	itsiken-pmYoy3WaFPU-unsplash.jpg	jpegli	420	93	identity_off	40.420	85.777	0.5938	CjpegliYcbcr	1.0
renders	itsiken-pmYoy3WaFPU-unsplash.jpg	jpegli	420	93	identity_auto	40.396	85.513	0.6086	CjpegliYcbcr	1.0
renders	itsiken-pmYoy3WaFPU-unsplash.jpg	jpegli	420	93	model_off	40.536	85.873	0.5919	CjpegliYcbcr	1.0
renders	itsiken-pmYoy3WaFPU-unsplash.jpg	jpegli	420	93	model_auto	40.526	85.561	0.6146	CjpegliYcbcr	1.0
renders	itsiken-pmYoy3WaFPU-unsplash.jpg	jpegli	420	96	identity_off	42.931	89.658	0.4150	CjpegliYcbcr	0.5
renders	itsiken-pmYoy3WaFPU-unsplash.jpg	jpegli	420	96	identity_auto	42.931	89.658	0.4150	CjpegliYcbcr	0.5
renders	itsiken-pmYoy3WaFPU-unsplash.jpg	jpegli	420	96	model_off	42.969	89.692	0.4145	CjpegliYcbcr	0.5
renders	itsiken-pmYoy3WaFPU-unsplash.jpg	jpegli	420	96	model_auto	43.075	89.665	0.4154	CjpegliYcbcr	0.5
renders	itsiken-pmYoy3WaFPU-unsplash.jpg	jpegli	444	85	identity_off	37.645	79.804	0.8565	CjpegliYcbcr	1.4
renders	itsiken-pmYoy3WaFPU-unsplash.jpg	jpegli	444	85	identity_auto	37.719	79.690	0.8637	CjpegliYcbcr	1.4
renders	itsiken-pmYoy3WaFPU-unsplash.jpg	jpegli	444	85	model_off	38.126	80.076	0.8466	CjpegliYcbcr	1.4
renders	itsiken-pmYoy3WaFPU-unsplash.jpg	jpegli	444	85	model_auto	38.100	79.838	0.8679	CjpegliYcbcr	1.4
renders	itsiken-pmYoy3WaFPU-unsplash.jpg	jpegli	444	90	identity_off	39.379	84.225	0.6693	CjpegliYcbcr	1.1
renders	itsiken-pmYoy3WaFPU-unsplash.jpg	jpegli	444	90	identity_auto	39.437	84.080	0.6788	CjpegliYcbcr	1.1
renders	itsiken-pmYoy3WaFPU-unsplash.jpg	jpegli	444	90	model_off	39.686	84.457	0.6641	CjpegliYcbcr	1.1
renders	itsiken-pmYoy3WaFPU-unsplash.jpg	jpegli	444	90	model_auto	39.749	84.228	0.6825	CjpegliYcbcr	1.1
renders	itsiken-pmYoy3WaFPU-unsplash.jpg	jpegli	444	93	identity_off	41.131	87.440	0.5144	CjpegliYcbcr	0.7
renders	itsiken-pmYoy3WaFPU-unsplash.jpg	jpegli	444	93	identity_auto	41.158	87.208	0.5332	CjpegliYcbcr	0.7
renders	itsiken-pmYoy3WaFPU-unsplash.jpg	jpegli	444	93	model_off	41.309	87.474	0.5124	CjpegliYcbcr	0.7
renders	itsiken-pmYoy3WaFPU-unsplash.jpg	jpegli	444	93	model_auto	41.446	87.089	0.5381	CjpegliYcbcr	0.7
renders	itsiken-pmYoy3WaFPU-unsplash.jpg	jpegli	444	96	identity_off	43.718	90.805	0.3476	CjpegliYcbcr	0.3
renders	itsiken-pmYoy3WaFPU-unsplash.jpg	jpegli	444	96	identity_auto	43.718	90.805	0.3476	CjpegliYcbcr	0.3
renders	itsiken-pmYoy3WaFPU-unsplash.jpg	jpegli	444	96	model_off	43.822	90.814	0.3473	CjpegliYcbcr	0.3
renders	itsiken-pmYoy3WaFPU-unsplash.jpg	jpegli	444	96	model_auto	44.082	90.702	0.3477	CjpegliYcbcr	0.3
renders	itsiken-pmYoy3WaFPU-unsplash.jpg	zenjpeg	420	85	identity_off	37.019	77.217	0.9634	CjpegliYcbcr	1.8
renders	itsiken-pmYoy3WaFPU-unsplash.jpg	zenjpeg	420	85	identity_auto	37.130	76.785	0.9546	CjpegliYcbcr	1.8
renders	itsiken-pmYoy3WaFPU-unsplash.jpg	zenjpeg	420	85	model_off	37.431	77.542	0.9495	CjpegliYcbcr	1.8
renders	itsiken-pmYoy3WaFPU-unsplash.jpg	zenjpeg	420	85	model_auto	37.383	77.001	0.9574	CjpegliYcbcr	1.8
renders	itsiken-pmYoy3WaFPU-unsplash.jpg	zenjpeg	420	90	identity_off	38.702	81.987	0.7593	CjpegliYcbcr	1.3
renders	itsiken-pmYoy3WaFPU-unsplash.jpg	zenjpeg	420	90	identity_auto	38.719	81.791	0.7702	CjpegliYcbcr	1.3
renders	itsiken-pmYoy3WaFPU-unsplash.jpg	zenjpeg	420	90	model_off	38.947	82.182	0.7541	CjpegliYcbcr	1.3
renders	itsiken-pmYoy3WaFPU-unsplash.jpg	zenjpeg	420	90	model_auto	38.915	81.948	0.7755	CjpegliYcbcr	1.3
renders	itsiken-pmYoy3WaFPU-unsplash.jpg	zenjpeg	420	93	identity_off	40.391	85.720	0.5963	CjpegliYcbcr	1.0
renders	itsiken-pmYoy3WaFPU-unsplash.jpg	zenjpeg	420	93	identity_auto	40.367	85.461	0.6118	CjpegliYcbcr	1.0
renders	itsiken-pmYoy3WaFPU-unsplash.jpg	zenjpeg	420	93	model_off	40.509	85.825	0.5946	CjpegliYcbcr	1.0
renders	itsiken-pmYoy3WaFPU-unsplash.jpg	zenjpeg	420	93	model_auto	40.500	85.494	0.6183	CjpegliYcbcr	1.0
renders	itsiken-pmYoy3WaFPU-unsplash.jpg	zenjpeg	420	96	identity_off	42.903	89.667	0.4160	CjpegliYcbcr	0.5
renders	itsiken-pmYoy3WaFPU-unsplash.jpg	zenjpeg	420	96	identity_auto	42.903	89.667	0.4160	CjpegliYcbcr	0.5
renders	itsiken-pmYoy3WaFPU-unsplash.jpg	zenjpeg	420	96	model_off	42.945	89.722	0.4156	CjpegliYcbcr	0.5
renders	itsiken-pmYoy3WaFPU-unsplash.jpg	zenjpeg	420	96	model_auto	43.053	89.710	0.4166	CjpegliYcbcr	0.5
renders	itsiken-pmYoy3WaFPU-unsplash.jpg	zenjpeg	444	85	identity_off	37.641	79.830	0.8617	CjpegliYcbcr	1.4
renders	itsiken-pmYoy3WaFPU-unsplash.jpg	zenjpeg	444	85	identity_auto	37.714	79.721	0.8689	CjpegliYcbcr	1.4
renders	itsiken-pmYoy3WaFPU-unsplash.jpg	zenjpeg	444	85	model_off	38.122	80.058	0.8517	CjpegliYcbcr	1.4
renders	itsiken-pmYoy3WaFPU-unsplash.jpg	zenjpeg	444	85	model_auto	38.096	79.791	0.8724	CjpegliYcbcr	1.4
renders	itsiken-pmYoy3WaFPU-unsplash.jpg	zenjpeg	444	90	identity_off	39.366	84.297	0.6707	CjpegliYcbcr	1.1
renders	itsiken-pmYoy3WaFPU-unsplash.jpg	zenjpeg	444	90	identity_auto	39.420	84.082	0.6806	CjpegliYcbcr	1.1
renders	itsiken-pmYoy3WaFPU-unsplash.jpg	zenjpeg	444	90	model_off	39.671	84.492	0.6659	CjpegliYcbcr	1.1
renders	itsiken-pmYoy3WaFPU-unsplash.jpg	zenjpeg	444	90	model_auto	39.730	84.214	0.6847	CjpegliYcbcr	1.1
renders	itsiken-pmYoy3WaFPU-unsplash.jpg	zenjpeg	444	93	identity_off	41.103	87.477	0.5170	CjpegliYcbcr	0.7
renders	itsiken-pmYoy3WaFPU-unsplash.jpg	zenjpeg	444	93	identity_auto	41.127	87.263	0.5356	CjpegliYcbcr	0.7
renders	itsiken-pmYoy3WaFPU-unsplash.jpg	zenjpeg	444	93	model_off	41.283	87.450	0.5149	CjpegliYcbcr	0.7
renders	itsiken-pmYoy3WaFPU-unsplash.jpg	zenjpeg	444	93	model_auto	41.414	87.122	0.5406	CjpegliYcbcr	0.7
renders	itsiken-pmYoy3WaFPU-unsplash.jpg	zenjpeg	444	96	identity_off	43.666	90.816	0.3508	CjpegliYcbcr	0.3
renders	itsiken-pmYoy3WaFPU-unsplash.jpg	zenjpeg	444	96	identity_auto	43.666	90.816	0.3508	CjpegliYcbcr	0.3
renders	itsiken-pmYoy3WaFPU-unsplash.jpg	zenjpeg	444	96	model_off	43.773	90.788	0.3503	CjpegliYcbcr	0.3
renders	itsiken-pmYoy3WaFPU-unsplash.jpg	zenjpeg	444	96	model_auto	44.036	90.657	0.3505	CjpegliYcbcr	0.3
textures	anca-gabriela-zosin-bMOnYbmQxHA-unsplash.jpg	turbo	420	85	identity_off	41.622	82.693	0.9015	ImageMagick	85.0
textures	anca-gabriela-zosin-bMOnYbmQxHA-unsplash.jpg	turbo	420	85	identity_auto	41.662	82.927	0.9077	ImageMagick	85.0
textures	anca-gabriela-zosin-bMOnYbmQxHA-unsplash.jpg	turbo	420	85	model_off	41.711	82.771	0.9549	ImageMagick	85.0
textures	anca-gabriela-zosin-bMOnYbmQxHA-unsplash.jpg	turbo	420	85	model_auto	41.777	82.453	0.9794	ImageMagick	85.0
textures	anca-gabriela-zosin-bMOnYbmQxHA-unsplash.jpg	turbo	420	90	identity_off	43.349	87.015	0.7088	ImageMagick	90.0
textures	anca-gabriela-zosin-bMOnYbmQxHA-unsplash.jpg	turbo	420	90	identity_auto	43.344	87.039	0.7297	ImageMagick	90.0
textures	anca-gabriela-zosin-bMOnYbmQxHA-unsplash.jpg	turbo	420	90	model_off	43.367	86.681	0.8231	ImageMagick	90.0
textures	anca-gabriela-zosin-bMOnYbmQxHA-unsplash.jpg	turbo	420	90	model_auto	43.369	86.369	0.8595	ImageMagick	90.0
textures	anca-gabriela-zosin-bMOnYbmQxHA-unsplash.jpg	turbo	420	93	identity_off	44.766	89.334	0.5760	ImageMagick	93.0
textures	anca-gabriela-zosin-bMOnYbmQxHA-unsplash.jpg	turbo	420	93	identity_auto	44.660	89.215	0.6083	ImageMagick	93.0
textures	anca-gabriela-zosin-bMOnYbmQxHA-unsplash.jpg	turbo	420	93	model_off	44.651	88.641	0.7243	ImageMagick	93.0
textures	anca-gabriela-zosin-bMOnYbmQxHA-unsplash.jpg	turbo	420	93	model_auto	44.464	87.933	0.7776	ImageMagick	93.0
textures	anca-gabriela-zosin-bMOnYbmQxHA-unsplash.jpg	turbo	420	96	identity_off	46.985	91.693	0.4276	ImageMagick	96.0
textures	anca-gabriela-zosin-bMOnYbmQxHA-unsplash.jpg	turbo	420	96	identity_auto	46.985	91.693	0.4276	ImageMagick	96.0
textures	anca-gabriela-zosin-bMOnYbmQxHA-unsplash.jpg	turbo	420	96	model_off	46.558	90.150	0.6462	ImageMagick	96.0
textures	anca-gabriela-zosin-bMOnYbmQxHA-unsplash.jpg	turbo	420	96	model_auto	46.347	89.589	0.6893	ImageMagick	96.0
textures	anca-gabriela-zosin-bMOnYbmQxHA-unsplash.jpg	turbo	444	85	identity_off	42.998	85.126	0.7955	ImageMagick	85.0
textures	anca-gabriela-zosin-bMOnYbmQxHA-unsplash.jpg	turbo	444	85	identity_auto	43.181	85.372	0.7957	ImageMagick	85.0
textures	anca-gabriela-zosin-bMOnYbmQxHA-unsplash.jpg	turbo	444	85	model_off	42.718	84.276	0.9861	ImageMagick	85.0
textures	anca-gabriela-zosin-bMOnYbmQxHA-unsplash.jpg	turbo	444	85	model_auto	42.679	83.688	0.9709	ImageMagick	85.0
textures	anca-gabriela-zosin-bMOnYbmQxHA-unsplash.jpg	turbo	444	90	identity_off	44.762	88.927	0.6223	ImageMagick	90.0
textures	anca-gabriela-zosin-bMOnYbmQxHA-unsplash.jpg	turbo	444	90	identity_auto	44.812	89.042	0.6339	ImageMagick	90.0
textures	anca-gabriela-zosin-bMOnYbmQxHA-unsplash.jpg	turbo	444	90	model_off	44.369	87.731	0.7965	ImageMagick	90.0
textures	anca-gabriela-zosin-bMOnYbmQxHA-unsplash.jpg	turbo	444	90	model_auto	44.167	87.109	0.8476	ImageMagick	90.0
textures	anca-gabriela-zosin-bMOnYbmQxHA-unsplash.jpg	turbo	444	93	identity_off	46.373	90.967	0.4962	ImageMagick	93.0
textures	anca-gabriela-zosin-bMOnYbmQxHA-unsplash.jpg	turbo	444	93	identity_auto	46.299	90.870	0.5171	ImageMagick	93.0
textures	anca-gabriela-zosin-bMOnYbmQxHA-unsplash.jpg	turbo	444	93	model_off	45.689	89.383	0.7452	ImageMagick	93.0
textures	anca-gabriela-zosin-bMOnYbmQxHA-unsplash.jpg	turbo	444	93	model_auto	45.192	88.574	0.8011	ImageMagick	93.0
textures	anca-gabriela-zosin-bMOnYbmQxHA-unsplash.jpg	turbo	444	96	identity_off	48.965	93.118	0.3399	ImageMagick	96.0
textures	anca-gabriela-zosin-bMOnYbmQxHA-unsplash.jpg	turbo	444	96	identity_auto	48.965	93.118	0.3399	ImageMagick	96.0
textures	anca-gabriela-zosin-bMOnYbmQxHA-unsplash.jpg	turbo	444	96	model_off	47.553	90.418	0.6831	ImageMagick	96.0
textures	anca-gabriela-zosin-bMOnYbmQxHA-unsplash.jpg	turbo	444	96	model_auto	46.854	89.734	0.7428	ImageMagick	96.0
textures	anca-gabriela-zosin-bMOnYbmQxHA-unsplash.jpg	mozjpeg	420	85	identity_off	41.533	80.999	0.9403	Mozjpeg	85.0
textures	anca-gabriela-zosin-bMOnYbmQxHA-unsplash.jpg	mozjpeg	420	85	identity_auto	41.503	81.011	0.9600	Mozjpeg	85.0
textures	anca-gabriela-zosin-bMOnYbmQxHA-unsplash.jpg	mozjpeg	420	85	model_off	41.436	80.615	1.0476	Mozjpeg	85.0
textures	anca-gabriela-zosin-bMOnYbmQxHA-unsplash.jpg	mozjpeg	420	85	model_auto	41.362	80.071	1.0681	Mozjpeg	85.0
textures	anca-gabriela-zosin-bMOnYbmQxHA-unsplash.jpg	mozjpeg	420	90	identity_off	43.219	85.744	0.7584	Mozjpeg	90.0
textures	anca-gabriela-zosin-bMOnYbmQxHA-unsplash.jpg	mozjpeg	420	90	identity_auto	43.169	85.749	0.7846	Mozjpeg	90.0
textures	anca-gabriela-zosin-bMOnYbmQxHA-unsplash.jpg	mozjpeg	420	90	model_off	43.068	84.900	0.7892	Mozjpeg	90.0
textures	anca-gabriela-zosin-bMOnYbmQxHA-unsplash.jpg	mozjpeg	420	90	model_auto	42.913	84.232	0.8587	Mozjpeg	90.0
textures	anca-gabriela-zosin-bMOnYbmQxHA-unsplash.jpg	mozjpeg	420	93	identity_off	44.639	88.467	0.6348	Mozjpeg	93.0
textures	anca-gabriela-zosin-bMOnYbmQxHA-unsplash.jpg	mozjpeg	420	93	identity_auto	44.512	88.168	0.6680	Mozjpeg	93.0
textures	anca-gabriela-zosin-bMOnYbmQxHA-unsplash.jpg	mozjpeg	420	93	model_off	44.449	87.490	0.6944	Mozjpeg	93.0
textures	anca-gabriela-zosin-bMOnYbmQxHA-unsplash.jpg	mozjpeg	420	93	model_auto	44.183	86.767	0.7700	Mozjpeg	93.0
textures	anca-gabriela-zosin-bMOnYbmQxHA-unsplash.jpg	mozjpeg	420	96	identity_off	46.699	90.540	0.5003	Mozjpeg	96.0
textures	anca-gabriela-zosin-bMOnYbmQxHA-unsplash.jpg	mozjpeg	420	96	identity_auto	46.699	90.540	0.5003	Mozjpeg	96.0
textures	anca-gabriela-zosin-bMOnYbmQxHA-unsplash.jpg	mozjpeg	420	96	model_off	46.277	89.486	0.6369	Mozjpeg	96.0
textures	anca-gabriela-zosin-bMOnYbmQxHA-unsplash.jpg	mozjpeg	420	96	model_auto	45.995	88.874	0.6897	Mozjpeg	96.0
textures	anca-gabriela-zosin-bMOnYbmQxHA-unsplash.jpg	mozjpeg	444	85	identity_off	42.505	82.778	0.8753	Mozjpeg	85.0
textures	anca-gabriela-zosin-bMOnYbmQxHA-unsplash.jpg	mozjpeg	444	85	identity_auto	42.562	82.870	0.8848	Mozjpeg	85.0
textures	anca-gabriela-zosin-bMOnYbmQxHA-unsplash.jpg	mozjpeg	444	85	model_off	41.896	81.391	1.1271	Mozjpeg	85.0
textures	anca-gabriela-zosin-bMOnYbmQxHA-unsplash.jpg	mozjpeg	444	85	model_auto	41.749	80.789	1.0884	Mozjpeg	85.0
textures	anca-gabriela-zosin-bMOnYbmQxHA-unsplash.jpg	mozjpeg	444	90	identity_off	44.264	87.192	0.6953	Mozjpeg	90.0
textures	anca-gabriela-zosin-bMOnYbmQxHA-unsplash.jpg	mozjpeg	444	90	identity_auto	44.244	87.149	0.7101	Mozjpeg	90.0
textures	anca-gabriela-zosin-bMOnYbmQxHA-unsplash.jpg	mozjpeg	444	90	model_off	43.582	85.447	0.8620	Mozjpeg	90.0
textures	anca-gabriela-zosin-bMOnYbmQxHA-unsplash.jpg	mozjpeg	444	90	model_auto	43.216	84.723	0.9310	Mozjpeg	90.0
textures	anca-gabriela-zosin-bMOnYbmQxHA-unsplash.jpg	mozjpeg	444	93	identity_off	45.936	89.632	0.5683	Mozjpeg	93.0
textures	anca-gabriela-zosin-bMOnYbmQxHA-unsplash.jpg	mozjpeg	444	93	identity_auto	45.810	89.553	0.5899	Mozjpeg	93.0
textures	anca-gabriela-zosin-bMOnYbmQxHA-unsplash.jpg	mozjpeg	444	93	model_off	45.163	87.928	0.7551	Mozjpeg	93.0
textures	anca-gabriela-zosin-bMOnYbmQxHA-unsplash.jpg	mozjpeg	444	93	model_auto	44.552	87.084	0.8353	Mozjpeg	93.0
textures	anca-gabriela-zosin-bMOnYbmQxHA-unsplash.jpg	mozjpeg	444	96	identity_off	48.787	91.764	0.4283	Mozjpeg	96.0
textures	anca-gabriela-zosin-bMOnYbmQxHA-unsplash.jpg	mozjpeg	444	96	identity_auto	48.787	91.764	0.4283	Mozjpeg	96.0
textures	anca-gabriela-zosin-bMOnYbmQxHA-unsplash.jpg	mozjpeg	444	96	model_off	47.293	89.618	0.6873	Mozjpeg	96.0
textures	anca-gabriela-zosin-bMOnYbmQxHA-unsplash.jpg	mozjpeg	444	96	model_auto	46.395	88.791	0.7776	Mozjpeg	96.0
textures	anca-gabriela-zosin-bMOnYbmQxHA-unsplash.jpg	jpegli	420	85	identity_off	41.295	80.199	0.9459	CjpegliYcbcr	1.8
textures	anca-gabriela-zosin-bMOnYbmQxHA-unsplash.jpg	jpegli	420	85	identity_auto	41.395	80.818	0.9330	CjpegliYcbcr	1.8
textures	anca-gabriela-zosin-bMOnYbmQxHA-unsplash.jpg	jpegli	420	85	model_off	41.227	80.053	1.0053	CjpegliYcbcr	1.8
textures	anca-gabriela-zosin-bMOnYbmQxHA-unsplash.jpg	jpegli	420	85	model_auto	41.271	79.938	1.0217	CjpegliYcbcr	1.8
textures	anca-gabriela-zosin-bMOnYbmQxHA-unsplash.jpg	jpegli	420	90	identity_off	43.104	84.707	0.7565	CjpegliYcbcr	1.3
textures	anca-gabriela-zosin-bMOnYbmQxHA-unsplash.jpg	jpegli	420	90	identity_auto	43.093	85.146	0.7760	CjpegliYcbcr	1.3
textures	anca-gabriela-zosin-bMOnYbmQxHA-unsplash.jpg	jpegli	420	90	model_off	42.937	84.169	0.8151	CjpegliYcbcr	1.3
textures	anca-gabriela-zosin-bMOnYbmQxHA-unsplash.jpg	jpegli	420	90	model_auto	42.845	83.912	0.8639	CjpegliYcbcr	1.3
textures	anca-gabriela-zosin-bMOnYbmQxHA-unsplash.jpg	jpegli	420	93	identity_off	44.550	87.885	0.6250	CjpegliYcbcr	1.0
textures	anca-gabriela-zosin-bMOnYbmQxHA-unsplash.jpg	jpegli	420	93	identity_auto	44.467	87.961	0.6521	CjpegliYcbcr	1.0
textures	anca-gabriela-zosin-bMOnYbmQxHA-unsplash.jpg	jpegli	420	93	model_off	44.347	87.045	0.7153	CjpegliYcbcr	1.0
textures	anca-gabriela-zosin-bMOnYbmQxHA-unsplash.jpg	jpegli	420	93	model_auto	44.131	86.465	0.7837	CjpegliYcbcr	1.0
textures	anca-gabriela-zosin-bMOnYbmQxHA-unsplash.jpg	jpegli	420	96	identity_off	46.436	90.825	0.4880	CjpegliYcbcr	0.5
textures	anca-gabriela-zosin-bMOnYbmQxHA-unsplash.jpg	jpegli	420	96	identity_auto	46.436	90.825	0.4880	CjpegliYcbcr	0.5
textures	anca-gabriela-zosin-bMOnYbmQxHA-unsplash.jpg	jpegli	420	96	model_off	46.074	89.232	0.6853	CjpegliYcbcr	0.5
textures	anca-gabriela-zosin-bMOnYbmQxHA-unsplash.jpg	jpegli	420	96	model_auto	45.859	88.699	0.7361	CjpegliYcbcr	0.5
textures	anca-gabriela-zosin-bMOnYbmQxHA-unsplash.jpg	jpegli	444	85	identity_off	41.657	82.695	0.8402	CjpegliYcbcr	1.4
textures	anca-gabriela-zosin-bMOnYbmQxHA-unsplash.jpg	jpegli	444	85	identity_auto	41.803	83.261	0.8463	CjpegliYcbcr	1.4
textures	anca-gabriela-zosin-bMOnYbmQxHA-unsplash.jpg	jpegli	444	85	model_off	41.565	82.193	0.9879	CjpegliYcbcr	1.4
textures	anca-gabriela-zosin-bMOnYbmQxHA-unsplash.jpg	jpegli	444	85	model_auto	41.607	82.015	1.0263	CjpegliYcbcr	1.4
textures	anca-gabriela-zosin-bMOnYbmQxHA-unsplash.jpg	jpegli	444	90	identity_off	43.399	86.379	0.6652	CjpegliYcbcr	1.1
textures	anca-gabriela-zosin-bMOnYbmQxHA-unsplash.jpg	jpegli	444	90	identity_auto	43.532	86.676	0.6787	CjpegliYcbcr	1.1
textures	anca-gabriela-zosin-bMOnYbmQxHA-unsplash.jpg	jpegli	444	90	model_off	43.194	85.494	0.8541	CjpegliYcbcr	1.1
textures	anca-gabriela-zosin-bMOnYbmQxHA-unsplash.jpg	jpegli	444	90	model_auto	43.133	85.146	0.9123	CjpegliYcbcr	1.1
textures	anca-gabriela-zosin-bMOnYbmQxHA-unsplash.jpg	jpegli	444	93	identity_off	44.876	88.685	0.5585	CjpegliYcbcr	0.7
textures	anca-gabriela-zosin-bMOnYbmQxHA-unsplash.jpg	jpegli	444	93	identity_auto	45.002	88.928	0.5782	CjpegliYcbcr	0.7
textures	anca-gabriela-zosin-bMOnYbmQxHA-unsplash.jpg	jpegli	444	93	model_off	44.535	87.544	0.8012	CjpegliYcbcr	0.7
textures	anca-gabriela-zosin-bMOnYbmQxHA-unsplash.jpg	jpegli	444	93	model_auto	44.340	87.136	0.8495	CjpegliYcbcr	0.7
textures	anca-gabriela-zosin-bMOnYbmQxHA-unsplash.jpg	jpegli	444	96	identity_off	47.263	91.389	0.3942	CjpegliYcbcr	0.3
textures	anca-gabriela-zosin-bMOnYbmQxHA-unsplash.jpg	jpegli	444	96	identity_auto	47.263	91.389	0.3942	CjpegliYcbcr	0.3
textures	anca-gabriela-zosin-bMOnYbmQxHA-unsplash.jpg	jpegli	444	96	model_off	46.534	89.488	0.6789	CjpegliYcbcr	0.3
textures	anca-gabriela-zosin-bMOnYbmQxHA-unsplash.jpg	jpegli	444	96	model_auto	46.080	89.002	0.7477	CjpegliYcbcr	0.3
textures	anca-gabriela-zosin-bMOnYbmQxHA-unsplash.jpg	zenjpeg	420	85	identity_off	41.276	80.359	0.9427	CjpegliYcbcr	1.8
textures	anca-gabriela-zosin-bMOnYbmQxHA-unsplash.jpg	zenjpeg	420	85	identity_auto	41.365	80.877	0.9333	CjpegliYcbcr	1.8
textures	anca-gabriela-zosin-bMOnYbmQxHA-unsplash.jpg	zenjpeg	420	85	model_off	41.203	80.066	1.0075	CjpegliYcbcr	1.8
textures	anca-gabriela-zosin-bMOnYbmQxHA-unsplash.jpg	zenjpeg	420	85	model_auto	41.232	79.899	1.0018	CjpegliYcbcr	1.8
textures	anca-gabriela-zosin-bMOnYbmQxHA-unsplash.jpg	zenjpeg	420	90	identity_off	43.080	84.901	0.7502	CjpegliYcbcr	1.3
textures	anca-gabriela-zosin-bMOnYbmQxHA-unsplash.jpg	zenjpeg	420	90	identity_auto	43.050	85.129	0.7753	CjpegliYcbcr	1.3
textures	anca-gabriela-zosin-bMOnYbmQxHA-unsplash.jpg	zenjpeg	420	90	model_off	42.910	84.270	0.8074	CjpegliYcbcr	1.3
textures	anca-gabriela-zosin-bMOnYbmQxHA-unsplash.jpg	zenjpeg	420	90	model_auto	42.802	84.044	0.8628	CjpegliYcbcr	1.3
textures	anca-gabriela-zosin-bMOnYbmQxHA-unsplash.jpg	zenjpeg	420	93	identity_off	44.509	87.812	0.6269	CjpegliYcbcr	1.0
textures	anca-gabriela-zosin-bMOnYbmQxHA-unsplash.jpg	zenjpeg	420	93	identity_auto	44.397	87.790	0.6630	CjpegliYcbcr	1.0
textures	anca-gabriela-zosin-bMOnYbmQxHA-unsplash.jpg	zenjpeg	420	93	model_off	44.275	86.807	0.7260	CjpegliYcbcr	1.0
textures	anca-gabriela-zosin-bMOnYbmQxHA-unsplash.jpg	zenjpeg	420	93	model_auto	44.046	86.279	0.8000	CjpegliYcbcr	1.0
textures	anca-gabriela-zosin-bMOnYbmQxHA-unsplash.jpg	zenjpeg	420	96	identity_off	46.420	90.895	0.4861	CjpegliYcbcr	0.5
textures	anca-gabriela-zosin-bMOnYbmQxHA-unsplash.jpg	zenjpeg	420	96	identity_auto	46.420	90.895	0.4861	CjpegliYcbcr	0.5
textures	anca-gabriela-zosin-bMOnYbmQxHA-unsplash.jpg	zenjpeg	420	96	model_off	46.037	89.437	0.6613	CjpegliYcbcr	0.5
textures	anca-gabriela-zosin-bMOnYbmQxHA-unsplash.jpg	zenjpeg	420	96	model_auto	45.827	88.868	0.6979	CjpegliYcbcr	0.5
textures	anca-gabriela-zosin-bMOnYbmQxHA-unsplash.jpg	zenjpeg	444	85	identity_off	41.658	83.012	0.8321	CjpegliYcbcr	1.4
textures	anca-gabriela-zosin-bMOnYbmQxHA-unsplash.jpg	zenjpeg	444	85	identity_auto	41.786	83.497	0.8412	CjpegliYcbcr	1.4
textures	anca-gabriela-zosin-bMOnYbmQxHA-unsplash.jpg	zenjpeg	444	85	model_off	41.540	82.422	0.9879	CjpegliYcbcr	1.4
textures	anca-gabriela-zosin-bMOnYbmQxHA-unsplash.jpg	zenjpeg	444	85	model_auto	41.563	82.220	1.0308	CjpegliYcbcr	1.4
textures	anca-gabriela-zosin-bMOnYbmQxHA-unsplash.jpg	zenjpeg	444	90	identity_off	43.377	86.479	0.6620	CjpegliYcbcr	1.1
textures	anca-gabriela-zosin-bMOnYbmQxHA-unsplash.jpg	zenjpeg	444	90	identity_auto	43.491	86.735	0.6805	CjpegliYcbcr	1.1
textures	anca-gabriela-zosin-bMOnYbmQxHA-unsplash.jpg	zenjpeg	444	90	model_off	43.159	85.474	0.8607	CjpegliYcbcr	1.1
textures	anca-gabriela-zosin-bMOnYbmQxHA-unsplash.jpg	zenjpeg	444	90	model_auto	43.082	85.069	0.9180	CjpegliYcbcr	1.1
textures	anca-gabriela-zosin-bMOnYbmQxHA-unsplash.jpg	zenjpeg	444	93	identity_off	44.857	88.730	0.5623	CjpegliYcbcr	0.7
textures	anca-gabriela-zosin-bMOnYbmQxHA-unsplash.jpg	zenjpeg	444	93	identity_auto	44.956	88.913	0.5877	CjpegliYcbcr	0.7
textures	anca-gabriela-zosin-bMOnYbmQxHA-unsplash.jpg	zenjpeg	444	93	model_off	44.502	87.583	0.7931	CjpegliYcbcr	0.7
textures	anca-gabriela-zosin-bMOnYbmQxHA-unsplash.jpg	zenjpeg	444	93	model_auto	44.274	87.083	0.8483	CjpegliYcbcr	0.7
textures	anca-gabriela-zosin-bMOnYbmQxHA-unsplash.jpg	zenjpeg	444	96	identity_off	47.279	91.622	0.3915	CjpegliYcbcr	0.3
textures	anca-gabriela-zosin-bMOnYbmQxHA-unsplash.jpg	zenjpeg	444	96	identity_auto	47.279	91.622	0.3915	CjpegliYcbcr	0.3
textures	anca-gabriela-zosin-bMOnYbmQxHA-unsplash.jpg	zenjpeg	444	96	model_off	46.495	89.681	0.6905	CjpegliYcbcr	0.3
textures	anca-gabriela-zosin-bMOnYbmQxHA-unsplash.jpg	zenjpeg	444	96	model_auto	46.020	89.027	0.7581	CjpegliYcbcr	0.3
textures	bernd-dittrich-3MdsHe3IIOk-unsplash.jpg	turbo	420	85	identity_off	33.733	84.378	0.5947	ImageMagick	85.0
textures	bernd-dittrich-3MdsHe3IIOk-unsplash.jpg	turbo	420	85	identity_auto	33.797	83.692	0.6318	ImageMagick	85.0
textures	bernd-dittrich-3MdsHe3IIOk-unsplash.jpg	turbo	420	85	model_off	34.062	84.868	0.5815	ImageMagick	85.0
textures	bernd-dittrich-3MdsHe3IIOk-unsplash.jpg	turbo	420	85	model_auto	34.257	84.335	0.6044	ImageMagick	85.0
textures	bernd-dittrich-3MdsHe3IIOk-unsplash.jpg	turbo	420	90	identity_off	38.112	89.816	0.3371	ImageMagick	90.0
textures	bernd-dittrich-3MdsHe3IIOk-unsplash.jpg	turbo	420	90	identity_auto	38.200	89.370	0.4431	ImageMagick	90.0
textures	bernd-dittrich-3MdsHe3IIOk-unsplash.jpg	turbo	420	90	model_off	38.383	90.089	0.3222	ImageMagick	90.0
textures	bernd-dittrich-3MdsHe3IIOk-unsplash.jpg	turbo	420	90	model_auto	38.504	89.704	0.4175	ImageMagick	90.0
textures	bernd-dittrich-3MdsHe3IIOk-unsplash.jpg	turbo	420	93	identity_off	36.586	87.975	0.3983	ImageMagick	93.0
textures	bernd-dittrich-3MdsHe3IIOk-unsplash.jpg	turbo	420	93	identity_auto	36.671	87.610	0.4649	ImageMagick	93.0
textures	bernd-dittrich-3MdsHe3IIOk-unsplash.jpg	turbo	420	93	model_off	36.894	88.365	0.3875	ImageMagick	93.0
textures	bernd-dittrich-3MdsHe3IIOk-unsplash.jpg	turbo	420	93	model_auto	37.089	88.101	0.4404	ImageMagick	93.0
textures	bernd-dittrich-3MdsHe3IIOk-unsplash.jpg	turbo	420	96	identity_off	37.940	90.477	0.2804	ImageMagick	96.0
textures	bernd-dittrich-3MdsHe3IIOk-unsplash.jpg	turbo	420	96	identity_auto	37.940	90.477	0.2804	ImageMagick	96.0
textures	bernd-dittrich-3MdsHe3IIOk-unsplash.jpg	turbo	420	96	model_off	38.269	90.837	0.2680	ImageMagick	96.0
textures	bernd-dittrich-3MdsHe3IIOk-unsplash.jpg	turbo	420	96	model_auto	38.393	90.840	0.2643	ImageMagick	96.0
textures	bernd-dittrich-3MdsHe3IIOk-unsplash.jpg	turbo	444	85	identity_off	34.941	87.958	0.5449	ImageMagick	85.0
textures	bernd-dittrich-3MdsHe3IIOk-unsplash.jpg	turbo	444	85	identity_auto	35.014	87.481	0.5534	ImageMagick	85.0
textures	bernd-dittrich-3MdsHe3IIOk-unsplash.jpg	turbo	444	85	model_off	35.208	87.780	0.5403	ImageMagick	85.0
textures	bernd-dittrich-3MdsHe3IIOk-unsplash.jpg	turbo	444	85	model_auto	35.398	87.250	0.5375	ImageMagick	85.0
textures	bernd-dittrich-3MdsHe3IIOk-unsplash.jpg	turbo	444	90	identity_off	38.635	92.378	0.2396	ImageMagick	90.0
textures	bernd-dittrich-3MdsHe3IIOk-unsplash.jpg	turbo	444	90	identity_auto	38.663	92.111	0.3162	ImageMagick	90.0
textures	bernd-dittrich-3MdsHe3IIOk-unsplash.jpg	turbo	444	90	model_off	38.845	92.079	0.2392	ImageMagick	90.0
textures	bernd-dittrich-3MdsHe3IIOk-unsplash.jpg	turbo	444	90	model_auto	38.910	91.353	0.3120	ImageMagick	90.0
textures	bernd-dittrich-3MdsHe3IIOk-unsplash.jpg	turbo	444	93	identity_off	38.218	91.542	0.3390	ImageMagick	93.0
textures	bernd-dittrich-3MdsHe3IIOk-unsplash.jpg	turbo	444	93	identity_auto	38.250	91.353	0.3584	ImageMagick	93.0
textures	bernd-dittrich-3MdsHe3IIOk-unsplash.jpg	turbo	444	93	model_off	38.430	91.124	0.3422	ImageMagick	93.0
textures	bernd-dittrich-3MdsHe3IIOk-unsplash.jpg	turbo	444	93	model_auto	38.535	90.543	0.3566	ImageMagick	93.0
textures	bernd-dittrich-3MdsHe3IIOk-unsplash.jpg	turbo	444	96	identity_off	41.873	94.202	0.1996	ImageMagick	96.0
textures	bernd-dittrich-3MdsHe3IIOk-unsplash.jpg	turbo	444	96	identity_auto	41.873	94.202	0.1996	ImageMagick	96.0
textures	bernd-dittrich-3MdsHe3IIOk-unsplash.jpg	turbo	444	96	model_off	41.944	93.286	0.2097	ImageMagick	96.0
textures	bernd-dittrich-3MdsHe3IIOk-unsplash.jpg	turbo	444	96	model_auto	41.845	92.749	0.2191	ImageMagick	96.0
textures	bernd-dittrich-3MdsHe3IIOk-unsplash.jpg	mozjpeg	420	85	identity_off	31.150	79.527	0.9797	Mozjpeg	85.0
textures	bernd-dittrich-3MdsHe3IIOk-unsplash.jpg	mozjpeg	420	85	identity_auto	31.205	78.686	1.0370	Mozjpeg	85.0
textures	bernd-dittrich-3MdsHe3IIOk-unsplash.jpg	mozjpeg	420	85	model_off	31.353	79.940	0.9626	Mozjpeg	85.0
textures	bernd-dittrich-3MdsHe3IIOk-unsplash.jpg	mozjpeg	420	85	model_auto	31.431	79.182	1.0163	Mozjpeg	85.0
textures	bernd-dittrich-3MdsHe3IIOk-unsplash.jpg	mozjpeg	420	90	identity_off	33.720	84.429	0.6719	Mozjpeg	90.0
textures	bernd-dittrich-3MdsHe3IIOk-unsplash.jpg	mozjpeg	420	90	identity_auto	33.786	84.189	0.7264	Mozjpeg	90.0
textures	bernd-dittrich-3MdsHe3IIOk-unsplash.jpg	mozjpeg	420	90	model_off	33.926	84.887	0.6590	Mozjpeg	90.0
textures	bernd-dittrich-3MdsHe3IIOk-unsplash.jpg	mozjpeg	420	90	model_auto	34.075	84.801	0.7034	Mozjpeg	90.0
textures	bernd-dittrich-3MdsHe3IIOk-unsplash.jpg	mozjpeg	420	93	identity_off	35.304	86.490	0.5383	Mozjpeg	93.0
textures	bernd-dittrich-3MdsHe3IIOk-unsplash.jpg	mozjpeg	420	93	identity_auto	35.372	86.192	0.6017	Mozjpeg	93.0
textures	bernd-dittrich-3MdsHe3IIOk-unsplash.jpg	mozjpeg	420	93	model_off	35.507	86.935	0.5275	Mozjpeg	93.0
textures	bernd-dittrich-3MdsHe3IIOk-unsplash.jpg	mozjpeg	420	93	model_auto	35.629	86.750	0.5817	Mozjpeg	93.0
textures	bernd-dittrich-3MdsHe3IIOk-unsplash.jpg	mozjpeg	420	96	identity_off	37.269	89.057	0.3654	Mozjpeg	96.0
textures	bernd-dittrich-3MdsHe3IIOk-unsplash.jpg	mozjpeg	420	96	identity_auto	37.269	89.057	0.3654	Mozjpeg	96.0
textures	bernd-dittrich-3MdsHe3IIOk-unsplash.jpg	mozjpeg	420	96	model_off	37.540	89.514	0.3528	Mozjpeg	96.0
textures	bernd-dittrich-3MdsHe3IIOk-unsplash.jpg	mozjpeg	420	96	model_auto	37.627	89.636	0.3477	Mozjpeg	96.0
textures	bernd-dittrich-3MdsHe3IIOk-unsplash.jpg	mozjpeg	444	85	identity_off	31.960	82.314	0.9258	Mozjpeg	85.0
textures	bernd-dittrich-3MdsHe3IIOk-unsplash.jpg	mozjpeg	444	85	identity_auto	31.994	81.770	0.9646	Mozjpeg	85.0
textures	bernd-dittrich-3MdsHe3IIOk-unsplash.jpg	mozjpeg	444	85	model_off	32.075	82.180	0.9145	Mozjpeg	85.0
textures	bernd-dittrich-3MdsHe3IIOk-unsplash.jpg	mozjpeg	444	85	model_auto	32.113	81.504	0.9508	Mozjpeg	85.0
textures	bernd-dittrich-3MdsHe3IIOk-unsplash.jpg	mozjpeg	444	90	identity_off	35.143	87.538	0.6089	Mozjpeg	90.0
textures	bernd-dittrich-3MdsHe3IIOk-unsplash.jpg	mozjpeg	444	90	identity_auto	35.168	87.444	0.6409	Mozjpeg	90.0
textures	bernd-dittrich-3MdsHe3IIOk-unsplash.jpg	mozjpeg	444	90	model_off	35.213	87.222	0.6036	Mozjpeg	90.0
textures	bernd-dittrich-3MdsHe3IIOk-unsplash.jpg	mozjpeg	444	90	model_auto	35.246	86.891	0.6291	Mozjpeg	90.0
textures	bernd-dittrich-3MdsHe3IIOk-unsplash.jpg	mozjpeg	444	93	identity_off	37.466	89.860	0.4744	Mozjpeg	93.0
textures	bernd-dittrich-3MdsHe3IIOk-unsplash.jpg	mozjpeg	444	93	identity_auto	37.460	89.690	0.5107	Mozjpeg	93.0
textures	bernd-dittrich-3MdsHe3IIOk-unsplash.jpg	mozjpeg	444	93	model_off	37.476	89.357	0.4720	Mozjpeg	93.0
textures	bernd-dittrich-3MdsHe3IIOk-unsplash.jpg	mozjpeg	444	93	model_auto	37.364	88.840	0.5049	Mozjpeg	93.0
textures	bernd-dittrich-3MdsHe3IIOk-unsplash.jpg	mozjpeg	444	96	identity_off	41.561	92.934	0.2823	Mozjpeg	96.0
textures	bernd-dittrich-3MdsHe3IIOk-unsplash.jpg	mozjpeg	444	96	identity_auto	41.561	92.934	0.2823	Mozjpeg	96.0
textures	bernd-dittrich-3MdsHe3IIOk-unsplash.jpg	mozjpeg	444	96	model_off	41.434	92.151	0.2848	Mozjpeg	96.0
textures	bernd-dittrich-3MdsHe3IIOk-unsplash.jpg	mozjpeg	444	96	model_auto	41.138	91.637	0.2939	Mozjpeg	96.0
textures	bernd-dittrich-3MdsHe3IIOk-unsplash.jpg	jpegli	420	85	identity_off	31.551	78.093	0.8433	CjpegliYcbcr	1.8
textures	bernd-dittrich-3MdsHe3IIOk-unsplash.jpg	jpegli	420	85	identity_auto	31.579	77.613	0.8513	CjpegliYcbcr	1.8
textures	bernd-dittrich-3MdsHe3IIOk-unsplash.jpg	jpegli	420	85	model_off	31.729	78.451	0.8341	CjpegliYcbcr	1.8
textures	bernd-dittrich-3MdsHe3IIOk-unsplash.jpg	jpegli	420	85	model_auto	31.867	78.197	0.8348	CjpegliYcbcr	1.8
textures	bernd-dittrich-3MdsHe3IIOk-unsplash.jpg	jpegli	420	90	identity_off	33.884	83.735	0.5263	CjpegliYcbcr	1.3
textures	bernd-dittrich-3MdsHe3IIOk-unsplash.jpg	jpegli	420	90	identity_auto	33.962	83.388	0.5915	CjpegliYcbcr	1.3
textures	bernd-dittrich-3MdsHe3IIOk-unsplash.jpg	jpegli	420	90	model_off	34.135	84.167	0.5156	CjpegliYcbcr	1.3
textures	bernd-dittrich-3MdsHe3IIOk-unsplash.jpg	jpegli	420	90	model_auto	34.370	84.015	0.5665	CjpegliYcbcr	1.3
textures	bernd-dittrich-3MdsHe3IIOk-unsplash.jpg	jpegli	420	93	identity_off	35.309	86.872	0.4054	CjpegliYcbcr	1.0
textures	bernd-dittrich-3MdsHe3IIOk-unsplash.jpg	jpegli	420	93	identity_auto	35.395	86.501	0.4875	CjpegliYcbcr	1.0
textures	bernd-dittrich-3MdsHe3IIOk-unsplash.jpg	jpegli	420	93	model_off	35.611	87.446	0.3910	CjpegliYcbcr	1.0
textures	bernd-dittrich-3MdsHe3IIOk-unsplash.jpg	jpegli	420	93	model_auto	35.853	87.234	0.4583	CjpegliYcbcr	1.0
textures	bernd-dittrich-3MdsHe3IIOk-unsplash.jpg	jpegli	420	96	identity_off	36.867	89.100	0.3319	CjpegliYcbcr	0.5
textures	bernd-dittrich-3MdsHe3IIOk-unsplash.jpg	jpegli	420	96	identity_auto	36.867	89.100	0.3319	CjpegliYcbcr	0.5
textures	bernd-dittrich-3MdsHe3IIOk-unsplash.jpg	jpegli	420	96	model_off	37.193	89.582	0.3152	CjpegliYcbcr	0.5
textures	bernd-dittrich-3MdsHe3IIOk-unsplash.jpg	jpegli	420	96	model_auto	37.348	89.658	0.3062	CjpegliYcbcr	0.5
textures	bernd-dittrich-3MdsHe3IIOk-unsplash.jpg	jpegli	444	85	identity_off	32.791	81.933	0.6398	CjpegliYcbcr	1.4
textures	bernd-dittrich-3MdsHe3IIOk-unsplash.jpg	jpegli	444	85	identity_auto	32.893	81.789	0.6807	CjpegliYcbcr	1.4
textures	bernd-dittrich-3MdsHe3IIOk-unsplash.jpg	jpegli	444	85	model_off	33.066	82.384	0.6284	CjpegliYcbcr	1.4
textures	bernd-dittrich-3MdsHe3IIOk-unsplash.jpg	jpegli	444	85	model_auto	33.375	82.429	0.6565	CjpegliYcbcr	1.4
textures	bernd-dittrich-3MdsHe3IIOk-unsplash.jpg	jpegli	444	90	identity_off	34.789	86.435	0.4414	CjpegliYcbcr	1.1
textures	bernd-dittrich-3MdsHe3IIOk-unsplash.jpg	jpegli	444	90	identity_auto	34.904	86.280	0.4897	CjpegliYcbcr	1.1
textures	bernd-dittrich-3MdsHe3IIOk-unsplash.jpg	jpegli	444	90	model_off	35.127	86.779	0.4317	CjpegliYcbcr	1.1
textures	bernd-dittrich-3MdsHe3IIOk-unsplash.jpg	jpegli	444	90	model_auto	35.471	86.695	0.4668	CjpegliYcbcr	1.1
textures	bernd-dittrich-3MdsHe3IIOk-unsplash.jpg	jpegli	444	93	identity_off	36.248	89.413	0.3265	CjpegliYcbcr	0.7
textures	bernd-dittrich-3MdsHe3IIOk-unsplash.jpg	jpegli	444	93	identity_auto	36.354	89.166	0.4022	CjpegliYcbcr	0.7
textures	bernd-dittrich-3MdsHe3IIOk-unsplash.jpg	jpegli	444	93	model_off	36.580	89.650	0.3165	CjpegliYcbcr	0.7
textures	bernd-dittrich-3MdsHe3IIOk-unsplash.jpg	jpegli	444	93	model_auto	36.882	89.327	0.3783	CjpegliYcbcr	0.7
textures	bernd-dittrich-3MdsHe3IIOk-unsplash.jpg	jpegli	444	96	identity_off	37.898	91.799	0.2390	CjpegliYcbcr	0.3
textures	bernd-dittrich-3MdsHe3IIOk-unsplash.jpg	jpegli	444	96	identity_auto	37.898	91.799	0.2390	CjpegliYcbcr	0.3
textures	bernd-dittrich-3MdsHe3IIOk-unsplash.jpg	jpegli	444	96	model_off	38.213	91.793	0.2321	CjpegliYcbcr	0.3
textures	bernd-dittrich-3MdsHe3IIOk-unsplash.jpg	jpegli	444	96	model_auto	38.407	91.562	0.2346	CjpegliYcbcr	0.3
textures	bernd-dittrich-3MdsHe3IIOk-unsplash.jpg	zenjpeg	420	85	identity_off	31.539	77.957	0.8486	CjpegliYcbcr	1.8
textures	bernd-dittrich-3MdsHe3IIOk-unsplash.jpg	zenjpeg	420	85	identity_auto	31.568	77.492	0.8561	CjpegliYcbcr	1.8
textures	bernd-dittrich-3MdsHe3IIOk-unsplash.jpg	zenjpeg	420	85	model_off	31.718	78.299	0.8391	CjpegliYcbcr	1.8
textures	bernd-dittrich-3MdsHe3IIOk-unsplash.jpg	zenjpeg	420	85	model_auto	31.854	78.050	0.8394	CjpegliYcbcr	1.8
textures	bernd-dittrich-3MdsHe3IIOk-unsplash.jpg	zenjpeg	420	90	identity_off	33.881	83.699	0.5291	CjpegliYcbcr	1.3
textures	bernd-dittrich-3MdsHe3IIOk-unsplash.jpg	zenjpeg	420	90	identity_auto	33.958	83.349	0.5939	CjpegliYcbcr	1.3
textures	bernd-dittrich-3MdsHe3IIOk-unsplash.jpg	zenjpeg	420	90	model_off	34.130	84.112	0.5185	CjpegliYcbcr	1.3
textures	bernd-dittrich-3MdsHe3IIOk-unsplash.jpg	zenjpeg	420	90	model_auto	34.364	83.977	0.5691	CjpegliYcbcr	1.3
textures	bernd-dittrich-3MdsHe3IIOk-unsplash.jpg	zenjpeg	420	93	identity_off	35.317	86.826	0.4072	CjpegliYcbcr	1.0
textures	bernd-dittrich-3MdsHe3IIOk-unsplash.jpg	zenjpeg	420	93	identity_auto	35.402	86.441	0.4873	CjpegliYcbcr	1.0
textures	bernd-dittrich-3MdsHe3IIOk-unsplash.jpg	zenjpeg	420	93	model_off	35.618	87.393	0.3934	CjpegliYcbcr	1.0
textures	bernd-dittrich-3MdsHe3IIOk-unsplash.jpg	zenjpeg	420	93	model_auto	35.859	87.189	0.4588	CjpegliYcbcr	1.0
textures	bernd-dittrich-3MdsHe3IIOk-unsplash.jpg	zenjpeg	420	96	identity_off	36.862	89.040	0.3309	CjpegliYcbcr	0.5
textures	bernd-dittrich-3MdsHe3IIOk-unsplash.jpg	zenjpeg	420	96	identity_auto	36.862	89.040	0.3309	CjpegliYcbcr	0.5
textures	bernd-dittrich-3MdsHe3IIOk-unsplash.jpg	zenjpeg	420	96	model_off	37.186	89.500	0.3157	CjpegliYcbcr	0.5
textures	bernd-dittrich-3MdsHe3IIOk-unsplash.jpg	zenjpeg	420	96	model_auto	37.341	89.631	0.3067	CjpegliYcbcr	0.5
textures	bernd-dittrich-3MdsHe3IIOk-unsplash.jpg	zenjpeg	444	85	identity_off	32.770	81.864	0.6454	CjpegliYcbcr	1.4
textures	bernd-dittrich-3MdsHe3IIOk-unsplash.jpg	zenjpeg	444	85	identity_auto	32.872	81.731	0.6864	CjpegliYcbcr	1.4
textures	bernd-dittrich-3MdsHe3IIOk-unsplash.jpg	zenjpeg	444	85	model_off	33.043	82.315	0.6340	CjpegliYcbcr	1.4
textures	bernd-dittrich-3MdsHe3IIOk-unsplash.jpg	zenjpeg	444	85	model_auto	33.352	82.378	0.6627	CjpegliYcbcr	1.4
textures	bernd-dittrich-3MdsHe3IIOk-unsplash.jpg	zenjpeg	444	90	identity_off	34.774	86.410	0.4448	CjpegliYcbcr	1.1
textures	bernd-dittrich-3MdsHe3IIOk-unsplash.jpg	zenjpeg	444	90	identity_auto	34.888	86.243	0.4934	CjpegliYcbcr	1.1
textures	bernd-dittrich-3MdsHe3IIOk-unsplash.jpg	zenjpeg	444	90	model_off	35.110	86.760	0.4351	CjpegliYcbcr	1.1
textures	bernd-dittrich-3MdsHe3IIOk-unsplash.jpg	zenjpeg	444	90	model_auto	35.454	86.663	0.4707	CjpegliYcbcr	1.1
textures	bernd-dittrich-3MdsHe3IIOk-unsplash.jpg	zenjpeg	444	93	identity_off	36.225	89.274	0.3316	CjpegliYcbcr	0.7
textures	bernd-dittrich-3MdsHe3IIOk-unsplash.jpg	zenjpeg	444	93	identity_auto	36.332	89.047	0.4066	CjpegliYcbcr	0.7
textures	bernd-dittrich-3MdsHe3IIOk-unsplash.jpg	zenjpeg	444	93	model_off	36.558	89.553	0.3217	CjpegliYcbcr	0.7
textures	bernd-dittrich-3MdsHe3IIOk-unsplash.jpg	zenjpeg	444	93	model_auto	36.861	89.246	0.3830	CjpegliYcbcr	0.7
textures	bernd-dittrich-3MdsHe3IIOk-unsplash.jpg	zenjpeg	444	96	identity_off	37.875	91.765	0.2425	CjpegliYcbcr	0.3
textures	bernd-dittrich-3MdsHe3IIOk-unsplash.jpg	zenjpeg	444	96	identity_auto	37.875	91.765	0.2425	CjpegliYcbcr	0.3
textures	bernd-dittrich-3MdsHe3IIOk-unsplash.jpg	zenjpeg	444	96	model_off	38.188	91.740	0.2352	CjpegliYcbcr	0.3
textures	bernd-dittrich-3MdsHe3IIOk-unsplash.jpg	zenjpeg	444	96	model_auto	38.381	91.505	0.2383	CjpegliYcbcr	0.3
textures	haberdoedas-5BsnVq1qTis-unsplash.jpg	turbo	420	85	identity_off	40.447	84.358	0.6595	ImageMagick	85.0
textures	haberdoedas-5BsnVq1qTis-unsplash.jpg	turbo	420	85	identity_auto	40.764	83.200	0.6529	ImageMagick	85.0
textures	haberdoedas-5BsnVq1qTis-unsplash.jpg	turbo	420	85	model_off	40.510	84.399	0.6574	ImageMagick	85.0
textures	haberdoedas-5BsnVq1qTis-unsplash.jpg	turbo	420	85	model_auto	41.101	83.409	0.6351	ImageMagick	85.0
textures	haberdoedas-5BsnVq1qTis-unsplash.jpg	turbo	420	90	identity_off	47.785	91.483	0.2241	ImageMagick	90.0
textures	haberdoedas-5BsnVq1qTis-unsplash.jpg	turbo	420	90	identity_auto	46.950	90.561	0.3149	ImageMagick	90.0
textures	haberdoedas-5BsnVq1qTis-unsplash.jpg	turbo	420	90	model_off	47.710	91.414	0.2256	ImageMagick	90.0
textures	haberdoedas-5BsnVq1qTis-unsplash.jpg	turbo	420	90	model_auto	46.403	90.157	0.3265	ImageMagick	90.0
textures	haberdoedas-5BsnVq1qTis-unsplash.jpg	turbo	420	93	identity_off	43.037	89.105	0.4666	ImageMagick	93.0
textures	haberdoedas-5BsnVq1qTis-unsplash.jpg	turbo	420	93	identity_auto	43.136	88.759	0.4814	ImageMagick	93.0
textures	haberdoedas-5BsnVq1qTis-unsplash.jpg	turbo	420	93	model_off	43.072	89.113	0.4654	ImageMagick	93.0
textures	haberdoedas-5BsnVq1qTis-unsplash.jpg	turbo	420	93	model_auto	43.289	88.732	0.4750	ImageMagick	93.0
textures	haberdoedas-5BsnVq1qTis-unsplash.jpg	turbo	420	96	identity_off	47.638	93.257	0.2213	ImageMagick	96.0
textures	haberdoedas-5BsnVq1qTis-unsplash.jpg	turbo	420	96	identity_auto	47.638	93.257	0.2213	ImageMagick	96.0
textures	haberdoedas-5BsnVq1qTis-unsplash.jpg	turbo	420	96	model_off	47.631	93.204	0.2214	ImageMagick	96.0
textures	haberdoedas-5BsnVq1qTis-unsplash.jpg	turbo	420	96	model_auto	47.605	93.048	0.2205	ImageMagick	96.0
textures	haberdoedas-5BsnVq1qTis-unsplash.jpg	turbo	444	85	identity_off	40.370	84.960	0.6557	ImageMagick	85.0
textures	haberdoedas-5BsnVq1qTis-unsplash.jpg	turbo	444	85	identity_auto	40.717	83.908	0.6456	ImageMagick	85.0
textures	haberdoedas-5BsnVq1qTis-unsplash.jpg	turbo	444	85	model_off	40.434	84.993	0.6535	ImageMagick	85.0
textures	haberdoedas-5BsnVq1qTis-unsplash.jpg	turbo	444	85	model_auto	41.067	84.093	0.6281	ImageMagick	85.0
textures	haberdoedas-5BsnVq1qTis-unsplash.jpg	turbo	444	90	identity_off	47.034	91.939	0.2209	ImageMagick	90.0
textures	haberdoedas-5BsnVq1qTis-unsplash.jpg	turbo	444	90	identity_auto	46.360	91.099	0.3059	ImageMagick	90.0
textures	haberdoedas-5BsnVq1qTis-unsplash.jpg	turbo	444	90	model_off	46.989	91.886	0.2223	ImageMagick	90.0
textures	haberdoedas-5BsnVq1qTis-unsplash.jpg	turbo	444	90	model_auto	45.988	90.676	0.3184	ImageMagick	90.0
textures	haberdoedas-5BsnVq1qTis-unsplash.jpg	turbo	444	93	identity_off	42.893	89.967	0.4626	ImageMagick	93.0
textures	haberdoedas-5BsnVq1qTis-unsplash.jpg	turbo	444	93	identity_auto	42.991	89.644	0.4746	ImageMagick	93.0
textures	haberdoedas-5BsnVq1qTis-unsplash.jpg	turbo	444	93	model_off	42.935	89.960	0.4615	ImageMagick	93.0
textures	haberdoedas-5BsnVq1qTis-unsplash.jpg	turbo	444	93	model_auto	43.221	89.615	0.4685	ImageMagick	93.0
textures	haberdoedas-5BsnVq1qTis-unsplash.jpg	turbo	444	96	identity_off	46.539	94.181	0.2173	ImageMagick	96.0
textures	haberdoedas-5BsnVq1qTis-unsplash.jpg	turbo	444	96	identity_auto	46.539	94.181	0.2173	ImageMagick	96.0
textures	haberdoedas-5BsnVq1qTis-unsplash.jpg	turbo	444	96	model_off	46.590	94.174	0.2172	ImageMagick	96.0
textures	haberdoedas-5BsnVq1qTis-unsplash.jpg	turbo	444	96	model_auto	47.038	94.052	0.2136	ImageMagick	96.0
textures	haberdoedas-5BsnVq1qTis-unsplash.jpg	mozjpeg	420	85	identity_off	35.742	73.530	1.1534	Mozjpeg	85.0
textures	haberdoedas-5BsnVq1qTis-unsplash.jpg	mozjpeg	420	85	identity_auto	35.839	72.248	1.1654	Mozjpeg	85.0
textures	haberdoedas-5BsnVq1qTis-unsplash.jpg	mozjpeg	420	85	model_off	35.791	73.547	1.1498	Mozjpeg	85.0
textures	haberdoedas-5BsnVq1qTis-unsplash.jpg	mozjpeg	420	85	model_auto	35.892	72.228	1.1609	Mozjpeg	85.0
textures	haberdoedas-5BsnVq1qTis-unsplash.jpg	mozjpeg	420	90	identity_off	41.403	84.970	0.6298	Mozjpeg	90.0
textures	haberdoedas-5BsnVq1qTis-unsplash.jpg	mozjpeg	420	90	identity_auto	41.369	84.631	0.6521	Mozjpeg	90.0
textures	haberdoedas-5BsnVq1qTis-unsplash.jpg	mozjpeg	420	90	model_off	41.406	84.956	0.6295	Mozjpeg	90.0
textures	haberdoedas-5BsnVq1qTis-unsplash.jpg	mozjpeg	420	90	model_auto	41.348	84.566	0.6516	Mozjpeg	90.0
textures	haberdoedas-5BsnVq1qTis-unsplash.jpg	mozjpeg	420	93	identity_off	42.333	86.662	0.5443	Mozjpeg	93.0
textures	haberdoedas-5BsnVq1qTis-unsplash.jpg	mozjpeg	420	93	identity_auto	42.135	86.189	0.5815	Mozjpeg	93.0
textures	haberdoedas-5BsnVq1qTis-unsplash.jpg	mozjpeg	420	93	model_off	42.311	86.669	0.5444	Mozjpeg	93.0
textures	haberdoedas-5BsnVq1qTis-unsplash.jpg	mozjpeg	420	93	model_auto	41.966	86.045	0.5851	Mozjpeg	93.0
textures	haberdoedas-5BsnVq1qTis-unsplash.jpg	mozjpeg	420	96	identity_off	47.383	91.419	0.3186	Mozjpeg	96.0
textures	haberdoedas-5BsnVq1qTis-unsplash.jpg	mozjpeg	420	96	identity_auto	47.383	91.419	0.3186	Mozjpeg	96.0
textures	haberdoedas-5BsnVq1qTis-unsplash.jpg	mozjpeg	420	96	model_off	47.334	91.387	0.3191	Mozjpeg	96.0
textures	haberdoedas-5BsnVq1qTis-unsplash.jpg	mozjpeg	420	96	model_auto	47.017	91.202	0.3227	Mozjpeg	96.0
textures	haberdoedas-5BsnVq1qTis-unsplash.jpg	mozjpeg	444	85	identity_off	35.720	73.807	1.1520	Mozjpeg	85.0
textures	haberdoedas-5BsnVq1qTis-unsplash.jpg	mozjpeg	444	85	identity_auto	35.830	72.633	1.1626	Mozjpeg	85.0
textures	haberdoedas-5BsnVq1qTis-unsplash.jpg	mozjpeg	444	85	model_off	35.773	73.847	1.1485	Mozjpeg	85.0
textures	haberdoedas-5BsnVq1qTis-unsplash.jpg	mozjpeg	444	85	model_auto	35.891	72.606	1.1581	Mozjpeg	85.0
textures	haberdoedas-5BsnVq1qTis-unsplash.jpg	mozjpeg	444	90	identity_off	41.320	85.591	0.6274	Mozjpeg	90.0
textures	haberdoedas-5BsnVq1qTis-unsplash.jpg	mozjpeg	444	90	identity_auto	41.289	85.312	0.6489	Mozjpeg	90.0
textures	haberdoedas-5BsnVq1qTis-unsplash.jpg	mozjpeg	444	90	model_off	41.328	85.595	0.6271	Mozjpeg	90.0
textures	haberdoedas-5BsnVq1qTis-unsplash.jpg	mozjpeg	444	90	model_auto	41.315	85.212	0.6486	Mozjpeg	90.0
textures	haberdoedas-5BsnVq1qTis-unsplash.jpg	mozjpeg	444	93	identity_off	42.231	87.287	0.5430	Mozjpeg	93.0
textures	haberdoedas-5BsnVq1qTis-unsplash.jpg	mozjpeg	444	93	identity_auto	42.030	86.830	0.5806	Mozjpeg	93.0
textures	haberdoedas-5BsnVq1qTis-unsplash.jpg	mozjpeg	444	93	model_off	42.218	87.280	0.5432	Mozjpeg	93.0
textures	haberdoedas-5BsnVq1qTis-unsplash.jpg	mozjpeg	444	93	model_auto	41.927	86.669	0.5842	Mozjpeg	93.0
textures	haberdoedas-5BsnVq1qTis-unsplash.jpg	mozjpeg	444	96	identity_off	47.083	92.037	0.3161	Mozjpeg	96.0
textures	haberdoedas-5BsnVq1qTis-unsplash.jpg	mozjpeg	444	96	identity_auto	47.083	92.037	0.3161	Mozjpeg	96.0
textures	haberdoedas-5BsnVq1qTis-unsplash.jpg	mozjpeg	444	96	model_off	47.068	92.001	0.3166	Mozjpeg	96.0
textures	haberdoedas-5BsnVq1qTis-unsplash.jpg	mozjpeg	444	96	model_auto	47.061	91.843	0.3204	Mozjpeg	96.0
textures	haberdoedas-5BsnVq1qTis-unsplash.jpg	jpegli	420	85	identity_off	38.101	76.352	0.9160	CjpegliYcbcr	1.8
textures	haberdoedas-5BsnVq1qTis-unsplash.jpg	jpegli	420	85	identity_auto	38.040	75.461	0.9172	CjpegliYcbcr	1.8
textures	haberdoedas-5BsnVq1qTis-unsplash.jpg	jpegli	420	85	model_off	38.098	76.327	0.9159	CjpegliYcbcr	1.8
textures	haberdoedas-5BsnVq1qTis-unsplash.jpg	jpegli	420	85	model_auto	37.994	75.362	0.9196	CjpegliYcbcr	1.8
textures	haberdoedas-5BsnVq1qTis-unsplash.jpg	jpegli	420	90	identity_off	41.528	83.643	0.5968	CjpegliYcbcr	1.3
textures	haberdoedas-5BsnVq1qTis-unsplash.jpg	jpegli	420	90	identity_auto	41.456	83.156	0.6237	CjpegliYcbcr	1.3
textures	haberdoedas-5BsnVq1qTis-unsplash.jpg	jpegli	420	90	model_off	41.522	83.601	0.5966	CjpegliYcbcr	1.3
textures	haberdoedas-5BsnVq1qTis-unsplash.jpg	jpegli	420	90	model_auto	41.369	83.032	0.6276	CjpegliYcbcr	1.3
textures	haberdoedas-5BsnVq1qTis-unsplash.jpg	jpegli	420	93	identity_off	44.836	89.492	0.3782	CjpegliYcbcr	1.0
textures	haberdoedas-5BsnVq1qTis-unsplash.jpg	jpegli	420	93	identity_auto	44.661	88.924	0.4241	CjpegliYcbcr	1.0
textures	haberdoedas-5BsnVq1qTis-unsplash.jpg	jpegli	420	93	model_off	44.823	89.490	0.3782	CjpegliYcbcr	1.0
textures	haberdoedas-5BsnVq1qTis-unsplash.jpg	jpegli	420	93	model_auto	44.474	88.720	0.4300	CjpegliYcbcr	1.0
textures	haberdoedas-5BsnVq1qTis-unsplash.jpg	jpegli	420	96	identity_off	47.514	92.010	0.2350	CjpegliYcbcr	0.5
textures	haberdoedas-5BsnVq1qTis-unsplash.jpg	jpegli	420	96	identity_auto	47.514	92.010	0.2350	CjpegliYcbcr	0.5
textures	haberdoedas-5BsnVq1qTis-unsplash.jpg	jpegli	420	96	model_off	47.477	91.961	0.2356	CjpegliYcbcr	0.5
textures	haberdoedas-5BsnVq1qTis-unsplash.jpg	jpegli	420	96	model_auto	47.232	91.727	0.2409	CjpegliYcbcr	0.5
textures	haberdoedas-5BsnVq1qTis-unsplash.jpg	jpegli	444	85	identity_off	40.438	81.075	0.6805	CjpegliYcbcr	1.4
textures	haberdoedas-5BsnVq1qTis-unsplash.jpg	jpegli	444	85	identity_auto	40.469	80.846	0.6994	CjpegliYcbcr	1.4
textures	haberdoedas-5BsnVq1qTis-unsplash.jpg	jpegli	444	85	model_off	40.451	81.073	0.6798	CjpegliYcbcr	1.4
textures	haberdoedas-5BsnVq1qTis-unsplash.jpg	jpegli	444	85	model_auto	40.478	80.844	0.7000	CjpegliYcbcr	1.4
textures	haberdoedas-5BsnVq1qTis-unsplash.jpg	jpegli	444	90	identity_off	42.314	84.508	0.5284	CjpegliYcbcr	1.1
textures	haberdoedas-5BsnVq1qTis-unsplash.jpg	jpegli	444	90	identity_auto	42.329	84.185	0.5525	CjpegliYcbcr	1.1
textures	haberdoedas-5BsnVq1qTis-unsplash.jpg	jpegli	444	90	model_off	42.322	84.523	0.5279	CjpegliYcbcr	1.1
textures	haberdoedas-5BsnVq1qTis-unsplash.jpg	jpegli	444	90	model_auto	42.297	84.122	0.5552	CjpegliYcbcr	1.1
textures	haberdoedas-5BsnVq1qTis-unsplash.jpg	jpegli	444	93	identity_off	44.617	88.735	0.3391	CjpegliYcbcr	0.7
textures	haberdoedas-5BsnVq1qTis-unsplash.jpg	jpegli	444	93	identity_auto	44.509	88.164	0.3927	CjpegliYcbcr	0.7
textures	haberdoedas-5BsnVq1qTis-unsplash.jpg	jpegli	444	93	model_off	44.608	88.706	0.3394	CjpegliYcbcr	0.7
textures	haberdoedas-5BsnVq1qTis-unsplash.jpg	jpegli	444	93	model_auto	44.355	87.969	0.3992	CjpegliYcbcr	0.7
textures	haberdoedas-5BsnVq1qTis-unsplash.jpg	jpegli	444	96	identity_off	46.808	91.339	0.2197	CjpegliYcbcr	0.3
textures	haberdoedas-5BsnVq1qTis-unsplash.jpg	jpegli	444	96	identity_auto	46.808	91.339	0.2197	CjpegliYcbcr	0.3
textures	haberdoedas-5BsnVq1qTis-unsplash.jpg	jpegli	444	96	model_off	46.789	91.326	0.2204	CjpegliYcbcr	0.3
textures	haberdoedas-5BsnVq1qTis-unsplash.jpg	jpegli	444	96	model_auto	46.674	91.112	0.2258	CjpegliYcbcr	0.3
textures	haberdoedas-5BsnVq1qTis-unsplash.jpg	zenjpeg	420	85	identity_off	38.089	76.275	0.9211	CjpegliYcbcr	1.8
textures	haberdoedas-5BsnVq1qTis-unsplash.jpg	zenjpeg	420	85	identity_auto	38.032	75.317	0.9221	CjpegliYcbcr	1.8
textures	haberdoedas-5BsnVq1qTis-unsplash.jpg	zenjpeg	420	85	model_off	38.086	76.254	0.9210	CjpegliYcbcr	1.8
textures	haberdoedas-5BsnVq1qTis-unsplash.jpg	zenjpeg	420	85	model_auto	37.986	75.217	0.9244	CjpegliYcbcr	1.8
textures	haberdoedas-5BsnVq1qTis-unsplash.jpg	zenjpeg	420	90	identity_off	41.530	83.492	0.5978	CjpegliYcbcr	1.3
textures	haberdoedas-5BsnVq1qTis-unsplash.jpg	zenjpeg	420	90	identity_auto	41.468	83.026	0.6204	CjpegliYcbcr	1.3
textures	haberdoedas-5BsnVq1qTis-unsplash.jpg	zenjpeg	420	90	model_off	41.524	83.482	0.5976	CjpegliYcbcr	1.3
textures	haberdoedas-5BsnVq1qTis-unsplash.jpg	zenjpeg	420	90	model_auto	41.380	82.895	0.6244	CjpegliYcbcr	1.3
textures	haberdoedas-5BsnVq1qTis-unsplash.jpg	zenjpeg	420	93	identity_off	44.933	89.801	0.3766	CjpegliYcbcr	1.0
textures	haberdoedas-5BsnVq1qTis-unsplash.jpg	zenjpeg	420	93	identity_auto	44.755	89.174	0.4177	CjpegliYcbcr	1.0
textures	haberdoedas-5BsnVq1qTis-unsplash.jpg	zenjpeg	420	93	model_off	44.919	89.782	0.3768	CjpegliYcbcr	1.0
textures	haberdoedas-5BsnVq1qTis-unsplash.jpg	zenjpeg	420	93	model_auto	44.563	88.965	0.4229	CjpegliYcbcr	1.0
textures	haberdoedas-5BsnVq1qTis-unsplash.jpg	zenjpeg	420	96	identity_off	47.698	92.225	0.2331	CjpegliYcbcr	0.5
textures	haberdoedas-5BsnVq1qTis-unsplash.jpg	zenjpeg	420	96	identity_auto	47.698	92.225	0.2331	CjpegliYcbcr	0.5
textures	haberdoedas-5BsnVq1qTis-unsplash.jpg	zenjpeg	420	96	model_off	47.659	92.210	0.2337	CjpegliYcbcr	0.5
textures	haberdoedas-5BsnVq1qTis-unsplash.jpg	zenjpeg	420	96	model_auto	47.404	91.946	0.2389	CjpegliYcbcr	0.5
textures	haberdoedas-5BsnVq1qTis-unsplash.jpg	zenjpeg	444	85	identity_off	40.456	80.957	0.6807	CjpegliYcbcr	1.4
textures	haberdoedas-5BsnVq1qTis-unsplash.jpg	zenjpeg	444	85	identity_auto	40.487	80.710	0.6974	CjpegliYcbcr	1.4
textures	haberdoedas-5BsnVq1qTis-unsplash.jpg	zenjpeg	444	85	model_off	40.468	80.960	0.6799	CjpegliYcbcr	1.4
textures	haberdoedas-5BsnVq1qTis-unsplash.jpg	zenjpeg	444	85	model_auto	40.493	80.689	0.6981	CjpegliYcbcr	1.4
textures	haberdoedas-5BsnVq1qTis-unsplash.jpg	zenjpeg	444	90	identity_off	42.284	84.491	0.5312	CjpegliYcbcr	1.1
textures	haberdoedas-5BsnVq1qTis-unsplash.jpg	zenjpeg	444	90	identity_auto	42.299	84.119	0.5541	CjpegliYcbcr	1.1
textures	haberdoedas-5BsnVq1qTis-unsplash.jpg	zenjpeg	444	90	model_off	42.291	84.473	0.5310	CjpegliYcbcr	1.1
textures	haberdoedas-5BsnVq1qTis-unsplash.jpg	zenjpeg	444	90	model_auto	42.267	84.079	0.5569	CjpegliYcbcr	1.1
textures	haberdoedas-5BsnVq1qTis-unsplash.jpg	zenjpeg	444	93	identity_off	44.604	88.503	0.3503	CjpegliYcbcr	0.7
textures	haberdoedas-5BsnVq1qTis-unsplash.jpg	zenjpeg	444	93	identity_auto	44.493	87.960	0.3974	CjpegliYcbcr	0.7
textures	haberdoedas-5BsnVq1qTis-unsplash.jpg	zenjpeg	444	93	model_off	44.595	88.497	0.3506	CjpegliYcbcr	0.7
textures	haberdoedas-5BsnVq1qTis-unsplash.jpg	zenjpeg	444	93	model_auto	44.340	87.749	0.4037	CjpegliYcbcr	0.7
textures	haberdoedas-5BsnVq1qTis-unsplash.jpg	zenjpeg	444	96	identity_off	46.761	91.237	0.2232	CjpegliYcbcr	0.3
textures	haberdoedas-5BsnVq1qTis-unsplash.jpg	zenjpeg	444	96	identity_auto	46.761	91.237	0.2232	CjpegliYcbcr	0.3
textures	haberdoedas-5BsnVq1qTis-unsplash.jpg	zenjpeg	444	96	model_off	46.744	91.205	0.2237	CjpegliYcbcr	0.3
textures	haberdoedas-5BsnVq1qTis-unsplash.jpg	zenjpeg	444	96	model_auto	46.637	91.027	0.2280	CjpegliYcbcr	0.3
