sub	file	encoder	ss	q	arm	psnr	ssim2	butter_n3	probe_family	probe_q
photos	20231206_150232.png	turbo	420	15	identity_off	23.240	25.578	3.6607	Unknown	15.0
photos	20231206_150232.png	turbo	420	15	identity_auto	23.465	26.165	3.7443	Unknown	15.0
photos	20231206_150232.png	turbo	420	15	model_off	24.687	33.315	3.2462	Unknown	15.0
photos	20231206_150232.png	turbo	420	15	model_auto	24.614	31.199	3.3959	Unknown	15.0
photos	20231206_150232.png	turbo	420	15	model_policy	24.648	33.567	3.2425	Unknown	15.0
photos	20231206_150232.png	turbo	420	15	model_proj	24.653	33.636	3.2409	Unknown	15.0
photos	20231206_150232.png	turbo	420	35	identity_off	26.721	55.615	2.3028	ImageMagick	35.0
photos	20231206_150232.png	turbo	420	35	identity_auto	26.918	55.356	2.3092	ImageMagick	35.0
photos	20231206_150232.png	turbo	420	35	model_off	28.204	60.795	1.9326	ImageMagick	35.0
photos	20231206_150232.png	turbo	420	35	model_auto	28.190	59.536	1.9811	ImageMagick	35.0
photos	20231206_150232.png	turbo	420	35	model_policy	28.137	60.817	1.9382	ImageMagick	35.0
photos	20231206_150232.png	turbo	420	35	model_proj	28.156	60.929	1.9341	ImageMagick	35.0
photos	20231206_150232.png	turbo	420	55	identity_off	28.774	65.380	1.8169	ImageMagick	55.0
photos	20231206_150232.png	turbo	420	55	identity_auto	28.940	65.164	1.8177	ImageMagick	55.0
photos	20231206_150232.png	turbo	420	55	model_off	30.125	69.681	1.5070	ImageMagick	55.0
photos	20231206_150232.png	turbo	420	55	model_auto	30.117	68.740	1.5316	ImageMagick	55.0
photos	20231206_150232.png	turbo	420	55	model_policy	30.071	69.460	1.5304	ImageMagick	55.0
photos	20231206_150232.png	turbo	420	55	model_proj	30.093	69.608	1.5257	ImageMagick	55.0
photos	20231206_150232.png	turbo	420	75	identity_off	31.705	73.873	1.3164	ImageMagick	75.0
photos	20231206_150232.png	turbo	420	75	identity_auto	31.830	73.904	1.2941	ImageMagick	75.0
photos	20231206_150232.png	turbo	420	75	model_off	32.740	77.004	1.0961	ImageMagick	75.0
photos	20231206_150232.png	turbo	420	75	model_auto	32.741	76.644	1.0958	ImageMagick	75.0
photos	20231206_150232.png	turbo	420	75	model_policy	32.753	77.214	1.1049	ImageMagick	75.0
photos	20231206_150232.png	turbo	420	75	model_proj	32.771	77.300	1.1035	ImageMagick	75.0
photos	20231206_150232.png	turbo	420	90	identity_off	36.800	84.133	0.7389	ImageMagick	90.0
photos	20231206_150232.png	turbo	420	90	identity_auto	36.821	84.165	0.7597	ImageMagick	90.0
photos	20231206_150232.png	turbo	420	90	model_off	37.150	85.859	0.6478	ImageMagick	90.0
photos	20231206_150232.png	turbo	420	90	model_auto	37.065	85.530	0.6652	ImageMagick	90.0
photos	20231206_150232.png	turbo	420	90	model_policy	37.170	86.016	0.6453	ImageMagick	90.0
photos	20231206_150232.png	turbo	420	90	model_proj	37.237	86.422	0.6421	ImageMagick	90.0
photos	20231206_150232.png	turbo	444	15	identity_off	23.434	28.787	3.6157	Unknown	15.0
photos	20231206_150232.png	turbo	444	15	identity_auto	23.725	29.819	3.6853	Unknown	15.0
photos	20231206_150232.png	turbo	444	15	model_off	24.914	36.723	3.1889	Unknown	15.0
photos	20231206_150232.png	turbo	444	15	model_auto	24.885	34.725	3.3347	Unknown	15.0
photos	20231206_150232.png	turbo	444	15	model_policy	24.875	36.917	3.1955	Unknown	15.0
photos	20231206_150232.png	turbo	444	15	model_proj	24.879	37.006	3.1937	Unknown	15.0
photos	20231206_150232.png	turbo	444	35	identity_off	26.985	58.411	2.2791	ImageMagick	35.0
photos	20231206_150232.png	turbo	444	35	identity_auto	27.227	58.359	2.2803	ImageMagick	35.0
photos	20231206_150232.png	turbo	444	35	model_off	28.446	62.947	1.9095	ImageMagick	35.0
photos	20231206_150232.png	turbo	444	35	model_auto	28.448	61.671	1.9585	ImageMagick	35.0
photos	20231206_150232.png	turbo	444	35	model_policy	28.382	62.945	1.9164	ImageMagick	35.0
photos	20231206_150232.png	turbo	444	35	model_proj	28.405	63.078	1.9122	ImageMagick	35.0
photos	20231206_150232.png	turbo	444	55	identity_off	29.124	67.787	1.7927	ImageMagick	55.0
photos	20231206_150232.png	turbo	444	55	identity_auto	29.327	67.644	1.7905	ImageMagick	55.0
photos	20231206_150232.png	turbo	444	55	model_off	30.395	71.210	1.4944	ImageMagick	55.0
photos	20231206_150232.png	turbo	444	55	model_auto	30.391	70.202	1.5192	ImageMagick	55.0
photos	20231206_150232.png	turbo	444	55	model_policy	30.359	71.264	1.5199	ImageMagick	55.0
photos	20231206_150232.png	turbo	444	55	model_proj	30.394	71.405	1.5155	ImageMagick	55.0
photos	20231206_150232.png	turbo	444	75	identity_off	32.221	76.069	1.2878	ImageMagick	75.0
photos	20231206_150232.png	turbo	444	75	identity_auto	32.381	76.172	1.2616	ImageMagick	75.0
photos	20231206_150232.png	turbo	444	75	model_off	33.097	78.001	1.0820	ImageMagick	75.0
photos	20231206_150232.png	turbo	444	75	model_auto	33.092	77.448	1.0843	ImageMagick	75.0
photos	20231206_150232.png	turbo	444	75	model_policy	33.138	78.225	1.0931	ImageMagick	75.0
photos	20231206_150232.png	turbo	444	75	model_proj	33.203	78.498	1.0922	ImageMagick	75.0
photos	20231206_150232.png	turbo	444	90	identity_off	37.804	86.947	0.6993	ImageMagick	90.0
photos	20231206_150232.png	turbo	444	90	identity_auto	37.832	86.969	0.7089	ImageMagick	90.0
photos	20231206_150232.png	turbo	444	90	model_off	37.679	85.471	0.6465	ImageMagick	90.0
photos	20231206_150232.png	turbo	444	90	model_auto	37.544	84.944	0.6622	ImageMagick	90.0
photos	20231206_150232.png	turbo	444	90	model_policy	37.733	86.028	0.6445	ImageMagick	90.0
photos	20231206_150232.png	turbo	444	90	model_proj	38.020	86.935	0.6348	ImageMagick	90.0
photos	20231206_150232.png	mozjpeg	420	15	identity_off	20.548	10.031	5.3106	Mozjpeg	15.0
photos	20231206_150232.png	mozjpeg	420	15	identity_auto	20.691	9.104	5.5188	Mozjpeg	15.0
photos	20231206_150232.png	mozjpeg	420	15	model_off	21.735	16.615	5.0074	Mozjpeg	15.0
photos	20231206_150232.png	mozjpeg	420	15	model_auto	21.602	13.869	5.2088	Mozjpeg	15.0
photos	20231206_150232.png	mozjpeg	420	15	model_policy	21.703	16.941	4.9716	Mozjpeg	15.0
photos	20231206_150232.png	mozjpeg	420	15	model_proj	21.703	16.950	4.9714	Mozjpeg	15.0
photos	20231206_150232.png	mozjpeg	420	35	identity_off	23.884	44.758	3.4504	Mozjpeg	35.0
photos	20231206_150232.png	mozjpeg	420	35	identity_auto	24.006	43.667	3.5960	Mozjpeg	35.0
photos	20231206_150232.png	mozjpeg	420	35	model_off	25.340	49.666	3.0970	Mozjpeg	35.0
photos	20231206_150232.png	mozjpeg	420	35	model_auto	25.359	47.889	3.2100	Mozjpeg	35.0
photos	20231206_150232.png	mozjpeg	420	35	model_policy	25.281	49.764	3.1044	Mozjpeg	35.0
photos	20231206_150232.png	mozjpeg	420	35	model_proj	25.288	49.857	3.0951	Mozjpeg	35.0
photos	20231206_150232.png	mozjpeg	420	55	identity_off	25.786	57.234	2.7281	Mozjpeg	55.0
photos	20231206_150232.png	mozjpeg	420	55	identity_auto	25.892	56.467	2.8279	Mozjpeg	55.0
photos	20231206_150232.png	mozjpeg	420	55	model_off	27.232	61.667	2.4114	Mozjpeg	55.0
photos	20231206_150232.png	mozjpeg	420	55	model_auto	27.285	60.464	2.4784	Mozjpeg	55.0
photos	20231206_150232.png	mozjpeg	420	55	model_policy	27.182	61.748	2.4259	Mozjpeg	55.0
photos	20231206_150232.png	mozjpeg	420	55	model_proj	27.207	61.973	2.3779	Mozjpeg	55.0
photos	20231206_150232.png	mozjpeg	420	75	identity_off	28.422	68.269	1.9239	Mozjpeg	75.0
photos	20231206_150232.png	mozjpeg	420	75	identity_auto	28.508	68.160	1.9550	Mozjpeg	75.0
photos	20231206_150232.png	mozjpeg	420	75	model_off	29.727	71.976	1.6837	Mozjpeg	75.0
photos	20231206_150232.png	mozjpeg	420	75	model_auto	29.783	71.420	1.6892	Mozjpeg	75.0
photos	20231206_150232.png	mozjpeg	420	75	model_policy	29.679	72.058	1.6948	Mozjpeg	75.0
photos	20231206_150232.png	mozjpeg	420	75	model_proj	29.721	72.471	1.6502	Mozjpeg	75.0
photos	20231206_150232.png	mozjpeg	420	90	identity_off	32.795	79.138	1.0617	Mozjpeg	90.0
photos	20231206_150232.png	mozjpeg	420	90	identity_auto	32.817	79.135	1.1003	Mozjpeg	90.0
photos	20231206_150232.png	mozjpeg	420	90	model_off	33.622	81.634	0.9388	Mozjpeg	90.0
photos	20231206_150232.png	mozjpeg	420	90	model_auto	33.643	81.365	0.9625	Mozjpeg	90.0
photos	20231206_150232.png	mozjpeg	420	90	model_policy	33.589	81.700	0.9599	Mozjpeg	90.0
photos	20231206_150232.png	mozjpeg	420	90	model_proj	33.696	82.325	0.9165	Mozjpeg	90.0
photos	20231206_150232.png	mozjpeg	444	15	identity_off	20.641	12.392	5.2874	Mozjpeg	15.0
photos	20231206_150232.png	mozjpeg	444	15	identity_auto	20.813	11.797	5.4898	Mozjpeg	15.0
photos	20231206_150232.png	mozjpeg	444	15	model_off	21.843	18.959	4.9793	Mozjpeg	15.0
photos	20231206_150232.png	mozjpeg	444	15	model_auto	21.727	16.375	5.1774	Mozjpeg	15.0
photos	20231206_150232.png	mozjpeg	444	15	model_policy	21.813	19.317	4.9430	Mozjpeg	15.0
photos	20231206_150232.png	mozjpeg	444	15	model_proj	21.813	19.326	4.9426	Mozjpeg	15.0
photos	20231206_150232.png	mozjpeg	444	35	identity_off	23.991	46.734	3.4205	Mozjpeg	35.0
photos	20231206_150232.png	mozjpeg	444	35	identity_auto	24.129	45.805	3.5623	Mozjpeg	35.0
photos	20231206_150232.png	mozjpeg	444	35	model_off	25.423	50.991	3.0707	Mozjpeg	35.0
photos	20231206_150232.png	mozjpeg	444	35	model_auto	25.447	49.184	3.1819	Mozjpeg	35.0
photos	20231206_150232.png	mozjpeg	444	35	model_policy	25.371	51.083	3.0766	Mozjpeg	35.0
photos	20231206_150232.png	mozjpeg	444	35	model_proj	25.380	51.162	3.0683	Mozjpeg	35.0
photos	20231206_150232.png	mozjpeg	444	55	identity_off	25.909	58.928	2.7171	Mozjpeg	55.0
photos	20231206_150232.png	mozjpeg	444	55	identity_auto	26.025	58.190	2.8136	Mozjpeg	55.0
photos	20231206_150232.png	mozjpeg	444	55	model_off	27.310	62.304	2.4072	Mozjpeg	55.0
photos	20231206_150232.png	mozjpeg	444	55	model_auto	27.363	61.035	2.4702	Mozjpeg	55.0
photos	20231206_150232.png	mozjpeg	444	55	model_policy	27.265	62.482	2.4234	Mozjpeg	55.0
photos	20231206_150232.png	mozjpeg	444	55	model_proj	27.298	62.785	2.3748	Mozjpeg	55.0
photos	20231206_150232.png	mozjpeg	444	75	identity_off	28.576	70.002	1.9092	Mozjpeg	75.0
photos	20231206_150232.png	mozjpeg	444	75	identity_auto	28.670	69.937	1.9384	Mozjpeg	75.0
photos	20231206_150232.png	mozjpeg	444	75	model_off	29.804	71.946	1.6753	Mozjpeg	75.0
photos	20231206_150232.png	mozjpeg	444	75	model_auto	29.855	71.361	1.6798	Mozjpeg	75.0
photos	20231206_150232.png	mozjpeg	444	75	model_policy	29.765	72.094	1.6873	Mozjpeg	75.0
photos	20231206_150232.png	mozjpeg	444	75	model_proj	29.837	72.733	1.6440	Mozjpeg	75.0
photos	20231206_150232.png	mozjpeg	444	90	identity_off	33.077	81.071	1.0393	Mozjpeg	90.0
photos	20231206_150232.png	mozjpeg	444	90	identity_auto	33.100	81.071	1.0728	Mozjpeg	90.0
photos	20231206_150232.png	mozjpeg	444	90	model_off	33.737	80.891	0.9368	Mozjpeg	90.0
photos	20231206_150232.png	mozjpeg	444	90	model_auto	33.741	80.400	0.9576	Mozjpeg	90.0
photos	20231206_150232.png	mozjpeg	444	90	model_policy	33.714	81.232	0.9585	Mozjpeg	90.0
photos	20231206_150232.png	mozjpeg	444	90	model_proj	33.945	82.590	0.9135	Mozjpeg	90.0
photos	20231206_150232.png	jpegli	420	15	identity_off	22.810	35.567	3.7596	CjpegliYcbcr	14.2
photos	20231206_150232.png	jpegli	420	15	identity_auto	22.974	33.650	3.9117	CjpegliYcbcr	14.2
photos	20231206_150232.png	jpegli	420	15	model_off	24.044	40.315	3.4797	CjpegliYcbcr	14.2
photos	20231206_150232.png	jpegli	420	15	model_auto	24.035	37.557	3.6172	CjpegliYcbcr	14.2
photos	20231206_150232.png	jpegli	420	15	model_policy	24.011	40.341	3.4693	CjpegliYcbcr	14.2
photos	20231206_150232.png	jpegli	420	15	model_proj	24.013	40.365	3.4674	CjpegliYcbcr	14.2
photos	20231206_150232.png	jpegli	420	35	identity_off	26.074	55.756	2.4020	CjpegliYcbcr	7.2
photos	20231206_150232.png	jpegli	420	35	identity_auto	26.223	54.868	2.4463	CjpegliYcbcr	7.2
photos	20231206_150232.png	jpegli	420	35	model_off	27.306	59.467	2.1543	CjpegliYcbcr	7.2
photos	20231206_150232.png	jpegli	420	35	model_auto	27.344	57.999	2.1981	CjpegliYcbcr	7.2
photos	20231206_150232.png	jpegli	420	35	model_policy	27.251	59.401	2.1456	CjpegliYcbcr	7.2
photos	20231206_150232.png	jpegli	420	35	model_proj	27.257	59.515	2.1419	CjpegliYcbcr	7.2
photos	20231206_150232.png	jpegli	420	55	identity_off	28.074	64.193	1.8500	CjpegliYcbcr	5.2
photos	20231206_150232.png	jpegli	420	55	identity_auto	28.202	63.851	1.8866	CjpegliYcbcr	5.2
photos	20231206_150232.png	jpegli	420	55	model_off	29.196	67.405	1.6598	CjpegliYcbcr	5.2
photos	20231206_150232.png	jpegli	420	55	model_auto	29.253	66.501	1.7023	CjpegliYcbcr	5.2
photos	20231206_150232.png	jpegli	420	55	model_policy	29.136	67.458	1.6648	CjpegliYcbcr	5.2
photos	20231206_150232.png	jpegli	420	55	model_proj	29.144	67.662	1.6615	CjpegliYcbcr	5.2
photos	20231206_150232.png	jpegli	420	75	identity_off	31.470	73.944	1.2474	CjpegliYcbcr	3.0
photos	20231206_150232.png	jpegli	420	75	identity_auto	31.569	73.791	1.2702	CjpegliYcbcr	3.0
photos	20231206_150232.png	jpegli	420	75	model_off	32.307	76.465	1.0967	CjpegliYcbcr	3.0
photos	20231206_150232.png	jpegli	420	75	model_auto	32.342	75.943	1.1219	CjpegliYcbcr	3.0
photos	20231206_150232.png	jpegli	420	75	model_policy	32.268	76.527	1.1008	CjpegliYcbcr	3.0
photos	20231206_150232.png	jpegli	420	75	model_proj	32.283	76.821	1.0991	CjpegliYcbcr	3.0
photos	20231206_150232.png	jpegli	420	90	identity_off	36.295	83.441	0.7390	CjpegliYcbcr	1.3
photos	20231206_150232.png	jpegli	420	90	identity_auto	36.317	83.418	0.7803	CjpegliYcbcr	1.3
photos	20231206_150232.png	jpegli	420	90	model_off	36.643	84.993	0.6526	CjpegliYcbcr	1.3
photos	20231206_150232.png	jpegli	420	90	model_auto	36.585	84.768	0.6741	CjpegliYcbcr	1.3
photos	20231206_150232.png	jpegli	420	90	model_policy	36.648	85.253	0.6509	CjpegliYcbcr	1.3
photos	20231206_150232.png	jpegli	420	90	model_proj	36.713	85.656	0.6496	CjpegliYcbcr	1.3
photos	20231206_150232.png	jpegli	444	15	identity_off	23.554	39.030	3.3380	CjpegliYcbcr	11.8
photos	20231206_150232.png	jpegli	444	15	identity_auto	23.762	38.080	3.4706	CjpegliYcbcr	11.8
photos	20231206_150232.png	jpegli	444	15	model_off	24.846	44.056	3.0469	CjpegliYcbcr	11.8
photos	20231206_150232.png	jpegli	444	15	model_auto	24.904	42.141	3.1646	CjpegliYcbcr	11.8
photos	20231206_150232.png	jpegli	444	15	model_policy	24.814	44.436	3.0291	CjpegliYcbcr	11.8
photos	20231206_150232.png	jpegli	444	15	model_proj	24.817	44.455	3.0261	CjpegliYcbcr	11.8
photos	20231206_150232.png	jpegli	444	35	identity_off	27.015	60.207	2.0859	CjpegliYcbcr	6.0
photos	20231206_150232.png	jpegli	444	35	identity_auto	27.196	59.708	2.1442	CjpegliYcbcr	6.0
photos	20231206_150232.png	jpegli	444	35	model_off	28.230	64.205	1.8534	CjpegliYcbcr	6.0
photos	20231206_150232.png	jpegli	444	35	model_auto	28.300	62.970	1.9224	CjpegliYcbcr	6.0
photos	20231206_150232.png	jpegli	444	35	model_policy	28.181	64.160	1.8599	CjpegliYcbcr	6.0
photos	20231206_150232.png	jpegli	444	35	model_proj	28.186	64.199	1.8543	CjpegliYcbcr	6.0
photos	20231206_150232.png	jpegli	444	55	identity_off	29.036	67.251	1.6118	CjpegliYcbcr	4.1
photos	20231206_150232.png	jpegli	444	55	identity_auto	29.205	66.901	1.6491	CjpegliYcbcr	4.1
photos	20231206_150232.png	jpegli	444	55	model_off	30.120	70.546	1.4088	CjpegliYcbcr	4.1
photos	20231206_150232.png	jpegli	444	55	model_auto	30.181	69.608	1.4556	CjpegliYcbcr	4.1
photos	20231206_150232.png	jpegli	444	55	model_policy	30.075	70.523	1.4175	CjpegliYcbcr	4.1
photos	20231206_150232.png	jpegli	444	55	model_proj	30.081	70.621	1.4154	CjpegliYcbcr	4.1
photos	20231206_150232.png	jpegli	444	75	identity_off	32.208	75.937	1.1078	CjpegliYcbcr	2.3
photos	20231206_150232.png	jpegli	444	75	identity_auto	32.347	75.845	1.1399	CjpegliYcbcr	2.3
photos	20231206_150232.png	jpegli	444	75	model_off	33.003	77.997	0.9834	CjpegliYcbcr	2.3
photos	20231206_150232.png	jpegli	444	75	model_auto	33.046	77.464	1.0168	CjpegliYcbcr	2.3
photos	20231206_150232.png	jpegli	444	75	model_policy	32.972	78.099	0.9868	CjpegliYcbcr	2.3
photos	20231206_150232.png	jpegli	444	75	model_proj	32.991	78.359	0.9857	CjpegliYcbcr	2.3
photos	20231206_150232.png	jpegli	444	90	identity_off	37.101	85.102	0.6215	CjpegliYcbcr	1.1
photos	20231206_150232.png	jpegli	444	90	identity_auto	37.141	85.031	0.6557	CjpegliYcbcr	1.1
photos	20231206_150232.png	jpegli	444	90	model_off	37.274	85.789	0.5762	CjpegliYcbcr	1.1
photos	20231206_150232.png	jpegli	444	90	model_auto	37.185	85.355	0.5992	CjpegliYcbcr	1.1
photos	20231206_150232.png	jpegli	444	90	model_policy	37.288	86.116	0.5759	CjpegliYcbcr	1.1
photos	20231206_150232.png	jpegli	444	90	model_proj	37.433	86.541	0.5748	CjpegliYcbcr	1.1
photos	20231206_150232.png	zenjpeg	420	15	identity_off	22.784	35.359	3.7686	CjpegliYcbcr	14.2
photos	20231206_150232.png	zenjpeg	420	15	identity_auto	22.948	33.369	3.9258	CjpegliYcbcr	14.2
photos	20231206_150232.png	zenjpeg	420	15	model_off	24.017	40.031	3.4891	CjpegliYcbcr	14.2
photos	20231206_150232.png	zenjpeg	420	15	model_auto	24.006	37.237	3.6294	CjpegliYcbcr	14.2
photos	20231206_150232.png	zenjpeg	420	15	model_policy	23.982	40.035	3.4809	CjpegliYcbcr	14.2
photos	20231206_150232.png	zenjpeg	420	15	model_proj	23.984	40.048	3.4790	CjpegliYcbcr	14.2
photos	20231206_150232.png	zenjpeg	420	35	identity_off	26.036	55.707	2.4226	CjpegliYcbcr	7.2
photos	20231206_150232.png	zenjpeg	420	35	identity_auto	26.184	54.820	2.4666	CjpegliYcbcr	7.2
photos	20231206_150232.png	zenjpeg	420	35	model_off	27.268	59.375	2.1791	CjpegliYcbcr	7.2
photos	20231206_150232.png	zenjpeg	420	35	model_auto	27.307	57.927	2.2192	CjpegliYcbcr	7.2
photos	20231206_150232.png	zenjpeg	420	35	model_policy	27.215	59.347	2.1698	CjpegliYcbcr	7.2
photos	20231206_150232.png	zenjpeg	420	35	model_proj	27.221	59.488	2.1628	CjpegliYcbcr	7.2
photos	20231206_150232.png	zenjpeg	420	55	identity_off	28.030	64.177	1.8589	CjpegliYcbcr	5.2
photos	20231206_150232.png	zenjpeg	420	55	identity_auto	28.160	63.863	1.8964	CjpegliYcbcr	5.2
photos	20231206_150232.png	zenjpeg	420	55	model_off	29.154	67.401	1.6733	CjpegliYcbcr	5.2
photos	20231206_150232.png	zenjpeg	420	55	model_auto	29.212	66.525	1.7178	CjpegliYcbcr	5.2
photos	20231206_150232.png	zenjpeg	420	55	model_policy	29.095	67.482	1.6812	CjpegliYcbcr	5.2
photos	20231206_150232.png	zenjpeg	420	55	model_proj	29.102	67.652	1.6786	CjpegliYcbcr	5.2
photos	20231206_150232.png	zenjpeg	420	75	identity_off	31.422	73.903	1.2521	CjpegliYcbcr	3.0
photos	20231206_150232.png	zenjpeg	420	75	identity_auto	31.520	73.814	1.2756	CjpegliYcbcr	3.0
photos	20231206_150232.png	zenjpeg	420	75	model_off	32.260	76.423	1.1022	CjpegliYcbcr	3.0
photos	20231206_150232.png	zenjpeg	420	75	model_auto	32.294	75.916	1.1281	CjpegliYcbcr	3.0
photos	20231206_150232.png	zenjpeg	420	75	model_policy	32.220	76.489	1.1070	CjpegliYcbcr	3.0
photos	20231206_150232.png	zenjpeg	420	75	model_proj	32.235	76.710	1.1058	CjpegliYcbcr	3.0
photos	20231206_150232.png	zenjpeg	420	90	identity_off	36.229	83.455	0.7377	CjpegliYcbcr	1.3
photos	20231206_150232.png	zenjpeg	420	90	identity_auto	36.251	83.455	0.7783	CjpegliYcbcr	1.3
photos	20231206_150232.png	zenjpeg	420	90	model_off	36.586	84.959	0.6552	CjpegliYcbcr	1.3
photos	20231206_150232.png	zenjpeg	420	90	model_auto	36.528	84.736	0.6784	CjpegliYcbcr	1.3
photos	20231206_150232.png	zenjpeg	420	90	model_policy	36.586	85.182	0.6543	CjpegliYcbcr	1.3
photos	20231206_150232.png	zenjpeg	420	90	model_proj	36.652	85.600	0.6533	CjpegliYcbcr	1.3
photos	20231206_150232.png	zenjpeg	444	15	identity_off	23.522	38.945	3.3420	CjpegliYcbcr	11.8
photos	20231206_150232.png	zenjpeg	444	15	identity_auto	23.731	37.982	3.4738	CjpegliYcbcr	11.8
photos	20231206_150232.png	zenjpeg	444	15	model_off	24.814	43.993	3.0573	CjpegliYcbcr	11.8
photos	20231206_150232.png	zenjpeg	444	15	model_auto	24.875	42.082	3.1725	CjpegliYcbcr	11.8
photos	20231206_150232.png	zenjpeg	444	15	model_policy	24.782	44.377	3.0368	CjpegliYcbcr	11.8
photos	20231206_150232.png	zenjpeg	444	15	model_proj	24.785	44.392	3.0344	CjpegliYcbcr	11.8
photos	20231206_150232.png	zenjpeg	444	35	identity_off	26.965	59.879	2.0983	CjpegliYcbcr	6.0
photos	20231206_150232.png	zenjpeg	444	35	identity_auto	27.146	59.521	2.1557	CjpegliYcbcr	6.0
photos	20231206_150232.png	zenjpeg	444	35	model_off	28.187	64.107	1.8618	CjpegliYcbcr	6.0
photos	20231206_150232.png	zenjpeg	444	35	model_auto	28.257	62.862	1.9297	CjpegliYcbcr	6.0
photos	20231206_150232.png	zenjpeg	444	35	model_policy	28.138	64.051	1.8659	CjpegliYcbcr	6.0
photos	20231206_150232.png	zenjpeg	444	35	model_proj	28.144	64.094	1.8602	CjpegliYcbcr	6.0
photos	20231206_150232.png	zenjpeg	444	55	identity_off	28.995	67.139	1.6196	CjpegliYcbcr	4.1
photos	20231206_150232.png	zenjpeg	444	55	identity_auto	29.163	66.851	1.6580	CjpegliYcbcr	4.1
photos	20231206_150232.png	zenjpeg	444	55	model_off	30.082	70.435	1.4175	CjpegliYcbcr	4.1
photos	20231206_150232.png	zenjpeg	444	55	model_auto	30.145	69.507	1.4647	CjpegliYcbcr	4.1
photos	20231206_150232.png	zenjpeg	444	55	model_policy	30.039	70.414	1.4260	CjpegliYcbcr	4.1
photos	20231206_150232.png	zenjpeg	444	55	model_proj	30.046	70.516	1.4238	CjpegliYcbcr	4.1
photos	20231206_150232.png	zenjpeg	444	75	identity_off	32.152	75.759	1.1178	CjpegliYcbcr	2.3
photos	20231206_150232.png	zenjpeg	444	75	identity_auto	32.291	75.657	1.1494	CjpegliYcbcr	2.3
photos	20231206_150232.png	zenjpeg	444	75	model_off	32.954	77.803	0.9921	CjpegliYcbcr	2.3
photos	20231206_150232.png	zenjpeg	444	75	model_auto	33.001	77.272	1.0242	CjpegliYcbcr	2.3
photos	20231206_150232.png	zenjpeg	444	75	model_policy	32.924	77.934	0.9957	CjpegliYcbcr	2.3
photos	20231206_150232.png	zenjpeg	444	75	model_proj	32.943	78.199	0.9946	CjpegliYcbcr	2.3
photos	20231206_150232.png	zenjpeg	444	90	identity_off	37.020	84.954	0.6279	CjpegliYcbcr	1.1
photos	20231206_150232.png	zenjpeg	444	90	identity_auto	37.061	84.937	0.6625	CjpegliYcbcr	1.1
photos	20231206_150232.png	zenjpeg	444	90	model_off	37.205	85.683	0.5826	CjpegliYcbcr	1.1
photos	20231206_150232.png	zenjpeg	444	90	model_auto	37.118	85.235	0.6073	CjpegliYcbcr	1.1
photos	20231206_150232.png	zenjpeg	444	90	model_policy	37.222	86.009	0.5818	CjpegliYcbcr	1.1
photos	20231206_150232.png	zenjpeg	444	90	model_proj	37.365	86.445	0.5806	CjpegliYcbcr	1.1
photos	20240528_210945.jpg	turbo	420	15	identity_off	25.056	33.305	3.0873	Unknown	15.0
photos	20240528_210945.jpg	turbo	420	15	identity_auto	25.240	31.772	3.1046	Unknown	15.0
photos	20240528_210945.jpg	turbo	420	15	model_off	25.807	37.147	2.9602	Unknown	15.0
photos	20240528_210945.jpg	turbo	420	15	model_auto	25.709	34.423	3.0138	Unknown	15.0
photos	20240528_210945.jpg	turbo	420	15	model_policy	25.854	37.378	2.9218	Unknown	15.0
photos	20240528_210945.jpg	turbo	420	15	model_proj	25.855	37.394	2.9196	Unknown	15.0
photos	20240528_210945.jpg	turbo	420	35	identity_off	28.003	61.091	2.0728	ImageMagick	35.0
photos	20240528_210945.jpg	turbo	420	35	identity_auto	28.111	59.693	2.1203	ImageMagick	35.0
photos	20240528_210945.jpg	turbo	420	35	model_off	28.733	63.489	1.9834	ImageMagick	35.0
photos	20240528_210945.jpg	turbo	420	35	model_auto	28.677	61.690	2.0156	ImageMagick	35.0
photos	20240528_210945.jpg	turbo	420	35	model_policy	28.774	63.571	1.9432	ImageMagick	35.0
photos	20240528_210945.jpg	turbo	420	35	model_proj	28.811	63.627	1.8506	ImageMagick	35.0
photos	20240528_210945.jpg	turbo	420	55	identity_off	29.589	68.953	1.7344	ImageMagick	55.0
photos	20240528_210945.jpg	turbo	420	55	identity_auto	29.659	67.896	1.7841	ImageMagick	55.0
photos	20240528_210945.jpg	turbo	420	55	model_off	30.225	70.748	1.6737	ImageMagick	55.0
photos	20240528_210945.jpg	turbo	420	55	model_auto	30.195	69.517	1.6993	ImageMagick	55.0
photos	20240528_210945.jpg	turbo	420	55	model_policy	30.260	70.776	1.6419	ImageMagick	55.0
photos	20240528_210945.jpg	turbo	420	55	model_proj	30.349	71.049	1.4880	ImageMagick	55.0
photos	20240528_210945.jpg	turbo	420	75	identity_off	31.613	76.415	1.4092	ImageMagick	75.0
photos	20240528_210945.jpg	turbo	420	75	identity_auto	31.654	75.872	1.4243	ImageMagick	75.0
photos	20240528_210945.jpg	turbo	420	75	model_off	32.115	77.658	1.3769	ImageMagick	75.0
photos	20240528_210945.jpg	turbo	420	75	model_auto	32.130	77.032	1.3676	ImageMagick	75.0
photos	20240528_210945.jpg	turbo	420	75	model_policy	32.122	77.568	1.3528	ImageMagick	75.0
photos	20240528_210945.jpg	turbo	420	75	model_proj	32.294	77.998	1.1598	ImageMagick	75.0
photos	20240528_210945.jpg	turbo	420	90	identity_off	35.229	83.824	0.9714	ImageMagick	90.0
photos	20240528_210945.jpg	turbo	420	90	identity_auto	35.192	83.745	1.0228	ImageMagick	90.0
photos	20240528_210945.jpg	turbo	420	90	model_off	35.517	84.348	0.9639	ImageMagick	90.0
photos	20240528_210945.jpg	turbo	420	90	model_auto	35.552	84.366	0.9906	ImageMagick	90.0
photos	20240528_210945.jpg	turbo	420	90	model_policy	35.478	84.193	0.9513	ImageMagick	90.0
photos	20240528_210945.jpg	turbo	420	90	model_proj	35.819	84.761	0.7708	ImageMagick	90.0
photos	20240528_210945.jpg	turbo	444	15	identity_off	25.404	39.329	2.8322	Unknown	15.0
photos	20240528_210945.jpg	turbo	444	15	identity_auto	25.734	38.287	2.8398	Unknown	15.0
photos	20240528_210945.jpg	turbo	444	15	model_off	26.278	43.407	2.6859	Unknown	15.0
photos	20240528_210945.jpg	turbo	444	15	model_auto	26.259	40.964	2.7437	Unknown	15.0
photos	20240528_210945.jpg	turbo	444	15	model_policy	26.317	43.488	2.6652	Unknown	15.0
photos	20240528_210945.jpg	turbo	444	15	model_proj	26.318	43.486	2.6643	Unknown	15.0
photos	20240528_210945.jpg	turbo	444	35	identity_off	28.468	65.825	1.7943	ImageMagick	35.0
photos	20240528_210945.jpg	turbo	444	35	identity_auto	28.686	64.729	1.8292	ImageMagick	35.0
photos	20240528_210945.jpg	turbo	444	35	model_off	29.283	68.008	1.6709	ImageMagick	35.0
photos	20240528_210945.jpg	turbo	444	35	model_auto	29.270	66.387	1.7129	ImageMagick	35.0
photos	20240528_210945.jpg	turbo	444	35	model_policy	29.305	68.042	1.6503	ImageMagick	35.0
photos	20240528_210945.jpg	turbo	444	35	model_proj	29.318	68.058	1.6332	ImageMagick	35.0
photos	20240528_210945.jpg	turbo	444	55	identity_off	30.154	73.535	1.4275	ImageMagick	55.0
photos	20240528_210945.jpg	turbo	444	55	identity_auto	30.315	72.611	1.4621	ImageMagick	55.0
photos	20240528_210945.jpg	turbo	444	55	model_off	30.861	75.211	1.3349	ImageMagick	55.0
photos	20240528_210945.jpg	turbo	444	55	model_auto	30.843	73.929	1.3661	ImageMagick	55.0
photos	20240528_210945.jpg	turbo	444	55	model_policy	30.866	75.142	1.3189	ImageMagick	55.0
photos	20240528_210945.jpg	turbo	444	55	model_proj	30.900	75.186	1.2871	ImageMagick	55.0
photos	20240528_210945.jpg	turbo	444	75	identity_off	32.382	80.472	1.0766	ImageMagick	75.0
photos	20240528_210945.jpg	turbo	444	75	identity_auto	32.497	80.016	1.0832	ImageMagick	75.0
photos	20240528_210945.jpg	turbo	444	75	model_off	32.940	81.278	1.0198	ImageMagick	75.0
photos	20240528_210945.jpg	turbo	444	75	model_auto	32.926	80.475	1.0228	ImageMagick	75.0
photos	20240528_210945.jpg	turbo	444	75	model_policy	32.913	81.271	1.0102	ImageMagick	75.0
photos	20240528_210945.jpg	turbo	444	75	model_proj	32.969	81.434	0.9725	ImageMagick	75.0
photos	20240528_210945.jpg	turbo	444	90	identity_off	36.570	87.973	0.6489	ImageMagick	90.0
photos	20240528_210945.jpg	turbo	444	90	identity_auto	36.567	87.939	0.6796	ImageMagick	90.0
photos	20240528_210945.jpg	turbo	444	90	model_off	36.886	87.853	0.6362	ImageMagick	90.0
photos	20240528_210945.jpg	turbo	444	90	model_auto	36.801	87.442	0.6540	ImageMagick	90.0
photos	20240528_210945.jpg	turbo	444	90	model_policy	36.782	87.966	0.6313	ImageMagick	90.0
photos	20240528_210945.jpg	turbo	444	90	model_proj	36.876	88.073	0.6079	ImageMagick	90.0
photos	20240528_210945.jpg	mozjpeg	420	15	identity_off	23.652	22.413	3.6245	Mozjpeg	15.0
photos	20240528_210945.jpg	mozjpeg	420	15	identity_auto	23.816	19.277	3.6532	Mozjpeg	15.0
photos	20240528_210945.jpg	mozjpeg	420	15	model_off	24.296	25.986	3.4965	Mozjpeg	15.0
photos	20240528_210945.jpg	mozjpeg	420	15	model_auto	24.190	22.223	3.5703	Mozjpeg	15.0
photos	20240528_210945.jpg	mozjpeg	420	15	model_policy	24.330	26.153	3.4742	Mozjpeg	15.0
photos	20240528_210945.jpg	mozjpeg	420	15	model_proj	24.330	26.154	3.4742	Mozjpeg	15.0
photos	20240528_210945.jpg	mozjpeg	420	35	identity_off	26.878	56.044	2.2718	Mozjpeg	35.0
photos	20240528_210945.jpg	mozjpeg	420	35	identity_auto	27.002	54.385	2.3200	Mozjpeg	35.0
photos	20240528_210945.jpg	mozjpeg	420	35	model_off	27.570	58.357	2.1664	Mozjpeg	35.0
photos	20240528_210945.jpg	mozjpeg	420	35	model_auto	27.548	56.506	2.2017	Mozjpeg	35.0
photos	20240528_210945.jpg	mozjpeg	420	35	model_policy	27.603	58.470	2.1415	Mozjpeg	35.0
photos	20240528_210945.jpg	mozjpeg	420	35	model_proj	27.608	58.458	2.1316	Mozjpeg	35.0
photos	20240528_210945.jpg	mozjpeg	420	55	identity_off	28.649	66.494	1.8435	Mozjpeg	55.0
photos	20240528_210945.jpg	mozjpeg	420	55	identity_auto	28.737	65.268	1.9009	Mozjpeg	55.0
photos	20240528_210945.jpg	mozjpeg	420	55	model_off	29.293	67.960	1.7685	Mozjpeg	55.0
photos	20240528_210945.jpg	mozjpeg	420	55	model_auto	29.296	66.766	1.7937	Mozjpeg	55.0
photos	20240528_210945.jpg	mozjpeg	420	55	model_policy	29.328	68.022	1.7415	Mozjpeg	55.0
photos	20240528_210945.jpg	mozjpeg	420	55	model_proj	29.354	67.989	1.6943	Mozjpeg	55.0
photos	20240528_210945.jpg	mozjpeg	420	75	identity_off	30.763	74.647	1.4601	Mozjpeg	75.0
photos	20240528_210945.jpg	mozjpeg	420	75	identity_auto	30.816	74.022	1.4777	Mozjpeg	75.0
photos	20240528_210945.jpg	mozjpeg	420	75	model_off	31.275	75.656	1.4179	Mozjpeg	75.0
photos	20240528_210945.jpg	mozjpeg	420	75	model_auto	31.304	75.118	1.4024	Mozjpeg	75.0
photos	20240528_210945.jpg	mozjpeg	420	75	model_policy	31.300	75.566	1.3912	Mozjpeg	75.0
photos	20240528_210945.jpg	mozjpeg	420	75	model_proj	31.370	75.688	1.3105	Mozjpeg	75.0
photos	20240528_210945.jpg	mozjpeg	420	90	identity_off	34.243	82.831	1.0220	Mozjpeg	90.0
photos	20240528_210945.jpg	mozjpeg	420	90	identity_auto	34.219	82.700	1.0761	Mozjpeg	90.0
photos	20240528_210945.jpg	mozjpeg	420	90	model_off	34.513	83.362	1.0116	Mozjpeg	90.0
photos	20240528_210945.jpg	mozjpeg	420	90	model_auto	34.532	83.289	1.0326	Mozjpeg	90.0
photos	20240528_210945.jpg	mozjpeg	420	90	model_policy	34.504	83.189	0.9941	Mozjpeg	90.0
photos	20240528_210945.jpg	mozjpeg	420	90	model_proj	34.711	83.564	0.8672	Mozjpeg	90.0
photos	20240528_210945.jpg	mozjpeg	444	15	identity_off	23.897	27.397	3.4918	Mozjpeg	15.0
photos	20240528_210945.jpg	mozjpeg	444	15	identity_auto	24.142	24.676	3.5161	Mozjpeg	15.0
photos	20240528_210945.jpg	mozjpeg	444	15	model_off	24.597	31.013	3.3594	Mozjpeg	15.0
photos	20240528_210945.jpg	mozjpeg	444	15	model_auto	24.535	27.521	3.4295	Mozjpeg	15.0
photos	20240528_210945.jpg	mozjpeg	444	15	model_policy	24.627	31.169	3.3461	Mozjpeg	15.0
photos	20240528_210945.jpg	mozjpeg	444	15	model_proj	24.627	31.169	3.3461	Mozjpeg	15.0
photos	20240528_210945.jpg	mozjpeg	444	35	identity_off	27.193	59.794	2.1103	Mozjpeg	35.0
photos	20240528_210945.jpg	mozjpeg	444	35	identity_auto	27.384	58.382	2.1448	Mozjpeg	35.0
photos	20240528_210945.jpg	mozjpeg	444	35	model_off	27.929	61.907	1.9876	Mozjpeg	35.0
photos	20240528_210945.jpg	mozjpeg	444	35	model_auto	27.930	60.196	2.0308	Mozjpeg	35.0
photos	20240528_210945.jpg	mozjpeg	444	35	model_policy	27.944	61.845	1.9838	Mozjpeg	35.0
photos	20240528_210945.jpg	mozjpeg	444	35	model_proj	27.945	61.873	1.9826	Mozjpeg	35.0
photos	20240528_210945.jpg	mozjpeg	444	55	identity_off	29.025	70.036	1.6761	Mozjpeg	55.0
photos	20240528_210945.jpg	mozjpeg	444	55	identity_auto	29.168	68.890	1.7200	Mozjpeg	55.0
photos	20240528_210945.jpg	mozjpeg	444	55	model_off	29.687	71.230	1.5910	Mozjpeg	55.0
photos	20240528_210945.jpg	mozjpeg	444	55	model_auto	29.688	69.914	1.6189	Mozjpeg	55.0
photos	20240528_210945.jpg	mozjpeg	444	55	model_policy	29.692	71.136	1.5896	Mozjpeg	55.0
photos	20240528_210945.jpg	mozjpeg	444	55	model_proj	29.698	71.163	1.5811	Mozjpeg	55.0
photos	20240528_210945.jpg	mozjpeg	444	75	identity_off	31.247	77.861	1.2790	Mozjpeg	75.0
photos	20240528_210945.jpg	mozjpeg	444	75	identity_auto	31.343	77.308	1.2952	Mozjpeg	75.0
photos	20240528_210945.jpg	mozjpeg	444	75	model_off	31.759	78.522	1.2252	Mozjpeg	75.0
photos	20240528_210945.jpg	mozjpeg	444	75	model_auto	31.739	77.660	1.2294	Mozjpeg	75.0
photos	20240528_210945.jpg	mozjpeg	444	75	model_policy	31.747	78.365	1.2121	Mozjpeg	75.0
photos	20240528_210945.jpg	mozjpeg	444	75	model_proj	31.766	78.486	1.1854	Mozjpeg	75.0
photos	20240528_210945.jpg	mozjpeg	444	90	identity_off	35.107	85.857	0.7700	Mozjpeg	90.0
photos	20240528_210945.jpg	mozjpeg	444	90	identity_auto	35.103	85.758	0.8043	Mozjpeg	90.0
photos	20240528_210945.jpg	mozjpeg	444	90	model_off	35.329	85.765	0.7472	Mozjpeg	90.0
photos	20240528_210945.jpg	mozjpeg	444	90	model_auto	35.224	85.356	0.7676	Mozjpeg	90.0
photos	20240528_210945.jpg	mozjpeg	444	90	model_policy	35.295	85.661	0.7482	Mozjpeg	90.0
photos	20240528_210945.jpg	mozjpeg	444	90	model_proj	35.353	85.905	0.7317	Mozjpeg	90.0
photos	20240528_210945.jpg	jpegli	420	15	identity_off	24.743	43.667	2.8617	CjpegliYcbcr	14.2
photos	20240528_210945.jpg	jpegli	420	15	identity_auto	24.923	40.321	2.9053	CjpegliYcbcr	14.2
photos	20240528_210945.jpg	jpegli	420	15	model_off	25.393	45.743	2.7566	CjpegliYcbcr	14.2
photos	20240528_210945.jpg	jpegli	420	15	model_auto	25.367	42.601	2.8163	CjpegliYcbcr	14.2
photos	20240528_210945.jpg	jpegli	420	15	model_policy	25.437	45.875	2.7275	CjpegliYcbcr	14.2
photos	20240528_210945.jpg	jpegli	420	15	model_proj	25.437	45.881	2.7270	CjpegliYcbcr	14.2
photos	20240528_210945.jpg	jpegli	420	35	identity_off	27.230	59.842	2.0692	CjpegliYcbcr	7.2
photos	20240528_210945.jpg	jpegli	420	35	identity_auto	27.376	58.495	2.0771	CjpegliYcbcr	7.2
photos	20240528_210945.jpg	jpegli	420	35	model_off	27.856	61.448	1.9887	CjpegliYcbcr	7.2
photos	20240528_210945.jpg	jpegli	420	35	model_auto	27.892	60.100	1.9872	CjpegliYcbcr	7.2
photos	20240528_210945.jpg	jpegli	420	35	model_policy	27.896	61.500	1.9610	CjpegliYcbcr	7.2
photos	20240528_210945.jpg	jpegli	420	35	model_proj	27.911	61.477	1.9308	CjpegliYcbcr	7.2
photos	20240528_210945.jpg	jpegli	420	55	identity_off	28.735	66.065	1.7239	CjpegliYcbcr	5.2
photos	20240528_210945.jpg	jpegli	420	55	identity_auto	28.848	65.442	1.7582	CjpegliYcbcr	5.2
photos	20240528_210945.jpg	jpegli	420	55	model_off	29.307	67.323	1.6614	CjpegliYcbcr	5.2
photos	20240528_210945.jpg	jpegli	420	55	model_auto	29.364	66.684	1.6740	CjpegliYcbcr	5.2
photos	20240528_210945.jpg	jpegli	420	55	model_policy	29.339	67.243	1.6372	CjpegliYcbcr	5.2
photos	20240528_210945.jpg	jpegli	420	55	model_proj	29.374	67.293	1.5828	CjpegliYcbcr	5.2
photos	20240528_210945.jpg	jpegli	420	75	identity_off	31.222	74.155	1.3079	CjpegliYcbcr	3.0
photos	20240528_210945.jpg	jpegli	420	75	identity_auto	31.269	73.768	1.3545	CjpegliYcbcr	3.0
photos	20240528_210945.jpg	jpegli	420	75	model_off	31.626	74.880	1.2798	CjpegliYcbcr	3.0
photos	20240528_210945.jpg	jpegli	420	75	model_auto	31.665	74.533	1.3010	CjpegliYcbcr	3.0
photos	20240528_210945.jpg	jpegli	420	75	model_policy	31.634	74.797	1.2617	CjpegliYcbcr	3.0
photos	20240528_210945.jpg	jpegli	420	75	model_proj	31.728	74.971	1.1748	CjpegliYcbcr	3.0
photos	20240528_210945.jpg	jpegli	420	90	identity_off	34.977	81.831	0.9266	CjpegliYcbcr	1.3
photos	20240528_210945.jpg	jpegli	420	90	identity_auto	34.944	81.710	0.9821	CjpegliYcbcr	1.3
photos	20240528_210945.jpg	jpegli	420	90	model_off	35.182	82.239	0.9229	CjpegliYcbcr	1.3
photos	20240528_210945.jpg	jpegli	420	90	model_auto	35.219	82.223	0.9497	CjpegliYcbcr	1.3
photos	20240528_210945.jpg	jpegli	420	90	model_policy	35.153	81.986	0.9101	CjpegliYcbcr	1.3
photos	20240528_210945.jpg	jpegli	420	90	model_proj	35.406	82.625	0.7725	CjpegliYcbcr	1.3
photos	20240528_210945.jpg	jpegli	444	15	identity_off	25.190	46.238	2.6255	CjpegliYcbcr	11.8
photos	20240528_210945.jpg	jpegli	444	15	identity_auto	25.460	44.846	2.6641	CjpegliYcbcr	11.8
photos	20240528_210945.jpg	jpegli	444	15	model_off	25.963	49.535	2.5130	CjpegliYcbcr	11.8
photos	20240528_210945.jpg	jpegli	444	15	model_auto	26.028	47.853	2.5534	CjpegliYcbcr	11.8
photos	20240528_210945.jpg	jpegli	444	15	model_policy	26.012	49.731	2.4845	CjpegliYcbcr	11.8
photos	20240528_210945.jpg	jpegli	444	15	model_proj	26.013	49.741	2.4839	CjpegliYcbcr	11.8
photos	20240528_210945.jpg	jpegli	444	35	identity_off	27.917	63.745	1.8639	CjpegliYcbcr	6.0
photos	20240528_210945.jpg	jpegli	444	35	identity_auto	28.119	62.974	1.9007	CjpegliYcbcr	6.0
photos	20240528_210945.jpg	jpegli	444	35	model_off	28.623	65.555	1.7850	CjpegliYcbcr	6.0
photos	20240528_210945.jpg	jpegli	444	35	model_auto	28.704	64.553	1.8049	CjpegliYcbcr	6.0
photos	20240528_210945.jpg	jpegli	444	35	model_policy	28.662	65.557	1.7578	CjpegliYcbcr	6.0
photos	20240528_210945.jpg	jpegli	444	35	model_proj	28.665	65.609	1.7530	CjpegliYcbcr	6.0
photos	20240528_210945.jpg	jpegli	444	55	identity_off	29.414	69.371	1.5468	CjpegliYcbcr	4.1
photos	20240528_210945.jpg	jpegli	444	55	identity_auto	29.574	68.866	1.5907	CjpegliYcbcr	4.1
photos	20240528_210945.jpg	jpegli	444	55	model_off	30.035	70.819	1.4903	CjpegliYcbcr	4.1
photos	20240528_210945.jpg	jpegli	444	55	model_auto	30.109	70.122	1.5121	CjpegliYcbcr	4.1
photos	20240528_210945.jpg	jpegli	444	55	model_policy	30.067	70.781	1.4685	CjpegliYcbcr	4.1
photos	20240528_210945.jpg	jpegli	444	55	model_proj	30.076	70.904	1.4519	CjpegliYcbcr	4.1
photos	20240528_210945.jpg	jpegli	444	75	identity_off	31.750	76.746	1.1444	CjpegliYcbcr	2.3
photos	20240528_210945.jpg	jpegli	444	75	identity_auto	31.848	76.468	1.1918	CjpegliYcbcr	2.3
photos	20240528_210945.jpg	jpegli	444	75	model_off	32.232	77.623	1.1172	CjpegliYcbcr	2.3
photos	20240528_210945.jpg	jpegli	444	75	model_auto	32.303	77.370	1.1403	CjpegliYcbcr	2.3
photos	20240528_210945.jpg	jpegli	444	75	model_policy	32.218	77.541	1.1025	CjpegliYcbcr	2.3
photos	20240528_210945.jpg	jpegli	444	75	model_proj	32.263	77.857	1.0571	CjpegliYcbcr	2.3
photos	20240528_210945.jpg	jpegli	444	90	identity_off	35.721	84.298	0.6698	CjpegliYcbcr	1.1
photos	20240528_210945.jpg	jpegli	444	90	identity_auto	35.722	84.195	0.7189	CjpegliYcbcr	1.1
photos	20240528_210945.jpg	jpegli	444	90	model_off	36.046	84.747	0.6632	CjpegliYcbcr	1.1
photos	20240528_210945.jpg	jpegli	444	90	model_auto	36.045	84.637	0.6915	CjpegliYcbcr	1.1
photos	20240528_210945.jpg	jpegli	444	90	model_policy	35.922	84.423	0.6578	CjpegliYcbcr	1.1
photos	20240528_210945.jpg	jpegli	444	90	model_proj	36.054	84.958	0.6048	CjpegliYcbcr	1.1
photos	20240528_210945.jpg	zenjpeg	420	15	identity_off	24.724	43.504	2.8669	CjpegliYcbcr	14.2
photos	20240528_210945.jpg	zenjpeg	420	15	identity_auto	24.904	40.105	2.9102	CjpegliYcbcr	14.2
photos	20240528_210945.jpg	zenjpeg	420	15	model_off	25.373	45.560	2.7632	CjpegliYcbcr	14.2
photos	20240528_210945.jpg	zenjpeg	420	15	model_auto	25.348	42.371	2.8219	CjpegliYcbcr	14.2
photos	20240528_210945.jpg	zenjpeg	420	15	model_policy	25.416	45.641	2.7341	CjpegliYcbcr	14.2
photos	20240528_210945.jpg	zenjpeg	420	15	model_proj	25.416	45.643	2.7335	CjpegliYcbcr	14.2
photos	20240528_210945.jpg	zenjpeg	420	35	identity_off	27.199	59.749	2.0758	CjpegliYcbcr	7.2
photos	20240528_210945.jpg	zenjpeg	420	35	identity_auto	27.345	58.420	2.0831	CjpegliYcbcr	7.2
photos	20240528_210945.jpg	zenjpeg	420	35	model_off	27.826	61.322	1.9958	CjpegliYcbcr	7.2
photos	20240528_210945.jpg	zenjpeg	420	35	model_auto	27.862	60.015	1.9939	CjpegliYcbcr	7.2
photos	20240528_210945.jpg	zenjpeg	420	35	model_policy	27.867	61.387	1.9676	CjpegliYcbcr	7.2
photos	20240528_210945.jpg	zenjpeg	420	35	model_proj	27.882	61.370	1.9376	CjpegliYcbcr	7.2
photos	20240528_210945.jpg	zenjpeg	420	55	identity_off	28.704	65.968	1.7285	CjpegliYcbcr	5.2
photos	20240528_210945.jpg	zenjpeg	420	55	identity_auto	28.818	65.274	1.7629	CjpegliYcbcr	5.2
photos	20240528_210945.jpg	zenjpeg	420	55	model_off	29.281	67.222	1.6651	CjpegliYcbcr	5.2
photos	20240528_210945.jpg	zenjpeg	420	55	model_auto	29.338	66.541	1.6772	CjpegliYcbcr	5.2
photos	20240528_210945.jpg	zenjpeg	420	55	model_policy	29.313	67.113	1.6400	CjpegliYcbcr	5.2
photos	20240528_210945.jpg	zenjpeg	420	55	model_proj	29.348	67.151	1.5866	CjpegliYcbcr	5.2
photos	20240528_210945.jpg	zenjpeg	420	75	identity_off	31.186	74.049	1.3116	CjpegliYcbcr	3.0
photos	20240528_210945.jpg	zenjpeg	420	75	identity_auto	31.233	73.659	1.3578	CjpegliYcbcr	3.0
photos	20240528_210945.jpg	zenjpeg	420	75	model_off	31.590	74.771	1.2834	CjpegliYcbcr	3.0
photos	20240528_210945.jpg	zenjpeg	420	75	model_auto	31.629	74.411	1.3044	CjpegliYcbcr	3.0
photos	20240528_210945.jpg	zenjpeg	420	75	model_policy	31.599	74.694	1.2651	CjpegliYcbcr	3.0
photos	20240528_210945.jpg	zenjpeg	420	75	model_proj	31.693	74.872	1.1767	CjpegliYcbcr	3.0
photos	20240528_210945.jpg	zenjpeg	420	90	identity_off	34.932	81.960	0.9354	CjpegliYcbcr	1.3
photos	20240528_210945.jpg	zenjpeg	420	90	identity_auto	34.900	81.838	0.9896	CjpegliYcbcr	1.3
photos	20240528_210945.jpg	zenjpeg	420	90	model_off	35.140	82.423	0.9310	CjpegliYcbcr	1.3
photos	20240528_210945.jpg	zenjpeg	420	90	model_auto	35.179	82.381	0.9575	CjpegliYcbcr	1.3
photos	20240528_210945.jpg	zenjpeg	420	90	model_policy	35.109	82.141	0.9190	CjpegliYcbcr	1.3
photos	20240528_210945.jpg	zenjpeg	420	90	model_proj	35.364	82.778	0.7764	CjpegliYcbcr	1.3
photos	20240528_210945.jpg	zenjpeg	444	15	identity_off	25.170	46.076	2.6307	CjpegliYcbcr	11.8
photos	20240528_210945.jpg	zenjpeg	444	15	identity_auto	25.439	44.763	2.6694	CjpegliYcbcr	11.8
photos	20240528_210945.jpg	zenjpeg	444	15	model_off	25.941	49.415	2.5192	CjpegliYcbcr	11.8
photos	20240528_210945.jpg	zenjpeg	444	15	model_auto	26.008	47.783	2.5586	CjpegliYcbcr	11.8
photos	20240528_210945.jpg	zenjpeg	444	15	model_policy	25.992	49.625	2.4910	CjpegliYcbcr	11.8
photos	20240528_210945.jpg	zenjpeg	444	15	model_proj	25.992	49.637	2.4905	CjpegliYcbcr	11.8
photos	20240528_210945.jpg	zenjpeg	444	35	identity_off	27.893	63.608	1.8663	CjpegliYcbcr	6.0
photos	20240528_210945.jpg	zenjpeg	444	35	identity_auto	28.095	62.830	1.9039	CjpegliYcbcr	6.0
photos	20240528_210945.jpg	zenjpeg	444	35	model_off	28.600	65.421	1.7882	CjpegliYcbcr	6.0
photos	20240528_210945.jpg	zenjpeg	444	35	model_auto	28.683	64.418	1.8082	CjpegliYcbcr	6.0
photos	20240528_210945.jpg	zenjpeg	444	35	model_policy	28.641	65.429	1.7606	CjpegliYcbcr	6.0
photos	20240528_210945.jpg	zenjpeg	444	35	model_proj	28.643	65.483	1.7555	CjpegliYcbcr	6.0
photos	20240528_210945.jpg	zenjpeg	444	55	identity_off	29.386	69.276	1.5530	CjpegliYcbcr	4.1
photos	20240528_210945.jpg	zenjpeg	444	55	identity_auto	29.547	68.799	1.5966	CjpegliYcbcr	4.1
photos	20240528_210945.jpg	zenjpeg	444	55	model_off	30.010	70.742	1.4967	CjpegliYcbcr	4.1
photos	20240528_210945.jpg	zenjpeg	444	55	model_auto	30.085	70.054	1.5175	CjpegliYcbcr	4.1
photos	20240528_210945.jpg	zenjpeg	444	55	model_policy	30.043	70.718	1.4739	CjpegliYcbcr	4.1
photos	20240528_210945.jpg	zenjpeg	444	55	model_proj	30.053	70.831	1.4564	CjpegliYcbcr	4.1
photos	20240528_210945.jpg	zenjpeg	444	75	identity_off	31.720	76.553	1.1478	CjpegliYcbcr	2.3
photos	20240528_210945.jpg	zenjpeg	444	75	identity_auto	31.817	76.250	1.1943	CjpegliYcbcr	2.3
photos	20240528_210945.jpg	zenjpeg	444	75	model_off	32.204	77.424	1.1202	CjpegliYcbcr	2.3
photos	20240528_210945.jpg	zenjpeg	444	75	model_auto	32.274	77.125	1.1433	CjpegliYcbcr	2.3
photos	20240528_210945.jpg	zenjpeg	444	75	model_policy	32.190	77.309	1.1055	CjpegliYcbcr	2.3
photos	20240528_210945.jpg	zenjpeg	444	75	model_proj	32.236	77.644	1.0598	CjpegliYcbcr	2.3
photos	20240528_210945.jpg	zenjpeg	444	90	identity_off	35.674	84.189	0.6699	CjpegliYcbcr	1.1
photos	20240528_210945.jpg	zenjpeg	444	90	identity_auto	35.674	84.109	0.7182	CjpegliYcbcr	1.1
photos	20240528_210945.jpg	zenjpeg	444	90	model_off	36.001	84.688	0.6628	CjpegliYcbcr	1.1
photos	20240528_210945.jpg	zenjpeg	444	90	model_auto	36.001	84.531	0.6908	CjpegliYcbcr	1.1
photos	20240528_210945.jpg	zenjpeg	444	90	model_policy	35.878	84.370	0.6577	CjpegliYcbcr	1.1
photos	20240528_210945.jpg	zenjpeg	444	90	model_proj	36.011	84.882	0.6061	CjpegliYcbcr	1.1
photos	Screenshot_20260526_074348_Photos.png	turbo	420	15	identity_off	31.986	17.360	2.8959	Unknown	15.0
photos	Screenshot_20260526_074348_Photos.png	turbo	420	15	identity_auto	32.189	25.995	2.7949	Unknown	15.0
photos	Screenshot_20260526_074348_Photos.png	turbo	420	15	model_off	32.718	33.584	2.6287	Unknown	15.0
photos	Screenshot_20260526_074348_Photos.png	turbo	420	15	model_auto	32.591	33.464	2.6506	Unknown	15.0
photos	Screenshot_20260526_074348_Photos.png	turbo	420	15	model_policy	32.490	36.832	2.6992	Unknown	15.0
photos	Screenshot_20260526_074348_Photos.png	turbo	420	15	model_proj	32.491	36.912	2.6931	Unknown	15.0
photos	Screenshot_20260526_074348_Photos.png	turbo	420	35	identity_off	34.940	53.455	1.7938	ImageMagick	35.0
photos	Screenshot_20260526_074348_Photos.png	turbo	420	35	identity_auto	35.070	56.907	1.7520	ImageMagick	35.0
photos	Screenshot_20260526_074348_Photos.png	turbo	420	35	model_off	35.521	60.524	1.6349	ImageMagick	35.0
photos	Screenshot_20260526_074348_Photos.png	turbo	420	35	model_auto	35.435	59.760	1.6568	ImageMagick	35.0
photos	Screenshot_20260526_074348_Photos.png	turbo	420	35	model_policy	35.525	60.567	1.6318	ImageMagick	35.0
photos	Screenshot_20260526_074348_Photos.png	turbo	420	35	model_proj	35.528	60.584	1.6299	ImageMagick	35.0
photos	Screenshot_20260526_074348_Photos.png	turbo	420	55	identity_off	36.151	65.449	1.4856	ImageMagick	55.0
photos	Screenshot_20260526_074348_Photos.png	turbo	420	55	identity_auto	36.246	66.380	1.4665	ImageMagick	55.0
photos	Screenshot_20260526_074348_Photos.png	turbo	420	55	model_off	36.670	68.087	1.3835	ImageMagick	55.0
photos	Screenshot_20260526_074348_Photos.png	turbo	420	55	model_auto	36.536	67.211	1.4143	ImageMagick	55.0
photos	Screenshot_20260526_074348_Photos.png	turbo	420	55	model_policy	36.662	68.119	1.3865	ImageMagick	55.0
photos	Screenshot_20260526_074348_Photos.png	turbo	420	55	model_proj	36.663	68.087	1.3858	ImageMagick	55.0
photos	Screenshot_20260526_074348_Photos.png	turbo	420	75	identity_off	37.743	74.965	1.1864	ImageMagick	75.0
photos	Screenshot_20260526_074348_Photos.png	turbo	420	75	identity_auto	37.843	74.556	1.1827	ImageMagick	75.0
photos	Screenshot_20260526_074348_Photos.png	turbo	420	75	model_off	38.109	75.700	1.1365	ImageMagick	75.0
photos	Screenshot_20260526_074348_Photos.png	turbo	420	75	model_auto	38.021	74.745	1.1596	ImageMagick	75.0
photos	Screenshot_20260526_074348_Photos.png	turbo	420	75	model_policy	38.107	75.649	1.1316	ImageMagick	75.0
photos	Screenshot_20260526_074348_Photos.png	turbo	420	75	model_proj	38.108	75.777	1.1314	ImageMagick	75.0
photos	Screenshot_20260526_074348_Photos.png	turbo	420	90	identity_off	40.877	84.708	0.7894	ImageMagick	90.0
photos	Screenshot_20260526_074348_Photos.png	turbo	420	90	identity_auto	40.909	84.691	0.7994	ImageMagick	90.0
photos	Screenshot_20260526_074348_Photos.png	turbo	420	90	model_off	41.072	84.868	0.7720	ImageMagick	90.0
photos	Screenshot_20260526_074348_Photos.png	turbo	420	90	model_auto	41.053	84.776	0.7850	ImageMagick	90.0
photos	Screenshot_20260526_074348_Photos.png	turbo	420	90	model_policy	41.003	84.865	0.7778	ImageMagick	90.0
photos	Screenshot_20260526_074348_Photos.png	turbo	420	90	model_proj	40.972	84.825	0.7870	ImageMagick	90.0
photos	Screenshot_20260526_074348_Photos.png	turbo	444	15	identity_off	32.029	18.404	2.8878	Unknown	15.0
photos	Screenshot_20260526_074348_Photos.png	turbo	444	15	identity_auto	32.276	27.617	2.7859	Unknown	15.0
photos	Screenshot_20260526_074348_Photos.png	turbo	444	15	model_off	32.797	34.725	2.6181	Unknown	15.0
photos	Screenshot_20260526_074348_Photos.png	turbo	444	15	model_auto	32.678	34.482	2.6404	Unknown	15.0
photos	Screenshot_20260526_074348_Photos.png	turbo	444	15	model_policy	32.562	37.699	2.6876	Unknown	15.0
photos	Screenshot_20260526_074348_Photos.png	turbo	444	15	model_proj	32.563	37.787	2.6813	Unknown	15.0
photos	Screenshot_20260526_074348_Photos.png	turbo	444	35	identity_off	35.025	54.781	1.7857	ImageMagick	35.0
photos	Screenshot_20260526_074348_Photos.png	turbo	444	35	identity_auto	35.196	58.517	1.7438	ImageMagick	35.0
photos	Screenshot_20260526_074348_Photos.png	turbo	444	35	model_off	35.645	61.943	1.6229	ImageMagick	35.0
photos	Screenshot_20260526_074348_Photos.png	turbo	444	35	model_auto	35.566	61.190	1.6470	ImageMagick	35.0
photos	Screenshot_20260526_074348_Photos.png	turbo	444	35	model_policy	35.645	62.113	1.6208	ImageMagick	35.0
photos	Screenshot_20260526_074348_Photos.png	turbo	444	35	model_proj	35.648	62.077	1.6184	ImageMagick	35.0
photos	Screenshot_20260526_074348_Photos.png	turbo	444	55	identity_off	36.232	66.393	1.4866	ImageMagick	55.0
photos	Screenshot_20260526_074348_Photos.png	turbo	444	55	identity_auto	36.347	67.471	1.4664	ImageMagick	55.0
photos	Screenshot_20260526_074348_Photos.png	turbo	444	55	model_off	36.764	69.092	1.3858	ImageMagick	55.0
photos	Screenshot_20260526_074348_Photos.png	turbo	444	55	model_auto	36.636	68.217	1.4152	ImageMagick	55.0
photos	Screenshot_20260526_074348_Photos.png	turbo	444	55	model_policy	36.753	69.142	1.3886	ImageMagick	55.0
photos	Screenshot_20260526_074348_Photos.png	turbo	444	55	model_proj	36.754	69.171	1.3879	ImageMagick	55.0
photos	Screenshot_20260526_074348_Photos.png	turbo	444	75	identity_off	37.842	75.776	1.1847	ImageMagick	75.0
photos	Screenshot_20260526_074348_Photos.png	turbo	444	75	identity_auto	37.954	75.455	1.1810	ImageMagick	75.0
photos	Screenshot_20260526_074348_Photos.png	turbo	444	75	model_off	38.215	76.440	1.1350	ImageMagick	75.0
photos	Screenshot_20260526_074348_Photos.png	turbo	444	75	model_auto	38.127	75.540	1.1583	ImageMagick	75.0
photos	Screenshot_20260526_074348_Photos.png	turbo	444	75	model_policy	38.215	76.436	1.1303	ImageMagick	75.0
photos	Screenshot_20260526_074348_Photos.png	turbo	444	75	model_proj	38.217	76.569	1.1302	ImageMagick	75.0
photos	Screenshot_20260526_074348_Photos.png	turbo	444	90	identity_off	41.037	85.434	0.7847	ImageMagick	90.0
photos	Screenshot_20260526_074348_Photos.png	turbo	444	90	identity_auto	41.071	85.555	0.7944	ImageMagick	90.0
photos	Screenshot_20260526_074348_Photos.png	turbo	444	90	model_off	41.236	85.619	0.7674	ImageMagick	90.0
photos	Screenshot_20260526_074348_Photos.png	turbo	444	90	model_auto	41.214	85.501	0.7801	ImageMagick	90.0
photos	Screenshot_20260526_074348_Photos.png	turbo	444	90	model_policy	41.163	85.577	0.7732	ImageMagick	90.0
photos	Screenshot_20260526_074348_Photos.png	turbo	444	90	model_proj	41.124	85.336	0.7844	ImageMagick	90.0
photos	Screenshot_20260526_074348_Photos.png	mozjpeg	420	15	identity_off	31.159	14.554	3.1355	Mozjpeg	15.0
photos	Screenshot_20260526_074348_Photos.png	mozjpeg	420	15	identity_auto	31.354	21.609	3.0764	Mozjpeg	15.0
photos	Screenshot_20260526_074348_Photos.png	mozjpeg	420	15	model_off	31.787	28.186	2.9801	Mozjpeg	15.0
photos	Screenshot_20260526_074348_Photos.png	mozjpeg	420	15	model_auto	31.710	28.148	3.0189	Mozjpeg	15.0
photos	Screenshot_20260526_074348_Photos.png	mozjpeg	420	15	model_policy	31.617	31.279	3.0658	Mozjpeg	15.0
photos	Screenshot_20260526_074348_Photos.png	mozjpeg	420	15	model_proj	31.617	31.263	3.0632	Mozjpeg	15.0
photos	Screenshot_20260526_074348_Photos.png	mozjpeg	420	35	identity_off	34.081	49.475	1.9631	Mozjpeg	35.0
photos	Screenshot_20260526_074348_Photos.png	mozjpeg	420	35	identity_auto	34.199	52.562	1.9270	Mozjpeg	35.0
photos	Screenshot_20260526_074348_Photos.png	mozjpeg	420	35	model_off	34.601	55.794	1.8404	Mozjpeg	35.0
photos	Screenshot_20260526_074348_Photos.png	mozjpeg	420	35	model_auto	34.545	55.265	1.8590	Mozjpeg	35.0
photos	Screenshot_20260526_074348_Photos.png	mozjpeg	420	35	model_policy	34.596	55.614	1.8365	Mozjpeg	35.0
photos	Screenshot_20260526_074348_Photos.png	mozjpeg	420	35	model_proj	34.598	55.659	1.8373	Mozjpeg	35.0
photos	Screenshot_20260526_074348_Photos.png	mozjpeg	420	55	identity_off	35.327	61.473	1.6166	Mozjpeg	55.0
photos	Screenshot_20260526_074348_Photos.png	mozjpeg	420	55	identity_auto	35.420	62.794	1.6023	Mozjpeg	55.0
photos	Screenshot_20260526_074348_Photos.png	mozjpeg	420	55	model_off	35.745	63.949	1.5478	Mozjpeg	55.0
photos	Screenshot_20260526_074348_Photos.png	mozjpeg	420	55	model_auto	35.676	63.413	1.5629	Mozjpeg	55.0
photos	Screenshot_20260526_074348_Photos.png	mozjpeg	420	55	model_policy	35.723	64.074	1.5518	Mozjpeg	55.0
photos	Screenshot_20260526_074348_Photos.png	mozjpeg	420	55	model_proj	35.724	64.064	1.5517	Mozjpeg	55.0
photos	Screenshot_20260526_074348_Photos.png	mozjpeg	420	75	identity_off	36.936	72.766	1.2829	Mozjpeg	75.0
photos	Screenshot_20260526_074348_Photos.png	mozjpeg	420	75	identity_auto	36.959	72.538	1.2897	Mozjpeg	75.0
photos	Screenshot_20260526_074348_Photos.png	mozjpeg	420	75	model_off	37.202	73.175	1.2560	Mozjpeg	75.0
photos	Screenshot_20260526_074348_Photos.png	mozjpeg	420	75	model_auto	37.110	72.395	1.2763	Mozjpeg	75.0
photos	Screenshot_20260526_074348_Photos.png	mozjpeg	420	75	model_policy	37.212	73.374	1.2528	Mozjpeg	75.0
photos	Screenshot_20260526_074348_Photos.png	mozjpeg	420	75	model_proj	37.212	73.340	1.2528	Mozjpeg	75.0
photos	Screenshot_20260526_074348_Photos.png	mozjpeg	420	90	identity_off	39.853	82.912	0.8618	Mozjpeg	90.0
photos	Screenshot_20260526_074348_Photos.png	mozjpeg	420	90	identity_auto	39.831	82.845	0.8781	Mozjpeg	90.0
photos	Screenshot_20260526_074348_Photos.png	mozjpeg	420	90	model_off	39.980	83.057	0.8493	Mozjpeg	90.0
photos	Screenshot_20260526_074348_Photos.png	mozjpeg	420	90	model_auto	39.909	82.824	0.8691	Mozjpeg	90.0
photos	Screenshot_20260526_074348_Photos.png	mozjpeg	420	90	model_policy	39.967	83.098	0.8509	Mozjpeg	90.0
photos	Screenshot_20260526_074348_Photos.png	mozjpeg	420	90	model_proj	39.967	83.063	0.8506	Mozjpeg	90.0
photos	Screenshot_20260526_074348_Photos.png	mozjpeg	444	15	identity_off	31.201	15.309	3.1296	Mozjpeg	15.0
photos	Screenshot_20260526_074348_Photos.png	mozjpeg	444	15	identity_auto	31.423	22.833	3.0698	Mozjpeg	15.0
photos	Screenshot_20260526_074348_Photos.png	mozjpeg	444	15	model_off	31.848	28.918	2.9711	Mozjpeg	15.0
photos	Screenshot_20260526_074348_Photos.png	mozjpeg	444	15	model_auto	31.769	28.720	3.0157	Mozjpeg	15.0
photos	Screenshot_20260526_074348_Photos.png	mozjpeg	444	15	model_policy	31.671	31.730	3.0623	Mozjpeg	15.0
photos	Screenshot_20260526_074348_Photos.png	mozjpeg	444	15	model_proj	31.671	31.726	3.0591	Mozjpeg	15.0
photos	Screenshot_20260526_074348_Photos.png	mozjpeg	444	35	identity_off	34.147	50.506	1.9558	Mozjpeg	35.0
photos	Screenshot_20260526_074348_Photos.png	mozjpeg	444	35	identity_auto	34.296	53.934	1.9192	Mozjpeg	35.0
photos	Screenshot_20260526_074348_Photos.png	mozjpeg	444	35	model_off	34.692	56.793	1.8308	Mozjpeg	35.0
photos	Screenshot_20260526_074348_Photos.png	mozjpeg	444	35	model_auto	34.643	56.268	1.8495	Mozjpeg	35.0
photos	Screenshot_20260526_074348_Photos.png	mozjpeg	444	35	model_policy	34.694	56.740	1.8273	Mozjpeg	35.0
photos	Screenshot_20260526_074348_Photos.png	mozjpeg	444	35	model_proj	34.696	56.744	1.8278	Mozjpeg	35.0
photos	Screenshot_20260526_074348_Photos.png	mozjpeg	444	55	identity_off	35.383	62.256	1.6148	Mozjpeg	55.0
photos	Screenshot_20260526_074348_Photos.png	mozjpeg	444	55	identity_auto	35.492	63.732	1.6001	Mozjpeg	55.0
photos	Screenshot_20260526_074348_Photos.png	mozjpeg	444	55	model_off	35.812	64.810	1.5457	Mozjpeg	55.0
photos	Screenshot_20260526_074348_Photos.png	mozjpeg	444	55	model_auto	35.750	64.204	1.5598	Mozjpeg	55.0
photos	Screenshot_20260526_074348_Photos.png	mozjpeg	444	55	model_policy	35.789	64.800	1.5495	Mozjpeg	55.0
photos	Screenshot_20260526_074348_Photos.png	mozjpeg	444	55	model_proj	35.791	64.843	1.5491	Mozjpeg	55.0
photos	Screenshot_20260526_074348_Photos.png	mozjpeg	444	75	identity_off	37.015	73.796	1.2798	Mozjpeg	75.0
photos	Screenshot_20260526_074348_Photos.png	mozjpeg	444	75	identity_auto	37.045	73.486	1.2862	Mozjpeg	75.0
photos	Screenshot_20260526_074348_Photos.png	mozjpeg	444	75	model_off	37.279	73.997	1.2524	Mozjpeg	75.0
photos	Screenshot_20260526_074348_Photos.png	mozjpeg	444	75	model_auto	37.189	73.184	1.2725	Mozjpeg	75.0
photos	Screenshot_20260526_074348_Photos.png	mozjpeg	444	75	model_policy	37.291	74.183	1.2494	Mozjpeg	75.0
photos	Screenshot_20260526_074348_Photos.png	mozjpeg	444	75	model_proj	37.291	74.146	1.2494	Mozjpeg	75.0
photos	Screenshot_20260526_074348_Photos.png	mozjpeg	444	90	identity_off	39.955	83.812	0.8586	Mozjpeg	90.0
photos	Screenshot_20260526_074348_Photos.png	mozjpeg	444	90	identity_auto	39.935	83.666	0.8748	Mozjpeg	90.0
photos	Screenshot_20260526_074348_Photos.png	mozjpeg	444	90	model_off	40.080	83.745	0.8466	Mozjpeg	90.0
photos	Screenshot_20260526_074348_Photos.png	mozjpeg	444	90	model_auto	40.011	83.545	0.8663	Mozjpeg	90.0
photos	Screenshot_20260526_074348_Photos.png	mozjpeg	444	90	model_policy	40.067	83.736	0.8483	Mozjpeg	90.0
photos	Screenshot_20260526_074348_Photos.png	mozjpeg	444	90	model_proj	40.066	83.810	0.8478	Mozjpeg	90.0
photos	Screenshot_20260526_074348_Photos.png	jpegli	420	15	identity_off	32.676	40.755	2.3417	CjpegliYcbcr	14.2
photos	Screenshot_20260526_074348_Photos.png	jpegli	420	15	identity_auto	32.851	44.515	2.3121	CjpegliYcbcr	14.2
photos	Screenshot_20260526_074348_Photos.png	jpegli	420	15	model_off	33.351	50.151	2.2122	CjpegliYcbcr	14.2
photos	Screenshot_20260526_074348_Photos.png	jpegli	420	15	model_auto	33.341	49.276	2.2445	CjpegliYcbcr	14.2
photos	Screenshot_20260526_074348_Photos.png	jpegli	420	15	model_policy	33.369	50.446	2.1993	CjpegliYcbcr	14.2
photos	Screenshot_20260526_074348_Photos.png	jpegli	420	15	model_proj	33.369	50.450	2.1991	CjpegliYcbcr	14.2
photos	Screenshot_20260526_074348_Photos.png	jpegli	420	35	identity_off	34.690	59.580	1.7478	CjpegliYcbcr	7.2
photos	Screenshot_20260526_074348_Photos.png	jpegli	420	35	identity_auto	34.816	60.924	1.7236	CjpegliYcbcr	7.2
photos	Screenshot_20260526_074348_Photos.png	jpegli	420	35	model_off	35.126	62.002	1.6704	CjpegliYcbcr	7.2
photos	Screenshot_20260526_074348_Photos.png	jpegli	420	35	model_auto	35.103	61.737	1.6771	CjpegliYcbcr	7.2
photos	Screenshot_20260526_074348_Photos.png	jpegli	420	35	model_policy	35.112	62.216	1.6741	CjpegliYcbcr	7.2
photos	Screenshot_20260526_074348_Photos.png	jpegli	420	35	model_proj	35.112	62.210	1.6739	CjpegliYcbcr	7.2
photos	Screenshot_20260526_074348_Photos.png	jpegli	420	55	identity_off	35.571	65.082	1.5681	CjpegliYcbcr	5.2
photos	Screenshot_20260526_074348_Photos.png	jpegli	420	55	identity_auto	35.667	65.875	1.5555	CjpegliYcbcr	5.2
photos	Screenshot_20260526_074348_Photos.png	jpegli	420	55	model_off	35.900	66.203	1.5172	CjpegliYcbcr	5.2
photos	Screenshot_20260526_074348_Photos.png	jpegli	420	55	model_auto	35.868	66.004	1.5228	CjpegliYcbcr	5.2
photos	Screenshot_20260526_074348_Photos.png	jpegli	420	55	model_policy	35.896	66.708	1.5113	CjpegliYcbcr	5.2
photos	Screenshot_20260526_074348_Photos.png	jpegli	420	55	model_proj	35.897	66.704	1.5112	CjpegliYcbcr	5.2
photos	Screenshot_20260526_074348_Photos.png	jpegli	420	75	identity_off	37.020	71.905	1.3206	CjpegliYcbcr	3.0
photos	Screenshot_20260526_074348_Photos.png	jpegli	420	75	identity_auto	37.066	71.888	1.3288	CjpegliYcbcr	3.0
photos	Screenshot_20260526_074348_Photos.png	jpegli	420	75	model_off	37.207	72.048	1.3117	CjpegliYcbcr	3.0
photos	Screenshot_20260526_074348_Photos.png	jpegli	420	75	model_auto	37.160	71.502	1.3244	CjpegliYcbcr	3.0
photos	Screenshot_20260526_074348_Photos.png	jpegli	420	75	model_policy	37.209	72.239	1.3127	CjpegliYcbcr	3.0
photos	Screenshot_20260526_074348_Photos.png	jpegli	420	75	model_proj	37.210	72.250	1.3098	CjpegliYcbcr	3.0
photos	Screenshot_20260526_074348_Photos.png	jpegli	420	90	identity_off	40.260	82.164	0.8628	CjpegliYcbcr	1.3
photos	Screenshot_20260526_074348_Photos.png	jpegli	420	90	identity_auto	40.244	82.049	0.8794	CjpegliYcbcr	1.3
photos	Screenshot_20260526_074348_Photos.png	jpegli	420	90	model_off	40.333	82.274	0.8568	CjpegliYcbcr	1.3
photos	Screenshot_20260526_074348_Photos.png	jpegli	420	90	model_auto	40.281	82.031	0.8756	CjpegliYcbcr	1.3
photos	Screenshot_20260526_074348_Photos.png	jpegli	420	90	model_policy	40.309	82.196	0.8597	CjpegliYcbcr	1.3
photos	Screenshot_20260526_074348_Photos.png	jpegli	420	90	model_proj	40.285	82.271	0.8639	CjpegliYcbcr	1.3
photos	Screenshot_20260526_074348_Photos.png	jpegli	444	15	identity_off	32.654	43.795	2.3630	CjpegliYcbcr	11.8
photos	Screenshot_20260526_074348_Photos.png	jpegli	444	15	identity_auto	32.843	47.120	2.3422	CjpegliYcbcr	11.8
photos	Screenshot_20260526_074348_Photos.png	jpegli	444	15	model_off	33.173	50.236	2.3113	CjpegliYcbcr	11.8
photos	Screenshot_20260526_074348_Photos.png	jpegli	444	15	model_auto	33.119	49.805	2.3395	CjpegliYcbcr	11.8
photos	Screenshot_20260526_074348_Photos.png	jpegli	444	15	model_policy	32.982	50.103	2.4121	CjpegliYcbcr	11.8
photos	Screenshot_20260526_074348_Photos.png	jpegli	444	15	model_proj	32.982	50.123	2.4120	CjpegliYcbcr	11.8
photos	Screenshot_20260526_074348_Photos.png	jpegli	444	35	identity_off	34.854	61.970	1.7253	CjpegliYcbcr	6.0
photos	Screenshot_20260526_074348_Photos.png	jpegli	444	35	identity_auto	34.980	63.185	1.7073	CjpegliYcbcr	6.0
photos	Screenshot_20260526_074348_Photos.png	jpegli	444	35	model_off	35.283	63.928	1.6621	CjpegliYcbcr	6.0
photos	Screenshot_20260526_074348_Photos.png	jpegli	444	35	model_auto	35.278	63.583	1.6678	CjpegliYcbcr	6.0
photos	Screenshot_20260526_074348_Photos.png	jpegli	444	35	model_policy	35.296	64.379	1.6580	CjpegliYcbcr	6.0
photos	Screenshot_20260526_074348_Photos.png	jpegli	444	35	model_proj	35.296	64.385	1.6578	CjpegliYcbcr	6.0
photos	Screenshot_20260526_074348_Photos.png	jpegli	444	55	identity_off	35.907	67.416	1.5145	CjpegliYcbcr	4.1
photos	Screenshot_20260526_074348_Photos.png	jpegli	444	55	identity_auto	36.002	67.713	1.5108	CjpegliYcbcr	4.1
photos	Screenshot_20260526_074348_Photos.png	jpegli	444	55	model_off	36.221	68.053	1.4839	CjpegliYcbcr	4.1
photos	Screenshot_20260526_074348_Photos.png	jpegli	444	55	model_auto	36.175	67.426	1.4943	CjpegliYcbcr	4.1
photos	Screenshot_20260526_074348_Photos.png	jpegli	444	55	model_policy	36.218	68.528	1.4811	CjpegliYcbcr	4.1
photos	Screenshot_20260526_074348_Photos.png	jpegli	444	55	model_proj	36.219	68.500	1.4807	CjpegliYcbcr	4.1
photos	Screenshot_20260526_074348_Photos.png	jpegli	444	75	identity_off	37.340	74.112	1.3054	CjpegliYcbcr	2.3
photos	Screenshot_20260526_074348_Photos.png	jpegli	444	75	identity_auto	37.396	73.749	1.3310	CjpegliYcbcr	2.3
photos	Screenshot_20260526_074348_Photos.png	jpegli	444	75	model_off	37.529	74.339	1.2919	CjpegliYcbcr	2.3
photos	Screenshot_20260526_074348_Photos.png	jpegli	444	75	model_auto	37.478	73.767	1.3232	CjpegliYcbcr	2.3
photos	Screenshot_20260526_074348_Photos.png	jpegli	444	75	model_policy	37.517	74.448	1.2948	CjpegliYcbcr	2.3
photos	Screenshot_20260526_074348_Photos.png	jpegli	444	75	model_proj	37.517	74.398	1.2947	CjpegliYcbcr	2.3
photos	Screenshot_20260526_074348_Photos.png	jpegli	444	90	identity_off	41.193	84.091	0.7880	CjpegliYcbcr	1.1
photos	Screenshot_20260526_074348_Photos.png	jpegli	444	90	identity_auto	41.164	83.975	0.8166	CjpegliYcbcr	1.1
photos	Screenshot_20260526_074348_Photos.png	jpegli	444	90	model_off	41.252	84.177	0.7845	CjpegliYcbcr	1.1
photos	Screenshot_20260526_074348_Photos.png	jpegli	444	90	model_auto	41.195	83.978	0.8140	CjpegliYcbcr	1.1
photos	Screenshot_20260526_074348_Photos.png	jpegli	444	90	model_policy	41.227	84.064	0.7864	CjpegliYcbcr	1.1
photos	Screenshot_20260526_074348_Photos.png	jpegli	444	90	model_proj	41.239	84.233	0.7860	CjpegliYcbcr	1.1
photos	Screenshot_20260526_074348_Photos.png	zenjpeg	420	15	identity_off	32.648	40.577	2.3481	CjpegliYcbcr	14.2
photos	Screenshot_20260526_074348_Photos.png	zenjpeg	420	15	identity_auto	32.822	44.043	2.3202	CjpegliYcbcr	14.2
photos	Screenshot_20260526_074348_Photos.png	zenjpeg	420	15	model_off	33.323	49.576	2.2231	CjpegliYcbcr	14.2
photos	Screenshot_20260526_074348_Photos.png	zenjpeg	420	15	model_auto	33.317	48.660	2.2528	CjpegliYcbcr	14.2
photos	Screenshot_20260526_074348_Photos.png	zenjpeg	420	15	model_policy	33.338	49.790	2.2159	CjpegliYcbcr	14.2
photos	Screenshot_20260526_074348_Photos.png	zenjpeg	420	15	model_proj	33.338	49.822	2.2158	CjpegliYcbcr	14.2
photos	Screenshot_20260526_074348_Photos.png	zenjpeg	420	35	identity_off	34.646	59.530	1.7539	CjpegliYcbcr	7.2
photos	Screenshot_20260526_074348_Photos.png	zenjpeg	420	35	identity_auto	34.774	60.794	1.7300	CjpegliYcbcr	7.2
photos	Screenshot_20260526_074348_Photos.png	zenjpeg	420	35	model_off	35.084	61.916	1.6751	CjpegliYcbcr	7.2
photos	Screenshot_20260526_074348_Photos.png	zenjpeg	420	35	model_auto	35.064	61.602	1.6817	CjpegliYcbcr	7.2
photos	Screenshot_20260526_074348_Photos.png	zenjpeg	420	35	model_policy	35.078	62.114	1.6758	CjpegliYcbcr	7.2
photos	Screenshot_20260526_074348_Photos.png	zenjpeg	420	35	model_proj	35.079	62.138	1.6756	CjpegliYcbcr	7.2
photos	Screenshot_20260526_074348_Photos.png	zenjpeg	420	55	identity_off	35.492	64.950	1.5947	CjpegliYcbcr	5.2
photos	Screenshot_20260526_074348_Photos.png	zenjpeg	420	55	identity_auto	35.591	65.840	1.5812	CjpegliYcbcr	5.2
photos	Screenshot_20260526_074348_Photos.png	zenjpeg	420	55	model_off	35.816	66.187	1.5486	CjpegliYcbcr	5.2
photos	Screenshot_20260526_074348_Photos.png	zenjpeg	420	55	model_auto	35.775	65.905	1.5583	CjpegliYcbcr	5.2
photos	Screenshot_20260526_074348_Photos.png	zenjpeg	420	55	model_policy	35.783	66.605	1.5584	CjpegliYcbcr	5.2
photos	Screenshot_20260526_074348_Photos.png	zenjpeg	420	55	model_proj	35.783	66.618	1.5583	CjpegliYcbcr	5.2
photos	Screenshot_20260526_074348_Photos.png	zenjpeg	420	75	identity_off	36.995	71.934	1.3201	CjpegliYcbcr	3.0
photos	Screenshot_20260526_074348_Photos.png	zenjpeg	420	75	identity_auto	37.043	71.930	1.3284	CjpegliYcbcr	3.0
photos	Screenshot_20260526_074348_Photos.png	zenjpeg	420	75	model_off	37.186	72.000	1.3091	CjpegliYcbcr	3.0
photos	Screenshot_20260526_074348_Photos.png	zenjpeg	420	75	model_auto	37.138	71.558	1.3233	CjpegliYcbcr	3.0
photos	Screenshot_20260526_074348_Photos.png	zenjpeg	420	75	model_policy	37.187	72.257	1.3067	CjpegliYcbcr	3.0
photos	Screenshot_20260526_074348_Photos.png	zenjpeg	420	75	model_proj	37.188	72.300	1.3056	CjpegliYcbcr	3.0
photos	Screenshot_20260526_074348_Photos.png	zenjpeg	420	90	identity_off	40.237	82.101	0.8628	CjpegliYcbcr	1.3
photos	Screenshot_20260526_074348_Photos.png	zenjpeg	420	90	identity_auto	40.226	82.013	0.8783	CjpegliYcbcr	1.3
photos	Screenshot_20260526_074348_Photos.png	zenjpeg	420	90	model_off	40.308	82.167	0.8567	CjpegliYcbcr	1.3
photos	Screenshot_20260526_074348_Photos.png	zenjpeg	420	90	model_auto	40.260	81.961	0.8749	CjpegliYcbcr	1.3
photos	Screenshot_20260526_074348_Photos.png	zenjpeg	420	90	model_policy	40.287	82.013	0.8594	CjpegliYcbcr	1.3
photos	Screenshot_20260526_074348_Photos.png	zenjpeg	420	90	model_proj	40.210	82.176	0.8751	CjpegliYcbcr	1.3
photos	Screenshot_20260526_074348_Photos.png	zenjpeg	444	15	identity_off	32.627	43.864	2.3650	CjpegliYcbcr	11.8
photos	Screenshot_20260526_074348_Photos.png	zenjpeg	444	15	identity_auto	32.817	47.210	2.3433	CjpegliYcbcr	11.8
photos	Screenshot_20260526_074348_Photos.png	zenjpeg	444	15	model_off	33.150	50.394	2.3104	CjpegliYcbcr	11.8
photos	Screenshot_20260526_074348_Photos.png	zenjpeg	444	15	model_auto	33.095	49.977	2.3392	CjpegliYcbcr	11.8
photos	Screenshot_20260526_074348_Photos.png	zenjpeg	444	15	model_policy	32.956	50.343	2.4106	CjpegliYcbcr	11.8
photos	Screenshot_20260526_074348_Photos.png	zenjpeg	444	15	model_proj	32.957	50.353	2.4105	CjpegliYcbcr	11.8
photos	Screenshot_20260526_074348_Photos.png	zenjpeg	444	35	identity_off	34.832	61.758	1.7477	CjpegliYcbcr	6.0
photos	Screenshot_20260526_074348_Photos.png	zenjpeg	444	35	identity_auto	34.948	62.867	1.7298	CjpegliYcbcr	6.0
photos	Screenshot_20260526_074348_Photos.png	zenjpeg	444	35	model_off	35.237	63.619	1.6857	CjpegliYcbcr	6.0
photos	Screenshot_20260526_074348_Photos.png	zenjpeg	444	35	model_auto	35.234	63.327	1.6903	CjpegliYcbcr	6.0
photos	Screenshot_20260526_074348_Photos.png	zenjpeg	444	35	model_policy	35.248	64.030	1.6828	CjpegliYcbcr	6.0
photos	Screenshot_20260526_074348_Photos.png	zenjpeg	444	35	model_proj	35.249	64.046	1.6826	CjpegliYcbcr	6.0
photos	Screenshot_20260526_074348_Photos.png	zenjpeg	444	55	identity_off	35.867	67.404	1.5152	CjpegliYcbcr	4.1
photos	Screenshot_20260526_074348_Photos.png	zenjpeg	444	55	identity_auto	35.963	67.746	1.5119	CjpegliYcbcr	4.1
photos	Screenshot_20260526_074348_Photos.png	zenjpeg	444	55	model_off	36.177	67.870	1.4853	CjpegliYcbcr	4.1
photos	Screenshot_20260526_074348_Photos.png	zenjpeg	444	55	model_auto	36.127	67.265	1.4970	CjpegliYcbcr	4.1
photos	Screenshot_20260526_074348_Photos.png	zenjpeg	444	55	model_policy	36.177	68.438	1.4797	CjpegliYcbcr	4.1
photos	Screenshot_20260526_074348_Photos.png	zenjpeg	444	55	model_proj	36.177	68.409	1.4797	CjpegliYcbcr	4.1
photos	Screenshot_20260526_074348_Photos.png	zenjpeg	444	75	identity_off	37.306	74.043	1.3125	CjpegliYcbcr	2.3
photos	Screenshot_20260526_074348_Photos.png	zenjpeg	444	75	identity_auto	37.364	73.615	1.3376	CjpegliYcbcr	2.3
photos	Screenshot_20260526_074348_Photos.png	zenjpeg	444	75	model_off	37.493	74.282	1.2992	CjpegliYcbcr	2.3
photos	Screenshot_20260526_074348_Photos.png	zenjpeg	444	75	model_auto	37.443	73.590	1.3296	CjpegliYcbcr	2.3
photos	Screenshot_20260526_074348_Photos.png	zenjpeg	444	75	model_policy	37.480	74.224	1.3022	CjpegliYcbcr	2.3
photos	Screenshot_20260526_074348_Photos.png	zenjpeg	444	75	model_proj	37.480	74.250	1.3021	CjpegliYcbcr	2.3
photos	Screenshot_20260526_074348_Photos.png	zenjpeg	444	90	identity_off	41.226	84.218	0.7570	CjpegliYcbcr	1.1
photos	Screenshot_20260526_074348_Photos.png	zenjpeg	444	90	identity_auto	41.196	84.166	0.7771	CjpegliYcbcr	1.1
photos	Screenshot_20260526_074348_Photos.png	zenjpeg	444	90	model_off	41.287	84.334	0.7529	CjpegliYcbcr	1.1
photos	Screenshot_20260526_074348_Photos.png	zenjpeg	444	90	model_auto	41.226	84.138	0.7748	CjpegliYcbcr	1.1
photos	Screenshot_20260526_074348_Photos.png	zenjpeg	444	90	model_policy	41.260	84.166	0.7554	CjpegliYcbcr	1.1
photos	Screenshot_20260526_074348_Photos.png	zenjpeg	444	90	model_proj	41.268	84.272	0.7554	CjpegliYcbcr	1.1
people	alexander-aguero-EnppVuXbcCE-unsplash.jpg	turbo	420	15	identity_off	34.096	-1.538	2.9043	Unknown	15.0
people	alexander-aguero-EnppVuXbcCE-unsplash.jpg	turbo	420	15	identity_auto	34.469	11.259	2.7210	Unknown	15.0
people	alexander-aguero-EnppVuXbcCE-unsplash.jpg	turbo	420	15	model_off	35.315	19.088	2.5779	Unknown	15.0
people	alexander-aguero-EnppVuXbcCE-unsplash.jpg	turbo	420	15	model_auto	35.239	18.958	2.5821	Unknown	15.0
people	alexander-aguero-EnppVuXbcCE-unsplash.jpg	turbo	420	15	model_policy	35.348	20.484	2.5753	Unknown	15.0
people	alexander-aguero-EnppVuXbcCE-unsplash.jpg	turbo	420	15	model_proj	35.348	20.480	2.5753	Unknown	15.0
people	alexander-aguero-EnppVuXbcCE-unsplash.jpg	turbo	420	35	identity_off	37.742	48.393	1.6640	ImageMagick	35.0
people	alexander-aguero-EnppVuXbcCE-unsplash.jpg	turbo	420	35	identity_auto	37.976	52.107	1.5960	ImageMagick	35.0
people	alexander-aguero-EnppVuXbcCE-unsplash.jpg	turbo	420	35	model_off	38.586	54.681	1.5534	ImageMagick	35.0
people	alexander-aguero-EnppVuXbcCE-unsplash.jpg	turbo	420	35	model_auto	38.462	54.100	1.5677	ImageMagick	35.0
people	alexander-aguero-EnppVuXbcCE-unsplash.jpg	turbo	420	35	model_policy	38.573	54.899	1.5538	ImageMagick	35.0
people	alexander-aguero-EnppVuXbcCE-unsplash.jpg	turbo	420	35	model_proj	38.573	54.901	1.5537	ImageMagick	35.0
people	alexander-aguero-EnppVuXbcCE-unsplash.jpg	turbo	420	55	identity_off	39.387	65.282	1.2765	ImageMagick	55.0
people	alexander-aguero-EnppVuXbcCE-unsplash.jpg	turbo	420	55	identity_auto	39.532	65.366	1.2487	ImageMagick	55.0
people	alexander-aguero-EnppVuXbcCE-unsplash.jpg	turbo	420	55	model_off	40.146	67.942	1.1919	ImageMagick	55.0
people	alexander-aguero-EnppVuXbcCE-unsplash.jpg	turbo	420	55	model_auto	39.886	66.394	1.2249	ImageMagick	55.0
people	alexander-aguero-EnppVuXbcCE-unsplash.jpg	turbo	420	55	model_policy	40.134	68.041	1.1905	ImageMagick	55.0
people	alexander-aguero-EnppVuXbcCE-unsplash.jpg	turbo	420	55	model_proj	40.134	68.035	1.1904	ImageMagick	55.0
people	alexander-aguero-EnppVuXbcCE-unsplash.jpg	turbo	420	75	identity_off	41.648	77.435	0.9050	ImageMagick	75.0
people	alexander-aguero-EnppVuXbcCE-unsplash.jpg	turbo	420	75	identity_auto	41.729	76.443	0.8991	ImageMagick	75.0
people	alexander-aguero-EnppVuXbcCE-unsplash.jpg	turbo	420	75	model_off	42.299	78.466	0.8499	ImageMagick	75.0
people	alexander-aguero-EnppVuXbcCE-unsplash.jpg	turbo	420	75	model_auto	41.965	76.846	0.8859	ImageMagick	75.0
people	alexander-aguero-EnppVuXbcCE-unsplash.jpg	turbo	420	75	model_policy	42.359	78.615	0.8411	ImageMagick	75.0
people	alexander-aguero-EnppVuXbcCE-unsplash.jpg	turbo	420	75	model_proj	42.367	78.599	0.8405	ImageMagick	75.0
people	alexander-aguero-EnppVuXbcCE-unsplash.jpg	turbo	420	90	identity_off	45.222	88.252	0.5373	ImageMagick	90.0
people	alexander-aguero-EnppVuXbcCE-unsplash.jpg	turbo	420	90	identity_auto	45.094	87.954	0.5608	ImageMagick	90.0
people	alexander-aguero-EnppVuXbcCE-unsplash.jpg	turbo	420	90	model_off	45.624	88.434	0.5197	ImageMagick	90.0
people	alexander-aguero-EnppVuXbcCE-unsplash.jpg	turbo	420	90	model_auto	45.338	88.071	0.5507	ImageMagick	90.0
people	alexander-aguero-EnppVuXbcCE-unsplash.jpg	turbo	420	90	model_policy	45.725	88.343	0.5103	ImageMagick	90.0
people	alexander-aguero-EnppVuXbcCE-unsplash.jpg	turbo	420	90	model_proj	45.722	88.385	0.5114	ImageMagick	90.0
people	alexander-aguero-EnppVuXbcCE-unsplash.jpg	turbo	444	15	identity_off	34.153	-0.937	2.8864	Unknown	15.0
people	alexander-aguero-EnppVuXbcCE-unsplash.jpg	turbo	444	15	identity_auto	34.681	12.995	2.6901	Unknown	15.0
people	alexander-aguero-EnppVuXbcCE-unsplash.jpg	turbo	444	15	model_off	35.479	19.470	2.5446	Unknown	15.0
people	alexander-aguero-EnppVuXbcCE-unsplash.jpg	turbo	444	15	model_auto	35.437	19.498	2.5460	Unknown	15.0
people	alexander-aguero-EnppVuXbcCE-unsplash.jpg	turbo	444	15	model_policy	35.540	21.015	2.5377	Unknown	15.0
people	alexander-aguero-EnppVuXbcCE-unsplash.jpg	turbo	444	15	model_proj	35.541	21.020	2.5375	Unknown	15.0
people	alexander-aguero-EnppVuXbcCE-unsplash.jpg	turbo	444	35	identity_off	37.918	49.726	1.6549	ImageMagick	35.0
people	alexander-aguero-EnppVuXbcCE-unsplash.jpg	turbo	444	35	identity_auto	38.291	54.082	1.5787	ImageMagick	35.0
people	alexander-aguero-EnppVuXbcCE-unsplash.jpg	turbo	444	35	model_off	38.844	55.679	1.5399	ImageMagick	35.0
people	alexander-aguero-EnppVuXbcCE-unsplash.jpg	turbo	444	35	model_auto	38.752	55.351	1.5530	ImageMagick	35.0
people	alexander-aguero-EnppVuXbcCE-unsplash.jpg	turbo	444	35	model_policy	38.832	55.887	1.5400	ImageMagick	35.0
people	alexander-aguero-EnppVuXbcCE-unsplash.jpg	turbo	444	35	model_proj	38.835	55.904	1.5399	ImageMagick	35.0
people	alexander-aguero-EnppVuXbcCE-unsplash.jpg	turbo	444	55	identity_off	39.615	66.739	1.2742	ImageMagick	55.0
people	alexander-aguero-EnppVuXbcCE-unsplash.jpg	turbo	444	55	identity_auto	39.846	67.228	1.2403	ImageMagick	55.0
people	alexander-aguero-EnppVuXbcCE-unsplash.jpg	turbo	444	55	model_off	40.393	69.097	1.1911	ImageMagick	55.0
people	alexander-aguero-EnppVuXbcCE-unsplash.jpg	turbo	444	55	model_auto	40.163	67.870	1.2191	ImageMagick	55.0
people	alexander-aguero-EnppVuXbcCE-unsplash.jpg	turbo	444	55	model_policy	40.379	69.222	1.1896	ImageMagick	55.0
people	alexander-aguero-EnppVuXbcCE-unsplash.jpg	turbo	444	55	model_proj	40.384	69.229	1.1888	ImageMagick	55.0
people	alexander-aguero-EnppVuXbcCE-unsplash.jpg	turbo	444	75	identity_off	42.044	78.808	0.8950	ImageMagick	75.0
people	alexander-aguero-EnppVuXbcCE-unsplash.jpg	turbo	444	75	identity_auto	42.198	78.020	0.8837	ImageMagick	75.0
people	alexander-aguero-EnppVuXbcCE-unsplash.jpg	turbo	444	75	model_off	42.744	79.782	0.8374	ImageMagick	75.0
people	alexander-aguero-EnppVuXbcCE-unsplash.jpg	turbo	444	75	model_auto	42.407	78.256	0.8716	ImageMagick	75.0
people	alexander-aguero-EnppVuXbcCE-unsplash.jpg	turbo	444	75	model_policy	42.785	79.857	0.8295	ImageMagick	75.0
people	alexander-aguero-EnppVuXbcCE-unsplash.jpg	turbo	444	75	model_proj	42.799	79.937	0.8284	ImageMagick	75.0
people	alexander-aguero-EnppVuXbcCE-unsplash.jpg	turbo	444	90	identity_off	46.125	90.398	0.5202	ImageMagick	90.0
people	alexander-aguero-EnppVuXbcCE-unsplash.jpg	turbo	444	90	identity_auto	45.962	90.048	0.5446	ImageMagick	90.0
people	alexander-aguero-EnppVuXbcCE-unsplash.jpg	turbo	444	90	model_off	46.484	90.458	0.5032	ImageMagick	90.0
people	alexander-aguero-EnppVuXbcCE-unsplash.jpg	turbo	444	90	model_auto	46.132	90.046	0.5354	ImageMagick	90.0
people	alexander-aguero-EnppVuXbcCE-unsplash.jpg	turbo	444	90	model_policy	46.555	90.321	0.4942	ImageMagick	90.0
people	alexander-aguero-EnppVuXbcCE-unsplash.jpg	turbo	444	90	model_proj	46.506	90.130	0.4963	ImageMagick	90.0
people	alexander-aguero-EnppVuXbcCE-unsplash.jpg	mozjpeg	420	15	identity_off	33.928	-7.309	3.1942	Mozjpeg	15.0
people	alexander-aguero-EnppVuXbcCE-unsplash.jpg	mozjpeg	420	15	identity_auto	34.265	2.345	3.0298	Mozjpeg	15.0
people	alexander-aguero-EnppVuXbcCE-unsplash.jpg	mozjpeg	420	15	model_off	34.878	6.782	2.9269	Mozjpeg	15.0
people	alexander-aguero-EnppVuXbcCE-unsplash.jpg	mozjpeg	420	15	model_auto	34.819	6.074	2.9405	Mozjpeg	15.0
people	alexander-aguero-EnppVuXbcCE-unsplash.jpg	mozjpeg	420	15	model_policy	34.895	6.790	2.9374	Mozjpeg	15.0
people	alexander-aguero-EnppVuXbcCE-unsplash.jpg	mozjpeg	420	15	model_proj	34.895	6.787	2.9374	Mozjpeg	15.0
people	alexander-aguero-EnppVuXbcCE-unsplash.jpg	mozjpeg	420	35	identity_off	36.950	39.377	1.9648	Mozjpeg	35.0
people	alexander-aguero-EnppVuXbcCE-unsplash.jpg	mozjpeg	420	35	identity_auto	37.177	42.739	1.8982	Mozjpeg	35.0
people	alexander-aguero-EnppVuXbcCE-unsplash.jpg	mozjpeg	420	35	model_off	37.560	44.143	1.8724	Mozjpeg	35.0
people	alexander-aguero-EnppVuXbcCE-unsplash.jpg	mozjpeg	420	35	model_auto	37.519	43.593	1.8837	Mozjpeg	35.0
people	alexander-aguero-EnppVuXbcCE-unsplash.jpg	mozjpeg	420	35	model_policy	37.564	44.348	1.8689	Mozjpeg	35.0
people	alexander-aguero-EnppVuXbcCE-unsplash.jpg	mozjpeg	420	35	model_proj	37.564	44.344	1.8689	Mozjpeg	35.0
people	alexander-aguero-EnppVuXbcCE-unsplash.jpg	mozjpeg	420	55	identity_off	38.542	59.103	1.4840	Mozjpeg	55.0
people	alexander-aguero-EnppVuXbcCE-unsplash.jpg	mozjpeg	420	55	identity_auto	38.673	59.228	1.4631	Mozjpeg	55.0
people	alexander-aguero-EnppVuXbcCE-unsplash.jpg	mozjpeg	420	55	model_off	39.030	61.065	1.4294	Mozjpeg	55.0
people	alexander-aguero-EnppVuXbcCE-unsplash.jpg	mozjpeg	420	55	model_auto	38.934	59.843	1.4456	Mozjpeg	55.0
people	alexander-aguero-EnppVuXbcCE-unsplash.jpg	mozjpeg	420	55	model_policy	39.024	61.034	1.4291	Mozjpeg	55.0
people	alexander-aguero-EnppVuXbcCE-unsplash.jpg	mozjpeg	420	55	model_proj	39.024	61.034	1.4291	Mozjpeg	55.0
people	alexander-aguero-EnppVuXbcCE-unsplash.jpg	mozjpeg	420	75	identity_off	40.608	74.106	1.0669	Mozjpeg	75.0
people	alexander-aguero-EnppVuXbcCE-unsplash.jpg	mozjpeg	420	75	identity_auto	40.675	72.895	1.0606	Mozjpeg	75.0
people	alexander-aguero-EnppVuXbcCE-unsplash.jpg	mozjpeg	420	75	model_off	41.016	74.724	1.0261	Mozjpeg	75.0
people	alexander-aguero-EnppVuXbcCE-unsplash.jpg	mozjpeg	420	75	model_auto	40.839	73.212	1.0530	Mozjpeg	75.0
people	alexander-aguero-EnppVuXbcCE-unsplash.jpg	mozjpeg	420	75	model_policy	40.986	74.764	1.0295	Mozjpeg	75.0
people	alexander-aguero-EnppVuXbcCE-unsplash.jpg	mozjpeg	420	75	model_proj	40.987	74.760	1.0294	Mozjpeg	75.0
people	alexander-aguero-EnppVuXbcCE-unsplash.jpg	mozjpeg	420	90	identity_off	44.455	87.147	0.6124	Mozjpeg	90.0
people	alexander-aguero-EnppVuXbcCE-unsplash.jpg	mozjpeg	420	90	identity_auto	44.372	86.871	0.6316	Mozjpeg	90.0
people	alexander-aguero-EnppVuXbcCE-unsplash.jpg	mozjpeg	420	90	model_off	44.787	87.262	0.5930	Mozjpeg	90.0
people	alexander-aguero-EnppVuXbcCE-unsplash.jpg	mozjpeg	420	90	model_auto	44.587	86.945	0.6176	Mozjpeg	90.0
people	alexander-aguero-EnppVuXbcCE-unsplash.jpg	mozjpeg	420	90	model_policy	44.709	86.996	0.5961	Mozjpeg	90.0
people	alexander-aguero-EnppVuXbcCE-unsplash.jpg	mozjpeg	420	90	model_proj	44.713	87.038	0.5950	Mozjpeg	90.0
people	alexander-aguero-EnppVuXbcCE-unsplash.jpg	mozjpeg	444	15	identity_off	33.991	-6.457	3.1708	Mozjpeg	15.0
people	alexander-aguero-EnppVuXbcCE-unsplash.jpg	mozjpeg	444	15	identity_auto	34.446	4.085	2.9980	Mozjpeg	15.0
people	alexander-aguero-EnppVuXbcCE-unsplash.jpg	mozjpeg	444	15	model_off	35.028	7.343	2.9005	Mozjpeg	15.0
people	alexander-aguero-EnppVuXbcCE-unsplash.jpg	mozjpeg	444	15	model_auto	34.987	6.738	2.9036	Mozjpeg	15.0
people	alexander-aguero-EnppVuXbcCE-unsplash.jpg	mozjpeg	444	15	model_policy	35.042	7.130	2.9099	Mozjpeg	15.0
people	alexander-aguero-EnppVuXbcCE-unsplash.jpg	mozjpeg	444	15	model_proj	35.043	7.132	2.9099	Mozjpeg	15.0
people	alexander-aguero-EnppVuXbcCE-unsplash.jpg	mozjpeg	444	35	identity_off	37.100	40.602	1.9545	Mozjpeg	35.0
people	alexander-aguero-EnppVuXbcCE-unsplash.jpg	mozjpeg	444	35	identity_auto	37.420	44.573	1.8820	Mozjpeg	35.0
people	alexander-aguero-EnppVuXbcCE-unsplash.jpg	mozjpeg	444	35	model_off	37.706	44.945	1.8635	Mozjpeg	35.0
people	alexander-aguero-EnppVuXbcCE-unsplash.jpg	mozjpeg	444	35	model_auto	37.680	44.532	1.8743	Mozjpeg	35.0
people	alexander-aguero-EnppVuXbcCE-unsplash.jpg	mozjpeg	444	35	model_policy	37.701	45.042	1.8610	Mozjpeg	35.0
people	alexander-aguero-EnppVuXbcCE-unsplash.jpg	mozjpeg	444	35	model_proj	37.702	45.044	1.8610	Mozjpeg	35.0
people	alexander-aguero-EnppVuXbcCE-unsplash.jpg	mozjpeg	444	55	identity_off	38.743	59.956	1.4792	Mozjpeg	55.0
people	alexander-aguero-EnppVuXbcCE-unsplash.jpg	mozjpeg	444	55	identity_auto	38.936	60.586	1.4525	Mozjpeg	55.0
people	alexander-aguero-EnppVuXbcCE-unsplash.jpg	mozjpeg	444	55	model_off	39.200	61.631	1.4228	Mozjpeg	55.0
people	alexander-aguero-EnppVuXbcCE-unsplash.jpg	mozjpeg	444	55	model_auto	39.126	60.648	1.4372	Mozjpeg	55.0
people	alexander-aguero-EnppVuXbcCE-unsplash.jpg	mozjpeg	444	55	model_policy	39.187	61.590	1.4225	Mozjpeg	55.0
people	alexander-aguero-EnppVuXbcCE-unsplash.jpg	mozjpeg	444	55	model_proj	39.190	61.610	1.4224	Mozjpeg	55.0
people	alexander-aguero-EnppVuXbcCE-unsplash.jpg	mozjpeg	444	75	identity_off	40.898	75.491	1.0577	Mozjpeg	75.0
people	alexander-aguero-EnppVuXbcCE-unsplash.jpg	mozjpeg	444	75	identity_auto	40.994	74.361	1.0495	Mozjpeg	75.0
people	alexander-aguero-EnppVuXbcCE-unsplash.jpg	mozjpeg	444	75	model_off	41.246	75.892	1.0185	Mozjpeg	75.0
people	alexander-aguero-EnppVuXbcCE-unsplash.jpg	mozjpeg	444	75	model_auto	41.091	74.489	1.0429	Mozjpeg	75.0
people	alexander-aguero-EnppVuXbcCE-unsplash.jpg	mozjpeg	444	75	model_policy	41.201	75.823	1.0230	Mozjpeg	75.0
people	alexander-aguero-EnppVuXbcCE-unsplash.jpg	mozjpeg	444	75	model_proj	41.205	75.838	1.0227	Mozjpeg	75.0
people	alexander-aguero-EnppVuXbcCE-unsplash.jpg	mozjpeg	444	90	identity_off	45.015	88.784	0.6015	Mozjpeg	90.0
people	alexander-aguero-EnppVuXbcCE-unsplash.jpg	mozjpeg	444	90	identity_auto	44.913	88.493	0.6201	Mozjpeg	90.0
people	alexander-aguero-EnppVuXbcCE-unsplash.jpg	mozjpeg	444	90	model_off	45.269	88.660	0.5837	Mozjpeg	90.0
people	alexander-aguero-EnppVuXbcCE-unsplash.jpg	mozjpeg	444	90	model_auto	45.047	88.298	0.6074	Mozjpeg	90.0
people	alexander-aguero-EnppVuXbcCE-unsplash.jpg	mozjpeg	444	90	model_policy	45.129	88.333	0.5870	Mozjpeg	90.0
people	alexander-aguero-EnppVuXbcCE-unsplash.jpg	mozjpeg	444	90	model_proj	45.135	88.236	0.5866	Mozjpeg	90.0
people	alexander-aguero-EnppVuXbcCE-unsplash.jpg	jpegli	420	15	identity_off	36.280	31.596	2.1559	CjpegliYcbcr	14.2
people	alexander-aguero-EnppVuXbcCE-unsplash.jpg	jpegli	420	15	identity_auto	36.519	36.508	2.0803	CjpegliYcbcr	14.2
people	alexander-aguero-EnppVuXbcCE-unsplash.jpg	jpegli	420	15	model_off	36.975	39.252	2.0484	CjpegliYcbcr	14.2
people	alexander-aguero-EnppVuXbcCE-unsplash.jpg	jpegli	420	15	model_auto	36.929	38.658	2.0588	CjpegliYcbcr	14.2
people	alexander-aguero-EnppVuXbcCE-unsplash.jpg	jpegli	420	15	model_policy	36.977	39.718	2.0455	CjpegliYcbcr	14.2
people	alexander-aguero-EnppVuXbcCE-unsplash.jpg	jpegli	420	15	model_proj	36.977	39.714	2.0455	CjpegliYcbcr	14.2
people	alexander-aguero-EnppVuXbcCE-unsplash.jpg	jpegli	420	35	identity_off	37.918	57.565	1.6477	CjpegliYcbcr	7.2
people	alexander-aguero-EnppVuXbcCE-unsplash.jpg	jpegli	420	35	identity_auto	38.082	56.909	1.6181	CjpegliYcbcr	7.2
people	alexander-aguero-EnppVuXbcCE-unsplash.jpg	jpegli	420	35	model_off	38.362	58.697	1.5996	CjpegliYcbcr	7.2
people	alexander-aguero-EnppVuXbcCE-unsplash.jpg	jpegli	420	35	model_auto	38.301	57.219	1.6146	CjpegliYcbcr	7.2
people	alexander-aguero-EnppVuXbcCE-unsplash.jpg	jpegli	420	35	model_policy	38.361	58.858	1.5977	CjpegliYcbcr	7.2
people	alexander-aguero-EnppVuXbcCE-unsplash.jpg	jpegli	420	35	model_proj	38.362	58.865	1.5977	CjpegliYcbcr	7.2
people	alexander-aguero-EnppVuXbcCE-unsplash.jpg	jpegli	420	55	identity_off	38.643	64.957	1.4503	CjpegliYcbcr	5.2
people	alexander-aguero-EnppVuXbcCE-unsplash.jpg	jpegli	420	55	identity_auto	38.803	63.926	1.4317	CjpegliYcbcr	5.2
people	alexander-aguero-EnppVuXbcCE-unsplash.jpg	jpegli	420	55	model_off	39.076	65.379	1.4085	CjpegliYcbcr	5.2
people	alexander-aguero-EnppVuXbcCE-unsplash.jpg	jpegli	420	55	model_auto	39.010	64.114	1.4220	CjpegliYcbcr	5.2
people	alexander-aguero-EnppVuXbcCE-unsplash.jpg	jpegli	420	55	model_policy	39.080	65.527	1.4072	CjpegliYcbcr	5.2
people	alexander-aguero-EnppVuXbcCE-unsplash.jpg	jpegli	420	55	model_proj	39.080	65.546	1.4071	CjpegliYcbcr	5.2
people	alexander-aguero-EnppVuXbcCE-unsplash.jpg	jpegli	420	75	identity_off	39.964	73.679	1.1724	CjpegliYcbcr	3.0
people	alexander-aguero-EnppVuXbcCE-unsplash.jpg	jpegli	420	75	identity_auto	40.092	72.595	1.1661	CjpegliYcbcr	3.0
people	alexander-aguero-EnppVuXbcCE-unsplash.jpg	jpegli	420	75	model_off	40.339	73.866	1.1366	CjpegliYcbcr	3.0
people	alexander-aguero-EnppVuXbcCE-unsplash.jpg	jpegli	420	75	model_auto	40.262	72.758	1.1529	CjpegliYcbcr	3.0
people	alexander-aguero-EnppVuXbcCE-unsplash.jpg	jpegli	420	75	model_policy	40.329	73.875	1.1377	CjpegliYcbcr	3.0
people	alexander-aguero-EnppVuXbcCE-unsplash.jpg	jpegli	420	75	model_proj	40.342	73.923	1.1366	CjpegliYcbcr	3.0
people	alexander-aguero-EnppVuXbcCE-unsplash.jpg	jpegli	420	90	identity_off	43.474	84.453	0.6998	CjpegliYcbcr	1.3
people	alexander-aguero-EnppVuXbcCE-unsplash.jpg	jpegli	420	90	identity_auto	43.458	84.336	0.7160	CjpegliYcbcr	1.3
people	alexander-aguero-EnppVuXbcCE-unsplash.jpg	jpegli	420	90	model_off	43.763	84.654	0.6816	CjpegliYcbcr	1.3
people	alexander-aguero-EnppVuXbcCE-unsplash.jpg	jpegli	420	90	model_auto	43.634	84.435	0.7042	CjpegliYcbcr	1.3
people	alexander-aguero-EnppVuXbcCE-unsplash.jpg	jpegli	420	90	model_policy	43.727	84.506	0.6835	CjpegliYcbcr	1.3
people	alexander-aguero-EnppVuXbcCE-unsplash.jpg	jpegli	420	90	model_proj	43.701	84.857	0.6835	CjpegliYcbcr	1.3
people	alexander-aguero-EnppVuXbcCE-unsplash.jpg	jpegli	444	15	identity_off	34.948	32.970	2.2217	CjpegliYcbcr	11.8
people	alexander-aguero-EnppVuXbcCE-unsplash.jpg	jpegli	444	15	identity_auto	35.287	37.955	2.1603	CjpegliYcbcr	11.8
people	alexander-aguero-EnppVuXbcCE-unsplash.jpg	jpegli	444	15	model_off	35.986	40.618	2.1277	CjpegliYcbcr	11.8
people	alexander-aguero-EnppVuXbcCE-unsplash.jpg	jpegli	444	15	model_auto	35.955	40.021	2.1348	CjpegliYcbcr	11.8
people	alexander-aguero-EnppVuXbcCE-unsplash.jpg	jpegli	444	15	model_policy	35.998	41.242	2.1331	CjpegliYcbcr	11.8
people	alexander-aguero-EnppVuXbcCE-unsplash.jpg	jpegli	444	15	model_proj	35.998	41.241	2.1331	CjpegliYcbcr	11.8
people	alexander-aguero-EnppVuXbcCE-unsplash.jpg	jpegli	444	35	identity_off	37.802	60.281	1.5374	CjpegliYcbcr	6.0
people	alexander-aguero-EnppVuXbcCE-unsplash.jpg	jpegli	444	35	identity_auto	38.061	59.819	1.5195	CjpegliYcbcr	6.0
people	alexander-aguero-EnppVuXbcCE-unsplash.jpg	jpegli	444	35	model_off	38.524	62.062	1.4875	CjpegliYcbcr	6.0
people	alexander-aguero-EnppVuXbcCE-unsplash.jpg	jpegli	444	35	model_auto	38.444	60.506	1.5056	CjpegliYcbcr	6.0
people	alexander-aguero-EnppVuXbcCE-unsplash.jpg	jpegli	444	35	model_policy	38.524	62.279	1.4849	CjpegliYcbcr	6.0
people	alexander-aguero-EnppVuXbcCE-unsplash.jpg	jpegli	444	35	model_proj	38.524	62.279	1.4849	CjpegliYcbcr	6.0
people	alexander-aguero-EnppVuXbcCE-unsplash.jpg	jpegli	444	55	identity_off	38.869	67.783	1.3418	CjpegliYcbcr	4.1
people	alexander-aguero-EnppVuXbcCE-unsplash.jpg	jpegli	444	55	identity_auto	39.082	66.624	1.3343	CjpegliYcbcr	4.1
people	alexander-aguero-EnppVuXbcCE-unsplash.jpg	jpegli	444	55	model_off	39.470	68.821	1.2971	CjpegliYcbcr	4.1
people	alexander-aguero-EnppVuXbcCE-unsplash.jpg	jpegli	444	55	model_auto	39.365	67.150	1.3201	CjpegliYcbcr	4.1
people	alexander-aguero-EnppVuXbcCE-unsplash.jpg	jpegli	444	55	model_policy	39.462	68.833	1.2987	CjpegliYcbcr	4.1
people	alexander-aguero-EnppVuXbcCE-unsplash.jpg	jpegli	444	55	model_proj	39.462	68.836	1.2987	CjpegliYcbcr	4.1
people	alexander-aguero-EnppVuXbcCE-unsplash.jpg	jpegli	444	75	identity_off	40.618	77.137	1.0378	CjpegliYcbcr	2.3
people	alexander-aguero-EnppVuXbcCE-unsplash.jpg	jpegli	444	75	identity_auto	40.801	76.248	1.0356	CjpegliYcbcr	2.3
people	alexander-aguero-EnppVuXbcCE-unsplash.jpg	jpegli	444	75	model_off	41.156	77.780	0.9976	CjpegliYcbcr	2.3
people	alexander-aguero-EnppVuXbcCE-unsplash.jpg	jpegli	444	75	model_auto	41.032	76.555	1.0214	CjpegliYcbcr	2.3
people	alexander-aguero-EnppVuXbcCE-unsplash.jpg	jpegli	444	75	model_policy	41.144	77.659	0.9999	CjpegliYcbcr	2.3
people	alexander-aguero-EnppVuXbcCE-unsplash.jpg	jpegli	444	75	model_proj	41.144	77.652	0.9999	CjpegliYcbcr	2.3
people	alexander-aguero-EnppVuXbcCE-unsplash.jpg	jpegli	444	90	identity_off	44.423	86.062	0.6069	CjpegliYcbcr	1.1
people	alexander-aguero-EnppVuXbcCE-unsplash.jpg	jpegli	444	90	identity_auto	44.408	86.005	0.6250	CjpegliYcbcr	1.1
people	alexander-aguero-EnppVuXbcCE-unsplash.jpg	jpegli	444	90	model_off	44.772	86.438	0.5906	CjpegliYcbcr	1.1
people	alexander-aguero-EnppVuXbcCE-unsplash.jpg	jpegli	444	90	model_auto	44.620	86.170	0.6145	CjpegliYcbcr	1.1
people	alexander-aguero-EnppVuXbcCE-unsplash.jpg	jpegli	444	90	model_policy	44.742	86.237	0.5921	CjpegliYcbcr	1.1
people	alexander-aguero-EnppVuXbcCE-unsplash.jpg	jpegli	444	90	model_proj	44.788	86.503	0.5895	CjpegliYcbcr	1.1
people	alexander-aguero-EnppVuXbcCE-unsplash.jpg	zenjpeg	420	15	identity_off	36.256	31.246	2.1682	CjpegliYcbcr	14.2
people	alexander-aguero-EnppVuXbcCE-unsplash.jpg	zenjpeg	420	15	identity_auto	36.486	36.030	2.0932	CjpegliYcbcr	14.2
people	alexander-aguero-EnppVuXbcCE-unsplash.jpg	zenjpeg	420	15	model_off	36.937	38.649	2.0608	CjpegliYcbcr	14.2
people	alexander-aguero-EnppVuXbcCE-unsplash.jpg	zenjpeg	420	15	model_auto	36.890	38.121	2.0721	CjpegliYcbcr	14.2
people	alexander-aguero-EnppVuXbcCE-unsplash.jpg	zenjpeg	420	15	model_policy	36.931	39.120	2.0559	CjpegliYcbcr	14.2
people	alexander-aguero-EnppVuXbcCE-unsplash.jpg	zenjpeg	420	15	model_proj	36.931	39.119	2.0559	CjpegliYcbcr	14.2
people	alexander-aguero-EnppVuXbcCE-unsplash.jpg	zenjpeg	420	35	identity_off	37.888	57.332	1.6552	CjpegliYcbcr	7.2
people	alexander-aguero-EnppVuXbcCE-unsplash.jpg	zenjpeg	420	35	identity_auto	38.047	56.677	1.6254	CjpegliYcbcr	7.2
people	alexander-aguero-EnppVuXbcCE-unsplash.jpg	zenjpeg	420	35	model_off	38.314	58.499	1.6066	CjpegliYcbcr	7.2
people	alexander-aguero-EnppVuXbcCE-unsplash.jpg	zenjpeg	420	35	model_auto	38.256	57.011	1.6221	CjpegliYcbcr	7.2
people	alexander-aguero-EnppVuXbcCE-unsplash.jpg	zenjpeg	420	35	model_policy	38.309	58.630	1.6041	CjpegliYcbcr	7.2
people	alexander-aguero-EnppVuXbcCE-unsplash.jpg	zenjpeg	420	35	model_proj	38.310	58.631	1.6040	CjpegliYcbcr	7.2
people	alexander-aguero-EnppVuXbcCE-unsplash.jpg	zenjpeg	420	55	identity_off	38.652	64.898	1.4530	CjpegliYcbcr	5.2
people	alexander-aguero-EnppVuXbcCE-unsplash.jpg	zenjpeg	420	55	identity_auto	38.810	63.826	1.4346	CjpegliYcbcr	5.2
people	alexander-aguero-EnppVuXbcCE-unsplash.jpg	zenjpeg	420	55	model_off	39.074	65.219	1.4110	CjpegliYcbcr	5.2
people	alexander-aguero-EnppVuXbcCE-unsplash.jpg	zenjpeg	420	55	model_auto	39.007	63.979	1.4248	CjpegliYcbcr	5.2
people	alexander-aguero-EnppVuXbcCE-unsplash.jpg	zenjpeg	420	55	model_policy	39.075	65.347	1.4095	CjpegliYcbcr	5.2
people	alexander-aguero-EnppVuXbcCE-unsplash.jpg	zenjpeg	420	55	model_proj	39.076	65.360	1.4093	CjpegliYcbcr	5.2
people	alexander-aguero-EnppVuXbcCE-unsplash.jpg	zenjpeg	420	75	identity_off	39.972	73.482	1.1742	CjpegliYcbcr	3.0
people	alexander-aguero-EnppVuXbcCE-unsplash.jpg	zenjpeg	420	75	identity_auto	40.102	72.444	1.1673	CjpegliYcbcr	3.0
people	alexander-aguero-EnppVuXbcCE-unsplash.jpg	zenjpeg	420	75	model_off	40.351	73.752	1.1377	CjpegliYcbcr	3.0
people	alexander-aguero-EnppVuXbcCE-unsplash.jpg	zenjpeg	420	75	model_auto	40.272	72.638	1.1546	CjpegliYcbcr	3.0
people	alexander-aguero-EnppVuXbcCE-unsplash.jpg	zenjpeg	420	75	model_policy	40.338	73.730	1.1385	CjpegliYcbcr	3.0
people	alexander-aguero-EnppVuXbcCE-unsplash.jpg	zenjpeg	420	75	model_proj	40.349	73.796	1.1377	CjpegliYcbcr	3.0
people	alexander-aguero-EnppVuXbcCE-unsplash.jpg	zenjpeg	420	90	identity_off	43.459	84.386	0.6997	CjpegliYcbcr	1.3
people	alexander-aguero-EnppVuXbcCE-unsplash.jpg	zenjpeg	420	90	identity_auto	43.444	84.199	0.7155	CjpegliYcbcr	1.3
people	alexander-aguero-EnppVuXbcCE-unsplash.jpg	zenjpeg	420	90	model_off	43.745	84.556	0.6811	CjpegliYcbcr	1.3
people	alexander-aguero-EnppVuXbcCE-unsplash.jpg	zenjpeg	420	90	model_auto	43.621	84.290	0.7036	CjpegliYcbcr	1.3
people	alexander-aguero-EnppVuXbcCE-unsplash.jpg	zenjpeg	420	90	model_policy	43.702	84.331	0.6842	CjpegliYcbcr	1.3
people	alexander-aguero-EnppVuXbcCE-unsplash.jpg	zenjpeg	420	90	model_proj	43.671	84.596	0.6848	CjpegliYcbcr	1.3
people	alexander-aguero-EnppVuXbcCE-unsplash.jpg	zenjpeg	444	15	identity_off	34.960	32.590	2.2222	CjpegliYcbcr	11.8
people	alexander-aguero-EnppVuXbcCE-unsplash.jpg	zenjpeg	444	15	identity_auto	35.295	37.497	2.1607	CjpegliYcbcr	11.8
people	alexander-aguero-EnppVuXbcCE-unsplash.jpg	zenjpeg	444	15	model_off	35.993	40.265	2.1252	CjpegliYcbcr	11.8
people	alexander-aguero-EnppVuXbcCE-unsplash.jpg	zenjpeg	444	15	model_auto	35.958	39.589	2.1333	CjpegliYcbcr	11.8
people	alexander-aguero-EnppVuXbcCE-unsplash.jpg	zenjpeg	444	15	model_policy	35.989	40.758	2.1320	CjpegliYcbcr	11.8
people	alexander-aguero-EnppVuXbcCE-unsplash.jpg	zenjpeg	444	15	model_proj	35.989	40.758	2.1320	CjpegliYcbcr	11.8
people	alexander-aguero-EnppVuXbcCE-unsplash.jpg	zenjpeg	444	35	identity_off	37.719	59.669	1.5500	CjpegliYcbcr	6.0
people	alexander-aguero-EnppVuXbcCE-unsplash.jpg	zenjpeg	444	35	identity_auto	37.964	59.256	1.5269	CjpegliYcbcr	6.0
people	alexander-aguero-EnppVuXbcCE-unsplash.jpg	zenjpeg	444	35	model_off	38.412	61.505	1.4968	CjpegliYcbcr	6.0
people	alexander-aguero-EnppVuXbcCE-unsplash.jpg	zenjpeg	444	35	model_auto	38.344	60.002	1.5144	CjpegliYcbcr	6.0
people	alexander-aguero-EnppVuXbcCE-unsplash.jpg	zenjpeg	444	35	model_policy	38.405	61.635	1.4960	CjpegliYcbcr	6.0
people	alexander-aguero-EnppVuXbcCE-unsplash.jpg	zenjpeg	444	35	model_proj	38.405	61.637	1.4960	CjpegliYcbcr	6.0
people	alexander-aguero-EnppVuXbcCE-unsplash.jpg	zenjpeg	444	55	identity_off	38.847	67.296	1.3504	CjpegliYcbcr	4.1
people	alexander-aguero-EnppVuXbcCE-unsplash.jpg	zenjpeg	444	55	identity_auto	39.062	66.174	1.3425	CjpegliYcbcr	4.1
people	alexander-aguero-EnppVuXbcCE-unsplash.jpg	zenjpeg	444	55	model_off	39.446	68.350	1.3059	CjpegliYcbcr	4.1
people	alexander-aguero-EnppVuXbcCE-unsplash.jpg	zenjpeg	444	55	model_auto	39.341	66.661	1.3286	CjpegliYcbcr	4.1
people	alexander-aguero-EnppVuXbcCE-unsplash.jpg	zenjpeg	444	55	model_policy	39.440	68.312	1.3058	CjpegliYcbcr	4.1
people	alexander-aguero-EnppVuXbcCE-unsplash.jpg	zenjpeg	444	55	model_proj	39.440	68.300	1.3058	CjpegliYcbcr	4.1
people	alexander-aguero-EnppVuXbcCE-unsplash.jpg	zenjpeg	444	75	identity_off	40.635	76.911	1.0443	CjpegliYcbcr	2.3
people	alexander-aguero-EnppVuXbcCE-unsplash.jpg	zenjpeg	444	75	identity_auto	40.817	75.975	1.0407	CjpegliYcbcr	2.3
people	alexander-aguero-EnppVuXbcCE-unsplash.jpg	zenjpeg	444	75	model_off	41.162	77.532	1.0041	CjpegliYcbcr	2.3
people	alexander-aguero-EnppVuXbcCE-unsplash.jpg	zenjpeg	444	75	model_auto	41.044	76.290	1.0267	CjpegliYcbcr	2.3
people	alexander-aguero-EnppVuXbcCE-unsplash.jpg	zenjpeg	444	75	model_policy	41.150	77.433	1.0053	CjpegliYcbcr	2.3
people	alexander-aguero-EnppVuXbcCE-unsplash.jpg	zenjpeg	444	75	model_proj	41.151	77.456	1.0052	CjpegliYcbcr	2.3
people	alexander-aguero-EnppVuXbcCE-unsplash.jpg	zenjpeg	444	90	identity_off	44.425	86.395	0.6083	CjpegliYcbcr	1.1
people	alexander-aguero-EnppVuXbcCE-unsplash.jpg	zenjpeg	444	90	identity_auto	44.395	86.274	0.6250	CjpegliYcbcr	1.1
people	alexander-aguero-EnppVuXbcCE-unsplash.jpg	zenjpeg	444	90	model_off	44.776	86.766	0.5910	CjpegliYcbcr	1.1
people	alexander-aguero-EnppVuXbcCE-unsplash.jpg	zenjpeg	444	90	model_auto	44.606	86.433	0.6142	CjpegliYcbcr	1.1
people	alexander-aguero-EnppVuXbcCE-unsplash.jpg	zenjpeg	444	90	model_policy	44.737	86.541	0.5926	CjpegliYcbcr	1.1
people	alexander-aguero-EnppVuXbcCE-unsplash.jpg	zenjpeg	444	90	model_proj	44.768	86.746	0.5915	CjpegliYcbcr	1.1
people	anastasia-pivnenko-PRNG6R1nSpQ-unsplash.jpg	turbo	420	15	identity_off	25.762	1.542	3.2451	Unknown	15.0
people	anastasia-pivnenko-PRNG6R1nSpQ-unsplash.jpg	turbo	420	15	identity_auto	25.797	6.207	3.1974	Unknown	15.0
people	anastasia-pivnenko-PRNG6R1nSpQ-unsplash.jpg	turbo	420	15	model_off	25.985	9.626	3.1709	Unknown	15.0
people	anastasia-pivnenko-PRNG6R1nSpQ-unsplash.jpg	turbo	420	15	model_auto	25.945	8.797	3.1804	Unknown	15.0
people	anastasia-pivnenko-PRNG6R1nSpQ-unsplash.jpg	turbo	420	15	model_policy	25.981	9.746	3.1637	Unknown	15.0
people	anastasia-pivnenko-PRNG6R1nSpQ-unsplash.jpg	turbo	420	15	model_proj	25.981	9.751	3.1635	Unknown	15.0
people	anastasia-pivnenko-PRNG6R1nSpQ-unsplash.jpg	turbo	420	35	identity_off	26.839	38.687	2.3386	ImageMagick	35.0
people	anastasia-pivnenko-PRNG6R1nSpQ-unsplash.jpg	turbo	420	35	identity_auto	26.777	35.960	2.3927	ImageMagick	35.0
people	anastasia-pivnenko-PRNG6R1nSpQ-unsplash.jpg	turbo	420	35	model_off	26.930	39.576	2.3305	ImageMagick	35.0
people	anastasia-pivnenko-PRNG6R1nSpQ-unsplash.jpg	turbo	420	35	model_auto	26.823	36.283	2.3858	ImageMagick	35.0
people	anastasia-pivnenko-PRNG6R1nSpQ-unsplash.jpg	turbo	420	35	model_policy	26.923	39.601	2.3315	ImageMagick	35.0
people	anastasia-pivnenko-PRNG6R1nSpQ-unsplash.jpg	turbo	420	35	model_proj	26.923	39.606	2.3315	ImageMagick	35.0
people	anastasia-pivnenko-PRNG6R1nSpQ-unsplash.jpg	turbo	420	55	identity_off	27.368	49.614	2.0683	ImageMagick	55.0
people	anastasia-pivnenko-PRNG6R1nSpQ-unsplash.jpg	turbo	420	55	identity_auto	27.340	47.592	2.1127	ImageMagick	55.0
people	anastasia-pivnenko-PRNG6R1nSpQ-unsplash.jpg	turbo	420	55	model_off	27.448	49.865	2.0599	ImageMagick	55.0
people	anastasia-pivnenko-PRNG6R1nSpQ-unsplash.jpg	turbo	420	55	model_auto	27.364	47.589	2.1105	ImageMagick	55.0
people	anastasia-pivnenko-PRNG6R1nSpQ-unsplash.jpg	turbo	420	55	model_policy	27.453	49.917	2.0580	ImageMagick	55.0
people	anastasia-pivnenko-PRNG6R1nSpQ-unsplash.jpg	turbo	420	55	model_proj	27.453	49.910	2.0580	ImageMagick	55.0
people	anastasia-pivnenko-PRNG6R1nSpQ-unsplash.jpg	turbo	420	75	identity_off	28.393	58.571	1.7673	ImageMagick	75.0
people	anastasia-pivnenko-PRNG6R1nSpQ-unsplash.jpg	turbo	420	75	identity_auto	28.334	57.348	1.7903	ImageMagick	75.0
people	anastasia-pivnenko-PRNG6R1nSpQ-unsplash.jpg	turbo	420	75	model_off	28.399	58.536	1.7690	ImageMagick	75.0
people	anastasia-pivnenko-PRNG6R1nSpQ-unsplash.jpg	turbo	420	75	model_auto	28.328	57.209	1.7928	ImageMagick	75.0
people	anastasia-pivnenko-PRNG6R1nSpQ-unsplash.jpg	turbo	420	75	model_policy	28.397	58.430	1.7726	ImageMagick	75.0
people	anastasia-pivnenko-PRNG6R1nSpQ-unsplash.jpg	turbo	420	75	model_proj	28.397	58.426	1.7727	ImageMagick	75.0
people	anastasia-pivnenko-PRNG6R1nSpQ-unsplash.jpg	turbo	420	90	identity_off	45.743	91.751	0.2131	ImageMagick	90.0
people	anastasia-pivnenko-PRNG6R1nSpQ-unsplash.jpg	turbo	420	90	identity_auto	44.649	91.380	0.3105	ImageMagick	90.0
people	anastasia-pivnenko-PRNG6R1nSpQ-unsplash.jpg	turbo	420	90	model_off	44.604	90.527	0.2747	ImageMagick	90.0
people	anastasia-pivnenko-PRNG6R1nSpQ-unsplash.jpg	turbo	420	90	model_auto	43.759	89.716	0.3473	ImageMagick	90.0
people	anastasia-pivnenko-PRNG6R1nSpQ-unsplash.jpg	turbo	420	90	model_policy	44.576	90.899	0.2669	ImageMagick	90.0
people	anastasia-pivnenko-PRNG6R1nSpQ-unsplash.jpg	turbo	420	90	model_proj	44.561	90.818	0.2696	ImageMagick	90.0
people	anastasia-pivnenko-PRNG6R1nSpQ-unsplash.jpg	turbo	444	15	identity_off	25.868	4.790	3.1929	Unknown	15.0
people	anastasia-pivnenko-PRNG6R1nSpQ-unsplash.jpg	turbo	444	15	identity_auto	25.967	10.298	3.1399	Unknown	15.0
people	anastasia-pivnenko-PRNG6R1nSpQ-unsplash.jpg	turbo	444	15	model_off	26.139	12.445	3.1147	Unknown	15.0
people	anastasia-pivnenko-PRNG6R1nSpQ-unsplash.jpg	turbo	444	15	model_auto	26.115	11.831	3.1240	Unknown	15.0
people	anastasia-pivnenko-PRNG6R1nSpQ-unsplash.jpg	turbo	444	15	model_policy	26.137	12.554	3.1090	Unknown	15.0
people	anastasia-pivnenko-PRNG6R1nSpQ-unsplash.jpg	turbo	444	15	model_proj	26.137	12.556	3.1085	Unknown	15.0
people	anastasia-pivnenko-PRNG6R1nSpQ-unsplash.jpg	turbo	444	35	identity_off	26.953	41.577	2.3230	ImageMagick	35.0
people	anastasia-pivnenko-PRNG6R1nSpQ-unsplash.jpg	turbo	444	35	identity_auto	26.926	39.015	2.3737	ImageMagick	35.0
people	anastasia-pivnenko-PRNG6R1nSpQ-unsplash.jpg	turbo	444	35	model_off	27.060	42.239	2.3141	ImageMagick	35.0
people	anastasia-pivnenko-PRNG6R1nSpQ-unsplash.jpg	turbo	444	35	model_auto	26.968	39.073	2.3670	ImageMagick	35.0
people	anastasia-pivnenko-PRNG6R1nSpQ-unsplash.jpg	turbo	444	35	model_policy	27.053	42.241	2.3141	ImageMagick	35.0
people	anastasia-pivnenko-PRNG6R1nSpQ-unsplash.jpg	turbo	444	35	model_proj	27.053	42.244	2.3141	ImageMagick	35.0
people	anastasia-pivnenko-PRNG6R1nSpQ-unsplash.jpg	turbo	444	55	identity_off	27.476	51.561	2.0607	ImageMagick	55.0
people	anastasia-pivnenko-PRNG6R1nSpQ-unsplash.jpg	turbo	444	55	identity_auto	27.467	49.641	2.1038	ImageMagick	55.0
people	anastasia-pivnenko-PRNG6R1nSpQ-unsplash.jpg	turbo	444	55	model_off	27.562	51.740	2.0523	ImageMagick	55.0
people	anastasia-pivnenko-PRNG6R1nSpQ-unsplash.jpg	turbo	444	55	model_auto	27.489	49.537	2.1015	ImageMagick	55.0
people	anastasia-pivnenko-PRNG6R1nSpQ-unsplash.jpg	turbo	444	55	model_policy	27.566	51.798	2.0508	ImageMagick	55.0
people	anastasia-pivnenko-PRNG6R1nSpQ-unsplash.jpg	turbo	444	55	model_proj	27.566	51.809	2.0508	ImageMagick	55.0
people	anastasia-pivnenko-PRNG6R1nSpQ-unsplash.jpg	turbo	444	75	identity_off	28.492	59.921	1.7630	ImageMagick	75.0
people	anastasia-pivnenko-PRNG6R1nSpQ-unsplash.jpg	turbo	444	75	identity_auto	28.442	58.732	1.7848	ImageMagick	75.0
people	anastasia-pivnenko-PRNG6R1nSpQ-unsplash.jpg	turbo	444	75	model_off	28.503	59.868	1.7643	ImageMagick	75.0
people	anastasia-pivnenko-PRNG6R1nSpQ-unsplash.jpg	turbo	444	75	model_auto	28.437	58.588	1.7870	ImageMagick	75.0
people	anastasia-pivnenko-PRNG6R1nSpQ-unsplash.jpg	turbo	444	75	model_policy	28.498	59.754	1.7680	ImageMagick	75.0
people	anastasia-pivnenko-PRNG6R1nSpQ-unsplash.jpg	turbo	444	75	model_proj	28.498	59.767	1.7681	ImageMagick	75.0
people	anastasia-pivnenko-PRNG6R1nSpQ-unsplash.jpg	turbo	444	90	identity_off	44.983	92.186	0.2154	ImageMagick	90.0
people	anastasia-pivnenko-PRNG6R1nSpQ-unsplash.jpg	turbo	444	90	identity_auto	44.099	91.807	0.3113	ImageMagick	90.0
people	anastasia-pivnenko-PRNG6R1nSpQ-unsplash.jpg	turbo	444	90	model_off	44.118	90.967	0.2709	ImageMagick	90.0
people	anastasia-pivnenko-PRNG6R1nSpQ-unsplash.jpg	turbo	444	90	model_auto	43.385	90.205	0.3424	ImageMagick	90.0
people	anastasia-pivnenko-PRNG6R1nSpQ-unsplash.jpg	turbo	444	90	model_policy	44.036	91.320	0.2641	ImageMagick	90.0
people	anastasia-pivnenko-PRNG6R1nSpQ-unsplash.jpg	turbo	444	90	model_proj	44.018	91.208	0.2680	ImageMagick	90.0
people	anastasia-pivnenko-PRNG6R1nSpQ-unsplash.jpg	mozjpeg	420	15	identity_off	25.470	-9.286	3.5639	Mozjpeg	15.0
people	anastasia-pivnenko-PRNG6R1nSpQ-unsplash.jpg	mozjpeg	420	15	identity_auto	25.545	-4.288	3.4998	Mozjpeg	15.0
people	anastasia-pivnenko-PRNG6R1nSpQ-unsplash.jpg	mozjpeg	420	15	model_off	25.708	-1.597	3.4682	Mozjpeg	15.0
people	anastasia-pivnenko-PRNG6R1nSpQ-unsplash.jpg	mozjpeg	420	15	model_auto	25.698	-1.676	3.4645	Mozjpeg	15.0
people	anastasia-pivnenko-PRNG6R1nSpQ-unsplash.jpg	mozjpeg	420	15	model_policy	25.711	-1.472	3.4631	Mozjpeg	15.0
people	anastasia-pivnenko-PRNG6R1nSpQ-unsplash.jpg	mozjpeg	420	15	model_proj	25.711	-1.471	3.4631	Mozjpeg	15.0
people	anastasia-pivnenko-PRNG6R1nSpQ-unsplash.jpg	mozjpeg	420	35	identity_off	26.480	30.572	2.6126	Mozjpeg	35.0
people	anastasia-pivnenko-PRNG6R1nSpQ-unsplash.jpg	mozjpeg	420	35	identity_auto	26.437	28.548	2.6540	Mozjpeg	35.0
people	anastasia-pivnenko-PRNG6R1nSpQ-unsplash.jpg	mozjpeg	420	35	model_off	26.543	31.429	2.6300	Mozjpeg	35.0
people	anastasia-pivnenko-PRNG6R1nSpQ-unsplash.jpg	mozjpeg	420	35	model_auto	26.504	29.500	2.6466	Mozjpeg	35.0
people	anastasia-pivnenko-PRNG6R1nSpQ-unsplash.jpg	mozjpeg	420	35	model_policy	26.544	31.542	2.6249	Mozjpeg	35.0
people	anastasia-pivnenko-PRNG6R1nSpQ-unsplash.jpg	mozjpeg	420	35	model_proj	26.544	31.546	2.6249	Mozjpeg	35.0
people	anastasia-pivnenko-PRNG6R1nSpQ-unsplash.jpg	mozjpeg	420	55	identity_off	27.078	45.038	2.2392	Mozjpeg	55.0
people	anastasia-pivnenko-PRNG6R1nSpQ-unsplash.jpg	mozjpeg	420	55	identity_auto	27.019	42.689	2.2953	Mozjpeg	55.0
people	anastasia-pivnenko-PRNG6R1nSpQ-unsplash.jpg	mozjpeg	420	55	model_off	27.100	44.947	2.2526	Mozjpeg	55.0
people	anastasia-pivnenko-PRNG6R1nSpQ-unsplash.jpg	mozjpeg	420	55	model_auto	27.037	42.674	2.2921	Mozjpeg	55.0
people	anastasia-pivnenko-PRNG6R1nSpQ-unsplash.jpg	mozjpeg	420	55	model_policy	27.096	44.977	2.2525	Mozjpeg	55.0
people	anastasia-pivnenko-PRNG6R1nSpQ-unsplash.jpg	mozjpeg	420	55	model_proj	27.096	44.987	2.2525	Mozjpeg	55.0
people	anastasia-pivnenko-PRNG6R1nSpQ-unsplash.jpg	mozjpeg	420	75	identity_off	28.099	56.644	1.8705	Mozjpeg	75.0
people	anastasia-pivnenko-PRNG6R1nSpQ-unsplash.jpg	mozjpeg	420	75	identity_auto	28.061	55.473	1.8906	Mozjpeg	75.0
people	anastasia-pivnenko-PRNG6R1nSpQ-unsplash.jpg	mozjpeg	420	75	model_off	28.110	56.515	1.8734	Mozjpeg	75.0
people	anastasia-pivnenko-PRNG6R1nSpQ-unsplash.jpg	mozjpeg	420	75	model_auto	28.051	55.239	1.8944	Mozjpeg	75.0
people	anastasia-pivnenko-PRNG6R1nSpQ-unsplash.jpg	mozjpeg	420	75	model_policy	28.106	56.422	1.8759	Mozjpeg	75.0
people	anastasia-pivnenko-PRNG6R1nSpQ-unsplash.jpg	mozjpeg	420	75	model_proj	28.106	56.404	1.8759	Mozjpeg	75.0
people	anastasia-pivnenko-PRNG6R1nSpQ-unsplash.jpg	mozjpeg	420	90	identity_off	33.570	79.556	0.9442	Mozjpeg	90.0
people	anastasia-pivnenko-PRNG6R1nSpQ-unsplash.jpg	mozjpeg	420	90	identity_auto	33.544	79.360	0.9715	Mozjpeg	90.0
people	anastasia-pivnenko-PRNG6R1nSpQ-unsplash.jpg	mozjpeg	420	90	model_off	33.569	79.356	0.9432	Mozjpeg	90.0
people	anastasia-pivnenko-PRNG6R1nSpQ-unsplash.jpg	mozjpeg	420	90	model_auto	33.532	79.161	0.9703	Mozjpeg	90.0
people	anastasia-pivnenko-PRNG6R1nSpQ-unsplash.jpg	mozjpeg	420	90	model_policy	33.565	79.441	0.9438	Mozjpeg	90.0
people	anastasia-pivnenko-PRNG6R1nSpQ-unsplash.jpg	mozjpeg	420	90	model_proj	33.565	79.388	0.9440	Mozjpeg	90.0
people	anastasia-pivnenko-PRNG6R1nSpQ-unsplash.jpg	mozjpeg	444	15	identity_off	25.577	-6.693	3.5207	Mozjpeg	15.0
people	anastasia-pivnenko-PRNG6R1nSpQ-unsplash.jpg	mozjpeg	444	15	identity_auto	25.704	-1.053	3.4506	Mozjpeg	15.0
people	anastasia-pivnenko-PRNG6R1nSpQ-unsplash.jpg	mozjpeg	444	15	model_off	25.839	0.589	3.4169	Mozjpeg	15.0
people	anastasia-pivnenko-PRNG6R1nSpQ-unsplash.jpg	mozjpeg	444	15	model_auto	25.838	0.487	3.4164	Mozjpeg	15.0
people	anastasia-pivnenko-PRNG6R1nSpQ-unsplash.jpg	mozjpeg	444	15	model_policy	25.837	0.335	3.4160	Mozjpeg	15.0
people	anastasia-pivnenko-PRNG6R1nSpQ-unsplash.jpg	mozjpeg	444	15	model_proj	25.837	0.338	3.4160	Mozjpeg	15.0
people	anastasia-pivnenko-PRNG6R1nSpQ-unsplash.jpg	mozjpeg	444	35	identity_off	26.576	32.913	2.5961	Mozjpeg	35.0
people	anastasia-pivnenko-PRNG6R1nSpQ-unsplash.jpg	mozjpeg	444	35	identity_auto	26.562	31.051	2.6359	Mozjpeg	35.0
people	anastasia-pivnenko-PRNG6R1nSpQ-unsplash.jpg	mozjpeg	444	35	model_off	26.638	33.205	2.6122	Mozjpeg	35.0
people	anastasia-pivnenko-PRNG6R1nSpQ-unsplash.jpg	mozjpeg	444	35	model_auto	26.610	31.489	2.6284	Mozjpeg	35.0
people	anastasia-pivnenko-PRNG6R1nSpQ-unsplash.jpg	mozjpeg	444	35	model_policy	26.638	33.270	2.6070	Mozjpeg	35.0
people	anastasia-pivnenko-PRNG6R1nSpQ-unsplash.jpg	mozjpeg	444	35	model_proj	26.638	33.273	2.6070	Mozjpeg	35.0
people	anastasia-pivnenko-PRNG6R1nSpQ-unsplash.jpg	mozjpeg	444	55	identity_off	27.163	46.565	2.2318	Mozjpeg	55.0
people	anastasia-pivnenko-PRNG6R1nSpQ-unsplash.jpg	mozjpeg	444	55	identity_auto	27.120	44.270	2.2852	Mozjpeg	55.0
people	anastasia-pivnenko-PRNG6R1nSpQ-unsplash.jpg	mozjpeg	444	55	model_off	27.181	46.291	2.2446	Mozjpeg	55.0
people	anastasia-pivnenko-PRNG6R1nSpQ-unsplash.jpg	mozjpeg	444	55	model_auto	27.127	44.119	2.2826	Mozjpeg	55.0
people	anastasia-pivnenko-PRNG6R1nSpQ-unsplash.jpg	mozjpeg	444	55	model_policy	27.174	46.267	2.2450	Mozjpeg	55.0
people	anastasia-pivnenko-PRNG6R1nSpQ-unsplash.jpg	mozjpeg	444	55	model_proj	27.174	46.287	2.2450	Mozjpeg	55.0
people	anastasia-pivnenko-PRNG6R1nSpQ-unsplash.jpg	mozjpeg	444	75	identity_off	28.138	57.846	1.8661	Mozjpeg	75.0
people	anastasia-pivnenko-PRNG6R1nSpQ-unsplash.jpg	mozjpeg	444	75	identity_auto	28.107	56.700	1.8854	Mozjpeg	75.0
people	anastasia-pivnenko-PRNG6R1nSpQ-unsplash.jpg	mozjpeg	444	75	model_off	28.153	57.680	1.8686	Mozjpeg	75.0
people	anastasia-pivnenko-PRNG6R1nSpQ-unsplash.jpg	mozjpeg	444	75	model_auto	28.099	56.390	1.8888	Mozjpeg	75.0
people	anastasia-pivnenko-PRNG6R1nSpQ-unsplash.jpg	mozjpeg	444	75	model_policy	28.148	57.550	1.8714	Mozjpeg	75.0
people	anastasia-pivnenko-PRNG6R1nSpQ-unsplash.jpg	mozjpeg	444	75	model_proj	28.148	57.536	1.8714	Mozjpeg	75.0
people	anastasia-pivnenko-PRNG6R1nSpQ-unsplash.jpg	mozjpeg	444	90	identity_off	33.584	80.054	0.9430	Mozjpeg	90.0
people	anastasia-pivnenko-PRNG6R1nSpQ-unsplash.jpg	mozjpeg	444	90	identity_auto	33.561	79.894	0.9701	Mozjpeg	90.0
people	anastasia-pivnenko-PRNG6R1nSpQ-unsplash.jpg	mozjpeg	444	90	model_off	33.590	79.806	0.9419	Mozjpeg	90.0
people	anastasia-pivnenko-PRNG6R1nSpQ-unsplash.jpg	mozjpeg	444	90	model_auto	33.556	79.672	0.9687	Mozjpeg	90.0
people	anastasia-pivnenko-PRNG6R1nSpQ-unsplash.jpg	mozjpeg	444	90	model_policy	33.581	79.957	0.9427	Mozjpeg	90.0
people	anastasia-pivnenko-PRNG6R1nSpQ-unsplash.jpg	mozjpeg	444	90	model_proj	33.581	79.897	0.9430	Mozjpeg	90.0
people	anastasia-pivnenko-PRNG6R1nSpQ-unsplash.jpg	jpegli	420	15	identity_off	25.941	20.438	2.9738	CjpegliYcbcr	14.2
people	anastasia-pivnenko-PRNG6R1nSpQ-unsplash.jpg	jpegli	420	15	identity_auto	25.946	18.801	2.9930	CjpegliYcbcr	14.2
people	anastasia-pivnenko-PRNG6R1nSpQ-unsplash.jpg	jpegli	420	15	model_off	26.069	20.780	2.9822	CjpegliYcbcr	14.2
people	anastasia-pivnenko-PRNG6R1nSpQ-unsplash.jpg	jpegli	420	15	model_auto	26.051	19.772	2.9869	CjpegliYcbcr	14.2
people	anastasia-pivnenko-PRNG6R1nSpQ-unsplash.jpg	jpegli	420	15	model_policy	26.074	21.261	2.9735	CjpegliYcbcr	14.2
people	anastasia-pivnenko-PRNG6R1nSpQ-unsplash.jpg	jpegli	420	15	model_proj	26.074	21.268	2.9735	CjpegliYcbcr	14.2
people	anastasia-pivnenko-PRNG6R1nSpQ-unsplash.jpg	jpegli	420	35	identity_off	26.439	36.532	2.5984	CjpegliYcbcr	7.2
people	anastasia-pivnenko-PRNG6R1nSpQ-unsplash.jpg	jpegli	420	35	identity_auto	26.412	33.347	2.6443	CjpegliYcbcr	7.2
people	anastasia-pivnenko-PRNG6R1nSpQ-unsplash.jpg	jpegli	420	35	model_off	26.480	35.313	2.6342	CjpegliYcbcr	7.2
people	anastasia-pivnenko-PRNG6R1nSpQ-unsplash.jpg	jpegli	420	35	model_auto	26.462	33.692	2.6436	CjpegliYcbcr	7.2
people	anastasia-pivnenko-PRNG6R1nSpQ-unsplash.jpg	jpegli	420	35	model_policy	26.486	35.626	2.6267	CjpegliYcbcr	7.2
people	anastasia-pivnenko-PRNG6R1nSpQ-unsplash.jpg	jpegli	420	35	model_proj	26.486	35.638	2.6266	CjpegliYcbcr	7.2
people	anastasia-pivnenko-PRNG6R1nSpQ-unsplash.jpg	jpegli	420	55	identity_off	26.845	44.005	2.3720	CjpegliYcbcr	5.2
people	anastasia-pivnenko-PRNG6R1nSpQ-unsplash.jpg	jpegli	420	55	identity_auto	26.813	42.045	2.4204	CjpegliYcbcr	5.2
people	anastasia-pivnenko-PRNG6R1nSpQ-unsplash.jpg	jpegli	420	55	model_off	26.827	42.970	2.4137	CjpegliYcbcr	5.2
people	anastasia-pivnenko-PRNG6R1nSpQ-unsplash.jpg	jpegli	420	55	model_auto	26.813	41.718	2.4270	CjpegliYcbcr	5.2
people	anastasia-pivnenko-PRNG6R1nSpQ-unsplash.jpg	jpegli	420	55	model_policy	26.825	42.934	2.4133	CjpegliYcbcr	5.2
people	anastasia-pivnenko-PRNG6R1nSpQ-unsplash.jpg	jpegli	420	55	model_proj	26.825	42.932	2.4134	CjpegliYcbcr	5.2
people	anastasia-pivnenko-PRNG6R1nSpQ-unsplash.jpg	jpegli	420	75	identity_off	29.081	60.795	1.7077	CjpegliYcbcr	3.0
people	anastasia-pivnenko-PRNG6R1nSpQ-unsplash.jpg	jpegli	420	75	identity_auto	29.026	59.955	1.7424	CjpegliYcbcr	3.0
people	anastasia-pivnenko-PRNG6R1nSpQ-unsplash.jpg	jpegli	420	75	model_off	29.081	60.777	1.7076	CjpegliYcbcr	3.0
people	anastasia-pivnenko-PRNG6R1nSpQ-unsplash.jpg	jpegli	420	75	model_auto	29.023	59.917	1.7425	CjpegliYcbcr	3.0
people	anastasia-pivnenko-PRNG6R1nSpQ-unsplash.jpg	jpegli	420	75	model_policy	29.080	60.727	1.7086	CjpegliYcbcr	3.0
people	anastasia-pivnenko-PRNG6R1nSpQ-unsplash.jpg	jpegli	420	75	model_proj	29.080	60.764	1.7086	CjpegliYcbcr	3.0
people	anastasia-pivnenko-PRNG6R1nSpQ-unsplash.jpg	jpegli	420	90	identity_off	39.453	86.484	0.5388	CjpegliYcbcr	1.3
people	anastasia-pivnenko-PRNG6R1nSpQ-unsplash.jpg	jpegli	420	90	identity_auto	39.306	86.121	0.5717	CjpegliYcbcr	1.3
people	anastasia-pivnenko-PRNG6R1nSpQ-unsplash.jpg	jpegli	420	90	model_off	39.289	86.005	0.5428	CjpegliYcbcr	1.3
people	anastasia-pivnenko-PRNG6R1nSpQ-unsplash.jpg	jpegli	420	90	model_auto	39.129	85.534	0.5760	CjpegliYcbcr	1.3
people	anastasia-pivnenko-PRNG6R1nSpQ-unsplash.jpg	jpegli	420	90	model_policy	39.304	86.156	0.5437	CjpegliYcbcr	1.3
people	anastasia-pivnenko-PRNG6R1nSpQ-unsplash.jpg	jpegli	420	90	model_proj	39.290	86.225	0.5470	CjpegliYcbcr	1.3
people	anastasia-pivnenko-PRNG6R1nSpQ-unsplash.jpg	jpegli	444	15	identity_off	25.966	23.548	2.8818	CjpegliYcbcr	11.8
people	anastasia-pivnenko-PRNG6R1nSpQ-unsplash.jpg	jpegli	444	15	identity_auto	26.020	22.123	2.9145	CjpegliYcbcr	11.8
people	anastasia-pivnenko-PRNG6R1nSpQ-unsplash.jpg	jpegli	444	15	model_off	26.163	24.443	2.9088	CjpegliYcbcr	11.8
people	anastasia-pivnenko-PRNG6R1nSpQ-unsplash.jpg	jpegli	444	15	model_auto	26.148	23.370	2.9085	CjpegliYcbcr	11.8
people	anastasia-pivnenko-PRNG6R1nSpQ-unsplash.jpg	jpegli	444	15	model_policy	26.170	24.894	2.8934	CjpegliYcbcr	11.8
people	anastasia-pivnenko-PRNG6R1nSpQ-unsplash.jpg	jpegli	444	15	model_proj	26.171	24.904	2.8933	CjpegliYcbcr	11.8
people	anastasia-pivnenko-PRNG6R1nSpQ-unsplash.jpg	jpegli	444	35	identity_off	26.604	40.102	2.4752	CjpegliYcbcr	6.0
people	anastasia-pivnenko-PRNG6R1nSpQ-unsplash.jpg	jpegli	444	35	identity_auto	26.597	37.703	2.5321	CjpegliYcbcr	6.0
people	anastasia-pivnenko-PRNG6R1nSpQ-unsplash.jpg	jpegli	444	35	model_off	26.659	39.556	2.5151	CjpegliYcbcr	6.0
people	anastasia-pivnenko-PRNG6R1nSpQ-unsplash.jpg	jpegli	444	35	model_auto	26.643	37.975	2.5313	CjpegliYcbcr	6.0
people	anastasia-pivnenko-PRNG6R1nSpQ-unsplash.jpg	jpegli	444	35	model_policy	26.661	39.643	2.5117	CjpegliYcbcr	6.0
people	anastasia-pivnenko-PRNG6R1nSpQ-unsplash.jpg	jpegli	444	35	model_proj	26.661	39.652	2.5116	CjpegliYcbcr	6.0
people	anastasia-pivnenko-PRNG6R1nSpQ-unsplash.jpg	jpegli	444	55	identity_off	27.228	48.546	2.1910	CjpegliYcbcr	4.1
people	anastasia-pivnenko-PRNG6R1nSpQ-unsplash.jpg	jpegli	444	55	identity_auto	27.197	46.837	2.2476	CjpegliYcbcr	4.1
people	anastasia-pivnenko-PRNG6R1nSpQ-unsplash.jpg	jpegli	444	55	model_off	27.231	48.247	2.2197	CjpegliYcbcr	4.1
people	anastasia-pivnenko-PRNG6R1nSpQ-unsplash.jpg	jpegli	444	55	model_auto	27.198	46.760	2.2534	CjpegliYcbcr	4.1
people	anastasia-pivnenko-PRNG6R1nSpQ-unsplash.jpg	jpegli	444	55	model_policy	27.220	48.128	2.2265	CjpegliYcbcr	4.1
people	anastasia-pivnenko-PRNG6R1nSpQ-unsplash.jpg	jpegli	444	55	model_proj	27.220	48.099	2.2265	CjpegliYcbcr	4.1
people	anastasia-pivnenko-PRNG6R1nSpQ-unsplash.jpg	jpegli	444	75	identity_off	31.251	68.928	1.3701	CjpegliYcbcr	2.3
people	anastasia-pivnenko-PRNG6R1nSpQ-unsplash.jpg	jpegli	444	75	identity_auto	31.160	68.061	1.4107	CjpegliYcbcr	2.3
people	anastasia-pivnenko-PRNG6R1nSpQ-unsplash.jpg	jpegli	444	75	model_off	31.251	68.912	1.3707	CjpegliYcbcr	2.3
people	anastasia-pivnenko-PRNG6R1nSpQ-unsplash.jpg	jpegli	444	75	model_auto	31.151	68.008	1.4115	CjpegliYcbcr	2.3
people	anastasia-pivnenko-PRNG6R1nSpQ-unsplash.jpg	jpegli	444	75	model_policy	31.238	68.837	1.3726	CjpegliYcbcr	2.3
people	anastasia-pivnenko-PRNG6R1nSpQ-unsplash.jpg	jpegli	444	75	model_proj	31.238	68.839	1.3726	CjpegliYcbcr	2.3
people	anastasia-pivnenko-PRNG6R1nSpQ-unsplash.jpg	jpegli	444	90	identity_off	40.066	87.630	0.4659	CjpegliYcbcr	1.1
people	anastasia-pivnenko-PRNG6R1nSpQ-unsplash.jpg	jpegli	444	90	identity_auto	39.976	87.435	0.5014	CjpegliYcbcr	1.1
people	anastasia-pivnenko-PRNG6R1nSpQ-unsplash.jpg	jpegli	444	90	model_off	40.004	87.240	0.4705	CjpegliYcbcr	1.1
people	anastasia-pivnenko-PRNG6R1nSpQ-unsplash.jpg	jpegli	444	90	model_auto	39.863	86.737	0.5074	CjpegliYcbcr	1.1
people	anastasia-pivnenko-PRNG6R1nSpQ-unsplash.jpg	jpegli	444	90	model_policy	39.948	87.389	0.4721	CjpegliYcbcr	1.1
people	anastasia-pivnenko-PRNG6R1nSpQ-unsplash.jpg	jpegli	444	90	model_proj	39.959	87.475	0.4727	CjpegliYcbcr	1.1
people	anastasia-pivnenko-PRNG6R1nSpQ-unsplash.jpg	zenjpeg	420	15	identity_off	25.938	20.329	2.9737	CjpegliYcbcr	14.2
people	anastasia-pivnenko-PRNG6R1nSpQ-unsplash.jpg	zenjpeg	420	15	identity_auto	25.944	18.684	2.9930	CjpegliYcbcr	14.2
people	anastasia-pivnenko-PRNG6R1nSpQ-unsplash.jpg	zenjpeg	420	15	model_off	26.068	20.661	2.9817	CjpegliYcbcr	14.2
people	anastasia-pivnenko-PRNG6R1nSpQ-unsplash.jpg	zenjpeg	420	15	model_auto	26.050	19.666	2.9865	CjpegliYcbcr	14.2
people	anastasia-pivnenko-PRNG6R1nSpQ-unsplash.jpg	zenjpeg	420	15	model_policy	26.072	21.177	2.9735	CjpegliYcbcr	14.2
people	anastasia-pivnenko-PRNG6R1nSpQ-unsplash.jpg	zenjpeg	420	15	model_proj	26.072	21.179	2.9735	CjpegliYcbcr	14.2
people	anastasia-pivnenko-PRNG6R1nSpQ-unsplash.jpg	zenjpeg	420	35	identity_off	26.433	36.364	2.6043	CjpegliYcbcr	7.2
people	anastasia-pivnenko-PRNG6R1nSpQ-unsplash.jpg	zenjpeg	420	35	identity_auto	26.407	33.179	2.6499	CjpegliYcbcr	7.2
people	anastasia-pivnenko-PRNG6R1nSpQ-unsplash.jpg	zenjpeg	420	35	model_off	26.476	35.164	2.6400	CjpegliYcbcr	7.2
people	anastasia-pivnenko-PRNG6R1nSpQ-unsplash.jpg	zenjpeg	420	35	model_auto	26.458	33.504	2.6493	CjpegliYcbcr	7.2
people	anastasia-pivnenko-PRNG6R1nSpQ-unsplash.jpg	zenjpeg	420	35	model_policy	26.482	35.484	2.6321	CjpegliYcbcr	7.2
people	anastasia-pivnenko-PRNG6R1nSpQ-unsplash.jpg	zenjpeg	420	35	model_proj	26.482	35.493	2.6321	CjpegliYcbcr	7.2
people	anastasia-pivnenko-PRNG6R1nSpQ-unsplash.jpg	zenjpeg	420	55	identity_off	26.842	43.937	2.3743	CjpegliYcbcr	5.2
people	anastasia-pivnenko-PRNG6R1nSpQ-unsplash.jpg	zenjpeg	420	55	identity_auto	26.811	42.012	2.4219	CjpegliYcbcr	5.2
people	anastasia-pivnenko-PRNG6R1nSpQ-unsplash.jpg	zenjpeg	420	55	model_off	26.825	42.916	2.4149	CjpegliYcbcr	5.2
people	anastasia-pivnenko-PRNG6R1nSpQ-unsplash.jpg	zenjpeg	420	55	model_auto	26.810	41.732	2.4283	CjpegliYcbcr	5.2
people	anastasia-pivnenko-PRNG6R1nSpQ-unsplash.jpg	zenjpeg	420	55	model_policy	26.824	42.922	2.4144	CjpegliYcbcr	5.2
people	anastasia-pivnenko-PRNG6R1nSpQ-unsplash.jpg	zenjpeg	420	55	model_proj	26.824	42.924	2.4145	CjpegliYcbcr	5.2
people	anastasia-pivnenko-PRNG6R1nSpQ-unsplash.jpg	zenjpeg	420	75	identity_off	29.066	60.700	1.7126	CjpegliYcbcr	3.0
people	anastasia-pivnenko-PRNG6R1nSpQ-unsplash.jpg	zenjpeg	420	75	identity_auto	29.011	59.864	1.7465	CjpegliYcbcr	3.0
people	anastasia-pivnenko-PRNG6R1nSpQ-unsplash.jpg	zenjpeg	420	75	model_off	29.066	60.688	1.7126	CjpegliYcbcr	3.0
people	anastasia-pivnenko-PRNG6R1nSpQ-unsplash.jpg	zenjpeg	420	75	model_auto	29.008	59.809	1.7466	CjpegliYcbcr	3.0
people	anastasia-pivnenko-PRNG6R1nSpQ-unsplash.jpg	zenjpeg	420	75	model_policy	29.064	60.638	1.7136	CjpegliYcbcr	3.0
people	anastasia-pivnenko-PRNG6R1nSpQ-unsplash.jpg	zenjpeg	420	75	model_proj	29.064	60.615	1.7136	CjpegliYcbcr	3.0
people	anastasia-pivnenko-PRNG6R1nSpQ-unsplash.jpg	zenjpeg	420	90	identity_off	39.438	86.199	0.5410	CjpegliYcbcr	1.3
people	anastasia-pivnenko-PRNG6R1nSpQ-unsplash.jpg	zenjpeg	420	90	identity_auto	39.292	85.916	0.5733	CjpegliYcbcr	1.3
people	anastasia-pivnenko-PRNG6R1nSpQ-unsplash.jpg	zenjpeg	420	90	model_off	39.280	85.850	0.5449	CjpegliYcbcr	1.3
people	anastasia-pivnenko-PRNG6R1nSpQ-unsplash.jpg	zenjpeg	420	90	model_auto	39.120	85.364	0.5776	CjpegliYcbcr	1.3
people	anastasia-pivnenko-PRNG6R1nSpQ-unsplash.jpg	zenjpeg	420	90	model_policy	39.292	85.955	0.5457	CjpegliYcbcr	1.3
people	anastasia-pivnenko-PRNG6R1nSpQ-unsplash.jpg	zenjpeg	420	90	model_proj	39.278	86.110	0.5492	CjpegliYcbcr	1.3
people	anastasia-pivnenko-PRNG6R1nSpQ-unsplash.jpg	zenjpeg	444	15	identity_off	25.964	23.418	2.8829	CjpegliYcbcr	11.8
people	anastasia-pivnenko-PRNG6R1nSpQ-unsplash.jpg	zenjpeg	444	15	identity_auto	26.018	21.928	2.9158	CjpegliYcbcr	11.8
people	anastasia-pivnenko-PRNG6R1nSpQ-unsplash.jpg	zenjpeg	444	15	model_off	26.162	24.326	2.9068	CjpegliYcbcr	11.8
people	anastasia-pivnenko-PRNG6R1nSpQ-unsplash.jpg	zenjpeg	444	15	model_auto	26.146	23.197	2.9085	CjpegliYcbcr	11.8
people	anastasia-pivnenko-PRNG6R1nSpQ-unsplash.jpg	zenjpeg	444	15	model_policy	26.169	24.744	2.8935	CjpegliYcbcr	11.8
people	anastasia-pivnenko-PRNG6R1nSpQ-unsplash.jpg	zenjpeg	444	15	model_proj	26.169	24.753	2.8935	CjpegliYcbcr	11.8
people	anastasia-pivnenko-PRNG6R1nSpQ-unsplash.jpg	zenjpeg	444	35	identity_off	26.598	39.996	2.4775	CjpegliYcbcr	6.0
people	anastasia-pivnenko-PRNG6R1nSpQ-unsplash.jpg	zenjpeg	444	35	identity_auto	26.591	37.594	2.5338	CjpegliYcbcr	6.0
people	anastasia-pivnenko-PRNG6R1nSpQ-unsplash.jpg	zenjpeg	444	35	model_off	26.654	39.532	2.5172	CjpegliYcbcr	6.0
people	anastasia-pivnenko-PRNG6R1nSpQ-unsplash.jpg	zenjpeg	444	35	model_auto	26.639	37.929	2.5333	CjpegliYcbcr	6.0
people	anastasia-pivnenko-PRNG6R1nSpQ-unsplash.jpg	zenjpeg	444	35	model_policy	26.656	39.557	2.5139	CjpegliYcbcr	6.0
people	anastasia-pivnenko-PRNG6R1nSpQ-unsplash.jpg	zenjpeg	444	35	model_proj	26.656	39.565	2.5139	CjpegliYcbcr	6.0
people	anastasia-pivnenko-PRNG6R1nSpQ-unsplash.jpg	zenjpeg	444	55	identity_off	27.220	48.373	2.1942	CjpegliYcbcr	4.1
people	anastasia-pivnenko-PRNG6R1nSpQ-unsplash.jpg	zenjpeg	444	55	identity_auto	27.189	46.660	2.2513	CjpegliYcbcr	4.1
people	anastasia-pivnenko-PRNG6R1nSpQ-unsplash.jpg	zenjpeg	444	55	model_off	27.224	48.101	2.2235	CjpegliYcbcr	4.1
people	anastasia-pivnenko-PRNG6R1nSpQ-unsplash.jpg	zenjpeg	444	55	model_auto	27.191	46.572	2.2567	CjpegliYcbcr	4.1
people	anastasia-pivnenko-PRNG6R1nSpQ-unsplash.jpg	zenjpeg	444	55	model_policy	27.212	47.937	2.2299	CjpegliYcbcr	4.1
people	anastasia-pivnenko-PRNG6R1nSpQ-unsplash.jpg	zenjpeg	444	55	model_proj	27.212	47.937	2.2299	CjpegliYcbcr	4.1
people	anastasia-pivnenko-PRNG6R1nSpQ-unsplash.jpg	zenjpeg	444	75	identity_off	31.222	68.794	1.3777	CjpegliYcbcr	2.3
people	anastasia-pivnenko-PRNG6R1nSpQ-unsplash.jpg	zenjpeg	444	75	identity_auto	31.132	67.935	1.4180	CjpegliYcbcr	2.3
people	anastasia-pivnenko-PRNG6R1nSpQ-unsplash.jpg	zenjpeg	444	75	model_off	31.221	68.766	1.3783	CjpegliYcbcr	2.3
people	anastasia-pivnenko-PRNG6R1nSpQ-unsplash.jpg	zenjpeg	444	75	model_auto	31.123	67.874	1.4187	CjpegliYcbcr	2.3
people	anastasia-pivnenko-PRNG6R1nSpQ-unsplash.jpg	zenjpeg	444	75	model_policy	31.209	68.655	1.3801	CjpegliYcbcr	2.3
people	anastasia-pivnenko-PRNG6R1nSpQ-unsplash.jpg	zenjpeg	444	75	model_proj	31.209	68.635	1.3801	CjpegliYcbcr	2.3
people	anastasia-pivnenko-PRNG6R1nSpQ-unsplash.jpg	zenjpeg	444	90	identity_off	40.032	87.756	0.4678	CjpegliYcbcr	1.1
people	anastasia-pivnenko-PRNG6R1nSpQ-unsplash.jpg	zenjpeg	444	90	identity_auto	39.942	87.504	0.5014	CjpegliYcbcr	1.1
people	anastasia-pivnenko-PRNG6R1nSpQ-unsplash.jpg	zenjpeg	444	90	model_off	39.971	87.354	0.4721	CjpegliYcbcr	1.1
people	anastasia-pivnenko-PRNG6R1nSpQ-unsplash.jpg	zenjpeg	444	90	model_auto	39.830	86.815	0.5071	CjpegliYcbcr	1.1
people	anastasia-pivnenko-PRNG6R1nSpQ-unsplash.jpg	zenjpeg	444	90	model_policy	39.915	87.477	0.4740	CjpegliYcbcr	1.1
people	anastasia-pivnenko-PRNG6R1nSpQ-unsplash.jpg	zenjpeg	444	90	model_proj	39.924	87.544	0.4748	CjpegliYcbcr	1.1
people	ashford-marx-5nEMKAK1WQs-unsplash.jpg	turbo	420	15	identity_off	26.150	29.162	2.9807	Unknown	15.0
people	ashford-marx-5nEMKAK1WQs-unsplash.jpg	turbo	420	15	identity_auto	26.420	27.684	2.9476	Unknown	15.0
people	ashford-marx-5nEMKAK1WQs-unsplash.jpg	turbo	420	15	model_off	26.746	33.365	2.8795	Unknown	15.0
people	ashford-marx-5nEMKAK1WQs-unsplash.jpg	turbo	420	15	model_auto	26.682	30.065	2.9178	Unknown	15.0
people	ashford-marx-5nEMKAK1WQs-unsplash.jpg	turbo	420	15	model_policy	26.727	33.185	2.8792	Unknown	15.0
people	ashford-marx-5nEMKAK1WQs-unsplash.jpg	turbo	420	15	model_proj	26.727	33.183	2.8792	Unknown	15.0
people	ashford-marx-5nEMKAK1WQs-unsplash.jpg	turbo	420	35	identity_off	29.341	61.136	1.7757	ImageMagick	35.0
people	ashford-marx-5nEMKAK1WQs-unsplash.jpg	turbo	420	35	identity_auto	29.509	59.252	1.7851	ImageMagick	35.0
people	ashford-marx-5nEMKAK1WQs-unsplash.jpg	turbo	420	35	model_off	29.916	62.920	1.7026	ImageMagick	35.0
people	ashford-marx-5nEMKAK1WQs-unsplash.jpg	turbo	420	35	model_auto	29.810	60.384	1.7524	ImageMagick	35.0
people	ashford-marx-5nEMKAK1WQs-unsplash.jpg	turbo	420	35	model_policy	29.914	63.012	1.7002	ImageMagick	35.0
people	ashford-marx-5nEMKAK1WQs-unsplash.jpg	turbo	420	35	model_proj	29.914	63.013	1.7002	ImageMagick	35.0
people	ashford-marx-5nEMKAK1WQs-unsplash.jpg	turbo	420	55	identity_off	31.204	70.958	1.3964	ImageMagick	55.0
people	ashford-marx-5nEMKAK1WQs-unsplash.jpg	turbo	420	55	identity_auto	31.331	69.630	1.4083	ImageMagick	55.0
people	ashford-marx-5nEMKAK1WQs-unsplash.jpg	turbo	420	55	model_off	31.710	72.142	1.3392	ImageMagick	55.0
people	ashford-marx-5nEMKAK1WQs-unsplash.jpg	turbo	420	55	model_auto	31.607	70.412	1.3784	ImageMagick	55.0
people	ashford-marx-5nEMKAK1WQs-unsplash.jpg	turbo	420	55	model_policy	31.721	72.220	1.3363	ImageMagick	55.0
people	ashford-marx-5nEMKAK1WQs-unsplash.jpg	turbo	420	55	model_proj	31.721	72.213	1.3363	ImageMagick	55.0
people	ashford-marx-5nEMKAK1WQs-unsplash.jpg	turbo	420	75	identity_off	33.791	79.479	1.0193	ImageMagick	75.0
people	ashford-marx-5nEMKAK1WQs-unsplash.jpg	turbo	420	75	identity_auto	33.881	78.821	1.0154	ImageMagick	75.0
people	ashford-marx-5nEMKAK1WQs-unsplash.jpg	turbo	420	75	model_off	34.121	80.068	0.9830	ImageMagick	75.0
people	ashford-marx-5nEMKAK1WQs-unsplash.jpg	turbo	420	75	model_auto	34.061	79.142	0.9988	ImageMagick	75.0
people	ashford-marx-5nEMKAK1WQs-unsplash.jpg	turbo	420	75	model_policy	34.177	80.152	0.9766	ImageMagick	75.0
people	ashford-marx-5nEMKAK1WQs-unsplash.jpg	turbo	420	75	model_proj	34.177	80.143	0.9765	ImageMagick	75.0
people	ashford-marx-5nEMKAK1WQs-unsplash.jpg	turbo	420	90	identity_off	38.793	88.490	0.5469	ImageMagick	90.0
people	ashford-marx-5nEMKAK1WQs-unsplash.jpg	turbo	420	90	identity_auto	38.758	88.384	0.5684	ImageMagick	90.0
people	ashford-marx-5nEMKAK1WQs-unsplash.jpg	turbo	420	90	model_off	38.926	88.659	0.5377	ImageMagick	90.0
people	ashford-marx-5nEMKAK1WQs-unsplash.jpg	turbo	420	90	model_auto	38.868	88.547	0.5621	ImageMagick	90.0
people	ashford-marx-5nEMKAK1WQs-unsplash.jpg	turbo	420	90	model_policy	38.949	88.632	0.5334	ImageMagick	90.0
people	ashford-marx-5nEMKAK1WQs-unsplash.jpg	turbo	420	90	model_proj	38.962	88.645	0.5323	ImageMagick	90.0
people	ashford-marx-5nEMKAK1WQs-unsplash.jpg	turbo	444	15	identity_off	26.272	33.052	2.9210	Unknown	15.0
people	ashford-marx-5nEMKAK1WQs-unsplash.jpg	turbo	444	15	identity_auto	26.620	32.273	2.8772	Unknown	15.0
people	ashford-marx-5nEMKAK1WQs-unsplash.jpg	turbo	444	15	model_off	26.932	37.396	2.8139	Unknown	15.0
people	ashford-marx-5nEMKAK1WQs-unsplash.jpg	turbo	444	15	model_auto	26.906	34.530	2.8464	Unknown	15.0
people	ashford-marx-5nEMKAK1WQs-unsplash.jpg	turbo	444	15	model_policy	26.913	37.251	2.8142	Unknown	15.0
people	ashford-marx-5nEMKAK1WQs-unsplash.jpg	turbo	444	15	model_proj	26.913	37.247	2.8141	Unknown	15.0
people	ashford-marx-5nEMKAK1WQs-unsplash.jpg	turbo	444	35	identity_off	29.548	64.308	1.7526	ImageMagick	35.0
people	ashford-marx-5nEMKAK1WQs-unsplash.jpg	turbo	444	35	identity_auto	29.775	62.598	1.7555	ImageMagick	35.0
people	ashford-marx-5nEMKAK1WQs-unsplash.jpg	turbo	444	35	model_off	30.164	66.040	1.6779	ImageMagick	35.0
people	ashford-marx-5nEMKAK1WQs-unsplash.jpg	turbo	444	35	model_auto	30.086	63.596	1.7236	ImageMagick	35.0
people	ashford-marx-5nEMKAK1WQs-unsplash.jpg	turbo	444	35	model_policy	30.161	66.169	1.6752	ImageMagick	35.0
people	ashford-marx-5nEMKAK1WQs-unsplash.jpg	turbo	444	35	model_proj	30.161	66.157	1.6751	ImageMagick	35.0
people	ashford-marx-5nEMKAK1WQs-unsplash.jpg	turbo	444	55	identity_off	31.457	73.591	1.3826	ImageMagick	55.0
people	ashford-marx-5nEMKAK1WQs-unsplash.jpg	turbo	444	55	identity_auto	31.626	72.421	1.3916	ImageMagick	55.0
people	ashford-marx-5nEMKAK1WQs-unsplash.jpg	turbo	444	55	model_off	31.994	74.775	1.3260	ImageMagick	55.0
people	ashford-marx-5nEMKAK1WQs-unsplash.jpg	turbo	444	55	model_auto	31.906	73.092	1.3628	ImageMagick	55.0
people	ashford-marx-5nEMKAK1WQs-unsplash.jpg	turbo	444	55	model_policy	32.007	74.847	1.3223	ImageMagick	55.0
people	ashford-marx-5nEMKAK1WQs-unsplash.jpg	turbo	444	55	model_proj	32.007	74.866	1.3222	ImageMagick	55.0
people	ashford-marx-5nEMKAK1WQs-unsplash.jpg	turbo	444	75	identity_off	34.140	81.563	1.0099	ImageMagick	75.0
people	ashford-marx-5nEMKAK1WQs-unsplash.jpg	turbo	444	75	identity_auto	34.259	80.984	1.0041	ImageMagick	75.0
people	ashford-marx-5nEMKAK1WQs-unsplash.jpg	turbo	444	75	model_off	34.488	82.156	0.9751	ImageMagick	75.0
people	ashford-marx-5nEMKAK1WQs-unsplash.jpg	turbo	444	75	model_auto	34.438	81.262	0.9888	ImageMagick	75.0
people	ashford-marx-5nEMKAK1WQs-unsplash.jpg	turbo	444	75	model_policy	34.543	82.254	0.9687	ImageMagick	75.0
people	ashford-marx-5nEMKAK1WQs-unsplash.jpg	turbo	444	75	model_proj	34.544	82.265	0.9686	ImageMagick	75.0
people	ashford-marx-5nEMKAK1WQs-unsplash.jpg	turbo	444	90	identity_off	39.560	90.090	0.5380	ImageMagick	90.0
people	ashford-marx-5nEMKAK1WQs-unsplash.jpg	turbo	444	90	identity_auto	39.532	90.003	0.5590	ImageMagick	90.0
people	ashford-marx-5nEMKAK1WQs-unsplash.jpg	turbo	444	90	model_off	39.707	90.216	0.5288	ImageMagick	90.0
people	ashford-marx-5nEMKAK1WQs-unsplash.jpg	turbo	444	90	model_auto	39.637	90.019	0.5525	ImageMagick	90.0
people	ashford-marx-5nEMKAK1WQs-unsplash.jpg	turbo	444	90	model_policy	39.719	90.213	0.5255	ImageMagick	90.0
people	ashford-marx-5nEMKAK1WQs-unsplash.jpg	turbo	444	90	model_proj	39.731	90.205	0.5256	ImageMagick	90.0
people	ashford-marx-5nEMKAK1WQs-unsplash.jpg	mozjpeg	420	15	identity_off	24.894	15.974	3.6097	Mozjpeg	15.0
people	ashford-marx-5nEMKAK1WQs-unsplash.jpg	mozjpeg	420	15	identity_auto	25.049	12.231	3.5980	Mozjpeg	15.0
people	ashford-marx-5nEMKAK1WQs-unsplash.jpg	mozjpeg	420	15	model_off	25.385	19.625	3.5029	Mozjpeg	15.0
people	ashford-marx-5nEMKAK1WQs-unsplash.jpg	mozjpeg	420	15	model_auto	25.282	15.662	3.5597	Mozjpeg	15.0
people	ashford-marx-5nEMKAK1WQs-unsplash.jpg	mozjpeg	420	15	model_policy	25.365	19.499	3.5026	Mozjpeg	15.0
people	ashford-marx-5nEMKAK1WQs-unsplash.jpg	mozjpeg	420	15	model_proj	25.365	19.497	3.5026	Mozjpeg	15.0
people	ashford-marx-5nEMKAK1WQs-unsplash.jpg	mozjpeg	420	35	identity_off	28.253	54.949	2.0768	Mozjpeg	35.0
people	ashford-marx-5nEMKAK1WQs-unsplash.jpg	mozjpeg	420	35	identity_auto	28.399	52.478	2.0900	Mozjpeg	35.0
people	ashford-marx-5nEMKAK1WQs-unsplash.jpg	mozjpeg	420	35	model_off	28.762	56.622	2.0096	Mozjpeg	35.0
people	ashford-marx-5nEMKAK1WQs-unsplash.jpg	mozjpeg	420	35	model_auto	28.683	53.997	2.0552	Mozjpeg	35.0
people	ashford-marx-5nEMKAK1WQs-unsplash.jpg	mozjpeg	420	35	model_policy	28.754	56.693	2.0056	Mozjpeg	35.0
people	ashford-marx-5nEMKAK1WQs-unsplash.jpg	mozjpeg	420	35	model_proj	28.754	56.686	2.0056	Mozjpeg	35.0
people	ashford-marx-5nEMKAK1WQs-unsplash.jpg	mozjpeg	420	55	identity_off	30.128	67.330	1.6003	Mozjpeg	55.0
people	ashford-marx-5nEMKAK1WQs-unsplash.jpg	mozjpeg	420	55	identity_auto	30.245	65.730	1.6175	Mozjpeg	55.0
people	ashford-marx-5nEMKAK1WQs-unsplash.jpg	mozjpeg	420	55	model_off	30.599	68.363	1.5474	Mozjpeg	55.0
people	ashford-marx-5nEMKAK1WQs-unsplash.jpg	mozjpeg	420	55	model_auto	30.535	66.658	1.5853	Mozjpeg	55.0
people	ashford-marx-5nEMKAK1WQs-unsplash.jpg	mozjpeg	420	55	model_policy	30.597	68.410	1.5450	Mozjpeg	55.0
people	ashford-marx-5nEMKAK1WQs-unsplash.jpg	mozjpeg	420	55	model_proj	30.597	68.410	1.5450	Mozjpeg	55.0
people	ashford-marx-5nEMKAK1WQs-unsplash.jpg	mozjpeg	420	75	identity_off	32.667	77.606	1.1678	Mozjpeg	75.0
people	ashford-marx-5nEMKAK1WQs-unsplash.jpg	mozjpeg	420	75	identity_auto	32.739	76.869	1.1685	Mozjpeg	75.0
people	ashford-marx-5nEMKAK1WQs-unsplash.jpg	mozjpeg	420	75	model_off	33.021	78.130	1.1386	Mozjpeg	75.0
people	ashford-marx-5nEMKAK1WQs-unsplash.jpg	mozjpeg	420	75	model_auto	32.964	77.273	1.1505	Mozjpeg	75.0
people	ashford-marx-5nEMKAK1WQs-unsplash.jpg	mozjpeg	420	75	model_policy	33.035	78.173	1.1355	Mozjpeg	75.0
people	ashford-marx-5nEMKAK1WQs-unsplash.jpg	mozjpeg	420	75	model_proj	33.035	78.169	1.1355	Mozjpeg	75.0
people	ashford-marx-5nEMKAK1WQs-unsplash.jpg	mozjpeg	420	90	identity_off	37.207	87.021	0.6759	Mozjpeg	90.0
people	ashford-marx-5nEMKAK1WQs-unsplash.jpg	mozjpeg	420	90	identity_auto	37.195	86.919	0.7030	Mozjpeg	90.0
people	ashford-marx-5nEMKAK1WQs-unsplash.jpg	mozjpeg	420	90	model_off	37.337	87.116	0.6686	Mozjpeg	90.0
people	ashford-marx-5nEMKAK1WQs-unsplash.jpg	mozjpeg	420	90	model_auto	37.302	86.944	0.6947	Mozjpeg	90.0
people	ashford-marx-5nEMKAK1WQs-unsplash.jpg	mozjpeg	420	90	model_policy	37.373	87.159	0.6660	Mozjpeg	90.0
people	ashford-marx-5nEMKAK1WQs-unsplash.jpg	mozjpeg	420	90	model_proj	37.376	87.150	0.6656	Mozjpeg	90.0
people	ashford-marx-5nEMKAK1WQs-unsplash.jpg	mozjpeg	444	15	identity_off	24.986	18.750	3.5662	Mozjpeg	15.0
people	ashford-marx-5nEMKAK1WQs-unsplash.jpg	mozjpeg	444	15	identity_auto	25.184	15.440	3.5495	Mozjpeg	15.0
people	ashford-marx-5nEMKAK1WQs-unsplash.jpg	mozjpeg	444	15	model_off	25.511	22.100	3.4590	Mozjpeg	15.0
people	ashford-marx-5nEMKAK1WQs-unsplash.jpg	mozjpeg	444	15	model_auto	25.425	18.471	3.5123	Mozjpeg	15.0
people	ashford-marx-5nEMKAK1WQs-unsplash.jpg	mozjpeg	444	15	model_policy	25.490	21.960	3.4577	Mozjpeg	15.0
people	ashford-marx-5nEMKAK1WQs-unsplash.jpg	mozjpeg	444	15	model_proj	25.490	21.960	3.4577	Mozjpeg	15.0
people	ashford-marx-5nEMKAK1WQs-unsplash.jpg	mozjpeg	444	35	identity_off	28.405	57.578	2.0626	Mozjpeg	35.0
people	ashford-marx-5nEMKAK1WQs-unsplash.jpg	mozjpeg	444	35	identity_auto	28.587	55.360	2.0719	Mozjpeg	35.0
people	ashford-marx-5nEMKAK1WQs-unsplash.jpg	mozjpeg	444	35	model_off	28.936	59.229	1.9943	Mozjpeg	35.0
people	ashford-marx-5nEMKAK1WQs-unsplash.jpg	mozjpeg	444	35	model_auto	28.873	56.716	2.0375	Mozjpeg	35.0
people	ashford-marx-5nEMKAK1WQs-unsplash.jpg	mozjpeg	444	35	model_policy	28.926	59.261	1.9908	Mozjpeg	35.0
people	ashford-marx-5nEMKAK1WQs-unsplash.jpg	mozjpeg	444	35	model_proj	28.926	59.263	1.9907	Mozjpeg	35.0
people	ashford-marx-5nEMKAK1WQs-unsplash.jpg	mozjpeg	444	55	identity_off	30.300	69.154	1.5897	Mozjpeg	55.0
people	ashford-marx-5nEMKAK1WQs-unsplash.jpg	mozjpeg	444	55	identity_auto	30.443	67.679	1.6038	Mozjpeg	55.0
people	ashford-marx-5nEMKAK1WQs-unsplash.jpg	mozjpeg	444	55	model_off	30.782	70.110	1.5367	Mozjpeg	55.0
people	ashford-marx-5nEMKAK1WQs-unsplash.jpg	mozjpeg	444	55	model_auto	30.727	68.483	1.5733	Mozjpeg	55.0
people	ashford-marx-5nEMKAK1WQs-unsplash.jpg	mozjpeg	444	55	model_policy	30.777	70.093	1.5346	Mozjpeg	55.0
people	ashford-marx-5nEMKAK1WQs-unsplash.jpg	mozjpeg	444	55	model_proj	30.777	70.092	1.5345	Mozjpeg	55.0
people	ashford-marx-5nEMKAK1WQs-unsplash.jpg	mozjpeg	444	75	identity_off	32.888	79.112	1.1607	Mozjpeg	75.0
people	ashford-marx-5nEMKAK1WQs-unsplash.jpg	mozjpeg	444	75	identity_auto	32.979	78.413	1.1599	Mozjpeg	75.0
people	ashford-marx-5nEMKAK1WQs-unsplash.jpg	mozjpeg	444	75	model_off	33.245	79.568	1.1314	Mozjpeg	75.0
people	ashford-marx-5nEMKAK1WQs-unsplash.jpg	mozjpeg	444	75	model_auto	33.189	78.663	1.1434	Mozjpeg	75.0
people	ashford-marx-5nEMKAK1WQs-unsplash.jpg	mozjpeg	444	75	model_policy	33.257	79.581	1.1282	Mozjpeg	75.0
people	ashford-marx-5nEMKAK1WQs-unsplash.jpg	mozjpeg	444	75	model_proj	33.257	79.583	1.1281	Mozjpeg	75.0
people	ashford-marx-5nEMKAK1WQs-unsplash.jpg	mozjpeg	444	90	identity_off	37.563	88.049	0.6709	Mozjpeg	90.0
people	ashford-marx-5nEMKAK1WQs-unsplash.jpg	mozjpeg	444	90	identity_auto	37.554	87.932	0.6975	Mozjpeg	90.0
people	ashford-marx-5nEMKAK1WQs-unsplash.jpg	mozjpeg	444	90	model_off	37.689	88.102	0.6631	Mozjpeg	90.0
people	ashford-marx-5nEMKAK1WQs-unsplash.jpg	mozjpeg	444	90	model_auto	37.648	87.912	0.6891	Mozjpeg	90.0
people	ashford-marx-5nEMKAK1WQs-unsplash.jpg	mozjpeg	444	90	model_policy	37.717	88.048	0.6617	Mozjpeg	90.0
people	ashford-marx-5nEMKAK1WQs-unsplash.jpg	mozjpeg	444	90	model_proj	37.721	88.112	0.6609	Mozjpeg	90.0
people	ashford-marx-5nEMKAK1WQs-unsplash.jpg	jpegli	420	15	identity_off	25.949	40.904	2.8166	CjpegliYcbcr	14.2
people	ashford-marx-5nEMKAK1WQs-unsplash.jpg	jpegli	420	15	identity_auto	26.116	35.704	2.8490	CjpegliYcbcr	14.2
people	ashford-marx-5nEMKAK1WQs-unsplash.jpg	jpegli	420	15	model_off	26.433	42.444	2.7509	CjpegliYcbcr	14.2
people	ashford-marx-5nEMKAK1WQs-unsplash.jpg	jpegli	420	15	model_auto	26.369	38.250	2.8106	CjpegliYcbcr	14.2
people	ashford-marx-5nEMKAK1WQs-unsplash.jpg	jpegli	420	15	model_policy	26.419	42.468	2.7485	CjpegliYcbcr	14.2
people	ashford-marx-5nEMKAK1WQs-unsplash.jpg	jpegli	420	15	model_proj	26.419	42.472	2.7485	CjpegliYcbcr	14.2
people	ashford-marx-5nEMKAK1WQs-unsplash.jpg	jpegli	420	35	identity_off	28.484	60.645	1.9665	CjpegliYcbcr	7.2
people	ashford-marx-5nEMKAK1WQs-unsplash.jpg	jpegli	420	35	identity_auto	28.651	58.365	1.9634	CjpegliYcbcr	7.2
people	ashford-marx-5nEMKAK1WQs-unsplash.jpg	jpegli	420	35	model_off	28.953	61.558	1.9074	CjpegliYcbcr	7.2
people	ashford-marx-5nEMKAK1WQs-unsplash.jpg	jpegli	420	35	model_auto	28.944	59.515	1.9301	CjpegliYcbcr	7.2
people	ashford-marx-5nEMKAK1WQs-unsplash.jpg	jpegli	420	35	model_policy	28.946	61.589	1.9054	CjpegliYcbcr	7.2
people	ashford-marx-5nEMKAK1WQs-unsplash.jpg	jpegli	420	35	model_proj	28.946	61.583	1.9053	CjpegliYcbcr	7.2
people	ashford-marx-5nEMKAK1WQs-unsplash.jpg	jpegli	420	55	identity_off	30.111	68.289	1.6019	CjpegliYcbcr	5.2
people	ashford-marx-5nEMKAK1WQs-unsplash.jpg	jpegli	420	55	identity_auto	30.255	67.223	1.6078	CjpegliYcbcr	5.2
people	ashford-marx-5nEMKAK1WQs-unsplash.jpg	jpegli	420	55	model_off	30.518	68.991	1.5559	CjpegliYcbcr	5.2
people	ashford-marx-5nEMKAK1WQs-unsplash.jpg	jpegli	420	55	model_auto	30.522	67.855	1.5797	CjpegliYcbcr	5.2
people	ashford-marx-5nEMKAK1WQs-unsplash.jpg	jpegli	420	55	model_policy	30.515	69.020	1.5543	CjpegliYcbcr	5.2
people	ashford-marx-5nEMKAK1WQs-unsplash.jpg	jpegli	420	55	model_proj	30.515	69.015	1.5543	CjpegliYcbcr	5.2
people	ashford-marx-5nEMKAK1WQs-unsplash.jpg	jpegli	420	75	identity_off	32.980	77.553	1.1284	CjpegliYcbcr	3.0
people	ashford-marx-5nEMKAK1WQs-unsplash.jpg	jpegli	420	75	identity_auto	33.058	77.082	1.1417	CjpegliYcbcr	3.0
people	ashford-marx-5nEMKAK1WQs-unsplash.jpg	jpegli	420	75	model_off	33.227	77.973	1.1051	CjpegliYcbcr	3.0
people	ashford-marx-5nEMKAK1WQs-unsplash.jpg	jpegli	420	75	model_auto	33.217	77.366	1.1270	CjpegliYcbcr	3.0
people	ashford-marx-5nEMKAK1WQs-unsplash.jpg	jpegli	420	75	model_policy	33.248	77.926	1.1016	CjpegliYcbcr	3.0
people	ashford-marx-5nEMKAK1WQs-unsplash.jpg	jpegli	420	75	model_proj	33.250	77.962	1.1013	CjpegliYcbcr	3.0
people	ashford-marx-5nEMKAK1WQs-unsplash.jpg	jpegli	420	90	identity_off	37.827	86.952	0.6011	CjpegliYcbcr	1.3
people	ashford-marx-5nEMKAK1WQs-unsplash.jpg	jpegli	420	90	identity_auto	37.797	86.852	0.6316	CjpegliYcbcr	1.3
people	ashford-marx-5nEMKAK1WQs-unsplash.jpg	jpegli	420	90	model_off	37.913	87.110	0.5982	CjpegliYcbcr	1.3
people	ashford-marx-5nEMKAK1WQs-unsplash.jpg	jpegli	420	90	model_auto	37.876	86.957	0.6269	CjpegliYcbcr	1.3
people	ashford-marx-5nEMKAK1WQs-unsplash.jpg	jpegli	420	90	model_policy	37.926	87.036	0.5937	CjpegliYcbcr	1.3
people	ashford-marx-5nEMKAK1WQs-unsplash.jpg	jpegli	420	90	model_proj	37.935	87.195	0.5940	CjpegliYcbcr	1.3
people	ashford-marx-5nEMKAK1WQs-unsplash.jpg	jpegli	444	15	identity_off	26.566	45.631	2.5262	CjpegliYcbcr	11.8
people	ashford-marx-5nEMKAK1WQs-unsplash.jpg	jpegli	444	15	identity_auto	26.787	42.310	2.5425	CjpegliYcbcr	11.8
people	ashford-marx-5nEMKAK1WQs-unsplash.jpg	jpegli	444	15	model_off	27.150	48.137	2.4515	CjpegliYcbcr	11.8
people	ashford-marx-5nEMKAK1WQs-unsplash.jpg	jpegli	444	15	model_auto	27.117	44.986	2.4986	CjpegliYcbcr	11.8
people	ashford-marx-5nEMKAK1WQs-unsplash.jpg	jpegli	444	15	model_policy	27.142	48.177	2.4477	CjpegliYcbcr	11.8
people	ashford-marx-5nEMKAK1WQs-unsplash.jpg	jpegli	444	15	model_proj	27.142	48.172	2.4477	CjpegliYcbcr	11.8
people	ashford-marx-5nEMKAK1WQs-unsplash.jpg	jpegli	444	35	identity_off	29.340	64.643	1.7441	CjpegliYcbcr	6.0
people	ashford-marx-5nEMKAK1WQs-unsplash.jpg	jpegli	444	35	identity_auto	29.520	63.017	1.7543	CjpegliYcbcr	6.0
people	ashford-marx-5nEMKAK1WQs-unsplash.jpg	jpegli	444	35	model_off	29.834	65.753	1.6891	CjpegliYcbcr	6.0
people	ashford-marx-5nEMKAK1WQs-unsplash.jpg	jpegli	444	35	model_auto	29.826	64.092	1.7212	CjpegliYcbcr	6.0
people	ashford-marx-5nEMKAK1WQs-unsplash.jpg	jpegli	444	35	model_policy	29.832	65.800	1.6875	CjpegliYcbcr	6.0
people	ashford-marx-5nEMKAK1WQs-unsplash.jpg	jpegli	444	35	model_proj	29.832	65.802	1.6875	CjpegliYcbcr	6.0
people	ashford-marx-5nEMKAK1WQs-unsplash.jpg	jpegli	444	55	identity_off	31.044	71.694	1.4182	CjpegliYcbcr	4.1
people	ashford-marx-5nEMKAK1WQs-unsplash.jpg	jpegli	444	55	identity_auto	31.198	70.868	1.4315	CjpegliYcbcr	4.1
people	ashford-marx-5nEMKAK1WQs-unsplash.jpg	jpegli	444	55	model_off	31.462	72.553	1.3772	CjpegliYcbcr	4.1
people	ashford-marx-5nEMKAK1WQs-unsplash.jpg	jpegli	444	55	model_auto	31.454	71.497	1.4063	CjpegliYcbcr	4.1
people	ashford-marx-5nEMKAK1WQs-unsplash.jpg	jpegli	444	55	model_policy	31.472	72.591	1.3737	CjpegliYcbcr	4.1
people	ashford-marx-5nEMKAK1WQs-unsplash.jpg	jpegli	444	55	model_proj	31.472	72.586	1.3737	CjpegliYcbcr	4.1
people	ashford-marx-5nEMKAK1WQs-unsplash.jpg	jpegli	444	75	identity_off	33.901	79.919	0.9953	CjpegliYcbcr	2.3
people	ashford-marx-5nEMKAK1WQs-unsplash.jpg	jpegli	444	75	identity_auto	33.994	79.558	1.0171	CjpegliYcbcr	2.3
people	ashford-marx-5nEMKAK1WQs-unsplash.jpg	jpegli	444	75	model_off	34.159	80.417	0.9765	CjpegliYcbcr	2.3
people	ashford-marx-5nEMKAK1WQs-unsplash.jpg	jpegli	444	75	model_auto	34.161	79.823	1.0043	CjpegliYcbcr	2.3
people	ashford-marx-5nEMKAK1WQs-unsplash.jpg	jpegli	444	75	model_policy	34.193	80.395	0.9725	CjpegliYcbcr	2.3
people	ashford-marx-5nEMKAK1WQs-unsplash.jpg	jpegli	444	75	model_proj	34.193	80.409	0.9725	CjpegliYcbcr	2.3
people	ashford-marx-5nEMKAK1WQs-unsplash.jpg	jpegli	444	90	identity_off	38.867	88.338	0.5169	CjpegliYcbcr	1.1
people	ashford-marx-5nEMKAK1WQs-unsplash.jpg	jpegli	444	90	identity_auto	38.844	88.244	0.5530	CjpegliYcbcr	1.1
people	ashford-marx-5nEMKAK1WQs-unsplash.jpg	jpegli	444	90	model_off	39.033	88.477	0.5116	CjpegliYcbcr	1.1
people	ashford-marx-5nEMKAK1WQs-unsplash.jpg	jpegli	444	90	model_auto	38.989	88.346	0.5465	CjpegliYcbcr	1.1
people	ashford-marx-5nEMKAK1WQs-unsplash.jpg	jpegli	444	90	model_policy	39.017	88.401	0.5104	CjpegliYcbcr	1.1
people	ashford-marx-5nEMKAK1WQs-unsplash.jpg	jpegli	444	90	model_proj	39.034	88.501	0.5090	CjpegliYcbcr	1.1
people	ashford-marx-5nEMKAK1WQs-unsplash.jpg	zenjpeg	420	15	identity_off	25.934	40.775	2.8233	CjpegliYcbcr	14.2
people	ashford-marx-5nEMKAK1WQs-unsplash.jpg	zenjpeg	420	15	identity_auto	26.101	35.636	2.8554	CjpegliYcbcr	14.2
people	ashford-marx-5nEMKAK1WQs-unsplash.jpg	zenjpeg	420	15	model_off	26.418	42.354	2.7571	CjpegliYcbcr	14.2
people	ashford-marx-5nEMKAK1WQs-unsplash.jpg	zenjpeg	420	15	model_auto	26.354	38.183	2.8172	CjpegliYcbcr	14.2
people	ashford-marx-5nEMKAK1WQs-unsplash.jpg	zenjpeg	420	15	model_policy	26.404	42.379	2.7552	CjpegliYcbcr	14.2
people	ashford-marx-5nEMKAK1WQs-unsplash.jpg	zenjpeg	420	15	model_proj	26.404	42.373	2.7552	CjpegliYcbcr	14.2
people	ashford-marx-5nEMKAK1WQs-unsplash.jpg	zenjpeg	420	35	identity_off	28.460	60.495	1.9725	CjpegliYcbcr	7.2
people	ashford-marx-5nEMKAK1WQs-unsplash.jpg	zenjpeg	420	35	identity_auto	28.628	58.187	1.9691	CjpegliYcbcr	7.2
people	ashford-marx-5nEMKAK1WQs-unsplash.jpg	zenjpeg	420	35	model_off	28.928	61.387	1.9132	CjpegliYcbcr	7.2
people	ashford-marx-5nEMKAK1WQs-unsplash.jpg	zenjpeg	420	35	model_auto	28.920	59.326	1.9363	CjpegliYcbcr	7.2
people	ashford-marx-5nEMKAK1WQs-unsplash.jpg	zenjpeg	420	35	model_policy	28.922	61.446	1.9112	CjpegliYcbcr	7.2
people	ashford-marx-5nEMKAK1WQs-unsplash.jpg	zenjpeg	420	35	model_proj	28.922	61.446	1.9112	CjpegliYcbcr	7.2
people	ashford-marx-5nEMKAK1WQs-unsplash.jpg	zenjpeg	420	55	identity_off	30.083	68.144	1.6060	CjpegliYcbcr	5.2
people	ashford-marx-5nEMKAK1WQs-unsplash.jpg	zenjpeg	420	55	identity_auto	30.227	67.105	1.6116	CjpegliYcbcr	5.2
people	ashford-marx-5nEMKAK1WQs-unsplash.jpg	zenjpeg	420	55	model_off	30.491	68.843	1.5596	CjpegliYcbcr	5.2
people	ashford-marx-5nEMKAK1WQs-unsplash.jpg	zenjpeg	420	55	model_auto	30.495	67.751	1.5835	CjpegliYcbcr	5.2
people	ashford-marx-5nEMKAK1WQs-unsplash.jpg	zenjpeg	420	55	model_policy	30.488	68.914	1.5579	CjpegliYcbcr	5.2
people	ashford-marx-5nEMKAK1WQs-unsplash.jpg	zenjpeg	420	55	model_proj	30.488	68.904	1.5579	CjpegliYcbcr	5.2
people	ashford-marx-5nEMKAK1WQs-unsplash.jpg	zenjpeg	420	75	identity_off	32.950	77.455	1.1312	CjpegliYcbcr	3.0
people	ashford-marx-5nEMKAK1WQs-unsplash.jpg	zenjpeg	420	75	identity_auto	33.030	77.015	1.1429	CjpegliYcbcr	3.0
people	ashford-marx-5nEMKAK1WQs-unsplash.jpg	zenjpeg	420	75	model_off	33.199	77.848	1.1078	CjpegliYcbcr	3.0
people	ashford-marx-5nEMKAK1WQs-unsplash.jpg	zenjpeg	420	75	model_auto	33.190	77.266	1.1288	CjpegliYcbcr	3.0
people	ashford-marx-5nEMKAK1WQs-unsplash.jpg	zenjpeg	420	75	model_policy	33.219	77.877	1.1042	CjpegliYcbcr	3.0
people	ashford-marx-5nEMKAK1WQs-unsplash.jpg	zenjpeg	420	75	model_proj	33.221	77.903	1.1037	CjpegliYcbcr	3.0
people	ashford-marx-5nEMKAK1WQs-unsplash.jpg	zenjpeg	420	90	identity_off	37.783	86.958	0.6036	CjpegliYcbcr	1.3
people	ashford-marx-5nEMKAK1WQs-unsplash.jpg	zenjpeg	420	90	identity_auto	37.756	86.844	0.6310	CjpegliYcbcr	1.3
people	ashford-marx-5nEMKAK1WQs-unsplash.jpg	zenjpeg	420	90	model_off	37.869	87.069	0.5997	CjpegliYcbcr	1.3
people	ashford-marx-5nEMKAK1WQs-unsplash.jpg	zenjpeg	420	90	model_auto	37.834	86.870	0.6301	CjpegliYcbcr	1.3
people	ashford-marx-5nEMKAK1WQs-unsplash.jpg	zenjpeg	420	90	model_policy	37.883	87.000	0.5964	CjpegliYcbcr	1.3
people	ashford-marx-5nEMKAK1WQs-unsplash.jpg	zenjpeg	420	90	model_proj	37.889	87.093	0.5959	CjpegliYcbcr	1.3
people	ashford-marx-5nEMKAK1WQs-unsplash.jpg	zenjpeg	444	15	identity_off	26.550	45.627	2.5329	CjpegliYcbcr	11.8
people	ashford-marx-5nEMKAK1WQs-unsplash.jpg	zenjpeg	444	15	identity_auto	26.769	42.272	2.5482	CjpegliYcbcr	11.8
people	ashford-marx-5nEMKAK1WQs-unsplash.jpg	zenjpeg	444	15	model_off	27.133	48.109	2.4580	CjpegliYcbcr	11.8
people	ashford-marx-5nEMKAK1WQs-unsplash.jpg	zenjpeg	444	15	model_auto	27.100	44.919	2.5048	CjpegliYcbcr	11.8
people	ashford-marx-5nEMKAK1WQs-unsplash.jpg	zenjpeg	444	15	model_policy	27.125	48.107	2.4540	CjpegliYcbcr	11.8
people	ashford-marx-5nEMKAK1WQs-unsplash.jpg	zenjpeg	444	15	model_proj	27.125	48.109	2.4540	CjpegliYcbcr	11.8
people	ashford-marx-5nEMKAK1WQs-unsplash.jpg	zenjpeg	444	35	identity_off	29.318	64.370	1.7512	CjpegliYcbcr	6.0
people	ashford-marx-5nEMKAK1WQs-unsplash.jpg	zenjpeg	444	35	identity_auto	29.500	62.748	1.7595	CjpegliYcbcr	6.0
people	ashford-marx-5nEMKAK1WQs-unsplash.jpg	zenjpeg	444	35	model_off	29.813	65.473	1.6957	CjpegliYcbcr	6.0
people	ashford-marx-5nEMKAK1WQs-unsplash.jpg	zenjpeg	444	35	model_auto	29.807	63.821	1.7267	CjpegliYcbcr	6.0
people	ashford-marx-5nEMKAK1WQs-unsplash.jpg	zenjpeg	444	35	model_policy	29.813	65.535	1.6938	CjpegliYcbcr	6.0
people	ashford-marx-5nEMKAK1WQs-unsplash.jpg	zenjpeg	444	35	model_proj	29.813	65.538	1.6938	CjpegliYcbcr	6.0
people	ashford-marx-5nEMKAK1WQs-unsplash.jpg	zenjpeg	444	55	identity_off	31.013	71.696	1.4227	CjpegliYcbcr	4.1
people	ashford-marx-5nEMKAK1WQs-unsplash.jpg	zenjpeg	444	55	identity_auto	31.169	70.830	1.4343	CjpegliYcbcr	4.1
people	ashford-marx-5nEMKAK1WQs-unsplash.jpg	zenjpeg	444	55	model_off	31.432	72.550	1.3823	CjpegliYcbcr	4.1
people	ashford-marx-5nEMKAK1WQs-unsplash.jpg	zenjpeg	444	55	model_auto	31.424	71.483	1.4098	CjpegliYcbcr	4.1
people	ashford-marx-5nEMKAK1WQs-unsplash.jpg	zenjpeg	444	55	model_policy	31.443	72.604	1.3782	CjpegliYcbcr	4.1
people	ashford-marx-5nEMKAK1WQs-unsplash.jpg	zenjpeg	444	55	model_proj	31.443	72.595	1.3782	CjpegliYcbcr	4.1
people	ashford-marx-5nEMKAK1WQs-unsplash.jpg	zenjpeg	444	75	identity_off	33.869	79.919	0.9995	CjpegliYcbcr	2.3
people	ashford-marx-5nEMKAK1WQs-unsplash.jpg	zenjpeg	444	75	identity_auto	33.963	79.541	1.0190	CjpegliYcbcr	2.3
people	ashford-marx-5nEMKAK1WQs-unsplash.jpg	zenjpeg	444	75	model_off	34.129	80.372	0.9806	CjpegliYcbcr	2.3
people	ashford-marx-5nEMKAK1WQs-unsplash.jpg	zenjpeg	444	75	model_auto	34.130	79.843	1.0065	CjpegliYcbcr	2.3
people	ashford-marx-5nEMKAK1WQs-unsplash.jpg	zenjpeg	444	75	model_policy	34.162	80.387	0.9763	CjpegliYcbcr	2.3
people	ashford-marx-5nEMKAK1WQs-unsplash.jpg	zenjpeg	444	75	model_proj	34.162	80.384	0.9763	CjpegliYcbcr	2.3
people	ashford-marx-5nEMKAK1WQs-unsplash.jpg	zenjpeg	444	90	identity_off	38.831	88.275	0.5190	CjpegliYcbcr	1.1
people	ashford-marx-5nEMKAK1WQs-unsplash.jpg	zenjpeg	444	90	identity_auto	38.813	88.153	0.5512	CjpegliYcbcr	1.1
people	ashford-marx-5nEMKAK1WQs-unsplash.jpg	zenjpeg	444	90	model_off	38.997	88.450	0.5150	CjpegliYcbcr	1.1
people	ashford-marx-5nEMKAK1WQs-unsplash.jpg	zenjpeg	444	90	model_auto	38.956	88.281	0.5462	CjpegliYcbcr	1.1
people	ashford-marx-5nEMKAK1WQs-unsplash.jpg	zenjpeg	444	90	model_policy	38.980	88.306	0.5134	CjpegliYcbcr	1.1
people	ashford-marx-5nEMKAK1WQs-unsplash.jpg	zenjpeg	444	90	model_proj	38.996	88.407	0.5131	CjpegliYcbcr	1.1
screen	archive__details-collection__1440x900__dpr1.png	turbo	420	15	identity_off	40.114	85.700	4.7848	Unknown	15.0
screen	archive__details-collection__1440x900__dpr1.png	turbo	420	15	identity_auto	40.114	85.700	4.7848	Unknown	15.0
screen	archive__details-collection__1440x900__dpr1.png	turbo	420	15	model_off	37.346	89.927	6.1149	Unknown	15.0
screen	archive__details-collection__1440x900__dpr1.png	turbo	420	15	model_auto	37.352	89.146	6.1127	Unknown	15.0
screen	archive__details-collection__1440x900__dpr1.png	turbo	420	15	model_policy	38.242	86.077	5.6762	Unknown	15.0
screen	archive__details-collection__1440x900__dpr1.png	turbo	420	15	model_proj	38.242	86.077	5.6762	Unknown	15.0
screen	archive__details-collection__1440x900__dpr1.png	turbo	420	35	identity_off	48.131	90.220	2.3578	ImageMagick	35.0
screen	archive__details-collection__1440x900__dpr1.png	turbo	420	35	identity_auto	48.131	90.220	2.3578	ImageMagick	35.0
screen	archive__details-collection__1440x900__dpr1.png	turbo	420	35	model_off	45.153	86.649	3.0578	ImageMagick	35.0
screen	archive__details-collection__1440x900__dpr1.png	turbo	420	35	model_auto	47.864	91.902	2.4436	ImageMagick	35.0
screen	archive__details-collection__1440x900__dpr1.png	turbo	420	35	model_policy	48.131	90.224	2.3578	ImageMagick	35.0
screen	archive__details-collection__1440x900__dpr1.png	turbo	420	35	model_proj	48.131	90.224	2.3578	ImageMagick	35.0
screen	archive__details-collection__1440x900__dpr1.png	turbo	420	55	identity_off	45.912	88.295	2.6346	ImageMagick	55.0
screen	archive__details-collection__1440x900__dpr1.png	turbo	420	55	identity_auto	45.912	88.295	2.6346	ImageMagick	55.0
screen	archive__details-collection__1440x900__dpr1.png	turbo	420	55	model_off	49.859	89.115	1.7525	ImageMagick	55.0
screen	archive__details-collection__1440x900__dpr1.png	turbo	420	55	model_auto	48.171	86.259	2.3364	ImageMagick	55.0
screen	archive__details-collection__1440x900__dpr1.png	turbo	420	55	model_policy	45.912	88.316	2.6346	ImageMagick	55.0
screen	archive__details-collection__1440x900__dpr1.png	turbo	420	55	model_proj	45.912	88.316	2.6346	ImageMagick	55.0
screen	archive__details-collection__1440x900__dpr1.png	turbo	420	75	identity_off	99.000	100.000	0.0000	ImageMagick	75.0
screen	archive__details-collection__1440x900__dpr1.png	turbo	420	75	identity_auto	99.000	100.000	0.0000	ImageMagick	75.0
screen	archive__details-collection__1440x900__dpr1.png	turbo	420	75	model_off	52.752	92.825	0.8485	ImageMagick	75.0
screen	archive__details-collection__1440x900__dpr1.png	turbo	420	75	model_auto	67.212	91.486	0.2109	ImageMagick	75.0
screen	archive__details-collection__1440x900__dpr1.png	turbo	420	75	model_policy	102.316	96.372	0.0161	ImageMagick	75.0
screen	archive__details-collection__1440x900__dpr1.png	turbo	420	75	model_proj	102.316	96.372	0.0161	ImageMagick	75.0
screen	archive__details-collection__1440x900__dpr1.png	turbo	420	90	identity_off	99.000	100.000	0.0000	ImageMagick	90.0
screen	archive__details-collection__1440x900__dpr1.png	turbo	420	90	identity_auto	99.000	100.000	0.0000	ImageMagick	90.0
screen	archive__details-collection__1440x900__dpr1.png	turbo	420	90	model_off	52.752	92.825	0.8485	ImageMagick	90.0
screen	archive__details-collection__1440x900__dpr1.png	turbo	420	90	model_auto	67.212	91.486	0.2109	ImageMagick	90.0
screen	archive__details-collection__1440x900__dpr1.png	turbo	420	90	model_policy	102.316	96.372	0.0161	ImageMagick	90.0
screen	archive__details-collection__1440x900__dpr1.png	turbo	420	90	model_proj	107.087	99.675	0.0238	ImageMagick	90.0
screen	archive__details-collection__1440x900__dpr1.png	turbo	444	15	identity_off	40.114	85.700	4.7848	Unknown	15.0
screen	archive__details-collection__1440x900__dpr1.png	turbo	444	15	identity_auto	40.114	85.700	4.7848	Unknown	15.0
screen	archive__details-collection__1440x900__dpr1.png	turbo	444	15	model_off	37.346	89.927	6.1149	Unknown	15.0
screen	archive__details-collection__1440x900__dpr1.png	turbo	444	15	model_auto	37.352	89.146	6.1127	Unknown	15.0
screen	archive__details-collection__1440x900__dpr1.png	turbo	444	15	model_policy	38.242	86.077	5.6762	Unknown	15.0
screen	archive__details-collection__1440x900__dpr1.png	turbo	444	15	model_proj	38.242	86.077	5.6762	Unknown	15.0
screen	archive__details-collection__1440x900__dpr1.png	turbo	444	35	identity_off	48.131	90.220	2.3578	ImageMagick	35.0
screen	archive__details-collection__1440x900__dpr1.png	turbo	444	35	identity_auto	48.131	90.220	2.3578	ImageMagick	35.0
screen	archive__details-collection__1440x900__dpr1.png	turbo	444	35	model_off	45.153	86.649	3.0578	ImageMagick	35.0
screen	archive__details-collection__1440x900__dpr1.png	turbo	444	35	model_auto	47.864	91.902	2.4436	ImageMagick	35.0
screen	archive__details-collection__1440x900__dpr1.png	turbo	444	35	model_policy	48.131	90.224	2.3578	ImageMagick	35.0
screen	archive__details-collection__1440x900__dpr1.png	turbo	444	35	model_proj	48.131	90.224	2.3578	ImageMagick	35.0
screen	archive__details-collection__1440x900__dpr1.png	turbo	444	55	identity_off	45.912	88.295	2.6346	ImageMagick	55.0
screen	archive__details-collection__1440x900__dpr1.png	turbo	444	55	identity_auto	45.912	88.295	2.6346	ImageMagick	55.0
screen	archive__details-collection__1440x900__dpr1.png	turbo	444	55	model_off	49.859	89.115	1.7525	ImageMagick	55.0
screen	archive__details-collection__1440x900__dpr1.png	turbo	444	55	model_auto	48.171	86.259	2.3364	ImageMagick	55.0
screen	archive__details-collection__1440x900__dpr1.png	turbo	444	55	model_policy	45.912	88.316	2.6346	ImageMagick	55.0
screen	archive__details-collection__1440x900__dpr1.png	turbo	444	55	model_proj	45.912	88.316	2.6346	ImageMagick	55.0
screen	archive__details-collection__1440x900__dpr1.png	turbo	444	75	identity_off	99.000	100.000	0.0000	ImageMagick	75.0
screen	archive__details-collection__1440x900__dpr1.png	turbo	444	75	identity_auto	99.000	100.000	0.0000	ImageMagick	75.0
screen	archive__details-collection__1440x900__dpr1.png	turbo	444	75	model_off	52.752	92.825	0.8485	ImageMagick	75.0
screen	archive__details-collection__1440x900__dpr1.png	turbo	444	75	model_auto	67.212	91.486	0.2109	ImageMagick	75.0
screen	archive__details-collection__1440x900__dpr1.png	turbo	444	75	model_policy	102.316	96.372	0.0161	ImageMagick	75.0
screen	archive__details-collection__1440x900__dpr1.png	turbo	444	75	model_proj	102.316	96.372	0.0161	ImageMagick	75.0
screen	archive__details-collection__1440x900__dpr1.png	turbo	444	90	identity_off	99.000	100.000	0.0000	ImageMagick	90.0
screen	archive__details-collection__1440x900__dpr1.png	turbo	444	90	identity_auto	99.000	100.000	0.0000	ImageMagick	90.0
screen	archive__details-collection__1440x900__dpr1.png	turbo	444	90	model_off	52.752	92.825	0.8485	ImageMagick	90.0
screen	archive__details-collection__1440x900__dpr1.png	turbo	444	90	model_auto	67.212	91.486	0.2109	ImageMagick	90.0
screen	archive__details-collection__1440x900__dpr1.png	turbo	444	90	model_policy	102.316	96.372	0.0161	ImageMagick	90.0
screen	archive__details-collection__1440x900__dpr1.png	turbo	444	90	model_proj	107.087	99.675	0.0238	ImageMagick	90.0
screen	archive__details-collection__1440x900__dpr1.png	mozjpeg	420	15	identity_off	40.114	85.700	4.7848	Mozjpeg	15.0
screen	archive__details-collection__1440x900__dpr1.png	mozjpeg	420	15	identity_auto	40.114	85.700	4.7848	Mozjpeg	15.0
screen	archive__details-collection__1440x900__dpr1.png	mozjpeg	420	15	model_off	37.346	89.927	6.1149	Mozjpeg	15.0
screen	archive__details-collection__1440x900__dpr1.png	mozjpeg	420	15	model_auto	37.352	89.146	6.1127	Mozjpeg	15.0
screen	archive__details-collection__1440x900__dpr1.png	mozjpeg	420	15	model_policy	38.242	86.077	5.6762	Mozjpeg	15.0
screen	archive__details-collection__1440x900__dpr1.png	mozjpeg	420	15	model_proj	38.242	86.077	5.6762	Mozjpeg	15.0
screen	archive__details-collection__1440x900__dpr1.png	mozjpeg	420	35	identity_off	48.131	90.220	2.3578	Mozjpeg	35.0
screen	archive__details-collection__1440x900__dpr1.png	mozjpeg	420	35	identity_auto	48.131	90.220	2.3578	Mozjpeg	35.0
screen	archive__details-collection__1440x900__dpr1.png	mozjpeg	420	35	model_off	45.153	86.649	3.0578	Mozjpeg	35.0
screen	archive__details-collection__1440x900__dpr1.png	mozjpeg	420	35	model_auto	47.864	91.902	2.4436	Mozjpeg	35.0
screen	archive__details-collection__1440x900__dpr1.png	mozjpeg	420	35	model_policy	48.131	90.224	2.3578	Mozjpeg	35.0
screen	archive__details-collection__1440x900__dpr1.png	mozjpeg	420	35	model_proj	48.131	90.224	2.3578	Mozjpeg	35.0
screen	archive__details-collection__1440x900__dpr1.png	mozjpeg	420	55	identity_off	45.912	88.295	2.6346	Mozjpeg	55.0
screen	archive__details-collection__1440x900__dpr1.png	mozjpeg	420	55	identity_auto	45.912	88.295	2.6346	Mozjpeg	55.0
screen	archive__details-collection__1440x900__dpr1.png	mozjpeg	420	55	model_off	49.859	89.115	1.7525	Mozjpeg	55.0
screen	archive__details-collection__1440x900__dpr1.png	mozjpeg	420	55	model_auto	48.171	86.259	2.3364	Mozjpeg	55.0
screen	archive__details-collection__1440x900__dpr1.png	mozjpeg	420	55	model_policy	45.912	88.316	2.6346	Mozjpeg	55.0
screen	archive__details-collection__1440x900__dpr1.png	mozjpeg	420	55	model_proj	45.912	88.316	2.6346	Mozjpeg	55.0
screen	archive__details-collection__1440x900__dpr1.png	mozjpeg	420	75	identity_off	99.000	100.000	0.0000	Mozjpeg	75.0
screen	archive__details-collection__1440x900__dpr1.png	mozjpeg	420	75	identity_auto	99.000	100.000	0.0000	Mozjpeg	75.0
screen	archive__details-collection__1440x900__dpr1.png	mozjpeg	420	75	model_off	52.752	92.825	0.8485	Mozjpeg	75.0
screen	archive__details-collection__1440x900__dpr1.png	mozjpeg	420	75	model_auto	67.212	91.486	0.2109	Mozjpeg	75.0
screen	archive__details-collection__1440x900__dpr1.png	mozjpeg	420	75	model_policy	102.316	96.372	0.0161	Mozjpeg	75.0
screen	archive__details-collection__1440x900__dpr1.png	mozjpeg	420	75	model_proj	102.316	96.372	0.0161	Mozjpeg	75.0
screen	archive__details-collection__1440x900__dpr1.png	mozjpeg	420	90	identity_off	99.000	100.000	0.0000	Mozjpeg	90.0
screen	archive__details-collection__1440x900__dpr1.png	mozjpeg	420	90	identity_auto	99.000	100.000	0.0000	Mozjpeg	90.0
screen	archive__details-collection__1440x900__dpr1.png	mozjpeg	420	90	model_off	52.752	92.825	0.8485	Mozjpeg	90.0
screen	archive__details-collection__1440x900__dpr1.png	mozjpeg	420	90	model_auto	67.212	91.486	0.2109	Mozjpeg	90.0
screen	archive__details-collection__1440x900__dpr1.png	mozjpeg	420	90	model_policy	102.316	96.372	0.0161	Mozjpeg	90.0
screen	archive__details-collection__1440x900__dpr1.png	mozjpeg	420	90	model_proj	107.087	99.675	0.0238	Mozjpeg	90.0
screen	archive__details-collection__1440x900__dpr1.png	mozjpeg	444	15	identity_off	40.114	85.700	4.7848	Mozjpeg	15.0
screen	archive__details-collection__1440x900__dpr1.png	mozjpeg	444	15	identity_auto	40.114	85.700	4.7848	Mozjpeg	15.0
screen	archive__details-collection__1440x900__dpr1.png	mozjpeg	444	15	model_off	37.346	89.927	6.1149	Mozjpeg	15.0
screen	archive__details-collection__1440x900__dpr1.png	mozjpeg	444	15	model_auto	37.352	89.146	6.1127	Mozjpeg	15.0
screen	archive__details-collection__1440x900__dpr1.png	mozjpeg	444	15	model_policy	38.242	86.077	5.6762	Mozjpeg	15.0
screen	archive__details-collection__1440x900__dpr1.png	mozjpeg	444	15	model_proj	38.242	86.077	5.6762	Mozjpeg	15.0
screen	archive__details-collection__1440x900__dpr1.png	mozjpeg	444	35	identity_off	48.131	90.220	2.3578	Mozjpeg	35.0
screen	archive__details-collection__1440x900__dpr1.png	mozjpeg	444	35	identity_auto	48.131	90.220	2.3578	Mozjpeg	35.0
screen	archive__details-collection__1440x900__dpr1.png	mozjpeg	444	35	model_off	45.153	86.649	3.0578	Mozjpeg	35.0
screen	archive__details-collection__1440x900__dpr1.png	mozjpeg	444	35	model_auto	47.864	91.902	2.4436	Mozjpeg	35.0
screen	archive__details-collection__1440x900__dpr1.png	mozjpeg	444	35	model_policy	48.131	90.224	2.3578	Mozjpeg	35.0
screen	archive__details-collection__1440x900__dpr1.png	mozjpeg	444	35	model_proj	48.131	90.224	2.3578	Mozjpeg	35.0
screen	archive__details-collection__1440x900__dpr1.png	mozjpeg	444	55	identity_off	45.912	88.295	2.6346	Mozjpeg	55.0
screen	archive__details-collection__1440x900__dpr1.png	mozjpeg	444	55	identity_auto	45.912	88.295	2.6346	Mozjpeg	55.0
screen	archive__details-collection__1440x900__dpr1.png	mozjpeg	444	55	model_off	49.859	89.115	1.7525	Mozjpeg	55.0
screen	archive__details-collection__1440x900__dpr1.png	mozjpeg	444	55	model_auto	48.171	86.259	2.3364	Mozjpeg	55.0
screen	archive__details-collection__1440x900__dpr1.png	mozjpeg	444	55	model_policy	45.912	88.316	2.6346	Mozjpeg	55.0
screen	archive__details-collection__1440x900__dpr1.png	mozjpeg	444	55	model_proj	45.912	88.316	2.6346	Mozjpeg	55.0
screen	archive__details-collection__1440x900__dpr1.png	mozjpeg	444	75	identity_off	99.000	100.000	0.0000	Mozjpeg	75.0
screen	archive__details-collection__1440x900__dpr1.png	mozjpeg	444	75	identity_auto	99.000	100.000	0.0000	Mozjpeg	75.0
screen	archive__details-collection__1440x900__dpr1.png	mozjpeg	444	75	model_off	52.752	92.825	0.8485	Mozjpeg	75.0
screen	archive__details-collection__1440x900__dpr1.png	mozjpeg	444	75	model_auto	67.212	91.486	0.2109	Mozjpeg	75.0
screen	archive__details-collection__1440x900__dpr1.png	mozjpeg	444	75	model_policy	102.316	96.372	0.0161	Mozjpeg	75.0
screen	archive__details-collection__1440x900__dpr1.png	mozjpeg	444	75	model_proj	102.316	96.372	0.0161	Mozjpeg	75.0
screen	archive__details-collection__1440x900__dpr1.png	mozjpeg	444	90	identity_off	99.000	100.000	0.0000	Mozjpeg	90.0
screen	archive__details-collection__1440x900__dpr1.png	mozjpeg	444	90	identity_auto	99.000	100.000	0.0000	Mozjpeg	90.0
screen	archive__details-collection__1440x900__dpr1.png	mozjpeg	444	90	model_off	52.752	92.825	0.8485	Mozjpeg	90.0
screen	archive__details-collection__1440x900__dpr1.png	mozjpeg	444	90	model_auto	67.212	91.486	0.2109	Mozjpeg	90.0
screen	archive__details-collection__1440x900__dpr1.png	mozjpeg	444	90	model_policy	102.316	96.372	0.0161	Mozjpeg	90.0
screen	archive__details-collection__1440x900__dpr1.png	mozjpeg	444	90	model_proj	107.087	99.675	0.0238	Mozjpeg	90.0
screen	archive__details-collection__1440x900__dpr1.png	jpegli	420	15	identity_off	48.131	90.220	2.3578	CjpegliYcbcr	14.2
screen	archive__details-collection__1440x900__dpr1.png	jpegli	420	15	identity_auto	48.131	90.220	2.3578	CjpegliYcbcr	14.2
screen	archive__details-collection__1440x900__dpr1.png	jpegli	420	15	model_off	45.153	86.649	3.0578	CjpegliYcbcr	14.2
screen	archive__details-collection__1440x900__dpr1.png	jpegli	420	15	model_auto	47.864	91.902	2.4436	CjpegliYcbcr	14.2
screen	archive__details-collection__1440x900__dpr1.png	jpegli	420	15	model_policy	48.131	90.224	2.3578	CjpegliYcbcr	14.2
screen	archive__details-collection__1440x900__dpr1.png	jpegli	420	15	model_proj	48.131	90.224	2.3578	CjpegliYcbcr	14.2
screen	archive__details-collection__1440x900__dpr1.png	jpegli	420	35	identity_off	45.912	88.352	1.4854	CjpegliYcbcr	7.2
screen	archive__details-collection__1440x900__dpr1.png	jpegli	420	35	identity_auto	45.912	88.352	1.4854	CjpegliYcbcr	7.2
screen	archive__details-collection__1440x900__dpr1.png	jpegli	420	35	model_off	49.884	91.462	1.9170	CjpegliYcbcr	7.2
screen	archive__details-collection__1440x900__dpr1.png	jpegli	420	35	model_auto	44.922	92.861	2.7010	CjpegliYcbcr	7.2
screen	archive__details-collection__1440x900__dpr1.png	jpegli	420	35	model_policy	45.905	88.461	1.4837	CjpegliYcbcr	7.2
screen	archive__details-collection__1440x900__dpr1.png	jpegli	420	35	model_proj	45.905	88.461	1.4837	CjpegliYcbcr	7.2
screen	archive__details-collection__1440x900__dpr1.png	jpegli	420	55	identity_off	48.131	86.446	1.4175	CjpegliYcbcr	5.2
screen	archive__details-collection__1440x900__dpr1.png	jpegli	420	55	identity_auto	48.131	86.446	1.4175	CjpegliYcbcr	5.2
screen	archive__details-collection__1440x900__dpr1.png	jpegli	420	55	model_off	43.187	88.808	3.1488	CjpegliYcbcr	5.2
screen	archive__details-collection__1440x900__dpr1.png	jpegli	420	55	model_auto	38.317	87.619	5.6376	CjpegliYcbcr	5.2
screen	archive__details-collection__1440x900__dpr1.png	jpegli	420	55	model_policy	48.061	86.631	1.4420	CjpegliYcbcr	5.2
screen	archive__details-collection__1440x900__dpr1.png	jpegli	420	55	model_proj	48.061	86.565	1.4406	CjpegliYcbcr	5.2
screen	archive__details-collection__1440x900__dpr1.png	jpegli	420	75	identity_off	99.000	100.000	0.0000	CjpegliYcbcr	3.0
screen	archive__details-collection__1440x900__dpr1.png	jpegli	420	75	identity_auto	99.000	100.000	0.0000	CjpegliYcbcr	3.0
screen	archive__details-collection__1440x900__dpr1.png	jpegli	420	75	model_off	52.752	92.825	0.8485	CjpegliYcbcr	3.0
screen	archive__details-collection__1440x900__dpr1.png	jpegli	420	75	model_auto	67.212	91.486	0.2109	CjpegliYcbcr	3.0
screen	archive__details-collection__1440x900__dpr1.png	jpegli	420	75	model_policy	102.316	96.372	0.0161	CjpegliYcbcr	3.0
screen	archive__details-collection__1440x900__dpr1.png	jpegli	420	75	model_proj	102.316	96.372	0.0161	CjpegliYcbcr	3.0
screen	archive__details-collection__1440x900__dpr1.png	jpegli	420	90	identity_off	99.000	100.000	0.0000	CjpegliYcbcr	1.3
screen	archive__details-collection__1440x900__dpr1.png	jpegli	420	90	identity_auto	99.000	100.000	0.0000	CjpegliYcbcr	1.3
screen	archive__details-collection__1440x900__dpr1.png	jpegli	420	90	model_off	52.752	92.825	0.8485	CjpegliYcbcr	1.3
screen	archive__details-collection__1440x900__dpr1.png	jpegli	420	90	model_auto	67.212	91.486	0.2109	CjpegliYcbcr	1.3
screen	archive__details-collection__1440x900__dpr1.png	jpegli	420	90	model_policy	102.316	96.372	0.0161	CjpegliYcbcr	1.3
screen	archive__details-collection__1440x900__dpr1.png	jpegli	420	90	model_proj	107.087	99.675	0.0238	CjpegliYcbcr	1.3
screen	archive__details-collection__1440x900__dpr1.png	jpegli	444	15	identity_off	42.488	87.634	2.0371	CjpegliYcbcr	11.8
screen	archive__details-collection__1440x900__dpr1.png	jpegli	444	15	identity_auto	42.488	87.634	2.0371	CjpegliYcbcr	11.8
screen	archive__details-collection__1440x900__dpr1.png	jpegli	444	15	model_off	40.306	88.665	2.7173	CjpegliYcbcr	11.8
screen	archive__details-collection__1440x900__dpr1.png	jpegli	444	15	model_auto	40.294	89.272	2.7212	CjpegliYcbcr	11.8
screen	archive__details-collection__1440x900__dpr1.png	jpegli	444	15	model_policy	42.487	86.933	2.0372	CjpegliYcbcr	11.8
screen	archive__details-collection__1440x900__dpr1.png	jpegli	444	15	model_proj	42.487	86.933	2.0372	CjpegliYcbcr	11.8
screen	archive__details-collection__1440x900__dpr1.png	jpegli	444	35	identity_off	48.131	90.220	2.3578	CjpegliYcbcr	6.0
screen	archive__details-collection__1440x900__dpr1.png	jpegli	444	35	identity_auto	48.131	90.220	2.3578	CjpegliYcbcr	6.0
screen	archive__details-collection__1440x900__dpr1.png	jpegli	444	35	model_off	45.153	86.649	3.0578	CjpegliYcbcr	6.0
screen	archive__details-collection__1440x900__dpr1.png	jpegli	444	35	model_auto	47.864	91.902	2.4436	CjpegliYcbcr	6.0
screen	archive__details-collection__1440x900__dpr1.png	jpegli	444	35	model_policy	48.131	90.224	2.3578	CjpegliYcbcr	6.0
screen	archive__details-collection__1440x900__dpr1.png	jpegli	444	35	model_proj	48.131	90.224	2.3578	CjpegliYcbcr	6.0
screen	archive__details-collection__1440x900__dpr1.png	jpegli	444	55	identity_off	48.131	90.220	2.3578	CjpegliYcbcr	4.1
screen	archive__details-collection__1440x900__dpr1.png	jpegli	444	55	identity_auto	48.131	90.220	2.3578	CjpegliYcbcr	4.1
screen	archive__details-collection__1440x900__dpr1.png	jpegli	444	55	model_off	45.153	86.649	3.0578	CjpegliYcbcr	4.1
screen	archive__details-collection__1440x900__dpr1.png	jpegli	444	55	model_auto	47.864	91.902	2.4436	CjpegliYcbcr	4.1
screen	archive__details-collection__1440x900__dpr1.png	jpegli	444	55	model_policy	48.131	90.224	2.3578	CjpegliYcbcr	4.1
screen	archive__details-collection__1440x900__dpr1.png	jpegli	444	55	model_proj	48.131	90.224	2.3578	CjpegliYcbcr	4.1
screen	archive__details-collection__1440x900__dpr1.png	jpegli	444	75	identity_off	45.912	88.295	2.6346	CjpegliYcbcr	2.3
screen	archive__details-collection__1440x900__dpr1.png	jpegli	444	75	identity_auto	45.912	88.295	2.6346	CjpegliYcbcr	2.3
screen	archive__details-collection__1440x900__dpr1.png	jpegli	444	75	model_off	49.859	89.115	1.7525	CjpegliYcbcr	2.3
screen	archive__details-collection__1440x900__dpr1.png	jpegli	444	75	model_auto	48.171	86.259	2.3364	CjpegliYcbcr	2.3
screen	archive__details-collection__1440x900__dpr1.png	jpegli	444	75	model_policy	45.912	88.316	2.6346	CjpegliYcbcr	2.3
screen	archive__details-collection__1440x900__dpr1.png	jpegli	444	75	model_proj	45.912	88.316	2.6346	CjpegliYcbcr	2.3
screen	archive__details-collection__1440x900__dpr1.png	jpegli	444	90	identity_off	99.000	100.000	0.0000	CjpegliYcbcr	1.1
screen	archive__details-collection__1440x900__dpr1.png	jpegli	444	90	identity_auto	99.000	100.000	0.0000	CjpegliYcbcr	1.1
screen	archive__details-collection__1440x900__dpr1.png	jpegli	444	90	model_off	52.752	92.825	0.8485	CjpegliYcbcr	1.1
screen	archive__details-collection__1440x900__dpr1.png	jpegli	444	90	model_auto	67.212	91.486	0.2109	CjpegliYcbcr	1.1
screen	archive__details-collection__1440x900__dpr1.png	jpegli	444	90	model_policy	102.316	96.372	0.0161	CjpegliYcbcr	1.1
screen	archive__details-collection__1440x900__dpr1.png	jpegli	444	90	model_proj	107.087	99.675	0.0238	CjpegliYcbcr	1.1
screen	archive__details-collection__1440x900__dpr1.png	zenjpeg	420	15	identity_off	48.131	90.220	2.3578	CjpegliYcbcr	14.2
screen	archive__details-collection__1440x900__dpr1.png	zenjpeg	420	15	identity_auto	48.131	90.220	2.3578	CjpegliYcbcr	14.2
screen	archive__details-collection__1440x900__dpr1.png	zenjpeg	420	15	model_off	45.153	86.649	3.0578	CjpegliYcbcr	14.2
screen	archive__details-collection__1440x900__dpr1.png	zenjpeg	420	15	model_auto	47.864	91.902	2.4436	CjpegliYcbcr	14.2
screen	archive__details-collection__1440x900__dpr1.png	zenjpeg	420	15	model_policy	48.131	90.224	2.3578	CjpegliYcbcr	14.2
screen	archive__details-collection__1440x900__dpr1.png	zenjpeg	420	15	model_proj	48.131	90.224	2.3578	CjpegliYcbcr	14.2
screen	archive__details-collection__1440x900__dpr1.png	zenjpeg	420	35	identity_off	45.912	88.352	1.4854	CjpegliYcbcr	7.2
screen	archive__details-collection__1440x900__dpr1.png	zenjpeg	420	35	identity_auto	45.912	88.352	1.4854	CjpegliYcbcr	7.2
screen	archive__details-collection__1440x900__dpr1.png	zenjpeg	420	35	model_off	49.884	91.462	1.9170	CjpegliYcbcr	7.2
screen	archive__details-collection__1440x900__dpr1.png	zenjpeg	420	35	model_auto	44.922	92.861	2.7010	CjpegliYcbcr	7.2
screen	archive__details-collection__1440x900__dpr1.png	zenjpeg	420	35	model_policy	45.905	88.461	1.4837	CjpegliYcbcr	7.2
screen	archive__details-collection__1440x900__dpr1.png	zenjpeg	420	35	model_proj	45.905	88.461	1.4837	CjpegliYcbcr	7.2
screen	archive__details-collection__1440x900__dpr1.png	zenjpeg	420	55	identity_off	48.131	93.654	1.4221	CjpegliYcbcr	5.2
screen	archive__details-collection__1440x900__dpr1.png	zenjpeg	420	55	identity_auto	48.131	93.654	1.4221	CjpegliYcbcr	5.2
screen	archive__details-collection__1440x900__dpr1.png	zenjpeg	420	55	model_off	45.000	89.497	1.5563	CjpegliYcbcr	5.2
screen	archive__details-collection__1440x900__dpr1.png	zenjpeg	420	55	model_auto	44.955	89.046	1.5632	CjpegliYcbcr	5.2
screen	archive__details-collection__1440x900__dpr1.png	zenjpeg	420	55	model_policy	48.097	92.688	1.4223	CjpegliYcbcr	5.2
screen	archive__details-collection__1440x900__dpr1.png	zenjpeg	420	55	model_proj	48.097	92.688	1.4223	CjpegliYcbcr	5.2
screen	archive__details-collection__1440x900__dpr1.png	zenjpeg	420	75	identity_off	99.000	100.000	0.0000	CjpegliYcbcr	3.0
screen	archive__details-collection__1440x900__dpr1.png	zenjpeg	420	75	identity_auto	99.000	100.000	0.0000	CjpegliYcbcr	3.0
screen	archive__details-collection__1440x900__dpr1.png	zenjpeg	420	75	model_off	52.752	92.825	0.8485	CjpegliYcbcr	3.0
screen	archive__details-collection__1440x900__dpr1.png	zenjpeg	420	75	model_auto	67.212	91.486	0.2109	CjpegliYcbcr	3.0
screen	archive__details-collection__1440x900__dpr1.png	zenjpeg	420	75	model_policy	102.316	96.372	0.0161	CjpegliYcbcr	3.0
screen	archive__details-collection__1440x900__dpr1.png	zenjpeg	420	75	model_proj	102.316	96.372	0.0161	CjpegliYcbcr	3.0
screen	archive__details-collection__1440x900__dpr1.png	zenjpeg	420	90	identity_off	99.000	100.000	0.0000	CjpegliYcbcr	1.3
screen	archive__details-collection__1440x900__dpr1.png	zenjpeg	420	90	identity_auto	99.000	100.000	0.0000	CjpegliYcbcr	1.3
screen	archive__details-collection__1440x900__dpr1.png	zenjpeg	420	90	model_off	52.752	92.825	0.8485	CjpegliYcbcr	1.3
screen	archive__details-collection__1440x900__dpr1.png	zenjpeg	420	90	model_auto	67.212	91.486	0.2109	CjpegliYcbcr	1.3
screen	archive__details-collection__1440x900__dpr1.png	zenjpeg	420	90	model_policy	102.316	96.372	0.0161	CjpegliYcbcr	1.3
screen	archive__details-collection__1440x900__dpr1.png	zenjpeg	420	90	model_proj	107.087	99.675	0.0238	CjpegliYcbcr	1.3
screen	archive__details-collection__1440x900__dpr1.png	zenjpeg	444	15	identity_off	42.488	87.634	2.0371	CjpegliYcbcr	11.8
screen	archive__details-collection__1440x900__dpr1.png	zenjpeg	444	15	identity_auto	42.488	87.634	2.0371	CjpegliYcbcr	11.8
screen	archive__details-collection__1440x900__dpr1.png	zenjpeg	444	15	model_off	40.306	88.665	2.7173	CjpegliYcbcr	11.8
screen	archive__details-collection__1440x900__dpr1.png	zenjpeg	444	15	model_auto	40.294	89.272	2.7212	CjpegliYcbcr	11.8
screen	archive__details-collection__1440x900__dpr1.png	zenjpeg	444	15	model_policy	42.487	86.933	2.0372	CjpegliYcbcr	11.8
screen	archive__details-collection__1440x900__dpr1.png	zenjpeg	444	15	model_proj	42.487	86.933	2.0372	CjpegliYcbcr	11.8
screen	archive__details-collection__1440x900__dpr1.png	zenjpeg	444	35	identity_off	48.131	90.220	2.3578	CjpegliYcbcr	6.0
screen	archive__details-collection__1440x900__dpr1.png	zenjpeg	444	35	identity_auto	48.131	90.220	2.3578	CjpegliYcbcr	6.0
screen	archive__details-collection__1440x900__dpr1.png	zenjpeg	444	35	model_off	45.153	86.649	3.0578	CjpegliYcbcr	6.0
screen	archive__details-collection__1440x900__dpr1.png	zenjpeg	444	35	model_auto	47.864	91.902	2.4436	CjpegliYcbcr	6.0
screen	archive__details-collection__1440x900__dpr1.png	zenjpeg	444	35	model_policy	48.131	90.224	2.3578	CjpegliYcbcr	6.0
screen	archive__details-collection__1440x900__dpr1.png	zenjpeg	444	35	model_proj	48.131	90.224	2.3578	CjpegliYcbcr	6.0
screen	archive__details-collection__1440x900__dpr1.png	zenjpeg	444	55	identity_off	46.881	92.335	1.6860	CjpegliYcbcr	4.1
screen	archive__details-collection__1440x900__dpr1.png	zenjpeg	444	55	identity_auto	46.881	92.335	1.6860	CjpegliYcbcr	4.1
screen	archive__details-collection__1440x900__dpr1.png	zenjpeg	444	55	model_off	38.645	90.087	3.4299	CjpegliYcbcr	4.1
screen	archive__details-collection__1440x900__dpr1.png	zenjpeg	444	55	model_auto	40.269	88.771	2.7506	CjpegliYcbcr	4.1
screen	archive__details-collection__1440x900__dpr1.png	zenjpeg	444	55	model_policy	46.879	92.226	1.6855	CjpegliYcbcr	4.1
screen	archive__details-collection__1440x900__dpr1.png	zenjpeg	444	55	model_proj	46.879	92.226	1.6855	CjpegliYcbcr	4.1
screen	archive__details-collection__1440x900__dpr1.png	zenjpeg	444	75	identity_off	45.912	88.295	2.6346	CjpegliYcbcr	2.3
screen	archive__details-collection__1440x900__dpr1.png	zenjpeg	444	75	identity_auto	45.912	88.295	2.6346	CjpegliYcbcr	2.3
screen	archive__details-collection__1440x900__dpr1.png	zenjpeg	444	75	model_off	49.859	89.115	1.7525	CjpegliYcbcr	2.3
screen	archive__details-collection__1440x900__dpr1.png	zenjpeg	444	75	model_auto	48.171	86.259	2.3364	CjpegliYcbcr	2.3
screen	archive__details-collection__1440x900__dpr1.png	zenjpeg	444	75	model_policy	45.912	88.316	2.6346	CjpegliYcbcr	2.3
screen	archive__details-collection__1440x900__dpr1.png	zenjpeg	444	75	model_proj	45.912	88.316	2.6346	CjpegliYcbcr	2.3
screen	archive__details-collection__1440x900__dpr1.png	zenjpeg	444	90	identity_off	99.000	100.000	0.0000	CjpegliYcbcr	1.1
screen	archive__details-collection__1440x900__dpr1.png	zenjpeg	444	90	identity_auto	99.000	100.000	0.0000	CjpegliYcbcr	1.1
screen	archive__details-collection__1440x900__dpr1.png	zenjpeg	444	90	model_off	52.752	92.825	0.8485	CjpegliYcbcr	1.1
screen	archive__details-collection__1440x900__dpr1.png	zenjpeg	444	90	model_auto	67.212	91.486	0.2109	CjpegliYcbcr	1.1
screen	archive__details-collection__1440x900__dpr1.png	zenjpeg	444	90	model_policy	102.316	96.372	0.0161	CjpegliYcbcr	1.1
screen	archive__details-collection__1440x900__dpr1.png	zenjpeg	444	90	model_proj	107.087	99.675	0.0238	CjpegliYcbcr	1.1
screen	archive__wayback-search__1440x900__dpr1.png	turbo	420	15	identity_off	27.357	39.677	3.4757	Unknown	15.0
screen	archive__wayback-search__1440x900__dpr1.png	turbo	420	15	identity_auto	27.593	41.864	3.4960	Unknown	15.0
screen	archive__wayback-search__1440x900__dpr1.png	turbo	420	15	model_off	29.443	50.623	2.9535	Unknown	15.0
screen	archive__wayback-search__1440x900__dpr1.png	turbo	420	15	model_auto	29.522	51.594	3.0252	Unknown	15.0
screen	archive__wayback-search__1440x900__dpr1.png	turbo	420	15	model_policy	29.647	51.300	2.9567	Unknown	15.0
screen	archive__wayback-search__1440x900__dpr1.png	turbo	420	15	model_proj	29.650	51.315	2.9567	Unknown	15.0
screen	archive__wayback-search__1440x900__dpr1.png	turbo	420	35	identity_off	30.287	59.328	2.2584	ImageMagick	35.0
screen	archive__wayback-search__1440x900__dpr1.png	turbo	420	35	identity_auto	30.467	60.324	2.2257	ImageMagick	35.0
screen	archive__wayback-search__1440x900__dpr1.png	turbo	420	35	model_off	33.015	68.384	1.6676	ImageMagick	35.0
screen	archive__wayback-search__1440x900__dpr1.png	turbo	420	35	model_auto	33.118	68.974	1.6709	ImageMagick	35.0
screen	archive__wayback-search__1440x900__dpr1.png	turbo	420	35	model_policy	33.192	68.734	1.6550	ImageMagick	35.0
screen	archive__wayback-search__1440x900__dpr1.png	turbo	420	35	model_proj	33.201	68.814	1.6535	ImageMagick	35.0
screen	archive__wayback-search__1440x900__dpr1.png	turbo	420	55	identity_off	31.968	67.077	1.8603	ImageMagick	55.0
screen	archive__wayback-search__1440x900__dpr1.png	turbo	420	55	identity_auto	32.132	67.956	1.7973	ImageMagick	55.0
screen	archive__wayback-search__1440x900__dpr1.png	turbo	420	55	model_off	34.959	74.896	1.3260	ImageMagick	55.0
screen	archive__wayback-search__1440x900__dpr1.png	turbo	420	55	model_auto	35.095	75.463	1.2772	ImageMagick	55.0
screen	archive__wayback-search__1440x900__dpr1.png	turbo	420	55	model_policy	35.115	75.288	1.3125	ImageMagick	55.0
screen	archive__wayback-search__1440x900__dpr1.png	turbo	420	55	model_proj	35.137	75.426	1.3088	ImageMagick	55.0
screen	archive__wayback-search__1440x900__dpr1.png	turbo	420	75	identity_off	33.971	75.104	1.4084	ImageMagick	75.0
screen	archive__wayback-search__1440x900__dpr1.png	turbo	420	75	identity_auto	34.104	75.767	1.3668	ImageMagick	75.0
screen	archive__wayback-search__1440x900__dpr1.png	turbo	420	75	model_off	37.214	81.035	0.9904	ImageMagick	75.0
screen	archive__wayback-search__1440x900__dpr1.png	turbo	420	75	model_auto	37.332	81.387	0.9578	ImageMagick	75.0
screen	archive__wayback-search__1440x900__dpr1.png	turbo	420	75	model_policy	37.434	81.440	0.9763	ImageMagick	75.0
screen	archive__wayback-search__1440x900__dpr1.png	turbo	420	75	model_proj	37.470	81.447	0.9738	ImageMagick	75.0
screen	archive__wayback-search__1440x900__dpr1.png	turbo	420	90	identity_off	36.843	83.513	0.9108	ImageMagick	90.0
screen	archive__wayback-search__1440x900__dpr1.png	turbo	420	90	identity_auto	36.856	83.544	0.9030	ImageMagick	90.0
screen	archive__wayback-search__1440x900__dpr1.png	turbo	420	90	model_off	40.106	87.014	0.6448	ImageMagick	90.0
screen	archive__wayback-search__1440x900__dpr1.png	turbo	420	90	model_auto	40.185	86.927	0.6343	ImageMagick	90.0
screen	archive__wayback-search__1440x900__dpr1.png	turbo	420	90	model_policy	40.635	87.463	0.6173	ImageMagick	90.0
screen	archive__wayback-search__1440x900__dpr1.png	turbo	420	90	model_proj	40.726	87.753	0.6035	ImageMagick	90.0
screen	archive__wayback-search__1440x900__dpr1.png	turbo	444	15	identity_off	27.706	43.416	3.4533	Unknown	15.0
screen	archive__wayback-search__1440x900__dpr1.png	turbo	444	15	identity_auto	28.128	46.374	3.4842	Unknown	15.0
screen	archive__wayback-search__1440x900__dpr1.png	turbo	444	15	model_off	29.877	53.829	2.9231	Unknown	15.0
screen	archive__wayback-search__1440x900__dpr1.png	turbo	444	15	model_auto	30.062	55.260	2.9887	Unknown	15.0
screen	archive__wayback-search__1440x900__dpr1.png	turbo	444	15	model_policy	30.067	54.594	2.8743	Unknown	15.0
screen	archive__wayback-search__1440x900__dpr1.png	turbo	444	15	model_proj	30.069	54.589	2.8742	Unknown	15.0
screen	archive__wayback-search__1440x900__dpr1.png	turbo	444	35	identity_off	30.935	62.254	2.1983	ImageMagick	35.0
screen	archive__wayback-search__1440x900__dpr1.png	turbo	444	35	identity_auto	31.284	63.409	2.1666	ImageMagick	35.0
screen	archive__wayback-search__1440x900__dpr1.png	turbo	444	35	model_off	33.737	70.618	1.6142	ImageMagick	35.0
screen	archive__wayback-search__1440x900__dpr1.png	turbo	444	35	model_auto	33.918	71.175	1.6229	ImageMagick	35.0
screen	archive__wayback-search__1440x900__dpr1.png	turbo	444	35	model_policy	33.880	71.065	1.6039	ImageMagick	35.0
screen	archive__wayback-search__1440x900__dpr1.png	turbo	444	35	model_proj	33.885	71.205	1.6014	ImageMagick	35.0
screen	archive__wayback-search__1440x900__dpr1.png	turbo	444	55	identity_off	32.838	68.950	1.7972	ImageMagick	55.0
screen	archive__wayback-search__1440x900__dpr1.png	turbo	444	55	identity_auto	33.168	69.911	1.7346	ImageMagick	55.0
screen	archive__wayback-search__1440x900__dpr1.png	turbo	444	55	model_off	35.817	76.324	1.2774	ImageMagick	55.0
screen	archive__wayback-search__1440x900__dpr1.png	turbo	444	55	model_auto	36.008	76.811	1.2336	ImageMagick	55.0
screen	archive__wayback-search__1440x900__dpr1.png	turbo	444	55	model_policy	35.941	76.697	1.2663	ImageMagick	55.0
screen	archive__wayback-search__1440x900__dpr1.png	turbo	444	55	model_proj	35.954	76.815	1.2621	ImageMagick	55.0
screen	archive__wayback-search__1440x900__dpr1.png	turbo	444	75	identity_off	35.300	76.807	1.3453	ImageMagick	75.0
screen	archive__wayback-search__1440x900__dpr1.png	turbo	444	75	identity_auto	35.601	77.371	1.3068	ImageMagick	75.0
screen	archive__wayback-search__1440x900__dpr1.png	turbo	444	75	model_off	38.385	82.419	0.9496	ImageMagick	75.0
screen	archive__wayback-search__1440x900__dpr1.png	turbo	444	75	model_auto	38.519	82.506	0.9288	ImageMagick	75.0
screen	archive__wayback-search__1440x900__dpr1.png	turbo	444	75	model_policy	38.591	82.681	0.9394	ImageMagick	75.0
screen	archive__wayback-search__1440x900__dpr1.png	turbo	444	75	model_proj	38.607	82.902	0.9352	ImageMagick	75.0
screen	archive__wayback-search__1440x900__dpr1.png	turbo	444	90	identity_off	39.333	86.223	0.7931	ImageMagick	90.0
screen	archive__wayback-search__1440x900__dpr1.png	turbo	444	90	identity_auto	39.433	86.284	0.7842	ImageMagick	90.0
screen	archive__wayback-search__1440x900__dpr1.png	turbo	444	90	model_off	42.264	89.104	0.5554	ImageMagick	90.0
screen	archive__wayback-search__1440x900__dpr1.png	turbo	444	90	model_auto	42.289	89.102	0.5504	ImageMagick	90.0
screen	archive__wayback-search__1440x900__dpr1.png	turbo	444	90	model_policy	42.641	89.406	0.5407	ImageMagick	90.0
screen	archive__wayback-search__1440x900__dpr1.png	turbo	444	90	model_proj	42.676	89.879	0.5343	ImageMagick	90.0
screen	archive__wayback-search__1440x900__dpr1.png	mozjpeg	420	15	identity_off	25.039	26.373	5.2733	Mozjpeg	15.0
screen	archive__wayback-search__1440x900__dpr1.png	mozjpeg	420	15	identity_auto	25.197	27.788	5.2586	Mozjpeg	15.0
screen	archive__wayback-search__1440x900__dpr1.png	mozjpeg	420	15	model_off	26.293	35.994	4.9621	Mozjpeg	15.0
screen	archive__wayback-search__1440x900__dpr1.png	mozjpeg	420	15	model_auto	26.286	35.916	4.9999	Mozjpeg	15.0
screen	archive__wayback-search__1440x900__dpr1.png	mozjpeg	420	15	model_policy	26.510	37.568	4.8496	Mozjpeg	15.0
screen	archive__wayback-search__1440x900__dpr1.png	mozjpeg	420	15	model_proj	26.498	37.569	4.8537	Mozjpeg	15.0
screen	archive__wayback-search__1440x900__dpr1.png	mozjpeg	420	35	identity_off	28.412	54.093	3.2948	Mozjpeg	35.0
screen	archive__wayback-search__1440x900__dpr1.png	mozjpeg	420	35	identity_auto	28.548	53.943	3.3849	Mozjpeg	35.0
screen	archive__wayback-search__1440x900__dpr1.png	mozjpeg	420	35	model_off	30.535	62.712	2.8829	Mozjpeg	35.0
screen	archive__wayback-search__1440x900__dpr1.png	mozjpeg	420	35	model_auto	30.631	62.400	2.9880	Mozjpeg	35.0
screen	archive__wayback-search__1440x900__dpr1.png	mozjpeg	420	35	model_policy	30.774	63.458	2.8825	Mozjpeg	35.0
screen	archive__wayback-search__1440x900__dpr1.png	mozjpeg	420	35	model_proj	30.720	62.834	2.9038	Mozjpeg	35.0
screen	archive__wayback-search__1440x900__dpr1.png	mozjpeg	420	55	identity_off	30.194	63.760	2.3893	Mozjpeg	55.0
screen	archive__wayback-search__1440x900__dpr1.png	mozjpeg	420	55	identity_auto	30.309	63.700	2.4373	Mozjpeg	55.0
screen	archive__wayback-search__1440x900__dpr1.png	mozjpeg	420	55	model_off	32.724	71.202	1.9033	Mozjpeg	55.0
screen	archive__wayback-search__1440x900__dpr1.png	mozjpeg	420	55	model_auto	32.819	71.101	1.9406	Mozjpeg	55.0
screen	archive__wayback-search__1440x900__dpr1.png	mozjpeg	420	55	model_policy	32.961	71.780	1.8747	Mozjpeg	55.0
screen	archive__wayback-search__1440x900__dpr1.png	mozjpeg	420	55	model_proj	32.884	71.242	1.9029	Mozjpeg	55.0
screen	archive__wayback-search__1440x900__dpr1.png	mozjpeg	420	75	identity_off	32.466	73.688	1.7074	Mozjpeg	75.0
screen	archive__wayback-search__1440x900__dpr1.png	mozjpeg	420	75	identity_auto	32.568	74.109	1.6932	Mozjpeg	75.0
screen	archive__wayback-search__1440x900__dpr1.png	mozjpeg	420	75	model_off	35.213	79.075	1.2880	Mozjpeg	75.0
screen	archive__wayback-search__1440x900__dpr1.png	mozjpeg	420	75	model_auto	35.275	79.227	1.2973	Mozjpeg	75.0
screen	archive__wayback-search__1440x900__dpr1.png	mozjpeg	420	75	model_policy	35.437	79.489	1.2805	Mozjpeg	75.0
screen	archive__wayback-search__1440x900__dpr1.png	mozjpeg	420	75	model_proj	35.369	78.970	1.3018	Mozjpeg	75.0
screen	archive__wayback-search__1440x900__dpr1.png	mozjpeg	420	90	identity_off	35.891	82.279	1.0264	Mozjpeg	90.0
screen	archive__wayback-search__1440x900__dpr1.png	mozjpeg	420	90	identity_auto	35.915	82.340	1.0238	Mozjpeg	90.0
screen	archive__wayback-search__1440x900__dpr1.png	mozjpeg	420	90	model_off	38.712	85.586	0.7519	Mozjpeg	90.0
screen	archive__wayback-search__1440x900__dpr1.png	mozjpeg	420	90	model_auto	38.725	85.392	0.7502	Mozjpeg	90.0
screen	archive__wayback-search__1440x900__dpr1.png	mozjpeg	420	90	model_policy	39.224	86.068	0.7240	Mozjpeg	90.0
screen	archive__wayback-search__1440x900__dpr1.png	mozjpeg	420	90	model_proj	39.239	85.999	0.7311	Mozjpeg	90.0
screen	archive__wayback-search__1440x900__dpr1.png	mozjpeg	444	15	identity_off	25.262	27.923	5.3659	Mozjpeg	15.0
screen	archive__wayback-search__1440x900__dpr1.png	mozjpeg	444	15	identity_auto	25.503	30.239	5.3623	Mozjpeg	15.0
screen	archive__wayback-search__1440x900__dpr1.png	mozjpeg	444	15	model_off	26.544	37.127	5.0671	Mozjpeg	15.0
screen	archive__wayback-search__1440x900__dpr1.png	mozjpeg	444	15	model_auto	26.587	37.737	5.1126	Mozjpeg	15.0
screen	archive__wayback-search__1440x900__dpr1.png	mozjpeg	444	15	model_policy	26.774	38.865	4.9491	Mozjpeg	15.0
screen	archive__wayback-search__1440x900__dpr1.png	mozjpeg	444	15	model_proj	26.758	38.697	4.9548	Mozjpeg	15.0
screen	archive__wayback-search__1440x900__dpr1.png	mozjpeg	444	35	identity_off	28.808	55.623	3.3227	Mozjpeg	35.0
screen	archive__wayback-search__1440x900__dpr1.png	mozjpeg	444	35	identity_auto	29.024	55.682	3.4118	Mozjpeg	35.0
screen	archive__wayback-search__1440x900__dpr1.png	mozjpeg	444	35	model_off	31.005	63.754	2.9054	Mozjpeg	35.0
screen	archive__wayback-search__1440x900__dpr1.png	mozjpeg	444	35	model_auto	31.132	63.666	3.0153	Mozjpeg	35.0
screen	archive__wayback-search__1440x900__dpr1.png	mozjpeg	444	35	model_policy	31.237	64.607	2.9078	Mozjpeg	35.0
screen	archive__wayback-search__1440x900__dpr1.png	mozjpeg	444	35	model_proj	31.173	64.014	2.9275	Mozjpeg	35.0
screen	archive__wayback-search__1440x900__dpr1.png	mozjpeg	444	55	identity_off	30.783	65.727	2.4004	Mozjpeg	55.0
screen	archive__wayback-search__1440x900__dpr1.png	mozjpeg	444	55	identity_auto	30.968	65.606	2.4582	Mozjpeg	55.0
screen	archive__wayback-search__1440x900__dpr1.png	mozjpeg	444	55	model_off	33.287	72.792	1.9245	Mozjpeg	55.0
screen	archive__wayback-search__1440x900__dpr1.png	mozjpeg	444	55	model_auto	33.397	72.630	1.9735	Mozjpeg	55.0
screen	archive__wayback-search__1440x900__dpr1.png	mozjpeg	444	55	model_policy	33.524	73.467	1.8932	Mozjpeg	55.0
screen	archive__wayback-search__1440x900__dpr1.png	mozjpeg	444	55	model_proj	33.432	72.879	1.9176	Mozjpeg	55.0
screen	archive__wayback-search__1440x900__dpr1.png	mozjpeg	444	75	identity_off	33.415	75.172	1.6658	Mozjpeg	75.0
screen	archive__wayback-search__1440x900__dpr1.png	mozjpeg	444	75	identity_auto	33.589	75.487	1.6556	Mozjpeg	75.0
screen	archive__wayback-search__1440x900__dpr1.png	mozjpeg	444	75	model_off	35.993	80.320	1.2800	Mozjpeg	75.0
screen	archive__wayback-search__1440x900__dpr1.png	mozjpeg	444	75	model_auto	36.070	80.364	1.2860	Mozjpeg	75.0
screen	archive__wayback-search__1440x900__dpr1.png	mozjpeg	444	75	model_policy	36.228	80.724	1.2646	Mozjpeg	75.0
screen	archive__wayback-search__1440x900__dpr1.png	mozjpeg	444	75	model_proj	36.136	80.388	1.2871	Mozjpeg	75.0
screen	archive__wayback-search__1440x900__dpr1.png	mozjpeg	444	90	identity_off	38.036	84.308	0.9252	Mozjpeg	90.0
screen	archive__wayback-search__1440x900__dpr1.png	mozjpeg	444	90	identity_auto	38.101	84.436	0.9223	Mozjpeg	90.0
screen	archive__wayback-search__1440x900__dpr1.png	mozjpeg	444	90	model_off	40.286	86.996	0.6866	Mozjpeg	90.0
screen	archive__wayback-search__1440x900__dpr1.png	mozjpeg	444	90	model_auto	40.289	86.903	0.6849	Mozjpeg	90.0
screen	archive__wayback-search__1440x900__dpr1.png	mozjpeg	444	90	model_policy	40.786	87.526	0.6630	Mozjpeg	90.0
screen	archive__wayback-search__1440x900__dpr1.png	mozjpeg	444	90	model_proj	40.756	87.826	0.6686	Mozjpeg	90.0
screen	archive__wayback-search__1440x900__dpr1.png	jpegli	420	15	identity_off	27.613	48.631	3.4790	CjpegliYcbcr	14.2
screen	archive__wayback-search__1440x900__dpr1.png	jpegli	420	15	identity_auto	27.795	47.761	3.5726	CjpegliYcbcr	14.2
screen	archive__wayback-search__1440x900__dpr1.png	jpegli	420	15	model_off	29.439	57.926	3.1352	CjpegliYcbcr	14.2
screen	archive__wayback-search__1440x900__dpr1.png	jpegli	420	15	model_auto	29.515	56.991	3.2310	CjpegliYcbcr	14.2
screen	archive__wayback-search__1440x900__dpr1.png	jpegli	420	15	model_policy	29.700	58.895	3.0598	CjpegliYcbcr	14.2
screen	archive__wayback-search__1440x900__dpr1.png	jpegli	420	15	model_proj	29.701	58.911	3.0597	CjpegliYcbcr	14.2
screen	archive__wayback-search__1440x900__dpr1.png	jpegli	420	35	identity_off	30.752	64.264	2.0811	CjpegliYcbcr	7.2
screen	archive__wayback-search__1440x900__dpr1.png	jpegli	420	35	identity_auto	30.919	64.608	2.0597	CjpegliYcbcr	7.2
screen	archive__wayback-search__1440x900__dpr1.png	jpegli	420	35	model_off	33.169	71.750	1.6107	CjpegliYcbcr	7.2
screen	archive__wayback-search__1440x900__dpr1.png	jpegli	420	35	model_auto	33.272	71.834	1.6103	CjpegliYcbcr	7.2
screen	archive__wayback-search__1440x900__dpr1.png	jpegli	420	35	model_policy	33.360	72.268	1.5807	CjpegliYcbcr	7.2
screen	archive__wayback-search__1440x900__dpr1.png	jpegli	420	35	model_proj	33.362	72.305	1.5809	CjpegliYcbcr	7.2
screen	archive__wayback-search__1440x900__dpr1.png	jpegli	420	55	identity_off	32.324	70.970	1.6588	CjpegliYcbcr	5.2
screen	archive__wayback-search__1440x900__dpr1.png	jpegli	420	55	identity_auto	32.468	71.496	1.6276	CjpegliYcbcr	5.2
screen	archive__wayback-search__1440x900__dpr1.png	jpegli	420	55	model_off	34.966	77.439	1.2255	CjpegliYcbcr	5.2
screen	archive__wayback-search__1440x900__dpr1.png	jpegli	420	55	model_auto	35.092	77.680	1.2215	CjpegliYcbcr	5.2
screen	archive__wayback-search__1440x900__dpr1.png	jpegli	420	55	model_policy	35.149	77.801	1.2105	CjpegliYcbcr	5.2
screen	archive__wayback-search__1440x900__dpr1.png	jpegli	420	55	model_proj	35.154	77.771	1.2100	CjpegliYcbcr	5.2
screen	archive__wayback-search__1440x900__dpr1.png	jpegli	420	75	identity_off	34.770	78.099	1.1867	CjpegliYcbcr	3.0
screen	archive__wayback-search__1440x900__dpr1.png	jpegli	420	75	identity_auto	34.878	78.498	1.1561	CjpegliYcbcr	3.0
screen	archive__wayback-search__1440x900__dpr1.png	jpegli	420	75	model_off	37.647	82.873	0.8484	CjpegliYcbcr	3.0
screen	archive__wayback-search__1440x900__dpr1.png	jpegli	420	75	model_auto	37.734	82.896	0.8375	CjpegliYcbcr	3.0
screen	archive__wayback-search__1440x900__dpr1.png	jpegli	420	75	model_policy	37.930	83.236	0.8303	CjpegliYcbcr	3.0
screen	archive__wayback-search__1440x900__dpr1.png	jpegli	420	75	model_proj	37.943	83.242	0.8287	CjpegliYcbcr	3.0
screen	archive__wayback-search__1440x900__dpr1.png	jpegli	420	90	identity_off	37.783	85.447	0.7194	CjpegliYcbcr	1.3
screen	archive__wayback-search__1440x900__dpr1.png	jpegli	420	90	identity_auto	37.792	85.537	0.7152	CjpegliYcbcr	1.3
screen	archive__wayback-search__1440x900__dpr1.png	jpegli	420	90	model_off	40.657	87.917	0.5203	CjpegliYcbcr	1.3
screen	archive__wayback-search__1440x900__dpr1.png	jpegli	420	90	model_auto	40.768	87.734	0.5131	CjpegliYcbcr	1.3
screen	archive__wayback-search__1440x900__dpr1.png	jpegli	420	90	model_policy	41.316	88.511	0.4831	CjpegliYcbcr	1.3
screen	archive__wayback-search__1440x900__dpr1.png	jpegli	420	90	model_proj	41.347	88.129	0.4773	CjpegliYcbcr	1.3
screen	archive__wayback-search__1440x900__dpr1.png	jpegli	444	15	identity_off	28.362	53.162	2.9558	CjpegliYcbcr	11.8
screen	archive__wayback-search__1440x900__dpr1.png	jpegli	444	15	identity_auto	28.657	54.325	3.0062	CjpegliYcbcr	11.8
screen	archive__wayback-search__1440x900__dpr1.png	jpegli	444	15	model_off	30.424	62.835	2.5830	CjpegliYcbcr	11.8
screen	archive__wayback-search__1440x900__dpr1.png	jpegli	444	15	model_auto	30.581	63.209	2.6369	CjpegliYcbcr	11.8
screen	archive__wayback-search__1440x900__dpr1.png	jpegli	444	15	model_policy	30.674	63.533	2.5328	CjpegliYcbcr	11.8
screen	archive__wayback-search__1440x900__dpr1.png	jpegli	444	15	model_proj	30.675	63.543	2.5329	CjpegliYcbcr	11.8
screen	archive__wayback-search__1440x900__dpr1.png	jpegli	444	35	identity_off	31.496	66.397	1.8362	CjpegliYcbcr	6.0
screen	archive__wayback-search__1440x900__dpr1.png	jpegli	444	35	identity_auto	31.779	67.570	1.8147	CjpegliYcbcr	6.0
screen	archive__wayback-search__1440x900__dpr1.png	jpegli	444	35	model_off	34.028	73.663	1.3955	CjpegliYcbcr	6.0
screen	archive__wayback-search__1440x900__dpr1.png	jpegli	444	35	model_auto	34.211	74.191	1.4025	CjpegliYcbcr	6.0
screen	archive__wayback-search__1440x900__dpr1.png	jpegli	444	35	model_policy	34.206	74.070	1.3733	CjpegliYcbcr	6.0
screen	archive__wayback-search__1440x900__dpr1.png	jpegli	444	35	model_proj	34.209	74.106	1.3714	CjpegliYcbcr	6.0
screen	archive__wayback-search__1440x900__dpr1.png	jpegli	444	55	identity_off	33.054	71.815	1.4525	CjpegliYcbcr	4.1
screen	archive__wayback-search__1440x900__dpr1.png	jpegli	444	55	identity_auto	33.321	72.886	1.4156	CjpegliYcbcr	4.1
screen	archive__wayback-search__1440x900__dpr1.png	jpegli	444	55	model_off	35.790	77.978	1.0410	CjpegliYcbcr	4.1
screen	archive__wayback-search__1440x900__dpr1.png	jpegli	444	55	model_auto	35.954	78.429	1.0307	CjpegliYcbcr	4.1
screen	archive__wayback-search__1440x900__dpr1.png	jpegli	444	55	model_policy	35.962	78.367	1.0270	CjpegliYcbcr	4.1
screen	archive__wayback-search__1440x900__dpr1.png	jpegli	444	55	model_proj	35.967	78.316	1.0275	CjpegliYcbcr	4.1
screen	archive__wayback-search__1440x900__dpr1.png	jpegli	444	75	identity_off	35.369	78.569	1.0454	CjpegliYcbcr	2.3
screen	archive__wayback-search__1440x900__dpr1.png	jpegli	444	75	identity_auto	35.584	79.188	1.0178	CjpegliYcbcr	2.3
screen	archive__wayback-search__1440x900__dpr1.png	jpegli	444	75	model_off	38.265	83.054	0.7291	CjpegliYcbcr	2.3
screen	archive__wayback-search__1440x900__dpr1.png	jpegli	444	75	model_auto	38.374	83.266	0.7178	CjpegliYcbcr	2.3
screen	archive__wayback-search__1440x900__dpr1.png	jpegli	444	75	model_policy	38.534	83.563	0.7156	CjpegliYcbcr	2.3
screen	archive__wayback-search__1440x900__dpr1.png	jpegli	444	75	model_proj	38.543	83.587	0.7164	CjpegliYcbcr	2.3
screen	archive__wayback-search__1440x900__dpr1.png	jpegli	444	90	identity_off	38.771	85.100	0.6219	CjpegliYcbcr	1.1
screen	archive__wayback-search__1440x900__dpr1.png	jpegli	444	90	identity_auto	38.837	85.129	0.6141	CjpegliYcbcr	1.1
screen	archive__wayback-search__1440x900__dpr1.png	jpegli	444	90	model_off	41.605	87.485	0.4443	CjpegliYcbcr	1.1
screen	archive__wayback-search__1440x900__dpr1.png	jpegli	444	90	model_auto	41.660	87.323	0.4398	CjpegliYcbcr	1.1
screen	archive__wayback-search__1440x900__dpr1.png	jpegli	444	90	model_policy	42.131	87.992	0.4200	CjpegliYcbcr	1.1
screen	archive__wayback-search__1440x900__dpr1.png	jpegli	444	90	model_proj	42.185	88.189	0.4140	CjpegliYcbcr	1.1
screen	archive__wayback-search__1440x900__dpr1.png	zenjpeg	420	15	identity_off	27.617	49.714	3.4947	CjpegliYcbcr	14.2
screen	archive__wayback-search__1440x900__dpr1.png	zenjpeg	420	15	identity_auto	27.804	49.272	3.5793	CjpegliYcbcr	14.2
screen	archive__wayback-search__1440x900__dpr1.png	zenjpeg	420	15	model_off	29.321	57.924	3.1887	CjpegliYcbcr	14.2
screen	archive__wayback-search__1440x900__dpr1.png	zenjpeg	420	15	model_auto	29.424	57.375	3.2727	CjpegliYcbcr	14.2
screen	archive__wayback-search__1440x900__dpr1.png	zenjpeg	420	15	model_policy	29.583	58.925	3.0759	CjpegliYcbcr	14.2
screen	archive__wayback-search__1440x900__dpr1.png	zenjpeg	420	15	model_proj	29.535	58.540	3.1014	CjpegliYcbcr	14.2
screen	archive__wayback-search__1440x900__dpr1.png	zenjpeg	420	35	identity_off	30.761	65.544	2.1020	CjpegliYcbcr	7.2
screen	archive__wayback-search__1440x900__dpr1.png	zenjpeg	420	35	identity_auto	30.932	66.007	2.0769	CjpegliYcbcr	7.2
screen	archive__wayback-search__1440x900__dpr1.png	zenjpeg	420	35	model_off	33.085	72.285	1.6424	CjpegliYcbcr	7.2
screen	archive__wayback-search__1440x900__dpr1.png	zenjpeg	420	35	model_auto	33.197	72.556	1.6408	CjpegliYcbcr	7.2
screen	archive__wayback-search__1440x900__dpr1.png	zenjpeg	420	35	model_policy	33.273	72.745	1.6128	CjpegliYcbcr	7.2
screen	archive__wayback-search__1440x900__dpr1.png	zenjpeg	420	35	model_proj	33.169	72.055	1.7044	CjpegliYcbcr	7.2
screen	archive__wayback-search__1440x900__dpr1.png	zenjpeg	420	55	identity_off	32.353	71.758	1.6846	CjpegliYcbcr	5.2
screen	archive__wayback-search__1440x900__dpr1.png	zenjpeg	420	55	identity_auto	32.504	72.371	1.6475	CjpegliYcbcr	5.2
screen	archive__wayback-search__1440x900__dpr1.png	zenjpeg	420	55	model_off	34.901	77.666	1.2673	CjpegliYcbcr	5.2
screen	archive__wayback-search__1440x900__dpr1.png	zenjpeg	420	55	model_auto	35.032	77.999	1.2553	CjpegliYcbcr	5.2
screen	archive__wayback-search__1440x900__dpr1.png	zenjpeg	420	55	model_policy	35.079	77.945	1.2480	CjpegliYcbcr	5.2
screen	archive__wayback-search__1440x900__dpr1.png	zenjpeg	420	55	model_proj	34.980	77.330	1.3442	CjpegliYcbcr	5.2
screen	archive__wayback-search__1440x900__dpr1.png	zenjpeg	420	75	identity_off	34.789	78.653	1.2266	CjpegliYcbcr	3.0
screen	archive__wayback-search__1440x900__dpr1.png	zenjpeg	420	75	identity_auto	34.903	79.113	1.1894	CjpegliYcbcr	3.0
screen	archive__wayback-search__1440x900__dpr1.png	zenjpeg	420	75	model_off	37.577	82.990	0.8948	CjpegliYcbcr	3.0
screen	archive__wayback-search__1440x900__dpr1.png	zenjpeg	420	75	model_auto	37.660	83.147	0.8774	CjpegliYcbcr	3.0
screen	archive__wayback-search__1440x900__dpr1.png	zenjpeg	420	75	model_policy	37.851	83.409	0.8751	CjpegliYcbcr	3.0
screen	archive__wayback-search__1440x900__dpr1.png	zenjpeg	420	75	model_proj	37.779	82.886	0.9218	CjpegliYcbcr	3.0
screen	archive__wayback-search__1440x900__dpr1.png	zenjpeg	420	90	identity_off	37.758	85.613	0.7732	CjpegliYcbcr	1.3
screen	archive__wayback-search__1440x900__dpr1.png	zenjpeg	420	90	identity_auto	37.774	85.689	0.7598	CjpegliYcbcr	1.3
screen	archive__wayback-search__1440x900__dpr1.png	zenjpeg	420	90	model_off	40.542	87.829	0.5803	CjpegliYcbcr	1.3
screen	archive__wayback-search__1440x900__dpr1.png	zenjpeg	420	90	model_auto	40.643	87.821	0.5661	CjpegliYcbcr	1.3
screen	archive__wayback-search__1440x900__dpr1.png	zenjpeg	420	90	model_policy	41.185	88.451	0.5437	CjpegliYcbcr	1.3
screen	archive__wayback-search__1440x900__dpr1.png	zenjpeg	420	90	model_proj	41.222	88.000	0.5290	CjpegliYcbcr	1.3
screen	archive__wayback-search__1440x900__dpr1.png	zenjpeg	444	15	identity_off	28.394	54.218	2.9646	CjpegliYcbcr	11.8
screen	archive__wayback-search__1440x900__dpr1.png	zenjpeg	444	15	identity_auto	28.698	55.396	3.0147	CjpegliYcbcr	11.8
screen	archive__wayback-search__1440x900__dpr1.png	zenjpeg	444	15	model_off	30.361	62.804	2.6264	CjpegliYcbcr	11.8
screen	archive__wayback-search__1440x900__dpr1.png	zenjpeg	444	15	model_auto	30.536	63.251	2.6891	CjpegliYcbcr	11.8
screen	archive__wayback-search__1440x900__dpr1.png	zenjpeg	444	15	model_policy	30.618	63.545	2.5747	CjpegliYcbcr	11.8
screen	archive__wayback-search__1440x900__dpr1.png	zenjpeg	444	15	model_proj	30.551	62.889	2.6119	CjpegliYcbcr	11.8
screen	archive__wayback-search__1440x900__dpr1.png	zenjpeg	444	35	identity_off	31.538	67.775	1.8759	CjpegliYcbcr	6.0
screen	archive__wayback-search__1440x900__dpr1.png	zenjpeg	444	35	identity_auto	31.822	68.997	1.8414	CjpegliYcbcr	6.0
screen	archive__wayback-search__1440x900__dpr1.png	zenjpeg	444	35	model_off	33.965	74.511	1.4513	CjpegliYcbcr	6.0
screen	archive__wayback-search__1440x900__dpr1.png	zenjpeg	444	35	model_auto	34.147	75.231	1.4474	CjpegliYcbcr	6.0
screen	archive__wayback-search__1440x900__dpr1.png	zenjpeg	444	35	model_policy	34.139	74.831	1.4295	CjpegliYcbcr	6.0
screen	archive__wayback-search__1440x900__dpr1.png	zenjpeg	444	35	model_proj	34.041	74.270	1.4943	CjpegliYcbcr	6.0
screen	archive__wayback-search__1440x900__dpr1.png	zenjpeg	444	55	identity_off	33.080	72.944	1.4917	CjpegliYcbcr	4.1
screen	archive__wayback-search__1440x900__dpr1.png	zenjpeg	444	55	identity_auto	33.346	74.032	1.4440	CjpegliYcbcr	4.1
screen	archive__wayback-search__1440x900__dpr1.png	zenjpeg	444	55	model_off	35.700	78.508	1.0944	CjpegliYcbcr	4.1
screen	archive__wayback-search__1440x900__dpr1.png	zenjpeg	444	55	model_auto	35.854	79.008	1.0779	CjpegliYcbcr	4.1
screen	archive__wayback-search__1440x900__dpr1.png	zenjpeg	444	55	model_policy	35.871	78.878	1.0807	CjpegliYcbcr	4.1
screen	archive__wayback-search__1440x900__dpr1.png	zenjpeg	444	55	model_proj	35.778	78.190	1.1669	CjpegliYcbcr	4.1
screen	archive__wayback-search__1440x900__dpr1.png	zenjpeg	444	75	identity_off	35.355	79.080	1.0993	CjpegliYcbcr	2.3
screen	archive__wayback-search__1440x900__dpr1.png	zenjpeg	444	75	identity_auto	35.573	79.774	1.0632	CjpegliYcbcr	2.3
screen	archive__wayback-search__1440x900__dpr1.png	zenjpeg	444	75	model_off	38.115	83.080	0.7939	CjpegliYcbcr	2.3
screen	archive__wayback-search__1440x900__dpr1.png	zenjpeg	444	75	model_auto	38.226	83.269	0.7759	CjpegliYcbcr	2.3
screen	archive__wayback-search__1440x900__dpr1.png	zenjpeg	444	75	model_policy	38.387	83.463	0.7760	CjpegliYcbcr	2.3
screen	archive__wayback-search__1440x900__dpr1.png	zenjpeg	444	75	model_proj	38.324	83.116	0.8126	CjpegliYcbcr	2.3
screen	archive__wayback-search__1440x900__dpr1.png	zenjpeg	444	90	identity_off	38.707	85.231	0.6818	CjpegliYcbcr	1.1
screen	archive__wayback-search__1440x900__dpr1.png	zenjpeg	444	90	identity_auto	38.780	85.364	0.6676	CjpegliYcbcr	1.1
screen	archive__wayback-search__1440x900__dpr1.png	zenjpeg	444	90	model_off	41.442	87.439	0.5152	CjpegliYcbcr	1.1
screen	archive__wayback-search__1440x900__dpr1.png	zenjpeg	444	90	model_auto	41.496	87.363	0.5057	CjpegliYcbcr	1.1
screen	archive__wayback-search__1440x900__dpr1.png	zenjpeg	444	90	model_policy	41.964	88.048	0.4880	CjpegliYcbcr	1.1
screen	archive__wayback-search__1440x900__dpr1.png	zenjpeg	444	90	model_proj	41.991	88.042	0.4886	CjpegliYcbcr	1.1
screen	archives__exhibits__1440x900__dpr1.png	turbo	420	15	identity_off	25.233	33.674	4.2856	Unknown	15.0
screen	archives__exhibits__1440x900__dpr1.png	turbo	420	15	identity_auto	25.321	34.474	4.4743	Unknown	15.0
screen	archives__exhibits__1440x900__dpr1.png	turbo	420	15	model_off	27.973	49.194	3.2651	Unknown	15.0
screen	archives__exhibits__1440x900__dpr1.png	turbo	420	15	model_auto	27.988	49.418	3.4162	Unknown	15.0
screen	archives__exhibits__1440x900__dpr1.png	turbo	420	15	model_policy	28.112	50.411	3.2256	Unknown	15.0
screen	archives__exhibits__1440x900__dpr1.png	turbo	420	15	model_proj	28.187	52.069	3.1225	Unknown	15.0
screen	archives__exhibits__1440x900__dpr1.png	turbo	420	35	identity_off	28.454	49.327	2.8214	ImageMagick	35.0
screen	archives__exhibits__1440x900__dpr1.png	turbo	420	35	identity_auto	28.501	49.945	2.8805	ImageMagick	35.0
screen	archives__exhibits__1440x900__dpr1.png	turbo	420	35	model_off	31.403	63.766	2.0024	ImageMagick	35.0
screen	archives__exhibits__1440x900__dpr1.png	turbo	420	35	model_auto	31.422	64.337	2.0406	ImageMagick	35.0
screen	archives__exhibits__1440x900__dpr1.png	turbo	420	35	model_policy	31.500	64.078	1.9857	ImageMagick	35.0
screen	archives__exhibits__1440x900__dpr1.png	turbo	420	35	model_proj	31.837	68.094	1.7708	ImageMagick	35.0
screen	archives__exhibits__1440x900__dpr1.png	turbo	420	55	identity_off	30.556	59.492	2.1537	ImageMagick	55.0
screen	archives__exhibits__1440x900__dpr1.png	turbo	420	55	identity_auto	30.580	59.861	2.1744	ImageMagick	55.0
screen	archives__exhibits__1440x900__dpr1.png	turbo	420	55	model_off	33.540	71.319	1.5066	ImageMagick	55.0
screen	archives__exhibits__1440x900__dpr1.png	turbo	420	55	model_auto	33.548	71.644	1.5176	ImageMagick	55.0
screen	archives__exhibits__1440x900__dpr1.png	turbo	420	55	model_policy	33.647	71.600	1.4923	ImageMagick	55.0
screen	archives__exhibits__1440x900__dpr1.png	turbo	420	55	model_proj	34.148	75.748	1.2553	ImageMagick	55.0
screen	archives__exhibits__1440x900__dpr1.png	turbo	420	75	identity_off	33.368	71.237	1.5169	ImageMagick	75.0
screen	archives__exhibits__1440x900__dpr1.png	turbo	420	75	identity_auto	33.403	71.856	1.5021	ImageMagick	75.0
screen	archives__exhibits__1440x900__dpr1.png	turbo	420	75	model_off	36.366	79.565	1.0766	ImageMagick	75.0
screen	archives__exhibits__1440x900__dpr1.png	turbo	420	75	model_auto	36.382	79.955	1.0530	ImageMagick	75.0
screen	archives__exhibits__1440x900__dpr1.png	turbo	420	75	model_policy	36.531	79.899	1.0467	ImageMagick	75.0
screen	archives__exhibits__1440x900__dpr1.png	turbo	420	75	model_proj	37.141	83.163	0.8467	ImageMagick	75.0
screen	archives__exhibits__1440x900__dpr1.png	turbo	420	90	identity_off	36.347	81.985	1.0201	ImageMagick	90.0
screen	archives__exhibits__1440x900__dpr1.png	turbo	420	90	identity_auto	36.294	81.721	1.0526	ImageMagick	90.0
screen	archives__exhibits__1440x900__dpr1.png	turbo	420	90	model_off	39.292	86.219	0.7473	ImageMagick	90.0
screen	archives__exhibits__1440x900__dpr1.png	turbo	420	90	model_auto	39.233	86.095	0.7698	ImageMagick	90.0
screen	archives__exhibits__1440x900__dpr1.png	turbo	420	90	model_policy	39.648	86.664	0.6998	ImageMagick	90.0
screen	archives__exhibits__1440x900__dpr1.png	turbo	420	90	model_proj	40.530	88.754	0.5622	ImageMagick	90.0
screen	archives__exhibits__1440x900__dpr1.png	turbo	444	15	identity_off	25.600	36.246	4.2418	Unknown	15.0
screen	archives__exhibits__1440x900__dpr1.png	turbo	444	15	identity_auto	25.747	37.162	4.4351	Unknown	15.0
screen	archives__exhibits__1440x900__dpr1.png	turbo	444	15	model_off	28.374	50.766	3.2320	Unknown	15.0
screen	archives__exhibits__1440x900__dpr1.png	turbo	444	15	model_auto	28.440	51.096	3.3869	Unknown	15.0
screen	archives__exhibits__1440x900__dpr1.png	turbo	444	15	model_policy	28.527	51.992	3.1940	Unknown	15.0
screen	archives__exhibits__1440x900__dpr1.png	turbo	444	15	model_proj	28.601	53.728	3.0891	Unknown	15.0
screen	archives__exhibits__1440x900__dpr1.png	turbo	444	35	identity_off	29.344	52.803	2.7352	ImageMagick	35.0
screen	archives__exhibits__1440x900__dpr1.png	turbo	444	35	identity_auto	29.447	53.422	2.7906	ImageMagick	35.0
screen	archives__exhibits__1440x900__dpr1.png	turbo	444	35	model_off	32.315	66.390	1.9286	ImageMagick	35.0
screen	archives__exhibits__1440x900__dpr1.png	turbo	444	35	model_auto	32.379	66.915	1.9664	ImageMagick	35.0
screen	archives__exhibits__1440x900__dpr1.png	turbo	444	35	model_policy	32.430	66.616	1.9138	ImageMagick	35.0
screen	archives__exhibits__1440x900__dpr1.png	turbo	444	35	model_proj	32.690	70.127	1.7116	ImageMagick	35.0
screen	archives__exhibits__1440x900__dpr1.png	turbo	444	55	identity_off	31.874	63.564	2.0347	ImageMagick	55.0
screen	archives__exhibits__1440x900__dpr1.png	turbo	444	55	identity_auto	31.954	63.830	2.0491	ImageMagick	55.0
screen	archives__exhibits__1440x900__dpr1.png	turbo	444	55	model_off	34.799	74.340	1.4042	ImageMagick	55.0
screen	archives__exhibits__1440x900__dpr1.png	turbo	444	55	model_auto	34.850	74.559	1.4130	ImageMagick	55.0
screen	archives__exhibits__1440x900__dpr1.png	turbo	444	55	model_policy	34.932	74.551	1.3950	ImageMagick	55.0
screen	archives__exhibits__1440x900__dpr1.png	turbo	444	55	model_proj	35.303	77.932	1.1832	ImageMagick	55.0
screen	archives__exhibits__1440x900__dpr1.png	turbo	444	75	identity_off	35.413	74.966	1.3610	ImageMagick	75.0
screen	archives__exhibits__1440x900__dpr1.png	turbo	444	75	identity_auto	35.515	75.549	1.3379	ImageMagick	75.0
screen	archives__exhibits__1440x900__dpr1.png	turbo	444	75	model_off	38.221	82.328	0.9315	ImageMagick	75.0
screen	archives__exhibits__1440x900__dpr1.png	turbo	444	75	model_auto	38.266	82.620	0.9121	ImageMagick	75.0
screen	archives__exhibits__1440x900__dpr1.png	turbo	444	75	model_policy	38.462	82.667	0.9176	ImageMagick	75.0
screen	archives__exhibits__1440x900__dpr1.png	turbo	444	75	model_proj	38.914	84.991	0.7606	ImageMagick	75.0
screen	archives__exhibits__1440x900__dpr1.png	turbo	444	90	identity_off	41.764	87.192	0.6656	ImageMagick	90.0
screen	archives__exhibits__1440x900__dpr1.png	turbo	444	90	identity_auto	41.675	86.821	0.6898	ImageMagick	90.0
screen	archives__exhibits__1440x900__dpr1.png	turbo	444	90	model_off	44.019	89.814	0.4600	ImageMagick	90.0
screen	archives__exhibits__1440x900__dpr1.png	turbo	444	90	model_auto	43.898	89.624	0.4813	ImageMagick	90.0
screen	archives__exhibits__1440x900__dpr1.png	turbo	444	90	model_policy	44.410	90.055	0.4517	ImageMagick	90.0
screen	archives__exhibits__1440x900__dpr1.png	turbo	444	90	model_proj	44.935	90.920	0.3753	ImageMagick	90.0
screen	archives__exhibits__1440x900__dpr1.png	mozjpeg	420	15	identity_off	22.686	42.743	4.4078	Mozjpeg	15.0
screen	archives__exhibits__1440x900__dpr1.png	mozjpeg	420	15	identity_auto	22.723	41.556	4.5207	Mozjpeg	15.0
screen	archives__exhibits__1440x900__dpr1.png	mozjpeg	420	15	model_off	24.617	51.358	4.0585	Mozjpeg	15.0
screen	archives__exhibits__1440x900__dpr1.png	mozjpeg	420	15	model_auto	24.624	50.789	4.1342	Mozjpeg	15.0
screen	archives__exhibits__1440x900__dpr1.png	mozjpeg	420	15	model_policy	24.907	52.796	4.1186	Mozjpeg	15.0
screen	archives__exhibits__1440x900__dpr1.png	mozjpeg	420	15	model_proj	24.776	56.833	3.7218	Mozjpeg	15.0
screen	archives__exhibits__1440x900__dpr1.png	mozjpeg	420	35	identity_off	25.817	55.617	3.5299	Mozjpeg	35.0
screen	archives__exhibits__1440x900__dpr1.png	mozjpeg	420	35	identity_auto	25.829	54.614	3.6204	Mozjpeg	35.0
screen	archives__exhibits__1440x900__dpr1.png	mozjpeg	420	35	model_off	28.411	64.921	2.9839	Mozjpeg	35.0
screen	archives__exhibits__1440x900__dpr1.png	mozjpeg	420	35	model_auto	28.406	64.210	3.0255	Mozjpeg	35.0
screen	archives__exhibits__1440x900__dpr1.png	mozjpeg	420	35	model_policy	28.590	65.384	2.9297	Mozjpeg	35.0
screen	archives__exhibits__1440x900__dpr1.png	mozjpeg	420	35	model_proj	28.483	72.210	2.1331	Mozjpeg	35.0
screen	archives__exhibits__1440x900__dpr1.png	mozjpeg	420	55	identity_off	28.001	64.982	2.5549	Mozjpeg	55.0
screen	archives__exhibits__1440x900__dpr1.png	mozjpeg	420	55	identity_auto	28.012	64.406	2.6519	Mozjpeg	55.0
screen	archives__exhibits__1440x900__dpr1.png	mozjpeg	420	55	model_off	30.770	72.936	2.0610	Mozjpeg	55.0
screen	archives__exhibits__1440x900__dpr1.png	mozjpeg	420	55	model_auto	30.767	72.521	2.1216	Mozjpeg	55.0
screen	archives__exhibits__1440x900__dpr1.png	mozjpeg	420	55	model_policy	30.940	73.316	2.0238	Mozjpeg	55.0
screen	archives__exhibits__1440x900__dpr1.png	mozjpeg	420	55	model_proj	30.856	78.439	1.4515	Mozjpeg	55.0
screen	archives__exhibits__1440x900__dpr1.png	mozjpeg	420	75	identity_off	30.453	71.389	2.0090	Mozjpeg	75.0
screen	archives__exhibits__1440x900__dpr1.png	mozjpeg	420	75	identity_auto	30.462	71.198	2.0393	Mozjpeg	75.0
screen	archives__exhibits__1440x900__dpr1.png	mozjpeg	420	75	model_off	33.308	78.057	1.5506	Mozjpeg	75.0
screen	archives__exhibits__1440x900__dpr1.png	mozjpeg	420	75	model_auto	33.303	78.018	1.5610	Mozjpeg	75.0
screen	archives__exhibits__1440x900__dpr1.png	mozjpeg	420	75	model_policy	33.481	78.478	1.5060	Mozjpeg	75.0
screen	archives__exhibits__1440x900__dpr1.png	mozjpeg	420	75	model_proj	33.669	82.587	1.0722	Mozjpeg	75.0
screen	archives__exhibits__1440x900__dpr1.png	mozjpeg	420	90	identity_off	34.089	79.516	1.2301	Mozjpeg	90.0
screen	archives__exhibits__1440x900__dpr1.png	mozjpeg	420	90	identity_auto	34.067	79.240	1.2572	Mozjpeg	90.0
screen	archives__exhibits__1440x900__dpr1.png	mozjpeg	420	90	model_off	36.926	83.926	0.9578	Mozjpeg	90.0
screen	archives__exhibits__1440x900__dpr1.png	mozjpeg	420	90	model_auto	36.873	83.667	0.9757	Mozjpeg	90.0
screen	archives__exhibits__1440x900__dpr1.png	mozjpeg	420	90	model_policy	37.187	84.419	0.9201	Mozjpeg	90.0
screen	archives__exhibits__1440x900__dpr1.png	mozjpeg	420	90	model_proj	37.834	86.919	0.7114	Mozjpeg	90.0
screen	archives__exhibits__1440x900__dpr1.png	mozjpeg	444	15	identity_off	22.929	44.787	4.3949	Mozjpeg	15.0
screen	archives__exhibits__1440x900__dpr1.png	mozjpeg	444	15	identity_auto	22.975	43.342	4.5079	Mozjpeg	15.0
screen	archives__exhibits__1440x900__dpr1.png	mozjpeg	444	15	model_off	24.801	52.340	4.0506	Mozjpeg	15.0
screen	archives__exhibits__1440x900__dpr1.png	mozjpeg	444	15	model_auto	24.810	51.583	4.1270	Mozjpeg	15.0
screen	archives__exhibits__1440x900__dpr1.png	mozjpeg	444	15	model_policy	25.102	53.798	4.1122	Mozjpeg	15.0
screen	archives__exhibits__1440x900__dpr1.png	mozjpeg	444	15	model_proj	24.951	57.829	3.7192	Mozjpeg	15.0
screen	archives__exhibits__1440x900__dpr1.png	mozjpeg	444	35	identity_off	26.296	58.499	3.5176	Mozjpeg	35.0
screen	archives__exhibits__1440x900__dpr1.png	mozjpeg	444	35	identity_auto	26.313	57.277	3.6082	Mozjpeg	35.0
screen	archives__exhibits__1440x900__dpr1.png	mozjpeg	444	35	model_off	28.778	66.492	2.9765	Mozjpeg	35.0
screen	archives__exhibits__1440x900__dpr1.png	mozjpeg	444	35	model_auto	28.774	65.677	3.0182	Mozjpeg	35.0
screen	archives__exhibits__1440x900__dpr1.png	mozjpeg	444	35	model_policy	28.985	67.031	2.9223	Mozjpeg	35.0
screen	archives__exhibits__1440x900__dpr1.png	mozjpeg	444	35	model_proj	28.822	73.464	2.1383	Mozjpeg	35.0
screen	archives__exhibits__1440x900__dpr1.png	mozjpeg	444	55	identity_off	28.678	68.251	2.5338	Mozjpeg	55.0
screen	archives__exhibits__1440x900__dpr1.png	mozjpeg	444	55	identity_auto	28.696	67.536	2.6335	Mozjpeg	55.0
screen	archives__exhibits__1440x900__dpr1.png	mozjpeg	444	55	model_off	31.295	74.895	2.0489	Mozjpeg	55.0
screen	archives__exhibits__1440x900__dpr1.png	mozjpeg	444	55	model_auto	31.300	74.320	2.1125	Mozjpeg	55.0
screen	archives__exhibits__1440x900__dpr1.png	mozjpeg	444	55	model_policy	31.514	75.355	2.0116	Mozjpeg	55.0
screen	archives__exhibits__1440x900__dpr1.png	mozjpeg	444	55	model_proj	31.323	79.683	1.4599	Mozjpeg	55.0
screen	archives__exhibits__1440x900__dpr1.png	mozjpeg	444	75	identity_off	31.535	74.889	1.9754	Mozjpeg	75.0
screen	archives__exhibits__1440x900__dpr1.png	mozjpeg	444	75	identity_auto	31.548	74.612	2.0051	Mozjpeg	75.0
screen	archives__exhibits__1440x900__dpr1.png	mozjpeg	444	75	model_off	34.167	80.281	1.5282	Mozjpeg	75.0
screen	archives__exhibits__1440x900__dpr1.png	mozjpeg	444	75	model_auto	34.171	80.132	1.5390	Mozjpeg	75.0
screen	archives__exhibits__1440x900__dpr1.png	mozjpeg	444	75	model_policy	34.429	80.658	1.4829	Mozjpeg	75.0
screen	archives__exhibits__1440x900__dpr1.png	mozjpeg	444	75	model_proj	34.434	83.826	1.0672	Mozjpeg	75.0
screen	archives__exhibits__1440x900__dpr1.png	mozjpeg	444	90	identity_off	36.780	84.245	1.1244	Mozjpeg	90.0
screen	archives__exhibits__1440x900__dpr1.png	mozjpeg	444	90	identity_auto	36.764	83.811	1.1458	Mozjpeg	90.0
screen	archives__exhibits__1440x900__dpr1.png	mozjpeg	444	90	model_off	39.108	86.977	0.8864	Mozjpeg	90.0
screen	archives__exhibits__1440x900__dpr1.png	mozjpeg	444	90	model_auto	39.068	86.729	0.9000	Mozjpeg	90.0
screen	archives__exhibits__1440x900__dpr1.png	mozjpeg	444	90	model_policy	39.513	87.207	0.8545	Mozjpeg	90.0
screen	archives__exhibits__1440x900__dpr1.png	mozjpeg	444	90	model_proj	39.714	88.565	0.6881	Mozjpeg	90.0
screen	archives__exhibits__1440x900__dpr1.png	jpegli	420	15	identity_off	24.875	34.882	4.2619	CjpegliYcbcr	14.2
screen	archives__exhibits__1440x900__dpr1.png	jpegli	420	15	identity_auto	24.945	35.081	4.4018	CjpegliYcbcr	14.2
screen	archives__exhibits__1440x900__dpr1.png	jpegli	420	15	model_off	27.395	50.357	3.4081	CjpegliYcbcr	14.2
screen	archives__exhibits__1440x900__dpr1.png	jpegli	420	15	model_auto	27.452	50.646	3.4794	CjpegliYcbcr	14.2
screen	archives__exhibits__1440x900__dpr1.png	jpegli	420	15	model_policy	27.618	51.091	3.3435	CjpegliYcbcr	14.2
screen	archives__exhibits__1440x900__dpr1.png	jpegli	420	15	model_proj	27.663	52.068	3.2706	CjpegliYcbcr	14.2
screen	archives__exhibits__1440x900__dpr1.png	jpegli	420	35	identity_off	28.396	53.470	2.7733	CjpegliYcbcr	7.2
screen	archives__exhibits__1440x900__dpr1.png	jpegli	420	35	identity_auto	28.444	53.938	2.8354	CjpegliYcbcr	7.2
screen	archives__exhibits__1440x900__dpr1.png	jpegli	420	35	model_off	31.160	65.917	2.0743	CjpegliYcbcr	7.2
screen	archives__exhibits__1440x900__dpr1.png	jpegli	420	35	model_auto	31.194	66.425	2.0999	CjpegliYcbcr	7.2
screen	archives__exhibits__1440x900__dpr1.png	jpegli	420	35	model_policy	31.290	66.335	2.0390	CjpegliYcbcr	7.2
screen	archives__exhibits__1440x900__dpr1.png	jpegli	420	35	model_proj	31.528	69.088	1.8933	CjpegliYcbcr	7.2
screen	archives__exhibits__1440x900__dpr1.png	jpegli	420	55	identity_off	30.489	62.696	2.0805	CjpegliYcbcr	5.2
screen	archives__exhibits__1440x900__dpr1.png	jpegli	420	55	identity_auto	30.497	62.618	2.1464	CjpegliYcbcr	5.2
screen	archives__exhibits__1440x900__dpr1.png	jpegli	420	55	model_off	33.287	72.763	1.5300	CjpegliYcbcr	5.2
screen	archives__exhibits__1440x900__dpr1.png	jpegli	420	55	model_auto	33.296	72.866	1.5681	CjpegliYcbcr	5.2
screen	archives__exhibits__1440x900__dpr1.png	jpegli	420	55	model_policy	33.411	73.142	1.4992	CjpegliYcbcr	5.2
screen	archives__exhibits__1440x900__dpr1.png	jpegli	420	55	model_proj	33.811	76.168	1.3618	CjpegliYcbcr	5.2
screen	archives__exhibits__1440x900__dpr1.png	jpegli	420	75	identity_off	33.551	74.406	1.3704	CjpegliYcbcr	3.0
screen	archives__exhibits__1440x900__dpr1.png	jpegli	420	75	identity_auto	33.527	74.272	1.4135	CjpegliYcbcr	3.0
screen	archives__exhibits__1440x900__dpr1.png	jpegli	420	75	model_off	36.365	80.951	0.9987	CjpegliYcbcr	3.0
screen	archives__exhibits__1440x900__dpr1.png	jpegli	420	75	model_auto	36.344	80.887	1.0229	CjpegliYcbcr	3.0
screen	archives__exhibits__1440x900__dpr1.png	jpegli	420	75	model_policy	36.547	81.412	0.9604	CjpegliYcbcr	3.0
screen	archives__exhibits__1440x900__dpr1.png	jpegli	420	75	model_proj	37.238	84.188	0.8009	CjpegliYcbcr	3.0
screen	archives__exhibits__1440x900__dpr1.png	jpegli	420	90	identity_off	36.150	82.274	1.0179	CjpegliYcbcr	1.3
screen	archives__exhibits__1440x900__dpr1.png	jpegli	420	90	identity_auto	36.098	82.101	1.0490	CjpegliYcbcr	1.3
screen	archives__exhibits__1440x900__dpr1.png	jpegli	420	90	model_off	38.970	86.064	0.7616	CjpegliYcbcr	1.3
screen	archives__exhibits__1440x900__dpr1.png	jpegli	420	90	model_auto	38.917	85.917	0.7814	CjpegliYcbcr	1.3
screen	archives__exhibits__1440x900__dpr1.png	jpegli	420	90	model_policy	39.339	86.458	0.7069	CjpegliYcbcr	1.3
screen	archives__exhibits__1440x900__dpr1.png	jpegli	420	90	model_proj	40.478	88.810	0.5507	CjpegliYcbcr	1.3
screen	archives__exhibits__1440x900__dpr1.png	jpegli	444	15	identity_off	25.896	41.002	3.7945	CjpegliYcbcr	11.8
screen	archives__exhibits__1440x900__dpr1.png	jpegli	444	15	identity_auto	25.985	41.221	3.9421	CjpegliYcbcr	11.8
screen	archives__exhibits__1440x900__dpr1.png	jpegli	444	15	model_off	28.506	55.540	2.9719	CjpegliYcbcr	11.8
screen	archives__exhibits__1440x900__dpr1.png	jpegli	444	15	model_auto	28.587	55.895	3.0663	CjpegliYcbcr	11.8
screen	archives__exhibits__1440x900__dpr1.png	jpegli	444	15	model_policy	28.704	56.237	2.9145	CjpegliYcbcr	11.8
screen	archives__exhibits__1440x900__dpr1.png	jpegli	444	15	model_proj	28.760	57.784	2.8008	CjpegliYcbcr	11.8
screen	archives__exhibits__1440x900__dpr1.png	jpegli	444	35	identity_off	29.780	60.052	2.3412	CjpegliYcbcr	6.0
screen	archives__exhibits__1440x900__dpr1.png	jpegli	444	35	identity_auto	29.829	60.069	2.4269	CjpegliYcbcr	6.0
screen	archives__exhibits__1440x900__dpr1.png	jpegli	444	35	model_off	32.570	70.936	1.7263	CjpegliYcbcr	6.0
screen	archives__exhibits__1440x900__dpr1.png	jpegli	444	35	model_auto	32.615	71.132	1.7723	CjpegliYcbcr	6.0
screen	archives__exhibits__1440x900__dpr1.png	jpegli	444	35	model_policy	32.716	71.408	1.6929	CjpegliYcbcr	6.0
screen	archives__exhibits__1440x900__dpr1.png	jpegli	444	35	model_proj	32.912	73.749	1.5537	CjpegliYcbcr	6.0
screen	archives__exhibits__1440x900__dpr1.png	jpegli	444	55	identity_off	32.171	69.033	1.6917	CjpegliYcbcr	4.1
screen	archives__exhibits__1440x900__dpr1.png	jpegli	444	55	identity_auto	32.199	68.919	1.7526	CjpegliYcbcr	4.1
screen	archives__exhibits__1440x900__dpr1.png	jpegli	444	55	model_off	34.957	77.423	1.2270	CjpegliYcbcr	4.1
screen	archives__exhibits__1440x900__dpr1.png	jpegli	444	55	model_auto	34.983	77.432	1.2634	CjpegliYcbcr	4.1
screen	archives__exhibits__1440x900__dpr1.png	jpegli	444	55	model_policy	35.144	77.813	1.1949	CjpegliYcbcr	4.1
screen	archives__exhibits__1440x900__dpr1.png	jpegli	444	55	model_proj	35.431	79.891	1.0690	CjpegliYcbcr	4.1
screen	archives__exhibits__1440x900__dpr1.png	jpegli	444	75	identity_off	35.519	79.429	1.0533	CjpegliYcbcr	2.3
screen	archives__exhibits__1440x900__dpr1.png	jpegli	444	75	identity_auto	35.527	79.281	1.0917	CjpegliYcbcr	2.3
screen	archives__exhibits__1440x900__dpr1.png	jpegli	444	75	model_off	38.217	84.560	0.7544	CjpegliYcbcr	2.3
screen	archives__exhibits__1440x900__dpr1.png	jpegli	444	75	model_auto	38.213	84.390	0.7812	CjpegliYcbcr	2.3
screen	archives__exhibits__1440x900__dpr1.png	jpegli	444	75	model_policy	38.507	84.896	0.7262	CjpegliYcbcr	2.3
screen	archives__exhibits__1440x900__dpr1.png	jpegli	444	75	model_proj	38.979	86.622	0.6117	CjpegliYcbcr	2.3
screen	archives__exhibits__1440x900__dpr1.png	jpegli	444	90	identity_off	39.854	87.830	0.5558	CjpegliYcbcr	1.1
screen	archives__exhibits__1440x900__dpr1.png	jpegli	444	90	identity_auto	39.799	87.546	0.5895	CjpegliYcbcr	1.1
screen	archives__exhibits__1440x900__dpr1.png	jpegli	444	90	model_off	42.307	89.818	0.4091	CjpegliYcbcr	1.1
screen	archives__exhibits__1440x900__dpr1.png	jpegli	444	90	model_auto	42.200	89.651	0.4367	CjpegliYcbcr	1.1
screen	archives__exhibits__1440x900__dpr1.png	jpegli	444	90	model_policy	42.877	90.060	0.3859	CjpegliYcbcr	1.1
screen	archives__exhibits__1440x900__dpr1.png	jpegli	444	90	model_proj	43.529	91.273	0.2957	CjpegliYcbcr	1.1
screen	archives__exhibits__1440x900__dpr1.png	zenjpeg	420	15	identity_off	25.841	56.989	2.9726	CjpegliYcbcr	14.2
screen	archives__exhibits__1440x900__dpr1.png	zenjpeg	420	15	identity_auto	25.884	56.103	3.1101	CjpegliYcbcr	14.2
screen	archives__exhibits__1440x900__dpr1.png	zenjpeg	420	15	model_off	28.236	66.026	2.5104	CjpegliYcbcr	14.2
screen	archives__exhibits__1440x900__dpr1.png	zenjpeg	420	15	model_auto	28.230	65.296	2.6075	CjpegliYcbcr	14.2
screen	archives__exhibits__1440x900__dpr1.png	zenjpeg	420	15	model_policy	28.454	66.620	2.4684	CjpegliYcbcr	14.2
screen	archives__exhibits__1440x900__dpr1.png	zenjpeg	420	15	model_proj	28.298	71.416	1.8782	CjpegliYcbcr	14.2
screen	archives__exhibits__1440x900__dpr1.png	zenjpeg	420	35	identity_off	29.548	68.743	1.9087	CjpegliYcbcr	7.2
screen	archives__exhibits__1440x900__dpr1.png	zenjpeg	420	35	identity_auto	29.571	68.641	1.9545	CjpegliYcbcr	7.2
screen	archives__exhibits__1440x900__dpr1.png	zenjpeg	420	35	model_off	32.039	75.540	1.5463	CjpegliYcbcr	7.2
screen	archives__exhibits__1440x900__dpr1.png	zenjpeg	420	35	model_auto	32.013	75.307	1.5783	CjpegliYcbcr	7.2
screen	archives__exhibits__1440x900__dpr1.png	zenjpeg	420	35	model_policy	32.210	75.953	1.5067	CjpegliYcbcr	7.2
screen	archives__exhibits__1440x900__dpr1.png	zenjpeg	420	35	model_proj	31.980	79.583	1.2171	CjpegliYcbcr	7.2
screen	archives__exhibits__1440x900__dpr1.png	zenjpeg	420	55	identity_off	31.440	73.347	1.4726	CjpegliYcbcr	5.2
screen	archives__exhibits__1440x900__dpr1.png	zenjpeg	420	55	identity_auto	31.441	73.234	1.5168	CjpegliYcbcr	5.2
screen	archives__exhibits__1440x900__dpr1.png	zenjpeg	420	55	model_off	33.971	79.042	1.1640	CjpegliYcbcr	5.2
screen	archives__exhibits__1440x900__dpr1.png	zenjpeg	420	55	model_auto	33.916	78.855	1.2004	CjpegliYcbcr	5.2
screen	archives__exhibits__1440x900__dpr1.png	zenjpeg	420	55	model_policy	34.144	79.406	1.1249	CjpegliYcbcr	5.2
screen	archives__exhibits__1440x900__dpr1.png	zenjpeg	420	55	model_proj	34.154	83.091	0.9071	CjpegliYcbcr	5.2
screen	archives__exhibits__1440x900__dpr1.png	zenjpeg	420	75	identity_off	34.223	79.462	1.1016	CjpegliYcbcr	3.0
screen	archives__exhibits__1440x900__dpr1.png	zenjpeg	420	75	identity_auto	34.205	79.421	1.1262	CjpegliYcbcr	3.0
screen	archives__exhibits__1440x900__dpr1.png	zenjpeg	420	75	model_off	36.796	83.557	0.8375	CjpegliYcbcr	3.0
screen	archives__exhibits__1440x900__dpr1.png	zenjpeg	420	75	model_auto	36.735	83.388	0.8530	CjpegliYcbcr	3.0
screen	archives__exhibits__1440x900__dpr1.png	zenjpeg	420	75	model_policy	36.995	83.998	0.8003	CjpegliYcbcr	3.0
screen	archives__exhibits__1440x900__dpr1.png	zenjpeg	420	75	model_proj	37.434	86.850	0.6226	CjpegliYcbcr	3.0
screen	archives__exhibits__1440x900__dpr1.png	zenjpeg	420	90	identity_off	36.426	83.501	0.9490	CjpegliYcbcr	1.3
screen	archives__exhibits__1440x900__dpr1.png	zenjpeg	420	90	identity_auto	36.388	83.366	0.9723	CjpegliYcbcr	1.3
screen	archives__exhibits__1440x900__dpr1.png	zenjpeg	420	90	model_off	39.119	86.410	0.7221	CjpegliYcbcr	1.3
screen	archives__exhibits__1440x900__dpr1.png	zenjpeg	420	90	model_auto	39.061	86.387	0.7378	CjpegliYcbcr	1.3
screen	archives__exhibits__1440x900__dpr1.png	zenjpeg	420	90	model_policy	39.487	86.856	0.6652	CjpegliYcbcr	1.3
screen	archives__exhibits__1440x900__dpr1.png	zenjpeg	420	90	model_proj	40.626	89.725	0.3950	CjpegliYcbcr	1.3
screen	archives__exhibits__1440x900__dpr1.png	zenjpeg	444	15	identity_off	26.975	61.447	2.6033	CjpegliYcbcr	11.8
screen	archives__exhibits__1440x900__dpr1.png	zenjpeg	444	15	identity_auto	27.047	60.895	2.7419	CjpegliYcbcr	11.8
screen	archives__exhibits__1440x900__dpr1.png	zenjpeg	444	15	model_off	29.413	69.397	2.1712	CjpegliYcbcr	11.8
screen	archives__exhibits__1440x900__dpr1.png	zenjpeg	444	15	model_auto	29.442	68.972	2.2750	CjpegliYcbcr	11.8
screen	archives__exhibits__1440x900__dpr1.png	zenjpeg	444	15	model_policy	29.614	69.926	2.1169	CjpegliYcbcr	11.8
screen	archives__exhibits__1440x900__dpr1.png	zenjpeg	444	15	model_proj	29.388	73.889	1.6424	CjpegliYcbcr	11.8
screen	archives__exhibits__1440x900__dpr1.png	zenjpeg	444	35	identity_off	30.859	73.699	1.6537	CjpegliYcbcr	6.0
screen	archives__exhibits__1440x900__dpr1.png	zenjpeg	444	35	identity_auto	30.898	73.554	1.7141	CjpegliYcbcr	6.0
screen	archives__exhibits__1440x900__dpr1.png	zenjpeg	444	35	model_off	33.332	79.146	1.3370	CjpegliYcbcr	6.0
screen	archives__exhibits__1440x900__dpr1.png	zenjpeg	444	35	model_auto	33.321	78.992	1.3826	CjpegliYcbcr	6.0
screen	archives__exhibits__1440x900__dpr1.png	zenjpeg	444	35	model_policy	33.541	79.574	1.2944	CjpegliYcbcr	6.0
screen	archives__exhibits__1440x900__dpr1.png	zenjpeg	444	35	model_proj	33.291	81.784	1.0612	CjpegliYcbcr	6.0
screen	archives__exhibits__1440x900__dpr1.png	zenjpeg	444	55	identity_off	33.144	78.657	1.1810	CjpegliYcbcr	4.1
screen	archives__exhibits__1440x900__dpr1.png	zenjpeg	444	55	identity_auto	33.177	78.381	1.2184	CjpegliYcbcr	4.1
screen	archives__exhibits__1440x900__dpr1.png	zenjpeg	444	55	model_off	35.594	82.842	0.9460	CjpegliYcbcr	4.1
screen	archives__exhibits__1440x900__dpr1.png	zenjpeg	444	55	model_auto	35.571	82.640	0.9773	CjpegliYcbcr	4.1
screen	archives__exhibits__1440x900__dpr1.png	zenjpeg	444	55	model_policy	35.835	83.293	0.9140	CjpegliYcbcr	4.1
screen	archives__exhibits__1440x900__dpr1.png	zenjpeg	444	55	model_proj	35.703	84.994	0.8190	CjpegliYcbcr	4.1
screen	archives__exhibits__1440x900__dpr1.png	zenjpeg	444	75	identity_off	36.308	84.042	0.7615	CjpegliYcbcr	2.3
screen	archives__exhibits__1440x900__dpr1.png	zenjpeg	444	75	identity_auto	36.331	83.928	0.7907	CjpegliYcbcr	2.3
screen	archives__exhibits__1440x900__dpr1.png	zenjpeg	444	75	model_off	38.722	86.853	0.5919	CjpegliYcbcr	2.3
screen	archives__exhibits__1440x900__dpr1.png	zenjpeg	444	75	model_auto	38.680	86.648	0.6149	CjpegliYcbcr	2.3
screen	archives__exhibits__1440x900__dpr1.png	zenjpeg	444	75	model_policy	39.016	87.070	0.5700	CjpegliYcbcr	2.3
screen	archives__exhibits__1440x900__dpr1.png	zenjpeg	444	75	model_proj	39.172	88.573	0.5416	CjpegliYcbcr	2.3
screen	archives__exhibits__1440x900__dpr1.png	zenjpeg	444	90	identity_off	40.256	88.916	0.4584	CjpegliYcbcr	1.1
screen	archives__exhibits__1440x900__dpr1.png	zenjpeg	444	90	identity_auto	40.230	88.602	0.4826	CjpegliYcbcr	1.1
screen	archives__exhibits__1440x900__dpr1.png	zenjpeg	444	90	model_off	42.579	90.244	0.3565	CjpegliYcbcr	1.1
screen	archives__exhibits__1440x900__dpr1.png	zenjpeg	444	90	model_auto	42.483	90.077	0.3758	CjpegliYcbcr	1.1
screen	archives__exhibits__1440x900__dpr1.png	zenjpeg	444	90	model_policy	43.131	90.544	0.3324	CjpegliYcbcr	1.1
screen	archives__exhibits__1440x900__dpr1.png	zenjpeg	444	90	model_proj	43.701	91.776	0.2747	CjpegliYcbcr	1.1
documents	office_census-acs-2024_questionnaire_p01_page1.png	turbo	420	15	identity_off	28.003	41.275	2.8279	Unknown	15.0
documents	office_census-acs-2024_questionnaire_p01_page1.png	turbo	420	15	identity_auto	28.157	44.005	2.7188	Unknown	15.0
documents	office_census-acs-2024_questionnaire_p01_page1.png	turbo	420	15	model_off	30.436	52.836	2.5940	Unknown	15.0
documents	office_census-acs-2024_questionnaire_p01_page1.png	turbo	420	15	model_auto	30.687	54.269	2.3992	Unknown	15.0
documents	office_census-acs-2024_questionnaire_p01_page1.png	turbo	420	15	model_policy	30.275	51.983	2.6975	Unknown	15.0
documents	office_census-acs-2024_questionnaire_p01_page1.png	turbo	420	15	model_proj	30.278	52.091	2.6966	Unknown	15.0
documents	office_census-acs-2024_questionnaire_p01_page1.png	turbo	420	35	identity_off	30.259	60.685	1.8465	ImageMagick	35.0
documents	office_census-acs-2024_questionnaire_p01_page1.png	turbo	420	35	identity_auto	30.405	62.508	1.7760	ImageMagick	35.0
documents	office_census-acs-2024_questionnaire_p01_page1.png	turbo	420	35	model_off	33.956	70.570	1.2922	ImageMagick	35.0
documents	office_census-acs-2024_questionnaire_p01_page1.png	turbo	420	35	model_auto	34.049	71.610	1.2721	ImageMagick	35.0
documents	office_census-acs-2024_questionnaire_p01_page1.png	turbo	420	35	model_policy	33.428	69.624	1.5068	ImageMagick	35.0
documents	office_census-acs-2024_questionnaire_p01_page1.png	turbo	420	35	model_proj	33.435	69.854	1.5033	ImageMagick	35.0
documents	office_census-acs-2024_questionnaire_p01_page1.png	turbo	420	55	identity_off	31.318	64.263	2.2962	ImageMagick	55.0
documents	office_census-acs-2024_questionnaire_p01_page1.png	turbo	420	55	identity_auto	31.441	65.303	2.2842	ImageMagick	55.0
documents	office_census-acs-2024_questionnaire_p01_page1.png	turbo	420	55	model_off	35.209	73.322	2.2352	ImageMagick	55.0
documents	office_census-acs-2024_questionnaire_p01_page1.png	turbo	420	55	model_auto	35.408	74.175	2.2496	ImageMagick	55.0
documents	office_census-acs-2024_questionnaire_p01_page1.png	turbo	420	55	model_policy	34.527	72.602	2.1627	ImageMagick	55.0
documents	office_census-acs-2024_questionnaire_p01_page1.png	turbo	420	55	model_proj	34.567	73.340	2.1596	ImageMagick	55.0
documents	office_census-acs-2024_questionnaire_p01_page1.png	turbo	420	75	identity_off	33.425	71.844	1.3891	ImageMagick	75.0
documents	office_census-acs-2024_questionnaire_p01_page1.png	turbo	420	75	identity_auto	33.519	72.580	1.3530	ImageMagick	75.0
documents	office_census-acs-2024_questionnaire_p01_page1.png	turbo	420	75	model_off	37.172	78.846	1.1868	ImageMagick	75.0
documents	office_census-acs-2024_questionnaire_p01_page1.png	turbo	420	75	model_auto	37.441	79.356	1.1894	ImageMagick	75.0
documents	office_census-acs-2024_questionnaire_p01_page1.png	turbo	420	75	model_policy	36.707	78.343	1.2521	ImageMagick	75.0
documents	office_census-acs-2024_questionnaire_p01_page1.png	turbo	420	75	model_proj	36.747	78.997	1.2483	ImageMagick	75.0
documents	office_census-acs-2024_questionnaire_p01_page1.png	turbo	420	90	identity_off	37.215	80.816	1.1898	ImageMagick	90.0
documents	office_census-acs-2024_questionnaire_p01_page1.png	turbo	420	90	identity_auto	37.224	80.785	1.1865	ImageMagick	90.0
documents	office_census-acs-2024_questionnaire_p01_page1.png	turbo	420	90	model_off	40.904	84.626	1.1640	ImageMagick	90.0
documents	office_census-acs-2024_questionnaire_p01_page1.png	turbo	420	90	model_auto	41.050	84.604	1.1690	ImageMagick	90.0
documents	office_census-acs-2024_questionnaire_p01_page1.png	turbo	420	90	model_policy	40.552	84.055	1.2215	ImageMagick	90.0
documents	office_census-acs-2024_questionnaire_p01_page1.png	turbo	420	90	model_proj	40.854	85.164	1.0344	ImageMagick	90.0
documents	office_census-acs-2024_questionnaire_p01_page1.png	turbo	444	15	identity_off	28.755	51.517	2.6192	Unknown	15.0
documents	office_census-acs-2024_questionnaire_p01_page1.png	turbo	444	15	identity_auto	29.307	54.874	2.5293	Unknown	15.0
documents	office_census-acs-2024_questionnaire_p01_page1.png	turbo	444	15	model_off	31.759	63.074	2.2406	Unknown	15.0
documents	office_census-acs-2024_questionnaire_p01_page1.png	turbo	444	15	model_auto	32.359	64.586	1.9888	Unknown	15.0
documents	office_census-acs-2024_questionnaire_p01_page1.png	turbo	444	15	model_policy	31.629	63.629	2.2543	Unknown	15.0
documents	office_census-acs-2024_questionnaire_p01_page1.png	turbo	444	15	model_proj	31.630	63.631	2.2543	Unknown	15.0
documents	office_census-acs-2024_questionnaire_p01_page1.png	turbo	444	35	identity_off	31.621	67.765	1.6892	ImageMagick	35.0
documents	office_census-acs-2024_questionnaire_p01_page1.png	turbo	444	35	identity_auto	32.038	69.314	1.6235	ImageMagick	35.0
documents	office_census-acs-2024_questionnaire_p01_page1.png	turbo	444	35	model_off	35.265	75.535	1.1927	ImageMagick	35.0
documents	office_census-acs-2024_questionnaire_p01_page1.png	turbo	444	35	model_auto	35.576	75.992	1.1516	ImageMagick	35.0
documents	office_census-acs-2024_questionnaire_p01_page1.png	turbo	444	35	model_policy	35.189	75.648	1.3676	ImageMagick	35.0
documents	office_census-acs-2024_questionnaire_p01_page1.png	turbo	444	35	model_proj	35.191	75.634	1.3673	ImageMagick	35.0
documents	office_census-acs-2024_questionnaire_p01_page1.png	turbo	444	55	identity_off	33.050	71.266	2.2756	ImageMagick	55.0
documents	office_census-acs-2024_questionnaire_p01_page1.png	turbo	444	55	identity_auto	33.454	72.165	2.2655	ImageMagick	55.0
documents	office_census-acs-2024_questionnaire_p01_page1.png	turbo	444	55	model_off	36.447	77.933	2.2377	ImageMagick	55.0
documents	office_census-acs-2024_questionnaire_p01_page1.png	turbo	444	55	model_auto	36.719	78.339	2.2509	ImageMagick	55.0
documents	office_census-acs-2024_questionnaire_p01_page1.png	turbo	444	55	model_policy	36.200	78.006	2.1557	ImageMagick	55.0
documents	office_census-acs-2024_questionnaire_p01_page1.png	turbo	444	55	model_proj	36.220	78.228	2.1543	ImageMagick	55.0
documents	office_census-acs-2024_questionnaire_p01_page1.png	turbo	444	75	identity_off	35.623	78.329	1.3159	ImageMagick	75.0
documents	office_census-acs-2024_questionnaire_p01_page1.png	turbo	444	75	identity_auto	35.919	78.992	1.2946	ImageMagick	75.0
documents	office_census-acs-2024_questionnaire_p01_page1.png	turbo	444	75	model_off	38.972	83.456	1.1813	ImageMagick	75.0
documents	office_census-acs-2024_questionnaire_p01_page1.png	turbo	444	75	model_auto	39.220	83.823	1.1849	ImageMagick	75.0
documents	office_census-acs-2024_questionnaire_p01_page1.png	turbo	444	75	model_policy	38.704	82.987	1.2362	ImageMagick	75.0
documents	office_census-acs-2024_questionnaire_p01_page1.png	turbo	444	75	model_proj	38.738	83.267	1.2344	ImageMagick	75.0
documents	office_census-acs-2024_questionnaire_p01_page1.png	turbo	444	90	identity_off	40.476	85.563	1.1763	ImageMagick	90.0
documents	office_census-acs-2024_questionnaire_p01_page1.png	turbo	444	90	identity_auto	40.577	85.511	1.1720	ImageMagick	90.0
documents	office_census-acs-2024_questionnaire_p01_page1.png	turbo	444	90	model_off	42.717	88.430	1.1627	ImageMagick	90.0
documents	office_census-acs-2024_questionnaire_p01_page1.png	turbo	444	90	model_auto	42.870	88.341	1.1668	ImageMagick	90.0
documents	office_census-acs-2024_questionnaire_p01_page1.png	turbo	444	90	model_policy	42.437	87.409	1.2203	ImageMagick	90.0
documents	office_census-acs-2024_questionnaire_p01_page1.png	turbo	444	90	model_proj	42.913	88.685	1.0318	ImageMagick	90.0
documents	office_census-acs-2024_questionnaire_p01_page1.png	mozjpeg	420	15	identity_off	26.034	40.961	3.6897	Mozjpeg	15.0
documents	office_census-acs-2024_questionnaire_p01_page1.png	mozjpeg	420	15	identity_auto	26.279	42.594	3.6645	Mozjpeg	15.0
documents	office_census-acs-2024_questionnaire_p01_page1.png	mozjpeg	420	15	model_off	28.136	51.392	3.2871	Mozjpeg	15.0
documents	office_census-acs-2024_questionnaire_p01_page1.png	mozjpeg	420	15	model_auto	28.191	50.837	3.3078	Mozjpeg	15.0
documents	office_census-acs-2024_questionnaire_p01_page1.png	mozjpeg	420	15	model_policy	28.164	51.251	3.2576	Mozjpeg	15.0
documents	office_census-acs-2024_questionnaire_p01_page1.png	mozjpeg	420	15	model_proj	28.116	50.807	3.2743	Mozjpeg	15.0
documents	office_census-acs-2024_questionnaire_p01_page1.png	mozjpeg	420	35	identity_off	28.921	60.723	2.2019	Mozjpeg	35.0
documents	office_census-acs-2024_questionnaire_p01_page1.png	mozjpeg	420	35	identity_auto	29.096	62.023	2.1774	Mozjpeg	35.0
documents	office_census-acs-2024_questionnaire_p01_page1.png	mozjpeg	420	35	model_off	32.283	70.362	1.6601	Mozjpeg	35.0
documents	office_census-acs-2024_questionnaire_p01_page1.png	mozjpeg	420	35	model_auto	32.582	70.856	1.6773	Mozjpeg	35.0
documents	office_census-acs-2024_questionnaire_p01_page1.png	mozjpeg	420	35	model_policy	31.964	69.781	1.7708	Mozjpeg	35.0
documents	office_census-acs-2024_questionnaire_p01_page1.png	mozjpeg	420	35	model_proj	31.890	69.543	1.7865	Mozjpeg	35.0
documents	office_census-acs-2024_questionnaire_p01_page1.png	mozjpeg	420	55	identity_off	30.410	66.478	1.9102	Mozjpeg	55.0
documents	office_census-acs-2024_questionnaire_p01_page1.png	mozjpeg	420	55	identity_auto	30.555	67.209	1.8965	Mozjpeg	55.0
documents	office_census-acs-2024_questionnaire_p01_page1.png	mozjpeg	420	55	model_off	34.117	74.384	1.6795	Mozjpeg	55.0
documents	office_census-acs-2024_questionnaire_p01_page1.png	mozjpeg	420	55	model_auto	34.351	74.820	1.7017	Mozjpeg	55.0
documents	office_census-acs-2024_questionnaire_p01_page1.png	mozjpeg	420	55	model_policy	33.721	73.643	1.7455	Mozjpeg	55.0
documents	office_census-acs-2024_questionnaire_p01_page1.png	mozjpeg	420	55	model_proj	33.643	73.651	1.7538	Mozjpeg	55.0
documents	office_census-acs-2024_questionnaire_p01_page1.png	mozjpeg	420	75	identity_off	32.400	73.389	1.4246	Mozjpeg	75.0
documents	office_census-acs-2024_questionnaire_p01_page1.png	mozjpeg	420	75	identity_auto	32.506	73.983	1.3965	Mozjpeg	75.0
documents	office_census-acs-2024_questionnaire_p01_page1.png	mozjpeg	420	75	model_off	36.453	79.332	1.2003	Mozjpeg	75.0
documents	office_census-acs-2024_questionnaire_p01_page1.png	mozjpeg	420	75	model_auto	36.618	79.713	1.2050	Mozjpeg	75.0
documents	office_census-acs-2024_questionnaire_p01_page1.png	mozjpeg	420	75	model_policy	36.121	79.000	1.2533	Mozjpeg	75.0
documents	office_census-acs-2024_questionnaire_p01_page1.png	mozjpeg	420	75	model_proj	36.088	79.074	1.2626	Mozjpeg	75.0
documents	office_census-acs-2024_questionnaire_p01_page1.png	mozjpeg	420	90	identity_off	35.475	80.484	1.1948	Mozjpeg	90.0
documents	office_census-acs-2024_questionnaire_p01_page1.png	mozjpeg	420	90	identity_auto	35.495	80.471	1.1920	Mozjpeg	90.0
documents	office_census-acs-2024_questionnaire_p01_page1.png	mozjpeg	420	90	model_off	39.572	84.229	1.1649	Mozjpeg	90.0
documents	office_census-acs-2024_questionnaire_p01_page1.png	mozjpeg	420	90	model_auto	39.639	84.208	1.1698	Mozjpeg	90.0
documents	office_census-acs-2024_questionnaire_p01_page1.png	mozjpeg	420	90	model_policy	39.213	83.581	1.2201	Mozjpeg	90.0
documents	office_census-acs-2024_questionnaire_p01_page1.png	mozjpeg	420	90	model_proj	39.271	84.033	1.2128	Mozjpeg	90.0
documents	office_census-acs-2024_questionnaire_p01_page1.png	mozjpeg	444	15	identity_off	26.563	48.652	3.6591	Mozjpeg	15.0
documents	office_census-acs-2024_questionnaire_p01_page1.png	mozjpeg	444	15	identity_auto	27.006	49.812	3.6583	Mozjpeg	15.0
documents	office_census-acs-2024_questionnaire_p01_page1.png	mozjpeg	444	15	model_off	28.933	57.239	3.2544	Mozjpeg	15.0
documents	office_census-acs-2024_questionnaire_p01_page1.png	mozjpeg	444	15	model_auto	29.057	56.343	3.3011	Mozjpeg	15.0
documents	office_census-acs-2024_questionnaire_p01_page1.png	mozjpeg	444	15	model_policy	28.965	58.066	3.2220	Mozjpeg	15.0
documents	office_census-acs-2024_questionnaire_p01_page1.png	mozjpeg	444	15	model_proj	28.909	56.170	3.2572	Mozjpeg	15.0
documents	office_census-acs-2024_questionnaire_p01_page1.png	mozjpeg	444	35	identity_off	29.754	66.107	2.1637	Mozjpeg	35.0
documents	office_census-acs-2024_questionnaire_p01_page1.png	mozjpeg	444	35	identity_auto	30.093	66.929	2.1490	Mozjpeg	35.0
documents	office_census-acs-2024_questionnaire_p01_page1.png	mozjpeg	444	35	model_off	32.882	72.675	1.6548	Mozjpeg	35.0
documents	office_census-acs-2024_questionnaire_p01_page1.png	mozjpeg	444	35	model_auto	33.255	72.677	1.6771	Mozjpeg	35.0
documents	office_census-acs-2024_questionnaire_p01_page1.png	mozjpeg	444	35	model_policy	32.826	72.911	1.7334	Mozjpeg	35.0
documents	office_census-acs-2024_questionnaire_p01_page1.png	mozjpeg	444	35	model_proj	32.735	71.929	1.7678	Mozjpeg	35.0
documents	office_census-acs-2024_questionnaire_p01_page1.png	mozjpeg	444	55	identity_off	31.421	71.997	1.8686	Mozjpeg	55.0
documents	office_census-acs-2024_questionnaire_p01_page1.png	mozjpeg	444	55	identity_auto	31.693	72.360	1.8576	Mozjpeg	55.0
documents	office_census-acs-2024_questionnaire_p01_page1.png	mozjpeg	444	55	model_off	34.570	77.725	1.6770	Mozjpeg	55.0
documents	office_census-acs-2024_questionnaire_p01_page1.png	mozjpeg	444	55	model_auto	34.789	77.875	1.6936	Mozjpeg	55.0
documents	office_census-acs-2024_questionnaire_p01_page1.png	mozjpeg	444	55	model_policy	34.450	77.140	1.7309	Mozjpeg	55.0
documents	office_census-acs-2024_questionnaire_p01_page1.png	mozjpeg	444	55	model_proj	34.339	76.525	1.7546	Mozjpeg	55.0
documents	office_census-acs-2024_questionnaire_p01_page1.png	mozjpeg	444	75	identity_off	33.749	78.212	1.3783	Mozjpeg	75.0
documents	office_census-acs-2024_questionnaire_p01_page1.png	mozjpeg	444	75	identity_auto	33.959	78.663	1.3571	Mozjpeg	75.0
documents	office_census-acs-2024_questionnaire_p01_page1.png	mozjpeg	444	75	model_off	36.829	82.465	1.2005	Mozjpeg	75.0
documents	office_census-acs-2024_questionnaire_p01_page1.png	mozjpeg	444	75	model_auto	36.943	82.672	1.2051	Mozjpeg	75.0
documents	office_census-acs-2024_questionnaire_p01_page1.png	mozjpeg	444	75	model_policy	36.779	82.002	1.2482	Mozjpeg	75.0
documents	office_census-acs-2024_questionnaire_p01_page1.png	mozjpeg	444	75	model_proj	36.714	81.809	1.2720	Mozjpeg	75.0
documents	office_census-acs-2024_questionnaire_p01_page1.png	mozjpeg	444	90	identity_off	37.493	84.237	1.1828	Mozjpeg	90.0
documents	office_census-acs-2024_questionnaire_p01_page1.png	mozjpeg	444	90	identity_auto	37.561	84.247	1.1786	Mozjpeg	90.0
documents	office_census-acs-2024_questionnaire_p01_page1.png	mozjpeg	444	90	model_off	40.241	86.942	1.1639	Mozjpeg	90.0
documents	office_census-acs-2024_questionnaire_p01_page1.png	mozjpeg	444	90	model_auto	40.202	86.869	1.1682	Mozjpeg	90.0
documents	office_census-acs-2024_questionnaire_p01_page1.png	mozjpeg	444	90	model_policy	39.994	86.010	1.2214	Mozjpeg	90.0
documents	office_census-acs-2024_questionnaire_p01_page1.png	mozjpeg	444	90	model_proj	40.040	86.295	1.2160	Mozjpeg	90.0
documents	office_census-acs-2024_questionnaire_p01_page1.png	jpegli	420	15	identity_off	28.117	55.834	2.7279	CjpegliYcbcr	14.2
documents	office_census-acs-2024_questionnaire_p01_page1.png	jpegli	420	15	identity_auto	28.338	57.204	2.7106	CjpegliYcbcr	14.2
documents	office_census-acs-2024_questionnaire_p01_page1.png	jpegli	420	15	model_off	30.868	64.539	3.4773	CjpegliYcbcr	14.2
documents	office_census-acs-2024_questionnaire_p01_page1.png	jpegli	420	15	model_auto	31.232	65.707	2.6079	CjpegliYcbcr	14.2
documents	office_census-acs-2024_questionnaire_p01_page1.png	jpegli	420	15	model_policy	30.667	64.803	2.5224	CjpegliYcbcr	14.2
documents	office_census-acs-2024_questionnaire_p01_page1.png	jpegli	420	15	model_proj	30.668	64.808	2.5224	CjpegliYcbcr	14.2
documents	office_census-acs-2024_questionnaire_p01_page1.png	jpegli	420	35	identity_off	30.634	64.994	1.7842	CjpegliYcbcr	7.2
documents	office_census-acs-2024_questionnaire_p01_page1.png	jpegli	420	35	identity_auto	30.808	66.283	1.7206	CjpegliYcbcr	7.2
documents	office_census-acs-2024_questionnaire_p01_page1.png	jpegli	420	35	model_off	34.073	73.388	1.3808	CjpegliYcbcr	7.2
documents	office_census-acs-2024_questionnaire_p01_page1.png	jpegli	420	35	model_auto	34.471	74.058	1.3728	CjpegliYcbcr	7.2
documents	office_census-acs-2024_questionnaire_p01_page1.png	jpegli	420	35	model_policy	33.607	72.712	1.4447	CjpegliYcbcr	7.2
documents	office_census-acs-2024_questionnaire_p01_page1.png	jpegli	420	35	model_proj	33.610	72.818	1.4436	CjpegliYcbcr	7.2
documents	office_census-acs-2024_questionnaire_p01_page1.png	jpegli	420	55	identity_off	31.944	68.915	1.4274	CjpegliYcbcr	5.2
documents	office_census-acs-2024_questionnaire_p01_page1.png	jpegli	420	55	identity_auto	32.082	69.885	1.3893	CjpegliYcbcr	5.2
documents	office_census-acs-2024_questionnaire_p01_page1.png	jpegli	420	55	model_off	35.606	76.167	1.0277	CjpegliYcbcr	5.2
documents	office_census-acs-2024_questionnaire_p01_page1.png	jpegli	420	55	model_auto	35.997	76.620	1.0106	CjpegliYcbcr	5.2
documents	office_census-acs-2024_questionnaire_p01_page1.png	jpegli	420	55	model_policy	35.109	75.844	1.2109	CjpegliYcbcr	5.2
documents	office_census-acs-2024_questionnaire_p01_page1.png	jpegli	420	55	model_proj	35.114	75.942	1.2088	CjpegliYcbcr	5.2
documents	office_census-acs-2024_questionnaire_p01_page1.png	jpegli	420	75	identity_off	34.348	75.238	1.1022	CjpegliYcbcr	3.0
documents	office_census-acs-2024_questionnaire_p01_page1.png	jpegli	420	75	identity_auto	34.437	75.845	1.0818	CjpegliYcbcr	3.0
documents	office_census-acs-2024_questionnaire_p01_page1.png	jpegli	420	75	model_off	37.852	79.916	0.8257	CjpegliYcbcr	3.0
documents	office_census-acs-2024_questionnaire_p01_page1.png	jpegli	420	75	model_auto	38.171	80.808	0.8265	CjpegliYcbcr	3.0
documents	office_census-acs-2024_questionnaire_p01_page1.png	jpegli	420	75	model_policy	37.551	80.142	0.8666	CjpegliYcbcr	3.0
documents	office_census-acs-2024_questionnaire_p01_page1.png	jpegli	420	75	model_proj	37.562	80.302	0.8617	CjpegliYcbcr	3.0
documents	office_census-acs-2024_questionnaire_p01_page1.png	jpegli	420	90	identity_off	37.408	81.546	1.1660	CjpegliYcbcr	1.3
documents	office_census-acs-2024_questionnaire_p01_page1.png	jpegli	420	90	identity_auto	37.418	81.482	1.1666	CjpegliYcbcr	1.3
documents	office_census-acs-2024_questionnaire_p01_page1.png	jpegli	420	90	model_off	40.959	84.307	1.1498	CjpegliYcbcr	1.3
documents	office_census-acs-2024_questionnaire_p01_page1.png	jpegli	420	90	model_auto	41.132	84.235	1.1557	CjpegliYcbcr	1.3
documents	office_census-acs-2024_questionnaire_p01_page1.png	jpegli	420	90	model_policy	40.652	84.129	1.2116	CjpegliYcbcr	1.3
documents	office_census-acs-2024_questionnaire_p01_page1.png	jpegli	420	90	model_proj	40.829	85.382	1.1742	CjpegliYcbcr	1.3
documents	office_census-acs-2024_questionnaire_p01_page1.png	jpegli	444	15	identity_off	28.667	54.926	2.3499	CjpegliYcbcr	11.8
documents	office_census-acs-2024_questionnaire_p01_page1.png	jpegli	444	15	identity_auto	28.978	56.951	2.3431	CjpegliYcbcr	11.8
documents	office_census-acs-2024_questionnaire_p01_page1.png	jpegli	444	15	model_off	31.452	64.773	2.2467	CjpegliYcbcr	11.8
documents	office_census-acs-2024_questionnaire_p01_page1.png	jpegli	444	15	model_auto	31.970	66.316	2.0100	CjpegliYcbcr	11.8
documents	office_census-acs-2024_questionnaire_p01_page1.png	jpegli	444	15	model_policy	31.166	64.677	2.2859	CjpegliYcbcr	11.8
documents	office_census-acs-2024_questionnaire_p01_page1.png	jpegli	444	15	model_proj	31.175	64.704	2.2853	CjpegliYcbcr	11.8
documents	office_census-acs-2024_questionnaire_p01_page1.png	jpegli	444	35	identity_off	31.371	67.431	1.8035	CjpegliYcbcr	6.0
documents	office_census-acs-2024_questionnaire_p01_page1.png	jpegli	444	35	identity_auto	31.671	68.659	1.7858	CjpegliYcbcr	6.0
documents	office_census-acs-2024_questionnaire_p01_page1.png	jpegli	444	35	model_off	34.598	74.116	2.8604	CjpegliYcbcr	6.0
documents	office_census-acs-2024_questionnaire_p01_page1.png	jpegli	444	35	model_auto	34.966	74.736	2.1601	CjpegliYcbcr	6.0
documents	office_census-acs-2024_questionnaire_p01_page1.png	jpegli	444	35	model_policy	34.521	74.812	1.8069	CjpegliYcbcr	6.0
documents	office_census-acs-2024_questionnaire_p01_page1.png	jpegli	444	35	model_proj	34.524	74.880	1.8066	CjpegliYcbcr	6.0
documents	office_census-acs-2024_questionnaire_p01_page1.png	jpegli	444	55	identity_off	33.060	71.688	1.2696	CjpegliYcbcr	4.1
documents	office_census-acs-2024_questionnaire_p01_page1.png	jpegli	444	55	identity_auto	33.347	72.692	1.2375	CjpegliYcbcr	4.1
documents	office_census-acs-2024_questionnaire_p01_page1.png	jpegli	444	55	model_off	36.476	77.357	0.9243	CjpegliYcbcr	4.1
documents	office_census-acs-2024_questionnaire_p01_page1.png	jpegli	444	55	model_auto	36.900	78.412	0.9279	CjpegliYcbcr	4.1
documents	office_census-acs-2024_questionnaire_p01_page1.png	jpegli	444	55	model_policy	36.246	77.830	0.9567	CjpegliYcbcr	4.1
documents	office_census-acs-2024_questionnaire_p01_page1.png	jpegli	444	55	model_proj	36.253	77.988	0.9542	CjpegliYcbcr	4.1
documents	office_census-acs-2024_questionnaire_p01_page1.png	jpegli	444	75	identity_off	35.504	77.527	0.9386	CjpegliYcbcr	2.3
documents	office_census-acs-2024_questionnaire_p01_page1.png	jpegli	444	75	identity_auto	35.748	78.024	0.9255	CjpegliYcbcr	2.3
documents	office_census-acs-2024_questionnaire_p01_page1.png	jpegli	444	75	model_off	38.743	81.685	0.7487	CjpegliYcbcr	2.3
documents	office_census-acs-2024_questionnaire_p01_page1.png	jpegli	444	75	model_auto	39.056	81.950	0.7068	CjpegliYcbcr	2.3
documents	office_census-acs-2024_questionnaire_p01_page1.png	jpegli	444	75	model_policy	38.470	81.858	1.2461	CjpegliYcbcr	2.3
documents	office_census-acs-2024_questionnaire_p01_page1.png	jpegli	444	75	model_proj	38.484	82.078	1.2456	CjpegliYcbcr	2.3
documents	office_census-acs-2024_questionnaire_p01_page1.png	jpegli	444	90	identity_off	39.539	82.599	1.1600	CjpegliYcbcr	1.1
documents	office_census-acs-2024_questionnaire_p01_page1.png	jpegli	444	90	identity_auto	39.644	82.601	1.1585	CjpegliYcbcr	1.1
documents	office_census-acs-2024_questionnaire_p01_page1.png	jpegli	444	90	model_off	42.284	84.724	1.1533	CjpegliYcbcr	1.1
documents	office_census-acs-2024_questionnaire_p01_page1.png	jpegli	444	90	model_auto	42.424	84.629	1.1586	CjpegliYcbcr	1.1
documents	office_census-acs-2024_questionnaire_p01_page1.png	jpegli	444	90	model_policy	41.968	84.567	1.2141	CjpegliYcbcr	1.1
documents	office_census-acs-2024_questionnaire_p01_page1.png	jpegli	444	90	model_proj	42.579	85.452	0.6303	CjpegliYcbcr	1.1
documents	office_census-acs-2024_questionnaire_p01_page1.png	zenjpeg	420	15	identity_off	28.135	57.201	2.5851	CjpegliYcbcr	14.2
documents	office_census-acs-2024_questionnaire_p01_page1.png	zenjpeg	420	15	identity_auto	28.345	58.475	2.5577	CjpegliYcbcr	14.2
documents	office_census-acs-2024_questionnaire_p01_page1.png	zenjpeg	420	15	model_off	30.751	65.363	2.2087	CjpegliYcbcr	14.2
documents	office_census-acs-2024_questionnaire_p01_page1.png	zenjpeg	420	15	model_auto	31.074	66.079	2.1947	CjpegliYcbcr	14.2
documents	office_census-acs-2024_questionnaire_p01_page1.png	zenjpeg	420	15	model_policy	30.557	65.610	2.5052	CjpegliYcbcr	14.2
documents	office_census-acs-2024_questionnaire_p01_page1.png	zenjpeg	420	15	model_proj	30.481	64.989	2.5166	CjpegliYcbcr	14.2
documents	office_census-acs-2024_questionnaire_p01_page1.png	zenjpeg	420	35	identity_off	30.641	66.606	1.7540	CjpegliYcbcr	7.2
documents	office_census-acs-2024_questionnaire_p01_page1.png	zenjpeg	420	35	identity_auto	30.817	67.808	1.6847	CjpegliYcbcr	7.2
documents	office_census-acs-2024_questionnaire_p01_page1.png	zenjpeg	420	35	model_off	34.019	73.894	1.3610	CjpegliYcbcr	7.2
documents	office_census-acs-2024_questionnaire_p01_page1.png	zenjpeg	420	35	model_auto	34.382	74.545	1.3601	CjpegliYcbcr	7.2
documents	office_census-acs-2024_questionnaire_p01_page1.png	zenjpeg	420	35	model_policy	33.563	73.288	1.4240	CjpegliYcbcr	7.2
documents	office_census-acs-2024_questionnaire_p01_page1.png	zenjpeg	420	35	model_proj	33.460	73.164	1.4479	CjpegliYcbcr	7.2
documents	office_census-acs-2024_questionnaire_p01_page1.png	zenjpeg	420	55	identity_off	31.962	70.563	1.4259	CjpegliYcbcr	5.2
documents	office_census-acs-2024_questionnaire_p01_page1.png	zenjpeg	420	55	identity_auto	32.097	71.510	1.3807	CjpegliYcbcr	5.2
documents	office_census-acs-2024_questionnaire_p01_page1.png	zenjpeg	420	55	model_off	35.551	76.286	1.0075	CjpegliYcbcr	5.2
documents	office_census-acs-2024_questionnaire_p01_page1.png	zenjpeg	420	55	model_auto	35.941	77.269	0.9980	CjpegliYcbcr	5.2
documents	office_census-acs-2024_questionnaire_p01_page1.png	zenjpeg	420	55	model_policy	35.113	76.332	1.0449	CjpegliYcbcr	5.2
documents	office_census-acs-2024_questionnaire_p01_page1.png	zenjpeg	420	55	model_proj	35.017	76.144	1.0723	CjpegliYcbcr	5.2
documents	office_census-acs-2024_questionnaire_p01_page1.png	zenjpeg	420	75	identity_off	34.295	75.324	1.2671	CjpegliYcbcr	3.0
documents	office_census-acs-2024_questionnaire_p01_page1.png	zenjpeg	420	75	identity_auto	34.378	75.795	1.2465	CjpegliYcbcr	3.0
documents	office_census-acs-2024_questionnaire_p01_page1.png	zenjpeg	420	75	model_off	37.764	79.873	1.1722	CjpegliYcbcr	3.0
documents	office_census-acs-2024_questionnaire_p01_page1.png	zenjpeg	420	75	model_auto	38.050	80.187	1.1756	CjpegliYcbcr	3.0
documents	office_census-acs-2024_questionnaire_p01_page1.png	zenjpeg	420	75	model_policy	37.328	79.687	1.2307	CjpegliYcbcr	3.0
documents	office_census-acs-2024_questionnaire_p01_page1.png	zenjpeg	420	75	model_proj	37.253	79.880	1.2283	CjpegliYcbcr	3.0
documents	office_census-acs-2024_questionnaire_p01_page1.png	zenjpeg	420	90	identity_off	37.285	81.943	1.1712	CjpegliYcbcr	1.3
documents	office_census-acs-2024_questionnaire_p01_page1.png	zenjpeg	420	90	identity_auto	37.294	82.028	1.1695	CjpegliYcbcr	1.3
documents	office_census-acs-2024_questionnaire_p01_page1.png	zenjpeg	420	90	model_off	40.706	84.545	1.1579	CjpegliYcbcr	1.3
documents	office_census-acs-2024_questionnaire_p01_page1.png	zenjpeg	420	90	model_auto	40.887	84.559	1.1628	CjpegliYcbcr	1.3
documents	office_census-acs-2024_questionnaire_p01_page1.png	zenjpeg	420	90	model_policy	40.450	84.164	1.2151	CjpegliYcbcr	1.3
documents	office_census-acs-2024_questionnaire_p01_page1.png	zenjpeg	420	90	model_proj	40.657	84.879	1.0268	CjpegliYcbcr	1.3
documents	office_census-acs-2024_questionnaire_p01_page1.png	zenjpeg	444	15	identity_off	28.688	57.593	2.3042	CjpegliYcbcr	11.8
documents	office_census-acs-2024_questionnaire_p01_page1.png	zenjpeg	444	15	identity_auto	29.001	59.126	2.2991	CjpegliYcbcr	11.8
documents	office_census-acs-2024_questionnaire_p01_page1.png	zenjpeg	444	15	model_off	31.390	66.364	2.2307	CjpegliYcbcr	11.8
documents	office_census-acs-2024_questionnaire_p01_page1.png	zenjpeg	444	15	model_auto	31.831	67.330	1.9953	CjpegliYcbcr	11.8
documents	office_census-acs-2024_questionnaire_p01_page1.png	zenjpeg	444	15	model_policy	31.138	66.100	2.2630	CjpegliYcbcr	11.8
documents	office_census-acs-2024_questionnaire_p01_page1.png	zenjpeg	444	15	model_proj	31.055	65.917	2.2722	CjpegliYcbcr	11.8
documents	office_census-acs-2024_questionnaire_p01_page1.png	zenjpeg	444	35	identity_off	31.426	68.823	1.7705	CjpegliYcbcr	6.0
documents	office_census-acs-2024_questionnaire_p01_page1.png	zenjpeg	444	35	identity_auto	31.729	69.972	1.7487	CjpegliYcbcr	6.0
documents	office_census-acs-2024_questionnaire_p01_page1.png	zenjpeg	444	35	model_off	34.744	74.942	2.0976	CjpegliYcbcr	6.0
documents	office_census-acs-2024_questionnaire_p01_page1.png	zenjpeg	444	35	model_auto	35.177	75.457	1.6364	CjpegliYcbcr	6.0
documents	office_census-acs-2024_questionnaire_p01_page1.png	zenjpeg	444	35	model_policy	34.472	75.204	2.0783	CjpegliYcbcr	6.0
documents	office_census-acs-2024_questionnaire_p01_page1.png	zenjpeg	444	35	model_proj	34.360	75.002	2.0811	CjpegliYcbcr	6.0
documents	office_census-acs-2024_questionnaire_p01_page1.png	zenjpeg	444	55	identity_off	33.007	72.872	1.2573	CjpegliYcbcr	4.1
documents	office_census-acs-2024_questionnaire_p01_page1.png	zenjpeg	444	55	identity_auto	33.287	73.829	1.2102	CjpegliYcbcr	4.1
documents	office_census-acs-2024_questionnaire_p01_page1.png	zenjpeg	444	55	model_off	36.439	77.733	0.9137	CjpegliYcbcr	4.1
documents	office_census-acs-2024_questionnaire_p01_page1.png	zenjpeg	444	55	model_auto	36.818	78.812	0.9126	CjpegliYcbcr	4.1
documents	office_census-acs-2024_questionnaire_p01_page1.png	zenjpeg	444	55	model_policy	36.199	78.239	0.9291	CjpegliYcbcr	4.1
documents	office_census-acs-2024_questionnaire_p01_page1.png	zenjpeg	444	55	model_proj	36.104	78.025	0.9760	CjpegliYcbcr	4.1
documents	office_census-acs-2024_questionnaire_p01_page1.png	zenjpeg	444	75	identity_off	35.489	76.990	1.2042	CjpegliYcbcr	2.3
documents	office_census-acs-2024_questionnaire_p01_page1.png	zenjpeg	444	75	identity_auto	35.732	77.492	1.1929	CjpegliYcbcr	2.3
documents	office_census-acs-2024_questionnaire_p01_page1.png	zenjpeg	444	75	model_off	38.748	80.851	1.1663	CjpegliYcbcr	2.3
documents	office_census-acs-2024_questionnaire_p01_page1.png	zenjpeg	444	75	model_auto	39.047	81.091	1.1716	CjpegliYcbcr	2.3
documents	office_census-acs-2024_questionnaire_p01_page1.png	zenjpeg	444	75	model_policy	38.424	80.961	1.2256	CjpegliYcbcr	2.3
documents	office_census-acs-2024_questionnaire_p01_page1.png	zenjpeg	444	75	model_proj	38.375	81.057	1.2268	CjpegliYcbcr	2.3
documents	office_census-acs-2024_questionnaire_p01_page1.png	zenjpeg	444	90	identity_off	39.364	83.599	1.1656	CjpegliYcbcr	1.1
documents	office_census-acs-2024_questionnaire_p01_page1.png	zenjpeg	444	90	identity_auto	39.467	83.583	1.1628	CjpegliYcbcr	1.1
documents	office_census-acs-2024_questionnaire_p01_page1.png	zenjpeg	444	90	model_off	42.088	85.494	1.1588	CjpegliYcbcr	1.1
documents	office_census-acs-2024_questionnaire_p01_page1.png	zenjpeg	444	90	model_auto	42.211	85.459	1.1642	CjpegliYcbcr	1.1
documents	office_census-acs-2024_questionnaire_p01_page1.png	zenjpeg	444	90	model_policy	41.792	85.130	1.2172	CjpegliYcbcr	1.1
documents	office_census-acs-2024_questionnaire_p01_page1.png	zenjpeg	444	90	model_proj	41.861	85.205	1.2079	CjpegliYcbcr	1.1
documents	office_fec-form3_campaign-finance_p01_page1.png	turbo	420	15	identity_off	31.729	65.163	2.4185	Unknown	15.0
documents	office_fec-form3_campaign-finance_p01_page1.png	turbo	420	15	identity_auto	31.803	66.185	2.3814	Unknown	15.0
documents	office_fec-form3_campaign-finance_p01_page1.png	turbo	420	15	model_off	34.814	73.612	1.7349	Unknown	15.0
documents	office_fec-form3_campaign-finance_p01_page1.png	turbo	420	15	model_auto	34.674	73.600	1.7401	Unknown	15.0
documents	office_fec-form3_campaign-finance_p01_page1.png	turbo	420	15	model_policy	34.866	74.274	1.7499	Unknown	15.0
documents	office_fec-form3_campaign-finance_p01_page1.png	turbo	420	15	model_proj	34.877	74.382	1.7419	Unknown	15.0
documents	office_fec-form3_campaign-finance_p01_page1.png	turbo	420	35	identity_off	34.977	72.583	1.6813	ImageMagick	35.0
documents	office_fec-form3_campaign-finance_p01_page1.png	turbo	420	35	identity_auto	35.097	73.383	1.6739	ImageMagick	35.0
documents	office_fec-form3_campaign-finance_p01_page1.png	turbo	420	35	model_off	38.268	80.372	1.1469	ImageMagick	35.0
documents	office_fec-form3_campaign-finance_p01_page1.png	turbo	420	35	model_auto	38.310	80.761	1.1458	ImageMagick	35.0
documents	office_fec-form3_campaign-finance_p01_page1.png	turbo	420	35	model_policy	38.360	80.520	1.1353	ImageMagick	35.0
documents	office_fec-form3_campaign-finance_p01_page1.png	turbo	420	35	model_proj	38.439	81.304	1.0621	ImageMagick	35.0
documents	office_fec-form3_campaign-finance_p01_page1.png	turbo	420	55	identity_off	37.319	77.147	1.3385	ImageMagick	55.0
documents	office_fec-form3_campaign-finance_p01_page1.png	turbo	420	55	identity_auto	37.451	77.814	1.3213	ImageMagick	55.0
documents	office_fec-form3_campaign-finance_p01_page1.png	turbo	420	55	model_off	40.553	83.683	0.9045	ImageMagick	55.0
documents	office_fec-form3_campaign-finance_p01_page1.png	turbo	420	55	model_auto	40.627	83.982	0.8940	ImageMagick	55.0
documents	office_fec-form3_campaign-finance_p01_page1.png	turbo	420	55	model_policy	40.648	83.735	0.9006	ImageMagick	55.0
documents	office_fec-form3_campaign-finance_p01_page1.png	turbo	420	55	model_proj	40.819	84.787	0.7998	ImageMagick	55.0
documents	office_fec-form3_campaign-finance_p01_page1.png	turbo	420	75	identity_off	40.989	83.020	0.9106	ImageMagick	75.0
documents	office_fec-form3_campaign-finance_p01_page1.png	turbo	420	75	identity_auto	41.101	83.718	0.8859	ImageMagick	75.0
documents	office_fec-form3_campaign-finance_p01_page1.png	turbo	420	75	model_off	43.898	87.400	0.6106	ImageMagick	75.0
documents	office_fec-form3_campaign-finance_p01_page1.png	turbo	420	75	model_auto	43.876	87.632	0.6052	ImageMagick	75.0
documents	office_fec-form3_campaign-finance_p01_page1.png	turbo	420	75	model_policy	44.061	87.449	0.6070	ImageMagick	75.0
documents	office_fec-form3_campaign-finance_p01_page1.png	turbo	420	75	model_proj	44.281	88.107	0.5401	ImageMagick	75.0
documents	office_fec-form3_campaign-finance_p01_page1.png	turbo	420	90	identity_off	47.498	89.370	0.4765	ImageMagick	90.0
documents	office_fec-form3_campaign-finance_p01_page1.png	turbo	420	90	identity_auto	47.365	89.211	0.4906	ImageMagick	90.0
documents	office_fec-form3_campaign-finance_p01_page1.png	turbo	420	90	model_off	49.698	91.233	0.3792	ImageMagick	90.0
documents	office_fec-form3_campaign-finance_p01_page1.png	turbo	420	90	model_auto	49.458	90.947	0.4180	ImageMagick	90.0
documents	office_fec-form3_campaign-finance_p01_page1.png	turbo	420	90	model_policy	50.068	91.200	0.3254	ImageMagick	90.0
documents	office_fec-form3_campaign-finance_p01_page1.png	turbo	420	90	model_proj	50.548	91.879	0.2837	ImageMagick	90.0
documents	office_fec-form3_campaign-finance_p01_page1.png	turbo	444	15	identity_off	31.729	65.163	2.4185	Unknown	15.0
documents	office_fec-form3_campaign-finance_p01_page1.png	turbo	444	15	identity_auto	31.803	66.185	2.3814	Unknown	15.0
documents	office_fec-form3_campaign-finance_p01_page1.png	turbo	444	15	model_off	34.814	73.612	1.7349	Unknown	15.0
documents	office_fec-form3_campaign-finance_p01_page1.png	turbo	444	15	model_auto	34.674	73.600	1.7401	Unknown	15.0
documents	office_fec-form3_campaign-finance_p01_page1.png	turbo	444	15	model_policy	34.866	74.274	1.7499	Unknown	15.0
documents	office_fec-form3_campaign-finance_p01_page1.png	turbo	444	15	model_proj	34.877	74.382	1.7419	Unknown	15.0
documents	office_fec-form3_campaign-finance_p01_page1.png	turbo	444	35	identity_off	34.977	72.583	1.6813	ImageMagick	35.0
documents	office_fec-form3_campaign-finance_p01_page1.png	turbo	444	35	identity_auto	35.097	73.383	1.6739	ImageMagick	35.0
documents	office_fec-form3_campaign-finance_p01_page1.png	turbo	444	35	model_off	38.268	80.372	1.1469	ImageMagick	35.0
documents	office_fec-form3_campaign-finance_p01_page1.png	turbo	444	35	model_auto	38.310	80.761	1.1458	ImageMagick	35.0
documents	office_fec-form3_campaign-finance_p01_page1.png	turbo	444	35	model_policy	38.360	80.520	1.1353	ImageMagick	35.0
documents	office_fec-form3_campaign-finance_p01_page1.png	turbo	444	35	model_proj	38.439	81.304	1.0621	ImageMagick	35.0
documents	office_fec-form3_campaign-finance_p01_page1.png	turbo	444	55	identity_off	37.315	76.648	1.3381	ImageMagick	55.0
documents	office_fec-form3_campaign-finance_p01_page1.png	turbo	444	55	identity_auto	37.446	77.427	1.3211	ImageMagick	55.0
documents	office_fec-form3_campaign-finance_p01_page1.png	turbo	444	55	model_off	40.557	83.274	0.9043	ImageMagick	55.0
documents	office_fec-form3_campaign-finance_p01_page1.png	turbo	444	55	model_auto	40.632	83.651	0.8940	ImageMagick	55.0
documents	office_fec-form3_campaign-finance_p01_page1.png	turbo	444	55	model_policy	40.649	83.316	0.9005	ImageMagick	55.0
documents	office_fec-form3_campaign-finance_p01_page1.png	turbo	444	55	model_proj	40.820	84.409	0.7996	ImageMagick	55.0
documents	office_fec-form3_campaign-finance_p01_page1.png	turbo	444	75	identity_off	41.018	83.205	0.9094	ImageMagick	75.0
documents	office_fec-form3_campaign-finance_p01_page1.png	turbo	444	75	identity_auto	41.121	83.622	0.8850	ImageMagick	75.0
documents	office_fec-form3_campaign-finance_p01_page1.png	turbo	444	75	model_off	43.973	87.489	0.6090	ImageMagick	75.0
documents	office_fec-form3_campaign-finance_p01_page1.png	turbo	444	75	model_auto	43.973	87.553	0.5998	ImageMagick	75.0
documents	office_fec-form3_campaign-finance_p01_page1.png	turbo	444	75	model_policy	44.145	87.469	0.6043	ImageMagick	75.0
documents	office_fec-form3_campaign-finance_p01_page1.png	turbo	444	75	model_proj	44.367	88.125	0.5354	ImageMagick	75.0
documents	office_fec-form3_campaign-finance_p01_page1.png	turbo	444	90	identity_off	47.570	89.699	0.4747	ImageMagick	90.0
documents	office_fec-form3_campaign-finance_p01_page1.png	turbo	444	90	identity_auto	47.430	89.646	0.4888	ImageMagick	90.0
documents	office_fec-form3_campaign-finance_p01_page1.png	turbo	444	90	model_off	49.811	91.485	0.3319	ImageMagick	90.0
documents	office_fec-form3_campaign-finance_p01_page1.png	turbo	444	90	model_auto	49.554	91.312	0.4160	ImageMagick	90.0
documents	office_fec-form3_campaign-finance_p01_page1.png	turbo	444	90	model_policy	50.186	91.675	0.3169	ImageMagick	90.0
documents	office_fec-form3_campaign-finance_p01_page1.png	turbo	444	90	model_proj	50.594	92.216	0.2816	ImageMagick	90.0
documents	office_fec-form3_campaign-finance_p01_page1.png	mozjpeg	420	15	identity_off	28.355	65.612	2.7121	Mozjpeg	15.0
documents	office_fec-form3_campaign-finance_p01_page1.png	mozjpeg	420	15	identity_auto	28.590	65.763	2.7198	Mozjpeg	15.0
documents	office_fec-form3_campaign-finance_p01_page1.png	mozjpeg	420	15	model_off	30.659	70.923	2.4557	Mozjpeg	15.0
documents	office_fec-form3_campaign-finance_p01_page1.png	mozjpeg	420	15	model_auto	30.797	71.278	2.4451	Mozjpeg	15.0
documents	office_fec-form3_campaign-finance_p01_page1.png	mozjpeg	420	15	model_policy	30.987	71.450	2.4550	Mozjpeg	15.0
documents	office_fec-form3_campaign-finance_p01_page1.png	mozjpeg	420	15	model_proj	30.633	71.401	2.5537	Mozjpeg	15.0
documents	office_fec-form3_campaign-finance_p01_page1.png	mozjpeg	420	35	identity_off	31.965	76.731	1.5888	Mozjpeg	35.0
documents	office_fec-form3_campaign-finance_p01_page1.png	mozjpeg	420	35	identity_auto	32.138	77.337	1.5783	Mozjpeg	35.0
documents	office_fec-form3_campaign-finance_p01_page1.png	mozjpeg	420	35	model_off	34.965	81.997	1.3096	Mozjpeg	35.0
documents	office_fec-form3_campaign-finance_p01_page1.png	mozjpeg	420	35	model_auto	35.086	82.277	1.3006	Mozjpeg	35.0
documents	office_fec-form3_campaign-finance_p01_page1.png	mozjpeg	420	35	model_policy	35.082	82.293	1.2673	Mozjpeg	35.0
documents	office_fec-form3_campaign-finance_p01_page1.png	mozjpeg	420	35	model_proj	34.501	81.906	1.4266	Mozjpeg	35.0
documents	office_fec-form3_campaign-finance_p01_page1.png	mozjpeg	420	55	identity_off	34.008	80.498	1.2386	Mozjpeg	55.0
documents	office_fec-form3_campaign-finance_p01_page1.png	mozjpeg	420	55	identity_auto	34.147	80.830	1.2376	Mozjpeg	55.0
documents	office_fec-form3_campaign-finance_p01_page1.png	mozjpeg	420	55	model_off	37.081	84.897	0.9583	Mozjpeg	55.0
documents	office_fec-form3_campaign-finance_p01_page1.png	mozjpeg	420	55	model_auto	37.188	84.989	0.9835	Mozjpeg	55.0
documents	office_fec-form3_campaign-finance_p01_page1.png	mozjpeg	420	55	model_policy	37.205	84.824	0.9549	Mozjpeg	55.0
documents	office_fec-form3_campaign-finance_p01_page1.png	mozjpeg	420	55	model_proj	36.538	84.539	1.0765	Mozjpeg	55.0
documents	office_fec-form3_campaign-finance_p01_page1.png	mozjpeg	420	75	identity_off	36.191	82.397	0.9042	Mozjpeg	75.0
documents	office_fec-form3_campaign-finance_p01_page1.png	mozjpeg	420	75	identity_auto	36.271	82.484	0.8968	Mozjpeg	75.0
documents	office_fec-form3_campaign-finance_p01_page1.png	mozjpeg	420	75	model_off	39.409	86.106	0.7167	Mozjpeg	75.0
documents	office_fec-form3_campaign-finance_p01_page1.png	mozjpeg	420	75	model_auto	39.468	86.069	0.7128	Mozjpeg	75.0
documents	office_fec-form3_campaign-finance_p01_page1.png	mozjpeg	420	75	model_policy	39.539	86.062	0.7460	Mozjpeg	75.0
documents	office_fec-form3_campaign-finance_p01_page1.png	mozjpeg	420	75	model_proj	39.144	86.460	0.7152	Mozjpeg	75.0
documents	office_fec-form3_campaign-finance_p01_page1.png	mozjpeg	420	90	identity_off	40.849	86.855	0.5905	Mozjpeg	90.0
documents	office_fec-form3_campaign-finance_p01_page1.png	mozjpeg	420	90	identity_auto	40.856	86.667	0.6041	Mozjpeg	90.0
documents	office_fec-form3_campaign-finance_p01_page1.png	mozjpeg	420	90	model_off	43.792	89.109	0.4549	Mozjpeg	90.0
documents	office_fec-form3_campaign-finance_p01_page1.png	mozjpeg	420	90	model_auto	43.781	88.930	0.4820	Mozjpeg	90.0
documents	office_fec-form3_campaign-finance_p01_page1.png	mozjpeg	420	90	model_policy	44.001	89.051	0.4539	Mozjpeg	90.0
documents	office_fec-form3_campaign-finance_p01_page1.png	mozjpeg	420	90	model_proj	44.035	89.773	0.3733	Mozjpeg	90.0
documents	office_fec-form3_campaign-finance_p01_page1.png	mozjpeg	444	15	identity_off	28.355	65.612	2.7121	Mozjpeg	15.0
documents	office_fec-form3_campaign-finance_p01_page1.png	mozjpeg	444	15	identity_auto	28.590	65.763	2.7198	Mozjpeg	15.0
documents	office_fec-form3_campaign-finance_p01_page1.png	mozjpeg	444	15	model_off	30.659	70.923	2.4557	Mozjpeg	15.0
documents	office_fec-form3_campaign-finance_p01_page1.png	mozjpeg	444	15	model_auto	30.797	71.278	2.4451	Mozjpeg	15.0
documents	office_fec-form3_campaign-finance_p01_page1.png	mozjpeg	444	15	model_policy	30.987	71.450	2.4550	Mozjpeg	15.0
documents	office_fec-form3_campaign-finance_p01_page1.png	mozjpeg	444	15	model_proj	30.633	71.401	2.5537	Mozjpeg	15.0
documents	office_fec-form3_campaign-finance_p01_page1.png	mozjpeg	444	35	identity_off	31.965	76.731	1.5888	Mozjpeg	35.0
documents	office_fec-form3_campaign-finance_p01_page1.png	mozjpeg	444	35	identity_auto	32.138	77.337	1.5783	Mozjpeg	35.0
documents	office_fec-form3_campaign-finance_p01_page1.png	mozjpeg	444	35	model_off	34.965	81.997	1.3096	Mozjpeg	35.0
documents	office_fec-form3_campaign-finance_p01_page1.png	mozjpeg	444	35	model_auto	35.086	82.277	1.3006	Mozjpeg	35.0
documents	office_fec-form3_campaign-finance_p01_page1.png	mozjpeg	444	35	model_policy	35.082	82.293	1.2673	Mozjpeg	35.0
documents	office_fec-form3_campaign-finance_p01_page1.png	mozjpeg	444	35	model_proj	34.501	81.906	1.4266	Mozjpeg	35.0
documents	office_fec-form3_campaign-finance_p01_page1.png	mozjpeg	444	55	identity_off	34.004	80.087	1.2377	Mozjpeg	55.0
documents	office_fec-form3_campaign-finance_p01_page1.png	mozjpeg	444	55	identity_auto	34.142	80.445	1.2368	Mozjpeg	55.0
documents	office_fec-form3_campaign-finance_p01_page1.png	mozjpeg	444	55	model_off	37.076	84.593	0.9586	Mozjpeg	55.0
documents	office_fec-form3_campaign-finance_p01_page1.png	mozjpeg	444	55	model_auto	37.188	84.699	0.9824	Mozjpeg	55.0
documents	office_fec-form3_campaign-finance_p01_page1.png	mozjpeg	444	55	model_policy	37.198	84.256	0.9564	Mozjpeg	55.0
documents	office_fec-form3_campaign-finance_p01_page1.png	mozjpeg	444	55	model_proj	36.533	83.993	1.0851	Mozjpeg	55.0
documents	office_fec-form3_campaign-finance_p01_page1.png	mozjpeg	444	75	identity_off	36.201	82.636	0.9030	Mozjpeg	75.0
documents	office_fec-form3_campaign-finance_p01_page1.png	mozjpeg	444	75	identity_auto	36.279	82.502	0.8963	Mozjpeg	75.0
documents	office_fec-form3_campaign-finance_p01_page1.png	mozjpeg	444	75	model_off	39.433	86.367	0.7154	Mozjpeg	75.0
documents	office_fec-form3_campaign-finance_p01_page1.png	mozjpeg	444	75	model_auto	39.494	86.114	0.7101	Mozjpeg	75.0
documents	office_fec-form3_campaign-finance_p01_page1.png	mozjpeg	444	75	model_policy	39.563	86.327	0.7447	Mozjpeg	75.0
documents	office_fec-form3_campaign-finance_p01_page1.png	mozjpeg	444	75	model_proj	39.169	86.664	0.7104	Mozjpeg	75.0
documents	office_fec-form3_campaign-finance_p01_page1.png	mozjpeg	444	90	identity_off	40.868	87.391	0.5914	Mozjpeg	90.0
documents	office_fec-form3_campaign-finance_p01_page1.png	mozjpeg	444	90	identity_auto	40.872	87.213	0.6059	Mozjpeg	90.0
documents	office_fec-form3_campaign-finance_p01_page1.png	mozjpeg	444	90	model_off	43.815	89.423	0.4560	Mozjpeg	90.0
documents	office_fec-form3_campaign-finance_p01_page1.png	mozjpeg	444	90	model_auto	43.796	89.338	0.4819	Mozjpeg	90.0
documents	office_fec-form3_campaign-finance_p01_page1.png	mozjpeg	444	90	model_policy	44.006	89.558	0.4538	Mozjpeg	90.0
documents	office_fec-form3_campaign-finance_p01_page1.png	mozjpeg	444	90	model_proj	44.051	90.143	0.3701	Mozjpeg	90.0
documents	office_fec-form3_campaign-finance_p01_page1.png	jpegli	420	15	identity_off	31.246	64.147	2.4387	CjpegliYcbcr	14.2
documents	office_fec-form3_campaign-finance_p01_page1.png	jpegli	420	15	identity_auto	31.456	65.044	2.4446	CjpegliYcbcr	14.2
documents	office_fec-form3_campaign-finance_p01_page1.png	jpegli	420	15	model_off	34.194	72.884	1.9516	CjpegliYcbcr	14.2
documents	office_fec-form3_campaign-finance_p01_page1.png	jpegli	420	15	model_auto	34.329	73.166	1.9619	CjpegliYcbcr	14.2
documents	office_fec-form3_campaign-finance_p01_page1.png	jpegli	420	15	model_policy	34.299	73.422	1.8830	CjpegliYcbcr	14.2
documents	office_fec-form3_campaign-finance_p01_page1.png	jpegli	420	15	model_proj	34.308	73.507	1.8745	CjpegliYcbcr	14.2
documents	office_fec-form3_campaign-finance_p01_page1.png	jpegli	420	35	identity_off	34.737	73.817	1.5860	CjpegliYcbcr	7.2
documents	office_fec-form3_campaign-finance_p01_page1.png	jpegli	420	35	identity_auto	34.929	74.607	1.5668	CjpegliYcbcr	7.2
documents	office_fec-form3_campaign-finance_p01_page1.png	jpegli	420	35	model_off	37.857	81.087	1.1416	CjpegliYcbcr	7.2
documents	office_fec-form3_campaign-finance_p01_page1.png	jpegli	420	35	model_auto	38.036	81.735	1.1257	CjpegliYcbcr	7.2
documents	office_fec-form3_campaign-finance_p01_page1.png	jpegli	420	35	model_policy	37.938	81.223	1.1326	CjpegliYcbcr	7.2
documents	office_fec-form3_campaign-finance_p01_page1.png	jpegli	420	35	model_proj	37.978	81.637	1.1001	CjpegliYcbcr	7.2
documents	office_fec-form3_campaign-finance_p01_page1.png	jpegli	420	55	identity_off	36.913	78.382	1.1815	CjpegliYcbcr	5.2
documents	office_fec-form3_campaign-finance_p01_page1.png	jpegli	420	55	identity_auto	37.042	78.791	1.1888	CjpegliYcbcr	5.2
documents	office_fec-form3_campaign-finance_p01_page1.png	jpegli	420	55	model_off	40.010	83.983	0.8393	CjpegliYcbcr	5.2
documents	office_fec-form3_campaign-finance_p01_page1.png	jpegli	420	55	model_auto	40.132	84.366	0.8742	CjpegliYcbcr	5.2
documents	office_fec-form3_campaign-finance_p01_page1.png	jpegli	420	55	model_policy	40.099	84.110	0.8280	CjpegliYcbcr	5.2
documents	office_fec-form3_campaign-finance_p01_page1.png	jpegli	420	55	model_proj	40.162	84.515	0.7903	CjpegliYcbcr	5.2
documents	office_fec-form3_campaign-finance_p01_page1.png	jpegli	420	75	identity_off	41.250	83.971	0.7916	CjpegliYcbcr	3.0
documents	office_fec-form3_campaign-finance_p01_page1.png	jpegli	420	75	identity_auto	41.303	83.941	0.8083	CjpegliYcbcr	3.0
documents	office_fec-form3_campaign-finance_p01_page1.png	jpegli	420	75	model_off	43.993	87.469	0.5724	CjpegliYcbcr	3.0
documents	office_fec-form3_campaign-finance_p01_page1.png	jpegli	420	75	model_auto	44.020	87.427	0.5879	CjpegliYcbcr	3.0
documents	office_fec-form3_campaign-finance_p01_page1.png	jpegli	420	75	model_policy	44.177	87.450	0.5595	CjpegliYcbcr	3.0
documents	office_fec-form3_campaign-finance_p01_page1.png	jpegli	420	75	model_proj	44.320	88.132	0.5030	CjpegliYcbcr	3.0
documents	office_fec-form3_campaign-finance_p01_page1.png	jpegli	420	90	identity_off	47.758	89.889	0.3914	CjpegliYcbcr	1.3
documents	office_fec-form3_campaign-finance_p01_page1.png	jpegli	420	90	identity_auto	47.633	89.791	0.4103	CjpegliYcbcr	1.3
documents	office_fec-form3_campaign-finance_p01_page1.png	jpegli	420	90	model_off	49.669	91.154	0.3407	CjpegliYcbcr	1.3
documents	office_fec-form3_campaign-finance_p01_page1.png	jpegli	420	90	model_auto	49.478	91.162	0.3664	CjpegliYcbcr	1.3
documents	office_fec-form3_campaign-finance_p01_page1.png	jpegli	420	90	model_policy	50.047	91.209	0.3670	CjpegliYcbcr	1.3
documents	office_fec-form3_campaign-finance_p01_page1.png	jpegli	420	90	model_proj	50.379	91.537	0.3317	CjpegliYcbcr	1.3
documents	office_fec-form3_campaign-finance_p01_page1.png	jpegli	444	15	identity_off	32.220	68.029	2.1610	CjpegliYcbcr	11.8
documents	office_fec-form3_campaign-finance_p01_page1.png	jpegli	444	15	identity_auto	32.421	68.684	2.1622	CjpegliYcbcr	11.8
documents	office_fec-form3_campaign-finance_p01_page1.png	jpegli	444	15	model_off	35.309	76.054	1.7125	CjpegliYcbcr	11.8
documents	office_fec-form3_campaign-finance_p01_page1.png	jpegli	444	15	model_auto	35.424	76.379	1.7358	CjpegliYcbcr	11.8
documents	office_fec-form3_campaign-finance_p01_page1.png	jpegli	444	15	model_policy	35.415	76.347	1.6581	CjpegliYcbcr	11.8
documents	office_fec-form3_campaign-finance_p01_page1.png	jpegli	444	15	model_proj	35.433	76.620	1.6003	CjpegliYcbcr	11.8
documents	office_fec-form3_campaign-finance_p01_page1.png	jpegli	444	35	identity_off	35.857	76.790	1.3252	CjpegliYcbcr	6.0
documents	office_fec-form3_campaign-finance_p01_page1.png	jpegli	444	35	identity_auto	35.994	77.344	1.3348	CjpegliYcbcr	6.0
documents	office_fec-form3_campaign-finance_p01_page1.png	jpegli	444	35	model_off	39.012	83.071	0.9546	CjpegliYcbcr	6.0
documents	office_fec-form3_campaign-finance_p01_page1.png	jpegli	444	35	model_auto	39.091	83.462	0.9696	CjpegliYcbcr	6.0
documents	office_fec-form3_campaign-finance_p01_page1.png	jpegli	444	35	model_policy	39.088	83.199	1.0393	CjpegliYcbcr	6.0
documents	office_fec-form3_campaign-finance_p01_page1.png	jpegli	444	35	model_proj	39.139	83.575	1.0205	CjpegliYcbcr	6.0
documents	office_fec-form3_campaign-finance_p01_page1.png	jpegli	444	55	identity_off	38.309	80.852	1.0268	CjpegliYcbcr	4.1
documents	office_fec-form3_campaign-finance_p01_page1.png	jpegli	444	55	identity_auto	38.405	80.845	1.0375	CjpegliYcbcr	4.1
documents	office_fec-form3_campaign-finance_p01_page1.png	jpegli	444	55	model_off	41.303	85.590	0.7259	CjpegliYcbcr	4.1
documents	office_fec-form3_campaign-finance_p01_page1.png	jpegli	444	55	model_auto	41.375	85.580	0.7379	CjpegliYcbcr	4.1
documents	office_fec-form3_campaign-finance_p01_page1.png	jpegli	444	55	model_policy	41.449	85.734	0.7126	CjpegliYcbcr	4.1
documents	office_fec-form3_campaign-finance_p01_page1.png	jpegli	444	55	model_proj	41.528	86.092	0.6729	CjpegliYcbcr	4.1
documents	office_fec-form3_campaign-finance_p01_page1.png	jpegli	444	75	identity_off	42.596	84.982	0.6473	CjpegliYcbcr	2.3
documents	office_fec-form3_campaign-finance_p01_page1.png	jpegli	444	75	identity_auto	42.626	85.070	0.6572	CjpegliYcbcr	2.3
documents	office_fec-form3_campaign-finance_p01_page1.png	jpegli	444	75	model_off	45.204	87.934	0.5024	CjpegliYcbcr	2.3
documents	office_fec-form3_campaign-finance_p01_page1.png	jpegli	444	75	model_auto	45.191	87.937	0.5030	CjpegliYcbcr	2.3
documents	office_fec-form3_campaign-finance_p01_page1.png	jpegli	444	75	model_policy	45.420	88.025	0.4691	CjpegliYcbcr	2.3
documents	office_fec-form3_campaign-finance_p01_page1.png	jpegli	444	75	model_proj	45.531	88.177	0.4490	CjpegliYcbcr	2.3
documents	office_fec-form3_campaign-finance_p01_page1.png	jpegli	444	90	identity_off	49.257	90.070	0.3469	CjpegliYcbcr	1.1
documents	office_fec-form3_campaign-finance_p01_page1.png	jpegli	444	90	identity_auto	49.043	90.007	0.3749	CjpegliYcbcr	1.1
documents	office_fec-form3_campaign-finance_p01_page1.png	jpegli	444	90	model_off	51.006	91.267	0.2901	CjpegliYcbcr	1.1
documents	office_fec-form3_campaign-finance_p01_page1.png	jpegli	444	90	model_auto	50.738	90.918	0.3666	CjpegliYcbcr	1.1
documents	office_fec-form3_campaign-finance_p01_page1.png	jpegli	444	90	model_policy	51.324	91.160	0.2791	CjpegliYcbcr	1.1
documents	office_fec-form3_campaign-finance_p01_page1.png	jpegli	444	90	model_proj	51.777	91.806	0.2527	CjpegliYcbcr	1.1
documents	office_fec-form3_campaign-finance_p01_page1.png	zenjpeg	420	15	identity_off	32.562	76.337	1.7750	CjpegliYcbcr	14.2
documents	office_fec-form3_campaign-finance_p01_page1.png	zenjpeg	420	15	identity_auto	32.870	77.162	1.7717	CjpegliYcbcr	14.2
documents	office_fec-form3_campaign-finance_p01_page1.png	zenjpeg	420	15	model_off	35.351	81.440	1.5468	CjpegliYcbcr	14.2
documents	office_fec-form3_campaign-finance_p01_page1.png	zenjpeg	420	15	model_auto	35.541	81.590	1.5596	CjpegliYcbcr	14.2
documents	office_fec-form3_campaign-finance_p01_page1.png	zenjpeg	420	15	model_policy	35.431	81.177	1.5320	CjpegliYcbcr	14.2
documents	office_fec-form3_campaign-finance_p01_page1.png	zenjpeg	420	15	model_proj	34.788	79.925	1.6942	CjpegliYcbcr	14.2
documents	office_fec-form3_campaign-finance_p01_page1.png	zenjpeg	420	35	identity_off	36.087	81.651	1.0991	CjpegliYcbcr	7.2
documents	office_fec-form3_campaign-finance_p01_page1.png	zenjpeg	420	35	identity_auto	36.275	82.357	1.0746	CjpegliYcbcr	7.2
documents	office_fec-form3_campaign-finance_p01_page1.png	zenjpeg	420	35	model_off	38.854	86.203	0.8979	CjpegliYcbcr	7.2
documents	office_fec-form3_campaign-finance_p01_page1.png	zenjpeg	420	35	model_auto	38.937	86.410	0.9199	CjpegliYcbcr	7.2
documents	office_fec-form3_campaign-finance_p01_page1.png	zenjpeg	420	35	model_policy	38.977	86.129	0.8946	CjpegliYcbcr	7.2
documents	office_fec-form3_campaign-finance_p01_page1.png	zenjpeg	420	35	model_proj	37.503	84.245	1.3197	CjpegliYcbcr	7.2
documents	office_fec-form3_campaign-finance_p01_page1.png	zenjpeg	420	55	identity_off	38.203	84.023	0.8886	CjpegliYcbcr	5.2
documents	office_fec-form3_campaign-finance_p01_page1.png	zenjpeg	420	55	identity_auto	38.348	84.494	0.8761	CjpegliYcbcr	5.2
documents	office_fec-form3_campaign-finance_p01_page1.png	zenjpeg	420	55	model_off	40.954	87.606	0.6677	CjpegliYcbcr	5.2
documents	office_fec-form3_campaign-finance_p01_page1.png	zenjpeg	420	55	model_auto	41.029	88.014	0.6713	CjpegliYcbcr	5.2
documents	office_fec-form3_campaign-finance_p01_page1.png	zenjpeg	420	55	model_policy	41.095	87.513	0.6837	CjpegliYcbcr	5.2
documents	office_fec-form3_campaign-finance_p01_page1.png	zenjpeg	420	55	model_proj	39.815	86.456	1.0378	CjpegliYcbcr	5.2
documents	office_fec-form3_campaign-finance_p01_page1.png	zenjpeg	420	75	identity_off	42.510	87.003	0.5416	CjpegliYcbcr	3.0
documents	office_fec-form3_campaign-finance_p01_page1.png	zenjpeg	420	75	identity_auto	42.598	87.056	0.5352	CjpegliYcbcr	3.0
documents	office_fec-form3_campaign-finance_p01_page1.png	zenjpeg	420	75	model_off	44.834	89.215	0.4112	CjpegliYcbcr	3.0
documents	office_fec-form3_campaign-finance_p01_page1.png	zenjpeg	420	75	model_auto	44.807	88.995	0.4490	CjpegliYcbcr	3.0
documents	office_fec-form3_campaign-finance_p01_page1.png	zenjpeg	420	75	model_policy	45.018	89.345	0.4237	CjpegliYcbcr	3.0
documents	office_fec-form3_campaign-finance_p01_page1.png	zenjpeg	420	75	model_proj	43.875	89.646	0.5868	CjpegliYcbcr	3.0
documents	office_fec-form3_campaign-finance_p01_page1.png	zenjpeg	420	90	identity_off	49.100	91.354	0.2807	CjpegliYcbcr	1.3
documents	office_fec-form3_campaign-finance_p01_page1.png	zenjpeg	420	90	identity_auto	49.082	91.463	0.2784	CjpegliYcbcr	1.3
documents	office_fec-form3_campaign-finance_p01_page1.png	zenjpeg	420	90	model_off	50.477	91.811	0.3179	CjpegliYcbcr	1.3
documents	office_fec-form3_campaign-finance_p01_page1.png	zenjpeg	420	90	model_auto	50.339	91.790	0.3807	CjpegliYcbcr	1.3
documents	office_fec-form3_campaign-finance_p01_page1.png	zenjpeg	420	90	model_policy	50.514	91.764	0.3409	CjpegliYcbcr	1.3
documents	office_fec-form3_campaign-finance_p01_page1.png	zenjpeg	420	90	model_proj	49.395	92.195	0.3656	CjpegliYcbcr	1.3
documents	office_fec-form3_campaign-finance_p01_page1.png	zenjpeg	444	15	identity_off	33.405	77.727	1.4710	CjpegliYcbcr	11.8
documents	office_fec-form3_campaign-finance_p01_page1.png	zenjpeg	444	15	identity_auto	33.659	77.938	1.4729	CjpegliYcbcr	11.8
documents	office_fec-form3_campaign-finance_p01_page1.png	zenjpeg	444	15	model_off	36.184	82.327	1.3428	CjpegliYcbcr	11.8
documents	office_fec-form3_campaign-finance_p01_page1.png	zenjpeg	444	15	model_auto	36.322	82.233	1.3929	CjpegliYcbcr	11.8
documents	office_fec-form3_campaign-finance_p01_page1.png	zenjpeg	444	15	model_policy	36.273	82.291	1.3654	CjpegliYcbcr	11.8
documents	office_fec-form3_campaign-finance_p01_page1.png	zenjpeg	444	15	model_proj	35.558	81.274	1.6103	CjpegliYcbcr	11.8
documents	office_fec-form3_campaign-finance_p01_page1.png	zenjpeg	444	35	identity_off	37.292	83.141	0.9483	CjpegliYcbcr	6.0
documents	office_fec-form3_campaign-finance_p01_page1.png	zenjpeg	444	35	identity_auto	37.435	83.668	0.9331	CjpegliYcbcr	6.0
documents	office_fec-form3_campaign-finance_p01_page1.png	zenjpeg	444	35	model_off	40.027	86.973	0.7744	CjpegliYcbcr	6.0
documents	office_fec-form3_campaign-finance_p01_page1.png	zenjpeg	444	35	model_auto	40.101	87.366	0.7784	CjpegliYcbcr	6.0
documents	office_fec-form3_campaign-finance_p01_page1.png	zenjpeg	444	35	model_policy	40.168	87.249	0.7609	CjpegliYcbcr	6.0
documents	office_fec-form3_campaign-finance_p01_page1.png	zenjpeg	444	35	model_proj	38.872	85.831	1.0593	CjpegliYcbcr	6.0
documents	office_fec-form3_campaign-finance_p01_page1.png	zenjpeg	444	55	identity_off	39.519	85.581	0.7406	CjpegliYcbcr	4.1
documents	office_fec-form3_campaign-finance_p01_page1.png	zenjpeg	444	55	identity_auto	39.678	85.954	0.7207	CjpegliYcbcr	4.1
documents	office_fec-form3_campaign-finance_p01_page1.png	zenjpeg	444	55	model_off	42.159	88.852	0.5605	CjpegliYcbcr	4.1
documents	office_fec-form3_campaign-finance_p01_page1.png	zenjpeg	444	55	model_auto	42.244	88.725	0.5962	CjpegliYcbcr	4.1
documents	office_fec-form3_campaign-finance_p01_page1.png	zenjpeg	444	55	model_policy	42.326	88.819	0.5677	CjpegliYcbcr	4.1
documents	office_fec-form3_campaign-finance_p01_page1.png	zenjpeg	444	55	model_proj	41.133	87.851	0.8634	CjpegliYcbcr	4.1
documents	office_fec-form3_campaign-finance_p01_page1.png	zenjpeg	444	75	identity_off	43.841	87.712	0.4667	CjpegliYcbcr	2.3
documents	office_fec-form3_campaign-finance_p01_page1.png	zenjpeg	444	75	identity_auto	43.876	87.970	0.4605	CjpegliYcbcr	2.3
documents	office_fec-form3_campaign-finance_p01_page1.png	zenjpeg	444	75	model_off	46.023	89.877	0.3626	CjpegliYcbcr	2.3
documents	office_fec-form3_campaign-finance_p01_page1.png	zenjpeg	444	75	model_auto	45.954	89.696	0.4203	CjpegliYcbcr	2.3
documents	office_fec-form3_campaign-finance_p01_page1.png	zenjpeg	444	75	model_policy	46.208	89.894	0.3731	CjpegliYcbcr	2.3
documents	office_fec-form3_campaign-finance_p01_page1.png	zenjpeg	444	75	model_proj	45.141	89.757	0.5546	CjpegliYcbcr	2.3
documents	office_fec-form3_campaign-finance_p01_page1.png	zenjpeg	444	90	identity_off	50.390	90.831	0.2467	CjpegliYcbcr	1.1
documents	office_fec-form3_campaign-finance_p01_page1.png	zenjpeg	444	90	identity_auto	50.256	90.889	0.2505	CjpegliYcbcr	1.1
documents	office_fec-form3_campaign-finance_p01_page1.png	zenjpeg	444	90	model_off	51.621	91.265	0.2620	CjpegliYcbcr	1.1
documents	office_fec-form3_campaign-finance_p01_page1.png	zenjpeg	444	90	model_auto	51.227	91.167	0.3627	CjpegliYcbcr	1.1
documents	office_fec-form3_campaign-finance_p01_page1.png	zenjpeg	444	90	model_policy	51.625	91.415	0.2468	CjpegliYcbcr	1.1
documents	office_fec-form3_campaign-finance_p01_page1.png	zenjpeg	444	90	model_proj	51.218	92.156	0.2865	CjpegliYcbcr	1.1
documents	office_fedreg-2026-10621_rule_p01_page1.png	turbo	420	15	identity_off	24.604	46.880	3.9101	Unknown	15.0
documents	office_fedreg-2026-10621_rule_p01_page1.png	turbo	420	15	identity_auto	24.625	49.327	4.0017	Unknown	15.0
documents	office_fedreg-2026-10621_rule_p01_page1.png	turbo	420	15	model_off	27.356	60.754	3.0641	Unknown	15.0
documents	office_fedreg-2026-10621_rule_p01_page1.png	turbo	420	15	model_auto	27.285	62.177	3.1319	Unknown	15.0
documents	office_fedreg-2026-10621_rule_p01_page1.png	turbo	420	15	model_policy	27.441	61.293	3.0407	Unknown	15.0
documents	office_fedreg-2026-10621_rule_p01_page1.png	turbo	420	15	model_proj	27.526	61.940	2.9841	Unknown	15.0
documents	office_fedreg-2026-10621_rule_p01_page1.png	turbo	420	35	identity_off	28.511	61.906	2.3780	ImageMagick	35.0
documents	office_fedreg-2026-10621_rule_p01_page1.png	turbo	420	35	identity_auto	28.534	63.225	2.4284	ImageMagick	35.0
documents	office_fedreg-2026-10621_rule_p01_page1.png	turbo	420	35	model_off	31.415	72.960	1.7235	ImageMagick	35.0
documents	office_fedreg-2026-10621_rule_p01_page1.png	turbo	420	35	model_auto	31.399	73.826	1.7604	ImageMagick	35.0
documents	office_fedreg-2026-10621_rule_p01_page1.png	turbo	420	35	model_policy	31.445	73.056	1.7063	ImageMagick	35.0
documents	office_fedreg-2026-10621_rule_p01_page1.png	turbo	420	35	model_proj	31.694	74.583	1.6051	ImageMagick	35.0
documents	office_fedreg-2026-10621_rule_p01_page1.png	turbo	420	55	identity_off	30.989	70.182	1.8355	ImageMagick	55.0
documents	office_fedreg-2026-10621_rule_p01_page1.png	turbo	420	55	identity_auto	30.989	71.073	1.8625	ImageMagick	55.0
documents	office_fedreg-2026-10621_rule_p01_page1.png	turbo	420	55	model_off	33.848	79.020	1.2923	ImageMagick	55.0
documents	office_fedreg-2026-10621_rule_p01_page1.png	turbo	420	55	model_auto	33.817	79.557	1.3135	ImageMagick	55.0
documents	office_fedreg-2026-10621_rule_p01_page1.png	turbo	420	55	model_policy	33.907	79.122	1.2773	ImageMagick	55.0
documents	office_fedreg-2026-10621_rule_p01_page1.png	turbo	420	55	model_proj	34.250	80.779	1.1552	ImageMagick	55.0
documents	office_fedreg-2026-10621_rule_p01_page1.png	turbo	420	75	identity_off	34.670	79.240	1.2294	ImageMagick	75.0
documents	office_fedreg-2026-10621_rule_p01_page1.png	turbo	420	75	identity_auto	34.682	79.932	1.2198	ImageMagick	75.0
documents	office_fedreg-2026-10621_rule_p01_page1.png	turbo	420	75	model_off	37.264	85.258	0.8482	ImageMagick	75.0
documents	office_fedreg-2026-10621_rule_p01_page1.png	turbo	420	75	model_auto	37.211	85.570	0.8421	ImageMagick	75.0
documents	office_fedreg-2026-10621_rule_p01_page1.png	turbo	420	75	model_policy	37.513	85.443	0.8373	ImageMagick	75.0
documents	office_fedreg-2026-10621_rule_p01_page1.png	turbo	420	75	model_proj	37.923	86.730	0.7362	ImageMagick	75.0
documents	office_fedreg-2026-10621_rule_p01_page1.png	turbo	420	90	identity_off	41.705	89.733	0.5912	ImageMagick	90.0
documents	office_fedreg-2026-10621_rule_p01_page1.png	turbo	420	90	identity_auto	41.529	89.562	0.6199	ImageMagick	90.0
documents	office_fedreg-2026-10621_rule_p01_page1.png	turbo	420	90	model_off	43.403	91.815	0.4197	ImageMagick	90.0
documents	office_fedreg-2026-10621_rule_p01_page1.png	turbo	420	90	model_auto	43.227	91.706	0.4454	ImageMagick	90.0
documents	office_fedreg-2026-10621_rule_p01_page1.png	turbo	420	90	model_policy	43.942	92.046	0.4120	ImageMagick	90.0
documents	office_fedreg-2026-10621_rule_p01_page1.png	turbo	420	90	model_proj	44.312	92.332	0.3719	ImageMagick	90.0
documents	office_fedreg-2026-10621_rule_p01_page1.png	turbo	444	15	identity_off	24.604	46.880	3.9101	Unknown	15.0
documents	office_fedreg-2026-10621_rule_p01_page1.png	turbo	444	15	identity_auto	24.625	49.327	4.0017	Unknown	15.0
documents	office_fedreg-2026-10621_rule_p01_page1.png	turbo	444	15	model_off	27.356	60.754	3.0641	Unknown	15.0
documents	office_fedreg-2026-10621_rule_p01_page1.png	turbo	444	15	model_auto	27.285	62.177	3.1319	Unknown	15.0
documents	office_fedreg-2026-10621_rule_p01_page1.png	turbo	444	15	model_policy	27.441	61.293	3.0407	Unknown	15.0
documents	office_fedreg-2026-10621_rule_p01_page1.png	turbo	444	15	model_proj	27.526	61.940	2.9841	Unknown	15.0
documents	office_fedreg-2026-10621_rule_p01_page1.png	turbo	444	35	identity_off	28.511	61.906	2.3780	ImageMagick	35.0
documents	office_fedreg-2026-10621_rule_p01_page1.png	turbo	444	35	identity_auto	28.534	63.225	2.4284	ImageMagick	35.0
documents	office_fedreg-2026-10621_rule_p01_page1.png	turbo	444	35	model_off	31.415	72.960	1.7235	ImageMagick	35.0
documents	office_fedreg-2026-10621_rule_p01_page1.png	turbo	444	35	model_auto	31.399	73.826	1.7604	ImageMagick	35.0
documents	office_fedreg-2026-10621_rule_p01_page1.png	turbo	444	35	model_policy	31.445	73.056	1.7063	ImageMagick	35.0
documents	office_fedreg-2026-10621_rule_p01_page1.png	turbo	444	35	model_proj	31.694	74.583	1.6051	ImageMagick	35.0
documents	office_fedreg-2026-10621_rule_p01_page1.png	turbo	444	55	identity_off	30.989	70.182	1.8355	ImageMagick	55.0
documents	office_fedreg-2026-10621_rule_p01_page1.png	turbo	444	55	identity_auto	30.989	71.073	1.8625	ImageMagick	55.0
documents	office_fedreg-2026-10621_rule_p01_page1.png	turbo	444	55	model_off	33.848	79.020	1.2923	ImageMagick	55.0
documents	office_fedreg-2026-10621_rule_p01_page1.png	turbo	444	55	model_auto	33.817	79.557	1.3135	ImageMagick	55.0
documents	office_fedreg-2026-10621_rule_p01_page1.png	turbo	444	55	model_policy	33.907	79.122	1.2773	ImageMagick	55.0
documents	office_fedreg-2026-10621_rule_p01_page1.png	turbo	444	55	model_proj	34.250	80.779	1.1552	ImageMagick	55.0
documents	office_fedreg-2026-10621_rule_p01_page1.png	turbo	444	75	identity_off	34.670	79.240	1.2294	ImageMagick	75.0
documents	office_fedreg-2026-10621_rule_p01_page1.png	turbo	444	75	identity_auto	34.682	79.932	1.2198	ImageMagick	75.0
documents	office_fedreg-2026-10621_rule_p01_page1.png	turbo	444	75	model_off	37.264	85.258	0.8482	ImageMagick	75.0
documents	office_fedreg-2026-10621_rule_p01_page1.png	turbo	444	75	model_auto	37.211	85.570	0.8421	ImageMagick	75.0
documents	office_fedreg-2026-10621_rule_p01_page1.png	turbo	444	75	model_policy	37.513	85.443	0.8373	ImageMagick	75.0
documents	office_fedreg-2026-10621_rule_p01_page1.png	turbo	444	75	model_proj	37.923	86.730	0.7362	ImageMagick	75.0
documents	office_fedreg-2026-10621_rule_p01_page1.png	turbo	444	90	identity_off	41.705	89.733	0.5912	ImageMagick	90.0
documents	office_fedreg-2026-10621_rule_p01_page1.png	turbo	444	90	identity_auto	41.529	89.562	0.6199	ImageMagick	90.0
documents	office_fedreg-2026-10621_rule_p01_page1.png	turbo	444	90	model_off	43.403	91.815	0.4197	ImageMagick	90.0
documents	office_fedreg-2026-10621_rule_p01_page1.png	turbo	444	90	model_auto	43.227	91.706	0.4454	ImageMagick	90.0
documents	office_fedreg-2026-10621_rule_p01_page1.png	turbo	444	90	model_policy	43.942	92.046	0.4120	ImageMagick	90.0
documents	office_fedreg-2026-10621_rule_p01_page1.png	turbo	444	90	model_proj	44.311	92.309	0.3718	ImageMagick	90.0
documents	office_fedreg-2026-10621_rule_p01_page1.png	mozjpeg	420	15	identity_off	20.748	43.436	4.7029	Mozjpeg	15.0
documents	office_fedreg-2026-10621_rule_p01_page1.png	mozjpeg	420	15	identity_auto	20.845	45.326	4.7249	Mozjpeg	15.0
documents	office_fedreg-2026-10621_rule_p01_page1.png	mozjpeg	420	15	model_off	22.754	51.422	4.2455	Mozjpeg	15.0
documents	office_fedreg-2026-10621_rule_p01_page1.png	mozjpeg	420	15	model_auto	22.739	52.824	4.2497	Mozjpeg	15.0
documents	office_fedreg-2026-10621_rule_p01_page1.png	mozjpeg	420	15	model_policy	22.923	52.087	4.1991	Mozjpeg	15.0
documents	office_fedreg-2026-10621_rule_p01_page1.png	mozjpeg	420	15	model_proj	22.855	58.287	3.4143	Mozjpeg	15.0
documents	office_fedreg-2026-10621_rule_p01_page1.png	mozjpeg	420	35	identity_off	24.575	62.562	3.4528	Mozjpeg	35.0
documents	office_fedreg-2026-10621_rule_p01_page1.png	mozjpeg	420	35	identity_auto	24.633	62.882	3.4888	Mozjpeg	35.0
documents	office_fedreg-2026-10621_rule_p01_page1.png	mozjpeg	420	35	model_off	27.071	69.857	2.9981	Mozjpeg	35.0
documents	office_fedreg-2026-10621_rule_p01_page1.png	mozjpeg	420	35	model_auto	27.082	70.141	3.0066	Mozjpeg	35.0
documents	office_fedreg-2026-10621_rule_p01_page1.png	mozjpeg	420	35	model_policy	27.183	70.123	2.9428	Mozjpeg	35.0
documents	office_fedreg-2026-10621_rule_p01_page1.png	mozjpeg	420	35	model_proj	27.250	75.468	2.0699	Mozjpeg	35.0
documents	office_fedreg-2026-10621_rule_p01_page1.png	mozjpeg	420	55	identity_off	26.390	69.293	2.7881	Mozjpeg	55.0
documents	office_fedreg-2026-10621_rule_p01_page1.png	mozjpeg	420	55	identity_auto	26.429	69.434	2.8152	Mozjpeg	55.0
documents	office_fedreg-2026-10621_rule_p01_page1.png	mozjpeg	420	55	model_off	28.941	75.393	2.3748	Mozjpeg	55.0
documents	office_fedreg-2026-10621_rule_p01_page1.png	mozjpeg	420	55	model_auto	28.934	75.455	2.3833	Mozjpeg	55.0
documents	office_fedreg-2026-10621_rule_p01_page1.png	mozjpeg	420	55	model_policy	29.070	75.613	2.3376	Mozjpeg	55.0
documents	office_fedreg-2026-10621_rule_p01_page1.png	mozjpeg	420	55	model_proj	29.154	79.482	1.6716	Mozjpeg	55.0
documents	office_fedreg-2026-10621_rule_p01_page1.png	mozjpeg	420	75	identity_off	29.421	77.053	1.8898	Mozjpeg	75.0
documents	office_fedreg-2026-10621_rule_p01_page1.png	mozjpeg	420	75	identity_auto	29.436	77.226	1.8969	Mozjpeg	75.0
documents	office_fedreg-2026-10621_rule_p01_page1.png	mozjpeg	420	75	model_off	32.128	81.889	1.5518	Mozjpeg	75.0
documents	office_fedreg-2026-10621_rule_p01_page1.png	mozjpeg	420	75	model_auto	32.089	81.960	1.5450	Mozjpeg	75.0
documents	office_fedreg-2026-10621_rule_p01_page1.png	mozjpeg	420	75	model_policy	32.246	82.085	1.5297	Mozjpeg	75.0
documents	office_fedreg-2026-10621_rule_p01_page1.png	mozjpeg	420	75	model_proj	32.505	84.546	1.1129	Mozjpeg	75.0
documents	office_fedreg-2026-10621_rule_p01_page1.png	mozjpeg	420	90	identity_off	34.073	84.768	1.1406	Mozjpeg	90.0
documents	office_fedreg-2026-10621_rule_p01_page1.png	mozjpeg	420	90	identity_auto	34.075	84.657	1.1618	Mozjpeg	90.0
documents	office_fedreg-2026-10621_rule_p01_page1.png	mozjpeg	420	90	model_off	36.574	87.725	0.8855	Mozjpeg	90.0
documents	office_fedreg-2026-10621_rule_p01_page1.png	mozjpeg	420	90	model_auto	36.529	87.609	0.8977	Mozjpeg	90.0
documents	office_fedreg-2026-10621_rule_p01_page1.png	mozjpeg	420	90	model_policy	36.813	87.920	0.8661	Mozjpeg	90.0
documents	office_fedreg-2026-10621_rule_p01_page1.png	mozjpeg	420	90	model_proj	37.234	89.013	0.6568	Mozjpeg	90.0
documents	office_fedreg-2026-10621_rule_p01_page1.png	mozjpeg	444	15	identity_off	20.748	43.438	4.7031	Mozjpeg	15.0
documents	office_fedreg-2026-10621_rule_p01_page1.png	mozjpeg	444	15	identity_auto	20.845	45.324	4.7251	Mozjpeg	15.0
documents	office_fedreg-2026-10621_rule_p01_page1.png	mozjpeg	444	15	model_off	22.755	51.418	4.2458	Mozjpeg	15.0
documents	office_fedreg-2026-10621_rule_p01_page1.png	mozjpeg	444	15	model_auto	22.740	52.822	4.2499	Mozjpeg	15.0
documents	office_fedreg-2026-10621_rule_p01_page1.png	mozjpeg	444	15	model_policy	22.923	52.087	4.1994	Mozjpeg	15.0
documents	office_fedreg-2026-10621_rule_p01_page1.png	mozjpeg	444	15	model_proj	22.856	58.283	3.4145	Mozjpeg	15.0
documents	office_fedreg-2026-10621_rule_p01_page1.png	mozjpeg	444	35	identity_off	24.575	62.564	3.4531	Mozjpeg	35.0
documents	office_fedreg-2026-10621_rule_p01_page1.png	mozjpeg	444	35	identity_auto	24.633	62.883	3.4892	Mozjpeg	35.0
documents	office_fedreg-2026-10621_rule_p01_page1.png	mozjpeg	444	35	model_off	27.071	69.856	2.9984	Mozjpeg	35.0
documents	office_fedreg-2026-10621_rule_p01_page1.png	mozjpeg	444	35	model_auto	27.082	70.144	3.0069	Mozjpeg	35.0
documents	office_fedreg-2026-10621_rule_p01_page1.png	mozjpeg	444	35	model_policy	27.183	70.124	2.9431	Mozjpeg	35.0
documents	office_fedreg-2026-10621_rule_p01_page1.png	mozjpeg	444	35	model_proj	27.250	75.469	2.0698	Mozjpeg	35.0
documents	office_fedreg-2026-10621_rule_p01_page1.png	mozjpeg	444	55	identity_off	26.390	69.287	2.7882	Mozjpeg	55.0
documents	office_fedreg-2026-10621_rule_p01_page1.png	mozjpeg	444	55	identity_auto	26.430	69.436	2.8153	Mozjpeg	55.0
documents	office_fedreg-2026-10621_rule_p01_page1.png	mozjpeg	444	55	model_off	28.941	75.391	2.3750	Mozjpeg	55.0
documents	office_fedreg-2026-10621_rule_p01_page1.png	mozjpeg	444	55	model_auto	28.934	75.466	2.3835	Mozjpeg	55.0
documents	office_fedreg-2026-10621_rule_p01_page1.png	mozjpeg	444	55	model_policy	29.070	75.606	2.3377	Mozjpeg	55.0
documents	office_fedreg-2026-10621_rule_p01_page1.png	mozjpeg	444	55	model_proj	29.155	79.486	1.6717	Mozjpeg	55.0
documents	office_fedreg-2026-10621_rule_p01_page1.png	mozjpeg	444	75	identity_off	29.421	77.062	1.8898	Mozjpeg	75.0
documents	office_fedreg-2026-10621_rule_p01_page1.png	mozjpeg	444	75	identity_auto	29.437	77.232	1.8969	Mozjpeg	75.0
documents	office_fedreg-2026-10621_rule_p01_page1.png	mozjpeg	444	75	model_off	32.128	81.894	1.5518	Mozjpeg	75.0
documents	office_fedreg-2026-10621_rule_p01_page1.png	mozjpeg	444	75	model_auto	32.089	81.962	1.5450	Mozjpeg	75.0
documents	office_fedreg-2026-10621_rule_p01_page1.png	mozjpeg	444	75	model_policy	32.246	82.075	1.5297	Mozjpeg	75.0
documents	office_fedreg-2026-10621_rule_p01_page1.png	mozjpeg	444	75	model_proj	32.505	84.567	1.1129	Mozjpeg	75.0
documents	office_fedreg-2026-10621_rule_p01_page1.png	mozjpeg	444	90	identity_off	34.073	84.768	1.1406	Mozjpeg	90.0
documents	office_fedreg-2026-10621_rule_p01_page1.png	mozjpeg	444	90	identity_auto	34.075	84.657	1.1618	Mozjpeg	90.0
documents	office_fedreg-2026-10621_rule_p01_page1.png	mozjpeg	444	90	model_off	36.574	87.725	0.8855	Mozjpeg	90.0
documents	office_fedreg-2026-10621_rule_p01_page1.png	mozjpeg	444	90	model_auto	36.529	87.609	0.8977	Mozjpeg	90.0
documents	office_fedreg-2026-10621_rule_p01_page1.png	mozjpeg	444	90	model_policy	36.813	87.920	0.8661	Mozjpeg	90.0
documents	office_fedreg-2026-10621_rule_p01_page1.png	mozjpeg	444	90	model_proj	37.233	89.027	0.6569	Mozjpeg	90.0
documents	office_fedreg-2026-10621_rule_p01_page1.png	jpegli	420	15	identity_off	23.997	44.371	4.0790	CjpegliYcbcr	14.2
documents	office_fedreg-2026-10621_rule_p01_page1.png	jpegli	420	15	identity_auto	24.091	46.105	4.1928	CjpegliYcbcr	14.2
documents	office_fedreg-2026-10621_rule_p01_page1.png	jpegli	420	15	model_off	26.567	57.548	3.4205	CjpegliYcbcr	14.2
documents	office_fedreg-2026-10621_rule_p01_page1.png	jpegli	420	15	model_auto	26.630	58.748	3.4826	CjpegliYcbcr	14.2
documents	office_fedreg-2026-10621_rule_p01_page1.png	jpegli	420	15	model_policy	26.693	58.176	3.3613	CjpegliYcbcr	14.2
documents	office_fedreg-2026-10621_rule_p01_page1.png	jpegli	420	15	model_proj	26.745	58.929	3.2618	CjpegliYcbcr	14.2
documents	office_fedreg-2026-10621_rule_p01_page1.png	jpegli	420	35	identity_off	28.016	63.341	2.3834	CjpegliYcbcr	7.2
documents	office_fedreg-2026-10621_rule_p01_page1.png	jpegli	420	35	identity_auto	28.080	64.671	2.4222	CjpegliYcbcr	7.2
documents	office_fedreg-2026-10621_rule_p01_page1.png	jpegli	420	35	model_off	30.760	73.310	1.8411	CjpegliYcbcr	7.2
documents	office_fedreg-2026-10621_rule_p01_page1.png	jpegli	420	35	model_auto	30.803	74.232	1.8561	CjpegliYcbcr	7.2
documents	office_fedreg-2026-10621_rule_p01_page1.png	jpegli	420	35	model_policy	30.824	73.592	1.8084	CjpegliYcbcr	7.2
documents	office_fedreg-2026-10621_rule_p01_page1.png	jpegli	420	35	model_proj	30.925	74.398	1.7351	CjpegliYcbcr	7.2
documents	office_fedreg-2026-10621_rule_p01_page1.png	jpegli	420	55	identity_off	30.475	71.155	1.7449	CjpegliYcbcr	5.2
documents	office_fedreg-2026-10621_rule_p01_page1.png	jpegli	420	55	identity_auto	30.497	71.747	1.8017	CjpegliYcbcr	5.2
documents	office_fedreg-2026-10621_rule_p01_page1.png	jpegli	420	55	model_off	33.187	79.159	1.3121	CjpegliYcbcr	5.2
documents	office_fedreg-2026-10621_rule_p01_page1.png	jpegli	420	55	model_auto	33.222	79.526	1.3444	CjpegliYcbcr	5.2
documents	office_fedreg-2026-10621_rule_p01_page1.png	jpegli	420	55	model_policy	33.246	79.339	1.2916	CjpegliYcbcr	5.2
documents	office_fedreg-2026-10621_rule_p01_page1.png	jpegli	420	55	model_proj	33.367	80.174	1.2279	CjpegliYcbcr	5.2
documents	office_fedreg-2026-10621_rule_p01_page1.png	jpegli	420	75	identity_off	34.949	81.628	1.0417	CjpegliYcbcr	3.0
documents	office_fedreg-2026-10621_rule_p01_page1.png	jpegli	420	75	identity_auto	34.910	81.792	1.0828	CjpegliYcbcr	3.0
documents	office_fedreg-2026-10621_rule_p01_page1.png	jpegli	420	75	model_off	37.303	86.296	0.7828	CjpegliYcbcr	3.0
documents	office_fedreg-2026-10621_rule_p01_page1.png	jpegli	420	75	model_auto	37.273	86.301	0.8078	CjpegliYcbcr	3.0
documents	office_fedreg-2026-10621_rule_p01_page1.png	jpegli	420	75	model_policy	37.544	86.531	0.7646	CjpegliYcbcr	3.0
documents	office_fedreg-2026-10621_rule_p01_page1.png	jpegli	420	75	model_proj	37.686	87.119	0.7193	CjpegliYcbcr	3.0
documents	office_fedreg-2026-10621_rule_p01_page1.png	jpegli	420	90	identity_off	41.830	90.672	0.4816	CjpegliYcbcr	1.3
documents	office_fedreg-2026-10621_rule_p01_page1.png	jpegli	420	90	identity_auto	41.656	90.489	0.5195	CjpegliYcbcr	1.3
documents	office_fedreg-2026-10621_rule_p01_page1.png	jpegli	420	90	model_off	43.289	92.074	0.3666	CjpegliYcbcr	1.3
documents	office_fedreg-2026-10621_rule_p01_page1.png	jpegli	420	90	model_auto	43.128	91.899	0.3990	CjpegliYcbcr	1.3
documents	office_fedreg-2026-10621_rule_p01_page1.png	jpegli	420	90	model_policy	43.801	92.241	0.3568	CjpegliYcbcr	1.3
documents	office_fedreg-2026-10621_rule_p01_page1.png	jpegli	420	90	model_proj	43.977	91.957	0.3480	CjpegliYcbcr	1.3
documents	office_fedreg-2026-10621_rule_p01_page1.png	jpegli	444	15	identity_off	25.108	50.698	3.5873	CjpegliYcbcr	11.8
documents	office_fedreg-2026-10621_rule_p01_page1.png	jpegli	444	15	identity_auto	25.184	52.136	3.6960	CjpegliYcbcr	11.8
documents	office_fedreg-2026-10621_rule_p01_page1.png	jpegli	444	15	model_off	27.748	62.963	2.9165	CjpegliYcbcr	11.8
documents	office_fedreg-2026-10621_rule_p01_page1.png	jpegli	444	15	model_auto	27.795	63.932	2.9989	CjpegliYcbcr	11.8
documents	office_fedreg-2026-10621_rule_p01_page1.png	jpegli	444	15	model_policy	27.864	63.473	2.8669	CjpegliYcbcr	11.8
documents	office_fedreg-2026-10621_rule_p01_page1.png	jpegli	444	15	model_proj	27.932	64.298	2.7890	CjpegliYcbcr	11.8
documents	office_fedreg-2026-10621_rule_p01_page1.png	jpegli	444	35	identity_off	29.370	68.104	1.9939	CjpegliYcbcr	6.0
documents	office_fedreg-2026-10621_rule_p01_page1.png	jpegli	444	35	identity_auto	29.389	68.838	2.0703	CjpegliYcbcr	6.0
documents	office_fedreg-2026-10621_rule_p01_page1.png	jpegli	444	35	model_off	32.120	76.875	1.5065	CjpegliYcbcr	6.0
documents	office_fedreg-2026-10621_rule_p01_page1.png	jpegli	444	35	model_auto	32.130	77.319	1.5564	CjpegliYcbcr	6.0
documents	office_fedreg-2026-10621_rule_p01_page1.png	jpegli	444	35	model_policy	32.170	77.084	1.4833	CjpegliYcbcr	6.0
documents	office_fedreg-2026-10621_rule_p01_page1.png	jpegli	444	35	model_proj	32.287	77.885	1.4176	CjpegliYcbcr	6.0
documents	office_fedreg-2026-10621_rule_p01_page1.png	jpegli	444	55	identity_off	32.010	75.383	1.4389	CjpegliYcbcr	4.1
documents	office_fedreg-2026-10621_rule_p01_page1.png	jpegli	444	55	identity_auto	31.990	75.730	1.5050	CjpegliYcbcr	4.1
documents	office_fedreg-2026-10621_rule_p01_page1.png	jpegli	444	55	model_off	34.656	82.151	1.0625	CjpegliYcbcr	4.1
documents	office_fedreg-2026-10621_rule_p01_page1.png	jpegli	444	55	model_auto	34.632	82.361	1.1058	CjpegliYcbcr	4.1
documents	office_fedreg-2026-10621_rule_p01_page1.png	jpegli	444	55	model_policy	34.746	82.341	1.0427	CjpegliYcbcr	4.1
documents	office_fedreg-2026-10621_rule_p01_page1.png	jpegli	444	55	model_proj	34.878	83.049	0.9932	CjpegliYcbcr	4.1
documents	office_fedreg-2026-10621_rule_p01_page1.png	jpegli	444	75	identity_off	36.423	84.330	0.8671	CjpegliYcbcr	2.3
documents	office_fedreg-2026-10621_rule_p01_page1.png	jpegli	444	75	identity_auto	36.344	84.352	0.9120	CjpegliYcbcr	2.3
documents	office_fedreg-2026-10621_rule_p01_page1.png	jpegli	444	75	model_off	38.591	88.038	0.6429	CjpegliYcbcr	2.3
documents	office_fedreg-2026-10621_rule_p01_page1.png	jpegli	444	75	model_auto	38.523	87.964	0.6761	CjpegliYcbcr	2.3
documents	office_fedreg-2026-10621_rule_p01_page1.png	jpegli	444	75	model_policy	38.937	88.252	0.6258	CjpegliYcbcr	2.3
documents	office_fedreg-2026-10621_rule_p01_page1.png	jpegli	444	75	model_proj	39.084	88.719	0.5911	CjpegliYcbcr	2.3
documents	office_fedreg-2026-10621_rule_p01_page1.png	jpegli	444	90	identity_off	43.582	91.866	0.4067	CjpegliYcbcr	1.1
documents	office_fedreg-2026-10621_rule_p01_page1.png	jpegli	444	90	identity_auto	43.343	91.689	0.4425	CjpegliYcbcr	1.1
documents	office_fedreg-2026-10621_rule_p01_page1.png	jpegli	444	90	model_off	44.854	92.818	0.3143	CjpegliYcbcr	1.1
documents	office_fedreg-2026-10621_rule_p01_page1.png	jpegli	444	90	model_auto	44.627	92.633	0.3445	CjpegliYcbcr	1.1
documents	office_fedreg-2026-10621_rule_p01_page1.png	jpegli	444	90	model_policy	45.324	93.006	0.3034	CjpegliYcbcr	1.1
documents	office_fedreg-2026-10621_rule_p01_page1.png	jpegli	444	90	model_proj	45.482	93.124	0.2889	CjpegliYcbcr	1.1
documents	office_fedreg-2026-10621_rule_p01_page1.png	zenjpeg	420	15	identity_off	25.414	65.887	2.8894	CjpegliYcbcr	14.2
documents	office_fedreg-2026-10621_rule_p01_page1.png	zenjpeg	420	15	identity_auto	25.496	66.651	2.9306	CjpegliYcbcr	14.2
documents	office_fedreg-2026-10621_rule_p01_page1.png	zenjpeg	420	15	model_off	27.687	72.364	2.5259	CjpegliYcbcr	14.2
documents	office_fedreg-2026-10621_rule_p01_page1.png	zenjpeg	420	15	model_auto	27.695	72.811	2.5441	CjpegliYcbcr	14.2
documents	office_fedreg-2026-10621_rule_p01_page1.png	zenjpeg	420	15	model_policy	27.815	72.573	2.5070	CjpegliYcbcr	14.2
documents	office_fedreg-2026-10621_rule_p01_page1.png	zenjpeg	420	15	model_proj	27.629	76.582	1.8595	CjpegliYcbcr	14.2
documents	office_fedreg-2026-10621_rule_p01_page1.png	zenjpeg	420	35	identity_off	29.686	78.269	1.5718	CjpegliYcbcr	7.2
documents	office_fedreg-2026-10621_rule_p01_page1.png	zenjpeg	420	35	identity_auto	29.712	78.897	1.5969	CjpegliYcbcr	7.2
documents	office_fedreg-2026-10621_rule_p01_page1.png	zenjpeg	420	35	model_off	31.896	82.547	1.3185	CjpegliYcbcr	7.2
documents	office_fedreg-2026-10621_rule_p01_page1.png	zenjpeg	420	35	model_auto	31.829	82.887	1.3288	CjpegliYcbcr	7.2
documents	office_fedreg-2026-10621_rule_p01_page1.png	zenjpeg	420	35	model_policy	32.000	82.648	1.3000	CjpegliYcbcr	7.2
documents	office_fedreg-2026-10621_rule_p01_page1.png	zenjpeg	420	35	model_proj	31.266	83.412	1.2363	CjpegliYcbcr	7.2
documents	office_fedreg-2026-10621_rule_p01_page1.png	zenjpeg	420	55	identity_off	32.057	82.520	1.1839	CjpegliYcbcr	5.2
documents	office_fedreg-2026-10621_rule_p01_page1.png	zenjpeg	420	55	identity_auto	32.076	82.698	1.2250	CjpegliYcbcr	5.2
documents	office_fedreg-2026-10621_rule_p01_page1.png	zenjpeg	420	55	model_off	34.178	85.938	0.9901	CjpegliYcbcr	5.2
documents	office_fedreg-2026-10621_rule_p01_page1.png	zenjpeg	420	55	model_auto	34.123	85.935	1.0164	CjpegliYcbcr	5.2
documents	office_fedreg-2026-10621_rule_p01_page1.png	zenjpeg	420	55	model_policy	34.305	85.987	0.9747	CjpegliYcbcr	5.2
documents	office_fedreg-2026-10621_rule_p01_page1.png	zenjpeg	420	55	model_proj	33.602	86.566	0.9297	CjpegliYcbcr	5.2
documents	office_fedreg-2026-10621_rule_p01_page1.png	zenjpeg	420	75	identity_off	36.546	88.177	0.6697	CjpegliYcbcr	3.0
documents	office_fedreg-2026-10621_rule_p01_page1.png	zenjpeg	420	75	identity_auto	36.533	88.101	0.6958	CjpegliYcbcr	3.0
documents	office_fedreg-2026-10621_rule_p01_page1.png	zenjpeg	420	75	model_off	38.112	89.803	0.5745	CjpegliYcbcr	3.0
documents	office_fedreg-2026-10621_rule_p01_page1.png	zenjpeg	420	75	model_auto	38.037	89.681	0.5907	CjpegliYcbcr	3.0
documents	office_fedreg-2026-10621_rule_p01_page1.png	zenjpeg	420	75	model_policy	38.321	89.883	0.5706	CjpegliYcbcr	3.0
documents	office_fedreg-2026-10621_rule_p01_page1.png	zenjpeg	420	75	model_proj	37.510	90.116	0.6218	CjpegliYcbcr	3.0
documents	office_fedreg-2026-10621_rule_p01_page1.png	zenjpeg	420	90	identity_off	43.748	93.086	0.2829	CjpegliYcbcr	1.3
documents	office_fedreg-2026-10621_rule_p01_page1.png	zenjpeg	420	90	identity_auto	43.735	93.078	0.2934	CjpegliYcbcr	1.3
documents	office_fedreg-2026-10621_rule_p01_page1.png	zenjpeg	420	90	model_off	44.517	93.335	0.2684	CjpegliYcbcr	1.3
documents	office_fedreg-2026-10621_rule_p01_page1.png	zenjpeg	420	90	model_auto	44.453	93.270	0.2748	CjpegliYcbcr	1.3
documents	office_fedreg-2026-10621_rule_p01_page1.png	zenjpeg	420	90	model_policy	44.546	93.324	0.2703	CjpegliYcbcr	1.3
documents	office_fedreg-2026-10621_rule_p01_page1.png	zenjpeg	420	90	model_proj	43.413	93.072	0.3421	CjpegliYcbcr	1.3
documents	office_fedreg-2026-10621_rule_p01_page1.png	zenjpeg	444	15	identity_off	26.645	70.488	2.4773	CjpegliYcbcr	11.8
documents	office_fedreg-2026-10621_rule_p01_page1.png	zenjpeg	444	15	identity_auto	26.710	71.085	2.5200	CjpegliYcbcr	11.8
documents	office_fedreg-2026-10621_rule_p01_page1.png	zenjpeg	444	15	model_off	28.926	76.172	2.1561	CjpegliYcbcr	11.8
documents	office_fedreg-2026-10621_rule_p01_page1.png	zenjpeg	444	15	model_auto	28.908	76.449	2.1814	CjpegliYcbcr	11.8
documents	office_fedreg-2026-10621_rule_p01_page1.png	zenjpeg	444	15	model_policy	29.041	76.314	2.1288	CjpegliYcbcr	11.8
documents	office_fedreg-2026-10621_rule_p01_page1.png	zenjpeg	444	15	model_proj	28.751	79.322	1.5982	CjpegliYcbcr	11.8
documents	office_fedreg-2026-10621_rule_p01_page1.png	zenjpeg	444	35	identity_off	30.970	80.694	1.3721	CjpegliYcbcr	6.0
documents	office_fedreg-2026-10621_rule_p01_page1.png	zenjpeg	444	35	identity_auto	30.985	80.839	1.4185	CjpegliYcbcr	6.0
documents	office_fedreg-2026-10621_rule_p01_page1.png	zenjpeg	444	35	model_off	33.163	84.583	1.1506	CjpegliYcbcr	6.0
documents	office_fedreg-2026-10621_rule_p01_page1.png	zenjpeg	444	35	model_auto	33.098	84.540	1.1778	CjpegliYcbcr	6.0
documents	office_fedreg-2026-10621_rule_p01_page1.png	zenjpeg	444	35	model_policy	33.269	84.672	1.1351	CjpegliYcbcr	6.0
documents	office_fedreg-2026-10621_rule_p01_page1.png	zenjpeg	444	35	model_proj	32.643	85.367	1.0308	CjpegliYcbcr	6.0
documents	office_fedreg-2026-10621_rule_p01_page1.png	zenjpeg	444	55	identity_off	33.568	84.860	0.9905	CjpegliYcbcr	4.1
documents	office_fedreg-2026-10621_rule_p01_page1.png	zenjpeg	444	55	identity_auto	33.553	84.809	1.0360	CjpegliYcbcr	4.1
documents	office_fedreg-2026-10621_rule_p01_page1.png	zenjpeg	444	55	model_off	35.554	87.578	0.8131	CjpegliYcbcr	4.1
documents	office_fedreg-2026-10621_rule_p01_page1.png	zenjpeg	444	55	model_auto	35.476	87.486	0.8443	CjpegliYcbcr	4.1
documents	office_fedreg-2026-10621_rule_p01_page1.png	zenjpeg	444	55	model_policy	35.720	87.605	0.7988	CjpegliYcbcr	4.1
documents	office_fedreg-2026-10621_rule_p01_page1.png	zenjpeg	444	55	model_proj	35.011	88.015	0.8127	CjpegliYcbcr	4.1
documents	office_fedreg-2026-10621_rule_p01_page1.png	zenjpeg	444	75	identity_off	38.067	89.533	0.5587	CjpegliYcbcr	2.3
documents	office_fedreg-2026-10621_rule_p01_page1.png	zenjpeg	444	75	identity_auto	38.020	89.387	0.5828	CjpegliYcbcr	2.3
documents	office_fedreg-2026-10621_rule_p01_page1.png	zenjpeg	444	75	model_off	39.435	90.851	0.4801	CjpegliYcbcr	2.3
documents	office_fedreg-2026-10621_rule_p01_page1.png	zenjpeg	444	75	model_auto	39.338	90.703	0.4949	CjpegliYcbcr	2.3
documents	office_fedreg-2026-10621_rule_p01_page1.png	zenjpeg	444	75	model_policy	39.641	90.815	0.4775	CjpegliYcbcr	2.3
documents	office_fedreg-2026-10621_rule_p01_page1.png	zenjpeg	444	75	model_proj	38.911	91.054	0.5320	CjpegliYcbcr	2.3
documents	office_fedreg-2026-10621_rule_p01_page1.png	zenjpeg	444	90	identity_off	45.493	93.729	0.2382	CjpegliYcbcr	1.1
documents	office_fedreg-2026-10621_rule_p01_page1.png	zenjpeg	444	90	identity_auto	45.437	93.662	0.2490	CjpegliYcbcr	1.1
documents	office_fedreg-2026-10621_rule_p01_page1.png	zenjpeg	444	90	model_off	46.154	93.828	0.2355	CjpegliYcbcr	1.1
documents	office_fedreg-2026-10621_rule_p01_page1.png	zenjpeg	444	90	model_auto	46.055	93.745	0.2391	CjpegliYcbcr	1.1
documents	office_fedreg-2026-10621_rule_p01_page1.png	zenjpeg	444	90	model_policy	46.183	93.859	0.2279	CjpegliYcbcr	1.1
documents	office_fedreg-2026-10621_rule_p01_page1.png	zenjpeg	444	90	model_proj	45.421	93.858	0.2716	CjpegliYcbcr	1.1
art-scans	haeckel_0007_cephalopods.png	turbo	420	15	identity_off	28.866	41.384	3.2113	Unknown	15.0
art-scans	haeckel_0007_cephalopods.png	turbo	420	15	identity_auto	29.092	43.521	3.1815	Unknown	15.0
art-scans	haeckel_0007_cephalopods.png	turbo	420	15	model_off	29.441	47.577	3.1200	Unknown	15.0
art-scans	haeckel_0007_cephalopods.png	turbo	420	15	model_auto	29.457	46.935	3.1231	Unknown	15.0
art-scans	haeckel_0007_cephalopods.png	turbo	420	15	model_policy	29.471	46.846	3.2318	Unknown	15.0
art-scans	haeckel_0007_cephalopods.png	turbo	420	15	model_proj	29.475	47.053	3.1568	Unknown	15.0
art-scans	haeckel_0007_cephalopods.png	turbo	420	35	identity_off	31.617	66.506	1.9847	ImageMagick	35.0
art-scans	haeckel_0007_cephalopods.png	turbo	420	35	identity_auto	31.733	66.865	1.9982	ImageMagick	35.0
art-scans	haeckel_0007_cephalopods.png	turbo	420	35	model_off	32.107	68.622	1.9589	ImageMagick	35.0
art-scans	haeckel_0007_cephalopods.png	turbo	420	35	model_auto	32.088	67.863	1.9952	ImageMagick	35.0
art-scans	haeckel_0007_cephalopods.png	turbo	420	35	model_policy	32.127	68.317	1.9457	ImageMagick	35.0
art-scans	haeckel_0007_cephalopods.png	turbo	420	35	model_proj	32.127	68.394	1.9454	ImageMagick	35.0
art-scans	haeckel_0007_cephalopods.png	turbo	420	55	identity_off	33.045	73.325	1.4159	ImageMagick	55.0
art-scans	haeckel_0007_cephalopods.png	turbo	420	55	identity_auto	33.128	73.519	1.4203	ImageMagick	55.0
art-scans	haeckel_0007_cephalopods.png	turbo	420	55	model_off	33.439	74.537	1.3866	ImageMagick	55.0
art-scans	haeckel_0007_cephalopods.png	turbo	420	55	model_auto	33.417	74.088	1.4107	ImageMagick	55.0
art-scans	haeckel_0007_cephalopods.png	turbo	420	55	model_policy	33.464	74.581	1.3727	ImageMagick	55.0
art-scans	haeckel_0007_cephalopods.png	turbo	420	55	model_proj	33.464	74.609	1.3722	ImageMagick	55.0
art-scans	haeckel_0007_cephalopods.png	turbo	420	75	identity_off	34.951	79.993	1.0860	ImageMagick	75.0
art-scans	haeckel_0007_cephalopods.png	turbo	420	75	identity_auto	35.003	80.176	1.0824	ImageMagick	75.0
art-scans	haeckel_0007_cephalopods.png	turbo	420	75	model_off	35.236	80.560	1.0768	ImageMagick	75.0
art-scans	haeckel_0007_cephalopods.png	turbo	420	75	model_auto	35.198	79.984	1.0894	ImageMagick	75.0
art-scans	haeckel_0007_cephalopods.png	turbo	420	75	model_policy	35.261	80.680	1.0570	ImageMagick	75.0
art-scans	haeckel_0007_cephalopods.png	turbo	420	75	model_proj	35.265	80.686	1.0518	ImageMagick	75.0
art-scans	haeckel_0007_cephalopods.png	turbo	420	90	identity_off	38.299	86.422	0.8286	ImageMagick	90.0
art-scans	haeckel_0007_cephalopods.png	turbo	420	90	identity_auto	38.277	86.305	0.8616	ImageMagick	90.0
art-scans	haeckel_0007_cephalopods.png	turbo	420	90	model_off	38.311	86.062	0.8507	ImageMagick	90.0
art-scans	haeckel_0007_cephalopods.png	turbo	420	90	model_auto	38.165	85.483	0.8877	ImageMagick	90.0
art-scans	haeckel_0007_cephalopods.png	turbo	420	90	model_policy	38.416	86.578	0.8185	ImageMagick	90.0
art-scans	haeckel_0007_cephalopods.png	turbo	420	90	model_proj	38.497	86.771	0.7405	ImageMagick	90.0
art-scans	haeckel_0007_cephalopods.png	turbo	444	15	identity_off	30.065	48.917	2.5778	Unknown	15.0
art-scans	haeckel_0007_cephalopods.png	turbo	444	15	identity_auto	30.719	52.324	2.4960	Unknown	15.0
art-scans	haeckel_0007_cephalopods.png	turbo	444	15	model_off	30.949	55.108	2.4065	Unknown	15.0
art-scans	haeckel_0007_cephalopods.png	turbo	444	15	model_auto	31.147	55.121	2.3966	Unknown	15.0
art-scans	haeckel_0007_cephalopods.png	turbo	444	15	model_policy	30.971	55.135	2.5055	Unknown	15.0
art-scans	haeckel_0007_cephalopods.png	turbo	444	15	model_proj	30.975	55.315	2.4574	Unknown	15.0
art-scans	haeckel_0007_cephalopods.png	turbo	444	35	identity_off	33.782	73.299	1.3937	ImageMagick	35.0
art-scans	haeckel_0007_cephalopods.png	turbo	444	35	identity_auto	34.275	74.202	1.3520	ImageMagick	35.0
art-scans	haeckel_0007_cephalopods.png	turbo	444	35	model_off	34.585	75.271	1.2857	ImageMagick	35.0
art-scans	haeckel_0007_cephalopods.png	turbo	444	35	model_auto	34.641	74.579	1.3180	ImageMagick	35.0
art-scans	haeckel_0007_cephalopods.png	turbo	444	35	model_policy	34.625	75.398	1.2864	ImageMagick	35.0
art-scans	haeckel_0007_cephalopods.png	turbo	444	35	model_proj	34.630	75.424	1.2856	ImageMagick	35.0
art-scans	haeckel_0007_cephalopods.png	turbo	444	55	identity_off	35.639	78.989	1.1017	ImageMagick	55.0
art-scans	haeckel_0007_cephalopods.png	turbo	444	55	identity_auto	36.032	79.567	1.0795	ImageMagick	55.0
art-scans	haeckel_0007_cephalopods.png	turbo	444	55	model_off	36.292	80.209	1.0301	ImageMagick	55.0
art-scans	haeckel_0007_cephalopods.png	turbo	444	55	model_auto	36.269	79.499	1.0648	ImageMagick	55.0
art-scans	haeckel_0007_cephalopods.png	turbo	444	55	model_policy	36.360	80.417	1.0278	ImageMagick	55.0
art-scans	haeckel_0007_cephalopods.png	turbo	444	55	model_proj	36.366	80.481	1.0276	ImageMagick	55.0
art-scans	haeckel_0007_cephalopods.png	turbo	444	75	identity_off	37.946	84.382	0.8018	ImageMagick	75.0
art-scans	haeckel_0007_cephalopods.png	turbo	444	75	identity_auto	38.235	84.836	0.7867	ImageMagick	75.0
art-scans	haeckel_0007_cephalopods.png	turbo	444	75	model_off	38.439	84.865	0.7792	ImageMagick	75.0
art-scans	haeckel_0007_cephalopods.png	turbo	444	75	model_auto	38.303	83.869	0.8561	ImageMagick	75.0
art-scans	haeckel_0007_cephalopods.png	turbo	444	75	model_policy	38.532	85.256	0.8403	ImageMagick	75.0
art-scans	haeckel_0007_cephalopods.png	turbo	444	75	model_proj	38.545	85.346	0.7882	ImageMagick	75.0
art-scans	haeckel_0007_cephalopods.png	turbo	444	90	identity_off	41.948	89.487	0.5267	ImageMagick	90.0
art-scans	haeckel_0007_cephalopods.png	turbo	444	90	identity_auto	41.977	89.506	0.5512	ImageMagick	90.0
art-scans	haeckel_0007_cephalopods.png	turbo	444	90	model_off	42.187	88.840	0.5408	ImageMagick	90.0
art-scans	haeckel_0007_cephalopods.png	turbo	444	90	model_auto	41.798	88.167	0.6397	ImageMagick	90.0
art-scans	haeckel_0007_cephalopods.png	turbo	444	90	model_policy	42.281	89.712	0.5149	ImageMagick	90.0
art-scans	haeckel_0007_cephalopods.png	turbo	444	90	model_proj	42.316	89.654	0.5084	ImageMagick	90.0
art-scans	haeckel_0007_cephalopods.png	mozjpeg	420	15	identity_off	27.825	37.427	3.3416	Mozjpeg	15.0
art-scans	haeckel_0007_cephalopods.png	mozjpeg	420	15	identity_auto	28.172	38.923	3.2980	Mozjpeg	15.0
art-scans	haeckel_0007_cephalopods.png	mozjpeg	420	15	model_off	28.462	42.415	3.2320	Mozjpeg	15.0
art-scans	haeckel_0007_cephalopods.png	mozjpeg	420	15	model_auto	28.571	41.894	3.2413	Mozjpeg	15.0
art-scans	haeckel_0007_cephalopods.png	mozjpeg	420	15	model_policy	28.502	42.084	3.3446	Mozjpeg	15.0
art-scans	haeckel_0007_cephalopods.png	mozjpeg	420	15	model_proj	28.502	42.080	3.3446	Mozjpeg	15.0
art-scans	haeckel_0007_cephalopods.png	mozjpeg	420	35	identity_off	31.359	64.085	1.8816	Mozjpeg	35.0
art-scans	haeckel_0007_cephalopods.png	mozjpeg	420	35	identity_auto	31.599	64.613	1.8654	Mozjpeg	35.0
art-scans	haeckel_0007_cephalopods.png	mozjpeg	420	35	model_off	31.912	65.888	1.8406	Mozjpeg	35.0
art-scans	haeckel_0007_cephalopods.png	mozjpeg	420	35	model_auto	31.955	65.418	1.8666	Mozjpeg	35.0
art-scans	haeckel_0007_cephalopods.png	mozjpeg	420	35	model_policy	31.924	65.486	1.8381	Mozjpeg	35.0
art-scans	haeckel_0007_cephalopods.png	mozjpeg	420	35	model_proj	31.924	65.501	1.8380	Mozjpeg	35.0
art-scans	haeckel_0007_cephalopods.png	mozjpeg	420	55	identity_off	33.249	72.995	1.4654	Mozjpeg	55.0
art-scans	haeckel_0007_cephalopods.png	mozjpeg	420	55	identity_auto	33.422	73.220	1.4681	Mozjpeg	55.0
art-scans	haeckel_0007_cephalopods.png	mozjpeg	420	55	model_off	33.656	73.698	1.4517	Mozjpeg	55.0
art-scans	haeckel_0007_cephalopods.png	mozjpeg	420	55	model_auto	33.649	73.243	1.4971	Mozjpeg	55.0
art-scans	haeckel_0007_cephalopods.png	mozjpeg	420	55	model_policy	33.690	73.769	1.4369	Mozjpeg	55.0
art-scans	haeckel_0007_cephalopods.png	mozjpeg	420	55	model_proj	33.691	73.821	1.4363	Mozjpeg	55.0
art-scans	haeckel_0007_cephalopods.png	mozjpeg	420	75	identity_off	35.451	80.435	1.1200	Mozjpeg	75.0
art-scans	haeckel_0007_cephalopods.png	mozjpeg	420	75	identity_auto	35.557	80.530	1.1112	Mozjpeg	75.0
art-scans	haeckel_0007_cephalopods.png	mozjpeg	420	75	model_off	35.632	80.364	1.1276	Mozjpeg	75.0
art-scans	haeckel_0007_cephalopods.png	mozjpeg	420	75	model_auto	35.543	79.680	1.1530	Mozjpeg	75.0
art-scans	haeckel_0007_cephalopods.png	mozjpeg	420	75	model_policy	35.721	80.672	1.0953	Mozjpeg	75.0
art-scans	haeckel_0007_cephalopods.png	mozjpeg	420	75	model_proj	35.738	80.784	1.0733	Mozjpeg	75.0
art-scans	haeckel_0007_cephalopods.png	mozjpeg	420	90	identity_off	38.521	86.254	0.8873	Mozjpeg	90.0
art-scans	haeckel_0007_cephalopods.png	mozjpeg	420	90	identity_auto	38.508	86.127	0.9161	Mozjpeg	90.0
art-scans	haeckel_0007_cephalopods.png	mozjpeg	420	90	model_off	38.298	85.433	0.9151	Mozjpeg	90.0
art-scans	haeckel_0007_cephalopods.png	mozjpeg	420	90	model_auto	38.061	84.997	0.9615	Mozjpeg	90.0
art-scans	haeckel_0007_cephalopods.png	mozjpeg	420	90	model_policy	38.551	86.199	0.8755	Mozjpeg	90.0
art-scans	haeckel_0007_cephalopods.png	mozjpeg	420	90	model_proj	38.740	86.635	0.7567	Mozjpeg	90.0
art-scans	haeckel_0007_cephalopods.png	mozjpeg	444	15	identity_off	28.773	43.688	3.1117	Mozjpeg	15.0
art-scans	haeckel_0007_cephalopods.png	mozjpeg	444	15	identity_auto	29.379	45.922	3.0289	Mozjpeg	15.0
art-scans	haeckel_0007_cephalopods.png	mozjpeg	444	15	model_off	29.555	48.493	2.9774	Mozjpeg	15.0
art-scans	haeckel_0007_cephalopods.png	mozjpeg	444	15	model_auto	29.782	48.130	2.9645	Mozjpeg	15.0
art-scans	haeckel_0007_cephalopods.png	mozjpeg	444	15	model_policy	29.585	47.609	3.2040	Mozjpeg	15.0
art-scans	haeckel_0007_cephalopods.png	mozjpeg	444	15	model_proj	29.586	47.727	3.1540	Mozjpeg	15.0
art-scans	haeckel_0007_cephalopods.png	mozjpeg	444	35	identity_off	32.857	69.148	1.6930	Mozjpeg	35.0
art-scans	haeckel_0007_cephalopods.png	mozjpeg	444	35	identity_auto	33.369	70.052	1.6326	Mozjpeg	35.0
art-scans	haeckel_0007_cephalopods.png	mozjpeg	444	35	model_off	33.549	70.573	1.5968	Mozjpeg	35.0
art-scans	haeckel_0007_cephalopods.png	mozjpeg	444	35	model_auto	33.665	70.198	1.6099	Mozjpeg	35.0
art-scans	haeckel_0007_cephalopods.png	mozjpeg	444	35	model_policy	33.570	70.587	1.6096	Mozjpeg	35.0
art-scans	haeckel_0007_cephalopods.png	mozjpeg	444	35	model_proj	33.573	70.597	1.6092	Mozjpeg	35.0
art-scans	haeckel_0007_cephalopods.png	mozjpeg	444	55	identity_off	35.075	76.757	1.2611	Mozjpeg	55.0
art-scans	haeckel_0007_cephalopods.png	mozjpeg	444	55	identity_auto	35.493	77.373	1.2212	Mozjpeg	55.0
art-scans	haeckel_0007_cephalopods.png	mozjpeg	444	55	model_off	35.611	77.445	1.1948	Mozjpeg	55.0
art-scans	haeckel_0007_cephalopods.png	mozjpeg	444	55	model_auto	35.610	76.748	1.2318	Mozjpeg	55.0
art-scans	haeckel_0007_cephalopods.png	mozjpeg	444	55	model_policy	35.668	77.557	1.1949	Mozjpeg	55.0
art-scans	haeckel_0007_cephalopods.png	mozjpeg	444	55	model_proj	35.678	77.636	1.1944	Mozjpeg	55.0
art-scans	haeckel_0007_cephalopods.png	mozjpeg	444	75	identity_off	37.724	83.287	0.8942	Mozjpeg	75.0
art-scans	haeckel_0007_cephalopods.png	mozjpeg	444	75	identity_auto	38.035	83.787	0.8656	Mozjpeg	75.0
art-scans	haeckel_0007_cephalopods.png	mozjpeg	444	75	model_off	38.015	83.185	0.8513	Mozjpeg	75.0
art-scans	haeckel_0007_cephalopods.png	mozjpeg	444	75	model_auto	37.836	82.271	0.9178	Mozjpeg	75.0
art-scans	haeckel_0007_cephalopods.png	mozjpeg	444	75	model_policy	38.156	83.776	0.8402	Mozjpeg	75.0
art-scans	haeckel_0007_cephalopods.png	mozjpeg	444	75	model_proj	38.178	83.793	0.8391	Mozjpeg	75.0
art-scans	haeckel_0007_cephalopods.png	mozjpeg	444	90	identity_off	42.011	88.810	0.5735	Mozjpeg	90.0
art-scans	haeckel_0007_cephalopods.png	mozjpeg	444	90	identity_auto	42.038	88.868	0.5910	Mozjpeg	90.0
art-scans	haeckel_0007_cephalopods.png	mozjpeg	444	90	model_off	41.733	88.007	0.6280	Mozjpeg	90.0
art-scans	haeckel_0007_cephalopods.png	mozjpeg	444	90	model_auto	41.191	87.001	0.7124	Mozjpeg	90.0
art-scans	haeckel_0007_cephalopods.png	mozjpeg	444	90	model_policy	42.119	88.675	0.5913	Mozjpeg	90.0
art-scans	haeckel_0007_cephalopods.png	mozjpeg	444	90	model_proj	42.177	88.870	0.5651	Mozjpeg	90.0
art-scans	haeckel_0007_cephalopods.png	jpegli	420	15	identity_off	29.486	57.134	2.3168	CjpegliYcbcr	14.2
art-scans	haeckel_0007_cephalopods.png	jpegli	420	15	identity_auto	29.810	57.492	2.3005	CjpegliYcbcr	14.2
art-scans	haeckel_0007_cephalopods.png	jpegli	420	15	model_off	30.091	59.541	2.2565	CjpegliYcbcr	14.2
art-scans	haeckel_0007_cephalopods.png	jpegli	420	15	model_auto	30.194	58.758	2.2879	CjpegliYcbcr	14.2
art-scans	haeckel_0007_cephalopods.png	jpegli	420	15	model_policy	30.136	59.028	2.2351	CjpegliYcbcr	14.2
art-scans	haeckel_0007_cephalopods.png	jpegli	420	15	model_proj	30.136	59.048	2.2351	CjpegliYcbcr	14.2
art-scans	haeckel_0007_cephalopods.png	jpegli	420	35	identity_off	31.761	70.286	1.5999	CjpegliYcbcr	7.2
art-scans	haeckel_0007_cephalopods.png	jpegli	420	35	identity_auto	31.999	70.557	1.5666	CjpegliYcbcr	7.2
art-scans	haeckel_0007_cephalopods.png	jpegli	420	35	model_off	32.261	71.339	1.5542	CjpegliYcbcr	7.2
art-scans	haeckel_0007_cephalopods.png	jpegli	420	35	model_auto	32.302	70.905	1.5897	CjpegliYcbcr	7.2
art-scans	haeckel_0007_cephalopods.png	jpegli	420	35	model_policy	32.285	71.226	1.5515	CjpegliYcbcr	7.2
art-scans	haeckel_0007_cephalopods.png	jpegli	420	35	model_proj	32.287	71.303	1.5484	CjpegliYcbcr	7.2
art-scans	haeckel_0007_cephalopods.png	jpegli	420	55	identity_off	33.056	75.019	1.3540	CjpegliYcbcr	5.2
art-scans	haeckel_0007_cephalopods.png	jpegli	420	55	identity_auto	33.230	75.339	1.3461	CjpegliYcbcr	5.2
art-scans	haeckel_0007_cephalopods.png	jpegli	420	55	model_off	33.468	75.504	1.3165	CjpegliYcbcr	5.2
art-scans	haeckel_0007_cephalopods.png	jpegli	420	55	model_auto	33.471	74.856	1.3644	CjpegliYcbcr	5.2
art-scans	haeckel_0007_cephalopods.png	jpegli	420	55	model_policy	33.500	75.481	1.3011	CjpegliYcbcr	5.2
art-scans	haeckel_0007_cephalopods.png	jpegli	420	55	model_proj	33.507	75.603	1.2812	CjpegliYcbcr	5.2
art-scans	haeckel_0007_cephalopods.png	jpegli	420	75	identity_off	35.137	80.444	1.0858	CjpegliYcbcr	3.0
art-scans	haeckel_0007_cephalopods.png	jpegli	420	75	identity_auto	35.231	80.721	1.0952	CjpegliYcbcr	3.0
art-scans	haeckel_0007_cephalopods.png	jpegli	420	75	model_off	35.334	80.584	1.0845	CjpegliYcbcr	3.0
art-scans	haeckel_0007_cephalopods.png	jpegli	420	75	model_auto	35.279	80.141	1.1226	CjpegliYcbcr	3.0
art-scans	haeckel_0007_cephalopods.png	jpegli	420	75	model_policy	35.399	80.925	1.0503	CjpegliYcbcr	3.0
art-scans	haeckel_0007_cephalopods.png	jpegli	420	75	model_proj	35.437	81.115	0.9816	CjpegliYcbcr	3.0
art-scans	haeckel_0007_cephalopods.png	jpegli	420	90	identity_off	38.188	85.816	0.8607	CjpegliYcbcr	1.3
art-scans	haeckel_0007_cephalopods.png	jpegli	420	90	identity_auto	38.188	85.845	0.8900	CjpegliYcbcr	1.3
art-scans	haeckel_0007_cephalopods.png	jpegli	420	90	model_off	38.014	85.450	0.8841	CjpegliYcbcr	1.3
art-scans	haeckel_0007_cephalopods.png	jpegli	420	90	model_auto	37.822	84.672	0.9320	CjpegliYcbcr	1.3
art-scans	haeckel_0007_cephalopods.png	jpegli	420	90	model_policy	38.249	85.974	0.8473	CjpegliYcbcr	1.3
art-scans	haeckel_0007_cephalopods.png	jpegli	420	90	model_proj	38.465	86.532	0.7023	CjpegliYcbcr	1.3
art-scans	haeckel_0007_cephalopods.png	jpegli	444	15	identity_off	29.711	57.688	2.3596	CjpegliYcbcr	11.8
art-scans	haeckel_0007_cephalopods.png	jpegli	444	15	identity_auto	30.199	59.633	2.3286	CjpegliYcbcr	11.8
art-scans	haeckel_0007_cephalopods.png	jpegli	444	15	model_off	30.591	61.630	2.0954	CjpegliYcbcr	11.8
art-scans	haeckel_0007_cephalopods.png	jpegli	444	15	model_auto	30.738	61.110	2.1667	CjpegliYcbcr	11.8
art-scans	haeckel_0007_cephalopods.png	jpegli	444	15	model_policy	30.585	60.525	2.2648	CjpegliYcbcr	11.8
art-scans	haeckel_0007_cephalopods.png	jpegli	444	15	model_proj	30.586	60.697	2.2631	CjpegliYcbcr	11.8
art-scans	haeckel_0007_cephalopods.png	jpegli	444	35	identity_off	32.497	72.976	1.4589	CjpegliYcbcr	6.0
art-scans	haeckel_0007_cephalopods.png	jpegli	444	35	identity_auto	32.916	73.703	1.4316	CjpegliYcbcr	6.0
art-scans	haeckel_0007_cephalopods.png	jpegli	444	35	model_off	33.262	73.764	1.3622	CjpegliYcbcr	6.0
art-scans	haeckel_0007_cephalopods.png	jpegli	444	35	model_auto	33.337	73.159	1.4120	CjpegliYcbcr	6.0
art-scans	haeckel_0007_cephalopods.png	jpegli	444	35	model_policy	33.291	73.669	1.3650	CjpegliYcbcr	6.0
art-scans	haeckel_0007_cephalopods.png	jpegli	444	35	model_proj	33.292	73.808	1.3631	CjpegliYcbcr	6.0
art-scans	haeckel_0007_cephalopods.png	jpegli	444	55	identity_off	33.883	77.089	1.2168	CjpegliYcbcr	4.1
art-scans	haeckel_0007_cephalopods.png	jpegli	444	55	identity_auto	34.245	77.821	1.2067	CjpegliYcbcr	4.1
art-scans	haeckel_0007_cephalopods.png	jpegli	444	55	model_off	34.558	77.720	1.1447	CjpegliYcbcr	4.1
art-scans	haeckel_0007_cephalopods.png	jpegli	444	55	model_auto	34.589	77.274	1.1991	CjpegliYcbcr	4.1
art-scans	haeckel_0007_cephalopods.png	jpegli	444	55	model_policy	34.597	77.820	1.1585	CjpegliYcbcr	4.1
art-scans	haeckel_0007_cephalopods.png	jpegli	444	55	model_proj	34.599	77.854	1.1542	CjpegliYcbcr	4.1
art-scans	haeckel_0007_cephalopods.png	jpegli	444	75	identity_off	36.066	82.580	0.8720	CjpegliYcbcr	2.3
art-scans	haeckel_0007_cephalopods.png	jpegli	444	75	identity_auto	36.364	83.231	0.8715	CjpegliYcbcr	2.3
art-scans	haeckel_0007_cephalopods.png	jpegli	444	75	model_off	36.607	82.809	0.8248	CjpegliYcbcr	2.3
art-scans	haeckel_0007_cephalopods.png	jpegli	444	75	model_auto	36.559	82.195	0.9128	CjpegliYcbcr	2.3
art-scans	haeckel_0007_cephalopods.png	jpegli	444	75	model_policy	36.692	83.085	0.8567	CjpegliYcbcr	2.3
art-scans	haeckel_0007_cephalopods.png	jpegli	444	75	model_proj	36.697	83.148	0.8435	CjpegliYcbcr	2.3
art-scans	haeckel_0007_cephalopods.png	jpegli	444	90	identity_off	39.806	88.100	0.5654	CjpegliYcbcr	1.1
art-scans	haeckel_0007_cephalopods.png	jpegli	444	90	identity_auto	39.927	88.337	0.5861	CjpegliYcbcr	1.1
art-scans	haeckel_0007_cephalopods.png	jpegli	444	90	model_off	40.078	87.603	0.5910	CjpegliYcbcr	1.1
art-scans	haeckel_0007_cephalopods.png	jpegli	444	90	model_auto	39.767	86.745	0.6903	CjpegliYcbcr	1.1
art-scans	haeckel_0007_cephalopods.png	jpegli	444	90	model_policy	40.207	88.242	0.5673	CjpegliYcbcr	1.1
art-scans	haeckel_0007_cephalopods.png	jpegli	444	90	model_proj	40.234	88.478	0.5330	CjpegliYcbcr	1.1
art-scans	haeckel_0007_cephalopods.png	zenjpeg	420	15	identity_off	29.463	56.962	2.3258	CjpegliYcbcr	14.2
art-scans	haeckel_0007_cephalopods.png	zenjpeg	420	15	identity_auto	29.786	57.355	2.3086	CjpegliYcbcr	14.2
art-scans	haeckel_0007_cephalopods.png	zenjpeg	420	15	model_off	30.067	59.333	2.2633	CjpegliYcbcr	14.2
art-scans	haeckel_0007_cephalopods.png	zenjpeg	420	15	model_auto	30.170	58.479	2.2935	CjpegliYcbcr	14.2
art-scans	haeckel_0007_cephalopods.png	zenjpeg	420	15	model_policy	30.115	58.905	2.2396	CjpegliYcbcr	14.2
art-scans	haeckel_0007_cephalopods.png	zenjpeg	420	15	model_proj	30.115	58.888	2.2396	CjpegliYcbcr	14.2
art-scans	haeckel_0007_cephalopods.png	zenjpeg	420	35	identity_off	31.743	70.167	1.6093	CjpegliYcbcr	7.2
art-scans	haeckel_0007_cephalopods.png	zenjpeg	420	35	identity_auto	31.980	70.468	1.5774	CjpegliYcbcr	7.2
art-scans	haeckel_0007_cephalopods.png	zenjpeg	420	35	model_off	32.241	71.219	1.5690	CjpegliYcbcr	7.2
art-scans	haeckel_0007_cephalopods.png	zenjpeg	420	35	model_auto	32.283	70.730	1.5981	CjpegliYcbcr	7.2
art-scans	haeckel_0007_cephalopods.png	zenjpeg	420	35	model_policy	32.263	71.065	1.5666	CjpegliYcbcr	7.2
art-scans	haeckel_0007_cephalopods.png	zenjpeg	420	35	model_proj	32.266	71.130	1.5621	CjpegliYcbcr	7.2
art-scans	haeckel_0007_cephalopods.png	zenjpeg	420	55	identity_off	33.006	74.794	1.3731	CjpegliYcbcr	5.2
art-scans	haeckel_0007_cephalopods.png	zenjpeg	420	55	identity_auto	33.181	75.129	1.3631	CjpegliYcbcr	5.2
art-scans	haeckel_0007_cephalopods.png	zenjpeg	420	55	model_off	33.429	75.434	1.3180	CjpegliYcbcr	5.2
art-scans	haeckel_0007_cephalopods.png	zenjpeg	420	55	model_auto	33.432	74.827	1.3681	CjpegliYcbcr	5.2
art-scans	haeckel_0007_cephalopods.png	zenjpeg	420	55	model_policy	33.461	75.306	1.3067	CjpegliYcbcr	5.2
art-scans	haeckel_0007_cephalopods.png	zenjpeg	420	55	model_proj	33.469	75.428	1.2881	CjpegliYcbcr	5.2
art-scans	haeckel_0007_cephalopods.png	zenjpeg	420	75	identity_off	35.106	80.337	1.0899	CjpegliYcbcr	3.0
art-scans	haeckel_0007_cephalopods.png	zenjpeg	420	75	identity_auto	35.203	80.517	1.0982	CjpegliYcbcr	3.0
art-scans	haeckel_0007_cephalopods.png	zenjpeg	420	75	model_off	35.307	80.422	1.0893	CjpegliYcbcr	3.0
art-scans	haeckel_0007_cephalopods.png	zenjpeg	420	75	model_auto	35.254	79.953	1.1267	CjpegliYcbcr	3.0
art-scans	haeckel_0007_cephalopods.png	zenjpeg	420	75	model_policy	35.373	80.713	1.0607	CjpegliYcbcr	3.0
art-scans	haeckel_0007_cephalopods.png	zenjpeg	420	75	model_proj	35.411	80.931	0.9910	CjpegliYcbcr	3.0
art-scans	haeckel_0007_cephalopods.png	zenjpeg	420	90	identity_off	38.143	85.909	0.8677	CjpegliYcbcr	1.3
art-scans	haeckel_0007_cephalopods.png	zenjpeg	420	90	identity_auto	38.145	86.095	0.8958	CjpegliYcbcr	1.3
art-scans	haeckel_0007_cephalopods.png	zenjpeg	420	90	model_off	37.976	85.491	0.8899	CjpegliYcbcr	1.3
art-scans	haeckel_0007_cephalopods.png	zenjpeg	420	90	model_auto	37.783	84.782	0.9403	CjpegliYcbcr	1.3
art-scans	haeckel_0007_cephalopods.png	zenjpeg	420	90	model_policy	38.207	86.059	0.8520	CjpegliYcbcr	1.3
art-scans	haeckel_0007_cephalopods.png	zenjpeg	420	90	model_proj	38.418	86.612	0.7106	CjpegliYcbcr	1.3
art-scans	haeckel_0007_cephalopods.png	zenjpeg	444	15	identity_off	29.692	57.488	2.3079	CjpegliYcbcr	11.8
art-scans	haeckel_0007_cephalopods.png	zenjpeg	444	15	identity_auto	30.179	59.599	2.2767	CjpegliYcbcr	11.8
art-scans	haeckel_0007_cephalopods.png	zenjpeg	444	15	model_off	30.584	61.622	2.0540	CjpegliYcbcr	11.8
art-scans	haeckel_0007_cephalopods.png	zenjpeg	444	15	model_auto	30.730	61.097	2.1193	CjpegliYcbcr	11.8
art-scans	haeckel_0007_cephalopods.png	zenjpeg	444	15	model_policy	30.579	60.612	2.2091	CjpegliYcbcr	11.8
art-scans	haeckel_0007_cephalopods.png	zenjpeg	444	15	model_proj	30.580	60.702	2.2075	CjpegliYcbcr	11.8
art-scans	haeckel_0007_cephalopods.png	zenjpeg	444	35	identity_off	32.469	72.980	1.4384	CjpegliYcbcr	6.0
art-scans	haeckel_0007_cephalopods.png	zenjpeg	444	35	identity_auto	32.887	73.857	1.4096	CjpegliYcbcr	6.0
art-scans	haeckel_0007_cephalopods.png	zenjpeg	444	35	model_off	33.232	73.805	1.3525	CjpegliYcbcr	6.0
art-scans	haeckel_0007_cephalopods.png	zenjpeg	444	35	model_auto	33.308	73.238	1.3991	CjpegliYcbcr	6.0
art-scans	haeckel_0007_cephalopods.png	zenjpeg	444	35	model_policy	33.260	73.714	1.3540	CjpegliYcbcr	6.0
art-scans	haeckel_0007_cephalopods.png	zenjpeg	444	35	model_proj	33.262	73.774	1.3520	CjpegliYcbcr	6.0
art-scans	haeckel_0007_cephalopods.png	zenjpeg	444	55	identity_off	33.851	77.149	1.1871	CjpegliYcbcr	4.1
art-scans	haeckel_0007_cephalopods.png	zenjpeg	444	55	identity_auto	34.214	77.935	1.1720	CjpegliYcbcr	4.1
art-scans	haeckel_0007_cephalopods.png	zenjpeg	444	55	model_off	34.528	77.694	1.1103	CjpegliYcbcr	4.1
art-scans	haeckel_0007_cephalopods.png	zenjpeg	444	55	model_auto	34.559	77.221	1.1684	CjpegliYcbcr	4.1
art-scans	haeckel_0007_cephalopods.png	zenjpeg	444	55	model_policy	34.567	77.922	1.1238	CjpegliYcbcr	4.1
art-scans	haeckel_0007_cephalopods.png	zenjpeg	444	55	model_proj	34.569	77.972	1.1191	CjpegliYcbcr	4.1
art-scans	haeckel_0007_cephalopods.png	zenjpeg	444	75	identity_off	36.044	82.405	0.8553	CjpegliYcbcr	2.3
art-scans	haeckel_0007_cephalopods.png	zenjpeg	444	75	identity_auto	36.341	82.844	0.8513	CjpegliYcbcr	2.3
art-scans	haeckel_0007_cephalopods.png	zenjpeg	444	75	model_off	36.588	82.644	0.8228	CjpegliYcbcr	2.3
art-scans	haeckel_0007_cephalopods.png	zenjpeg	444	75	model_auto	36.544	82.143	0.8933	CjpegliYcbcr	2.3
art-scans	haeckel_0007_cephalopods.png	zenjpeg	444	75	model_policy	36.667	82.968	0.8489	CjpegliYcbcr	2.3
art-scans	haeckel_0007_cephalopods.png	zenjpeg	444	75	model_proj	36.672	82.925	0.8334	CjpegliYcbcr	2.3
art-scans	haeckel_0007_cephalopods.png	zenjpeg	444	90	identity_off	39.748	87.944	0.5449	CjpegliYcbcr	1.1
art-scans	haeckel_0007_cephalopods.png	zenjpeg	444	90	identity_auto	39.859	88.098	0.5673	CjpegliYcbcr	1.1
art-scans	haeckel_0007_cephalopods.png	zenjpeg	444	90	model_off	40.035	87.539	0.5767	CjpegliYcbcr	1.1
art-scans	haeckel_0007_cephalopods.png	zenjpeg	444	90	model_auto	39.729	86.677	0.6775	CjpegliYcbcr	1.1
art-scans	haeckel_0007_cephalopods.png	zenjpeg	444	90	model_policy	40.148	88.102	0.5498	CjpegliYcbcr	1.1
art-scans	haeckel_0007_cephalopods.png	zenjpeg	444	90	model_proj	40.175	88.276	0.5319	CjpegliYcbcr	1.1
art-scans	haeckel_0034_radiolaria-green.png	turbo	420	15	identity_off	23.650	40.502	3.4411	Unknown	15.0
art-scans	haeckel_0034_radiolaria-green.png	turbo	420	15	identity_auto	23.865	37.619	3.3996	Unknown	15.0
art-scans	haeckel_0034_radiolaria-green.png	turbo	420	15	model_off	24.452	44.116	3.2087	Unknown	15.0
art-scans	haeckel_0034_radiolaria-green.png	turbo	420	15	model_auto	24.496	40.913	3.2363	Unknown	15.0
art-scans	haeckel_0034_radiolaria-green.png	turbo	420	15	model_policy	24.688	45.054	3.1470	Unknown	15.0
art-scans	haeckel_0034_radiolaria-green.png	turbo	420	15	model_proj	24.688	45.058	3.1470	Unknown	15.0
art-scans	haeckel_0034_radiolaria-green.png	turbo	420	35	identity_off	26.245	63.741	2.2122	ImageMagick	35.0
art-scans	haeckel_0034_radiolaria-green.png	turbo	420	35	identity_auto	26.385	62.334	2.2172	ImageMagick	35.0
art-scans	haeckel_0034_radiolaria-green.png	turbo	420	35	model_off	26.998	65.751	2.0752	ImageMagick	35.0
art-scans	haeckel_0034_radiolaria-green.png	turbo	420	35	model_auto	27.040	64.243	2.0907	ImageMagick	35.0
art-scans	haeckel_0034_radiolaria-green.png	turbo	420	35	model_policy	27.214	66.246	2.0729	ImageMagick	35.0
art-scans	haeckel_0034_radiolaria-green.png	turbo	420	35	model_proj	27.215	66.253	2.0728	ImageMagick	35.0
art-scans	haeckel_0034_radiolaria-green.png	turbo	420	55	identity_off	27.678	71.062	1.8060	ImageMagick	55.0
art-scans	haeckel_0034_radiolaria-green.png	turbo	420	55	identity_auto	27.790	70.054	1.8137	ImageMagick	55.0
art-scans	haeckel_0034_radiolaria-green.png	turbo	420	55	model_off	28.345	72.315	1.7434	ImageMagick	55.0
art-scans	haeckel_0034_radiolaria-green.png	turbo	420	55	model_auto	28.372	71.208	1.7470	ImageMagick	55.0
art-scans	haeckel_0034_radiolaria-green.png	turbo	420	55	model_policy	28.529	72.677	1.7456	ImageMagick	55.0
art-scans	haeckel_0034_radiolaria-green.png	turbo	420	55	model_proj	28.535	72.700	1.7451	ImageMagick	55.0
art-scans	haeckel_0034_radiolaria-green.png	turbo	420	75	identity_off	29.636	77.978	1.3394	ImageMagick	75.0
art-scans	haeckel_0034_radiolaria-green.png	turbo	420	75	identity_auto	29.703	77.429	1.3299	ImageMagick	75.0
art-scans	haeckel_0034_radiolaria-green.png	turbo	420	75	model_off	30.113	78.593	1.3084	ImageMagick	75.0
art-scans	haeckel_0034_radiolaria-green.png	turbo	420	75	model_auto	30.069	77.722	1.3240	ImageMagick	75.0
art-scans	haeckel_0034_radiolaria-green.png	turbo	420	75	model_policy	30.240	78.765	1.3025	ImageMagick	75.0
art-scans	haeckel_0034_radiolaria-green.png	turbo	420	75	model_proj	30.277	78.885	1.2965	ImageMagick	75.0
art-scans	haeckel_0034_radiolaria-green.png	turbo	420	90	identity_off	32.426	85.108	0.8671	ImageMagick	90.0
art-scans	haeckel_0034_radiolaria-green.png	turbo	420	90	identity_auto	32.442	84.924	0.9029	ImageMagick	90.0
art-scans	haeckel_0034_radiolaria-green.png	turbo	420	90	model_off	32.427	84.797	0.8945	ImageMagick	90.0
art-scans	haeckel_0034_radiolaria-green.png	turbo	420	90	model_auto	32.245	83.810	1.0083	ImageMagick	90.0
art-scans	haeckel_0034_radiolaria-green.png	turbo	420	90	model_policy	32.604	85.284	0.8501	ImageMagick	90.0
art-scans	haeckel_0034_radiolaria-green.png	turbo	420	90	model_proj	32.948	85.853	0.8267	ImageMagick	90.0
art-scans	haeckel_0034_radiolaria-green.png	turbo	444	15	identity_off	26.395	56.106	2.4801	Unknown	15.0
art-scans	haeckel_0034_radiolaria-green.png	turbo	444	15	identity_auto	27.204	55.534	2.3845	Unknown	15.0
art-scans	haeckel_0034_radiolaria-green.png	turbo	444	15	model_off	27.484	59.181	2.3848	Unknown	15.0
art-scans	haeckel_0034_radiolaria-green.png	turbo	444	15	model_auto	27.755	57.318	2.3708	Unknown	15.0
art-scans	haeckel_0034_radiolaria-green.png	turbo	444	15	model_policy	27.515	59.188	2.3979	Unknown	15.0
art-scans	haeckel_0034_radiolaria-green.png	turbo	444	15	model_proj	27.516	59.194	2.3978	Unknown	15.0
art-scans	haeckel_0034_radiolaria-green.png	turbo	444	35	identity_off	30.112	76.311	1.3260	ImageMagick	35.0
art-scans	haeckel_0034_radiolaria-green.png	turbo	444	35	identity_auto	30.692	75.908	1.2950	ImageMagick	35.0
art-scans	haeckel_0034_radiolaria-green.png	turbo	444	35	model_off	31.007	77.572	1.2871	ImageMagick	35.0
art-scans	haeckel_0034_radiolaria-green.png	turbo	444	35	model_auto	30.976	75.758	1.4284	ImageMagick	35.0
art-scans	haeckel_0034_radiolaria-green.png	turbo	444	35	model_policy	30.969	77.362	1.3031	ImageMagick	35.0
art-scans	haeckel_0034_radiolaria-green.png	turbo	444	35	model_proj	30.974	77.395	1.2988	ImageMagick	35.0
art-scans	haeckel_0034_radiolaria-green.png	turbo	444	55	identity_off	32.007	82.374	1.0122	ImageMagick	55.0
art-scans	haeckel_0034_radiolaria-green.png	turbo	444	55	identity_auto	32.459	82.094	1.0070	ImageMagick	55.0
art-scans	haeckel_0034_radiolaria-green.png	turbo	444	55	model_off	32.733	82.947	1.0107	ImageMagick	55.0
art-scans	haeckel_0034_radiolaria-green.png	turbo	444	55	model_auto	32.496	80.968	1.2095	ImageMagick	55.0
art-scans	haeckel_0034_radiolaria-green.png	turbo	444	55	model_policy	32.648	82.757	1.0019	ImageMagick	55.0
art-scans	haeckel_0034_radiolaria-green.png	turbo	444	55	model_proj	32.674	82.880	0.9942	ImageMagick	55.0
art-scans	haeckel_0034_radiolaria-green.png	turbo	444	75	identity_off	34.223	87.054	0.7229	ImageMagick	75.0
art-scans	haeckel_0034_radiolaria-green.png	turbo	444	75	identity_auto	34.541	86.948	0.7076	ImageMagick	75.0
art-scans	haeckel_0034_radiolaria-green.png	turbo	444	75	model_off	34.703	86.839	0.7521	ImageMagick	75.0
art-scans	haeckel_0034_radiolaria-green.png	turbo	444	75	model_auto	34.234	84.680	0.9697	ImageMagick	75.0
art-scans	haeckel_0034_radiolaria-green.png	turbo	444	75	model_policy	34.612	86.844	0.7151	ImageMagick	75.0
art-scans	haeckel_0034_radiolaria-green.png	turbo	444	75	model_proj	34.687	87.140	0.7054	ImageMagick	75.0
art-scans	haeckel_0034_radiolaria-green.png	turbo	444	90	identity_off	37.975	92.088	0.4414	ImageMagick	90.0
art-scans	haeckel_0034_radiolaria-green.png	turbo	444	90	identity_auto	38.064	92.093	0.4598	ImageMagick	90.0
art-scans	haeckel_0034_radiolaria-green.png	turbo	444	90	model_off	37.768	90.438	0.5435	ImageMagick	90.0
art-scans	haeckel_0034_radiolaria-green.png	turbo	444	90	model_auto	36.680	87.482	0.8707	ImageMagick	90.0
art-scans	haeckel_0034_radiolaria-green.png	turbo	444	90	model_policy	37.946	90.853	0.4603	ImageMagick	90.0
art-scans	haeckel_0034_radiolaria-green.png	turbo	444	90	model_proj	38.135	91.908	0.4503	ImageMagick	90.0
art-scans	haeckel_0034_radiolaria-green.png	mozjpeg	420	15	identity_off	23.773	39.304	3.7055	Mozjpeg	15.0
art-scans	haeckel_0034_radiolaria-green.png	mozjpeg	420	15	identity_auto	24.187	35.835	3.6547	Mozjpeg	15.0
art-scans	haeckel_0034_radiolaria-green.png	mozjpeg	420	15	model_off	24.735	42.710	3.4805	Mozjpeg	15.0
art-scans	haeckel_0034_radiolaria-green.png	mozjpeg	420	15	model_auto	24.835	38.995	3.4819	Mozjpeg	15.0
art-scans	haeckel_0034_radiolaria-green.png	mozjpeg	420	15	model_policy	24.928	43.364	3.4543	Mozjpeg	15.0
art-scans	haeckel_0034_radiolaria-green.png	mozjpeg	420	15	model_proj	24.928	43.364	3.4543	Mozjpeg	15.0
art-scans	haeckel_0034_radiolaria-green.png	mozjpeg	420	35	identity_off	27.097	65.329	2.0317	Mozjpeg	35.0
art-scans	haeckel_0034_radiolaria-green.png	mozjpeg	420	35	identity_auto	27.392	63.993	2.0203	Mozjpeg	35.0
art-scans	haeckel_0034_radiolaria-green.png	mozjpeg	420	35	model_off	27.819	66.734	1.9757	Mozjpeg	35.0
art-scans	haeckel_0034_radiolaria-green.png	mozjpeg	420	35	model_auto	27.845	65.105	1.9733	Mozjpeg	35.0
art-scans	haeckel_0034_radiolaria-green.png	mozjpeg	420	35	model_policy	27.986	66.820	1.9707	Mozjpeg	35.0
art-scans	haeckel_0034_radiolaria-green.png	mozjpeg	420	35	model_proj	27.987	66.816	1.9707	Mozjpeg	35.0
art-scans	haeckel_0034_radiolaria-green.png	mozjpeg	420	55	identity_off	28.792	73.886	1.5625	Mozjpeg	55.0
art-scans	haeckel_0034_radiolaria-green.png	mozjpeg	420	55	identity_auto	29.002	72.998	1.5667	Mozjpeg	55.0
art-scans	haeckel_0034_radiolaria-green.png	mozjpeg	420	55	model_off	29.290	74.566	1.5242	Mozjpeg	55.0
art-scans	haeckel_0034_radiolaria-green.png	mozjpeg	420	55	model_auto	29.238	73.233	1.5616	Mozjpeg	55.0
art-scans	haeckel_0034_radiolaria-green.png	mozjpeg	420	55	model_policy	29.472	74.630	1.5367	Mozjpeg	55.0
art-scans	haeckel_0034_radiolaria-green.png	mozjpeg	420	55	model_proj	29.486	74.641	1.5355	Mozjpeg	55.0
art-scans	haeckel_0034_radiolaria-green.png	mozjpeg	420	75	identity_off	30.643	80.294	1.1669	Mozjpeg	75.0
art-scans	haeckel_0034_radiolaria-green.png	mozjpeg	420	75	identity_auto	30.759	79.779	1.1581	Mozjpeg	75.0
art-scans	haeckel_0034_radiolaria-green.png	mozjpeg	420	75	model_off	30.819	80.099	1.1921	Mozjpeg	75.0
art-scans	haeckel_0034_radiolaria-green.png	mozjpeg	420	75	model_auto	30.669	78.823	1.2797	Mozjpeg	75.0
art-scans	haeckel_0034_radiolaria-green.png	mozjpeg	420	75	model_policy	31.037	80.242	1.1773	Mozjpeg	75.0
art-scans	haeckel_0034_radiolaria-green.png	mozjpeg	420	75	model_proj	31.141	80.426	1.1662	Mozjpeg	75.0
art-scans	haeckel_0034_radiolaria-green.png	mozjpeg	420	90	identity_off	32.771	85.967	0.8121	Mozjpeg	90.0
art-scans	haeckel_0034_radiolaria-green.png	mozjpeg	420	90	identity_auto	32.794	85.787	0.8545	Mozjpeg	90.0
art-scans	haeckel_0034_radiolaria-green.png	mozjpeg	420	90	model_off	32.517	85.015	0.8892	Mozjpeg	90.0
art-scans	haeckel_0034_radiolaria-green.png	mozjpeg	420	90	model_auto	32.238	83.643	1.0362	Mozjpeg	90.0
art-scans	haeckel_0034_radiolaria-green.png	mozjpeg	420	90	model_policy	32.879	85.758	0.8214	Mozjpeg	90.0
art-scans	haeckel_0034_radiolaria-green.png	mozjpeg	420	90	model_proj	33.576	86.777	0.7690	Mozjpeg	90.0
art-scans	haeckel_0034_radiolaria-green.png	mozjpeg	444	15	identity_off	25.715	49.095	3.1266	Mozjpeg	15.0
art-scans	haeckel_0034_radiolaria-green.png	mozjpeg	444	15	identity_auto	26.548	47.672	3.0524	Mozjpeg	15.0
art-scans	haeckel_0034_radiolaria-green.png	mozjpeg	444	15	model_off	26.625	51.357	2.9973	Mozjpeg	15.0
art-scans	haeckel_0034_radiolaria-green.png	mozjpeg	444	15	model_auto	26.910	49.112	2.9822	Mozjpeg	15.0
art-scans	haeckel_0034_radiolaria-green.png	mozjpeg	444	15	model_policy	26.664	51.431	3.0007	Mozjpeg	15.0
art-scans	haeckel_0034_radiolaria-green.png	mozjpeg	444	15	model_proj	26.664	51.433	3.0008	Mozjpeg	15.0
art-scans	haeckel_0034_radiolaria-green.png	mozjpeg	444	35	identity_off	29.946	72.699	1.6264	Mozjpeg	35.0
art-scans	haeckel_0034_radiolaria-green.png	mozjpeg	444	35	identity_auto	30.625	72.390	1.5765	Mozjpeg	35.0
art-scans	haeckel_0034_radiolaria-green.png	mozjpeg	444	35	model_off	30.494	73.118	1.6172	Mozjpeg	35.0
art-scans	haeckel_0034_radiolaria-green.png	mozjpeg	444	35	model_auto	30.457	71.510	1.6833	Mozjpeg	35.0
art-scans	haeckel_0034_radiolaria-green.png	mozjpeg	444	35	model_policy	30.406	72.824	1.6148	Mozjpeg	35.0
art-scans	haeckel_0034_radiolaria-green.png	mozjpeg	444	35	model_proj	30.416	72.877	1.6092	Mozjpeg	35.0
art-scans	haeckel_0034_radiolaria-green.png	mozjpeg	444	55	identity_off	32.240	80.481	1.1681	Mozjpeg	55.0
art-scans	haeckel_0034_radiolaria-green.png	mozjpeg	444	55	identity_auto	32.768	80.392	1.1426	Mozjpeg	55.0
art-scans	haeckel_0034_radiolaria-green.png	mozjpeg	444	55	model_off	32.482	80.326	1.1732	Mozjpeg	55.0
art-scans	haeckel_0034_radiolaria-green.png	mozjpeg	444	55	model_auto	32.136	78.469	1.3249	Mozjpeg	55.0
art-scans	haeckel_0034_radiolaria-green.png	mozjpeg	444	55	model_policy	32.324	79.942	1.1860	Mozjpeg	55.0
art-scans	haeckel_0034_radiolaria-green.png	mozjpeg	444	55	model_proj	32.380	80.114	1.1728	Mozjpeg	55.0
art-scans	haeckel_0034_radiolaria-green.png	mozjpeg	444	75	identity_off	35.030	86.346	0.8054	Mozjpeg	75.0
art-scans	haeckel_0034_radiolaria-green.png	mozjpeg	444	75	identity_auto	35.404	86.264	0.7799	Mozjpeg	75.0
art-scans	haeckel_0034_radiolaria-green.png	mozjpeg	444	75	model_off	34.757	85.299	0.8970	Mozjpeg	75.0
art-scans	haeckel_0034_radiolaria-green.png	mozjpeg	444	75	model_auto	34.027	82.817	1.1356	Mozjpeg	75.0
art-scans	haeckel_0034_radiolaria-green.png	mozjpeg	444	75	model_policy	34.606	85.141	0.8379	Mozjpeg	75.0
art-scans	haeckel_0034_radiolaria-green.png	mozjpeg	444	75	model_proj	34.789	85.620	0.8204	Mozjpeg	75.0
art-scans	haeckel_0034_radiolaria-green.png	mozjpeg	444	90	identity_off	39.621	91.882	0.4579	Mozjpeg	90.0
art-scans	haeckel_0034_radiolaria-green.png	mozjpeg	444	90	identity_auto	39.699	91.876	0.4844	Mozjpeg	90.0
art-scans	haeckel_0034_radiolaria-green.png	mozjpeg	444	90	model_off	37.898	89.270	0.6567	Mozjpeg	90.0
art-scans	haeckel_0034_radiolaria-green.png	mozjpeg	444	90	model_auto	36.346	85.877	0.9919	Mozjpeg	90.0
art-scans	haeckel_0034_radiolaria-green.png	mozjpeg	444	90	model_policy	38.352	89.746	0.5282	Mozjpeg	90.0
art-scans	haeckel_0034_radiolaria-green.png	mozjpeg	444	90	model_proj	38.869	91.077	0.4957	Mozjpeg	90.0
art-scans	haeckel_0034_radiolaria-green.png	jpegli	420	15	identity_off	24.479	53.412	2.5206	CjpegliYcbcr	14.2
art-scans	haeckel_0034_radiolaria-green.png	jpegli	420	15	identity_auto	24.797	50.462	2.5097	CjpegliYcbcr	14.2
art-scans	haeckel_0034_radiolaria-green.png	jpegli	420	15	model_off	25.356	55.238	2.3868	CjpegliYcbcr	14.2
art-scans	haeckel_0034_radiolaria-green.png	jpegli	420	15	model_auto	25.451	52.617	2.4082	CjpegliYcbcr	14.2
art-scans	haeckel_0034_radiolaria-green.png	jpegli	420	15	model_policy	25.605	55.952	2.3779	CjpegliYcbcr	14.2
art-scans	haeckel_0034_radiolaria-green.png	jpegli	420	15	model_proj	25.605	55.951	2.3780	CjpegliYcbcr	14.2
art-scans	haeckel_0034_radiolaria-green.png	jpegli	420	35	identity_off	26.447	67.796	1.7634	CjpegliYcbcr	7.2
art-scans	haeckel_0034_radiolaria-green.png	jpegli	420	35	identity_auto	26.677	66.702	1.7394	CjpegliYcbcr	7.2
art-scans	haeckel_0034_radiolaria-green.png	jpegli	420	35	model_off	27.209	68.818	1.7281	CjpegliYcbcr	7.2
art-scans	haeckel_0034_radiolaria-green.png	jpegli	420	35	model_auto	27.261	67.430	1.7390	CjpegliYcbcr	7.2
art-scans	haeckel_0034_radiolaria-green.png	jpegli	420	35	model_policy	27.455	69.166	1.7231	CjpegliYcbcr	7.2
art-scans	haeckel_0034_radiolaria-green.png	jpegli	420	35	model_proj	27.457	69.201	1.7197	CjpegliYcbcr	7.2
art-scans	haeckel_0034_radiolaria-green.png	jpegli	420	55	identity_off	27.596	72.970	1.4731	CjpegliYcbcr	5.2
art-scans	haeckel_0034_radiolaria-green.png	jpegli	420	55	identity_auto	27.773	72.515	1.4765	CjpegliYcbcr	5.2
art-scans	haeckel_0034_radiolaria-green.png	jpegli	420	55	model_off	28.237	73.595	1.4798	CjpegliYcbcr	5.2
art-scans	haeckel_0034_radiolaria-green.png	jpegli	420	55	model_auto	28.250	72.544	1.5400	CjpegliYcbcr	5.2
art-scans	haeckel_0034_radiolaria-green.png	jpegli	420	55	model_policy	28.477	73.803	1.4823	CjpegliYcbcr	5.2
art-scans	haeckel_0034_radiolaria-green.png	jpegli	420	55	model_proj	28.483	73.862	1.4806	CjpegliYcbcr	5.2
art-scans	haeckel_0034_radiolaria-green.png	jpegli	420	75	identity_off	29.514	79.757	1.0795	CjpegliYcbcr	3.0
art-scans	haeckel_0034_radiolaria-green.png	jpegli	420	75	identity_auto	29.627	79.446	1.1051	CjpegliYcbcr	3.0
art-scans	haeckel_0034_radiolaria-green.png	jpegli	420	75	model_off	29.890	79.763	1.1380	CjpegliYcbcr	3.0
art-scans	haeckel_0034_radiolaria-green.png	jpegli	420	75	model_auto	29.822	78.577	1.2586	CjpegliYcbcr	3.0
art-scans	haeckel_0034_radiolaria-green.png	jpegli	420	75	model_policy	30.126	80.042	1.1155	CjpegliYcbcr	3.0
art-scans	haeckel_0034_radiolaria-green.png	jpegli	420	75	model_proj	30.164	80.253	1.1024	CjpegliYcbcr	3.0
art-scans	haeckel_0034_radiolaria-green.png	jpegli	420	90	identity_off	31.903	85.754	0.7708	CjpegliYcbcr	1.3
art-scans	haeckel_0034_radiolaria-green.png	jpegli	420	90	identity_auto	31.931	85.587	0.8182	CjpegliYcbcr	1.3
art-scans	haeckel_0034_radiolaria-green.png	jpegli	420	90	model_off	31.866	84.790	0.8702	CjpegliYcbcr	1.3
art-scans	haeckel_0034_radiolaria-green.png	jpegli	420	90	model_auto	31.658	83.320	1.0506	CjpegliYcbcr	1.3
art-scans	haeckel_0034_radiolaria-green.png	jpegli	420	90	model_policy	32.150	85.534	0.7990	CjpegliYcbcr	1.3
art-scans	haeckel_0034_radiolaria-green.png	jpegli	420	90	model_proj	32.501	86.501	0.7350	CjpegliYcbcr	1.3
art-scans	haeckel_0034_radiolaria-green.png	jpegli	444	15	identity_off	25.088	56.853	2.2225	CjpegliYcbcr	11.8
art-scans	haeckel_0034_radiolaria-green.png	jpegli	444	15	identity_auto	25.670	57.312	2.1769	CjpegliYcbcr	11.8
art-scans	haeckel_0034_radiolaria-green.png	jpegli	444	15	model_off	26.310	60.121	2.1250	CjpegliYcbcr	11.8
art-scans	haeckel_0034_radiolaria-green.png	jpegli	444	15	model_auto	26.557	59.246	2.1612	CjpegliYcbcr	11.8
art-scans	haeckel_0034_radiolaria-green.png	jpegli	444	15	model_policy	26.467	60.185	2.1491	CjpegliYcbcr	11.8
art-scans	haeckel_0034_radiolaria-green.png	jpegli	444	15	model_proj	26.467	60.185	2.1487	CjpegliYcbcr	11.8
art-scans	haeckel_0034_radiolaria-green.png	jpegli	444	35	identity_off	27.629	71.639	1.5158	CjpegliYcbcr	6.0
art-scans	haeckel_0034_radiolaria-green.png	jpegli	444	35	identity_auto	28.124	72.208	1.4721	CjpegliYcbcr	6.0
art-scans	haeckel_0034_radiolaria-green.png	jpegli	444	35	model_off	28.752	73.540	1.4726	CjpegliYcbcr	6.0
art-scans	haeckel_0034_radiolaria-green.png	jpegli	444	35	model_auto	28.838	72.380	1.6035	CjpegliYcbcr	6.0
art-scans	haeckel_0034_radiolaria-green.png	jpegli	444	35	model_policy	28.837	73.180	1.5113	CjpegliYcbcr	6.0
art-scans	haeckel_0034_radiolaria-green.png	jpegli	444	35	model_proj	28.838	73.207	1.5078	CjpegliYcbcr	6.0
art-scans	haeckel_0034_radiolaria-green.png	jpegli	444	55	identity_off	28.935	76.632	1.2513	CjpegliYcbcr	4.1
art-scans	haeckel_0034_radiolaria-green.png	jpegli	444	55	identity_auto	29.359	77.005	1.2328	CjpegliYcbcr	4.1
art-scans	haeckel_0034_radiolaria-green.png	jpegli	444	55	model_off	29.963	77.941	1.2424	CjpegliYcbcr	4.1
art-scans	haeckel_0034_radiolaria-green.png	jpegli	444	55	model_auto	29.930	76.473	1.4186	CjpegliYcbcr	4.1
art-scans	haeckel_0034_radiolaria-green.png	jpegli	444	55	model_policy	30.002	77.651	1.2641	CjpegliYcbcr	4.1
art-scans	haeckel_0034_radiolaria-green.png	jpegli	444	55	model_proj	30.005	77.681	1.2557	CjpegliYcbcr	4.1
art-scans	haeckel_0034_radiolaria-green.png	jpegli	444	75	identity_off	30.929	82.875	0.8930	CjpegliYcbcr	2.3
art-scans	haeckel_0034_radiolaria-green.png	jpegli	444	75	identity_auto	31.245	83.143	0.8873	CjpegliYcbcr	2.3
art-scans	haeckel_0034_radiolaria-green.png	jpegli	444	75	model_off	31.770	83.416	0.9247	CjpegliYcbcr	2.3
art-scans	haeckel_0034_radiolaria-green.png	jpegli	444	75	model_auto	31.547	81.511	1.1749	CjpegliYcbcr	2.3
art-scans	haeckel_0034_radiolaria-green.png	jpegli	444	75	model_policy	31.763	83.208	0.9236	CjpegliYcbcr	2.3
art-scans	haeckel_0034_radiolaria-green.png	jpegli	444	75	model_proj	31.773	83.326	0.9195	CjpegliYcbcr	2.3
art-scans	haeckel_0034_radiolaria-green.png	jpegli	444	90	identity_off	34.563	89.863	0.5029	CjpegliYcbcr	1.1
art-scans	haeckel_0034_radiolaria-green.png	jpegli	444	90	identity_auto	34.695	89.920	0.5255	CjpegliYcbcr	1.1
art-scans	haeckel_0034_radiolaria-green.png	jpegli	444	90	model_off	34.880	88.725	0.6589	CjpegliYcbcr	1.1
art-scans	haeckel_0034_radiolaria-green.png	jpegli	444	90	model_auto	34.211	85.903	0.9735	CjpegliYcbcr	1.1
art-scans	haeckel_0034_radiolaria-green.png	jpegli	444	90	model_policy	34.897	89.151	0.5761	CjpegliYcbcr	1.1
art-scans	haeckel_0034_radiolaria-green.png	jpegli	444	90	model_proj	34.942	89.630	0.5542	CjpegliYcbcr	1.1
art-scans	haeckel_0034_radiolaria-green.png	zenjpeg	420	15	identity_off	24.443	53.050	2.5259	CjpegliYcbcr	14.2
art-scans	haeckel_0034_radiolaria-green.png	zenjpeg	420	15	identity_auto	24.762	50.145	2.5164	CjpegliYcbcr	14.2
art-scans	haeckel_0034_radiolaria-green.png	zenjpeg	420	15	model_off	25.322	54.859	2.3898	CjpegliYcbcr	14.2
art-scans	haeckel_0034_radiolaria-green.png	zenjpeg	420	15	model_auto	25.417	52.355	2.4108	CjpegliYcbcr	14.2
art-scans	haeckel_0034_radiolaria-green.png	zenjpeg	420	15	model_policy	25.571	55.592	2.3840	CjpegliYcbcr	14.2
art-scans	haeckel_0034_radiolaria-green.png	zenjpeg	420	15	model_proj	25.571	55.594	2.3840	CjpegliYcbcr	14.2
art-scans	haeckel_0034_radiolaria-green.png	zenjpeg	420	35	identity_off	26.403	67.700	1.7735	CjpegliYcbcr	7.2
art-scans	haeckel_0034_radiolaria-green.png	zenjpeg	420	35	identity_auto	26.634	66.619	1.7449	CjpegliYcbcr	7.2
art-scans	haeckel_0034_radiolaria-green.png	zenjpeg	420	35	model_off	27.168	68.737	1.7354	CjpegliYcbcr	7.2
art-scans	haeckel_0034_radiolaria-green.png	zenjpeg	420	35	model_auto	27.220	67.323	1.7434	CjpegliYcbcr	7.2
art-scans	haeckel_0034_radiolaria-green.png	zenjpeg	420	35	model_policy	27.416	69.109	1.7327	CjpegliYcbcr	7.2
art-scans	haeckel_0034_radiolaria-green.png	zenjpeg	420	35	model_proj	27.419	69.149	1.7293	CjpegliYcbcr	7.2
art-scans	haeckel_0034_radiolaria-green.png	zenjpeg	420	55	identity_off	27.545	72.742	1.4795	CjpegliYcbcr	5.2
art-scans	haeckel_0034_radiolaria-green.png	zenjpeg	420	55	identity_auto	27.722	72.330	1.4835	CjpegliYcbcr	5.2
art-scans	haeckel_0034_radiolaria-green.png	zenjpeg	420	55	model_off	28.190	73.318	1.4870	CjpegliYcbcr	5.2
art-scans	haeckel_0034_radiolaria-green.png	zenjpeg	420	55	model_auto	28.206	72.300	1.5458	CjpegliYcbcr	5.2
art-scans	haeckel_0034_radiolaria-green.png	zenjpeg	420	55	model_policy	28.430	73.538	1.4880	CjpegliYcbcr	5.2
art-scans	haeckel_0034_radiolaria-green.png	zenjpeg	420	55	model_proj	28.436	73.589	1.4868	CjpegliYcbcr	5.2
art-scans	haeckel_0034_radiolaria-green.png	zenjpeg	420	75	identity_off	29.467	79.747	1.0823	CjpegliYcbcr	3.0
art-scans	haeckel_0034_radiolaria-green.png	zenjpeg	420	75	identity_auto	29.580	79.448	1.1101	CjpegliYcbcr	3.0
art-scans	haeckel_0034_radiolaria-green.png	zenjpeg	420	75	model_off	29.850	79.746	1.1383	CjpegliYcbcr	3.0
art-scans	haeckel_0034_radiolaria-green.png	zenjpeg	420	75	model_auto	29.783	78.579	1.2585	CjpegliYcbcr	3.0
art-scans	haeckel_0034_radiolaria-green.png	zenjpeg	420	75	model_policy	30.087	80.019	1.1226	CjpegliYcbcr	3.0
art-scans	haeckel_0034_radiolaria-green.png	zenjpeg	420	75	model_proj	30.124	80.242	1.1116	CjpegliYcbcr	3.0
art-scans	haeckel_0034_radiolaria-green.png	zenjpeg	420	90	identity_off	31.861	85.628	0.7819	CjpegliYcbcr	1.3
art-scans	haeckel_0034_radiolaria-green.png	zenjpeg	420	90	identity_auto	31.889	85.458	0.8293	CjpegliYcbcr	1.3
art-scans	haeckel_0034_radiolaria-green.png	zenjpeg	420	90	model_off	31.833	84.694	0.8920	CjpegliYcbcr	1.3
art-scans	haeckel_0034_radiolaria-green.png	zenjpeg	420	90	model_auto	31.631	83.345	1.0539	CjpegliYcbcr	1.3
art-scans	haeckel_0034_radiolaria-green.png	zenjpeg	420	90	model_policy	32.117	85.468	0.8179	CjpegliYcbcr	1.3
art-scans	haeckel_0034_radiolaria-green.png	zenjpeg	420	90	model_proj	32.466	86.434	0.7429	CjpegliYcbcr	1.3
art-scans	haeckel_0034_radiolaria-green.png	zenjpeg	444	15	identity_off	25.035	56.599	2.2357	CjpegliYcbcr	11.8
art-scans	haeckel_0034_radiolaria-green.png	zenjpeg	444	15	identity_auto	25.616	57.017	2.1890	CjpegliYcbcr	11.8
art-scans	haeckel_0034_radiolaria-green.png	zenjpeg	444	15	model_off	26.262	59.889	2.1405	CjpegliYcbcr	11.8
art-scans	haeckel_0034_radiolaria-green.png	zenjpeg	444	15	model_auto	26.512	59.015	2.1749	CjpegliYcbcr	11.8
art-scans	haeckel_0034_radiolaria-green.png	zenjpeg	444	15	model_policy	26.420	59.940	2.1849	CjpegliYcbcr	11.8
art-scans	haeckel_0034_radiolaria-green.png	zenjpeg	444	15	model_proj	26.420	59.939	2.1847	CjpegliYcbcr	11.8
art-scans	haeckel_0034_radiolaria-green.png	zenjpeg	444	35	identity_off	27.561	71.379	1.5283	CjpegliYcbcr	6.0
art-scans	haeckel_0034_radiolaria-green.png	zenjpeg	444	35	identity_auto	28.053	71.945	1.4832	CjpegliYcbcr	6.0
art-scans	haeckel_0034_radiolaria-green.png	zenjpeg	444	35	model_off	28.691	73.298	1.4794	CjpegliYcbcr	6.0
art-scans	haeckel_0034_radiolaria-green.png	zenjpeg	444	35	model_auto	28.782	72.143	1.6052	CjpegliYcbcr	6.0
art-scans	haeckel_0034_radiolaria-green.png	zenjpeg	444	35	model_policy	28.779	72.933	1.5217	CjpegliYcbcr	6.0
art-scans	haeckel_0034_radiolaria-green.png	zenjpeg	444	35	model_proj	28.781	72.947	1.5177	CjpegliYcbcr	6.0
art-scans	haeckel_0034_radiolaria-green.png	zenjpeg	444	55	identity_off	28.850	76.473	1.2665	CjpegliYcbcr	4.1
art-scans	haeckel_0034_radiolaria-green.png	zenjpeg	444	55	identity_auto	29.271	76.849	1.2487	CjpegliYcbcr	4.1
art-scans	haeckel_0034_radiolaria-green.png	zenjpeg	444	55	model_off	29.887	77.794	1.2565	CjpegliYcbcr	4.1
art-scans	haeckel_0034_radiolaria-green.png	zenjpeg	444	55	model_auto	29.860	76.330	1.4276	CjpegliYcbcr	4.1
art-scans	haeckel_0034_radiolaria-green.png	zenjpeg	444	55	model_policy	29.930	77.529	1.2783	CjpegliYcbcr	4.1
art-scans	haeckel_0034_radiolaria-green.png	zenjpeg	444	55	model_proj	29.934	77.569	1.2694	CjpegliYcbcr	4.1
art-scans	haeckel_0034_radiolaria-green.png	zenjpeg	444	75	identity_off	30.848	82.778	0.9008	CjpegliYcbcr	2.3
art-scans	haeckel_0034_radiolaria-green.png	zenjpeg	444	75	identity_auto	31.164	83.035	0.8936	CjpegliYcbcr	2.3
art-scans	haeckel_0034_radiolaria-green.png	zenjpeg	444	75	model_off	31.700	83.306	0.9355	CjpegliYcbcr	2.3
art-scans	haeckel_0034_radiolaria-green.png	zenjpeg	444	75	model_auto	31.483	81.456	1.1804	CjpegliYcbcr	2.3
art-scans	haeckel_0034_radiolaria-green.png	zenjpeg	444	75	model_policy	31.696	83.133	0.9362	CjpegliYcbcr	2.3
art-scans	haeckel_0034_radiolaria-green.png	zenjpeg	444	75	model_proj	31.707	83.257	0.9295	CjpegliYcbcr	2.3
art-scans	haeckel_0034_radiolaria-green.png	zenjpeg	444	90	identity_off	34.471	89.675	0.5118	CjpegliYcbcr	1.1
art-scans	haeckel_0034_radiolaria-green.png	zenjpeg	444	90	identity_auto	34.603	89.734	0.5336	CjpegliYcbcr	1.1
art-scans	haeckel_0034_radiolaria-green.png	zenjpeg	444	90	model_off	34.804	88.639	0.6526	CjpegliYcbcr	1.1
art-scans	haeckel_0034_radiolaria-green.png	zenjpeg	444	90	model_auto	34.143	85.744	0.9799	CjpegliYcbcr	1.1
art-scans	haeckel_0034_radiolaria-green.png	zenjpeg	444	90	model_policy	34.816	89.071	0.5845	CjpegliYcbcr	1.1
art-scans	haeckel_0034_radiolaria-green.png	zenjpeg	444	90	model_proj	34.863	89.527	0.5541	CjpegliYcbcr	1.1
art-scans	haeckel_0040_starfish.png	turbo	420	15	identity_off	22.341	13.511	5.5672	Unknown	15.0
art-scans	haeckel_0040_starfish.png	turbo	420	15	identity_auto	22.457	11.194	5.5563	Unknown	15.0
art-scans	haeckel_0040_starfish.png	turbo	420	15	model_off	22.787	17.813	5.1936	Unknown	15.0
art-scans	haeckel_0040_starfish.png	turbo	420	15	model_auto	22.801	15.143	5.2266	Unknown	15.0
art-scans	haeckel_0040_starfish.png	turbo	420	15	model_policy	22.816	17.296	5.2499	Unknown	15.0
art-scans	haeckel_0040_starfish.png	turbo	420	15	model_proj	22.817	17.326	5.2442	Unknown	15.0
art-scans	haeckel_0040_starfish.png	turbo	420	35	identity_off	24.128	38.900	3.9995	ImageMagick	35.0
art-scans	haeckel_0040_starfish.png	turbo	420	35	identity_auto	24.198	37.539	4.0033	ImageMagick	35.0
art-scans	haeckel_0040_starfish.png	turbo	420	35	model_off	24.501	41.212	3.8346	ImageMagick	35.0
art-scans	haeckel_0040_starfish.png	turbo	420	35	model_auto	24.548	40.024	3.8763	ImageMagick	35.0
art-scans	haeckel_0040_starfish.png	turbo	420	35	model_policy	24.502	41.157	3.8599	ImageMagick	35.0
art-scans	haeckel_0040_starfish.png	turbo	420	35	model_proj	24.506	41.254	3.8521	ImageMagick	35.0
art-scans	haeckel_0040_starfish.png	turbo	420	55	identity_off	25.572	51.081	3.2072	ImageMagick	55.0
art-scans	haeckel_0040_starfish.png	turbo	420	55	identity_auto	25.634	50.182	3.2236	ImageMagick	55.0
art-scans	haeckel_0040_starfish.png	turbo	420	55	model_off	25.903	52.775	3.0597	ImageMagick	55.0
art-scans	haeckel_0040_starfish.png	turbo	420	55	model_auto	25.950	51.773	3.1026	ImageMagick	55.0
art-scans	haeckel_0040_starfish.png	turbo	420	55	model_policy	25.876	52.775	3.0801	ImageMagick	55.0
art-scans	haeckel_0040_starfish.png	turbo	420	55	model_proj	25.885	52.950	3.0676	ImageMagick	55.0
art-scans	haeckel_0040_starfish.png	turbo	420	75	identity_off	27.652	64.402	2.3537	ImageMagick	75.0
art-scans	haeckel_0040_starfish.png	turbo	420	75	identity_auto	27.689	63.960	2.3477	ImageMagick	75.0
art-scans	haeckel_0040_starfish.png	turbo	420	75	model_off	27.846	64.296	2.4304	ImageMagick	75.0
art-scans	haeckel_0040_starfish.png	turbo	420	75	model_auto	27.824	62.785	2.4935	ImageMagick	75.0
art-scans	haeckel_0040_starfish.png	turbo	420	75	model_policy	27.828	65.195	2.2875	ImageMagick	75.0
art-scans	haeckel_0040_starfish.png	turbo	420	75	model_proj	27.863	65.528	2.2692	ImageMagick	75.0
art-scans	haeckel_0040_starfish.png	turbo	420	90	identity_off	29.983	75.576	1.6401	ImageMagick	90.0
art-scans	haeckel_0040_starfish.png	turbo	420	90	identity_auto	29.982	75.334	1.6969	ImageMagick	90.0
art-scans	haeckel_0040_starfish.png	turbo	420	90	model_off	29.842	72.860	1.8596	ImageMagick	90.0
art-scans	haeckel_0040_starfish.png	turbo	420	90	model_auto	29.683	70.510	2.0389	ImageMagick	90.0
art-scans	haeckel_0040_starfish.png	turbo	420	90	model_policy	30.015	75.750	1.6269	ImageMagick	90.0
art-scans	haeckel_0040_starfish.png	turbo	420	90	model_proj	30.334	77.115	1.5240	ImageMagick	90.0
art-scans	haeckel_0040_starfish.png	turbo	444	15	identity_off	25.278	44.333	3.2728	Unknown	15.0
art-scans	haeckel_0040_starfish.png	turbo	444	15	identity_auto	26.080	44.927	3.1883	Unknown	15.0
art-scans	haeckel_0040_starfish.png	turbo	444	15	model_off	25.988	45.228	3.5840	Unknown	15.0
art-scans	haeckel_0040_starfish.png	turbo	444	15	model_auto	26.316	44.713	3.4290	Unknown	15.0
art-scans	haeckel_0040_starfish.png	turbo	444	15	model_policy	26.029	45.501	3.4804	Unknown	15.0
art-scans	haeckel_0040_starfish.png	turbo	444	15	model_proj	26.032	45.591	3.4366	Unknown	15.0
art-scans	haeckel_0040_starfish.png	turbo	444	35	identity_off	28.550	69.241	1.8931	ImageMagick	35.0
art-scans	haeckel_0040_starfish.png	turbo	444	35	identity_auto	29.165	69.793	1.8385	ImageMagick	35.0
art-scans	haeckel_0040_starfish.png	turbo	444	35	model_off	29.047	66.462	2.4329	ImageMagick	35.0
art-scans	haeckel_0040_starfish.png	turbo	444	35	model_auto	29.095	65.608	2.5665	ImageMagick	35.0
art-scans	haeckel_0040_starfish.png	turbo	444	35	model_policy	29.125	69.417	1.9719	ImageMagick	35.0
art-scans	haeckel_0040_starfish.png	turbo	444	35	model_proj	29.140	69.548	1.9420	ImageMagick	35.0
art-scans	haeckel_0040_starfish.png	turbo	444	55	identity_off	30.280	77.169	1.4525	ImageMagick	55.0
art-scans	haeckel_0040_starfish.png	turbo	444	55	identity_auto	30.766	77.424	1.4166	ImageMagick	55.0
art-scans	haeckel_0040_starfish.png	turbo	444	55	model_off	30.591	72.910	2.0823	ImageMagick	55.0
art-scans	haeckel_0040_starfish.png	turbo	444	55	model_auto	30.394	70.775	2.2008	ImageMagick	55.0
art-scans	haeckel_0040_starfish.png	turbo	444	55	model_policy	30.731	77.324	1.5135	ImageMagick	55.0
art-scans	haeckel_0040_starfish.png	turbo	444	55	model_proj	30.756	77.487	1.4484	ImageMagick	55.0
art-scans	haeckel_0040_starfish.png	turbo	444	75	identity_off	32.455	83.861	1.0898	ImageMagick	75.0
art-scans	haeckel_0040_starfish.png	turbo	444	75	identity_auto	32.807	84.019	1.0584	ImageMagick	75.0
art-scans	haeckel_0040_starfish.png	turbo	444	75	model_off	32.486	77.338	1.8482	ImageMagick	75.0
art-scans	haeckel_0040_starfish.png	turbo	444	75	model_auto	31.963	74.374	2.0634	ImageMagick	75.0
art-scans	haeckel_0040_starfish.png	turbo	444	75	model_policy	32.736	83.617	1.1155	ImageMagick	75.0
art-scans	haeckel_0040_starfish.png	turbo	444	75	model_proj	32.778	83.818	1.0728	ImageMagick	75.0
art-scans	haeckel_0040_starfish.png	turbo	444	90	identity_off	36.797	90.612	0.6411	ImageMagick	90.0
art-scans	haeckel_0040_starfish.png	turbo	444	90	identity_auto	36.898	90.630	0.6543	ImageMagick	90.0
art-scans	haeckel_0040_starfish.png	turbo	444	90	model_off	35.676	81.488	1.6166	ImageMagick	90.0
art-scans	haeckel_0040_starfish.png	turbo	444	90	model_auto	34.309	77.323	1.9456	ImageMagick	90.0
art-scans	haeckel_0040_starfish.png	turbo	444	90	model_policy	36.828	90.069	0.7919	ImageMagick	90.0
art-scans	haeckel_0040_starfish.png	turbo	444	90	model_proj	36.897	90.453	0.6523	ImageMagick	90.0
art-scans	haeckel_0040_starfish.png	mozjpeg	420	15	identity_off	22.484	13.324	5.2501	Mozjpeg	15.0
art-scans	haeckel_0040_starfish.png	mozjpeg	420	15	identity_auto	22.659	9.535	5.2574	Mozjpeg	15.0
art-scans	haeckel_0040_starfish.png	mozjpeg	420	15	model_off	22.956	15.841	5.0332	Mozjpeg	15.0
art-scans	haeckel_0040_starfish.png	mozjpeg	420	15	model_auto	22.988	13.039	5.0212	Mozjpeg	15.0
art-scans	haeckel_0040_starfish.png	mozjpeg	420	15	model_policy	22.991	15.675	5.0615	Mozjpeg	15.0
art-scans	haeckel_0040_starfish.png	mozjpeg	420	15	model_proj	22.991	15.676	5.0615	Mozjpeg	15.0
art-scans	haeckel_0040_starfish.png	mozjpeg	420	35	identity_off	25.306	48.175	3.2297	Mozjpeg	35.0
art-scans	haeckel_0040_starfish.png	mozjpeg	420	35	identity_auto	25.428	46.401	3.2544	Mozjpeg	35.0
art-scans	haeckel_0040_starfish.png	mozjpeg	420	35	model_off	25.624	48.404	3.2101	Mozjpeg	35.0
art-scans	haeckel_0040_starfish.png	mozjpeg	420	35	model_auto	25.648	47.307	3.2058	Mozjpeg	35.0
art-scans	haeckel_0040_starfish.png	mozjpeg	420	35	model_policy	25.675	49.289	3.1314	Mozjpeg	35.0
art-scans	haeckel_0040_starfish.png	mozjpeg	420	35	model_proj	25.677	49.296	3.1310	Mozjpeg	35.0
art-scans	haeckel_0040_starfish.png	mozjpeg	420	55	identity_off	26.788	60.126	2.5287	Mozjpeg	55.0
art-scans	haeckel_0040_starfish.png	mozjpeg	420	55	identity_auto	26.871	58.878	2.5592	Mozjpeg	55.0
art-scans	haeckel_0040_starfish.png	mozjpeg	420	55	model_off	26.956	58.355	2.7140	Mozjpeg	55.0
art-scans	haeckel_0040_starfish.png	mozjpeg	420	55	model_auto	26.934	57.467	2.7383	Mozjpeg	55.0
art-scans	haeckel_0040_starfish.png	mozjpeg	420	55	model_policy	27.039	60.184	2.5136	Mozjpeg	55.0
art-scans	haeckel_0040_starfish.png	mozjpeg	420	55	model_proj	27.053	60.335	2.5028	Mozjpeg	55.0
art-scans	haeckel_0040_starfish.png	mozjpeg	420	75	identity_off	28.314	68.785	2.0247	Mozjpeg	75.0
art-scans	haeckel_0040_starfish.png	mozjpeg	420	75	identity_auto	28.351	68.024	2.0282	Mozjpeg	75.0
art-scans	haeckel_0040_starfish.png	mozjpeg	420	75	model_off	28.303	66.222	2.2764	Mozjpeg	75.0
art-scans	haeckel_0040_starfish.png	mozjpeg	420	75	model_auto	28.199	64.479	2.3763	Mozjpeg	75.0
art-scans	haeckel_0040_starfish.png	mozjpeg	420	75	model_policy	28.438	68.741	2.0110	Mozjpeg	75.0
art-scans	haeckel_0040_starfish.png	mozjpeg	420	75	model_proj	28.548	69.378	1.9734	Mozjpeg	75.0
art-scans	haeckel_0040_starfish.png	mozjpeg	420	90	identity_off	30.003	75.982	1.6228	Mozjpeg	90.0
art-scans	haeckel_0040_starfish.png	mozjpeg	420	90	identity_auto	30.004	75.711	1.6843	Mozjpeg	90.0
art-scans	haeckel_0040_starfish.png	mozjpeg	420	90	model_off	29.754	72.490	1.9276	Mozjpeg	90.0
art-scans	haeckel_0040_starfish.png	mozjpeg	420	90	model_auto	29.540	69.905	2.1558	Mozjpeg	90.0
art-scans	haeckel_0040_starfish.png	mozjpeg	420	90	model_policy	30.022	76.016	1.6098	Mozjpeg	90.0
art-scans	haeckel_0040_starfish.png	mozjpeg	420	90	model_proj	30.701	78.766	1.4035	Mozjpeg	90.0
art-scans	haeckel_0040_starfish.png	mozjpeg	444	15	identity_off	25.331	39.503	3.3757	Mozjpeg	15.0
art-scans	haeckel_0040_starfish.png	mozjpeg	444	15	identity_auto	25.999	38.145	3.2813	Mozjpeg	15.0
art-scans	haeckel_0040_starfish.png	mozjpeg	444	15	model_off	25.737	38.032	3.6851	Mozjpeg	15.0
art-scans	haeckel_0040_starfish.png	mozjpeg	444	15	model_auto	25.998	37.203	3.4858	Mozjpeg	15.0
art-scans	haeckel_0040_starfish.png	mozjpeg	444	15	model_policy	25.802	38.922	3.6002	Mozjpeg	15.0
art-scans	haeckel_0040_starfish.png	mozjpeg	444	15	model_proj	25.804	38.949	3.5960	Mozjpeg	15.0
art-scans	haeckel_0040_starfish.png	mozjpeg	444	35	identity_off	29.445	69.127	1.8262	Mozjpeg	35.0
art-scans	haeckel_0040_starfish.png	mozjpeg	444	35	identity_auto	30.024	69.197	1.7634	Mozjpeg	35.0
art-scans	haeckel_0040_starfish.png	mozjpeg	444	35	model_off	29.396	64.049	2.4883	Mozjpeg	35.0
art-scans	haeckel_0040_starfish.png	mozjpeg	444	35	model_auto	29.359	64.228	2.4471	Mozjpeg	35.0
art-scans	haeckel_0040_starfish.png	mozjpeg	444	35	model_policy	29.600	67.456	2.1131	Mozjpeg	35.0
art-scans	haeckel_0040_starfish.png	mozjpeg	444	35	model_proj	29.628	67.684	2.0472	Mozjpeg	35.0
art-scans	haeckel_0040_starfish.png	mozjpeg	444	55	identity_off	31.688	78.610	1.3064	Mozjpeg	55.0
art-scans	haeckel_0040_starfish.png	mozjpeg	444	55	identity_auto	32.153	78.609	1.2745	Mozjpeg	55.0
art-scans	haeckel_0040_starfish.png	mozjpeg	444	55	model_off	31.237	70.935	2.2136	Mozjpeg	55.0
art-scans	haeckel_0040_starfish.png	mozjpeg	444	55	model_auto	30.885	70.101	2.2668	Mozjpeg	55.0
art-scans	haeckel_0040_starfish.png	mozjpeg	444	55	model_policy	31.614	76.438	1.6267	Mozjpeg	55.0
art-scans	haeckel_0040_starfish.png	mozjpeg	444	55	model_proj	31.684	76.908	1.5022	Mozjpeg	55.0
art-scans	haeckel_0040_starfish.png	mozjpeg	444	75	identity_off	34.499	85.548	0.8969	Mozjpeg	75.0
art-scans	haeckel_0040_starfish.png	mozjpeg	444	75	identity_auto	34.830	85.583	0.8680	Mozjpeg	75.0
art-scans	haeckel_0040_starfish.png	mozjpeg	444	75	model_off	33.360	76.333	1.9395	Mozjpeg	75.0
art-scans	haeckel_0040_starfish.png	mozjpeg	444	75	model_auto	32.502	73.657	2.1502	Mozjpeg	75.0
art-scans	haeckel_0040_starfish.png	mozjpeg	444	75	model_policy	34.194	83.771	1.1562	Mozjpeg	75.0
art-scans	haeckel_0040_starfish.png	mozjpeg	444	75	model_proj	34.322	84.276	1.0198	Mozjpeg	75.0
art-scans	haeckel_0040_starfish.png	mozjpeg	444	90	identity_off	39.192	91.749	0.5010	Mozjpeg	90.0
art-scans	haeckel_0040_starfish.png	mozjpeg	444	90	identity_auto	39.270	91.737	0.5276	Mozjpeg	90.0
art-scans	haeckel_0040_starfish.png	mozjpeg	444	90	model_off	36.029	80.119	1.7155	Mozjpeg	90.0
art-scans	haeckel_0040_starfish.png	mozjpeg	444	90	model_auto	34.292	76.127	2.0456	Mozjpeg	90.0
art-scans	haeckel_0040_starfish.png	mozjpeg	444	90	model_policy	38.543	90.030	0.8668	Mozjpeg	90.0
art-scans	haeckel_0040_starfish.png	mozjpeg	444	90	model_proj	38.795	90.812	0.5959	Mozjpeg	90.0
art-scans	haeckel_0040_starfish.png	jpegli	420	15	identity_off	24.261	41.682	3.4944	CjpegliYcbcr	14.2
art-scans	haeckel_0040_starfish.png	jpegli	420	15	identity_auto	24.446	38.422	3.5082	CjpegliYcbcr	14.2
art-scans	haeckel_0040_starfish.png	jpegli	420	15	model_off	24.634	41.369	3.5270	CjpegliYcbcr	14.2
art-scans	haeckel_0040_starfish.png	jpegli	420	15	model_auto	24.693	39.632	3.4793	CjpegliYcbcr	14.2
art-scans	haeckel_0040_starfish.png	jpegli	420	15	model_policy	24.696	42.219	3.4649	CjpegliYcbcr	14.2
art-scans	haeckel_0040_starfish.png	jpegli	420	15	model_proj	24.697	42.299	3.4622	CjpegliYcbcr	14.2
art-scans	haeckel_0040_starfish.png	jpegli	420	35	identity_off	26.210	60.006	2.4748	CjpegliYcbcr	7.2
art-scans	haeckel_0040_starfish.png	jpegli	420	35	identity_auto	26.344	58.619	2.4690	CjpegliYcbcr	7.2
art-scans	haeckel_0040_starfish.png	jpegli	420	35	model_off	26.385	57.381	2.7169	CjpegliYcbcr	7.2
art-scans	haeckel_0040_starfish.png	jpegli	420	35	model_auto	26.394	56.596	2.6840	CjpegliYcbcr	7.2
art-scans	haeckel_0040_starfish.png	jpegli	420	35	model_policy	26.475	59.299	2.5059	CjpegliYcbcr	7.2
art-scans	haeckel_0040_starfish.png	jpegli	420	35	model_proj	26.489	59.494	2.4909	CjpegliYcbcr	7.2
art-scans	haeckel_0040_starfish.png	jpegli	420	55	identity_off	27.138	65.701	2.1201	CjpegliYcbcr	5.2
art-scans	haeckel_0040_starfish.png	jpegli	420	55	identity_auto	27.234	64.766	2.1556	CjpegliYcbcr	5.2
art-scans	haeckel_0040_starfish.png	jpegli	420	55	model_off	27.211	62.161	2.4773	CjpegliYcbcr	5.2
art-scans	haeckel_0040_starfish.png	jpegli	420	55	model_auto	27.179	60.953	2.5910	CjpegliYcbcr	5.2
art-scans	haeckel_0040_starfish.png	jpegli	420	55	model_policy	27.326	64.750	2.1802	CjpegliYcbcr	5.2
art-scans	haeckel_0040_starfish.png	jpegli	420	55	model_proj	27.376	65.132	2.1576	CjpegliYcbcr	5.2
art-scans	haeckel_0040_starfish.png	jpegli	420	75	identity_off	28.545	72.136	1.7766	CjpegliYcbcr	3.0
art-scans	haeckel_0040_starfish.png	jpegli	420	75	identity_auto	28.591	71.474	1.8299	CjpegliYcbcr	3.0
art-scans	haeckel_0040_starfish.png	jpegli	420	75	model_off	28.441	67.267	2.3316	CjpegliYcbcr	3.0
art-scans	haeckel_0040_starfish.png	jpegli	420	75	model_auto	28.326	65.542	2.3792	CjpegliYcbcr	3.0
art-scans	haeckel_0040_starfish.png	jpegli	420	75	model_policy	28.628	71.270	1.8042	CjpegliYcbcr	3.0
art-scans	haeckel_0040_starfish.png	jpegli	420	75	model_proj	28.874	72.639	1.7109	CjpegliYcbcr	3.0
art-scans	haeckel_0040_starfish.png	jpegli	420	90	identity_off	29.994	77.100	1.5574	CjpegliYcbcr	1.3
art-scans	haeckel_0040_starfish.png	jpegli	420	90	identity_auto	29.997	76.827	1.6226	CjpegliYcbcr	1.3
art-scans	haeckel_0040_starfish.png	jpegli	420	90	model_off	29.708	72.351	1.9768	CjpegliYcbcr	1.3
art-scans	haeckel_0040_starfish.png	jpegli	420	90	model_auto	29.494	69.855	2.1664	CjpegliYcbcr	1.3
art-scans	haeckel_0040_starfish.png	jpegli	420	90	model_policy	30.013	76.941	1.5490	CjpegliYcbcr	1.3
art-scans	haeckel_0040_starfish.png	jpegli	420	90	model_proj	30.999	81.315	1.2282	CjpegliYcbcr	1.3
art-scans	haeckel_0040_starfish.png	jpegli	444	15	identity_off	24.906	46.815	3.0674	CjpegliYcbcr	11.8
art-scans	haeckel_0040_starfish.png	jpegli	444	15	identity_auto	25.405	48.121	3.0023	CjpegliYcbcr	11.8
art-scans	haeckel_0040_starfish.png	jpegli	444	15	model_off	25.552	48.081	3.3155	CjpegliYcbcr	11.8
art-scans	haeckel_0040_starfish.png	jpegli	444	15	model_auto	25.704	47.698	3.3252	CjpegliYcbcr	11.8
art-scans	haeckel_0040_starfish.png	jpegli	444	15	model_policy	25.611	48.254	3.2160	CjpegliYcbcr	11.8
art-scans	haeckel_0040_starfish.png	jpegli	444	15	model_proj	25.611	48.268	3.2107	CjpegliYcbcr	11.8
art-scans	haeckel_0040_starfish.png	jpegli	444	35	identity_off	27.463	67.398	2.0291	CjpegliYcbcr	6.0
art-scans	haeckel_0040_starfish.png	jpegli	444	35	identity_auto	27.883	67.929	1.9890	CjpegliYcbcr	6.0
art-scans	haeckel_0040_starfish.png	jpegli	444	35	model_off	27.900	63.783	2.5840	CjpegliYcbcr	6.0
art-scans	haeckel_0040_starfish.png	jpegli	444	35	model_auto	27.896	62.952	2.6447	CjpegliYcbcr	6.0
art-scans	haeckel_0040_starfish.png	jpegli	444	35	model_policy	28.001	66.389	2.2240	CjpegliYcbcr	6.0
art-scans	haeckel_0040_starfish.png	jpegli	444	35	model_proj	28.004	66.459	2.2133	CjpegliYcbcr	6.0
art-scans	haeckel_0040_starfish.png	jpegli	444	55	identity_off	28.797	73.044	1.6736	CjpegliYcbcr	4.1
art-scans	haeckel_0040_starfish.png	jpegli	444	55	identity_auto	29.166	73.670	1.6398	CjpegliYcbcr	4.1
art-scans	haeckel_0040_starfish.png	jpegli	444	55	model_off	29.106	68.229	2.3774	CjpegliYcbcr	4.1
art-scans	haeckel_0040_starfish.png	jpegli	444	55	model_auto	28.974	66.802	2.4608	CjpegliYcbcr	4.1
art-scans	haeckel_0040_starfish.png	jpegli	444	55	model_policy	29.247	72.053	1.8557	CjpegliYcbcr	4.1
art-scans	haeckel_0040_starfish.png	jpegli	444	55	model_proj	29.251	72.123	1.8348	CjpegliYcbcr	4.1
art-scans	haeckel_0040_starfish.png	jpegli	444	75	identity_off	30.903	80.449	1.2581	CjpegliYcbcr	2.3
art-scans	haeckel_0040_starfish.png	jpegli	444	75	identity_auto	31.188	80.852	1.2321	CjpegliYcbcr	2.3
art-scans	haeckel_0040_starfish.png	jpegli	444	75	model_off	30.959	74.495	1.9932	CjpegliYcbcr	2.3
art-scans	haeckel_0040_starfish.png	jpegli	444	75	model_auto	30.574	71.824	2.2506	CjpegliYcbcr	2.3
art-scans	haeckel_0040_starfish.png	jpegli	444	75	model_policy	31.197	79.660	1.4411	CjpegliYcbcr	2.3
art-scans	haeckel_0040_starfish.png	jpegli	444	75	model_proj	31.206	79.819	1.3702	CjpegliYcbcr	2.3
art-scans	haeckel_0040_starfish.png	jpegli	444	90	identity_off	34.913	88.586	0.7372	CjpegliYcbcr	1.1
art-scans	haeckel_0040_starfish.png	jpegli	444	90	identity_auto	35.036	88.730	0.7418	CjpegliYcbcr	1.1
art-scans	haeckel_0040_starfish.png	jpegli	444	90	model_off	33.992	79.299	1.7471	CjpegliYcbcr	1.1
art-scans	haeckel_0040_starfish.png	jpegli	444	90	model_auto	32.952	75.467	2.0384	CjpegliYcbcr	1.1
art-scans	haeckel_0040_starfish.png	jpegli	444	90	model_policy	34.914	87.962	0.9242	CjpegliYcbcr	1.1
art-scans	haeckel_0040_starfish.png	jpegli	444	90	model_proj	34.941	88.273	0.8040	CjpegliYcbcr	1.1
art-scans	haeckel_0040_starfish.png	zenjpeg	420	15	identity_off	24.244	41.603	3.4978	CjpegliYcbcr	14.2
art-scans	haeckel_0040_starfish.png	zenjpeg	420	15	identity_auto	24.428	38.361	3.5171	CjpegliYcbcr	14.2
art-scans	haeckel_0040_starfish.png	zenjpeg	420	15	model_off	24.617	41.238	3.5290	CjpegliYcbcr	14.2
art-scans	haeckel_0040_starfish.png	zenjpeg	420	15	model_auto	24.675	39.502	3.4892	CjpegliYcbcr	14.2
art-scans	haeckel_0040_starfish.png	zenjpeg	420	15	model_policy	24.679	42.034	3.4736	CjpegliYcbcr	14.2
art-scans	haeckel_0040_starfish.png	zenjpeg	420	15	model_proj	24.680	42.098	3.4716	CjpegliYcbcr	14.2
art-scans	haeckel_0040_starfish.png	zenjpeg	420	35	identity_off	26.188	59.779	2.5017	CjpegliYcbcr	7.2
art-scans	haeckel_0040_starfish.png	zenjpeg	420	35	identity_auto	26.324	58.396	2.4962	CjpegliYcbcr	7.2
art-scans	haeckel_0040_starfish.png	zenjpeg	420	35	model_off	26.366	57.222	2.7365	CjpegliYcbcr	7.2
art-scans	haeckel_0040_starfish.png	zenjpeg	420	35	model_auto	26.376	56.409	2.6825	CjpegliYcbcr	7.2
art-scans	haeckel_0040_starfish.png	zenjpeg	420	35	model_policy	26.456	59.076	2.5070	CjpegliYcbcr	7.2
art-scans	haeckel_0040_starfish.png	zenjpeg	420	35	model_proj	26.470	59.255	2.4893	CjpegliYcbcr	7.2
art-scans	haeckel_0040_starfish.png	zenjpeg	420	55	identity_off	27.123	65.571	2.1220	CjpegliYcbcr	5.2
art-scans	haeckel_0040_starfish.png	zenjpeg	420	55	identity_auto	27.219	64.647	2.1567	CjpegliYcbcr	5.2
art-scans	haeckel_0040_starfish.png	zenjpeg	420	55	model_off	27.197	61.967	2.4642	CjpegliYcbcr	5.2
art-scans	haeckel_0040_starfish.png	zenjpeg	420	55	model_auto	27.165	60.777	2.5753	CjpegliYcbcr	5.2
art-scans	haeckel_0040_starfish.png	zenjpeg	420	55	model_policy	27.312	64.582	2.1800	CjpegliYcbcr	5.2
art-scans	haeckel_0040_starfish.png	zenjpeg	420	55	model_proj	27.361	64.981	2.1560	CjpegliYcbcr	5.2
art-scans	haeckel_0040_starfish.png	zenjpeg	420	75	identity_off	28.522	72.158	1.7777	CjpegliYcbcr	3.0
art-scans	haeckel_0040_starfish.png	zenjpeg	420	75	identity_auto	28.568	71.526	1.8317	CjpegliYcbcr	3.0
art-scans	haeckel_0040_starfish.png	zenjpeg	420	75	model_off	28.423	67.737	2.2245	CjpegliYcbcr	3.0
art-scans	haeckel_0040_starfish.png	zenjpeg	420	75	model_auto	28.308	65.747	2.3501	CjpegliYcbcr	3.0
art-scans	haeckel_0040_starfish.png	zenjpeg	420	75	model_policy	28.606	71.406	1.8014	CjpegliYcbcr	3.0
art-scans	haeckel_0040_starfish.png	zenjpeg	420	75	model_proj	28.851	72.755	1.7089	CjpegliYcbcr	3.0
art-scans	haeckel_0040_starfish.png	zenjpeg	420	90	identity_off	29.982	77.083	1.5569	CjpegliYcbcr	1.3
art-scans	haeckel_0040_starfish.png	zenjpeg	420	90	identity_auto	29.985	76.808	1.6222	CjpegliYcbcr	1.3
art-scans	haeckel_0040_starfish.png	zenjpeg	420	90	model_off	29.702	71.829	2.0991	CjpegliYcbcr	1.3
art-scans	haeckel_0040_starfish.png	zenjpeg	420	90	model_auto	29.491	69.715	2.1838	CjpegliYcbcr	1.3
art-scans	haeckel_0040_starfish.png	zenjpeg	420	90	model_policy	30.004	76.966	1.5496	CjpegliYcbcr	1.3
art-scans	haeckel_0040_starfish.png	zenjpeg	420	90	model_proj	30.985	81.284	1.2286	CjpegliYcbcr	1.3
art-scans	haeckel_0040_starfish.png	zenjpeg	444	15	identity_off	24.884	46.702	3.0677	CjpegliYcbcr	11.8
art-scans	haeckel_0040_starfish.png	zenjpeg	444	15	identity_auto	25.383	47.963	3.0035	CjpegliYcbcr	11.8
art-scans	haeckel_0040_starfish.png	zenjpeg	444	15	model_off	25.531	47.898	3.3402	CjpegliYcbcr	11.8
art-scans	haeckel_0040_starfish.png	zenjpeg	444	15	model_auto	25.684	47.483	3.3330	CjpegliYcbcr	11.8
art-scans	haeckel_0040_starfish.png	zenjpeg	444	15	model_policy	25.590	47.983	3.2209	CjpegliYcbcr	11.8
art-scans	haeckel_0040_starfish.png	zenjpeg	444	15	model_proj	25.590	47.991	3.2155	CjpegliYcbcr	11.8
art-scans	haeckel_0040_starfish.png	zenjpeg	444	35	identity_off	27.437	67.193	2.0438	CjpegliYcbcr	6.0
art-scans	haeckel_0040_starfish.png	zenjpeg	444	35	identity_auto	27.855	67.771	2.0018	CjpegliYcbcr	6.0
art-scans	haeckel_0040_starfish.png	zenjpeg	444	35	model_off	27.878	63.736	2.5742	CjpegliYcbcr	6.0
art-scans	haeckel_0040_starfish.png	zenjpeg	444	35	model_auto	27.875	62.985	2.6489	CjpegliYcbcr	6.0
art-scans	haeckel_0040_starfish.png	zenjpeg	444	35	model_policy	27.979	66.278	2.2228	CjpegliYcbcr	6.0
art-scans	haeckel_0040_starfish.png	zenjpeg	444	35	model_proj	27.982	66.350	2.2105	CjpegliYcbcr	6.0
art-scans	haeckel_0040_starfish.png	zenjpeg	444	55	identity_off	28.769	73.008	1.6760	CjpegliYcbcr	4.1
art-scans	haeckel_0040_starfish.png	zenjpeg	444	55	identity_auto	29.137	73.643	1.6421	CjpegliYcbcr	4.1
art-scans	haeckel_0040_starfish.png	zenjpeg	444	55	model_off	29.082	68.332	2.3448	CjpegliYcbcr	4.1
art-scans	haeckel_0040_starfish.png	zenjpeg	444	55	model_auto	28.954	66.858	2.4659	CjpegliYcbcr	4.1
art-scans	haeckel_0040_starfish.png	zenjpeg	444	55	model_policy	29.220	72.094	1.8630	CjpegliYcbcr	4.1
art-scans	haeckel_0040_starfish.png	zenjpeg	444	55	model_proj	29.224	72.185	1.8391	CjpegliYcbcr	4.1
art-scans	haeckel_0040_starfish.png	zenjpeg	444	75	identity_off	30.866	80.324	1.2642	CjpegliYcbcr	2.3
art-scans	haeckel_0040_starfish.png	zenjpeg	444	75	identity_auto	31.151	80.702	1.2394	CjpegliYcbcr	2.3
art-scans	haeckel_0040_starfish.png	zenjpeg	444	75	model_off	30.933	74.368	1.9871	CjpegliYcbcr	2.3
art-scans	haeckel_0040_starfish.png	zenjpeg	444	75	model_auto	30.551	71.617	2.2424	CjpegliYcbcr	2.3
art-scans	haeckel_0040_starfish.png	zenjpeg	444	75	model_policy	31.173	79.639	1.3759	CjpegliYcbcr	2.3
art-scans	haeckel_0040_starfish.png	zenjpeg	444	75	model_proj	31.181	79.763	1.3478	CjpegliYcbcr	2.3
art-scans	haeckel_0040_starfish.png	zenjpeg	444	90	identity_off	34.860	88.521	0.7467	CjpegliYcbcr	1.1
art-scans	haeckel_0040_starfish.png	zenjpeg	444	90	identity_auto	34.983	88.664	0.7547	CjpegliYcbcr	1.1
art-scans	haeckel_0040_starfish.png	zenjpeg	444	90	model_off	33.973	79.555	1.7215	CjpegliYcbcr	1.1
art-scans	haeckel_0040_starfish.png	zenjpeg	444	90	model_auto	32.936	75.565	2.0522	CjpegliYcbcr	1.1
art-scans	haeckel_0040_starfish.png	zenjpeg	444	90	model_policy	34.876	87.940	0.8782	CjpegliYcbcr	1.1
art-scans	haeckel_0040_starfish.png	zenjpeg	444	90	model_proj	34.899	88.135	0.8075	CjpegliYcbcr	1.1
maps	nps_nps-bibe-2023-Wild-and-Scenic-Rivers-Brochure_p01.png	turbo	420	15	identity_off	27.457	31.374	3.1410	Unknown	15.0
maps	nps_nps-bibe-2023-Wild-and-Scenic-Rivers-Brochure_p01.png	turbo	420	15	identity_auto	27.734	35.734	3.0595	Unknown	15.0
maps	nps_nps-bibe-2023-Wild-and-Scenic-Rivers-Brochure_p01.png	turbo	420	15	model_off	29.793	42.917	2.7992	Unknown	15.0
maps	nps_nps-bibe-2023-Wild-and-Scenic-Rivers-Brochure_p01.png	turbo	420	15	model_auto	29.858	43.591	2.7897	Unknown	15.0
maps	nps_nps-bibe-2023-Wild-and-Scenic-Rivers-Brochure_p01.png	turbo	420	15	model_policy	29.931	44.336	2.7925	Unknown	15.0
maps	nps_nps-bibe-2023-Wild-and-Scenic-Rivers-Brochure_p01.png	turbo	420	15	model_proj	29.931	44.331	2.7925	Unknown	15.0
maps	nps_nps-bibe-2023-Wild-and-Scenic-Rivers-Brochure_p01.png	turbo	420	35	identity_off	30.533	57.786	2.0464	ImageMagick	35.0
maps	nps_nps-bibe-2023-Wild-and-Scenic-Rivers-Brochure_p01.png	turbo	420	35	identity_auto	30.849	59.721	1.9987	ImageMagick	35.0
maps	nps_nps-bibe-2023-Wild-and-Scenic-Rivers-Brochure_p01.png	turbo	420	35	model_off	33.196	66.227	1.6322	ImageMagick	35.0
maps	nps_nps-bibe-2023-Wild-and-Scenic-Rivers-Brochure_p01.png	turbo	420	35	model_auto	33.402	67.059	1.5460	ImageMagick	35.0
maps	nps_nps-bibe-2023-Wild-and-Scenic-Rivers-Brochure_p01.png	turbo	420	35	model_policy	33.328	66.379	1.6244	ImageMagick	35.0
maps	nps_nps-bibe-2023-Wild-and-Scenic-Rivers-Brochure_p01.png	turbo	420	35	model_proj	33.328	66.398	1.6242	ImageMagick	35.0
maps	nps_nps-bibe-2023-Wild-and-Scenic-Rivers-Brochure_p01.png	turbo	420	55	identity_off	32.496	67.715	1.7223	ImageMagick	55.0
maps	nps_nps-bibe-2023-Wild-and-Scenic-Rivers-Brochure_p01.png	turbo	420	55	identity_auto	32.757	68.808	1.6732	ImageMagick	55.0
maps	nps_nps-bibe-2023-Wild-and-Scenic-Rivers-Brochure_p01.png	turbo	420	55	model_off	35.110	74.069	1.3473	ImageMagick	55.0
maps	nps_nps-bibe-2023-Wild-and-Scenic-Rivers-Brochure_p01.png	turbo	420	55	model_auto	35.277	74.610	1.2897	ImageMagick	55.0
maps	nps_nps-bibe-2023-Wild-and-Scenic-Rivers-Brochure_p01.png	turbo	420	55	model_policy	35.236	74.179	1.3412	ImageMagick	55.0
maps	nps_nps-bibe-2023-Wild-and-Scenic-Rivers-Brochure_p01.png	turbo	420	55	model_proj	35.236	74.195	1.3412	ImageMagick	55.0
maps	nps_nps-bibe-2023-Wild-and-Scenic-Rivers-Brochure_p01.png	turbo	420	75	identity_off	35.313	74.608	1.3164	ImageMagick	75.0
maps	nps_nps-bibe-2023-Wild-and-Scenic-Rivers-Brochure_p01.png	turbo	420	75	identity_auto	35.530	75.582	1.2886	ImageMagick	75.0
maps	nps_nps-bibe-2023-Wild-and-Scenic-Rivers-Brochure_p01.png	turbo	420	75	model_off	37.813	79.956	1.0280	ImageMagick	75.0
maps	nps_nps-bibe-2023-Wild-and-Scenic-Rivers-Brochure_p01.png	turbo	420	75	model_auto	37.893	80.333	0.9925	ImageMagick	75.0
maps	nps_nps-bibe-2023-Wild-and-Scenic-Rivers-Brochure_p01.png	turbo	420	75	model_policy	37.978	79.842	1.0166	ImageMagick	75.0
maps	nps_nps-bibe-2023-Wild-and-Scenic-Rivers-Brochure_p01.png	turbo	420	75	model_proj	37.978	79.849	1.0166	ImageMagick	75.0
maps	nps_nps-bibe-2023-Wild-and-Scenic-Rivers-Brochure_p01.png	turbo	420	90	identity_off	39.996	83.911	0.7953	ImageMagick	90.0
maps	nps_nps-bibe-2023-Wild-and-Scenic-Rivers-Brochure_p01.png	turbo	420	90	identity_auto	40.035	84.125	0.8061	ImageMagick	90.0
maps	nps_nps-bibe-2023-Wild-and-Scenic-Rivers-Brochure_p01.png	turbo	420	90	model_off	41.936	86.681	0.6926	ImageMagick	90.0
maps	nps_nps-bibe-2023-Wild-and-Scenic-Rivers-Brochure_p01.png	turbo	420	90	model_auto	41.835	86.709	0.6786	ImageMagick	90.0
maps	nps_nps-bibe-2023-Wild-and-Scenic-Rivers-Brochure_p01.png	turbo	420	90	model_policy	42.269	86.763	0.6858	ImageMagick	90.0
maps	nps_nps-bibe-2023-Wild-and-Scenic-Rivers-Brochure_p01.png	turbo	420	90	model_proj	42.306	86.928	0.6841	ImageMagick	90.0
maps	nps_nps-bibe-2023-Wild-and-Scenic-Rivers-Brochure_p01.png	turbo	444	15	identity_off	27.499	33.973	3.1287	Unknown	15.0
maps	nps_nps-bibe-2023-Wild-and-Scenic-Rivers-Brochure_p01.png	turbo	444	15	identity_auto	27.843	39.291	3.0422	Unknown	15.0
maps	nps_nps-bibe-2023-Wild-and-Scenic-Rivers-Brochure_p01.png	turbo	444	15	model_off	30.008	45.598	2.7871	Unknown	15.0
maps	nps_nps-bibe-2023-Wild-and-Scenic-Rivers-Brochure_p01.png	turbo	444	15	model_auto	30.128	46.621	2.7761	Unknown	15.0
maps	nps_nps-bibe-2023-Wild-and-Scenic-Rivers-Brochure_p01.png	turbo	444	15	model_policy	30.149	47.066	2.7801	Unknown	15.0
maps	nps_nps-bibe-2023-Wild-and-Scenic-Rivers-Brochure_p01.png	turbo	444	15	model_proj	30.149	47.069	2.7801	Unknown	15.0
maps	nps_nps-bibe-2023-Wild-and-Scenic-Rivers-Brochure_p01.png	turbo	444	35	identity_off	30.820	61.351	2.0386	ImageMagick	35.0
maps	nps_nps-bibe-2023-Wild-and-Scenic-Rivers-Brochure_p01.png	turbo	444	35	identity_auto	31.197	63.587	1.9932	ImageMagick	35.0
maps	nps_nps-bibe-2023-Wild-and-Scenic-Rivers-Brochure_p01.png	turbo	444	35	model_off	33.762	69.762	1.6347	ImageMagick	35.0
maps	nps_nps-bibe-2023-Wild-and-Scenic-Rivers-Brochure_p01.png	turbo	444	35	model_auto	34.032	70.531	1.5444	ImageMagick	35.0
maps	nps_nps-bibe-2023-Wild-and-Scenic-Rivers-Brochure_p01.png	turbo	444	35	model_policy	33.884	69.935	1.6270	ImageMagick	35.0
maps	nps_nps-bibe-2023-Wild-and-Scenic-Rivers-Brochure_p01.png	turbo	444	35	model_proj	33.884	69.946	1.6270	ImageMagick	35.0
maps	nps_nps-bibe-2023-Wild-and-Scenic-Rivers-Brochure_p01.png	turbo	444	55	identity_off	32.910	70.072	1.7144	ImageMagick	55.0
maps	nps_nps-bibe-2023-Wild-and-Scenic-Rivers-Brochure_p01.png	turbo	444	55	identity_auto	33.222	71.188	1.6685	ImageMagick	55.0
maps	nps_nps-bibe-2023-Wild-and-Scenic-Rivers-Brochure_p01.png	turbo	444	55	model_off	35.842	76.479	1.3519	ImageMagick	55.0
maps	nps_nps-bibe-2023-Wild-and-Scenic-Rivers-Brochure_p01.png	turbo	444	55	model_auto	36.047	76.972	1.2945	ImageMagick	55.0
maps	nps_nps-bibe-2023-Wild-and-Scenic-Rivers-Brochure_p01.png	turbo	444	55	model_policy	35.942	76.547	1.3464	ImageMagick	55.0
maps	nps_nps-bibe-2023-Wild-and-Scenic-Rivers-Brochure_p01.png	turbo	444	55	model_proj	35.944	76.586	1.3461	ImageMagick	55.0
maps	nps_nps-bibe-2023-Wild-and-Scenic-Rivers-Brochure_p01.png	turbo	444	75	identity_off	35.997	77.251	1.2900	ImageMagick	75.0
maps	nps_nps-bibe-2023-Wild-and-Scenic-Rivers-Brochure_p01.png	turbo	444	75	identity_auto	36.284	78.193	1.2603	ImageMagick	75.0
maps	nps_nps-bibe-2023-Wild-and-Scenic-Rivers-Brochure_p01.png	turbo	444	75	model_off	38.837	82.328	0.9892	ImageMagick	75.0
maps	nps_nps-bibe-2023-Wild-and-Scenic-Rivers-Brochure_p01.png	turbo	444	75	model_auto	38.944	82.671	0.9520	ImageMagick	75.0
maps	nps_nps-bibe-2023-Wild-and-Scenic-Rivers-Brochure_p01.png	turbo	444	75	model_policy	38.975	82.389	0.9832	ImageMagick	75.0
maps	nps_nps-bibe-2023-Wild-and-Scenic-Rivers-Brochure_p01.png	turbo	444	75	model_proj	38.978	82.378	0.9823	ImageMagick	75.0
maps	nps_nps-bibe-2023-Wild-and-Scenic-Rivers-Brochure_p01.png	turbo	444	90	identity_off	41.467	85.863	0.7630	ImageMagick	90.0
maps	nps_nps-bibe-2023-Wild-and-Scenic-Rivers-Brochure_p01.png	turbo	444	90	identity_auto	41.543	86.071	0.7768	ImageMagick	90.0
maps	nps_nps-bibe-2023-Wild-and-Scenic-Rivers-Brochure_p01.png	turbo	444	90	model_off	43.711	88.425	0.6629	ImageMagick	90.0
maps	nps_nps-bibe-2023-Wild-and-Scenic-Rivers-Brochure_p01.png	turbo	444	90	model_auto	43.535	88.349	0.6436	ImageMagick	90.0
maps	nps_nps-bibe-2023-Wild-and-Scenic-Rivers-Brochure_p01.png	turbo	444	90	model_policy	44.005	88.598	0.6580	ImageMagick	90.0
maps	nps_nps-bibe-2023-Wild-and-Scenic-Rivers-Brochure_p01.png	turbo	444	90	model_proj	44.063	88.698	0.6629	ImageMagick	90.0
maps	nps_nps-bibe-2023-Wild-and-Scenic-Rivers-Brochure_p01.png	mozjpeg	420	15	identity_off	24.867	25.018	3.9680	Mozjpeg	15.0
maps	nps_nps-bibe-2023-Wild-and-Scenic-Rivers-Brochure_p01.png	mozjpeg	420	15	identity_auto	25.221	27.447	3.9433	Mozjpeg	15.0
maps	nps_nps-bibe-2023-Wild-and-Scenic-Rivers-Brochure_p01.png	mozjpeg	420	15	model_off	26.796	33.504	3.4853	Mozjpeg	15.0
maps	nps_nps-bibe-2023-Wild-and-Scenic-Rivers-Brochure_p01.png	mozjpeg	420	15	model_auto	26.739	33.434	3.5395	Mozjpeg	15.0
maps	nps_nps-bibe-2023-Wild-and-Scenic-Rivers-Brochure_p01.png	mozjpeg	420	15	model_policy	27.224	34.744	3.3799	Mozjpeg	15.0
maps	nps_nps-bibe-2023-Wild-and-Scenic-Rivers-Brochure_p01.png	mozjpeg	420	15	model_proj	27.223	34.735	3.3803	Mozjpeg	15.0
maps	nps_nps-bibe-2023-Wild-and-Scenic-Rivers-Brochure_p01.png	mozjpeg	420	35	identity_off	27.513	54.113	2.4922	Mozjpeg	35.0
maps	nps_nps-bibe-2023-Wild-and-Scenic-Rivers-Brochure_p01.png	mozjpeg	420	35	identity_auto	27.727	55.133	2.5179	Mozjpeg	35.0
maps	nps_nps-bibe-2023-Wild-and-Scenic-Rivers-Brochure_p01.png	mozjpeg	420	35	model_off	30.153	62.378	1.9903	Mozjpeg	35.0
maps	nps_nps-bibe-2023-Wild-and-Scenic-Rivers-Brochure_p01.png	mozjpeg	420	35	model_auto	30.366	62.707	1.9869	Mozjpeg	35.0
maps	nps_nps-bibe-2023-Wild-and-Scenic-Rivers-Brochure_p01.png	mozjpeg	420	35	model_policy	30.449	62.872	1.9334	Mozjpeg	35.0
maps	nps_nps-bibe-2023-Wild-and-Scenic-Rivers-Brochure_p01.png	mozjpeg	420	35	model_proj	30.447	62.878	1.9334	Mozjpeg	35.0
maps	nps_nps-bibe-2023-Wild-and-Scenic-Rivers-Brochure_p01.png	mozjpeg	420	55	identity_off	29.136	66.031	1.9398	Mozjpeg	55.0
maps	nps_nps-bibe-2023-Wild-and-Scenic-Rivers-Brochure_p01.png	mozjpeg	420	55	identity_auto	29.302	66.415	1.9433	Mozjpeg	55.0
maps	nps_nps-bibe-2023-Wild-and-Scenic-Rivers-Brochure_p01.png	mozjpeg	420	55	model_off	31.849	72.139	1.4722	Mozjpeg	55.0
maps	nps_nps-bibe-2023-Wild-and-Scenic-Rivers-Brochure_p01.png	mozjpeg	420	55	model_auto	32.042	72.245	1.5227	Mozjpeg	55.0
maps	nps_nps-bibe-2023-Wild-and-Scenic-Rivers-Brochure_p01.png	mozjpeg	420	55	model_policy	32.165	72.260	1.4392	Mozjpeg	55.0
maps	nps_nps-bibe-2023-Wild-and-Scenic-Rivers-Brochure_p01.png	mozjpeg	420	55	model_proj	32.165	72.277	1.4391	Mozjpeg	55.0
maps	nps_nps-bibe-2023-Wild-and-Scenic-Rivers-Brochure_p01.png	mozjpeg	420	75	identity_off	31.715	72.909	1.4436	Mozjpeg	75.0
maps	nps_nps-bibe-2023-Wild-and-Scenic-Rivers-Brochure_p01.png	mozjpeg	420	75	identity_auto	31.858	73.690	1.4195	Mozjpeg	75.0
maps	nps_nps-bibe-2023-Wild-and-Scenic-Rivers-Brochure_p01.png	mozjpeg	420	75	model_off	34.524	78.381	1.0663	Mozjpeg	75.0
maps	nps_nps-bibe-2023-Wild-and-Scenic-Rivers-Brochure_p01.png	mozjpeg	420	75	model_auto	34.640	78.662	1.0450	Mozjpeg	75.0
maps	nps_nps-bibe-2023-Wild-and-Scenic-Rivers-Brochure_p01.png	mozjpeg	420	75	model_policy	34.772	78.411	1.0589	Mozjpeg	75.0
maps	nps_nps-bibe-2023-Wild-and-Scenic-Rivers-Brochure_p01.png	mozjpeg	420	75	model_proj	34.772	78.422	1.0590	Mozjpeg	75.0
maps	nps_nps-bibe-2023-Wild-and-Scenic-Rivers-Brochure_p01.png	mozjpeg	420	90	identity_off	36.231	81.173	0.9398	Mozjpeg	90.0
maps	nps_nps-bibe-2023-Wild-and-Scenic-Rivers-Brochure_p01.png	mozjpeg	420	90	identity_auto	36.274	81.516	0.9498	Mozjpeg	90.0
maps	nps_nps-bibe-2023-Wild-and-Scenic-Rivers-Brochure_p01.png	mozjpeg	420	90	model_off	38.803	84.564	0.7401	Mozjpeg	90.0
maps	nps_nps-bibe-2023-Wild-and-Scenic-Rivers-Brochure_p01.png	mozjpeg	420	90	model_auto	38.734	84.726	0.7400	Mozjpeg	90.0
maps	nps_nps-bibe-2023-Wild-and-Scenic-Rivers-Brochure_p01.png	mozjpeg	420	90	model_policy	39.151	84.805	0.7326	Mozjpeg	90.0
maps	nps_nps-bibe-2023-Wild-and-Scenic-Rivers-Brochure_p01.png	mozjpeg	420	90	model_proj	39.164	85.030	0.7315	Mozjpeg	90.0
maps	nps_nps-bibe-2023-Wild-and-Scenic-Rivers-Brochure_p01.png	mozjpeg	444	15	identity_off	24.903	26.861	3.9473	Mozjpeg	15.0
maps	nps_nps-bibe-2023-Wild-and-Scenic-Rivers-Brochure_p01.png	mozjpeg	444	15	identity_auto	25.285	29.871	3.9184	Mozjpeg	15.0
maps	nps_nps-bibe-2023-Wild-and-Scenic-Rivers-Brochure_p01.png	mozjpeg	444	15	model_off	26.892	35.282	3.4650	Mozjpeg	15.0
maps	nps_nps-bibe-2023-Wild-and-Scenic-Rivers-Brochure_p01.png	mozjpeg	444	15	model_auto	26.868	35.327	3.5149	Mozjpeg	15.0
maps	nps_nps-bibe-2023-Wild-and-Scenic-Rivers-Brochure_p01.png	mozjpeg	444	15	model_policy	27.340	36.615	3.3646	Mozjpeg	15.0
maps	nps_nps-bibe-2023-Wild-and-Scenic-Rivers-Brochure_p01.png	mozjpeg	444	15	model_proj	27.337	36.604	3.3658	Mozjpeg	15.0
maps	nps_nps-bibe-2023-Wild-and-Scenic-Rivers-Brochure_p01.png	mozjpeg	444	35	identity_off	27.643	57.223	2.4946	Mozjpeg	35.0
maps	nps_nps-bibe-2023-Wild-and-Scenic-Rivers-Brochure_p01.png	mozjpeg	444	35	identity_auto	27.879	58.433	2.5151	Mozjpeg	35.0
maps	nps_nps-bibe-2023-Wild-and-Scenic-Rivers-Brochure_p01.png	mozjpeg	444	35	model_off	30.375	65.003	2.0081	Mozjpeg	35.0
maps	nps_nps-bibe-2023-Wild-and-Scenic-Rivers-Brochure_p01.png	mozjpeg	444	35	model_auto	30.620	65.283	2.0012	Mozjpeg	35.0
maps	nps_nps-bibe-2023-Wild-and-Scenic-Rivers-Brochure_p01.png	mozjpeg	444	35	model_policy	30.699	65.583	1.9518	Mozjpeg	35.0
maps	nps_nps-bibe-2023-Wild-and-Scenic-Rivers-Brochure_p01.png	mozjpeg	444	35	model_proj	30.698	65.578	1.9518	Mozjpeg	35.0
maps	nps_nps-bibe-2023-Wild-and-Scenic-Rivers-Brochure_p01.png	mozjpeg	444	55	identity_off	29.302	67.853	1.9316	Mozjpeg	55.0
maps	nps_nps-bibe-2023-Wild-and-Scenic-Rivers-Brochure_p01.png	mozjpeg	444	55	identity_auto	29.479	68.328	1.9308	Mozjpeg	55.0
maps	nps_nps-bibe-2023-Wild-and-Scenic-Rivers-Brochure_p01.png	mozjpeg	444	55	model_off	32.105	73.876	1.4725	Mozjpeg	55.0
maps	nps_nps-bibe-2023-Wild-and-Scenic-Rivers-Brochure_p01.png	mozjpeg	444	55	model_auto	32.326	74.085	1.5192	Mozjpeg	55.0
maps	nps_nps-bibe-2023-Wild-and-Scenic-Rivers-Brochure_p01.png	mozjpeg	444	55	model_policy	32.443	74.136	1.4372	Mozjpeg	55.0
maps	nps_nps-bibe-2023-Wild-and-Scenic-Rivers-Brochure_p01.png	mozjpeg	444	55	model_proj	32.444	74.189	1.4368	Mozjpeg	55.0
maps	nps_nps-bibe-2023-Wild-and-Scenic-Rivers-Brochure_p01.png	mozjpeg	444	75	identity_off	31.958	74.532	1.4317	Mozjpeg	75.0
maps	nps_nps-bibe-2023-Wild-and-Scenic-Rivers-Brochure_p01.png	mozjpeg	444	75	identity_auto	32.116	75.352	1.4079	Mozjpeg	75.0
maps	nps_nps-bibe-2023-Wild-and-Scenic-Rivers-Brochure_p01.png	mozjpeg	444	75	model_off	34.844	79.791	1.0614	Mozjpeg	75.0
maps	nps_nps-bibe-2023-Wild-and-Scenic-Rivers-Brochure_p01.png	mozjpeg	444	75	model_auto	34.974	80.021	1.0385	Mozjpeg	75.0
maps	nps_nps-bibe-2023-Wild-and-Scenic-Rivers-Brochure_p01.png	mozjpeg	444	75	model_policy	35.091	79.994	1.0533	Mozjpeg	75.0
maps	nps_nps-bibe-2023-Wild-and-Scenic-Rivers-Brochure_p01.png	mozjpeg	444	75	model_proj	35.093	80.033	1.0534	Mozjpeg	75.0
maps	nps_nps-bibe-2023-Wild-and-Scenic-Rivers-Brochure_p01.png	mozjpeg	444	90	identity_off	36.641	82.529	0.9229	Mozjpeg	90.0
maps	nps_nps-bibe-2023-Wild-and-Scenic-Rivers-Brochure_p01.png	mozjpeg	444	90	identity_auto	36.692	82.839	0.9366	Mozjpeg	90.0
maps	nps_nps-bibe-2023-Wild-and-Scenic-Rivers-Brochure_p01.png	mozjpeg	444	90	model_off	39.302	85.727	0.7321	Mozjpeg	90.0
maps	nps_nps-bibe-2023-Wild-and-Scenic-Rivers-Brochure_p01.png	mozjpeg	444	90	model_auto	39.219	85.737	0.7244	Mozjpeg	90.0
maps	nps_nps-bibe-2023-Wild-and-Scenic-Rivers-Brochure_p01.png	mozjpeg	444	90	model_policy	39.611	85.906	0.7213	Mozjpeg	90.0
maps	nps_nps-bibe-2023-Wild-and-Scenic-Rivers-Brochure_p01.png	mozjpeg	444	90	model_proj	39.632	86.015	0.7249	Mozjpeg	90.0
maps	nps_nps-bibe-2023-Wild-and-Scenic-Rivers-Brochure_p01.png	jpegli	420	15	identity_off	27.319	48.627	2.7051	CjpegliYcbcr	14.2
maps	nps_nps-bibe-2023-Wild-and-Scenic-Rivers-Brochure_p01.png	jpegli	420	15	identity_auto	27.628	48.659	2.6997	CjpegliYcbcr	14.2
maps	nps_nps-bibe-2023-Wild-and-Scenic-Rivers-Brochure_p01.png	jpegli	420	15	model_off	29.695	57.085	2.2660	CjpegliYcbcr	14.2
maps	nps_nps-bibe-2023-Wild-and-Scenic-Rivers-Brochure_p01.png	jpegli	420	15	model_auto	29.879	56.285	2.2909	CjpegliYcbcr	14.2
maps	nps_nps-bibe-2023-Wild-and-Scenic-Rivers-Brochure_p01.png	jpegli	420	15	model_policy	29.979	57.433	2.2308	CjpegliYcbcr	14.2
maps	nps_nps-bibe-2023-Wild-and-Scenic-Rivers-Brochure_p01.png	jpegli	420	15	model_proj	29.979	57.435	2.2308	CjpegliYcbcr	14.2
maps	nps_nps-bibe-2023-Wild-and-Scenic-Rivers-Brochure_p01.png	jpegli	420	35	identity_off	30.443	64.028	1.8752	CjpegliYcbcr	7.2
maps	nps_nps-bibe-2023-Wild-and-Scenic-Rivers-Brochure_p01.png	jpegli	420	35	identity_auto	30.721	64.966	1.8060	CjpegliYcbcr	7.2
maps	nps_nps-bibe-2023-Wild-and-Scenic-Rivers-Brochure_p01.png	jpegli	420	35	model_off	32.929	70.245	1.4616	CjpegliYcbcr	7.2
maps	nps_nps-bibe-2023-Wild-and-Scenic-Rivers-Brochure_p01.png	jpegli	420	35	model_auto	33.151	70.544	1.4070	CjpegliYcbcr	7.2
maps	nps_nps-bibe-2023-Wild-and-Scenic-Rivers-Brochure_p01.png	jpegli	420	35	model_policy	33.134	70.310	1.4519	CjpegliYcbcr	7.2
maps	nps_nps-bibe-2023-Wild-and-Scenic-Rivers-Brochure_p01.png	jpegli	420	35	model_proj	33.134	70.302	1.4518	CjpegliYcbcr	7.2
maps	nps_nps-bibe-2023-Wild-and-Scenic-Rivers-Brochure_p01.png	jpegli	420	55	identity_off	32.346	70.847	1.5020	CjpegliYcbcr	5.2
maps	nps_nps-bibe-2023-Wild-and-Scenic-Rivers-Brochure_p01.png	jpegli	420	55	identity_auto	32.582	71.516	1.4431	CjpegliYcbcr	5.2
maps	nps_nps-bibe-2023-Wild-and-Scenic-Rivers-Brochure_p01.png	jpegli	420	55	model_off	34.776	76.007	1.1304	CjpegliYcbcr	5.2
maps	nps_nps-bibe-2023-Wild-and-Scenic-Rivers-Brochure_p01.png	jpegli	420	55	model_auto	34.933	76.260	1.1093	CjpegliYcbcr	5.2
maps	nps_nps-bibe-2023-Wild-and-Scenic-Rivers-Brochure_p01.png	jpegli	420	55	model_policy	34.947	76.054	1.1265	CjpegliYcbcr	5.2
maps	nps_nps-bibe-2023-Wild-and-Scenic-Rivers-Brochure_p01.png	jpegli	420	55	model_proj	34.948	76.052	1.1265	CjpegliYcbcr	5.2
maps	nps_nps-bibe-2023-Wild-and-Scenic-Rivers-Brochure_p01.png	jpegli	420	75	identity_off	35.624	76.749	1.0781	CjpegliYcbcr	3.0
maps	nps_nps-bibe-2023-Wild-and-Scenic-Rivers-Brochure_p01.png	jpegli	420	75	identity_auto	35.814	77.578	1.0428	CjpegliYcbcr	3.0
maps	nps_nps-bibe-2023-Wild-and-Scenic-Rivers-Brochure_p01.png	jpegli	420	75	model_off	37.789	80.757	0.8332	CjpegliYcbcr	3.0
maps	nps_nps-bibe-2023-Wild-and-Scenic-Rivers-Brochure_p01.png	jpegli	420	75	model_auto	37.832	81.204	0.8360	CjpegliYcbcr	3.0
maps	nps_nps-bibe-2023-Wild-and-Scenic-Rivers-Brochure_p01.png	jpegli	420	75	model_policy	37.985	80.637	0.8305	CjpegliYcbcr	3.0
maps	nps_nps-bibe-2023-Wild-and-Scenic-Rivers-Brochure_p01.png	jpegli	420	75	model_proj	37.988	80.656	0.8296	CjpegliYcbcr	3.0
maps	nps_nps-bibe-2023-Wild-and-Scenic-Rivers-Brochure_p01.png	jpegli	420	90	identity_off	40.257	82.922	0.7719	CjpegliYcbcr	1.3
maps	nps_nps-bibe-2023-Wild-and-Scenic-Rivers-Brochure_p01.png	jpegli	420	90	identity_auto	40.315	83.357	0.7897	CjpegliYcbcr	1.3
maps	nps_nps-bibe-2023-Wild-and-Scenic-Rivers-Brochure_p01.png	jpegli	420	90	model_off	41.884	85.338	0.7664	CjpegliYcbcr	1.3
maps	nps_nps-bibe-2023-Wild-and-Scenic-Rivers-Brochure_p01.png	jpegli	420	90	model_auto	41.802	85.700	0.7315	CjpegliYcbcr	1.3
maps	nps_nps-bibe-2023-Wild-and-Scenic-Rivers-Brochure_p01.png	jpegli	420	90	model_policy	42.274	85.350	0.7546	CjpegliYcbcr	1.3
maps	nps_nps-bibe-2023-Wild-and-Scenic-Rivers-Brochure_p01.png	jpegli	420	90	model_proj	42.276	86.089	0.7358	CjpegliYcbcr	1.3
maps	nps_nps-bibe-2023-Wild-and-Scenic-Rivers-Brochure_p01.png	jpegli	444	15	identity_off	28.036	49.560	2.5883	CjpegliYcbcr	11.8
maps	nps_nps-bibe-2023-Wild-and-Scenic-Rivers-Brochure_p01.png	jpegli	444	15	identity_auto	28.366	51.410	2.5637	CjpegliYcbcr	11.8
maps	nps_nps-bibe-2023-Wild-and-Scenic-Rivers-Brochure_p01.png	jpegli	444	15	model_off	30.469	58.464	2.2785	CjpegliYcbcr	11.8
maps	nps_nps-bibe-2023-Wild-and-Scenic-Rivers-Brochure_p01.png	jpegli	444	15	model_auto	30.699	58.169	2.2869	CjpegliYcbcr	11.8
maps	nps_nps-bibe-2023-Wild-and-Scenic-Rivers-Brochure_p01.png	jpegli	444	15	model_policy	30.692	59.147	2.2892	CjpegliYcbcr	11.8
maps	nps_nps-bibe-2023-Wild-and-Scenic-Rivers-Brochure_p01.png	jpegli	444	15	model_proj	30.692	59.148	2.2892	CjpegliYcbcr	11.8
maps	nps_nps-bibe-2023-Wild-and-Scenic-Rivers-Brochure_p01.png	jpegli	444	35	identity_off	31.299	65.393	1.8118	CjpegliYcbcr	6.0
maps	nps_nps-bibe-2023-Wild-and-Scenic-Rivers-Brochure_p01.png	jpegli	444	35	identity_auto	31.591	66.579	1.7645	CjpegliYcbcr	6.0
maps	nps_nps-bibe-2023-Wild-and-Scenic-Rivers-Brochure_p01.png	jpegli	444	35	model_off	33.680	71.880	1.5771	CjpegliYcbcr	6.0
maps	nps_nps-bibe-2023-Wild-and-Scenic-Rivers-Brochure_p01.png	jpegli	444	35	model_auto	33.864	71.881	1.6337	CjpegliYcbcr	6.0
maps	nps_nps-bibe-2023-Wild-and-Scenic-Rivers-Brochure_p01.png	jpegli	444	35	model_policy	33.846	71.759	1.5857	CjpegliYcbcr	6.0
maps	nps_nps-bibe-2023-Wild-and-Scenic-Rivers-Brochure_p01.png	jpegli	444	35	model_proj	33.846	71.770	1.5857	CjpegliYcbcr	6.0
maps	nps_nps-bibe-2023-Wild-and-Scenic-Rivers-Brochure_p01.png	jpegli	444	55	identity_off	33.368	72.982	1.4115	CjpegliYcbcr	4.1
maps	nps_nps-bibe-2023-Wild-and-Scenic-Rivers-Brochure_p01.png	jpegli	444	55	identity_auto	33.632	74.061	1.3629	CjpegliYcbcr	4.1
maps	nps_nps-bibe-2023-Wild-and-Scenic-Rivers-Brochure_p01.png	jpegli	444	55	model_off	35.693	78.084	1.1191	CjpegliYcbcr	4.1
maps	nps_nps-bibe-2023-Wild-and-Scenic-Rivers-Brochure_p01.png	jpegli	444	55	model_auto	35.792	78.281	1.1756	CjpegliYcbcr	4.1
maps	nps_nps-bibe-2023-Wild-and-Scenic-Rivers-Brochure_p01.png	jpegli	444	55	model_policy	35.855	78.069	1.1189	CjpegliYcbcr	4.1
maps	nps_nps-bibe-2023-Wild-and-Scenic-Rivers-Brochure_p01.png	jpegli	444	55	model_proj	35.855	78.091	1.1188	CjpegliYcbcr	4.1
maps	nps_nps-bibe-2023-Wild-and-Scenic-Rivers-Brochure_p01.png	jpegli	444	75	identity_off	36.533	77.931	0.9925	CjpegliYcbcr	2.3
maps	nps_nps-bibe-2023-Wild-and-Scenic-Rivers-Brochure_p01.png	jpegli	444	75	identity_auto	36.752	78.729	0.9820	CjpegliYcbcr	2.3
maps	nps_nps-bibe-2023-Wild-and-Scenic-Rivers-Brochure_p01.png	jpegli	444	75	model_off	38.628	81.746	0.8716	CjpegliYcbcr	2.3
maps	nps_nps-bibe-2023-Wild-and-Scenic-Rivers-Brochure_p01.png	jpegli	444	75	model_auto	38.684	82.141	0.8309	CjpegliYcbcr	2.3
maps	nps_nps-bibe-2023-Wild-and-Scenic-Rivers-Brochure_p01.png	jpegli	444	75	model_policy	38.838	81.726	0.8638	CjpegliYcbcr	2.3
maps	nps_nps-bibe-2023-Wild-and-Scenic-Rivers-Brochure_p01.png	jpegli	444	75	model_proj	38.840	81.728	0.8636	CjpegliYcbcr	2.3
maps	nps_nps-bibe-2023-Wild-and-Scenic-Rivers-Brochure_p01.png	jpegli	444	90	identity_off	41.050	84.041	0.7287	CjpegliYcbcr	1.1
maps	nps_nps-bibe-2023-Wild-and-Scenic-Rivers-Brochure_p01.png	jpegli	444	90	identity_auto	41.137	84.444	0.7533	CjpegliYcbcr	1.1
maps	nps_nps-bibe-2023-Wild-and-Scenic-Rivers-Brochure_p01.png	jpegli	444	90	model_off	42.721	86.077	0.7381	CjpegliYcbcr	1.1
maps	nps_nps-bibe-2023-Wild-and-Scenic-Rivers-Brochure_p01.png	jpegli	444	90	model_auto	42.672	86.290	0.6804	CjpegliYcbcr	1.1
maps	nps_nps-bibe-2023-Wild-and-Scenic-Rivers-Brochure_p01.png	jpegli	444	90	model_policy	43.089	86.101	0.7292	CjpegliYcbcr	1.1
maps	nps_nps-bibe-2023-Wild-and-Scenic-Rivers-Brochure_p01.png	jpegli	444	90	model_proj	43.135	86.423	0.7154	CjpegliYcbcr	1.1
maps	nps_nps-bibe-2023-Wild-and-Scenic-Rivers-Brochure_p01.png	zenjpeg	420	15	identity_off	27.278	48.310	2.7182	CjpegliYcbcr	14.2
maps	nps_nps-bibe-2023-Wild-and-Scenic-Rivers-Brochure_p01.png	zenjpeg	420	15	identity_auto	27.583	48.623	2.7153	CjpegliYcbcr	14.2
maps	nps_nps-bibe-2023-Wild-and-Scenic-Rivers-Brochure_p01.png	zenjpeg	420	15	model_off	29.638	56.882	2.2818	CjpegliYcbcr	14.2
maps	nps_nps-bibe-2023-Wild-and-Scenic-Rivers-Brochure_p01.png	zenjpeg	420	15	model_auto	29.822	56.143	2.3056	CjpegliYcbcr	14.2
maps	nps_nps-bibe-2023-Wild-and-Scenic-Rivers-Brochure_p01.png	zenjpeg	420	15	model_policy	29.929	57.359	2.2434	CjpegliYcbcr	14.2
maps	nps_nps-bibe-2023-Wild-and-Scenic-Rivers-Brochure_p01.png	zenjpeg	420	15	model_proj	29.929	57.353	2.2434	CjpegliYcbcr	14.2
maps	nps_nps-bibe-2023-Wild-and-Scenic-Rivers-Brochure_p01.png	zenjpeg	420	35	identity_off	30.375	63.628	1.9093	CjpegliYcbcr	7.2
maps	nps_nps-bibe-2023-Wild-and-Scenic-Rivers-Brochure_p01.png	zenjpeg	420	35	identity_auto	30.652	64.606	1.8447	CjpegliYcbcr	7.2
maps	nps_nps-bibe-2023-Wild-and-Scenic-Rivers-Brochure_p01.png	zenjpeg	420	35	model_off	32.853	69.907	1.5318	CjpegliYcbcr	7.2
maps	nps_nps-bibe-2023-Wild-and-Scenic-Rivers-Brochure_p01.png	zenjpeg	420	35	model_auto	33.073	70.286	1.4678	CjpegliYcbcr	7.2
maps	nps_nps-bibe-2023-Wild-and-Scenic-Rivers-Brochure_p01.png	zenjpeg	420	35	model_policy	33.060	70.011	1.5218	CjpegliYcbcr	7.2
maps	nps_nps-bibe-2023-Wild-and-Scenic-Rivers-Brochure_p01.png	zenjpeg	420	35	model_proj	33.061	70.031	1.5217	CjpegliYcbcr	7.2
maps	nps_nps-bibe-2023-Wild-and-Scenic-Rivers-Brochure_p01.png	zenjpeg	420	55	identity_off	32.252	70.590	1.5079	CjpegliYcbcr	5.2
maps	nps_nps-bibe-2023-Wild-and-Scenic-Rivers-Brochure_p01.png	zenjpeg	420	55	identity_auto	32.484	71.344	1.4558	CjpegliYcbcr	5.2
maps	nps_nps-bibe-2023-Wild-and-Scenic-Rivers-Brochure_p01.png	zenjpeg	420	55	model_off	34.661	75.928	1.1471	CjpegliYcbcr	5.2
maps	nps_nps-bibe-2023-Wild-and-Scenic-Rivers-Brochure_p01.png	zenjpeg	420	55	model_auto	34.815	76.209	1.1242	CjpegliYcbcr	5.2
maps	nps_nps-bibe-2023-Wild-and-Scenic-Rivers-Brochure_p01.png	zenjpeg	420	55	model_policy	34.832	75.817	1.1377	CjpegliYcbcr	5.2
maps	nps_nps-bibe-2023-Wild-and-Scenic-Rivers-Brochure_p01.png	zenjpeg	420	55	model_proj	34.833	75.854	1.1377	CjpegliYcbcr	5.2
maps	nps_nps-bibe-2023-Wild-and-Scenic-Rivers-Brochure_p01.png	zenjpeg	420	75	identity_off	35.533	76.552	1.0845	CjpegliYcbcr	3.0
maps	nps_nps-bibe-2023-Wild-and-Scenic-Rivers-Brochure_p01.png	zenjpeg	420	75	identity_auto	35.718	77.422	1.0517	CjpegliYcbcr	3.0
maps	nps_nps-bibe-2023-Wild-and-Scenic-Rivers-Brochure_p01.png	zenjpeg	420	75	model_off	37.679	80.759	0.8305	CjpegliYcbcr	3.0
maps	nps_nps-bibe-2023-Wild-and-Scenic-Rivers-Brochure_p01.png	zenjpeg	420	75	model_auto	37.718	81.026	0.8315	CjpegliYcbcr	3.0
maps	nps_nps-bibe-2023-Wild-and-Scenic-Rivers-Brochure_p01.png	zenjpeg	420	75	model_policy	37.875	80.570	0.8272	CjpegliYcbcr	3.0
maps	nps_nps-bibe-2023-Wild-and-Scenic-Rivers-Brochure_p01.png	zenjpeg	420	75	model_proj	37.879	80.643	0.8264	CjpegliYcbcr	3.0
maps	nps_nps-bibe-2023-Wild-and-Scenic-Rivers-Brochure_p01.png	zenjpeg	420	90	identity_off	40.140	83.443	0.7310	CjpegliYcbcr	1.3
maps	nps_nps-bibe-2023-Wild-and-Scenic-Rivers-Brochure_p01.png	zenjpeg	420	90	identity_auto	40.180	83.833	0.7530	CjpegliYcbcr	1.3
maps	nps_nps-bibe-2023-Wild-and-Scenic-Rivers-Brochure_p01.png	zenjpeg	420	90	model_off	41.745	85.704	0.7095	CjpegliYcbcr	1.3
maps	nps_nps-bibe-2023-Wild-and-Scenic-Rivers-Brochure_p01.png	zenjpeg	420	90	model_auto	41.615	85.832	0.6983	CjpegliYcbcr	1.3
maps	nps_nps-bibe-2023-Wild-and-Scenic-Rivers-Brochure_p01.png	zenjpeg	420	90	model_policy	42.136	85.681	0.6996	CjpegliYcbcr	1.3
maps	nps_nps-bibe-2023-Wild-and-Scenic-Rivers-Brochure_p01.png	zenjpeg	420	90	model_proj	42.163	86.229	0.6925	CjpegliYcbcr	1.3
maps	nps_nps-bibe-2023-Wild-and-Scenic-Rivers-Brochure_p01.png	zenjpeg	444	15	identity_off	27.986	47.974	2.5925	CjpegliYcbcr	11.8
maps	nps_nps-bibe-2023-Wild-and-Scenic-Rivers-Brochure_p01.png	zenjpeg	444	15	identity_auto	28.315	50.270	2.5767	CjpegliYcbcr	11.8
maps	nps_nps-bibe-2023-Wild-and-Scenic-Rivers-Brochure_p01.png	zenjpeg	444	15	model_off	30.421	57.625	2.2590	CjpegliYcbcr	11.8
maps	nps_nps-bibe-2023-Wild-and-Scenic-Rivers-Brochure_p01.png	zenjpeg	444	15	model_auto	30.650	57.324	2.2726	CjpegliYcbcr	11.8
maps	nps_nps-bibe-2023-Wild-and-Scenic-Rivers-Brochure_p01.png	zenjpeg	444	15	model_policy	30.647	58.628	2.2622	CjpegliYcbcr	11.8
maps	nps_nps-bibe-2023-Wild-and-Scenic-Rivers-Brochure_p01.png	zenjpeg	444	15	model_proj	30.647	58.637	2.2622	CjpegliYcbcr	11.8
maps	nps_nps-bibe-2023-Wild-and-Scenic-Rivers-Brochure_p01.png	zenjpeg	444	35	identity_off	31.192	64.846	1.8678	CjpegliYcbcr	6.0
maps	nps_nps-bibe-2023-Wild-and-Scenic-Rivers-Brochure_p01.png	zenjpeg	444	35	identity_auto	31.479	66.177	1.8280	CjpegliYcbcr	6.0
maps	nps_nps-bibe-2023-Wild-and-Scenic-Rivers-Brochure_p01.png	zenjpeg	444	35	model_off	33.527	71.410	1.6693	CjpegliYcbcr	6.0
maps	nps_nps-bibe-2023-Wild-and-Scenic-Rivers-Brochure_p01.png	zenjpeg	444	35	model_auto	33.706	71.443	1.7081	CjpegliYcbcr	6.0
maps	nps_nps-bibe-2023-Wild-and-Scenic-Rivers-Brochure_p01.png	zenjpeg	444	35	model_policy	33.697	71.551	1.6624	CjpegliYcbcr	6.0
maps	nps_nps-bibe-2023-Wild-and-Scenic-Rivers-Brochure_p01.png	zenjpeg	444	35	model_proj	33.697	71.585	1.6624	CjpegliYcbcr	6.0
maps	nps_nps-bibe-2023-Wild-and-Scenic-Rivers-Brochure_p01.png	zenjpeg	444	55	identity_off	33.273	72.856	1.4550	CjpegliYcbcr	4.1
maps	nps_nps-bibe-2023-Wild-and-Scenic-Rivers-Brochure_p01.png	zenjpeg	444	55	identity_auto	33.530	73.865	1.4123	CjpegliYcbcr	4.1
maps	nps_nps-bibe-2023-Wild-and-Scenic-Rivers-Brochure_p01.png	zenjpeg	444	55	model_off	35.549	77.941	1.2119	CjpegliYcbcr	4.1
maps	nps_nps-bibe-2023-Wild-and-Scenic-Rivers-Brochure_p01.png	zenjpeg	444	55	model_auto	35.646	78.200	1.2767	CjpegliYcbcr	4.1
maps	nps_nps-bibe-2023-Wild-and-Scenic-Rivers-Brochure_p01.png	zenjpeg	444	55	model_policy	35.708	78.012	1.2116	CjpegliYcbcr	4.1
maps	nps_nps-bibe-2023-Wild-and-Scenic-Rivers-Brochure_p01.png	zenjpeg	444	55	model_proj	35.708	77.992	1.2116	CjpegliYcbcr	4.1
maps	nps_nps-bibe-2023-Wild-and-Scenic-Rivers-Brochure_p01.png	zenjpeg	444	75	identity_off	36.437	77.878	1.0371	CjpegliYcbcr	2.3
maps	nps_nps-bibe-2023-Wild-and-Scenic-Rivers-Brochure_p01.png	zenjpeg	444	75	identity_auto	36.645	78.816	1.0400	CjpegliYcbcr	2.3
maps	nps_nps-bibe-2023-Wild-and-Scenic-Rivers-Brochure_p01.png	zenjpeg	444	75	model_off	38.494	81.688	1.0009	CjpegliYcbcr	2.3
maps	nps_nps-bibe-2023-Wild-and-Scenic-Rivers-Brochure_p01.png	zenjpeg	444	75	model_auto	38.516	82.086	0.9792	CjpegliYcbcr	2.3
maps	nps_nps-bibe-2023-Wild-and-Scenic-Rivers-Brochure_p01.png	zenjpeg	444	75	model_policy	38.712	81.767	1.0220	CjpegliYcbcr	2.3
maps	nps_nps-bibe-2023-Wild-and-Scenic-Rivers-Brochure_p01.png	zenjpeg	444	75	model_proj	38.714	81.742	1.0218	CjpegliYcbcr	2.3
maps	nps_nps-bibe-2023-Wild-and-Scenic-Rivers-Brochure_p01.png	zenjpeg	444	90	identity_off	40.929	84.399	0.7073	CjpegliYcbcr	1.1
maps	nps_nps-bibe-2023-Wild-and-Scenic-Rivers-Brochure_p01.png	zenjpeg	444	90	identity_auto	40.989	84.840	0.7340	CjpegliYcbcr	1.1
maps	nps_nps-bibe-2023-Wild-and-Scenic-Rivers-Brochure_p01.png	zenjpeg	444	90	model_off	42.555	86.314	0.7031	CjpegliYcbcr	1.1
maps	nps_nps-bibe-2023-Wild-and-Scenic-Rivers-Brochure_p01.png	zenjpeg	444	90	model_auto	42.419	86.496	0.6934	CjpegliYcbcr	1.1
maps	nps_nps-bibe-2023-Wild-and-Scenic-Rivers-Brochure_p01.png	zenjpeg	444	90	model_policy	42.948	86.422	0.6962	CjpegliYcbcr	1.1
maps	nps_nps-bibe-2023-Wild-and-Scenic-Rivers-Brochure_p01.png	zenjpeg	444	90	model_proj	43.011	86.761	0.6896	CjpegliYcbcr	1.1
maps	nps_nps-bibe-2023-Wild-and-Scenic-Rivers-Brochure_p02.png	turbo	420	15	identity_off	34.066	11.993	3.4371	Unknown	15.0
maps	nps_nps-bibe-2023-Wild-and-Scenic-Rivers-Brochure_p02.png	turbo	420	15	identity_auto	34.100	21.270	3.3315	Unknown	15.0
maps	nps_nps-bibe-2023-Wild-and-Scenic-Rivers-Brochure_p02.png	turbo	420	15	model_off	34.981	32.639	3.1520	Unknown	15.0
maps	nps_nps-bibe-2023-Wild-and-Scenic-Rivers-Brochure_p02.png	turbo	420	15	model_auto	34.863	30.536	3.1175	Unknown	15.0
maps	nps_nps-bibe-2023-Wild-and-Scenic-Rivers-Brochure_p02.png	turbo	420	15	model_policy	34.958	34.087	3.1798	Unknown	15.0
maps	nps_nps-bibe-2023-Wild-and-Scenic-Rivers-Brochure_p02.png	turbo	420	15	model_proj	34.959	34.081	3.1798	Unknown	15.0
maps	nps_nps-bibe-2023-Wild-and-Scenic-Rivers-Brochure_p02.png	turbo	420	35	identity_off	38.004	54.999	1.7071	ImageMagick	35.0
maps	nps_nps-bibe-2023-Wild-and-Scenic-Rivers-Brochure_p02.png	turbo	420	35	identity_auto	37.954	58.273	1.6387	ImageMagick	35.0
maps	nps_nps-bibe-2023-Wild-and-Scenic-Rivers-Brochure_p02.png	turbo	420	35	model_off	38.779	64.049	1.5023	ImageMagick	35.0
maps	nps_nps-bibe-2023-Wild-and-Scenic-Rivers-Brochure_p02.png	turbo	420	35	model_auto	38.483	62.227	1.5422	ImageMagick	35.0
maps	nps_nps-bibe-2023-Wild-and-Scenic-Rivers-Brochure_p02.png	turbo	420	35	model_policy	38.667	63.731	1.5620	ImageMagick	35.0
maps	nps_nps-bibe-2023-Wild-and-Scenic-Rivers-Brochure_p02.png	turbo	420	35	model_proj	38.667	63.713	1.5620	ImageMagick	35.0
maps	nps_nps-bibe-2023-Wild-and-Scenic-Rivers-Brochure_p02.png	turbo	420	55	identity_off	39.420	68.141	1.4309	ImageMagick	55.0
maps	nps_nps-bibe-2023-Wild-and-Scenic-Rivers-Brochure_p02.png	turbo	420	55	identity_auto	39.444	69.970	1.3936	ImageMagick	55.0
maps	nps_nps-bibe-2023-Wild-and-Scenic-Rivers-Brochure_p02.png	turbo	420	55	model_off	40.136	72.846	1.2763	ImageMagick	55.0
maps	nps_nps-bibe-2023-Wild-and-Scenic-Rivers-Brochure_p02.png	turbo	420	55	model_auto	39.908	71.424	1.2920	ImageMagick	55.0
maps	nps_nps-bibe-2023-Wild-and-Scenic-Rivers-Brochure_p02.png	turbo	420	55	model_policy	40.169	72.647	1.3017	ImageMagick	55.0
maps	nps_nps-bibe-2023-Wild-and-Scenic-Rivers-Brochure_p02.png	turbo	420	55	model_proj	40.171	72.659	1.3011	ImageMagick	55.0
maps	nps_nps-bibe-2023-Wild-and-Scenic-Rivers-Brochure_p02.png	turbo	420	75	identity_off	42.152	78.599	0.9592	ImageMagick	75.0
maps	nps_nps-bibe-2023-Wild-and-Scenic-Rivers-Brochure_p02.png	turbo	420	75	identity_auto	42.188	79.287	0.9449	ImageMagick	75.0
maps	nps_nps-bibe-2023-Wild-and-Scenic-Rivers-Brochure_p02.png	turbo	420	75	model_off	42.897	80.761	0.8538	ImageMagick	75.0
maps	nps_nps-bibe-2023-Wild-and-Scenic-Rivers-Brochure_p02.png	turbo	420	75	model_auto	42.649	79.954	0.8841	ImageMagick	75.0
maps	nps_nps-bibe-2023-Wild-and-Scenic-Rivers-Brochure_p02.png	turbo	420	75	model_policy	42.865	80.188	0.8649	ImageMagick	75.0
maps	nps_nps-bibe-2023-Wild-and-Scenic-Rivers-Brochure_p02.png	turbo	420	75	model_proj	42.855	80.210	0.8637	ImageMagick	75.0
maps	nps_nps-bibe-2023-Wild-and-Scenic-Rivers-Brochure_p02.png	turbo	420	90	identity_off	46.203	88.020	0.5876	ImageMagick	90.0
maps	nps_nps-bibe-2023-Wild-and-Scenic-Rivers-Brochure_p02.png	turbo	420	90	identity_auto	46.102	88.191	0.5976	ImageMagick	90.0
maps	nps_nps-bibe-2023-Wild-and-Scenic-Rivers-Brochure_p02.png	turbo	420	90	model_off	46.772	88.392	0.5029	ImageMagick	90.0
maps	nps_nps-bibe-2023-Wild-and-Scenic-Rivers-Brochure_p02.png	turbo	420	90	model_auto	46.383	87.602	0.5454	ImageMagick	90.0
maps	nps_nps-bibe-2023-Wild-and-Scenic-Rivers-Brochure_p02.png	turbo	420	90	model_policy	46.893	88.358	0.4947	ImageMagick	90.0
maps	nps_nps-bibe-2023-Wild-and-Scenic-Rivers-Brochure_p02.png	turbo	420	90	model_proj	46.663	88.009	0.5119	ImageMagick	90.0
maps	nps_nps-bibe-2023-Wild-and-Scenic-Rivers-Brochure_p02.png	turbo	444	15	identity_off	34.203	13.364	3.4543	Unknown	15.0
maps	nps_nps-bibe-2023-Wild-and-Scenic-Rivers-Brochure_p02.png	turbo	444	15	identity_auto	34.329	23.272	3.3522	Unknown	15.0
maps	nps_nps-bibe-2023-Wild-and-Scenic-Rivers-Brochure_p02.png	turbo	444	15	model_off	35.169	33.500	3.1855	Unknown	15.0
maps	nps_nps-bibe-2023-Wild-and-Scenic-Rivers-Brochure_p02.png	turbo	444	15	model_auto	35.043	31.449	3.1677	Unknown	15.0
maps	nps_nps-bibe-2023-Wild-and-Scenic-Rivers-Brochure_p02.png	turbo	444	15	model_policy	35.142	34.882	3.2193	Unknown	15.0
maps	nps_nps-bibe-2023-Wild-and-Scenic-Rivers-Brochure_p02.png	turbo	444	15	model_proj	35.143	34.860	3.2190	Unknown	15.0
maps	nps_nps-bibe-2023-Wild-and-Scenic-Rivers-Brochure_p02.png	turbo	444	35	identity_off	38.251	56.929	1.7033	ImageMagick	35.0
maps	nps_nps-bibe-2023-Wild-and-Scenic-Rivers-Brochure_p02.png	turbo	444	35	identity_auto	38.288	60.496	1.6320	ImageMagick	35.0
maps	nps_nps-bibe-2023-Wild-and-Scenic-Rivers-Brochure_p02.png	turbo	444	35	model_off	39.014	65.419	1.4998	ImageMagick	35.0
maps	nps_nps-bibe-2023-Wild-and-Scenic-Rivers-Brochure_p02.png	turbo	444	35	model_auto	38.726	63.535	1.5346	ImageMagick	35.0
maps	nps_nps-bibe-2023-Wild-and-Scenic-Rivers-Brochure_p02.png	turbo	444	35	model_policy	38.895	65.014	1.5593	ImageMagick	35.0
maps	nps_nps-bibe-2023-Wild-and-Scenic-Rivers-Brochure_p02.png	turbo	444	35	model_proj	38.900	65.034	1.5585	ImageMagick	35.0
maps	nps_nps-bibe-2023-Wild-and-Scenic-Rivers-Brochure_p02.png	turbo	444	55	identity_off	39.648	69.165	1.4593	ImageMagick	55.0
maps	nps_nps-bibe-2023-Wild-and-Scenic-Rivers-Brochure_p02.png	turbo	444	55	identity_auto	39.729	71.163	1.4208	ImageMagick	55.0
maps	nps_nps-bibe-2023-Wild-and-Scenic-Rivers-Brochure_p02.png	turbo	444	55	model_off	40.353	73.709	1.3023	ImageMagick	55.0
maps	nps_nps-bibe-2023-Wild-and-Scenic-Rivers-Brochure_p02.png	turbo	444	55	model_auto	40.116	72.206	1.3152	ImageMagick	55.0
maps	nps_nps-bibe-2023-Wild-and-Scenic-Rivers-Brochure_p02.png	turbo	444	55	model_policy	40.399	73.505	1.3281	ImageMagick	55.0
maps	nps_nps-bibe-2023-Wild-and-Scenic-Rivers-Brochure_p02.png	turbo	444	55	model_proj	40.404	73.529	1.3267	ImageMagick	55.0
maps	nps_nps-bibe-2023-Wild-and-Scenic-Rivers-Brochure_p02.png	turbo	444	75	identity_off	42.512	79.790	0.9653	ImageMagick	75.0
maps	nps_nps-bibe-2023-Wild-and-Scenic-Rivers-Brochure_p02.png	turbo	444	75	identity_auto	42.610	80.393	0.9542	ImageMagick	75.0
maps	nps_nps-bibe-2023-Wild-and-Scenic-Rivers-Brochure_p02.png	turbo	444	75	model_off	43.247	81.683	0.8704	ImageMagick	75.0
maps	nps_nps-bibe-2023-Wild-and-Scenic-Rivers-Brochure_p02.png	turbo	444	75	model_auto	42.964	80.733	0.8962	ImageMagick	75.0
maps	nps_nps-bibe-2023-Wild-and-Scenic-Rivers-Brochure_p02.png	turbo	444	75	model_policy	43.239	81.277	0.8777	ImageMagick	75.0
maps	nps_nps-bibe-2023-Wild-and-Scenic-Rivers-Brochure_p02.png	turbo	444	75	model_proj	43.229	81.323	0.8771	ImageMagick	75.0
maps	nps_nps-bibe-2023-Wild-and-Scenic-Rivers-Brochure_p02.png	turbo	444	90	identity_off	46.943	89.189	0.5734	ImageMagick	90.0
maps	nps_nps-bibe-2023-Wild-and-Scenic-Rivers-Brochure_p02.png	turbo	444	90	identity_auto	46.824	89.156	0.5807	ImageMagick	90.0
maps	nps_nps-bibe-2023-Wild-and-Scenic-Rivers-Brochure_p02.png	turbo	444	90	model_off	47.389	89.211	0.4911	ImageMagick	90.0
maps	nps_nps-bibe-2023-Wild-and-Scenic-Rivers-Brochure_p02.png	turbo	444	90	model_auto	46.903	88.359	0.5282	ImageMagick	90.0
maps	nps_nps-bibe-2023-Wild-and-Scenic-Rivers-Brochure_p02.png	turbo	444	90	model_policy	47.586	89.311	0.4987	ImageMagick	90.0
maps	nps_nps-bibe-2023-Wild-and-Scenic-Rivers-Brochure_p02.png	turbo	444	90	model_proj	47.282	88.972	0.5126	ImageMagick	90.0
maps	nps_nps-bibe-2023-Wild-and-Scenic-Rivers-Brochure_p02.png	mozjpeg	420	15	identity_off	33.379	7.046	3.5908	Mozjpeg	15.0
maps	nps_nps-bibe-2023-Wild-and-Scenic-Rivers-Brochure_p02.png	mozjpeg	420	15	identity_auto	33.369	13.291	3.4992	Mozjpeg	15.0
maps	nps_nps-bibe-2023-Wild-and-Scenic-Rivers-Brochure_p02.png	mozjpeg	420	15	model_off	34.050	22.328	3.3155	Mozjpeg	15.0
maps	nps_nps-bibe-2023-Wild-and-Scenic-Rivers-Brochure_p02.png	mozjpeg	420	15	model_auto	34.011	20.640	3.2799	Mozjpeg	15.0
maps	nps_nps-bibe-2023-Wild-and-Scenic-Rivers-Brochure_p02.png	mozjpeg	420	15	model_policy	34.010	23.091	3.3588	Mozjpeg	15.0
maps	nps_nps-bibe-2023-Wild-and-Scenic-Rivers-Brochure_p02.png	mozjpeg	420	15	model_proj	34.010	23.092	3.3588	Mozjpeg	15.0
maps	nps_nps-bibe-2023-Wild-and-Scenic-Rivers-Brochure_p02.png	mozjpeg	420	35	identity_off	37.037	49.439	1.9318	Mozjpeg	35.0
maps	nps_nps-bibe-2023-Wild-and-Scenic-Rivers-Brochure_p02.png	mozjpeg	420	35	identity_auto	36.961	51.573	1.8859	Mozjpeg	35.0
maps	nps_nps-bibe-2023-Wild-and-Scenic-Rivers-Brochure_p02.png	mozjpeg	420	35	model_off	37.467	56.030	1.7990	Mozjpeg	35.0
maps	nps_nps-bibe-2023-Wild-and-Scenic-Rivers-Brochure_p02.png	mozjpeg	420	35	model_auto	37.267	54.487	1.8337	Mozjpeg	35.0
maps	nps_nps-bibe-2023-Wild-and-Scenic-Rivers-Brochure_p02.png	mozjpeg	420	35	model_policy	37.341	55.120	1.8689	Mozjpeg	35.0
maps	nps_nps-bibe-2023-Wild-and-Scenic-Rivers-Brochure_p02.png	mozjpeg	420	35	model_proj	37.341	55.141	1.8689	Mozjpeg	35.0
maps	nps_nps-bibe-2023-Wild-and-Scenic-Rivers-Brochure_p02.png	mozjpeg	420	55	identity_off	38.620	63.623	1.5705	Mozjpeg	55.0
maps	nps_nps-bibe-2023-Wild-and-Scenic-Rivers-Brochure_p02.png	mozjpeg	420	55	identity_auto	38.612	64.951	1.5354	Mozjpeg	55.0
maps	nps_nps-bibe-2023-Wild-and-Scenic-Rivers-Brochure_p02.png	mozjpeg	420	55	model_off	38.990	67.304	1.4871	Mozjpeg	55.0
maps	nps_nps-bibe-2023-Wild-and-Scenic-Rivers-Brochure_p02.png	mozjpeg	420	55	model_auto	38.773	65.914	1.5168	Mozjpeg	55.0
maps	nps_nps-bibe-2023-Wild-and-Scenic-Rivers-Brochure_p02.png	mozjpeg	420	55	model_policy	38.858	66.628	1.5262	Mozjpeg	55.0
maps	nps_nps-bibe-2023-Wild-and-Scenic-Rivers-Brochure_p02.png	mozjpeg	420	55	model_proj	38.858	66.627	1.5262	Mozjpeg	55.0
maps	nps_nps-bibe-2023-Wild-and-Scenic-Rivers-Brochure_p02.png	mozjpeg	420	75	identity_off	41.436	76.854	1.0349	Mozjpeg	75.0
maps	nps_nps-bibe-2023-Wild-and-Scenic-Rivers-Brochure_p02.png	mozjpeg	420	75	identity_auto	41.429	77.526	1.0177	Mozjpeg	75.0
maps	nps_nps-bibe-2023-Wild-and-Scenic-Rivers-Brochure_p02.png	mozjpeg	420	75	model_off	41.682	77.593	0.9959	Mozjpeg	75.0
maps	nps_nps-bibe-2023-Wild-and-Scenic-Rivers-Brochure_p02.png	mozjpeg	420	75	model_auto	41.402	76.283	1.0501	Mozjpeg	75.0
maps	nps_nps-bibe-2023-Wild-and-Scenic-Rivers-Brochure_p02.png	mozjpeg	420	75	model_policy	41.747	77.756	0.9972	Mozjpeg	75.0
maps	nps_nps-bibe-2023-Wild-and-Scenic-Rivers-Brochure_p02.png	mozjpeg	420	75	model_proj	41.747	77.730	0.9967	Mozjpeg	75.0
maps	nps_nps-bibe-2023-Wild-and-Scenic-Rivers-Brochure_p02.png	mozjpeg	420	90	identity_off	45.463	87.241	0.6238	Mozjpeg	90.0
maps	nps_nps-bibe-2023-Wild-and-Scenic-Rivers-Brochure_p02.png	mozjpeg	420	90	identity_auto	45.349	87.185	0.6368	Mozjpeg	90.0
maps	nps_nps-bibe-2023-Wild-and-Scenic-Rivers-Brochure_p02.png	mozjpeg	420	90	model_off	45.590	87.028	0.5997	Mozjpeg	90.0
maps	nps_nps-bibe-2023-Wild-and-Scenic-Rivers-Brochure_p02.png	mozjpeg	420	90	model_auto	45.164	86.036	0.6574	Mozjpeg	90.0
maps	nps_nps-bibe-2023-Wild-and-Scenic-Rivers-Brochure_p02.png	mozjpeg	420	90	model_policy	45.755	87.147	0.5970	Mozjpeg	90.0
maps	nps_nps-bibe-2023-Wild-and-Scenic-Rivers-Brochure_p02.png	mozjpeg	420	90	model_proj	45.662	86.889	0.6002	Mozjpeg	90.0
maps	nps_nps-bibe-2023-Wild-and-Scenic-Rivers-Brochure_p02.png	mozjpeg	444	15	identity_off	33.523	7.991	3.5877	Mozjpeg	15.0
maps	nps_nps-bibe-2023-Wild-and-Scenic-Rivers-Brochure_p02.png	mozjpeg	444	15	identity_auto	33.586	14.754	3.4997	Mozjpeg	15.0
maps	nps_nps-bibe-2023-Wild-and-Scenic-Rivers-Brochure_p02.png	mozjpeg	444	15	model_off	34.266	22.884	3.3495	Mozjpeg	15.0
maps	nps_nps-bibe-2023-Wild-and-Scenic-Rivers-Brochure_p02.png	mozjpeg	444	15	model_auto	34.218	21.268	3.3293	Mozjpeg	15.0
maps	nps_nps-bibe-2023-Wild-and-Scenic-Rivers-Brochure_p02.png	mozjpeg	444	15	model_policy	34.218	23.622	3.3658	Mozjpeg	15.0
maps	nps_nps-bibe-2023-Wild-and-Scenic-Rivers-Brochure_p02.png	mozjpeg	444	15	model_proj	34.218	23.630	3.3658	Mozjpeg	15.0
maps	nps_nps-bibe-2023-Wild-and-Scenic-Rivers-Brochure_p02.png	mozjpeg	444	35	identity_off	37.231	50.927	1.9195	Mozjpeg	35.0
maps	nps_nps-bibe-2023-Wild-and-Scenic-Rivers-Brochure_p02.png	mozjpeg	444	35	identity_auto	37.221	53.307	1.8734	Mozjpeg	35.0
maps	nps_nps-bibe-2023-Wild-and-Scenic-Rivers-Brochure_p02.png	mozjpeg	444	35	model_off	37.624	56.778	1.7881	Mozjpeg	35.0
maps	nps_nps-bibe-2023-Wild-and-Scenic-Rivers-Brochure_p02.png	mozjpeg	444	35	model_auto	37.422	55.235	1.8241	Mozjpeg	35.0
maps	nps_nps-bibe-2023-Wild-and-Scenic-Rivers-Brochure_p02.png	mozjpeg	444	35	model_policy	37.489	55.938	1.8601	Mozjpeg	35.0
maps	nps_nps-bibe-2023-Wild-and-Scenic-Rivers-Brochure_p02.png	mozjpeg	444	35	model_proj	37.492	55.987	1.8611	Mozjpeg	35.0
maps	nps_nps-bibe-2023-Wild-and-Scenic-Rivers-Brochure_p02.png	mozjpeg	444	55	identity_off	38.830	64.131	1.5833	Mozjpeg	55.0
maps	nps_nps-bibe-2023-Wild-and-Scenic-Rivers-Brochure_p02.png	mozjpeg	444	55	identity_auto	38.868	65.605	1.5467	Mozjpeg	55.0
maps	nps_nps-bibe-2023-Wild-and-Scenic-Rivers-Brochure_p02.png	mozjpeg	444	55	model_off	39.137	67.604	1.5022	Mozjpeg	55.0
maps	nps_nps-bibe-2023-Wild-and-Scenic-Rivers-Brochure_p02.png	mozjpeg	444	55	model_auto	38.926	66.316	1.5289	Mozjpeg	55.0
maps	nps_nps-bibe-2023-Wild-and-Scenic-Rivers-Brochure_p02.png	mozjpeg	444	55	model_policy	39.016	66.858	1.5397	Mozjpeg	55.0
maps	nps_nps-bibe-2023-Wild-and-Scenic-Rivers-Brochure_p02.png	mozjpeg	444	55	model_proj	39.018	66.851	1.5395	Mozjpeg	55.0
maps	nps_nps-bibe-2023-Wild-and-Scenic-Rivers-Brochure_p02.png	mozjpeg	444	75	identity_off	41.734	78.132	1.0248	Mozjpeg	75.0
maps	nps_nps-bibe-2023-Wild-and-Scenic-Rivers-Brochure_p02.png	mozjpeg	444	75	identity_auto	41.751	78.681	1.0090	Mozjpeg	75.0
maps	nps_nps-bibe-2023-Wild-and-Scenic-Rivers-Brochure_p02.png	mozjpeg	444	75	model_off	41.901	78.350	0.9896	Mozjpeg	75.0
maps	nps_nps-bibe-2023-Wild-and-Scenic-Rivers-Brochure_p02.png	mozjpeg	444	75	model_auto	41.593	76.843	1.0465	Mozjpeg	75.0
maps	nps_nps-bibe-2023-Wild-and-Scenic-Rivers-Brochure_p02.png	mozjpeg	444	75	model_policy	42.001	78.607	0.9884	Mozjpeg	75.0
maps	nps_nps-bibe-2023-Wild-and-Scenic-Rivers-Brochure_p02.png	mozjpeg	444	75	model_proj	42.006	78.654	0.9881	Mozjpeg	75.0
maps	nps_nps-bibe-2023-Wild-and-Scenic-Rivers-Brochure_p02.png	mozjpeg	444	90	identity_off	45.938	88.188	0.6153	Mozjpeg	90.0
maps	nps_nps-bibe-2023-Wild-and-Scenic-Rivers-Brochure_p02.png	mozjpeg	444	90	identity_auto	45.801	88.083	0.6280	Mozjpeg	90.0
maps	nps_nps-bibe-2023-Wild-and-Scenic-Rivers-Brochure_p02.png	mozjpeg	444	90	model_off	45.930	87.408	0.5905	Mozjpeg	90.0
maps	nps_nps-bibe-2023-Wild-and-Scenic-Rivers-Brochure_p02.png	mozjpeg	444	90	model_auto	45.454	86.576	0.6453	Mozjpeg	90.0
maps	nps_nps-bibe-2023-Wild-and-Scenic-Rivers-Brochure_p02.png	mozjpeg	444	90	model_policy	46.145	87.780	0.5964	Mozjpeg	90.0
maps	nps_nps-bibe-2023-Wild-and-Scenic-Rivers-Brochure_p02.png	mozjpeg	444	90	model_proj	46.044	87.547	0.5965	Mozjpeg	90.0
maps	nps_nps-bibe-2023-Wild-and-Scenic-Rivers-Brochure_p02.png	jpegli	420	15	identity_off	35.623	39.293	2.3257	CjpegliYcbcr	14.2
maps	nps_nps-bibe-2023-Wild-and-Scenic-Rivers-Brochure_p02.png	jpegli	420	15	identity_auto	35.606	42.519	2.2756	CjpegliYcbcr	14.2
maps	nps_nps-bibe-2023-Wild-and-Scenic-Rivers-Brochure_p02.png	jpegli	420	15	model_off	36.191	49.366	2.1414	CjpegliYcbcr	14.2
maps	nps_nps-bibe-2023-Wild-and-Scenic-Rivers-Brochure_p02.png	jpegli	420	15	model_auto	36.039	47.137	2.1804	CjpegliYcbcr	14.2
maps	nps_nps-bibe-2023-Wild-and-Scenic-Rivers-Brochure_p02.png	jpegli	420	15	model_policy	36.159	49.354	2.2153	CjpegliYcbcr	14.2
maps	nps_nps-bibe-2023-Wild-and-Scenic-Rivers-Brochure_p02.png	jpegli	420	15	model_proj	36.159	49.359	2.2153	CjpegliYcbcr	14.2
maps	nps_nps-bibe-2023-Wild-and-Scenic-Rivers-Brochure_p02.png	jpegli	420	35	identity_off	38.163	62.701	1.6817	CjpegliYcbcr	7.2
maps	nps_nps-bibe-2023-Wild-and-Scenic-Rivers-Brochure_p02.png	jpegli	420	35	identity_auto	38.188	63.582	1.6449	CjpegliYcbcr	7.2
maps	nps_nps-bibe-2023-Wild-and-Scenic-Rivers-Brochure_p02.png	jpegli	420	35	model_off	38.547	66.188	1.5622	CjpegliYcbcr	7.2
maps	nps_nps-bibe-2023-Wild-and-Scenic-Rivers-Brochure_p02.png	jpegli	420	35	model_auto	38.378	64.478	1.5834	CjpegliYcbcr	7.2
maps	nps_nps-bibe-2023-Wild-and-Scenic-Rivers-Brochure_p02.png	jpegli	420	35	model_policy	38.570	66.104	1.5718	CjpegliYcbcr	7.2
maps	nps_nps-bibe-2023-Wild-and-Scenic-Rivers-Brochure_p02.png	jpegli	420	35	model_proj	38.571	66.114	1.5717	CjpegliYcbcr	7.2
maps	nps_nps-bibe-2023-Wild-and-Scenic-Rivers-Brochure_p02.png	jpegli	420	55	identity_off	39.545	69.452	1.4176	CjpegliYcbcr	5.2
maps	nps_nps-bibe-2023-Wild-and-Scenic-Rivers-Brochure_p02.png	jpegli	420	55	identity_auto	39.619	70.352	1.3880	CjpegliYcbcr	5.2
maps	nps_nps-bibe-2023-Wild-and-Scenic-Rivers-Brochure_p02.png	jpegli	420	55	model_off	39.971	71.856	1.3186	CjpegliYcbcr	5.2
maps	nps_nps-bibe-2023-Wild-and-Scenic-Rivers-Brochure_p02.png	jpegli	420	55	model_auto	39.824	70.647	1.3312	CjpegliYcbcr	5.2
maps	nps_nps-bibe-2023-Wild-and-Scenic-Rivers-Brochure_p02.png	jpegli	420	55	model_policy	39.974	71.658	1.3233	CjpegliYcbcr	5.2
maps	nps_nps-bibe-2023-Wild-and-Scenic-Rivers-Brochure_p02.png	jpegli	420	55	model_proj	39.974	71.660	1.3233	CjpegliYcbcr	5.2
maps	nps_nps-bibe-2023-Wild-and-Scenic-Rivers-Brochure_p02.png	jpegli	420	75	identity_off	42.103	78.201	1.0309	CjpegliYcbcr	3.0
maps	nps_nps-bibe-2023-Wild-and-Scenic-Rivers-Brochure_p02.png	jpegli	420	75	identity_auto	42.200	79.132	1.0080	CjpegliYcbcr	3.0
maps	nps_nps-bibe-2023-Wild-and-Scenic-Rivers-Brochure_p02.png	jpegli	420	75	model_off	42.500	79.372	0.9538	CjpegliYcbcr	3.0
maps	nps_nps-bibe-2023-Wild-and-Scenic-Rivers-Brochure_p02.png	jpegli	420	75	model_auto	42.299	78.492	0.9796	CjpegliYcbcr	3.0
maps	nps_nps-bibe-2023-Wild-and-Scenic-Rivers-Brochure_p02.png	jpegli	420	75	model_policy	42.566	79.469	0.9565	CjpegliYcbcr	3.0
maps	nps_nps-bibe-2023-Wild-and-Scenic-Rivers-Brochure_p02.png	jpegli	420	75	model_proj	42.568	79.421	0.9521	CjpegliYcbcr	3.0
maps	nps_nps-bibe-2023-Wild-and-Scenic-Rivers-Brochure_p02.png	jpegli	420	90	identity_off	46.102	87.141	0.6264	CjpegliYcbcr	1.3
maps	nps_nps-bibe-2023-Wild-and-Scenic-Rivers-Brochure_p02.png	jpegli	420	90	identity_auto	46.030	87.417	0.6314	CjpegliYcbcr	1.3
maps	nps_nps-bibe-2023-Wild-and-Scenic-Rivers-Brochure_p02.png	jpegli	420	90	model_off	46.319	87.294	0.5786	CjpegliYcbcr	1.3
maps	nps_nps-bibe-2023-Wild-and-Scenic-Rivers-Brochure_p02.png	jpegli	420	90	model_auto	45.908	86.673	0.6198	CjpegliYcbcr	1.3
maps	nps_nps-bibe-2023-Wild-and-Scenic-Rivers-Brochure_p02.png	jpegli	420	90	model_policy	46.490	87.382	0.5787	CjpegliYcbcr	1.3
maps	nps_nps-bibe-2023-Wild-and-Scenic-Rivers-Brochure_p02.png	jpegli	420	90	model_proj	46.332	87.257	0.5861	CjpegliYcbcr	1.3
maps	nps_nps-bibe-2023-Wild-and-Scenic-Rivers-Brochure_p02.png	jpegli	444	15	identity_off	35.057	44.906	2.7251	CjpegliYcbcr	11.8
maps	nps_nps-bibe-2023-Wild-and-Scenic-Rivers-Brochure_p02.png	jpegli	444	15	identity_auto	35.134	47.638	2.7035	CjpegliYcbcr	11.8
maps	nps_nps-bibe-2023-Wild-and-Scenic-Rivers-Brochure_p02.png	jpegli	444	15	model_off	35.774	52.793	2.5495	CjpegliYcbcr	11.8
maps	nps_nps-bibe-2023-Wild-and-Scenic-Rivers-Brochure_p02.png	jpegli	444	15	model_auto	35.710	51.218	2.5161	CjpegliYcbcr	11.8
maps	nps_nps-bibe-2023-Wild-and-Scenic-Rivers-Brochure_p02.png	jpegli	444	15	model_policy	35.718	52.034	2.6482	CjpegliYcbcr	11.8
maps	nps_nps-bibe-2023-Wild-and-Scenic-Rivers-Brochure_p02.png	jpegli	444	15	model_proj	35.718	52.034	2.6482	CjpegliYcbcr	11.8
maps	nps_nps-bibe-2023-Wild-and-Scenic-Rivers-Brochure_p02.png	jpegli	444	35	identity_off	38.139	65.560	1.6469	CjpegliYcbcr	6.0
maps	nps_nps-bibe-2023-Wild-and-Scenic-Rivers-Brochure_p02.png	jpegli	444	35	identity_auto	38.228	66.467	1.6152	CjpegliYcbcr	6.0
maps	nps_nps-bibe-2023-Wild-and-Scenic-Rivers-Brochure_p02.png	jpegli	444	35	model_off	38.621	68.347	1.5594	CjpegliYcbcr	6.0
maps	nps_nps-bibe-2023-Wild-and-Scenic-Rivers-Brochure_p02.png	jpegli	444	35	model_auto	38.460	66.773	1.5808	CjpegliYcbcr	6.0
maps	nps_nps-bibe-2023-Wild-and-Scenic-Rivers-Brochure_p02.png	jpegli	444	35	model_policy	38.649	68.399	1.5651	CjpegliYcbcr	6.0
maps	nps_nps-bibe-2023-Wild-and-Scenic-Rivers-Brochure_p02.png	jpegli	444	35	model_proj	38.650	68.442	1.5651	CjpegliYcbcr	6.0
maps	nps_nps-bibe-2023-Wild-and-Scenic-Rivers-Brochure_p02.png	jpegli	444	55	identity_off	40.187	72.974	1.2876	CjpegliYcbcr	4.1
maps	nps_nps-bibe-2023-Wild-and-Scenic-Rivers-Brochure_p02.png	jpegli	444	55	identity_auto	40.306	73.656	1.2814	CjpegliYcbcr	4.1
maps	nps_nps-bibe-2023-Wild-and-Scenic-Rivers-Brochure_p02.png	jpegli	444	55	model_off	40.674	74.519	1.2113	CjpegliYcbcr	4.1
maps	nps_nps-bibe-2023-Wild-and-Scenic-Rivers-Brochure_p02.png	jpegli	444	55	model_auto	40.467	73.217	1.2379	CjpegliYcbcr	4.1
maps	nps_nps-bibe-2023-Wild-and-Scenic-Rivers-Brochure_p02.png	jpegli	444	55	model_policy	40.676	74.378	1.2076	CjpegliYcbcr	4.1
maps	nps_nps-bibe-2023-Wild-and-Scenic-Rivers-Brochure_p02.png	jpegli	444	55	model_proj	40.677	74.394	1.2076	CjpegliYcbcr	4.1
maps	nps_nps-bibe-2023-Wild-and-Scenic-Rivers-Brochure_p02.png	jpegli	444	75	identity_off	42.071	78.865	1.1361	CjpegliYcbcr	2.3
maps	nps_nps-bibe-2023-Wild-and-Scenic-Rivers-Brochure_p02.png	jpegli	444	75	identity_auto	42.253	79.345	1.1629	CjpegliYcbcr	2.3
maps	nps_nps-bibe-2023-Wild-and-Scenic-Rivers-Brochure_p02.png	jpegli	444	75	model_off	42.547	79.836	1.0988	CjpegliYcbcr	2.3
maps	nps_nps-bibe-2023-Wild-and-Scenic-Rivers-Brochure_p02.png	jpegli	444	75	model_auto	42.375	78.970	1.1123	CjpegliYcbcr	2.3
maps	nps_nps-bibe-2023-Wild-and-Scenic-Rivers-Brochure_p02.png	jpegli	444	75	model_policy	42.564	79.703	1.1077	CjpegliYcbcr	2.3
maps	nps_nps-bibe-2023-Wild-and-Scenic-Rivers-Brochure_p02.png	jpegli	444	75	model_proj	42.565	79.687	1.1076	CjpegliYcbcr	2.3
maps	nps_nps-bibe-2023-Wild-and-Scenic-Rivers-Brochure_p02.png	jpegli	444	90	identity_off	46.744	87.564	0.5510	CjpegliYcbcr	1.1
maps	nps_nps-bibe-2023-Wild-and-Scenic-Rivers-Brochure_p02.png	jpegli	444	90	identity_auto	46.679	87.841	0.5737	CjpegliYcbcr	1.1
maps	nps_nps-bibe-2023-Wild-and-Scenic-Rivers-Brochure_p02.png	jpegli	444	90	model_off	46.995	87.788	0.5271	CjpegliYcbcr	1.1
maps	nps_nps-bibe-2023-Wild-and-Scenic-Rivers-Brochure_p02.png	jpegli	444	90	model_auto	46.498	87.087	0.5851	CjpegliYcbcr	1.1
maps	nps_nps-bibe-2023-Wild-and-Scenic-Rivers-Brochure_p02.png	jpegli	444	90	model_policy	47.152	87.920	0.5498	CjpegliYcbcr	1.1
maps	nps_nps-bibe-2023-Wild-and-Scenic-Rivers-Brochure_p02.png	jpegli	444	90	model_proj	47.190	87.861	0.5428	CjpegliYcbcr	1.1
maps	nps_nps-bibe-2023-Wild-and-Scenic-Rivers-Brochure_p02.png	zenjpeg	420	15	identity_off	35.616	39.053	2.3285	CjpegliYcbcr	14.2
maps	nps_nps-bibe-2023-Wild-and-Scenic-Rivers-Brochure_p02.png	zenjpeg	420	15	identity_auto	35.598	42.145	2.2778	CjpegliYcbcr	14.2
maps	nps_nps-bibe-2023-Wild-and-Scenic-Rivers-Brochure_p02.png	zenjpeg	420	15	model_off	36.192	49.080	2.1390	CjpegliYcbcr	14.2
maps	nps_nps-bibe-2023-Wild-and-Scenic-Rivers-Brochure_p02.png	zenjpeg	420	15	model_auto	36.045	46.884	2.1741	CjpegliYcbcr	14.2
maps	nps_nps-bibe-2023-Wild-and-Scenic-Rivers-Brochure_p02.png	zenjpeg	420	15	model_policy	36.165	48.991	2.1849	CjpegliYcbcr	14.2
maps	nps_nps-bibe-2023-Wild-and-Scenic-Rivers-Brochure_p02.png	zenjpeg	420	15	model_proj	36.165	49.010	2.1849	CjpegliYcbcr	14.2
maps	nps_nps-bibe-2023-Wild-and-Scenic-Rivers-Brochure_p02.png	zenjpeg	420	35	identity_off	38.087	62.262	1.6902	CjpegliYcbcr	7.2
maps	nps_nps-bibe-2023-Wild-and-Scenic-Rivers-Brochure_p02.png	zenjpeg	420	35	identity_auto	38.111	63.111	1.6544	CjpegliYcbcr	7.2
maps	nps_nps-bibe-2023-Wild-and-Scenic-Rivers-Brochure_p02.png	zenjpeg	420	35	model_off	38.466	65.632	1.5787	CjpegliYcbcr	7.2
maps	nps_nps-bibe-2023-Wild-and-Scenic-Rivers-Brochure_p02.png	zenjpeg	420	35	model_auto	38.302	63.982	1.5999	CjpegliYcbcr	7.2
maps	nps_nps-bibe-2023-Wild-and-Scenic-Rivers-Brochure_p02.png	zenjpeg	420	35	model_policy	38.488	65.624	1.5862	CjpegliYcbcr	7.2
maps	nps_nps-bibe-2023-Wild-and-Scenic-Rivers-Brochure_p02.png	zenjpeg	420	35	model_proj	38.488	65.642	1.5861	CjpegliYcbcr	7.2
maps	nps_nps-bibe-2023-Wild-and-Scenic-Rivers-Brochure_p02.png	zenjpeg	420	55	identity_off	39.507	68.994	1.4275	CjpegliYcbcr	5.2
maps	nps_nps-bibe-2023-Wild-and-Scenic-Rivers-Brochure_p02.png	zenjpeg	420	55	identity_auto	39.582	69.986	1.3991	CjpegliYcbcr	5.2
maps	nps_nps-bibe-2023-Wild-and-Scenic-Rivers-Brochure_p02.png	zenjpeg	420	55	model_off	39.938	71.643	1.3308	CjpegliYcbcr	5.2
maps	nps_nps-bibe-2023-Wild-and-Scenic-Rivers-Brochure_p02.png	zenjpeg	420	55	model_auto	39.792	70.416	1.3453	CjpegliYcbcr	5.2
maps	nps_nps-bibe-2023-Wild-and-Scenic-Rivers-Brochure_p02.png	zenjpeg	420	55	model_policy	39.947	71.360	1.3347	CjpegliYcbcr	5.2
maps	nps_nps-bibe-2023-Wild-and-Scenic-Rivers-Brochure_p02.png	zenjpeg	420	55	model_proj	39.947	71.323	1.3346	CjpegliYcbcr	5.2
maps	nps_nps-bibe-2023-Wild-and-Scenic-Rivers-Brochure_p02.png	zenjpeg	420	75	identity_off	42.231	77.974	1.0162	CjpegliYcbcr	3.0
maps	nps_nps-bibe-2023-Wild-and-Scenic-Rivers-Brochure_p02.png	zenjpeg	420	75	identity_auto	42.311	79.028	0.9880	CjpegliYcbcr	3.0
maps	nps_nps-bibe-2023-Wild-and-Scenic-Rivers-Brochure_p02.png	zenjpeg	420	75	model_off	42.621	79.305	0.9401	CjpegliYcbcr	3.0
maps	nps_nps-bibe-2023-Wild-and-Scenic-Rivers-Brochure_p02.png	zenjpeg	420	75	model_auto	42.401	78.407	0.9647	CjpegliYcbcr	3.0
maps	nps_nps-bibe-2023-Wild-and-Scenic-Rivers-Brochure_p02.png	zenjpeg	420	75	model_policy	42.685	79.283	0.9423	CjpegliYcbcr	3.0
maps	nps_nps-bibe-2023-Wild-and-Scenic-Rivers-Brochure_p02.png	zenjpeg	420	75	model_proj	42.686	79.272	0.9406	CjpegliYcbcr	3.0
maps	nps_nps-bibe-2023-Wild-and-Scenic-Rivers-Brochure_p02.png	zenjpeg	420	90	identity_off	46.099	87.326	0.6201	CjpegliYcbcr	1.3
maps	nps_nps-bibe-2023-Wild-and-Scenic-Rivers-Brochure_p02.png	zenjpeg	420	90	identity_auto	46.017	87.482	0.6284	CjpegliYcbcr	1.3
maps	nps_nps-bibe-2023-Wild-and-Scenic-Rivers-Brochure_p02.png	zenjpeg	420	90	model_off	46.317	87.394	0.5732	CjpegliYcbcr	1.3
maps	nps_nps-bibe-2023-Wild-and-Scenic-Rivers-Brochure_p02.png	zenjpeg	420	90	model_auto	45.900	86.642	0.6184	CjpegliYcbcr	1.3
maps	nps_nps-bibe-2023-Wild-and-Scenic-Rivers-Brochure_p02.png	zenjpeg	420	90	model_policy	46.484	87.418	0.6001	CjpegliYcbcr	1.3
maps	nps_nps-bibe-2023-Wild-and-Scenic-Rivers-Brochure_p02.png	zenjpeg	420	90	model_proj	46.190	87.223	0.6184	CjpegliYcbcr	1.3
maps	nps_nps-bibe-2023-Wild-and-Scenic-Rivers-Brochure_p02.png	zenjpeg	444	15	identity_off	35.038	44.812	2.7222	CjpegliYcbcr	11.8
maps	nps_nps-bibe-2023-Wild-and-Scenic-Rivers-Brochure_p02.png	zenjpeg	444	15	identity_auto	35.114	47.512	2.7010	CjpegliYcbcr	11.8
maps	nps_nps-bibe-2023-Wild-and-Scenic-Rivers-Brochure_p02.png	zenjpeg	444	15	model_off	35.757	52.730	2.5490	CjpegliYcbcr	11.8
maps	nps_nps-bibe-2023-Wild-and-Scenic-Rivers-Brochure_p02.png	zenjpeg	444	15	model_auto	35.693	51.047	2.5175	CjpegliYcbcr	11.8
maps	nps_nps-bibe-2023-Wild-and-Scenic-Rivers-Brochure_p02.png	zenjpeg	444	15	model_policy	35.707	51.848	2.6473	CjpegliYcbcr	11.8
maps	nps_nps-bibe-2023-Wild-and-Scenic-Rivers-Brochure_p02.png	zenjpeg	444	15	model_proj	35.707	51.869	2.6473	CjpegliYcbcr	11.8
maps	nps_nps-bibe-2023-Wild-and-Scenic-Rivers-Brochure_p02.png	zenjpeg	444	35	identity_off	38.146	65.479	1.6541	CjpegliYcbcr	6.0
maps	nps_nps-bibe-2023-Wild-and-Scenic-Rivers-Brochure_p02.png	zenjpeg	444	35	identity_auto	38.237	66.360	1.6228	CjpegliYcbcr	6.0
maps	nps_nps-bibe-2023-Wild-and-Scenic-Rivers-Brochure_p02.png	zenjpeg	444	35	model_off	38.624	68.178	1.5731	CjpegliYcbcr	6.0
maps	nps_nps-bibe-2023-Wild-and-Scenic-Rivers-Brochure_p02.png	zenjpeg	444	35	model_auto	38.460	66.625	1.5906	CjpegliYcbcr	6.0
maps	nps_nps-bibe-2023-Wild-and-Scenic-Rivers-Brochure_p02.png	zenjpeg	444	35	model_policy	38.651	68.151	1.5783	CjpegliYcbcr	6.0
maps	nps_nps-bibe-2023-Wild-and-Scenic-Rivers-Brochure_p02.png	zenjpeg	444	35	model_proj	38.652	68.165	1.5782	CjpegliYcbcr	6.0
maps	nps_nps-bibe-2023-Wild-and-Scenic-Rivers-Brochure_p02.png	zenjpeg	444	55	identity_off	40.107	72.770	1.3321	CjpegliYcbcr	4.1
maps	nps_nps-bibe-2023-Wild-and-Scenic-Rivers-Brochure_p02.png	zenjpeg	444	55	identity_auto	40.232	73.423	1.3391	CjpegliYcbcr	4.1
maps	nps_nps-bibe-2023-Wild-and-Scenic-Rivers-Brochure_p02.png	zenjpeg	444	55	model_off	40.610	74.243	1.2686	CjpegliYcbcr	4.1
maps	nps_nps-bibe-2023-Wild-and-Scenic-Rivers-Brochure_p02.png	zenjpeg	444	55	model_auto	40.412	72.993	1.2869	CjpegliYcbcr	4.1
maps	nps_nps-bibe-2023-Wild-and-Scenic-Rivers-Brochure_p02.png	zenjpeg	444	55	model_policy	40.604	74.163	1.2612	CjpegliYcbcr	4.1
maps	nps_nps-bibe-2023-Wild-and-Scenic-Rivers-Brochure_p02.png	zenjpeg	444	55	model_proj	40.604	74.164	1.2612	CjpegliYcbcr	4.1
maps	nps_nps-bibe-2023-Wild-and-Scenic-Rivers-Brochure_p02.png	zenjpeg	444	75	identity_off	42.017	78.975	1.1390	CjpegliYcbcr	2.3
maps	nps_nps-bibe-2023-Wild-and-Scenic-Rivers-Brochure_p02.png	zenjpeg	444	75	identity_auto	42.196	79.601	1.1668	CjpegliYcbcr	2.3
maps	nps_nps-bibe-2023-Wild-and-Scenic-Rivers-Brochure_p02.png	zenjpeg	444	75	model_off	42.478	80.104	1.1027	CjpegliYcbcr	2.3
maps	nps_nps-bibe-2023-Wild-and-Scenic-Rivers-Brochure_p02.png	zenjpeg	444	75	model_auto	42.307	79.156	1.1206	CjpegliYcbcr	2.3
maps	nps_nps-bibe-2023-Wild-and-Scenic-Rivers-Brochure_p02.png	zenjpeg	444	75	model_policy	42.489	79.833	1.1079	CjpegliYcbcr	2.3
maps	nps_nps-bibe-2023-Wild-and-Scenic-Rivers-Brochure_p02.png	zenjpeg	444	75	model_proj	42.490	79.778	1.1078	CjpegliYcbcr	2.3
maps	nps_nps-bibe-2023-Wild-and-Scenic-Rivers-Brochure_p02.png	zenjpeg	444	90	identity_off	46.774	87.762	0.5552	CjpegliYcbcr	1.1
maps	nps_nps-bibe-2023-Wild-and-Scenic-Rivers-Brochure_p02.png	zenjpeg	444	90	identity_auto	46.702	87.851	0.5787	CjpegliYcbcr	1.1
maps	nps_nps-bibe-2023-Wild-and-Scenic-Rivers-Brochure_p02.png	zenjpeg	444	90	model_off	47.014	87.956	0.5293	CjpegliYcbcr	1.1
maps	nps_nps-bibe-2023-Wild-and-Scenic-Rivers-Brochure_p02.png	zenjpeg	444	90	model_auto	46.536	87.228	0.5762	CjpegliYcbcr	1.1
maps	nps_nps-bibe-2023-Wild-and-Scenic-Rivers-Brochure_p02.png	zenjpeg	444	90	model_policy	47.192	87.900	0.5432	CjpegliYcbcr	1.1
maps	nps_nps-bibe-2023-Wild-and-Scenic-Rivers-Brochure_p02.png	zenjpeg	444	90	model_proj	47.203	88.114	0.5369	CjpegliYcbcr	1.1
maps	nps_nps-biho-FINAL-VERSION_BIHO-unigrid_Side-1_X3_compressed-for-web-6_p01.png	turbo	420	15	identity_off	31.850	32.629	4.3345	Unknown	15.0
maps	nps_nps-biho-FINAL-VERSION_BIHO-unigrid_Side-1_X3_compressed-for-web-6_p01.png	turbo	420	15	identity_auto	32.009	37.637	4.3204	Unknown	15.0
maps	nps_nps-biho-FINAL-VERSION_BIHO-unigrid_Side-1_X3_compressed-for-web-6_p01.png	turbo	420	15	model_off	34.041	43.869	4.2717	Unknown	15.0
maps	nps_nps-biho-FINAL-VERSION_BIHO-unigrid_Side-1_X3_compressed-for-web-6_p01.png	turbo	420	15	model_auto	34.030	43.126	4.2853	Unknown	15.0
maps	nps_nps-biho-FINAL-VERSION_BIHO-unigrid_Side-1_X3_compressed-for-web-6_p01.png	turbo	420	15	model_policy	34.112	44.471	4.2703	Unknown	15.0
maps	nps_nps-biho-FINAL-VERSION_BIHO-unigrid_Side-1_X3_compressed-for-web-6_p01.png	turbo	420	15	model_proj	34.117	44.468	4.2701	Unknown	15.0
maps	nps_nps-biho-FINAL-VERSION_BIHO-unigrid_Side-1_X3_compressed-for-web-6_p01.png	turbo	420	35	identity_off	35.228	63.684	2.0641	ImageMagick	35.0
maps	nps_nps-biho-FINAL-VERSION_BIHO-unigrid_Side-1_X3_compressed-for-web-6_p01.png	turbo	420	35	identity_auto	35.368	65.180	2.0507	ImageMagick	35.0
maps	nps_nps-biho-FINAL-VERSION_BIHO-unigrid_Side-1_X3_compressed-for-web-6_p01.png	turbo	420	35	model_off	37.182	69.041	2.0288	ImageMagick	35.0
maps	nps_nps-biho-FINAL-VERSION_BIHO-unigrid_Side-1_X3_compressed-for-web-6_p01.png	turbo	420	35	model_auto	37.205	68.048	2.0279	ImageMagick	35.0
maps	nps_nps-biho-FINAL-VERSION_BIHO-unigrid_Side-1_X3_compressed-for-web-6_p01.png	turbo	420	35	model_policy	37.224	69.280	2.0278	ImageMagick	35.0
maps	nps_nps-biho-FINAL-VERSION_BIHO-unigrid_Side-1_X3_compressed-for-web-6_p01.png	turbo	420	35	model_proj	37.258	69.361	2.0266	ImageMagick	35.0
maps	nps_nps-biho-FINAL-VERSION_BIHO-unigrid_Side-1_X3_compressed-for-web-6_p01.png	turbo	420	55	identity_off	37.121	73.350	1.3012	ImageMagick	55.0
maps	nps_nps-biho-FINAL-VERSION_BIHO-unigrid_Side-1_X3_compressed-for-web-6_p01.png	turbo	420	55	identity_auto	37.227	73.905	1.2865	ImageMagick	55.0
maps	nps_nps-biho-FINAL-VERSION_BIHO-unigrid_Side-1_X3_compressed-for-web-6_p01.png	turbo	420	55	model_off	38.950	77.142	1.1656	ImageMagick	55.0
maps	nps_nps-biho-FINAL-VERSION_BIHO-unigrid_Side-1_X3_compressed-for-web-6_p01.png	turbo	420	55	model_auto	38.923	76.308	1.1886	ImageMagick	55.0
maps	nps_nps-biho-FINAL-VERSION_BIHO-unigrid_Side-1_X3_compressed-for-web-6_p01.png	turbo	420	55	model_policy	38.995	77.231	1.1582	ImageMagick	55.0
maps	nps_nps-biho-FINAL-VERSION_BIHO-unigrid_Side-1_X3_compressed-for-web-6_p01.png	turbo	420	55	model_proj	39.040	77.305	1.1530	ImageMagick	55.0
maps	nps_nps-biho-FINAL-VERSION_BIHO-unigrid_Side-1_X3_compressed-for-web-6_p01.png	turbo	420	75	identity_off	39.274	80.664	1.0371	ImageMagick	75.0
maps	nps_nps-biho-FINAL-VERSION_BIHO-unigrid_Side-1_X3_compressed-for-web-6_p01.png	turbo	420	75	identity_auto	39.364	80.826	1.0276	ImageMagick	75.0
maps	nps_nps-biho-FINAL-VERSION_BIHO-unigrid_Side-1_X3_compressed-for-web-6_p01.png	turbo	420	75	model_off	40.918	83.011	0.9799	ImageMagick	75.0
maps	nps_nps-biho-FINAL-VERSION_BIHO-unigrid_Side-1_X3_compressed-for-web-6_p01.png	turbo	420	75	model_auto	40.836	82.210	1.0029	ImageMagick	75.0
maps	nps_nps-biho-FINAL-VERSION_BIHO-unigrid_Side-1_X3_compressed-for-web-6_p01.png	turbo	420	75	model_policy	40.991	83.172	0.9589	ImageMagick	75.0
maps	nps_nps-biho-FINAL-VERSION_BIHO-unigrid_Side-1_X3_compressed-for-web-6_p01.png	turbo	420	75	model_proj	41.105	83.438	0.9463	ImageMagick	75.0
maps	nps_nps-biho-FINAL-VERSION_BIHO-unigrid_Side-1_X3_compressed-for-web-6_p01.png	turbo	420	90	identity_off	42.191	88.298	0.7012	ImageMagick	90.0
maps	nps_nps-biho-FINAL-VERSION_BIHO-unigrid_Side-1_X3_compressed-for-web-6_p01.png	turbo	420	90	identity_auto	42.184	88.231	0.7092	ImageMagick	90.0
maps	nps_nps-biho-FINAL-VERSION_BIHO-unigrid_Side-1_X3_compressed-for-web-6_p01.png	turbo	420	90	model_off	43.544	88.316	0.7031	ImageMagick	90.0
maps	nps_nps-biho-FINAL-VERSION_BIHO-unigrid_Side-1_X3_compressed-for-web-6_p01.png	turbo	420	90	model_auto	43.404	87.886	0.7131	ImageMagick	90.0
maps	nps_nps-biho-FINAL-VERSION_BIHO-unigrid_Side-1_X3_compressed-for-web-6_p01.png	turbo	420	90	model_policy	43.461	88.725	0.7300	ImageMagick	90.0
maps	nps_nps-biho-FINAL-VERSION_BIHO-unigrid_Side-1_X3_compressed-for-web-6_p01.png	turbo	420	90	model_proj	43.795	89.007	0.6831	ImageMagick	90.0
maps	nps_nps-biho-FINAL-VERSION_BIHO-unigrid_Side-1_X3_compressed-for-web-6_p01.png	turbo	444	15	identity_off	32.172	36.000	4.3262	Unknown	15.0
maps	nps_nps-biho-FINAL-VERSION_BIHO-unigrid_Side-1_X3_compressed-for-web-6_p01.png	turbo	444	15	identity_auto	32.495	42.126	4.3119	Unknown	15.0
maps	nps_nps-biho-FINAL-VERSION_BIHO-unigrid_Side-1_X3_compressed-for-web-6_p01.png	turbo	444	15	model_off	34.476	47.042	4.2654	Unknown	15.0
maps	nps_nps-biho-FINAL-VERSION_BIHO-unigrid_Side-1_X3_compressed-for-web-6_p01.png	turbo	444	15	model_auto	34.434	45.954	4.2866	Unknown	15.0
maps	nps_nps-biho-FINAL-VERSION_BIHO-unigrid_Side-1_X3_compressed-for-web-6_p01.png	turbo	444	15	model_policy	34.474	46.988	4.2614	Unknown	15.0
maps	nps_nps-biho-FINAL-VERSION_BIHO-unigrid_Side-1_X3_compressed-for-web-6_p01.png	turbo	444	15	model_proj	34.491	47.067	4.2610	Unknown	15.0
maps	nps_nps-biho-FINAL-VERSION_BIHO-unigrid_Side-1_X3_compressed-for-web-6_p01.png	turbo	444	35	identity_off	35.804	65.639	2.0483	ImageMagick	35.0
maps	nps_nps-biho-FINAL-VERSION_BIHO-unigrid_Side-1_X3_compressed-for-web-6_p01.png	turbo	444	35	identity_auto	36.141	67.604	2.0322	ImageMagick	35.0
maps	nps_nps-biho-FINAL-VERSION_BIHO-unigrid_Side-1_X3_compressed-for-web-6_p01.png	turbo	444	35	model_off	37.877	70.873	2.0142	ImageMagick	35.0
maps	nps_nps-biho-FINAL-VERSION_BIHO-unigrid_Side-1_X3_compressed-for-web-6_p01.png	turbo	444	35	model_auto	37.893	70.113	2.0116	ImageMagick	35.0
maps	nps_nps-biho-FINAL-VERSION_BIHO-unigrid_Side-1_X3_compressed-for-web-6_p01.png	turbo	444	35	model_policy	37.871	70.951	2.0110	ImageMagick	35.0
maps	nps_nps-biho-FINAL-VERSION_BIHO-unigrid_Side-1_X3_compressed-for-web-6_p01.png	turbo	444	35	model_proj	37.914	71.089	2.0098	ImageMagick	35.0
maps	nps_nps-biho-FINAL-VERSION_BIHO-unigrid_Side-1_X3_compressed-for-web-6_p01.png	turbo	444	55	identity_off	37.801	75.433	1.2768	ImageMagick	55.0
maps	nps_nps-biho-FINAL-VERSION_BIHO-unigrid_Side-1_X3_compressed-for-web-6_p01.png	turbo	444	55	identity_auto	38.080	76.185	1.2560	ImageMagick	55.0
maps	nps_nps-biho-FINAL-VERSION_BIHO-unigrid_Side-1_X3_compressed-for-web-6_p01.png	turbo	444	55	model_off	39.795	78.878	1.1506	ImageMagick	55.0
maps	nps_nps-biho-FINAL-VERSION_BIHO-unigrid_Side-1_X3_compressed-for-web-6_p01.png	turbo	444	55	model_auto	39.740	77.948	1.1744	ImageMagick	55.0
maps	nps_nps-biho-FINAL-VERSION_BIHO-unigrid_Side-1_X3_compressed-for-web-6_p01.png	turbo	444	55	model_policy	39.843	79.004	1.1427	ImageMagick	55.0
maps	nps_nps-biho-FINAL-VERSION_BIHO-unigrid_Side-1_X3_compressed-for-web-6_p01.png	turbo	444	55	model_proj	39.902	79.210	1.1389	ImageMagick	55.0
maps	nps_nps-biho-FINAL-VERSION_BIHO-unigrid_Side-1_X3_compressed-for-web-6_p01.png	turbo	444	75	identity_off	40.233	82.058	1.0258	ImageMagick	75.0
maps	nps_nps-biho-FINAL-VERSION_BIHO-unigrid_Side-1_X3_compressed-for-web-6_p01.png	turbo	444	75	identity_auto	40.510	82.328	1.0129	ImageMagick	75.0
maps	nps_nps-biho-FINAL-VERSION_BIHO-unigrid_Side-1_X3_compressed-for-web-6_p01.png	turbo	444	75	model_off	42.025	84.140	0.9784	ImageMagick	75.0
maps	nps_nps-biho-FINAL-VERSION_BIHO-unigrid_Side-1_X3_compressed-for-web-6_p01.png	turbo	444	75	model_auto	41.885	83.253	1.0113	ImageMagick	75.0
maps	nps_nps-biho-FINAL-VERSION_BIHO-unigrid_Side-1_X3_compressed-for-web-6_p01.png	turbo	444	75	model_policy	42.154	84.346	0.9647	ImageMagick	75.0
maps	nps_nps-biho-FINAL-VERSION_BIHO-unigrid_Side-1_X3_compressed-for-web-6_p01.png	turbo	444	75	model_proj	42.243	84.732	0.9476	ImageMagick	75.0
maps	nps_nps-biho-FINAL-VERSION_BIHO-unigrid_Side-1_X3_compressed-for-web-6_p01.png	turbo	444	90	identity_off	44.286	89.307	0.6923	ImageMagick	90.0
maps	nps_nps-biho-FINAL-VERSION_BIHO-unigrid_Side-1_X3_compressed-for-web-6_p01.png	turbo	444	90	identity_auto	44.336	89.365	0.6985	ImageMagick	90.0
maps	nps_nps-biho-FINAL-VERSION_BIHO-unigrid_Side-1_X3_compressed-for-web-6_p01.png	turbo	444	90	model_off	45.278	89.422	0.7002	ImageMagick	90.0
maps	nps_nps-biho-FINAL-VERSION_BIHO-unigrid_Side-1_X3_compressed-for-web-6_p01.png	turbo	444	90	model_auto	45.048	88.835	0.7119	ImageMagick	90.0
maps	nps_nps-biho-FINAL-VERSION_BIHO-unigrid_Side-1_X3_compressed-for-web-6_p01.png	turbo	444	90	model_policy	45.185	89.503	0.7242	ImageMagick	90.0
maps	nps_nps-biho-FINAL-VERSION_BIHO-unigrid_Side-1_X3_compressed-for-web-6_p01.png	turbo	444	90	model_proj	45.560	90.078	0.6786	ImageMagick	90.0
maps	nps_nps-biho-FINAL-VERSION_BIHO-unigrid_Side-1_X3_compressed-for-web-6_p01.png	mozjpeg	420	15	identity_off	30.338	26.249	5.2808	Mozjpeg	15.0
maps	nps_nps-biho-FINAL-VERSION_BIHO-unigrid_Side-1_X3_compressed-for-web-6_p01.png	mozjpeg	420	15	identity_auto	30.606	29.543	5.2637	Mozjpeg	15.0
maps	nps_nps-biho-FINAL-VERSION_BIHO-unigrid_Side-1_X3_compressed-for-web-6_p01.png	mozjpeg	420	15	model_off	32.117	33.879	5.2387	Mozjpeg	15.0
maps	nps_nps-biho-FINAL-VERSION_BIHO-unigrid_Side-1_X3_compressed-for-web-6_p01.png	mozjpeg	420	15	model_auto	32.202	32.787	5.3171	Mozjpeg	15.0
maps	nps_nps-biho-FINAL-VERSION_BIHO-unigrid_Side-1_X3_compressed-for-web-6_p01.png	mozjpeg	420	15	model_policy	32.329	33.832	5.1245	Mozjpeg	15.0
maps	nps_nps-biho-FINAL-VERSION_BIHO-unigrid_Side-1_X3_compressed-for-web-6_p01.png	mozjpeg	420	15	model_proj	32.185	33.717	5.1208	Mozjpeg	15.0
maps	nps_nps-biho-FINAL-VERSION_BIHO-unigrid_Side-1_X3_compressed-for-web-6_p01.png	mozjpeg	420	35	identity_off	33.530	59.777	1.8744	Mozjpeg	35.0
maps	nps_nps-biho-FINAL-VERSION_BIHO-unigrid_Side-1_X3_compressed-for-web-6_p01.png	mozjpeg	420	35	identity_auto	33.698	60.617	1.8292	Mozjpeg	35.0
maps	nps_nps-biho-FINAL-VERSION_BIHO-unigrid_Side-1_X3_compressed-for-web-6_p01.png	mozjpeg	420	35	model_off	35.661	63.671	1.7651	Mozjpeg	35.0
maps	nps_nps-biho-FINAL-VERSION_BIHO-unigrid_Side-1_X3_compressed-for-web-6_p01.png	mozjpeg	420	35	model_auto	35.764	62.793	1.7701	Mozjpeg	35.0
maps	nps_nps-biho-FINAL-VERSION_BIHO-unigrid_Side-1_X3_compressed-for-web-6_p01.png	mozjpeg	420	35	model_policy	35.826	63.721	1.7653	Mozjpeg	35.0
maps	nps_nps-biho-FINAL-VERSION_BIHO-unigrid_Side-1_X3_compressed-for-web-6_p01.png	mozjpeg	420	35	model_proj	35.530	63.747	1.7710	Mozjpeg	35.0
maps	nps_nps-biho-FINAL-VERSION_BIHO-unigrid_Side-1_X3_compressed-for-web-6_p01.png	mozjpeg	420	55	identity_off	35.139	70.643	1.3789	Mozjpeg	55.0
maps	nps_nps-biho-FINAL-VERSION_BIHO-unigrid_Side-1_X3_compressed-for-web-6_p01.png	mozjpeg	420	55	identity_auto	35.254	70.767	1.3554	Mozjpeg	55.0
maps	nps_nps-biho-FINAL-VERSION_BIHO-unigrid_Side-1_X3_compressed-for-web-6_p01.png	mozjpeg	420	55	model_off	37.286	73.187	1.2919	Mozjpeg	55.0
maps	nps_nps-biho-FINAL-VERSION_BIHO-unigrid_Side-1_X3_compressed-for-web-6_p01.png	mozjpeg	420	55	model_auto	37.319	72.244	1.3101	Mozjpeg	55.0
maps	nps_nps-biho-FINAL-VERSION_BIHO-unigrid_Side-1_X3_compressed-for-web-6_p01.png	mozjpeg	420	55	model_policy	37.381	73.421	1.2948	Mozjpeg	55.0
maps	nps_nps-biho-FINAL-VERSION_BIHO-unigrid_Side-1_X3_compressed-for-web-6_p01.png	mozjpeg	420	55	model_proj	37.138	73.461	1.2914	Mozjpeg	55.0
maps	nps_nps-biho-FINAL-VERSION_BIHO-unigrid_Side-1_X3_compressed-for-web-6_p01.png	mozjpeg	420	75	identity_off	37.534	78.536	1.0548	Mozjpeg	75.0
maps	nps_nps-biho-FINAL-VERSION_BIHO-unigrid_Side-1_X3_compressed-for-web-6_p01.png	mozjpeg	420	75	identity_auto	37.625	78.420	1.0458	Mozjpeg	75.0
maps	nps_nps-biho-FINAL-VERSION_BIHO-unigrid_Side-1_X3_compressed-for-web-6_p01.png	mozjpeg	420	75	model_off	39.360	79.897	0.9848	Mozjpeg	75.0
maps	nps_nps-biho-FINAL-VERSION_BIHO-unigrid_Side-1_X3_compressed-for-web-6_p01.png	mozjpeg	420	75	model_auto	39.327	79.116	1.0215	Mozjpeg	75.0
maps	nps_nps-biho-FINAL-VERSION_BIHO-unigrid_Side-1_X3_compressed-for-web-6_p01.png	mozjpeg	420	75	model_policy	39.438	80.144	0.9713	Mozjpeg	75.0
maps	nps_nps-biho-FINAL-VERSION_BIHO-unigrid_Side-1_X3_compressed-for-web-6_p01.png	mozjpeg	420	75	model_proj	39.373	80.453	0.9540	Mozjpeg	75.0
maps	nps_nps-biho-FINAL-VERSION_BIHO-unigrid_Side-1_X3_compressed-for-web-6_p01.png	mozjpeg	420	90	identity_off	40.925	85.991	0.7481	Mozjpeg	90.0
maps	nps_nps-biho-FINAL-VERSION_BIHO-unigrid_Side-1_X3_compressed-for-web-6_p01.png	mozjpeg	420	90	identity_auto	40.920	85.992	0.7602	Mozjpeg	90.0
maps	nps_nps-biho-FINAL-VERSION_BIHO-unigrid_Side-1_X3_compressed-for-web-6_p01.png	mozjpeg	420	90	model_off	42.495	86.604	0.7361	Mozjpeg	90.0
maps	nps_nps-biho-FINAL-VERSION_BIHO-unigrid_Side-1_X3_compressed-for-web-6_p01.png	mozjpeg	420	90	model_auto	42.334	86.126	0.7436	Mozjpeg	90.0
maps	nps_nps-biho-FINAL-VERSION_BIHO-unigrid_Side-1_X3_compressed-for-web-6_p01.png	mozjpeg	420	90	model_policy	42.583	86.847	0.7549	Mozjpeg	90.0
maps	nps_nps-biho-FINAL-VERSION_BIHO-unigrid_Side-1_X3_compressed-for-web-6_p01.png	mozjpeg	420	90	model_proj	42.847	87.400	0.7011	Mozjpeg	90.0
maps	nps_nps-biho-FINAL-VERSION_BIHO-unigrid_Side-1_X3_compressed-for-web-6_p01.png	mozjpeg	444	15	identity_off	30.475	28.967	5.2759	Mozjpeg	15.0
maps	nps_nps-biho-FINAL-VERSION_BIHO-unigrid_Side-1_X3_compressed-for-web-6_p01.png	mozjpeg	444	15	identity_auto	30.847	32.811	5.2582	Mozjpeg	15.0
maps	nps_nps-biho-FINAL-VERSION_BIHO-unigrid_Side-1_X3_compressed-for-web-6_p01.png	mozjpeg	444	15	model_off	32.281	36.095	5.2332	Mozjpeg	15.0
maps	nps_nps-biho-FINAL-VERSION_BIHO-unigrid_Side-1_X3_compressed-for-web-6_p01.png	mozjpeg	444	15	model_auto	32.372	34.716	5.2994	Mozjpeg	15.0
maps	nps_nps-biho-FINAL-VERSION_BIHO-unigrid_Side-1_X3_compressed-for-web-6_p01.png	mozjpeg	444	15	model_policy	32.462	35.435	5.1211	Mozjpeg	15.0
maps	nps_nps-biho-FINAL-VERSION_BIHO-unigrid_Side-1_X3_compressed-for-web-6_p01.png	mozjpeg	444	15	model_proj	32.288	35.326	5.1183	Mozjpeg	15.0
maps	nps_nps-biho-FINAL-VERSION_BIHO-unigrid_Side-1_X3_compressed-for-web-6_p01.png	mozjpeg	444	35	identity_off	33.829	61.476	1.8617	Mozjpeg	35.0
maps	nps_nps-biho-FINAL-VERSION_BIHO-unigrid_Side-1_X3_compressed-for-web-6_p01.png	mozjpeg	444	35	identity_auto	34.089	62.826	1.8157	Mozjpeg	35.0
maps	nps_nps-biho-FINAL-VERSION_BIHO-unigrid_Side-1_X3_compressed-for-web-6_p01.png	mozjpeg	444	35	model_off	35.748	65.293	1.7561	Mozjpeg	35.0
maps	nps_nps-biho-FINAL-VERSION_BIHO-unigrid_Side-1_X3_compressed-for-web-6_p01.png	mozjpeg	444	35	model_auto	35.829	64.530	1.7600	Mozjpeg	35.0
maps	nps_nps-biho-FINAL-VERSION_BIHO-unigrid_Side-1_X3_compressed-for-web-6_p01.png	mozjpeg	444	35	model_policy	35.830	65.213	1.7571	Mozjpeg	35.0
maps	nps_nps-biho-FINAL-VERSION_BIHO-unigrid_Side-1_X3_compressed-for-web-6_p01.png	mozjpeg	444	35	model_proj	35.572	65.233	1.7624	Mozjpeg	35.0
maps	nps_nps-biho-FINAL-VERSION_BIHO-unigrid_Side-1_X3_compressed-for-web-6_p01.png	mozjpeg	444	55	identity_off	35.524	72.083	1.3658	Mozjpeg	55.0
maps	nps_nps-biho-FINAL-VERSION_BIHO-unigrid_Side-1_X3_compressed-for-web-6_p01.png	mozjpeg	444	55	identity_auto	35.708	72.378	1.3401	Mozjpeg	55.0
maps	nps_nps-biho-FINAL-VERSION_BIHO-unigrid_Side-1_X3_compressed-for-web-6_p01.png	mozjpeg	444	55	model_off	37.632	74.322	1.2851	Mozjpeg	55.0
maps	nps_nps-biho-FINAL-VERSION_BIHO-unigrid_Side-1_X3_compressed-for-web-6_p01.png	mozjpeg	444	55	model_auto	37.574	73.404	1.3134	Mozjpeg	55.0
maps	nps_nps-biho-FINAL-VERSION_BIHO-unigrid_Side-1_X3_compressed-for-web-6_p01.png	mozjpeg	444	55	model_policy	37.719	74.453	1.2846	Mozjpeg	55.0
maps	nps_nps-biho-FINAL-VERSION_BIHO-unigrid_Side-1_X3_compressed-for-web-6_p01.png	mozjpeg	444	55	model_proj	37.432	74.491	1.2822	Mozjpeg	55.0
maps	nps_nps-biho-FINAL-VERSION_BIHO-unigrid_Side-1_X3_compressed-for-web-6_p01.png	mozjpeg	444	75	identity_off	38.128	79.715	1.0513	Mozjpeg	75.0
maps	nps_nps-biho-FINAL-VERSION_BIHO-unigrid_Side-1_X3_compressed-for-web-6_p01.png	mozjpeg	444	75	identity_auto	38.288	79.768	1.0389	Mozjpeg	75.0
maps	nps_nps-biho-FINAL-VERSION_BIHO-unigrid_Side-1_X3_compressed-for-web-6_p01.png	mozjpeg	444	75	model_off	39.911	80.891	0.9838	Mozjpeg	75.0
maps	nps_nps-biho-FINAL-VERSION_BIHO-unigrid_Side-1_X3_compressed-for-web-6_p01.png	mozjpeg	444	75	model_auto	39.874	80.127	1.0099	Mozjpeg	75.0
maps	nps_nps-biho-FINAL-VERSION_BIHO-unigrid_Side-1_X3_compressed-for-web-6_p01.png	mozjpeg	444	75	model_policy	39.954	81.079	0.9707	Mozjpeg	75.0
maps	nps_nps-biho-FINAL-VERSION_BIHO-unigrid_Side-1_X3_compressed-for-web-6_p01.png	mozjpeg	444	75	model_proj	39.864	81.388	0.9455	Mozjpeg	75.0
maps	nps_nps-biho-FINAL-VERSION_BIHO-unigrid_Side-1_X3_compressed-for-web-6_p01.png	mozjpeg	444	90	identity_off	42.351	86.707	0.7371	Mozjpeg	90.0
maps	nps_nps-biho-FINAL-VERSION_BIHO-unigrid_Side-1_X3_compressed-for-web-6_p01.png	mozjpeg	444	90	identity_auto	42.377	86.672	0.7479	Mozjpeg	90.0
maps	nps_nps-biho-FINAL-VERSION_BIHO-unigrid_Side-1_X3_compressed-for-web-6_p01.png	mozjpeg	444	90	model_off	43.590	87.255	0.7280	Mozjpeg	90.0
maps	nps_nps-biho-FINAL-VERSION_BIHO-unigrid_Side-1_X3_compressed-for-web-6_p01.png	mozjpeg	444	90	model_auto	43.363	86.699	0.7498	Mozjpeg	90.0
maps	nps_nps-biho-FINAL-VERSION_BIHO-unigrid_Side-1_X3_compressed-for-web-6_p01.png	mozjpeg	444	90	model_policy	43.656	87.460	0.7475	Mozjpeg	90.0
maps	nps_nps-biho-FINAL-VERSION_BIHO-unigrid_Side-1_X3_compressed-for-web-6_p01.png	mozjpeg	444	90	model_proj	43.924	88.123	0.6946	Mozjpeg	90.0
maps	nps_nps-biho-FINAL-VERSION_BIHO-unigrid_Side-1_X3_compressed-for-web-6_p01.png	jpegli	420	15	identity_off	32.489	51.149	2.4578	CjpegliYcbcr	14.2
maps	nps_nps-biho-FINAL-VERSION_BIHO-unigrid_Side-1_X3_compressed-for-web-6_p01.png	jpegli	420	15	identity_auto	32.681	51.850	2.4331	CjpegliYcbcr	14.2
maps	nps_nps-biho-FINAL-VERSION_BIHO-unigrid_Side-1_X3_compressed-for-web-6_p01.png	jpegli	420	15	model_off	34.573	56.368	2.3109	CjpegliYcbcr	14.2
maps	nps_nps-biho-FINAL-VERSION_BIHO-unigrid_Side-1_X3_compressed-for-web-6_p01.png	jpegli	420	15	model_auto	34.670	55.107	2.3121	CjpegliYcbcr	14.2
maps	nps_nps-biho-FINAL-VERSION_BIHO-unigrid_Side-1_X3_compressed-for-web-6_p01.png	jpegli	420	15	model_policy	34.623	56.392	2.2996	CjpegliYcbcr	14.2
maps	nps_nps-biho-FINAL-VERSION_BIHO-unigrid_Side-1_X3_compressed-for-web-6_p01.png	jpegli	420	15	model_proj	34.625	56.395	2.2991	CjpegliYcbcr	14.2
maps	nps_nps-biho-FINAL-VERSION_BIHO-unigrid_Side-1_X3_compressed-for-web-6_p01.png	jpegli	420	35	identity_off	35.470	68.318	1.5492	CjpegliYcbcr	7.2
maps	nps_nps-biho-FINAL-VERSION_BIHO-unigrid_Side-1_X3_compressed-for-web-6_p01.png	jpegli	420	35	identity_auto	35.649	68.144	1.5097	CjpegliYcbcr	7.2
maps	nps_nps-biho-FINAL-VERSION_BIHO-unigrid_Side-1_X3_compressed-for-web-6_p01.png	jpegli	420	35	model_off	37.291	71.430	1.4052	CjpegliYcbcr	7.2
maps	nps_nps-biho-FINAL-VERSION_BIHO-unigrid_Side-1_X3_compressed-for-web-6_p01.png	jpegli	420	35	model_auto	37.312	70.131	1.4417	CjpegliYcbcr	7.2
maps	nps_nps-biho-FINAL-VERSION_BIHO-unigrid_Side-1_X3_compressed-for-web-6_p01.png	jpegli	420	35	model_policy	37.313	71.481	1.4148	CjpegliYcbcr	7.2
maps	nps_nps-biho-FINAL-VERSION_BIHO-unigrid_Side-1_X3_compressed-for-web-6_p01.png	jpegli	420	35	model_proj	37.328	71.517	1.4129	CjpegliYcbcr	7.2
maps	nps_nps-biho-FINAL-VERSION_BIHO-unigrid_Side-1_X3_compressed-for-web-6_p01.png	jpegli	420	55	identity_off	36.953	74.045	1.3311	CjpegliYcbcr	5.2
maps	nps_nps-biho-FINAL-VERSION_BIHO-unigrid_Side-1_X3_compressed-for-web-6_p01.png	jpegli	420	55	identity_auto	37.118	73.830	1.3056	CjpegliYcbcr	5.2
maps	nps_nps-biho-FINAL-VERSION_BIHO-unigrid_Side-1_X3_compressed-for-web-6_p01.png	jpegli	420	55	model_off	38.591	75.814	1.2485	CjpegliYcbcr	5.2
maps	nps_nps-biho-FINAL-VERSION_BIHO-unigrid_Side-1_X3_compressed-for-web-6_p01.png	jpegli	420	55	model_auto	38.569	74.919	1.2618	CjpegliYcbcr	5.2
maps	nps_nps-biho-FINAL-VERSION_BIHO-unigrid_Side-1_X3_compressed-for-web-6_p01.png	jpegli	420	55	model_policy	38.668	76.164	1.2420	CjpegliYcbcr	5.2
maps	nps_nps-biho-FINAL-VERSION_BIHO-unigrid_Side-1_X3_compressed-for-web-6_p01.png	jpegli	420	55	model_proj	38.690	76.296	1.2398	CjpegliYcbcr	5.2
maps	nps_nps-biho-FINAL-VERSION_BIHO-unigrid_Side-1_X3_compressed-for-web-6_p01.png	jpegli	420	75	identity_off	39.429	80.411	1.1549	CjpegliYcbcr	3.0
maps	nps_nps-biho-FINAL-VERSION_BIHO-unigrid_Side-1_X3_compressed-for-web-6_p01.png	jpegli	420	75	identity_auto	39.550	80.366	1.1495	CjpegliYcbcr	3.0
maps	nps_nps-biho-FINAL-VERSION_BIHO-unigrid_Side-1_X3_compressed-for-web-6_p01.png	jpegli	420	75	model_off	40.720	81.487	1.1241	CjpegliYcbcr	3.0
maps	nps_nps-biho-FINAL-VERSION_BIHO-unigrid_Side-1_X3_compressed-for-web-6_p01.png	jpegli	420	75	model_auto	40.652	80.748	1.1395	CjpegliYcbcr	3.0
maps	nps_nps-biho-FINAL-VERSION_BIHO-unigrid_Side-1_X3_compressed-for-web-6_p01.png	jpegli	420	75	model_policy	40.889	81.956	1.1138	CjpegliYcbcr	3.0
maps	nps_nps-biho-FINAL-VERSION_BIHO-unigrid_Side-1_X3_compressed-for-web-6_p01.png	jpegli	420	75	model_proj	40.928	82.142	1.1118	CjpegliYcbcr	3.0
maps	nps_nps-biho-FINAL-VERSION_BIHO-unigrid_Side-1_X3_compressed-for-web-6_p01.png	jpegli	420	90	identity_off	42.337	87.601	0.6980	CjpegliYcbcr	1.3
maps	nps_nps-biho-FINAL-VERSION_BIHO-unigrid_Side-1_X3_compressed-for-web-6_p01.png	jpegli	420	90	identity_auto	42.340	87.683	0.7057	CjpegliYcbcr	1.3
maps	nps_nps-biho-FINAL-VERSION_BIHO-unigrid_Side-1_X3_compressed-for-web-6_p01.png	jpegli	420	90	model_off	43.391	87.833	0.7240	CjpegliYcbcr	1.3
maps	nps_nps-biho-FINAL-VERSION_BIHO-unigrid_Side-1_X3_compressed-for-web-6_p01.png	jpegli	420	90	model_auto	43.216	87.238	0.7374	CjpegliYcbcr	1.3
maps	nps_nps-biho-FINAL-VERSION_BIHO-unigrid_Side-1_X3_compressed-for-web-6_p01.png	jpegli	420	90	model_policy	43.501	88.109	0.7376	CjpegliYcbcr	1.3
maps	nps_nps-biho-FINAL-VERSION_BIHO-unigrid_Side-1_X3_compressed-for-web-6_p01.png	jpegli	420	90	model_proj	43.756	88.648	1.1343	CjpegliYcbcr	1.3
maps	nps_nps-biho-FINAL-VERSION_BIHO-unigrid_Side-1_X3_compressed-for-web-6_p01.png	jpegli	444	15	identity_off	32.855	54.379	2.4675	CjpegliYcbcr	11.8
maps	nps_nps-biho-FINAL-VERSION_BIHO-unigrid_Side-1_X3_compressed-for-web-6_p01.png	jpegli	444	15	identity_auto	33.193	55.762	2.4482	CjpegliYcbcr	11.8
maps	nps_nps-biho-FINAL-VERSION_BIHO-unigrid_Side-1_X3_compressed-for-web-6_p01.png	jpegli	444	15	model_off	34.927	59.165	2.4122	CjpegliYcbcr	11.8
maps	nps_nps-biho-FINAL-VERSION_BIHO-unigrid_Side-1_X3_compressed-for-web-6_p01.png	jpegli	444	15	model_auto	35.040	58.373	2.3894	CjpegliYcbcr	11.8
maps	nps_nps-biho-FINAL-VERSION_BIHO-unigrid_Side-1_X3_compressed-for-web-6_p01.png	jpegli	444	15	model_policy	35.011	59.160	2.3790	CjpegliYcbcr	11.8
maps	nps_nps-biho-FINAL-VERSION_BIHO-unigrid_Side-1_X3_compressed-for-web-6_p01.png	jpegli	444	15	model_proj	35.015	59.172	2.3786	CjpegliYcbcr	11.8
maps	nps_nps-biho-FINAL-VERSION_BIHO-unigrid_Side-1_X3_compressed-for-web-6_p01.png	jpegli	444	35	identity_off	35.922	70.740	2.2126	CjpegliYcbcr	6.0
maps	nps_nps-biho-FINAL-VERSION_BIHO-unigrid_Side-1_X3_compressed-for-web-6_p01.png	jpegli	444	35	identity_auto	36.233	70.935	2.2065	CjpegliYcbcr	6.0
maps	nps_nps-biho-FINAL-VERSION_BIHO-unigrid_Side-1_X3_compressed-for-web-6_p01.png	jpegli	444	35	model_off	37.791	73.796	2.1786	CjpegliYcbcr	6.0
maps	nps_nps-biho-FINAL-VERSION_BIHO-unigrid_Side-1_X3_compressed-for-web-6_p01.png	jpegli	444	35	model_auto	37.830	72.777	2.1689	CjpegliYcbcr	6.0
maps	nps_nps-biho-FINAL-VERSION_BIHO-unigrid_Side-1_X3_compressed-for-web-6_p01.png	jpegli	444	35	model_policy	37.825	73.884	2.1704	CjpegliYcbcr	6.0
maps	nps_nps-biho-FINAL-VERSION_BIHO-unigrid_Side-1_X3_compressed-for-web-6_p01.png	jpegli	444	35	model_proj	37.838	73.946	2.1700	CjpegliYcbcr	6.0
maps	nps_nps-biho-FINAL-VERSION_BIHO-unigrid_Side-1_X3_compressed-for-web-6_p01.png	jpegli	444	55	identity_off	37.586	75.700	1.4147	CjpegliYcbcr	4.1
maps	nps_nps-biho-FINAL-VERSION_BIHO-unigrid_Side-1_X3_compressed-for-web-6_p01.png	jpegli	444	55	identity_auto	37.897	75.922	1.4070	CjpegliYcbcr	4.1
maps	nps_nps-biho-FINAL-VERSION_BIHO-unigrid_Side-1_X3_compressed-for-web-6_p01.png	jpegli	444	55	model_off	39.136	77.946	1.3836	CjpegliYcbcr	4.1
maps	nps_nps-biho-FINAL-VERSION_BIHO-unigrid_Side-1_X3_compressed-for-web-6_p01.png	jpegli	444	55	model_auto	39.086	77.047	1.3789	CjpegliYcbcr	4.1
maps	nps_nps-biho-FINAL-VERSION_BIHO-unigrid_Side-1_X3_compressed-for-web-6_p01.png	jpegli	444	55	model_policy	39.190	78.155	1.3824	CjpegliYcbcr	4.1
maps	nps_nps-biho-FINAL-VERSION_BIHO-unigrid_Side-1_X3_compressed-for-web-6_p01.png	jpegli	444	55	model_proj	39.207	78.203	1.3818	CjpegliYcbcr	4.1
maps	nps_nps-biho-FINAL-VERSION_BIHO-unigrid_Side-1_X3_compressed-for-web-6_p01.png	jpegli	444	75	identity_off	40.029	82.374	1.1424	CjpegliYcbcr	2.3
maps	nps_nps-biho-FINAL-VERSION_BIHO-unigrid_Side-1_X3_compressed-for-web-6_p01.png	jpegli	444	75	identity_auto	40.318	82.571	1.1407	CjpegliYcbcr	2.3
maps	nps_nps-biho-FINAL-VERSION_BIHO-unigrid_Side-1_X3_compressed-for-web-6_p01.png	jpegli	444	75	model_off	41.297	83.400	1.1314	CjpegliYcbcr	2.3
maps	nps_nps-biho-FINAL-VERSION_BIHO-unigrid_Side-1_X3_compressed-for-web-6_p01.png	jpegli	444	75	model_auto	41.255	82.872	1.1340	CjpegliYcbcr	2.3
maps	nps_nps-biho-FINAL-VERSION_BIHO-unigrid_Side-1_X3_compressed-for-web-6_p01.png	jpegli	444	75	model_policy	41.458	83.741	1.1234	CjpegliYcbcr	2.3
maps	nps_nps-biho-FINAL-VERSION_BIHO-unigrid_Side-1_X3_compressed-for-web-6_p01.png	jpegli	444	75	model_proj	41.477	83.774	1.1228	CjpegliYcbcr	2.3
maps	nps_nps-biho-FINAL-VERSION_BIHO-unigrid_Side-1_X3_compressed-for-web-6_p01.png	jpegli	444	90	identity_off	43.445	88.831	0.9107	CjpegliYcbcr	1.1
maps	nps_nps-biho-FINAL-VERSION_BIHO-unigrid_Side-1_X3_compressed-for-web-6_p01.png	jpegli	444	90	identity_auto	43.545	88.890	0.9153	CjpegliYcbcr	1.1
maps	nps_nps-biho-FINAL-VERSION_BIHO-unigrid_Side-1_X3_compressed-for-web-6_p01.png	jpegli	444	90	model_off	44.143	88.833	0.9238	CjpegliYcbcr	1.1
maps	nps_nps-biho-FINAL-VERSION_BIHO-unigrid_Side-1_X3_compressed-for-web-6_p01.png	jpegli	444	90	model_auto	43.963	88.238	0.9458	CjpegliYcbcr	1.1
maps	nps_nps-biho-FINAL-VERSION_BIHO-unigrid_Side-1_X3_compressed-for-web-6_p01.png	jpegli	444	90	model_policy	44.309	89.365	0.9063	CjpegliYcbcr	1.1
maps	nps_nps-biho-FINAL-VERSION_BIHO-unigrid_Side-1_X3_compressed-for-web-6_p01.png	jpegli	444	90	model_proj	44.404	89.614	0.8911	CjpegliYcbcr	1.1
maps	nps_nps-biho-FINAL-VERSION_BIHO-unigrid_Side-1_X3_compressed-for-web-6_p01.png	zenjpeg	420	15	identity_off	33.200	53.078	3.2870	CjpegliYcbcr	14.2
maps	nps_nps-biho-FINAL-VERSION_BIHO-unigrid_Side-1_X3_compressed-for-web-6_p01.png	zenjpeg	420	15	identity_auto	33.433	53.822	3.2759	CjpegliYcbcr	14.2
maps	nps_nps-biho-FINAL-VERSION_BIHO-unigrid_Side-1_X3_compressed-for-web-6_p01.png	zenjpeg	420	15	model_off	34.894	57.598	3.2856	CjpegliYcbcr	14.2
maps	nps_nps-biho-FINAL-VERSION_BIHO-unigrid_Side-1_X3_compressed-for-web-6_p01.png	zenjpeg	420	15	model_auto	34.970	56.158	3.2960	CjpegliYcbcr	14.2
maps	nps_nps-biho-FINAL-VERSION_BIHO-unigrid_Side-1_X3_compressed-for-web-6_p01.png	zenjpeg	420	15	model_policy	34.901	57.589	3.2145	CjpegliYcbcr	14.2
maps	nps_nps-biho-FINAL-VERSION_BIHO-unigrid_Side-1_X3_compressed-for-web-6_p01.png	zenjpeg	420	15	model_proj	34.755	57.534	3.2146	CjpegliYcbcr	14.2
maps	nps_nps-biho-FINAL-VERSION_BIHO-unigrid_Side-1_X3_compressed-for-web-6_p01.png	zenjpeg	420	35	identity_off	36.024	69.730	1.4745	CjpegliYcbcr	7.2
maps	nps_nps-biho-FINAL-VERSION_BIHO-unigrid_Side-1_X3_compressed-for-web-6_p01.png	zenjpeg	420	35	identity_auto	36.211	69.402	1.4306	CjpegliYcbcr	7.2
maps	nps_nps-biho-FINAL-VERSION_BIHO-unigrid_Side-1_X3_compressed-for-web-6_p01.png	zenjpeg	420	35	model_off	37.688	71.964	1.3885	CjpegliYcbcr	7.2
maps	nps_nps-biho-FINAL-VERSION_BIHO-unigrid_Side-1_X3_compressed-for-web-6_p01.png	zenjpeg	420	35	model_auto	37.696	70.725	1.4234	CjpegliYcbcr	7.2
maps	nps_nps-biho-FINAL-VERSION_BIHO-unigrid_Side-1_X3_compressed-for-web-6_p01.png	zenjpeg	420	35	model_policy	37.728	72.235	1.3846	CjpegliYcbcr	7.2
maps	nps_nps-biho-FINAL-VERSION_BIHO-unigrid_Side-1_X3_compressed-for-web-6_p01.png	zenjpeg	420	35	model_proj	37.281	71.994	1.3957	CjpegliYcbcr	7.2
maps	nps_nps-biho-FINAL-VERSION_BIHO-unigrid_Side-1_X3_compressed-for-web-6_p01.png	zenjpeg	420	55	identity_off	37.469	75.063	1.2639	CjpegliYcbcr	5.2
maps	nps_nps-biho-FINAL-VERSION_BIHO-unigrid_Side-1_X3_compressed-for-web-6_p01.png	zenjpeg	420	55	identity_auto	37.656	74.921	1.2249	CjpegliYcbcr	5.2
maps	nps_nps-biho-FINAL-VERSION_BIHO-unigrid_Side-1_X3_compressed-for-web-6_p01.png	zenjpeg	420	55	model_off	38.859	76.479	1.2052	CjpegliYcbcr	5.2
maps	nps_nps-biho-FINAL-VERSION_BIHO-unigrid_Side-1_X3_compressed-for-web-6_p01.png	zenjpeg	420	55	model_auto	38.824	75.468	1.2351	CjpegliYcbcr	5.2
maps	nps_nps-biho-FINAL-VERSION_BIHO-unigrid_Side-1_X3_compressed-for-web-6_p01.png	zenjpeg	420	55	model_policy	38.946	76.782	1.1940	CjpegliYcbcr	5.2
maps	nps_nps-biho-FINAL-VERSION_BIHO-unigrid_Side-1_X3_compressed-for-web-6_p01.png	zenjpeg	420	55	model_proj	38.766	76.795	1.1962	CjpegliYcbcr	5.2
maps	nps_nps-biho-FINAL-VERSION_BIHO-unigrid_Side-1_X3_compressed-for-web-6_p01.png	zenjpeg	420	75	identity_off	39.684	81.004	0.9847	CjpegliYcbcr	3.0
maps	nps_nps-biho-FINAL-VERSION_BIHO-unigrid_Side-1_X3_compressed-for-web-6_p01.png	zenjpeg	420	75	identity_auto	39.810	81.027	0.9639	CjpegliYcbcr	3.0
maps	nps_nps-biho-FINAL-VERSION_BIHO-unigrid_Side-1_X3_compressed-for-web-6_p01.png	zenjpeg	420	75	model_off	40.877	81.774	0.9430	CjpegliYcbcr	3.0
maps	nps_nps-biho-FINAL-VERSION_BIHO-unigrid_Side-1_X3_compressed-for-web-6_p01.png	zenjpeg	420	75	model_auto	40.833	81.088	0.9611	CjpegliYcbcr	3.0
maps	nps_nps-biho-FINAL-VERSION_BIHO-unigrid_Side-1_X3_compressed-for-web-6_p01.png	zenjpeg	420	75	model_policy	40.997	82.128	0.9258	CjpegliYcbcr	3.0
maps	nps_nps-biho-FINAL-VERSION_BIHO-unigrid_Side-1_X3_compressed-for-web-6_p01.png	zenjpeg	420	75	model_proj	40.853	82.131	0.9254	CjpegliYcbcr	3.0
maps	nps_nps-biho-FINAL-VERSION_BIHO-unigrid_Side-1_X3_compressed-for-web-6_p01.png	zenjpeg	420	90	identity_off	42.432	87.973	0.7168	CjpegliYcbcr	1.3
maps	nps_nps-biho-FINAL-VERSION_BIHO-unigrid_Side-1_X3_compressed-for-web-6_p01.png	zenjpeg	420	90	identity_auto	42.441	87.944	0.7228	CjpegliYcbcr	1.3
maps	nps_nps-biho-FINAL-VERSION_BIHO-unigrid_Side-1_X3_compressed-for-web-6_p01.png	zenjpeg	420	90	model_off	43.485	87.718	0.7302	CjpegliYcbcr	1.3
maps	nps_nps-biho-FINAL-VERSION_BIHO-unigrid_Side-1_X3_compressed-for-web-6_p01.png	zenjpeg	420	90	model_auto	43.300	87.239	0.7468	CjpegliYcbcr	1.3
maps	nps_nps-biho-FINAL-VERSION_BIHO-unigrid_Side-1_X3_compressed-for-web-6_p01.png	zenjpeg	420	90	model_policy	43.500	88.010	0.7552	CjpegliYcbcr	1.3
maps	nps_nps-biho-FINAL-VERSION_BIHO-unigrid_Side-1_X3_compressed-for-web-6_p01.png	zenjpeg	420	90	model_proj	43.708	88.346	0.6973	CjpegliYcbcr	1.3
maps	nps_nps-biho-FINAL-VERSION_BIHO-unigrid_Side-1_X3_compressed-for-web-6_p01.png	zenjpeg	444	15	identity_off	33.504	55.891	2.4203	CjpegliYcbcr	11.8
maps	nps_nps-biho-FINAL-VERSION_BIHO-unigrid_Side-1_X3_compressed-for-web-6_p01.png	zenjpeg	444	15	identity_auto	33.879	57.298	2.3985	CjpegliYcbcr	11.8
maps	nps_nps-biho-FINAL-VERSION_BIHO-unigrid_Side-1_X3_compressed-for-web-6_p01.png	zenjpeg	444	15	model_off	35.364	60.107	2.3857	CjpegliYcbcr	11.8
maps	nps_nps-biho-FINAL-VERSION_BIHO-unigrid_Side-1_X3_compressed-for-web-6_p01.png	zenjpeg	444	15	model_auto	35.455	59.257	2.3749	CjpegliYcbcr	11.8
maps	nps_nps-biho-FINAL-VERSION_BIHO-unigrid_Side-1_X3_compressed-for-web-6_p01.png	zenjpeg	444	15	model_policy	35.392	60.060	2.3651	CjpegliYcbcr	11.8
maps	nps_nps-biho-FINAL-VERSION_BIHO-unigrid_Side-1_X3_compressed-for-web-6_p01.png	zenjpeg	444	15	model_proj	35.166	59.975	2.3709	CjpegliYcbcr	11.8
maps	nps_nps-biho-FINAL-VERSION_BIHO-unigrid_Side-1_X3_compressed-for-web-6_p01.png	zenjpeg	444	35	identity_off	36.398	72.044	3.0042	CjpegliYcbcr	6.0
maps	nps_nps-biho-FINAL-VERSION_BIHO-unigrid_Side-1_X3_compressed-for-web-6_p01.png	zenjpeg	444	35	identity_auto	36.753	72.326	2.9998	CjpegliYcbcr	6.0
maps	nps_nps-biho-FINAL-VERSION_BIHO-unigrid_Side-1_X3_compressed-for-web-6_p01.png	zenjpeg	444	35	model_off	37.958	74.709	3.0109	CjpegliYcbcr	6.0
maps	nps_nps-biho-FINAL-VERSION_BIHO-unigrid_Side-1_X3_compressed-for-web-6_p01.png	zenjpeg	444	35	model_auto	37.953	73.605	3.0262	CjpegliYcbcr	6.0
maps	nps_nps-biho-FINAL-VERSION_BIHO-unigrid_Side-1_X3_compressed-for-web-6_p01.png	zenjpeg	444	35	model_policy	38.023	74.690	2.9183	CjpegliYcbcr	6.0
maps	nps_nps-biho-FINAL-VERSION_BIHO-unigrid_Side-1_X3_compressed-for-web-6_p01.png	zenjpeg	444	35	model_proj	37.851	74.626	2.9181	CjpegliYcbcr	6.0
maps	nps_nps-biho-FINAL-VERSION_BIHO-unigrid_Side-1_X3_compressed-for-web-6_p01.png	zenjpeg	444	55	identity_off	38.119	76.524	1.2494	CjpegliYcbcr	4.1
maps	nps_nps-biho-FINAL-VERSION_BIHO-unigrid_Side-1_X3_compressed-for-web-6_p01.png	zenjpeg	444	55	identity_auto	38.473	76.828	1.2355	CjpegliYcbcr	4.1
maps	nps_nps-biho-FINAL-VERSION_BIHO-unigrid_Side-1_X3_compressed-for-web-6_p01.png	zenjpeg	444	55	model_off	39.570	78.286	1.2041	CjpegliYcbcr	4.1
maps	nps_nps-biho-FINAL-VERSION_BIHO-unigrid_Side-1_X3_compressed-for-web-6_p01.png	zenjpeg	444	55	model_auto	39.536	77.302	1.2166	CjpegliYcbcr	4.1
maps	nps_nps-biho-FINAL-VERSION_BIHO-unigrid_Side-1_X3_compressed-for-web-6_p01.png	zenjpeg	444	55	model_policy	39.639	78.625	1.1951	CjpegliYcbcr	4.1
maps	nps_nps-biho-FINAL-VERSION_BIHO-unigrid_Side-1_X3_compressed-for-web-6_p01.png	zenjpeg	444	55	model_proj	39.511	78.521	1.1950	CjpegliYcbcr	4.1
maps	nps_nps-biho-FINAL-VERSION_BIHO-unigrid_Side-1_X3_compressed-for-web-6_p01.png	zenjpeg	444	75	identity_off	40.266	82.417	1.1382	CjpegliYcbcr	2.3
maps	nps_nps-biho-FINAL-VERSION_BIHO-unigrid_Side-1_X3_compressed-for-web-6_p01.png	zenjpeg	444	75	identity_auto	40.582	82.806	1.1348	CjpegliYcbcr	2.3
maps	nps_nps-biho-FINAL-VERSION_BIHO-unigrid_Side-1_X3_compressed-for-web-6_p01.png	zenjpeg	444	75	model_off	41.404	83.274	1.1288	CjpegliYcbcr	2.3
maps	nps_nps-biho-FINAL-VERSION_BIHO-unigrid_Side-1_X3_compressed-for-web-6_p01.png	zenjpeg	444	75	model_auto	41.342	82.644	1.1309	CjpegliYcbcr	2.3
maps	nps_nps-biho-FINAL-VERSION_BIHO-unigrid_Side-1_X3_compressed-for-web-6_p01.png	zenjpeg	444	75	model_policy	41.510	83.479	1.1214	CjpegliYcbcr	2.3
maps	nps_nps-biho-FINAL-VERSION_BIHO-unigrid_Side-1_X3_compressed-for-web-6_p01.png	zenjpeg	444	75	model_proj	41.462	83.564	1.1188	CjpegliYcbcr	2.3
maps	nps_nps-biho-FINAL-VERSION_BIHO-unigrid_Side-1_X3_compressed-for-web-6_p01.png	zenjpeg	444	90	identity_off	43.489	88.719	0.6955	CjpegliYcbcr	1.1
maps	nps_nps-biho-FINAL-VERSION_BIHO-unigrid_Side-1_X3_compressed-for-web-6_p01.png	zenjpeg	444	90	identity_auto	43.601	88.810	0.7028	CjpegliYcbcr	1.1
maps	nps_nps-biho-FINAL-VERSION_BIHO-unigrid_Side-1_X3_compressed-for-web-6_p01.png	zenjpeg	444	90	model_off	44.152	88.673	0.7164	CjpegliYcbcr	1.1
maps	nps_nps-biho-FINAL-VERSION_BIHO-unigrid_Side-1_X3_compressed-for-web-6_p01.png	zenjpeg	444	90	model_auto	43.997	88.077	0.7364	CjpegliYcbcr	1.1
maps	nps_nps-biho-FINAL-VERSION_BIHO-unigrid_Side-1_X3_compressed-for-web-6_p01.png	zenjpeg	444	90	model_policy	44.100	88.815	0.7366	CjpegliYcbcr	1.1
maps	nps_nps-biho-FINAL-VERSION_BIHO-unigrid_Side-1_X3_compressed-for-web-6_p01.png	zenjpeg	444	90	model_proj	44.307	89.157	0.6881	CjpegliYcbcr	1.1
renders	a-chosen-soul-MOIGsaj8te0-unsplash.jpg	turbo	420	15	identity_off	33.295	23.545	2.1729	Unknown	15.0
renders	a-chosen-soul-MOIGsaj8te0-unsplash.jpg	turbo	420	15	identity_auto	33.359	28.144	2.1676	Unknown	15.0
renders	a-chosen-soul-MOIGsaj8te0-unsplash.jpg	turbo	420	15	model_off	33.664	28.528	2.1374	Unknown	15.0
renders	a-chosen-soul-MOIGsaj8te0-unsplash.jpg	turbo	420	15	model_auto	33.602	28.640	2.1487	Unknown	15.0
renders	a-chosen-soul-MOIGsaj8te0-unsplash.jpg	turbo	420	15	model_policy	33.518	31.677	2.1398	Unknown	15.0
renders	a-chosen-soul-MOIGsaj8te0-unsplash.jpg	turbo	420	15	model_proj	33.519	31.693	2.1393	Unknown	15.0
renders	a-chosen-soul-MOIGsaj8te0-unsplash.jpg	turbo	420	35	identity_off	34.728	49.778	1.7083	ImageMagick	35.0
renders	a-chosen-soul-MOIGsaj8te0-unsplash.jpg	turbo	420	35	identity_auto	34.697	49.043	1.7464	ImageMagick	35.0
renders	a-chosen-soul-MOIGsaj8te0-unsplash.jpg	turbo	420	35	model_off	35.041	52.888	1.7004	ImageMagick	35.0
renders	a-chosen-soul-MOIGsaj8te0-unsplash.jpg	turbo	420	35	model_auto	34.926	51.333	1.7393	ImageMagick	35.0
renders	a-chosen-soul-MOIGsaj8te0-unsplash.jpg	turbo	420	35	model_policy	34.911	51.085	1.7005	ImageMagick	35.0
renders	a-chosen-soul-MOIGsaj8te0-unsplash.jpg	turbo	420	35	model_proj	34.912	51.082	1.7004	ImageMagick	35.0
renders	a-chosen-soul-MOIGsaj8te0-unsplash.jpg	turbo	420	55	identity_off	35.477	55.678	1.4845	ImageMagick	55.0
renders	a-chosen-soul-MOIGsaj8te0-unsplash.jpg	turbo	420	55	identity_auto	35.479	56.101	1.5109	ImageMagick	55.0
renders	a-chosen-soul-MOIGsaj8te0-unsplash.jpg	turbo	420	55	model_off	35.705	57.748	1.4687	ImageMagick	55.0
renders	a-chosen-soul-MOIGsaj8te0-unsplash.jpg	turbo	420	55	model_auto	35.607	57.002	1.5060	ImageMagick	55.0
renders	a-chosen-soul-MOIGsaj8te0-unsplash.jpg	turbo	420	55	model_policy	35.698	57.817	1.4685	ImageMagick	55.0
renders	a-chosen-soul-MOIGsaj8te0-unsplash.jpg	turbo	420	55	model_proj	35.709	58.166	1.4683	ImageMagick	55.0
renders	a-chosen-soul-MOIGsaj8te0-unsplash.jpg	turbo	420	75	identity_off	37.274	68.457	1.1766	ImageMagick	75.0
renders	a-chosen-soul-MOIGsaj8te0-unsplash.jpg	turbo	420	75	identity_auto	37.200	68.070	1.1890	ImageMagick	75.0
renders	a-chosen-soul-MOIGsaj8te0-unsplash.jpg	turbo	420	75	model_off	37.217	65.664	1.1819	ImageMagick	75.0
renders	a-chosen-soul-MOIGsaj8te0-unsplash.jpg	turbo	420	75	model_auto	37.128	65.324	1.1937	ImageMagick	75.0
renders	a-chosen-soul-MOIGsaj8te0-unsplash.jpg	turbo	420	75	model_policy	37.235	65.710	1.1808	ImageMagick	75.0
renders	a-chosen-soul-MOIGsaj8te0-unsplash.jpg	turbo	420	75	model_proj	37.237	65.795	1.1809	ImageMagick	75.0
renders	a-chosen-soul-MOIGsaj8te0-unsplash.jpg	turbo	420	90	identity_off	52.711	92.977	0.1780	ImageMagick	90.0
renders	a-chosen-soul-MOIGsaj8te0-unsplash.jpg	turbo	420	90	identity_auto	50.962	91.881	0.2345	ImageMagick	90.0
renders	a-chosen-soul-MOIGsaj8te0-unsplash.jpg	turbo	420	90	model_off	47.143	83.246	0.4048	ImageMagick	90.0
renders	a-chosen-soul-MOIGsaj8te0-unsplash.jpg	turbo	420	90	model_auto	46.670	82.262	0.4337	ImageMagick	90.0
renders	a-chosen-soul-MOIGsaj8te0-unsplash.jpg	turbo	420	90	model_policy	49.061	85.311	0.3693	ImageMagick	90.0
renders	a-chosen-soul-MOIGsaj8te0-unsplash.jpg	turbo	420	90	model_proj	49.782	87.529	0.3349	ImageMagick	90.0
renders	a-chosen-soul-MOIGsaj8te0-unsplash.jpg	turbo	444	15	identity_off	33.349	25.285	2.1676	Unknown	15.0
renders	a-chosen-soul-MOIGsaj8te0-unsplash.jpg	turbo	444	15	identity_auto	33.478	30.596	2.1613	Unknown	15.0
renders	a-chosen-soul-MOIGsaj8te0-unsplash.jpg	turbo	444	15	model_off	33.743	29.814	2.1309	Unknown	15.0
renders	a-chosen-soul-MOIGsaj8te0-unsplash.jpg	turbo	444	15	model_auto	33.702	30.538	2.1447	Unknown	15.0
renders	a-chosen-soul-MOIGsaj8te0-unsplash.jpg	turbo	444	15	model_policy	33.596	32.621	2.1340	Unknown	15.0
renders	a-chosen-soul-MOIGsaj8te0-unsplash.jpg	turbo	444	15	model_proj	33.597	32.635	2.1336	Unknown	15.0
renders	a-chosen-soul-MOIGsaj8te0-unsplash.jpg	turbo	444	35	identity_off	34.797	51.242	1.7078	ImageMagick	35.0
renders	a-chosen-soul-MOIGsaj8te0-unsplash.jpg	turbo	444	35	identity_auto	34.790	50.658	1.7451	ImageMagick	35.0
renders	a-chosen-soul-MOIGsaj8te0-unsplash.jpg	turbo	444	35	model_off	35.090	53.845	1.6996	ImageMagick	35.0
renders	a-chosen-soul-MOIGsaj8te0-unsplash.jpg	turbo	444	35	model_auto	34.990	52.490	1.7374	ImageMagick	35.0
renders	a-chosen-soul-MOIGsaj8te0-unsplash.jpg	turbo	444	35	model_policy	34.961	52.105	1.7016	ImageMagick	35.0
renders	a-chosen-soul-MOIGsaj8te0-unsplash.jpg	turbo	444	35	model_proj	34.962	52.101	1.7016	ImageMagick	35.0
renders	a-chosen-soul-MOIGsaj8te0-unsplash.jpg	turbo	444	55	identity_off	35.541	56.357	1.4833	ImageMagick	55.0
renders	a-chosen-soul-MOIGsaj8te0-unsplash.jpg	turbo	444	55	identity_auto	35.558	57.101	1.5090	ImageMagick	55.0
renders	a-chosen-soul-MOIGsaj8te0-unsplash.jpg	turbo	444	55	model_off	35.754	58.695	1.4684	ImageMagick	55.0
renders	a-chosen-soul-MOIGsaj8te0-unsplash.jpg	turbo	444	55	model_auto	35.664	58.022	1.5034	ImageMagick	55.0
renders	a-chosen-soul-MOIGsaj8te0-unsplash.jpg	turbo	444	55	model_policy	35.755	58.826	1.4673	ImageMagick	55.0
renders	a-chosen-soul-MOIGsaj8te0-unsplash.jpg	turbo	444	55	model_proj	35.765	59.171	1.4671	ImageMagick	55.0
renders	a-chosen-soul-MOIGsaj8te0-unsplash.jpg	turbo	444	75	identity_off	37.331	68.999	1.1770	ImageMagick	75.0
renders	a-chosen-soul-MOIGsaj8te0-unsplash.jpg	turbo	444	75	identity_auto	37.265	68.669	1.1891	ImageMagick	75.0
renders	a-chosen-soul-MOIGsaj8te0-unsplash.jpg	turbo	444	75	model_off	37.258	66.131	1.1819	ImageMagick	75.0
renders	a-chosen-soul-MOIGsaj8te0-unsplash.jpg	turbo	444	75	model_auto	37.174	65.824	1.1938	ImageMagick	75.0
renders	a-chosen-soul-MOIGsaj8te0-unsplash.jpg	turbo	444	75	model_policy	37.279	66.156	1.1816	ImageMagick	75.0
renders	a-chosen-soul-MOIGsaj8te0-unsplash.jpg	turbo	444	75	model_proj	37.282	66.233	1.1818	ImageMagick	75.0
renders	a-chosen-soul-MOIGsaj8te0-unsplash.jpg	turbo	444	90	identity_off	52.437	93.483	0.1775	ImageMagick	90.0
renders	a-chosen-soul-MOIGsaj8te0-unsplash.jpg	turbo	444	90	identity_auto	50.813	92.237	0.2332	ImageMagick	90.0
renders	a-chosen-soul-MOIGsaj8te0-unsplash.jpg	turbo	444	90	model_off	47.080	83.412	0.4067	ImageMagick	90.0
renders	a-chosen-soul-MOIGsaj8te0-unsplash.jpg	turbo	444	90	model_auto	46.607	82.374	0.4358	ImageMagick	90.0
renders	a-chosen-soul-MOIGsaj8te0-unsplash.jpg	turbo	444	90	model_policy	48.941	85.485	0.3754	ImageMagick	90.0
renders	a-chosen-soul-MOIGsaj8te0-unsplash.jpg	turbo	444	90	model_proj	49.637	87.649	0.3432	ImageMagick	90.0
renders	a-chosen-soul-MOIGsaj8te0-unsplash.jpg	mozjpeg	420	15	identity_off	32.967	21.830	2.4037	Mozjpeg	15.0
renders	a-chosen-soul-MOIGsaj8te0-unsplash.jpg	mozjpeg	420	15	identity_auto	33.094	26.404	2.3814	Mozjpeg	15.0
renders	a-chosen-soul-MOIGsaj8te0-unsplash.jpg	mozjpeg	420	15	model_off	33.400	28.415	2.3180	Mozjpeg	15.0
renders	a-chosen-soul-MOIGsaj8te0-unsplash.jpg	mozjpeg	420	15	model_auto	33.368	29.154	2.3242	Mozjpeg	15.0
renders	a-chosen-soul-MOIGsaj8te0-unsplash.jpg	mozjpeg	420	15	model_policy	33.262	30.794	2.3174	Mozjpeg	15.0
renders	a-chosen-soul-MOIGsaj8te0-unsplash.jpg	mozjpeg	420	15	model_proj	33.262	30.793	2.3174	Mozjpeg	15.0
renders	a-chosen-soul-MOIGsaj8te0-unsplash.jpg	mozjpeg	420	35	identity_off	34.263	44.719	1.8839	Mozjpeg	35.0
renders	a-chosen-soul-MOIGsaj8te0-unsplash.jpg	mozjpeg	420	35	identity_auto	34.250	44.791	1.9134	Mozjpeg	35.0
renders	a-chosen-soul-MOIGsaj8te0-unsplash.jpg	mozjpeg	420	35	model_off	34.558	47.802	1.8872	Mozjpeg	35.0
renders	a-chosen-soul-MOIGsaj8te0-unsplash.jpg	mozjpeg	420	35	model_auto	34.504	47.029	1.9031	Mozjpeg	35.0
renders	a-chosen-soul-MOIGsaj8te0-unsplash.jpg	mozjpeg	420	35	model_policy	34.444	46.651	1.8945	Mozjpeg	35.0
renders	a-chosen-soul-MOIGsaj8te0-unsplash.jpg	mozjpeg	420	35	model_proj	34.444	46.650	1.8945	Mozjpeg	35.0
renders	a-chosen-soul-MOIGsaj8te0-unsplash.jpg	mozjpeg	420	55	identity_off	34.987	52.189	1.6458	Mozjpeg	55.0
renders	a-chosen-soul-MOIGsaj8te0-unsplash.jpg	mozjpeg	420	55	identity_auto	34.957	52.286	1.6785	Mozjpeg	55.0
renders	a-chosen-soul-MOIGsaj8te0-unsplash.jpg	mozjpeg	420	55	model_off	35.111	53.803	1.6540	Mozjpeg	55.0
renders	a-chosen-soul-MOIGsaj8te0-unsplash.jpg	mozjpeg	420	55	model_auto	35.053	52.740	1.6782	Mozjpeg	55.0
renders	a-chosen-soul-MOIGsaj8te0-unsplash.jpg	mozjpeg	420	55	model_policy	35.118	54.198	1.6586	Mozjpeg	55.0
renders	a-chosen-soul-MOIGsaj8te0-unsplash.jpg	mozjpeg	420	55	model_proj	35.119	54.230	1.6585	Mozjpeg	55.0
renders	a-chosen-soul-MOIGsaj8te0-unsplash.jpg	mozjpeg	420	75	identity_off	36.467	65.696	1.3182	Mozjpeg	75.0
renders	a-chosen-soul-MOIGsaj8te0-unsplash.jpg	mozjpeg	420	75	identity_auto	36.429	65.347	1.3328	Mozjpeg	75.0
renders	a-chosen-soul-MOIGsaj8te0-unsplash.jpg	mozjpeg	420	75	model_off	36.428	62.939	1.3248	Mozjpeg	75.0
renders	a-chosen-soul-MOIGsaj8te0-unsplash.jpg	mozjpeg	420	75	model_auto	36.368	62.569	1.3384	Mozjpeg	75.0
renders	a-chosen-soul-MOIGsaj8te0-unsplash.jpg	mozjpeg	420	75	model_policy	36.432	62.649	1.3242	Mozjpeg	75.0
renders	a-chosen-soul-MOIGsaj8te0-unsplash.jpg	mozjpeg	420	75	model_proj	36.441	63.294	1.3239	Mozjpeg	75.0
renders	a-chosen-soul-MOIGsaj8te0-unsplash.jpg	mozjpeg	420	90	identity_off	42.222	83.896	0.7065	Mozjpeg	90.0
renders	a-chosen-soul-MOIGsaj8te0-unsplash.jpg	mozjpeg	420	90	identity_auto	42.126	83.357	0.7124	Mozjpeg	90.0
renders	a-chosen-soul-MOIGsaj8te0-unsplash.jpg	mozjpeg	420	90	model_off	41.705	78.004	0.7211	Mozjpeg	90.0
renders	a-chosen-soul-MOIGsaj8te0-unsplash.jpg	mozjpeg	420	90	model_auto	41.511	77.416	0.7353	Mozjpeg	90.0
renders	a-chosen-soul-MOIGsaj8te0-unsplash.jpg	mozjpeg	420	90	model_policy	41.938	78.891	0.7141	Mozjpeg	90.0
renders	a-chosen-soul-MOIGsaj8te0-unsplash.jpg	mozjpeg	420	90	model_proj	41.949	79.139	0.7138	Mozjpeg	90.0
renders	a-chosen-soul-MOIGsaj8te0-unsplash.jpg	mozjpeg	444	15	identity_off	33.040	23.490	2.3953	Mozjpeg	15.0
renders	a-chosen-soul-MOIGsaj8te0-unsplash.jpg	mozjpeg	444	15	identity_auto	33.226	28.732	2.3703	Mozjpeg	15.0
renders	a-chosen-soul-MOIGsaj8te0-unsplash.jpg	mozjpeg	444	15	model_off	33.482	29.174	2.3143	Mozjpeg	15.0
renders	a-chosen-soul-MOIGsaj8te0-unsplash.jpg	mozjpeg	444	15	model_auto	33.471	30.326	2.3199	Mozjpeg	15.0
renders	a-chosen-soul-MOIGsaj8te0-unsplash.jpg	mozjpeg	444	15	model_policy	33.342	31.708	2.3152	Mozjpeg	15.0
renders	a-chosen-soul-MOIGsaj8te0-unsplash.jpg	mozjpeg	444	15	model_proj	33.342	31.708	2.3152	Mozjpeg	15.0
renders	a-chosen-soul-MOIGsaj8te0-unsplash.jpg	mozjpeg	444	35	identity_off	34.315	45.935	1.8842	Mozjpeg	35.0
renders	a-chosen-soul-MOIGsaj8te0-unsplash.jpg	mozjpeg	444	35	identity_auto	34.326	46.244	1.9127	Mozjpeg	35.0
renders	a-chosen-soul-MOIGsaj8te0-unsplash.jpg	mozjpeg	444	35	model_off	34.599	48.361	1.8865	Mozjpeg	35.0
renders	a-chosen-soul-MOIGsaj8te0-unsplash.jpg	mozjpeg	444	35	model_auto	34.556	47.834	1.9024	Mozjpeg	35.0
renders	a-chosen-soul-MOIGsaj8te0-unsplash.jpg	mozjpeg	444	35	model_policy	34.480	47.488	1.8939	Mozjpeg	35.0
renders	a-chosen-soul-MOIGsaj8te0-unsplash.jpg	mozjpeg	444	35	model_proj	34.480	47.487	1.8939	Mozjpeg	35.0
renders	a-chosen-soul-MOIGsaj8te0-unsplash.jpg	mozjpeg	444	55	identity_off	35.031	52.656	1.6488	Mozjpeg	55.0
renders	a-chosen-soul-MOIGsaj8te0-unsplash.jpg	mozjpeg	444	55	identity_auto	35.014	53.018	1.6808	Mozjpeg	55.0
renders	a-chosen-soul-MOIGsaj8te0-unsplash.jpg	mozjpeg	444	55	model_off	35.145	54.336	1.6555	Mozjpeg	55.0
renders	a-chosen-soul-MOIGsaj8te0-unsplash.jpg	mozjpeg	444	55	model_auto	35.092	53.770	1.6791	Mozjpeg	55.0
renders	a-chosen-soul-MOIGsaj8te0-unsplash.jpg	mozjpeg	444	55	model_policy	35.154	54.743	1.6585	Mozjpeg	55.0
renders	a-chosen-soul-MOIGsaj8te0-unsplash.jpg	mozjpeg	444	55	model_proj	35.154	54.780	1.6585	Mozjpeg	55.0
renders	a-chosen-soul-MOIGsaj8te0-unsplash.jpg	mozjpeg	444	75	identity_off	36.505	66.534	1.3161	Mozjpeg	75.0
renders	a-chosen-soul-MOIGsaj8te0-unsplash.jpg	mozjpeg	444	75	identity_auto	36.472	66.243	1.3303	Mozjpeg	75.0
renders	a-chosen-soul-MOIGsaj8te0-unsplash.jpg	mozjpeg	444	75	model_off	36.453	63.689	1.3224	Mozjpeg	75.0
renders	a-chosen-soul-MOIGsaj8te0-unsplash.jpg	mozjpeg	444	75	model_auto	36.398	63.496	1.3350	Mozjpeg	75.0
renders	a-chosen-soul-MOIGsaj8te0-unsplash.jpg	mozjpeg	444	75	model_policy	36.457	63.292	1.3226	Mozjpeg	75.0
renders	a-chosen-soul-MOIGsaj8te0-unsplash.jpg	mozjpeg	444	75	model_proj	36.467	63.939	1.3223	Mozjpeg	75.0
renders	a-chosen-soul-MOIGsaj8te0-unsplash.jpg	mozjpeg	444	90	identity_off	42.239	84.217	0.7063	Mozjpeg	90.0
renders	a-chosen-soul-MOIGsaj8te0-unsplash.jpg	mozjpeg	444	90	identity_auto	42.143	83.630	0.7121	Mozjpeg	90.0
renders	a-chosen-soul-MOIGsaj8te0-unsplash.jpg	mozjpeg	444	90	model_off	41.712	78.272	0.7214	Mozjpeg	90.0
renders	a-chosen-soul-MOIGsaj8te0-unsplash.jpg	mozjpeg	444	90	model_auto	41.518	77.653	0.7350	Mozjpeg	90.0
renders	a-chosen-soul-MOIGsaj8te0-unsplash.jpg	mozjpeg	444	90	model_policy	41.948	79.139	0.7144	Mozjpeg	90.0
renders	a-chosen-soul-MOIGsaj8te0-unsplash.jpg	mozjpeg	444	90	model_proj	41.963	79.350	0.7140	Mozjpeg	90.0
renders	a-chosen-soul-MOIGsaj8te0-unsplash.jpg	jpegli	420	15	identity_off	33.624	32.442	2.1610	CjpegliYcbcr	14.2
renders	a-chosen-soul-MOIGsaj8te0-unsplash.jpg	jpegli	420	15	identity_auto	33.694	35.321	2.1700	CjpegliYcbcr	14.2
renders	a-chosen-soul-MOIGsaj8te0-unsplash.jpg	jpegli	420	15	model_off	33.957	38.214	2.1267	CjpegliYcbcr	14.2
renders	a-chosen-soul-MOIGsaj8te0-unsplash.jpg	jpegli	420	15	model_auto	33.907	37.786	2.1426	CjpegliYcbcr	14.2
renders	a-chosen-soul-MOIGsaj8te0-unsplash.jpg	jpegli	420	15	model_policy	34.003	41.111	2.1278	CjpegliYcbcr	14.2
renders	a-chosen-soul-MOIGsaj8te0-unsplash.jpg	jpegli	420	15	model_proj	34.003	41.110	2.1278	CjpegliYcbcr	14.2
renders	a-chosen-soul-MOIGsaj8te0-unsplash.jpg	jpegli	420	35	identity_off	34.323	47.238	1.9027	CjpegliYcbcr	7.2
renders	a-chosen-soul-MOIGsaj8te0-unsplash.jpg	jpegli	420	35	identity_auto	34.329	47.954	1.9249	CjpegliYcbcr	7.2
renders	a-chosen-soul-MOIGsaj8te0-unsplash.jpg	jpegli	420	35	model_off	34.488	49.646	1.9180	CjpegliYcbcr	7.2
renders	a-chosen-soul-MOIGsaj8te0-unsplash.jpg	jpegli	420	35	model_auto	34.469	49.356	1.9210	CjpegliYcbcr	7.2
renders	a-chosen-soul-MOIGsaj8te0-unsplash.jpg	jpegli	420	35	model_policy	34.487	50.172	1.9181	CjpegliYcbcr	7.2
renders	a-chosen-soul-MOIGsaj8te0-unsplash.jpg	jpegli	420	35	model_proj	34.488	50.175	1.9179	CjpegliYcbcr	7.2
renders	a-chosen-soul-MOIGsaj8te0-unsplash.jpg	jpegli	420	55	identity_off	34.993	51.341	1.6862	CjpegliYcbcr	5.2
renders	a-chosen-soul-MOIGsaj8te0-unsplash.jpg	jpegli	420	55	identity_auto	34.976	53.088	1.7177	CjpegliYcbcr	5.2
renders	a-chosen-soul-MOIGsaj8te0-unsplash.jpg	jpegli	420	55	model_off	35.116	54.898	1.7134	CjpegliYcbcr	5.2
renders	a-chosen-soul-MOIGsaj8te0-unsplash.jpg	jpegli	420	55	model_auto	35.099	54.593	1.7259	CjpegliYcbcr	5.2
renders	a-chosen-soul-MOIGsaj8te0-unsplash.jpg	jpegli	420	55	model_policy	35.059	52.667	1.7145	CjpegliYcbcr	5.2
renders	a-chosen-soul-MOIGsaj8te0-unsplash.jpg	jpegli	420	55	model_proj	35.059	52.669	1.7145	CjpegliYcbcr	5.2
renders	a-chosen-soul-MOIGsaj8te0-unsplash.jpg	jpegli	420	75	identity_off	37.216	66.303	1.2400	CjpegliYcbcr	3.0
renders	a-chosen-soul-MOIGsaj8te0-unsplash.jpg	jpegli	420	75	identity_auto	37.169	66.043	1.2641	CjpegliYcbcr	3.0
renders	a-chosen-soul-MOIGsaj8te0-unsplash.jpg	jpegli	420	75	model_off	37.097	62.730	1.2520	CjpegliYcbcr	3.0
renders	a-chosen-soul-MOIGsaj8te0-unsplash.jpg	jpegli	420	75	model_auto	37.050	62.559	1.2733	CjpegliYcbcr	3.0
renders	a-chosen-soul-MOIGsaj8te0-unsplash.jpg	jpegli	420	75	model_policy	37.113	62.643	1.2510	CjpegliYcbcr	3.0
renders	a-chosen-soul-MOIGsaj8te0-unsplash.jpg	jpegli	420	75	model_proj	37.165	64.102	1.2501	CjpegliYcbcr	3.0
renders	a-chosen-soul-MOIGsaj8te0-unsplash.jpg	jpegli	420	90	identity_off	46.162	85.319	0.4231	CjpegliYcbcr	1.3
renders	a-chosen-soul-MOIGsaj8te0-unsplash.jpg	jpegli	420	90	identity_auto	45.902	85.099	0.4393	CjpegliYcbcr	1.3
renders	a-chosen-soul-MOIGsaj8te0-unsplash.jpg	jpegli	420	90	model_off	44.410	79.038	0.5006	CjpegliYcbcr	1.3
renders	a-chosen-soul-MOIGsaj8te0-unsplash.jpg	jpegli	420	90	model_auto	44.263	78.714	0.5223	CjpegliYcbcr	1.3
renders	a-chosen-soul-MOIGsaj8te0-unsplash.jpg	jpegli	420	90	model_policy	45.094	79.923	0.4683	CjpegliYcbcr	1.3
renders	a-chosen-soul-MOIGsaj8te0-unsplash.jpg	jpegli	420	90	model_proj	45.490	83.373	0.4502	CjpegliYcbcr	1.3
renders	a-chosen-soul-MOIGsaj8te0-unsplash.jpg	jpegli	444	15	identity_off	33.531	33.667	2.1346	CjpegliYcbcr	11.8
renders	a-chosen-soul-MOIGsaj8te0-unsplash.jpg	jpegli	444	15	identity_auto	33.642	36.348	2.1460	CjpegliYcbcr	11.8
renders	a-chosen-soul-MOIGsaj8te0-unsplash.jpg	jpegli	444	15	model_off	33.923	40.546	2.1182	CjpegliYcbcr	11.8
renders	a-chosen-soul-MOIGsaj8te0-unsplash.jpg	jpegli	444	15	model_auto	33.883	39.994	2.1283	CjpegliYcbcr	11.8
renders	a-chosen-soul-MOIGsaj8te0-unsplash.jpg	jpegli	444	15	model_policy	33.917	43.176	2.1202	CjpegliYcbcr	11.8
renders	a-chosen-soul-MOIGsaj8te0-unsplash.jpg	jpegli	444	15	model_proj	33.917	43.175	2.1202	CjpegliYcbcr	11.8
renders	a-chosen-soul-MOIGsaj8te0-unsplash.jpg	jpegli	444	35	identity_off	34.586	50.656	1.7830	CjpegliYcbcr	6.0
renders	a-chosen-soul-MOIGsaj8te0-unsplash.jpg	jpegli	444	35	identity_auto	34.592	50.893	1.8196	CjpegliYcbcr	6.0
renders	a-chosen-soul-MOIGsaj8te0-unsplash.jpg	jpegli	444	35	model_off	34.632	49.194	1.8152	CjpegliYcbcr	6.0
renders	a-chosen-soul-MOIGsaj8te0-unsplash.jpg	jpegli	444	35	model_auto	34.609	48.469	1.8279	CjpegliYcbcr	6.0
renders	a-chosen-soul-MOIGsaj8te0-unsplash.jpg	jpegli	444	35	model_policy	34.664	51.372	1.8137	CjpegliYcbcr	6.0
renders	a-chosen-soul-MOIGsaj8te0-unsplash.jpg	jpegli	444	35	model_proj	34.665	51.372	1.8136	CjpegliYcbcr	6.0
renders	a-chosen-soul-MOIGsaj8te0-unsplash.jpg	jpegli	444	55	identity_off	35.558	58.252	1.5342	CjpegliYcbcr	4.1
renders	a-chosen-soul-MOIGsaj8te0-unsplash.jpg	jpegli	444	55	identity_auto	35.524	57.881	1.5666	CjpegliYcbcr	4.1
renders	a-chosen-soul-MOIGsaj8te0-unsplash.jpg	jpegli	444	55	model_off	35.500	56.543	1.5583	CjpegliYcbcr	4.1
renders	a-chosen-soul-MOIGsaj8te0-unsplash.jpg	jpegli	444	55	model_auto	35.451	56.211	1.5783	CjpegliYcbcr	4.1
renders	a-chosen-soul-MOIGsaj8te0-unsplash.jpg	jpegli	444	55	model_policy	35.460	55.621	1.5610	CjpegliYcbcr	4.1
renders	a-chosen-soul-MOIGsaj8te0-unsplash.jpg	jpegli	444	55	model_proj	35.509	56.850	1.5599	CjpegliYcbcr	4.1
renders	a-chosen-soul-MOIGsaj8te0-unsplash.jpg	jpegli	444	75	identity_off	38.551	70.375	1.0342	CjpegliYcbcr	2.3
renders	a-chosen-soul-MOIGsaj8te0-unsplash.jpg	jpegli	444	75	identity_auto	38.485	70.330	1.0612	CjpegliYcbcr	2.3
renders	a-chosen-soul-MOIGsaj8te0-unsplash.jpg	jpegli	444	75	model_off	38.374	68.260	1.0569	CjpegliYcbcr	2.3
renders	a-chosen-soul-MOIGsaj8te0-unsplash.jpg	jpegli	444	75	model_auto	38.321	68.103	1.0768	CjpegliYcbcr	2.3
renders	a-chosen-soul-MOIGsaj8te0-unsplash.jpg	jpegli	444	75	model_policy	38.416	68.050	1.0505	CjpegliYcbcr	2.3
renders	a-chosen-soul-MOIGsaj8te0-unsplash.jpg	jpegli	444	75	model_proj	38.475	69.635	1.0488	CjpegliYcbcr	2.3
renders	a-chosen-soul-MOIGsaj8te0-unsplash.jpg	jpegli	444	90	identity_off	47.259	87.452	0.3627	CjpegliYcbcr	1.1
renders	a-chosen-soul-MOIGsaj8te0-unsplash.jpg	jpegli	444	90	identity_auto	47.003	87.042	0.3774	CjpegliYcbcr	1.1
renders	a-chosen-soul-MOIGsaj8te0-unsplash.jpg	jpegli	444	90	model_off	45.243	80.353	0.4607	CjpegliYcbcr	1.1
renders	a-chosen-soul-MOIGsaj8te0-unsplash.jpg	jpegli	444	90	model_auto	44.942	79.550	0.4902	CjpegliYcbcr	1.1
renders	a-chosen-soul-MOIGsaj8te0-unsplash.jpg	jpegli	444	90	model_policy	46.060	81.727	0.4380	CjpegliYcbcr	1.1
renders	a-chosen-soul-MOIGsaj8te0-unsplash.jpg	jpegli	444	90	model_proj	46.934	86.023	0.4042	CjpegliYcbcr	1.1
renders	a-chosen-soul-MOIGsaj8te0-unsplash.jpg	zenjpeg	420	15	identity_off	33.604	34.222	2.1655	CjpegliYcbcr	14.2
renders	a-chosen-soul-MOIGsaj8te0-unsplash.jpg	zenjpeg	420	15	identity_auto	33.674	36.787	2.1732	CjpegliYcbcr	14.2
renders	a-chosen-soul-MOIGsaj8te0-unsplash.jpg	zenjpeg	420	15	model_off	33.929	39.756	2.1320	CjpegliYcbcr	14.2
renders	a-chosen-soul-MOIGsaj8te0-unsplash.jpg	zenjpeg	420	15	model_auto	33.882	39.258	2.1465	CjpegliYcbcr	14.2
renders	a-chosen-soul-MOIGsaj8te0-unsplash.jpg	zenjpeg	420	15	model_policy	33.964	42.231	2.1322	CjpegliYcbcr	14.2
renders	a-chosen-soul-MOIGsaj8te0-unsplash.jpg	zenjpeg	420	15	model_proj	33.964	42.230	2.1322	CjpegliYcbcr	14.2
renders	a-chosen-soul-MOIGsaj8te0-unsplash.jpg	zenjpeg	420	35	identity_off	34.306	47.140	1.8982	CjpegliYcbcr	7.2
renders	a-chosen-soul-MOIGsaj8te0-unsplash.jpg	zenjpeg	420	35	identity_auto	34.313	47.802	1.9203	CjpegliYcbcr	7.2
renders	a-chosen-soul-MOIGsaj8te0-unsplash.jpg	zenjpeg	420	35	model_off	34.476	49.395	1.9138	CjpegliYcbcr	7.2
renders	a-chosen-soul-MOIGsaj8te0-unsplash.jpg	zenjpeg	420	35	model_auto	34.459	49.169	1.9163	CjpegliYcbcr	7.2
renders	a-chosen-soul-MOIGsaj8te0-unsplash.jpg	zenjpeg	420	35	model_policy	34.479	49.845	1.9139	CjpegliYcbcr	7.2
renders	a-chosen-soul-MOIGsaj8te0-unsplash.jpg	zenjpeg	420	35	model_proj	34.479	49.844	1.9137	CjpegliYcbcr	7.2
renders	a-chosen-soul-MOIGsaj8te0-unsplash.jpg	zenjpeg	420	55	identity_off	35.001	51.384	1.6885	CjpegliYcbcr	5.2
renders	a-chosen-soul-MOIGsaj8te0-unsplash.jpg	zenjpeg	420	55	identity_auto	34.986	53.135	1.7188	CjpegliYcbcr	5.2
renders	a-chosen-soul-MOIGsaj8te0-unsplash.jpg	zenjpeg	420	55	model_off	35.124	55.250	1.7159	CjpegliYcbcr	5.2
renders	a-chosen-soul-MOIGsaj8te0-unsplash.jpg	zenjpeg	420	55	model_auto	35.109	55.002	1.7272	CjpegliYcbcr	5.2
renders	a-chosen-soul-MOIGsaj8te0-unsplash.jpg	zenjpeg	420	55	model_policy	35.062	53.483	1.7179	CjpegliYcbcr	5.2
renders	a-chosen-soul-MOIGsaj8te0-unsplash.jpg	zenjpeg	420	55	model_proj	35.062	53.486	1.7178	CjpegliYcbcr	5.2
renders	a-chosen-soul-MOIGsaj8te0-unsplash.jpg	zenjpeg	420	75	identity_off	37.232	66.755	1.2406	CjpegliYcbcr	3.0
renders	a-chosen-soul-MOIGsaj8te0-unsplash.jpg	zenjpeg	420	75	identity_auto	37.179	66.410	1.2645	CjpegliYcbcr	3.0
renders	a-chosen-soul-MOIGsaj8te0-unsplash.jpg	zenjpeg	420	75	model_off	37.102	63.494	1.2533	CjpegliYcbcr	3.0
renders	a-chosen-soul-MOIGsaj8te0-unsplash.jpg	zenjpeg	420	75	model_auto	37.052	63.302	1.2738	CjpegliYcbcr	3.0
renders	a-chosen-soul-MOIGsaj8te0-unsplash.jpg	zenjpeg	420	75	model_policy	37.119	63.361	1.2518	CjpegliYcbcr	3.0
renders	a-chosen-soul-MOIGsaj8te0-unsplash.jpg	zenjpeg	420	75	model_proj	37.171	64.770	1.2507	CjpegliYcbcr	3.0
renders	a-chosen-soul-MOIGsaj8te0-unsplash.jpg	zenjpeg	420	90	identity_off	46.190	85.572	0.4242	CjpegliYcbcr	1.3
renders	a-chosen-soul-MOIGsaj8te0-unsplash.jpg	zenjpeg	420	90	identity_auto	45.921	85.317	0.4399	CjpegliYcbcr	1.3
renders	a-chosen-soul-MOIGsaj8te0-unsplash.jpg	zenjpeg	420	90	model_off	44.414	79.382	0.5036	CjpegliYcbcr	1.3
renders	a-chosen-soul-MOIGsaj8te0-unsplash.jpg	zenjpeg	420	90	model_auto	44.251	78.987	0.5251	CjpegliYcbcr	1.3
renders	a-chosen-soul-MOIGsaj8te0-unsplash.jpg	zenjpeg	420	90	model_policy	45.107	80.231	0.4711	CjpegliYcbcr	1.3
renders	a-chosen-soul-MOIGsaj8te0-unsplash.jpg	zenjpeg	420	90	model_proj	45.503	83.460	0.4532	CjpegliYcbcr	1.3
renders	a-chosen-soul-MOIGsaj8te0-unsplash.jpg	zenjpeg	444	15	identity_off	33.518	32.740	2.1418	CjpegliYcbcr	11.8
renders	a-chosen-soul-MOIGsaj8te0-unsplash.jpg	zenjpeg	444	15	identity_auto	33.630	35.357	2.1549	CjpegliYcbcr	11.8
renders	a-chosen-soul-MOIGsaj8te0-unsplash.jpg	zenjpeg	444	15	model_off	33.918	39.814	2.1249	CjpegliYcbcr	11.8
renders	a-chosen-soul-MOIGsaj8te0-unsplash.jpg	zenjpeg	444	15	model_auto	33.877	39.337	2.1384	CjpegliYcbcr	11.8
renders	a-chosen-soul-MOIGsaj8te0-unsplash.jpg	zenjpeg	444	15	model_policy	33.910	42.443	2.1276	CjpegliYcbcr	11.8
renders	a-chosen-soul-MOIGsaj8te0-unsplash.jpg	zenjpeg	444	15	model_proj	33.910	42.446	2.1276	CjpegliYcbcr	11.8
renders	a-chosen-soul-MOIGsaj8te0-unsplash.jpg	zenjpeg	444	35	identity_off	34.574	50.809	1.7865	CjpegliYcbcr	6.0
renders	a-chosen-soul-MOIGsaj8te0-unsplash.jpg	zenjpeg	444	35	identity_auto	34.579	51.021	1.8230	CjpegliYcbcr	6.0
renders	a-chosen-soul-MOIGsaj8te0-unsplash.jpg	zenjpeg	444	35	model_off	34.589	49.206	1.8197	CjpegliYcbcr	6.0
renders	a-chosen-soul-MOIGsaj8te0-unsplash.jpg	zenjpeg	444	35	model_auto	34.568	48.715	1.8321	CjpegliYcbcr	6.0
renders	a-chosen-soul-MOIGsaj8te0-unsplash.jpg	zenjpeg	444	35	model_policy	34.613	50.862	1.8187	CjpegliYcbcr	6.0
renders	a-chosen-soul-MOIGsaj8te0-unsplash.jpg	zenjpeg	444	35	model_proj	34.613	50.860	1.8187	CjpegliYcbcr	6.0
renders	a-chosen-soul-MOIGsaj8te0-unsplash.jpg	zenjpeg	444	55	identity_off	35.545	58.033	1.5414	CjpegliYcbcr	4.1
renders	a-chosen-soul-MOIGsaj8te0-unsplash.jpg	zenjpeg	444	55	identity_auto	35.511	57.654	1.5750	CjpegliYcbcr	4.1
renders	a-chosen-soul-MOIGsaj8te0-unsplash.jpg	zenjpeg	444	55	model_off	35.474	56.287	1.5662	CjpegliYcbcr	4.1
renders	a-chosen-soul-MOIGsaj8te0-unsplash.jpg	zenjpeg	444	55	model_auto	35.427	56.006	1.5867	CjpegliYcbcr	4.1
renders	a-chosen-soul-MOIGsaj8te0-unsplash.jpg	zenjpeg	444	55	model_policy	35.418	55.098	1.5692	CjpegliYcbcr	4.1
renders	a-chosen-soul-MOIGsaj8te0-unsplash.jpg	zenjpeg	444	55	model_proj	35.485	56.436	1.5679	CjpegliYcbcr	4.1
renders	a-chosen-soul-MOIGsaj8te0-unsplash.jpg	zenjpeg	444	75	identity_off	38.525	69.521	1.0408	CjpegliYcbcr	2.3
renders	a-chosen-soul-MOIGsaj8te0-unsplash.jpg	zenjpeg	444	75	identity_auto	38.458	69.618	1.0678	CjpegliYcbcr	2.3
renders	a-chosen-soul-MOIGsaj8te0-unsplash.jpg	zenjpeg	444	75	model_off	38.349	67.872	1.0635	CjpegliYcbcr	2.3
renders	a-chosen-soul-MOIGsaj8te0-unsplash.jpg	zenjpeg	444	75	model_auto	38.292	67.732	1.0837	CjpegliYcbcr	2.3
renders	a-chosen-soul-MOIGsaj8te0-unsplash.jpg	zenjpeg	444	75	model_policy	38.389	67.639	1.0573	CjpegliYcbcr	2.3
renders	a-chosen-soul-MOIGsaj8te0-unsplash.jpg	zenjpeg	444	75	model_proj	38.447	69.120	1.0556	CjpegliYcbcr	2.3
renders	a-chosen-soul-MOIGsaj8te0-unsplash.jpg	zenjpeg	444	90	identity_off	47.305	87.930	0.3631	CjpegliYcbcr	1.1
renders	a-chosen-soul-MOIGsaj8te0-unsplash.jpg	zenjpeg	444	90	identity_auto	47.001	87.394	0.3795	CjpegliYcbcr	1.1
renders	a-chosen-soul-MOIGsaj8te0-unsplash.jpg	zenjpeg	444	90	model_off	45.248	80.701	0.4580	CjpegliYcbcr	1.1
renders	a-chosen-soul-MOIGsaj8te0-unsplash.jpg	zenjpeg	444	90	model_auto	44.915	79.834	0.4904	CjpegliYcbcr	1.1
renders	a-chosen-soul-MOIGsaj8te0-unsplash.jpg	zenjpeg	444	90	model_policy	46.085	81.994	0.4365	CjpegliYcbcr	1.1
renders	a-chosen-soul-MOIGsaj8te0-unsplash.jpg	zenjpeg	444	90	model_proj	46.958	86.295	0.4023	CjpegliYcbcr	1.1
renders	anton-sobotyak-g7aYFxxNTVA-unsplash.jpg	turbo	420	15	identity_off	40.393	42.288	1.6844	Unknown	15.0
renders	anton-sobotyak-g7aYFxxNTVA-unsplash.jpg	turbo	420	15	identity_auto	40.551	50.704	1.5898	Unknown	15.0
renders	anton-sobotyak-g7aYFxxNTVA-unsplash.jpg	turbo	420	15	model_off	42.416	52.651	1.3590	Unknown	15.0
renders	anton-sobotyak-g7aYFxxNTVA-unsplash.jpg	turbo	420	15	model_auto	42.416	52.811	1.3977	Unknown	15.0
renders	anton-sobotyak-g7aYFxxNTVA-unsplash.jpg	turbo	420	15	model_policy	41.931	57.053	1.4300	Unknown	15.0
renders	anton-sobotyak-g7aYFxxNTVA-unsplash.jpg	turbo	420	15	model_proj	41.931	57.053	1.4300	Unknown	15.0
renders	anton-sobotyak-g7aYFxxNTVA-unsplash.jpg	turbo	420	35	identity_off	47.122	68.156	0.9185	ImageMagick	35.0
renders	anton-sobotyak-g7aYFxxNTVA-unsplash.jpg	turbo	420	35	identity_auto	47.353	72.450	0.8592	ImageMagick	35.0
renders	anton-sobotyak-g7aYFxxNTVA-unsplash.jpg	turbo	420	35	model_off	49.495	77.693	0.6423	ImageMagick	35.0
renders	anton-sobotyak-g7aYFxxNTVA-unsplash.jpg	turbo	420	35	model_auto	49.586	78.677	0.6583	ImageMagick	35.0
renders	anton-sobotyak-g7aYFxxNTVA-unsplash.jpg	turbo	420	35	model_policy	48.757	80.347	0.6121	ImageMagick	35.0
renders	anton-sobotyak-g7aYFxxNTVA-unsplash.jpg	turbo	420	35	model_proj	48.757	80.347	0.6121	ImageMagick	35.0
renders	anton-sobotyak-g7aYFxxNTVA-unsplash.jpg	turbo	420	55	identity_off	47.231	77.196	0.6936	ImageMagick	55.0
renders	anton-sobotyak-g7aYFxxNTVA-unsplash.jpg	turbo	420	55	identity_auto	47.384	80.084	0.6524	ImageMagick	55.0
renders	anton-sobotyak-g7aYFxxNTVA-unsplash.jpg	turbo	420	55	model_off	48.206	81.931	0.5746	ImageMagick	55.0
renders	anton-sobotyak-g7aYFxxNTVA-unsplash.jpg	turbo	420	55	model_auto	48.334	81.975	0.5772	ImageMagick	55.0
renders	anton-sobotyak-g7aYFxxNTVA-unsplash.jpg	turbo	420	55	model_policy	48.046	82.756	0.5694	ImageMagick	55.0
renders	anton-sobotyak-g7aYFxxNTVA-unsplash.jpg	turbo	420	55	model_proj	48.066	82.870	0.5690	ImageMagick	55.0
renders	anton-sobotyak-g7aYFxxNTVA-unsplash.jpg	turbo	420	75	identity_off	53.403	87.381	0.4995	ImageMagick	75.0
renders	anton-sobotyak-g7aYFxxNTVA-unsplash.jpg	turbo	420	75	identity_auto	52.809	88.653	0.4892	ImageMagick	75.0
renders	anton-sobotyak-g7aYFxxNTVA-unsplash.jpg	turbo	420	75	model_off	51.427	86.020	0.4882	ImageMagick	75.0
renders	anton-sobotyak-g7aYFxxNTVA-unsplash.jpg	turbo	420	75	model_auto	51.139	86.441	0.4651	ImageMagick	75.0
renders	anton-sobotyak-g7aYFxxNTVA-unsplash.jpg	turbo	420	75	model_policy	51.710	85.957	0.4965	ImageMagick	75.0
renders	anton-sobotyak-g7aYFxxNTVA-unsplash.jpg	turbo	420	75	model_proj	51.743	86.046	0.4960	ImageMagick	75.0
renders	anton-sobotyak-g7aYFxxNTVA-unsplash.jpg	turbo	420	90	identity_off	59.160	94.092	0.2097	ImageMagick	90.0
renders	anton-sobotyak-g7aYFxxNTVA-unsplash.jpg	turbo	420	90	identity_auto	56.946	93.349	0.2653	ImageMagick	90.0
renders	anton-sobotyak-g7aYFxxNTVA-unsplash.jpg	turbo	420	90	model_off	53.441	88.777	0.3415	ImageMagick	90.0
renders	anton-sobotyak-g7aYFxxNTVA-unsplash.jpg	turbo	420	90	model_auto	52.965	88.571	0.3507	ImageMagick	90.0
renders	anton-sobotyak-g7aYFxxNTVA-unsplash.jpg	turbo	420	90	model_policy	53.855	88.844	0.3395	ImageMagick	90.0
renders	anton-sobotyak-g7aYFxxNTVA-unsplash.jpg	turbo	420	90	model_proj	55.759	90.681	0.2962	ImageMagick	90.0
renders	anton-sobotyak-g7aYFxxNTVA-unsplash.jpg	turbo	444	15	identity_off	40.411	41.542	1.6765	Unknown	15.0
renders	anton-sobotyak-g7aYFxxNTVA-unsplash.jpg	turbo	444	15	identity_auto	40.576	49.948	1.5810	Unknown	15.0
renders	anton-sobotyak-g7aYFxxNTVA-unsplash.jpg	turbo	444	15	model_off	42.488	52.538	1.3558	Unknown	15.0
renders	anton-sobotyak-g7aYFxxNTVA-unsplash.jpg	turbo	444	15	model_auto	42.489	52.699	1.3934	Unknown	15.0
renders	anton-sobotyak-g7aYFxxNTVA-unsplash.jpg	turbo	444	15	model_policy	42.008	57.027	1.4121	Unknown	15.0
renders	anton-sobotyak-g7aYFxxNTVA-unsplash.jpg	turbo	444	15	model_proj	42.008	57.027	1.4121	Unknown	15.0
renders	anton-sobotyak-g7aYFxxNTVA-unsplash.jpg	turbo	444	35	identity_off	47.382	69.319	0.9172	ImageMagick	35.0
renders	anton-sobotyak-g7aYFxxNTVA-unsplash.jpg	turbo	444	35	identity_auto	47.685	74.006	0.8596	ImageMagick	35.0
renders	anton-sobotyak-g7aYFxxNTVA-unsplash.jpg	turbo	444	35	model_off	49.560	78.275	0.6380	ImageMagick	35.0
renders	anton-sobotyak-g7aYFxxNTVA-unsplash.jpg	turbo	444	35	model_auto	49.684	79.312	0.6516	ImageMagick	35.0
renders	anton-sobotyak-g7aYFxxNTVA-unsplash.jpg	turbo	444	35	model_policy	48.794	80.993	0.6155	ImageMagick	35.0
renders	anton-sobotyak-g7aYFxxNTVA-unsplash.jpg	turbo	444	35	model_proj	48.809	81.014	0.6155	ImageMagick	35.0
renders	anton-sobotyak-g7aYFxxNTVA-unsplash.jpg	turbo	444	55	identity_off	47.113	77.908	0.6876	ImageMagick	55.0
renders	anton-sobotyak-g7aYFxxNTVA-unsplash.jpg	turbo	444	55	identity_auto	47.283	80.997	0.6466	ImageMagick	55.0
renders	anton-sobotyak-g7aYFxxNTVA-unsplash.jpg	turbo	444	55	model_off	48.090	82.348	0.5781	ImageMagick	55.0
renders	anton-sobotyak-g7aYFxxNTVA-unsplash.jpg	turbo	444	55	model_auto	48.213	82.513	0.5690	ImageMagick	55.0
renders	anton-sobotyak-g7aYFxxNTVA-unsplash.jpg	turbo	444	55	model_policy	47.880	83.208	0.5712	ImageMagick	55.0
renders	anton-sobotyak-g7aYFxxNTVA-unsplash.jpg	turbo	444	55	model_proj	47.919	83.344	0.5703	ImageMagick	55.0
renders	anton-sobotyak-g7aYFxxNTVA-unsplash.jpg	turbo	444	75	identity_off	54.866	88.695	0.4842	ImageMagick	75.0
renders	anton-sobotyak-g7aYFxxNTVA-unsplash.jpg	turbo	444	75	identity_auto	53.939	89.841	0.4738	ImageMagick	75.0
renders	anton-sobotyak-g7aYFxxNTVA-unsplash.jpg	turbo	444	75	model_off	52.019	86.849	0.4795	ImageMagick	75.0
renders	anton-sobotyak-g7aYFxxNTVA-unsplash.jpg	turbo	444	75	model_auto	51.706	87.268	0.4596	ImageMagick	75.0
renders	anton-sobotyak-g7aYFxxNTVA-unsplash.jpg	turbo	444	75	model_policy	52.353	86.672	0.4838	ImageMagick	75.0
renders	anton-sobotyak-g7aYFxxNTVA-unsplash.jpg	turbo	444	75	model_proj	52.408	86.802	0.4840	ImageMagick	75.0
renders	anton-sobotyak-g7aYFxxNTVA-unsplash.jpg	turbo	444	90	identity_off	62.251	96.379	0.1801	ImageMagick	90.0
renders	anton-sobotyak-g7aYFxxNTVA-unsplash.jpg	turbo	444	90	identity_auto	58.370	95.381	0.2385	ImageMagick	90.0
renders	anton-sobotyak-g7aYFxxNTVA-unsplash.jpg	turbo	444	90	model_off	53.771	89.483	0.3396	ImageMagick	90.0
renders	anton-sobotyak-g7aYFxxNTVA-unsplash.jpg	turbo	444	90	model_auto	53.245	89.188	0.3471	ImageMagick	90.0
renders	anton-sobotyak-g7aYFxxNTVA-unsplash.jpg	turbo	444	90	model_policy	54.236	89.593	0.3396	ImageMagick	90.0
renders	anton-sobotyak-g7aYFxxNTVA-unsplash.jpg	turbo	444	90	model_proj	56.455	91.095	0.3002	ImageMagick	90.0
renders	anton-sobotyak-g7aYFxxNTVA-unsplash.jpg	mozjpeg	420	15	identity_off	40.294	39.227	1.6810	Mozjpeg	15.0
renders	anton-sobotyak-g7aYFxxNTVA-unsplash.jpg	mozjpeg	420	15	identity_auto	40.471	47.072	1.5812	Mozjpeg	15.0
renders	anton-sobotyak-g7aYFxxNTVA-unsplash.jpg	mozjpeg	420	15	model_off	42.353	50.141	1.3706	Mozjpeg	15.0
renders	anton-sobotyak-g7aYFxxNTVA-unsplash.jpg	mozjpeg	420	15	model_auto	42.363	50.201	1.4081	Mozjpeg	15.0
renders	anton-sobotyak-g7aYFxxNTVA-unsplash.jpg	mozjpeg	420	15	model_policy	41.873	54.636	1.4225	Mozjpeg	15.0
renders	anton-sobotyak-g7aYFxxNTVA-unsplash.jpg	mozjpeg	420	15	model_proj	41.873	54.636	1.4225	Mozjpeg	15.0
renders	anton-sobotyak-g7aYFxxNTVA-unsplash.jpg	mozjpeg	420	35	identity_off	46.890	67.561	0.9554	Mozjpeg	35.0
renders	anton-sobotyak-g7aYFxxNTVA-unsplash.jpg	mozjpeg	420	35	identity_auto	47.154	71.878	0.8807	Mozjpeg	35.0
renders	anton-sobotyak-g7aYFxxNTVA-unsplash.jpg	mozjpeg	420	35	model_off	49.197	76.952	0.6600	Mozjpeg	35.0
renders	anton-sobotyak-g7aYFxxNTVA-unsplash.jpg	mozjpeg	420	35	model_auto	49.293	77.775	0.6785	Mozjpeg	35.0
renders	anton-sobotyak-g7aYFxxNTVA-unsplash.jpg	mozjpeg	420	35	model_policy	48.473	79.739	0.6431	Mozjpeg	35.0
renders	anton-sobotyak-g7aYFxxNTVA-unsplash.jpg	mozjpeg	420	35	model_proj	48.473	79.744	0.6431	Mozjpeg	35.0
renders	anton-sobotyak-g7aYFxxNTVA-unsplash.jpg	mozjpeg	420	55	identity_off	47.066	76.426	0.7263	Mozjpeg	55.0
renders	anton-sobotyak-g7aYFxxNTVA-unsplash.jpg	mozjpeg	420	55	identity_auto	47.261	79.371	0.6824	Mozjpeg	55.0
renders	anton-sobotyak-g7aYFxxNTVA-unsplash.jpg	mozjpeg	420	55	model_off	48.147	81.577	0.5992	Mozjpeg	55.0
renders	anton-sobotyak-g7aYFxxNTVA-unsplash.jpg	mozjpeg	420	55	model_auto	48.326	81.625	0.5921	Mozjpeg	55.0
renders	anton-sobotyak-g7aYFxxNTVA-unsplash.jpg	mozjpeg	420	55	model_policy	47.972	82.438	0.5879	Mozjpeg	55.0
renders	anton-sobotyak-g7aYFxxNTVA-unsplash.jpg	mozjpeg	420	55	model_proj	47.974	82.440	0.5879	Mozjpeg	55.0
renders	anton-sobotyak-g7aYFxxNTVA-unsplash.jpg	mozjpeg	420	75	identity_off	53.345	85.960	0.4997	Mozjpeg	75.0
renders	anton-sobotyak-g7aYFxxNTVA-unsplash.jpg	mozjpeg	420	75	identity_auto	53.416	87.510	0.4744	Mozjpeg	75.0
renders	anton-sobotyak-g7aYFxxNTVA-unsplash.jpg	mozjpeg	420	75	model_off	51.073	84.840	0.4628	Mozjpeg	75.0
renders	anton-sobotyak-g7aYFxxNTVA-unsplash.jpg	mozjpeg	420	75	model_auto	50.894	85.079	0.4670	Mozjpeg	75.0
renders	anton-sobotyak-g7aYFxxNTVA-unsplash.jpg	mozjpeg	420	75	model_policy	51.617	85.337	0.4565	Mozjpeg	75.0
renders	anton-sobotyak-g7aYFxxNTVA-unsplash.jpg	mozjpeg	420	75	model_proj	51.663	85.476	0.4554	Mozjpeg	75.0
renders	anton-sobotyak-g7aYFxxNTVA-unsplash.jpg	mozjpeg	420	90	identity_off	58.635	94.408	0.2460	Mozjpeg	90.0
renders	anton-sobotyak-g7aYFxxNTVA-unsplash.jpg	mozjpeg	420	90	identity_auto	56.737	93.955	0.2839	Mozjpeg	90.0
renders	anton-sobotyak-g7aYFxxNTVA-unsplash.jpg	mozjpeg	420	90	model_off	53.306	88.880	0.3474	Mozjpeg	90.0
renders	anton-sobotyak-g7aYFxxNTVA-unsplash.jpg	mozjpeg	420	90	model_auto	52.892	88.701	0.3559	Mozjpeg	90.0
renders	anton-sobotyak-g7aYFxxNTVA-unsplash.jpg	mozjpeg	420	90	model_policy	53.756	89.050	0.3428	Mozjpeg	90.0
renders	anton-sobotyak-g7aYFxxNTVA-unsplash.jpg	mozjpeg	420	90	model_proj	53.915	89.378	0.3386	Mozjpeg	90.0
renders	anton-sobotyak-g7aYFxxNTVA-unsplash.jpg	mozjpeg	444	15	identity_off	40.307	40.261	1.6877	Mozjpeg	15.0
renders	anton-sobotyak-g7aYFxxNTVA-unsplash.jpg	mozjpeg	444	15	identity_auto	40.495	48.496	1.5887	Mozjpeg	15.0
renders	anton-sobotyak-g7aYFxxNTVA-unsplash.jpg	mozjpeg	444	15	model_off	42.370	50.762	1.3793	Mozjpeg	15.0
renders	anton-sobotyak-g7aYFxxNTVA-unsplash.jpg	mozjpeg	444	15	model_auto	42.377	50.930	1.4133	Mozjpeg	15.0
renders	anton-sobotyak-g7aYFxxNTVA-unsplash.jpg	mozjpeg	444	15	model_policy	41.900	55.031	1.4309	Mozjpeg	15.0
renders	anton-sobotyak-g7aYFxxNTVA-unsplash.jpg	mozjpeg	444	15	model_proj	41.900	55.031	1.4309	Mozjpeg	15.0
renders	anton-sobotyak-g7aYFxxNTVA-unsplash.jpg	mozjpeg	444	35	identity_off	47.203	68.373	0.9522	Mozjpeg	35.0
renders	anton-sobotyak-g7aYFxxNTVA-unsplash.jpg	mozjpeg	444	35	identity_auto	47.547	73.083	0.8780	Mozjpeg	35.0
renders	anton-sobotyak-g7aYFxxNTVA-unsplash.jpg	mozjpeg	444	35	model_off	49.395	77.492	0.6472	Mozjpeg	35.0
renders	anton-sobotyak-g7aYFxxNTVA-unsplash.jpg	mozjpeg	444	35	model_auto	49.523	78.356	0.6651	Mozjpeg	35.0
renders	anton-sobotyak-g7aYFxxNTVA-unsplash.jpg	mozjpeg	444	35	model_policy	48.652	80.465	0.6366	Mozjpeg	35.0
renders	anton-sobotyak-g7aYFxxNTVA-unsplash.jpg	mozjpeg	444	35	model_proj	48.652	80.462	0.6366	Mozjpeg	35.0
renders	anton-sobotyak-g7aYFxxNTVA-unsplash.jpg	mozjpeg	444	55	identity_off	47.058	77.137	0.7237	Mozjpeg	55.0
renders	anton-sobotyak-g7aYFxxNTVA-unsplash.jpg	mozjpeg	444	55	identity_auto	47.271	80.255	0.6796	Mozjpeg	55.0
renders	anton-sobotyak-g7aYFxxNTVA-unsplash.jpg	mozjpeg	444	55	model_off	48.082	81.868	0.5976	Mozjpeg	55.0
renders	anton-sobotyak-g7aYFxxNTVA-unsplash.jpg	mozjpeg	444	55	model_auto	48.261	82.039	0.5907	Mozjpeg	55.0
renders	anton-sobotyak-g7aYFxxNTVA-unsplash.jpg	mozjpeg	444	55	model_policy	47.836	82.872	0.5847	Mozjpeg	55.0
renders	anton-sobotyak-g7aYFxxNTVA-unsplash.jpg	mozjpeg	444	55	model_proj	47.850	82.885	0.5845	Mozjpeg	55.0
renders	anton-sobotyak-g7aYFxxNTVA-unsplash.jpg	mozjpeg	444	75	identity_off	54.766	87.764	0.4883	Mozjpeg	75.0
renders	anton-sobotyak-g7aYFxxNTVA-unsplash.jpg	mozjpeg	444	75	identity_auto	54.693	89.221	0.4597	Mozjpeg	75.0
renders	anton-sobotyak-g7aYFxxNTVA-unsplash.jpg	mozjpeg	444	75	model_off	51.552	85.335	0.4614	Mozjpeg	75.0
renders	anton-sobotyak-g7aYFxxNTVA-unsplash.jpg	mozjpeg	444	75	model_auto	51.387	85.565	0.4594	Mozjpeg	75.0
renders	anton-sobotyak-g7aYFxxNTVA-unsplash.jpg	mozjpeg	444	75	model_policy	52.078	85.958	0.4569	Mozjpeg	75.0
renders	anton-sobotyak-g7aYFxxNTVA-unsplash.jpg	mozjpeg	444	75	model_proj	52.135	86.103	0.4559	Mozjpeg	75.0
renders	anton-sobotyak-g7aYFxxNTVA-unsplash.jpg	mozjpeg	444	90	identity_off	60.662	95.746	0.2317	Mozjpeg	90.0
renders	anton-sobotyak-g7aYFxxNTVA-unsplash.jpg	mozjpeg	444	90	identity_auto	57.810	95.080	0.2722	Mozjpeg	90.0
renders	anton-sobotyak-g7aYFxxNTVA-unsplash.jpg	mozjpeg	444	90	model_off	53.484	89.091	0.3462	Mozjpeg	90.0
renders	anton-sobotyak-g7aYFxxNTVA-unsplash.jpg	mozjpeg	444	90	model_auto	53.031	88.873	0.3541	Mozjpeg	90.0
renders	anton-sobotyak-g7aYFxxNTVA-unsplash.jpg	mozjpeg	444	90	model_policy	53.961	89.314	0.3414	Mozjpeg	90.0
renders	anton-sobotyak-g7aYFxxNTVA-unsplash.jpg	mozjpeg	444	90	model_proj	54.188	89.573	0.3377	Mozjpeg	90.0
renders	anton-sobotyak-g7aYFxxNTVA-unsplash.jpg	jpegli	420	15	identity_off	44.565	59.562	1.1471	CjpegliYcbcr	14.2
renders	anton-sobotyak-g7aYFxxNTVA-unsplash.jpg	jpegli	420	15	identity_auto	44.795	64.962	1.0885	CjpegliYcbcr	14.2
renders	anton-sobotyak-g7aYFxxNTVA-unsplash.jpg	jpegli	420	15	model_off	46.561	71.440	0.8314	CjpegliYcbcr	14.2
renders	anton-sobotyak-g7aYFxxNTVA-unsplash.jpg	jpegli	420	15	model_auto	46.698	71.936	0.8509	CjpegliYcbcr	14.2
renders	anton-sobotyak-g7aYFxxNTVA-unsplash.jpg	jpegli	420	15	model_policy	46.793	75.925	0.8343	CjpegliYcbcr	14.2
renders	anton-sobotyak-g7aYFxxNTVA-unsplash.jpg	jpegli	420	15	model_proj	46.793	75.933	0.8343	CjpegliYcbcr	14.2
renders	anton-sobotyak-g7aYFxxNTVA-unsplash.jpg	jpegli	420	35	identity_off	48.157	75.907	0.7252	CjpegliYcbcr	7.2
renders	anton-sobotyak-g7aYFxxNTVA-unsplash.jpg	jpegli	420	35	identity_auto	48.404	78.975	0.6772	CjpegliYcbcr	7.2
renders	anton-sobotyak-g7aYFxxNTVA-unsplash.jpg	jpegli	420	35	model_off	49.109	82.187	0.5672	CjpegliYcbcr	7.2
renders	anton-sobotyak-g7aYFxxNTVA-unsplash.jpg	jpegli	420	35	model_auto	49.081	81.795	0.5711	CjpegliYcbcr	7.2
renders	anton-sobotyak-g7aYFxxNTVA-unsplash.jpg	jpegli	420	35	model_policy	49.473	82.764	0.5632	CjpegliYcbcr	7.2
renders	anton-sobotyak-g7aYFxxNTVA-unsplash.jpg	jpegli	420	35	model_proj	49.472	82.763	0.5632	CjpegliYcbcr	7.2
renders	anton-sobotyak-g7aYFxxNTVA-unsplash.jpg	jpegli	420	55	identity_off	49.591	78.420	0.6635	CjpegliYcbcr	5.2
renders	anton-sobotyak-g7aYFxxNTVA-unsplash.jpg	jpegli	420	55	identity_auto	49.861	81.849	0.6201	CjpegliYcbcr	5.2
renders	anton-sobotyak-g7aYFxxNTVA-unsplash.jpg	jpegli	420	55	model_off	51.673	85.142	0.5104	CjpegliYcbcr	5.2
renders	anton-sobotyak-g7aYFxxNTVA-unsplash.jpg	jpegli	420	55	model_auto	51.460	85.435	0.5111	CjpegliYcbcr	5.2
renders	anton-sobotyak-g7aYFxxNTVA-unsplash.jpg	jpegli	420	55	model_policy	50.487	83.929	0.5244	CjpegliYcbcr	5.2
renders	anton-sobotyak-g7aYFxxNTVA-unsplash.jpg	jpegli	420	55	model_proj	50.488	83.943	0.5243	CjpegliYcbcr	5.2
renders	anton-sobotyak-g7aYFxxNTVA-unsplash.jpg	jpegli	420	75	identity_off	51.094	85.180	0.5205	CjpegliYcbcr	3.0
renders	anton-sobotyak-g7aYFxxNTVA-unsplash.jpg	jpegli	420	75	identity_auto	51.363	86.888	0.4871	CjpegliYcbcr	3.0
renders	anton-sobotyak-g7aYFxxNTVA-unsplash.jpg	jpegli	420	75	model_off	50.041	84.454	0.4884	CjpegliYcbcr	3.0
renders	anton-sobotyak-g7aYFxxNTVA-unsplash.jpg	jpegli	420	75	model_auto	50.139	84.808	0.4795	CjpegliYcbcr	3.0
renders	anton-sobotyak-g7aYFxxNTVA-unsplash.jpg	jpegli	420	75	model_policy	50.605	85.042	0.4809	CjpegliYcbcr	3.0
renders	anton-sobotyak-g7aYFxxNTVA-unsplash.jpg	jpegli	420	75	model_proj	51.061	85.867	0.4768	CjpegliYcbcr	3.0
renders	anton-sobotyak-g7aYFxxNTVA-unsplash.jpg	jpegli	420	90	identity_off	55.832	91.108	0.3486	CjpegliYcbcr	1.3
renders	anton-sobotyak-g7aYFxxNTVA-unsplash.jpg	jpegli	420	90	identity_auto	54.906	91.330	0.3855	CjpegliYcbcr	1.3
renders	anton-sobotyak-g7aYFxxNTVA-unsplash.jpg	jpegli	420	90	model_off	52.409	87.570	0.3893	CjpegliYcbcr	1.3
renders	anton-sobotyak-g7aYFxxNTVA-unsplash.jpg	jpegli	420	90	model_auto	52.061	87.568	0.4013	CjpegliYcbcr	1.3
renders	anton-sobotyak-g7aYFxxNTVA-unsplash.jpg	jpegli	420	90	model_policy	52.864	87.784	0.3855	CjpegliYcbcr	1.3
renders	anton-sobotyak-g7aYFxxNTVA-unsplash.jpg	jpegli	420	90	model_proj	54.162	90.032	0.3620	CjpegliYcbcr	1.3
renders	anton-sobotyak-g7aYFxxNTVA-unsplash.jpg	jpegli	444	15	identity_off	43.177	66.663	1.1818	CjpegliYcbcr	11.8
renders	anton-sobotyak-g7aYFxxNTVA-unsplash.jpg	jpegli	444	15	identity_auto	43.293	72.399	1.1242	CjpegliYcbcr	11.8
renders	anton-sobotyak-g7aYFxxNTVA-unsplash.jpg	jpegli	444	15	model_off	43.746	74.352	0.9358	CjpegliYcbcr	11.8
renders	anton-sobotyak-g7aYFxxNTVA-unsplash.jpg	jpegli	444	15	model_auto	43.749	74.953	0.9793	CjpegliYcbcr	11.8
renders	anton-sobotyak-g7aYFxxNTVA-unsplash.jpg	jpegli	444	15	model_policy	43.647	80.081	1.0252	CjpegliYcbcr	11.8
renders	anton-sobotyak-g7aYFxxNTVA-unsplash.jpg	jpegli	444	15	model_proj	43.647	80.082	1.0252	CjpegliYcbcr	11.8
renders	anton-sobotyak-g7aYFxxNTVA-unsplash.jpg	jpegli	444	35	identity_off	45.965	75.440	0.8725	CjpegliYcbcr	6.0
renders	anton-sobotyak-g7aYFxxNTVA-unsplash.jpg	jpegli	444	35	identity_auto	46.247	78.688	0.8449	CjpegliYcbcr	6.0
renders	anton-sobotyak-g7aYFxxNTVA-unsplash.jpg	jpegli	444	35	model_off	47.160	80.618	0.7678	CjpegliYcbcr	6.0
renders	anton-sobotyak-g7aYFxxNTVA-unsplash.jpg	jpegli	444	35	model_auto	47.196	80.748	0.7520	CjpegliYcbcr	6.0
renders	anton-sobotyak-g7aYFxxNTVA-unsplash.jpg	jpegli	444	35	model_policy	47.051	81.582	0.8082	CjpegliYcbcr	6.0
renders	anton-sobotyak-g7aYFxxNTVA-unsplash.jpg	jpegli	444	35	model_proj	47.051	81.584	0.8082	CjpegliYcbcr	6.0
renders	anton-sobotyak-g7aYFxxNTVA-unsplash.jpg	jpegli	444	55	identity_off	49.366	81.751	0.5983	CjpegliYcbcr	4.1
renders	anton-sobotyak-g7aYFxxNTVA-unsplash.jpg	jpegli	444	55	identity_auto	49.441	84.025	0.5776	CjpegliYcbcr	4.1
renders	anton-sobotyak-g7aYFxxNTVA-unsplash.jpg	jpegli	444	55	model_off	48.932	82.898	0.5298	CjpegliYcbcr	4.1
renders	anton-sobotyak-g7aYFxxNTVA-unsplash.jpg	jpegli	444	55	model_auto	48.762	82.850	0.5356	CjpegliYcbcr	4.1
renders	anton-sobotyak-g7aYFxxNTVA-unsplash.jpg	jpegli	444	55	model_policy	49.235	84.016	0.5275	CjpegliYcbcr	4.1
renders	anton-sobotyak-g7aYFxxNTVA-unsplash.jpg	jpegli	444	55	model_proj	49.260	84.120	0.5267	CjpegliYcbcr	4.1
renders	anton-sobotyak-g7aYFxxNTVA-unsplash.jpg	jpegli	444	75	identity_off	50.018	86.243	0.5456	CjpegliYcbcr	2.3
renders	anton-sobotyak-g7aYFxxNTVA-unsplash.jpg	jpegli	444	75	identity_auto	50.242	87.460	0.5266	CjpegliYcbcr	2.3
renders	anton-sobotyak-g7aYFxxNTVA-unsplash.jpg	jpegli	444	75	model_off	49.629	85.032	0.5087	CjpegliYcbcr	2.3
renders	anton-sobotyak-g7aYFxxNTVA-unsplash.jpg	jpegli	444	75	model_auto	49.570	85.282	0.5055	CjpegliYcbcr	2.3
renders	anton-sobotyak-g7aYFxxNTVA-unsplash.jpg	jpegli	444	75	model_policy	50.065	85.299	0.5266	CjpegliYcbcr	2.3
renders	anton-sobotyak-g7aYFxxNTVA-unsplash.jpg	jpegli	444	75	model_proj	50.408	86.369	0.5231	CjpegliYcbcr	2.3
renders	anton-sobotyak-g7aYFxxNTVA-unsplash.jpg	jpegli	444	90	identity_off	56.889	91.460	0.3341	CjpegliYcbcr	1.1
renders	anton-sobotyak-g7aYFxxNTVA-unsplash.jpg	jpegli	444	90	identity_auto	55.766	91.512	0.3673	CjpegliYcbcr	1.1
renders	anton-sobotyak-g7aYFxxNTVA-unsplash.jpg	jpegli	444	90	model_off	52.712	87.541	0.3812	CjpegliYcbcr	1.1
renders	anton-sobotyak-g7aYFxxNTVA-unsplash.jpg	jpegli	444	90	model_auto	52.390	87.451	0.3959	CjpegliYcbcr	1.1
renders	anton-sobotyak-g7aYFxxNTVA-unsplash.jpg	jpegli	444	90	model_policy	53.105	87.677	0.3779	CjpegliYcbcr	1.1
renders	anton-sobotyak-g7aYFxxNTVA-unsplash.jpg	jpegli	444	90	model_proj	56.096	90.873	0.3366	CjpegliYcbcr	1.1
renders	anton-sobotyak-g7aYFxxNTVA-unsplash.jpg	zenjpeg	420	15	identity_off	44.614	59.160	1.1508	CjpegliYcbcr	14.2
renders	anton-sobotyak-g7aYFxxNTVA-unsplash.jpg	zenjpeg	420	15	identity_auto	44.844	64.709	1.0916	CjpegliYcbcr	14.2
renders	anton-sobotyak-g7aYFxxNTVA-unsplash.jpg	zenjpeg	420	15	model_off	46.524	70.917	0.8377	CjpegliYcbcr	14.2
renders	anton-sobotyak-g7aYFxxNTVA-unsplash.jpg	zenjpeg	420	15	model_auto	46.656	71.550	0.8625	CjpegliYcbcr	14.2
renders	anton-sobotyak-g7aYFxxNTVA-unsplash.jpg	zenjpeg	420	15	model_policy	46.829	75.570	0.8260	CjpegliYcbcr	14.2
renders	anton-sobotyak-g7aYFxxNTVA-unsplash.jpg	zenjpeg	420	15	model_proj	46.829	75.569	0.8260	CjpegliYcbcr	14.2
renders	anton-sobotyak-g7aYFxxNTVA-unsplash.jpg	zenjpeg	420	35	identity_off	47.111	75.654	0.7601	CjpegliYcbcr	7.2
renders	anton-sobotyak-g7aYFxxNTVA-unsplash.jpg	zenjpeg	420	35	identity_auto	47.324	78.626	0.7116	CjpegliYcbcr	7.2
renders	anton-sobotyak-g7aYFxxNTVA-unsplash.jpg	zenjpeg	420	35	model_off	48.013	80.756	0.5922	CjpegliYcbcr	7.2
renders	anton-sobotyak-g7aYFxxNTVA-unsplash.jpg	zenjpeg	420	35	model_auto	48.281	80.963	0.5966	CjpegliYcbcr	7.2
renders	anton-sobotyak-g7aYFxxNTVA-unsplash.jpg	zenjpeg	420	35	model_policy	48.038	82.271	0.5729	CjpegliYcbcr	7.2
renders	anton-sobotyak-g7aYFxxNTVA-unsplash.jpg	zenjpeg	420	35	model_proj	48.038	82.271	0.5729	CjpegliYcbcr	7.2
renders	anton-sobotyak-g7aYFxxNTVA-unsplash.jpg	zenjpeg	420	55	identity_off	49.604	77.727	0.6976	CjpegliYcbcr	5.2
renders	anton-sobotyak-g7aYFxxNTVA-unsplash.jpg	zenjpeg	420	55	identity_auto	49.880	80.987	0.6587	CjpegliYcbcr	5.2
renders	anton-sobotyak-g7aYFxxNTVA-unsplash.jpg	zenjpeg	420	55	model_off	51.483	84.273	0.5613	CjpegliYcbcr	5.2
renders	anton-sobotyak-g7aYFxxNTVA-unsplash.jpg	zenjpeg	420	55	model_auto	51.296	84.767	0.5747	CjpegliYcbcr	5.2
renders	anton-sobotyak-g7aYFxxNTVA-unsplash.jpg	zenjpeg	420	55	model_policy	50.464	83.385	0.5727	CjpegliYcbcr	5.2
renders	anton-sobotyak-g7aYFxxNTVA-unsplash.jpg	zenjpeg	420	55	model_proj	50.464	83.389	0.5727	CjpegliYcbcr	5.2
renders	anton-sobotyak-g7aYFxxNTVA-unsplash.jpg	zenjpeg	420	75	identity_off	53.189	85.667	0.5240	CjpegliYcbcr	3.0
renders	anton-sobotyak-g7aYFxxNTVA-unsplash.jpg	zenjpeg	420	75	identity_auto	53.355	87.441	0.4897	CjpegliYcbcr	3.0
renders	anton-sobotyak-g7aYFxxNTVA-unsplash.jpg	zenjpeg	420	75	model_off	51.235	85.014	0.4745	CjpegliYcbcr	3.0
renders	anton-sobotyak-g7aYFxxNTVA-unsplash.jpg	zenjpeg	420	75	model_auto	51.117	85.348	0.4734	CjpegliYcbcr	3.0
renders	anton-sobotyak-g7aYFxxNTVA-unsplash.jpg	zenjpeg	420	75	model_policy	51.685	85.533	0.4788	CjpegliYcbcr	3.0
renders	anton-sobotyak-g7aYFxxNTVA-unsplash.jpg	zenjpeg	420	75	model_proj	52.293	86.308	0.4751	CjpegliYcbcr	3.0
renders	anton-sobotyak-g7aYFxxNTVA-unsplash.jpg	zenjpeg	420	90	identity_off	56.520	91.939	0.3275	CjpegliYcbcr	1.3
renders	anton-sobotyak-g7aYFxxNTVA-unsplash.jpg	zenjpeg	420	90	identity_auto	55.480	91.816	0.3523	CjpegliYcbcr	1.3
renders	anton-sobotyak-g7aYFxxNTVA-unsplash.jpg	zenjpeg	420	90	model_off	52.633	87.865	0.3737	CjpegliYcbcr	1.3
renders	anton-sobotyak-g7aYFxxNTVA-unsplash.jpg	zenjpeg	420	90	model_auto	52.298	87.697	0.3843	CjpegliYcbcr	1.3
renders	anton-sobotyak-g7aYFxxNTVA-unsplash.jpg	zenjpeg	420	90	model_policy	53.132	88.102	0.3769	CjpegliYcbcr	1.3
renders	anton-sobotyak-g7aYFxxNTVA-unsplash.jpg	zenjpeg	420	90	model_proj	54.950	90.161	0.3511	CjpegliYcbcr	1.3
renders	anton-sobotyak-g7aYFxxNTVA-unsplash.jpg	zenjpeg	444	15	identity_off	43.270	66.933	1.2137	CjpegliYcbcr	11.8
renders	anton-sobotyak-g7aYFxxNTVA-unsplash.jpg	zenjpeg	444	15	identity_auto	43.387	72.365	1.1578	CjpegliYcbcr	11.8
renders	anton-sobotyak-g7aYFxxNTVA-unsplash.jpg	zenjpeg	444	15	model_off	43.832	73.238	0.9568	CjpegliYcbcr	11.8
renders	anton-sobotyak-g7aYFxxNTVA-unsplash.jpg	zenjpeg	444	15	model_auto	43.868	74.114	1.0115	CjpegliYcbcr	11.8
renders	anton-sobotyak-g7aYFxxNTVA-unsplash.jpg	zenjpeg	444	15	model_policy	43.763	79.690	1.0370	CjpegliYcbcr	11.8
renders	anton-sobotyak-g7aYFxxNTVA-unsplash.jpg	zenjpeg	444	15	model_proj	43.763	79.694	1.0370	CjpegliYcbcr	11.8
renders	anton-sobotyak-g7aYFxxNTVA-unsplash.jpg	zenjpeg	444	35	identity_off	46.015	75.030	0.8883	CjpegliYcbcr	6.0
renders	anton-sobotyak-g7aYFxxNTVA-unsplash.jpg	zenjpeg	444	35	identity_auto	46.298	78.431	0.8534	CjpegliYcbcr	6.0
renders	anton-sobotyak-g7aYFxxNTVA-unsplash.jpg	zenjpeg	444	35	model_off	47.162	80.284	0.7610	CjpegliYcbcr	6.0
renders	anton-sobotyak-g7aYFxxNTVA-unsplash.jpg	zenjpeg	444	35	model_auto	47.192	80.520	0.7599	CjpegliYcbcr	6.0
renders	anton-sobotyak-g7aYFxxNTVA-unsplash.jpg	zenjpeg	444	35	model_policy	47.084	81.406	0.7991	CjpegliYcbcr	6.0
renders	anton-sobotyak-g7aYFxxNTVA-unsplash.jpg	zenjpeg	444	35	model_proj	47.084	81.416	0.7991	CjpegliYcbcr	6.0
renders	anton-sobotyak-g7aYFxxNTVA-unsplash.jpg	zenjpeg	444	55	identity_off	49.547	80.629	0.6583	CjpegliYcbcr	4.1
renders	anton-sobotyak-g7aYFxxNTVA-unsplash.jpg	zenjpeg	444	55	identity_auto	49.679	82.903	0.6300	CjpegliYcbcr	4.1
renders	anton-sobotyak-g7aYFxxNTVA-unsplash.jpg	zenjpeg	444	55	model_off	49.058	81.938	0.5547	CjpegliYcbcr	4.1
renders	anton-sobotyak-g7aYFxxNTVA-unsplash.jpg	zenjpeg	444	55	model_auto	48.860	81.833	0.5804	CjpegliYcbcr	4.1
renders	anton-sobotyak-g7aYFxxNTVA-unsplash.jpg	zenjpeg	444	55	model_policy	49.419	83.637	0.5498	CjpegliYcbcr	4.1
renders	anton-sobotyak-g7aYFxxNTVA-unsplash.jpg	zenjpeg	444	55	model_proj	49.446	83.764	0.5492	CjpegliYcbcr	4.1
renders	anton-sobotyak-g7aYFxxNTVA-unsplash.jpg	zenjpeg	444	75	identity_off	50.560	86.881	0.5720	CjpegliYcbcr	2.3
renders	anton-sobotyak-g7aYFxxNTVA-unsplash.jpg	zenjpeg	444	75	identity_auto	50.857	88.041	0.5506	CjpegliYcbcr	2.3
renders	anton-sobotyak-g7aYFxxNTVA-unsplash.jpg	zenjpeg	444	75	model_off	49.781	85.181	0.5349	CjpegliYcbcr	2.3
renders	anton-sobotyak-g7aYFxxNTVA-unsplash.jpg	zenjpeg	444	75	model_auto	49.914	85.529	0.5214	CjpegliYcbcr	2.3
renders	anton-sobotyak-g7aYFxxNTVA-unsplash.jpg	zenjpeg	444	75	model_policy	50.119	85.430	0.5545	CjpegliYcbcr	2.3
renders	anton-sobotyak-g7aYFxxNTVA-unsplash.jpg	zenjpeg	444	75	model_proj	50.454	86.390	0.5520	CjpegliYcbcr	2.3
renders	anton-sobotyak-g7aYFxxNTVA-unsplash.jpg	zenjpeg	444	90	identity_off	58.854	94.044	0.2556	CjpegliYcbcr	1.1
renders	anton-sobotyak-g7aYFxxNTVA-unsplash.jpg	zenjpeg	444	90	identity_auto	56.991	93.645	0.2909	CjpegliYcbcr	1.1
renders	anton-sobotyak-g7aYFxxNTVA-unsplash.jpg	zenjpeg	444	90	model_off	53.123	88.812	0.3515	CjpegliYcbcr	1.1
renders	anton-sobotyak-g7aYFxxNTVA-unsplash.jpg	zenjpeg	444	90	model_auto	52.728	88.585	0.3678	CjpegliYcbcr	1.1
renders	anton-sobotyak-g7aYFxxNTVA-unsplash.jpg	zenjpeg	444	90	model_policy	53.628	89.050	0.3497	CjpegliYcbcr	1.1
renders	anton-sobotyak-g7aYFxxNTVA-unsplash.jpg	zenjpeg	444	90	model_proj	57.179	92.786	0.2833	CjpegliYcbcr	1.1
renders	itsiken-pmYoy3WaFPU-unsplash.jpg	turbo	420	15	identity_off	30.633	18.010	2.5513	Unknown	15.0
renders	itsiken-pmYoy3WaFPU-unsplash.jpg	turbo	420	15	identity_auto	31.034	23.451	2.4360	Unknown	15.0
renders	itsiken-pmYoy3WaFPU-unsplash.jpg	turbo	420	15	model_off	31.715	26.300	2.3817	Unknown	15.0
renders	itsiken-pmYoy3WaFPU-unsplash.jpg	turbo	420	15	model_auto	31.646	26.162	2.3855	Unknown	15.0
renders	itsiken-pmYoy3WaFPU-unsplash.jpg	turbo	420	15	model_policy	31.843	31.065	2.3732	Unknown	15.0
renders	itsiken-pmYoy3WaFPU-unsplash.jpg	turbo	420	15	model_proj	31.843	31.061	2.3732	Unknown	15.0
renders	itsiken-pmYoy3WaFPU-unsplash.jpg	turbo	420	35	identity_off	33.705	55.857	1.5295	ImageMagick	35.0
renders	itsiken-pmYoy3WaFPU-unsplash.jpg	turbo	420	35	identity_auto	33.863	56.343	1.4993	ImageMagick	35.0
renders	itsiken-pmYoy3WaFPU-unsplash.jpg	turbo	420	35	model_off	34.647	59.871	1.4320	ImageMagick	35.0
renders	itsiken-pmYoy3WaFPU-unsplash.jpg	turbo	420	35	model_auto	34.457	58.647	1.4661	ImageMagick	35.0
renders	itsiken-pmYoy3WaFPU-unsplash.jpg	turbo	420	35	model_policy	34.653	60.121	1.4293	ImageMagick	35.0
renders	itsiken-pmYoy3WaFPU-unsplash.jpg	turbo	420	35	model_proj	34.653	60.129	1.4291	ImageMagick	35.0
renders	itsiken-pmYoy3WaFPU-unsplash.jpg	turbo	420	55	identity_off	35.199	67.802	1.2293	ImageMagick	55.0
renders	itsiken-pmYoy3WaFPU-unsplash.jpg	turbo	420	55	identity_auto	35.303	66.770	1.2273	ImageMagick	55.0
renders	itsiken-pmYoy3WaFPU-unsplash.jpg	turbo	420	55	model_off	36.026	69.606	1.1587	ImageMagick	55.0
renders	itsiken-pmYoy3WaFPU-unsplash.jpg	turbo	420	55	model_auto	35.820	68.105	1.2038	ImageMagick	55.0
renders	itsiken-pmYoy3WaFPU-unsplash.jpg	turbo	420	55	model_policy	36.039	69.678	1.1554	ImageMagick	55.0
renders	itsiken-pmYoy3WaFPU-unsplash.jpg	turbo	420	55	model_proj	36.039	69.679	1.1554	ImageMagick	55.0
renders	itsiken-pmYoy3WaFPU-unsplash.jpg	turbo	420	75	identity_off	36.994	76.805	0.9567	ImageMagick	75.0
renders	itsiken-pmYoy3WaFPU-unsplash.jpg	turbo	420	75	identity_auto	37.090	75.784	0.9591	ImageMagick	75.0
renders	itsiken-pmYoy3WaFPU-unsplash.jpg	turbo	420	75	model_off	37.668	77.547	0.9153	ImageMagick	75.0
renders	itsiken-pmYoy3WaFPU-unsplash.jpg	turbo	420	75	model_auto	37.506	76.275	0.9463	ImageMagick	75.0
renders	itsiken-pmYoy3WaFPU-unsplash.jpg	turbo	420	75	model_policy	37.709	77.605	0.9098	ImageMagick	75.0
renders	itsiken-pmYoy3WaFPU-unsplash.jpg	turbo	420	75	model_proj	37.710	77.628	0.9097	ImageMagick	75.0
renders	itsiken-pmYoy3WaFPU-unsplash.jpg	turbo	420	90	identity_off	39.873	85.490	0.6603	ImageMagick	90.0
renders	itsiken-pmYoy3WaFPU-unsplash.jpg	turbo	420	90	identity_auto	39.899	85.353	0.6674	ImageMagick	90.0
renders	itsiken-pmYoy3WaFPU-unsplash.jpg	turbo	420	90	model_off	40.327	85.859	0.6379	ImageMagick	90.0
renders	itsiken-pmYoy3WaFPU-unsplash.jpg	turbo	420	90	model_auto	40.257	85.626	0.6538	ImageMagick	90.0
renders	itsiken-pmYoy3WaFPU-unsplash.jpg	turbo	420	90	model_policy	40.320	85.813	0.6377	ImageMagick	90.0
renders	itsiken-pmYoy3WaFPU-unsplash.jpg	turbo	420	90	model_proj	40.326	85.756	0.6381	ImageMagick	90.0
renders	itsiken-pmYoy3WaFPU-unsplash.jpg	turbo	444	15	identity_off	30.892	21.738	2.5191	Unknown	15.0
renders	itsiken-pmYoy3WaFPU-unsplash.jpg	turbo	444	15	identity_auto	31.498	28.500	2.3909	Unknown	15.0
renders	itsiken-pmYoy3WaFPU-unsplash.jpg	turbo	444	15	model_off	32.220	29.540	2.3392	Unknown	15.0
renders	itsiken-pmYoy3WaFPU-unsplash.jpg	turbo	444	15	model_auto	32.216	30.111	2.3429	Unknown	15.0
renders	itsiken-pmYoy3WaFPU-unsplash.jpg	turbo	444	15	model_policy	32.361	34.541	2.3228	Unknown	15.0
renders	itsiken-pmYoy3WaFPU-unsplash.jpg	turbo	444	15	model_proj	32.362	34.540	2.3227	Unknown	15.0
renders	itsiken-pmYoy3WaFPU-unsplash.jpg	turbo	444	35	identity_off	34.243	59.652	1.5225	ImageMagick	35.0
renders	itsiken-pmYoy3WaFPU-unsplash.jpg	turbo	444	35	identity_auto	34.590	60.764	1.4813	ImageMagick	35.0
renders	itsiken-pmYoy3WaFPU-unsplash.jpg	turbo	444	35	model_off	35.319	63.112	1.4224	ImageMagick	35.0
renders	itsiken-pmYoy3WaFPU-unsplash.jpg	turbo	444	35	model_auto	35.150	62.142	1.4501	ImageMagick	35.0
renders	itsiken-pmYoy3WaFPU-unsplash.jpg	turbo	444	35	model_policy	35.305	63.242	1.4179	ImageMagick	35.0
renders	itsiken-pmYoy3WaFPU-unsplash.jpg	turbo	444	35	model_proj	35.306	63.244	1.4178	ImageMagick	35.0
renders	itsiken-pmYoy3WaFPU-unsplash.jpg	turbo	444	55	identity_off	35.816	71.018	1.2221	ImageMagick	55.0
renders	itsiken-pmYoy3WaFPU-unsplash.jpg	turbo	444	55	identity_auto	36.050	70.320	1.2128	ImageMagick	55.0
renders	itsiken-pmYoy3WaFPU-unsplash.jpg	turbo	444	55	model_off	36.681	72.291	1.1509	ImageMagick	55.0
renders	itsiken-pmYoy3WaFPU-unsplash.jpg	turbo	444	55	model_auto	36.454	70.773	1.1919	ImageMagick	55.0
renders	itsiken-pmYoy3WaFPU-unsplash.jpg	turbo	444	55	model_policy	36.670	72.290	1.1480	ImageMagick	55.0
renders	itsiken-pmYoy3WaFPU-unsplash.jpg	turbo	444	55	model_proj	36.672	72.305	1.1480	ImageMagick	55.0
renders	itsiken-pmYoy3WaFPU-unsplash.jpg	turbo	444	75	identity_off	37.654	79.145	0.9515	ImageMagick	75.0
renders	itsiken-pmYoy3WaFPU-unsplash.jpg	turbo	444	75	identity_auto	37.846	78.264	0.9498	ImageMagick	75.0
renders	itsiken-pmYoy3WaFPU-unsplash.jpg	turbo	444	75	model_off	38.317	79.182	0.9099	ImageMagick	75.0
renders	itsiken-pmYoy3WaFPU-unsplash.jpg	turbo	444	75	model_auto	38.113	77.738	0.9383	ImageMagick	75.0
renders	itsiken-pmYoy3WaFPU-unsplash.jpg	turbo	444	75	model_policy	38.315	79.118	0.9052	ImageMagick	75.0
renders	itsiken-pmYoy3WaFPU-unsplash.jpg	turbo	444	75	model_proj	38.324	79.232	0.9050	ImageMagick	75.0
renders	itsiken-pmYoy3WaFPU-unsplash.jpg	turbo	444	90	identity_off	40.704	87.342	0.6539	ImageMagick	90.0
renders	itsiken-pmYoy3WaFPU-unsplash.jpg	turbo	444	90	identity_auto	40.752	87.186	0.6601	ImageMagick	90.0
renders	itsiken-pmYoy3WaFPU-unsplash.jpg	turbo	444	90	model_off	41.158	87.133	0.6326	ImageMagick	90.0
renders	itsiken-pmYoy3WaFPU-unsplash.jpg	turbo	444	90	model_auto	41.041	86.667	0.6475	ImageMagick	90.0
renders	itsiken-pmYoy3WaFPU-unsplash.jpg	turbo	444	90	model_policy	41.135	87.117	0.6329	ImageMagick	90.0
renders	itsiken-pmYoy3WaFPU-unsplash.jpg	turbo	444	90	model_proj	41.141	87.217	0.6321	ImageMagick	90.0
renders	itsiken-pmYoy3WaFPU-unsplash.jpg	mozjpeg	420	15	identity_off	29.653	10.391	3.1067	Mozjpeg	15.0
renders	itsiken-pmYoy3WaFPU-unsplash.jpg	mozjpeg	420	15	identity_auto	30.214	12.889	2.9770	Mozjpeg	15.0
renders	itsiken-pmYoy3WaFPU-unsplash.jpg	mozjpeg	420	15	model_off	30.725	16.831	2.9042	Mozjpeg	15.0
renders	itsiken-pmYoy3WaFPU-unsplash.jpg	mozjpeg	420	15	model_auto	30.747	15.813	2.8994	Mozjpeg	15.0
renders	itsiken-pmYoy3WaFPU-unsplash.jpg	mozjpeg	420	15	model_policy	30.844	19.948	2.9021	Mozjpeg	15.0
renders	itsiken-pmYoy3WaFPU-unsplash.jpg	mozjpeg	420	15	model_proj	30.844	19.942	2.9021	Mozjpeg	15.0
renders	itsiken-pmYoy3WaFPU-unsplash.jpg	mozjpeg	420	35	identity_off	32.836	49.976	1.8175	Mozjpeg	35.0
renders	itsiken-pmYoy3WaFPU-unsplash.jpg	mozjpeg	420	35	identity_auto	33.200	50.461	1.7457	Mozjpeg	35.0
renders	itsiken-pmYoy3WaFPU-unsplash.jpg	mozjpeg	420	35	model_off	33.878	54.123	1.6884	Mozjpeg	35.0
renders	itsiken-pmYoy3WaFPU-unsplash.jpg	mozjpeg	420	35	model_auto	33.818	53.092	1.7015	Mozjpeg	35.0
renders	itsiken-pmYoy3WaFPU-unsplash.jpg	mozjpeg	420	35	model_policy	33.898	54.193	1.6887	Mozjpeg	35.0
renders	itsiken-pmYoy3WaFPU-unsplash.jpg	mozjpeg	420	35	model_proj	33.898	54.193	1.6887	Mozjpeg	35.0
renders	itsiken-pmYoy3WaFPU-unsplash.jpg	mozjpeg	420	55	identity_off	34.463	63.900	1.4198	Mozjpeg	55.0
renders	itsiken-pmYoy3WaFPU-unsplash.jpg	mozjpeg	420	55	identity_auto	34.669	63.047	1.4005	Mozjpeg	55.0
renders	itsiken-pmYoy3WaFPU-unsplash.jpg	mozjpeg	420	55	model_off	35.309	65.482	1.3508	Mozjpeg	55.0
renders	itsiken-pmYoy3WaFPU-unsplash.jpg	mozjpeg	420	55	model_auto	35.219	64.452	1.3749	Mozjpeg	55.0
renders	itsiken-pmYoy3WaFPU-unsplash.jpg	mozjpeg	420	55	model_policy	35.312	65.496	1.3526	Mozjpeg	55.0
renders	itsiken-pmYoy3WaFPU-unsplash.jpg	mozjpeg	420	55	model_proj	35.312	65.500	1.3526	Mozjpeg	55.0
renders	itsiken-pmYoy3WaFPU-unsplash.jpg	mozjpeg	420	75	identity_off	36.382	74.561	1.0891	Mozjpeg	75.0
renders	itsiken-pmYoy3WaFPU-unsplash.jpg	mozjpeg	420	75	identity_auto	36.497	73.602	1.0867	Mozjpeg	75.0
renders	itsiken-pmYoy3WaFPU-unsplash.jpg	mozjpeg	420	75	model_off	36.938	74.858	1.0583	Mozjpeg	75.0
renders	itsiken-pmYoy3WaFPU-unsplash.jpg	mozjpeg	420	75	model_auto	36.845	73.866	1.0805	Mozjpeg	75.0
renders	itsiken-pmYoy3WaFPU-unsplash.jpg	mozjpeg	420	75	model_policy	36.942	74.940	1.0571	Mozjpeg	75.0
renders	itsiken-pmYoy3WaFPU-unsplash.jpg	mozjpeg	420	75	model_proj	36.942	74.941	1.0571	Mozjpeg	75.0
renders	itsiken-pmYoy3WaFPU-unsplash.jpg	mozjpeg	420	90	identity_off	39.639	84.757	0.7160	Mozjpeg	90.0
renders	itsiken-pmYoy3WaFPU-unsplash.jpg	mozjpeg	420	90	identity_auto	39.650	84.498	0.7277	Mozjpeg	90.0
renders	itsiken-pmYoy3WaFPU-unsplash.jpg	mozjpeg	420	90	model_off	39.914	84.574	0.7063	Mozjpeg	90.0
renders	itsiken-pmYoy3WaFPU-unsplash.jpg	mozjpeg	420	90	model_auto	39.814	84.084	0.7214	Mozjpeg	90.0
renders	itsiken-pmYoy3WaFPU-unsplash.jpg	mozjpeg	420	90	model_policy	39.939	84.507	0.7045	Mozjpeg	90.0
renders	itsiken-pmYoy3WaFPU-unsplash.jpg	mozjpeg	420	90	model_proj	39.943	84.498	0.7048	Mozjpeg	90.0
renders	itsiken-pmYoy3WaFPU-unsplash.jpg	mozjpeg	444	15	identity_off	29.877	13.894	3.0823	Mozjpeg	15.0
renders	itsiken-pmYoy3WaFPU-unsplash.jpg	mozjpeg	444	15	identity_auto	30.570	17.265	2.9468	Mozjpeg	15.0
renders	itsiken-pmYoy3WaFPU-unsplash.jpg	mozjpeg	444	15	model_off	31.087	19.498	2.8732	Mozjpeg	15.0
renders	itsiken-pmYoy3WaFPU-unsplash.jpg	mozjpeg	444	15	model_auto	31.143	18.770	2.8676	Mozjpeg	15.0
renders	itsiken-pmYoy3WaFPU-unsplash.jpg	mozjpeg	444	15	model_policy	31.213	22.647	2.8662	Mozjpeg	15.0
renders	itsiken-pmYoy3WaFPU-unsplash.jpg	mozjpeg	444	15	model_proj	31.213	22.651	2.8662	Mozjpeg	15.0
renders	itsiken-pmYoy3WaFPU-unsplash.jpg	mozjpeg	444	35	identity_off	33.262	53.384	1.8116	Mozjpeg	35.0
renders	itsiken-pmYoy3WaFPU-unsplash.jpg	mozjpeg	444	35	identity_auto	33.760	54.366	1.7321	Mozjpeg	35.0
renders	itsiken-pmYoy3WaFPU-unsplash.jpg	mozjpeg	444	35	model_off	34.338	56.775	1.6811	Mozjpeg	35.0
renders	itsiken-pmYoy3WaFPU-unsplash.jpg	mozjpeg	444	35	model_auto	34.298	55.915	1.6915	Mozjpeg	35.0
renders	itsiken-pmYoy3WaFPU-unsplash.jpg	mozjpeg	444	35	model_policy	34.327	56.755	1.6759	Mozjpeg	35.0
renders	itsiken-pmYoy3WaFPU-unsplash.jpg	mozjpeg	444	35	model_proj	34.327	56.769	1.6758	Mozjpeg	35.0
renders	itsiken-pmYoy3WaFPU-unsplash.jpg	mozjpeg	444	55	identity_off	34.915	66.421	1.4138	Mozjpeg	55.0
renders	itsiken-pmYoy3WaFPU-unsplash.jpg	mozjpeg	444	55	identity_auto	35.213	65.805	1.3897	Mozjpeg	55.0
renders	itsiken-pmYoy3WaFPU-unsplash.jpg	mozjpeg	444	55	model_off	35.685	67.036	1.3450	Mozjpeg	55.0
renders	itsiken-pmYoy3WaFPU-unsplash.jpg	mozjpeg	444	55	model_auto	35.588	66.041	1.3663	Mozjpeg	55.0
renders	itsiken-pmYoy3WaFPU-unsplash.jpg	mozjpeg	444	55	model_policy	35.650	66.931	1.3464	Mozjpeg	55.0
renders	itsiken-pmYoy3WaFPU-unsplash.jpg	mozjpeg	444	55	model_proj	35.652	66.956	1.3464	Mozjpeg	55.0
renders	itsiken-pmYoy3WaFPU-unsplash.jpg	mozjpeg	444	75	identity_off	36.834	76.298	1.0861	Mozjpeg	75.0
renders	itsiken-pmYoy3WaFPU-unsplash.jpg	mozjpeg	444	75	identity_auto	37.010	75.462	1.0806	Mozjpeg	75.0
renders	itsiken-pmYoy3WaFPU-unsplash.jpg	mozjpeg	444	75	model_off	37.262	75.690	1.0571	Mozjpeg	75.0
renders	itsiken-pmYoy3WaFPU-unsplash.jpg	mozjpeg	444	75	model_auto	37.145	74.552	1.0768	Mozjpeg	75.0
renders	itsiken-pmYoy3WaFPU-unsplash.jpg	mozjpeg	444	75	model_policy	37.230	75.640	1.0567	Mozjpeg	75.0
renders	itsiken-pmYoy3WaFPU-unsplash.jpg	mozjpeg	444	75	model_proj	37.238	75.773	1.0567	Mozjpeg	75.0
renders	itsiken-pmYoy3WaFPU-unsplash.jpg	mozjpeg	444	90	identity_off	40.146	86.023	0.7108	Mozjpeg	90.0
renders	itsiken-pmYoy3WaFPU-unsplash.jpg	mozjpeg	444	90	identity_auto	40.169	85.782	0.7219	Mozjpeg	90.0
renders	itsiken-pmYoy3WaFPU-unsplash.jpg	mozjpeg	444	90	model_off	40.335	85.166	0.7018	Mozjpeg	90.0
renders	itsiken-pmYoy3WaFPU-unsplash.jpg	mozjpeg	444	90	model_auto	40.185	84.434	0.7171	Mozjpeg	90.0
renders	itsiken-pmYoy3WaFPU-unsplash.jpg	mozjpeg	444	90	model_policy	40.338	85.033	0.6994	Mozjpeg	90.0
renders	itsiken-pmYoy3WaFPU-unsplash.jpg	mozjpeg	444	90	model_proj	40.355	85.276	0.6995	Mozjpeg	90.0
renders	itsiken-pmYoy3WaFPU-unsplash.jpg	jpegli	420	15	identity_off	31.364	40.270	2.2868	CjpegliYcbcr	14.2
renders	itsiken-pmYoy3WaFPU-unsplash.jpg	jpegli	420	15	identity_auto	31.837	39.236	2.2047	CjpegliYcbcr	14.2
renders	itsiken-pmYoy3WaFPU-unsplash.jpg	jpegli	420	15	model_off	32.459	44.885	2.1197	CjpegliYcbcr	14.2
renders	itsiken-pmYoy3WaFPU-unsplash.jpg	jpegli	420	15	model_auto	32.412	42.946	2.1422	CjpegliYcbcr	14.2
renders	itsiken-pmYoy3WaFPU-unsplash.jpg	jpegli	420	15	model_policy	32.499	44.665	2.1236	CjpegliYcbcr	14.2
renders	itsiken-pmYoy3WaFPU-unsplash.jpg	jpegli	420	15	model_proj	32.499	44.665	2.1236	CjpegliYcbcr	14.2
renders	itsiken-pmYoy3WaFPU-unsplash.jpg	jpegli	420	35	identity_off	33.141	58.695	1.7040	CjpegliYcbcr	7.2
renders	itsiken-pmYoy3WaFPU-unsplash.jpg	jpegli	420	35	identity_auto	33.483	57.199	1.6503	CjpegliYcbcr	7.2
renders	itsiken-pmYoy3WaFPU-unsplash.jpg	jpegli	420	35	model_off	34.130	60.677	1.6001	CjpegliYcbcr	7.2
renders	itsiken-pmYoy3WaFPU-unsplash.jpg	jpegli	420	35	model_auto	34.095	59.570	1.6137	CjpegliYcbcr	7.2
renders	itsiken-pmYoy3WaFPU-unsplash.jpg	jpegli	420	35	model_policy	34.148	60.543	1.6003	CjpegliYcbcr	7.2
renders	itsiken-pmYoy3WaFPU-unsplash.jpg	jpegli	420	35	model_proj	34.148	60.547	1.6003	CjpegliYcbcr	7.2
renders	itsiken-pmYoy3WaFPU-unsplash.jpg	jpegli	420	55	identity_off	34.005	64.183	1.4834	CjpegliYcbcr	5.2
renders	itsiken-pmYoy3WaFPU-unsplash.jpg	jpegli	420	55	identity_auto	34.250	63.051	1.4525	CjpegliYcbcr	5.2
renders	itsiken-pmYoy3WaFPU-unsplash.jpg	jpegli	420	55	model_off	34.875	65.585	1.4076	CjpegliYcbcr	5.2
renders	itsiken-pmYoy3WaFPU-unsplash.jpg	jpegli	420	55	model_auto	34.849	64.850	1.4259	CjpegliYcbcr	5.2
renders	itsiken-pmYoy3WaFPU-unsplash.jpg	jpegli	420	55	model_policy	34.879	65.445	1.4077	CjpegliYcbcr	5.2
renders	itsiken-pmYoy3WaFPU-unsplash.jpg	jpegli	420	55	model_proj	34.879	65.445	1.4077	CjpegliYcbcr	5.2
renders	itsiken-pmYoy3WaFPU-unsplash.jpg	jpegli	420	75	identity_off	35.502	71.396	1.2016	CjpegliYcbcr	3.0
renders	itsiken-pmYoy3WaFPU-unsplash.jpg	jpegli	420	75	identity_auto	35.632	70.645	1.1987	CjpegliYcbcr	3.0
renders	itsiken-pmYoy3WaFPU-unsplash.jpg	jpegli	420	75	model_off	36.120	72.004	1.1763	CjpegliYcbcr	3.0
renders	itsiken-pmYoy3WaFPU-unsplash.jpg	jpegli	420	75	model_auto	36.113	71.618	1.1913	CjpegliYcbcr	3.0
renders	itsiken-pmYoy3WaFPU-unsplash.jpg	jpegli	420	75	model_policy	36.120	71.911	1.1777	CjpegliYcbcr	3.0
renders	itsiken-pmYoy3WaFPU-unsplash.jpg	jpegli	420	75	model_proj	36.123	71.943	1.1775	CjpegliYcbcr	3.0
renders	itsiken-pmYoy3WaFPU-unsplash.jpg	jpegli	420	90	identity_off	38.723	82.107	0.7569	CjpegliYcbcr	1.3
renders	itsiken-pmYoy3WaFPU-unsplash.jpg	jpegli	420	90	identity_auto	38.739	81.879	0.7675	CjpegliYcbcr	1.3
renders	itsiken-pmYoy3WaFPU-unsplash.jpg	jpegli	420	90	model_off	39.015	82.375	0.7525	CjpegliYcbcr	1.3
renders	itsiken-pmYoy3WaFPU-unsplash.jpg	jpegli	420	90	model_auto	39.007	82.238	0.7655	CjpegliYcbcr	1.3
renders	itsiken-pmYoy3WaFPU-unsplash.jpg	jpegli	420	90	model_policy	39.026	82.218	0.7523	CjpegliYcbcr	1.3
renders	itsiken-pmYoy3WaFPU-unsplash.jpg	jpegli	420	90	model_proj	39.019	82.401	0.7544	CjpegliYcbcr	1.3
renders	itsiken-pmYoy3WaFPU-unsplash.jpg	jpegli	444	15	identity_off	31.479	45.293	2.0633	CjpegliYcbcr	11.8
renders	itsiken-pmYoy3WaFPU-unsplash.jpg	jpegli	444	15	identity_auto	32.044	45.470	1.9908	CjpegliYcbcr	11.8
renders	itsiken-pmYoy3WaFPU-unsplash.jpg	jpegli	444	15	model_off	32.860	50.732	1.9106	CjpegliYcbcr	11.8
renders	itsiken-pmYoy3WaFPU-unsplash.jpg	jpegli	444	15	model_auto	32.826	49.246	1.9288	CjpegliYcbcr	11.8
renders	itsiken-pmYoy3WaFPU-unsplash.jpg	jpegli	444	15	model_policy	32.931	50.468	1.9118	CjpegliYcbcr	11.8
renders	itsiken-pmYoy3WaFPU-unsplash.jpg	jpegli	444	15	model_proj	32.931	50.470	1.9113	CjpegliYcbcr	11.8
renders	itsiken-pmYoy3WaFPU-unsplash.jpg	jpegli	444	35	identity_off	33.490	61.227	1.5527	CjpegliYcbcr	6.0
renders	itsiken-pmYoy3WaFPU-unsplash.jpg	jpegli	444	35	identity_auto	33.845	59.989	1.5123	CjpegliYcbcr	6.0
renders	itsiken-pmYoy3WaFPU-unsplash.jpg	jpegli	444	35	model_off	34.535	63.488	1.4607	CjpegliYcbcr	6.0
renders	itsiken-pmYoy3WaFPU-unsplash.jpg	jpegli	444	35	model_auto	34.499	62.393	1.4834	CjpegliYcbcr	6.0
renders	itsiken-pmYoy3WaFPU-unsplash.jpg	jpegli	444	35	model_policy	34.550	63.386	1.4614	CjpegliYcbcr	6.0
renders	itsiken-pmYoy3WaFPU-unsplash.jpg	jpegli	444	35	model_proj	34.550	63.391	1.4614	CjpegliYcbcr	6.0
renders	itsiken-pmYoy3WaFPU-unsplash.jpg	jpegli	444	55	identity_off	34.417	67.066	1.3661	CjpegliYcbcr	4.1
renders	itsiken-pmYoy3WaFPU-unsplash.jpg	jpegli	444	55	identity_auto	34.700	66.055	1.3489	CjpegliYcbcr	4.1
renders	itsiken-pmYoy3WaFPU-unsplash.jpg	jpegli	444	55	model_off	35.346	68.369	1.3122	CjpegliYcbcr	4.1
renders	itsiken-pmYoy3WaFPU-unsplash.jpg	jpegli	444	55	model_auto	35.317	67.529	1.3326	CjpegliYcbcr	4.1
renders	itsiken-pmYoy3WaFPU-unsplash.jpg	jpegli	444	55	model_policy	35.353	68.242	1.3141	CjpegliYcbcr	4.1
renders	itsiken-pmYoy3WaFPU-unsplash.jpg	jpegli	444	55	model_proj	35.353	68.242	1.3141	CjpegliYcbcr	4.1
renders	itsiken-pmYoy3WaFPU-unsplash.jpg	jpegli	444	75	identity_off	35.946	74.299	1.0937	CjpegliYcbcr	2.3
renders	itsiken-pmYoy3WaFPU-unsplash.jpg	jpegli	444	75	identity_auto	36.131	73.598	1.0978	CjpegliYcbcr	2.3
renders	itsiken-pmYoy3WaFPU-unsplash.jpg	jpegli	444	75	model_off	36.633	74.519	1.0757	CjpegliYcbcr	2.3
renders	itsiken-pmYoy3WaFPU-unsplash.jpg	jpegli	444	75	model_auto	36.631	73.954	1.0927	CjpegliYcbcr	2.3
renders	itsiken-pmYoy3WaFPU-unsplash.jpg	jpegli	444	75	model_policy	36.648	74.603	1.0771	CjpegliYcbcr	2.3
renders	itsiken-pmYoy3WaFPU-unsplash.jpg	jpegli	444	75	model_proj	36.648	74.620	1.0771	CjpegliYcbcr	2.3
renders	itsiken-pmYoy3WaFPU-unsplash.jpg	jpegli	444	90	identity_off	39.379	84.225	0.6693	CjpegliYcbcr	1.1
renders	itsiken-pmYoy3WaFPU-unsplash.jpg	jpegli	444	90	identity_auto	39.437	84.080	0.6788	CjpegliYcbcr	1.1
renders	itsiken-pmYoy3WaFPU-unsplash.jpg	jpegli	444	90	model_off	39.817	84.472	0.6634	CjpegliYcbcr	1.1
renders	itsiken-pmYoy3WaFPU-unsplash.jpg	jpegli	444	90	model_auto	39.811	84.235	0.6755	CjpegliYcbcr	1.1
renders	itsiken-pmYoy3WaFPU-unsplash.jpg	jpegli	444	90	model_policy	39.827	84.365	0.6629	CjpegliYcbcr	1.1
renders	itsiken-pmYoy3WaFPU-unsplash.jpg	jpegli	444	90	model_proj	39.846	84.516	0.6628	CjpegliYcbcr	1.1
renders	itsiken-pmYoy3WaFPU-unsplash.jpg	zenjpeg	420	15	identity_off	31.353	39.905	2.2887	CjpegliYcbcr	14.2
renders	itsiken-pmYoy3WaFPU-unsplash.jpg	zenjpeg	420	15	identity_auto	31.829	39.041	2.2039	CjpegliYcbcr	14.2
renders	itsiken-pmYoy3WaFPU-unsplash.jpg	zenjpeg	420	15	model_off	32.448	44.740	2.1222	CjpegliYcbcr	14.2
renders	itsiken-pmYoy3WaFPU-unsplash.jpg	zenjpeg	420	15	model_auto	32.404	42.792	2.1417	CjpegliYcbcr	14.2
renders	itsiken-pmYoy3WaFPU-unsplash.jpg	zenjpeg	420	15	model_policy	32.491	44.612	2.1242	CjpegliYcbcr	14.2
renders	itsiken-pmYoy3WaFPU-unsplash.jpg	zenjpeg	420	15	model_proj	32.491	44.608	2.1242	CjpegliYcbcr	14.2
renders	itsiken-pmYoy3WaFPU-unsplash.jpg	zenjpeg	420	35	identity_off	33.134	58.794	1.7054	CjpegliYcbcr	7.2
renders	itsiken-pmYoy3WaFPU-unsplash.jpg	zenjpeg	420	35	identity_auto	33.476	57.270	1.6523	CjpegliYcbcr	7.2
renders	itsiken-pmYoy3WaFPU-unsplash.jpg	zenjpeg	420	35	model_off	34.121	60.758	1.6012	CjpegliYcbcr	7.2
renders	itsiken-pmYoy3WaFPU-unsplash.jpg	zenjpeg	420	35	model_auto	34.086	59.600	1.6150	CjpegliYcbcr	7.2
renders	itsiken-pmYoy3WaFPU-unsplash.jpg	zenjpeg	420	35	model_policy	34.138	60.582	1.6013	CjpegliYcbcr	7.2
renders	itsiken-pmYoy3WaFPU-unsplash.jpg	zenjpeg	420	35	model_proj	34.139	60.575	1.6013	CjpegliYcbcr	7.2
renders	itsiken-pmYoy3WaFPU-unsplash.jpg	zenjpeg	420	55	identity_off	33.991	64.067	1.4864	CjpegliYcbcr	5.2
renders	itsiken-pmYoy3WaFPU-unsplash.jpg	zenjpeg	420	55	identity_auto	34.236	62.973	1.4555	CjpegliYcbcr	5.2
renders	itsiken-pmYoy3WaFPU-unsplash.jpg	zenjpeg	420	55	model_off	34.863	65.497	1.4111	CjpegliYcbcr	5.2
renders	itsiken-pmYoy3WaFPU-unsplash.jpg	zenjpeg	420	55	model_auto	34.836	64.727	1.4294	CjpegliYcbcr	5.2
renders	itsiken-pmYoy3WaFPU-unsplash.jpg	zenjpeg	420	55	model_policy	34.867	65.370	1.4108	CjpegliYcbcr	5.2
renders	itsiken-pmYoy3WaFPU-unsplash.jpg	zenjpeg	420	55	model_proj	34.867	65.365	1.4108	CjpegliYcbcr	5.2
renders	itsiken-pmYoy3WaFPU-unsplash.jpg	zenjpeg	420	75	identity_off	35.489	71.375	1.2039	CjpegliYcbcr	3.0
renders	itsiken-pmYoy3WaFPU-unsplash.jpg	zenjpeg	420	75	identity_auto	35.619	70.600	1.2014	CjpegliYcbcr	3.0
renders	itsiken-pmYoy3WaFPU-unsplash.jpg	zenjpeg	420	75	model_off	36.111	71.931	1.1787	CjpegliYcbcr	3.0
renders	itsiken-pmYoy3WaFPU-unsplash.jpg	zenjpeg	420	75	model_auto	36.101	71.554	1.1943	CjpegliYcbcr	3.0
renders	itsiken-pmYoy3WaFPU-unsplash.jpg	zenjpeg	420	75	model_policy	36.110	71.892	1.1798	CjpegliYcbcr	3.0
renders	itsiken-pmYoy3WaFPU-unsplash.jpg	zenjpeg	420	75	model_proj	36.114	71.928	1.1797	CjpegliYcbcr	3.0
renders	itsiken-pmYoy3WaFPU-unsplash.jpg	zenjpeg	420	90	identity_off	38.702	81.987	0.7593	CjpegliYcbcr	1.3
renders	itsiken-pmYoy3WaFPU-unsplash.jpg	zenjpeg	420	90	identity_auto	38.719	81.791	0.7702	CjpegliYcbcr	1.3
renders	itsiken-pmYoy3WaFPU-unsplash.jpg	zenjpeg	420	90	model_off	38.997	82.216	0.7550	CjpegliYcbcr	1.3
renders	itsiken-pmYoy3WaFPU-unsplash.jpg	zenjpeg	420	90	model_auto	38.990	82.117	0.7676	CjpegliYcbcr	1.3
renders	itsiken-pmYoy3WaFPU-unsplash.jpg	zenjpeg	420	90	model_policy	39.010	82.079	0.7546	CjpegliYcbcr	1.3
renders	itsiken-pmYoy3WaFPU-unsplash.jpg	zenjpeg	420	90	model_proj	39.001	82.307	0.7567	CjpegliYcbcr	1.3
renders	itsiken-pmYoy3WaFPU-unsplash.jpg	zenjpeg	444	15	identity_off	31.477	45.399	2.0667	CjpegliYcbcr	11.8
renders	itsiken-pmYoy3WaFPU-unsplash.jpg	zenjpeg	444	15	identity_auto	32.040	45.546	1.9930	CjpegliYcbcr	11.8
renders	itsiken-pmYoy3WaFPU-unsplash.jpg	zenjpeg	444	15	model_off	32.856	50.712	1.9109	CjpegliYcbcr	11.8
renders	itsiken-pmYoy3WaFPU-unsplash.jpg	zenjpeg	444	15	model_auto	32.818	49.205	1.9302	CjpegliYcbcr	11.8
renders	itsiken-pmYoy3WaFPU-unsplash.jpg	zenjpeg	444	15	model_policy	32.927	50.478	1.9104	CjpegliYcbcr	11.8
renders	itsiken-pmYoy3WaFPU-unsplash.jpg	zenjpeg	444	15	model_proj	32.927	50.474	1.9104	CjpegliYcbcr	11.8
renders	itsiken-pmYoy3WaFPU-unsplash.jpg	zenjpeg	444	35	identity_off	33.483	61.119	1.5529	CjpegliYcbcr	6.0
renders	itsiken-pmYoy3WaFPU-unsplash.jpg	zenjpeg	444	35	identity_auto	33.845	59.931	1.5112	CjpegliYcbcr	6.0
renders	itsiken-pmYoy3WaFPU-unsplash.jpg	zenjpeg	444	35	model_off	34.548	63.380	1.4584	CjpegliYcbcr	6.0
renders	itsiken-pmYoy3WaFPU-unsplash.jpg	zenjpeg	444	35	model_auto	34.515	62.299	1.4809	CjpegliYcbcr	6.0
renders	itsiken-pmYoy3WaFPU-unsplash.jpg	zenjpeg	444	35	model_policy	34.565	63.305	1.4595	CjpegliYcbcr	6.0
renders	itsiken-pmYoy3WaFPU-unsplash.jpg	zenjpeg	444	35	model_proj	34.565	63.308	1.4595	CjpegliYcbcr	6.0
renders	itsiken-pmYoy3WaFPU-unsplash.jpg	zenjpeg	444	55	identity_off	34.408	67.018	1.3687	CjpegliYcbcr	4.1
renders	itsiken-pmYoy3WaFPU-unsplash.jpg	zenjpeg	444	55	identity_auto	34.690	66.008	1.3517	CjpegliYcbcr	4.1
renders	itsiken-pmYoy3WaFPU-unsplash.jpg	zenjpeg	444	55	model_off	35.339	68.351	1.3143	CjpegliYcbcr	4.1
renders	itsiken-pmYoy3WaFPU-unsplash.jpg	zenjpeg	444	55	model_auto	35.309	67.469	1.3351	CjpegliYcbcr	4.1
renders	itsiken-pmYoy3WaFPU-unsplash.jpg	zenjpeg	444	55	model_policy	35.346	68.226	1.3165	CjpegliYcbcr	4.1
renders	itsiken-pmYoy3WaFPU-unsplash.jpg	zenjpeg	444	55	model_proj	35.346	68.231	1.3165	CjpegliYcbcr	4.1
renders	itsiken-pmYoy3WaFPU-unsplash.jpg	zenjpeg	444	75	identity_off	35.927	74.288	1.0973	CjpegliYcbcr	2.3
renders	itsiken-pmYoy3WaFPU-unsplash.jpg	zenjpeg	444	75	identity_auto	36.114	73.559	1.1015	CjpegliYcbcr	2.3
renders	itsiken-pmYoy3WaFPU-unsplash.jpg	zenjpeg	444	75	model_off	36.616	74.448	1.0793	CjpegliYcbcr	2.3
renders	itsiken-pmYoy3WaFPU-unsplash.jpg	zenjpeg	444	75	model_auto	36.616	73.885	1.0966	CjpegliYcbcr	2.3
renders	itsiken-pmYoy3WaFPU-unsplash.jpg	zenjpeg	444	75	model_policy	36.635	74.523	1.0808	CjpegliYcbcr	2.3
renders	itsiken-pmYoy3WaFPU-unsplash.jpg	zenjpeg	444	75	model_proj	36.635	74.528	1.0808	CjpegliYcbcr	2.3
renders	itsiken-pmYoy3WaFPU-unsplash.jpg	zenjpeg	444	90	identity_off	39.366	84.297	0.6707	CjpegliYcbcr	1.1
renders	itsiken-pmYoy3WaFPU-unsplash.jpg	zenjpeg	444	90	identity_auto	39.420	84.082	0.6806	CjpegliYcbcr	1.1
renders	itsiken-pmYoy3WaFPU-unsplash.jpg	zenjpeg	444	90	model_off	39.802	84.492	0.6651	CjpegliYcbcr	1.1
renders	itsiken-pmYoy3WaFPU-unsplash.jpg	zenjpeg	444	90	model_auto	39.795	84.266	0.6775	CjpegliYcbcr	1.1
renders	itsiken-pmYoy3WaFPU-unsplash.jpg	zenjpeg	444	90	model_policy	39.813	84.366	0.6644	CjpegliYcbcr	1.1
renders	itsiken-pmYoy3WaFPU-unsplash.jpg	zenjpeg	444	90	model_proj	39.830	84.515	0.6644	CjpegliYcbcr	1.1
textures	anca-gabriela-zosin-bMOnYbmQxHA-unsplash.jpg	turbo	420	15	identity_off	32.342	9.568	4.1645	Unknown	15.0
textures	anca-gabriela-zosin-bMOnYbmQxHA-unsplash.jpg	turbo	420	15	identity_auto	32.535	20.866	4.0660	Unknown	15.0
textures	anca-gabriela-zosin-bMOnYbmQxHA-unsplash.jpg	turbo	420	15	model_off	33.786	36.867	3.8355	Unknown	15.0
textures	anca-gabriela-zosin-bMOnYbmQxHA-unsplash.jpg	turbo	420	15	model_auto	33.803	34.870	3.8887	Unknown	15.0
textures	anca-gabriela-zosin-bMOnYbmQxHA-unsplash.jpg	turbo	420	15	model_policy	33.971	36.115	3.5446	Unknown	15.0
textures	anca-gabriela-zosin-bMOnYbmQxHA-unsplash.jpg	turbo	420	15	model_proj	33.972	36.138	3.5445	Unknown	15.0
textures	anca-gabriela-zosin-bMOnYbmQxHA-unsplash.jpg	turbo	420	35	identity_off	36.696	56.933	2.1750	ImageMagick	35.0
textures	anca-gabriela-zosin-bMOnYbmQxHA-unsplash.jpg	turbo	420	35	identity_auto	36.866	60.533	2.1292	ImageMagick	35.0
textures	anca-gabriela-zosin-bMOnYbmQxHA-unsplash.jpg	turbo	420	35	model_off	37.633	63.594	1.7675	ImageMagick	35.0
textures	anca-gabriela-zosin-bMOnYbmQxHA-unsplash.jpg	turbo	420	35	model_auto	37.592	63.256	1.7834	ImageMagick	35.0
textures	anca-gabriela-zosin-bMOnYbmQxHA-unsplash.jpg	turbo	420	35	model_policy	37.721	63.924	1.7614	ImageMagick	35.0
textures	anca-gabriela-zosin-bMOnYbmQxHA-unsplash.jpg	turbo	420	35	model_proj	37.721	63.915	1.7612	ImageMagick	35.0
textures	anca-gabriela-zosin-bMOnYbmQxHA-unsplash.jpg	turbo	420	55	identity_off	37.890	68.781	1.5213	ImageMagick	55.0
textures	anca-gabriela-zosin-bMOnYbmQxHA-unsplash.jpg	turbo	420	55	identity_auto	38.023	69.170	1.5090	ImageMagick	55.0
textures	anca-gabriela-zosin-bMOnYbmQxHA-unsplash.jpg	turbo	420	55	model_off	38.658	70.771	1.4124	ImageMagick	55.0
textures	anca-gabriela-zosin-bMOnYbmQxHA-unsplash.jpg	turbo	420	55	model_auto	38.555	70.137	1.4823	ImageMagick	55.0
textures	anca-gabriela-zosin-bMOnYbmQxHA-unsplash.jpg	turbo	420	55	model_policy	38.722	70.744	1.3647	ImageMagick	55.0
textures	anca-gabriela-zosin-bMOnYbmQxHA-unsplash.jpg	turbo	420	55	model_proj	38.724	70.779	1.3643	ImageMagick	55.0
textures	anca-gabriela-zosin-bMOnYbmQxHA-unsplash.jpg	turbo	420	75	identity_off	39.675	77.277	1.1733	ImageMagick	75.0
textures	anca-gabriela-zosin-bMOnYbmQxHA-unsplash.jpg	turbo	420	75	identity_auto	39.781	77.788	1.1595	ImageMagick	75.0
textures	anca-gabriela-zosin-bMOnYbmQxHA-unsplash.jpg	turbo	420	75	model_off	40.198	78.071	1.1268	ImageMagick	75.0
textures	anca-gabriela-zosin-bMOnYbmQxHA-unsplash.jpg	turbo	420	75	model_auto	40.095	77.601	1.1968	ImageMagick	75.0
textures	anca-gabriela-zosin-bMOnYbmQxHA-unsplash.jpg	turbo	420	75	model_policy	40.186	78.167	1.0838	ImageMagick	75.0
textures	anca-gabriela-zosin-bMOnYbmQxHA-unsplash.jpg	turbo	420	75	model_proj	40.193	78.255	1.0812	ImageMagick	75.0
textures	anca-gabriela-zosin-bMOnYbmQxHA-unsplash.jpg	turbo	420	90	identity_off	43.221	86.949	0.7308	ImageMagick	90.0
textures	anca-gabriela-zosin-bMOnYbmQxHA-unsplash.jpg	turbo	420	90	identity_auto	43.213	86.862	0.7543	ImageMagick	90.0
textures	anca-gabriela-zosin-bMOnYbmQxHA-unsplash.jpg	turbo	420	90	model_off	43.369	86.452	0.8416	ImageMagick	90.0
textures	anca-gabriela-zosin-bMOnYbmQxHA-unsplash.jpg	turbo	420	90	model_auto	43.155	86.095	0.8829	ImageMagick	90.0
textures	anca-gabriela-zosin-bMOnYbmQxHA-unsplash.jpg	turbo	420	90	model_policy	43.361	86.849	0.7067	ImageMagick	90.0
textures	anca-gabriela-zosin-bMOnYbmQxHA-unsplash.jpg	turbo	420	90	model_proj	43.399	86.900	0.6961	ImageMagick	90.0
textures	anca-gabriela-zosin-bMOnYbmQxHA-unsplash.jpg	turbo	444	15	identity_off	33.214	14.456	4.0456	Unknown	15.0
textures	anca-gabriela-zosin-bMOnYbmQxHA-unsplash.jpg	turbo	444	15	identity_auto	33.767	27.271	3.9418	Unknown	15.0
textures	anca-gabriela-zosin-bMOnYbmQxHA-unsplash.jpg	turbo	444	15	model_off	34.253	40.435	3.8094	Unknown	15.0
textures	anca-gabriela-zosin-bMOnYbmQxHA-unsplash.jpg	turbo	444	15	model_auto	34.430	38.880	3.8643	Unknown	15.0
textures	anca-gabriela-zosin-bMOnYbmQxHA-unsplash.jpg	turbo	444	15	model_policy	34.637	39.537	3.4979	Unknown	15.0
textures	anca-gabriela-zosin-bMOnYbmQxHA-unsplash.jpg	turbo	444	15	model_proj	34.649	39.588	3.4937	Unknown	15.0
textures	anca-gabriela-zosin-bMOnYbmQxHA-unsplash.jpg	turbo	444	35	identity_off	37.861	59.567	1.7331	ImageMagick	35.0
textures	anca-gabriela-zosin-bMOnYbmQxHA-unsplash.jpg	turbo	444	35	identity_auto	38.379	64.092	1.6713	ImageMagick	35.0
textures	anca-gabriela-zosin-bMOnYbmQxHA-unsplash.jpg	turbo	444	35	model_off	38.151	65.635	1.7856	ImageMagick	35.0
textures	anca-gabriela-zosin-bMOnYbmQxHA-unsplash.jpg	turbo	444	35	model_auto	38.249	65.435	1.7782	ImageMagick	35.0
textures	anca-gabriela-zosin-bMOnYbmQxHA-unsplash.jpg	turbo	444	35	model_policy	38.498	66.178	1.6582	ImageMagick	35.0
textures	anca-gabriela-zosin-bMOnYbmQxHA-unsplash.jpg	turbo	444	35	model_proj	38.550	66.294	1.6308	ImageMagick	35.0
textures	anca-gabriela-zosin-bMOnYbmQxHA-unsplash.jpg	turbo	444	55	identity_off	39.210	71.996	1.2762	ImageMagick	55.0
textures	anca-gabriela-zosin-bMOnYbmQxHA-unsplash.jpg	turbo	444	55	identity_auto	39.625	73.079	1.2442	ImageMagick	55.0
textures	anca-gabriela-zosin-bMOnYbmQxHA-unsplash.jpg	turbo	444	55	model_off	39.175	72.739	1.5237	ImageMagick	55.0
textures	anca-gabriela-zosin-bMOnYbmQxHA-unsplash.jpg	turbo	444	55	model_auto	39.132	72.152	1.6138	ImageMagick	55.0
textures	anca-gabriela-zosin-bMOnYbmQxHA-unsplash.jpg	turbo	444	55	model_policy	39.655	73.073	1.2950	ImageMagick	55.0
textures	anca-gabriela-zosin-bMOnYbmQxHA-unsplash.jpg	turbo	444	55	model_proj	39.747	73.356	1.2464	ImageMagick	55.0
textures	anca-gabriela-zosin-bMOnYbmQxHA-unsplash.jpg	turbo	444	75	identity_off	41.215	80.010	0.9936	ImageMagick	75.0
textures	anca-gabriela-zosin-bMOnYbmQxHA-unsplash.jpg	turbo	444	75	identity_auto	41.543	80.613	0.9744	ImageMagick	75.0
textures	anca-gabriela-zosin-bMOnYbmQxHA-unsplash.jpg	turbo	444	75	model_off	40.970	79.424	1.2209	ImageMagick	75.0
textures	anca-gabriela-zosin-bMOnYbmQxHA-unsplash.jpg	turbo	444	75	model_auto	40.806	79.058	1.3085	ImageMagick	75.0
textures	anca-gabriela-zosin-bMOnYbmQxHA-unsplash.jpg	turbo	444	75	model_policy	41.392	79.835	1.0226	ImageMagick	75.0
textures	anca-gabriela-zosin-bMOnYbmQxHA-unsplash.jpg	turbo	444	75	model_proj	41.503	80.315	0.9717	ImageMagick	75.0
textures	anca-gabriela-zosin-bMOnYbmQxHA-unsplash.jpg	turbo	444	90	identity_off	44.762	88.927	0.6223	ImageMagick	90.0
textures	anca-gabriela-zosin-bMOnYbmQxHA-unsplash.jpg	turbo	444	90	identity_auto	44.812	89.042	0.6339	ImageMagick	90.0
textures	anca-gabriela-zosin-bMOnYbmQxHA-unsplash.jpg	turbo	444	90	model_off	44.231	87.273	0.8394	ImageMagick	90.0
textures	anca-gabriela-zosin-bMOnYbmQxHA-unsplash.jpg	turbo	444	90	model_auto	43.762	86.710	0.9361	ImageMagick	90.0
textures	anca-gabriela-zosin-bMOnYbmQxHA-unsplash.jpg	turbo	444	90	model_policy	44.653	88.060	0.6496	ImageMagick	90.0
textures	anca-gabriela-zosin-bMOnYbmQxHA-unsplash.jpg	turbo	444	90	model_proj	44.765	88.507	0.6179	ImageMagick	90.0
textures	anca-gabriela-zosin-bMOnYbmQxHA-unsplash.jpg	mozjpeg	420	15	identity_off	32.310	26.045	3.8348	Mozjpeg	15.0
textures	anca-gabriela-zosin-bMOnYbmQxHA-unsplash.jpg	mozjpeg	420	15	identity_auto	32.491	32.070	3.7699	Mozjpeg	15.0
textures	anca-gabriela-zosin-bMOnYbmQxHA-unsplash.jpg	mozjpeg	420	15	model_off	32.994	39.244	3.6242	Mozjpeg	15.0
textures	anca-gabriela-zosin-bMOnYbmQxHA-unsplash.jpg	mozjpeg	420	15	model_auto	33.129	38.253	3.5620	Mozjpeg	15.0
textures	anca-gabriela-zosin-bMOnYbmQxHA-unsplash.jpg	mozjpeg	420	15	model_policy	33.272	40.199	3.3872	Mozjpeg	15.0
textures	anca-gabriela-zosin-bMOnYbmQxHA-unsplash.jpg	mozjpeg	420	15	model_proj	33.272	40.204	3.3872	Mozjpeg	15.0
textures	anca-gabriela-zosin-bMOnYbmQxHA-unsplash.jpg	mozjpeg	420	35	identity_off	36.609	56.808	1.9484	Mozjpeg	35.0
textures	anca-gabriela-zosin-bMOnYbmQxHA-unsplash.jpg	mozjpeg	420	35	identity_auto	36.759	58.822	1.9144	Mozjpeg	35.0
textures	anca-gabriela-zosin-bMOnYbmQxHA-unsplash.jpg	mozjpeg	420	35	model_off	37.104	59.425	1.9862	Mozjpeg	35.0
textures	anca-gabriela-zosin-bMOnYbmQxHA-unsplash.jpg	mozjpeg	420	35	model_auto	37.185	59.552	1.9443	Mozjpeg	35.0
textures	anca-gabriela-zosin-bMOnYbmQxHA-unsplash.jpg	mozjpeg	420	35	model_policy	37.250	59.651	1.8822	Mozjpeg	35.0
textures	anca-gabriela-zosin-bMOnYbmQxHA-unsplash.jpg	mozjpeg	420	35	model_proj	37.251	59.651	1.8821	Mozjpeg	35.0
textures	anca-gabriela-zosin-bMOnYbmQxHA-unsplash.jpg	mozjpeg	420	55	identity_off	38.174	67.413	1.5032	Mozjpeg	55.0
textures	anca-gabriela-zosin-bMOnYbmQxHA-unsplash.jpg	mozjpeg	420	55	identity_auto	38.278	67.511	1.4959	Mozjpeg	55.0
textures	anca-gabriela-zosin-bMOnYbmQxHA-unsplash.jpg	mozjpeg	420	55	model_off	38.467	67.940	1.5617	Mozjpeg	55.0
textures	anca-gabriela-zosin-bMOnYbmQxHA-unsplash.jpg	mozjpeg	420	55	model_auto	38.459	67.528	1.5690	Mozjpeg	55.0
textures	anca-gabriela-zosin-bMOnYbmQxHA-unsplash.jpg	mozjpeg	420	55	model_policy	38.634	68.227	1.4742	Mozjpeg	55.0
textures	anca-gabriela-zosin-bMOnYbmQxHA-unsplash.jpg	mozjpeg	420	55	model_proj	38.635	68.233	1.4736	Mozjpeg	55.0
textures	anca-gabriela-zosin-bMOnYbmQxHA-unsplash.jpg	mozjpeg	420	75	identity_off	39.963	76.153	1.1616	Mozjpeg	75.0
textures	anca-gabriela-zosin-bMOnYbmQxHA-unsplash.jpg	mozjpeg	420	75	identity_auto	40.007	76.203	1.1594	Mozjpeg	75.0
textures	anca-gabriela-zosin-bMOnYbmQxHA-unsplash.jpg	mozjpeg	420	75	model_off	39.898	75.470	1.2743	Mozjpeg	75.0
textures	anca-gabriela-zosin-bMOnYbmQxHA-unsplash.jpg	mozjpeg	420	75	model_auto	39.756	75.015	1.3999	Mozjpeg	75.0
textures	anca-gabriela-zosin-bMOnYbmQxHA-unsplash.jpg	mozjpeg	420	75	model_policy	40.122	75.910	1.1531	Mozjpeg	75.0
textures	anca-gabriela-zosin-bMOnYbmQxHA-unsplash.jpg	mozjpeg	420	75	model_proj	40.129	75.968	1.1505	Mozjpeg	75.0
textures	anca-gabriela-zosin-bMOnYbmQxHA-unsplash.jpg	mozjpeg	420	90	identity_off	43.219	85.744	0.7584	Mozjpeg	90.0
textures	anca-gabriela-zosin-bMOnYbmQxHA-unsplash.jpg	mozjpeg	420	90	identity_auto	43.169	85.749	0.7846	Mozjpeg	90.0
textures	anca-gabriela-zosin-bMOnYbmQxHA-unsplash.jpg	mozjpeg	420	90	model_off	42.975	84.392	0.8392	Mozjpeg	90.0
textures	anca-gabriela-zosin-bMOnYbmQxHA-unsplash.jpg	mozjpeg	420	90	model_auto	42.706	84.005	0.9701	Mozjpeg	90.0
textures	anca-gabriela-zosin-bMOnYbmQxHA-unsplash.jpg	mozjpeg	420	90	model_policy	43.117	84.786	0.7649	Mozjpeg	90.0
textures	anca-gabriela-zosin-bMOnYbmQxHA-unsplash.jpg	mozjpeg	420	90	model_proj	43.189	84.976	0.7541	Mozjpeg	90.0
textures	anca-gabriela-zosin-bMOnYbmQxHA-unsplash.jpg	mozjpeg	444	15	identity_off	32.984	26.687	3.4857	Mozjpeg	15.0
textures	anca-gabriela-zosin-bMOnYbmQxHA-unsplash.jpg	mozjpeg	444	15	identity_auto	33.452	36.217	3.3851	Mozjpeg	15.0
textures	anca-gabriela-zosin-bMOnYbmQxHA-unsplash.jpg	mozjpeg	444	15	model_off	33.473	42.652	3.4463	Mozjpeg	15.0
textures	anca-gabriela-zosin-bMOnYbmQxHA-unsplash.jpg	mozjpeg	444	15	model_auto	33.743	41.986	3.3478	Mozjpeg	15.0
textures	anca-gabriela-zosin-bMOnYbmQxHA-unsplash.jpg	mozjpeg	444	15	model_policy	33.863	43.542	3.1837	Mozjpeg	15.0
textures	anca-gabriela-zosin-bMOnYbmQxHA-unsplash.jpg	mozjpeg	444	15	model_proj	33.868	43.552	3.1831	Mozjpeg	15.0
textures	anca-gabriela-zosin-bMOnYbmQxHA-unsplash.jpg	mozjpeg	444	35	identity_off	37.464	58.084	1.8167	Mozjpeg	35.0
textures	anca-gabriela-zosin-bMOnYbmQxHA-unsplash.jpg	mozjpeg	444	35	identity_auto	37.838	61.138	1.7645	Mozjpeg	35.0
textures	anca-gabriela-zosin-bMOnYbmQxHA-unsplash.jpg	mozjpeg	444	35	model_off	37.310	60.452	1.9795	Mozjpeg	35.0
textures	anca-gabriela-zosin-bMOnYbmQxHA-unsplash.jpg	mozjpeg	444	35	model_auto	37.492	60.785	1.9031	Mozjpeg	35.0
textures	anca-gabriela-zosin-bMOnYbmQxHA-unsplash.jpg	mozjpeg	444	35	model_policy	37.624	60.851	1.8361	Mozjpeg	35.0
textures	anca-gabriela-zosin-bMOnYbmQxHA-unsplash.jpg	mozjpeg	444	35	model_proj	37.678	60.990	1.8066	Mozjpeg	35.0
textures	anca-gabriela-zosin-bMOnYbmQxHA-unsplash.jpg	mozjpeg	444	55	identity_off	39.094	69.023	1.3911	Mozjpeg	55.0
textures	anca-gabriela-zosin-bMOnYbmQxHA-unsplash.jpg	mozjpeg	444	55	identity_auto	39.397	69.842	1.3731	Mozjpeg	55.0
textures	anca-gabriela-zosin-bMOnYbmQxHA-unsplash.jpg	mozjpeg	444	55	model_off	38.692	69.069	1.6232	Mozjpeg	55.0
textures	anca-gabriela-zosin-bMOnYbmQxHA-unsplash.jpg	mozjpeg	444	55	model_auto	38.747	68.795	1.6587	Mozjpeg	55.0
textures	anca-gabriela-zosin-bMOnYbmQxHA-unsplash.jpg	mozjpeg	444	55	model_policy	39.110	69.382	1.4575	Mozjpeg	55.0
textures	anca-gabriela-zosin-bMOnYbmQxHA-unsplash.jpg	mozjpeg	444	55	model_proj	39.207	69.610	1.4084	Mozjpeg	55.0
textures	anca-gabriela-zosin-bMOnYbmQxHA-unsplash.jpg	mozjpeg	444	75	identity_off	40.855	78.096	1.0855	Mozjpeg	75.0
textures	anca-gabriela-zosin-bMOnYbmQxHA-unsplash.jpg	mozjpeg	444	75	identity_auto	41.040	78.356	1.0778	Mozjpeg	75.0
textures	anca-gabriela-zosin-bMOnYbmQxHA-unsplash.jpg	mozjpeg	444	75	model_off	40.133	76.170	1.3585	Mozjpeg	75.0
textures	anca-gabriela-zosin-bMOnYbmQxHA-unsplash.jpg	mozjpeg	444	75	model_auto	39.952	75.798	1.4887	Mozjpeg	75.0
textures	anca-gabriela-zosin-bMOnYbmQxHA-unsplash.jpg	mozjpeg	444	75	model_policy	40.649	76.774	1.1451	Mozjpeg	75.0
textures	anca-gabriela-zosin-bMOnYbmQxHA-unsplash.jpg	mozjpeg	444	75	model_proj	40.773	77.173	1.1007	Mozjpeg	75.0
textures	anca-gabriela-zosin-bMOnYbmQxHA-unsplash.jpg	mozjpeg	444	90	identity_off	44.264	87.192	0.6953	Mozjpeg	90.0
textures	anca-gabriela-zosin-bMOnYbmQxHA-unsplash.jpg	mozjpeg	444	90	identity_auto	44.244	87.149	0.7101	Mozjpeg	90.0
textures	anca-gabriela-zosin-bMOnYbmQxHA-unsplash.jpg	mozjpeg	444	90	model_off	43.249	84.753	0.9369	Mozjpeg	90.0
textures	anca-gabriela-zosin-bMOnYbmQxHA-unsplash.jpg	mozjpeg	444	90	model_auto	42.805	84.357	1.0823	Mozjpeg	90.0
textures	anca-gabriela-zosin-bMOnYbmQxHA-unsplash.jpg	mozjpeg	444	90	model_policy	43.854	85.521	0.7414	Mozjpeg	90.0
textures	anca-gabriela-zosin-bMOnYbmQxHA-unsplash.jpg	mozjpeg	444	90	model_proj	44.029	86.230	0.7066	Mozjpeg	90.0
textures	anca-gabriela-zosin-bMOnYbmQxHA-unsplash.jpg	jpegli	420	15	identity_off	35.899	52.893	2.1934	CjpegliYcbcr	14.2
textures	anca-gabriela-zosin-bMOnYbmQxHA-unsplash.jpg	jpegli	420	15	identity_auto	36.089	54.556	2.1580	CjpegliYcbcr	14.2
textures	anca-gabriela-zosin-bMOnYbmQxHA-unsplash.jpg	jpegli	420	15	model_off	36.675	56.703	2.1471	CjpegliYcbcr	14.2
textures	anca-gabriela-zosin-bMOnYbmQxHA-unsplash.jpg	jpegli	420	15	model_auto	36.824	56.772	2.0783	CjpegliYcbcr	14.2
textures	anca-gabriela-zosin-bMOnYbmQxHA-unsplash.jpg	jpegli	420	15	model_policy	36.835	56.473	2.0771	CjpegliYcbcr	14.2
textures	anca-gabriela-zosin-bMOnYbmQxHA-unsplash.jpg	jpegli	420	15	model_proj	36.838	56.480	2.0764	CjpegliYcbcr	14.2
textures	anca-gabriela-zosin-bMOnYbmQxHA-unsplash.jpg	jpegli	420	35	identity_off	37.533	64.760	1.6304	CjpegliYcbcr	7.2
textures	anca-gabriela-zosin-bMOnYbmQxHA-unsplash.jpg	jpegli	420	35	identity_auto	37.688	65.226	1.6116	CjpegliYcbcr	7.2
textures	anca-gabriela-zosin-bMOnYbmQxHA-unsplash.jpg	jpegli	420	35	model_off	37.941	65.427	1.7054	CjpegliYcbcr	7.2
textures	anca-gabriela-zosin-bMOnYbmQxHA-unsplash.jpg	jpegli	420	35	model_auto	37.987	65.210	1.7023	CjpegliYcbcr	7.2
textures	anca-gabriela-zosin-bMOnYbmQxHA-unsplash.jpg	jpegli	420	35	model_policy	38.122	65.677	1.6108	CjpegliYcbcr	7.2
textures	anca-gabriela-zosin-bMOnYbmQxHA-unsplash.jpg	jpegli	420	35	model_proj	38.134	65.720	1.6040	CjpegliYcbcr	7.2
textures	anca-gabriela-zosin-bMOnYbmQxHA-unsplash.jpg	jpegli	420	55	identity_off	38.268	69.240	1.4551	CjpegliYcbcr	5.2
textures	anca-gabriela-zosin-bMOnYbmQxHA-unsplash.jpg	jpegli	420	55	identity_auto	38.393	69.358	1.4499	CjpegliYcbcr	5.2
textures	anca-gabriela-zosin-bMOnYbmQxHA-unsplash.jpg	jpegli	420	55	model_off	38.520	69.382	1.5635	CjpegliYcbcr	5.2
textures	anca-gabriela-zosin-bMOnYbmQxHA-unsplash.jpg	jpegli	420	55	model_auto	38.451	69.076	1.6240	CjpegliYcbcr	5.2
textures	anca-gabriela-zosin-bMOnYbmQxHA-unsplash.jpg	jpegli	420	55	model_policy	38.730	69.760	1.4385	CjpegliYcbcr	5.2
textures	anca-gabriela-zosin-bMOnYbmQxHA-unsplash.jpg	jpegli	420	55	model_proj	38.744	69.838	1.4319	CjpegliYcbcr	5.2
textures	anca-gabriela-zosin-bMOnYbmQxHA-unsplash.jpg	jpegli	420	75	identity_off	39.683	74.679	1.1955	CjpegliYcbcr	3.0
textures	anca-gabriela-zosin-bMOnYbmQxHA-unsplash.jpg	jpegli	420	75	identity_auto	39.785	75.476	1.1895	CjpegliYcbcr	3.0
textures	anca-gabriela-zosin-bMOnYbmQxHA-unsplash.jpg	jpegli	420	75	model_off	39.653	74.724	1.2841	CjpegliYcbcr	3.0
textures	anca-gabriela-zosin-bMOnYbmQxHA-unsplash.jpg	jpegli	420	75	model_auto	39.537	74.429	1.4049	CjpegliYcbcr	3.0
textures	anca-gabriela-zosin-bMOnYbmQxHA-unsplash.jpg	jpegli	420	75	model_policy	39.879	75.132	1.1733	CjpegliYcbcr	3.0
textures	anca-gabriela-zosin-bMOnYbmQxHA-unsplash.jpg	jpegli	420	75	model_proj	39.899	75.327	1.1665	CjpegliYcbcr	3.0
textures	anca-gabriela-zosin-bMOnYbmQxHA-unsplash.jpg	jpegli	420	90	identity_off	43.104	84.707	0.7565	CjpegliYcbcr	1.3
textures	anca-gabriela-zosin-bMOnYbmQxHA-unsplash.jpg	jpegli	420	90	identity_auto	43.093	85.146	0.7760	CjpegliYcbcr	1.3
textures	anca-gabriela-zosin-bMOnYbmQxHA-unsplash.jpg	jpegli	420	90	model_off	42.870	83.862	0.8473	CjpegliYcbcr	1.3
textures	anca-gabriela-zosin-bMOnYbmQxHA-unsplash.jpg	jpegli	420	90	model_auto	42.692	83.767	0.9268	CjpegliYcbcr	1.3
textures	anca-gabriela-zosin-bMOnYbmQxHA-unsplash.jpg	jpegli	420	90	model_policy	42.980	84.031	0.7902	CjpegliYcbcr	1.3
textures	anca-gabriela-zosin-bMOnYbmQxHA-unsplash.jpg	jpegli	420	90	model_proj	43.014	84.520	0.7628	CjpegliYcbcr	1.3
textures	anca-gabriela-zosin-bMOnYbmQxHA-unsplash.jpg	jpegli	444	15	identity_off	33.715	39.459	2.9633	CjpegliYcbcr	11.8
textures	anca-gabriela-zosin-bMOnYbmQxHA-unsplash.jpg	jpegli	444	15	identity_auto	34.267	47.340	2.9209	CjpegliYcbcr	11.8
textures	anca-gabriela-zosin-bMOnYbmQxHA-unsplash.jpg	jpegli	444	15	model_off	34.903	54.828	2.8510	CjpegliYcbcr	11.8
textures	anca-gabriela-zosin-bMOnYbmQxHA-unsplash.jpg	jpegli	444	15	model_auto	34.911	55.167	2.8638	CjpegliYcbcr	11.8
textures	anca-gabriela-zosin-bMOnYbmQxHA-unsplash.jpg	jpegli	444	15	model_policy	35.003	55.420	2.6869	CjpegliYcbcr	11.8
textures	anca-gabriela-zosin-bMOnYbmQxHA-unsplash.jpg	jpegli	444	15	model_proj	35.005	55.434	2.6867	CjpegliYcbcr	11.8
textures	anca-gabriela-zosin-bMOnYbmQxHA-unsplash.jpg	jpegli	444	35	identity_off	37.221	60.384	1.7046	CjpegliYcbcr	6.0
textures	anca-gabriela-zosin-bMOnYbmQxHA-unsplash.jpg	jpegli	444	35	identity_auto	37.701	64.059	1.6665	CjpegliYcbcr	6.0
textures	anca-gabriela-zosin-bMOnYbmQxHA-unsplash.jpg	jpegli	444	35	model_off	37.779	66.289	1.8054	CjpegliYcbcr	6.0
textures	anca-gabriela-zosin-bMOnYbmQxHA-unsplash.jpg	jpegli	444	35	model_auto	37.644	65.456	1.9183	CjpegliYcbcr	6.0
textures	anca-gabriela-zosin-bMOnYbmQxHA-unsplash.jpg	jpegli	444	35	model_policy	38.101	66.872	1.6350	CjpegliYcbcr	6.0
textures	anca-gabriela-zosin-bMOnYbmQxHA-unsplash.jpg	jpegli	444	35	model_proj	38.115	66.911	1.6301	CjpegliYcbcr	6.0
textures	anca-gabriela-zosin-bMOnYbmQxHA-unsplash.jpg	jpegli	444	55	identity_off	38.086	64.969	1.4865	CjpegliYcbcr	4.1
textures	anca-gabriela-zosin-bMOnYbmQxHA-unsplash.jpg	jpegli	444	55	identity_auto	38.486	68.270	1.4490	CjpegliYcbcr	4.1
textures	anca-gabriela-zosin-bMOnYbmQxHA-unsplash.jpg	jpegli	444	55	model_off	38.363	69.134	1.6228	CjpegliYcbcr	4.1
textures	anca-gabriela-zosin-bMOnYbmQxHA-unsplash.jpg	jpegli	444	55	model_auto	38.167	68.532	1.7201	CjpegliYcbcr	4.1
textures	anca-gabriela-zosin-bMOnYbmQxHA-unsplash.jpg	jpegli	444	55	model_policy	38.713	69.833	1.4648	CjpegliYcbcr	4.1
textures	anca-gabriela-zosin-bMOnYbmQxHA-unsplash.jpg	jpegli	444	55	model_proj	38.733	69.848	1.4536	CjpegliYcbcr	4.1
textures	anca-gabriela-zosin-bMOnYbmQxHA-unsplash.jpg	jpegli	444	75	identity_off	39.890	77.835	1.0689	CjpegliYcbcr	2.3
textures	anca-gabriela-zosin-bMOnYbmQxHA-unsplash.jpg	jpegli	444	75	identity_auto	40.181	78.391	1.0637	CjpegliYcbcr	2.3
textures	anca-gabriela-zosin-bMOnYbmQxHA-unsplash.jpg	jpegli	444	75	model_off	39.901	77.181	1.3190	CjpegliYcbcr	2.3
textures	anca-gabriela-zosin-bMOnYbmQxHA-unsplash.jpg	jpegli	444	75	model_auto	39.716	76.842	1.4248	CjpegliYcbcr	2.3
textures	anca-gabriela-zosin-bMOnYbmQxHA-unsplash.jpg	jpegli	444	75	model_policy	40.213	77.282	1.1551	CjpegliYcbcr	2.3
textures	anca-gabriela-zosin-bMOnYbmQxHA-unsplash.jpg	jpegli	444	75	model_proj	40.244	77.523	1.0997	CjpegliYcbcr	2.3
textures	anca-gabriela-zosin-bMOnYbmQxHA-unsplash.jpg	jpegli	444	90	identity_off	43.399	86.379	0.6652	CjpegliYcbcr	1.1
textures	anca-gabriela-zosin-bMOnYbmQxHA-unsplash.jpg	jpegli	444	90	identity_auto	43.532	86.676	0.6787	CjpegliYcbcr	1.1
textures	anca-gabriela-zosin-bMOnYbmQxHA-unsplash.jpg	jpegli	444	90	model_off	43.131	85.158	0.9127	CjpegliYcbcr	1.1
textures	anca-gabriela-zosin-bMOnYbmQxHA-unsplash.jpg	jpegli	444	90	model_auto	42.809	84.879	1.0199	CjpegliYcbcr	1.1
textures	anca-gabriela-zosin-bMOnYbmQxHA-unsplash.jpg	jpegli	444	90	model_policy	43.357	85.406	0.7687	CjpegliYcbcr	1.1
textures	anca-gabriela-zosin-bMOnYbmQxHA-unsplash.jpg	jpegli	444	90	model_proj	43.454	86.210	0.6848	CjpegliYcbcr	1.1
textures	anca-gabriela-zosin-bMOnYbmQxHA-unsplash.jpg	zenjpeg	420	15	identity_off	35.890	53.594	2.1971	CjpegliYcbcr	14.2
textures	anca-gabriela-zosin-bMOnYbmQxHA-unsplash.jpg	zenjpeg	420	15	identity_auto	36.078	55.251	2.1635	CjpegliYcbcr	14.2
textures	anca-gabriela-zosin-bMOnYbmQxHA-unsplash.jpg	zenjpeg	420	15	model_off	36.656	57.046	2.1527	CjpegliYcbcr	14.2
textures	anca-gabriela-zosin-bMOnYbmQxHA-unsplash.jpg	zenjpeg	420	15	model_auto	36.803	57.055	2.0893	CjpegliYcbcr	14.2
textures	anca-gabriela-zosin-bMOnYbmQxHA-unsplash.jpg	zenjpeg	420	15	model_policy	36.813	56.822	2.0903	CjpegliYcbcr	14.2
textures	anca-gabriela-zosin-bMOnYbmQxHA-unsplash.jpg	zenjpeg	420	15	model_proj	36.816	56.836	2.0895	CjpegliYcbcr	14.2
textures	anca-gabriela-zosin-bMOnYbmQxHA-unsplash.jpg	zenjpeg	420	35	identity_off	37.514	64.685	1.6376	CjpegliYcbcr	7.2
textures	anca-gabriela-zosin-bMOnYbmQxHA-unsplash.jpg	zenjpeg	420	35	identity_auto	37.670	65.086	1.6206	CjpegliYcbcr	7.2
textures	anca-gabriela-zosin-bMOnYbmQxHA-unsplash.jpg	zenjpeg	420	35	model_off	37.919	65.285	1.7085	CjpegliYcbcr	7.2
textures	anca-gabriela-zosin-bMOnYbmQxHA-unsplash.jpg	zenjpeg	420	35	model_auto	37.987	65.153	1.7008	CjpegliYcbcr	7.2
textures	anca-gabriela-zosin-bMOnYbmQxHA-unsplash.jpg	zenjpeg	420	35	model_policy	38.114	65.540	1.6152	CjpegliYcbcr	7.2
textures	anca-gabriela-zosin-bMOnYbmQxHA-unsplash.jpg	zenjpeg	420	35	model_proj	38.126	65.603	1.6084	CjpegliYcbcr	7.2
textures	anca-gabriela-zosin-bMOnYbmQxHA-unsplash.jpg	zenjpeg	420	55	identity_off	38.273	69.450	1.4602	CjpegliYcbcr	5.2
textures	anca-gabriela-zosin-bMOnYbmQxHA-unsplash.jpg	zenjpeg	420	55	identity_auto	38.396	69.403	1.4559	CjpegliYcbcr	5.2
textures	anca-gabriela-zosin-bMOnYbmQxHA-unsplash.jpg	zenjpeg	420	55	model_off	38.512	69.369	1.5493	CjpegliYcbcr	5.2
textures	anca-gabriela-zosin-bMOnYbmQxHA-unsplash.jpg	zenjpeg	420	55	model_auto	38.459	69.049	1.6046	CjpegliYcbcr	5.2
textures	anca-gabriela-zosin-bMOnYbmQxHA-unsplash.jpg	zenjpeg	420	55	model_policy	38.717	69.782	1.4458	CjpegliYcbcr	5.2
textures	anca-gabriela-zosin-bMOnYbmQxHA-unsplash.jpg	zenjpeg	420	55	model_proj	38.730	69.831	1.4412	CjpegliYcbcr	5.2
textures	anca-gabriela-zosin-bMOnYbmQxHA-unsplash.jpg	zenjpeg	420	75	identity_off	39.694	74.887	1.1898	CjpegliYcbcr	3.0
textures	anca-gabriela-zosin-bMOnYbmQxHA-unsplash.jpg	zenjpeg	420	75	identity_auto	39.790	75.600	1.1878	CjpegliYcbcr	3.0
textures	anca-gabriela-zosin-bMOnYbmQxHA-unsplash.jpg	zenjpeg	420	75	model_off	39.676	74.837	1.2691	CjpegliYcbcr	3.0
textures	anca-gabriela-zosin-bMOnYbmQxHA-unsplash.jpg	zenjpeg	420	75	model_auto	39.537	74.604	1.4059	CjpegliYcbcr	3.0
textures	anca-gabriela-zosin-bMOnYbmQxHA-unsplash.jpg	zenjpeg	420	75	model_policy	39.887	75.230	1.1686	CjpegliYcbcr	3.0
textures	anca-gabriela-zosin-bMOnYbmQxHA-unsplash.jpg	zenjpeg	420	75	model_proj	39.909	75.417	1.1624	CjpegliYcbcr	3.0
textures	anca-gabriela-zosin-bMOnYbmQxHA-unsplash.jpg	zenjpeg	420	90	identity_off	43.080	84.901	0.7502	CjpegliYcbcr	1.3
textures	anca-gabriela-zosin-bMOnYbmQxHA-unsplash.jpg	zenjpeg	420	90	identity_auto	43.050	85.129	0.7753	CjpegliYcbcr	1.3
textures	anca-gabriela-zosin-bMOnYbmQxHA-unsplash.jpg	zenjpeg	420	90	model_off	42.843	84.017	0.8444	CjpegliYcbcr	1.3
textures	anca-gabriela-zosin-bMOnYbmQxHA-unsplash.jpg	zenjpeg	420	90	model_auto	42.660	83.902	0.9229	CjpegliYcbcr	1.3
textures	anca-gabriela-zosin-bMOnYbmQxHA-unsplash.jpg	zenjpeg	420	90	model_policy	42.934	84.145	0.7817	CjpegliYcbcr	1.3
textures	anca-gabriela-zosin-bMOnYbmQxHA-unsplash.jpg	zenjpeg	420	90	model_proj	42.990	84.583	0.7553	CjpegliYcbcr	1.3
textures	anca-gabriela-zosin-bMOnYbmQxHA-unsplash.jpg	zenjpeg	444	15	identity_off	33.720	41.678	3.1331	CjpegliYcbcr	11.8
textures	anca-gabriela-zosin-bMOnYbmQxHA-unsplash.jpg	zenjpeg	444	15	identity_auto	34.245	48.885	3.0999	CjpegliYcbcr	11.8
textures	anca-gabriela-zosin-bMOnYbmQxHA-unsplash.jpg	zenjpeg	444	15	model_off	34.777	55.059	3.0626	CjpegliYcbcr	11.8
textures	anca-gabriela-zosin-bMOnYbmQxHA-unsplash.jpg	zenjpeg	444	15	model_auto	34.767	55.404	3.0862	CjpegliYcbcr	11.8
textures	anca-gabriela-zosin-bMOnYbmQxHA-unsplash.jpg	zenjpeg	444	15	model_policy	34.840	55.772	2.8976	CjpegliYcbcr	11.8
textures	anca-gabriela-zosin-bMOnYbmQxHA-unsplash.jpg	zenjpeg	444	15	model_proj	34.842	55.783	2.8974	CjpegliYcbcr	11.8
textures	anca-gabriela-zosin-bMOnYbmQxHA-unsplash.jpg	zenjpeg	444	35	identity_off	37.225	60.765	1.7265	CjpegliYcbcr	6.0
textures	anca-gabriela-zosin-bMOnYbmQxHA-unsplash.jpg	zenjpeg	444	35	identity_auto	37.686	64.248	1.6901	CjpegliYcbcr	6.0
textures	anca-gabriela-zosin-bMOnYbmQxHA-unsplash.jpg	zenjpeg	444	35	model_off	37.719	66.395	1.8266	CjpegliYcbcr	6.0
textures	anca-gabriela-zosin-bMOnYbmQxHA-unsplash.jpg	zenjpeg	444	35	model_auto	37.599	65.644	1.9334	CjpegliYcbcr	6.0
textures	anca-gabriela-zosin-bMOnYbmQxHA-unsplash.jpg	zenjpeg	444	35	model_policy	38.024	66.921	1.6636	CjpegliYcbcr	6.0
textures	anca-gabriela-zosin-bMOnYbmQxHA-unsplash.jpg	zenjpeg	444	35	model_proj	38.037	66.936	1.6589	CjpegliYcbcr	6.0
textures	anca-gabriela-zosin-bMOnYbmQxHA-unsplash.jpg	zenjpeg	444	55	identity_off	38.079	64.467	1.5202	CjpegliYcbcr	4.1
textures	anca-gabriela-zosin-bMOnYbmQxHA-unsplash.jpg	zenjpeg	444	55	identity_auto	38.469	67.846	1.4826	CjpegliYcbcr	4.1
textures	anca-gabriela-zosin-bMOnYbmQxHA-unsplash.jpg	zenjpeg	444	55	model_off	38.330	68.824	1.6367	CjpegliYcbcr	4.1
textures	anca-gabriela-zosin-bMOnYbmQxHA-unsplash.jpg	zenjpeg	444	55	model_auto	38.132	68.153	1.7300	CjpegliYcbcr	4.1
textures	anca-gabriela-zosin-bMOnYbmQxHA-unsplash.jpg	zenjpeg	444	55	model_policy	38.677	69.487	1.4909	CjpegliYcbcr	4.1
textures	anca-gabriela-zosin-bMOnYbmQxHA-unsplash.jpg	zenjpeg	444	55	model_proj	38.696	69.495	1.4814	CjpegliYcbcr	4.1
textures	anca-gabriela-zosin-bMOnYbmQxHA-unsplash.jpg	zenjpeg	444	75	identity_off	39.887	77.869	1.0673	CjpegliYcbcr	2.3
textures	anca-gabriela-zosin-bMOnYbmQxHA-unsplash.jpg	zenjpeg	444	75	identity_auto	40.170	78.312	1.0631	CjpegliYcbcr	2.3
textures	anca-gabriela-zosin-bMOnYbmQxHA-unsplash.jpg	zenjpeg	444	75	model_off	39.896	77.111	1.3303	CjpegliYcbcr	2.3
textures	anca-gabriela-zosin-bMOnYbmQxHA-unsplash.jpg	zenjpeg	444	75	model_auto	39.707	76.812	1.4303	CjpegliYcbcr	2.3
textures	anca-gabriela-zosin-bMOnYbmQxHA-unsplash.jpg	zenjpeg	444	75	model_policy	40.196	77.192	1.1761	CjpegliYcbcr	2.3
textures	anca-gabriela-zosin-bMOnYbmQxHA-unsplash.jpg	zenjpeg	444	75	model_proj	40.227	77.469	1.1055	CjpegliYcbcr	2.3
textures	anca-gabriela-zosin-bMOnYbmQxHA-unsplash.jpg	zenjpeg	444	90	identity_off	43.377	86.479	0.6620	CjpegliYcbcr	1.1
textures	anca-gabriela-zosin-bMOnYbmQxHA-unsplash.jpg	zenjpeg	444	90	identity_auto	43.491	86.735	0.6805	CjpegliYcbcr	1.1
textures	anca-gabriela-zosin-bMOnYbmQxHA-unsplash.jpg	zenjpeg	444	90	model_off	43.088	85.091	0.9151	CjpegliYcbcr	1.1
textures	anca-gabriela-zosin-bMOnYbmQxHA-unsplash.jpg	zenjpeg	444	90	model_auto	42.766	84.815	1.0170	CjpegliYcbcr	1.1
textures	anca-gabriela-zosin-bMOnYbmQxHA-unsplash.jpg	zenjpeg	444	90	model_policy	43.308	85.474	0.7676	CjpegliYcbcr	1.1
textures	anca-gabriela-zosin-bMOnYbmQxHA-unsplash.jpg	zenjpeg	444	90	model_proj	43.401	86.025	0.6884	CjpegliYcbcr	1.1
textures	bernd-dittrich-3MdsHe3IIOk-unsplash.jpg	turbo	420	15	identity_off	23.348	28.918	2.8546	Unknown	15.0
textures	bernd-dittrich-3MdsHe3IIOk-unsplash.jpg	turbo	420	15	identity_auto	23.504	26.370	2.9400	Unknown	15.0
textures	bernd-dittrich-3MdsHe3IIOk-unsplash.jpg	turbo	420	15	model_off	23.788	30.985	2.8122	Unknown	15.0
textures	bernd-dittrich-3MdsHe3IIOk-unsplash.jpg	turbo	420	15	model_auto	23.715	27.901	2.9065	Unknown	15.0
textures	bernd-dittrich-3MdsHe3IIOk-unsplash.jpg	turbo	420	15	model_policy	23.875	30.855	2.8132	Unknown	15.0
textures	bernd-dittrich-3MdsHe3IIOk-unsplash.jpg	turbo	420	15	model_proj	23.876	30.862	2.8131	Unknown	15.0
textures	bernd-dittrich-3MdsHe3IIOk-unsplash.jpg	turbo	420	35	identity_off	25.800	56.218	1.9011	ImageMagick	35.0
textures	bernd-dittrich-3MdsHe3IIOk-unsplash.jpg	turbo	420	35	identity_auto	25.928	53.687	1.9737	ImageMagick	35.0
textures	bernd-dittrich-3MdsHe3IIOk-unsplash.jpg	turbo	420	35	model_off	26.243	57.761	1.8580	ImageMagick	35.0
textures	bernd-dittrich-3MdsHe3IIOk-unsplash.jpg	turbo	420	35	model_auto	26.203	55.057	1.9334	ImageMagick	35.0
textures	bernd-dittrich-3MdsHe3IIOk-unsplash.jpg	turbo	420	35	model_policy	26.374	58.033	1.8418	ImageMagick	35.0
textures	bernd-dittrich-3MdsHe3IIOk-unsplash.jpg	turbo	420	35	model_proj	26.391	58.064	1.8375	ImageMagick	35.0
textures	bernd-dittrich-3MdsHe3IIOk-unsplash.jpg	turbo	420	55	identity_off	27.166	64.211	1.5686	ImageMagick	55.0
textures	bernd-dittrich-3MdsHe3IIOk-unsplash.jpg	turbo	420	55	identity_auto	27.269	62.493	1.6297	ImageMagick	55.0
textures	bernd-dittrich-3MdsHe3IIOk-unsplash.jpg	turbo	420	55	model_off	27.576	65.439	1.5315	ImageMagick	55.0
textures	bernd-dittrich-3MdsHe3IIOk-unsplash.jpg	turbo	420	55	model_auto	27.538	63.592	1.5911	ImageMagick	55.0
textures	bernd-dittrich-3MdsHe3IIOk-unsplash.jpg	turbo	420	55	model_policy	27.716	65.522	1.5192	ImageMagick	55.0
textures	bernd-dittrich-3MdsHe3IIOk-unsplash.jpg	turbo	420	55	model_proj	27.775	65.596	1.5058	ImageMagick	55.0
textures	bernd-dittrich-3MdsHe3IIOk-unsplash.jpg	turbo	420	75	identity_off	29.276	72.103	1.1821	ImageMagick	75.0
textures	bernd-dittrich-3MdsHe3IIOk-unsplash.jpg	turbo	420	75	identity_auto	29.319	71.078	1.2028	ImageMagick	75.0
textures	bernd-dittrich-3MdsHe3IIOk-unsplash.jpg	turbo	420	75	model_off	29.623	72.988	1.1529	ImageMagick	75.0
textures	bernd-dittrich-3MdsHe3IIOk-unsplash.jpg	turbo	420	75	model_auto	29.575	71.974	1.1731	ImageMagick	75.0
textures	bernd-dittrich-3MdsHe3IIOk-unsplash.jpg	turbo	420	75	model_policy	29.763	72.989	1.1474	ImageMagick	75.0
textures	bernd-dittrich-3MdsHe3IIOk-unsplash.jpg	turbo	420	75	model_proj	29.893	73.192	1.1301	ImageMagick	75.0
textures	bernd-dittrich-3MdsHe3IIOk-unsplash.jpg	turbo	420	90	identity_off	38.099	89.681	0.3418	ImageMagick	90.0
textures	bernd-dittrich-3MdsHe3IIOk-unsplash.jpg	turbo	420	90	identity_auto	38.189	89.229	0.4480	ImageMagick	90.0
textures	bernd-dittrich-3MdsHe3IIOk-unsplash.jpg	turbo	420	90	model_off	38.467	90.061	0.3208	ImageMagick	90.0
textures	bernd-dittrich-3MdsHe3IIOk-unsplash.jpg	turbo	420	90	model_auto	38.511	89.700	0.4122	ImageMagick	90.0
textures	bernd-dittrich-3MdsHe3IIOk-unsplash.jpg	turbo	420	90	model_policy	38.639	90.062	0.3155	ImageMagick	90.0
textures	bernd-dittrich-3MdsHe3IIOk-unsplash.jpg	turbo	420	90	model_proj	39.297	90.241	0.2964	ImageMagick	90.0
textures	bernd-dittrich-3MdsHe3IIOk-unsplash.jpg	turbo	444	15	identity_off	23.769	36.433	2.7337	Unknown	15.0
textures	bernd-dittrich-3MdsHe3IIOk-unsplash.jpg	turbo	444	15	identity_auto	24.030	35.615	2.7906	Unknown	15.0
textures	bernd-dittrich-3MdsHe3IIOk-unsplash.jpg	turbo	444	15	model_off	24.275	38.674	2.6916	Unknown	15.0
textures	bernd-dittrich-3MdsHe3IIOk-unsplash.jpg	turbo	444	15	model_auto	24.267	36.781	2.7632	Unknown	15.0
textures	bernd-dittrich-3MdsHe3IIOk-unsplash.jpg	turbo	444	15	model_policy	24.315	38.336	2.7020	Unknown	15.0
textures	bernd-dittrich-3MdsHe3IIOk-unsplash.jpg	turbo	444	15	model_proj	24.315	38.345	2.7020	Unknown	15.0
textures	bernd-dittrich-3MdsHe3IIOk-unsplash.jpg	turbo	444	35	identity_off	26.452	63.296	1.8128	ImageMagick	35.0
textures	bernd-dittrich-3MdsHe3IIOk-unsplash.jpg	turbo	444	35	identity_auto	26.641	61.902	1.8646	ImageMagick	35.0
textures	bernd-dittrich-3MdsHe3IIOk-unsplash.jpg	turbo	444	35	model_off	26.919	64.685	1.7712	ImageMagick	35.0
textures	bernd-dittrich-3MdsHe3IIOk-unsplash.jpg	turbo	444	35	model_auto	26.913	62.788	1.8310	ImageMagick	35.0
textures	bernd-dittrich-3MdsHe3IIOk-unsplash.jpg	turbo	444	35	model_policy	26.967	64.641	1.7644	ImageMagick	35.0
textures	bernd-dittrich-3MdsHe3IIOk-unsplash.jpg	turbo	444	35	model_proj	26.971	64.650	1.7639	ImageMagick	35.0
textures	bernd-dittrich-3MdsHe3IIOk-unsplash.jpg	turbo	444	55	identity_off	28.030	71.072	1.4807	ImageMagick	55.0
textures	bernd-dittrich-3MdsHe3IIOk-unsplash.jpg	turbo	444	55	identity_auto	28.175	70.093	1.5234	ImageMagick	55.0
textures	bernd-dittrich-3MdsHe3IIOk-unsplash.jpg	turbo	444	55	model_off	28.437	71.825	1.4457	ImageMagick	55.0
textures	bernd-dittrich-3MdsHe3IIOk-unsplash.jpg	turbo	444	55	model_auto	28.425	70.597	1.4920	ImageMagick	55.0
textures	bernd-dittrich-3MdsHe3IIOk-unsplash.jpg	turbo	444	55	model_policy	28.468	71.631	1.4412	ImageMagick	55.0
textures	bernd-dittrich-3MdsHe3IIOk-unsplash.jpg	turbo	444	55	model_proj	28.480	71.676	1.4401	ImageMagick	55.0
textures	bernd-dittrich-3MdsHe3IIOk-unsplash.jpg	turbo	444	75	identity_off	30.491	78.380	1.1003	ImageMagick	75.0
textures	bernd-dittrich-3MdsHe3IIOk-unsplash.jpg	turbo	444	75	identity_auto	30.564	77.760	1.1098	ImageMagick	75.0
textures	bernd-dittrich-3MdsHe3IIOk-unsplash.jpg	turbo	444	75	model_off	30.812	78.649	1.0765	ImageMagick	75.0
textures	bernd-dittrich-3MdsHe3IIOk-unsplash.jpg	turbo	444	75	model_auto	30.789	77.954	1.0896	ImageMagick	75.0
textures	bernd-dittrich-3MdsHe3IIOk-unsplash.jpg	turbo	444	75	model_policy	30.792	78.405	1.0747	ImageMagick	75.0
textures	bernd-dittrich-3MdsHe3IIOk-unsplash.jpg	turbo	444	75	model_proj	30.821	78.524	1.0739	ImageMagick	75.0
textures	bernd-dittrich-3MdsHe3IIOk-unsplash.jpg	turbo	444	90	identity_off	38.635	92.378	0.2396	ImageMagick	90.0
textures	bernd-dittrich-3MdsHe3IIOk-unsplash.jpg	turbo	444	90	identity_auto	38.663	92.111	0.3162	ImageMagick	90.0
textures	bernd-dittrich-3MdsHe3IIOk-unsplash.jpg	turbo	444	90	model_off	38.966	91.652	0.2478	ImageMagick	90.0
textures	bernd-dittrich-3MdsHe3IIOk-unsplash.jpg	turbo	444	90	model_auto	38.954	91.413	0.3050	ImageMagick	90.0
textures	bernd-dittrich-3MdsHe3IIOk-unsplash.jpg	turbo	444	90	model_policy	38.494	91.239	0.2511	ImageMagick	90.0
textures	bernd-dittrich-3MdsHe3IIOk-unsplash.jpg	turbo	444	90	model_proj	38.591	91.541	0.2503	ImageMagick	90.0
textures	bernd-dittrich-3MdsHe3IIOk-unsplash.jpg	mozjpeg	420	15	identity_off	22.183	14.862	3.6953	Mozjpeg	15.0
textures	bernd-dittrich-3MdsHe3IIOk-unsplash.jpg	mozjpeg	420	15	identity_auto	22.316	10.015	3.7823	Mozjpeg	15.0
textures	bernd-dittrich-3MdsHe3IIOk-unsplash.jpg	mozjpeg	420	15	model_off	22.501	15.673	3.6794	Mozjpeg	15.0
textures	bernd-dittrich-3MdsHe3IIOk-unsplash.jpg	mozjpeg	420	15	model_auto	22.467	11.800	3.7455	Mozjpeg	15.0
textures	bernd-dittrich-3MdsHe3IIOk-unsplash.jpg	mozjpeg	420	15	model_policy	22.555	15.553	3.6669	Mozjpeg	15.0
textures	bernd-dittrich-3MdsHe3IIOk-unsplash.jpg	mozjpeg	420	15	model_proj	22.555	15.554	3.6669	Mozjpeg	15.0
textures	bernd-dittrich-3MdsHe3IIOk-unsplash.jpg	mozjpeg	420	35	identity_off	24.964	50.008	2.3223	Mozjpeg	35.0
textures	bernd-dittrich-3MdsHe3IIOk-unsplash.jpg	mozjpeg	420	35	identity_auto	25.064	46.812	2.4063	Mozjpeg	35.0
textures	bernd-dittrich-3MdsHe3IIOk-unsplash.jpg	mozjpeg	420	35	model_off	25.314	50.784	2.2929	Mozjpeg	35.0
textures	bernd-dittrich-3MdsHe3IIOk-unsplash.jpg	mozjpeg	420	35	model_auto	25.288	48.175	2.3659	Mozjpeg	35.0
textures	bernd-dittrich-3MdsHe3IIOk-unsplash.jpg	mozjpeg	420	35	model_policy	25.402	50.787	2.2755	Mozjpeg	35.0
textures	bernd-dittrich-3MdsHe3IIOk-unsplash.jpg	mozjpeg	420	35	model_proj	25.402	50.787	2.2754	Mozjpeg	35.0
textures	bernd-dittrich-3MdsHe3IIOk-unsplash.jpg	mozjpeg	420	55	identity_off	26.521	62.062	1.8607	Mozjpeg	55.0
textures	bernd-dittrich-3MdsHe3IIOk-unsplash.jpg	mozjpeg	420	55	identity_auto	26.606	59.739	1.9290	Mozjpeg	55.0
textures	bernd-dittrich-3MdsHe3IIOk-unsplash.jpg	mozjpeg	420	55	model_off	26.860	62.708	1.8356	Mozjpeg	55.0
textures	bernd-dittrich-3MdsHe3IIOk-unsplash.jpg	mozjpeg	420	55	model_auto	26.846	60.799	1.8918	Mozjpeg	55.0
textures	bernd-dittrich-3MdsHe3IIOk-unsplash.jpg	mozjpeg	420	55	model_policy	26.958	62.860	1.8154	Mozjpeg	55.0
textures	bernd-dittrich-3MdsHe3IIOk-unsplash.jpg	mozjpeg	420	55	model_proj	26.960	62.882	1.8143	Mozjpeg	55.0
textures	bernd-dittrich-3MdsHe3IIOk-unsplash.jpg	mozjpeg	420	75	identity_off	28.971	73.160	1.3447	Mozjpeg	75.0
textures	bernd-dittrich-3MdsHe3IIOk-unsplash.jpg	mozjpeg	420	75	identity_auto	29.016	72.145	1.3641	Mozjpeg	75.0
textures	bernd-dittrich-3MdsHe3IIOk-unsplash.jpg	mozjpeg	420	75	model_off	29.269	73.814	1.3261	Mozjpeg	75.0
textures	bernd-dittrich-3MdsHe3IIOk-unsplash.jpg	mozjpeg	420	75	model_auto	29.227	72.830	1.3346	Mozjpeg	75.0
textures	bernd-dittrich-3MdsHe3IIOk-unsplash.jpg	mozjpeg	420	75	model_policy	29.385	73.933	1.3134	Mozjpeg	75.0
textures	bernd-dittrich-3MdsHe3IIOk-unsplash.jpg	mozjpeg	420	75	model_proj	29.411	73.996	1.3056	Mozjpeg	75.0
textures	bernd-dittrich-3MdsHe3IIOk-unsplash.jpg	mozjpeg	420	90	identity_off	33.720	84.429	0.6719	Mozjpeg	90.0
textures	bernd-dittrich-3MdsHe3IIOk-unsplash.jpg	mozjpeg	420	90	identity_auto	33.786	84.189	0.7264	Mozjpeg	90.0
textures	bernd-dittrich-3MdsHe3IIOk-unsplash.jpg	mozjpeg	420	90	model_off	34.036	85.093	0.6510	Mozjpeg	90.0
textures	bernd-dittrich-3MdsHe3IIOk-unsplash.jpg	mozjpeg	420	90	model_auto	34.052	84.867	0.6971	Mozjpeg	90.0
textures	bernd-dittrich-3MdsHe3IIOk-unsplash.jpg	mozjpeg	420	90	model_policy	34.200	85.155	0.6459	Mozjpeg	90.0
textures	bernd-dittrich-3MdsHe3IIOk-unsplash.jpg	mozjpeg	420	90	model_proj	34.439	85.299	0.6337	Mozjpeg	90.0
textures	bernd-dittrich-3MdsHe3IIOk-unsplash.jpg	mozjpeg	444	15	identity_off	22.510	21.756	3.5958	Mozjpeg	15.0
textures	bernd-dittrich-3MdsHe3IIOk-unsplash.jpg	mozjpeg	444	15	identity_auto	22.692	18.514	3.6655	Mozjpeg	15.0
textures	bernd-dittrich-3MdsHe3IIOk-unsplash.jpg	mozjpeg	444	15	model_off	22.836	22.542	3.5879	Mozjpeg	15.0
textures	bernd-dittrich-3MdsHe3IIOk-unsplash.jpg	mozjpeg	444	15	model_auto	22.840	19.723	3.6376	Mozjpeg	15.0
textures	bernd-dittrich-3MdsHe3IIOk-unsplash.jpg	mozjpeg	444	15	model_policy	22.859	22.168	3.5795	Mozjpeg	15.0
textures	bernd-dittrich-3MdsHe3IIOk-unsplash.jpg	mozjpeg	444	15	model_proj	22.859	22.169	3.5795	Mozjpeg	15.0
textures	bernd-dittrich-3MdsHe3IIOk-unsplash.jpg	mozjpeg	444	35	identity_off	25.441	56.418	2.2361	Mozjpeg	35.0
textures	bernd-dittrich-3MdsHe3IIOk-unsplash.jpg	mozjpeg	444	35	identity_auto	25.562	54.162	2.3042	Mozjpeg	35.0
textures	bernd-dittrich-3MdsHe3IIOk-unsplash.jpg	mozjpeg	444	35	model_off	25.760	56.727	2.2128	Mozjpeg	35.0
textures	bernd-dittrich-3MdsHe3IIOk-unsplash.jpg	mozjpeg	444	35	model_auto	25.751	54.760	2.2754	Mozjpeg	35.0
textures	bernd-dittrich-3MdsHe3IIOk-unsplash.jpg	mozjpeg	444	35	model_policy	25.766	56.516	2.2011	Mozjpeg	35.0
textures	bernd-dittrich-3MdsHe3IIOk-unsplash.jpg	mozjpeg	444	35	model_proj	25.767	56.521	2.2010	Mozjpeg	35.0
textures	bernd-dittrich-3MdsHe3IIOk-unsplash.jpg	mozjpeg	444	55	identity_off	27.080	66.922	1.7807	Mozjpeg	55.0
textures	bernd-dittrich-3MdsHe3IIOk-unsplash.jpg	mozjpeg	444	55	identity_auto	27.172	65.371	1.8370	Mozjpeg	55.0
textures	bernd-dittrich-3MdsHe3IIOk-unsplash.jpg	mozjpeg	444	55	model_off	27.370	67.086	1.7600	Mozjpeg	55.0
textures	bernd-dittrich-3MdsHe3IIOk-unsplash.jpg	mozjpeg	444	55	model_auto	27.359	65.632	1.8084	Mozjpeg	55.0
textures	bernd-dittrich-3MdsHe3IIOk-unsplash.jpg	mozjpeg	444	55	model_policy	27.360	66.880	1.7489	Mozjpeg	55.0
textures	bernd-dittrich-3MdsHe3IIOk-unsplash.jpg	mozjpeg	444	55	model_proj	27.365	66.931	1.7488	Mozjpeg	55.0
textures	bernd-dittrich-3MdsHe3IIOk-unsplash.jpg	mozjpeg	444	75	identity_off	29.512	76.152	1.2892	Mozjpeg	75.0
textures	bernd-dittrich-3MdsHe3IIOk-unsplash.jpg	mozjpeg	444	75	identity_auto	29.563	75.489	1.3005	Mozjpeg	75.0
textures	bernd-dittrich-3MdsHe3IIOk-unsplash.jpg	mozjpeg	444	75	model_off	29.738	76.072	1.2716	Mozjpeg	75.0
textures	bernd-dittrich-3MdsHe3IIOk-unsplash.jpg	mozjpeg	444	75	model_auto	29.712	75.392	1.2787	Mozjpeg	75.0
textures	bernd-dittrich-3MdsHe3IIOk-unsplash.jpg	mozjpeg	444	75	model_policy	29.694	75.750	1.2657	Mozjpeg	75.0
textures	bernd-dittrich-3MdsHe3IIOk-unsplash.jpg	mozjpeg	444	75	model_proj	29.712	75.890	1.2660	Mozjpeg	75.0
textures	bernd-dittrich-3MdsHe3IIOk-unsplash.jpg	mozjpeg	444	90	identity_off	35.143	87.538	0.6089	Mozjpeg	90.0
textures	bernd-dittrich-3MdsHe3IIOk-unsplash.jpg	mozjpeg	444	90	identity_auto	35.168	87.444	0.6409	Mozjpeg	90.0
textures	bernd-dittrich-3MdsHe3IIOk-unsplash.jpg	mozjpeg	444	90	model_off	35.259	87.008	0.6018	Mozjpeg	90.0
textures	bernd-dittrich-3MdsHe3IIOk-unsplash.jpg	mozjpeg	444	90	model_auto	35.261	86.932	0.6249	Mozjpeg	90.0
textures	bernd-dittrich-3MdsHe3IIOk-unsplash.jpg	mozjpeg	444	90	model_policy	35.016	86.430	0.6030	Mozjpeg	90.0
textures	bernd-dittrich-3MdsHe3IIOk-unsplash.jpg	mozjpeg	444	90	model_proj	35.130	86.936	0.6026	Mozjpeg	90.0
textures	bernd-dittrich-3MdsHe3IIOk-unsplash.jpg	jpegli	420	15	identity_off	22.704	32.965	3.1984	CjpegliYcbcr	14.2
textures	bernd-dittrich-3MdsHe3IIOk-unsplash.jpg	jpegli	420	15	identity_auto	22.854	27.596	3.2870	CjpegliYcbcr	14.2
textures	bernd-dittrich-3MdsHe3IIOk-unsplash.jpg	jpegli	420	15	model_off	23.022	33.098	3.1720	CjpegliYcbcr	14.2
textures	bernd-dittrich-3MdsHe3IIOk-unsplash.jpg	jpegli	420	15	model_auto	23.038	29.427	3.2412	CjpegliYcbcr	14.2
textures	bernd-dittrich-3MdsHe3IIOk-unsplash.jpg	jpegli	420	15	model_policy	23.095	33.429	3.1563	CjpegliYcbcr	14.2
textures	bernd-dittrich-3MdsHe3IIOk-unsplash.jpg	jpegli	420	15	model_proj	23.095	33.444	3.1561	CjpegliYcbcr	14.2
textures	bernd-dittrich-3MdsHe3IIOk-unsplash.jpg	jpegli	420	35	identity_off	24.843	51.590	2.2999	CjpegliYcbcr	7.2
textures	bernd-dittrich-3MdsHe3IIOk-unsplash.jpg	jpegli	420	35	identity_auto	24.953	48.745	2.3307	CjpegliYcbcr	7.2
textures	bernd-dittrich-3MdsHe3IIOk-unsplash.jpg	jpegli	420	35	model_off	25.170	52.116	2.2742	CjpegliYcbcr	7.2
textures	bernd-dittrich-3MdsHe3IIOk-unsplash.jpg	jpegli	420	35	model_auto	25.184	50.052	2.2937	CjpegliYcbcr	7.2
textures	bernd-dittrich-3MdsHe3IIOk-unsplash.jpg	jpegli	420	35	model_policy	25.271	52.486	2.2560	CjpegliYcbcr	7.2
textures	bernd-dittrich-3MdsHe3IIOk-unsplash.jpg	jpegli	420	35	model_proj	25.287	52.587	2.2480	CjpegliYcbcr	7.2
textures	bernd-dittrich-3MdsHe3IIOk-unsplash.jpg	jpegli	420	55	identity_off	26.393	59.810	1.8438	CjpegliYcbcr	5.2
textures	bernd-dittrich-3MdsHe3IIOk-unsplash.jpg	jpegli	420	55	identity_auto	26.494	58.118	1.8938	CjpegliYcbcr	5.2
textures	bernd-dittrich-3MdsHe3IIOk-unsplash.jpg	jpegli	420	55	model_off	26.703	60.239	1.8233	CjpegliYcbcr	5.2
textures	bernd-dittrich-3MdsHe3IIOk-unsplash.jpg	jpegli	420	55	model_auto	26.726	58.983	1.8627	CjpegliYcbcr	5.2
textures	bernd-dittrich-3MdsHe3IIOk-unsplash.jpg	jpegli	420	55	model_policy	26.815	60.530	1.8079	CjpegliYcbcr	5.2
textures	bernd-dittrich-3MdsHe3IIOk-unsplash.jpg	jpegli	420	55	model_proj	26.886	60.789	1.7857	CjpegliYcbcr	5.2
textures	bernd-dittrich-3MdsHe3IIOk-unsplash.jpg	jpegli	420	75	identity_off	28.919	70.135	1.2776	CjpegliYcbcr	3.0
textures	bernd-dittrich-3MdsHe3IIOk-unsplash.jpg	jpegli	420	75	identity_auto	28.998	69.230	1.3202	CjpegliYcbcr	3.0
textures	bernd-dittrich-3MdsHe3IIOk-unsplash.jpg	jpegli	420	75	model_off	29.211	70.722	1.2537	CjpegliYcbcr	3.0
textures	bernd-dittrich-3MdsHe3IIOk-unsplash.jpg	jpegli	420	75	model_auto	29.228	69.980	1.2929	CjpegliYcbcr	3.0
textures	bernd-dittrich-3MdsHe3IIOk-unsplash.jpg	jpegli	420	75	model_policy	29.336	70.862	1.2480	CjpegliYcbcr	3.0
textures	bernd-dittrich-3MdsHe3IIOk-unsplash.jpg	jpegli	420	75	model_proj	29.532	71.178	1.2257	CjpegliYcbcr	3.0
textures	bernd-dittrich-3MdsHe3IIOk-unsplash.jpg	jpegli	420	90	identity_off	33.884	83.735	0.5263	CjpegliYcbcr	1.3
textures	bernd-dittrich-3MdsHe3IIOk-unsplash.jpg	jpegli	420	90	identity_auto	33.962	83.388	0.5915	CjpegliYcbcr	1.3
textures	bernd-dittrich-3MdsHe3IIOk-unsplash.jpg	jpegli	420	90	model_off	34.311	84.407	0.5060	CjpegliYcbcr	1.3
textures	bernd-dittrich-3MdsHe3IIOk-unsplash.jpg	jpegli	420	90	model_auto	34.358	84.121	0.5587	CjpegliYcbcr	1.3
textures	bernd-dittrich-3MdsHe3IIOk-unsplash.jpg	jpegli	420	90	model_policy	34.484	84.493	0.5020	CjpegliYcbcr	1.3
textures	bernd-dittrich-3MdsHe3IIOk-unsplash.jpg	jpegli	420	90	model_proj	35.184	85.015	0.4838	CjpegliYcbcr	1.3
textures	bernd-dittrich-3MdsHe3IIOk-unsplash.jpg	jpegli	444	15	identity_off	23.164	38.261	2.9125	CjpegliYcbcr	11.8
textures	bernd-dittrich-3MdsHe3IIOk-unsplash.jpg	jpegli	444	15	identity_auto	23.351	35.317	2.9920	CjpegliYcbcr	11.8
textures	bernd-dittrich-3MdsHe3IIOk-unsplash.jpg	jpegli	444	15	model_off	23.552	39.436	2.8823	CjpegliYcbcr	11.8
textures	bernd-dittrich-3MdsHe3IIOk-unsplash.jpg	jpegli	444	15	model_auto	23.601	37.400	2.9467	CjpegliYcbcr	11.8
textures	bernd-dittrich-3MdsHe3IIOk-unsplash.jpg	jpegli	444	15	model_policy	23.630	39.530	2.8707	CjpegliYcbcr	11.8
textures	bernd-dittrich-3MdsHe3IIOk-unsplash.jpg	jpegli	444	15	model_proj	23.630	39.531	2.8707	CjpegliYcbcr	11.8
textures	bernd-dittrich-3MdsHe3IIOk-unsplash.jpg	jpegli	444	35	identity_off	25.590	55.745	2.0570	CjpegliYcbcr	6.0
textures	bernd-dittrich-3MdsHe3IIOk-unsplash.jpg	jpegli	444	35	identity_auto	25.742	54.012	2.1116	CjpegliYcbcr	6.0
textures	bernd-dittrich-3MdsHe3IIOk-unsplash.jpg	jpegli	444	35	model_off	25.965	56.517	2.0298	CjpegliYcbcr	6.0
textures	bernd-dittrich-3MdsHe3IIOk-unsplash.jpg	jpegli	444	35	model_auto	26.013	55.123	2.0750	CjpegliYcbcr	6.0
textures	bernd-dittrich-3MdsHe3IIOk-unsplash.jpg	jpegli	444	35	model_policy	26.061	56.806	2.0151	CjpegliYcbcr	6.0
textures	bernd-dittrich-3MdsHe3IIOk-unsplash.jpg	jpegli	444	35	model_proj	26.064	56.835	2.0141	CjpegliYcbcr	6.0
textures	bernd-dittrich-3MdsHe3IIOk-unsplash.jpg	jpegli	444	55	identity_off	27.133	63.307	1.6463	CjpegliYcbcr	4.1
textures	bernd-dittrich-3MdsHe3IIOk-unsplash.jpg	jpegli	444	55	identity_auto	27.269	62.103	1.6934	CjpegliYcbcr	4.1
textures	bernd-dittrich-3MdsHe3IIOk-unsplash.jpg	jpegli	444	55	model_off	27.498	63.981	1.6187	CjpegliYcbcr	4.1
textures	bernd-dittrich-3MdsHe3IIOk-unsplash.jpg	jpegli	444	55	model_auto	27.536	62.908	1.6603	CjpegliYcbcr	4.1
textures	bernd-dittrich-3MdsHe3IIOk-unsplash.jpg	jpegli	444	55	model_policy	27.600	64.014	1.6097	CjpegliYcbcr	4.1
textures	bernd-dittrich-3MdsHe3IIOk-unsplash.jpg	jpegli	444	55	model_proj	27.623	64.131	1.6051	CjpegliYcbcr	4.1
textures	bernd-dittrich-3MdsHe3IIOk-unsplash.jpg	jpegli	444	75	identity_off	29.781	73.422	1.1060	CjpegliYcbcr	2.3
textures	bernd-dittrich-3MdsHe3IIOk-unsplash.jpg	jpegli	444	75	identity_auto	29.902	72.852	1.1483	CjpegliYcbcr	2.3
textures	bernd-dittrich-3MdsHe3IIOk-unsplash.jpg	jpegli	444	75	model_off	30.139	74.065	1.0802	CjpegliYcbcr	2.3
textures	bernd-dittrich-3MdsHe3IIOk-unsplash.jpg	jpegli	444	75	model_auto	30.199	73.515	1.1200	CjpegliYcbcr	2.3
textures	bernd-dittrich-3MdsHe3IIOk-unsplash.jpg	jpegli	444	75	model_policy	30.189	73.902	1.0820	CjpegliYcbcr	2.3
textures	bernd-dittrich-3MdsHe3IIOk-unsplash.jpg	jpegli	444	75	model_proj	30.286	74.087	1.0754	CjpegliYcbcr	2.3
textures	bernd-dittrich-3MdsHe3IIOk-unsplash.jpg	jpegli	444	90	identity_off	34.789	86.435	0.4414	CjpegliYcbcr	1.1
textures	bernd-dittrich-3MdsHe3IIOk-unsplash.jpg	jpegli	444	90	identity_auto	34.904	86.280	0.4897	CjpegliYcbcr	1.1
textures	bernd-dittrich-3MdsHe3IIOk-unsplash.jpg	jpegli	444	90	model_off	35.393	86.941	0.4221	CjpegliYcbcr	1.1
textures	bernd-dittrich-3MdsHe3IIOk-unsplash.jpg	jpegli	444	90	model_auto	35.464	86.799	0.4610	CjpegliYcbcr	1.1
textures	bernd-dittrich-3MdsHe3IIOk-unsplash.jpg	jpegli	444	90	model_policy	35.360	86.713	0.4274	CjpegliYcbcr	1.1
textures	bernd-dittrich-3MdsHe3IIOk-unsplash.jpg	jpegli	444	90	model_proj	35.717	87.010	0.4258	CjpegliYcbcr	1.1
textures	bernd-dittrich-3MdsHe3IIOk-unsplash.jpg	zenjpeg	420	15	identity_off	22.702	32.784	3.2005	CjpegliYcbcr	14.2
textures	bernd-dittrich-3MdsHe3IIOk-unsplash.jpg	zenjpeg	420	15	identity_auto	22.852	27.379	3.2894	CjpegliYcbcr	14.2
textures	bernd-dittrich-3MdsHe3IIOk-unsplash.jpg	zenjpeg	420	15	model_off	23.020	32.874	3.1741	CjpegliYcbcr	14.2
textures	bernd-dittrich-3MdsHe3IIOk-unsplash.jpg	zenjpeg	420	15	model_auto	23.036	29.207	3.2436	CjpegliYcbcr	14.2
textures	bernd-dittrich-3MdsHe3IIOk-unsplash.jpg	zenjpeg	420	15	model_policy	23.093	33.129	3.1584	CjpegliYcbcr	14.2
textures	bernd-dittrich-3MdsHe3IIOk-unsplash.jpg	zenjpeg	420	15	model_proj	23.093	33.144	3.1581	CjpegliYcbcr	14.2
textures	bernd-dittrich-3MdsHe3IIOk-unsplash.jpg	zenjpeg	420	35	identity_off	24.838	51.557	2.3005	CjpegliYcbcr	7.2
textures	bernd-dittrich-3MdsHe3IIOk-unsplash.jpg	zenjpeg	420	35	identity_auto	24.948	48.744	2.3311	CjpegliYcbcr	7.2
textures	bernd-dittrich-3MdsHe3IIOk-unsplash.jpg	zenjpeg	420	35	model_off	25.165	52.060	2.2754	CjpegliYcbcr	7.2
textures	bernd-dittrich-3MdsHe3IIOk-unsplash.jpg	zenjpeg	420	35	model_auto	25.180	50.018	2.2943	CjpegliYcbcr	7.2
textures	bernd-dittrich-3MdsHe3IIOk-unsplash.jpg	zenjpeg	420	35	model_policy	25.267	52.465	2.2563	CjpegliYcbcr	7.2
textures	bernd-dittrich-3MdsHe3IIOk-unsplash.jpg	zenjpeg	420	35	model_proj	25.283	52.564	2.2484	CjpegliYcbcr	7.2
textures	bernd-dittrich-3MdsHe3IIOk-unsplash.jpg	zenjpeg	420	55	identity_off	26.385	59.772	1.8456	CjpegliYcbcr	5.2
textures	bernd-dittrich-3MdsHe3IIOk-unsplash.jpg	zenjpeg	420	55	identity_auto	26.485	58.039	1.8955	CjpegliYcbcr	5.2
textures	bernd-dittrich-3MdsHe3IIOk-unsplash.jpg	zenjpeg	420	55	model_off	26.695	60.213	1.8246	CjpegliYcbcr	5.2
textures	bernd-dittrich-3MdsHe3IIOk-unsplash.jpg	zenjpeg	420	55	model_auto	26.717	58.927	1.8641	CjpegliYcbcr	5.2
textures	bernd-dittrich-3MdsHe3IIOk-unsplash.jpg	zenjpeg	420	55	model_policy	26.807	60.492	1.8091	CjpegliYcbcr	5.2
textures	bernd-dittrich-3MdsHe3IIOk-unsplash.jpg	zenjpeg	420	55	model_proj	26.878	60.800	1.7868	CjpegliYcbcr	5.2
textures	bernd-dittrich-3MdsHe3IIOk-unsplash.jpg	zenjpeg	420	75	identity_off	28.906	69.919	1.2807	CjpegliYcbcr	3.0
textures	bernd-dittrich-3MdsHe3IIOk-unsplash.jpg	zenjpeg	420	75	identity_auto	28.986	69.012	1.3234	CjpegliYcbcr	3.0
textures	bernd-dittrich-3MdsHe3IIOk-unsplash.jpg	zenjpeg	420	75	model_off	29.199	70.486	1.2561	CjpegliYcbcr	3.0
textures	bernd-dittrich-3MdsHe3IIOk-unsplash.jpg	zenjpeg	420	75	model_auto	29.216	69.749	1.2952	CjpegliYcbcr	3.0
textures	bernd-dittrich-3MdsHe3IIOk-unsplash.jpg	zenjpeg	420	75	model_policy	29.324	70.617	1.2510	CjpegliYcbcr	3.0
textures	bernd-dittrich-3MdsHe3IIOk-unsplash.jpg	zenjpeg	420	75	model_proj	29.521	70.892	1.2284	CjpegliYcbcr	3.0
textures	bernd-dittrich-3MdsHe3IIOk-unsplash.jpg	zenjpeg	420	90	identity_off	33.881	83.699	0.5291	CjpegliYcbcr	1.3
textures	bernd-dittrich-3MdsHe3IIOk-unsplash.jpg	zenjpeg	420	90	identity_auto	33.958	83.349	0.5939	CjpegliYcbcr	1.3
textures	bernd-dittrich-3MdsHe3IIOk-unsplash.jpg	zenjpeg	420	90	model_off	34.306	84.361	0.5089	CjpegliYcbcr	1.3
textures	bernd-dittrich-3MdsHe3IIOk-unsplash.jpg	zenjpeg	420	90	model_auto	34.353	84.079	0.5613	CjpegliYcbcr	1.3
textures	bernd-dittrich-3MdsHe3IIOk-unsplash.jpg	zenjpeg	420	90	model_policy	34.481	84.423	0.5048	CjpegliYcbcr	1.3
textures	bernd-dittrich-3MdsHe3IIOk-unsplash.jpg	zenjpeg	420	90	model_proj	35.180	84.937	0.4864	CjpegliYcbcr	1.3
textures	bernd-dittrich-3MdsHe3IIOk-unsplash.jpg	zenjpeg	444	15	identity_off	23.159	38.131	2.9150	CjpegliYcbcr	11.8
textures	bernd-dittrich-3MdsHe3IIOk-unsplash.jpg	zenjpeg	444	15	identity_auto	23.346	35.206	2.9941	CjpegliYcbcr	11.8
textures	bernd-dittrich-3MdsHe3IIOk-unsplash.jpg	zenjpeg	444	15	model_off	23.547	39.335	2.8850	CjpegliYcbcr	11.8
textures	bernd-dittrich-3MdsHe3IIOk-unsplash.jpg	zenjpeg	444	15	model_auto	23.596	37.313	2.9492	CjpegliYcbcr	11.8
textures	bernd-dittrich-3MdsHe3IIOk-unsplash.jpg	zenjpeg	444	15	model_policy	23.624	39.446	2.8737	CjpegliYcbcr	11.8
textures	bernd-dittrich-3MdsHe3IIOk-unsplash.jpg	zenjpeg	444	15	model_proj	23.624	39.458	2.8737	CjpegliYcbcr	11.8
textures	bernd-dittrich-3MdsHe3IIOk-unsplash.jpg	zenjpeg	444	35	identity_off	25.584	55.537	2.0581	CjpegliYcbcr	6.0
textures	bernd-dittrich-3MdsHe3IIOk-unsplash.jpg	zenjpeg	444	35	identity_auto	25.736	53.808	2.1124	CjpegliYcbcr	6.0
textures	bernd-dittrich-3MdsHe3IIOk-unsplash.jpg	zenjpeg	444	35	model_off	25.959	56.314	2.0309	CjpegliYcbcr	6.0
textures	bernd-dittrich-3MdsHe3IIOk-unsplash.jpg	zenjpeg	444	35	model_auto	26.008	54.921	2.0757	CjpegliYcbcr	6.0
textures	bernd-dittrich-3MdsHe3IIOk-unsplash.jpg	zenjpeg	444	35	model_policy	26.054	56.636	2.0162	CjpegliYcbcr	6.0
textures	bernd-dittrich-3MdsHe3IIOk-unsplash.jpg	zenjpeg	444	35	model_proj	26.057	56.673	2.0152	CjpegliYcbcr	6.0
textures	bernd-dittrich-3MdsHe3IIOk-unsplash.jpg	zenjpeg	444	55	identity_off	27.122	63.162	1.6500	CjpegliYcbcr	4.1
textures	bernd-dittrich-3MdsHe3IIOk-unsplash.jpg	zenjpeg	444	55	identity_auto	27.258	61.989	1.6972	CjpegliYcbcr	4.1
textures	bernd-dittrich-3MdsHe3IIOk-unsplash.jpg	zenjpeg	444	55	model_off	27.487	63.849	1.6225	CjpegliYcbcr	4.1
textures	bernd-dittrich-3MdsHe3IIOk-unsplash.jpg	zenjpeg	444	55	model_auto	27.526	62.789	1.6639	CjpegliYcbcr	4.1
textures	bernd-dittrich-3MdsHe3IIOk-unsplash.jpg	zenjpeg	444	55	model_policy	27.588	63.889	1.6136	CjpegliYcbcr	4.1
textures	bernd-dittrich-3MdsHe3IIOk-unsplash.jpg	zenjpeg	444	55	model_proj	27.611	63.991	1.6089	CjpegliYcbcr	4.1
textures	bernd-dittrich-3MdsHe3IIOk-unsplash.jpg	zenjpeg	444	75	identity_off	29.762	73.304	1.1109	CjpegliYcbcr	2.3
textures	bernd-dittrich-3MdsHe3IIOk-unsplash.jpg	zenjpeg	444	75	identity_auto	29.883	72.749	1.1527	CjpegliYcbcr	2.3
textures	bernd-dittrich-3MdsHe3IIOk-unsplash.jpg	zenjpeg	444	75	model_off	30.120	73.961	1.0849	CjpegliYcbcr	2.3
textures	bernd-dittrich-3MdsHe3IIOk-unsplash.jpg	zenjpeg	444	75	model_auto	30.180	73.395	1.1246	CjpegliYcbcr	2.3
textures	bernd-dittrich-3MdsHe3IIOk-unsplash.jpg	zenjpeg	444	75	model_policy	30.174	73.813	1.0867	CjpegliYcbcr	2.3
textures	bernd-dittrich-3MdsHe3IIOk-unsplash.jpg	zenjpeg	444	75	model_proj	30.270	74.017	1.0800	CjpegliYcbcr	2.3
textures	bernd-dittrich-3MdsHe3IIOk-unsplash.jpg	zenjpeg	444	90	identity_off	34.774	86.410	0.4448	CjpegliYcbcr	1.1
textures	bernd-dittrich-3MdsHe3IIOk-unsplash.jpg	zenjpeg	444	90	identity_auto	34.888	86.243	0.4934	CjpegliYcbcr	1.1
textures	bernd-dittrich-3MdsHe3IIOk-unsplash.jpg	zenjpeg	444	90	model_off	35.377	86.935	0.4260	CjpegliYcbcr	1.1
textures	bernd-dittrich-3MdsHe3IIOk-unsplash.jpg	zenjpeg	444	90	model_auto	35.448	86.732	0.4650	CjpegliYcbcr	1.1
textures	bernd-dittrich-3MdsHe3IIOk-unsplash.jpg	zenjpeg	444	90	model_policy	35.343	86.673	0.4314	CjpegliYcbcr	1.1
textures	bernd-dittrich-3MdsHe3IIOk-unsplash.jpg	zenjpeg	444	90	model_proj	35.699	86.946	0.4298	CjpegliYcbcr	1.1
textures	haberdoedas-5BsnVq1qTis-unsplash.jpg	turbo	420	15	identity_off	30.019	-15.580	2.9187	Unknown	15.0
textures	haberdoedas-5BsnVq1qTis-unsplash.jpg	turbo	420	15	identity_auto	30.123	-6.400	2.8667	Unknown	15.0
textures	haberdoedas-5BsnVq1qTis-unsplash.jpg	turbo	420	15	model_off	30.461	-2.804	2.8349	Unknown	15.0
textures	haberdoedas-5BsnVq1qTis-unsplash.jpg	turbo	420	15	model_auto	30.432	-3.421	2.8440	Unknown	15.0
textures	haberdoedas-5BsnVq1qTis-unsplash.jpg	turbo	420	15	model_policy	30.463	-1.861	2.8462	Unknown	15.0
textures	haberdoedas-5BsnVq1qTis-unsplash.jpg	turbo	420	15	model_proj	30.464	-1.839	2.8456	Unknown	15.0
textures	haberdoedas-5BsnVq1qTis-unsplash.jpg	turbo	420	35	identity_off	31.563	33.796	2.0288	ImageMagick	35.0
textures	haberdoedas-5BsnVq1qTis-unsplash.jpg	turbo	420	35	identity_auto	31.609	32.186	2.0579	ImageMagick	35.0
textures	haberdoedas-5BsnVq1qTis-unsplash.jpg	turbo	420	35	model_off	31.846	35.629	2.0045	ImageMagick	35.0
textures	haberdoedas-5BsnVq1qTis-unsplash.jpg	turbo	420	35	model_auto	31.717	32.659	2.0514	ImageMagick	35.0
textures	haberdoedas-5BsnVq1qTis-unsplash.jpg	turbo	420	35	model_policy	31.837	35.713	2.0104	ImageMagick	35.0
textures	haberdoedas-5BsnVq1qTis-unsplash.jpg	turbo	420	35	model_proj	31.837	35.715	2.0104	ImageMagick	35.0
textures	haberdoedas-5BsnVq1qTis-unsplash.jpg	turbo	420	55	identity_off	32.287	49.994	1.7765	ImageMagick	55.0
textures	haberdoedas-5BsnVq1qTis-unsplash.jpg	turbo	420	55	identity_auto	32.324	47.126	1.8196	ImageMagick	55.0
textures	haberdoedas-5BsnVq1qTis-unsplash.jpg	turbo	420	55	model_off	32.516	50.567	1.7641	ImageMagick	55.0
textures	haberdoedas-5BsnVq1qTis-unsplash.jpg	turbo	420	55	model_auto	32.381	47.265	1.8154	ImageMagick	55.0
textures	haberdoedas-5BsnVq1qTis-unsplash.jpg	turbo	420	55	model_policy	32.513	50.643	1.7692	ImageMagick	55.0
textures	haberdoedas-5BsnVq1qTis-unsplash.jpg	turbo	420	55	model_proj	32.513	50.643	1.7692	ImageMagick	55.0
textures	haberdoedas-5BsnVq1qTis-unsplash.jpg	turbo	420	75	identity_off	33.210	60.481	1.5183	ImageMagick	75.0
textures	haberdoedas-5BsnVq1qTis-unsplash.jpg	turbo	420	75	identity_auto	33.200	58.246	1.5431	ImageMagick	75.0
textures	haberdoedas-5BsnVq1qTis-unsplash.jpg	turbo	420	75	model_off	33.298	60.319	1.5196	ImageMagick	75.0
textures	haberdoedas-5BsnVq1qTis-unsplash.jpg	turbo	420	75	model_auto	33.217	58.210	1.5439	ImageMagick	75.0
textures	haberdoedas-5BsnVq1qTis-unsplash.jpg	turbo	420	75	model_policy	33.304	60.358	1.5228	ImageMagick	75.0
textures	haberdoedas-5BsnVq1qTis-unsplash.jpg	turbo	420	75	model_proj	33.305	60.385	1.5225	ImageMagick	75.0
textures	haberdoedas-5BsnVq1qTis-unsplash.jpg	turbo	420	90	identity_off	47.826	91.512	0.2228	ImageMagick	90.0
textures	haberdoedas-5BsnVq1qTis-unsplash.jpg	turbo	420	90	identity_auto	46.988	90.590	0.3097	ImageMagick	90.0
textures	haberdoedas-5BsnVq1qTis-unsplash.jpg	turbo	420	90	model_off	47.272	91.095	0.2346	ImageMagick	90.0
textures	haberdoedas-5BsnVq1qTis-unsplash.jpg	turbo	420	90	model_auto	46.740	90.473	0.3107	ImageMagick	90.0
textures	haberdoedas-5BsnVq1qTis-unsplash.jpg	turbo	420	90	model_policy	47.394	90.999	0.2378	ImageMagick	90.0
textures	haberdoedas-5BsnVq1qTis-unsplash.jpg	turbo	420	90	model_proj	47.287	90.765	0.2460	ImageMagick	90.0
textures	haberdoedas-5BsnVq1qTis-unsplash.jpg	turbo	444	15	identity_off	30.063	-14.355	2.8963	Unknown	15.0
textures	haberdoedas-5BsnVq1qTis-unsplash.jpg	turbo	444	15	identity_auto	30.243	-3.984	2.8381	Unknown	15.0
textures	haberdoedas-5BsnVq1qTis-unsplash.jpg	turbo	444	15	model_off	30.549	-1.349	2.8244	Unknown	15.0
textures	haberdoedas-5BsnVq1qTis-unsplash.jpg	turbo	444	15	model_auto	30.546	-1.774	2.8218	Unknown	15.0
textures	haberdoedas-5BsnVq1qTis-unsplash.jpg	turbo	444	15	model_policy	30.536	-0.421	2.8377	Unknown	15.0
textures	haberdoedas-5BsnVq1qTis-unsplash.jpg	turbo	444	15	model_proj	30.541	-0.367	2.8360	Unknown	15.0
textures	haberdoedas-5BsnVq1qTis-unsplash.jpg	turbo	444	35	identity_off	31.648	35.161	2.0200	ImageMagick	35.0
textures	haberdoedas-5BsnVq1qTis-unsplash.jpg	turbo	444	35	identity_auto	31.730	34.121	2.0454	ImageMagick	35.0
textures	haberdoedas-5BsnVq1qTis-unsplash.jpg	turbo	444	35	model_off	31.940	36.978	1.9946	ImageMagick	35.0
textures	haberdoedas-5BsnVq1qTis-unsplash.jpg	turbo	444	35	model_auto	31.829	34.316	2.0399	ImageMagick	35.0
textures	haberdoedas-5BsnVq1qTis-unsplash.jpg	turbo	444	35	model_policy	31.934	37.085	2.0002	ImageMagick	35.0
textures	haberdoedas-5BsnVq1qTis-unsplash.jpg	turbo	444	35	model_proj	31.934	37.087	2.0002	ImageMagick	35.0
textures	haberdoedas-5BsnVq1qTis-unsplash.jpg	turbo	444	55	identity_off	32.350	51.075	1.7735	ImageMagick	55.0
textures	haberdoedas-5BsnVq1qTis-unsplash.jpg	turbo	444	55	identity_auto	32.411	48.716	1.8139	ImageMagick	55.0
textures	haberdoedas-5BsnVq1qTis-unsplash.jpg	turbo	444	55	model_off	32.590	51.645	1.7612	ImageMagick	55.0
textures	haberdoedas-5BsnVq1qTis-unsplash.jpg	turbo	444	55	model_auto	32.465	48.689	1.8100	ImageMagick	55.0
textures	haberdoedas-5BsnVq1qTis-unsplash.jpg	turbo	444	55	model_policy	32.584	51.668	1.7666	ImageMagick	55.0
textures	haberdoedas-5BsnVq1qTis-unsplash.jpg	turbo	444	55	model_proj	32.585	51.667	1.7666	ImageMagick	55.0
textures	haberdoedas-5BsnVq1qTis-unsplash.jpg	turbo	444	75	identity_off	33.273	61.313	1.5176	ImageMagick	75.0
textures	haberdoedas-5BsnVq1qTis-unsplash.jpg	turbo	444	75	identity_auto	33.276	59.414	1.5400	ImageMagick	75.0
textures	haberdoedas-5BsnVq1qTis-unsplash.jpg	turbo	444	75	model_off	33.366	61.141	1.5190	ImageMagick	75.0
textures	haberdoedas-5BsnVq1qTis-unsplash.jpg	turbo	444	75	model_auto	33.293	59.324	1.5408	ImageMagick	75.0
textures	haberdoedas-5BsnVq1qTis-unsplash.jpg	turbo	444	75	model_policy	33.369	61.182	1.5220	ImageMagick	75.0
textures	haberdoedas-5BsnVq1qTis-unsplash.jpg	turbo	444	75	model_proj	33.370	61.225	1.5216	ImageMagick	75.0
textures	haberdoedas-5BsnVq1qTis-unsplash.jpg	turbo	444	90	identity_off	47.034	91.939	0.2209	ImageMagick	90.0
textures	haberdoedas-5BsnVq1qTis-unsplash.jpg	turbo	444	90	identity_auto	46.360	91.099	0.3059	ImageMagick	90.0
textures	haberdoedas-5BsnVq1qTis-unsplash.jpg	turbo	444	90	model_off	46.731	91.497	0.2341	ImageMagick	90.0
textures	haberdoedas-5BsnVq1qTis-unsplash.jpg	turbo	444	90	model_auto	46.240	90.989	0.3073	ImageMagick	90.0
textures	haberdoedas-5BsnVq1qTis-unsplash.jpg	turbo	444	90	model_policy	46.745	91.421	0.2385	ImageMagick	90.0
textures	haberdoedas-5BsnVq1qTis-unsplash.jpg	turbo	444	90	model_proj	46.662	91.172	0.2441	ImageMagick	90.0
textures	haberdoedas-5BsnVq1qTis-unsplash.jpg	mozjpeg	420	15	identity_off	30.073	-20.709	3.0320	Mozjpeg	15.0
textures	haberdoedas-5BsnVq1qTis-unsplash.jpg	mozjpeg	420	15	identity_auto	30.149	-12.960	2.9873	Mozjpeg	15.0
textures	haberdoedas-5BsnVq1qTis-unsplash.jpg	mozjpeg	420	15	model_off	30.455	-8.425	2.9381	Mozjpeg	15.0
textures	haberdoedas-5BsnVq1qTis-unsplash.jpg	mozjpeg	420	15	model_auto	30.422	-9.256	2.9401	Mozjpeg	15.0
textures	haberdoedas-5BsnVq1qTis-unsplash.jpg	mozjpeg	420	15	model_policy	30.415	-7.147	2.9495	Mozjpeg	15.0
textures	haberdoedas-5BsnVq1qTis-unsplash.jpg	mozjpeg	420	15	model_proj	30.415	-7.148	2.9495	Mozjpeg	15.0
textures	haberdoedas-5BsnVq1qTis-unsplash.jpg	mozjpeg	420	35	identity_off	31.093	21.572	2.3227	Mozjpeg	35.0
textures	haberdoedas-5BsnVq1qTis-unsplash.jpg	mozjpeg	420	35	identity_auto	31.102	21.457	2.3537	Mozjpeg	35.0
textures	haberdoedas-5BsnVq1qTis-unsplash.jpg	mozjpeg	420	35	model_off	31.254	23.583	2.3394	Mozjpeg	35.0
textures	haberdoedas-5BsnVq1qTis-unsplash.jpg	mozjpeg	420	35	model_auto	31.218	22.190	2.3506	Mozjpeg	35.0
textures	haberdoedas-5BsnVq1qTis-unsplash.jpg	mozjpeg	420	35	model_policy	31.239	22.940	2.3443	Mozjpeg	35.0
textures	haberdoedas-5BsnVq1qTis-unsplash.jpg	mozjpeg	420	35	model_proj	31.239	22.941	2.3443	Mozjpeg	35.0
textures	haberdoedas-5BsnVq1qTis-unsplash.jpg	mozjpeg	420	55	identity_off	31.814	42.200	1.9593	Mozjpeg	55.0
textures	haberdoedas-5BsnVq1qTis-unsplash.jpg	mozjpeg	420	55	identity_auto	31.811	38.902	2.0112	Mozjpeg	55.0
textures	haberdoedas-5BsnVq1qTis-unsplash.jpg	mozjpeg	420	55	model_off	31.944	42.233	1.9695	Mozjpeg	55.0
textures	haberdoedas-5BsnVq1qTis-unsplash.jpg	mozjpeg	420	55	model_auto	31.867	39.246	2.0077	Mozjpeg	55.0
textures	haberdoedas-5BsnVq1qTis-unsplash.jpg	mozjpeg	420	55	model_policy	31.941	42.297	1.9739	Mozjpeg	55.0
textures	haberdoedas-5BsnVq1qTis-unsplash.jpg	mozjpeg	420	55	model_proj	31.941	42.293	1.9739	Mozjpeg	55.0
textures	haberdoedas-5BsnVq1qTis-unsplash.jpg	mozjpeg	420	75	identity_off	32.961	58.250	1.5957	Mozjpeg	75.0
textures	haberdoedas-5BsnVq1qTis-unsplash.jpg	mozjpeg	420	75	identity_auto	32.990	56.174	1.6129	Mozjpeg	75.0
textures	haberdoedas-5BsnVq1qTis-unsplash.jpg	mozjpeg	420	75	model_off	33.076	57.974	1.5935	Mozjpeg	75.0
textures	haberdoedas-5BsnVq1qTis-unsplash.jpg	mozjpeg	420	75	model_auto	33.011	56.128	1.6134	Mozjpeg	75.0
textures	haberdoedas-5BsnVq1qTis-unsplash.jpg	mozjpeg	420	75	model_policy	33.080	58.086	1.5960	Mozjpeg	75.0
textures	haberdoedas-5BsnVq1qTis-unsplash.jpg	mozjpeg	420	75	model_proj	33.080	58.084	1.5960	Mozjpeg	75.0
textures	haberdoedas-5BsnVq1qTis-unsplash.jpg	mozjpeg	420	90	identity_off	41.403	84.970	0.6298	Mozjpeg	90.0
textures	haberdoedas-5BsnVq1qTis-unsplash.jpg	mozjpeg	420	90	identity_auto	41.369	84.631	0.6521	Mozjpeg	90.0
textures	haberdoedas-5BsnVq1qTis-unsplash.jpg	mozjpeg	420	90	model_off	41.430	84.897	0.6269	Mozjpeg	90.0
textures	haberdoedas-5BsnVq1qTis-unsplash.jpg	mozjpeg	420	90	model_auto	41.361	84.628	0.6511	Mozjpeg	90.0
textures	haberdoedas-5BsnVq1qTis-unsplash.jpg	mozjpeg	420	90	model_policy	41.375	84.891	0.6299	Mozjpeg	90.0
textures	haberdoedas-5BsnVq1qTis-unsplash.jpg	mozjpeg	420	90	model_proj	41.373	84.879	0.6302	Mozjpeg	90.0
textures	haberdoedas-5BsnVq1qTis-unsplash.jpg	mozjpeg	444	15	identity_off	30.129	-20.113	3.0141	Mozjpeg	15.0
textures	haberdoedas-5BsnVq1qTis-unsplash.jpg	mozjpeg	444	15	identity_auto	30.263	-11.282	2.9628	Mozjpeg	15.0
textures	haberdoedas-5BsnVq1qTis-unsplash.jpg	mozjpeg	444	15	model_off	30.541	-7.442	2.9181	Mozjpeg	15.0
textures	haberdoedas-5BsnVq1qTis-unsplash.jpg	mozjpeg	444	15	model_auto	30.528	-8.124	2.9206	Mozjpeg	15.0
textures	haberdoedas-5BsnVq1qTis-unsplash.jpg	mozjpeg	444	15	model_policy	30.492	-6.207	2.9271	Mozjpeg	15.0
textures	haberdoedas-5BsnVq1qTis-unsplash.jpg	mozjpeg	444	15	model_proj	30.493	-6.204	2.9270	Mozjpeg	15.0
textures	haberdoedas-5BsnVq1qTis-unsplash.jpg	mozjpeg	444	35	identity_off	31.156	22.609	2.3159	Mozjpeg	35.0
textures	haberdoedas-5BsnVq1qTis-unsplash.jpg	mozjpeg	444	35	identity_auto	31.195	23.082	2.3448	Mozjpeg	35.0
textures	haberdoedas-5BsnVq1qTis-unsplash.jpg	mozjpeg	444	35	model_off	31.305	24.326	2.3372	Mozjpeg	35.0
textures	haberdoedas-5BsnVq1qTis-unsplash.jpg	mozjpeg	444	35	model_auto	31.287	23.302	2.3428	Mozjpeg	35.0
textures	haberdoedas-5BsnVq1qTis-unsplash.jpg	mozjpeg	444	35	model_policy	31.283	23.668	2.3426	Mozjpeg	35.0
textures	haberdoedas-5BsnVq1qTis-unsplash.jpg	mozjpeg	444	35	model_proj	31.285	23.694	2.3423	Mozjpeg	35.0
textures	haberdoedas-5BsnVq1qTis-unsplash.jpg	mozjpeg	444	55	identity_off	31.871	43.145	1.9572	Mozjpeg	55.0
textures	haberdoedas-5BsnVq1qTis-unsplash.jpg	mozjpeg	444	55	identity_auto	31.887	40.354	2.0066	Mozjpeg	55.0
textures	haberdoedas-5BsnVq1qTis-unsplash.jpg	mozjpeg	444	55	model_off	32.000	43.108	1.9674	Mozjpeg	55.0
textures	haberdoedas-5BsnVq1qTis-unsplash.jpg	mozjpeg	444	55	model_auto	31.932	40.415	2.0042	Mozjpeg	55.0
textures	haberdoedas-5BsnVq1qTis-unsplash.jpg	mozjpeg	444	55	model_policy	31.996	43.151	1.9715	Mozjpeg	55.0
textures	haberdoedas-5BsnVq1qTis-unsplash.jpg	mozjpeg	444	55	model_proj	31.996	43.150	1.9715	Mozjpeg	55.0
textures	haberdoedas-5BsnVq1qTis-unsplash.jpg	mozjpeg	444	75	identity_off	33.019	59.150	1.5939	Mozjpeg	75.0
textures	haberdoedas-5BsnVq1qTis-unsplash.jpg	mozjpeg	444	75	identity_auto	33.057	57.333	1.6091	Mozjpeg	75.0
textures	haberdoedas-5BsnVq1qTis-unsplash.jpg	mozjpeg	444	75	model_off	33.131	58.792	1.5913	Mozjpeg	75.0
textures	haberdoedas-5BsnVq1qTis-unsplash.jpg	mozjpeg	444	75	model_auto	33.073	57.167	1.6097	Mozjpeg	75.0
textures	haberdoedas-5BsnVq1qTis-unsplash.jpg	mozjpeg	444	75	model_policy	33.131	58.852	1.5942	Mozjpeg	75.0
textures	haberdoedas-5BsnVq1qTis-unsplash.jpg	mozjpeg	444	75	model_proj	33.132	58.847	1.5942	Mozjpeg	75.0
textures	haberdoedas-5BsnVq1qTis-unsplash.jpg	mozjpeg	444	90	identity_off	41.320	85.591	0.6274	Mozjpeg	90.0
textures	haberdoedas-5BsnVq1qTis-unsplash.jpg	mozjpeg	444	90	identity_auto	41.289	85.312	0.6489	Mozjpeg	90.0
textures	haberdoedas-5BsnVq1qTis-unsplash.jpg	mozjpeg	444	90	model_off	41.404	85.553	0.6245	Mozjpeg	90.0
textures	haberdoedas-5BsnVq1qTis-unsplash.jpg	mozjpeg	444	90	model_auto	41.314	85.272	0.6480	Mozjpeg	90.0
textures	haberdoedas-5BsnVq1qTis-unsplash.jpg	mozjpeg	444	90	model_policy	41.325	85.502	0.6273	Mozjpeg	90.0
textures	haberdoedas-5BsnVq1qTis-unsplash.jpg	mozjpeg	444	90	model_proj	41.322	85.482	0.6278	Mozjpeg	90.0
textures	haberdoedas-5BsnVq1qTis-unsplash.jpg	jpegli	420	15	identity_off	30.730	11.389	2.5947	CjpegliYcbcr	14.2
textures	haberdoedas-5BsnVq1qTis-unsplash.jpg	jpegli	420	15	identity_auto	30.746	13.732	2.6108	CjpegliYcbcr	14.2
textures	haberdoedas-5BsnVq1qTis-unsplash.jpg	jpegli	420	15	model_off	30.895	14.483	2.6446	CjpegliYcbcr	14.2
textures	haberdoedas-5BsnVq1qTis-unsplash.jpg	jpegli	420	15	model_auto	30.894	14.519	2.6185	CjpegliYcbcr	14.2
textures	haberdoedas-5BsnVq1qTis-unsplash.jpg	jpegli	420	15	model_policy	30.875	13.604	2.6519	CjpegliYcbcr	14.2
textures	haberdoedas-5BsnVq1qTis-unsplash.jpg	jpegli	420	15	model_proj	30.875	13.609	2.6519	CjpegliYcbcr	14.2
textures	haberdoedas-5BsnVq1qTis-unsplash.jpg	jpegli	420	35	identity_off	31.213	33.873	2.2790	CjpegliYcbcr	7.2
textures	haberdoedas-5BsnVq1qTis-unsplash.jpg	jpegli	420	35	identity_auto	31.185	29.872	2.3350	CjpegliYcbcr	7.2
textures	haberdoedas-5BsnVq1qTis-unsplash.jpg	jpegli	420	35	model_off	31.280	32.648	2.3272	CjpegliYcbcr	7.2
textures	haberdoedas-5BsnVq1qTis-unsplash.jpg	jpegli	420	35	model_auto	31.250	30.420	2.3369	CjpegliYcbcr	7.2
textures	haberdoedas-5BsnVq1qTis-unsplash.jpg	jpegli	420	35	model_policy	31.271	32.192	2.3291	CjpegliYcbcr	7.2
textures	haberdoedas-5BsnVq1qTis-unsplash.jpg	jpegli	420	35	model_proj	31.271	32.192	2.3291	CjpegliYcbcr	7.2
textures	haberdoedas-5BsnVq1qTis-unsplash.jpg	jpegli	420	55	identity_off	31.513	42.147	2.1027	CjpegliYcbcr	5.2
textures	haberdoedas-5BsnVq1qTis-unsplash.jpg	jpegli	420	55	identity_auto	31.496	38.769	2.1568	CjpegliYcbcr	5.2
textures	haberdoedas-5BsnVq1qTis-unsplash.jpg	jpegli	420	55	model_off	31.558	40.939	2.1462	CjpegliYcbcr	5.2
textures	haberdoedas-5BsnVq1qTis-unsplash.jpg	jpegli	420	55	model_auto	31.533	38.987	2.1594	CjpegliYcbcr	5.2
textures	haberdoedas-5BsnVq1qTis-unsplash.jpg	jpegli	420	55	model_policy	31.555	40.700	2.1490	CjpegliYcbcr	5.2
textures	haberdoedas-5BsnVq1qTis-unsplash.jpg	jpegli	420	55	model_proj	31.555	40.717	2.1489	CjpegliYcbcr	5.2
textures	haberdoedas-5BsnVq1qTis-unsplash.jpg	jpegli	420	75	identity_off	33.134	57.788	1.6127	CjpegliYcbcr	3.0
textures	haberdoedas-5BsnVq1qTis-unsplash.jpg	jpegli	420	75	identity_auto	33.140	56.050	1.6456	CjpegliYcbcr	3.0
textures	haberdoedas-5BsnVq1qTis-unsplash.jpg	jpegli	420	75	model_off	33.133	57.274	1.6249	CjpegliYcbcr	3.0
textures	haberdoedas-5BsnVq1qTis-unsplash.jpg	jpegli	420	75	model_auto	33.138	55.931	1.6482	CjpegliYcbcr	3.0
textures	haberdoedas-5BsnVq1qTis-unsplash.jpg	jpegli	420	75	model_policy	33.142	57.295	1.6275	CjpegliYcbcr	3.0
textures	haberdoedas-5BsnVq1qTis-unsplash.jpg	jpegli	420	75	model_proj	33.143	57.324	1.6270	CjpegliYcbcr	3.0
textures	haberdoedas-5BsnVq1qTis-unsplash.jpg	jpegli	420	90	identity_off	41.528	83.643	0.5968	CjpegliYcbcr	1.3
textures	haberdoedas-5BsnVq1qTis-unsplash.jpg	jpegli	420	90	identity_auto	41.456	83.156	0.6237	CjpegliYcbcr	1.3
textures	haberdoedas-5BsnVq1qTis-unsplash.jpg	jpegli	420	90	model_off	41.484	83.567	0.5972	CjpegliYcbcr	1.3
textures	haberdoedas-5BsnVq1qTis-unsplash.jpg	jpegli	420	90	model_auto	41.434	83.124	0.6238	CjpegliYcbcr	1.3
textures	haberdoedas-5BsnVq1qTis-unsplash.jpg	jpegli	420	90	model_policy	41.487	83.502	0.5982	CjpegliYcbcr	1.3
textures	haberdoedas-5BsnVq1qTis-unsplash.jpg	jpegli	420	90	model_proj	41.481	83.512	0.5980	CjpegliYcbcr	1.3
textures	haberdoedas-5BsnVq1qTis-unsplash.jpg	jpegli	444	15	identity_off	30.433	15.161	2.5683	CjpegliYcbcr	11.8
textures	haberdoedas-5BsnVq1qTis-unsplash.jpg	jpegli	444	15	identity_auto	30.523	16.831	2.5927	CjpegliYcbcr	11.8
textures	haberdoedas-5BsnVq1qTis-unsplash.jpg	jpegli	444	15	model_off	30.764	18.120	2.5942	CjpegliYcbcr	11.8
textures	haberdoedas-5BsnVq1qTis-unsplash.jpg	jpegli	444	15	model_auto	30.752	17.947	2.5926	CjpegliYcbcr	11.8
textures	haberdoedas-5BsnVq1qTis-unsplash.jpg	jpegli	444	15	model_policy	30.764	16.798	2.6019	CjpegliYcbcr	11.8
textures	haberdoedas-5BsnVq1qTis-unsplash.jpg	jpegli	444	15	model_proj	30.764	16.806	2.6019	CjpegliYcbcr	11.8
textures	haberdoedas-5BsnVq1qTis-unsplash.jpg	jpegli	444	35	identity_off	31.306	38.284	2.1995	CjpegliYcbcr	6.0
textures	haberdoedas-5BsnVq1qTis-unsplash.jpg	jpegli	444	35	identity_auto	31.309	34.667	2.2644	CjpegliYcbcr	6.0
textures	haberdoedas-5BsnVq1qTis-unsplash.jpg	jpegli	444	35	model_off	31.425	37.790	2.2491	CjpegliYcbcr	6.0
textures	haberdoedas-5BsnVq1qTis-unsplash.jpg	jpegli	444	35	model_auto	31.389	35.292	2.2649	CjpegliYcbcr	6.0
textures	haberdoedas-5BsnVq1qTis-unsplash.jpg	jpegli	444	35	model_policy	31.419	37.464	2.2525	CjpegliYcbcr	6.0
textures	haberdoedas-5BsnVq1qTis-unsplash.jpg	jpegli	444	35	model_proj	31.419	37.480	2.2524	CjpegliYcbcr	6.0
textures	haberdoedas-5BsnVq1qTis-unsplash.jpg	jpegli	444	55	identity_off	31.805	46.703	1.9664	CjpegliYcbcr	4.1
textures	haberdoedas-5BsnVq1qTis-unsplash.jpg	jpegli	444	55	identity_auto	31.809	43.654	2.0239	CjpegliYcbcr	4.1
textures	haberdoedas-5BsnVq1qTis-unsplash.jpg	jpegli	444	55	model_off	31.880	46.004	2.0050	CjpegliYcbcr	4.1
textures	haberdoedas-5BsnVq1qTis-unsplash.jpg	jpegli	444	55	model_auto	31.848	43.839	2.0269	CjpegliYcbcr	4.1
textures	haberdoedas-5BsnVq1qTis-unsplash.jpg	jpegli	444	55	model_policy	31.882	45.942	2.0069	CjpegliYcbcr	4.1
textures	haberdoedas-5BsnVq1qTis-unsplash.jpg	jpegli	444	55	model_proj	31.882	45.950	2.0069	CjpegliYcbcr	4.1
textures	haberdoedas-5BsnVq1qTis-unsplash.jpg	jpegli	444	75	identity_off	34.746	65.159	1.3384	CjpegliYcbcr	2.3
textures	haberdoedas-5BsnVq1qTis-unsplash.jpg	jpegli	444	75	identity_auto	34.736	63.747	1.3646	CjpegliYcbcr	2.3
textures	haberdoedas-5BsnVq1qTis-unsplash.jpg	jpegli	444	75	model_off	34.757	65.187	1.3404	CjpegliYcbcr	2.3
textures	haberdoedas-5BsnVq1qTis-unsplash.jpg	jpegli	444	75	model_auto	34.738	63.738	1.3650	CjpegliYcbcr	2.3
textures	haberdoedas-5BsnVq1qTis-unsplash.jpg	jpegli	444	75	model_policy	34.746	65.143	1.3426	CjpegliYcbcr	2.3
textures	haberdoedas-5BsnVq1qTis-unsplash.jpg	jpegli	444	75	model_proj	34.746	65.143	1.3426	CjpegliYcbcr	2.3
textures	haberdoedas-5BsnVq1qTis-unsplash.jpg	jpegli	444	90	identity_off	42.314	84.508	0.5284	CjpegliYcbcr	1.1
textures	haberdoedas-5BsnVq1qTis-unsplash.jpg	jpegli	444	90	identity_auto	42.329	84.185	0.5525	CjpegliYcbcr	1.1
textures	haberdoedas-5BsnVq1qTis-unsplash.jpg	jpegli	444	90	model_off	42.355	84.545	0.5265	CjpegliYcbcr	1.1
textures	haberdoedas-5BsnVq1qTis-unsplash.jpg	jpegli	444	90	model_auto	42.349	84.174	0.5523	CjpegliYcbcr	1.1
textures	haberdoedas-5BsnVq1qTis-unsplash.jpg	jpegli	444	90	model_policy	42.320	84.450	0.5284	CjpegliYcbcr	1.1
textures	haberdoedas-5BsnVq1qTis-unsplash.jpg	jpegli	444	90	model_proj	42.340	84.620	0.5274	CjpegliYcbcr	1.1
textures	haberdoedas-5BsnVq1qTis-unsplash.jpg	zenjpeg	420	15	identity_off	30.729	11.218	2.5924	CjpegliYcbcr	14.2
textures	haberdoedas-5BsnVq1qTis-unsplash.jpg	zenjpeg	420	15	identity_auto	30.746	13.625	2.6080	CjpegliYcbcr	14.2
textures	haberdoedas-5BsnVq1qTis-unsplash.jpg	zenjpeg	420	15	model_off	30.896	14.409	2.6407	CjpegliYcbcr	14.2
textures	haberdoedas-5BsnVq1qTis-unsplash.jpg	zenjpeg	420	15	model_auto	30.893	14.405	2.6159	CjpegliYcbcr	14.2
textures	haberdoedas-5BsnVq1qTis-unsplash.jpg	zenjpeg	420	15	model_policy	30.876	13.556	2.6478	CjpegliYcbcr	14.2
textures	haberdoedas-5BsnVq1qTis-unsplash.jpg	zenjpeg	420	15	model_proj	30.876	13.558	2.6478	CjpegliYcbcr	14.2
textures	haberdoedas-5BsnVq1qTis-unsplash.jpg	zenjpeg	420	35	identity_off	31.213	33.813	2.2731	CjpegliYcbcr	7.2
textures	haberdoedas-5BsnVq1qTis-unsplash.jpg	zenjpeg	420	35	identity_auto	31.186	29.863	2.3272	CjpegliYcbcr	7.2
textures	haberdoedas-5BsnVq1qTis-unsplash.jpg	zenjpeg	420	35	model_off	31.281	32.603	2.3196	CjpegliYcbcr	7.2
textures	haberdoedas-5BsnVq1qTis-unsplash.jpg	zenjpeg	420	35	model_auto	31.251	30.414	2.3298	CjpegliYcbcr	7.2
textures	haberdoedas-5BsnVq1qTis-unsplash.jpg	zenjpeg	420	35	model_policy	31.272	32.089	2.3225	CjpegliYcbcr	7.2
textures	haberdoedas-5BsnVq1qTis-unsplash.jpg	zenjpeg	420	35	model_proj	31.272	32.093	2.3224	CjpegliYcbcr	7.2
textures	haberdoedas-5BsnVq1qTis-unsplash.jpg	zenjpeg	420	55	identity_off	31.508	42.098	2.1017	CjpegliYcbcr	5.2
textures	haberdoedas-5BsnVq1qTis-unsplash.jpg	zenjpeg	420	55	identity_auto	31.491	38.756	2.1545	CjpegliYcbcr	5.2
textures	haberdoedas-5BsnVq1qTis-unsplash.jpg	zenjpeg	420	55	model_off	31.555	40.903	2.1438	CjpegliYcbcr	5.2
textures	haberdoedas-5BsnVq1qTis-unsplash.jpg	zenjpeg	420	55	model_auto	31.529	38.977	2.1571	CjpegliYcbcr	5.2
textures	haberdoedas-5BsnVq1qTis-unsplash.jpg	zenjpeg	420	55	model_policy	31.551	40.679	2.1457	CjpegliYcbcr	5.2
textures	haberdoedas-5BsnVq1qTis-unsplash.jpg	zenjpeg	420	55	model_proj	31.552	40.696	2.1456	CjpegliYcbcr	5.2
textures	haberdoedas-5BsnVq1qTis-unsplash.jpg	zenjpeg	420	75	identity_off	33.130	57.655	1.6119	CjpegliYcbcr	3.0
textures	haberdoedas-5BsnVq1qTis-unsplash.jpg	zenjpeg	420	75	identity_auto	33.136	55.929	1.6426	CjpegliYcbcr	3.0
textures	haberdoedas-5BsnVq1qTis-unsplash.jpg	zenjpeg	420	75	model_off	33.129	57.121	1.6238	CjpegliYcbcr	3.0
textures	haberdoedas-5BsnVq1qTis-unsplash.jpg	zenjpeg	420	75	model_auto	33.135	55.775	1.6454	CjpegliYcbcr	3.0
textures	haberdoedas-5BsnVq1qTis-unsplash.jpg	zenjpeg	420	75	model_policy	33.136	57.167	1.6260	CjpegliYcbcr	3.0
textures	haberdoedas-5BsnVq1qTis-unsplash.jpg	zenjpeg	420	75	model_proj	33.138	57.179	1.6255	CjpegliYcbcr	3.0
textures	haberdoedas-5BsnVq1qTis-unsplash.jpg	zenjpeg	420	90	identity_off	41.530	83.492	0.5978	CjpegliYcbcr	1.3
textures	haberdoedas-5BsnVq1qTis-unsplash.jpg	zenjpeg	420	90	identity_auto	41.468	83.026	0.6204	CjpegliYcbcr	1.3
textures	haberdoedas-5BsnVq1qTis-unsplash.jpg	zenjpeg	420	90	model_off	41.487	83.400	0.5981	CjpegliYcbcr	1.3
textures	haberdoedas-5BsnVq1qTis-unsplash.jpg	zenjpeg	420	90	model_auto	41.445	82.985	0.6205	CjpegliYcbcr	1.3
textures	haberdoedas-5BsnVq1qTis-unsplash.jpg	zenjpeg	420	90	model_policy	41.490	83.382	0.5990	CjpegliYcbcr	1.3
textures	haberdoedas-5BsnVq1qTis-unsplash.jpg	zenjpeg	420	90	model_proj	41.479	83.243	0.6012	CjpegliYcbcr	1.3
textures	haberdoedas-5BsnVq1qTis-unsplash.jpg	zenjpeg	444	15	identity_off	30.441	15.178	2.5682	CjpegliYcbcr	11.8
textures	haberdoedas-5BsnVq1qTis-unsplash.jpg	zenjpeg	444	15	identity_auto	30.530	16.903	2.5911	CjpegliYcbcr	11.8
textures	haberdoedas-5BsnVq1qTis-unsplash.jpg	zenjpeg	444	15	model_off	30.771	18.223	2.5897	CjpegliYcbcr	11.8
textures	haberdoedas-5BsnVq1qTis-unsplash.jpg	zenjpeg	444	15	model_auto	30.756	18.068	2.5912	CjpegliYcbcr	11.8
textures	haberdoedas-5BsnVq1qTis-unsplash.jpg	zenjpeg	444	15	model_policy	30.771	16.945	2.5975	CjpegliYcbcr	11.8
textures	haberdoedas-5BsnVq1qTis-unsplash.jpg	zenjpeg	444	15	model_proj	30.771	16.949	2.5974	CjpegliYcbcr	11.8
textures	haberdoedas-5BsnVq1qTis-unsplash.jpg	zenjpeg	444	35	identity_off	31.301	38.217	2.1991	CjpegliYcbcr	6.0
textures	haberdoedas-5BsnVq1qTis-unsplash.jpg	zenjpeg	444	35	identity_auto	31.306	34.628	2.2632	CjpegliYcbcr	6.0
textures	haberdoedas-5BsnVq1qTis-unsplash.jpg	zenjpeg	444	35	model_off	31.422	37.736	2.2480	CjpegliYcbcr	6.0
textures	haberdoedas-5BsnVq1qTis-unsplash.jpg	zenjpeg	444	35	model_auto	31.384	35.233	2.2642	CjpegliYcbcr	6.0
textures	haberdoedas-5BsnVq1qTis-unsplash.jpg	zenjpeg	444	35	model_policy	31.416	37.452	2.2513	CjpegliYcbcr	6.0
textures	haberdoedas-5BsnVq1qTis-unsplash.jpg	zenjpeg	444	35	model_proj	31.416	37.473	2.2512	CjpegliYcbcr	6.0
textures	haberdoedas-5BsnVq1qTis-unsplash.jpg	zenjpeg	444	55	identity_off	31.804	46.422	1.9642	CjpegliYcbcr	4.1
textures	haberdoedas-5BsnVq1qTis-unsplash.jpg	zenjpeg	444	55	identity_auto	31.809	43.379	2.0204	CjpegliYcbcr	4.1
textures	haberdoedas-5BsnVq1qTis-unsplash.jpg	zenjpeg	444	55	model_off	31.880	45.735	2.0017	CjpegliYcbcr	4.1
textures	haberdoedas-5BsnVq1qTis-unsplash.jpg	zenjpeg	444	55	model_auto	31.849	43.562	2.0234	CjpegliYcbcr	4.1
textures	haberdoedas-5BsnVq1qTis-unsplash.jpg	zenjpeg	444	55	model_policy	31.883	45.685	2.0030	CjpegliYcbcr	4.1
textures	haberdoedas-5BsnVq1qTis-unsplash.jpg	zenjpeg	444	55	model_proj	31.883	45.686	2.0030	CjpegliYcbcr	4.1
textures	haberdoedas-5BsnVq1qTis-unsplash.jpg	zenjpeg	444	75	identity_off	34.726	64.809	1.3472	CjpegliYcbcr	2.3
textures	haberdoedas-5BsnVq1qTis-unsplash.jpg	zenjpeg	444	75	identity_auto	34.722	63.439	1.3683	CjpegliYcbcr	2.3
textures	haberdoedas-5BsnVq1qTis-unsplash.jpg	zenjpeg	444	75	model_off	34.734	64.868	1.3493	CjpegliYcbcr	2.3
textures	haberdoedas-5BsnVq1qTis-unsplash.jpg	zenjpeg	444	75	model_auto	34.723	63.448	1.3688	CjpegliYcbcr	2.3
textures	haberdoedas-5BsnVq1qTis-unsplash.jpg	zenjpeg	444	75	model_policy	34.725	64.844	1.3510	CjpegliYcbcr	2.3
textures	haberdoedas-5BsnVq1qTis-unsplash.jpg	zenjpeg	444	75	model_proj	34.725	64.845	1.3510	CjpegliYcbcr	2.3
textures	haberdoedas-5BsnVq1qTis-unsplash.jpg	zenjpeg	444	90	identity_off	42.284	84.491	0.5312	CjpegliYcbcr	1.1
textures	haberdoedas-5BsnVq1qTis-unsplash.jpg	zenjpeg	444	90	identity_auto	42.299	84.119	0.5541	CjpegliYcbcr	1.1
textures	haberdoedas-5BsnVq1qTis-unsplash.jpg	zenjpeg	444	90	model_off	42.325	84.484	0.5294	CjpegliYcbcr	1.1
textures	haberdoedas-5BsnVq1qTis-unsplash.jpg	zenjpeg	444	90	model_auto	42.317	84.172	0.5538	CjpegliYcbcr	1.1
textures	haberdoedas-5BsnVq1qTis-unsplash.jpg	zenjpeg	444	90	model_policy	42.292	84.452	0.5312	CjpegliYcbcr	1.1
textures	haberdoedas-5BsnVq1qTis-unsplash.jpg	zenjpeg	444	90	model_proj	42.308	84.537	0.5310	CjpegliYcbcr	1.1
