sub	file	encoder	ss	q	arm	psnr	ssim2	butter_n3	probe_family	probe_q	gt_src
photos	20231206_150232.png	turbo	420	40	identity_off	26.897	55.269	2.2237	ImageMagick	40.0	png
photos	20231206_150232.png	turbo	420	40	model_policy	27.885	58.464	2.0281	ImageMagick	40.0	png
photos	20231206_150232.png	turbo	420	40	model_proj	27.887	58.475	2.0276	ImageMagick	40.0	png
photos	20231206_150232.png	turbo	420	60	identity_off	28.968	64.613	1.7782	ImageMagick	60.0	png
photos	20231206_150232.png	turbo	420	60	model_policy	29.927	67.604	1.5761	ImageMagick	60.0	png
photos	20231206_150232.png	turbo	420	60	model_proj	29.930	67.641	1.5753	ImageMagick	60.0	png
photos	20231206_150232.png	turbo	420	70	identity_off	30.433	69.782	1.5270	ImageMagick	70.0	png
photos	20231206_150232.png	turbo	420	70	model_policy	31.335	72.532	1.3525	ImageMagick	70.0	png
photos	20231206_150232.png	turbo	420	70	model_proj	31.340	72.590	1.3497	ImageMagick	70.0	png
photos	20231206_150232.png	turbo	420	80	identity_off	32.583	75.038	1.2134	ImageMagick	80.0	png
photos	20231206_150232.png	turbo	420	80	model_policy	33.322	77.444	1.0637	ImageMagick	80.0	png
photos	20231206_150232.png	turbo	420	80	model_proj	33.336	77.494	1.0569	ImageMagick	80.0	png
photos	20231206_150232.png	turbo	420	85	identity_off	34.143	78.571	1.0215	ImageMagick	85.0	png
photos	20231206_150232.png	turbo	420	85	model_policy	34.733	80.535	0.8995	ImageMagick	85.0	png
photos	20231206_150232.png	turbo	420	85	model_proj	34.762	80.765	0.8841	ImageMagick	85.0	png
photos	20231206_150232.png	turbo	420	90	identity_off	36.243	82.085	0.8498	ImageMagick	90.0	png
photos	20231206_150232.png	turbo	420	90	model_policy	36.616	83.383	0.7618	ImageMagick	90.0	png
photos	20231206_150232.png	turbo	420	90	model_proj	36.679	83.799	0.7234	ImageMagick	90.0	png
photos	20231206_150232.png	turbo	444	40	identity_off	27.196	58.716	2.1876	ImageMagick	40.0	png
photos	20231206_150232.png	turbo	444	40	model_policy	28.240	62.006	1.9807	ImageMagick	40.0	png
photos	20231206_150232.png	turbo	444	40	model_proj	28.242	62.028	1.9803	ImageMagick	40.0	png
photos	20231206_150232.png	turbo	444	60	identity_off	29.388	67.585	1.7215	ImageMagick	60.0	png
photos	20231206_150232.png	turbo	444	60	model_policy	30.405	70.566	1.5065	ImageMagick	60.0	png
photos	20231206_150232.png	turbo	444	60	model_proj	30.409	70.616	1.5061	ImageMagick	60.0	png
photos	20231206_150232.png	turbo	444	70	identity_off	30.961	72.773	1.4516	ImageMagick	70.0	png
photos	20231206_150232.png	turbo	444	70	model_policy	31.911	75.313	1.2636	ImageMagick	70.0	png
photos	20231206_150232.png	turbo	444	70	model_proj	31.919	75.369	1.2631	ImageMagick	70.0	png
photos	20231206_150232.png	turbo	444	80	identity_off	33.330	78.653	1.1350	ImageMagick	80.0	png
photos	20231206_150232.png	turbo	444	80	model_policy	34.063	80.474	0.9788	ImageMagick	80.0	png
photos	20231206_150232.png	turbo	444	80	model_proj	34.082	80.715	0.9774	ImageMagick	80.0	png
photos	20231206_150232.png	turbo	444	85	identity_off	35.118	82.288	0.9324	ImageMagick	85.0	png
photos	20231206_150232.png	turbo	444	85	model_policy	35.663	83.636	0.8099	ImageMagick	85.0	png
photos	20231206_150232.png	turbo	444	85	model_proj	35.699	83.878	0.8078	ImageMagick	85.0	png
photos	20231206_150232.png	turbo	444	90	identity_off	37.622	86.246	0.7041	ImageMagick	90.0	png
photos	20231206_150232.png	turbo	444	90	model_policy	37.838	86.700	0.6341	ImageMagick	90.0	png
photos	20231206_150232.png	turbo	444	90	model_proj	37.912	87.158	0.6297	ImageMagick	90.0	png
photos	20231206_150232.png	mozjpeg	420	40	identity_off	23.722	43.652	3.7012	Mozjpeg	40.0	png
photos	20231206_150232.png	mozjpeg	420	40	model_policy	24.665	47.127	3.5006	Mozjpeg	40.0	png
photos	20231206_150232.png	mozjpeg	420	40	model_proj	24.665	47.139	3.5003	Mozjpeg	40.0	png
photos	20231206_150232.png	mozjpeg	420	60	identity_off	25.500	54.761	2.8394	Mozjpeg	60.0	png
photos	20231206_150232.png	mozjpeg	420	60	model_policy	26.542	58.242	2.6286	Mozjpeg	60.0	png
photos	20231206_150232.png	mozjpeg	420	60	model_proj	26.543	58.315	2.6193	Mozjpeg	60.0	png
photos	20231206_150232.png	mozjpeg	420	70	identity_off	26.743	60.774	2.4879	Mozjpeg	70.0	png
photos	20231206_150232.png	mozjpeg	420	70	model_policy	27.787	64.060	2.2961	Mozjpeg	70.0	png
photos	20231206_150232.png	mozjpeg	420	70	model_proj	27.792	64.142	2.2822	Mozjpeg	70.0	png
photos	20231206_150232.png	mozjpeg	420	80	identity_off	28.551	67.324	1.9530	Mozjpeg	80.0	png
photos	20231206_150232.png	mozjpeg	420	80	model_policy	29.564	70.223	1.8088	Mozjpeg	80.0	png
photos	20231206_150232.png	mozjpeg	420	80	model_proj	29.580	70.350	1.7946	Mozjpeg	80.0	png
photos	20231206_150232.png	mozjpeg	420	85	identity_off	29.757	70.994	1.6199	Mozjpeg	85.0	png
photos	20231206_150232.png	mozjpeg	420	85	model_policy	30.724	73.655	1.5053	Mozjpeg	85.0	png
photos	20231206_150232.png	mozjpeg	420	85	model_proj	30.749	73.920	1.4853	Mozjpeg	85.0	png
photos	20231206_150232.png	mozjpeg	420	90	identity_off	31.508	75.307	1.3084	Mozjpeg	90.0	png
photos	20231206_150232.png	mozjpeg	420	90	model_policy	32.380	77.659	1.2245	Mozjpeg	90.0	png
photos	20231206_150232.png	mozjpeg	420	90	model_proj	32.435	78.100	1.1919	Mozjpeg	90.0	png
photos	20231206_150232.png	mozjpeg	444	40	identity_off	23.837	46.182	3.6453	Mozjpeg	40.0	png
photos	20231206_150232.png	mozjpeg	444	40	model_policy	24.801	49.659	3.4328	Mozjpeg	40.0	png
photos	20231206_150232.png	mozjpeg	444	40	model_proj	24.801	49.690	3.4328	Mozjpeg	40.0	png
photos	20231206_150232.png	mozjpeg	444	60	identity_off	25.636	56.987	2.8204	Mozjpeg	60.0	png
photos	20231206_150232.png	mozjpeg	444	60	model_policy	26.698	60.310	2.6019	Mozjpeg	60.0	png
photos	20231206_150232.png	mozjpeg	444	60	model_proj	26.701	60.425	2.5926	Mozjpeg	60.0	png
photos	20231206_150232.png	mozjpeg	444	70	identity_off	26.922	63.268	2.4294	Mozjpeg	70.0	png
photos	20231206_150232.png	mozjpeg	444	70	model_policy	27.983	66.253	2.2370	Mozjpeg	70.0	png
photos	20231206_150232.png	mozjpeg	444	70	model_proj	27.992	66.460	2.2209	Mozjpeg	70.0	png
photos	20231206_150232.png	mozjpeg	444	80	identity_off	28.782	69.890	1.9269	Mozjpeg	80.0	png
photos	20231206_150232.png	mozjpeg	444	80	model_policy	29.809	72.433	1.7774	Mozjpeg	80.0	png
photos	20231206_150232.png	mozjpeg	444	80	model_proj	29.831	72.677	1.7690	Mozjpeg	80.0	png
photos	20231206_150232.png	mozjpeg	444	85	identity_off	30.040	73.656	1.5751	Mozjpeg	85.0	png
photos	20231206_150232.png	mozjpeg	444	85	model_policy	31.010	75.721	1.4631	Mozjpeg	85.0	png
photos	20231206_150232.png	mozjpeg	444	85	model_proj	31.045	76.049	1.4504	Mozjpeg	85.0	png
photos	20231206_150232.png	mozjpeg	444	90	identity_off	31.914	78.355	1.2620	Mozjpeg	90.0	png
photos	20231206_150232.png	mozjpeg	444	90	model_policy	32.776	80.011	1.1829	Mozjpeg	90.0	png
photos	20231206_150232.png	mozjpeg	444	90	model_proj	32.841	80.493	1.1546	Mozjpeg	90.0	png
photos	20231206_150232.png	jpegli	420	40	identity_off	25.285	51.542	2.7052	CjpegliYcbcr	6.7	png
photos	20231206_150232.png	jpegli	420	40	model_policy	26.076	53.929	2.5717	CjpegliYcbcr	6.7	png
photos	20231206_150232.png	jpegli	420	40	model_proj	26.081	54.089	2.5648	CjpegliYcbcr	6.7	png
photos	20231206_150232.png	jpegli	420	60	identity_off	27.468	60.035	2.0242	CjpegliYcbcr	4.6	png
photos	20231206_150232.png	jpegli	420	60	model_policy	28.233	62.119	1.9018	CjpegliYcbcr	4.6	png
photos	20231206_150232.png	jpegli	420	60	model_proj	28.243	62.366	1.8865	CjpegliYcbcr	4.6	png
photos	20231206_150232.png	jpegli	420	70	identity_off	29.198	66.876	1.6268	CjpegliYcbcr	3.5	png
photos	20231206_150232.png	jpegli	420	70	model_policy	29.899	68.820	1.5190	CjpegliYcbcr	3.5	png
photos	20231206_150232.png	jpegli	420	70	model_proj	29.916	69.228	1.4925	CjpegliYcbcr	3.5	png
photos	20231206_150232.png	jpegli	420	80	identity_off	31.322	72.223	1.3157	CjpegliYcbcr	2.5	png
photos	20231206_150232.png	jpegli	420	80	model_policy	31.916	73.785	1.2221	CjpegliYcbcr	2.5	png
photos	20231206_150232.png	jpegli	420	80	model_proj	31.945	74.344	1.1790	CjpegliYcbcr	2.5	png
photos	20231206_150232.png	jpegli	420	85	identity_off	32.771	75.294	1.1905	CjpegliYcbcr	1.8	png
photos	20231206_150232.png	jpegli	420	85	model_policy	33.267	76.692	1.1032	CjpegliYcbcr	1.8	png
photos	20231206_150232.png	jpegli	420	85	model_proj	33.306	77.262	1.0423	CjpegliYcbcr	1.8	png
photos	20231206_150232.png	jpegli	420	90	identity_off	34.913	79.542	1.0094	CjpegliYcbcr	1.3	png
photos	20231206_150232.png	jpegli	420	90	model_policy	35.261	80.523	0.9289	CjpegliYcbcr	1.3	png
photos	20231206_150232.png	jpegli	420	90	model_proj	35.332	81.244	0.8507	CjpegliYcbcr	1.3	png
photos	20231206_150232.png	jpegli	444	40	identity_off	26.304	55.913	2.3318	CjpegliYcbcr	5.5	png
photos	20231206_150232.png	jpegli	444	40	model_policy	27.094	58.433	2.1984	CjpegliYcbcr	5.5	png
photos	20231206_150232.png	jpegli	444	40	model_proj	27.098	58.485	2.1960	CjpegliYcbcr	5.5	png
photos	20231206_150232.png	jpegli	444	60	identity_off	28.596	64.932	1.7034	CjpegliYcbcr	3.7	png
photos	20231206_150232.png	jpegli	444	60	model_policy	29.329	66.956	1.5768	CjpegliYcbcr	3.7	png
photos	20231206_150232.png	jpegli	444	60	model_proj	29.333	67.053	1.5733	CjpegliYcbcr	3.7	png
photos	20231206_150232.png	jpegli	444	70	identity_off	30.197	69.616	1.4267	CjpegliYcbcr	2.8	png
photos	20231206_150232.png	jpegli	444	70	model_policy	30.855	71.483	1.3195	CjpegliYcbcr	2.8	png
photos	20231206_150232.png	jpegli	444	70	model_proj	30.862	71.648	1.3130	CjpegliYcbcr	2.8	png
photos	20231206_150232.png	jpegli	444	80	identity_off	32.224	73.997	1.1637	CjpegliYcbcr	1.9	png
photos	20231206_150232.png	jpegli	444	80	model_policy	32.758	75.494	1.0706	CjpegliYcbcr	1.9	png
photos	20231206_150232.png	jpegli	444	80	model_proj	32.773	75.693	1.0607	CjpegliYcbcr	1.9	png
photos	20231206_150232.png	jpegli	444	85	identity_off	33.754	77.100	0.9905	CjpegliYcbcr	1.4	png
photos	20231206_150232.png	jpegli	444	85	model_policy	34.176	78.308	0.9056	CjpegliYcbcr	1.4	png
photos	20231206_150232.png	jpegli	444	85	model_proj	34.202	78.724	0.8847	CjpegliYcbcr	1.4	png
photos	20231206_150232.png	jpegli	444	90	identity_off	36.051	81.494	0.7710	CjpegliYcbcr	1.1	png
photos	20231206_150232.png	jpegli	444	90	model_policy	36.287	82.276	0.7039	CjpegliYcbcr	1.1	png
photos	20231206_150232.png	jpegli	444	90	model_proj	36.328	82.556	0.6909	CjpegliYcbcr	1.1	png
photos	20231206_150232.png	zenjpeg	420	40	identity_off	25.252	51.478	2.7147	CjpegliYcbcr	6.7	png
photos	20231206_150232.png	zenjpeg	420	40	model_policy	26.041	53.862	2.5782	CjpegliYcbcr	6.7	png
photos	20231206_150232.png	zenjpeg	420	40	model_proj	26.048	54.027	2.5696	CjpegliYcbcr	6.7	png
photos	20231206_150232.png	zenjpeg	420	60	identity_off	27.455	60.753	2.0124	CjpegliYcbcr	4.6	png
photos	20231206_150232.png	zenjpeg	420	60	model_policy	28.223	62.876	1.8857	CjpegliYcbcr	4.6	png
photos	20231206_150232.png	zenjpeg	420	60	model_proj	28.234	63.169	1.8711	CjpegliYcbcr	4.6	png
photos	20231206_150232.png	zenjpeg	420	70	identity_off	29.146	66.808	1.6351	CjpegliYcbcr	3.5	png
photos	20231206_150232.png	zenjpeg	420	70	model_policy	29.848	68.779	1.5242	CjpegliYcbcr	3.5	png
photos	20231206_150232.png	zenjpeg	420	70	model_proj	29.865	69.236	1.4959	CjpegliYcbcr	3.5	png
photos	20231206_150232.png	zenjpeg	420	80	identity_off	31.277	72.482	1.3149	CjpegliYcbcr	2.5	png
photos	20231206_150232.png	zenjpeg	420	80	model_policy	31.870	74.096	1.2140	CjpegliYcbcr	2.5	png
photos	20231206_150232.png	zenjpeg	420	80	model_proj	31.900	74.654	1.1735	CjpegliYcbcr	2.5	png
photos	20231206_150232.png	zenjpeg	420	85	identity_off	32.730	75.604	1.1834	CjpegliYcbcr	1.8	png
photos	20231206_150232.png	zenjpeg	420	85	model_policy	33.234	77.032	1.0975	CjpegliYcbcr	1.8	png
photos	20231206_150232.png	zenjpeg	420	85	model_proj	33.273	77.624	1.0345	CjpegliYcbcr	1.8	png
photos	20231206_150232.png	zenjpeg	420	90	identity_off	34.866	80.066	0.9888	CjpegliYcbcr	1.3	png
photos	20231206_150232.png	zenjpeg	420	90	model_policy	35.216	81.021	0.9096	CjpegliYcbcr	1.3	png
photos	20231206_150232.png	zenjpeg	420	90	model_proj	35.286	81.773	0.8331	CjpegliYcbcr	1.3	png
photos	20231206_150232.png	zenjpeg	444	40	identity_off	26.278	55.946	2.3186	CjpegliYcbcr	5.5	png
photos	20231206_150232.png	zenjpeg	444	40	model_policy	27.065	58.443	2.1821	CjpegliYcbcr	5.5	png
photos	20231206_150232.png	zenjpeg	444	40	model_proj	27.070	58.495	2.1788	CjpegliYcbcr	5.5	png
photos	20231206_150232.png	zenjpeg	444	60	identity_off	28.543	64.824	1.7204	CjpegliYcbcr	3.7	png
photos	20231206_150232.png	zenjpeg	444	60	model_policy	29.279	66.925	1.5913	CjpegliYcbcr	3.7	png
photos	20231206_150232.png	zenjpeg	444	60	model_proj	29.284	67.043	1.5875	CjpegliYcbcr	3.7	png
photos	20231206_150232.png	zenjpeg	444	70	identity_off	30.146	69.680	1.4405	CjpegliYcbcr	2.8	png
photos	20231206_150232.png	zenjpeg	444	70	model_policy	30.809	71.516	1.3315	CjpegliYcbcr	2.8	png
photos	20231206_150232.png	zenjpeg	444	70	model_proj	30.816	71.696	1.3249	CjpegliYcbcr	2.8	png
photos	20231206_150232.png	zenjpeg	444	80	identity_off	32.193	74.562	1.1530	CjpegliYcbcr	1.9	png
photos	20231206_150232.png	zenjpeg	444	80	model_policy	32.736	76.104	1.0578	CjpegliYcbcr	1.9	png
photos	20231206_150232.png	zenjpeg	444	80	model_proj	32.752	76.354	1.0476	CjpegliYcbcr	1.9	png
photos	20231206_150232.png	zenjpeg	444	85	identity_off	33.699	77.553	0.9813	CjpegliYcbcr	1.4	png
photos	20231206_150232.png	zenjpeg	444	85	model_policy	34.130	78.798	0.8957	CjpegliYcbcr	1.4	png
photos	20231206_150232.png	zenjpeg	444	85	model_proj	34.157	79.243	0.8754	CjpegliYcbcr	1.4	png
photos	20231206_150232.png	zenjpeg	444	90	identity_off	36.016	82.108	0.7605	CjpegliYcbcr	1.1	png
photos	20231206_150232.png	zenjpeg	444	90	model_policy	36.259	82.828	0.6921	CjpegliYcbcr	1.1	png
photos	20231206_150232.png	zenjpeg	444	90	model_proj	36.299	83.144	0.6769	CjpegliYcbcr	1.1	png
photos	Screenshot_20260526_074348_Photos.png	turbo	420	40	identity_off	35.167	56.367	1.7449	ImageMagick	40.0	png
photos	Screenshot_20260526_074348_Photos.png	turbo	420	40	model_policy	35.552	59.874	1.6510	ImageMagick	40.0	png
photos	Screenshot_20260526_074348_Photos.png	turbo	420	40	model_proj	35.552	59.911	1.6509	ImageMagick	40.0	png
photos	Screenshot_20260526_074348_Photos.png	turbo	420	60	identity_off	36.445	67.189	1.4306	ImageMagick	60.0	png
photos	Screenshot_20260526_074348_Photos.png	turbo	420	60	model_policy	36.769	68.429	1.3432	ImageMagick	60.0	png
photos	Screenshot_20260526_074348_Photos.png	turbo	420	60	model_proj	36.770	68.432	1.3432	ImageMagick	60.0	png
photos	Screenshot_20260526_074348_Photos.png	turbo	420	70	identity_off	37.285	73.045	1.2638	ImageMagick	70.0	png
photos	Screenshot_20260526_074348_Photos.png	turbo	420	70	model_policy	37.572	73.329	1.2074	ImageMagick	70.0	png
photos	Screenshot_20260526_074348_Photos.png	turbo	420	70	model_proj	37.573	73.353	1.2073	ImageMagick	70.0	png
photos	Screenshot_20260526_074348_Photos.png	turbo	420	80	identity_off	38.486	78.175	1.0678	ImageMagick	80.0	png
photos	Screenshot_20260526_074348_Photos.png	turbo	420	80	model_policy	38.733	78.172	1.0181	ImageMagick	80.0	png
photos	Screenshot_20260526_074348_Photos.png	turbo	420	80	model_proj	38.737	78.085	1.0154	ImageMagick	80.0	png
photos	Screenshot_20260526_074348_Photos.png	turbo	420	85	identity_off	39.410	81.281	0.9474	ImageMagick	85.0	png
photos	Screenshot_20260526_074348_Photos.png	turbo	420	85	model_policy	39.642	80.924	0.9080	ImageMagick	85.0	png
photos	Screenshot_20260526_074348_Photos.png	turbo	420	85	model_proj	39.639	80.884	0.9072	ImageMagick	85.0	png
photos	Screenshot_20260526_074348_Photos.png	turbo	420	90	identity_off	40.875	84.751	0.7895	ImageMagick	90.0	png
photos	Screenshot_20260526_074348_Photos.png	turbo	420	90	model_policy	41.039	84.219	0.7615	ImageMagick	90.0	png
photos	Screenshot_20260526_074348_Photos.png	turbo	420	90	model_proj	41.028	84.377	0.7628	ImageMagick	90.0	png
photos	Screenshot_20260526_074348_Photos.png	turbo	444	40	identity_off	35.240	57.735	1.7393	ImageMagick	40.0	png
photos	Screenshot_20260526_074348_Photos.png	turbo	444	40	model_policy	35.652	61.376	1.6454	ImageMagick	40.0	png
photos	Screenshot_20260526_074348_Photos.png	turbo	444	40	model_proj	35.652	61.403	1.6453	ImageMagick	40.0	png
photos	Screenshot_20260526_074348_Photos.png	turbo	444	60	identity_off	36.517	67.953	1.4305	ImageMagick	60.0	png
photos	Screenshot_20260526_074348_Photos.png	turbo	444	60	model_policy	36.857	69.267	1.3424	ImageMagick	60.0	png
photos	Screenshot_20260526_074348_Photos.png	turbo	444	60	model_proj	36.857	69.258	1.3423	ImageMagick	60.0	png
photos	Screenshot_20260526_074348_Photos.png	turbo	444	70	identity_off	37.385	73.809	1.2560	ImageMagick	70.0	png
photos	Screenshot_20260526_074348_Photos.png	turbo	444	70	model_policy	37.683	74.082	1.1997	ImageMagick	70.0	png
photos	Screenshot_20260526_074348_Photos.png	turbo	444	70	model_proj	37.684	74.119	1.1996	ImageMagick	70.0	png
photos	Screenshot_20260526_074348_Photos.png	turbo	444	80	identity_off	38.609	79.191	1.0627	ImageMagick	80.0	png
photos	Screenshot_20260526_074348_Photos.png	turbo	444	80	model_policy	38.865	79.114	1.0124	ImageMagick	80.0	png
photos	Screenshot_20260526_074348_Photos.png	turbo	444	80	model_proj	38.870	79.074	1.0098	ImageMagick	80.0	png
photos	Screenshot_20260526_074348_Photos.png	turbo	444	85	identity_off	39.543	82.323	0.9431	ImageMagick	85.0	png
photos	Screenshot_20260526_074348_Photos.png	turbo	444	85	model_policy	39.784	82.066	0.9033	ImageMagick	85.0	png
photos	Screenshot_20260526_074348_Photos.png	turbo	444	85	model_proj	39.780	81.985	0.9022	ImageMagick	85.0	png
photos	Screenshot_20260526_074348_Photos.png	turbo	444	90	identity_off	41.036	85.434	0.7848	ImageMagick	90.0	png
photos	Screenshot_20260526_074348_Photos.png	turbo	444	90	model_policy	41.203	84.741	0.7574	ImageMagick	90.0	png
photos	Screenshot_20260526_074348_Photos.png	turbo	444	90	model_proj	41.188	85.134	0.7590	ImageMagick	90.0	png
photos	Screenshot_20260526_074348_Photos.png	mozjpeg	420	40	identity_off	34.345	53.246	1.8745	Mozjpeg	40.0	png
photos	Screenshot_20260526_074348_Photos.png	mozjpeg	420	40	model_policy	34.684	56.544	1.8060	Mozjpeg	40.0	png
photos	Screenshot_20260526_074348_Photos.png	mozjpeg	420	40	model_proj	34.684	56.545	1.8060	Mozjpeg	40.0	png
photos	Screenshot_20260526_074348_Photos.png	mozjpeg	420	60	identity_off	35.484	62.245	1.6048	Mozjpeg	60.0	png
photos	Screenshot_20260526_074348_Photos.png	mozjpeg	420	60	model_policy	35.744	64.089	1.5632	Mozjpeg	60.0	png
photos	Screenshot_20260526_074348_Photos.png	mozjpeg	420	60	model_proj	35.745	64.106	1.5631	Mozjpeg	60.0	png
photos	Screenshot_20260526_074348_Photos.png	mozjpeg	420	70	identity_off	36.264	68.447	1.4179	Mozjpeg	70.0	png
photos	Screenshot_20260526_074348_Photos.png	mozjpeg	420	70	model_policy	36.466	69.048	1.3898	Mozjpeg	70.0	png
photos	Screenshot_20260526_074348_Photos.png	mozjpeg	420	70	model_proj	36.467	69.069	1.3897	Mozjpeg	70.0	png
photos	Screenshot_20260526_074348_Photos.png	mozjpeg	420	80	identity_off	37.496	75.564	1.1741	Mozjpeg	80.0	png
photos	Screenshot_20260526_074348_Photos.png	mozjpeg	420	80	model_policy	37.627	75.305	1.1602	Mozjpeg	80.0	png
photos	Screenshot_20260526_074348_Photos.png	mozjpeg	420	80	model_proj	37.628	75.206	1.1604	Mozjpeg	80.0	png
photos	Screenshot_20260526_074348_Photos.png	mozjpeg	420	85	identity_off	38.391	78.667	1.0466	Mozjpeg	85.0	png
photos	Screenshot_20260526_074348_Photos.png	mozjpeg	420	85	model_policy	38.468	78.277	1.0371	Mozjpeg	85.0	png
photos	Screenshot_20260526_074348_Photos.png	mozjpeg	420	85	model_proj	38.465	78.258	1.0383	Mozjpeg	85.0	png
photos	Screenshot_20260526_074348_Photos.png	mozjpeg	420	90	identity_off	39.790	82.940	0.8636	Mozjpeg	90.0	png
photos	Screenshot_20260526_074348_Photos.png	mozjpeg	420	90	model_policy	39.759	82.104	0.8644	Mozjpeg	90.0	png
photos	Screenshot_20260526_074348_Photos.png	mozjpeg	420	90	model_proj	39.744	82.152	0.8681	Mozjpeg	90.0	png
photos	Screenshot_20260526_074348_Photos.png	mozjpeg	444	40	identity_off	34.407	54.529	1.8717	Mozjpeg	40.0	png
photos	Screenshot_20260526_074348_Photos.png	mozjpeg	444	40	model_policy	34.759	57.783	1.8037	Mozjpeg	40.0	png
photos	Screenshot_20260526_074348_Photos.png	mozjpeg	444	40	model_proj	34.759	57.773	1.8038	Mozjpeg	40.0	png
photos	Screenshot_20260526_074348_Photos.png	mozjpeg	444	60	identity_off	35.540	62.877	1.6039	Mozjpeg	60.0	png
photos	Screenshot_20260526_074348_Photos.png	mozjpeg	444	60	model_policy	35.810	64.837	1.5638	Mozjpeg	60.0	png
photos	Screenshot_20260526_074348_Photos.png	mozjpeg	444	60	model_proj	35.811	64.866	1.5637	Mozjpeg	60.0	png
photos	Screenshot_20260526_074348_Photos.png	mozjpeg	444	70	identity_off	36.340	69.327	1.4147	Mozjpeg	70.0	png
photos	Screenshot_20260526_074348_Photos.png	mozjpeg	444	70	model_policy	36.548	69.984	1.3865	Mozjpeg	70.0	png
photos	Screenshot_20260526_074348_Photos.png	mozjpeg	444	70	model_proj	36.549	69.977	1.3864	Mozjpeg	70.0	png
photos	Screenshot_20260526_074348_Photos.png	mozjpeg	444	80	identity_off	37.581	76.348	1.1689	Mozjpeg	80.0	png
photos	Screenshot_20260526_074348_Photos.png	mozjpeg	444	80	model_policy	37.713	75.956	1.1555	Mozjpeg	80.0	png
photos	Screenshot_20260526_074348_Photos.png	mozjpeg	444	80	model_proj	37.714	76.003	1.1555	Mozjpeg	80.0	png
photos	Screenshot_20260526_074348_Photos.png	mozjpeg	444	85	identity_off	38.476	79.596	1.0426	Mozjpeg	85.0	png
photos	Screenshot_20260526_074348_Photos.png	mozjpeg	444	85	model_policy	38.556	79.176	1.0331	Mozjpeg	85.0	png
photos	Screenshot_20260526_074348_Photos.png	mozjpeg	444	85	model_proj	38.551	79.157	1.0344	Mozjpeg	85.0	png
photos	Screenshot_20260526_074348_Photos.png	mozjpeg	444	90	identity_off	39.896	83.761	0.8604	Mozjpeg	90.0	png
photos	Screenshot_20260526_074348_Photos.png	mozjpeg	444	90	model_policy	39.864	82.902	0.8615	Mozjpeg	90.0	png
photos	Screenshot_20260526_074348_Photos.png	mozjpeg	444	90	model_proj	39.843	82.997	0.8664	Mozjpeg	90.0	png
photos	Screenshot_20260526_074348_Photos.png	jpegli	420	40	identity_off	34.840	60.527	1.7333	CjpegliYcbcr	6.7	png
photos	Screenshot_20260526_074348_Photos.png	jpegli	420	40	model_policy	35.089	62.226	1.6825	CjpegliYcbcr	6.7	png
photos	Screenshot_20260526_074348_Photos.png	jpegli	420	40	model_proj	35.091	62.238	1.6824	CjpegliYcbcr	6.7	png
photos	Screenshot_20260526_074348_Photos.png	jpegli	420	60	identity_off	35.706	63.961	1.5563	CjpegliYcbcr	4.6	png
photos	Screenshot_20260526_074348_Photos.png	jpegli	420	60	model_policy	35.892	65.002	1.5280	CjpegliYcbcr	4.6	png
photos	Screenshot_20260526_074348_Photos.png	jpegli	420	60	model_proj	35.896	65.061	1.5278	CjpegliYcbcr	4.6	png
photos	Screenshot_20260526_074348_Photos.png	jpegli	420	70	identity_off	36.488	67.896	1.4525	CjpegliYcbcr	3.5	png
photos	Screenshot_20260526_074348_Photos.png	jpegli	420	70	model_policy	36.610	68.441	1.4328	CjpegliYcbcr	3.5	png
photos	Screenshot_20260526_074348_Photos.png	jpegli	420	70	model_proj	36.618	68.446	1.4306	CjpegliYcbcr	3.5	png
photos	Screenshot_20260526_074348_Photos.png	jpegli	420	80	identity_off	37.493	73.347	1.2869	CjpegliYcbcr	2.5	png
photos	Screenshot_20260526_074348_Photos.png	jpegli	420	80	model_policy	37.545	72.990	1.2796	CjpegliYcbcr	2.5	png
photos	Screenshot_20260526_074348_Photos.png	jpegli	420	80	model_proj	37.551	73.022	1.2794	CjpegliYcbcr	2.5	png
photos	Screenshot_20260526_074348_Photos.png	jpegli	420	85	identity_off	38.416	76.030	1.1231	CjpegliYcbcr	1.8	png
photos	Screenshot_20260526_074348_Photos.png	jpegli	420	85	model_policy	38.425	75.443	1.1199	CjpegliYcbcr	1.8	png
photos	Screenshot_20260526_074348_Photos.png	jpegli	420	85	model_proj	38.424	75.602	1.1202	CjpegliYcbcr	1.8	png
photos	Screenshot_20260526_074348_Photos.png	jpegli	420	90	identity_off	40.057	81.127	0.8836	CjpegliYcbcr	1.3	png
photos	Screenshot_20260526_074348_Photos.png	jpegli	420	90	model_policy	39.977	80.323	0.8907	CjpegliYcbcr	1.3	png
photos	Screenshot_20260526_074348_Photos.png	jpegli	420	90	model_proj	39.977	80.383	0.8908	CjpegliYcbcr	1.3	png
photos	Screenshot_20260526_074348_Photos.png	jpegli	444	40	identity_off	35.175	58.930	1.7305	CjpegliYcbcr	5.5	png
photos	Screenshot_20260526_074348_Photos.png	jpegli	444	40	model_policy	35.417	61.554	1.6875	CjpegliYcbcr	5.5	png
photos	Screenshot_20260526_074348_Photos.png	jpegli	444	40	model_proj	35.421	61.543	1.6874	CjpegliYcbcr	5.5	png
photos	Screenshot_20260526_074348_Photos.png	jpegli	444	60	identity_off	36.256	69.245	1.4348	CjpegliYcbcr	3.7	png
photos	Screenshot_20260526_074348_Photos.png	jpegli	444	60	model_policy	36.405	69.369	1.4199	CjpegliYcbcr	3.7	png
photos	Screenshot_20260526_074348_Photos.png	jpegli	444	60	model_proj	36.411	69.423	1.4195	CjpegliYcbcr	3.7	png
photos	Screenshot_20260526_074348_Photos.png	jpegli	444	70	identity_off	36.997	69.957	1.3255	CjpegliYcbcr	2.8	png
photos	Screenshot_20260526_074348_Photos.png	jpegli	444	70	model_policy	37.106	70.180	1.3161	CjpegliYcbcr	2.8	png
photos	Screenshot_20260526_074348_Photos.png	jpegli	444	70	model_proj	37.112	70.212	1.3155	CjpegliYcbcr	2.8	png
photos	Screenshot_20260526_074348_Photos.png	jpegli	444	80	identity_off	37.689	74.113	1.2805	CjpegliYcbcr	1.9	png
photos	Screenshot_20260526_074348_Photos.png	jpegli	444	80	model_policy	37.749	73.940	1.2788	CjpegliYcbcr	1.9	png
photos	Screenshot_20260526_074348_Photos.png	jpegli	444	80	model_proj	37.767	74.025	1.2769	CjpegliYcbcr	1.9	png
photos	Screenshot_20260526_074348_Photos.png	jpegli	444	85	identity_off	39.104	78.285	1.0619	CjpegliYcbcr	1.4	png
photos	Screenshot_20260526_074348_Photos.png	jpegli	444	85	model_policy	39.079	77.657	1.0622	CjpegliYcbcr	1.4	png
photos	Screenshot_20260526_074348_Photos.png	jpegli	444	85	model_proj	39.095	77.724	1.0578	CjpegliYcbcr	1.4	png
photos	Screenshot_20260526_074348_Photos.png	jpegli	444	90	identity_off	40.858	82.420	0.8668	CjpegliYcbcr	1.1	png
photos	Screenshot_20260526_074348_Photos.png	jpegli	444	90	model_policy	40.729	81.518	0.8709	CjpegliYcbcr	1.1	png
photos	Screenshot_20260526_074348_Photos.png	jpegli	444	90	model_proj	40.742	81.634	0.8681	CjpegliYcbcr	1.1	png
photos	Screenshot_20260526_074348_Photos.png	zenjpeg	420	40	identity_off	34.806	60.372	1.7381	CjpegliYcbcr	6.7	png
photos	Screenshot_20260526_074348_Photos.png	zenjpeg	420	40	model_policy	35.061	62.115	1.6873	CjpegliYcbcr	6.7	png
photos	Screenshot_20260526_074348_Photos.png	zenjpeg	420	40	model_proj	35.062	62.133	1.6873	CjpegliYcbcr	6.7	png
photos	Screenshot_20260526_074348_Photos.png	zenjpeg	420	60	identity_off	35.755	65.849	1.5252	CjpegliYcbcr	4.6	png
photos	Screenshot_20260526_074348_Photos.png	zenjpeg	420	60	model_policy	35.940	66.500	1.4950	CjpegliYcbcr	4.6	png
photos	Screenshot_20260526_074348_Photos.png	zenjpeg	420	60	model_proj	35.943	66.604	1.4942	CjpegliYcbcr	4.6	png
photos	Screenshot_20260526_074348_Photos.png	zenjpeg	420	70	identity_off	36.526	69.926	1.3895	CjpegliYcbcr	3.5	png
photos	Screenshot_20260526_074348_Photos.png	zenjpeg	420	70	model_policy	36.645	69.960	1.3741	CjpegliYcbcr	3.5	png
photos	Screenshot_20260526_074348_Photos.png	zenjpeg	420	70	model_proj	36.651	69.983	1.3729	CjpegliYcbcr	3.5	png
photos	Screenshot_20260526_074348_Photos.png	zenjpeg	420	80	identity_off	37.537	74.339	1.2313	CjpegliYcbcr	2.5	png
photos	Screenshot_20260526_074348_Photos.png	zenjpeg	420	80	model_policy	37.588	73.785	1.2263	CjpegliYcbcr	2.5	png
photos	Screenshot_20260526_074348_Photos.png	zenjpeg	420	80	model_proj	37.586	73.780	1.2272	CjpegliYcbcr	2.5	png
photos	Screenshot_20260526_074348_Photos.png	zenjpeg	420	85	identity_off	38.401	77.474	1.0896	CjpegliYcbcr	1.8	png
photos	Screenshot_20260526_074348_Photos.png	zenjpeg	420	85	model_policy	38.406	76.710	1.0892	CjpegliYcbcr	1.8	png
photos	Screenshot_20260526_074348_Photos.png	zenjpeg	420	85	model_proj	38.408	76.819	1.0888	CjpegliYcbcr	1.8	png
photos	Screenshot_20260526_074348_Photos.png	zenjpeg	420	90	identity_off	40.052	81.808	0.8651	CjpegliYcbcr	1.3	png
photos	Screenshot_20260526_074348_Photos.png	zenjpeg	420	90	model_policy	39.974	80.848	0.8735	CjpegliYcbcr	1.3	png
photos	Screenshot_20260526_074348_Photos.png	zenjpeg	420	90	model_proj	39.942	80.985	0.8785	CjpegliYcbcr	1.3	png
photos	Screenshot_20260526_074348_Photos.png	zenjpeg	444	40	identity_off	35.190	62.494	1.6755	CjpegliYcbcr	5.5	png
photos	Screenshot_20260526_074348_Photos.png	zenjpeg	444	40	model_policy	35.417	63.889	1.6429	CjpegliYcbcr	5.5	png
photos	Screenshot_20260526_074348_Photos.png	zenjpeg	444	40	model_proj	35.421	63.913	1.6427	CjpegliYcbcr	5.5	png
photos	Screenshot_20260526_074348_Photos.png	zenjpeg	444	60	identity_off	36.223	68.862	1.4413	CjpegliYcbcr	3.7	png
photos	Screenshot_20260526_074348_Photos.png	zenjpeg	444	60	model_policy	36.373	69.036	1.4266	CjpegliYcbcr	3.7	png
photos	Screenshot_20260526_074348_Photos.png	zenjpeg	444	60	model_proj	36.379	69.076	1.4263	CjpegliYcbcr	3.7	png
photos	Screenshot_20260526_074348_Photos.png	zenjpeg	444	70	identity_off	36.922	72.296	1.3084	CjpegliYcbcr	2.8	png
photos	Screenshot_20260526_074348_Photos.png	zenjpeg	444	70	model_policy	37.025	72.075	1.3002	CjpegliYcbcr	2.8	png
photos	Screenshot_20260526_074348_Photos.png	zenjpeg	444	70	model_proj	37.031	72.169	1.2996	CjpegliYcbcr	2.8	png
photos	Screenshot_20260526_074348_Photos.png	zenjpeg	444	80	identity_off	38.002	76.328	1.1772	CjpegliYcbcr	1.9	png
photos	Screenshot_20260526_074348_Photos.png	zenjpeg	444	80	model_policy	38.036	75.692	1.1753	CjpegliYcbcr	1.9	png
photos	Screenshot_20260526_074348_Photos.png	zenjpeg	444	80	model_proj	38.045	75.730	1.1745	CjpegliYcbcr	1.9	png
photos	Screenshot_20260526_074348_Photos.png	zenjpeg	444	85	identity_off	39.192	80.101	0.9656	CjpegliYcbcr	1.4	png
photos	Screenshot_20260526_074348_Photos.png	zenjpeg	444	85	model_policy	39.163	79.346	0.9698	CjpegliYcbcr	1.4	png
photos	Screenshot_20260526_074348_Photos.png	zenjpeg	444	85	model_proj	39.174	79.430	0.9661	CjpegliYcbcr	1.4	png
photos	Screenshot_20260526_074348_Photos.png	zenjpeg	444	90	identity_off	40.995	83.952	0.7604	CjpegliYcbcr	1.1	png
photos	Screenshot_20260526_074348_Photos.png	zenjpeg	444	90	model_policy	40.854	82.886	0.7746	CjpegliYcbcr	1.1	png
photos	Screenshot_20260526_074348_Photos.png	zenjpeg	444	90	model_proj	40.846	82.972	0.7743	CjpegliYcbcr	1.1	png
photos	Screenshot_20260526_074418_Photos.png	turbo	420	40	identity_off	32.844	63.775	1.7892	ImageMagick	40.0	png
photos	Screenshot_20260526_074418_Photos.png	turbo	420	40	model_policy	33.173	65.626	1.7253	ImageMagick	40.0	png
photos	Screenshot_20260526_074418_Photos.png	turbo	420	40	model_proj	33.173	65.651	1.7253	ImageMagick	40.0	png
photos	Screenshot_20260526_074418_Photos.png	turbo	420	60	identity_off	33.974	70.880	1.5184	ImageMagick	60.0	png
photos	Screenshot_20260526_074418_Photos.png	turbo	420	60	model_policy	34.242	71.739	1.4709	ImageMagick	60.0	png
photos	Screenshot_20260526_074418_Photos.png	turbo	420	60	model_proj	34.242	71.739	1.4708	ImageMagick	60.0	png
photos	Screenshot_20260526_074418_Photos.png	turbo	420	70	identity_off	34.812	75.621	1.3462	ImageMagick	70.0	png
photos	Screenshot_20260526_074418_Photos.png	turbo	420	70	model_policy	35.051	76.058	1.3059	ImageMagick	70.0	png
photos	Screenshot_20260526_074418_Photos.png	turbo	420	70	model_proj	35.051	76.088	1.3057	ImageMagick	70.0	png
photos	Screenshot_20260526_074418_Photos.png	turbo	420	80	identity_off	36.025	79.775	1.1574	ImageMagick	80.0	png
photos	Screenshot_20260526_074418_Photos.png	turbo	420	80	model_policy	36.229	79.975	1.1235	ImageMagick	80.0	png
photos	Screenshot_20260526_074418_Photos.png	turbo	420	80	model_proj	36.229	80.015	1.1235	ImageMagick	80.0	png
photos	Screenshot_20260526_074418_Photos.png	turbo	420	85	identity_off	37.021	82.450	1.0201	ImageMagick	85.0	png
photos	Screenshot_20260526_074418_Photos.png	turbo	420	85	model_policy	37.203	82.662	0.9899	ImageMagick	85.0	png
photos	Screenshot_20260526_074418_Photos.png	turbo	420	85	model_proj	37.196	82.626	0.9907	ImageMagick	85.0	png
photos	Screenshot_20260526_074418_Photos.png	turbo	420	90	identity_off	38.606	85.694	0.8335	ImageMagick	90.0	png
photos	Screenshot_20260526_074418_Photos.png	turbo	420	90	model_policy	38.751	85.689	0.8099	ImageMagick	90.0	png
photos	Screenshot_20260526_074418_Photos.png	turbo	420	90	model_proj	38.762	85.760	0.8078	ImageMagick	90.0	png
photos	Screenshot_20260526_074418_Photos.png	turbo	444	40	identity_off	33.193	66.285	1.7658	ImageMagick	40.0	png
photos	Screenshot_20260526_074418_Photos.png	turbo	444	40	model_policy	33.572	68.223	1.6986	ImageMagick	40.0	png
photos	Screenshot_20260526_074418_Photos.png	turbo	444	40	model_proj	33.572	68.229	1.6986	ImageMagick	40.0	png
photos	Screenshot_20260526_074418_Photos.png	turbo	444	60	identity_off	34.292	72.707	1.5019	ImageMagick	60.0	png
photos	Screenshot_20260526_074418_Photos.png	turbo	444	60	model_policy	34.587	73.522	1.4525	ImageMagick	60.0	png
photos	Screenshot_20260526_074418_Photos.png	turbo	444	60	model_proj	34.587	73.539	1.4525	ImageMagick	60.0	png
photos	Screenshot_20260526_074418_Photos.png	turbo	444	70	identity_off	35.145	77.138	1.3329	ImageMagick	70.0	png
photos	Screenshot_20260526_074418_Photos.png	turbo	444	70	model_policy	35.401	77.537	1.2913	ImageMagick	70.0	png
photos	Screenshot_20260526_074418_Photos.png	turbo	444	70	model_proj	35.401	77.582	1.2911	ImageMagick	70.0	png
photos	Screenshot_20260526_074418_Photos.png	turbo	444	80	identity_off	36.377	81.031	1.1467	ImageMagick	80.0	png
photos	Screenshot_20260526_074418_Photos.png	turbo	444	80	model_policy	36.594	81.188	1.1125	ImageMagick	80.0	png
photos	Screenshot_20260526_074418_Photos.png	turbo	444	80	model_proj	36.594	81.240	1.1124	ImageMagick	80.0	png
photos	Screenshot_20260526_074418_Photos.png	turbo	444	85	identity_off	37.419	83.730	1.0111	ImageMagick	85.0	png
photos	Screenshot_20260526_074418_Photos.png	turbo	444	85	model_policy	37.612	83.888	0.9797	ImageMagick	85.0	png
photos	Screenshot_20260526_074418_Photos.png	turbo	444	85	model_proj	37.602	83.731	0.9804	ImageMagick	85.0	png
photos	Screenshot_20260526_074418_Photos.png	turbo	444	90	identity_off	39.108	86.902	0.8246	ImageMagick	90.0	png
photos	Screenshot_20260526_074418_Photos.png	turbo	444	90	model_policy	39.264	86.814	0.8003	ImageMagick	90.0	png
photos	Screenshot_20260526_074418_Photos.png	turbo	444	90	model_proj	39.265	86.803	0.7995	ImageMagick	90.0	png
photos	Screenshot_20260526_074418_Photos.png	mozjpeg	420	40	identity_off	32.234	60.312	2.0131	Mozjpeg	40.0	png
photos	Screenshot_20260526_074418_Photos.png	mozjpeg	420	40	model_policy	32.509	62.169	1.9569	Mozjpeg	40.0	png
photos	Screenshot_20260526_074418_Photos.png	mozjpeg	420	40	model_proj	32.509	62.166	1.9569	Mozjpeg	40.0	png
photos	Screenshot_20260526_074418_Photos.png	mozjpeg	420	60	identity_off	33.402	68.357	1.6656	Mozjpeg	60.0	png
photos	Screenshot_20260526_074418_Photos.png	mozjpeg	420	60	model_policy	33.588	69.278	1.6335	Mozjpeg	60.0	png
photos	Screenshot_20260526_074418_Photos.png	mozjpeg	420	60	model_proj	33.588	69.253	1.6335	Mozjpeg	60.0	png
photos	Screenshot_20260526_074418_Photos.png	mozjpeg	420	70	identity_off	34.205	72.762	1.4830	Mozjpeg	70.0	png
photos	Screenshot_20260526_074418_Photos.png	mozjpeg	420	70	model_policy	34.335	72.976	1.4622	Mozjpeg	70.0	png
photos	Screenshot_20260526_074418_Photos.png	mozjpeg	420	70	model_proj	34.335	73.049	1.4621	Mozjpeg	70.0	png
photos	Screenshot_20260526_074418_Photos.png	mozjpeg	420	80	identity_off	35.420	77.753	1.2610	Mozjpeg	80.0	png
photos	Screenshot_20260526_074418_Photos.png	mozjpeg	420	80	model_policy	35.507	77.716	1.2473	Mozjpeg	80.0	png
photos	Screenshot_20260526_074418_Photos.png	mozjpeg	420	80	model_proj	35.498	77.721	1.2494	Mozjpeg	80.0	png
photos	Screenshot_20260526_074418_Photos.png	mozjpeg	420	85	identity_off	36.312	80.397	1.1201	Mozjpeg	85.0	png
photos	Screenshot_20260526_074418_Photos.png	mozjpeg	420	85	model_policy	36.373	80.226	1.1091	Mozjpeg	85.0	png
photos	Screenshot_20260526_074418_Photos.png	mozjpeg	420	85	model_proj	36.365	80.221	1.1109	Mozjpeg	85.0	png
photos	Screenshot_20260526_074418_Photos.png	mozjpeg	420	90	identity_off	37.778	84.252	0.9212	Mozjpeg	90.0	png
photos	Screenshot_20260526_074418_Photos.png	mozjpeg	420	90	model_policy	37.819	83.998	0.9135	Mozjpeg	90.0	png
photos	Screenshot_20260526_074418_Photos.png	mozjpeg	420	90	model_proj	37.819	84.059	0.9147	Mozjpeg	90.0	png
photos	Screenshot_20260526_074418_Photos.png	mozjpeg	444	40	identity_off	32.485	62.312	1.9844	Mozjpeg	40.0	png
photos	Screenshot_20260526_074418_Photos.png	mozjpeg	444	40	model_policy	32.791	64.217	1.9265	Mozjpeg	40.0	png
photos	Screenshot_20260526_074418_Photos.png	mozjpeg	444	40	model_proj	32.791	64.216	1.9265	Mozjpeg	40.0	png
photos	Screenshot_20260526_074418_Photos.png	mozjpeg	444	60	identity_off	33.625	69.877	1.6507	Mozjpeg	60.0	png
photos	Screenshot_20260526_074418_Photos.png	mozjpeg	444	60	model_policy	33.821	70.761	1.6174	Mozjpeg	60.0	png
photos	Screenshot_20260526_074418_Photos.png	mozjpeg	444	60	model_proj	33.821	70.818	1.6173	Mozjpeg	60.0	png
photos	Screenshot_20260526_074418_Photos.png	mozjpeg	444	70	identity_off	34.433	74.008	1.4714	Mozjpeg	70.0	png
photos	Screenshot_20260526_074418_Photos.png	mozjpeg	444	70	model_policy	34.565	74.233	1.4502	Mozjpeg	70.0	png
photos	Screenshot_20260526_074418_Photos.png	mozjpeg	444	70	model_proj	34.566	74.245	1.4501	Mozjpeg	70.0	png
photos	Screenshot_20260526_074418_Photos.png	mozjpeg	444	80	identity_off	35.651	78.778	1.2516	Mozjpeg	80.0	png
photos	Screenshot_20260526_074418_Photos.png	mozjpeg	444	80	model_policy	35.731	78.742	1.2383	Mozjpeg	80.0	png
photos	Screenshot_20260526_074418_Photos.png	mozjpeg	444	80	model_proj	35.721	78.630	1.2406	Mozjpeg	80.0	png
photos	Screenshot_20260526_074418_Photos.png	mozjpeg	444	85	identity_off	36.568	81.366	1.1123	Mozjpeg	85.0	png
photos	Screenshot_20260526_074418_Photos.png	mozjpeg	444	85	model_policy	36.623	81.187	1.1006	Mozjpeg	85.0	png
photos	Screenshot_20260526_074418_Photos.png	mozjpeg	444	85	model_proj	36.613	81.118	1.1029	Mozjpeg	85.0	png
photos	Screenshot_20260526_074418_Photos.png	mozjpeg	444	90	identity_off	38.096	85.151	0.9147	Mozjpeg	90.0	png
photos	Screenshot_20260526_074418_Photos.png	mozjpeg	444	90	model_policy	38.133	84.870	0.9069	Mozjpeg	90.0	png
photos	Screenshot_20260526_074418_Photos.png	mozjpeg	444	90	model_proj	38.128	84.855	0.9086	Mozjpeg	90.0	png
photos	Screenshot_20260526_074418_Photos.png	jpegli	420	40	identity_off	32.288	65.403	1.9226	CjpegliYcbcr	6.7	png
photos	Screenshot_20260526_074418_Photos.png	jpegli	420	40	model_policy	32.523	66.089	1.8820	CjpegliYcbcr	6.7	png
photos	Screenshot_20260526_074418_Photos.png	jpegli	420	40	model_proj	32.523	66.118	1.8820	CjpegliYcbcr	6.7	png
photos	Screenshot_20260526_074418_Photos.png	jpegli	420	60	identity_off	33.194	68.491	1.6916	CjpegliYcbcr	4.6	png
photos	Screenshot_20260526_074418_Photos.png	jpegli	420	60	model_policy	33.370	68.935	1.6632	CjpegliYcbcr	4.6	png
photos	Screenshot_20260526_074418_Photos.png	jpegli	420	60	model_proj	33.370	68.959	1.6632	CjpegliYcbcr	4.6	png
photos	Screenshot_20260526_074418_Photos.png	jpegli	420	70	identity_off	34.041	71.758	1.5080	CjpegliYcbcr	3.5	png
photos	Screenshot_20260526_074418_Photos.png	jpegli	420	70	model_policy	34.174	72.074	1.4845	CjpegliYcbcr	3.5	png
photos	Screenshot_20260526_074418_Photos.png	jpegli	420	70	model_proj	34.175	72.089	1.4846	CjpegliYcbcr	3.5	png
photos	Screenshot_20260526_074418_Photos.png	jpegli	420	80	identity_off	35.407	77.367	1.2670	CjpegliYcbcr	2.5	png
photos	Screenshot_20260526_074418_Photos.png	jpegli	420	80	model_policy	35.495	77.328	1.2513	CjpegliYcbcr	2.5	png
photos	Screenshot_20260526_074418_Photos.png	jpegli	420	80	model_proj	35.496	77.254	1.2511	CjpegliYcbcr	2.5	png
photos	Screenshot_20260526_074418_Photos.png	jpegli	420	85	identity_off	36.449	80.029	1.1035	CjpegliYcbcr	1.8	png
photos	Screenshot_20260526_074418_Photos.png	jpegli	420	85	model_policy	36.516	79.975	1.0905	CjpegliYcbcr	1.8	png
photos	Screenshot_20260526_074418_Photos.png	jpegli	420	85	model_proj	36.519	80.059	1.0906	CjpegliYcbcr	1.8	png
photos	Screenshot_20260526_074418_Photos.png	jpegli	420	90	identity_off	38.291	83.649	0.8706	CjpegliYcbcr	1.3	png
photos	Screenshot_20260526_074418_Photos.png	jpegli	420	90	model_policy	38.318	83.520	0.8623	CjpegliYcbcr	1.3	png
photos	Screenshot_20260526_074418_Photos.png	jpegli	420	90	model_proj	38.326	83.554	0.8614	CjpegliYcbcr	1.3	png
photos	Screenshot_20260526_074418_Photos.png	jpegli	444	40	identity_off	32.441	64.960	1.8318	CjpegliYcbcr	5.5	png
photos	Screenshot_20260526_074418_Photos.png	jpegli	444	40	model_policy	32.775	66.148	1.7977	CjpegliYcbcr	5.5	png
photos	Screenshot_20260526_074418_Photos.png	jpegli	444	40	model_proj	32.775	66.162	1.7976	CjpegliYcbcr	5.5	png
photos	Screenshot_20260526_074418_Photos.png	jpegli	444	60	identity_off	33.706	72.709	1.5336	CjpegliYcbcr	3.7	png
photos	Screenshot_20260526_074418_Photos.png	jpegli	444	60	model_policy	33.930	72.846	1.5114	CjpegliYcbcr	3.7	png
photos	Screenshot_20260526_074418_Photos.png	jpegli	444	60	model_proj	33.930	72.847	1.5113	CjpegliYcbcr	3.7	png
photos	Screenshot_20260526_074418_Photos.png	jpegli	444	70	identity_off	34.558	74.800	1.3752	CjpegliYcbcr	2.8	png
photos	Screenshot_20260526_074418_Photos.png	jpegli	444	70	model_policy	34.737	75.033	1.3560	CjpegliYcbcr	2.8	png
photos	Screenshot_20260526_074418_Photos.png	jpegli	444	70	model_proj	34.737	75.033	1.3559	CjpegliYcbcr	2.8	png
photos	Screenshot_20260526_074418_Photos.png	jpegli	444	80	identity_off	35.937	76.946	1.1606	CjpegliYcbcr	1.9	png
photos	Screenshot_20260526_074418_Photos.png	jpegli	444	80	model_policy	36.080	77.288	1.1466	CjpegliYcbcr	1.9	png
photos	Screenshot_20260526_074418_Photos.png	jpegli	444	80	model_proj	36.082	77.340	1.1457	CjpegliYcbcr	1.9	png
photos	Screenshot_20260526_074418_Photos.png	jpegli	444	85	identity_off	37.093	80.200	1.0019	CjpegliYcbcr	1.4	png
photos	Screenshot_20260526_074418_Photos.png	jpegli	444	85	model_policy	37.194	80.245	0.9914	CjpegliYcbcr	1.4	png
photos	Screenshot_20260526_074418_Photos.png	jpegli	444	85	model_proj	37.195	80.242	0.9911	CjpegliYcbcr	1.4	png
photos	Screenshot_20260526_074418_Photos.png	jpegli	444	90	identity_off	39.143	84.893	0.7835	CjpegliYcbcr	1.1	png
photos	Screenshot_20260526_074418_Photos.png	jpegli	444	90	model_policy	39.187	84.736	0.7764	CjpegliYcbcr	1.1	png
photos	Screenshot_20260526_074418_Photos.png	jpegli	444	90	model_proj	39.186	84.837	0.7760	CjpegliYcbcr	1.1	png
photos	Screenshot_20260526_074418_Photos.png	zenjpeg	420	40	identity_off	32.270	65.253	1.9267	CjpegliYcbcr	6.7	png
photos	Screenshot_20260526_074418_Photos.png	zenjpeg	420	40	model_policy	32.506	65.941	1.8869	CjpegliYcbcr	6.7	png
photos	Screenshot_20260526_074418_Photos.png	zenjpeg	420	40	model_proj	32.506	65.952	1.8869	CjpegliYcbcr	6.7	png
photos	Screenshot_20260526_074418_Photos.png	zenjpeg	420	60	identity_off	33.208	69.433	1.6906	CjpegliYcbcr	4.6	png
photos	Screenshot_20260526_074418_Photos.png	zenjpeg	420	60	model_policy	33.384	69.748	1.6629	CjpegliYcbcr	4.6	png
photos	Screenshot_20260526_074418_Photos.png	zenjpeg	420	60	model_proj	33.385	69.748	1.6629	CjpegliYcbcr	4.6	png
photos	Screenshot_20260526_074418_Photos.png	zenjpeg	420	70	identity_off	34.039	72.849	1.5081	CjpegliYcbcr	3.5	png
photos	Screenshot_20260526_074418_Photos.png	zenjpeg	420	70	model_policy	34.170	72.926	1.4853	CjpegliYcbcr	3.5	png
photos	Screenshot_20260526_074418_Photos.png	zenjpeg	420	70	model_proj	34.172	72.966	1.4854	CjpegliYcbcr	3.5	png
photos	Screenshot_20260526_074418_Photos.png	zenjpeg	420	80	identity_off	35.380	77.330	1.2683	CjpegliYcbcr	2.5	png
photos	Screenshot_20260526_074418_Photos.png	zenjpeg	420	80	model_policy	35.466	77.300	1.2526	CjpegliYcbcr	2.5	png
photos	Screenshot_20260526_074418_Photos.png	zenjpeg	420	80	model_proj	35.462	77.334	1.2536	CjpegliYcbcr	2.5	png
photos	Screenshot_20260526_074418_Photos.png	zenjpeg	420	85	identity_off	36.425	79.982	1.1054	CjpegliYcbcr	1.8	png
photos	Screenshot_20260526_074418_Photos.png	zenjpeg	420	85	model_policy	36.493	79.951	1.0926	CjpegliYcbcr	1.8	png
photos	Screenshot_20260526_074418_Photos.png	zenjpeg	420	85	model_proj	36.492	80.022	1.0937	CjpegliYcbcr	1.8	png
photos	Screenshot_20260526_074418_Photos.png	zenjpeg	420	90	identity_off	38.269	84.036	0.8652	CjpegliYcbcr	1.3	png
photos	Screenshot_20260526_074418_Photos.png	zenjpeg	420	90	model_policy	38.295	83.802	0.8570	CjpegliYcbcr	1.3	png
photos	Screenshot_20260526_074418_Photos.png	zenjpeg	420	90	model_proj	38.298	84.020	0.8576	CjpegliYcbcr	1.3	png
photos	Screenshot_20260526_074418_Photos.png	zenjpeg	444	40	identity_off	32.415	65.343	1.8394	CjpegliYcbcr	5.5	png
photos	Screenshot_20260526_074418_Photos.png	zenjpeg	444	40	model_policy	32.747	66.383	1.8063	CjpegliYcbcr	5.5	png
photos	Screenshot_20260526_074418_Photos.png	zenjpeg	444	40	model_proj	32.747	66.373	1.8062	CjpegliYcbcr	5.5	png
photos	Screenshot_20260526_074418_Photos.png	zenjpeg	444	60	identity_off	33.688	72.600	1.5374	CjpegliYcbcr	3.7	png
photos	Screenshot_20260526_074418_Photos.png	zenjpeg	444	60	model_policy	33.912	72.736	1.5153	CjpegliYcbcr	3.7	png
photos	Screenshot_20260526_074418_Photos.png	zenjpeg	444	60	model_proj	33.912	72.726	1.5152	CjpegliYcbcr	3.7	png
photos	Screenshot_20260526_074418_Photos.png	zenjpeg	444	70	identity_off	34.524	75.123	1.3845	CjpegliYcbcr	2.8	png
photos	Screenshot_20260526_074418_Photos.png	zenjpeg	444	70	model_policy	34.700	75.231	1.3658	CjpegliYcbcr	2.8	png
photos	Screenshot_20260526_074418_Photos.png	zenjpeg	444	70	model_proj	34.700	75.239	1.3657	CjpegliYcbcr	2.8	png
photos	Screenshot_20260526_074418_Photos.png	zenjpeg	444	80	identity_off	35.997	79.465	1.1448	CjpegliYcbcr	1.9	png
photos	Screenshot_20260526_074418_Photos.png	zenjpeg	444	80	model_policy	36.123	79.428	1.1311	CjpegliYcbcr	1.9	png
photos	Screenshot_20260526_074418_Photos.png	zenjpeg	444	80	model_proj	36.125	79.524	1.1311	CjpegliYcbcr	1.9	png
photos	Screenshot_20260526_074418_Photos.png	zenjpeg	444	85	identity_off	37.149	82.384	0.9807	CjpegliYcbcr	1.4	png
photos	Screenshot_20260526_074418_Photos.png	zenjpeg	444	85	model_policy	37.245	82.238	0.9703	CjpegliYcbcr	1.4	png
photos	Screenshot_20260526_074418_Photos.png	zenjpeg	444	85	model_proj	37.246	82.299	0.9706	CjpegliYcbcr	1.4	png
photos	Screenshot_20260526_074418_Photos.png	zenjpeg	444	90	identity_off	39.151	86.110	0.7621	CjpegliYcbcr	1.1	png
photos	Screenshot_20260526_074418_Photos.png	zenjpeg	444	90	model_policy	39.195	85.956	0.7554	CjpegliYcbcr	1.1	png
photos	Screenshot_20260526_074418_Photos.png	zenjpeg	444	90	model_proj	39.167	85.841	0.7594	CjpegliYcbcr	1.1	png
screen	archive__details-collection__1440x900__dpr1.png	turbo	420	40	identity_off	46.881	92.335	1.6860	ImageMagick	40.0	png
screen	archive__details-collection__1440x900__dpr1.png	turbo	420	40	model_policy	46.881	92.333	1.6860	ImageMagick	40.0	png
screen	archive__details-collection__1440x900__dpr1.png	turbo	420	40	model_proj	46.881	92.333	1.6860	ImageMagick	40.0	png
screen	archive__details-collection__1440x900__dpr1.png	turbo	420	60	identity_off	45.912	88.352	1.4854	ImageMagick	60.0	png
screen	archive__details-collection__1440x900__dpr1.png	turbo	420	60	model_policy	49.690	89.245	0.8909	ImageMagick	60.0	png
screen	archive__details-collection__1440x900__dpr1.png	turbo	420	60	model_proj	49.690	89.245	0.8909	ImageMagick	60.0	png
screen	archive__details-collection__1440x900__dpr1.png	turbo	420	70	identity_off	99.000	100.000	0.0000	ImageMagick	70.0	png
screen	archive__details-collection__1440x900__dpr1.png	turbo	420	70	model_policy	53.082	92.566	0.8283	ImageMagick	70.0	png
screen	archive__details-collection__1440x900__dpr1.png	turbo	420	70	model_proj	53.082	92.566	0.8283	ImageMagick	70.0	png
screen	archive__details-collection__1440x900__dpr1.png	turbo	420	80	identity_off	99.000	100.000	0.0000	ImageMagick	80.0	png
screen	archive__details-collection__1440x900__dpr1.png	turbo	420	80	model_policy	53.082	92.566	0.8283	ImageMagick	80.0	png
screen	archive__details-collection__1440x900__dpr1.png	turbo	420	80	model_proj	53.082	92.566	0.8283	ImageMagick	80.0	png
screen	archive__details-collection__1440x900__dpr1.png	turbo	420	85	identity_off	99.000	100.000	0.0000	ImageMagick	85.0	png
screen	archive__details-collection__1440x900__dpr1.png	turbo	420	85	model_policy	53.082	92.566	0.8283	ImageMagick	85.0	png
screen	archive__details-collection__1440x900__dpr1.png	turbo	420	85	model_proj	68.605	94.572	0.1550	ImageMagick	85.0	png
screen	archive__details-collection__1440x900__dpr1.png	turbo	420	90	identity_off	99.000	100.000	0.0000	ImageMagick	90.0	png
screen	archive__details-collection__1440x900__dpr1.png	turbo	420	90	model_policy	53.082	92.566	0.8283	ImageMagick	90.0	png
screen	archive__details-collection__1440x900__dpr1.png	turbo	420	90	model_proj	67.718	95.530	0.1673	ImageMagick	90.0	png
screen	archive__details-collection__1440x900__dpr1.png	turbo	444	40	identity_off	46.881	92.335	1.6860	ImageMagick	40.0	png
screen	archive__details-collection__1440x900__dpr1.png	turbo	444	40	model_policy	46.881	92.333	1.6860	ImageMagick	40.0	png
screen	archive__details-collection__1440x900__dpr1.png	turbo	444	40	model_proj	46.881	92.333	1.6860	ImageMagick	40.0	png
screen	archive__details-collection__1440x900__dpr1.png	turbo	444	60	identity_off	45.912	88.352	1.4854	ImageMagick	60.0	png
screen	archive__details-collection__1440x900__dpr1.png	turbo	444	60	model_policy	49.690	89.245	0.8909	ImageMagick	60.0	png
screen	archive__details-collection__1440x900__dpr1.png	turbo	444	60	model_proj	49.690	89.245	0.8909	ImageMagick	60.0	png
screen	archive__details-collection__1440x900__dpr1.png	turbo	444	70	identity_off	99.000	100.000	0.0000	ImageMagick	70.0	png
screen	archive__details-collection__1440x900__dpr1.png	turbo	444	70	model_policy	53.082	92.566	0.8283	ImageMagick	70.0	png
screen	archive__details-collection__1440x900__dpr1.png	turbo	444	70	model_proj	53.082	92.566	0.8283	ImageMagick	70.0	png
screen	archive__details-collection__1440x900__dpr1.png	turbo	444	80	identity_off	99.000	100.000	0.0000	ImageMagick	80.0	png
screen	archive__details-collection__1440x900__dpr1.png	turbo	444	80	model_policy	53.082	92.566	0.8283	ImageMagick	80.0	png
screen	archive__details-collection__1440x900__dpr1.png	turbo	444	80	model_proj	53.082	92.566	0.8283	ImageMagick	80.0	png
screen	archive__details-collection__1440x900__dpr1.png	turbo	444	85	identity_off	99.000	100.000	0.0000	ImageMagick	85.0	png
screen	archive__details-collection__1440x900__dpr1.png	turbo	444	85	model_policy	53.082	92.566	0.8283	ImageMagick	85.0	png
screen	archive__details-collection__1440x900__dpr1.png	turbo	444	85	model_proj	70.073	93.739	0.1433	ImageMagick	85.0	png
screen	archive__details-collection__1440x900__dpr1.png	turbo	444	90	identity_off	99.000	100.000	0.0000	ImageMagick	90.0	png
screen	archive__details-collection__1440x900__dpr1.png	turbo	444	90	model_policy	53.082	92.566	0.8283	ImageMagick	90.0	png
screen	archive__details-collection__1440x900__dpr1.png	turbo	444	90	model_proj	67.754	95.420	0.1648	ImageMagick	90.0	png
screen	archive__details-collection__1440x900__dpr1.png	mozjpeg	420	40	identity_off	46.881	92.335	1.6860	Mozjpeg	40.0	png
screen	archive__details-collection__1440x900__dpr1.png	mozjpeg	420	40	model_policy	46.881	92.333	1.6860	Mozjpeg	40.0	png
screen	archive__details-collection__1440x900__dpr1.png	mozjpeg	420	40	model_proj	46.881	92.333	1.6860	Mozjpeg	40.0	png
screen	archive__details-collection__1440x900__dpr1.png	mozjpeg	420	60	identity_off	45.912	88.352	1.4854	Mozjpeg	60.0	png
screen	archive__details-collection__1440x900__dpr1.png	mozjpeg	420	60	model_policy	49.690	89.245	0.8909	Mozjpeg	60.0	png
screen	archive__details-collection__1440x900__dpr1.png	mozjpeg	420	60	model_proj	49.690	89.245	0.8909	Mozjpeg	60.0	png
screen	archive__details-collection__1440x900__dpr1.png	mozjpeg	420	70	identity_off	99.000	100.000	0.0000	Mozjpeg	70.0	png
screen	archive__details-collection__1440x900__dpr1.png	mozjpeg	420	70	model_policy	53.082	92.566	0.8283	Mozjpeg	70.0	png
screen	archive__details-collection__1440x900__dpr1.png	mozjpeg	420	70	model_proj	53.082	92.566	0.8283	Mozjpeg	70.0	png
screen	archive__details-collection__1440x900__dpr1.png	mozjpeg	420	80	identity_off	99.000	100.000	0.0000	Mozjpeg	80.0	png
screen	archive__details-collection__1440x900__dpr1.png	mozjpeg	420	80	model_policy	53.082	92.566	0.8283	Mozjpeg	80.0	png
screen	archive__details-collection__1440x900__dpr1.png	mozjpeg	420	80	model_proj	53.082	92.567	0.8283	Mozjpeg	80.0	png
screen	archive__details-collection__1440x900__dpr1.png	mozjpeg	420	85	identity_off	99.000	100.000	0.0000	Mozjpeg	85.0	png
screen	archive__details-collection__1440x900__dpr1.png	mozjpeg	420	85	model_policy	53.082	92.566	0.8283	Mozjpeg	85.0	png
screen	archive__details-collection__1440x900__dpr1.png	mozjpeg	420	85	model_proj	68.605	94.572	0.1550	Mozjpeg	85.0	png
screen	archive__details-collection__1440x900__dpr1.png	mozjpeg	420	90	identity_off	99.000	100.000	0.0000	Mozjpeg	90.0	png
screen	archive__details-collection__1440x900__dpr1.png	mozjpeg	420	90	model_policy	53.082	92.566	0.8283	Mozjpeg	90.0	png
screen	archive__details-collection__1440x900__dpr1.png	mozjpeg	420	90	model_proj	67.718	95.530	0.1673	Mozjpeg	90.0	png
screen	archive__details-collection__1440x900__dpr1.png	mozjpeg	444	40	identity_off	46.881	92.335	1.6860	Mozjpeg	40.0	png
screen	archive__details-collection__1440x900__dpr1.png	mozjpeg	444	40	model_policy	46.881	92.333	1.6860	Mozjpeg	40.0	png
screen	archive__details-collection__1440x900__dpr1.png	mozjpeg	444	40	model_proj	46.881	92.333	1.6860	Mozjpeg	40.0	png
screen	archive__details-collection__1440x900__dpr1.png	mozjpeg	444	60	identity_off	45.912	88.352	1.4854	Mozjpeg	60.0	png
screen	archive__details-collection__1440x900__dpr1.png	mozjpeg	444	60	model_policy	49.690	89.245	0.8909	Mozjpeg	60.0	png
screen	archive__details-collection__1440x900__dpr1.png	mozjpeg	444	60	model_proj	49.690	89.245	0.8909	Mozjpeg	60.0	png
screen	archive__details-collection__1440x900__dpr1.png	mozjpeg	444	70	identity_off	99.000	100.000	0.0000	Mozjpeg	70.0	png
screen	archive__details-collection__1440x900__dpr1.png	mozjpeg	444	70	model_policy	53.082	92.566	0.8283	Mozjpeg	70.0	png
screen	archive__details-collection__1440x900__dpr1.png	mozjpeg	444	70	model_proj	53.082	92.566	0.8283	Mozjpeg	70.0	png
screen	archive__details-collection__1440x900__dpr1.png	mozjpeg	444	80	identity_off	99.000	100.000	0.0000	Mozjpeg	80.0	png
screen	archive__details-collection__1440x900__dpr1.png	mozjpeg	444	80	model_policy	53.082	92.566	0.8283	Mozjpeg	80.0	png
screen	archive__details-collection__1440x900__dpr1.png	mozjpeg	444	80	model_proj	53.082	92.567	0.8283	Mozjpeg	80.0	png
screen	archive__details-collection__1440x900__dpr1.png	mozjpeg	444	85	identity_off	99.000	100.000	0.0000	Mozjpeg	85.0	png
screen	archive__details-collection__1440x900__dpr1.png	mozjpeg	444	85	model_policy	53.082	92.566	0.8283	Mozjpeg	85.0	png
screen	archive__details-collection__1440x900__dpr1.png	mozjpeg	444	85	model_proj	70.073	93.739	0.1433	Mozjpeg	85.0	png
screen	archive__details-collection__1440x900__dpr1.png	mozjpeg	444	90	identity_off	99.000	100.000	0.0000	Mozjpeg	90.0	png
screen	archive__details-collection__1440x900__dpr1.png	mozjpeg	444	90	model_policy	53.082	92.566	0.8283	Mozjpeg	90.0	png
screen	archive__details-collection__1440x900__dpr1.png	mozjpeg	444	90	model_proj	67.754	95.420	0.1648	Mozjpeg	90.0	png
screen	archive__details-collection__1440x900__dpr1.png	jpegli	420	40	identity_off	45.912	88.295	2.6346	CjpegliYcbcr	6.7	png
screen	archive__details-collection__1440x900__dpr1.png	jpegli	420	40	model_policy	49.783	90.549	1.9284	CjpegliYcbcr	6.7	png
screen	archive__details-collection__1440x900__dpr1.png	jpegli	420	40	model_proj	49.783	90.549	1.9284	CjpegliYcbcr	6.7	png
screen	archive__details-collection__1440x900__dpr1.png	jpegli	420	60	identity_off	48.131	86.446	1.4175	CjpegliYcbcr	4.6	png
screen	archive__details-collection__1440x900__dpr1.png	jpegli	420	60	model_policy	45.083	94.226	2.6542	CjpegliYcbcr	4.6	png
screen	archive__details-collection__1440x900__dpr1.png	jpegli	420	60	model_proj	45.150	92.127	2.6426	CjpegliYcbcr	4.6	png
screen	archive__details-collection__1440x900__dpr1.png	jpegli	420	70	identity_off	99.000	100.000	0.0000	CjpegliYcbcr	3.5	png
screen	archive__details-collection__1440x900__dpr1.png	jpegli	420	70	model_policy	53.082	92.566	0.8283	CjpegliYcbcr	3.5	png
screen	archive__details-collection__1440x900__dpr1.png	jpegli	420	70	model_proj	53.082	92.566	0.8283	CjpegliYcbcr	3.5	png
screen	archive__details-collection__1440x900__dpr1.png	jpegli	420	80	identity_off	99.000	100.000	0.0000	CjpegliYcbcr	2.5	png
screen	archive__details-collection__1440x900__dpr1.png	jpegli	420	80	model_policy	53.082	92.566	0.8283	CjpegliYcbcr	2.5	png
screen	archive__details-collection__1440x900__dpr1.png	jpegli	420	80	model_proj	68.605	94.572	0.1550	CjpegliYcbcr	2.5	png
screen	archive__details-collection__1440x900__dpr1.png	jpegli	420	85	identity_off	99.000	100.000	0.0000	CjpegliYcbcr	1.8	png
screen	archive__details-collection__1440x900__dpr1.png	jpegli	420	85	model_policy	53.082	92.566	0.8283	CjpegliYcbcr	1.8	png
screen	archive__details-collection__1440x900__dpr1.png	jpegli	420	85	model_proj	79.894	95.026	0.0711	CjpegliYcbcr	1.8	png
screen	archive__details-collection__1440x900__dpr1.png	jpegli	420	90	identity_off	99.000	100.000	0.0000	CjpegliYcbcr	1.3	png
screen	archive__details-collection__1440x900__dpr1.png	jpegli	420	90	model_policy	53.082	92.566	0.8283	CjpegliYcbcr	1.3	png
screen	archive__details-collection__1440x900__dpr1.png	jpegli	420	90	model_proj	67.770	95.200	0.1657	CjpegliYcbcr	1.3	png
screen	archive__details-collection__1440x900__dpr1.png	jpegli	444	40	identity_off	46.881	92.335	1.6860	CjpegliYcbcr	5.5	png
screen	archive__details-collection__1440x900__dpr1.png	jpegli	444	40	model_policy	46.881	92.333	1.6860	CjpegliYcbcr	5.5	png
screen	archive__details-collection__1440x900__dpr1.png	jpegli	444	40	model_proj	46.881	92.333	1.6860	CjpegliYcbcr	5.5	png
screen	archive__details-collection__1440x900__dpr1.png	jpegli	444	60	identity_off	46.881	92.335	1.6860	CjpegliYcbcr	3.7	png
screen	archive__details-collection__1440x900__dpr1.png	jpegli	444	60	model_policy	46.881	92.333	1.6860	CjpegliYcbcr	3.7	png
screen	archive__details-collection__1440x900__dpr1.png	jpegli	444	60	model_proj	46.881	92.333	1.6860	CjpegliYcbcr	3.7	png
screen	archive__details-collection__1440x900__dpr1.png	jpegli	444	70	identity_off	45.912	88.295	2.6346	CjpegliYcbcr	2.8	png
screen	archive__details-collection__1440x900__dpr1.png	jpegli	444	70	model_policy	49.783	90.549	1.9284	CjpegliYcbcr	2.8	png
screen	archive__details-collection__1440x900__dpr1.png	jpegli	444	70	model_proj	49.783	90.549	1.9284	CjpegliYcbcr	2.8	png
screen	archive__details-collection__1440x900__dpr1.png	jpegli	444	80	identity_off	99.000	100.000	0.0000	CjpegliYcbcr	1.9	png
screen	archive__details-collection__1440x900__dpr1.png	jpegli	444	80	model_policy	53.082	92.566	0.8283	CjpegliYcbcr	1.9	png
screen	archive__details-collection__1440x900__dpr1.png	jpegli	444	80	model_proj	53.082	92.566	0.8283	CjpegliYcbcr	1.9	png
screen	archive__details-collection__1440x900__dpr1.png	jpegli	444	85	identity_off	99.000	100.000	0.0000	CjpegliYcbcr	1.4	png
screen	archive__details-collection__1440x900__dpr1.png	jpegli	444	85	model_policy	53.082	92.566	0.8283	CjpegliYcbcr	1.4	png
screen	archive__details-collection__1440x900__dpr1.png	jpegli	444	85	model_proj	53.082	92.566	0.8283	CjpegliYcbcr	1.4	png
screen	archive__details-collection__1440x900__dpr1.png	jpegli	444	90	identity_off	99.000	100.000	0.0000	CjpegliYcbcr	1.1	png
screen	archive__details-collection__1440x900__dpr1.png	jpegli	444	90	model_policy	53.082	92.566	0.8283	CjpegliYcbcr	1.1	png
screen	archive__details-collection__1440x900__dpr1.png	jpegli	444	90	model_proj	70.073	93.739	0.1433	CjpegliYcbcr	1.1	png
screen	archive__details-collection__1440x900__dpr1.png	zenjpeg	420	40	identity_off	45.912	88.295	2.6346	CjpegliYcbcr	6.7	png
screen	archive__details-collection__1440x900__dpr1.png	zenjpeg	420	40	model_policy	49.783	90.549	1.9284	CjpegliYcbcr	6.7	png
screen	archive__details-collection__1440x900__dpr1.png	zenjpeg	420	40	model_proj	49.783	90.549	1.9284	CjpegliYcbcr	6.7	png
screen	archive__details-collection__1440x900__dpr1.png	zenjpeg	420	60	identity_off	99.000	100.000	0.0000	CjpegliYcbcr	4.6	png
screen	archive__details-collection__1440x900__dpr1.png	zenjpeg	420	60	model_policy	53.082	92.566	0.8283	CjpegliYcbcr	4.6	png
screen	archive__details-collection__1440x900__dpr1.png	zenjpeg	420	60	model_proj	53.082	92.566	0.8283	CjpegliYcbcr	4.6	png
screen	archive__details-collection__1440x900__dpr1.png	zenjpeg	420	70	identity_off	99.000	100.000	0.0000	CjpegliYcbcr	3.5	png
screen	archive__details-collection__1440x900__dpr1.png	zenjpeg	420	70	model_policy	53.082	92.566	0.8283	CjpegliYcbcr	3.5	png
screen	archive__details-collection__1440x900__dpr1.png	zenjpeg	420	70	model_proj	53.082	92.566	0.8283	CjpegliYcbcr	3.5	png
screen	archive__details-collection__1440x900__dpr1.png	zenjpeg	420	80	identity_off	99.000	100.000	0.0000	CjpegliYcbcr	2.5	png
screen	archive__details-collection__1440x900__dpr1.png	zenjpeg	420	80	model_policy	53.082	92.566	0.8283	CjpegliYcbcr	2.5	png
screen	archive__details-collection__1440x900__dpr1.png	zenjpeg	420	80	model_proj	68.605	94.572	0.1550	CjpegliYcbcr	2.5	png
screen	archive__details-collection__1440x900__dpr1.png	zenjpeg	420	85	identity_off	99.000	100.000	0.0000	CjpegliYcbcr	1.8	png
screen	archive__details-collection__1440x900__dpr1.png	zenjpeg	420	85	model_policy	53.082	92.566	0.8283	CjpegliYcbcr	1.8	png
screen	archive__details-collection__1440x900__dpr1.png	zenjpeg	420	85	model_proj	79.894	95.026	0.0711	CjpegliYcbcr	1.8	png
screen	archive__details-collection__1440x900__dpr1.png	zenjpeg	420	90	identity_off	99.000	100.000	0.0000	CjpegliYcbcr	1.3	png
screen	archive__details-collection__1440x900__dpr1.png	zenjpeg	420	90	model_policy	53.082	92.566	0.8283	CjpegliYcbcr	1.3	png
screen	archive__details-collection__1440x900__dpr1.png	zenjpeg	420	90	model_proj	67.770	95.200	0.1657	CjpegliYcbcr	1.3	png
screen	archive__details-collection__1440x900__dpr1.png	zenjpeg	444	40	identity_off	46.881	92.335	1.6860	CjpegliYcbcr	5.5	png
screen	archive__details-collection__1440x900__dpr1.png	zenjpeg	444	40	model_policy	46.881	92.333	1.6860	CjpegliYcbcr	5.5	png
screen	archive__details-collection__1440x900__dpr1.png	zenjpeg	444	40	model_proj	46.881	92.333	1.6860	CjpegliYcbcr	5.5	png
screen	archive__details-collection__1440x900__dpr1.png	zenjpeg	444	60	identity_off	46.881	92.335	1.6860	CjpegliYcbcr	3.7	png
screen	archive__details-collection__1440x900__dpr1.png	zenjpeg	444	60	model_policy	46.881	92.333	1.6860	CjpegliYcbcr	3.7	png
screen	archive__details-collection__1440x900__dpr1.png	zenjpeg	444	60	model_proj	46.881	92.333	1.6860	CjpegliYcbcr	3.7	png
screen	archive__details-collection__1440x900__dpr1.png	zenjpeg	444	70	identity_off	45.912	88.295	2.6346	CjpegliYcbcr	2.8	png
screen	archive__details-collection__1440x900__dpr1.png	zenjpeg	444	70	model_policy	49.783	90.549	1.9284	CjpegliYcbcr	2.8	png
screen	archive__details-collection__1440x900__dpr1.png	zenjpeg	444	70	model_proj	49.783	90.549	1.9284	CjpegliYcbcr	2.8	png
screen	archive__details-collection__1440x900__dpr1.png	zenjpeg	444	80	identity_off	99.000	100.000	0.0000	CjpegliYcbcr	1.9	png
screen	archive__details-collection__1440x900__dpr1.png	zenjpeg	444	80	model_policy	53.082	92.566	0.8283	CjpegliYcbcr	1.9	png
screen	archive__details-collection__1440x900__dpr1.png	zenjpeg	444	80	model_proj	53.082	92.566	0.8283	CjpegliYcbcr	1.9	png
screen	archive__details-collection__1440x900__dpr1.png	zenjpeg	444	85	identity_off	99.000	100.000	0.0000	CjpegliYcbcr	1.4	png
screen	archive__details-collection__1440x900__dpr1.png	zenjpeg	444	85	model_policy	53.082	92.566	0.8283	CjpegliYcbcr	1.4	png
screen	archive__details-collection__1440x900__dpr1.png	zenjpeg	444	85	model_proj	53.082	92.566	0.8283	CjpegliYcbcr	1.4	png
screen	archive__details-collection__1440x900__dpr1.png	zenjpeg	444	90	identity_off	99.000	100.000	0.0000	CjpegliYcbcr	1.1	png
screen	archive__details-collection__1440x900__dpr1.png	zenjpeg	444	90	model_policy	53.082	92.566	0.8283	CjpegliYcbcr	1.1	png
screen	archive__details-collection__1440x900__dpr1.png	zenjpeg	444	90	model_proj	70.079	93.748	0.1426	CjpegliYcbcr	1.1	png
screen	archive__wayback-search__1440x900__dpr1.png	turbo	420	40	identity_off	30.436	57.083	2.3276	ImageMagick	40.0	png
screen	archive__wayback-search__1440x900__dpr1.png	turbo	420	40	model_policy	31.707	64.197	1.8425	ImageMagick	40.0	png
screen	archive__wayback-search__1440x900__dpr1.png	turbo	420	40	model_proj	31.708	64.167	1.8425	ImageMagick	40.0	png
screen	archive__wayback-search__1440x900__dpr1.png	turbo	420	60	identity_off	32.054	64.879	1.9088	ImageMagick	60.0	png
screen	archive__wayback-search__1440x900__dpr1.png	turbo	420	60	model_policy	33.378	71.290	1.4776	ImageMagick	60.0	png
screen	archive__wayback-search__1440x900__dpr1.png	turbo	420	60	model_proj	33.381	71.305	1.4769	ImageMagick	60.0	png
screen	archive__wayback-search__1440x900__dpr1.png	turbo	420	70	identity_off	32.977	69.091	1.6901	ImageMagick	70.0	png
screen	archive__wayback-search__1440x900__dpr1.png	turbo	420	70	model_policy	34.278	74.834	1.3172	ImageMagick	70.0	png
screen	archive__wayback-search__1440x900__dpr1.png	turbo	420	70	model_proj	34.282	74.823	1.3162	ImageMagick	70.0	png
screen	archive__wayback-search__1440x900__dpr1.png	turbo	420	80	identity_off	34.211	74.534	1.3939	ImageMagick	80.0	png
screen	archive__wayback-search__1440x900__dpr1.png	turbo	420	80	model_policy	35.459	79.394	1.1054	ImageMagick	80.0	png
screen	archive__wayback-search__1440x900__dpr1.png	turbo	420	80	model_proj	35.468	79.401	1.1007	ImageMagick	80.0	png
screen	archive__wayback-search__1440x900__dpr1.png	turbo	420	85	identity_off	35.007	77.737	1.2150	ImageMagick	85.0	png
screen	archive__wayback-search__1440x900__dpr1.png	turbo	420	85	model_policy	36.192	81.791	0.9890	ImageMagick	85.0	png
screen	archive__wayback-search__1440x900__dpr1.png	turbo	420	85	model_proj	36.215	81.685	0.9746	ImageMagick	85.0	png
screen	archive__wayback-search__1440x900__dpr1.png	turbo	420	90	identity_off	36.135	81.738	1.0138	ImageMagick	90.0	png
screen	archive__wayback-search__1440x900__dpr1.png	turbo	420	90	model_policy	37.211	84.735	0.8484	ImageMagick	90.0	png
screen	archive__wayback-search__1440x900__dpr1.png	turbo	420	90	model_proj	37.267	84.677	0.8139	ImageMagick	90.0	png
screen	archive__wayback-search__1440x900__dpr1.png	turbo	444	40	identity_off	31.181	59.632	2.2709	ImageMagick	40.0	png
screen	archive__wayback-search__1440x900__dpr1.png	turbo	444	40	model_policy	32.653	66.366	1.7815	ImageMagick	40.0	png
screen	archive__wayback-search__1440x900__dpr1.png	turbo	444	40	model_proj	32.653	66.366	1.7816	ImageMagick	40.0	png
screen	archive__wayback-search__1440x900__dpr1.png	turbo	444	60	identity_off	33.086	66.968	1.8500	ImageMagick	60.0	png
screen	archive__wayback-search__1440x900__dpr1.png	turbo	444	60	model_policy	34.622	73.453	1.4067	ImageMagick	60.0	png
screen	archive__wayback-search__1440x900__dpr1.png	turbo	444	60	model_proj	34.623	73.429	1.4061	ImageMagick	60.0	png
screen	archive__wayback-search__1440x900__dpr1.png	turbo	444	70	identity_off	34.283	71.583	1.6053	ImageMagick	70.0	png
screen	archive__wayback-search__1440x900__dpr1.png	turbo	444	70	model_policy	35.763	77.198	1.2128	ImageMagick	70.0	png
screen	archive__wayback-search__1440x900__dpr1.png	turbo	444	70	model_proj	35.765	77.269	1.2118	ImageMagick	70.0	png
screen	archive__wayback-search__1440x900__dpr1.png	turbo	444	80	identity_off	36.008	77.095	1.2787	ImageMagick	80.0	png
screen	archive__wayback-search__1440x900__dpr1.png	turbo	444	80	model_policy	37.403	81.533	0.9715	ImageMagick	80.0	png
screen	archive__wayback-search__1440x900__dpr1.png	turbo	444	80	model_proj	37.407	81.622	0.9690	ImageMagick	80.0	png
screen	archive__wayback-search__1440x900__dpr1.png	turbo	444	85	identity_off	37.220	80.578	1.0635	ImageMagick	85.0	png
screen	archive__wayback-search__1440x900__dpr1.png	turbo	444	85	model_policy	38.522	84.375	0.8152	ImageMagick	85.0	png
screen	archive__wayback-search__1440x900__dpr1.png	turbo	444	85	model_proj	38.536	84.544	0.8047	ImageMagick	85.0	png
screen	archive__wayback-search__1440x900__dpr1.png	turbo	444	90	identity_off	39.009	84.909	0.8373	ImageMagick	90.0	png
screen	archive__wayback-search__1440x900__dpr1.png	turbo	444	90	model_policy	40.141	87.527	0.6506	ImageMagick	90.0	png
screen	archive__wayback-search__1440x900__dpr1.png	turbo	444	90	model_proj	40.174	87.691	0.6348	ImageMagick	90.0	png
screen	archive__wayback-search__1440x900__dpr1.png	mozjpeg	420	40	identity_off	28.285	52.868	3.2849	Mozjpeg	40.0	png
screen	archive__wayback-search__1440x900__dpr1.png	mozjpeg	420	40	model_policy	29.269	58.336	3.0588	Mozjpeg	40.0	png
screen	archive__wayback-search__1440x900__dpr1.png	mozjpeg	420	40	model_proj	29.265	58.351	3.0585	Mozjpeg	40.0	png
screen	archive__wayback-search__1440x900__dpr1.png	mozjpeg	420	60	identity_off	29.949	62.900	2.4628	Mozjpeg	60.0	png
screen	archive__wayback-search__1440x900__dpr1.png	mozjpeg	420	60	model_policy	31.111	67.933	2.1806	Mozjpeg	60.0	png
screen	archive__wayback-search__1440x900__dpr1.png	mozjpeg	420	60	model_proj	31.105	67.957	2.1797	Mozjpeg	60.0	png
screen	archive__wayback-search__1440x900__dpr1.png	mozjpeg	420	70	identity_off	31.089	67.878	2.0202	Mozjpeg	70.0	png
screen	archive__wayback-search__1440x900__dpr1.png	mozjpeg	420	70	model_policy	32.289	72.507	1.7727	Mozjpeg	70.0	png
screen	archive__wayback-search__1440x900__dpr1.png	mozjpeg	420	70	model_proj	32.288	72.483	1.7730	Mozjpeg	70.0	png
screen	archive__wayback-search__1440x900__dpr1.png	mozjpeg	420	80	identity_off	32.479	73.707	1.6827	Mozjpeg	80.0	png
screen	archive__wayback-search__1440x900__dpr1.png	mozjpeg	420	80	model_policy	33.655	77.264	1.4530	Mozjpeg	80.0	png
screen	archive__wayback-search__1440x900__dpr1.png	mozjpeg	420	80	model_proj	33.661	77.231	1.4507	Mozjpeg	80.0	png
screen	archive__wayback-search__1440x900__dpr1.png	mozjpeg	420	85	identity_off	33.409	76.533	1.4762	Mozjpeg	85.0	png
screen	archive__wayback-search__1440x900__dpr1.png	mozjpeg	420	85	model_policy	34.576	79.798	1.2537	Mozjpeg	85.0	png
screen	archive__wayback-search__1440x900__dpr1.png	mozjpeg	420	85	model_proj	34.587	79.831	1.2567	Mozjpeg	85.0	png
screen	archive__wayback-search__1440x900__dpr1.png	mozjpeg	420	90	identity_off	34.758	80.279	1.1547	Mozjpeg	90.0	png
screen	archive__wayback-search__1440x900__dpr1.png	mozjpeg	420	90	model_policy	35.832	82.918	0.9684	Mozjpeg	90.0	png
screen	archive__wayback-search__1440x900__dpr1.png	mozjpeg	420	90	model_proj	35.870	82.825	0.9516	Mozjpeg	90.0	png
screen	archive__wayback-search__1440x900__dpr1.png	mozjpeg	444	40	identity_off	28.722	54.463	3.3313	Mozjpeg	40.0	png
screen	archive__wayback-search__1440x900__dpr1.png	mozjpeg	444	40	model_policy	29.816	59.667	3.1024	Mozjpeg	40.0	png
screen	archive__wayback-search__1440x900__dpr1.png	mozjpeg	444	40	model_proj	29.812	59.712	3.1021	Mozjpeg	40.0	png
screen	archive__wayback-search__1440x900__dpr1.png	mozjpeg	444	60	identity_off	30.577	63.791	2.4590	Mozjpeg	60.0	png
screen	archive__wayback-search__1440x900__dpr1.png	mozjpeg	444	60	model_policy	31.868	68.808	2.1587	Mozjpeg	60.0	png
screen	archive__wayback-search__1440x900__dpr1.png	mozjpeg	444	60	model_proj	31.863	68.986	2.1581	Mozjpeg	60.0	png
screen	archive__wayback-search__1440x900__dpr1.png	mozjpeg	444	70	identity_off	31.944	69.331	1.9866	Mozjpeg	70.0	png
screen	archive__wayback-search__1440x900__dpr1.png	mozjpeg	444	70	model_policy	33.277	73.683	1.7423	Mozjpeg	70.0	png
screen	archive__wayback-search__1440x900__dpr1.png	mozjpeg	444	70	model_proj	33.279	73.857	1.7412	Mozjpeg	70.0	png
screen	archive__wayback-search__1440x900__dpr1.png	mozjpeg	444	80	identity_off	33.719	75.383	1.6033	Mozjpeg	80.0	png
screen	archive__wayback-search__1440x900__dpr1.png	mozjpeg	444	80	model_policy	35.035	78.748	1.3654	Mozjpeg	80.0	png
screen	archive__wayback-search__1440x900__dpr1.png	mozjpeg	444	80	model_proj	35.049	79.343	1.3621	Mozjpeg	80.0	png
screen	archive__wayback-search__1440x900__dpr1.png	mozjpeg	444	85	identity_off	35.061	78.247	1.4031	Mozjpeg	85.0	png
screen	archive__wayback-search__1440x900__dpr1.png	mozjpeg	444	85	model_policy	36.372	81.302	1.1756	Mozjpeg	85.0	png
screen	archive__wayback-search__1440x900__dpr1.png	mozjpeg	444	85	model_proj	36.395	81.938	1.1704	Mozjpeg	85.0	png
screen	archive__wayback-search__1440x900__dpr1.png	mozjpeg	444	90	identity_off	37.269	82.901	0.9991	Mozjpeg	90.0	png
screen	archive__wayback-search__1440x900__dpr1.png	mozjpeg	444	90	model_policy	38.467	85.032	0.8137	Mozjpeg	90.0	png
screen	archive__wayback-search__1440x900__dpr1.png	mozjpeg	444	90	model_proj	38.508	85.670	0.8023	Mozjpeg	90.0	png
screen	archive__wayback-search__1440x900__dpr1.png	jpegli	420	40	identity_off	30.094	59.448	2.3396	CjpegliYcbcr	6.7	png
screen	archive__wayback-search__1440x900__dpr1.png	jpegli	420	40	model_policy	31.107	65.249	2.0236	CjpegliYcbcr	6.7	png
screen	archive__wayback-search__1440x900__dpr1.png	jpegli	420	40	model_proj	31.109	65.276	2.0236	CjpegliYcbcr	6.7	png
screen	archive__wayback-search__1440x900__dpr1.png	jpegli	420	60	identity_off	31.932	67.229	1.7931	CjpegliYcbcr	4.6	png
screen	archive__wayback-search__1440x900__dpr1.png	jpegli	420	60	model_policy	33.023	72.629	1.4835	CjpegliYcbcr	4.6	png
screen	archive__wayback-search__1440x900__dpr1.png	jpegli	420	60	model_proj	33.027	72.686	1.4806	CjpegliYcbcr	4.6	png
screen	archive__wayback-search__1440x900__dpr1.png	jpegli	420	70	identity_off	33.157	71.966	1.4913	CjpegliYcbcr	3.5	png
screen	archive__wayback-search__1440x900__dpr1.png	jpegli	420	70	model_policy	34.258	76.734	1.2248	CjpegliYcbcr	3.5	png
screen	archive__wayback-search__1440x900__dpr1.png	jpegli	420	70	model_proj	34.268	76.701	1.2170	CjpegliYcbcr	3.5	png
screen	archive__wayback-search__1440x900__dpr1.png	jpegli	420	80	identity_off	34.577	77.158	1.2238	CjpegliYcbcr	2.5	png
screen	archive__wayback-search__1440x900__dpr1.png	jpegli	420	80	model_policy	35.611	80.862	1.0069	CjpegliYcbcr	2.5	png
screen	archive__wayback-search__1440x900__dpr1.png	jpegli	420	80	model_proj	35.634	80.818	0.9876	CjpegliYcbcr	2.5	png
screen	archive__wayback-search__1440x900__dpr1.png	jpegli	420	85	identity_off	35.457	80.047	1.0567	CjpegliYcbcr	1.8	png
screen	archive__wayback-search__1440x900__dpr1.png	jpegli	420	85	model_policy	36.402	83.013	0.8793	CjpegliYcbcr	1.8	png
screen	archive__wayback-search__1440x900__dpr1.png	jpegli	420	85	model_proj	36.434	82.946	0.8555	CjpegliYcbcr	1.8	png
screen	archive__wayback-search__1440x900__dpr1.png	jpegli	420	90	identity_off	36.487	83.281	0.8670	CjpegliYcbcr	1.3	png
screen	archive__wayback-search__1440x900__dpr1.png	jpegli	420	90	model_policy	37.339	85.216	0.7441	CjpegliYcbcr	1.3	png
screen	archive__wayback-search__1440x900__dpr1.png	jpegli	420	90	model_proj	37.399	85.058	0.7021	CjpegliYcbcr	1.3	png
screen	archive__wayback-search__1440x900__dpr1.png	jpegli	444	40	identity_off	31.052	64.046	2.0055	CjpegliYcbcr	5.5	png
screen	archive__wayback-search__1440x900__dpr1.png	jpegli	444	40	model_policy	32.092	70.042	1.6850	CjpegliYcbcr	5.5	png
screen	archive__wayback-search__1440x900__dpr1.png	jpegli	444	40	model_proj	32.093	70.067	1.6853	CjpegliYcbcr	5.5	png
screen	archive__wayback-search__1440x900__dpr1.png	jpegli	444	60	identity_off	32.803	69.825	1.5222	CjpegliYcbcr	3.7	png
screen	archive__wayback-search__1440x900__dpr1.png	jpegli	444	60	model_policy	33.900	75.242	1.2264	CjpegliYcbcr	3.7	png
screen	archive__wayback-search__1440x900__dpr1.png	jpegli	444	60	model_proj	33.899	75.186	1.2267	CjpegliYcbcr	3.7	png
screen	archive__wayback-search__1440x900__dpr1.png	jpegli	444	70	identity_off	33.972	73.545	1.2931	CjpegliYcbcr	2.8	png
screen	archive__wayback-search__1440x900__dpr1.png	jpegli	444	70	model_policy	35.037	77.973	1.0426	CjpegliYcbcr	2.8	png
screen	archive__wayback-search__1440x900__dpr1.png	jpegli	444	70	model_proj	35.036	77.942	1.0427	CjpegliYcbcr	2.8	png
screen	archive__wayback-search__1440x900__dpr1.png	jpegli	444	80	identity_off	35.487	77.537	1.0414	CjpegliYcbcr	1.9	png
screen	archive__wayback-search__1440x900__dpr1.png	jpegli	444	80	model_policy	36.474	80.938	0.8406	CjpegliYcbcr	1.9	png
screen	archive__wayback-search__1440x900__dpr1.png	jpegli	444	80	model_proj	36.476	80.880	0.8398	CjpegliYcbcr	1.9	png
screen	archive__wayback-search__1440x900__dpr1.png	jpegli	444	85	identity_off	36.515	79.458	0.8900	CjpegliYcbcr	1.4	png
screen	archive__wayback-search__1440x900__dpr1.png	jpegli	444	85	model_policy	37.421	82.027	0.7184	CjpegliYcbcr	1.4	png
screen	archive__wayback-search__1440x900__dpr1.png	jpegli	444	85	model_proj	37.430	82.067	0.7175	CjpegliYcbcr	1.4	png
screen	archive__wayback-search__1440x900__dpr1.png	jpegli	444	90	identity_off	38.195	83.778	0.7110	CjpegliYcbcr	1.1	png
screen	archive__wayback-search__1440x900__dpr1.png	jpegli	444	90	model_policy	38.927	85.332	0.5946	CjpegliYcbcr	1.1	png
screen	archive__wayback-search__1440x900__dpr1.png	jpegli	444	90	model_proj	38.943	85.302	0.5878	CjpegliYcbcr	1.1	png
screen	archive__wayback-search__1440x900__dpr1.png	zenjpeg	420	40	identity_off	29.999	61.311	2.3359	CjpegliYcbcr	6.7	png
screen	archive__wayback-search__1440x900__dpr1.png	zenjpeg	420	40	model_policy	30.948	65.866	2.0751	CjpegliYcbcr	6.7	png
screen	archive__wayback-search__1440x900__dpr1.png	zenjpeg	420	40	model_proj	30.946	65.911	2.0744	CjpegliYcbcr	6.7	png
screen	archive__wayback-search__1440x900__dpr1.png	zenjpeg	420	60	identity_off	31.811	68.678	1.8094	CjpegliYcbcr	4.6	png
screen	archive__wayback-search__1440x900__dpr1.png	zenjpeg	420	60	model_policy	32.844	73.182	1.5467	CjpegliYcbcr	4.6	png
screen	archive__wayback-search__1440x900__dpr1.png	zenjpeg	420	60	model_proj	32.846	73.202	1.5424	CjpegliYcbcr	4.6	png
screen	archive__wayback-search__1440x900__dpr1.png	zenjpeg	420	70	identity_off	33.029	72.953	1.5539	CjpegliYcbcr	3.5	png
screen	archive__wayback-search__1440x900__dpr1.png	zenjpeg	420	70	model_policy	34.061	76.869	1.3116	CjpegliYcbcr	3.5	png
screen	archive__wayback-search__1440x900__dpr1.png	zenjpeg	420	70	model_proj	34.070	76.880	1.3017	CjpegliYcbcr	3.5	png
screen	archive__wayback-search__1440x900__dpr1.png	zenjpeg	420	80	identity_off	34.445	77.888	1.2806	CjpegliYcbcr	2.5	png
screen	archive__wayback-search__1440x900__dpr1.png	zenjpeg	420	80	model_policy	35.430	80.986	1.0841	CjpegliYcbcr	2.5	png
screen	archive__wayback-search__1440x900__dpr1.png	zenjpeg	420	80	model_proj	35.452	80.976	1.0649	CjpegliYcbcr	2.5	png
screen	archive__wayback-search__1440x900__dpr1.png	zenjpeg	420	85	identity_off	35.313	80.445	1.1159	CjpegliYcbcr	1.8	png
screen	archive__wayback-search__1440x900__dpr1.png	zenjpeg	420	85	model_policy	36.223	82.992	0.9577	CjpegliYcbcr	1.8	png
screen	archive__wayback-search__1440x900__dpr1.png	zenjpeg	420	85	model_proj	36.263	82.888	0.9290	CjpegliYcbcr	1.8	png
screen	archive__wayback-search__1440x900__dpr1.png	zenjpeg	420	90	identity_off	36.362	83.633	0.9339	CjpegliYcbcr	1.3	png
screen	archive__wayback-search__1440x900__dpr1.png	zenjpeg	420	90	model_policy	37.206	85.253	0.8215	CjpegliYcbcr	1.3	png
screen	archive__wayback-search__1440x900__dpr1.png	zenjpeg	420	90	model_proj	37.281	85.104	0.7700	CjpegliYcbcr	1.3	png
screen	archive__wayback-search__1440x900__dpr1.png	zenjpeg	444	40	identity_off	30.949	65.712	1.9935	CjpegliYcbcr	5.5	png
screen	archive__wayback-search__1440x900__dpr1.png	zenjpeg	444	40	model_policy	31.936	70.362	1.7267	CjpegliYcbcr	5.5	png
screen	archive__wayback-search__1440x900__dpr1.png	zenjpeg	444	40	model_proj	31.933	70.312	1.7257	CjpegliYcbcr	5.5	png
screen	archive__wayback-search__1440x900__dpr1.png	zenjpeg	444	60	identity_off	32.710	71.394	1.5595	CjpegliYcbcr	3.7	png
screen	archive__wayback-search__1440x900__dpr1.png	zenjpeg	444	60	model_policy	33.763	75.748	1.3019	CjpegliYcbcr	3.7	png
screen	archive__wayback-search__1440x900__dpr1.png	zenjpeg	444	60	model_proj	33.761	75.742	1.3009	CjpegliYcbcr	3.7	png
screen	archive__wayback-search__1440x900__dpr1.png	zenjpeg	444	70	identity_off	33.889	74.773	1.3350	CjpegliYcbcr	2.8	png
screen	archive__wayback-search__1440x900__dpr1.png	zenjpeg	444	70	model_policy	34.924	78.527	1.1205	CjpegliYcbcr	2.8	png
screen	archive__wayback-search__1440x900__dpr1.png	zenjpeg	444	70	model_proj	34.924	78.464	1.1182	CjpegliYcbcr	2.8	png
screen	archive__wayback-search__1440x900__dpr1.png	zenjpeg	444	80	identity_off	35.361	78.066	1.1147	CjpegliYcbcr	1.9	png
screen	archive__wayback-search__1440x900__dpr1.png	zenjpeg	444	80	model_policy	36.309	80.922	0.9395	CjpegliYcbcr	1.9	png
screen	archive__wayback-search__1440x900__dpr1.png	zenjpeg	444	80	model_proj	36.311	80.911	0.9375	CjpegliYcbcr	1.9	png
screen	archive__wayback-search__1440x900__dpr1.png	zenjpeg	444	85	identity_off	36.414	80.487	0.9652	CjpegliYcbcr	1.4	png
screen	archive__wayback-search__1440x900__dpr1.png	zenjpeg	444	85	model_policy	37.281	82.713	0.8240	CjpegliYcbcr	1.4	png
screen	archive__wayback-search__1440x900__dpr1.png	zenjpeg	444	85	model_proj	37.289	82.791	0.8189	CjpegliYcbcr	1.4	png
screen	archive__wayback-search__1440x900__dpr1.png	zenjpeg	444	90	identity_off	38.051	84.007	0.7737	CjpegliYcbcr	1.1	png
screen	archive__wayback-search__1440x900__dpr1.png	zenjpeg	444	90	model_policy	38.774	85.258	0.6782	CjpegliYcbcr	1.1	png
screen	archive__wayback-search__1440x900__dpr1.png	zenjpeg	444	90	model_proj	38.803	85.381	0.6592	CjpegliYcbcr	1.1	png
screen	archives__exhibits__1440x900__dpr1.png	turbo	420	40	identity_off	27.558	35.227	3.5711	ImageMagick	40.0	png
screen	archives__exhibits__1440x900__dpr1.png	turbo	420	40	model_policy	29.671	48.731	2.7932	ImageMagick	40.0	png
screen	archives__exhibits__1440x900__dpr1.png	turbo	420	40	model_proj	29.687	48.998	2.7852	ImageMagick	40.0	png
screen	archives__exhibits__1440x900__dpr1.png	turbo	420	60	identity_off	29.542	47.673	2.7674	ImageMagick	60.0	png
screen	archives__exhibits__1440x900__dpr1.png	turbo	420	60	model_policy	31.739	59.446	2.1284	ImageMagick	60.0	png
screen	archives__exhibits__1440x900__dpr1.png	turbo	420	60	model_proj	31.776	59.847	2.1225	ImageMagick	60.0	png
screen	archives__exhibits__1440x900__dpr1.png	turbo	420	70	identity_off	30.913	55.740	2.3690	ImageMagick	70.0	png
screen	archives__exhibits__1440x900__dpr1.png	turbo	420	70	model_policy	33.220	66.333	1.8047	ImageMagick	70.0	png
screen	archives__exhibits__1440x900__dpr1.png	turbo	420	70	model_proj	33.282	66.834	1.7937	ImageMagick	70.0	png
screen	archives__exhibits__1440x900__dpr1.png	turbo	420	80	identity_off	32.503	64.805	1.8795	ImageMagick	80.0	png
screen	archives__exhibits__1440x900__dpr1.png	turbo	420	80	model_policy	34.888	73.683	1.4342	ImageMagick	80.0	png
screen	archives__exhibits__1440x900__dpr1.png	turbo	420	80	model_proj	35.000	74.523	1.4232	ImageMagick	80.0	png
screen	archives__exhibits__1440x900__dpr1.png	turbo	420	85	identity_off	33.324	69.964	1.6548	ImageMagick	85.0	png
screen	archives__exhibits__1440x900__dpr1.png	turbo	420	85	model_policy	35.723	77.510	1.2777	ImageMagick	85.0	png
screen	archives__exhibits__1440x900__dpr1.png	turbo	420	85	model_proj	35.881	78.386	1.2672	ImageMagick	85.0	png
screen	archives__exhibits__1440x900__dpr1.png	turbo	420	90	identity_off	34.088	74.793	1.4469	ImageMagick	90.0	png
screen	archives__exhibits__1440x900__dpr1.png	turbo	420	90	model_policy	36.533	80.795	1.1130	ImageMagick	90.0	png
screen	archives__exhibits__1440x900__dpr1.png	turbo	420	90	model_proj	36.769	81.944	1.0999	ImageMagick	90.0	png
screen	archives__exhibits__1440x900__dpr1.png	turbo	444	40	identity_off	28.575	39.428	3.4630	ImageMagick	40.0	png
screen	archives__exhibits__1440x900__dpr1.png	turbo	444	40	model_policy	30.749	52.549	2.6718	ImageMagick	40.0	png
screen	archives__exhibits__1440x900__dpr1.png	turbo	444	40	model_proj	30.757	52.698	2.6633	ImageMagick	40.0	png
screen	archives__exhibits__1440x900__dpr1.png	turbo	444	60	identity_off	31.020	52.496	2.6212	ImageMagick	60.0	png
screen	archives__exhibits__1440x900__dpr1.png	turbo	444	60	model_policy	33.191	63.678	1.9645	ImageMagick	60.0	png
screen	archives__exhibits__1440x900__dpr1.png	turbo	444	60	model_proj	33.202	63.813	1.9580	ImageMagick	60.0	png
screen	archives__exhibits__1440x900__dpr1.png	turbo	444	70	identity_off	32.770	60.483	2.2173	ImageMagick	70.0	png
screen	archives__exhibits__1440x900__dpr1.png	turbo	444	70	model_policy	34.880	70.287	1.6372	ImageMagick	70.0	png
screen	archives__exhibits__1440x900__dpr1.png	turbo	444	70	model_proj	34.899	70.426	1.6279	ImageMagick	70.0	png
screen	archives__exhibits__1440x900__dpr1.png	turbo	444	80	identity_off	35.294	70.019	1.6728	ImageMagick	80.0	png
screen	archives__exhibits__1440x900__dpr1.png	turbo	444	80	model_policy	37.173	77.595	1.2315	ImageMagick	80.0	png
screen	archives__exhibits__1440x900__dpr1.png	turbo	444	80	model_proj	37.210	77.830	1.2188	ImageMagick	80.0	png
screen	archives__exhibits__1440x900__dpr1.png	turbo	444	85	identity_off	37.301	76.124	1.3310	ImageMagick	85.0	png
screen	archives__exhibits__1440x900__dpr1.png	turbo	444	85	model_policy	38.951	82.049	0.9746	ImageMagick	85.0	png
screen	archives__exhibits__1440x900__dpr1.png	turbo	444	85	model_proj	39.003	82.221	0.9652	ImageMagick	85.0	png
screen	archives__exhibits__1440x900__dpr1.png	turbo	444	90	identity_off	40.233	82.764	0.9527	ImageMagick	90.0	png
screen	archives__exhibits__1440x900__dpr1.png	turbo	444	90	model_policy	41.586	86.576	0.6988	ImageMagick	90.0	png
screen	archives__exhibits__1440x900__dpr1.png	turbo	444	90	model_proj	41.709	86.929	0.6913	ImageMagick	90.0	png
screen	archives__exhibits__1440x900__dpr1.png	mozjpeg	420	40	identity_off	24.750	48.024	3.9589	Mozjpeg	40.0	png
screen	archives__exhibits__1440x900__dpr1.png	mozjpeg	420	40	model_policy	26.527	56.838	3.5125	Mozjpeg	40.0	png
screen	archives__exhibits__1440x900__dpr1.png	mozjpeg	420	40	model_proj	26.535	60.802	2.9036	Mozjpeg	40.0	png
screen	archives__exhibits__1440x900__dpr1.png	mozjpeg	420	60	identity_off	26.558	56.320	3.0655	Mozjpeg	60.0	png
screen	archives__exhibits__1440x900__dpr1.png	mozjpeg	420	60	model_policy	28.562	64.813	2.6324	Mozjpeg	60.0	png
screen	archives__exhibits__1440x900__dpr1.png	mozjpeg	420	60	model_proj	28.613	68.077	2.1182	Mozjpeg	60.0	png
screen	archives__exhibits__1440x900__dpr1.png	mozjpeg	420	70	identity_off	27.623	59.294	2.7433	Mozjpeg	70.0	png
screen	archives__exhibits__1440x900__dpr1.png	mozjpeg	420	70	model_policy	29.726	67.657	2.3063	Mozjpeg	70.0	png
screen	archives__exhibits__1440x900__dpr1.png	mozjpeg	420	70	model_proj	29.809	70.658	1.8977	Mozjpeg	70.0	png
screen	archives__exhibits__1440x900__dpr1.png	mozjpeg	420	80	identity_off	29.183	63.908	2.3813	Mozjpeg	80.0	png
screen	archives__exhibits__1440x900__dpr1.png	mozjpeg	420	80	model_policy	31.463	71.866	1.9226	Mozjpeg	80.0	png
screen	archives__exhibits__1440x900__dpr1.png	mozjpeg	420	80	model_proj	31.605	74.513	1.6777	Mozjpeg	80.0	png
screen	archives__exhibits__1440x900__dpr1.png	mozjpeg	420	85	identity_off	30.223	67.454	2.0978	Mozjpeg	85.0	png
screen	archives__exhibits__1440x900__dpr1.png	mozjpeg	420	85	model_policy	32.565	74.575	1.6922	Mozjpeg	85.0	png
screen	archives__exhibits__1440x900__dpr1.png	mozjpeg	420	85	model_proj	32.732	76.891	1.4880	Mozjpeg	85.0	png
screen	archives__exhibits__1440x900__dpr1.png	mozjpeg	420	90	identity_off	31.546	70.976	1.7696	Mozjpeg	90.0	png
screen	archives__exhibits__1440x900__dpr1.png	mozjpeg	420	90	model_policy	33.988	77.446	1.3967	Mozjpeg	90.0	png
screen	archives__exhibits__1440x900__dpr1.png	mozjpeg	420	90	model_proj	34.191	79.387	1.2721	Mozjpeg	90.0	png
screen	archives__exhibits__1440x900__dpr1.png	mozjpeg	444	40	identity_off	25.302	52.686	3.9159	Mozjpeg	40.0	png
screen	archives__exhibits__1440x900__dpr1.png	mozjpeg	444	40	model_policy	26.950	59.939	3.4853	Mozjpeg	40.0	png
screen	archives__exhibits__1440x900__dpr1.png	mozjpeg	444	40	model_proj	26.959	64.671	2.8586	Mozjpeg	40.0	png
screen	archives__exhibits__1440x900__dpr1.png	mozjpeg	444	60	identity_off	27.379	61.611	2.9889	Mozjpeg	60.0	png
screen	archives__exhibits__1440x900__dpr1.png	mozjpeg	444	60	model_policy	29.196	68.296	2.5833	Mozjpeg	60.0	png
screen	archives__exhibits__1440x900__dpr1.png	mozjpeg	444	60	model_proj	29.246	72.227	2.0391	Mozjpeg	60.0	png
screen	archives__exhibits__1440x900__dpr1.png	mozjpeg	444	70	identity_off	28.663	64.682	2.6601	Mozjpeg	70.0	png
screen	archives__exhibits__1440x900__dpr1.png	mozjpeg	444	70	model_policy	30.540	71.304	2.2512	Mozjpeg	70.0	png
screen	archives__exhibits__1440x900__dpr1.png	mozjpeg	444	70	model_proj	30.631	74.994	1.8035	Mozjpeg	70.0	png
screen	archives__exhibits__1440x900__dpr1.png	mozjpeg	444	80	identity_off	30.654	69.753	2.2814	Mozjpeg	80.0	png
screen	archives__exhibits__1440x900__dpr1.png	mozjpeg	444	80	model_policy	32.633	75.911	1.8578	Mozjpeg	80.0	png
screen	archives__exhibits__1440x900__dpr1.png	mozjpeg	444	80	model_proj	32.776	78.735	1.5904	Mozjpeg	80.0	png
screen	archives__exhibits__1440x900__dpr1.png	mozjpeg	444	85	identity_off	32.164	74.242	1.9510	Mozjpeg	85.0	png
screen	archives__exhibits__1440x900__dpr1.png	mozjpeg	444	85	model_policy	34.129	79.354	1.5909	Mozjpeg	85.0	png
screen	archives__exhibits__1440x900__dpr1.png	mozjpeg	444	85	model_proj	34.294	81.666	1.3462	Mozjpeg	85.0	png
screen	archives__exhibits__1440x900__dpr1.png	mozjpeg	444	90	identity_off	34.367	78.401	1.5539	Mozjpeg	90.0	png
screen	archives__exhibits__1440x900__dpr1.png	mozjpeg	444	90	model_policy	36.302	82.739	1.2523	Mozjpeg	90.0	png
screen	archives__exhibits__1440x900__dpr1.png	mozjpeg	444	90	model_proj	36.489	84.408	1.0974	Mozjpeg	90.0	png
screen	archives__exhibits__1440x900__dpr1.png	jpegli	420	40	identity_off	26.644	37.981	3.6529	CjpegliYcbcr	6.7	png
screen	archives__exhibits__1440x900__dpr1.png	jpegli	420	40	model_policy	28.615	50.943	2.9461	CjpegliYcbcr	6.7	png
screen	archives__exhibits__1440x900__dpr1.png	jpegli	420	40	model_proj	28.665	51.852	2.9245	CjpegliYcbcr	6.7	png
screen	archives__exhibits__1440x900__dpr1.png	jpegli	420	60	identity_off	28.746	50.043	2.7324	CjpegliYcbcr	4.6	png
screen	archives__exhibits__1440x900__dpr1.png	jpegli	420	60	model_policy	30.859	61.199	2.1498	CjpegliYcbcr	4.6	png
screen	archives__exhibits__1440x900__dpr1.png	jpegli	420	60	model_proj	30.955	62.434	2.1370	CjpegliYcbcr	4.6	png
screen	archives__exhibits__1440x900__dpr1.png	jpegli	420	70	identity_off	30.245	58.649	2.2112	CjpegliYcbcr	3.5	png
screen	archives__exhibits__1440x900__dpr1.png	jpegli	420	70	model_policy	32.417	68.203	1.7438	CjpegliYcbcr	3.5	png
screen	archives__exhibits__1440x900__dpr1.png	jpegli	420	70	model_proj	32.569	69.529	1.7232	CjpegliYcbcr	3.5	png
screen	archives__exhibits__1440x900__dpr1.png	jpegli	420	80	identity_off	31.758	66.581	1.8450	CjpegliYcbcr	2.5	png
screen	archives__exhibits__1440x900__dpr1.png	jpegli	420	80	model_policy	33.983	74.199	1.4600	CjpegliYcbcr	2.5	png
screen	archives__exhibits__1440x900__dpr1.png	jpegli	420	80	model_proj	34.199	75.680	1.4360	CjpegliYcbcr	2.5	png
screen	archives__exhibits__1440x900__dpr1.png	jpegli	420	85	identity_off	32.576	70.494	1.6820	CjpegliYcbcr	1.8	png
screen	archives__exhibits__1440x900__dpr1.png	jpegli	420	85	model_policy	34.835	77.042	1.3331	CjpegliYcbcr	1.8	png
screen	archives__exhibits__1440x900__dpr1.png	jpegli	420	85	model_proj	35.099	78.590	1.3033	CjpegliYcbcr	1.8	png
screen	archives__exhibits__1440x900__dpr1.png	jpegli	420	90	identity_off	33.486	74.749	1.5169	CjpegliYcbcr	1.3	png
screen	archives__exhibits__1440x900__dpr1.png	jpegli	420	90	model_policy	35.794	80.066	1.1981	CjpegliYcbcr	1.3	png
screen	archives__exhibits__1440x900__dpr1.png	jpegli	420	90	model_proj	36.131	81.614	1.1646	CjpegliYcbcr	1.3	png
screen	archives__exhibits__1440x900__dpr1.png	jpegli	444	40	identity_off	28.123	46.332	3.0938	CjpegliYcbcr	5.5	png
screen	archives__exhibits__1440x900__dpr1.png	jpegli	444	40	model_policy	30.080	58.113	2.4359	CjpegliYcbcr	5.5	png
screen	archives__exhibits__1440x900__dpr1.png	jpegli	444	40	model_proj	30.102	58.417	2.4204	CjpegliYcbcr	5.5	png
screen	archives__exhibits__1440x900__dpr1.png	jpegli	444	60	identity_off	30.763	59.391	2.2054	CjpegliYcbcr	3.7	png
screen	archives__exhibits__1440x900__dpr1.png	jpegli	444	60	model_policy	32.758	68.775	1.7075	CjpegliYcbcr	3.7	png
screen	archives__exhibits__1440x900__dpr1.png	jpegli	444	60	model_proj	32.802	69.198	1.6915	CjpegliYcbcr	3.7	png
screen	archives__exhibits__1440x900__dpr1.png	jpegli	444	70	identity_off	32.502	67.082	1.7404	CjpegliYcbcr	2.8	png
screen	archives__exhibits__1440x900__dpr1.png	jpegli	444	70	model_policy	34.417	74.565	1.3631	CjpegliYcbcr	2.8	png
screen	archives__exhibits__1440x900__dpr1.png	jpegli	444	70	model_proj	34.495	75.035	1.3398	CjpegliYcbcr	2.8	png
screen	archives__exhibits__1440x900__dpr1.png	jpegli	444	80	identity_off	34.550	74.452	1.3115	CjpegliYcbcr	1.9	png
screen	archives__exhibits__1440x900__dpr1.png	jpegli	444	80	model_policy	36.328	79.749	1.0483	CjpegliYcbcr	1.9	png
screen	archives__exhibits__1440x900__dpr1.png	jpegli	444	80	model_proj	36.473	80.545	1.0142	CjpegliYcbcr	1.9	png
screen	archives__exhibits__1440x900__dpr1.png	jpegli	444	85	identity_off	36.003	78.618	1.0914	CjpegliYcbcr	1.4	png
screen	archives__exhibits__1440x900__dpr1.png	jpegli	444	85	model_policy	37.616	82.644	0.8876	CjpegliYcbcr	1.4	png
screen	archives__exhibits__1440x900__dpr1.png	jpegli	444	85	model_proj	37.787	83.440	0.8518	CjpegliYcbcr	1.4	png
screen	archives__exhibits__1440x900__dpr1.png	jpegli	444	90	identity_off	38.007	83.318	0.8281	CjpegliYcbcr	1.1	png
screen	archives__exhibits__1440x900__dpr1.png	jpegli	444	90	model_policy	39.307	85.930	0.6924	CjpegliYcbcr	1.1	png
screen	archives__exhibits__1440x900__dpr1.png	jpegli	444	90	model_proj	39.531	86.668	0.6539	CjpegliYcbcr	1.1	png
screen	archives__exhibits__1440x900__dpr1.png	zenjpeg	420	40	identity_off	27.553	57.802	2.4690	CjpegliYcbcr	6.7	png
screen	archives__exhibits__1440x900__dpr1.png	zenjpeg	420	40	model_policy	29.245	65.207	2.1074	CjpegliYcbcr	6.7	png
screen	archives__exhibits__1440x900__dpr1.png	zenjpeg	420	40	model_proj	29.248	67.329	1.8656	CjpegliYcbcr	6.7	png
screen	archives__exhibits__1440x900__dpr1.png	zenjpeg	420	60	identity_off	29.443	63.386	2.0619	CjpegliYcbcr	4.6	png
screen	archives__exhibits__1440x900__dpr1.png	zenjpeg	420	60	model_policy	31.278	70.082	1.7088	CjpegliYcbcr	4.6	png
screen	archives__exhibits__1440x900__dpr1.png	zenjpeg	420	60	model_proj	31.326	72.274	1.5819	CjpegliYcbcr	4.6	png
screen	archives__exhibits__1440x900__dpr1.png	zenjpeg	420	70	identity_off	30.790	67.360	1.8547	CjpegliYcbcr	3.5	png
screen	archives__exhibits__1440x900__dpr1.png	zenjpeg	420	70	model_policy	32.728	73.608	1.5182	CjpegliYcbcr	3.5	png
screen	archives__exhibits__1440x900__dpr1.png	zenjpeg	420	70	model_proj	32.855	75.420	1.4195	CjpegliYcbcr	3.5	png
screen	archives__exhibits__1440x900__dpr1.png	zenjpeg	420	80	identity_off	32.130	71.575	1.6678	CjpegliYcbcr	2.5	png
screen	archives__exhibits__1440x900__dpr1.png	zenjpeg	420	80	model_policy	34.186	76.981	1.3436	CjpegliYcbcr	2.5	png
screen	archives__exhibits__1440x900__dpr1.png	zenjpeg	420	80	model_proj	34.376	78.662	1.2763	CjpegliYcbcr	2.5	png
screen	archives__exhibits__1440x900__dpr1.png	zenjpeg	420	85	identity_off	32.815	73.658	1.5891	CjpegliYcbcr	1.8	png
screen	archives__exhibits__1440x900__dpr1.png	zenjpeg	420	85	model_policy	34.926	78.611	1.2767	CjpegliYcbcr	1.8	png
screen	archives__exhibits__1440x900__dpr1.png	zenjpeg	420	85	model_proj	35.165	80.243	1.2116	CjpegliYcbcr	1.8	png
screen	archives__exhibits__1440x900__dpr1.png	zenjpeg	420	90	identity_off	33.623	76.117	1.4729	CjpegliYcbcr	1.3	png
screen	archives__exhibits__1440x900__dpr1.png	zenjpeg	420	90	model_policy	35.838	80.633	1.1728	CjpegliYcbcr	1.3	png
screen	archives__exhibits__1440x900__dpr1.png	zenjpeg	420	90	model_proj	36.156	82.338	1.1118	CjpegliYcbcr	1.3	png
screen	archives__exhibits__1440x900__dpr1.png	zenjpeg	444	40	identity_off	29.019	63.640	2.1271	CjpegliYcbcr	5.5	png
screen	archives__exhibits__1440x900__dpr1.png	zenjpeg	444	40	model_policy	30.632	70.023	1.8126	CjpegliYcbcr	5.5	png
screen	archives__exhibits__1440x900__dpr1.png	zenjpeg	444	40	model_proj	30.624	71.698	1.5758	CjpegliYcbcr	5.5	png
screen	archives__exhibits__1440x900__dpr1.png	zenjpeg	444	60	identity_off	31.509	70.538	1.6451	CjpegliYcbcr	3.7	png
screen	archives__exhibits__1440x900__dpr1.png	zenjpeg	444	60	model_policy	33.153	75.814	1.3778	CjpegliYcbcr	3.7	png
screen	archives__exhibits__1440x900__dpr1.png	zenjpeg	444	60	model_proj	33.178	76.864	1.2556	CjpegliYcbcr	3.7	png
screen	archives__exhibits__1440x900__dpr1.png	zenjpeg	444	70	identity_off	33.167	74.500	1.3718	CjpegliYcbcr	2.8	png
screen	archives__exhibits__1440x900__dpr1.png	zenjpeg	444	70	model_policy	34.753	78.973	1.1340	CjpegliYcbcr	2.8	png
screen	archives__exhibits__1440x900__dpr1.png	zenjpeg	444	70	model_proj	34.818	80.024	1.0508	CjpegliYcbcr	2.8	png
screen	archives__exhibits__1440x900__dpr1.png	zenjpeg	444	80	identity_off	35.009	78.415	1.1121	CjpegliYcbcr	1.9	png
screen	archives__exhibits__1440x900__dpr1.png	zenjpeg	444	80	model_policy	36.520	81.953	0.9210	CjpegliYcbcr	1.9	png
screen	archives__exhibits__1440x900__dpr1.png	zenjpeg	444	80	model_proj	36.644	82.909	0.8510	CjpegliYcbcr	1.9	png
screen	archives__exhibits__1440x900__dpr1.png	zenjpeg	444	85	identity_off	36.356	81.047	0.9593	CjpegliYcbcr	1.4	png
screen	archives__exhibits__1440x900__dpr1.png	zenjpeg	444	85	model_policy	37.780	83.939	0.8000	CjpegliYcbcr	1.4	png
screen	archives__exhibits__1440x900__dpr1.png	zenjpeg	444	85	model_proj	37.956	84.906	0.7291	CjpegliYcbcr	1.4	png
screen	archives__exhibits__1440x900__dpr1.png	zenjpeg	444	90	identity_off	38.235	84.458	0.7554	CjpegliYcbcr	1.1	png
screen	archives__exhibits__1440x900__dpr1.png	zenjpeg	444	90	model_policy	39.400	86.469	0.6438	CjpegliYcbcr	1.1	png
screen	archives__exhibits__1440x900__dpr1.png	zenjpeg	444	90	model_proj	39.638	87.251	0.5781	CjpegliYcbcr	1.1	png
documents	office_census-acs-2024_questionnaire_p01_page1.png	turbo	420	40	identity_off	30.301	58.977	2.0659	ImageMagick	40.0	png
documents	office_census-acs-2024_questionnaire_p01_page1.png	turbo	420	40	model_policy	32.393	66.071	1.8312	ImageMagick	40.0	png
documents	office_census-acs-2024_questionnaire_p01_page1.png	turbo	420	40	model_proj	32.393	66.073	1.8297	ImageMagick	40.0	png
documents	office_census-acs-2024_questionnaire_p01_page1.png	turbo	420	60	identity_off	31.452	62.791	1.6890	ImageMagick	60.0	png
documents	office_census-acs-2024_questionnaire_p01_page1.png	turbo	420	60	model_policy	33.707	70.156	1.3512	ImageMagick	60.0	png
documents	office_census-acs-2024_questionnaire_p01_page1.png	turbo	420	60	model_proj	33.707	70.202	1.3491	ImageMagick	60.0	png
documents	office_census-acs-2024_questionnaire_p01_page1.png	turbo	420	70	identity_off	32.423	65.375	1.6421	ImageMagick	70.0	png
documents	office_census-acs-2024_questionnaire_p01_page1.png	turbo	420	70	model_policy	34.531	71.305	1.5226	ImageMagick	70.0	png
documents	office_census-acs-2024_questionnaire_p01_page1.png	turbo	420	70	model_proj	34.534	71.337	1.5207	ImageMagick	70.0	png
documents	office_census-acs-2024_questionnaire_p01_page1.png	turbo	420	80	identity_off	34.000	71.974	1.4251	ImageMagick	80.0	png
documents	office_census-acs-2024_questionnaire_p01_page1.png	turbo	420	80	model_policy	36.085	76.477	1.4628	ImageMagick	80.0	png
documents	office_census-acs-2024_questionnaire_p01_page1.png	turbo	420	80	model_proj	36.110	76.610	1.4619	ImageMagick	80.0	png
documents	office_census-acs-2024_questionnaire_p01_page1.png	turbo	420	85	identity_off	35.038	75.133	1.3318	ImageMagick	85.0	png
documents	office_census-acs-2024_questionnaire_p01_page1.png	turbo	420	85	model_policy	37.152	79.116	1.4474	ImageMagick	85.0	png
documents	office_census-acs-2024_questionnaire_p01_page1.png	turbo	420	85	model_proj	37.181	79.260	1.4452	ImageMagick	85.0	png
documents	office_census-acs-2024_questionnaire_p01_page1.png	turbo	420	90	identity_off	36.089	78.205	1.2497	ImageMagick	90.0	png
documents	office_census-acs-2024_questionnaire_p01_page1.png	turbo	420	90	model_policy	38.254	81.122	1.4391	ImageMagick	90.0	png
documents	office_census-acs-2024_questionnaire_p01_page1.png	turbo	420	90	model_proj	38.302	81.537	1.4340	ImageMagick	90.0	png
documents	office_census-acs-2024_questionnaire_p01_page1.png	turbo	444	40	identity_off	31.737	66.841	1.9305	ImageMagick	40.0	png
documents	office_census-acs-2024_questionnaire_p01_page1.png	turbo	444	40	model_policy	34.064	72.070	1.7408	ImageMagick	40.0	png
documents	office_census-acs-2024_questionnaire_p01_page1.png	turbo	444	40	model_proj	34.066	72.098	1.7404	ImageMagick	40.0	png
documents	office_census-acs-2024_questionnaire_p01_page1.png	turbo	444	60	identity_off	33.516	71.915	1.4399	ImageMagick	60.0	png
documents	office_census-acs-2024_questionnaire_p01_page1.png	turbo	444	60	model_policy	35.780	77.280	1.1211	ImageMagick	60.0	png
documents	office_census-acs-2024_questionnaire_p01_page1.png	turbo	444	60	model_proj	35.789	77.356	1.1163	ImageMagick	60.0	png
documents	office_census-acs-2024_questionnaire_p01_page1.png	turbo	444	70	identity_off	34.754	74.514	1.4095	ImageMagick	70.0	png
documents	office_census-acs-2024_questionnaire_p01_page1.png	turbo	444	70	model_policy	36.874	79.435	1.4616	ImageMagick	70.0	png
documents	office_census-acs-2024_questionnaire_p01_page1.png	turbo	444	70	model_proj	36.892	79.483	1.4589	ImageMagick	70.0	png
documents	office_census-acs-2024_questionnaire_p01_page1.png	turbo	444	80	identity_off	36.510	78.543	1.2867	ImageMagick	80.0	png
documents	office_census-acs-2024_questionnaire_p01_page1.png	turbo	444	80	model_policy	38.251	82.443	1.4472	ImageMagick	80.0	png
documents	office_census-acs-2024_questionnaire_p01_page1.png	turbo	444	80	model_proj	38.295	82.692	1.4457	ImageMagick	80.0	png
documents	office_census-acs-2024_questionnaire_p01_page1.png	turbo	444	85	identity_off	37.974	80.917	1.2263	ImageMagick	85.0	png
documents	office_census-acs-2024_questionnaire_p01_page1.png	turbo	444	85	model_policy	39.333	84.394	1.4421	ImageMagick	85.0	png
documents	office_census-acs-2024_questionnaire_p01_page1.png	turbo	444	85	model_proj	39.392	84.525	1.4392	ImageMagick	85.0	png
documents	office_census-acs-2024_questionnaire_p01_page1.png	turbo	444	90	identity_off	40.275	84.137	1.1825	ImageMagick	90.0	png
documents	office_census-acs-2024_questionnaire_p01_page1.png	turbo	444	90	model_policy	41.190	86.543	1.4357	ImageMagick	90.0	png
documents	office_census-acs-2024_questionnaire_p01_page1.png	turbo	444	90	model_proj	41.320	86.669	1.4317	ImageMagick	90.0	png
documents	office_census-acs-2024_questionnaire_p01_page1.png	mozjpeg	420	40	identity_off	28.760	59.027	2.2803	Mozjpeg	40.0	png
documents	office_census-acs-2024_questionnaire_p01_page1.png	mozjpeg	420	40	model_policy	31.006	65.991	1.9217	Mozjpeg	40.0	png
documents	office_census-acs-2024_questionnaire_p01_page1.png	mozjpeg	420	40	model_proj	30.997	65.896	1.9191	Mozjpeg	40.0	png
documents	office_census-acs-2024_questionnaire_p01_page1.png	mozjpeg	420	60	identity_off	30.130	65.448	1.7766	Mozjpeg	60.0	png
documents	office_census-acs-2024_questionnaire_p01_page1.png	mozjpeg	420	60	model_policy	32.727	72.022	1.4253	Mozjpeg	60.0	png
documents	office_census-acs-2024_questionnaire_p01_page1.png	mozjpeg	420	60	model_proj	32.712	71.918	1.4211	Mozjpeg	60.0	png
documents	office_census-acs-2024_questionnaire_p01_page1.png	mozjpeg	420	70	identity_off	30.889	68.190	1.6518	Mozjpeg	70.0	png
documents	office_census-acs-2024_questionnaire_p01_page1.png	mozjpeg	420	70	model_policy	33.517	74.222	1.5344	Mozjpeg	70.0	png
documents	office_census-acs-2024_questionnaire_p01_page1.png	mozjpeg	420	70	model_proj	33.510	74.292	1.5322	Mozjpeg	70.0	png
documents	office_census-acs-2024_questionnaire_p01_page1.png	mozjpeg	420	80	identity_off	32.105	72.422	1.4090	Mozjpeg	80.0	png
documents	office_census-acs-2024_questionnaire_p01_page1.png	mozjpeg	420	80	model_policy	34.802	77.655	1.4688	Mozjpeg	80.0	png
documents	office_census-acs-2024_questionnaire_p01_page1.png	mozjpeg	420	80	model_proj	34.810	77.760	1.4641	Mozjpeg	80.0	png
documents	office_census-acs-2024_questionnaire_p01_page1.png	mozjpeg	420	85	identity_off	32.773	74.332	1.3389	Mozjpeg	85.0	png
documents	office_census-acs-2024_questionnaire_p01_page1.png	mozjpeg	420	85	model_policy	35.521	79.300	1.4547	Mozjpeg	85.0	png
documents	office_census-acs-2024_questionnaire_p01_page1.png	mozjpeg	420	85	model_proj	35.524	79.526	1.4499	Mozjpeg	85.0	png
documents	office_census-acs-2024_questionnaire_p01_page1.png	mozjpeg	420	90	identity_off	33.926	76.544	1.2595	Mozjpeg	90.0	png
documents	office_census-acs-2024_questionnaire_p01_page1.png	mozjpeg	420	90	model_policy	36.592	80.742	1.4425	Mozjpeg	90.0	png
documents	office_census-acs-2024_questionnaire_p01_page1.png	mozjpeg	420	90	model_proj	36.614	81.086	1.4361	Mozjpeg	90.0	png
documents	office_census-acs-2024_questionnaire_p01_page1.png	mozjpeg	444	40	identity_off	29.781	65.190	2.1953	Mozjpeg	40.0	png
documents	office_census-acs-2024_questionnaire_p01_page1.png	mozjpeg	444	40	model_policy	31.976	69.777	1.8586	Mozjpeg	40.0	png
documents	office_census-acs-2024_questionnaire_p01_page1.png	mozjpeg	444	40	model_proj	31.968	69.725	1.8591	Mozjpeg	40.0	png
documents	office_census-acs-2024_questionnaire_p01_page1.png	mozjpeg	444	60	identity_off	31.415	72.227	1.7021	Mozjpeg	60.0	png
documents	office_census-acs-2024_questionnaire_p01_page1.png	mozjpeg	444	60	model_policy	33.736	76.460	1.3489	Mozjpeg	60.0	png
documents	office_census-acs-2024_questionnaire_p01_page1.png	mozjpeg	444	60	model_proj	33.745	76.755	1.3440	Mozjpeg	60.0	png
documents	office_census-acs-2024_questionnaire_p01_page1.png	mozjpeg	444	70	identity_off	32.386	74.351	1.5822	Mozjpeg	70.0	png
documents	office_census-acs-2024_questionnaire_p01_page1.png	mozjpeg	444	70	model_policy	34.648	78.684	1.5143	Mozjpeg	70.0	png
documents	office_census-acs-2024_questionnaire_p01_page1.png	mozjpeg	444	70	model_proj	34.675	78.844	1.5053	Mozjpeg	70.0	png
documents	office_census-acs-2024_questionnaire_p01_page1.png	mozjpeg	444	80	identity_off	33.984	78.407	1.3347	Mozjpeg	80.0	png
documents	office_census-acs-2024_questionnaire_p01_page1.png	mozjpeg	444	80	model_policy	36.020	81.765	1.4587	Mozjpeg	80.0	png
documents	office_census-acs-2024_questionnaire_p01_page1.png	mozjpeg	444	80	model_proj	36.107	82.194	1.4491	Mozjpeg	80.0	png
documents	office_census-acs-2024_questionnaire_p01_page1.png	mozjpeg	444	85	identity_off	34.999	80.258	1.2674	Mozjpeg	85.0	png
documents	office_census-acs-2024_questionnaire_p01_page1.png	mozjpeg	444	85	model_policy	36.873	83.277	1.4493	Mozjpeg	85.0	png
documents	office_census-acs-2024_questionnaire_p01_page1.png	mozjpeg	444	85	model_proj	37.004	83.874	1.4411	Mozjpeg	85.0	png
documents	office_census-acs-2024_questionnaire_p01_page1.png	mozjpeg	444	90	identity_off	36.832	82.748	1.1990	Mozjpeg	90.0	png
documents	office_census-acs-2024_questionnaire_p01_page1.png	mozjpeg	444	90	model_policy	38.392	85.053	1.4399	Mozjpeg	90.0	png
documents	office_census-acs-2024_questionnaire_p01_page1.png	mozjpeg	444	90	model_proj	38.561	85.747	1.4318	Mozjpeg	90.0	png
documents	office_census-acs-2024_questionnaire_p01_page1.png	jpegli	420	40	identity_off	30.093	61.863	1.9112	CjpegliYcbcr	6.7	png
documents	office_census-acs-2024_questionnaire_p01_page1.png	jpegli	420	40	model_policy	32.150	68.370	1.5985	CjpegliYcbcr	6.7	png
documents	office_census-acs-2024_questionnaire_p01_page1.png	jpegli	420	40	model_proj	32.151	68.379	1.5983	CjpegliYcbcr	6.7	png
documents	office_census-acs-2024_questionnaire_p01_page1.png	jpegli	420	60	identity_off	31.406	65.074	1.6183	CjpegliYcbcr	4.6	png
documents	office_census-acs-2024_questionnaire_p01_page1.png	jpegli	420	60	model_policy	33.470	70.925	1.5187	CjpegliYcbcr	4.6	png
documents	office_census-acs-2024_questionnaire_p01_page1.png	jpegli	420	60	model_proj	33.471	70.896	1.5171	CjpegliYcbcr	4.6	png
documents	office_census-acs-2024_questionnaire_p01_page1.png	jpegli	420	70	identity_off	32.412	69.162	1.4210	CjpegliYcbcr	3.5	png
documents	office_census-acs-2024_questionnaire_p01_page1.png	jpegli	420	70	model_policy	34.503	74.334	1.1845	CjpegliYcbcr	3.5	png
documents	office_census-acs-2024_questionnaire_p01_page1.png	jpegli	420	70	model_proj	34.503	74.247	1.1824	CjpegliYcbcr	3.5	png
documents	office_census-acs-2024_questionnaire_p01_page1.png	jpegli	420	80	identity_off	33.484	71.864	1.3623	CjpegliYcbcr	2.5	png
documents	office_census-acs-2024_questionnaire_p01_page1.png	jpegli	420	80	model_policy	35.465	75.983	1.4503	CjpegliYcbcr	2.5	png
documents	office_census-acs-2024_questionnaire_p01_page1.png	jpegli	420	80	model_proj	35.466	76.003	1.4484	CjpegliYcbcr	2.5	png
documents	office_census-acs-2024_questionnaire_p01_page1.png	jpegli	420	85	identity_off	34.156	74.526	1.1575	CjpegliYcbcr	1.8	png
documents	office_census-acs-2024_questionnaire_p01_page1.png	jpegli	420	85	model_policy	36.148	78.133	0.9414	CjpegliYcbcr	1.8	png
documents	office_census-acs-2024_questionnaire_p01_page1.png	jpegli	420	85	model_proj	36.146	78.370	0.9355	CjpegliYcbcr	1.8	png
documents	office_census-acs-2024_questionnaire_p01_page1.png	jpegli	420	90	identity_off	35.107	75.676	2.2315	CjpegliYcbcr	1.3	png
documents	office_census-acs-2024_questionnaire_p01_page1.png	jpegli	420	90	model_policy	36.927	77.836	2.5279	CjpegliYcbcr	1.3	png
documents	office_census-acs-2024_questionnaire_p01_page1.png	jpegli	420	90	model_proj	37.218	80.568	1.1959	CjpegliYcbcr	1.3	png
documents	office_census-acs-2024_questionnaire_p01_page1.png	jpegli	444	40	identity_off	31.054	62.029	2.2239	CjpegliYcbcr	5.5	png
documents	office_census-acs-2024_questionnaire_p01_page1.png	jpegli	444	40	model_policy	33.180	67.950	2.1721	CjpegliYcbcr	5.5	png
documents	office_census-acs-2024_questionnaire_p01_page1.png	jpegli	444	40	model_proj	33.181	67.980	2.1719	CjpegliYcbcr	5.5	png
documents	office_census-acs-2024_questionnaire_p01_page1.png	jpegli	444	60	identity_off	32.943	69.428	1.3085	CjpegliYcbcr	3.7	png
documents	office_census-acs-2024_questionnaire_p01_page1.png	jpegli	444	60	model_policy	35.020	74.174	1.0857	CjpegliYcbcr	3.7	png
documents	office_census-acs-2024_questionnaire_p01_page1.png	jpegli	444	60	model_proj	35.022	74.150	1.0789	CjpegliYcbcr	3.7	png
documents	office_census-acs-2024_questionnaire_p01_page1.png	jpegli	444	70	identity_off	34.120	72.428	1.1472	CjpegliYcbcr	2.8	png
documents	office_census-acs-2024_questionnaire_p01_page1.png	jpegli	444	70	model_policy	35.984	76.381	0.9650	CjpegliYcbcr	2.8	png
documents	office_census-acs-2024_questionnaire_p01_page1.png	jpegli	444	70	model_proj	35.989	76.368	0.9614	CjpegliYcbcr	2.8	png
documents	office_census-acs-2024_questionnaire_p01_page1.png	jpegli	444	80	identity_off	35.656	75.261	0.9586	CjpegliYcbcr	1.9	png
documents	office_census-acs-2024_questionnaire_p01_page1.png	jpegli	444	80	model_policy	37.312	78.223	0.8391	CjpegliYcbcr	1.9	png
documents	office_census-acs-2024_questionnaire_p01_page1.png	jpegli	444	80	model_proj	37.329	78.247	0.8315	CjpegliYcbcr	1.9	png
documents	office_census-acs-2024_questionnaire_p01_page1.png	jpegli	444	85	identity_off	36.964	78.484	0.8385	CjpegliYcbcr	1.4	png
documents	office_census-acs-2024_questionnaire_p01_page1.png	jpegli	444	85	model_policy	38.322	80.829	0.7866	CjpegliYcbcr	1.4	png
documents	office_census-acs-2024_questionnaire_p01_page1.png	jpegli	444	85	model_proj	38.346	80.891	0.7853	CjpegliYcbcr	1.4	png
documents	office_census-acs-2024_questionnaire_p01_page1.png	jpegli	444	90	identity_off	38.907	80.732	1.1634	CjpegliYcbcr	1.1	png
documents	office_census-acs-2024_questionnaire_p01_page1.png	jpegli	444	90	model_policy	39.850	81.969	1.4288	CjpegliYcbcr	1.1	png
documents	office_census-acs-2024_questionnaire_p01_page1.png	jpegli	444	90	model_proj	39.918	81.913	1.4267	CjpegliYcbcr	1.1	png
documents	office_census-acs-2024_questionnaire_p01_page1.png	zenjpeg	420	40	identity_off	29.930	60.552	1.9519	CjpegliYcbcr	6.7	png
documents	office_census-acs-2024_questionnaire_p01_page1.png	zenjpeg	420	40	model_policy	31.781	67.133	2.0744	CjpegliYcbcr	6.7	png
documents	office_census-acs-2024_questionnaire_p01_page1.png	zenjpeg	420	40	model_proj	31.780	67.153	2.0742	CjpegliYcbcr	6.7	png
documents	office_census-acs-2024_questionnaire_p01_page1.png	zenjpeg	420	60	identity_off	31.307	67.039	1.5588	CjpegliYcbcr	4.6	png
documents	office_census-acs-2024_questionnaire_p01_page1.png	zenjpeg	420	60	model_policy	33.375	72.660	1.5130	CjpegliYcbcr	4.6	png
documents	office_census-acs-2024_questionnaire_p01_page1.png	zenjpeg	420	60	model_proj	33.376	72.692	1.5118	CjpegliYcbcr	4.6	png
documents	office_census-acs-2024_questionnaire_p01_page1.png	zenjpeg	420	70	identity_off	32.276	69.635	1.4473	CjpegliYcbcr	3.5	png
documents	office_census-acs-2024_questionnaire_p01_page1.png	zenjpeg	420	70	model_policy	34.381	74.550	1.4724	CjpegliYcbcr	3.5	png
documents	office_census-acs-2024_questionnaire_p01_page1.png	zenjpeg	420	70	model_proj	34.381	74.641	1.4720	CjpegliYcbcr	3.5	png
documents	office_census-acs-2024_questionnaire_p01_page1.png	zenjpeg	420	80	identity_off	33.380	72.836	1.3184	CjpegliYcbcr	2.5	png
documents	office_census-acs-2024_questionnaire_p01_page1.png	zenjpeg	420	80	model_policy	35.400	77.005	1.4466	CjpegliYcbcr	2.5	png
documents	office_census-acs-2024_questionnaire_p01_page1.png	zenjpeg	420	80	model_proj	35.405	77.015	1.4451	CjpegliYcbcr	2.5	png
documents	office_census-acs-2024_questionnaire_p01_page1.png	zenjpeg	420	85	identity_off	34.070	75.011	1.2705	CjpegliYcbcr	1.8	png
documents	office_census-acs-2024_questionnaire_p01_page1.png	zenjpeg	420	85	model_policy	36.051	78.403	1.4414	CjpegliYcbcr	1.8	png
documents	office_census-acs-2024_questionnaire_p01_page1.png	zenjpeg	420	85	model_proj	36.073	78.596	1.4389	CjpegliYcbcr	1.8	png
documents	office_census-acs-2024_questionnaire_p01_page1.png	zenjpeg	420	90	identity_off	35.220	78.298	1.2185	CjpegliYcbcr	1.3	png
documents	office_census-acs-2024_questionnaire_p01_page1.png	zenjpeg	420	90	model_policy	37.185	80.911	1.4332	CjpegliYcbcr	1.3	png
documents	office_census-acs-2024_questionnaire_p01_page1.png	zenjpeg	420	90	model_proj	37.215	81.121	1.4287	CjpegliYcbcr	1.3	png
documents	office_census-acs-2024_questionnaire_p01_page1.png	zenjpeg	444	40	identity_off	30.981	64.695	2.2140	CjpegliYcbcr	5.5	png
documents	office_census-acs-2024_questionnaire_p01_page1.png	zenjpeg	444	40	model_policy	33.107	70.086	2.1733	CjpegliYcbcr	5.5	png
documents	office_census-acs-2024_questionnaire_p01_page1.png	zenjpeg	444	40	model_proj	33.106	70.130	2.1726	CjpegliYcbcr	5.5	png
documents	office_census-acs-2024_questionnaire_p01_page1.png	zenjpeg	444	60	identity_off	32.691	70.408	1.6691	CjpegliYcbcr	3.7	png
documents	office_census-acs-2024_questionnaire_p01_page1.png	zenjpeg	444	60	model_policy	34.738	74.763	1.6219	CjpegliYcbcr	3.7	png
documents	office_census-acs-2024_questionnaire_p01_page1.png	zenjpeg	444	60	model_proj	34.738	74.820	1.6206	CjpegliYcbcr	3.7	png
documents	office_census-acs-2024_questionnaire_p01_page1.png	zenjpeg	444	70	identity_off	33.945	73.528	1.1091	CjpegliYcbcr	2.8	png
documents	office_census-acs-2024_questionnaire_p01_page1.png	zenjpeg	444	70	model_policy	35.821	77.073	1.0260	CjpegliYcbcr	2.8	png
documents	office_census-acs-2024_questionnaire_p01_page1.png	zenjpeg	444	70	model_proj	35.823	77.130	0.9790	CjpegliYcbcr	2.8	png
documents	office_census-acs-2024_questionnaire_p01_page1.png	zenjpeg	444	80	identity_off	35.442	75.891	1.2029	CjpegliYcbcr	1.9	png
documents	office_census-acs-2024_questionnaire_p01_page1.png	zenjpeg	444	80	model_policy	37.098	78.746	1.4417	CjpegliYcbcr	1.9	png
documents	office_census-acs-2024_questionnaire_p01_page1.png	zenjpeg	444	80	model_proj	37.118	78.877	1.4404	CjpegliYcbcr	1.9	png
documents	office_census-acs-2024_questionnaire_p01_page1.png	zenjpeg	444	85	identity_off	36.754	78.534	1.1827	CjpegliYcbcr	1.4	png
documents	office_census-acs-2024_questionnaire_p01_page1.png	zenjpeg	444	85	model_policy	38.055	80.517	1.4381	CjpegliYcbcr	1.4	png
documents	office_census-acs-2024_questionnaire_p01_page1.png	zenjpeg	444	85	model_proj	38.102	80.675	1.4356	CjpegliYcbcr	1.4	png
documents	office_census-acs-2024_questionnaire_p01_page1.png	zenjpeg	444	90	identity_off	38.640	82.100	1.1679	CjpegliYcbcr	1.1	png
documents	office_census-acs-2024_questionnaire_p01_page1.png	zenjpeg	444	90	model_policy	39.639	83.221	1.4345	CjpegliYcbcr	1.1	png
documents	office_census-acs-2024_questionnaire_p01_page1.png	zenjpeg	444	90	model_proj	39.828	83.358	1.1647	CjpegliYcbcr	1.1	png
documents	office_fec-form3_campaign-finance_p01_page1.png	turbo	420	40	identity_off	34.533	65.575	2.2224	ImageMagick	40.0	png
documents	office_fec-form3_campaign-finance_p01_page1.png	turbo	420	40	model_policy	37.236	74.349	1.6066	ImageMagick	40.0	png
documents	office_fec-form3_campaign-finance_p01_page1.png	turbo	420	40	model_proj	37.239	74.320	1.6064	ImageMagick	40.0	png
documents	office_fec-form3_campaign-finance_p01_page1.png	turbo	420	60	identity_off	36.809	71.832	1.7595	ImageMagick	60.0	png
documents	office_fec-form3_campaign-finance_p01_page1.png	turbo	420	60	model_policy	39.497	79.271	1.2585	ImageMagick	60.0	png
documents	office_fec-form3_campaign-finance_p01_page1.png	turbo	420	60	model_proj	39.508	79.286	1.2573	ImageMagick	60.0	png
documents	office_fec-form3_campaign-finance_p01_page1.png	turbo	420	70	identity_off	38.577	75.899	1.4297	ImageMagick	70.0	png
documents	office_fec-form3_campaign-finance_p01_page1.png	turbo	420	70	model_policy	41.268	82.322	1.0081	ImageMagick	70.0	png
documents	office_fec-form3_campaign-finance_p01_page1.png	turbo	420	70	model_proj	41.288	82.333	1.0034	ImageMagick	70.0	png
documents	office_fec-form3_campaign-finance_p01_page1.png	turbo	420	80	identity_off	41.119	80.006	1.1522	ImageMagick	80.0	png
documents	office_fec-form3_campaign-finance_p01_page1.png	turbo	420	80	model_policy	43.553	85.059	0.7969	ImageMagick	80.0	png
documents	office_fec-form3_campaign-finance_p01_page1.png	turbo	420	80	model_proj	43.589	85.105	0.7870	ImageMagick	80.0	png
documents	office_fec-form3_campaign-finance_p01_page1.png	turbo	420	85	identity_off	43.176	82.927	0.8965	ImageMagick	85.0	png
documents	office_fec-form3_campaign-finance_p01_page1.png	turbo	420	85	model_policy	45.413	86.641	0.6563	ImageMagick	85.0	png
documents	office_fec-form3_campaign-finance_p01_page1.png	turbo	420	85	model_proj	45.476	86.759	0.6139	ImageMagick	85.0	png
documents	office_fec-form3_campaign-finance_p01_page1.png	turbo	420	90	identity_off	46.166	87.363	0.6634	ImageMagick	90.0	png
documents	office_fec-form3_campaign-finance_p01_page1.png	turbo	420	90	model_policy	48.062	89.992	0.4980	ImageMagick	90.0	png
documents	office_fec-form3_campaign-finance_p01_page1.png	turbo	420	90	model_proj	48.236	89.945	0.4366	ImageMagick	90.0	png
documents	office_fec-form3_campaign-finance_p01_page1.png	turbo	444	40	identity_off	34.533	65.575	2.2224	ImageMagick	40.0	png
documents	office_fec-form3_campaign-finance_p01_page1.png	turbo	444	40	model_policy	37.236	74.349	1.6066	ImageMagick	40.0	png
documents	office_fec-form3_campaign-finance_p01_page1.png	turbo	444	40	model_proj	37.239	74.320	1.6064	ImageMagick	40.0	png
documents	office_fec-form3_campaign-finance_p01_page1.png	turbo	444	60	identity_off	36.788	71.306	1.7595	ImageMagick	60.0	png
documents	office_fec-form3_campaign-finance_p01_page1.png	turbo	444	60	model_policy	39.465	78.690	1.2581	ImageMagick	60.0	png
documents	office_fec-form3_campaign-finance_p01_page1.png	turbo	444	60	model_proj	39.477	78.696	1.2569	ImageMagick	60.0	png
documents	office_fec-form3_campaign-finance_p01_page1.png	turbo	444	70	identity_off	38.595	76.153	1.4291	ImageMagick	70.0	png
documents	office_fec-form3_campaign-finance_p01_page1.png	turbo	444	70	model_policy	41.303	82.518	1.0073	ImageMagick	70.0	png
documents	office_fec-form3_campaign-finance_p01_page1.png	turbo	444	70	model_proj	41.322	82.579	1.0027	ImageMagick	70.0	png
documents	office_fec-form3_campaign-finance_p01_page1.png	turbo	444	80	identity_off	41.153	80.276	1.1535	ImageMagick	80.0	png
documents	office_fec-form3_campaign-finance_p01_page1.png	turbo	444	80	model_policy	43.621	85.362	0.7983	ImageMagick	80.0	png
documents	office_fec-form3_campaign-finance_p01_page1.png	turbo	444	80	model_proj	43.655	85.423	0.7885	ImageMagick	80.0	png
documents	office_fec-form3_campaign-finance_p01_page1.png	turbo	444	85	identity_off	43.199	83.575	0.8894	ImageMagick	85.0	png
documents	office_fec-form3_campaign-finance_p01_page1.png	turbo	444	85	model_policy	45.467	87.248	0.6345	ImageMagick	85.0	png
documents	office_fec-form3_campaign-finance_p01_page1.png	turbo	444	85	model_proj	45.510	87.252	0.6029	ImageMagick	85.0	png
documents	office_fec-form3_campaign-finance_p01_page1.png	turbo	444	90	identity_off	46.203	87.734	0.6619	ImageMagick	90.0	png
documents	office_fec-form3_campaign-finance_p01_page1.png	turbo	444	90	model_policy	48.160	90.331	0.4663	ImageMagick	90.0	png
documents	office_fec-form3_campaign-finance_p01_page1.png	turbo	444	90	model_proj	48.339	90.403	0.4319	ImageMagick	90.0	png
documents	office_fec-form3_campaign-finance_p01_page1.png	mozjpeg	420	40	identity_off	30.974	74.213	1.8503	Mozjpeg	40.0	png
documents	office_fec-form3_campaign-finance_p01_page1.png	mozjpeg	420	40	model_policy	33.190	77.691	1.8156	Mozjpeg	40.0	png
documents	office_fec-form3_campaign-finance_p01_page1.png	mozjpeg	420	40	model_proj	32.765	76.741	2.0516	Mozjpeg	40.0	png
documents	office_fec-form3_campaign-finance_p01_page1.png	mozjpeg	420	60	identity_off	32.895	77.771	1.5412	Mozjpeg	60.0	png
documents	office_fec-form3_campaign-finance_p01_page1.png	mozjpeg	420	60	model_policy	35.300	81.853	1.3559	Mozjpeg	60.0	png
documents	office_fec-form3_campaign-finance_p01_page1.png	mozjpeg	420	60	model_proj	34.920	81.198	1.4997	Mozjpeg	60.0	png
documents	office_fec-form3_campaign-finance_p01_page1.png	mozjpeg	420	70	identity_off	34.058	79.533	1.3825	Mozjpeg	70.0	png
documents	office_fec-form3_campaign-finance_p01_page1.png	mozjpeg	420	70	model_policy	36.620	83.595	1.1226	Mozjpeg	70.0	png
documents	office_fec-form3_campaign-finance_p01_page1.png	mozjpeg	420	70	model_proj	36.337	83.630	1.1504	Mozjpeg	70.0	png
documents	office_fec-form3_campaign-finance_p01_page1.png	mozjpeg	420	80	identity_off	35.589	80.460	1.1236	Mozjpeg	80.0	png
documents	office_fec-form3_campaign-finance_p01_page1.png	mozjpeg	420	80	model_policy	38.380	84.296	0.9079	Mozjpeg	80.0	png
documents	office_fec-form3_campaign-finance_p01_page1.png	mozjpeg	420	80	model_proj	38.290	84.809	0.8302	Mozjpeg	80.0	png
documents	office_fec-form3_campaign-finance_p01_page1.png	mozjpeg	420	85	identity_off	36.773	81.990	1.0067	Mozjpeg	85.0	png
documents	office_fec-form3_campaign-finance_p01_page1.png	mozjpeg	420	85	model_policy	39.510	85.083	0.8536	Mozjpeg	85.0	png
documents	office_fec-form3_campaign-finance_p01_page1.png	mozjpeg	420	85	model_proj	39.477	85.475	0.7206	Mozjpeg	85.0	png
documents	office_fec-form3_campaign-finance_p01_page1.png	mozjpeg	420	90	identity_off	38.702	84.865	0.8248	Mozjpeg	90.0	png
documents	office_fec-form3_campaign-finance_p01_page1.png	mozjpeg	420	90	model_policy	41.426	87.323	0.6992	Mozjpeg	90.0	png
documents	office_fec-form3_campaign-finance_p01_page1.png	mozjpeg	420	90	model_proj	41.461	88.068	0.5418	Mozjpeg	90.0	png
documents	office_fec-form3_campaign-finance_p01_page1.png	mozjpeg	444	40	identity_off	30.974	74.213	1.8503	Mozjpeg	40.0	png
documents	office_fec-form3_campaign-finance_p01_page1.png	mozjpeg	444	40	model_policy	33.190	77.691	1.8156	Mozjpeg	40.0	png
documents	office_fec-form3_campaign-finance_p01_page1.png	mozjpeg	444	40	model_proj	32.765	76.741	2.0516	Mozjpeg	40.0	png
documents	office_fec-form3_campaign-finance_p01_page1.png	mozjpeg	444	60	identity_off	32.878	77.055	1.5423	Mozjpeg	60.0	png
documents	office_fec-form3_campaign-finance_p01_page1.png	mozjpeg	444	60	model_policy	35.277	81.183	1.3545	Mozjpeg	60.0	png
documents	office_fec-form3_campaign-finance_p01_page1.png	mozjpeg	444	60	model_proj	34.907	80.372	1.4963	Mozjpeg	60.0	png
documents	office_fec-form3_campaign-finance_p01_page1.png	mozjpeg	444	70	identity_off	34.049	79.481	1.3826	Mozjpeg	70.0	png
documents	office_fec-form3_campaign-finance_p01_page1.png	mozjpeg	444	70	model_policy	36.626	83.545	1.1216	Mozjpeg	70.0	png
documents	office_fec-form3_campaign-finance_p01_page1.png	mozjpeg	444	70	model_proj	36.343	83.542	1.1489	Mozjpeg	70.0	png
documents	office_fec-form3_campaign-finance_p01_page1.png	mozjpeg	444	80	identity_off	35.496	79.790	1.1641	Mozjpeg	80.0	png
documents	office_fec-form3_campaign-finance_p01_page1.png	mozjpeg	444	80	model_policy	38.268	83.946	0.9392	Mozjpeg	80.0	png
documents	office_fec-form3_campaign-finance_p01_page1.png	mozjpeg	444	80	model_proj	38.187	84.498	0.8569	Mozjpeg	80.0	png
documents	office_fec-form3_campaign-finance_p01_page1.png	mozjpeg	444	85	identity_off	36.746	82.344	1.0201	Mozjpeg	85.0	png
documents	office_fec-form3_campaign-finance_p01_page1.png	mozjpeg	444	85	model_policy	39.478	85.537	0.8506	Mozjpeg	85.0	png
documents	office_fec-form3_campaign-finance_p01_page1.png	mozjpeg	444	85	model_proj	39.451	85.915	0.7214	Mozjpeg	85.0	png
documents	office_fec-form3_campaign-finance_p01_page1.png	mozjpeg	444	90	identity_off	38.709	85.169	0.8316	Mozjpeg	90.0	png
documents	office_fec-form3_campaign-finance_p01_page1.png	mozjpeg	444	90	model_policy	41.447	87.869	0.6733	Mozjpeg	90.0	png
documents	office_fec-form3_campaign-finance_p01_page1.png	mozjpeg	444	90	model_proj	41.485	88.389	0.5410	Mozjpeg	90.0	png
documents	office_fec-form3_campaign-finance_p01_page1.png	jpegli	420	40	identity_off	33.410	66.577	2.0409	CjpegliYcbcr	6.7	png
documents	office_fec-form3_campaign-finance_p01_page1.png	jpegli	420	40	model_policy	35.983	74.668	1.6038	CjpegliYcbcr	6.7	png
documents	office_fec-form3_campaign-finance_p01_page1.png	jpegli	420	40	model_proj	35.995	74.698	1.5981	CjpegliYcbcr	6.7	png
documents	office_fec-form3_campaign-finance_p01_page1.png	jpegli	420	60	identity_off	35.667	73.187	1.5366	CjpegliYcbcr	4.6	png
documents	office_fec-form3_campaign-finance_p01_page1.png	jpegli	420	60	model_policy	38.247	80.046	1.1501	CjpegliYcbcr	4.6	png
documents	office_fec-form3_campaign-finance_p01_page1.png	jpegli	420	60	model_proj	38.267	80.034	1.1346	CjpegliYcbcr	4.6	png
documents	office_fec-form3_campaign-finance_p01_page1.png	jpegli	420	70	identity_off	37.636	77.230	1.2510	CjpegliYcbcr	3.5	png
documents	office_fec-form3_campaign-finance_p01_page1.png	jpegli	420	70	model_policy	40.170	82.765	0.9263	CjpegliYcbcr	3.5	png
documents	office_fec-form3_campaign-finance_p01_page1.png	jpegli	420	70	model_proj	40.206	82.842	0.9055	CjpegliYcbcr	3.5	png
documents	office_fec-form3_campaign-finance_p01_page1.png	jpegli	420	80	identity_off	40.459	81.263	0.9628	CjpegliYcbcr	2.5	png
documents	office_fec-form3_campaign-finance_p01_page1.png	jpegli	420	80	model_policy	42.732	85.240	0.7700	CjpegliYcbcr	2.5	png
documents	office_fec-form3_campaign-finance_p01_page1.png	jpegli	420	80	model_proj	42.802	85.409	0.7206	CjpegliYcbcr	2.5	png
documents	office_fec-form3_campaign-finance_p01_page1.png	jpegli	420	85	identity_off	42.482	83.844	0.8149	CjpegliYcbcr	1.8	png
documents	office_fec-form3_campaign-finance_p01_page1.png	jpegli	420	85	model_policy	44.581	86.894	0.6570	CjpegliYcbcr	1.8	png
documents	office_fec-form3_campaign-finance_p01_page1.png	jpegli	420	85	model_proj	44.664	86.957	0.6151	CjpegliYcbcr	1.8	png
documents	office_fec-form3_campaign-finance_p01_page1.png	jpegli	420	90	identity_off	45.741	88.149	0.5343	CjpegliYcbcr	1.3	png
documents	office_fec-form3_campaign-finance_p01_page1.png	jpegli	420	90	model_policy	47.347	89.840	0.5214	CjpegliYcbcr	1.3	png
documents	office_fec-form3_campaign-finance_p01_page1.png	jpegli	420	90	model_proj	47.524	89.714	0.4395	CjpegliYcbcr	1.3	png
documents	office_fec-form3_campaign-finance_p01_page1.png	jpegli	444	40	identity_off	34.510	70.995	1.7652	CjpegliYcbcr	5.5	png
documents	office_fec-form3_campaign-finance_p01_page1.png	jpegli	444	40	model_policy	37.092	78.566	1.3477	CjpegliYcbcr	5.5	png
documents	office_fec-form3_campaign-finance_p01_page1.png	jpegli	444	40	model_proj	37.105	78.552	1.3418	CjpegliYcbcr	5.5	png
documents	office_fec-form3_campaign-finance_p01_page1.png	jpegli	444	60	identity_off	37.198	76.407	1.2976	CjpegliYcbcr	3.7	png
documents	office_fec-form3_campaign-finance_p01_page1.png	jpegli	444	60	model_policy	39.759	82.216	0.9370	CjpegliYcbcr	3.7	png
documents	office_fec-form3_campaign-finance_p01_page1.png	jpegli	444	60	model_proj	39.785	82.302	0.9299	CjpegliYcbcr	3.7	png
documents	office_fec-form3_campaign-finance_p01_page1.png	jpegli	444	70	identity_off	39.186	79.478	1.0518	CjpegliYcbcr	2.8	png
documents	office_fec-form3_campaign-finance_p01_page1.png	jpegli	444	70	model_policy	41.673	84.242	0.7654	CjpegliYcbcr	2.8	png
documents	office_fec-form3_campaign-finance_p01_page1.png	jpegli	444	70	model_proj	41.702	84.267	0.7505	CjpegliYcbcr	2.8	png
documents	office_fec-form3_campaign-finance_p01_page1.png	jpegli	444	80	identity_off	42.107	84.737	0.7693	CjpegliYcbcr	1.9	png
documents	office_fec-form3_campaign-finance_p01_page1.png	jpegli	444	80	model_policy	44.330	87.890	0.5816	CjpegliYcbcr	1.9	png
documents	office_fec-form3_campaign-finance_p01_page1.png	jpegli	444	80	model_proj	44.388	87.909	0.5498	CjpegliYcbcr	1.9	png
documents	office_fec-form3_campaign-finance_p01_page1.png	jpegli	444	85	identity_off	44.240	86.515	0.6451	CjpegliYcbcr	1.4	png
documents	office_fec-form3_campaign-finance_p01_page1.png	jpegli	444	85	model_policy	46.168	88.869	0.5243	CjpegliYcbcr	1.4	png
documents	office_fec-form3_campaign-finance_p01_page1.png	jpegli	444	85	model_proj	46.249	88.969	0.4720	CjpegliYcbcr	1.4	png
documents	office_fec-form3_campaign-finance_p01_page1.png	jpegli	444	90	identity_off	47.161	88.619	0.4857	CjpegliYcbcr	1.1	png
documents	office_fec-form3_campaign-finance_p01_page1.png	jpegli	444	90	model_policy	48.547	89.852	0.4343	CjpegliYcbcr	1.1	png
documents	office_fec-form3_campaign-finance_p01_page1.png	jpegli	444	90	model_proj	48.659	90.004	0.3895	CjpegliYcbcr	1.1	png
documents	office_fec-form3_campaign-finance_p01_page1.png	zenjpeg	420	40	identity_off	34.816	80.104	1.2687	CjpegliYcbcr	6.7	png
documents	office_fec-form3_campaign-finance_p01_page1.png	zenjpeg	420	40	model_policy	36.884	83.906	1.1343	CjpegliYcbcr	6.7	png
documents	office_fec-form3_campaign-finance_p01_page1.png	zenjpeg	420	40	model_proj	36.145	82.872	1.3879	CjpegliYcbcr	6.7	png
documents	office_fec-form3_campaign-finance_p01_page1.png	zenjpeg	420	60	identity_off	37.044	83.035	0.9836	CjpegliYcbcr	4.6	png
documents	office_fec-form3_campaign-finance_p01_page1.png	zenjpeg	420	60	model_policy	39.273	85.893	0.9025	CjpegliYcbcr	4.6	png
documents	office_fec-form3_campaign-finance_p01_page1.png	zenjpeg	420	60	model_proj	38.731	85.137	1.0216	CjpegliYcbcr	4.6	png
documents	office_fec-form3_campaign-finance_p01_page1.png	zenjpeg	420	70	identity_off	38.741	83.964	0.8168	CjpegliYcbcr	3.5	png
documents	office_fec-form3_campaign-finance_p01_page1.png	zenjpeg	420	70	model_policy	40.864	86.346	0.7890	CjpegliYcbcr	3.5	png
documents	office_fec-form3_campaign-finance_p01_page1.png	zenjpeg	420	70	model_proj	40.496	86.110	0.8423	CjpegliYcbcr	3.5	png
documents	office_fec-form3_campaign-finance_p01_page1.png	zenjpeg	420	80	identity_off	41.382	85.313	0.6626	CjpegliYcbcr	2.5	png
documents	office_fec-form3_campaign-finance_p01_page1.png	zenjpeg	420	80	model_policy	43.255	87.405	0.6701	CjpegliYcbcr	2.5	png
documents	office_fec-form3_campaign-finance_p01_page1.png	zenjpeg	420	80	model_proj	42.966	87.388	0.6614	CjpegliYcbcr	2.5	png
documents	office_fec-form3_campaign-finance_p01_page1.png	zenjpeg	420	85	identity_off	43.100	86.327	0.5789	CjpegliYcbcr	1.8	png
documents	office_fec-form3_campaign-finance_p01_page1.png	zenjpeg	420	85	model_policy	44.752	88.167	0.6509	CjpegliYcbcr	1.8	png
documents	office_fec-form3_campaign-finance_p01_page1.png	zenjpeg	420	85	model_proj	44.610	88.223	0.5796	CjpegliYcbcr	1.8	png
documents	office_fec-form3_campaign-finance_p01_page1.png	zenjpeg	420	90	identity_off	46.977	90.514	0.3267	CjpegliYcbcr	1.3	png
documents	office_fec-form3_campaign-finance_p01_page1.png	zenjpeg	420	90	model_policy	47.674	90.812	0.5854	CjpegliYcbcr	1.3	png
documents	office_fec-form3_campaign-finance_p01_page1.png	zenjpeg	420	90	model_proj	47.467	91.165	0.4477	CjpegliYcbcr	1.3	png
documents	office_fec-form3_campaign-finance_p01_page1.png	zenjpeg	444	40	identity_off	35.908	81.902	1.0650	CjpegliYcbcr	5.5	png
documents	office_fec-form3_campaign-finance_p01_page1.png	zenjpeg	444	40	model_policy	38.061	85.174	0.9845	CjpegliYcbcr	5.5	png
documents	office_fec-form3_campaign-finance_p01_page1.png	zenjpeg	444	40	model_proj	37.355	84.215	1.2312	CjpegliYcbcr	5.5	png
documents	office_fec-form3_campaign-finance_p01_page1.png	zenjpeg	444	60	identity_off	38.423	84.862	0.8631	CjpegliYcbcr	3.7	png
documents	office_fec-form3_campaign-finance_p01_page1.png	zenjpeg	444	60	model_policy	40.528	87.589	0.7830	CjpegliYcbcr	3.7	png
documents	office_fec-form3_campaign-finance_p01_page1.png	zenjpeg	444	60	model_proj	40.033	87.166	0.8863	CjpegliYcbcr	3.7	png
documents	office_fec-form3_campaign-finance_p01_page1.png	zenjpeg	444	70	identity_off	40.357	85.899	0.6787	CjpegliYcbcr	2.8	png
documents	office_fec-form3_campaign-finance_p01_page1.png	zenjpeg	444	70	model_policy	42.248	87.955	0.7790	CjpegliYcbcr	2.8	png
documents	office_fec-form3_campaign-finance_p01_page1.png	zenjpeg	444	70	model_proj	41.875	87.872	0.7744	CjpegliYcbcr	2.8	png
documents	office_fec-form3_campaign-finance_p01_page1.png	zenjpeg	444	80	identity_off	43.385	88.317	0.4682	CjpegliYcbcr	1.9	png
documents	office_fec-form3_campaign-finance_p01_page1.png	zenjpeg	444	80	model_policy	44.933	89.498	0.6164	CjpegliYcbcr	1.9	png
documents	office_fec-form3_campaign-finance_p01_page1.png	zenjpeg	444	80	model_proj	44.644	89.586	0.5973	CjpegliYcbcr	1.9	png
documents	office_fec-form3_campaign-finance_p01_page1.png	zenjpeg	444	85	identity_off	45.318	89.162	0.3901	CjpegliYcbcr	1.4	png
documents	office_fec-form3_campaign-finance_p01_page1.png	zenjpeg	444	85	model_policy	46.458	89.824	0.6165	CjpegliYcbcr	1.4	png
documents	office_fec-form3_campaign-finance_p01_page1.png	zenjpeg	444	85	model_proj	46.377	90.215	0.4735	CjpegliYcbcr	1.4	png
documents	office_fec-form3_campaign-finance_p01_page1.png	zenjpeg	444	90	identity_off	48.211	89.832	0.3047	CjpegliYcbcr	1.1	png
documents	office_fec-form3_campaign-finance_p01_page1.png	zenjpeg	444	90	model_policy	48.803	90.109	0.5199	CjpegliYcbcr	1.1	png
documents	office_fec-form3_campaign-finance_p01_page1.png	zenjpeg	444	90	model_proj	48.873	90.402	0.3989	CjpegliYcbcr	1.1	png
documents	office_fedreg-2026-10621_rule_p01_page1.png	turbo	420	40	identity_off	27.357	50.583	3.0594	ImageMagick	40.0	png
documents	office_fedreg-2026-10621_rule_p01_page1.png	turbo	420	40	model_policy	29.736	62.423	2.3165	ImageMagick	40.0	png
documents	office_fedreg-2026-10621_rule_p01_page1.png	turbo	420	40	model_proj	29.741	62.449	2.3158	ImageMagick	40.0	png
documents	office_fedreg-2026-10621_rule_p01_page1.png	turbo	420	60	identity_off	29.774	61.763	2.3302	ImageMagick	60.0	png
documents	office_fedreg-2026-10621_rule_p01_page1.png	turbo	420	60	model_policy	32.215	71.731	1.7162	ImageMagick	60.0	png
documents	office_fedreg-2026-10621_rule_p01_page1.png	turbo	420	60	model_proj	32.222	71.775	1.7151	ImageMagick	60.0	png
documents	office_fedreg-2026-10621_rule_p01_page1.png	turbo	420	70	identity_off	31.516	67.462	2.0204	ImageMagick	70.0	png
documents	office_fedreg-2026-10621_rule_p01_page1.png	turbo	420	70	model_policy	33.987	76.303	1.4479	ImageMagick	70.0	png
documents	office_fedreg-2026-10621_rule_p01_page1.png	turbo	420	70	model_proj	33.994	76.314	1.4468	ImageMagick	70.0	png
documents	office_fedreg-2026-10621_rule_p01_page1.png	turbo	420	80	identity_off	34.302	75.747	1.4430	ImageMagick	80.0	png
documents	office_fedreg-2026-10621_rule_p01_page1.png	turbo	420	80	model_policy	36.728	82.676	1.0132	ImageMagick	80.0	png
documents	office_fedreg-2026-10621_rule_p01_page1.png	turbo	420	80	model_proj	36.735	82.689	1.0124	ImageMagick	80.0	png
documents	office_fedreg-2026-10621_rule_p01_page1.png	turbo	420	85	identity_off	36.475	80.609	1.1695	ImageMagick	85.0	png
documents	office_fedreg-2026-10621_rule_p01_page1.png	turbo	420	85	model_policy	38.812	86.187	0.8101	ImageMagick	85.0	png
documents	office_fedreg-2026-10621_rule_p01_page1.png	turbo	420	85	model_proj	38.815	86.193	0.8099	ImageMagick	85.0	png
documents	office_fedreg-2026-10621_rule_p01_page1.png	turbo	420	90	identity_off	39.660	86.242	0.8262	ImageMagick	90.0	png
documents	office_fedreg-2026-10621_rule_p01_page1.png	turbo	420	90	model_policy	41.743	89.935	0.5595	ImageMagick	90.0	png
documents	office_fedreg-2026-10621_rule_p01_page1.png	turbo	420	90	model_proj	41.790	89.845	0.5621	ImageMagick	90.0	png
documents	office_fedreg-2026-10621_rule_p01_page1.png	turbo	444	40	identity_off	27.357	50.583	3.0594	ImageMagick	40.0	png
documents	office_fedreg-2026-10621_rule_p01_page1.png	turbo	444	40	model_policy	29.736	62.423	2.3165	ImageMagick	40.0	png
documents	office_fedreg-2026-10621_rule_p01_page1.png	turbo	444	40	model_proj	29.741	62.449	2.3158	ImageMagick	40.0	png
documents	office_fedreg-2026-10621_rule_p01_page1.png	turbo	444	60	identity_off	29.774	61.763	2.3302	ImageMagick	60.0	png
documents	office_fedreg-2026-10621_rule_p01_page1.png	turbo	444	60	model_policy	32.215	71.731	1.7162	ImageMagick	60.0	png
documents	office_fedreg-2026-10621_rule_p01_page1.png	turbo	444	60	model_proj	32.222	71.775	1.7151	ImageMagick	60.0	png
documents	office_fedreg-2026-10621_rule_p01_page1.png	turbo	444	70	identity_off	31.516	67.462	2.0204	ImageMagick	70.0	png
documents	office_fedreg-2026-10621_rule_p01_page1.png	turbo	444	70	model_policy	33.987	76.303	1.4479	ImageMagick	70.0	png
documents	office_fedreg-2026-10621_rule_p01_page1.png	turbo	444	70	model_proj	33.994	76.314	1.4468	ImageMagick	70.0	png
documents	office_fedreg-2026-10621_rule_p01_page1.png	turbo	444	80	identity_off	34.302	75.747	1.4430	ImageMagick	80.0	png
documents	office_fedreg-2026-10621_rule_p01_page1.png	turbo	444	80	model_policy	36.728	82.676	1.0132	ImageMagick	80.0	png
documents	office_fedreg-2026-10621_rule_p01_page1.png	turbo	444	80	model_proj	36.735	82.689	1.0124	ImageMagick	80.0	png
documents	office_fedreg-2026-10621_rule_p01_page1.png	turbo	444	85	identity_off	36.475	80.609	1.1695	ImageMagick	85.0	png
documents	office_fedreg-2026-10621_rule_p01_page1.png	turbo	444	85	model_policy	38.812	86.187	0.8101	ImageMagick	85.0	png
documents	office_fedreg-2026-10621_rule_p01_page1.png	turbo	444	85	model_proj	38.815	86.193	0.8099	ImageMagick	85.0	png
documents	office_fedreg-2026-10621_rule_p01_page1.png	turbo	444	90	identity_off	39.660	86.242	0.8262	ImageMagick	90.0	png
documents	office_fedreg-2026-10621_rule_p01_page1.png	turbo	444	90	model_policy	41.743	89.935	0.5595	ImageMagick	90.0	png
documents	office_fedreg-2026-10621_rule_p01_page1.png	turbo	444	90	model_proj	41.789	89.874	0.5621	ImageMagick	90.0	png
documents	office_fedreg-2026-10621_rule_p01_page1.png	mozjpeg	420	40	identity_off	23.035	55.443	4.0677	Mozjpeg	40.0	png
documents	office_fedreg-2026-10621_rule_p01_page1.png	mozjpeg	420	40	model_policy	24.826	62.153	3.7443	Mozjpeg	40.0	png
documents	office_fedreg-2026-10621_rule_p01_page1.png	mozjpeg	420	40	model_proj	24.802	67.153	3.0553	Mozjpeg	40.0	png
documents	office_fedreg-2026-10621_rule_p01_page1.png	mozjpeg	420	60	identity_off	24.865	63.042	3.3894	Mozjpeg	60.0	png
documents	office_fedreg-2026-10621_rule_p01_page1.png	mozjpeg	420	60	model_policy	26.764	69.029	3.0631	Mozjpeg	60.0	png
documents	office_fedreg-2026-10621_rule_p01_page1.png	mozjpeg	420	60	model_proj	26.738	72.743	2.5858	Mozjpeg	60.0	png
documents	office_fedreg-2026-10621_rule_p01_page1.png	mozjpeg	420	70	identity_off	26.303	68.565	2.6894	Mozjpeg	70.0	png
documents	office_fedreg-2026-10621_rule_p01_page1.png	mozjpeg	420	70	model_policy	28.316	74.192	2.3905	Mozjpeg	70.0	png
documents	office_fedreg-2026-10621_rule_p01_page1.png	mozjpeg	420	70	model_proj	28.321	77.188	1.9718	Mozjpeg	70.0	png
documents	office_fedreg-2026-10621_rule_p01_page1.png	mozjpeg	420	80	identity_off	28.066	72.353	2.2056	Mozjpeg	80.0	png
documents	office_fedreg-2026-10621_rule_p01_page1.png	mozjpeg	420	80	model_policy	30.247	77.771	1.8811	Mozjpeg	80.0	png
documents	office_fedreg-2026-10621_rule_p01_page1.png	mozjpeg	420	80	model_proj	30.300	80.047	1.5664	Mozjpeg	80.0	png
documents	office_fedreg-2026-10621_rule_p01_page1.png	mozjpeg	420	85	identity_off	29.381	75.812	1.9058	Mozjpeg	85.0	png
documents	office_fedreg-2026-10621_rule_p01_page1.png	mozjpeg	420	85	model_policy	31.583	80.546	1.6254	Mozjpeg	85.0	png
documents	office_fedreg-2026-10621_rule_p01_page1.png	mozjpeg	420	85	model_proj	31.649	82.459	1.3777	Mozjpeg	85.0	png
documents	office_fedreg-2026-10621_rule_p01_page1.png	mozjpeg	420	90	identity_off	31.406	79.593	1.5589	Mozjpeg	90.0	png
documents	office_fedreg-2026-10621_rule_p01_page1.png	mozjpeg	420	90	model_policy	33.697	83.851	1.2623	Mozjpeg	90.0	png
documents	office_fedreg-2026-10621_rule_p01_page1.png	mozjpeg	420	90	model_proj	33.747	85.031	1.1021	Mozjpeg	90.0	png
documents	office_fedreg-2026-10621_rule_p01_page1.png	mozjpeg	444	40	identity_off	23.035	55.441	4.0677	Mozjpeg	40.0	png
documents	office_fedreg-2026-10621_rule_p01_page1.png	mozjpeg	444	40	model_policy	24.826	62.147	3.7443	Mozjpeg	40.0	png
documents	office_fedreg-2026-10621_rule_p01_page1.png	mozjpeg	444	40	model_proj	24.802	67.161	3.0554	Mozjpeg	40.0	png
documents	office_fedreg-2026-10621_rule_p01_page1.png	mozjpeg	444	60	identity_off	24.865	63.042	3.3894	Mozjpeg	60.0	png
documents	office_fedreg-2026-10621_rule_p01_page1.png	mozjpeg	444	60	model_policy	26.764	69.029	3.0631	Mozjpeg	60.0	png
documents	office_fedreg-2026-10621_rule_p01_page1.png	mozjpeg	444	60	model_proj	26.738	72.743	2.5858	Mozjpeg	60.0	png
documents	office_fedreg-2026-10621_rule_p01_page1.png	mozjpeg	444	70	identity_off	26.303	68.566	2.6895	Mozjpeg	70.0	png
documents	office_fedreg-2026-10621_rule_p01_page1.png	mozjpeg	444	70	model_policy	28.316	74.193	2.3905	Mozjpeg	70.0	png
documents	office_fedreg-2026-10621_rule_p01_page1.png	mozjpeg	444	70	model_proj	28.321	77.187	1.9718	Mozjpeg	70.0	png
documents	office_fedreg-2026-10621_rule_p01_page1.png	mozjpeg	444	80	identity_off	28.066	72.353	2.2057	Mozjpeg	80.0	png
documents	office_fedreg-2026-10621_rule_p01_page1.png	mozjpeg	444	80	model_policy	30.247	77.770	1.8811	Mozjpeg	80.0	png
documents	office_fedreg-2026-10621_rule_p01_page1.png	mozjpeg	444	80	model_proj	30.300	80.053	1.5664	Mozjpeg	80.0	png
documents	office_fedreg-2026-10621_rule_p01_page1.png	mozjpeg	444	85	identity_off	29.381	75.814	1.9058	Mozjpeg	85.0	png
documents	office_fedreg-2026-10621_rule_p01_page1.png	mozjpeg	444	85	model_policy	31.583	80.549	1.6254	Mozjpeg	85.0	png
documents	office_fedreg-2026-10621_rule_p01_page1.png	mozjpeg	444	85	model_proj	31.649	82.460	1.3777	Mozjpeg	85.0	png
documents	office_fedreg-2026-10621_rule_p01_page1.png	mozjpeg	444	90	identity_off	31.406	79.593	1.5589	Mozjpeg	90.0	png
documents	office_fedreg-2026-10621_rule_p01_page1.png	mozjpeg	444	90	model_policy	33.697	83.851	1.2623	Mozjpeg	90.0	png
documents	office_fedreg-2026-10621_rule_p01_page1.png	mozjpeg	444	90	model_proj	33.747	85.049	1.1022	Mozjpeg	90.0	png
documents	office_fedreg-2026-10621_rule_p01_page1.png	jpegli	420	40	identity_off	25.986	50.756	3.1704	CjpegliYcbcr	6.7	png
documents	office_fedreg-2026-10621_rule_p01_page1.png	jpegli	420	40	model_policy	28.140	62.118	2.5821	CjpegliYcbcr	6.7	png
documents	office_fedreg-2026-10621_rule_p01_page1.png	jpegli	420	40	model_proj	28.153	62.290	2.5659	CjpegliYcbcr	6.7	png
documents	office_fedreg-2026-10621_rule_p01_page1.png	jpegli	420	60	identity_off	28.653	62.299	2.2759	CjpegliYcbcr	4.6	png
documents	office_fedreg-2026-10621_rule_p01_page1.png	jpegli	420	60	model_policy	30.922	71.728	1.7758	CjpegliYcbcr	4.6	png
documents	office_fedreg-2026-10621_rule_p01_page1.png	jpegli	420	60	model_proj	30.928	71.810	1.7679	CjpegliYcbcr	4.6	png
documents	office_fedreg-2026-10621_rule_p01_page1.png	jpegli	420	70	identity_off	30.797	69.543	1.7527	CjpegliYcbcr	3.5	png
documents	office_fedreg-2026-10621_rule_p01_page1.png	jpegli	420	70	model_policy	33.083	77.406	1.3269	CjpegliYcbcr	3.5	png
documents	office_fedreg-2026-10621_rule_p01_page1.png	jpegli	420	70	model_proj	33.088	77.487	1.3213	CjpegliYcbcr	3.5	png
documents	office_fedreg-2026-10621_rule_p01_page1.png	jpegli	420	80	identity_off	33.729	77.773	1.2541	CjpegliYcbcr	2.5	png
documents	office_fedreg-2026-10621_rule_p01_page1.png	jpegli	420	80	model_policy	35.936	83.540	0.9401	CjpegliYcbcr	2.5	png
documents	office_fedreg-2026-10621_rule_p01_page1.png	jpegli	420	80	model_proj	35.937	83.588	0.9384	CjpegliYcbcr	2.5	png
documents	office_fedreg-2026-10621_rule_p01_page1.png	jpegli	420	85	identity_off	35.852	82.140	0.9800	CjpegliYcbcr	1.8	png
documents	office_fedreg-2026-10621_rule_p01_page1.png	jpegli	420	85	model_policy	37.980	86.636	0.7091	CjpegliYcbcr	1.8	png
documents	office_fedreg-2026-10621_rule_p01_page1.png	jpegli	420	85	model_proj	37.979	86.693	0.7081	CjpegliYcbcr	1.8	png
documents	office_fedreg-2026-10621_rule_p01_page1.png	jpegli	420	90	identity_off	39.163	87.314	0.6855	CjpegliYcbcr	1.3	png
documents	office_fedreg-2026-10621_rule_p01_page1.png	jpegli	420	90	model_policy	41.011	90.088	0.4943	CjpegliYcbcr	1.3	png
documents	office_fedreg-2026-10621_rule_p01_page1.png	jpegli	420	90	model_proj	41.064	89.855	0.5000	CjpegliYcbcr	1.3	png
documents	office_fedreg-2026-10621_rule_p01_page1.png	jpegli	444	40	identity_off	27.297	56.914	2.6862	CjpegliYcbcr	5.5	png
documents	office_fedreg-2026-10621_rule_p01_page1.png	jpegli	444	40	model_policy	29.535	67.387	2.1476	CjpegliYcbcr	5.5	png
documents	office_fedreg-2026-10621_rule_p01_page1.png	jpegli	444	40	model_proj	29.545	67.506	2.1362	CjpegliYcbcr	5.5	png
documents	office_fedreg-2026-10621_rule_p01_page1.png	jpegli	444	60	identity_off	30.201	67.860	1.8834	CjpegliYcbcr	3.7	png
documents	office_fedreg-2026-10621_rule_p01_page1.png	jpegli	444	60	model_policy	32.490	76.120	1.4406	CjpegliYcbcr	3.7	png
documents	office_fedreg-2026-10621_rule_p01_page1.png	jpegli	444	60	model_proj	32.498	76.167	1.4328	CjpegliYcbcr	3.7	png
documents	office_fedreg-2026-10621_rule_p01_page1.png	jpegli	444	70	identity_off	32.353	74.196	1.4662	CjpegliYcbcr	2.8	png
documents	office_fedreg-2026-10621_rule_p01_page1.png	jpegli	444	70	model_policy	34.620	80.968	1.1038	CjpegliYcbcr	2.8	png
documents	office_fedreg-2026-10621_rule_p01_page1.png	jpegli	444	70	model_proj	34.624	80.993	1.1023	CjpegliYcbcr	2.8	png
documents	office_fedreg-2026-10621_rule_p01_page1.png	jpegli	444	80	identity_off	35.351	81.286	1.0482	CjpegliYcbcr	1.9	png
documents	office_fedreg-2026-10621_rule_p01_page1.png	jpegli	444	80	model_policy	37.502	86.064	0.8004	CjpegliYcbcr	1.9	png
documents	office_fedreg-2026-10621_rule_p01_page1.png	jpegli	444	80	model_proj	37.501	86.064	0.7949	CjpegliYcbcr	1.9	png
documents	office_fedreg-2026-10621_rule_p01_page1.png	jpegli	444	85	identity_off	37.549	85.106	0.8115	CjpegliYcbcr	1.4	png
documents	office_fedreg-2026-10621_rule_p01_page1.png	jpegli	444	85	model_policy	39.534	88.661	0.5918	CjpegliYcbcr	1.4	png
documents	office_fedreg-2026-10621_rule_p01_page1.png	jpegli	444	85	model_proj	39.535	88.651	0.5916	CjpegliYcbcr	1.4	png
documents	office_fedreg-2026-10621_rule_p01_page1.png	jpegli	444	90	identity_off	41.025	89.382	0.5624	CjpegliYcbcr	1.1	png
documents	office_fedreg-2026-10621_rule_p01_page1.png	jpegli	444	90	model_policy	42.685	91.337	0.4092	CjpegliYcbcr	1.1	png
documents	office_fedreg-2026-10621_rule_p01_page1.png	jpegli	444	90	model_proj	42.685	91.374	0.4091	CjpegliYcbcr	1.1	png
documents	office_fedreg-2026-10621_rule_p01_page1.png	zenjpeg	420	40	identity_off	27.589	73.211	1.9483	CjpegliYcbcr	6.7	png
documents	office_fedreg-2026-10621_rule_p01_page1.png	zenjpeg	420	40	model_policy	29.245	77.912	1.7423	CjpegliYcbcr	6.7	png
documents	office_fedreg-2026-10621_rule_p01_page1.png	zenjpeg	420	40	model_proj	28.969	79.699	1.5080	CjpegliYcbcr	6.7	png
documents	office_fedreg-2026-10621_rule_p01_page1.png	zenjpeg	420	60	identity_off	30.077	79.073	1.4860	CjpegliYcbcr	4.6	png
documents	office_fedreg-2026-10621_rule_p01_page1.png	zenjpeg	420	60	model_policy	31.756	82.775	1.3118	CjpegliYcbcr	4.6	png
documents	office_fedreg-2026-10621_rule_p01_page1.png	zenjpeg	420	60	model_proj	31.464	84.124	1.1624	CjpegliYcbcr	4.6	png
documents	office_fedreg-2026-10621_rule_p01_page1.png	zenjpeg	420	70	identity_off	32.154	82.381	1.1835	CjpegliYcbcr	3.5	png
documents	office_fedreg-2026-10621_rule_p01_page1.png	zenjpeg	420	70	model_policy	33.812	85.526	1.0092	CjpegliYcbcr	3.5	png
documents	office_fedreg-2026-10621_rule_p01_page1.png	zenjpeg	420	70	model_proj	33.540	86.697	0.8790	CjpegliYcbcr	3.5	png
documents	office_fedreg-2026-10621_rule_p01_page1.png	zenjpeg	420	80	identity_off	35.117	86.324	0.8027	CjpegliYcbcr	2.5	png
documents	office_fedreg-2026-10621_rule_p01_page1.png	zenjpeg	420	80	model_policy	36.552	88.477	0.7046	CjpegliYcbcr	2.5	png
documents	office_fedreg-2026-10621_rule_p01_page1.png	zenjpeg	420	80	model_proj	36.225	89.185	0.6419	CjpegliYcbcr	2.5	png
documents	office_fedreg-2026-10621_rule_p01_page1.png	zenjpeg	420	85	identity_off	37.303	88.773	0.5965	CjpegliYcbcr	1.8	png
documents	office_fedreg-2026-10621_rule_p01_page1.png	zenjpeg	420	85	model_policy	38.545	90.279	0.5254	CjpegliYcbcr	1.8	png
documents	office_fedreg-2026-10621_rule_p01_page1.png	zenjpeg	420	85	model_proj	38.173	90.708	0.5170	CjpegliYcbcr	1.8	png
documents	office_fedreg-2026-10621_rule_p01_page1.png	zenjpeg	420	90	identity_off	40.769	91.592	0.3890	CjpegliYcbcr	1.3	png
documents	office_fedreg-2026-10621_rule_p01_page1.png	zenjpeg	420	90	model_policy	41.611	92.131	0.3606	CjpegliYcbcr	1.3	png
documents	office_fedreg-2026-10621_rule_p01_page1.png	zenjpeg	420	90	model_proj	41.075	92.202	0.3939	CjpegliYcbcr	1.3	png
documents	office_fedreg-2026-10621_rule_p01_page1.png	zenjpeg	444	40	identity_off	28.820	76.191	1.7229	CjpegliYcbcr	5.5	png
documents	office_fedreg-2026-10621_rule_p01_page1.png	zenjpeg	444	40	model_policy	30.485	80.525	1.5359	CjpegliYcbcr	5.5	png
documents	office_fedreg-2026-10621_rule_p01_page1.png	zenjpeg	444	40	model_proj	30.246	82.105	1.3079	CjpegliYcbcr	5.5	png
documents	office_fedreg-2026-10621_rule_p01_page1.png	zenjpeg	444	60	identity_off	31.588	81.747	1.2453	CjpegliYcbcr	3.7	png
documents	office_fedreg-2026-10621_rule_p01_page1.png	zenjpeg	444	60	model_policy	33.237	84.947	1.0830	CjpegliYcbcr	3.7	png
documents	office_fedreg-2026-10621_rule_p01_page1.png	zenjpeg	444	60	model_proj	32.995	85.986	0.9486	CjpegliYcbcr	3.7	png
documents	office_fedreg-2026-10621_rule_p01_page1.png	zenjpeg	444	70	identity_off	33.716	84.837	0.9440	CjpegliYcbcr	2.8	png
documents	office_fedreg-2026-10621_rule_p01_page1.png	zenjpeg	444	70	model_policy	35.280	87.346	0.8183	CjpegliYcbcr	2.8	png
documents	office_fedreg-2026-10621_rule_p01_page1.png	zenjpeg	444	70	model_proj	35.016	88.163	0.7422	CjpegliYcbcr	2.8	png
documents	office_fedreg-2026-10621_rule_p01_page1.png	zenjpeg	444	80	identity_off	36.767	88.309	0.6436	CjpegliYcbcr	1.9	png
documents	office_fedreg-2026-10621_rule_p01_page1.png	zenjpeg	444	80	model_policy	38.069	89.917	0.5717	CjpegliYcbcr	1.9	png
documents	office_fedreg-2026-10621_rule_p01_page1.png	zenjpeg	444	80	model_proj	37.782	90.472	0.5372	CjpegliYcbcr	1.9	png
documents	office_fedreg-2026-10621_rule_p01_page1.png	zenjpeg	444	85	identity_off	39.078	90.298	0.4940	CjpegliYcbcr	1.4	png
documents	office_fedreg-2026-10621_rule_p01_page1.png	zenjpeg	444	85	model_policy	40.163	91.383	0.4398	CjpegliYcbcr	1.4	png
documents	office_fedreg-2026-10621_rule_p01_page1.png	zenjpeg	444	85	model_proj	39.871	91.796	0.4386	CjpegliYcbcr	1.4	png
documents	office_fedreg-2026-10621_rule_p01_page1.png	zenjpeg	444	90	identity_off	42.631	92.358	0.3270	CjpegliYcbcr	1.1	png
documents	office_fedreg-2026-10621_rule_p01_page1.png	zenjpeg	444	90	model_policy	43.375	92.835	0.2960	CjpegliYcbcr	1.1	png
documents	office_fedreg-2026-10621_rule_p01_page1.png	zenjpeg	444	90	model_proj	43.054	92.977	0.3071	CjpegliYcbcr	1.1	png
art-scans	haeckel_0007_cephalopods.png	turbo	420	40	identity_off	32.030	67.184	1.7653	ImageMagick	40.0	png
art-scans	haeckel_0007_cephalopods.png	turbo	420	40	model_policy	32.266	67.829	1.7372	ImageMagick	40.0	png
art-scans	haeckel_0007_cephalopods.png	turbo	420	40	model_proj	32.266	67.861	1.7371	ImageMagick	40.0	png
art-scans	haeckel_0007_cephalopods.png	turbo	420	60	identity_off	33.371	74.730	1.4137	ImageMagick	60.0	png
art-scans	haeckel_0007_cephalopods.png	turbo	420	60	model_policy	33.563	75.153	1.3921	ImageMagick	60.0	png
art-scans	haeckel_0007_cephalopods.png	turbo	420	60	model_proj	33.563	75.118	1.3919	ImageMagick	60.0	png
art-scans	haeckel_0007_cephalopods.png	turbo	420	70	identity_off	34.229	77.561	1.2818	ImageMagick	70.0	png
art-scans	haeckel_0007_cephalopods.png	turbo	420	70	model_policy	34.388	77.417	1.2680	ImageMagick	70.0	png
art-scans	haeckel_0007_cephalopods.png	turbo	420	70	model_proj	34.391	77.418	1.2668	ImageMagick	70.0	png
art-scans	haeckel_0007_cephalopods.png	turbo	420	80	identity_off	35.478	81.009	1.2048	ImageMagick	80.0	png
art-scans	haeckel_0007_cephalopods.png	turbo	420	80	model_policy	35.588	80.671	1.2006	ImageMagick	80.0	png
art-scans	haeckel_0007_cephalopods.png	turbo	420	80	model_proj	35.596	80.707	1.1983	ImageMagick	80.0	png
art-scans	haeckel_0007_cephalopods.png	turbo	420	85	identity_off	36.314	82.554	1.1595	ImageMagick	85.0	png
art-scans	haeckel_0007_cephalopods.png	turbo	420	85	model_policy	36.368	82.020	1.1572	ImageMagick	85.0	png
art-scans	haeckel_0007_cephalopods.png	turbo	420	85	model_proj	36.390	82.328	1.1506	ImageMagick	85.0	png
art-scans	haeckel_0007_cephalopods.png	turbo	420	90	identity_off	37.345	84.112	1.1452	ImageMagick	90.0	png
art-scans	haeckel_0007_cephalopods.png	turbo	420	90	model_policy	37.298	83.645	1.1477	ImageMagick	90.0	png
art-scans	haeckel_0007_cephalopods.png	turbo	420	90	model_proj	37.358	83.995	1.1215	ImageMagick	90.0	png
art-scans	haeckel_0007_cephalopods.png	turbo	444	40	identity_off	34.291	73.649	1.3197	ImageMagick	40.0	png
art-scans	haeckel_0007_cephalopods.png	turbo	444	40	model_policy	34.651	74.281	1.2804	ImageMagick	40.0	png
art-scans	haeckel_0007_cephalopods.png	turbo	444	40	model_proj	34.652	74.330	1.2797	ImageMagick	40.0	png
art-scans	haeckel_0007_cephalopods.png	turbo	444	60	identity_off	36.099	80.198	1.0193	ImageMagick	60.0	png
art-scans	haeckel_0007_cephalopods.png	turbo	444	60	model_policy	36.371	80.618	0.9811	ImageMagick	60.0	png
art-scans	haeckel_0007_cephalopods.png	turbo	444	60	model_proj	36.378	80.748	0.9799	ImageMagick	60.0	png
art-scans	haeckel_0007_cephalopods.png	turbo	444	70	identity_off	37.221	81.991	0.9444	ImageMagick	70.0	png
art-scans	haeckel_0007_cephalopods.png	turbo	444	70	model_policy	37.408	81.809	0.9604	ImageMagick	70.0	png
art-scans	haeckel_0007_cephalopods.png	turbo	444	70	model_proj	37.425	81.981	0.9560	ImageMagick	70.0	png
art-scans	haeckel_0007_cephalopods.png	turbo	444	80	identity_off	38.913	85.685	0.7355	ImageMagick	80.0	png
art-scans	haeckel_0007_cephalopods.png	turbo	444	80	model_policy	38.954	85.082	0.7876	ImageMagick	80.0	png
art-scans	haeckel_0007_cephalopods.png	turbo	444	80	model_proj	38.993	85.378	0.7577	ImageMagick	80.0	png
art-scans	haeckel_0007_cephalopods.png	turbo	444	85	identity_off	40.122	87.394	0.6498	ImageMagick	85.0	png
art-scans	haeckel_0007_cephalopods.png	turbo	444	85	model_policy	40.020	86.379	0.6977	ImageMagick	85.0	png
art-scans	haeckel_0007_cephalopods.png	turbo	444	85	model_proj	40.089	86.802	0.6581	ImageMagick	85.0	png
art-scans	haeckel_0007_cephalopods.png	turbo	444	90	identity_off	41.910	89.268	0.5391	ImageMagick	90.0	png
art-scans	haeckel_0007_cephalopods.png	turbo	444	90	model_policy	41.524	87.642	0.6551	ImageMagick	90.0	png
art-scans	haeckel_0007_cephalopods.png	turbo	444	90	model_proj	41.679	88.287	0.5882	ImageMagick	90.0	png
art-scans	haeckel_0007_cephalopods.png	mozjpeg	420	40	identity_off	31.645	64.101	2.1807	Mozjpeg	40.0	png
art-scans	haeckel_0007_cephalopods.png	mozjpeg	420	40	model_policy	31.924	64.818	2.1757	Mozjpeg	40.0	png
art-scans	haeckel_0007_cephalopods.png	mozjpeg	420	40	model_proj	31.924	64.819	2.1757	Mozjpeg	40.0	png
art-scans	haeckel_0007_cephalopods.png	mozjpeg	420	60	identity_off	33.298	73.276	1.6149	Mozjpeg	60.0	png
art-scans	haeckel_0007_cephalopods.png	mozjpeg	420	60	model_policy	33.515	73.368	1.5991	Mozjpeg	60.0	png
art-scans	haeckel_0007_cephalopods.png	mozjpeg	420	60	model_proj	33.516	73.381	1.5987	Mozjpeg	60.0	png
art-scans	haeckel_0007_cephalopods.png	mozjpeg	420	70	identity_off	34.164	76.615	1.4682	Mozjpeg	70.0	png
art-scans	haeckel_0007_cephalopods.png	mozjpeg	420	70	model_policy	34.323	76.420	1.4615	Mozjpeg	70.0	png
art-scans	haeckel_0007_cephalopods.png	mozjpeg	420	70	model_proj	34.329	76.446	1.4562	Mozjpeg	70.0	png
art-scans	haeckel_0007_cephalopods.png	mozjpeg	420	80	identity_off	35.297	80.091	1.3090	Mozjpeg	80.0	png
art-scans	haeckel_0007_cephalopods.png	mozjpeg	420	80	model_policy	35.365	79.800	1.3060	Mozjpeg	80.0	png
art-scans	haeckel_0007_cephalopods.png	mozjpeg	420	80	model_proj	35.392	79.975	1.2770	Mozjpeg	80.0	png
art-scans	haeckel_0007_cephalopods.png	mozjpeg	420	85	identity_off	35.964	81.173	1.3065	Mozjpeg	85.0	png
art-scans	haeckel_0007_cephalopods.png	mozjpeg	420	85	model_policy	35.967	80.587	1.3083	Mozjpeg	85.0	png
art-scans	haeckel_0007_cephalopods.png	mozjpeg	420	85	model_proj	36.030	80.994	1.2557	Mozjpeg	85.0	png
art-scans	haeckel_0007_cephalopods.png	mozjpeg	420	90	identity_off	36.788	83.553	1.2214	Mozjpeg	90.0	png
art-scans	haeckel_0007_cephalopods.png	mozjpeg	420	90	model_policy	36.708	82.974	1.2231	Mozjpeg	90.0	png
art-scans	haeckel_0007_cephalopods.png	mozjpeg	420	90	model_proj	36.844	83.542	1.1374	Mozjpeg	90.0	png
art-scans	haeckel_0007_cephalopods.png	mozjpeg	444	40	identity_off	33.283	68.771	1.7314	Mozjpeg	40.0	png
art-scans	haeckel_0007_cephalopods.png	mozjpeg	444	40	model_policy	33.636	69.511	1.7803	Mozjpeg	40.0	png
art-scans	haeckel_0007_cephalopods.png	mozjpeg	444	40	model_proj	33.639	69.508	1.7790	Mozjpeg	40.0	png
art-scans	haeckel_0007_cephalopods.png	mozjpeg	444	60	identity_off	35.490	78.093	1.1934	Mozjpeg	60.0	png
art-scans	haeckel_0007_cephalopods.png	mozjpeg	444	60	model_policy	35.771	78.157	1.1440	Mozjpeg	60.0	png
art-scans	haeckel_0007_cephalopods.png	mozjpeg	444	60	model_proj	35.780	78.179	1.1437	Mozjpeg	60.0	png
art-scans	haeckel_0007_cephalopods.png	mozjpeg	444	70	identity_off	36.768	80.505	1.0388	Mozjpeg	70.0	png
art-scans	haeckel_0007_cephalopods.png	mozjpeg	444	70	model_policy	36.948	80.304	1.0373	Mozjpeg	70.0	png
art-scans	haeckel_0007_cephalopods.png	mozjpeg	444	70	model_proj	36.966	80.405	1.0328	Mozjpeg	70.0	png
art-scans	haeckel_0007_cephalopods.png	mozjpeg	444	80	identity_off	38.645	84.652	0.8037	Mozjpeg	80.0	png
art-scans	haeckel_0007_cephalopods.png	mozjpeg	444	80	model_policy	38.617	83.864	0.8348	Mozjpeg	80.0	png
art-scans	haeckel_0007_cephalopods.png	mozjpeg	444	80	model_proj	38.668	84.265	0.8214	Mozjpeg	80.0	png
art-scans	haeckel_0007_cephalopods.png	mozjpeg	444	85	identity_off	40.003	86.406	0.7006	Mozjpeg	85.0	png
art-scans	haeckel_0007_cephalopods.png	mozjpeg	444	85	model_policy	39.786	85.292	0.7762	Mozjpeg	85.0	png
art-scans	haeckel_0007_cephalopods.png	mozjpeg	444	85	model_proj	39.874	85.633	0.7361	Mozjpeg	85.0	png
art-scans	haeckel_0007_cephalopods.png	mozjpeg	444	90	identity_off	41.886	88.478	0.5843	Mozjpeg	90.0	png
art-scans	haeckel_0007_cephalopods.png	mozjpeg	444	90	model_policy	41.306	86.772	0.7028	Mozjpeg	90.0	png
art-scans	haeckel_0007_cephalopods.png	mozjpeg	444	90	model_proj	41.499	87.472	0.6164	Mozjpeg	90.0	png
art-scans	haeckel_0007_cephalopods.png	jpegli	420	40	identity_off	31.620	70.147	1.7680	CjpegliYcbcr	6.7	png
art-scans	haeckel_0007_cephalopods.png	jpegli	420	40	model_policy	31.870	70.656	1.7466	CjpegliYcbcr	6.7	png
art-scans	haeckel_0007_cephalopods.png	jpegli	420	40	model_proj	31.871	70.615	1.7467	CjpegliYcbcr	6.7	png
art-scans	haeckel_0007_cephalopods.png	jpegli	420	60	identity_off	32.838	74.217	1.5102	CjpegliYcbcr	4.6	png
art-scans	haeckel_0007_cephalopods.png	jpegli	420	60	model_policy	33.028	74.502	1.4950	CjpegliYcbcr	4.6	png
art-scans	haeckel_0007_cephalopods.png	jpegli	420	60	model_proj	33.033	74.526	1.4814	CjpegliYcbcr	4.6	png
art-scans	haeckel_0007_cephalopods.png	jpegli	420	70	identity_off	33.676	75.887	1.4553	CjpegliYcbcr	3.5	png
art-scans	haeckel_0007_cephalopods.png	jpegli	420	70	model_policy	33.817	75.856	1.4520	CjpegliYcbcr	3.5	png
art-scans	haeckel_0007_cephalopods.png	jpegli	420	70	model_proj	33.830	75.996	1.4232	CjpegliYcbcr	3.5	png
art-scans	haeckel_0007_cephalopods.png	jpegli	420	80	identity_off	34.684	79.324	1.3434	CjpegliYcbcr	2.5	png
art-scans	haeckel_0007_cephalopods.png	jpegli	420	80	model_policy	34.752	79.180	1.3429	CjpegliYcbcr	2.5	png
art-scans	haeckel_0007_cephalopods.png	jpegli	420	80	model_proj	34.786	79.405	1.2910	CjpegliYcbcr	2.5	png
art-scans	haeckel_0007_cephalopods.png	jpegli	420	85	identity_off	35.317	80.593	1.2986	CjpegliYcbcr	1.8	png
art-scans	haeckel_0007_cephalopods.png	jpegli	420	85	model_policy	35.332	80.569	1.3056	CjpegliYcbcr	1.8	png
art-scans	haeckel_0007_cephalopods.png	jpegli	420	85	model_proj	35.389	80.894	1.2297	CjpegliYcbcr	1.8	png
art-scans	haeckel_0007_cephalopods.png	jpegli	420	90	identity_off	36.362	82.530	1.2290	CjpegliYcbcr	1.3	png
art-scans	haeckel_0007_cephalopods.png	jpegli	420	90	model_policy	36.292	82.189	1.2385	CjpegliYcbcr	1.3	png
art-scans	haeckel_0007_cephalopods.png	jpegli	420	90	model_proj	36.418	82.968	1.1273	CjpegliYcbcr	1.3	png
art-scans	haeckel_0007_cephalopods.png	jpegli	444	40	identity_off	32.583	72.111	1.4213	CjpegliYcbcr	5.5	png
art-scans	haeckel_0007_cephalopods.png	jpegli	444	40	model_policy	32.896	72.141	1.4161	CjpegliYcbcr	5.5	png
art-scans	haeckel_0007_cephalopods.png	jpegli	444	40	model_proj	32.897	72.205	1.4125	CjpegliYcbcr	5.5	png
art-scans	haeckel_0007_cephalopods.png	jpegli	444	60	identity_off	34.085	78.195	1.0855	CjpegliYcbcr	3.7	png
art-scans	haeckel_0007_cephalopods.png	jpegli	444	60	model_policy	34.332	78.311	1.0839	CjpegliYcbcr	3.7	png
art-scans	haeckel_0007_cephalopods.png	jpegli	444	60	model_proj	34.336	78.425	1.0775	CjpegliYcbcr	3.7	png
art-scans	haeckel_0007_cephalopods.png	jpegli	444	70	identity_off	35.093	78.358	1.0423	CjpegliYcbcr	2.8	png
art-scans	haeckel_0007_cephalopods.png	jpegli	444	70	model_policy	35.303	78.449	1.0650	CjpegliYcbcr	2.8	png
art-scans	haeckel_0007_cephalopods.png	jpegli	444	70	model_proj	35.310	78.530	1.0607	CjpegliYcbcr	2.8	png
art-scans	haeckel_0007_cephalopods.png	jpegli	444	80	identity_off	36.289	81.646	1.2632	CjpegliYcbcr	1.9	png
art-scans	haeckel_0007_cephalopods.png	jpegli	444	80	model_policy	36.415	81.668	1.3119	CjpegliYcbcr	1.9	png
art-scans	haeckel_0007_cephalopods.png	jpegli	444	80	model_proj	36.430	81.785	1.3102	CjpegliYcbcr	1.9	png
art-scans	haeckel_0007_cephalopods.png	jpegli	444	85	identity_off	37.370	82.857	0.9483	CjpegliYcbcr	1.4	png
art-scans	haeckel_0007_cephalopods.png	jpegli	444	85	model_policy	37.427	82.671	0.9983	CjpegliYcbcr	1.4	png
art-scans	haeckel_0007_cephalopods.png	jpegli	444	85	model_proj	37.451	82.921	0.9954	CjpegliYcbcr	1.4	png
art-scans	haeckel_0007_cephalopods.png	jpegli	444	90	identity_off	39.184	86.908	0.6224	CjpegliYcbcr	1.1	png
art-scans	haeckel_0007_cephalopods.png	jpegli	444	90	model_policy	39.056	86.001	0.7289	CjpegliYcbcr	1.1	png
art-scans	haeckel_0007_cephalopods.png	jpegli	444	90	model_proj	39.113	86.419	0.6854	CjpegliYcbcr	1.1	png
art-scans	haeckel_0007_cephalopods.png	zenjpeg	420	40	identity_off	31.573	70.041	1.8097	CjpegliYcbcr	6.7	png
art-scans	haeckel_0007_cephalopods.png	zenjpeg	420	40	model_policy	31.824	70.505	1.7900	CjpegliYcbcr	6.7	png
art-scans	haeckel_0007_cephalopods.png	zenjpeg	420	40	model_proj	31.824	70.466	1.7895	CjpegliYcbcr	6.7	png
art-scans	haeckel_0007_cephalopods.png	zenjpeg	420	60	identity_off	32.808	74.260	1.5040	CjpegliYcbcr	4.6	png
art-scans	haeckel_0007_cephalopods.png	zenjpeg	420	60	model_policy	33.000	74.572	1.4870	CjpegliYcbcr	4.6	png
art-scans	haeckel_0007_cephalopods.png	zenjpeg	420	60	model_proj	33.005	74.559	1.4744	CjpegliYcbcr	4.6	png
art-scans	haeckel_0007_cephalopods.png	zenjpeg	420	70	identity_off	33.675	76.406	1.4206	CjpegliYcbcr	3.5	png
art-scans	haeckel_0007_cephalopods.png	zenjpeg	420	70	model_policy	33.820	76.361	1.4146	CjpegliYcbcr	3.5	png
art-scans	haeckel_0007_cephalopods.png	zenjpeg	420	70	model_proj	33.831	76.362	1.3885	CjpegliYcbcr	3.5	png
art-scans	haeckel_0007_cephalopods.png	zenjpeg	420	80	identity_off	34.665	79.227	1.3310	CjpegliYcbcr	2.5	png
art-scans	haeckel_0007_cephalopods.png	zenjpeg	420	80	model_policy	34.734	79.139	1.3316	CjpegliYcbcr	2.5	png
art-scans	haeckel_0007_cephalopods.png	zenjpeg	420	80	model_proj	34.768	79.381	1.2782	CjpegliYcbcr	2.5	png
art-scans	haeckel_0007_cephalopods.png	zenjpeg	420	85	identity_off	35.301	80.809	1.2605	CjpegliYcbcr	1.8	png
art-scans	haeckel_0007_cephalopods.png	zenjpeg	420	85	model_policy	35.321	80.593	1.2639	CjpegliYcbcr	1.8	png
art-scans	haeckel_0007_cephalopods.png	zenjpeg	420	85	model_proj	35.381	81.005	1.1824	CjpegliYcbcr	1.8	png
art-scans	haeckel_0007_cephalopods.png	zenjpeg	420	90	identity_off	36.325	82.709	1.2272	CjpegliYcbcr	1.3	png
art-scans	haeckel_0007_cephalopods.png	zenjpeg	420	90	model_policy	36.255	82.232	1.2345	CjpegliYcbcr	1.3	png
art-scans	haeckel_0007_cephalopods.png	zenjpeg	420	90	model_proj	36.383	83.010	1.1296	CjpegliYcbcr	1.3	png
art-scans	haeckel_0007_cephalopods.png	zenjpeg	444	40	identity_off	32.524	72.165	1.3893	CjpegliYcbcr	5.5	png
art-scans	haeckel_0007_cephalopods.png	zenjpeg	444	40	model_policy	32.838	72.349	1.3753	CjpegliYcbcr	5.5	png
art-scans	haeckel_0007_cephalopods.png	zenjpeg	444	40	model_proj	32.840	72.347	1.3713	CjpegliYcbcr	5.5	png
art-scans	haeckel_0007_cephalopods.png	zenjpeg	444	60	identity_off	34.042	77.979	1.0817	CjpegliYcbcr	3.7	png
art-scans	haeckel_0007_cephalopods.png	zenjpeg	444	60	model_policy	34.304	78.214	1.0721	CjpegliYcbcr	3.7	png
art-scans	haeckel_0007_cephalopods.png	zenjpeg	444	60	model_proj	34.308	78.293	1.0656	CjpegliYcbcr	3.7	png
art-scans	haeckel_0007_cephalopods.png	zenjpeg	444	70	identity_off	35.080	79.316	0.9813	CjpegliYcbcr	2.8	png
art-scans	haeckel_0007_cephalopods.png	zenjpeg	444	70	model_policy	35.305	79.352	0.9956	CjpegliYcbcr	2.8	png
art-scans	haeckel_0007_cephalopods.png	zenjpeg	444	70	model_proj	35.311	79.444	0.9888	CjpegliYcbcr	2.8	png
art-scans	haeckel_0007_cephalopods.png	zenjpeg	444	80	identity_off	36.331	81.511	1.0312	CjpegliYcbcr	1.9	png
art-scans	haeckel_0007_cephalopods.png	zenjpeg	444	80	model_policy	36.482	81.017	1.0559	CjpegliYcbcr	1.9	png
art-scans	haeckel_0007_cephalopods.png	zenjpeg	444	80	model_proj	36.496	81.239	1.0537	CjpegliYcbcr	1.9	png
art-scans	haeckel_0007_cephalopods.png	zenjpeg	444	85	identity_off	37.389	84.522	0.7281	CjpegliYcbcr	1.4	png
art-scans	haeckel_0007_cephalopods.png	zenjpeg	444	85	model_policy	37.460	83.863	0.7787	CjpegliYcbcr	1.4	png
art-scans	haeckel_0007_cephalopods.png	zenjpeg	444	85	model_proj	37.482	84.058	0.7589	CjpegliYcbcr	1.4	png
art-scans	haeckel_0007_cephalopods.png	zenjpeg	444	90	identity_off	39.152	86.688	0.6405	CjpegliYcbcr	1.1	png
art-scans	haeckel_0007_cephalopods.png	zenjpeg	444	90	model_policy	39.054	85.801	0.7073	CjpegliYcbcr	1.1	png
art-scans	haeckel_0007_cephalopods.png	zenjpeg	444	90	model_proj	39.103	86.102	0.6725	CjpegliYcbcr	1.1	png
art-scans	haeckel_0034_radiolaria-green.png	turbo	420	40	identity_off	26.288	63.328	2.1093	ImageMagick	40.0	png
art-scans	haeckel_0034_radiolaria-green.png	turbo	420	40	model_policy	26.702	64.258	2.0136	ImageMagick	40.0	png
art-scans	haeckel_0034_radiolaria-green.png	turbo	420	40	model_proj	26.702	64.260	2.0136	ImageMagick	40.0	png
art-scans	haeckel_0034_radiolaria-green.png	turbo	420	60	identity_off	27.544	69.629	1.8895	ImageMagick	60.0	png
art-scans	haeckel_0034_radiolaria-green.png	turbo	420	60	model_policy	27.953	70.232	1.7838	ImageMagick	60.0	png
art-scans	haeckel_0034_radiolaria-green.png	turbo	420	60	model_proj	27.954	70.252	1.7829	ImageMagick	60.0	png
art-scans	haeckel_0034_radiolaria-green.png	turbo	420	70	identity_off	28.412	73.770	1.6004	ImageMagick	70.0	png
art-scans	haeckel_0034_radiolaria-green.png	turbo	420	70	model_policy	28.800	74.230	1.5224	ImageMagick	70.0	png
art-scans	haeckel_0034_radiolaria-green.png	turbo	420	70	model_proj	28.807	74.276	1.5159	ImageMagick	70.0	png
art-scans	haeckel_0034_radiolaria-green.png	turbo	420	80	identity_off	29.385	77.456	1.3694	ImageMagick	80.0	png
art-scans	haeckel_0034_radiolaria-green.png	turbo	420	80	model_policy	29.710	77.572	1.3285	ImageMagick	80.0	png
art-scans	haeckel_0034_radiolaria-green.png	turbo	420	80	model_proj	29.747	77.706	1.3135	ImageMagick	80.0	png
art-scans	haeckel_0034_radiolaria-green.png	turbo	420	85	identity_off	29.922	79.193	1.2558	ImageMagick	85.0	png
art-scans	haeckel_0034_radiolaria-green.png	turbo	420	85	model_policy	30.202	79.205	1.2065	ImageMagick	85.0	png
art-scans	haeckel_0034_radiolaria-green.png	turbo	420	85	model_proj	30.283	79.482	1.1842	ImageMagick	85.0	png
art-scans	haeckel_0034_radiolaria-green.png	turbo	420	90	identity_off	30.354	81.137	1.1308	ImageMagick	90.0	png
art-scans	haeckel_0034_radiolaria-green.png	turbo	420	90	model_policy	30.577	80.705	1.1180	ImageMagick	90.0	png
art-scans	haeckel_0034_radiolaria-green.png	turbo	420	90	model_proj	30.767	81.322	1.0835	ImageMagick	90.0	png
art-scans	haeckel_0034_radiolaria-green.png	turbo	444	40	identity_off	30.618	78.160	1.2334	ImageMagick	40.0	png
art-scans	haeckel_0034_radiolaria-green.png	turbo	444	40	model_policy	31.070	78.697	1.2027	ImageMagick	40.0	png
art-scans	haeckel_0034_radiolaria-green.png	turbo	444	40	model_proj	31.070	78.734	1.2023	ImageMagick	40.0	png
art-scans	haeckel_0034_radiolaria-green.png	turbo	444	60	identity_off	32.444	83.199	0.9407	ImageMagick	60.0	png
art-scans	haeckel_0034_radiolaria-green.png	turbo	444	60	model_policy	32.768	83.304	0.9558	ImageMagick	60.0	png
art-scans	haeckel_0034_radiolaria-green.png	turbo	444	60	model_proj	32.775	83.466	0.9416	ImageMagick	60.0	png
art-scans	haeckel_0034_radiolaria-green.png	turbo	444	70	identity_off	33.557	85.794	0.7965	ImageMagick	70.0	png
art-scans	haeckel_0034_radiolaria-green.png	turbo	444	70	model_policy	33.777	85.216	0.8671	ImageMagick	70.0	png
art-scans	haeckel_0034_radiolaria-green.png	turbo	444	70	model_proj	33.800	85.716	0.8342	ImageMagick	70.0	png
art-scans	haeckel_0034_radiolaria-green.png	turbo	444	80	identity_off	35.054	88.435	0.6398	ImageMagick	80.0	png
art-scans	haeckel_0034_radiolaria-green.png	turbo	444	80	model_policy	35.058	87.159	0.7854	ImageMagick	80.0	png
art-scans	haeckel_0034_radiolaria-green.png	turbo	444	80	model_proj	35.137	88.012	0.7131	ImageMagick	80.0	png
art-scans	haeckel_0034_radiolaria-green.png	turbo	444	85	identity_off	36.157	90.057	0.5513	ImageMagick	85.0	png
art-scans	haeckel_0034_radiolaria-green.png	turbo	444	85	model_policy	35.949	88.271	0.7306	ImageMagick	85.0	png
art-scans	haeckel_0034_radiolaria-green.png	turbo	444	85	model_proj	36.098	89.540	0.6298	ImageMagick	85.0	png
art-scans	haeckel_0034_radiolaria-green.png	turbo	444	90	identity_off	37.914	91.879	0.4420	ImageMagick	90.0	png
art-scans	haeckel_0034_radiolaria-green.png	turbo	444	90	model_policy	37.237	89.274	0.6953	ImageMagick	90.0	png
art-scans	haeckel_0034_radiolaria-green.png	turbo	444	90	model_proj	37.533	91.077	0.5518	ImageMagick	90.0	png
art-scans	haeckel_0034_radiolaria-green.png	mozjpeg	420	40	identity_off	26.843	65.620	2.0640	Mozjpeg	40.0	png
art-scans	haeckel_0034_radiolaria-green.png	mozjpeg	420	40	model_policy	27.252	66.288	1.9778	Mozjpeg	40.0	png
art-scans	haeckel_0034_radiolaria-green.png	mozjpeg	420	40	model_proj	27.252	66.285	1.9777	Mozjpeg	40.0	png
art-scans	haeckel_0034_radiolaria-green.png	mozjpeg	420	60	identity_off	27.925	71.881	1.6632	Mozjpeg	60.0	png
art-scans	haeckel_0034_radiolaria-green.png	mozjpeg	420	60	model_policy	28.293	72.280	1.6143	Mozjpeg	60.0	png
art-scans	haeckel_0034_radiolaria-green.png	mozjpeg	420	60	model_proj	28.307	72.302	1.6091	Mozjpeg	60.0	png
art-scans	haeckel_0034_radiolaria-green.png	mozjpeg	420	70	identity_off	28.492	74.583	1.5357	Mozjpeg	70.0	png
art-scans	haeckel_0034_radiolaria-green.png	mozjpeg	420	70	model_policy	28.827	74.874	1.4811	Mozjpeg	70.0	png
art-scans	haeckel_0034_radiolaria-green.png	mozjpeg	420	70	model_proj	28.869	74.952	1.4738	Mozjpeg	70.0	png
art-scans	haeckel_0034_radiolaria-green.png	mozjpeg	420	80	identity_off	29.174	77.823	1.3489	Mozjpeg	80.0	png
art-scans	haeckel_0034_radiolaria-green.png	mozjpeg	420	80	model_policy	29.464	77.763	1.3257	Mozjpeg	80.0	png
art-scans	haeckel_0034_radiolaria-green.png	mozjpeg	420	80	model_proj	29.607	78.123	1.2839	Mozjpeg	80.0	png
art-scans	haeckel_0034_radiolaria-green.png	mozjpeg	420	85	identity_off	29.569	79.153	1.2671	Mozjpeg	85.0	png
art-scans	haeckel_0034_radiolaria-green.png	mozjpeg	420	85	model_policy	29.829	78.823	1.2542	Mozjpeg	85.0	png
art-scans	haeckel_0034_radiolaria-green.png	mozjpeg	420	85	model_proj	30.075	79.373	1.2046	Mozjpeg	85.0	png
art-scans	haeckel_0034_radiolaria-green.png	mozjpeg	420	90	identity_off	29.979	80.428	1.1898	Mozjpeg	90.0	png
art-scans	haeckel_0034_radiolaria-green.png	mozjpeg	420	90	model_policy	30.199	79.933	1.1907	Mozjpeg	90.0	png
art-scans	haeckel_0034_radiolaria-green.png	mozjpeg	420	90	model_proj	30.643	81.021	1.1032	Mozjpeg	90.0	png
art-scans	haeckel_0034_radiolaria-green.png	mozjpeg	444	40	identity_off	30.427	74.886	1.5136	Mozjpeg	40.0	png
art-scans	haeckel_0034_radiolaria-green.png	mozjpeg	444	40	model_policy	30.698	75.327	1.4606	Mozjpeg	40.0	png
art-scans	haeckel_0034_radiolaria-green.png	mozjpeg	444	40	model_proj	30.701	75.365	1.4598	Mozjpeg	40.0	png
art-scans	haeckel_0034_radiolaria-green.png	mozjpeg	444	60	identity_off	32.637	81.481	1.1097	Mozjpeg	60.0	png
art-scans	haeckel_0034_radiolaria-green.png	mozjpeg	444	60	model_policy	32.723	81.298	1.0975	Mozjpeg	60.0	png
art-scans	haeckel_0034_radiolaria-green.png	mozjpeg	444	60	model_proj	32.744	81.506	1.0835	Mozjpeg	60.0	png
art-scans	haeckel_0034_radiolaria-green.png	mozjpeg	444	70	identity_off	34.050	84.445	0.9349	Mozjpeg	70.0	png
art-scans	haeckel_0034_radiolaria-green.png	mozjpeg	444	70	model_policy	33.947	83.524	0.9593	Mozjpeg	70.0	png
art-scans	haeckel_0034_radiolaria-green.png	mozjpeg	444	70	model_proj	34.000	84.162	0.9308	Mozjpeg	70.0	png
art-scans	haeckel_0034_radiolaria-green.png	mozjpeg	444	80	identity_off	36.098	88.131	0.7043	Mozjpeg	80.0	png
art-scans	haeckel_0034_radiolaria-green.png	mozjpeg	444	80	model_policy	35.620	86.516	0.8198	Mozjpeg	80.0	png
art-scans	haeckel_0034_radiolaria-green.png	mozjpeg	444	80	model_proj	35.789	87.554	0.7285	Mozjpeg	80.0	png
art-scans	haeckel_0034_radiolaria-green.png	mozjpeg	444	85	identity_off	37.500	89.751	0.5895	Mozjpeg	85.0	png
art-scans	haeckel_0034_radiolaria-green.png	mozjpeg	444	85	model_policy	36.671	87.601	0.7801	Mozjpeg	85.0	png
art-scans	haeckel_0034_radiolaria-green.png	mozjpeg	444	85	model_proj	36.956	88.898	0.6473	Mozjpeg	85.0	png
art-scans	haeckel_0034_radiolaria-green.png	mozjpeg	444	90	identity_off	39.426	91.653	0.4697	Mozjpeg	90.0	png
art-scans	haeckel_0034_radiolaria-green.png	mozjpeg	444	90	model_policy	37.950	88.720	0.7202	Mozjpeg	90.0	png
art-scans	haeckel_0034_radiolaria-green.png	mozjpeg	444	90	model_proj	38.517	90.716	0.5464	Mozjpeg	90.0	png
art-scans	haeckel_0034_radiolaria-green.png	jpegli	420	40	identity_off	25.537	63.546	1.8738	CjpegliYcbcr	6.7	png
art-scans	haeckel_0034_radiolaria-green.png	jpegli	420	40	model_policy	25.939	63.919	1.8153	CjpegliYcbcr	6.7	png
art-scans	haeckel_0034_radiolaria-green.png	jpegli	420	40	model_proj	25.950	64.135	1.8136	CjpegliYcbcr	6.7	png
art-scans	haeckel_0034_radiolaria-green.png	jpegli	420	60	identity_off	26.583	69.807	1.6068	CjpegliYcbcr	4.6	png
art-scans	haeckel_0034_radiolaria-green.png	jpegli	420	60	model_policy	26.976	70.079	1.5664	CjpegliYcbcr	4.6	png
art-scans	haeckel_0034_radiolaria-green.png	jpegli	420	60	model_proj	26.990	70.283	1.5545	CjpegliYcbcr	4.6	png
art-scans	haeckel_0034_radiolaria-green.png	jpegli	420	70	identity_off	27.296	73.046	1.4501	CjpegliYcbcr	3.5	png
art-scans	haeckel_0034_radiolaria-green.png	jpegli	420	70	model_policy	27.672	73.148	1.4176	CjpegliYcbcr	3.5	png
art-scans	haeckel_0034_radiolaria-green.png	jpegli	420	70	model_proj	27.695	73.342	1.4050	CjpegliYcbcr	3.5	png
art-scans	haeckel_0034_radiolaria-green.png	jpegli	420	80	identity_off	28.127	75.839	1.3379	CjpegliYcbcr	2.5	png
art-scans	haeckel_0034_radiolaria-green.png	jpegli	420	80	model_policy	28.468	75.735	1.3267	CjpegliYcbcr	2.5	png
art-scans	haeckel_0034_radiolaria-green.png	jpegli	420	80	model_proj	28.518	76.060	1.3016	CjpegliYcbcr	2.5	png
art-scans	haeckel_0034_radiolaria-green.png	jpegli	420	85	identity_off	28.637	77.590	1.2590	CjpegliYcbcr	1.8	png
art-scans	haeckel_0034_radiolaria-green.png	jpegli	420	85	model_policy	28.953	77.381	1.2498	CjpegliYcbcr	1.8	png
art-scans	haeckel_0034_radiolaria-green.png	jpegli	420	85	model_proj	29.044	77.886	1.1959	CjpegliYcbcr	1.8	png
art-scans	haeckel_0034_radiolaria-green.png	jpegli	420	90	identity_off	29.307	79.664	1.1725	CjpegliYcbcr	1.3	png
art-scans	haeckel_0034_radiolaria-green.png	jpegli	420	90	model_policy	29.580	79.220	1.1789	CjpegliYcbcr	1.3	png
art-scans	haeckel_0034_radiolaria-green.png	jpegli	420	90	model_proj	29.789	80.166	1.1041	CjpegliYcbcr	1.3	png
art-scans	haeckel_0034_radiolaria-green.png	jpegli	444	40	identity_off	27.241	70.094	1.4795	CjpegliYcbcr	5.5	png
art-scans	haeckel_0034_radiolaria-green.png	jpegli	444	40	model_policy	27.813	70.989	1.4280	CjpegliYcbcr	5.5	png
art-scans	haeckel_0034_radiolaria-green.png	jpegli	444	40	model_proj	27.813	70.998	1.4272	CjpegliYcbcr	5.5	png
art-scans	haeckel_0034_radiolaria-green.png	jpegli	444	60	identity_off	28.691	76.070	1.1854	CjpegliYcbcr	3.7	png
art-scans	haeckel_0034_radiolaria-green.png	jpegli	444	60	model_policy	29.271	76.532	1.1801	CjpegliYcbcr	3.7	png
art-scans	haeckel_0034_radiolaria-green.png	jpegli	444	60	model_proj	29.272	76.575	1.1797	CjpegliYcbcr	3.7	png
art-scans	haeckel_0034_radiolaria-green.png	jpegli	444	70	identity_off	29.649	79.385	1.0196	CjpegliYcbcr	2.8	png
art-scans	haeckel_0034_radiolaria-green.png	jpegli	444	70	model_policy	30.205	79.430	1.0628	CjpegliYcbcr	2.8	png
art-scans	haeckel_0034_radiolaria-green.png	jpegli	444	70	model_proj	30.208	79.563	1.0490	CjpegliYcbcr	2.8	png
art-scans	haeckel_0034_radiolaria-green.png	jpegli	444	80	identity_off	30.875	83.156	0.8200	CjpegliYcbcr	1.9	png
art-scans	haeckel_0034_radiolaria-green.png	jpegli	444	80	model_policy	31.392	82.922	0.9128	CjpegliYcbcr	1.9	png
art-scans	haeckel_0034_radiolaria-green.png	jpegli	444	80	model_proj	31.399	83.183	0.8945	CjpegliYcbcr	1.9	png
art-scans	haeckel_0034_radiolaria-green.png	jpegli	444	85	identity_off	31.882	85.654	0.7053	CjpegliYcbcr	1.4	png
art-scans	haeckel_0034_radiolaria-green.png	jpegli	444	85	model_policy	32.322	85.042	0.8353	CjpegliYcbcr	1.4	png
art-scans	haeckel_0034_radiolaria-green.png	jpegli	444	85	model_proj	32.339	85.453	0.7966	CjpegliYcbcr	1.4	png
art-scans	haeckel_0034_radiolaria-green.png	jpegli	444	90	identity_off	33.707	88.765	0.5265	CjpegliYcbcr	1.1	png
art-scans	haeckel_0034_radiolaria-green.png	jpegli	444	90	model_policy	33.916	87.088	0.7678	CjpegliYcbcr	1.1	png
art-scans	haeckel_0034_radiolaria-green.png	jpegli	444	90	model_proj	33.962	87.943	0.6802	CjpegliYcbcr	1.1	png
art-scans	haeckel_0034_radiolaria-green.png	zenjpeg	420	40	identity_off	25.501	63.379	1.8895	CjpegliYcbcr	6.7	png
art-scans	haeckel_0034_radiolaria-green.png	zenjpeg	420	40	model_policy	25.903	63.758	1.8292	CjpegliYcbcr	6.7	png
art-scans	haeckel_0034_radiolaria-green.png	zenjpeg	420	40	model_proj	25.915	63.982	1.8277	CjpegliYcbcr	6.7	png
art-scans	haeckel_0034_radiolaria-green.png	zenjpeg	420	60	identity_off	26.552	69.514	1.6198	CjpegliYcbcr	4.6	png
art-scans	haeckel_0034_radiolaria-green.png	zenjpeg	420	60	model_policy	26.945	69.808	1.5799	CjpegliYcbcr	4.6	png
art-scans	haeckel_0034_radiolaria-green.png	zenjpeg	420	60	model_proj	26.960	69.997	1.5701	CjpegliYcbcr	4.6	png
art-scans	haeckel_0034_radiolaria-green.png	zenjpeg	420	70	identity_off	27.261	72.907	1.4640	CjpegliYcbcr	3.5	png
art-scans	haeckel_0034_radiolaria-green.png	zenjpeg	420	70	model_policy	27.638	73.012	1.4352	CjpegliYcbcr	3.5	png
art-scans	haeckel_0034_radiolaria-green.png	zenjpeg	420	70	model_proj	27.661	73.233	1.4236	CjpegliYcbcr	3.5	png
art-scans	haeckel_0034_radiolaria-green.png	zenjpeg	420	80	identity_off	28.104	75.760	1.3623	CjpegliYcbcr	2.5	png
art-scans	haeckel_0034_radiolaria-green.png	zenjpeg	420	80	model_policy	28.447	75.702	1.3480	CjpegliYcbcr	2.5	png
art-scans	haeckel_0034_radiolaria-green.png	zenjpeg	420	80	model_proj	28.498	76.021	1.3287	CjpegliYcbcr	2.5	png
art-scans	haeckel_0034_radiolaria-green.png	zenjpeg	420	85	identity_off	28.618	77.506	1.2645	CjpegliYcbcr	1.8	png
art-scans	haeckel_0034_radiolaria-green.png	zenjpeg	420	85	model_policy	28.936	77.325	1.2553	CjpegliYcbcr	1.8	png
art-scans	haeckel_0034_radiolaria-green.png	zenjpeg	420	85	model_proj	29.026	77.820	1.1941	CjpegliYcbcr	1.8	png
art-scans	haeckel_0034_radiolaria-green.png	zenjpeg	420	90	identity_off	29.291	79.631	1.1646	CjpegliYcbcr	1.3	png
art-scans	haeckel_0034_radiolaria-green.png	zenjpeg	420	90	model_policy	29.565	79.194	1.1760	CjpegliYcbcr	1.3	png
art-scans	haeckel_0034_radiolaria-green.png	zenjpeg	420	90	model_proj	29.773	80.114	1.1083	CjpegliYcbcr	1.3	png
art-scans	haeckel_0034_radiolaria-green.png	zenjpeg	444	40	identity_off	27.121	69.721	1.5026	CjpegliYcbcr	5.5	png
art-scans	haeckel_0034_radiolaria-green.png	zenjpeg	444	40	model_policy	27.697	70.688	1.4496	CjpegliYcbcr	5.5	png
art-scans	haeckel_0034_radiolaria-green.png	zenjpeg	444	40	model_proj	27.697	70.700	1.4491	CjpegliYcbcr	5.5	png
art-scans	haeckel_0034_radiolaria-green.png	zenjpeg	444	60	identity_off	28.573	75.697	1.1914	CjpegliYcbcr	3.7	png
art-scans	haeckel_0034_radiolaria-green.png	zenjpeg	444	60	model_policy	29.163	76.209	1.1829	CjpegliYcbcr	3.7	png
art-scans	haeckel_0034_radiolaria-green.png	zenjpeg	444	60	model_proj	29.164	76.249	1.1823	CjpegliYcbcr	3.7	png
art-scans	haeckel_0034_radiolaria-green.png	zenjpeg	444	70	identity_off	29.530	79.248	1.0239	CjpegliYcbcr	2.8	png
art-scans	haeckel_0034_radiolaria-green.png	zenjpeg	444	70	model_policy	30.100	79.340	1.0631	CjpegliYcbcr	2.8	png
art-scans	haeckel_0034_radiolaria-green.png	zenjpeg	444	70	model_proj	30.102	79.451	1.0512	CjpegliYcbcr	2.8	png
art-scans	haeckel_0034_radiolaria-green.png	zenjpeg	444	80	identity_off	30.769	82.991	0.8340	CjpegliYcbcr	1.9	png
art-scans	haeckel_0034_radiolaria-green.png	zenjpeg	444	80	model_policy	31.296	82.791	0.9196	CjpegliYcbcr	1.9	png
art-scans	haeckel_0034_radiolaria-green.png	zenjpeg	444	80	model_proj	31.303	83.072	0.9003	CjpegliYcbcr	1.9	png
art-scans	haeckel_0034_radiolaria-green.png	zenjpeg	444	85	identity_off	31.786	85.489	0.7081	CjpegliYcbcr	1.4	png
art-scans	haeckel_0034_radiolaria-green.png	zenjpeg	444	85	model_policy	32.237	84.927	0.8292	CjpegliYcbcr	1.4	png
art-scans	haeckel_0034_radiolaria-green.png	zenjpeg	444	85	model_proj	32.253	85.300	0.7978	CjpegliYcbcr	1.4	png
art-scans	haeckel_0034_radiolaria-green.png	zenjpeg	444	90	identity_off	33.623	88.597	0.5362	CjpegliYcbcr	1.1	png
art-scans	haeckel_0034_radiolaria-green.png	zenjpeg	444	90	model_policy	33.848	86.872	0.7736	CjpegliYcbcr	1.1	png
art-scans	haeckel_0034_radiolaria-green.png	zenjpeg	444	90	model_proj	33.893	87.803	0.6783	CjpegliYcbcr	1.1	png
art-scans	haeckel_0040_starfish.png	turbo	420	40	identity_off	24.282	38.621	4.0059	ImageMagick	40.0	png
art-scans	haeckel_0040_starfish.png	turbo	420	40	model_policy	24.434	39.224	3.8332	ImageMagick	40.0	png
art-scans	haeckel_0040_starfish.png	turbo	420	40	model_proj	24.435	39.242	3.8322	ImageMagick	40.0	png
art-scans	haeckel_0040_starfish.png	turbo	420	60	identity_off	25.611	48.807	3.4691	ImageMagick	60.0	png
art-scans	haeckel_0040_starfish.png	turbo	420	60	model_policy	25.751	48.424	3.1834	ImageMagick	60.0	png
art-scans	haeckel_0040_starfish.png	turbo	420	60	model_proj	25.757	48.555	3.1732	ImageMagick	60.0	png
art-scans	haeckel_0040_starfish.png	turbo	420	70	identity_off	26.497	55.138	2.8735	ImageMagick	70.0	png
art-scans	haeckel_0040_starfish.png	turbo	420	70	model_policy	26.605	54.283	2.8148	ImageMagick	70.0	png
art-scans	haeckel_0040_starfish.png	turbo	420	70	model_proj	26.624	54.697	2.7773	ImageMagick	70.0	png
art-scans	haeckel_0040_starfish.png	turbo	420	80	identity_off	27.409	61.562	2.4960	ImageMagick	80.0	png
art-scans	haeckel_0040_starfish.png	turbo	420	80	model_policy	27.439	58.844	2.5414	ImageMagick	80.0	png
art-scans	haeckel_0040_starfish.png	turbo	420	80	model_proj	27.494	59.845	2.4750	ImageMagick	80.0	png
art-scans	haeckel_0040_starfish.png	turbo	420	85	identity_off	27.673	63.379	2.3906	ImageMagick	85.0	png
art-scans	haeckel_0040_starfish.png	turbo	420	85	model_policy	27.652	59.923	2.4899	ImageMagick	85.0	png
art-scans	haeckel_0040_starfish.png	turbo	420	85	model_proj	27.746	61.441	2.3931	ImageMagick	85.0	png
art-scans	haeckel_0040_starfish.png	turbo	420	90	identity_off	27.749	64.650	2.3517	ImageMagick	90.0	png
art-scans	haeckel_0040_starfish.png	turbo	420	90	model_policy	27.682	60.640	2.4704	ImageMagick	90.0	png
art-scans	haeckel_0040_starfish.png	turbo	420	90	model_proj	27.858	63.049	2.3205	ImageMagick	90.0	png
art-scans	haeckel_0040_starfish.png	turbo	444	40	identity_off	29.024	71.542	1.7582	ImageMagick	40.0	png
art-scans	haeckel_0040_starfish.png	turbo	444	40	model_policy	29.225	67.914	2.0778	ImageMagick	40.0	png
art-scans	haeckel_0040_starfish.png	turbo	444	40	model_proj	29.238	68.876	1.9661	ImageMagick	40.0	png
art-scans	haeckel_0040_starfish.png	turbo	444	60	identity_off	30.683	78.592	1.3788	ImageMagick	60.0	png
art-scans	haeckel_0040_starfish.png	turbo	444	60	model_policy	30.704	72.072	1.8968	ImageMagick	60.0	png
art-scans	haeckel_0040_starfish.png	turbo	444	60	model_proj	30.756	74.305	1.7009	ImageMagick	60.0	png
art-scans	haeckel_0040_starfish.png	turbo	444	70	identity_off	31.760	81.813	1.2078	ImageMagick	70.0	png
art-scans	haeckel_0040_starfish.png	turbo	444	70	model_policy	31.645	74.060	1.8588	ImageMagick	70.0	png
art-scans	haeckel_0040_starfish.png	turbo	444	70	model_proj	31.744	77.770	1.4887	ImageMagick	70.0	png
art-scans	haeckel_0040_starfish.png	turbo	444	80	identity_off	33.396	85.641	0.9744	ImageMagick	80.0	png
art-scans	haeckel_0040_starfish.png	turbo	444	80	model_policy	32.983	75.497	1.7481	ImageMagick	80.0	png
art-scans	haeckel_0040_starfish.png	turbo	444	80	model_proj	33.216	81.247	1.2709	ImageMagick	80.0	png
art-scans	haeckel_0040_starfish.png	turbo	444	85	identity_off	34.703	87.770	0.8275	ImageMagick	85.0	png
art-scans	haeckel_0040_starfish.png	turbo	444	85	model_policy	33.977	76.139	1.7466	ImageMagick	85.0	png
art-scans	haeckel_0040_starfish.png	turbo	444	85	model_proj	34.360	83.437	1.1306	ImageMagick	85.0	png
art-scans	haeckel_0040_starfish.png	turbo	444	90	identity_off	36.728	90.277	0.6572	ImageMagick	90.0	png
art-scans	haeckel_0040_starfish.png	turbo	444	90	model_policy	35.310	76.951	1.6959	ImageMagick	90.0	png
art-scans	haeckel_0040_starfish.png	turbo	444	90	model_proj	36.007	85.819	0.9859	ImageMagick	90.0	png
art-scans	haeckel_0040_starfish.png	mozjpeg	420	40	identity_off	24.906	45.716	3.4477	Mozjpeg	40.0	png
art-scans	haeckel_0040_starfish.png	mozjpeg	420	40	model_policy	25.029	44.649	3.3938	Mozjpeg	40.0	png
art-scans	haeckel_0040_starfish.png	mozjpeg	420	40	model_proj	25.033	44.723	3.3891	Mozjpeg	40.0	png
art-scans	haeckel_0040_starfish.png	mozjpeg	420	60	identity_off	25.631	51.978	3.0604	Mozjpeg	60.0	png
art-scans	haeckel_0040_starfish.png	mozjpeg	420	60	model_policy	25.707	50.145	3.0719	Mozjpeg	60.0	png
art-scans	haeckel_0040_starfish.png	mozjpeg	420	60	model_proj	25.733	50.562	3.0451	Mozjpeg	60.0	png
art-scans	haeckel_0040_starfish.png	mozjpeg	420	70	identity_off	26.044	55.383	2.8908	Mozjpeg	70.0	png
art-scans	haeckel_0040_starfish.png	mozjpeg	420	70	model_policy	26.093	53.099	2.9304	Mozjpeg	70.0	png
art-scans	haeckel_0040_starfish.png	mozjpeg	420	70	model_proj	26.154	53.889	2.8765	Mozjpeg	70.0	png
art-scans	haeckel_0040_starfish.png	mozjpeg	420	80	identity_off	26.582	59.047	2.6565	Mozjpeg	80.0	png
art-scans	haeckel_0040_starfish.png	mozjpeg	420	80	model_policy	26.592	56.208	2.7235	Mozjpeg	80.0	png
art-scans	haeckel_0040_starfish.png	mozjpeg	420	80	model_proj	26.757	58.193	2.6002	Mozjpeg	80.0	png
art-scans	haeckel_0040_starfish.png	mozjpeg	420	85	identity_off	26.917	61.126	2.5382	Mozjpeg	85.0	png
art-scans	haeckel_0040_starfish.png	mozjpeg	420	85	model_policy	26.901	57.932	2.6367	Mozjpeg	85.0	png
art-scans	haeckel_0040_starfish.png	mozjpeg	420	85	model_proj	27.168	60.953	2.4462	Mozjpeg	85.0	png
art-scans	haeckel_0040_starfish.png	mozjpeg	420	90	identity_off	27.308	63.122	2.4208	Mozjpeg	90.0	png
art-scans	haeckel_0040_starfish.png	mozjpeg	420	90	model_policy	27.258	59.564	2.5350	Mozjpeg	90.0	png
art-scans	haeckel_0040_starfish.png	mozjpeg	420	90	model_proj	27.717	64.197	2.2565	Mozjpeg	90.0	png
art-scans	haeckel_0040_starfish.png	mozjpeg	444	40	identity_off	30.038	72.105	1.6659	Mozjpeg	40.0	png
art-scans	haeckel_0040_starfish.png	mozjpeg	444	40	model_policy	29.999	66.910	2.1153	Mozjpeg	40.0	png
art-scans	haeckel_0040_starfish.png	mozjpeg	444	40	model_proj	30.040	68.535	1.9116	Mozjpeg	40.0	png
art-scans	haeckel_0040_starfish.png	mozjpeg	444	60	identity_off	32.226	79.955	1.2354	Mozjpeg	60.0	png
art-scans	haeckel_0040_starfish.png	mozjpeg	444	60	model_policy	31.848	71.596	1.9414	Mozjpeg	60.0	png
art-scans	haeckel_0040_starfish.png	mozjpeg	444	60	model_proj	31.984	75.339	1.5535	Mozjpeg	60.0	png
art-scans	haeckel_0040_starfish.png	mozjpeg	444	70	identity_off	33.638	83.360	1.0158	Mozjpeg	70.0	png
art-scans	haeckel_0040_starfish.png	mozjpeg	444	70	model_policy	32.966	73.519	1.8878	Mozjpeg	70.0	png
art-scans	haeckel_0040_starfish.png	mozjpeg	444	70	model_proj	33.213	78.578	1.3720	Mozjpeg	70.0	png
art-scans	haeckel_0040_starfish.png	mozjpeg	444	80	identity_off	35.635	87.444	0.7873	Mozjpeg	80.0	png
art-scans	haeckel_0040_starfish.png	mozjpeg	444	80	model_policy	34.374	75.070	1.8135	Mozjpeg	80.0	png
art-scans	haeckel_0040_starfish.png	mozjpeg	444	80	model_proj	34.913	82.804	1.1449	Mozjpeg	80.0	png
art-scans	haeckel_0040_starfish.png	mozjpeg	444	85	identity_off	37.025	89.250	0.6578	Mozjpeg	85.0	png
art-scans	haeckel_0040_starfish.png	mozjpeg	444	85	model_policy	35.229	75.807	1.7583	Mozjpeg	85.0	png
art-scans	haeckel_0040_starfish.png	mozjpeg	444	85	model_proj	36.043	84.751	1.0076	Mozjpeg	85.0	png
art-scans	haeckel_0040_starfish.png	mozjpeg	444	90	identity_off	39.113	91.582	0.5133	Mozjpeg	90.0	png
art-scans	haeckel_0040_starfish.png	mozjpeg	444	90	model_policy	36.335	76.402	1.7419	Mozjpeg	90.0	png
art-scans	haeckel_0040_starfish.png	mozjpeg	444	90	model_proj	37.693	87.275	0.8580	Mozjpeg	90.0	png
art-scans	haeckel_0040_starfish.png	jpegli	420	40	identity_off	24.962	50.859	2.9956	CjpegliYcbcr	6.7	png
art-scans	haeckel_0040_starfish.png	jpegli	420	40	model_policy	25.071	48.194	3.0404	CjpegliYcbcr	6.7	png
art-scans	haeckel_0040_starfish.png	jpegli	420	40	model_proj	25.088	48.616	3.0193	CjpegliYcbcr	6.7	png
art-scans	haeckel_0040_starfish.png	jpegli	420	60	identity_off	25.539	54.880	2.8014	CjpegliYcbcr	4.6	png
art-scans	haeckel_0040_starfish.png	jpegli	420	60	model_policy	25.611	51.990	2.8798	CjpegliYcbcr	4.6	png
art-scans	haeckel_0040_starfish.png	jpegli	420	60	model_proj	25.662	52.818	2.8273	CjpegliYcbcr	4.6	png
art-scans	haeckel_0040_starfish.png	jpegli	420	70	identity_off	26.001	57.975	2.6496	CjpegliYcbcr	3.5	png
art-scans	haeckel_0040_starfish.png	jpegli	420	70	model_policy	26.044	54.425	2.7501	CjpegliYcbcr	3.5	png
art-scans	haeckel_0040_starfish.png	jpegli	420	70	model_proj	26.149	56.052	2.6465	CjpegliYcbcr	3.5	png
art-scans	haeckel_0040_starfish.png	jpegli	420	80	identity_off	26.545	60.998	2.5205	CjpegliYcbcr	2.5	png
art-scans	haeckel_0040_starfish.png	jpegli	420	80	model_policy	26.549	57.157	2.6506	CjpegliYcbcr	2.5	png
art-scans	haeckel_0040_starfish.png	jpegli	420	80	model_proj	26.763	59.815	2.4758	CjpegliYcbcr	2.5	png
art-scans	haeckel_0040_starfish.png	jpegli	420	85	identity_off	26.883	62.339	2.4352	CjpegliYcbcr	1.8	png
art-scans	haeckel_0040_starfish.png	jpegli	420	85	model_policy	26.863	58.548	2.5587	CjpegliYcbcr	1.8	png
art-scans	haeckel_0040_starfish.png	jpegli	420	85	model_proj	27.190	62.064	2.3395	CjpegliYcbcr	1.8	png
art-scans	haeckel_0040_starfish.png	jpegli	420	90	identity_off	27.285	64.168	2.3572	CjpegliYcbcr	1.3	png
art-scans	haeckel_0040_starfish.png	jpegli	420	90	model_policy	27.231	59.882	2.4965	CjpegliYcbcr	1.3	png
art-scans	haeckel_0040_starfish.png	jpegli	420	90	model_proj	27.768	65.289	2.1663	CjpegliYcbcr	1.3	png
art-scans	haeckel_0040_starfish.png	jpegli	444	40	identity_off	27.469	67.050	1.9877	CjpegliYcbcr	5.5	png
art-scans	haeckel_0040_starfish.png	jpegli	444	40	model_policy	27.706	64.066	2.2147	CjpegliYcbcr	5.5	png
art-scans	haeckel_0040_starfish.png	jpegli	444	40	model_proj	27.712	64.756	2.1434	CjpegliYcbcr	5.5	png
art-scans	haeckel_0040_starfish.png	jpegli	444	60	identity_off	28.903	73.591	1.6023	CjpegliYcbcr	3.7	png
art-scans	haeckel_0040_starfish.png	jpegli	444	60	model_policy	29.050	68.406	2.0092	CjpegliYcbcr	3.7	png
art-scans	haeckel_0040_starfish.png	jpegli	444	60	model_proj	29.067	69.657	1.8900	CjpegliYcbcr	3.7	png
art-scans	haeckel_0040_starfish.png	jpegli	444	70	identity_off	29.940	77.501	1.3831	CjpegliYcbcr	2.8	png
art-scans	haeckel_0040_starfish.png	jpegli	444	70	model_policy	29.981	70.431	1.9429	CjpegliYcbcr	2.8	png
art-scans	haeckel_0040_starfish.png	jpegli	444	70	model_proj	30.015	72.559	1.7447	CjpegliYcbcr	2.8	png
art-scans	haeckel_0040_starfish.png	jpegli	444	80	identity_off	31.198	81.849	1.1339	CjpegliYcbcr	1.9	png
art-scans	haeckel_0040_starfish.png	jpegli	444	80	model_policy	31.070	72.695	1.8660	CjpegliYcbcr	1.9	png
art-scans	haeckel_0040_starfish.png	jpegli	444	80	model_proj	31.147	76.390	1.5653	CjpegliYcbcr	1.9	png
art-scans	haeckel_0040_starfish.png	jpegli	444	85	identity_off	32.225	84.363	0.9830	CjpegliYcbcr	1.4	png
art-scans	haeckel_0040_starfish.png	jpegli	444	85	model_policy	31.929	73.640	1.8799	CjpegliYcbcr	1.4	png
art-scans	haeckel_0040_starfish.png	jpegli	444	85	model_proj	32.061	78.656	1.4205	CjpegliYcbcr	1.4	png
art-scans	haeckel_0040_starfish.png	jpegli	444	90	identity_off	34.241	87.835	0.7565	CjpegliYcbcr	1.1	png
art-scans	haeckel_0040_starfish.png	jpegli	444	90	model_policy	33.480	75.423	1.7631	CjpegliYcbcr	1.1	png
art-scans	haeckel_0040_starfish.png	jpegli	444	90	model_proj	33.783	82.022	1.2147	CjpegliYcbcr	1.1	png
art-scans	haeckel_0040_starfish.png	zenjpeg	420	40	identity_off	24.942	50.754	3.0102	CjpegliYcbcr	6.7	png
art-scans	haeckel_0040_starfish.png	zenjpeg	420	40	model_policy	25.051	47.981	3.0544	CjpegliYcbcr	6.7	png
art-scans	haeckel_0040_starfish.png	zenjpeg	420	40	model_proj	25.068	48.444	3.0323	CjpegliYcbcr	6.7	png
art-scans	haeckel_0040_starfish.png	zenjpeg	420	60	identity_off	25.528	54.823	2.8066	CjpegliYcbcr	4.6	png
art-scans	haeckel_0040_starfish.png	zenjpeg	420	60	model_policy	25.600	51.975	2.8724	CjpegliYcbcr	4.6	png
art-scans	haeckel_0040_starfish.png	zenjpeg	420	60	model_proj	25.652	52.808	2.8196	CjpegliYcbcr	4.6	png
art-scans	haeckel_0040_starfish.png	zenjpeg	420	70	identity_off	25.992	57.951	2.6527	CjpegliYcbcr	3.5	png
art-scans	haeckel_0040_starfish.png	zenjpeg	420	70	model_policy	26.035	54.410	2.7718	CjpegliYcbcr	3.5	png
art-scans	haeckel_0040_starfish.png	zenjpeg	420	70	model_proj	26.140	56.016	2.6695	CjpegliYcbcr	3.5	png
art-scans	haeckel_0040_starfish.png	zenjpeg	420	80	identity_off	26.542	60.992	2.5159	CjpegliYcbcr	2.5	png
art-scans	haeckel_0040_starfish.png	zenjpeg	420	80	model_policy	26.546	57.184	2.6521	CjpegliYcbcr	2.5	png
art-scans	haeckel_0040_starfish.png	zenjpeg	420	80	model_proj	26.762	59.887	2.4764	CjpegliYcbcr	2.5	png
art-scans	haeckel_0040_starfish.png	zenjpeg	420	85	identity_off	26.875	62.245	2.4386	CjpegliYcbcr	1.8	png
art-scans	haeckel_0040_starfish.png	zenjpeg	420	85	model_policy	26.855	58.363	2.5689	CjpegliYcbcr	1.8	png
art-scans	haeckel_0040_starfish.png	zenjpeg	420	85	model_proj	27.183	61.914	2.3441	CjpegliYcbcr	1.8	png
art-scans	haeckel_0040_starfish.png	zenjpeg	420	90	identity_off	27.274	64.092	2.3593	CjpegliYcbcr	1.3	png
art-scans	haeckel_0040_starfish.png	zenjpeg	420	90	model_policy	27.220	59.711	2.5162	CjpegliYcbcr	1.3	png
art-scans	haeckel_0040_starfish.png	zenjpeg	420	90	model_proj	27.756	65.149	2.1771	CjpegliYcbcr	1.3	png
art-scans	haeckel_0040_starfish.png	zenjpeg	444	40	identity_off	27.426	67.078	1.9881	CjpegliYcbcr	5.5	png
art-scans	haeckel_0040_starfish.png	zenjpeg	444	40	model_policy	27.665	64.067	2.2151	CjpegliYcbcr	5.5	png
art-scans	haeckel_0040_starfish.png	zenjpeg	444	40	model_proj	27.671	64.706	2.1467	CjpegliYcbcr	5.5	png
art-scans	haeckel_0040_starfish.png	zenjpeg	444	60	identity_off	28.856	73.667	1.6100	CjpegliYcbcr	3.7	png
art-scans	haeckel_0040_starfish.png	zenjpeg	444	60	model_policy	29.008	68.325	2.0137	CjpegliYcbcr	3.7	png
art-scans	haeckel_0040_starfish.png	zenjpeg	444	60	model_proj	29.024	69.576	1.8963	CjpegliYcbcr	3.7	png
art-scans	haeckel_0040_starfish.png	zenjpeg	444	70	identity_off	29.899	77.663	1.3829	CjpegliYcbcr	2.8	png
art-scans	haeckel_0040_starfish.png	zenjpeg	444	70	model_policy	29.949	70.642	1.9265	CjpegliYcbcr	2.8	png
art-scans	haeckel_0040_starfish.png	zenjpeg	444	70	model_proj	29.985	72.901	1.7503	CjpegliYcbcr	2.8	png
art-scans	haeckel_0040_starfish.png	zenjpeg	444	80	identity_off	31.139	81.744	1.1417	CjpegliYcbcr	1.9	png
art-scans	haeckel_0040_starfish.png	zenjpeg	444	80	model_policy	31.020	72.621	1.8590	CjpegliYcbcr	1.9	png
art-scans	haeckel_0040_starfish.png	zenjpeg	444	80	model_proj	31.097	76.255	1.5559	CjpegliYcbcr	1.9	png
art-scans	haeckel_0040_starfish.png	zenjpeg	444	85	identity_off	32.172	84.316	0.9903	CjpegliYcbcr	1.4	png
art-scans	haeckel_0040_starfish.png	zenjpeg	444	85	model_policy	31.885	73.539	1.8763	CjpegliYcbcr	1.4	png
art-scans	haeckel_0040_starfish.png	zenjpeg	444	85	model_proj	32.015	78.536	1.4239	CjpegliYcbcr	1.4	png
art-scans	haeckel_0040_starfish.png	zenjpeg	444	90	identity_off	34.183	87.917	0.7619	CjpegliYcbcr	1.1	png
art-scans	haeckel_0040_starfish.png	zenjpeg	444	90	model_policy	33.439	75.335	1.7650	CjpegliYcbcr	1.1	png
art-scans	haeckel_0040_starfish.png	zenjpeg	444	90	model_proj	33.740	81.982	1.2134	CjpegliYcbcr	1.1	png
maps	nps_nps-bibe-2023-Wild-and-Scenic-Rivers-Brochure_p01.png	turbo	420	40	identity_off	31.024	63.120	1.9834	ImageMagick	40.0	png
maps	nps_nps-bibe-2023-Wild-and-Scenic-Rivers-Brochure_p01.png	turbo	420	40	model_policy	33.180	68.372	1.5853	ImageMagick	40.0	png
maps	nps_nps-bibe-2023-Wild-and-Scenic-Rivers-Brochure_p01.png	turbo	420	40	model_proj	33.180	68.363	1.5853	ImageMagick	40.0	png
maps	nps_nps-bibe-2023-Wild-and-Scenic-Rivers-Brochure_p01.png	turbo	420	60	identity_off	33.009	69.121	1.6775	ImageMagick	60.0	png
maps	nps_nps-bibe-2023-Wild-and-Scenic-Rivers-Brochure_p01.png	turbo	420	60	model_policy	35.102	73.509	1.3345	ImageMagick	60.0	png
maps	nps_nps-bibe-2023-Wild-and-Scenic-Rivers-Brochure_p01.png	turbo	420	60	model_proj	35.102	73.508	1.3345	ImageMagick	60.0	png
maps	nps_nps-bibe-2023-Wild-and-Scenic-Rivers-Brochure_p01.png	turbo	420	70	identity_off	34.406	72.735	1.4188	ImageMagick	70.0	png
maps	nps_nps-bibe-2023-Wild-and-Scenic-Rivers-Brochure_p01.png	turbo	420	70	model_policy	36.407	76.794	1.0718	ImageMagick	70.0	png
maps	nps_nps-bibe-2023-Wild-and-Scenic-Rivers-Brochure_p01.png	turbo	420	70	model_proj	36.407	76.843	1.0718	ImageMagick	70.0	png
maps	nps_nps-bibe-2023-Wild-and-Scenic-Rivers-Brochure_p01.png	turbo	420	80	identity_off	36.541	77.819	1.1181	ImageMagick	80.0	png
maps	nps_nps-bibe-2023-Wild-and-Scenic-Rivers-Brochure_p01.png	turbo	420	80	model_policy	38.193	81.042	0.8464	ImageMagick	80.0	png
maps	nps_nps-bibe-2023-Wild-and-Scenic-Rivers-Brochure_p01.png	turbo	420	80	model_proj	38.198	81.017	0.8453	ImageMagick	80.0	png
maps	nps_nps-bibe-2023-Wild-and-Scenic-Rivers-Brochure_p01.png	turbo	420	85	identity_off	37.998	80.381	0.9790	ImageMagick	85.0	png
maps	nps_nps-bibe-2023-Wild-and-Scenic-Rivers-Brochure_p01.png	turbo	420	85	model_policy	39.333	83.044	0.7878	ImageMagick	85.0	png
maps	nps_nps-bibe-2023-Wild-and-Scenic-Rivers-Brochure_p01.png	turbo	420	85	model_proj	39.346	82.796	0.7852	ImageMagick	85.0	png
maps	nps_nps-bibe-2023-Wild-and-Scenic-Rivers-Brochure_p01.png	turbo	420	90	identity_off	39.939	83.769	0.7965	ImageMagick	90.0	png
maps	nps_nps-bibe-2023-Wild-and-Scenic-Rivers-Brochure_p01.png	turbo	420	90	model_policy	40.804	85.473	0.6965	ImageMagick	90.0	png
maps	nps_nps-bibe-2023-Wild-and-Scenic-Rivers-Brochure_p01.png	turbo	420	90	model_proj	40.829	85.565	0.6968	ImageMagick	90.0	png
maps	nps_nps-bibe-2023-Wild-and-Scenic-Rivers-Brochure_p01.png	turbo	444	40	identity_off	31.288	65.533	1.9798	ImageMagick	40.0	png
maps	nps_nps-bibe-2023-Wild-and-Scenic-Rivers-Brochure_p01.png	turbo	444	40	model_policy	33.676	71.063	1.5803	ImageMagick	40.0	png
maps	nps_nps-bibe-2023-Wild-and-Scenic-Rivers-Brochure_p01.png	turbo	444	40	model_proj	33.676	71.058	1.5802	ImageMagick	40.0	png
maps	nps_nps-bibe-2023-Wild-and-Scenic-Rivers-Brochure_p01.png	turbo	444	60	identity_off	33.460	71.462	1.6644	ImageMagick	60.0	png
maps	nps_nps-bibe-2023-Wild-and-Scenic-Rivers-Brochure_p01.png	turbo	444	60	model_policy	35.882	76.130	1.3250	ImageMagick	60.0	png
maps	nps_nps-bibe-2023-Wild-and-Scenic-Rivers-Brochure_p01.png	turbo	444	60	model_proj	35.882	76.128	1.3250	ImageMagick	60.0	png
maps	nps_nps-bibe-2023-Wild-and-Scenic-Rivers-Brochure_p01.png	turbo	444	70	identity_off	34.985	75.009	1.3975	ImageMagick	70.0	png
maps	nps_nps-bibe-2023-Wild-and-Scenic-Rivers-Brochure_p01.png	turbo	444	70	model_policy	37.378	79.432	1.0452	ImageMagick	70.0	png
maps	nps_nps-bibe-2023-Wild-and-Scenic-Rivers-Brochure_p01.png	turbo	444	70	model_proj	37.380	79.414	1.0451	ImageMagick	70.0	png
maps	nps_nps-bibe-2023-Wild-and-Scenic-Rivers-Brochure_p01.png	turbo	444	80	identity_off	37.368	79.880	1.0952	ImageMagick	80.0	png
maps	nps_nps-bibe-2023-Wild-and-Scenic-Rivers-Brochure_p01.png	turbo	444	80	model_policy	39.469	83.342	0.8162	ImageMagick	80.0	png
maps	nps_nps-bibe-2023-Wild-and-Scenic-Rivers-Brochure_p01.png	turbo	444	80	model_proj	39.483	83.405	0.8145	ImageMagick	80.0	png
maps	nps_nps-bibe-2023-Wild-and-Scenic-Rivers-Brochure_p01.png	turbo	444	85	identity_off	39.070	82.415	0.9560	ImageMagick	85.0	png
maps	nps_nps-bibe-2023-Wild-and-Scenic-Rivers-Brochure_p01.png	turbo	444	85	model_policy	40.863	85.245	0.7552	ImageMagick	85.0	png
maps	nps_nps-bibe-2023-Wild-and-Scenic-Rivers-Brochure_p01.png	turbo	444	85	model_proj	40.897	85.184	0.7519	ImageMagick	85.0	png
maps	nps_nps-bibe-2023-Wild-and-Scenic-Rivers-Brochure_p01.png	turbo	444	90	identity_off	41.462	85.844	0.7645	ImageMagick	90.0	png
maps	nps_nps-bibe-2023-Wild-and-Scenic-Rivers-Brochure_p01.png	turbo	444	90	model_policy	42.751	87.814	0.6526	ImageMagick	90.0	png
maps	nps_nps-bibe-2023-Wild-and-Scenic-Rivers-Brochure_p01.png	turbo	444	90	model_proj	42.801	87.758	0.6555	ImageMagick	90.0	png
maps	nps_nps-bibe-2023-Wild-and-Scenic-Rivers-Brochure_p01.png	mozjpeg	420	40	identity_off	27.409	57.762	2.5264	Mozjpeg	40.0	png
maps	nps_nps-bibe-2023-Wild-and-Scenic-Rivers-Brochure_p01.png	mozjpeg	420	40	model_policy	29.667	63.240	2.1014	Mozjpeg	40.0	png
maps	nps_nps-bibe-2023-Wild-and-Scenic-Rivers-Brochure_p01.png	mozjpeg	420	40	model_proj	29.653	63.202	2.1038	Mozjpeg	40.0	png
maps	nps_nps-bibe-2023-Wild-and-Scenic-Rivers-Brochure_p01.png	mozjpeg	420	60	identity_off	29.003	63.134	2.0246	Mozjpeg	60.0	png
maps	nps_nps-bibe-2023-Wild-and-Scenic-Rivers-Brochure_p01.png	mozjpeg	420	60	model_policy	31.435	68.300	1.6096	Mozjpeg	60.0	png
maps	nps_nps-bibe-2023-Wild-and-Scenic-Rivers-Brochure_p01.png	mozjpeg	420	60	model_proj	31.423	68.303	1.6108	Mozjpeg	60.0	png
maps	nps_nps-bibe-2023-Wild-and-Scenic-Rivers-Brochure_p01.png	mozjpeg	420	70	identity_off	30.203	68.819	1.7124	Mozjpeg	70.0	png
maps	nps_nps-bibe-2023-Wild-and-Scenic-Rivers-Brochure_p01.png	mozjpeg	420	70	model_policy	32.667	73.705	1.2985	Mozjpeg	70.0	png
maps	nps_nps-bibe-2023-Wild-and-Scenic-Rivers-Brochure_p01.png	mozjpeg	420	70	model_proj	32.651	73.625	1.3017	Mozjpeg	70.0	png
maps	nps_nps-bibe-2023-Wild-and-Scenic-Rivers-Brochure_p01.png	mozjpeg	420	80	identity_off	32.119	73.867	1.3674	Mozjpeg	80.0	png
maps	nps_nps-bibe-2023-Wild-and-Scenic-Rivers-Brochure_p01.png	mozjpeg	420	80	model_policy	34.503	77.845	1.0203	Mozjpeg	80.0	png
maps	nps_nps-bibe-2023-Wild-and-Scenic-Rivers-Brochure_p01.png	mozjpeg	420	80	model_proj	34.493	77.878	1.0234	Mozjpeg	80.0	png
maps	nps_nps-bibe-2023-Wild-and-Scenic-Rivers-Brochure_p01.png	mozjpeg	420	85	identity_off	33.525	76.157	1.2312	Mozjpeg	85.0	png
maps	nps_nps-bibe-2023-Wild-and-Scenic-Rivers-Brochure_p01.png	mozjpeg	420	85	model_policy	35.825	79.678	0.9454	Mozjpeg	85.0	png
maps	nps_nps-bibe-2023-Wild-and-Scenic-Rivers-Brochure_p01.png	mozjpeg	420	85	model_proj	35.827	79.467	0.9448	Mozjpeg	85.0	png
maps	nps_nps-bibe-2023-Wild-and-Scenic-Rivers-Brochure_p01.png	mozjpeg	420	90	identity_off	35.323	79.876	1.0385	Mozjpeg	90.0	png
maps	nps_nps-bibe-2023-Wild-and-Scenic-Rivers-Brochure_p01.png	mozjpeg	420	90	model_policy	37.473	82.723	0.7975	Mozjpeg	90.0	png
maps	nps_nps-bibe-2023-Wild-and-Scenic-Rivers-Brochure_p01.png	mozjpeg	420	90	model_proj	37.482	82.790	0.8004	Mozjpeg	90.0	png
maps	nps_nps-bibe-2023-Wild-and-Scenic-Rivers-Brochure_p01.png	mozjpeg	444	40	identity_off	27.524	59.293	2.5282	Mozjpeg	40.0	png
maps	nps_nps-bibe-2023-Wild-and-Scenic-Rivers-Brochure_p01.png	mozjpeg	444	40	model_policy	29.883	64.903	2.1022	Mozjpeg	40.0	png
maps	nps_nps-bibe-2023-Wild-and-Scenic-Rivers-Brochure_p01.png	mozjpeg	444	40	model_proj	29.867	64.867	2.1076	Mozjpeg	40.0	png
maps	nps_nps-bibe-2023-Wild-and-Scenic-Rivers-Brochure_p01.png	mozjpeg	444	60	identity_off	29.153	65.336	2.0249	Mozjpeg	60.0	png
maps	nps_nps-bibe-2023-Wild-and-Scenic-Rivers-Brochure_p01.png	mozjpeg	444	60	model_policy	31.693	70.858	1.6033	Mozjpeg	60.0	png
maps	nps_nps-bibe-2023-Wild-and-Scenic-Rivers-Brochure_p01.png	mozjpeg	444	60	model_proj	31.680	70.821	1.6056	Mozjpeg	60.0	png
maps	nps_nps-bibe-2023-Wild-and-Scenic-Rivers-Brochure_p01.png	mozjpeg	444	70	identity_off	30.371	70.396	1.7264	Mozjpeg	70.0	png
maps	nps_nps-bibe-2023-Wild-and-Scenic-Rivers-Brochure_p01.png	mozjpeg	444	70	model_policy	32.967	75.394	1.3078	Mozjpeg	70.0	png
maps	nps_nps-bibe-2023-Wild-and-Scenic-Rivers-Brochure_p01.png	mozjpeg	444	70	model_proj	32.953	75.401	1.3100	Mozjpeg	70.0	png
maps	nps_nps-bibe-2023-Wild-and-Scenic-Rivers-Brochure_p01.png	mozjpeg	444	80	identity_off	32.356	75.240	1.3629	Mozjpeg	80.0	png
maps	nps_nps-bibe-2023-Wild-and-Scenic-Rivers-Brochure_p01.png	mozjpeg	444	80	model_policy	34.900	79.476	1.0053	Mozjpeg	80.0	png
maps	nps_nps-bibe-2023-Wild-and-Scenic-Rivers-Brochure_p01.png	mozjpeg	444	80	model_proj	34.892	79.534	1.0099	Mozjpeg	80.0	png
maps	nps_nps-bibe-2023-Wild-and-Scenic-Rivers-Brochure_p01.png	mozjpeg	444	85	identity_off	33.815	77.539	1.2169	Mozjpeg	85.0	png
maps	nps_nps-bibe-2023-Wild-and-Scenic-Rivers-Brochure_p01.png	mozjpeg	444	85	model_policy	36.312	81.311	0.9198	Mozjpeg	85.0	png
maps	nps_nps-bibe-2023-Wild-and-Scenic-Rivers-Brochure_p01.png	mozjpeg	444	85	model_proj	36.320	81.313	0.9192	Mozjpeg	85.0	png
maps	nps_nps-bibe-2023-Wild-and-Scenic-Rivers-Brochure_p01.png	mozjpeg	444	90	identity_off	35.742	81.189	1.0215	Mozjpeg	90.0	png
maps	nps_nps-bibe-2023-Wild-and-Scenic-Rivers-Brochure_p01.png	mozjpeg	444	90	model_policy	38.141	84.247	0.7746	Mozjpeg	90.0	png
maps	nps_nps-bibe-2023-Wild-and-Scenic-Rivers-Brochure_p01.png	mozjpeg	444	90	model_proj	38.162	84.454	0.7773	Mozjpeg	90.0	png
maps	nps_nps-bibe-2023-Wild-and-Scenic-Rivers-Brochure_p01.png	jpegli	420	40	identity_off	29.819	63.013	1.9003	CjpegliYcbcr	6.7	png
maps	nps_nps-bibe-2023-Wild-and-Scenic-Rivers-Brochure_p01.png	jpegli	420	40	model_policy	31.864	67.176	1.5195	CjpegliYcbcr	6.7	png
maps	nps_nps-bibe-2023-Wild-and-Scenic-Rivers-Brochure_p01.png	jpegli	420	40	model_proj	31.865	67.187	1.5193	CjpegliYcbcr	6.7	png
maps	nps_nps-bibe-2023-Wild-and-Scenic-Rivers-Brochure_p01.png	jpegli	420	60	identity_off	31.882	67.110	1.5859	CjpegliYcbcr	4.6	png
maps	nps_nps-bibe-2023-Wild-and-Scenic-Rivers-Brochure_p01.png	jpegli	420	60	model_policy	33.806	70.943	1.3540	CjpegliYcbcr	4.6	png
maps	nps_nps-bibe-2023-Wild-and-Scenic-Rivers-Brochure_p01.png	jpegli	420	60	model_proj	33.806	70.989	1.3539	CjpegliYcbcr	4.6	png
maps	nps_nps-bibe-2023-Wild-and-Scenic-Rivers-Brochure_p01.png	jpegli	420	70	identity_off	33.514	72.251	1.3058	CjpegliYcbcr	3.5	png
maps	nps_nps-bibe-2023-Wild-and-Scenic-Rivers-Brochure_p01.png	jpegli	420	70	model_policy	35.314	75.527	1.1317	CjpegliYcbcr	3.5	png
maps	nps_nps-bibe-2023-Wild-and-Scenic-Rivers-Brochure_p01.png	jpegli	420	70	model_proj	35.314	75.551	1.1309	CjpegliYcbcr	3.5	png
maps	nps_nps-bibe-2023-Wild-and-Scenic-Rivers-Brochure_p01.png	jpegli	420	80	identity_off	35.503	76.001	1.0154	CjpegliYcbcr	2.5	png
maps	nps_nps-bibe-2023-Wild-and-Scenic-Rivers-Brochure_p01.png	jpegli	420	80	model_policy	37.023	78.574	0.8738	CjpegliYcbcr	2.5	png
maps	nps_nps-bibe-2023-Wild-and-Scenic-Rivers-Brochure_p01.png	jpegli	420	80	model_proj	37.025	78.643	0.8735	CjpegliYcbcr	2.5	png
maps	nps_nps-bibe-2023-Wild-and-Scenic-Rivers-Brochure_p01.png	jpegli	420	85	identity_off	36.750	75.959	1.0980	CjpegliYcbcr	1.8	png
maps	nps_nps-bibe-2023-Wild-and-Scenic-Rivers-Brochure_p01.png	jpegli	420	85	model_policy	37.961	77.999	1.0725	CjpegliYcbcr	1.8	png
maps	nps_nps-bibe-2023-Wild-and-Scenic-Rivers-Brochure_p01.png	jpegli	420	85	model_proj	37.964	78.115	1.0712	CjpegliYcbcr	1.8	png
maps	nps_nps-bibe-2023-Wild-and-Scenic-Rivers-Brochure_p01.png	jpegli	420	90	identity_off	39.099	81.415	0.7951	CjpegliYcbcr	1.3	png
maps	nps_nps-bibe-2023-Wild-and-Scenic-Rivers-Brochure_p01.png	jpegli	420	90	model_policy	39.939	82.759	0.7734	CjpegliYcbcr	1.3	png
maps	nps_nps-bibe-2023-Wild-and-Scenic-Rivers-Brochure_p01.png	jpegli	420	90	model_proj	39.946	83.101	0.7735	CjpegliYcbcr	1.3	png
maps	nps_nps-bibe-2023-Wild-and-Scenic-Rivers-Brochure_p01.png	jpegli	444	40	identity_off	30.692	63.208	1.7007	CjpegliYcbcr	5.5	png
maps	nps_nps-bibe-2023-Wild-and-Scenic-Rivers-Brochure_p01.png	jpegli	444	40	model_policy	32.698	67.709	1.3938	CjpegliYcbcr	5.5	png
maps	nps_nps-bibe-2023-Wild-and-Scenic-Rivers-Brochure_p01.png	jpegli	444	40	model_proj	32.699	67.702	1.3936	CjpegliYcbcr	5.5	png
maps	nps_nps-bibe-2023-Wild-and-Scenic-Rivers-Brochure_p01.png	jpegli	444	60	identity_off	33.045	72.177	1.3032	CjpegliYcbcr	3.7	png
maps	nps_nps-bibe-2023-Wild-and-Scenic-Rivers-Brochure_p01.png	jpegli	444	60	model_policy	34.887	75.656	1.0556	CjpegliYcbcr	3.7	png
maps	nps_nps-bibe-2023-Wild-and-Scenic-Rivers-Brochure_p01.png	jpegli	444	60	model_proj	34.887	75.687	1.0555	CjpegliYcbcr	3.7	png
maps	nps_nps-bibe-2023-Wild-and-Scenic-Rivers-Brochure_p01.png	jpegli	444	70	identity_off	34.583	76.346	1.1283	CjpegliYcbcr	2.8	png
maps	nps_nps-bibe-2023-Wild-and-Scenic-Rivers-Brochure_p01.png	jpegli	444	70	model_policy	36.235	79.249	0.9372	CjpegliYcbcr	2.8	png
maps	nps_nps-bibe-2023-Wild-and-Scenic-Rivers-Brochure_p01.png	jpegli	444	70	model_proj	36.236	79.322	0.9371	CjpegliYcbcr	2.8	png
maps	nps_nps-bibe-2023-Wild-and-Scenic-Rivers-Brochure_p01.png	jpegli	444	80	identity_off	36.258	75.297	1.2111	CjpegliYcbcr	1.9	png
maps	nps_nps-bibe-2023-Wild-and-Scenic-Rivers-Brochure_p01.png	jpegli	444	80	model_policy	37.574	77.781	1.1914	CjpegliYcbcr	1.9	png
maps	nps_nps-bibe-2023-Wild-and-Scenic-Rivers-Brochure_p01.png	jpegli	444	80	model_proj	37.580	77.846	1.1913	CjpegliYcbcr	1.9	png
maps	nps_nps-bibe-2023-Wild-and-Scenic-Rivers-Brochure_p01.png	jpegli	444	85	identity_off	37.920	81.211	0.7931	CjpegliYcbcr	1.4	png
maps	nps_nps-bibe-2023-Wild-and-Scenic-Rivers-Brochure_p01.png	jpegli	444	85	model_policy	38.999	83.006	0.7345	CjpegliYcbcr	1.4	png
maps	nps_nps-bibe-2023-Wild-and-Scenic-Rivers-Brochure_p01.png	jpegli	444	85	model_proj	39.008	83.131	0.7336	CjpegliYcbcr	1.4	png
maps	nps_nps-bibe-2023-Wild-and-Scenic-Rivers-Brochure_p01.png	jpegli	444	90	identity_off	40.152	82.600	0.7635	CjpegliYcbcr	1.1	png
maps	nps_nps-bibe-2023-Wild-and-Scenic-Rivers-Brochure_p01.png	jpegli	444	90	model_policy	40.822	83.662	0.7514	CjpegliYcbcr	1.1	png
maps	nps_nps-bibe-2023-Wild-and-Scenic-Rivers-Brochure_p01.png	jpegli	444	90	model_proj	40.833	83.756	0.7513	CjpegliYcbcr	1.1	png
maps	nps_nps-bibe-2023-Wild-and-Scenic-Rivers-Brochure_p01.png	zenjpeg	420	40	identity_off	29.750	62.851	1.9265	CjpegliYcbcr	6.7	png
maps	nps_nps-bibe-2023-Wild-and-Scenic-Rivers-Brochure_p01.png	zenjpeg	420	40	model_policy	31.790	67.018	1.5509	CjpegliYcbcr	6.7	png
maps	nps_nps-bibe-2023-Wild-and-Scenic-Rivers-Brochure_p01.png	zenjpeg	420	40	model_proj	31.790	67.020	1.5508	CjpegliYcbcr	6.7	png
maps	nps_nps-bibe-2023-Wild-and-Scenic-Rivers-Brochure_p01.png	zenjpeg	420	60	identity_off	31.859	67.997	1.5331	CjpegliYcbcr	4.6	png
maps	nps_nps-bibe-2023-Wild-and-Scenic-Rivers-Brochure_p01.png	zenjpeg	420	60	model_policy	33.816	71.924	1.2031	CjpegliYcbcr	4.6	png
maps	nps_nps-bibe-2023-Wild-and-Scenic-Rivers-Brochure_p01.png	zenjpeg	420	60	model_proj	33.818	72.026	1.2029	CjpegliYcbcr	4.6	png
maps	nps_nps-bibe-2023-Wild-and-Scenic-Rivers-Brochure_p01.png	zenjpeg	420	70	identity_off	33.462	73.331	1.2520	CjpegliYcbcr	3.5	png
maps	nps_nps-bibe-2023-Wild-and-Scenic-Rivers-Brochure_p01.png	zenjpeg	420	70	model_policy	35.271	76.638	0.9755	CjpegliYcbcr	3.5	png
maps	nps_nps-bibe-2023-Wild-and-Scenic-Rivers-Brochure_p01.png	zenjpeg	420	70	model_proj	35.272	76.745	0.9733	CjpegliYcbcr	3.5	png
maps	nps_nps-bibe-2023-Wild-and-Scenic-Rivers-Brochure_p01.png	zenjpeg	420	80	identity_off	35.410	76.285	1.0233	CjpegliYcbcr	2.5	png
maps	nps_nps-bibe-2023-Wild-and-Scenic-Rivers-Brochure_p01.png	zenjpeg	420	80	model_policy	36.922	78.787	0.8676	CjpegliYcbcr	2.5	png
maps	nps_nps-bibe-2023-Wild-and-Scenic-Rivers-Brochure_p01.png	zenjpeg	420	80	model_proj	36.930	78.736	0.8650	CjpegliYcbcr	2.5	png
maps	nps_nps-bibe-2023-Wild-and-Scenic-Rivers-Brochure_p01.png	zenjpeg	420	85	identity_off	36.794	78.765	0.8917	CjpegliYcbcr	1.8	png
maps	nps_nps-bibe-2023-Wild-and-Scenic-Rivers-Brochure_p01.png	zenjpeg	420	85	model_policy	38.053	80.807	0.8030	CjpegliYcbcr	1.8	png
maps	nps_nps-bibe-2023-Wild-and-Scenic-Rivers-Brochure_p01.png	zenjpeg	420	85	model_proj	38.057	80.778	0.8026	CjpegliYcbcr	1.8	png
maps	nps_nps-bibe-2023-Wild-and-Scenic-Rivers-Brochure_p01.png	zenjpeg	420	90	identity_off	38.991	82.159	0.7440	CjpegliYcbcr	1.3	png
maps	nps_nps-bibe-2023-Wild-and-Scenic-Rivers-Brochure_p01.png	zenjpeg	420	90	model_policy	39.830	83.517	0.7097	CjpegliYcbcr	1.3	png
maps	nps_nps-bibe-2023-Wild-and-Scenic-Rivers-Brochure_p01.png	zenjpeg	420	90	model_proj	39.847	83.860	0.7093	CjpegliYcbcr	1.3	png
maps	nps_nps-bibe-2023-Wild-and-Scenic-Rivers-Brochure_p01.png	zenjpeg	444	40	identity_off	30.610	62.467	1.7363	CjpegliYcbcr	5.5	png
maps	nps_nps-bibe-2023-Wild-and-Scenic-Rivers-Brochure_p01.png	zenjpeg	444	40	model_policy	32.612	66.965	1.4661	CjpegliYcbcr	5.5	png
maps	nps_nps-bibe-2023-Wild-and-Scenic-Rivers-Brochure_p01.png	zenjpeg	444	40	model_proj	32.612	66.957	1.4660	CjpegliYcbcr	5.5	png
maps	nps_nps-bibe-2023-Wild-and-Scenic-Rivers-Brochure_p01.png	zenjpeg	444	60	identity_off	32.961	72.068	1.3141	CjpegliYcbcr	3.7	png
maps	nps_nps-bibe-2023-Wild-and-Scenic-Rivers-Brochure_p01.png	zenjpeg	444	60	model_policy	34.791	75.497	1.0679	CjpegliYcbcr	3.7	png
maps	nps_nps-bibe-2023-Wild-and-Scenic-Rivers-Brochure_p01.png	zenjpeg	444	60	model_proj	34.791	75.523	1.0679	CjpegliYcbcr	3.7	png
maps	nps_nps-bibe-2023-Wild-and-Scenic-Rivers-Brochure_p01.png	zenjpeg	444	70	identity_off	34.491	76.346	1.1511	CjpegliYcbcr	2.8	png
maps	nps_nps-bibe-2023-Wild-and-Scenic-Rivers-Brochure_p01.png	zenjpeg	444	70	model_policy	36.129	79.251	0.9961	CjpegliYcbcr	2.8	png
maps	nps_nps-bibe-2023-Wild-and-Scenic-Rivers-Brochure_p01.png	zenjpeg	444	70	model_proj	36.130	79.306	0.9960	CjpegliYcbcr	2.8	png
maps	nps_nps-bibe-2023-Wild-and-Scenic-Rivers-Brochure_p01.png	zenjpeg	444	80	identity_off	36.390	77.699	0.9270	CjpegliYcbcr	1.9	png
maps	nps_nps-bibe-2023-Wild-and-Scenic-Rivers-Brochure_p01.png	zenjpeg	444	80	model_policy	37.763	80.025	0.8248	CjpegliYcbcr	1.9	png
maps	nps_nps-bibe-2023-Wild-and-Scenic-Rivers-Brochure_p01.png	zenjpeg	444	80	model_proj	37.771	80.124	0.8245	CjpegliYcbcr	1.9	png
maps	nps_nps-bibe-2023-Wild-and-Scenic-Rivers-Brochure_p01.png	zenjpeg	444	85	identity_off	37.908	81.020	0.7528	CjpegliYcbcr	1.4	png
maps	nps_nps-bibe-2023-Wild-and-Scenic-Rivers-Brochure_p01.png	zenjpeg	444	85	model_policy	38.990	82.929	0.6532	CjpegliYcbcr	1.4	png
maps	nps_nps-bibe-2023-Wild-and-Scenic-Rivers-Brochure_p01.png	zenjpeg	444	85	model_proj	39.005	83.021	0.6495	CjpegliYcbcr	1.4	png
maps	nps_nps-bibe-2023-Wild-and-Scenic-Rivers-Brochure_p01.png	zenjpeg	444	90	identity_off	40.041	83.307	0.7162	CjpegliYcbcr	1.1	png
maps	nps_nps-bibe-2023-Wild-and-Scenic-Rivers-Brochure_p01.png	zenjpeg	444	90	model_policy	40.696	84.229	0.6999	CjpegliYcbcr	1.1	png
maps	nps_nps-bibe-2023-Wild-and-Scenic-Rivers-Brochure_p01.png	zenjpeg	444	90	model_proj	40.736	84.402	0.6972	CjpegliYcbcr	1.1	png
maps	nps_nps-bibe-2023-Wild-and-Scenic-Rivers-Brochure_p02.png	turbo	420	40	identity_off	38.537	58.918	1.5982	ImageMagick	40.0	png
maps	nps_nps-bibe-2023-Wild-and-Scenic-Rivers-Brochure_p02.png	turbo	420	40	model_policy	39.082	63.971	1.4814	ImageMagick	40.0	png
maps	nps_nps-bibe-2023-Wild-and-Scenic-Rivers-Brochure_p02.png	turbo	420	40	model_proj	39.082	63.951	1.4814	ImageMagick	40.0	png
maps	nps_nps-bibe-2023-Wild-and-Scenic-Rivers-Brochure_p02.png	turbo	420	60	identity_off	39.915	69.501	1.4129	ImageMagick	60.0	png
maps	nps_nps-bibe-2023-Wild-and-Scenic-Rivers-Brochure_p02.png	turbo	420	60	model_policy	40.393	72.533	1.3499	ImageMagick	60.0	png
maps	nps_nps-bibe-2023-Wild-and-Scenic-Rivers-Brochure_p02.png	turbo	420	60	model_proj	40.393	72.525	1.3499	ImageMagick	60.0	png
maps	nps_nps-bibe-2023-Wild-and-Scenic-Rivers-Brochure_p02.png	turbo	420	70	identity_off	41.119	75.413	1.1389	ImageMagick	70.0	png
maps	nps_nps-bibe-2023-Wild-and-Scenic-Rivers-Brochure_p02.png	turbo	420	70	model_policy	41.567	77.048	1.0752	ImageMagick	70.0	png
maps	nps_nps-bibe-2023-Wild-and-Scenic-Rivers-Brochure_p02.png	turbo	420	70	model_proj	41.568	77.041	1.0752	ImageMagick	70.0	png
maps	nps_nps-bibe-2023-Wild-and-Scenic-Rivers-Brochure_p02.png	turbo	420	80	identity_off	43.283	82.403	0.8398	ImageMagick	80.0	png
maps	nps_nps-bibe-2023-Wild-and-Scenic-Rivers-Brochure_p02.png	turbo	420	80	model_policy	43.688	82.983	0.7681	ImageMagick	80.0	png
maps	nps_nps-bibe-2023-Wild-and-Scenic-Rivers-Brochure_p02.png	turbo	420	80	model_proj	43.683	82.896	0.7674	ImageMagick	80.0	png
maps	nps_nps-bibe-2023-Wild-and-Scenic-Rivers-Brochure_p02.png	turbo	420	85	identity_off	44.425	84.922	0.7194	ImageMagick	85.0	png
maps	nps_nps-bibe-2023-Wild-and-Scenic-Rivers-Brochure_p02.png	turbo	420	85	model_policy	44.789	85.454	0.6539	ImageMagick	85.0	png
maps	nps_nps-bibe-2023-Wild-and-Scenic-Rivers-Brochure_p02.png	turbo	420	85	model_proj	44.771	85.358	0.6548	ImageMagick	85.0	png
maps	nps_nps-bibe-2023-Wild-and-Scenic-Rivers-Brochure_p02.png	turbo	420	90	identity_off	46.190	88.026	0.5883	ImageMagick	90.0	png
maps	nps_nps-bibe-2023-Wild-and-Scenic-Rivers-Brochure_p02.png	turbo	420	90	model_policy	46.457	88.126	0.5288	ImageMagick	90.0	png
maps	nps_nps-bibe-2023-Wild-and-Scenic-Rivers-Brochure_p02.png	turbo	420	90	model_proj	46.261	87.819	0.5389	ImageMagick	90.0	png
maps	nps_nps-bibe-2023-Wild-and-Scenic-Rivers-Brochure_p02.png	turbo	444	40	identity_off	38.818	60.546	1.5770	ImageMagick	40.0	png
maps	nps_nps-bibe-2023-Wild-and-Scenic-Rivers-Brochure_p02.png	turbo	444	40	model_policy	39.449	65.506	1.4558	ImageMagick	40.0	png
maps	nps_nps-bibe-2023-Wild-and-Scenic-Rivers-Brochure_p02.png	turbo	444	40	model_proj	39.449	65.536	1.4558	ImageMagick	40.0	png
maps	nps_nps-bibe-2023-Wild-and-Scenic-Rivers-Brochure_p02.png	turbo	444	60	identity_off	40.207	70.184	1.4277	ImageMagick	60.0	png
maps	nps_nps-bibe-2023-Wild-and-Scenic-Rivers-Brochure_p02.png	turbo	444	60	model_policy	40.737	73.219	1.3656	ImageMagick	60.0	png
maps	nps_nps-bibe-2023-Wild-and-Scenic-Rivers-Brochure_p02.png	turbo	444	60	model_proj	40.739	73.184	1.3655	ImageMagick	60.0	png
maps	nps_nps-bibe-2023-Wild-and-Scenic-Rivers-Brochure_p02.png	turbo	444	70	identity_off	41.466	76.599	1.1465	ImageMagick	70.0	png
maps	nps_nps-bibe-2023-Wild-and-Scenic-Rivers-Brochure_p02.png	turbo	444	70	model_policy	41.929	78.146	1.0856	ImageMagick	70.0	png
maps	nps_nps-bibe-2023-Wild-and-Scenic-Rivers-Brochure_p02.png	turbo	444	70	model_proj	41.932	78.184	1.0852	ImageMagick	70.0	png
maps	nps_nps-bibe-2023-Wild-and-Scenic-Rivers-Brochure_p02.png	turbo	444	80	identity_off	43.755	83.925	0.8219	ImageMagick	80.0	png
maps	nps_nps-bibe-2023-Wild-and-Scenic-Rivers-Brochure_p02.png	turbo	444	80	model_policy	44.195	84.480	0.7469	ImageMagick	80.0	png
maps	nps_nps-bibe-2023-Wild-and-Scenic-Rivers-Brochure_p02.png	turbo	444	80	model_proj	44.190	84.391	0.7467	ImageMagick	80.0	png
maps	nps_nps-bibe-2023-Wild-and-Scenic-Rivers-Brochure_p02.png	turbo	444	85	identity_off	45.038	86.334	0.7058	ImageMagick	85.0	png
maps	nps_nps-bibe-2023-Wild-and-Scenic-Rivers-Brochure_p02.png	turbo	444	85	model_policy	45.390	86.619	0.6384	ImageMagick	85.0	png
maps	nps_nps-bibe-2023-Wild-and-Scenic-Rivers-Brochure_p02.png	turbo	444	85	model_proj	45.367	86.703	0.6391	ImageMagick	85.0	png
maps	nps_nps-bibe-2023-Wild-and-Scenic-Rivers-Brochure_p02.png	turbo	444	90	identity_off	46.935	89.202	0.5741	ImageMagick	90.0	png
maps	nps_nps-bibe-2023-Wild-and-Scenic-Rivers-Brochure_p02.png	turbo	444	90	model_policy	47.093	89.006	0.5149	ImageMagick	90.0	png
maps	nps_nps-bibe-2023-Wild-and-Scenic-Rivers-Brochure_p02.png	turbo	444	90	model_proj	46.832	88.614	0.5256	ImageMagick	90.0	png
maps	nps_nps-bibe-2023-Wild-and-Scenic-Rivers-Brochure_p02.png	mozjpeg	420	40	identity_off	37.370	54.157	1.8311	Mozjpeg	40.0	png
maps	nps_nps-bibe-2023-Wild-and-Scenic-Rivers-Brochure_p02.png	mozjpeg	420	40	model_policy	37.695	57.614	1.7533	Mozjpeg	40.0	png
maps	nps_nps-bibe-2023-Wild-and-Scenic-Rivers-Brochure_p02.png	mozjpeg	420	40	model_proj	37.695	57.634	1.7533	Mozjpeg	40.0	png
maps	nps_nps-bibe-2023-Wild-and-Scenic-Rivers-Brochure_p02.png	mozjpeg	420	60	identity_off	39.347	66.485	1.3728	Mozjpeg	60.0	png
maps	nps_nps-bibe-2023-Wild-and-Scenic-Rivers-Brochure_p02.png	mozjpeg	420	60	model_policy	39.641	68.933	1.3102	Mozjpeg	60.0	png
maps	nps_nps-bibe-2023-Wild-and-Scenic-Rivers-Brochure_p02.png	mozjpeg	420	60	model_proj	39.641	68.883	1.3102	Mozjpeg	60.0	png
maps	nps_nps-bibe-2023-Wild-and-Scenic-Rivers-Brochure_p02.png	mozjpeg	420	70	identity_off	40.165	71.007	1.2780	Mozjpeg	70.0	png
maps	nps_nps-bibe-2023-Wild-and-Scenic-Rivers-Brochure_p02.png	mozjpeg	420	70	model_policy	40.409	72.543	1.2236	Mozjpeg	70.0	png
maps	nps_nps-bibe-2023-Wild-and-Scenic-Rivers-Brochure_p02.png	mozjpeg	420	70	model_proj	40.409	72.545	1.2236	Mozjpeg	70.0	png
maps	nps_nps-bibe-2023-Wild-and-Scenic-Rivers-Brochure_p02.png	mozjpeg	420	80	identity_off	42.327	79.802	0.9141	Mozjpeg	80.0	png
maps	nps_nps-bibe-2023-Wild-and-Scenic-Rivers-Brochure_p02.png	mozjpeg	420	80	model_policy	42.498	80.222	0.8743	Mozjpeg	80.0	png
maps	nps_nps-bibe-2023-Wild-and-Scenic-Rivers-Brochure_p02.png	mozjpeg	420	80	model_proj	42.490	80.096	0.8743	Mozjpeg	80.0	png
maps	nps_nps-bibe-2023-Wild-and-Scenic-Rivers-Brochure_p02.png	mozjpeg	420	85	identity_off	43.565	83.035	0.7869	Mozjpeg	85.0	png
maps	nps_nps-bibe-2023-Wild-and-Scenic-Rivers-Brochure_p02.png	mozjpeg	420	85	model_policy	43.653	83.119	0.7588	Mozjpeg	85.0	png
maps	nps_nps-bibe-2023-Wild-and-Scenic-Rivers-Brochure_p02.png	mozjpeg	420	85	model_proj	43.632	82.992	0.7604	Mozjpeg	85.0	png
maps	nps_nps-bibe-2023-Wild-and-Scenic-Rivers-Brochure_p02.png	mozjpeg	420	90	identity_off	45.399	87.129	0.6255	Mozjpeg	90.0	png
maps	nps_nps-bibe-2023-Wild-and-Scenic-Rivers-Brochure_p02.png	mozjpeg	420	90	model_policy	45.331	86.679	0.6064	Mozjpeg	90.0	png
maps	nps_nps-bibe-2023-Wild-and-Scenic-Rivers-Brochure_p02.png	mozjpeg	420	90	model_proj	45.181	86.607	0.6166	Mozjpeg	90.0	png
maps	nps_nps-bibe-2023-Wild-and-Scenic-Rivers-Brochure_p02.png	mozjpeg	444	40	identity_off	37.591	55.268	1.8235	Mozjpeg	40.0	png
maps	nps_nps-bibe-2023-Wild-and-Scenic-Rivers-Brochure_p02.png	mozjpeg	444	40	model_policy	37.953	58.760	1.7423	Mozjpeg	40.0	png
maps	nps_nps-bibe-2023-Wild-and-Scenic-Rivers-Brochure_p02.png	mozjpeg	444	40	model_proj	37.954	58.756	1.7422	Mozjpeg	40.0	png
maps	nps_nps-bibe-2023-Wild-and-Scenic-Rivers-Brochure_p02.png	mozjpeg	444	60	identity_off	39.673	67.936	1.3525	Mozjpeg	60.0	png
maps	nps_nps-bibe-2023-Wild-and-Scenic-Rivers-Brochure_p02.png	mozjpeg	444	60	model_policy	39.987	70.322	1.2903	Mozjpeg	60.0	png
maps	nps_nps-bibe-2023-Wild-and-Scenic-Rivers-Brochure_p02.png	mozjpeg	444	60	model_proj	39.989	70.337	1.2902	Mozjpeg	60.0	png
maps	nps_nps-bibe-2023-Wild-and-Scenic-Rivers-Brochure_p02.png	mozjpeg	444	70	identity_off	40.410	71.845	1.2879	Mozjpeg	70.0	png
maps	nps_nps-bibe-2023-Wild-and-Scenic-Rivers-Brochure_p02.png	mozjpeg	444	70	model_policy	40.644	73.399	1.2323	Mozjpeg	70.0	png
maps	nps_nps-bibe-2023-Wild-and-Scenic-Rivers-Brochure_p02.png	mozjpeg	444	70	model_proj	40.646	73.367	1.2322	Mozjpeg	70.0	png
maps	nps_nps-bibe-2023-Wild-and-Scenic-Rivers-Brochure_p02.png	mozjpeg	444	80	identity_off	42.660	81.060	0.9044	Mozjpeg	80.0	png
maps	nps_nps-bibe-2023-Wild-and-Scenic-Rivers-Brochure_p02.png	mozjpeg	444	80	model_policy	42.794	81.299	0.8647	Mozjpeg	80.0	png
maps	nps_nps-bibe-2023-Wild-and-Scenic-Rivers-Brochure_p02.png	mozjpeg	444	80	model_proj	42.788	81.242	0.8646	Mozjpeg	80.0	png
maps	nps_nps-bibe-2023-Wild-and-Scenic-Rivers-Brochure_p02.png	mozjpeg	444	85	identity_off	44.026	84.217	0.7761	Mozjpeg	85.0	png
maps	nps_nps-bibe-2023-Wild-and-Scenic-Rivers-Brochure_p02.png	mozjpeg	444	85	model_policy	44.043	84.303	0.7453	Mozjpeg	85.0	png
maps	nps_nps-bibe-2023-Wild-and-Scenic-Rivers-Brochure_p02.png	mozjpeg	444	85	model_proj	44.017	84.081	0.7469	Mozjpeg	85.0	png
maps	nps_nps-bibe-2023-Wild-and-Scenic-Rivers-Brochure_p02.png	mozjpeg	444	90	identity_off	45.918	88.110	0.6163	Mozjpeg	90.0	png
maps	nps_nps-bibe-2023-Wild-and-Scenic-Rivers-Brochure_p02.png	mozjpeg	444	90	model_policy	45.732	87.534	0.5976	Mozjpeg	90.0	png
maps	nps_nps-bibe-2023-Wild-and-Scenic-Rivers-Brochure_p02.png	mozjpeg	444	90	model_proj	45.555	87.141	0.6087	Mozjpeg	90.0	png
maps	nps_nps-bibe-2023-Wild-and-Scenic-Rivers-Brochure_p02.png	jpegli	420	40	identity_off	38.680	64.924	1.5264	CjpegliYcbcr	6.7	png
maps	nps_nps-bibe-2023-Wild-and-Scenic-Rivers-Brochure_p02.png	jpegli	420	40	model_policy	38.973	67.004	1.4584	CjpegliYcbcr	6.7	png
maps	nps_nps-bibe-2023-Wild-and-Scenic-Rivers-Brochure_p02.png	jpegli	420	40	model_proj	38.973	66.968	1.4584	CjpegliYcbcr	6.7	png
maps	nps_nps-bibe-2023-Wild-and-Scenic-Rivers-Brochure_p02.png	jpegli	420	60	identity_off	40.148	70.025	1.3003	CjpegliYcbcr	4.6	png
maps	nps_nps-bibe-2023-Wild-and-Scenic-Rivers-Brochure_p02.png	jpegli	420	60	model_policy	40.421	71.794	1.2351	CjpegliYcbcr	4.6	png
maps	nps_nps-bibe-2023-Wild-and-Scenic-Rivers-Brochure_p02.png	jpegli	420	60	model_proj	40.425	71.799	1.2336	CjpegliYcbcr	4.6	png
maps	nps_nps-bibe-2023-Wild-and-Scenic-Rivers-Brochure_p02.png	jpegli	420	70	identity_off	41.384	73.819	1.2252	CjpegliYcbcr	3.5	png
maps	nps_nps-bibe-2023-Wild-and-Scenic-Rivers-Brochure_p02.png	jpegli	420	70	model_policy	41.628	75.185	1.1819	CjpegliYcbcr	3.5	png
maps	nps_nps-bibe-2023-Wild-and-Scenic-Rivers-Brochure_p02.png	jpegli	420	70	model_proj	41.632	75.149	1.1782	CjpegliYcbcr	3.5	png
maps	nps_nps-bibe-2023-Wild-and-Scenic-Rivers-Brochure_p02.png	jpegli	420	80	identity_off	42.993	79.638	0.9317	CjpegliYcbcr	2.5	png
maps	nps_nps-bibe-2023-Wild-and-Scenic-Rivers-Brochure_p02.png	jpegli	420	80	model_policy	43.177	80.154	0.9017	CjpegliYcbcr	2.5	png
maps	nps_nps-bibe-2023-Wild-and-Scenic-Rivers-Brochure_p02.png	jpegli	420	80	model_proj	43.175	80.187	0.9001	CjpegliYcbcr	2.5	png
maps	nps_nps-bibe-2023-Wild-and-Scenic-Rivers-Brochure_p02.png	jpegli	420	85	identity_off	44.132	81.597	0.9377	CjpegliYcbcr	1.8	png
maps	nps_nps-bibe-2023-Wild-and-Scenic-Rivers-Brochure_p02.png	jpegli	420	85	model_policy	44.257	82.053	0.9178	CjpegliYcbcr	1.8	png
maps	nps_nps-bibe-2023-Wild-and-Scenic-Rivers-Brochure_p02.png	jpegli	420	85	model_proj	44.248	82.016	0.9103	CjpegliYcbcr	1.8	png
maps	nps_nps-bibe-2023-Wild-and-Scenic-Rivers-Brochure_p02.png	jpegli	420	90	identity_off	45.761	85.304	0.6730	CjpegliYcbcr	1.3	png
maps	nps_nps-bibe-2023-Wild-and-Scenic-Rivers-Brochure_p02.png	jpegli	420	90	model_policy	45.765	85.458	0.6459	CjpegliYcbcr	1.3	png
maps	nps_nps-bibe-2023-Wild-and-Scenic-Rivers-Brochure_p02.png	jpegli	420	90	model_proj	45.717	85.605	0.6445	CjpegliYcbcr	1.3	png
maps	nps_nps-bibe-2023-Wild-and-Scenic-Rivers-Brochure_p02.png	jpegli	444	40	identity_off	38.333	63.820	1.6857	CjpegliYcbcr	5.5	png
maps	nps_nps-bibe-2023-Wild-and-Scenic-Rivers-Brochure_p02.png	jpegli	444	40	model_policy	38.728	66.803	1.6312	CjpegliYcbcr	5.5	png
maps	nps_nps-bibe-2023-Wild-and-Scenic-Rivers-Brochure_p02.png	jpegli	444	40	model_proj	38.729	66.842	1.6311	CjpegliYcbcr	5.5	png
maps	nps_nps-bibe-2023-Wild-and-Scenic-Rivers-Brochure_p02.png	jpegli	444	60	identity_off	40.558	73.763	1.2192	CjpegliYcbcr	3.7	png
maps	nps_nps-bibe-2023-Wild-and-Scenic-Rivers-Brochure_p02.png	jpegli	444	60	model_policy	40.885	74.645	1.1696	CjpegliYcbcr	3.7	png
maps	nps_nps-bibe-2023-Wild-and-Scenic-Rivers-Brochure_p02.png	jpegli	444	60	model_proj	40.885	74.603	1.1695	CjpegliYcbcr	3.7	png
maps	nps_nps-bibe-2023-Wild-and-Scenic-Rivers-Brochure_p02.png	jpegli	444	70	identity_off	41.611	77.798	1.1432	CjpegliYcbcr	2.8	png
maps	nps_nps-bibe-2023-Wild-and-Scenic-Rivers-Brochure_p02.png	jpegli	444	70	model_policy	41.938	78.722	1.1122	CjpegliYcbcr	2.8	png
maps	nps_nps-bibe-2023-Wild-and-Scenic-Rivers-Brochure_p02.png	jpegli	444	70	model_proj	41.939	78.748	1.1121	CjpegliYcbcr	2.8	png
maps	nps_nps-bibe-2023-Wild-and-Scenic-Rivers-Brochure_p02.png	jpegli	444	80	identity_off	43.198	79.459	1.0546	CjpegliYcbcr	1.9	png
maps	nps_nps-bibe-2023-Wild-and-Scenic-Rivers-Brochure_p02.png	jpegli	444	80	model_policy	43.439	80.161	1.0367	CjpegliYcbcr	1.9	png
maps	nps_nps-bibe-2023-Wild-and-Scenic-Rivers-Brochure_p02.png	jpegli	444	80	model_proj	43.457	80.335	1.0337	CjpegliYcbcr	1.9	png
maps	nps_nps-bibe-2023-Wild-and-Scenic-Rivers-Brochure_p02.png	jpegli	444	85	identity_off	44.631	83.353	0.7553	CjpegliYcbcr	1.4	png
maps	nps_nps-bibe-2023-Wild-and-Scenic-Rivers-Brochure_p02.png	jpegli	444	85	model_policy	44.809	83.673	0.7200	CjpegliYcbcr	1.4	png
maps	nps_nps-bibe-2023-Wild-and-Scenic-Rivers-Brochure_p02.png	jpegli	444	85	model_proj	44.818	83.725	0.7171	CjpegliYcbcr	1.4	png
maps	nps_nps-bibe-2023-Wild-and-Scenic-Rivers-Brochure_p02.png	jpegli	444	90	identity_off	46.381	85.698	0.6207	CjpegliYcbcr	1.1	png
maps	nps_nps-bibe-2023-Wild-and-Scenic-Rivers-Brochure_p02.png	jpegli	444	90	model_policy	46.368	85.671	0.6044	CjpegliYcbcr	1.1	png
maps	nps_nps-bibe-2023-Wild-and-Scenic-Rivers-Brochure_p02.png	jpegli	444	90	model_proj	46.394	85.791	0.6014	CjpegliYcbcr	1.1	png
maps	nps_nps-bibe-2023-Wild-and-Scenic-Rivers-Brochure_p02.png	zenjpeg	420	40	identity_off	38.647	64.926	1.5366	CjpegliYcbcr	6.7	png
maps	nps_nps-bibe-2023-Wild-and-Scenic-Rivers-Brochure_p02.png	zenjpeg	420	40	model_policy	38.937	67.001	1.4683	CjpegliYcbcr	6.7	png
maps	nps_nps-bibe-2023-Wild-and-Scenic-Rivers-Brochure_p02.png	zenjpeg	420	40	model_proj	38.937	66.974	1.4682	CjpegliYcbcr	6.7	png
maps	nps_nps-bibe-2023-Wild-and-Scenic-Rivers-Brochure_p02.png	zenjpeg	420	60	identity_off	40.190	70.843	1.2878	CjpegliYcbcr	4.6	png
maps	nps_nps-bibe-2023-Wild-and-Scenic-Rivers-Brochure_p02.png	zenjpeg	420	60	model_policy	40.469	72.373	1.2245	CjpegliYcbcr	4.6	png
maps	nps_nps-bibe-2023-Wild-and-Scenic-Rivers-Brochure_p02.png	zenjpeg	420	60	model_proj	40.465	72.448	1.2238	CjpegliYcbcr	4.6	png
maps	nps_nps-bibe-2023-Wild-and-Scenic-Rivers-Brochure_p02.png	zenjpeg	420	70	identity_off	41.426	75.804	1.1134	CjpegliYcbcr	3.5	png
maps	nps_nps-bibe-2023-Wild-and-Scenic-Rivers-Brochure_p02.png	zenjpeg	420	70	model_policy	41.668	76.746	1.0523	CjpegliYcbcr	3.5	png
maps	nps_nps-bibe-2023-Wild-and-Scenic-Rivers-Brochure_p02.png	zenjpeg	420	70	model_proj	41.666	76.745	1.0519	CjpegliYcbcr	3.5	png
maps	nps_nps-bibe-2023-Wild-and-Scenic-Rivers-Brochure_p02.png	zenjpeg	420	80	identity_off	43.036	80.702	0.9058	CjpegliYcbcr	2.5	png
maps	nps_nps-bibe-2023-Wild-and-Scenic-Rivers-Brochure_p02.png	zenjpeg	420	80	model_policy	43.222	81.202	0.8594	CjpegliYcbcr	2.5	png
maps	nps_nps-bibe-2023-Wild-and-Scenic-Rivers-Brochure_p02.png	zenjpeg	420	80	model_proj	43.203	81.128	0.8602	CjpegliYcbcr	2.5	png
maps	nps_nps-bibe-2023-Wild-and-Scenic-Rivers-Brochure_p02.png	zenjpeg	420	85	identity_off	44.180	83.472	0.7777	CjpegliYcbcr	1.8	png
maps	nps_nps-bibe-2023-Wild-and-Scenic-Rivers-Brochure_p02.png	zenjpeg	420	85	model_policy	44.288	83.609	0.7345	CjpegliYcbcr	1.8	png
maps	nps_nps-bibe-2023-Wild-and-Scenic-Rivers-Brochure_p02.png	zenjpeg	420	85	model_proj	44.244	83.571	0.7373	CjpegliYcbcr	1.8	png
maps	nps_nps-bibe-2023-Wild-and-Scenic-Rivers-Brochure_p02.png	zenjpeg	420	90	identity_off	45.881	86.957	0.6231	CjpegliYcbcr	1.3	png
maps	nps_nps-bibe-2023-Wild-and-Scenic-Rivers-Brochure_p02.png	zenjpeg	420	90	model_policy	45.864	86.622	0.5961	CjpegliYcbcr	1.3	png
maps	nps_nps-bibe-2023-Wild-and-Scenic-Rivers-Brochure_p02.png	zenjpeg	420	90	model_proj	45.686	86.475	0.6134	CjpegliYcbcr	1.3	png
maps	nps_nps-bibe-2023-Wild-and-Scenic-Rivers-Brochure_p02.png	zenjpeg	444	40	identity_off	38.378	66.761	1.6638	CjpegliYcbcr	5.5	png
maps	nps_nps-bibe-2023-Wild-and-Scenic-Rivers-Brochure_p02.png	zenjpeg	444	40	model_policy	38.737	68.593	1.6222	CjpegliYcbcr	5.5	png
maps	nps_nps-bibe-2023-Wild-and-Scenic-Rivers-Brochure_p02.png	zenjpeg	444	40	model_proj	38.738	68.588	1.6221	CjpegliYcbcr	5.5	png
maps	nps_nps-bibe-2023-Wild-and-Scenic-Rivers-Brochure_p02.png	zenjpeg	444	60	identity_off	40.433	73.974	1.3347	CjpegliYcbcr	3.7	png
maps	nps_nps-bibe-2023-Wild-and-Scenic-Rivers-Brochure_p02.png	zenjpeg	444	60	model_policy	40.725	74.753	1.3078	CjpegliYcbcr	3.7	png
maps	nps_nps-bibe-2023-Wild-and-Scenic-Rivers-Brochure_p02.png	zenjpeg	444	60	model_proj	40.726	74.756	1.3077	CjpegliYcbcr	3.7	png
maps	nps_nps-bibe-2023-Wild-and-Scenic-Rivers-Brochure_p02.png	zenjpeg	444	70	identity_off	41.393	77.179	1.2994	CjpegliYcbcr	2.8	png
maps	nps_nps-bibe-2023-Wild-and-Scenic-Rivers-Brochure_p02.png	zenjpeg	444	70	model_policy	41.665	77.910	1.2809	CjpegliYcbcr	2.8	png
maps	nps_nps-bibe-2023-Wild-and-Scenic-Rivers-Brochure_p02.png	zenjpeg	444	70	model_proj	41.667	77.921	1.2808	CjpegliYcbcr	2.8	png
maps	nps_nps-bibe-2023-Wild-and-Scenic-Rivers-Brochure_p02.png	zenjpeg	444	80	identity_off	43.399	82.075	0.9179	CjpegliYcbcr	1.9	png
maps	nps_nps-bibe-2023-Wild-and-Scenic-Rivers-Brochure_p02.png	zenjpeg	444	80	model_policy	43.613	82.395	0.8898	CjpegliYcbcr	1.9	png
maps	nps_nps-bibe-2023-Wild-and-Scenic-Rivers-Brochure_p02.png	zenjpeg	444	80	model_proj	43.619	82.465	0.8908	CjpegliYcbcr	1.9	png
maps	nps_nps-bibe-2023-Wild-and-Scenic-Rivers-Brochure_p02.png	zenjpeg	444	85	identity_off	44.907	85.811	0.6856	CjpegliYcbcr	1.4	png
maps	nps_nps-bibe-2023-Wild-and-Scenic-Rivers-Brochure_p02.png	zenjpeg	444	85	model_policy	45.051	85.759	0.6508	CjpegliYcbcr	1.4	png
maps	nps_nps-bibe-2023-Wild-and-Scenic-Rivers-Brochure_p02.png	zenjpeg	444	85	model_proj	45.050	85.682	0.6499	CjpegliYcbcr	1.4	png
maps	nps_nps-bibe-2023-Wild-and-Scenic-Rivers-Brochure_p02.png	zenjpeg	444	90	identity_off	46.608	87.570	0.5665	CjpegliYcbcr	1.1	png
maps	nps_nps-bibe-2023-Wild-and-Scenic-Rivers-Brochure_p02.png	zenjpeg	444	90	model_policy	46.585	87.356	0.5586	CjpegliYcbcr	1.1	png
maps	nps_nps-bibe-2023-Wild-and-Scenic-Rivers-Brochure_p02.png	zenjpeg	444	90	model_proj	46.528	87.420	0.5636	CjpegliYcbcr	1.1	png
maps	nps_nps-biho-FINAL-VERSION_BIHO-unigrid_Side-1_X3_compressed-for-web-6_p01.png	turbo	420	40	identity_off	35.043	64.086	1.8658	ImageMagick	40.0	png
maps	nps_nps-biho-FINAL-VERSION_BIHO-unigrid_Side-1_X3_compressed-for-web-6_p01.png	turbo	420	40	model_policy	36.742	69.318	1.5471	ImageMagick	40.0	png
maps	nps_nps-biho-FINAL-VERSION_BIHO-unigrid_Side-1_X3_compressed-for-web-6_p01.png	turbo	420	40	model_proj	36.742	69.334	1.5468	ImageMagick	40.0	png
maps	nps_nps-biho-FINAL-VERSION_BIHO-unigrid_Side-1_X3_compressed-for-web-6_p01.png	turbo	420	60	identity_off	37.081	72.825	1.4740	ImageMagick	60.0	png
maps	nps_nps-biho-FINAL-VERSION_BIHO-unigrid_Side-1_X3_compressed-for-web-6_p01.png	turbo	420	60	model_policy	38.708	76.486	1.2352	ImageMagick	60.0	png
maps	nps_nps-biho-FINAL-VERSION_BIHO-unigrid_Side-1_X3_compressed-for-web-6_p01.png	turbo	420	60	model_proj	38.710	76.454	1.2316	ImageMagick	60.0	png
maps	nps_nps-biho-FINAL-VERSION_BIHO-unigrid_Side-1_X3_compressed-for-web-6_p01.png	turbo	420	70	identity_off	37.862	75.917	1.3375	ImageMagick	70.0	png
maps	nps_nps-biho-FINAL-VERSION_BIHO-unigrid_Side-1_X3_compressed-for-web-6_p01.png	turbo	420	70	model_policy	39.503	79.618	1.0738	ImageMagick	70.0	png
maps	nps_nps-biho-FINAL-VERSION_BIHO-unigrid_Side-1_X3_compressed-for-web-6_p01.png	turbo	420	70	model_proj	39.515	79.686	1.0679	ImageMagick	70.0	png
maps	nps_nps-biho-FINAL-VERSION_BIHO-unigrid_Side-1_X3_compressed-for-web-6_p01.png	turbo	420	80	identity_off	39.322	80.487	1.0268	ImageMagick	80.0	png
maps	nps_nps-biho-FINAL-VERSION_BIHO-unigrid_Side-1_X3_compressed-for-web-6_p01.png	turbo	420	80	model_policy	40.794	83.058	0.8230	ImageMagick	80.0	png
maps	nps_nps-biho-FINAL-VERSION_BIHO-unigrid_Side-1_X3_compressed-for-web-6_p01.png	turbo	420	80	model_proj	40.890	83.013	0.8306	ImageMagick	80.0	png
maps	nps_nps-biho-FINAL-VERSION_BIHO-unigrid_Side-1_X3_compressed-for-web-6_p01.png	turbo	420	85	identity_off	40.204	83.960	0.9019	ImageMagick	85.0	png
maps	nps_nps-biho-FINAL-VERSION_BIHO-unigrid_Side-1_X3_compressed-for-web-6_p01.png	turbo	420	85	model_policy	41.483	85.626	0.7857	ImageMagick	85.0	png
maps	nps_nps-biho-FINAL-VERSION_BIHO-unigrid_Side-1_X3_compressed-for-web-6_p01.png	turbo	420	85	model_proj	41.625	85.897	0.7595	ImageMagick	85.0	png
maps	nps_nps-biho-FINAL-VERSION_BIHO-unigrid_Side-1_X3_compressed-for-web-6_p01.png	turbo	420	90	identity_off	41.490	87.081	0.7707	ImageMagick	90.0	png
maps	nps_nps-biho-FINAL-VERSION_BIHO-unigrid_Side-1_X3_compressed-for-web-6_p01.png	turbo	420	90	model_policy	42.605	87.886	0.6753	ImageMagick	90.0	png
maps	nps_nps-biho-FINAL-VERSION_BIHO-unigrid_Side-1_X3_compressed-for-web-6_p01.png	turbo	420	90	model_proj	42.820	88.140	0.6959	ImageMagick	90.0	png
maps	nps_nps-biho-FINAL-VERSION_BIHO-unigrid_Side-1_X3_compressed-for-web-6_p01.png	turbo	444	40	identity_off	35.731	66.505	1.8327	ImageMagick	40.0	png
maps	nps_nps-biho-FINAL-VERSION_BIHO-unigrid_Side-1_X3_compressed-for-web-6_p01.png	turbo	444	40	model_policy	37.472	71.386	1.4835	ImageMagick	40.0	png
maps	nps_nps-biho-FINAL-VERSION_BIHO-unigrid_Side-1_X3_compressed-for-web-6_p01.png	turbo	444	40	model_proj	37.475	71.378	1.4833	ImageMagick	40.0	png
maps	nps_nps-biho-FINAL-VERSION_BIHO-unigrid_Side-1_X3_compressed-for-web-6_p01.png	turbo	444	60	identity_off	37.812	74.530	1.4434	ImageMagick	60.0	png
maps	nps_nps-biho-FINAL-VERSION_BIHO-unigrid_Side-1_X3_compressed-for-web-6_p01.png	turbo	444	60	model_policy	39.497	78.145	1.1778	ImageMagick	60.0	png
maps	nps_nps-biho-FINAL-VERSION_BIHO-unigrid_Side-1_X3_compressed-for-web-6_p01.png	turbo	444	60	model_proj	39.510	78.190	1.1774	ImageMagick	60.0	png
maps	nps_nps-biho-FINAL-VERSION_BIHO-unigrid_Side-1_X3_compressed-for-web-6_p01.png	turbo	444	70	identity_off	38.927	78.128	1.2788	ImageMagick	70.0	png
maps	nps_nps-biho-FINAL-VERSION_BIHO-unigrid_Side-1_X3_compressed-for-web-6_p01.png	turbo	444	70	model_policy	40.589	81.686	0.9953	ImageMagick	70.0	png
maps	nps_nps-biho-FINAL-VERSION_BIHO-unigrid_Side-1_X3_compressed-for-web-6_p01.png	turbo	444	70	model_proj	40.615	81.806	0.9943	ImageMagick	70.0	png
maps	nps_nps-biho-FINAL-VERSION_BIHO-unigrid_Side-1_X3_compressed-for-web-6_p01.png	turbo	444	80	identity_off	40.779	82.956	0.9945	ImageMagick	80.0	png
maps	nps_nps-biho-FINAL-VERSION_BIHO-unigrid_Side-1_X3_compressed-for-web-6_p01.png	turbo	444	80	model_policy	41.937	85.109	0.7889	ImageMagick	80.0	png
maps	nps_nps-biho-FINAL-VERSION_BIHO-unigrid_Side-1_X3_compressed-for-web-6_p01.png	turbo	444	80	model_proj	42.116	85.119	0.8032	ImageMagick	80.0	png
maps	nps_nps-biho-FINAL-VERSION_BIHO-unigrid_Side-1_X3_compressed-for-web-6_p01.png	turbo	444	85	identity_off	42.156	85.653	0.8629	ImageMagick	85.0	png
maps	nps_nps-biho-FINAL-VERSION_BIHO-unigrid_Side-1_X3_compressed-for-web-6_p01.png	turbo	444	85	model_policy	42.918	87.009	0.7091	ImageMagick	85.0	png
maps	nps_nps-biho-FINAL-VERSION_BIHO-unigrid_Side-1_X3_compressed-for-web-6_p01.png	turbo	444	85	model_proj	43.187	87.320	0.7304	ImageMagick	85.0	png
maps	nps_nps-biho-FINAL-VERSION_BIHO-unigrid_Side-1_X3_compressed-for-web-6_p01.png	turbo	444	90	identity_off	43.871	88.481	0.7270	ImageMagick	90.0	png
maps	nps_nps-biho-FINAL-VERSION_BIHO-unigrid_Side-1_X3_compressed-for-web-6_p01.png	turbo	444	90	model_policy	44.077	88.954	0.6500	ImageMagick	90.0	png
maps	nps_nps-biho-FINAL-VERSION_BIHO-unigrid_Side-1_X3_compressed-for-web-6_p01.png	turbo	444	90	model_proj	44.507	89.163	0.6817	ImageMagick	90.0	png
maps	nps_nps-biho-FINAL-VERSION_BIHO-unigrid_Side-1_X3_compressed-for-web-6_p01.png	mozjpeg	420	40	identity_off	32.959	62.120	2.0493	Mozjpeg	40.0	png
maps	nps_nps-biho-FINAL-VERSION_BIHO-unigrid_Side-1_X3_compressed-for-web-6_p01.png	mozjpeg	420	40	model_policy	34.717	65.091	1.9341	Mozjpeg	40.0	png
maps	nps_nps-biho-FINAL-VERSION_BIHO-unigrid_Side-1_X3_compressed-for-web-6_p01.png	mozjpeg	420	40	model_proj	34.556	65.100	1.9442	Mozjpeg	40.0	png
maps	nps_nps-biho-FINAL-VERSION_BIHO-unigrid_Side-1_X3_compressed-for-web-6_p01.png	mozjpeg	420	60	identity_off	34.257	70.337	1.4789	Mozjpeg	60.0	png
maps	nps_nps-biho-FINAL-VERSION_BIHO-unigrid_Side-1_X3_compressed-for-web-6_p01.png	mozjpeg	420	60	model_policy	36.301	72.643	1.3398	Mozjpeg	60.0	png
maps	nps_nps-biho-FINAL-VERSION_BIHO-unigrid_Side-1_X3_compressed-for-web-6_p01.png	mozjpeg	420	60	model_proj	36.189	72.604	1.3407	Mozjpeg	60.0	png
maps	nps_nps-biho-FINAL-VERSION_BIHO-unigrid_Side-1_X3_compressed-for-web-6_p01.png	mozjpeg	420	70	identity_off	35.031	73.431	1.4404	Mozjpeg	70.0	png
maps	nps_nps-biho-FINAL-VERSION_BIHO-unigrid_Side-1_X3_compressed-for-web-6_p01.png	mozjpeg	420	70	model_policy	37.116	76.061	1.2037	Mozjpeg	70.0	png
maps	nps_nps-biho-FINAL-VERSION_BIHO-unigrid_Side-1_X3_compressed-for-web-6_p01.png	mozjpeg	420	70	model_proj	37.048	76.040	1.1654	Mozjpeg	70.0	png
maps	nps_nps-biho-FINAL-VERSION_BIHO-unigrid_Side-1_X3_compressed-for-web-6_p01.png	mozjpeg	420	80	identity_off	36.942	78.220	1.2187	Mozjpeg	80.0	png
maps	nps_nps-biho-FINAL-VERSION_BIHO-unigrid_Side-1_X3_compressed-for-web-6_p01.png	mozjpeg	420	80	model_policy	38.780	80.038	1.0013	Mozjpeg	80.0	png
maps	nps_nps-biho-FINAL-VERSION_BIHO-unigrid_Side-1_X3_compressed-for-web-6_p01.png	mozjpeg	420	80	model_proj	38.784	80.114	0.9792	Mozjpeg	80.0	png
maps	nps_nps-biho-FINAL-VERSION_BIHO-unigrid_Side-1_X3_compressed-for-web-6_p01.png	mozjpeg	420	85	identity_off	38.044	81.077	1.0442	Mozjpeg	85.0	png
maps	nps_nps-biho-FINAL-VERSION_BIHO-unigrid_Side-1_X3_compressed-for-web-6_p01.png	mozjpeg	420	85	model_policy	39.818	82.624	0.8772	Mozjpeg	85.0	png
maps	nps_nps-biho-FINAL-VERSION_BIHO-unigrid_Side-1_X3_compressed-for-web-6_p01.png	mozjpeg	420	85	model_proj	39.916	82.942	0.8557	Mozjpeg	85.0	png
maps	nps_nps-biho-FINAL-VERSION_BIHO-unigrid_Side-1_X3_compressed-for-web-6_p01.png	mozjpeg	420	90	identity_off	39.514	84.311	0.8895	Mozjpeg	90.0	png
maps	nps_nps-biho-FINAL-VERSION_BIHO-unigrid_Side-1_X3_compressed-for-web-6_p01.png	mozjpeg	420	90	model_policy	41.101	85.313	0.7629	Mozjpeg	90.0	png
maps	nps_nps-biho-FINAL-VERSION_BIHO-unigrid_Side-1_X3_compressed-for-web-6_p01.png	mozjpeg	420	90	model_proj	41.288	85.639	0.7569	Mozjpeg	90.0	png
maps	nps_nps-biho-FINAL-VERSION_BIHO-unigrid_Side-1_X3_compressed-for-web-6_p01.png	mozjpeg	444	40	identity_off	33.135	63.423	2.0520	Mozjpeg	40.0	png
maps	nps_nps-biho-FINAL-VERSION_BIHO-unigrid_Side-1_X3_compressed-for-web-6_p01.png	mozjpeg	444	40	model_policy	34.882	66.339	1.9274	Mozjpeg	40.0	png
maps	nps_nps-biho-FINAL-VERSION_BIHO-unigrid_Side-1_X3_compressed-for-web-6_p01.png	mozjpeg	444	40	model_proj	34.725	66.363	1.9370	Mozjpeg	40.0	png
maps	nps_nps-biho-FINAL-VERSION_BIHO-unigrid_Side-1_X3_compressed-for-web-6_p01.png	mozjpeg	444	60	identity_off	34.528	71.535	1.4971	Mozjpeg	60.0	png
maps	nps_nps-biho-FINAL-VERSION_BIHO-unigrid_Side-1_X3_compressed-for-web-6_p01.png	mozjpeg	444	60	model_policy	36.539	73.914	1.3580	Mozjpeg	60.0	png
maps	nps_nps-biho-FINAL-VERSION_BIHO-unigrid_Side-1_X3_compressed-for-web-6_p01.png	mozjpeg	444	60	model_proj	36.439	73.869	1.3961	Mozjpeg	60.0	png
maps	nps_nps-biho-FINAL-VERSION_BIHO-unigrid_Side-1_X3_compressed-for-web-6_p01.png	mozjpeg	444	70	identity_off	35.494	75.260	1.4118	Mozjpeg	70.0	png
maps	nps_nps-biho-FINAL-VERSION_BIHO-unigrid_Side-1_X3_compressed-for-web-6_p01.png	mozjpeg	444	70	model_policy	37.634	77.639	1.1884	Mozjpeg	70.0	png
maps	nps_nps-biho-FINAL-VERSION_BIHO-unigrid_Side-1_X3_compressed-for-web-6_p01.png	mozjpeg	444	70	model_proj	37.579	77.734	1.1563	Mozjpeg	70.0	png
maps	nps_nps-biho-FINAL-VERSION_BIHO-unigrid_Side-1_X3_compressed-for-web-6_p01.png	mozjpeg	444	80	identity_off	37.761	80.325	1.1722	Mozjpeg	80.0	png
maps	nps_nps-biho-FINAL-VERSION_BIHO-unigrid_Side-1_X3_compressed-for-web-6_p01.png	mozjpeg	444	80	model_policy	39.441	81.522	0.9839	Mozjpeg	80.0	png
maps	nps_nps-biho-FINAL-VERSION_BIHO-unigrid_Side-1_X3_compressed-for-web-6_p01.png	mozjpeg	444	80	model_proj	39.502	81.862	0.9315	Mozjpeg	80.0	png
maps	nps_nps-biho-FINAL-VERSION_BIHO-unigrid_Side-1_X3_compressed-for-web-6_p01.png	mozjpeg	444	85	identity_off	39.097	82.658	0.9982	Mozjpeg	85.0	png
maps	nps_nps-biho-FINAL-VERSION_BIHO-unigrid_Side-1_X3_compressed-for-web-6_p01.png	mozjpeg	444	85	model_policy	40.565	83.632	0.8653	Mozjpeg	85.0	png
maps	nps_nps-biho-FINAL-VERSION_BIHO-unigrid_Side-1_X3_compressed-for-web-6_p01.png	mozjpeg	444	85	model_proj	40.762	84.156	0.8313	Mozjpeg	85.0	png
maps	nps_nps-biho-FINAL-VERSION_BIHO-unigrid_Side-1_X3_compressed-for-web-6_p01.png	mozjpeg	444	90	identity_off	41.057	85.593	0.8714	Mozjpeg	90.0	png
maps	nps_nps-biho-FINAL-VERSION_BIHO-unigrid_Side-1_X3_compressed-for-web-6_p01.png	mozjpeg	444	90	model_policy	42.077	86.071	0.7594	Mozjpeg	90.0	png
maps	nps_nps-biho-FINAL-VERSION_BIHO-unigrid_Side-1_X3_compressed-for-web-6_p01.png	mozjpeg	444	90	model_proj	42.472	86.578	0.7391	Mozjpeg	90.0	png
maps	nps_nps-biho-FINAL-VERSION_BIHO-unigrid_Side-1_X3_compressed-for-web-6_p01.png	jpegli	420	40	identity_off	34.698	67.171	1.7450	CjpegliYcbcr	6.7	png
maps	nps_nps-biho-FINAL-VERSION_BIHO-unigrid_Side-1_X3_compressed-for-web-6_p01.png	jpegli	420	40	model_policy	36.439	70.206	1.4794	CjpegliYcbcr	6.7	png
maps	nps_nps-biho-FINAL-VERSION_BIHO-unigrid_Side-1_X3_compressed-for-web-6_p01.png	jpegli	420	40	model_proj	36.440	70.215	1.4784	CjpegliYcbcr	6.7	png
maps	nps_nps-biho-FINAL-VERSION_BIHO-unigrid_Side-1_X3_compressed-for-web-6_p01.png	jpegli	420	60	identity_off	36.436	72.585	1.4017	CjpegliYcbcr	4.6	png
maps	nps_nps-biho-FINAL-VERSION_BIHO-unigrid_Side-1_X3_compressed-for-web-6_p01.png	jpegli	420	60	model_policy	37.967	75.011	1.2145	CjpegliYcbcr	4.6	png
maps	nps_nps-biho-FINAL-VERSION_BIHO-unigrid_Side-1_X3_compressed-for-web-6_p01.png	jpegli	420	60	model_proj	37.982	75.081	1.2069	CjpegliYcbcr	4.6	png
maps	nps_nps-biho-FINAL-VERSION_BIHO-unigrid_Side-1_X3_compressed-for-web-6_p01.png	jpegli	420	70	identity_off	37.700	76.249	1.2290	CjpegliYcbcr	3.5	png
maps	nps_nps-biho-FINAL-VERSION_BIHO-unigrid_Side-1_X3_compressed-for-web-6_p01.png	jpegli	420	70	model_policy	39.062	78.023	1.1359	CjpegliYcbcr	3.5	png
maps	nps_nps-biho-FINAL-VERSION_BIHO-unigrid_Side-1_X3_compressed-for-web-6_p01.png	jpegli	420	70	model_proj	39.108	78.125	1.1162	CjpegliYcbcr	3.5	png
maps	nps_nps-biho-FINAL-VERSION_BIHO-unigrid_Side-1_X3_compressed-for-web-6_p01.png	jpegli	420	80	identity_off	39.138	80.905	1.0455	CjpegliYcbcr	2.5	png
maps	nps_nps-biho-FINAL-VERSION_BIHO-unigrid_Side-1_X3_compressed-for-web-6_p01.png	jpegli	420	80	model_policy	40.464	82.320	0.9448	CjpegliYcbcr	2.5	png
maps	nps_nps-biho-FINAL-VERSION_BIHO-unigrid_Side-1_X3_compressed-for-web-6_p01.png	jpegli	420	80	model_proj	40.474	82.361	1.0200	CjpegliYcbcr	2.5	png
maps	nps_nps-biho-FINAL-VERSION_BIHO-unigrid_Side-1_X3_compressed-for-web-6_p01.png	jpegli	420	85	identity_off	39.869	82.959	2.2883	CjpegliYcbcr	1.8	png
maps	nps_nps-biho-FINAL-VERSION_BIHO-unigrid_Side-1_X3_compressed-for-web-6_p01.png	jpegli	420	85	model_policy	41.032	83.939	2.2501	CjpegliYcbcr	1.8	png
maps	nps_nps-biho-FINAL-VERSION_BIHO-unigrid_Side-1_X3_compressed-for-web-6_p01.png	jpegli	420	85	model_proj	41.085	84.173	2.2588	CjpegliYcbcr	1.8	png
maps	nps_nps-biho-FINAL-VERSION_BIHO-unigrid_Side-1_X3_compressed-for-web-6_p01.png	jpegli	420	90	identity_off	41.334	86.216	0.7232	CjpegliYcbcr	1.3	png
maps	nps_nps-biho-FINAL-VERSION_BIHO-unigrid_Side-1_X3_compressed-for-web-6_p01.png	jpegli	420	90	model_policy	42.309	86.645	0.6973	CjpegliYcbcr	1.3	png
maps	nps_nps-biho-FINAL-VERSION_BIHO-unigrid_Side-1_X3_compressed-for-web-6_p01.png	jpegli	420	90	model_proj	42.521	86.801	0.7103	CjpegliYcbcr	1.3	png
maps	nps_nps-biho-FINAL-VERSION_BIHO-unigrid_Side-1_X3_compressed-for-web-6_p01.png	jpegli	444	40	identity_off	35.461	69.565	1.5635	CjpegliYcbcr	5.5	png
maps	nps_nps-biho-FINAL-VERSION_BIHO-unigrid_Side-1_X3_compressed-for-web-6_p01.png	jpegli	444	40	model_policy	37.163	72.323	1.3558	CjpegliYcbcr	5.5	png
maps	nps_nps-biho-FINAL-VERSION_BIHO-unigrid_Side-1_X3_compressed-for-web-6_p01.png	jpegli	444	40	model_proj	37.168	72.344	1.3549	CjpegliYcbcr	5.5	png
maps	nps_nps-biho-FINAL-VERSION_BIHO-unigrid_Side-1_X3_compressed-for-web-6_p01.png	jpegli	444	60	identity_off	37.435	76.195	1.2768	CjpegliYcbcr	3.7	png
maps	nps_nps-biho-FINAL-VERSION_BIHO-unigrid_Side-1_X3_compressed-for-web-6_p01.png	jpegli	444	60	model_policy	38.913	78.078	1.2463	CjpegliYcbcr	3.7	png
maps	nps_nps-biho-FINAL-VERSION_BIHO-unigrid_Side-1_X3_compressed-for-web-6_p01.png	jpegli	444	60	model_proj	38.921	78.125	1.2458	CjpegliYcbcr	3.7	png
maps	nps_nps-biho-FINAL-VERSION_BIHO-unigrid_Side-1_X3_compressed-for-web-6_p01.png	jpegli	444	70	identity_off	38.639	78.933	1.0302	CjpegliYcbcr	2.8	png
maps	nps_nps-biho-FINAL-VERSION_BIHO-unigrid_Side-1_X3_compressed-for-web-6_p01.png	jpegli	444	70	model_policy	39.834	80.317	0.9330	CjpegliYcbcr	2.8	png
maps	nps_nps-biho-FINAL-VERSION_BIHO-unigrid_Side-1_X3_compressed-for-web-6_p01.png	jpegli	444	70	model_proj	39.856	80.444	0.9292	CjpegliYcbcr	2.8	png
maps	nps_nps-biho-FINAL-VERSION_BIHO-unigrid_Side-1_X3_compressed-for-web-6_p01.png	jpegli	444	80	identity_off	39.989	81.943	1.3315	CjpegliYcbcr	1.9	png
maps	nps_nps-biho-FINAL-VERSION_BIHO-unigrid_Side-1_X3_compressed-for-web-6_p01.png	jpegli	444	80	model_policy	40.959	82.874	1.3239	CjpegliYcbcr	1.9	png
maps	nps_nps-biho-FINAL-VERSION_BIHO-unigrid_Side-1_X3_compressed-for-web-6_p01.png	jpegli	444	80	model_proj	41.016	83.039	1.3224	CjpegliYcbcr	1.9	png
maps	nps_nps-biho-FINAL-VERSION_BIHO-unigrid_Side-1_X3_compressed-for-web-6_p01.png	jpegli	444	85	identity_off	41.390	84.244	0.7694	CjpegliYcbcr	1.4	png
maps	nps_nps-biho-FINAL-VERSION_BIHO-unigrid_Side-1_X3_compressed-for-web-6_p01.png	jpegli	444	85	model_policy	41.864	84.743	0.7510	CjpegliYcbcr	1.4	png
maps	nps_nps-biho-FINAL-VERSION_BIHO-unigrid_Side-1_X3_compressed-for-web-6_p01.png	jpegli	444	85	model_proj	42.075	85.011	0.7502	CjpegliYcbcr	1.4	png
maps	nps_nps-biho-FINAL-VERSION_BIHO-unigrid_Side-1_X3_compressed-for-web-6_p01.png	jpegli	444	90	identity_off	43.029	87.524	0.9170	CjpegliYcbcr	1.1	png
maps	nps_nps-biho-FINAL-VERSION_BIHO-unigrid_Side-1_X3_compressed-for-web-6_p01.png	jpegli	444	90	model_policy	43.237	87.585	0.8252	CjpegliYcbcr	1.1	png
maps	nps_nps-biho-FINAL-VERSION_BIHO-unigrid_Side-1_X3_compressed-for-web-6_p01.png	jpegli	444	90	model_proj	43.326	87.800	0.9358	CjpegliYcbcr	1.1	png
maps	nps_nps-biho-FINAL-VERSION_BIHO-unigrid_Side-1_X3_compressed-for-web-6_p01.png	zenjpeg	420	40	identity_off	35.136	69.085	1.4829	CjpegliYcbcr	6.7	png
maps	nps_nps-biho-FINAL-VERSION_BIHO-unigrid_Side-1_X3_compressed-for-web-6_p01.png	zenjpeg	420	40	model_policy	36.708	71.136	1.3928	CjpegliYcbcr	6.7	png
maps	nps_nps-biho-FINAL-VERSION_BIHO-unigrid_Side-1_X3_compressed-for-web-6_p01.png	zenjpeg	420	40	model_proj	36.585	71.091	1.3940	CjpegliYcbcr	6.7	png
maps	nps_nps-biho-FINAL-VERSION_BIHO-unigrid_Side-1_X3_compressed-for-web-6_p01.png	zenjpeg	420	60	identity_off	36.676	74.019	1.2820	CjpegliYcbcr	4.6	png
maps	nps_nps-biho-FINAL-VERSION_BIHO-unigrid_Side-1_X3_compressed-for-web-6_p01.png	zenjpeg	420	60	model_policy	38.117	75.758	1.1872	CjpegliYcbcr	4.6	png
maps	nps_nps-biho-FINAL-VERSION_BIHO-unigrid_Side-1_X3_compressed-for-web-6_p01.png	zenjpeg	420	60	model_proj	38.076	75.791	1.1806	CjpegliYcbcr	4.6	png
maps	nps_nps-biho-FINAL-VERSION_BIHO-unigrid_Side-1_X3_compressed-for-web-6_p01.png	zenjpeg	420	70	identity_off	37.867	77.259	1.0929	CjpegliYcbcr	3.5	png
maps	nps_nps-biho-FINAL-VERSION_BIHO-unigrid_Side-1_X3_compressed-for-web-6_p01.png	zenjpeg	420	70	model_policy	39.100	78.434	1.0186	CjpegliYcbcr	3.5	png
maps	nps_nps-biho-FINAL-VERSION_BIHO-unigrid_Side-1_X3_compressed-for-web-6_p01.png	zenjpeg	420	70	model_proj	39.170	78.440	1.0185	CjpegliYcbcr	3.5	png
maps	nps_nps-biho-FINAL-VERSION_BIHO-unigrid_Side-1_X3_compressed-for-web-6_p01.png	zenjpeg	420	80	identity_off	39.259	81.275	0.9283	CjpegliYcbcr	2.5	png
maps	nps_nps-biho-FINAL-VERSION_BIHO-unigrid_Side-1_X3_compressed-for-web-6_p01.png	zenjpeg	420	80	model_policy	40.414	82.169	0.8827	CjpegliYcbcr	2.5	png
maps	nps_nps-biho-FINAL-VERSION_BIHO-unigrid_Side-1_X3_compressed-for-web-6_p01.png	zenjpeg	420	80	model_proj	40.510	82.378	0.8742	CjpegliYcbcr	2.5	png
maps	nps_nps-biho-FINAL-VERSION_BIHO-unigrid_Side-1_X3_compressed-for-web-6_p01.png	zenjpeg	420	85	identity_off	40.130	83.352	0.8142	CjpegliYcbcr	1.8	png
maps	nps_nps-biho-FINAL-VERSION_BIHO-unigrid_Side-1_X3_compressed-for-web-6_p01.png	zenjpeg	420	85	model_policy	41.176	83.994	0.7790	CjpegliYcbcr	1.8	png
maps	nps_nps-biho-FINAL-VERSION_BIHO-unigrid_Side-1_X3_compressed-for-web-6_p01.png	zenjpeg	420	85	model_proj	41.335	84.260	0.7797	CjpegliYcbcr	1.8	png
maps	nps_nps-biho-FINAL-VERSION_BIHO-unigrid_Side-1_X3_compressed-for-web-6_p01.png	zenjpeg	420	90	identity_off	41.385	86.488	0.7416	CjpegliYcbcr	1.3	png
maps	nps_nps-biho-FINAL-VERSION_BIHO-unigrid_Side-1_X3_compressed-for-web-6_p01.png	zenjpeg	420	90	model_policy	42.317	86.545	0.7169	CjpegliYcbcr	1.3	png
maps	nps_nps-biho-FINAL-VERSION_BIHO-unigrid_Side-1_X3_compressed-for-web-6_p01.png	zenjpeg	420	90	model_proj	42.549	86.780	0.7156	CjpegliYcbcr	1.3	png
maps	nps_nps-biho-FINAL-VERSION_BIHO-unigrid_Side-1_X3_compressed-for-web-6_p01.png	zenjpeg	444	40	identity_off	35.960	71.888	1.3004	CjpegliYcbcr	5.5	png
maps	nps_nps-biho-FINAL-VERSION_BIHO-unigrid_Side-1_X3_compressed-for-web-6_p01.png	zenjpeg	444	40	model_policy	37.438	73.483	1.2168	CjpegliYcbcr	5.5	png
maps	nps_nps-biho-FINAL-VERSION_BIHO-unigrid_Side-1_X3_compressed-for-web-6_p01.png	zenjpeg	444	40	model_proj	37.302	73.455	1.2202	CjpegliYcbcr	5.5	png
maps	nps_nps-biho-FINAL-VERSION_BIHO-unigrid_Side-1_X3_compressed-for-web-6_p01.png	zenjpeg	444	60	identity_off	37.767	77.219	1.2254	CjpegliYcbcr	3.7	png
maps	nps_nps-biho-FINAL-VERSION_BIHO-unigrid_Side-1_X3_compressed-for-web-6_p01.png	zenjpeg	444	60	model_policy	39.122	78.561	1.2388	CjpegliYcbcr	3.7	png
maps	nps_nps-biho-FINAL-VERSION_BIHO-unigrid_Side-1_X3_compressed-for-web-6_p01.png	zenjpeg	444	60	model_proj	39.052	78.630	1.2385	CjpegliYcbcr	3.7	png
maps	nps_nps-biho-FINAL-VERSION_BIHO-unigrid_Side-1_X3_compressed-for-web-6_p01.png	zenjpeg	444	70	identity_off	38.829	79.725	0.9846	CjpegliYcbcr	2.8	png
maps	nps_nps-biho-FINAL-VERSION_BIHO-unigrid_Side-1_X3_compressed-for-web-6_p01.png	zenjpeg	444	70	model_policy	39.929	80.764	0.9224	CjpegliYcbcr	2.8	png
maps	nps_nps-biho-FINAL-VERSION_BIHO-unigrid_Side-1_X3_compressed-for-web-6_p01.png	zenjpeg	444	70	model_proj	39.895	80.798	0.9193	CjpegliYcbcr	2.8	png
maps	nps_nps-biho-FINAL-VERSION_BIHO-unigrid_Side-1_X3_compressed-for-web-6_p01.png	zenjpeg	444	80	identity_off	40.357	83.557	0.9626	CjpegliYcbcr	1.9	png
maps	nps_nps-biho-FINAL-VERSION_BIHO-unigrid_Side-1_X3_compressed-for-web-6_p01.png	zenjpeg	444	80	model_policy	41.283	83.918	0.8831	CjpegliYcbcr	1.9	png
maps	nps_nps-biho-FINAL-VERSION_BIHO-unigrid_Side-1_X3_compressed-for-web-6_p01.png	zenjpeg	444	80	model_proj	41.326	84.170	0.8711	CjpegliYcbcr	1.9	png
maps	nps_nps-biho-FINAL-VERSION_BIHO-unigrid_Side-1_X3_compressed-for-web-6_p01.png	zenjpeg	444	85	identity_off	41.471	85.246	0.7528	CjpegliYcbcr	1.4	png
maps	nps_nps-biho-FINAL-VERSION_BIHO-unigrid_Side-1_X3_compressed-for-web-6_p01.png	zenjpeg	444	85	model_policy	41.805	85.430	0.7537	CjpegliYcbcr	1.4	png
maps	nps_nps-biho-FINAL-VERSION_BIHO-unigrid_Side-1_X3_compressed-for-web-6_p01.png	zenjpeg	444	85	model_proj	42.028	85.478	0.7486	CjpegliYcbcr	1.4	png
maps	nps_nps-biho-FINAL-VERSION_BIHO-unigrid_Side-1_X3_compressed-for-web-6_p01.png	zenjpeg	444	90	identity_off	43.078	87.904	0.6991	CjpegliYcbcr	1.1	png
maps	nps_nps-biho-FINAL-VERSION_BIHO-unigrid_Side-1_X3_compressed-for-web-6_p01.png	zenjpeg	444	90	model_policy	42.995	87.498	0.7067	CjpegliYcbcr	1.1	png
maps	nps_nps-biho-FINAL-VERSION_BIHO-unigrid_Side-1_X3_compressed-for-web-6_p01.png	zenjpeg	444	90	model_proj	43.314	88.024	0.7017	CjpegliYcbcr	1.1	png
