sub	file	encoder	ss	q	arm	psnr	ssim2	butter_n3	probe_family	probe_q	gt_src
photos	20240528_210945__pristine2x.png	turbo	420	15	identity_off	22.455	24.602	3.2877	Unknown	15.0	png
photos	20240528_210945__pristine2x.png	turbo	420	15	model_policy	22.622	25.543	3.2503	Unknown	15.0	png
photos	20240528_210945__pristine2x.png	turbo	420	15	model_proj	22.622	25.542	3.2503	Unknown	15.0	png
photos	20240528_210945__pristine2x.png	turbo	420	35	identity_off	25.187	53.630	2.1538	ImageMagick	35.0	png
photos	20240528_210945__pristine2x.png	turbo	420	35	model_policy	25.433	54.615	2.0926	ImageMagick	35.0	png
photos	20240528_210945__pristine2x.png	turbo	420	35	model_proj	25.439	54.668	2.0827	ImageMagick	35.0	png
photos	20240528_210945__pristine2x.png	turbo	420	55	identity_off	26.889	63.088	1.7476	ImageMagick	55.0	png
photos	20240528_210945__pristine2x.png	turbo	420	55	model_policy	27.170	64.121	1.6740	ImageMagick	55.0	png
photos	20240528_210945__pristine2x.png	turbo	420	55	model_proj	27.186	64.238	1.6414	ImageMagick	55.0	png
photos	20240528_210945__pristine2x.png	turbo	420	75	identity_off	29.363	72.121	1.3373	ImageMagick	75.0	png
photos	20240528_210945__pristine2x.png	turbo	420	75	model_policy	29.689	73.227	1.2513	ImageMagick	75.0	png
photos	20240528_210945__pristine2x.png	turbo	420	75	model_proj	29.730	73.612	1.1864	ImageMagick	75.0	png
photos	20240528_210945__pristine2x.png	mozjpeg	420	15	identity_off	21.254	10.363	4.2804	Mozjpeg	15.0	png
photos	20240528_210945__pristine2x.png	mozjpeg	420	15	model_policy	21.339	10.898	4.2628	Mozjpeg	15.0	png
photos	20240528_210945__pristine2x.png	mozjpeg	420	15	model_proj	21.339	10.900	4.2628	Mozjpeg	15.0	png
photos	20240528_210945__pristine2x.png	mozjpeg	420	35	identity_off	24.014	46.872	2.7278	Mozjpeg	35.0	png
photos	20240528_210945__pristine2x.png	mozjpeg	420	35	model_policy	24.175	47.479	2.7026	Mozjpeg	35.0	png
photos	20240528_210945__pristine2x.png	mozjpeg	420	35	model_proj	24.175	47.483	2.7029	Mozjpeg	35.0	png
photos	20240528_210945__pristine2x.png	mozjpeg	420	55	identity_off	25.601	59.316	2.1940	Mozjpeg	55.0	png
photos	20240528_210945__pristine2x.png	mozjpeg	420	55	model_policy	25.797	59.939	2.1641	Mozjpeg	55.0	png
photos	20240528_210945__pristine2x.png	mozjpeg	420	55	model_proj	25.800	59.961	2.1624	Mozjpeg	55.0	png
photos	20240528_210945__pristine2x.png	mozjpeg	420	75	identity_off	27.898	69.452	1.6052	Mozjpeg	75.0	png
photos	20240528_210945__pristine2x.png	mozjpeg	420	75	model_policy	28.105	70.081	1.5690	Mozjpeg	75.0	png
photos	20240528_210945__pristine2x.png	mozjpeg	420	75	model_proj	28.119	70.141	1.5558	Mozjpeg	75.0	png
photos	20231206_150232.png	turbo	420	15	identity_off	23.242	25.617	3.6615	Unknown	15.0	png
photos	20231206_150232.png	turbo	420	15	model_policy	24.020	28.655	3.4952	Unknown	15.0	png
photos	20231206_150232.png	turbo	420	15	model_proj	24.020	28.666	3.4951	Unknown	15.0	png
photos	20231206_150232.png	turbo	420	35	identity_off	26.722	55.544	2.3032	ImageMagick	35.0	png
photos	20231206_150232.png	turbo	420	35	model_policy	27.654	58.499	2.0925	ImageMagick	35.0	png
photos	20231206_150232.png	turbo	420	35	model_proj	27.673	58.591	2.0890	ImageMagick	35.0	png
photos	20231206_150232.png	turbo	420	55	identity_off	28.779	65.245	1.8209	ImageMagick	55.0	png
photos	20231206_150232.png	turbo	420	55	model_policy	29.706	67.980	1.6304	ImageMagick	55.0	png
photos	20231206_150232.png	turbo	420	55	model_proj	29.731	68.178	1.6266	ImageMagick	55.0	png
photos	20231206_150232.png	turbo	420	75	identity_off	31.712	73.963	1.3160	ImageMagick	75.0	png
photos	20231206_150232.png	turbo	420	75	model_policy	32.531	76.336	1.1506	ImageMagick	75.0	png
photos	20231206_150232.png	turbo	420	75	model_proj	32.558	76.586	1.1473	ImageMagick	75.0	png
photos	20231206_150232.png	mozjpeg	420	15	identity_off	20.548	10.031	5.3106	Mozjpeg	15.0	png
photos	20231206_150232.png	mozjpeg	420	15	model_policy	21.145	12.710	5.1831	Mozjpeg	15.0	png
photos	20231206_150232.png	mozjpeg	420	15	model_proj	21.145	12.710	5.1830	Mozjpeg	15.0	png
photos	20231206_150232.png	mozjpeg	420	35	identity_off	23.884	44.758	3.4504	Mozjpeg	35.0	png
photos	20231206_150232.png	mozjpeg	420	35	model_policy	24.812	47.893	3.2377	Mozjpeg	35.0	png
photos	20231206_150232.png	mozjpeg	420	35	model_proj	24.819	48.002	3.2274	Mozjpeg	35.0	png
photos	20231206_150232.png	mozjpeg	420	55	identity_off	25.786	57.234	2.7281	Mozjpeg	55.0	png
photos	20231206_150232.png	mozjpeg	420	55	model_policy	26.803	60.408	2.5115	Mozjpeg	55.0	png
photos	20231206_150232.png	mozjpeg	420	55	model_proj	26.826	60.626	2.4605	Mozjpeg	55.0	png
photos	20231206_150232.png	mozjpeg	420	75	identity_off	28.422	68.269	1.9239	Mozjpeg	75.0	png
photos	20231206_150232.png	mozjpeg	420	75	model_policy	29.448	71.115	1.7209	Mozjpeg	75.0	png
photos	20231206_150232.png	mozjpeg	420	75	model_proj	29.489	71.562	1.6856	Mozjpeg	75.0	png
photos	Screenshot_20260526_074348_Photos.png	turbo	420	15	identity_off	31.986	17.419	2.8964	Unknown	15.0	png
photos	Screenshot_20260526_074348_Photos.png	turbo	420	15	model_policy	32.203	22.434	2.8326	Unknown	15.0	png
photos	Screenshot_20260526_074348_Photos.png	turbo	420	15	model_proj	32.203	22.436	2.8326	Unknown	15.0	png
photos	Screenshot_20260526_074348_Photos.png	turbo	420	35	identity_off	34.940	53.447	1.7942	ImageMagick	35.0	png
photos	Screenshot_20260526_074348_Photos.png	turbo	420	35	model_policy	35.215	55.994	1.7224	ImageMagick	35.0	png
photos	Screenshot_20260526_074348_Photos.png	turbo	420	35	model_proj	35.216	56.011	1.7223	ImageMagick	35.0	png
photos	Screenshot_20260526_074348_Photos.png	turbo	420	55	identity_off	36.154	65.497	1.4861	ImageMagick	55.0	png
photos	Screenshot_20260526_074348_Photos.png	turbo	420	55	model_policy	36.443	66.826	1.4144	ImageMagick	55.0	png
photos	Screenshot_20260526_074348_Photos.png	turbo	420	55	model_proj	36.444	66.843	1.4144	ImageMagick	55.0	png
photos	Screenshot_20260526_074348_Photos.png	turbo	420	75	identity_off	37.747	75.105	1.1865	ImageMagick	75.0	png
photos	Screenshot_20260526_074348_Photos.png	turbo	420	75	model_policy	38.014	75.259	1.1238	ImageMagick	75.0	png
photos	Screenshot_20260526_074348_Photos.png	turbo	420	75	model_proj	38.029	75.444	1.1230	ImageMagick	75.0	png
photos	Screenshot_20260526_074348_Photos.png	mozjpeg	420	15	identity_off	31.159	14.554	3.1355	Mozjpeg	15.0	png
photos	Screenshot_20260526_074348_Photos.png	mozjpeg	420	15	model_policy	31.317	18.640	3.1021	Mozjpeg	15.0	png
photos	Screenshot_20260526_074348_Photos.png	mozjpeg	420	15	model_proj	31.317	18.640	3.1021	Mozjpeg	15.0	png
photos	Screenshot_20260526_074348_Photos.png	mozjpeg	420	35	identity_off	34.081	49.475	1.9631	Mozjpeg	35.0	png
photos	Screenshot_20260526_074348_Photos.png	mozjpeg	420	35	model_policy	34.310	51.508	1.9138	Mozjpeg	35.0	png
photos	Screenshot_20260526_074348_Photos.png	mozjpeg	420	35	model_proj	34.310	51.512	1.9138	Mozjpeg	35.0	png
photos	Screenshot_20260526_074348_Photos.png	mozjpeg	420	55	identity_off	35.327	61.473	1.6166	Mozjpeg	55.0	png
photos	Screenshot_20260526_074348_Photos.png	mozjpeg	420	55	model_policy	35.530	62.343	1.5795	Mozjpeg	55.0	png
photos	Screenshot_20260526_074348_Photos.png	mozjpeg	420	55	model_proj	35.531	62.350	1.5794	Mozjpeg	55.0	png
photos	Screenshot_20260526_074348_Photos.png	mozjpeg	420	75	identity_off	36.936	72.766	1.2829	Mozjpeg	75.0	png
photos	Screenshot_20260526_074348_Photos.png	mozjpeg	420	75	model_policy	37.062	72.925	1.2572	Mozjpeg	75.0	png
photos	Screenshot_20260526_074348_Photos.png	mozjpeg	420	75	model_proj	37.068	72.904	1.2571	Mozjpeg	75.0	png
photos	Screenshot_20260526_074418_Photos.png	turbo	420	15	identity_off	29.884	30.549	3.0820	Unknown	15.0	png
photos	Screenshot_20260526_074418_Photos.png	turbo	420	15	model_policy	30.100	34.541	3.0140	Unknown	15.0	png
photos	Screenshot_20260526_074418_Photos.png	turbo	420	15	model_proj	30.100	34.545	3.0140	Unknown	15.0	png
photos	Screenshot_20260526_074418_Photos.png	turbo	420	35	identity_off	32.491	60.699	1.8949	ImageMagick	35.0	png
photos	Screenshot_20260526_074418_Photos.png	turbo	420	35	model_policy	32.701	62.151	1.8517	ImageMagick	35.0	png
photos	Screenshot_20260526_074418_Photos.png	turbo	420	35	model_proj	32.701	62.161	1.8517	ImageMagick	35.0	png
photos	Screenshot_20260526_074418_Photos.png	turbo	420	55	identity_off	33.707	69.634	1.5707	ImageMagick	55.0	png
photos	Screenshot_20260526_074418_Photos.png	turbo	420	55	model_policy	33.928	70.410	1.5263	ImageMagick	55.0	png
photos	Screenshot_20260526_074418_Photos.png	turbo	420	55	model_proj	33.928	70.397	1.5263	ImageMagick	55.0	png
photos	Screenshot_20260526_074418_Photos.png	turbo	420	75	identity_off	35.288	77.037	1.2738	ImageMagick	75.0	png
photos	Screenshot_20260526_074418_Photos.png	turbo	420	75	model_policy	35.551	77.369	1.2256	ImageMagick	75.0	png
photos	Screenshot_20260526_074418_Photos.png	turbo	420	75	model_proj	35.552	77.400	1.2255	ImageMagick	75.0	png
photos	Screenshot_20260526_074418_Photos.png	mozjpeg	420	15	identity_off	29.197	24.846	3.5103	Mozjpeg	15.0	png
photos	Screenshot_20260526_074418_Photos.png	mozjpeg	420	15	model_policy	29.394	28.613	3.4396	Mozjpeg	15.0	png
photos	Screenshot_20260526_074418_Photos.png	mozjpeg	420	15	model_proj	29.394	28.609	3.4396	Mozjpeg	15.0	png
photos	Screenshot_20260526_074418_Photos.png	mozjpeg	420	35	identity_off	31.850	56.942	2.1439	Mozjpeg	35.0	png
photos	Screenshot_20260526_074418_Photos.png	mozjpeg	420	35	model_policy	32.010	58.483	2.1067	Mozjpeg	35.0	png
photos	Screenshot_20260526_074418_Photos.png	mozjpeg	420	35	model_proj	32.010	58.483	2.1067	Mozjpeg	35.0	png
photos	Screenshot_20260526_074418_Photos.png	mozjpeg	420	55	identity_off	33.098	66.814	1.7429	Mozjpeg	55.0	png
photos	Screenshot_20260526_074418_Photos.png	mozjpeg	420	55	model_policy	33.235	67.524	1.7155	Mozjpeg	55.0	png
photos	Screenshot_20260526_074418_Photos.png	mozjpeg	420	55	model_proj	33.235	67.522	1.7155	Mozjpeg	55.0	png
photos	Screenshot_20260526_074418_Photos.png	mozjpeg	420	75	identity_off	34.742	75.423	1.3777	Mozjpeg	75.0	png
photos	Screenshot_20260526_074418_Photos.png	mozjpeg	420	75	model_policy	34.838	75.508	1.3584	Mozjpeg	75.0	png
photos	Screenshot_20260526_074418_Photos.png	mozjpeg	420	75	model_proj	34.838	75.505	1.3584	Mozjpeg	75.0	png
photos	Screenshot_20260526_075006_Gallery.png	turbo	420	15	identity_off	31.610	31.999	2.9259	Unknown	15.0	png
photos	Screenshot_20260526_075006_Gallery.png	turbo	420	15	model_policy	31.856	33.446	2.8670	Unknown	15.0	png
photos	Screenshot_20260526_075006_Gallery.png	turbo	420	15	model_proj	31.856	33.447	2.8670	Unknown	15.0	png
photos	Screenshot_20260526_075006_Gallery.png	turbo	420	35	identity_off	35.977	67.635	1.5300	ImageMagick	35.0	png
photos	Screenshot_20260526_075006_Gallery.png	turbo	420	35	model_policy	36.301	68.567	1.4728	ImageMagick	35.0	png
photos	Screenshot_20260526_075006_Gallery.png	turbo	420	35	model_proj	36.301	68.568	1.4728	ImageMagick	35.0	png
photos	Screenshot_20260526_075006_Gallery.png	turbo	420	55	identity_off	38.115	77.218	1.1140	ImageMagick	55.0	png
photos	Screenshot_20260526_075006_Gallery.png	turbo	420	55	model_policy	38.452	77.839	1.0616	ImageMagick	55.0	png
photos	Screenshot_20260526_075006_Gallery.png	turbo	420	55	model_proj	38.452	77.845	1.0616	ImageMagick	55.0	png
photos	Screenshot_20260526_075006_Gallery.png	turbo	420	75	identity_off	40.609	84.312	0.7780	ImageMagick	75.0	png
photos	Screenshot_20260526_075006_Gallery.png	turbo	420	75	model_policy	40.917	84.725	0.7385	ImageMagick	75.0	png
photos	Screenshot_20260526_075006_Gallery.png	turbo	420	75	model_proj	40.922	84.737	0.7363	ImageMagick	75.0	png
photos	Screenshot_20260526_075006_Gallery.png	mozjpeg	420	15	identity_off	30.397	23.753	3.5700	Mozjpeg	15.0	png
photos	Screenshot_20260526_075006_Gallery.png	mozjpeg	420	15	model_policy	30.613	25.120	3.5177	Mozjpeg	15.0	png
photos	Screenshot_20260526_075006_Gallery.png	mozjpeg	420	15	model_proj	30.613	25.120	3.5177	Mozjpeg	15.0	png
photos	Screenshot_20260526_075006_Gallery.png	mozjpeg	420	35	identity_off	34.590	62.556	1.9000	Mozjpeg	35.0	png
photos	Screenshot_20260526_075006_Gallery.png	mozjpeg	420	35	model_policy	34.892	63.397	1.8421	Mozjpeg	35.0	png
photos	Screenshot_20260526_075006_Gallery.png	mozjpeg	420	35	model_proj	34.892	63.400	1.8421	Mozjpeg	35.0	png
photos	Screenshot_20260526_075006_Gallery.png	mozjpeg	420	55	identity_off	36.841	74.147	1.3583	Mozjpeg	55.0	png
photos	Screenshot_20260526_075006_Gallery.png	mozjpeg	420	55	model_policy	37.179	74.732	1.3018	Mozjpeg	55.0	png
photos	Screenshot_20260526_075006_Gallery.png	mozjpeg	420	55	model_proj	37.179	74.730	1.3018	Mozjpeg	55.0	png
photos	Screenshot_20260526_075006_Gallery.png	mozjpeg	420	75	identity_off	39.535	83.374	0.9321	Mozjpeg	75.0	png
photos	Screenshot_20260526_075006_Gallery.png	mozjpeg	420	75	model_policy	39.864	83.762	0.8813	Mozjpeg	75.0	png
photos	Screenshot_20260526_075006_Gallery.png	mozjpeg	420	75	model_proj	39.864	83.759	0.8813	Mozjpeg	75.0	png
photos	Screenshot_20260526_075134_Gallery.png	turbo	420	15	identity_off	28.159	36.642	3.5795	Unknown	15.0	png
photos	Screenshot_20260526_075134_Gallery.png	turbo	420	15	model_policy	28.360	38.436	3.6353	Unknown	15.0	png
photos	Screenshot_20260526_075134_Gallery.png	turbo	420	15	model_proj	28.360	38.437	3.6353	Unknown	15.0	png
photos	Screenshot_20260526_075134_Gallery.png	turbo	420	35	identity_off	31.813	65.551	1.8923	ImageMagick	35.0	png
photos	Screenshot_20260526_075134_Gallery.png	turbo	420	35	model_policy	32.034	66.355	1.7984	ImageMagick	35.0	png
photos	Screenshot_20260526_075134_Gallery.png	turbo	420	35	model_proj	32.034	66.355	1.7984	ImageMagick	35.0	png
photos	Screenshot_20260526_075134_Gallery.png	turbo	420	55	identity_off	33.597	74.683	1.3674	ImageMagick	55.0	png
photos	Screenshot_20260526_075134_Gallery.png	turbo	420	55	model_policy	33.755	75.016	1.3566	ImageMagick	55.0	png
photos	Screenshot_20260526_075134_Gallery.png	turbo	420	55	model_proj	33.755	75.023	1.3553	ImageMagick	55.0	png
photos	Screenshot_20260526_075134_Gallery.png	turbo	420	75	identity_off	35.669	81.422	1.0363	ImageMagick	75.0	png
photos	Screenshot_20260526_075134_Gallery.png	turbo	420	75	model_policy	35.709	81.221	1.1218	ImageMagick	75.0	png
photos	Screenshot_20260526_075134_Gallery.png	turbo	420	75	model_proj	35.722	81.290	1.1116	ImageMagick	75.0	png
photos	Screenshot_20260526_075134_Gallery.png	mozjpeg	420	15	identity_off	27.419	29.430	3.6246	Mozjpeg	15.0	png
photos	Screenshot_20260526_075134_Gallery.png	mozjpeg	420	15	model_policy	27.588	30.877	3.5803	Mozjpeg	15.0	png
photos	Screenshot_20260526_075134_Gallery.png	mozjpeg	420	15	model_proj	27.588	30.877	3.5803	Mozjpeg	15.0	png
photos	Screenshot_20260526_075134_Gallery.png	mozjpeg	420	35	identity_off	31.330	62.441	2.0173	Mozjpeg	35.0	png
photos	Screenshot_20260526_075134_Gallery.png	mozjpeg	420	35	model_policy	31.528	63.189	1.9806	Mozjpeg	35.0	png
photos	Screenshot_20260526_075134_Gallery.png	mozjpeg	420	35	model_proj	31.528	63.190	1.9806	Mozjpeg	35.0	png
photos	Screenshot_20260526_075134_Gallery.png	mozjpeg	420	55	identity_off	33.358	72.928	1.4533	Mozjpeg	55.0	png
photos	Screenshot_20260526_075134_Gallery.png	mozjpeg	420	55	model_policy	33.505	73.390	1.4213	Mozjpeg	55.0	png
photos	Screenshot_20260526_075134_Gallery.png	mozjpeg	420	55	model_proj	33.506	73.397	1.4211	Mozjpeg	55.0	png
photos	Screenshot_20260526_075134_Gallery.png	mozjpeg	420	75	identity_off	35.667	81.101	1.0407	Mozjpeg	75.0	png
photos	Screenshot_20260526_075134_Gallery.png	mozjpeg	420	75	model_policy	35.649	80.783	1.1376	Mozjpeg	75.0	png
photos	Screenshot_20260526_075134_Gallery.png	mozjpeg	420	75	model_proj	35.665	80.850	1.0917	Mozjpeg	75.0	png
photos	Screenshot_20260526_075159_Gallery.png	turbo	420	15	identity_off	31.157	24.669	3.2754	Unknown	15.0	png
photos	Screenshot_20260526_075159_Gallery.png	turbo	420	15	model_policy	31.538	27.787	3.2016	Unknown	15.0	png
photos	Screenshot_20260526_075159_Gallery.png	turbo	420	15	model_proj	31.538	27.787	3.2016	Unknown	15.0	png
photos	Screenshot_20260526_075159_Gallery.png	turbo	420	35	identity_off	35.110	63.378	1.7468	ImageMagick	35.0	png
photos	Screenshot_20260526_075159_Gallery.png	turbo	420	35	model_policy	35.515	64.610	1.6941	ImageMagick	35.0	png
photos	Screenshot_20260526_075159_Gallery.png	turbo	420	35	model_proj	35.515	64.617	1.6940	ImageMagick	35.0	png
photos	Screenshot_20260526_075159_Gallery.png	turbo	420	55	identity_off	37.066	74.590	1.2849	ImageMagick	55.0	png
photos	Screenshot_20260526_075159_Gallery.png	turbo	420	55	model_policy	37.454	75.387	1.2367	ImageMagick	55.0	png
photos	Screenshot_20260526_075159_Gallery.png	turbo	420	55	model_proj	37.455	75.392	1.2366	ImageMagick	55.0	png
photos	Screenshot_20260526_075159_Gallery.png	turbo	420	75	identity_off	39.252	82.776	0.9032	ImageMagick	75.0	png
photos	Screenshot_20260526_075159_Gallery.png	turbo	420	75	model_policy	39.591	83.173	0.8602	ImageMagick	75.0	png
photos	Screenshot_20260526_075159_Gallery.png	turbo	420	75	model_proj	39.599	83.185	0.8593	ImageMagick	75.0	png
photos	Screenshot_20260526_075159_Gallery.png	mozjpeg	420	15	identity_off	30.563	15.493	3.7921	Mozjpeg	15.0	png
photos	Screenshot_20260526_075159_Gallery.png	mozjpeg	420	15	model_policy	30.891	18.243	3.7165	Mozjpeg	15.0	png
photos	Screenshot_20260526_075159_Gallery.png	mozjpeg	420	15	model_proj	30.891	18.243	3.7165	Mozjpeg	15.0	png
photos	Screenshot_20260526_075159_Gallery.png	mozjpeg	420	35	identity_off	34.486	57.184	2.0200	Mozjpeg	35.0	png
photos	Screenshot_20260526_075159_Gallery.png	mozjpeg	420	35	model_policy	34.847	58.398	1.9581	Mozjpeg	35.0	png
photos	Screenshot_20260526_075159_Gallery.png	mozjpeg	420	35	model_proj	34.847	58.399	1.9581	Mozjpeg	35.0	png
photos	Screenshot_20260526_075159_Gallery.png	mozjpeg	420	55	identity_off	36.612	71.243	1.4453	Mozjpeg	55.0	png
photos	Screenshot_20260526_075159_Gallery.png	mozjpeg	420	55	model_policy	36.943	71.847	1.3932	Mozjpeg	55.0	png
photos	Screenshot_20260526_075159_Gallery.png	mozjpeg	420	55	model_proj	36.943	71.836	1.3932	Mozjpeg	55.0	png
photos	Screenshot_20260526_075159_Gallery.png	mozjpeg	420	75	identity_off	39.002	81.269	1.0138	Mozjpeg	75.0	png
photos	Screenshot_20260526_075159_Gallery.png	mozjpeg	420	75	model_policy	39.242	81.477	0.9718	Mozjpeg	75.0	png
photos	Screenshot_20260526_075159_Gallery.png	mozjpeg	420	75	model_proj	39.246	81.488	0.9716	Mozjpeg	75.0	png
photos	Screenshot_20260526_075258_Gallery.png	turbo	420	15	identity_off	28.732	36.346	2.8386	Unknown	15.0	png
photos	Screenshot_20260526_075258_Gallery.png	turbo	420	15	model_policy	28.949	37.537	2.7901	Unknown	15.0	png
photos	Screenshot_20260526_075258_Gallery.png	turbo	420	15	model_proj	28.949	37.536	2.7901	Unknown	15.0	png
photos	Screenshot_20260526_075258_Gallery.png	turbo	420	35	identity_off	32.466	65.708	1.6028	ImageMagick	35.0	png
photos	Screenshot_20260526_075258_Gallery.png	turbo	420	35	model_policy	32.744	66.345	1.5545	ImageMagick	35.0	png
photos	Screenshot_20260526_075258_Gallery.png	turbo	420	35	model_proj	32.744	66.346	1.5545	ImageMagick	35.0	png
photos	Screenshot_20260526_075258_Gallery.png	turbo	420	55	identity_off	34.411	74.772	1.2210	ImageMagick	55.0	png
photos	Screenshot_20260526_075258_Gallery.png	turbo	420	55	model_policy	34.712	75.391	1.1697	ImageMagick	55.0	png
photos	Screenshot_20260526_075258_Gallery.png	turbo	420	55	model_proj	34.712	75.393	1.1697	ImageMagick	55.0	png
photos	Screenshot_20260526_075258_Gallery.png	turbo	420	75	identity_off	36.755	82.095	0.8992	ImageMagick	75.0	png
photos	Screenshot_20260526_075258_Gallery.png	turbo	420	75	model_policy	37.038	82.482	0.8516	ImageMagick	75.0	png
photos	Screenshot_20260526_075258_Gallery.png	turbo	420	75	model_proj	37.042	82.495	0.8484	ImageMagick	75.0	png
photos	Screenshot_20260526_075258_Gallery.png	mozjpeg	420	15	identity_off	27.559	30.345	3.4017	Mozjpeg	15.0	png
photos	Screenshot_20260526_075258_Gallery.png	mozjpeg	420	15	model_policy	27.738	31.502	3.3607	Mozjpeg	15.0	png
photos	Screenshot_20260526_075258_Gallery.png	mozjpeg	420	15	model_proj	27.738	31.503	3.3607	Mozjpeg	15.0	png
photos	Screenshot_20260526_075258_Gallery.png	mozjpeg	420	35	identity_off	31.329	60.452	1.9375	Mozjpeg	35.0	png
photos	Screenshot_20260526_075258_Gallery.png	mozjpeg	420	35	model_policy	31.578	61.028	1.8990	Mozjpeg	35.0	png
photos	Screenshot_20260526_075258_Gallery.png	mozjpeg	420	35	model_proj	31.578	61.026	1.8990	Mozjpeg	35.0	png
photos	Screenshot_20260526_075258_Gallery.png	mozjpeg	420	55	identity_off	33.386	70.710	1.4579	Mozjpeg	55.0	png
photos	Screenshot_20260526_075258_Gallery.png	mozjpeg	420	55	model_policy	33.658	70.976	1.4217	Mozjpeg	55.0	png
photos	Screenshot_20260526_075258_Gallery.png	mozjpeg	420	55	model_proj	33.658	70.976	1.4217	Mozjpeg	55.0	png
photos	Screenshot_20260526_075258_Gallery.png	mozjpeg	420	75	identity_off	35.947	80.075	1.0369	Mozjpeg	75.0	png
photos	Screenshot_20260526_075258_Gallery.png	mozjpeg	420	75	model_policy	36.208	80.120	1.0037	Mozjpeg	75.0	png
photos	Screenshot_20260526_075258_Gallery.png	mozjpeg	420	75	model_proj	36.208	80.134	1.0035	Mozjpeg	75.0	png
people	alexander-aguero-EnppVuXbcCE-unsplash__pristine3x.png	turbo	420	15	identity_off	32.240	12.149	3.0068	Unknown	15.0	png
people	alexander-aguero-EnppVuXbcCE-unsplash__pristine3x.png	turbo	420	15	model_policy	32.575	16.860	2.9184	Unknown	15.0	png
people	alexander-aguero-EnppVuXbcCE-unsplash__pristine3x.png	turbo	420	15	model_proj	32.575	16.859	2.9184	Unknown	15.0	png
people	alexander-aguero-EnppVuXbcCE-unsplash__pristine3x.png	turbo	420	35	identity_off	35.339	54.616	1.7533	ImageMagick	35.0	png
people	alexander-aguero-EnppVuXbcCE-unsplash__pristine3x.png	turbo	420	35	model_policy	35.672	56.426	1.6989	ImageMagick	35.0	png
people	alexander-aguero-EnppVuXbcCE-unsplash__pristine3x.png	turbo	420	35	model_proj	35.672	56.426	1.6989	ImageMagick	35.0	png
people	alexander-aguero-EnppVuXbcCE-unsplash__pristine3x.png	turbo	420	55	identity_off	36.700	67.704	1.3867	ImageMagick	55.0	png
people	alexander-aguero-EnppVuXbcCE-unsplash__pristine3x.png	turbo	420	55	model_policy	37.022	68.710	1.3449	ImageMagick	55.0	png
people	alexander-aguero-EnppVuXbcCE-unsplash__pristine3x.png	turbo	420	55	model_proj	37.022	68.708	1.3449	ImageMagick	55.0	png
people	alexander-aguero-EnppVuXbcCE-unsplash__pristine3x.png	turbo	420	75	identity_off	38.272	77.202	1.0714	ImageMagick	75.0	png
people	alexander-aguero-EnppVuXbcCE-unsplash__pristine3x.png	turbo	420	75	model_policy	38.572	77.596	1.0366	ImageMagick	75.0	png
people	alexander-aguero-EnppVuXbcCE-unsplash__pristine3x.png	turbo	420	75	model_proj	38.574	77.622	1.0364	ImageMagick	75.0	png
people	alexander-aguero-EnppVuXbcCE-unsplash__pristine3x.png	mozjpeg	420	15	identity_off	31.790	4.243	3.4178	Mozjpeg	15.0	png
people	alexander-aguero-EnppVuXbcCE-unsplash__pristine3x.png	mozjpeg	420	15	model_policy	32.079	8.161	3.3382	Mozjpeg	15.0	png
people	alexander-aguero-EnppVuXbcCE-unsplash__pristine3x.png	mozjpeg	420	15	model_proj	32.079	8.161	3.3382	Mozjpeg	15.0	png
people	alexander-aguero-EnppVuXbcCE-unsplash__pristine3x.png	mozjpeg	420	35	identity_off	34.713	47.783	2.0316	Mozjpeg	35.0	png
people	alexander-aguero-EnppVuXbcCE-unsplash__pristine3x.png	mozjpeg	420	35	model_policy	34.997	49.552	1.9789	Mozjpeg	35.0	png
people	alexander-aguero-EnppVuXbcCE-unsplash__pristine3x.png	mozjpeg	420	35	model_proj	34.997	49.561	1.9789	Mozjpeg	35.0	png
people	alexander-aguero-EnppVuXbcCE-unsplash__pristine3x.png	mozjpeg	420	55	identity_off	36.185	63.502	1.5781	Mozjpeg	55.0	png
people	alexander-aguero-EnppVuXbcCE-unsplash__pristine3x.png	mozjpeg	420	55	model_policy	36.446	64.361	1.5424	Mozjpeg	55.0	png
people	alexander-aguero-EnppVuXbcCE-unsplash__pristine3x.png	mozjpeg	420	55	model_proj	36.446	64.357	1.5424	Mozjpeg	55.0	png
people	alexander-aguero-EnppVuXbcCE-unsplash__pristine3x.png	mozjpeg	420	75	identity_off	37.860	75.173	1.1910	Mozjpeg	75.0	png
people	alexander-aguero-EnppVuXbcCE-unsplash__pristine3x.png	mozjpeg	420	75	model_policy	38.071	75.465	1.1646	Mozjpeg	75.0	png
people	alexander-aguero-EnppVuXbcCE-unsplash__pristine3x.png	mozjpeg	420	75	model_proj	38.071	75.467	1.1646	Mozjpeg	75.0	png
people	anastasia-pivnenko-PRNG6R1nSpQ-unsplash__pristine3x.png	turbo	420	15	identity_off	30.026	21.975	2.9411	Unknown	15.0	png
people	anastasia-pivnenko-PRNG6R1nSpQ-unsplash__pristine3x.png	turbo	420	15	model_policy	30.266	25.319	2.8813	Unknown	15.0	png
people	anastasia-pivnenko-PRNG6R1nSpQ-unsplash__pristine3x.png	turbo	420	15	model_proj	30.266	25.315	2.8813	Unknown	15.0	png
people	anastasia-pivnenko-PRNG6R1nSpQ-unsplash__pristine3x.png	turbo	420	35	identity_off	32.566	56.995	1.8172	ImageMagick	35.0	png
people	anastasia-pivnenko-PRNG6R1nSpQ-unsplash__pristine3x.png	turbo	420	35	model_policy	32.789	58.056	1.7811	ImageMagick	35.0	png
people	anastasia-pivnenko-PRNG6R1nSpQ-unsplash__pristine3x.png	turbo	420	35	model_proj	32.791	58.094	1.7808	ImageMagick	35.0	png
people	anastasia-pivnenko-PRNG6R1nSpQ-unsplash__pristine3x.png	turbo	420	55	identity_off	33.778	67.961	1.4789	ImageMagick	55.0	png
people	anastasia-pivnenko-PRNG6R1nSpQ-unsplash__pristine3x.png	turbo	420	55	model_policy	34.000	68.278	1.4419	ImageMagick	55.0	png
people	anastasia-pivnenko-PRNG6R1nSpQ-unsplash__pristine3x.png	turbo	420	55	model_proj	34.001	68.334	1.4405	ImageMagick	55.0	png
people	anastasia-pivnenko-PRNG6R1nSpQ-unsplash__pristine3x.png	turbo	420	75	identity_off	35.192	76.365	1.1753	ImageMagick	75.0	png
people	anastasia-pivnenko-PRNG6R1nSpQ-unsplash__pristine3x.png	turbo	420	75	model_policy	35.387	75.427	1.1644	ImageMagick	75.0	png
people	anastasia-pivnenko-PRNG6R1nSpQ-unsplash__pristine3x.png	turbo	420	75	model_proj	35.400	75.977	1.1479	ImageMagick	75.0	png
people	anastasia-pivnenko-PRNG6R1nSpQ-unsplash__pristine3x.png	mozjpeg	420	15	identity_off	29.376	14.389	3.4147	Mozjpeg	15.0	png
people	anastasia-pivnenko-PRNG6R1nSpQ-unsplash__pristine3x.png	mozjpeg	420	15	model_policy	29.570	17.081	3.3594	Mozjpeg	15.0	png
people	anastasia-pivnenko-PRNG6R1nSpQ-unsplash__pristine3x.png	mozjpeg	420	15	model_proj	29.570	17.079	3.3594	Mozjpeg	15.0	png
people	anastasia-pivnenko-PRNG6R1nSpQ-unsplash__pristine3x.png	mozjpeg	420	35	identity_off	32.029	51.894	2.0849	Mozjpeg	35.0	png
people	anastasia-pivnenko-PRNG6R1nSpQ-unsplash__pristine3x.png	mozjpeg	420	35	model_policy	32.209	52.633	2.0549	Mozjpeg	35.0	png
people	anastasia-pivnenko-PRNG6R1nSpQ-unsplash__pristine3x.png	mozjpeg	420	35	model_proj	32.209	52.644	2.0547	Mozjpeg	35.0	png
people	anastasia-pivnenko-PRNG6R1nSpQ-unsplash__pristine3x.png	mozjpeg	420	55	identity_off	33.384	64.587	1.6506	Mozjpeg	55.0	png
people	anastasia-pivnenko-PRNG6R1nSpQ-unsplash__pristine3x.png	mozjpeg	420	55	model_policy	33.549	64.778	1.6290	Mozjpeg	55.0	png
people	anastasia-pivnenko-PRNG6R1nSpQ-unsplash__pristine3x.png	mozjpeg	420	55	model_proj	33.549	64.806	1.6286	Mozjpeg	55.0	png
people	anastasia-pivnenko-PRNG6R1nSpQ-unsplash__pristine3x.png	mozjpeg	420	75	identity_off	34.876	74.370	1.3014	Mozjpeg	75.0	png
people	anastasia-pivnenko-PRNG6R1nSpQ-unsplash__pristine3x.png	mozjpeg	420	75	model_policy	34.993	73.632	1.2940	Mozjpeg	75.0	png
people	anastasia-pivnenko-PRNG6R1nSpQ-unsplash__pristine3x.png	mozjpeg	420	75	model_proj	34.999	73.921	1.2866	Mozjpeg	75.0	png
people	ashford-marx-5nEMKAK1WQs-unsplash__pristine3x.png	turbo	420	15	identity_off	25.243	27.252	3.2640	Unknown	15.0	png
people	ashford-marx-5nEMKAK1WQs-unsplash__pristine3x.png	turbo	420	15	model_policy	25.310	29.357	3.2218	Unknown	15.0	png
people	ashford-marx-5nEMKAK1WQs-unsplash__pristine3x.png	turbo	420	15	model_proj	25.310	29.353	3.2218	Unknown	15.0	png
people	ashford-marx-5nEMKAK1WQs-unsplash__pristine3x.png	turbo	420	35	identity_off	27.687	56.663	2.0694	ImageMagick	35.0	png
people	ashford-marx-5nEMKAK1WQs-unsplash__pristine3x.png	turbo	420	35	model_policy	27.764	57.372	2.0334	ImageMagick	35.0	png
people	ashford-marx-5nEMKAK1WQs-unsplash__pristine3x.png	turbo	420	35	model_proj	27.764	57.372	2.0334	ImageMagick	35.0	png
people	ashford-marx-5nEMKAK1WQs-unsplash__pristine3x.png	turbo	420	55	identity_off	29.299	66.888	1.6368	ImageMagick	55.0	png
people	ashford-marx-5nEMKAK1WQs-unsplash__pristine3x.png	turbo	420	55	model_policy	29.393	67.495	1.6039	ImageMagick	55.0	png
people	ashford-marx-5nEMKAK1WQs-unsplash__pristine3x.png	turbo	420	55	model_proj	29.394	67.472	1.6035	ImageMagick	55.0	png
people	ashford-marx-5nEMKAK1WQs-unsplash__pristine3x.png	turbo	420	75	identity_off	31.643	75.644	1.2155	ImageMagick	75.0	png
people	ashford-marx-5nEMKAK1WQs-unsplash__pristine3x.png	turbo	420	75	model_policy	31.750	75.973	1.1811	ImageMagick	75.0	png
people	ashford-marx-5nEMKAK1WQs-unsplash__pristine3x.png	turbo	420	75	model_proj	31.754	75.971	1.1792	ImageMagick	75.0	png
people	ashford-marx-5nEMKAK1WQs-unsplash__pristine3x.png	mozjpeg	420	15	identity_off	24.502	18.581	3.7724	Mozjpeg	15.0	png
people	ashford-marx-5nEMKAK1WQs-unsplash__pristine3x.png	mozjpeg	420	15	model_policy	24.562	20.330	3.7417	Mozjpeg	15.0	png
people	ashford-marx-5nEMKAK1WQs-unsplash__pristine3x.png	mozjpeg	420	15	model_proj	24.562	20.327	3.7417	Mozjpeg	15.0	png
people	ashford-marx-5nEMKAK1WQs-unsplash__pristine3x.png	mozjpeg	420	35	identity_off	26.864	50.923	2.3738	Mozjpeg	35.0	png
people	ashford-marx-5nEMKAK1WQs-unsplash__pristine3x.png	mozjpeg	420	35	model_policy	26.917	51.617	2.3599	Mozjpeg	35.0	png
people	ashford-marx-5nEMKAK1WQs-unsplash__pristine3x.png	mozjpeg	420	35	model_proj	26.917	51.618	2.3599	Mozjpeg	35.0	png
people	ashford-marx-5nEMKAK1WQs-unsplash__pristine3x.png	mozjpeg	420	55	identity_off	28.308	62.436	1.9081	Mozjpeg	55.0	png
people	ashford-marx-5nEMKAK1WQs-unsplash__pristine3x.png	mozjpeg	420	55	model_policy	28.361	62.825	1.8972	Mozjpeg	55.0	png
people	ashford-marx-5nEMKAK1WQs-unsplash__pristine3x.png	mozjpeg	420	55	model_proj	28.361	62.819	1.8972	Mozjpeg	55.0	png
people	ashford-marx-5nEMKAK1WQs-unsplash__pristine3x.png	mozjpeg	420	75	identity_off	30.380	72.566	1.4301	Mozjpeg	75.0	png
people	ashford-marx-5nEMKAK1WQs-unsplash__pristine3x.png	mozjpeg	420	75	model_policy	30.431	72.593	1.4203	Mozjpeg	75.0	png
people	ashford-marx-5nEMKAK1WQs-unsplash__pristine3x.png	mozjpeg	420	75	model_proj	30.433	72.626	1.4192	Mozjpeg	75.0	png
people	bjorn-pierre-ureo1XIikao-unsplash__pristine3x.png	turbo	420	15	identity_off	32.324	36.412	2.8082	Unknown	15.0	png
people	bjorn-pierre-ureo1XIikao-unsplash__pristine3x.png	turbo	420	15	model_policy	32.378	37.042	2.7459	Unknown	15.0	png
people	bjorn-pierre-ureo1XIikao-unsplash__pristine3x.png	turbo	420	15	model_proj	32.378	37.040	2.7459	Unknown	15.0	png
people	bjorn-pierre-ureo1XIikao-unsplash__pristine3x.png	turbo	420	35	identity_off	34.398	62.305	1.6255	ImageMagick	35.0	png
people	bjorn-pierre-ureo1XIikao-unsplash__pristine3x.png	turbo	420	35	model_policy	34.600	63.264	1.5890	ImageMagick	35.0	png
people	bjorn-pierre-ureo1XIikao-unsplash__pristine3x.png	turbo	420	35	model_proj	34.601	63.270	1.5890	ImageMagick	35.0	png
people	bjorn-pierre-ureo1XIikao-unsplash__pristine3x.png	turbo	420	55	identity_off	35.073	67.098	1.3665	ImageMagick	55.0	png
people	bjorn-pierre-ureo1XIikao-unsplash__pristine3x.png	turbo	420	55	model_policy	35.222	66.907	1.3244	ImageMagick	55.0	png
people	bjorn-pierre-ureo1XIikao-unsplash__pristine3x.png	turbo	420	55	model_proj	35.222	66.916	1.3244	ImageMagick	55.0	png
people	bjorn-pierre-ureo1XIikao-unsplash__pristine3x.png	turbo	420	75	identity_off	35.856	76.207	1.1500	ImageMagick	75.0	png
people	bjorn-pierre-ureo1XIikao-unsplash__pristine3x.png	turbo	420	75	model_policy	35.990	76.557	1.1084	ImageMagick	75.0	png
people	bjorn-pierre-ureo1XIikao-unsplash__pristine3x.png	turbo	420	75	model_proj	35.991	76.554	1.1083	ImageMagick	75.0	png
people	bjorn-pierre-ureo1XIikao-unsplash__pristine3x.png	mozjpeg	420	15	identity_off	31.973	35.528	3.0327	Mozjpeg	15.0	png
people	bjorn-pierre-ureo1XIikao-unsplash__pristine3x.png	mozjpeg	420	15	model_policy	31.990	36.265	2.9678	Mozjpeg	15.0	png
people	bjorn-pierre-ureo1XIikao-unsplash__pristine3x.png	mozjpeg	420	15	model_proj	31.990	36.265	2.9678	Mozjpeg	15.0	png
people	bjorn-pierre-ureo1XIikao-unsplash__pristine3x.png	mozjpeg	420	35	identity_off	34.187	60.242	1.7898	Mozjpeg	35.0	png
people	bjorn-pierre-ureo1XIikao-unsplash__pristine3x.png	mozjpeg	420	35	model_policy	34.365	61.114	1.7413	Mozjpeg	35.0	png
people	bjorn-pierre-ureo1XIikao-unsplash__pristine3x.png	mozjpeg	420	35	model_proj	34.365	61.110	1.7413	Mozjpeg	35.0	png
people	bjorn-pierre-ureo1XIikao-unsplash__pristine3x.png	mozjpeg	420	55	identity_off	34.991	65.752	1.4404	Mozjpeg	55.0	png
people	bjorn-pierre-ureo1XIikao-unsplash__pristine3x.png	mozjpeg	420	55	model_policy	35.114	64.914	1.4067	Mozjpeg	55.0	png
people	bjorn-pierre-ureo1XIikao-unsplash__pristine3x.png	mozjpeg	420	55	model_proj	35.114	64.913	1.4067	Mozjpeg	55.0	png
people	bjorn-pierre-ureo1XIikao-unsplash__pristine3x.png	mozjpeg	420	75	identity_off	35.916	75.506	1.1754	Mozjpeg	75.0	png
people	bjorn-pierre-ureo1XIikao-unsplash__pristine3x.png	mozjpeg	420	75	model_policy	36.017	75.467	1.1456	Mozjpeg	75.0	png
people	bjorn-pierre-ureo1XIikao-unsplash__pristine3x.png	mozjpeg	420	75	model_proj	36.017	75.454	1.1453	Mozjpeg	75.0	png
people	christian-agbede-A1gWJze3il4-unsplash__pristine3x.png	turbo	420	15	identity_off	28.697	18.234	2.8923	Unknown	15.0	png
people	christian-agbede-A1gWJze3il4-unsplash__pristine3x.png	turbo	420	15	model_policy	28.994	22.120	2.8346	Unknown	15.0	png
people	christian-agbede-A1gWJze3il4-unsplash__pristine3x.png	turbo	420	15	model_proj	28.994	22.119	2.8346	Unknown	15.0	png
people	christian-agbede-A1gWJze3il4-unsplash__pristine3x.png	turbo	420	35	identity_off	31.221	54.551	1.8074	ImageMagick	35.0	png
people	christian-agbede-A1gWJze3il4-unsplash__pristine3x.png	turbo	420	35	model_policy	31.521	55.619	1.7662	ImageMagick	35.0	png
people	christian-agbede-A1gWJze3il4-unsplash__pristine3x.png	turbo	420	35	model_proj	31.521	55.625	1.7662	ImageMagick	35.0	png
people	christian-agbede-A1gWJze3il4-unsplash__pristine3x.png	turbo	420	55	identity_off	32.425	65.119	1.5125	ImageMagick	55.0	png
people	christian-agbede-A1gWJze3il4-unsplash__pristine3x.png	turbo	420	55	model_policy	32.711	65.686	1.4776	ImageMagick	55.0	png
people	christian-agbede-A1gWJze3il4-unsplash__pristine3x.png	turbo	420	55	model_proj	32.712	65.687	1.4775	ImageMagick	55.0	png
people	christian-agbede-A1gWJze3il4-unsplash__pristine3x.png	turbo	420	75	identity_off	34.054	74.128	1.1947	ImageMagick	75.0	png
people	christian-agbede-A1gWJze3il4-unsplash__pristine3x.png	turbo	420	75	model_policy	34.327	74.661	1.1558	ImageMagick	75.0	png
people	christian-agbede-A1gWJze3il4-unsplash__pristine3x.png	turbo	420	75	model_proj	34.328	74.708	1.1554	ImageMagick	75.0	png
people	christian-agbede-A1gWJze3il4-unsplash__pristine3x.png	mozjpeg	420	15	identity_off	27.706	11.099	3.4751	Mozjpeg	15.0	png
people	christian-agbede-A1gWJze3il4-unsplash__pristine3x.png	mozjpeg	420	15	model_policy	27.947	14.069	3.4208	Mozjpeg	15.0	png
people	christian-agbede-A1gWJze3il4-unsplash__pristine3x.png	mozjpeg	420	15	model_proj	27.947	14.072	3.4208	Mozjpeg	15.0	png
people	christian-agbede-A1gWJze3il4-unsplash__pristine3x.png	mozjpeg	420	35	identity_off	30.423	49.955	2.1301	Mozjpeg	35.0	png
people	christian-agbede-A1gWJze3il4-unsplash__pristine3x.png	mozjpeg	420	35	model_policy	30.727	51.041	2.0756	Mozjpeg	35.0	png
people	christian-agbede-A1gWJze3il4-unsplash__pristine3x.png	mozjpeg	420	35	model_proj	30.727	51.041	2.0756	Mozjpeg	35.0	png
people	christian-agbede-A1gWJze3il4-unsplash__pristine3x.png	mozjpeg	420	55	identity_off	31.721	61.675	1.7746	Mozjpeg	55.0	png
people	christian-agbede-A1gWJze3il4-unsplash__pristine3x.png	mozjpeg	420	55	model_policy	32.005	62.339	1.7388	Mozjpeg	55.0	png
people	christian-agbede-A1gWJze3il4-unsplash__pristine3x.png	mozjpeg	420	55	model_proj	32.005	62.336	1.7388	Mozjpeg	55.0	png
people	christian-agbede-A1gWJze3il4-unsplash__pristine3x.png	mozjpeg	420	75	identity_off	33.348	71.486	1.3545	Mozjpeg	75.0	png
people	christian-agbede-A1gWJze3il4-unsplash__pristine3x.png	mozjpeg	420	75	model_policy	33.595	71.772	1.3255	Mozjpeg	75.0	png
people	christian-agbede-A1gWJze3il4-unsplash__pristine3x.png	mozjpeg	420	75	model_proj	33.596	71.829	1.3255	Mozjpeg	75.0	png
people	david-utt-9p-V5MUdkLY-unsplash__pristine3x.png	turbo	420	15	identity_off	30.510	15.506	3.1967	Unknown	15.0	png
people	david-utt-9p-V5MUdkLY-unsplash__pristine3x.png	turbo	420	15	model_policy	30.762	19.573	3.1327	Unknown	15.0	png
people	david-utt-9p-V5MUdkLY-unsplash__pristine3x.png	turbo	420	15	model_proj	30.762	19.573	3.1327	Unknown	15.0	png
people	david-utt-9p-V5MUdkLY-unsplash__pristine3x.png	turbo	420	35	identity_off	33.296	56.376	1.9512	ImageMagick	35.0	png
people	david-utt-9p-V5MUdkLY-unsplash__pristine3x.png	turbo	420	35	model_policy	33.531	58.078	1.9160	ImageMagick	35.0	png
people	david-utt-9p-V5MUdkLY-unsplash__pristine3x.png	turbo	420	35	model_proj	33.531	58.076	1.9160	ImageMagick	35.0	png
people	david-utt-9p-V5MUdkLY-unsplash__pristine3x.png	turbo	420	55	identity_off	34.490	67.780	1.5607	ImageMagick	55.0	png
people	david-utt-9p-V5MUdkLY-unsplash__pristine3x.png	turbo	420	55	model_policy	34.697	68.498	1.5342	ImageMagick	55.0	png
people	david-utt-9p-V5MUdkLY-unsplash__pristine3x.png	turbo	420	55	model_proj	34.698	68.539	1.5339	ImageMagick	55.0	png
people	david-utt-9p-V5MUdkLY-unsplash__pristine3x.png	turbo	420	75	identity_off	35.919	76.435	1.2060	ImageMagick	75.0	png
people	david-utt-9p-V5MUdkLY-unsplash__pristine3x.png	turbo	420	75	model_policy	36.106	76.519	1.1786	ImageMagick	75.0	png
people	david-utt-9p-V5MUdkLY-unsplash__pristine3x.png	turbo	420	75	model_proj	36.113	76.536	1.1767	ImageMagick	75.0	png
people	david-utt-9p-V5MUdkLY-unsplash__pristine3x.png	mozjpeg	420	15	identity_off	29.862	6.005	3.5202	Mozjpeg	15.0	png
people	david-utt-9p-V5MUdkLY-unsplash__pristine3x.png	mozjpeg	420	15	model_policy	30.074	9.356	3.4608	Mozjpeg	15.0	png
people	david-utt-9p-V5MUdkLY-unsplash__pristine3x.png	mozjpeg	420	15	model_proj	30.074	9.354	3.4608	Mozjpeg	15.0	png
people	david-utt-9p-V5MUdkLY-unsplash__pristine3x.png	mozjpeg	420	35	identity_off	32.699	50.303	2.0742	Mozjpeg	35.0	png
people	david-utt-9p-V5MUdkLY-unsplash__pristine3x.png	mozjpeg	420	35	model_policy	32.890	51.844	2.0327	Mozjpeg	35.0	png
people	david-utt-9p-V5MUdkLY-unsplash__pristine3x.png	mozjpeg	420	35	model_proj	32.890	51.840	2.0327	Mozjpeg	35.0	png
people	david-utt-9p-V5MUdkLY-unsplash__pristine3x.png	mozjpeg	420	55	identity_off	34.038	64.211	1.6560	Mozjpeg	55.0	png
people	david-utt-9p-V5MUdkLY-unsplash__pristine3x.png	mozjpeg	420	55	model_policy	34.204	65.076	1.6261	Mozjpeg	55.0	png
people	david-utt-9p-V5MUdkLY-unsplash__pristine3x.png	mozjpeg	420	55	model_proj	34.204	65.065	1.6260	Mozjpeg	55.0	png
people	david-utt-9p-V5MUdkLY-unsplash__pristine3x.png	mozjpeg	420	75	identity_off	35.523	74.440	1.3058	Mozjpeg	75.0	png
people	david-utt-9p-V5MUdkLY-unsplash__pristine3x.png	mozjpeg	420	75	model_policy	35.618	74.394	1.2930	Mozjpeg	75.0	png
people	david-utt-9p-V5MUdkLY-unsplash__pristine3x.png	mozjpeg	420	75	model_proj	35.620	74.432	1.2904	Mozjpeg	75.0	png
people	dwayne-joe-1qJf4Jk8BH0-unsplash__pristine3x.png	turbo	420	15	identity_off	25.858	22.034	3.1882	Unknown	15.0	png
people	dwayne-joe-1qJf4Jk8BH0-unsplash__pristine3x.png	turbo	420	15	model_policy	25.972	22.955	3.1620	Unknown	15.0	png
people	dwayne-joe-1qJf4Jk8BH0-unsplash__pristine3x.png	turbo	420	15	model_proj	25.972	22.955	3.1620	Unknown	15.0	png
people	dwayne-joe-1qJf4Jk8BH0-unsplash__pristine3x.png	turbo	420	35	identity_off	28.039	52.771	2.0848	ImageMagick	35.0	png
people	dwayne-joe-1qJf4Jk8BH0-unsplash__pristine3x.png	turbo	420	35	model_policy	28.158	53.170	2.0643	ImageMagick	35.0	png
people	dwayne-joe-1qJf4Jk8BH0-unsplash__pristine3x.png	turbo	420	35	model_proj	28.159	53.166	2.0643	ImageMagick	35.0	png
people	dwayne-joe-1qJf4Jk8BH0-unsplash__pristine3x.png	turbo	420	55	identity_off	29.487	63.123	1.7135	ImageMagick	55.0	png
people	dwayne-joe-1qJf4Jk8BH0-unsplash__pristine3x.png	turbo	420	55	model_policy	29.612	63.318	1.6897	ImageMagick	55.0	png
people	dwayne-joe-1qJf4Jk8BH0-unsplash__pristine3x.png	turbo	420	55	model_proj	29.613	63.345	1.6892	ImageMagick	55.0	png
people	dwayne-joe-1qJf4Jk8BH0-unsplash__pristine3x.png	turbo	420	75	identity_off	31.697	72.816	1.2845	ImageMagick	75.0	png
people	dwayne-joe-1qJf4Jk8BH0-unsplash__pristine3x.png	turbo	420	75	model_policy	31.846	73.034	1.2589	ImageMagick	75.0	png
people	dwayne-joe-1qJf4Jk8BH0-unsplash__pristine3x.png	turbo	420	75	model_proj	31.848	73.079	1.2587	ImageMagick	75.0	png
people	dwayne-joe-1qJf4Jk8BH0-unsplash__pristine3x.png	mozjpeg	420	15	identity_off	24.982	9.539	3.8747	Mozjpeg	15.0	png
people	dwayne-joe-1qJf4Jk8BH0-unsplash__pristine3x.png	mozjpeg	420	15	model_policy	25.075	10.575	3.8523	Mozjpeg	15.0	png
people	dwayne-joe-1qJf4Jk8BH0-unsplash__pristine3x.png	mozjpeg	420	15	model_proj	25.075	10.574	3.8523	Mozjpeg	15.0	png
people	dwayne-joe-1qJf4Jk8BH0-unsplash__pristine3x.png	mozjpeg	420	35	identity_off	27.223	44.710	2.4946	Mozjpeg	35.0	png
people	dwayne-joe-1qJf4Jk8BH0-unsplash__pristine3x.png	mozjpeg	420	35	model_policy	27.322	44.990	2.4817	Mozjpeg	35.0	png
people	dwayne-joe-1qJf4Jk8BH0-unsplash__pristine3x.png	mozjpeg	420	35	model_proj	27.322	44.992	2.4817	Mozjpeg	35.0	png
people	dwayne-joe-1qJf4Jk8BH0-unsplash__pristine3x.png	mozjpeg	420	55	identity_off	28.586	57.692	1.9773	Mozjpeg	55.0	png
people	dwayne-joe-1qJf4Jk8BH0-unsplash__pristine3x.png	mozjpeg	420	55	model_policy	28.684	57.863	1.9655	Mozjpeg	55.0	png
people	dwayne-joe-1qJf4Jk8BH0-unsplash__pristine3x.png	mozjpeg	420	55	model_proj	28.684	57.857	1.9654	Mozjpeg	55.0	png
people	dwayne-joe-1qJf4Jk8BH0-unsplash__pristine3x.png	mozjpeg	420	75	identity_off	30.530	69.008	1.4981	Mozjpeg	75.0	png
people	dwayne-joe-1qJf4Jk8BH0-unsplash__pristine3x.png	mozjpeg	420	75	model_policy	30.626	68.939	1.4882	Mozjpeg	75.0	png
people	dwayne-joe-1qJf4Jk8BH0-unsplash__pristine3x.png	mozjpeg	420	75	model_proj	30.626	68.944	1.4881	Mozjpeg	75.0	png
people	dwayne-joe-6-Rwiq8VbKs-unsplash__pristine3x.png	turbo	420	15	identity_off	25.340	29.547	3.1198	Unknown	15.0	png
people	dwayne-joe-6-Rwiq8VbKs-unsplash__pristine3x.png	turbo	420	15	model_policy	25.506	31.690	3.0833	Unknown	15.0	png
people	dwayne-joe-6-Rwiq8VbKs-unsplash__pristine3x.png	turbo	420	15	model_proj	25.506	31.684	3.0833	Unknown	15.0	png
people	dwayne-joe-6-Rwiq8VbKs-unsplash__pristine3x.png	turbo	420	35	identity_off	27.679	56.183	2.0768	ImageMagick	35.0	png
people	dwayne-joe-6-Rwiq8VbKs-unsplash__pristine3x.png	turbo	420	35	model_policy	27.925	57.550	2.0310	ImageMagick	35.0	png
people	dwayne-joe-6-Rwiq8VbKs-unsplash__pristine3x.png	turbo	420	35	model_proj	27.930	57.607	2.0298	ImageMagick	35.0	png
people	dwayne-joe-6-Rwiq8VbKs-unsplash__pristine3x.png	turbo	420	55	identity_off	29.005	63.206	1.9294	ImageMagick	55.0	png
people	dwayne-joe-6-Rwiq8VbKs-unsplash__pristine3x.png	turbo	420	55	model_policy	29.289	64.516	1.8881	ImageMagick	55.0	png
people	dwayne-joe-6-Rwiq8VbKs-unsplash__pristine3x.png	turbo	420	55	model_proj	29.306	64.748	1.8855	ImageMagick	55.0	png
people	dwayne-joe-6-Rwiq8VbKs-unsplash__pristine3x.png	turbo	420	75	identity_off	30.948	71.468	1.2928	ImageMagick	75.0	png
people	dwayne-joe-6-Rwiq8VbKs-unsplash__pristine3x.png	turbo	420	75	model_policy	31.293	72.755	1.2256	ImageMagick	75.0	png
people	dwayne-joe-6-Rwiq8VbKs-unsplash__pristine3x.png	turbo	420	75	model_proj	31.327	72.907	1.2075	ImageMagick	75.0	png
people	dwayne-joe-6-Rwiq8VbKs-unsplash__pristine3x.png	mozjpeg	420	15	identity_off	24.096	23.104	3.7301	Mozjpeg	15.0	png
people	dwayne-joe-6-Rwiq8VbKs-unsplash__pristine3x.png	mozjpeg	420	15	model_policy	24.206	24.747	3.6924	Mozjpeg	15.0	png
people	dwayne-joe-6-Rwiq8VbKs-unsplash__pristine3x.png	mozjpeg	420	15	model_proj	24.206	24.749	3.6924	Mozjpeg	15.0	png
people	dwayne-joe-6-Rwiq8VbKs-unsplash__pristine3x.png	mozjpeg	420	35	identity_off	26.694	52.415	2.4340	Mozjpeg	35.0	png
people	dwayne-joe-6-Rwiq8VbKs-unsplash__pristine3x.png	mozjpeg	420	35	model_policy	26.871	53.347	2.3949	Mozjpeg	35.0	png
people	dwayne-joe-6-Rwiq8VbKs-unsplash__pristine3x.png	mozjpeg	420	35	model_proj	26.872	53.372	2.3951	Mozjpeg	35.0	png
people	dwayne-joe-6-Rwiq8VbKs-unsplash__pristine3x.png	mozjpeg	420	55	identity_off	28.045	61.773	2.1216	Mozjpeg	55.0	png
people	dwayne-joe-6-Rwiq8VbKs-unsplash__pristine3x.png	mozjpeg	420	55	model_policy	28.262	62.715	2.0923	Mozjpeg	55.0	png
people	dwayne-joe-6-Rwiq8VbKs-unsplash__pristine3x.png	mozjpeg	420	55	model_proj	28.263	62.725	2.0920	Mozjpeg	55.0	png
people	dwayne-joe-6-Rwiq8VbKs-unsplash__pristine3x.png	mozjpeg	420	75	identity_off	29.989	70.374	1.5207	Mozjpeg	75.0	png
people	dwayne-joe-6-Rwiq8VbKs-unsplash__pristine3x.png	mozjpeg	420	75	model_policy	30.247	71.314	1.4797	Mozjpeg	75.0	png
people	dwayne-joe-6-Rwiq8VbKs-unsplash__pristine3x.png	mozjpeg	420	75	model_proj	30.253	71.306	1.4770	Mozjpeg	75.0	png
screen	archive__details-collection__1440x900__dpr1.png	turbo	420	15	identity_off	40.114	85.700	4.7848	Unknown	15.0	png
screen	archive__details-collection__1440x900__dpr1.png	turbo	420	15	model_policy	37.348	89.356	6.1142	Unknown	15.0	png
screen	archive__details-collection__1440x900__dpr1.png	turbo	420	15	model_proj	37.348	89.356	6.1142	Unknown	15.0	png
screen	archive__details-collection__1440x900__dpr1.png	turbo	420	35	identity_off	48.131	90.220	2.3578	ImageMagick	35.0	png
screen	archive__details-collection__1440x900__dpr1.png	turbo	420	35	model_policy	45.201	87.683	3.0571	ImageMagick	35.0	png
screen	archive__details-collection__1440x900__dpr1.png	turbo	420	35	model_proj	45.201	87.683	3.0571	ImageMagick	35.0	png
screen	archive__details-collection__1440x900__dpr1.png	turbo	420	55	identity_off	45.912	88.295	2.6346	ImageMagick	55.0	png
screen	archive__details-collection__1440x900__dpr1.png	turbo	420	55	model_policy	52.832	92.068	1.3709	ImageMagick	55.0	png
screen	archive__details-collection__1440x900__dpr1.png	turbo	420	55	model_proj	52.832	92.068	1.3709	ImageMagick	55.0	png
screen	archive__details-collection__1440x900__dpr1.png	turbo	420	75	identity_off	99.000	100.000	0.0000	ImageMagick	75.0	png
screen	archive__details-collection__1440x900__dpr1.png	turbo	420	75	model_policy	52.961	93.274	0.8377	ImageMagick	75.0	png
screen	archive__details-collection__1440x900__dpr1.png	turbo	420	75	model_proj	53.003	92.277	0.8339	ImageMagick	75.0	png
screen	archive__details-collection__1440x900__dpr1.png	mozjpeg	420	15	identity_off	40.114	85.700	4.7848	Mozjpeg	15.0	png
screen	archive__details-collection__1440x900__dpr1.png	mozjpeg	420	15	model_policy	37.348	89.356	6.1142	Mozjpeg	15.0	png
screen	archive__details-collection__1440x900__dpr1.png	mozjpeg	420	15	model_proj	37.348	89.356	6.1142	Mozjpeg	15.0	png
screen	archive__details-collection__1440x900__dpr1.png	mozjpeg	420	35	identity_off	48.131	90.220	2.3578	Mozjpeg	35.0	png
screen	archive__details-collection__1440x900__dpr1.png	mozjpeg	420	35	model_policy	45.201	87.683	3.0571	Mozjpeg	35.0	png
screen	archive__details-collection__1440x900__dpr1.png	mozjpeg	420	35	model_proj	45.201	87.683	3.0571	Mozjpeg	35.0	png
screen	archive__details-collection__1440x900__dpr1.png	mozjpeg	420	55	identity_off	45.912	88.295	2.6346	Mozjpeg	55.0	png
screen	archive__details-collection__1440x900__dpr1.png	mozjpeg	420	55	model_policy	52.832	92.068	1.3709	Mozjpeg	55.0	png
screen	archive__details-collection__1440x900__dpr1.png	mozjpeg	420	55	model_proj	52.832	92.068	1.3709	Mozjpeg	55.0	png
screen	archive__details-collection__1440x900__dpr1.png	mozjpeg	420	75	identity_off	99.000	100.000	0.0000	Mozjpeg	75.0	png
screen	archive__details-collection__1440x900__dpr1.png	mozjpeg	420	75	model_policy	52.961	93.274	0.8377	Mozjpeg	75.0	png
screen	archive__details-collection__1440x900__dpr1.png	mozjpeg	420	75	model_proj	52.961	93.274	0.8377	Mozjpeg	75.0	png
screen	archive__wayback-search__1440x900__dpr1.png	turbo	420	15	identity_off	27.359	39.624	3.4768	Unknown	15.0	png
screen	archive__wayback-search__1440x900__dpr1.png	turbo	420	15	model_policy	28.264	44.806	3.1732	Unknown	15.0	png
screen	archive__wayback-search__1440x900__dpr1.png	turbo	420	15	model_proj	28.264	44.792	3.1732	Unknown	15.0	png
screen	archive__wayback-search__1440x900__dpr1.png	turbo	420	35	identity_off	30.292	59.438	2.2581	ImageMagick	35.0	png
screen	archive__wayback-search__1440x900__dpr1.png	turbo	420	35	model_policy	31.520	65.048	1.8779	ImageMagick	35.0	png
screen	archive__wayback-search__1440x900__dpr1.png	turbo	420	35	model_proj	31.531	65.091	1.8771	ImageMagick	35.0	png
screen	archive__wayback-search__1440x900__dpr1.png	turbo	420	55	identity_off	31.976	67.103	1.8614	ImageMagick	55.0	png
screen	archive__wayback-search__1440x900__dpr1.png	turbo	420	55	model_policy	33.269	72.384	1.4750	ImageMagick	55.0	png
screen	archive__wayback-search__1440x900__dpr1.png	turbo	420	55	model_proj	33.297	72.571	1.4733	ImageMagick	55.0	png
screen	archive__wayback-search__1440x900__dpr1.png	turbo	420	75	identity_off	33.993	75.035	1.4080	ImageMagick	75.0	png
screen	archive__wayback-search__1440x900__dpr1.png	turbo	420	75	model_policy	35.274	79.357	1.1015	ImageMagick	75.0	png
screen	archive__wayback-search__1440x900__dpr1.png	turbo	420	75	model_proj	35.318	79.334	1.0979	ImageMagick	75.0	png
screen	archive__wayback-search__1440x900__dpr1.png	mozjpeg	420	15	identity_off	25.039	26.373	5.2733	Mozjpeg	15.0	png
screen	archive__wayback-search__1440x900__dpr1.png	mozjpeg	420	15	model_policy	25.569	30.471	5.1573	Mozjpeg	15.0	png
screen	archive__wayback-search__1440x900__dpr1.png	mozjpeg	420	15	model_proj	25.560	30.440	5.1674	Mozjpeg	15.0	png
screen	archive__wayback-search__1440x900__dpr1.png	mozjpeg	420	35	identity_off	28.412	54.093	3.2948	Mozjpeg	35.0	png
screen	archive__wayback-search__1440x900__dpr1.png	mozjpeg	420	35	model_policy	29.290	58.826	3.1251	Mozjpeg	35.0	png
screen	archive__wayback-search__1440x900__dpr1.png	mozjpeg	420	35	model_proj	29.254	58.318	3.1467	Mozjpeg	35.0	png
screen	archive__wayback-search__1440x900__dpr1.png	mozjpeg	420	55	identity_off	30.194	63.760	2.3893	Mozjpeg	55.0	png
screen	archive__wayback-search__1440x900__dpr1.png	mozjpeg	420	55	model_policy	31.210	67.869	2.1454	Mozjpeg	55.0	png
screen	archive__wayback-search__1440x900__dpr1.png	mozjpeg	420	55	model_proj	31.159	67.420	2.1761	Mozjpeg	55.0	png
screen	archive__wayback-search__1440x900__dpr1.png	mozjpeg	420	75	identity_off	32.466	73.688	1.7074	Mozjpeg	75.0	png
screen	archive__wayback-search__1440x900__dpr1.png	mozjpeg	420	75	model_policy	33.495	76.844	1.5107	Mozjpeg	75.0	png
screen	archive__wayback-search__1440x900__dpr1.png	mozjpeg	420	75	model_proj	33.451	76.406	1.5477	Mozjpeg	75.0	png
screen	archives__exhibits__1440x900__dpr1.png	turbo	420	15	identity_off	25.236	33.644	4.2854	Unknown	15.0	png
screen	archives__exhibits__1440x900__dpr1.png	turbo	420	15	model_policy	27.305	46.499	3.4505	Unknown	15.0	png
screen	archives__exhibits__1440x900__dpr1.png	turbo	420	15	model_proj	27.323	46.986	3.4246	Unknown	15.0	png
screen	archives__exhibits__1440x900__dpr1.png	turbo	420	35	identity_off	28.493	49.428	2.8171	ImageMagick	35.0	png
screen	archives__exhibits__1440x900__dpr1.png	turbo	420	35	model_policy	30.929	62.772	2.0735	ImageMagick	35.0	png
screen	archives__exhibits__1440x900__dpr1.png	turbo	420	35	model_proj	31.270	67.292	1.8373	ImageMagick	35.0	png
screen	archives__exhibits__1440x900__dpr1.png	turbo	420	55	identity_off	30.681	60.009	2.1357	ImageMagick	55.0	png
screen	archives__exhibits__1440x900__dpr1.png	turbo	420	55	model_policy	33.201	71.070	1.5245	ImageMagick	55.0	png
screen	archives__exhibits__1440x900__dpr1.png	turbo	420	55	model_proj	33.669	75.526	1.2731	ImageMagick	55.0	png
screen	archives__exhibits__1440x900__dpr1.png	turbo	420	75	identity_off	33.530	71.495	1.4966	ImageMagick	75.0	png
screen	archives__exhibits__1440x900__dpr1.png	turbo	420	75	model_policy	36.154	79.570	1.0725	ImageMagick	75.0	png
screen	archives__exhibits__1440x900__dpr1.png	turbo	420	75	model_proj	36.711	82.817	0.8593	ImageMagick	75.0	png
screen	archives__exhibits__1440x900__dpr1.png	mozjpeg	420	15	identity_off	22.686	42.743	4.4078	Mozjpeg	15.0	png
screen	archives__exhibits__1440x900__dpr1.png	mozjpeg	420	15	model_policy	24.003	49.658	4.1685	Mozjpeg	15.0	png
screen	archives__exhibits__1440x900__dpr1.png	mozjpeg	420	15	model_proj	23.908	53.366	3.9127	Mozjpeg	15.0	png
screen	archives__exhibits__1440x900__dpr1.png	mozjpeg	420	35	identity_off	25.817	55.617	3.5299	Mozjpeg	35.0	png
screen	archives__exhibits__1440x900__dpr1.png	mozjpeg	420	35	model_policy	27.630	63.145	3.1433	Mozjpeg	35.0	png
screen	archives__exhibits__1440x900__dpr1.png	mozjpeg	420	35	model_proj	27.595	69.810	2.3453	Mozjpeg	35.0	png
screen	archives__exhibits__1440x900__dpr1.png	mozjpeg	420	55	identity_off	28.001	64.982	2.5549	Mozjpeg	55.0	png
screen	archives__exhibits__1440x900__dpr1.png	mozjpeg	420	55	model_policy	29.986	71.581	2.1849	Mozjpeg	55.0	png
screen	archives__exhibits__1440x900__dpr1.png	mozjpeg	420	55	model_proj	29.991	76.753	1.5895	Mozjpeg	55.0	png
screen	archives__exhibits__1440x900__dpr1.png	mozjpeg	420	75	identity_off	30.453	71.389	2.0090	Mozjpeg	75.0	png
screen	archives__exhibits__1440x900__dpr1.png	mozjpeg	420	75	model_policy	32.645	77.201	1.6519	Mozjpeg	75.0	png
screen	archives__exhibits__1440x900__dpr1.png	mozjpeg	420	75	model_proj	32.878	81.432	1.2114	Mozjpeg	75.0	png
screen	bls__employment-situation__1440x900__dpr1.png	turbo	420	15	identity_off	36.943	71.610	3.6726	Unknown	15.0	png
screen	bls__employment-situation__1440x900__dpr1.png	turbo	420	15	model_policy	39.435	77.594	2.8933	Unknown	15.0	png
screen	bls__employment-situation__1440x900__dpr1.png	turbo	420	15	model_proj	39.475	77.883	2.8445	Unknown	15.0	png
screen	bls__employment-situation__1440x900__dpr1.png	turbo	420	35	identity_off	41.587	78.665	2.1931	ImageMagick	35.0	png
screen	bls__employment-situation__1440x900__dpr1.png	turbo	420	35	model_policy	44.134	83.576	1.6262	ImageMagick	35.0	png
screen	bls__employment-situation__1440x900__dpr1.png	turbo	420	35	model_proj	44.551	84.875	1.4145	ImageMagick	35.0	png
screen	bls__employment-situation__1440x900__dpr1.png	turbo	420	55	identity_off	44.604	82.854	1.5019	ImageMagick	55.0	png
screen	bls__employment-situation__1440x900__dpr1.png	turbo	420	55	model_policy	47.215	86.790	1.0391	ImageMagick	55.0	png
screen	bls__employment-situation__1440x900__dpr1.png	turbo	420	55	model_proj	47.790	87.967	0.8682	ImageMagick	55.0	png
screen	bls__employment-situation__1440x900__dpr1.png	turbo	420	75	identity_off	48.842	87.242	0.9781	ImageMagick	75.0	png
screen	bls__employment-situation__1440x900__dpr1.png	turbo	420	75	model_policy	51.160	90.197	0.6642	ImageMagick	75.0	png
screen	bls__employment-situation__1440x900__dpr1.png	turbo	420	75	model_proj	51.778	90.831	0.5545	ImageMagick	75.0	png
screen	bls__employment-situation__1440x900__dpr1.png	mozjpeg	420	15	identity_off	35.225	76.396	2.3892	Mozjpeg	15.0	png
screen	bls__employment-situation__1440x900__dpr1.png	mozjpeg	420	15	model_policy	37.613	81.691	1.7711	Mozjpeg	15.0	png
screen	bls__employment-situation__1440x900__dpr1.png	mozjpeg	420	15	model_proj	37.135	81.138	1.5158	Mozjpeg	15.0	png
screen	bls__employment-situation__1440x900__dpr1.png	mozjpeg	420	35	identity_off	38.713	83.117	2.1034	Mozjpeg	35.0	png
screen	bls__employment-situation__1440x900__dpr1.png	mozjpeg	420	35	model_policy	40.936	85.640	1.7763	Mozjpeg	35.0	png
screen	bls__employment-situation__1440x900__dpr1.png	mozjpeg	420	35	model_proj	40.409	85.533	1.1678	Mozjpeg	35.0	png
screen	bls__employment-situation__1440x900__dpr1.png	mozjpeg	420	55	identity_off	41.130	85.525	1.8469	Mozjpeg	55.0	png
screen	bls__employment-situation__1440x900__dpr1.png	mozjpeg	420	55	model_policy	42.994	87.311	1.6240	Mozjpeg	55.0	png
screen	bls__employment-situation__1440x900__dpr1.png	mozjpeg	420	55	model_proj	42.650	87.304	1.0208	Mozjpeg	55.0	png
screen	bls__employment-situation__1440x900__dpr1.png	mozjpeg	420	75	identity_off	43.992	87.928	1.4688	Mozjpeg	75.0	png
screen	bls__employment-situation__1440x900__dpr1.png	mozjpeg	420	75	model_policy	45.713	89.158	1.3109	Mozjpeg	75.0	png
screen	bls__employment-situation__1440x900__dpr1.png	mozjpeg	420	75	model_proj	45.611	89.279	0.9398	Mozjpeg	75.0	png
screen	bookdown__r-stats__1440x900__dpr1.png	turbo	420	15	identity_off	28.241	43.919	3.2360	Unknown	15.0	png
screen	bookdown__r-stats__1440x900__dpr1.png	turbo	420	15	model_policy	30.473	53.731	2.5231	Unknown	15.0	png
screen	bookdown__r-stats__1440x900__dpr1.png	turbo	420	15	model_proj	30.478	53.837	2.5145	Unknown	15.0	png
screen	bookdown__r-stats__1440x900__dpr1.png	turbo	420	35	identity_off	31.441	58.019	2.2010	ImageMagick	35.0	png
screen	bookdown__r-stats__1440x900__dpr1.png	turbo	420	35	model_policy	33.849	67.410	1.5638	ImageMagick	35.0	png
screen	bookdown__r-stats__1440x900__dpr1.png	turbo	420	35	model_proj	34.034	69.390	1.3682	ImageMagick	35.0	png
screen	bookdown__r-stats__1440x900__dpr1.png	turbo	420	55	identity_off	33.156	66.045	1.6937	ImageMagick	55.0	png
screen	bookdown__r-stats__1440x900__dpr1.png	turbo	420	55	model_policy	35.455	73.794	1.1929	ImageMagick	55.0	png
screen	bookdown__r-stats__1440x900__dpr1.png	turbo	420	55	model_proj	35.724	75.790	1.0173	ImageMagick	55.0	png
screen	bookdown__r-stats__1440x900__dpr1.png	turbo	420	75	identity_off	35.515	73.489	1.2800	ImageMagick	75.0	png
screen	bookdown__r-stats__1440x900__dpr1.png	turbo	420	75	model_policy	37.628	79.417	0.8685	ImageMagick	75.0	png
screen	bookdown__r-stats__1440x900__dpr1.png	turbo	420	75	model_proj	37.969	80.946	0.7330	ImageMagick	75.0	png
screen	bookdown__r-stats__1440x900__dpr1.png	mozjpeg	420	15	identity_off	26.017	47.793	2.7696	Mozjpeg	15.0	png
screen	bookdown__r-stats__1440x900__dpr1.png	mozjpeg	420	15	model_policy	27.752	55.223	2.5104	Mozjpeg	15.0	png
screen	bookdown__r-stats__1440x900__dpr1.png	mozjpeg	420	15	model_proj	27.493	53.161	2.6372	Mozjpeg	15.0	png
screen	bookdown__r-stats__1440x900__dpr1.png	mozjpeg	420	35	identity_off	29.353	62.135	1.9274	Mozjpeg	35.0	png
screen	bookdown__r-stats__1440x900__dpr1.png	mozjpeg	420	35	model_policy	31.462	69.027	1.5923	Mozjpeg	35.0	png
screen	bookdown__r-stats__1440x900__dpr1.png	mozjpeg	420	35	model_proj	30.951	68.599	1.5336	Mozjpeg	35.0	png
screen	bookdown__r-stats__1440x900__dpr1.png	mozjpeg	420	55	identity_off	31.485	67.724	1.6035	Mozjpeg	55.0	png
screen	bookdown__r-stats__1440x900__dpr1.png	mozjpeg	420	55	model_policy	33.703	73.099	1.3056	Mozjpeg	55.0	png
screen	bookdown__r-stats__1440x900__dpr1.png	mozjpeg	420	55	model_proj	33.140	72.636	1.1686	Mozjpeg	55.0	png
screen	bookdown__r-stats__1440x900__dpr1.png	mozjpeg	420	75	identity_off	33.900	75.510	1.2530	Mozjpeg	75.0	png
screen	bookdown__r-stats__1440x900__dpr1.png	mozjpeg	420	75	model_policy	36.133	79.214	0.9846	Mozjpeg	75.0	png
screen	bookdown__r-stats__1440x900__dpr1.png	mozjpeg	420	75	model_proj	35.965	79.962	0.8073	Mozjpeg	75.0	png
screen	climate-gov__home__1440x900__dpr1.png	turbo	420	15	identity_off	28.685	24.774	3.4689	Unknown	15.0	png
screen	climate-gov__home__1440x900__dpr1.png	turbo	420	15	model_policy	30.483	30.240	2.8932	Unknown	15.0	png
screen	climate-gov__home__1440x900__dpr1.png	turbo	420	15	model_proj	30.487	30.279	2.8878	Unknown	15.0	png
screen	climate-gov__home__1440x900__dpr1.png	turbo	420	35	identity_off	32.242	53.734	2.2359	ImageMagick	35.0	png
screen	climate-gov__home__1440x900__dpr1.png	turbo	420	35	model_policy	33.974	58.849	1.7264	ImageMagick	35.0	png
screen	climate-gov__home__1440x900__dpr1.png	turbo	420	35	model_proj	34.085	59.468	1.6690	ImageMagick	35.0	png
screen	climate-gov__home__1440x900__dpr1.png	turbo	420	55	identity_off	34.107	64.776	1.7352	ImageMagick	55.0	png
screen	climate-gov__home__1440x900__dpr1.png	turbo	420	55	model_policy	35.658	67.727	1.3598	ImageMagick	55.0	png
screen	climate-gov__home__1440x900__dpr1.png	turbo	420	55	model_proj	35.780	68.229	1.3277	ImageMagick	55.0	png
screen	climate-gov__home__1440x900__dpr1.png	turbo	420	75	identity_off	36.704	74.356	1.2803	ImageMagick	75.0	png
screen	climate-gov__home__1440x900__dpr1.png	turbo	420	75	model_policy	37.883	74.255	1.0614	ImageMagick	75.0	png
screen	climate-gov__home__1440x900__dpr1.png	turbo	420	75	model_proj	37.994	75.082	1.0340	ImageMagick	75.0	png
screen	climate-gov__home__1440x900__dpr1.png	mozjpeg	420	15	identity_off	26.597	20.560	3.1710	Mozjpeg	15.0	png
screen	climate-gov__home__1440x900__dpr1.png	mozjpeg	420	15	model_policy	27.868	24.094	3.0213	Mozjpeg	15.0	png
screen	climate-gov__home__1440x900__dpr1.png	mozjpeg	420	15	model_proj	27.678	23.378	3.0703	Mozjpeg	15.0	png
screen	climate-gov__home__1440x900__dpr1.png	mozjpeg	420	35	identity_off	30.168	49.192	2.2434	Mozjpeg	35.0	png
screen	climate-gov__home__1440x900__dpr1.png	mozjpeg	420	35	model_policy	31.736	51.452	2.0382	Mozjpeg	35.0	png
screen	climate-gov__home__1440x900__dpr1.png	mozjpeg	420	35	model_proj	31.334	51.083	2.0209	Mozjpeg	35.0	png
screen	climate-gov__home__1440x900__dpr1.png	mozjpeg	420	55	identity_off	32.137	60.691	1.9129	Mozjpeg	55.0	png
screen	climate-gov__home__1440x900__dpr1.png	mozjpeg	420	55	model_policy	33.684	61.897	1.7086	Mozjpeg	55.0	png
screen	climate-gov__home__1440x900__dpr1.png	mozjpeg	420	55	model_proj	33.204	61.287	1.6944	Mozjpeg	55.0	png
screen	climate-gov__home__1440x900__dpr1.png	mozjpeg	420	75	identity_off	35.099	70.605	1.3635	Mozjpeg	75.0	png
screen	climate-gov__home__1440x900__dpr1.png	mozjpeg	420	75	model_policy	36.454	71.142	1.2708	Mozjpeg	75.0	png
screen	climate-gov__home__1440x900__dpr1.png	mozjpeg	420	75	model_proj	36.205	71.111	1.2632	Mozjpeg	75.0	png
screen	climate__news__1440x900__dpr1.png	turbo	420	15	identity_off	29.453	44.131	3.1476	Unknown	15.0	png
screen	climate__news__1440x900__dpr1.png	turbo	420	15	model_policy	30.767	49.670	2.6744	Unknown	15.0	png
screen	climate__news__1440x900__dpr1.png	turbo	420	15	model_proj	30.773	49.814	2.6576	Unknown	15.0	png
screen	climate__news__1440x900__dpr1.png	turbo	420	35	identity_off	32.514	60.821	2.0407	ImageMagick	35.0	png
screen	climate__news__1440x900__dpr1.png	turbo	420	35	model_policy	33.702	67.081	1.6626	ImageMagick	35.0	png
screen	climate__news__1440x900__dpr1.png	turbo	420	35	model_proj	33.771	68.151	1.5877	ImageMagick	35.0	png
screen	climate__news__1440x900__dpr1.png	turbo	420	55	identity_off	34.229	68.062	1.8028	ImageMagick	55.0	png
screen	climate__news__1440x900__dpr1.png	turbo	420	55	model_policy	35.271	72.544	1.4355	ImageMagick	55.0	png
screen	climate__news__1440x900__dpr1.png	turbo	420	55	model_proj	35.343	73.456	1.3287	ImageMagick	55.0	png
screen	climate__news__1440x900__dpr1.png	turbo	420	75	identity_off	36.687	76.507	1.2334	ImageMagick	75.0	png
screen	climate__news__1440x900__dpr1.png	turbo	420	75	model_policy	37.491	78.835	1.0387	ImageMagick	75.0	png
screen	climate__news__1440x900__dpr1.png	turbo	420	75	model_proj	37.562	79.371	1.0242	ImageMagick	75.0	png
screen	climate__news__1440x900__dpr1.png	mozjpeg	420	15	identity_off	27.314	42.663	3.1246	Mozjpeg	15.0	png
screen	climate__news__1440x900__dpr1.png	mozjpeg	420	15	model_policy	28.290	44.967	2.9729	Mozjpeg	15.0	png
screen	climate__news__1440x900__dpr1.png	mozjpeg	420	15	model_proj	28.178	45.196	2.9916	Mozjpeg	15.0	png
screen	climate__news__1440x900__dpr1.png	mozjpeg	420	35	identity_off	30.613	61.551	2.3886	Mozjpeg	35.0	png
screen	climate__news__1440x900__dpr1.png	mozjpeg	420	35	model_policy	31.780	64.069	2.1248	Mozjpeg	35.0	png
screen	climate__news__1440x900__dpr1.png	mozjpeg	420	35	model_proj	31.608	64.683	1.8762	Mozjpeg	35.0	png
screen	climate__news__1440x900__dpr1.png	mozjpeg	420	55	identity_off	32.391	67.968	1.9244	Mozjpeg	55.0	png
screen	climate__news__1440x900__dpr1.png	mozjpeg	420	55	model_policy	33.523	70.244	1.6707	Mozjpeg	55.0	png
screen	climate__news__1440x900__dpr1.png	mozjpeg	420	55	model_proj	33.358	70.552	1.5330	Mozjpeg	55.0	png
screen	climate__news__1440x900__dpr1.png	mozjpeg	420	75	identity_off	34.808	74.943	1.4494	Mozjpeg	75.0	png
screen	climate__news__1440x900__dpr1.png	mozjpeg	420	75	model_policy	35.814	76.698	1.2613	Mozjpeg	75.0	png
screen	climate__news__1440x900__dpr1.png	mozjpeg	420	75	model_proj	35.756	77.129	1.1288	Mozjpeg	75.0	png
screen	commons__featured-pictures__1440x900__dpr1.png	turbo	420	15	identity_off	27.236	42.228	3.2330	Unknown	15.0	png
screen	commons__featured-pictures__1440x900__dpr1.png	turbo	420	15	model_policy	29.041	49.200	2.7600	Unknown	15.0	png
screen	commons__featured-pictures__1440x900__dpr1.png	turbo	420	15	model_proj	29.053	49.559	2.7163	Unknown	15.0	png
screen	commons__featured-pictures__1440x900__dpr1.png	turbo	420	35	identity_off	29.293	53.893	2.2857	ImageMagick	35.0	png
screen	commons__featured-pictures__1440x900__dpr1.png	turbo	420	35	model_policy	31.511	63.990	1.7523	ImageMagick	35.0	png
screen	commons__featured-pictures__1440x900__dpr1.png	turbo	420	35	model_proj	31.774	66.709	1.6017	ImageMagick	35.0	png
screen	commons__featured-pictures__1440x900__dpr1.png	turbo	420	55	identity_off	30.366	60.955	1.9223	ImageMagick	55.0	png
screen	commons__featured-pictures__1440x900__dpr1.png	turbo	420	55	model_policy	32.698	69.486	1.5235	ImageMagick	55.0	png
screen	commons__featured-pictures__1440x900__dpr1.png	turbo	420	55	model_proj	33.070	72.498	1.4589	ImageMagick	55.0	png
screen	commons__featured-pictures__1440x900__dpr1.png	turbo	420	75	identity_off	32.066	69.824	1.4214	ImageMagick	75.0	png
screen	commons__featured-pictures__1440x900__dpr1.png	turbo	420	75	model_policy	34.664	77.025	1.0418	ImageMagick	75.0	png
screen	commons__featured-pictures__1440x900__dpr1.png	turbo	420	75	model_proj	35.126	79.532	0.9453	ImageMagick	75.0	png
screen	commons__featured-pictures__1440x900__dpr1.png	mozjpeg	420	15	identity_off	26.130	41.940	3.3002	Mozjpeg	15.0	png
screen	commons__featured-pictures__1440x900__dpr1.png	mozjpeg	420	15	model_policy	27.344	45.157	3.0318	Mozjpeg	15.0	png
screen	commons__featured-pictures__1440x900__dpr1.png	mozjpeg	420	15	model_proj	27.258	44.074	3.0825	Mozjpeg	15.0	png
screen	commons__featured-pictures__1440x900__dpr1.png	mozjpeg	420	35	identity_off	28.788	59.757	2.1861	Mozjpeg	35.0	png
screen	commons__featured-pictures__1440x900__dpr1.png	mozjpeg	420	35	model_policy	30.698	65.429	1.8413	Mozjpeg	35.0	png
screen	commons__featured-pictures__1440x900__dpr1.png	mozjpeg	420	35	model_proj	30.659	65.337	1.8640	Mozjpeg	35.0	png
screen	commons__featured-pictures__1440x900__dpr1.png	mozjpeg	420	55	identity_off	30.155	65.030	1.8858	Mozjpeg	55.0	png
screen	commons__featured-pictures__1440x900__dpr1.png	mozjpeg	420	55	model_policy	32.327	69.993	1.5911	Mozjpeg	55.0	png
screen	commons__featured-pictures__1440x900__dpr1.png	mozjpeg	420	55	model_proj	32.373	70.883	1.5819	Mozjpeg	55.0	png
screen	commons__featured-pictures__1440x900__dpr1.png	mozjpeg	420	75	identity_off	31.794	72.306	1.4271	Mozjpeg	75.0	png
screen	commons__featured-pictures__1440x900__dpr1.png	mozjpeg	420	75	model_policy	34.277	77.367	1.1075	Mozjpeg	75.0	png
screen	commons__featured-pictures__1440x900__dpr1.png	mozjpeg	420	75	model_proj	34.514	78.554	1.0654	Mozjpeg	75.0	png
documents	office_census-acs-2024_questionnaire_p01_page1.png	turbo	420	15	identity_off	28.006	41.291	2.8235	Unknown	15.0	png
documents	office_census-acs-2024_questionnaire_p01_page1.png	turbo	420	15	model_policy	29.581	47.461	2.5977	Unknown	15.0	png
documents	office_census-acs-2024_questionnaire_p01_page1.png	turbo	420	15	model_proj	29.581	47.459	2.5977	Unknown	15.0	png
documents	office_census-acs-2024_questionnaire_p01_page1.png	turbo	420	35	identity_off	30.267	60.795	1.8413	ImageMagick	35.0	png
documents	office_census-acs-2024_questionnaire_p01_page1.png	turbo	420	35	model_policy	32.433	67.192	1.5243	ImageMagick	35.0	png
documents	office_census-acs-2024_questionnaire_p01_page1.png	turbo	420	35	model_proj	32.439	67.328	1.5179	ImageMagick	35.0	png
documents	office_census-acs-2024_questionnaire_p01_page1.png	turbo	420	55	identity_off	31.333	64.520	2.2952	ImageMagick	55.0	png
documents	office_census-acs-2024_questionnaire_p01_page1.png	turbo	420	55	model_policy	33.661	70.605	2.2572	ImageMagick	55.0	png
documents	office_census-acs-2024_questionnaire_p01_page1.png	turbo	420	55	model_proj	33.683	71.073	2.2558	ImageMagick	55.0	png
documents	office_census-acs-2024_questionnaire_p01_page1.png	turbo	420	75	identity_off	33.577	72.255	1.3745	ImageMagick	75.0	png
documents	office_census-acs-2024_questionnaire_p01_page1.png	turbo	420	75	model_policy	35.860	76.765	1.2946	ImageMagick	75.0	png
documents	office_census-acs-2024_questionnaire_p01_page1.png	turbo	420	75	model_proj	35.900	77.433	1.2771	ImageMagick	75.0	png
documents	office_census-acs-2024_questionnaire_p01_page1.png	mozjpeg	420	15	identity_off	26.034	40.961	3.6897	Mozjpeg	15.0	png
documents	office_census-acs-2024_questionnaire_p01_page1.png	mozjpeg	420	15	model_policy	27.074	44.289	3.5392	Mozjpeg	15.0	png
documents	office_census-acs-2024_questionnaire_p01_page1.png	mozjpeg	420	15	model_proj	27.023	43.721	3.5614	Mozjpeg	15.0	png
documents	office_census-acs-2024_questionnaire_p01_page1.png	mozjpeg	420	35	identity_off	28.921	60.723	2.2019	Mozjpeg	35.0	png
documents	office_census-acs-2024_questionnaire_p01_page1.png	mozjpeg	420	35	model_policy	30.984	66.390	1.8531	Mozjpeg	35.0	png
documents	office_census-acs-2024_questionnaire_p01_page1.png	mozjpeg	420	35	model_proj	30.908	65.806	1.8886	Mozjpeg	35.0	png
documents	office_census-acs-2024_questionnaire_p01_page1.png	mozjpeg	420	55	identity_off	30.410	66.478	1.9102	Mozjpeg	55.0	png
documents	office_census-acs-2024_questionnaire_p01_page1.png	mozjpeg	420	55	model_policy	32.788	71.374	1.7679	Mozjpeg	55.0	png
documents	office_census-acs-2024_questionnaire_p01_page1.png	mozjpeg	420	55	model_proj	32.712	70.769	1.8302	Mozjpeg	55.0	png
documents	office_census-acs-2024_questionnaire_p01_page1.png	mozjpeg	420	75	identity_off	32.400	73.389	1.4246	Mozjpeg	75.0	png
documents	office_census-acs-2024_questionnaire_p01_page1.png	mozjpeg	420	75	model_policy	35.021	76.874	1.3381	Mozjpeg	75.0	png
documents	office_census-acs-2024_questionnaire_p01_page1.png	mozjpeg	420	75	model_proj	35.011	76.789	1.4029	Mozjpeg	75.0	png
documents	office_fec-form3_campaign-finance_p01_page1.png	turbo	420	15	identity_off	31.729	65.163	2.4185	Unknown	15.0	png
documents	office_fec-form3_campaign-finance_p01_page1.png	turbo	420	15	model_policy	34.359	72.285	1.8476	Unknown	15.0	png
documents	office_fec-form3_campaign-finance_p01_page1.png	turbo	420	15	model_proj	34.359	72.307	1.8473	Unknown	15.0	png
documents	office_fec-form3_campaign-finance_p01_page1.png	turbo	420	35	identity_off	34.977	72.583	1.6813	ImageMagick	35.0	png
documents	office_fec-form3_campaign-finance_p01_page1.png	turbo	420	35	model_policy	37.794	80.175	1.1994	ImageMagick	35.0	png
documents	office_fec-form3_campaign-finance_p01_page1.png	turbo	420	35	model_proj	37.896	81.101	1.1204	ImageMagick	35.0	png
documents	office_fec-form3_campaign-finance_p01_page1.png	turbo	420	55	identity_off	37.319	77.147	1.3385	ImageMagick	55.0	png
documents	office_fec-form3_campaign-finance_p01_page1.png	turbo	420	55	model_policy	40.021	83.470	1.0136	ImageMagick	55.0	png
documents	office_fec-form3_campaign-finance_p01_page1.png	turbo	420	55	model_proj	40.230	84.622	0.9078	ImageMagick	55.0	png
documents	office_fec-form3_campaign-finance_p01_page1.png	turbo	420	75	identity_off	40.988	83.007	0.9105	ImageMagick	75.0	png
documents	office_fec-form3_campaign-finance_p01_page1.png	turbo	420	75	model_policy	43.186	87.126	0.8388	ImageMagick	75.0	png
documents	office_fec-form3_campaign-finance_p01_page1.png	turbo	420	75	model_proj	43.482	87.901	0.6893	ImageMagick	75.0	png
documents	office_fec-form3_campaign-finance_p01_page1.png	mozjpeg	420	15	identity_off	28.355	65.612	2.7121	Mozjpeg	15.0	png
documents	office_fec-form3_campaign-finance_p01_page1.png	mozjpeg	420	15	model_policy	29.991	69.371	2.5285	Mozjpeg	15.0	png
documents	office_fec-form3_campaign-finance_p01_page1.png	mozjpeg	420	15	model_proj	29.737	69.562	2.6514	Mozjpeg	15.0	png
documents	office_fec-form3_campaign-finance_p01_page1.png	mozjpeg	420	35	identity_off	31.965	76.731	1.5888	Mozjpeg	35.0	png
documents	office_fec-form3_campaign-finance_p01_page1.png	mozjpeg	420	35	model_policy	34.301	80.105	1.4419	Mozjpeg	35.0	png
documents	office_fec-form3_campaign-finance_p01_page1.png	mozjpeg	420	35	model_proj	33.825	79.115	1.6298	Mozjpeg	35.0	png
documents	office_fec-form3_campaign-finance_p01_page1.png	mozjpeg	420	55	identity_off	34.008	80.498	1.2386	Mozjpeg	55.0	png
documents	office_fec-form3_campaign-finance_p01_page1.png	mozjpeg	420	55	model_policy	36.433	83.268	1.0970	Mozjpeg	55.0	png
documents	office_fec-form3_campaign-finance_p01_page1.png	mozjpeg	420	55	model_proj	35.877	82.498	1.3094	Mozjpeg	55.0	png
documents	office_fec-form3_campaign-finance_p01_page1.png	mozjpeg	420	75	identity_off	36.191	82.397	0.9042	Mozjpeg	75.0	png
documents	office_fec-form3_campaign-finance_p01_page1.png	mozjpeg	420	75	model_policy	38.754	85.308	0.9914	Mozjpeg	75.0	png
documents	office_fec-form3_campaign-finance_p01_page1.png	mozjpeg	420	75	model_proj	38.444	85.413	1.0180	Mozjpeg	75.0	png
documents	office_fedreg-2026-10621_rule_p01_page1.png	turbo	420	15	identity_off	24.604	46.880	3.9101	Unknown	15.0	png
documents	office_fedreg-2026-10621_rule_p01_page1.png	turbo	420	15	model_policy	26.896	58.647	3.2630	Unknown	15.0	png
documents	office_fedreg-2026-10621_rule_p01_page1.png	turbo	420	15	model_proj	26.920	58.880	3.2460	Unknown	15.0	png
documents	office_fedreg-2026-10621_rule_p01_page1.png	turbo	420	35	identity_off	28.511	61.906	2.3780	ImageMagick	35.0	png
documents	office_fedreg-2026-10621_rule_p01_page1.png	turbo	420	35	model_policy	30.962	72.048	1.8096	ImageMagick	35.0	png
documents	office_fedreg-2026-10621_rule_p01_page1.png	turbo	420	35	model_proj	31.238	73.980	1.6958	ImageMagick	35.0	png
documents	office_fedreg-2026-10621_rule_p01_page1.png	turbo	420	55	identity_off	30.989	70.182	1.8355	ImageMagick	55.0	png
documents	office_fedreg-2026-10621_rule_p01_page1.png	turbo	420	55	model_policy	33.390	78.547	1.3149	ImageMagick	55.0	png
documents	office_fedreg-2026-10621_rule_p01_page1.png	turbo	420	55	model_proj	33.760	80.446	1.1900	ImageMagick	55.0	png
documents	office_fedreg-2026-10621_rule_p01_page1.png	turbo	420	75	identity_off	34.670	79.240	1.2294	ImageMagick	75.0	png
documents	office_fedreg-2026-10621_rule_p01_page1.png	turbo	420	75	model_policy	36.792	85.124	0.8468	ImageMagick	75.0	png
documents	office_fedreg-2026-10621_rule_p01_page1.png	turbo	420	75	model_proj	37.215	86.511	0.7489	ImageMagick	75.0	png
documents	office_fedreg-2026-10621_rule_p01_page1.png	mozjpeg	420	15	identity_off	20.748	43.436	4.7029	Mozjpeg	15.0	png
documents	office_fedreg-2026-10621_rule_p01_page1.png	mozjpeg	420	15	model_policy	22.225	49.616	4.3981	Mozjpeg	15.0	png
documents	office_fedreg-2026-10621_rule_p01_page1.png	mozjpeg	420	15	model_proj	22.221	55.678	3.6412	Mozjpeg	15.0	png
documents	office_fedreg-2026-10621_rule_p01_page1.png	mozjpeg	420	35	identity_off	24.575	62.562	3.4528	Mozjpeg	35.0	png
documents	office_fedreg-2026-10621_rule_p01_page1.png	mozjpeg	420	35	model_policy	26.345	68.058	3.2134	Mozjpeg	35.0	png
documents	office_fedreg-2026-10621_rule_p01_page1.png	mozjpeg	420	35	model_proj	26.560	73.711	2.3205	Mozjpeg	35.0	png
documents	office_fedreg-2026-10621_rule_p01_page1.png	mozjpeg	420	55	identity_off	26.390	69.293	2.7881	Mozjpeg	55.0	png
documents	office_fedreg-2026-10621_rule_p01_page1.png	mozjpeg	420	55	model_policy	28.167	73.837	2.5706	Mozjpeg	55.0	png
documents	office_fedreg-2026-10621_rule_p01_page1.png	mozjpeg	420	55	model_proj	28.462	78.156	1.8328	Mozjpeg	55.0	png
documents	office_fedreg-2026-10621_rule_p01_page1.png	mozjpeg	420	75	identity_off	29.421	77.053	1.8898	Mozjpeg	75.0	png
documents	office_fedreg-2026-10621_rule_p01_page1.png	mozjpeg	420	75	model_policy	31.346	80.794	1.6833	Mozjpeg	75.0	png
documents	office_fedreg-2026-10621_rule_p01_page1.png	mozjpeg	420	75	model_proj	31.739	83.460	1.2363	Mozjpeg	75.0	png
documents	office_fedreg-2026-10639_notice_p01_page1.png	turbo	420	15	identity_off	24.514	45.969	4.0739	Unknown	15.0	png
documents	office_fedreg-2026-10639_notice_p01_page1.png	turbo	420	15	model_policy	26.799	58.003	3.3926	Unknown	15.0	png
documents	office_fedreg-2026-10639_notice_p01_page1.png	turbo	420	15	model_proj	26.825	58.216	3.3764	Unknown	15.0	png
documents	office_fedreg-2026-10639_notice_p01_page1.png	turbo	420	35	identity_off	28.363	60.894	2.4437	ImageMagick	35.0	png
documents	office_fedreg-2026-10639_notice_p01_page1.png	turbo	420	35	model_policy	30.809	71.417	1.8370	ImageMagick	35.0	png
documents	office_fedreg-2026-10639_notice_p01_page1.png	turbo	420	35	model_proj	31.079	73.345	1.7243	ImageMagick	35.0	png
documents	office_fedreg-2026-10639_notice_p01_page1.png	turbo	420	55	identity_off	30.890	69.658	1.8328	ImageMagick	55.0	png
documents	office_fedreg-2026-10639_notice_p01_page1.png	turbo	420	55	model_policy	33.282	78.275	1.3166	ImageMagick	55.0	png
documents	office_fedreg-2026-10639_notice_p01_page1.png	turbo	420	55	model_proj	33.651	80.245	1.1959	ImageMagick	55.0	png
documents	office_fedreg-2026-10639_notice_p01_page1.png	turbo	420	75	identity_off	34.639	78.797	1.2518	ImageMagick	75.0	png
documents	office_fedreg-2026-10639_notice_p01_page1.png	turbo	420	75	model_policy	36.740	84.768	0.8672	ImageMagick	75.0	png
documents	office_fedreg-2026-10639_notice_p01_page1.png	turbo	420	75	model_proj	37.167	86.316	0.7626	ImageMagick	75.0	png
documents	office_fedreg-2026-10639_notice_p01_page1.png	mozjpeg	420	15	identity_off	20.584	43.371	4.7776	Mozjpeg	15.0	png
documents	office_fedreg-2026-10639_notice_p01_page1.png	mozjpeg	420	15	model_policy	22.102	49.845	4.4680	Mozjpeg	15.0	png
documents	office_fedreg-2026-10639_notice_p01_page1.png	mozjpeg	420	15	model_proj	22.087	55.918	3.6911	Mozjpeg	15.0	png
documents	office_fedreg-2026-10639_notice_p01_page1.png	mozjpeg	420	35	identity_off	24.377	61.799	3.5793	Mozjpeg	35.0	png
documents	office_fedreg-2026-10639_notice_p01_page1.png	mozjpeg	420	35	model_policy	26.109	67.314	3.3333	Mozjpeg	35.0	png
documents	office_fedreg-2026-10639_notice_p01_page1.png	mozjpeg	420	35	model_proj	26.326	73.167	2.4219	Mozjpeg	35.0	png
documents	office_fedreg-2026-10639_notice_p01_page1.png	mozjpeg	420	55	identity_off	26.243	68.720	2.8840	Mozjpeg	55.0	png
documents	office_fedreg-2026-10639_notice_p01_page1.png	mozjpeg	420	55	model_policy	27.977	73.369	2.6587	Mozjpeg	55.0	png
documents	office_fedreg-2026-10639_notice_p01_page1.png	mozjpeg	420	55	model_proj	28.270	77.778	1.9013	Mozjpeg	55.0	png
documents	office_fedreg-2026-10639_notice_p01_page1.png	mozjpeg	420	75	identity_off	29.353	77.026	1.8980	Mozjpeg	75.0	png
documents	office_fedreg-2026-10639_notice_p01_page1.png	mozjpeg	420	75	model_policy	31.226	80.711	1.6984	Mozjpeg	75.0	png
documents	office_fedreg-2026-10639_notice_p01_page1.png	mozjpeg	420	75	model_proj	31.609	83.330	1.2566	Mozjpeg	75.0	png
documents	office_fedreg-2026-10643_proclamation_p01_page1.png	turbo	420	15	identity_off	24.504	47.567	3.9081	Unknown	15.0	png
documents	office_fedreg-2026-10643_proclamation_p01_page1.png	turbo	420	15	model_policy	26.767	59.393	3.1972	Unknown	15.0	png
documents	office_fedreg-2026-10643_proclamation_p01_page1.png	turbo	420	15	model_proj	26.791	59.575	3.1840	Unknown	15.0	png
documents	office_fedreg-2026-10643_proclamation_p01_page1.png	turbo	420	35	identity_off	28.459	61.951	2.5308	ImageMagick	35.0	png
documents	office_fedreg-2026-10643_proclamation_p01_page1.png	turbo	420	35	model_policy	30.912	72.052	2.0182	ImageMagick	35.0	png
documents	office_fedreg-2026-10643_proclamation_p01_page1.png	turbo	420	35	model_proj	31.179	73.892	1.8691	ImageMagick	35.0	png
documents	office_fedreg-2026-10643_proclamation_p01_page1.png	turbo	420	55	identity_off	30.965	70.463	1.8643	ImageMagick	55.0	png
documents	office_fedreg-2026-10643_proclamation_p01_page1.png	turbo	420	55	model_policy	33.369	78.781	1.3125	ImageMagick	55.0	png
documents	office_fedreg-2026-10643_proclamation_p01_page1.png	turbo	420	55	model_proj	33.731	80.631	1.1841	ImageMagick	55.0	png
documents	office_fedreg-2026-10643_proclamation_p01_page1.png	turbo	420	75	identity_off	34.610	79.210	1.2521	ImageMagick	75.0	png
documents	office_fedreg-2026-10643_proclamation_p01_page1.png	turbo	420	75	model_policy	36.710	85.131	0.8620	ImageMagick	75.0	png
documents	office_fedreg-2026-10643_proclamation_p01_page1.png	turbo	420	75	model_proj	37.118	86.521	0.7633	ImageMagick	75.0	png
documents	office_fedreg-2026-10643_proclamation_p01_page1.png	mozjpeg	420	15	identity_off	20.487	44.226	4.6000	Mozjpeg	15.0	png
documents	office_fedreg-2026-10643_proclamation_p01_page1.png	mozjpeg	420	15	model_policy	21.955	50.382	4.3416	Mozjpeg	15.0	png
documents	office_fedreg-2026-10643_proclamation_p01_page1.png	mozjpeg	420	15	model_proj	21.944	55.669	3.6433	Mozjpeg	15.0	png
documents	office_fedreg-2026-10643_proclamation_p01_page1.png	mozjpeg	420	35	identity_off	24.432	63.824	3.2386	Mozjpeg	35.0	png
documents	office_fedreg-2026-10643_proclamation_p01_page1.png	mozjpeg	420	35	model_policy	26.168	69.276	2.9810	Mozjpeg	35.0	png
documents	office_fedreg-2026-10643_proclamation_p01_page1.png	mozjpeg	420	35	model_proj	26.380	74.254	2.1568	Mozjpeg	35.0	png
documents	office_fedreg-2026-10643_proclamation_p01_page1.png	mozjpeg	420	55	identity_off	26.208	69.761	2.7769	Mozjpeg	55.0	png
documents	office_fedreg-2026-10643_proclamation_p01_page1.png	mozjpeg	420	55	model_policy	27.960	74.357	2.5422	Mozjpeg	55.0	png
documents	office_fedreg-2026-10643_proclamation_p01_page1.png	mozjpeg	420	55	model_proj	28.229	78.316	1.8308	Mozjpeg	55.0	png
documents	office_fedreg-2026-10643_proclamation_p01_page1.png	mozjpeg	420	75	identity_off	29.408	77.255	1.8729	Mozjpeg	75.0	png
documents	office_fedreg-2026-10643_proclamation_p01_page1.png	mozjpeg	420	75	model_policy	31.323	81.045	1.6362	Mozjpeg	75.0	png
documents	office_fedreg-2026-10643_proclamation_p01_page1.png	mozjpeg	420	75	model_proj	31.684	83.546	1.2255	Mozjpeg	75.0	png
documents	office_fedreg-2026-10733_presidential-doc_p01_page1.png	turbo	420	15	identity_off	25.254	50.124	3.6737	Unknown	15.0	png
documents	office_fedreg-2026-10733_presidential-doc_p01_page1.png	turbo	420	15	model_policy	27.559	61.054	3.0434	Unknown	15.0	png
documents	office_fedreg-2026-10733_presidential-doc_p01_page1.png	turbo	420	15	model_proj	27.584	61.233	3.0331	Unknown	15.0	png
documents	office_fedreg-2026-10733_presidential-doc_p01_page1.png	turbo	420	35	identity_off	29.090	63.781	2.2846	ImageMagick	35.0	png
documents	office_fedreg-2026-10733_presidential-doc_p01_page1.png	turbo	420	35	model_policy	31.555	73.747	1.7482	ImageMagick	35.0	png
documents	office_fedreg-2026-10733_presidential-doc_p01_page1.png	turbo	420	35	model_proj	31.820	75.240	1.6586	ImageMagick	35.0	png
documents	office_fedreg-2026-10733_presidential-doc_p01_page1.png	turbo	420	55	identity_off	31.589	71.524	1.7360	ImageMagick	55.0	png
documents	office_fedreg-2026-10733_presidential-doc_p01_page1.png	turbo	420	55	model_policy	34.007	79.753	1.2515	ImageMagick	55.0	png
documents	office_fedreg-2026-10733_presidential-doc_p01_page1.png	turbo	420	55	model_proj	34.372	81.365	1.1392	ImageMagick	55.0	png
documents	office_fedreg-2026-10733_presidential-doc_p01_page1.png	turbo	420	75	identity_off	35.237	79.977	1.2001	ImageMagick	75.0	png
documents	office_fedreg-2026-10733_presidential-doc_p01_page1.png	turbo	420	75	model_policy	37.349	85.701	0.8346	ImageMagick	75.0	png
documents	office_fedreg-2026-10733_presidential-doc_p01_page1.png	turbo	420	75	model_proj	37.763	86.933	0.7470	ImageMagick	75.0	png
documents	office_fedreg-2026-10733_presidential-doc_p01_page1.png	mozjpeg	420	15	identity_off	21.172	46.809	4.5496	Mozjpeg	15.0	png
documents	office_fedreg-2026-10733_presidential-doc_p01_page1.png	mozjpeg	420	15	model_policy	22.739	52.755	4.2918	Mozjpeg	15.0	png
documents	office_fedreg-2026-10733_presidential-doc_p01_page1.png	mozjpeg	420	15	model_proj	22.771	57.887	3.5999	Mozjpeg	15.0	png
documents	office_fedreg-2026-10733_presidential-doc_p01_page1.png	mozjpeg	420	35	identity_off	25.136	64.790	3.3451	Mozjpeg	35.0	png
documents	office_fedreg-2026-10733_presidential-doc_p01_page1.png	mozjpeg	420	35	model_policy	26.957	69.998	3.1180	Mozjpeg	35.0	png
documents	office_fedreg-2026-10733_presidential-doc_p01_page1.png	mozjpeg	420	35	model_proj	27.201	74.672	2.2886	Mozjpeg	35.0	png
documents	office_fedreg-2026-10733_presidential-doc_p01_page1.png	mozjpeg	420	55	identity_off	26.932	70.848	2.6379	Mozjpeg	55.0	png
documents	office_fedreg-2026-10733_presidential-doc_p01_page1.png	mozjpeg	420	55	model_policy	28.740	75.201	2.4721	Mozjpeg	55.0	png
documents	office_fedreg-2026-10733_presidential-doc_p01_page1.png	mozjpeg	420	55	model_proj	29.090	79.133	1.6993	Mozjpeg	55.0	png
documents	office_fedreg-2026-10733_presidential-doc_p01_page1.png	mozjpeg	420	75	identity_off	29.956	78.223	1.7999	Mozjpeg	75.0	png
documents	office_fedreg-2026-10733_presidential-doc_p01_page1.png	mozjpeg	420	75	model_policy	31.905	81.729	1.6073	Mozjpeg	75.0	png
documents	office_fedreg-2026-10733_presidential-doc_p01_page1.png	mozjpeg	420	75	model_proj	32.345	84.067	1.1898	Mozjpeg	75.0	png
documents	office_irs_f1040_p01_page1.png	turbo	420	15	identity_off	26.629	50.381	3.8828	Unknown	15.0	png
documents	office_irs_f1040_p01_page1.png	turbo	420	15	model_policy	28.027	56.840	3.8168	Unknown	15.0	png
documents	office_irs_f1040_p01_page1.png	turbo	420	15	model_proj	28.044	57.017	3.8152	Unknown	15.0	png
documents	office_irs_f1040_p01_page1.png	turbo	420	35	identity_off	30.119	65.563	2.0158	ImageMagick	35.0	png
documents	office_irs_f1040_p01_page1.png	turbo	420	35	model_policy	31.598	70.473	1.7116	ImageMagick	35.0	png
documents	office_irs_f1040_p01_page1.png	turbo	420	35	model_proj	31.737	71.039	1.6900	ImageMagick	35.0	png
documents	office_irs_f1040_p01_page1.png	turbo	420	55	identity_off	32.089	71.984	1.6131	ImageMagick	55.0	png
documents	office_irs_f1040_p01_page1.png	turbo	420	55	model_policy	33.374	75.894	1.3587	ImageMagick	55.0	png
documents	office_irs_f1040_p01_page1.png	turbo	420	55	model_proj	33.578	76.653	1.3267	ImageMagick	55.0	png
documents	office_irs_f1040_p01_page1.png	turbo	420	75	identity_off	34.734	78.436	1.2166	ImageMagick	75.0	png
documents	office_irs_f1040_p01_page1.png	turbo	420	75	model_policy	35.569	80.797	1.0849	ImageMagick	75.0	png
documents	office_irs_f1040_p01_page1.png	turbo	420	75	model_proj	35.818	81.478	1.0476	ImageMagick	75.0	png
documents	office_irs_f1040_p01_page1.png	mozjpeg	420	15	identity_off	22.129	30.072	5.1801	Mozjpeg	15.0	png
documents	office_irs_f1040_p01_page1.png	mozjpeg	420	15	model_policy	23.057	35.525	4.9698	Mozjpeg	15.0	png
documents	office_irs_f1040_p01_page1.png	mozjpeg	420	15	model_proj	23.086	35.847	4.9552	Mozjpeg	15.0	png
documents	office_irs_f1040_p01_page1.png	mozjpeg	420	35	identity_off	26.239	55.369	3.4139	Mozjpeg	35.0	png
documents	office_irs_f1040_p01_page1.png	mozjpeg	420	35	model_policy	27.668	60.687	3.1543	Mozjpeg	35.0	png
documents	office_irs_f1040_p01_page1.png	mozjpeg	420	35	model_proj	27.719	61.950	3.0954	Mozjpeg	35.0	png
documents	office_irs_f1040_p01_page1.png	mozjpeg	420	55	identity_off	28.125	60.194	2.7617	Mozjpeg	55.0	png
documents	office_irs_f1040_p01_page1.png	mozjpeg	420	55	model_policy	29.812	66.433	2.5177	Mozjpeg	55.0	png
documents	office_irs_f1040_p01_page1.png	mozjpeg	420	55	model_proj	29.889	67.915	2.4665	Mozjpeg	55.0	png
documents	office_irs_f1040_p01_page1.png	mozjpeg	420	75	identity_off	30.702	72.033	1.8776	Mozjpeg	75.0	png
documents	office_irs_f1040_p01_page1.png	mozjpeg	420	75	model_policy	32.415	75.783	1.6605	Mozjpeg	75.0	png
documents	office_irs_f1040_p01_page1.png	mozjpeg	420	75	model_proj	32.561	76.704	1.6309	Mozjpeg	75.0	png
documents	office_irs_f1040sa_p01_page1.png	turbo	420	15	identity_off	27.484	50.652	3.2542	Unknown	15.0	png
documents	office_irs_f1040sa_p01_page1.png	turbo	420	15	model_policy	30.137	62.403	2.4555	Unknown	15.0	png
documents	office_irs_f1040sa_p01_page1.png	turbo	420	15	model_proj	30.161	62.679	2.4489	Unknown	15.0	png
documents	office_irs_f1040sa_p01_page1.png	turbo	420	35	identity_off	31.097	64.339	2.1019	ImageMagick	35.0	png
documents	office_irs_f1040sa_p01_page1.png	turbo	420	35	model_policy	33.863	75.060	1.4636	ImageMagick	35.0	png
documents	office_irs_f1040sa_p01_page1.png	turbo	420	35	model_proj	34.150	76.581	1.3783	ImageMagick	35.0	png
documents	office_irs_f1040sa_p01_page1.png	turbo	420	55	identity_off	33.579	71.750	1.6467	ImageMagick	55.0	png
documents	office_irs_f1040sa_p01_page1.png	turbo	420	55	model_policy	36.262	80.432	1.1161	ImageMagick	55.0	png
documents	office_irs_f1040sa_p01_page1.png	turbo	420	55	model_proj	36.671	82.002	1.0201	ImageMagick	55.0	png
documents	office_irs_f1040sa_p01_page1.png	turbo	420	75	identity_off	37.287	80.667	1.1130	ImageMagick	75.0	png
documents	office_irs_f1040sa_p01_page1.png	turbo	420	75	model_policy	39.614	86.414	0.7462	ImageMagick	75.0	png
documents	office_irs_f1040sa_p01_page1.png	turbo	420	75	model_proj	40.087	87.591	0.6632	ImageMagick	75.0	png
documents	office_irs_f1040sa_p01_page1.png	mozjpeg	420	15	identity_off	23.718	54.541	3.6535	Mozjpeg	15.0	png
documents	office_irs_f1040sa_p01_page1.png	mozjpeg	420	15	model_policy	25.522	61.013	3.4179	Mozjpeg	15.0	png
documents	office_irs_f1040sa_p01_page1.png	mozjpeg	420	15	model_proj	25.547	64.172	3.1289	Mozjpeg	15.0	png
documents	office_irs_f1040sa_p01_page1.png	mozjpeg	420	35	identity_off	27.176	69.161	2.2503	Mozjpeg	35.0	png
documents	office_irs_f1040sa_p01_page1.png	mozjpeg	420	35	model_policy	29.477	75.675	1.9624	Mozjpeg	35.0	png
documents	office_irs_f1040sa_p01_page1.png	mozjpeg	420	35	model_proj	29.623	78.080	1.7600	Mozjpeg	35.0	png
documents	office_irs_f1040sa_p01_page1.png	mozjpeg	420	55	identity_off	29.093	75.349	1.7694	Mozjpeg	55.0	png
documents	office_irs_f1040sa_p01_page1.png	mozjpeg	420	55	model_policy	31.395	80.025	1.5277	Mozjpeg	55.0	png
documents	office_irs_f1040sa_p01_page1.png	mozjpeg	420	55	model_proj	31.706	81.982	1.3467	Mozjpeg	55.0	png
documents	office_irs_f1040sa_p01_page1.png	mozjpeg	420	75	identity_off	31.467	79.535	1.4289	Mozjpeg	75.0	png
documents	office_irs_f1040sa_p01_page1.png	mozjpeg	420	75	model_policy	34.041	83.619	1.1834	Mozjpeg	75.0	png
documents	office_irs_f1040sa_p01_page1.png	mozjpeg	420	75	model_proj	34.478	85.062	0.9674	Mozjpeg	75.0	png
art-scans	haeckel_0007_cephalopods.png	turbo	420	15	identity_off	28.869	41.427	3.2134	Unknown	15.0	png
art-scans	haeckel_0007_cephalopods.png	turbo	420	15	model_policy	29.019	43.976	3.1769	Unknown	15.0	png
art-scans	haeckel_0007_cephalopods.png	turbo	420	15	model_proj	29.019	43.977	3.1769	Unknown	15.0	png
art-scans	haeckel_0007_cephalopods.png	turbo	420	35	identity_off	31.682	66.571	1.8340	ImageMagick	35.0	png
art-scans	haeckel_0007_cephalopods.png	turbo	420	35	model_policy	31.832	66.793	1.8072	ImageMagick	35.0	png
art-scans	haeckel_0007_cephalopods.png	turbo	420	35	model_proj	31.832	66.749	1.8067	ImageMagick	35.0	png
art-scans	haeckel_0007_cephalopods.png	turbo	420	55	identity_off	33.127	73.510	1.3768	ImageMagick	55.0	png
art-scans	haeckel_0007_cephalopods.png	turbo	420	55	model_policy	33.219	73.537	1.3663	ImageMagick	55.0	png
art-scans	haeckel_0007_cephalopods.png	turbo	420	55	model_proj	33.224	73.588	1.3643	ImageMagick	55.0	png
art-scans	haeckel_0007_cephalopods.png	turbo	420	75	identity_off	35.118	80.300	1.0313	ImageMagick	75.0	png
art-scans	haeckel_0007_cephalopods.png	turbo	420	75	model_policy	35.154	79.529	1.0290	ImageMagick	75.0	png
art-scans	haeckel_0007_cephalopods.png	turbo	420	75	model_proj	35.168	79.656	1.0073	ImageMagick	75.0	png
art-scans	haeckel_0007_cephalopods.png	mozjpeg	420	15	identity_off	27.825	37.427	3.3416	Mozjpeg	15.0	png
art-scans	haeckel_0007_cephalopods.png	mozjpeg	420	15	model_policy	27.979	39.041	3.3081	Mozjpeg	15.0	png
art-scans	haeckel_0007_cephalopods.png	mozjpeg	420	15	model_proj	27.979	39.042	3.3081	Mozjpeg	15.0	png
art-scans	haeckel_0007_cephalopods.png	mozjpeg	420	35	identity_off	31.359	64.085	1.8816	Mozjpeg	35.0	png
art-scans	haeckel_0007_cephalopods.png	mozjpeg	420	35	model_policy	31.528	64.490	1.8514	Mozjpeg	35.0	png
art-scans	haeckel_0007_cephalopods.png	mozjpeg	420	35	model_proj	31.528	64.473	1.8514	Mozjpeg	35.0	png
art-scans	haeckel_0007_cephalopods.png	mozjpeg	420	55	identity_off	33.249	72.995	1.4654	Mozjpeg	55.0	png
art-scans	haeckel_0007_cephalopods.png	mozjpeg	420	55	model_policy	33.366	73.025	1.4497	Mozjpeg	55.0	png
art-scans	haeckel_0007_cephalopods.png	mozjpeg	420	55	model_proj	33.367	73.046	1.4481	Mozjpeg	55.0	png
art-scans	haeckel_0007_cephalopods.png	mozjpeg	420	75	identity_off	35.451	80.435	1.1200	Mozjpeg	75.0	png
art-scans	haeckel_0007_cephalopods.png	mozjpeg	420	75	model_policy	35.455	79.590	1.1142	Mozjpeg	75.0	png
art-scans	haeckel_0007_cephalopods.png	mozjpeg	420	75	model_proj	35.469	79.649	1.0925	Mozjpeg	75.0	png
art-scans	haeckel_0034_radiolaria-green.png	turbo	420	15	identity_off	23.682	40.788	3.4490	Unknown	15.0	png
art-scans	haeckel_0034_radiolaria-green.png	turbo	420	15	model_policy	23.990	41.818	3.3658	Unknown	15.0	png
art-scans	haeckel_0034_radiolaria-green.png	turbo	420	15	model_proj	23.990	41.820	3.3658	Unknown	15.0	png
art-scans	haeckel_0034_radiolaria-green.png	turbo	420	35	identity_off	26.359	64.069	2.1906	ImageMagick	35.0	png
art-scans	haeckel_0034_radiolaria-green.png	turbo	420	35	model_policy	26.791	64.995	2.0887	ImageMagick	35.0	png
art-scans	haeckel_0034_radiolaria-green.png	turbo	420	35	model_proj	26.792	65.004	2.0887	ImageMagick	35.0	png
art-scans	haeckel_0034_radiolaria-green.png	turbo	420	55	identity_off	27.879	71.514	1.7713	ImageMagick	55.0	png
art-scans	haeckel_0034_radiolaria-green.png	turbo	420	55	model_policy	28.335	72.325	1.6714	ImageMagick	55.0	png
art-scans	haeckel_0034_radiolaria-green.png	turbo	420	55	model_proj	28.340	72.339	1.6713	ImageMagick	55.0	png
art-scans	haeckel_0034_radiolaria-green.png	turbo	420	75	identity_off	30.033	78.715	1.2940	ImageMagick	75.0	png
art-scans	haeckel_0034_radiolaria-green.png	turbo	420	75	model_policy	30.391	78.907	1.3121	ImageMagick	75.0	png
art-scans	haeckel_0034_radiolaria-green.png	turbo	420	75	model_proj	30.426	79.021	1.3103	ImageMagick	75.0	png
art-scans	haeckel_0034_radiolaria-green.png	mozjpeg	420	15	identity_off	23.773	39.304	3.7055	Mozjpeg	15.0	png
art-scans	haeckel_0034_radiolaria-green.png	mozjpeg	420	15	model_policy	24.023	40.110	3.6143	Mozjpeg	15.0	png
art-scans	haeckel_0034_radiolaria-green.png	mozjpeg	420	15	model_proj	24.023	40.111	3.6143	Mozjpeg	15.0	png
art-scans	haeckel_0034_radiolaria-green.png	mozjpeg	420	35	identity_off	27.097	65.329	2.0317	Mozjpeg	35.0	png
art-scans	haeckel_0034_radiolaria-green.png	mozjpeg	420	35	model_policy	27.457	66.007	1.9461	Mozjpeg	35.0	png
art-scans	haeckel_0034_radiolaria-green.png	mozjpeg	420	35	model_proj	27.457	66.007	1.9461	Mozjpeg	35.0	png
art-scans	haeckel_0034_radiolaria-green.png	mozjpeg	420	55	identity_off	28.792	73.886	1.5625	Mozjpeg	55.0	png
art-scans	haeckel_0034_radiolaria-green.png	mozjpeg	420	55	model_policy	29.149	74.388	1.4803	Mozjpeg	55.0	png
art-scans	haeckel_0034_radiolaria-green.png	mozjpeg	420	55	model_proj	29.157	74.393	1.4800	Mozjpeg	55.0	png
art-scans	haeckel_0034_radiolaria-green.png	mozjpeg	420	75	identity_off	30.643	80.294	1.1669	Mozjpeg	75.0	png
art-scans	haeckel_0034_radiolaria-green.png	mozjpeg	420	75	model_policy	30.919	80.373	1.2164	Mozjpeg	75.0	png
art-scans	haeckel_0034_radiolaria-green.png	mozjpeg	420	75	model_proj	31.006	80.510	1.2134	Mozjpeg	75.0	png
art-scans	haeckel_0040_starfish.png	turbo	420	15	identity_off	22.370	13.914	5.5461	Unknown	15.0	png
art-scans	haeckel_0040_starfish.png	turbo	420	15	model_policy	22.472	14.814	5.4535	Unknown	15.0	png
art-scans	haeckel_0040_starfish.png	turbo	420	15	model_proj	22.472	14.813	5.4534	Unknown	15.0	png
art-scans	haeckel_0040_starfish.png	turbo	420	35	identity_off	24.278	40.157	3.9368	ImageMagick	35.0	png
art-scans	haeckel_0040_starfish.png	turbo	420	35	model_policy	24.380	40.641	3.8373	ImageMagick	35.0	png
art-scans	haeckel_0040_starfish.png	turbo	420	35	model_proj	24.384	40.739	3.8306	ImageMagick	35.0	png
art-scans	haeckel_0040_starfish.png	turbo	420	55	identity_off	25.867	52.579	3.1368	ImageMagick	55.0	png
art-scans	haeckel_0040_starfish.png	turbo	420	55	model_policy	25.964	53.109	3.0397	ImageMagick	55.0	png
art-scans	haeckel_0040_starfish.png	turbo	420	55	model_proj	25.975	53.317	3.0164	ImageMagick	55.0	png
art-scans	haeckel_0040_starfish.png	turbo	420	75	identity_off	28.211	66.653	2.2413	ImageMagick	75.0	png
art-scans	haeckel_0040_starfish.png	turbo	420	75	model_policy	28.281	66.638	2.2316	ImageMagick	75.0	png
art-scans	haeckel_0040_starfish.png	turbo	420	75	model_proj	28.319	67.038	2.1700	ImageMagick	75.0	png
art-scans	haeckel_0040_starfish.png	mozjpeg	420	15	identity_off	22.484	13.324	5.2501	Mozjpeg	15.0	png
art-scans	haeckel_0040_starfish.png	mozjpeg	420	15	model_policy	22.575	13.969	5.1934	Mozjpeg	15.0	png
art-scans	haeckel_0040_starfish.png	mozjpeg	420	15	model_proj	22.575	13.970	5.1934	Mozjpeg	15.0	png
art-scans	haeckel_0040_starfish.png	mozjpeg	420	35	identity_off	25.306	48.175	3.2297	Mozjpeg	35.0	png
art-scans	haeckel_0040_starfish.png	mozjpeg	420	35	model_policy	25.408	48.648	3.1652	Mozjpeg	35.0	png
art-scans	haeckel_0040_starfish.png	mozjpeg	420	35	model_proj	25.408	48.662	3.1653	Mozjpeg	35.0	png
art-scans	haeckel_0040_starfish.png	mozjpeg	420	55	identity_off	26.788	60.126	2.5287	Mozjpeg	55.0	png
art-scans	haeckel_0040_starfish.png	mozjpeg	420	55	model_policy	26.862	60.094	2.5365	Mozjpeg	55.0	png
art-scans	haeckel_0040_starfish.png	mozjpeg	420	55	model_proj	26.872	60.159	2.5190	Mozjpeg	55.0	png
art-scans	haeckel_0040_starfish.png	mozjpeg	420	75	identity_off	28.314	68.785	2.0247	Mozjpeg	75.0	png
art-scans	haeckel_0040_starfish.png	mozjpeg	420	75	model_policy	28.339	68.227	2.1453	Mozjpeg	75.0	png
art-scans	haeckel_0040_starfish.png	mozjpeg	420	75	model_proj	28.434	68.776	2.0435	Mozjpeg	75.0	png
art-scans	haeckel_0047_trilobites.png	turbo	420	15	identity_off	26.320	32.104	2.2281	Unknown	15.0	png
art-scans	haeckel_0047_trilobites.png	turbo	420	15	model_policy	26.370	29.939	2.2278	Unknown	15.0	png
art-scans	haeckel_0047_trilobites.png	turbo	420	15	model_proj	26.370	29.937	2.2278	Unknown	15.0	png
art-scans	haeckel_0047_trilobites.png	turbo	420	35	identity_off	27.993	59.054	1.4573	ImageMagick	35.0	png
art-scans	haeckel_0047_trilobites.png	turbo	420	35	model_policy	28.080	58.891	1.4764	ImageMagick	35.0	png
art-scans	haeckel_0047_trilobites.png	turbo	420	35	model_proj	28.080	58.926	1.4651	ImageMagick	35.0	png
art-scans	haeckel_0047_trilobites.png	turbo	420	55	identity_off	29.216	66.554	1.1759	ImageMagick	55.0	png
art-scans	haeckel_0047_trilobites.png	turbo	420	55	model_policy	29.278	65.570	1.2085	ImageMagick	55.0	png
art-scans	haeckel_0047_trilobites.png	turbo	420	55	model_proj	29.280	65.631	1.1877	ImageMagick	55.0	png
art-scans	haeckel_0047_trilobites.png	turbo	420	75	identity_off	31.327	77.176	0.8641	ImageMagick	75.0	png
art-scans	haeckel_0047_trilobites.png	turbo	420	75	model_policy	31.315	75.432	1.0324	ImageMagick	75.0	png
art-scans	haeckel_0047_trilobites.png	turbo	420	75	model_proj	31.325	75.800	0.9159	ImageMagick	75.0	png
art-scans	haeckel_0047_trilobites.png	mozjpeg	420	15	identity_off	25.044	25.331	2.9699	Mozjpeg	15.0	png
art-scans	haeckel_0047_trilobites.png	mozjpeg	420	15	model_policy	25.089	23.817	2.9787	Mozjpeg	15.0	png
art-scans	haeckel_0047_trilobites.png	mozjpeg	420	15	model_proj	25.089	23.819	2.9787	Mozjpeg	15.0	png
art-scans	haeckel_0047_trilobites.png	mozjpeg	420	35	identity_off	27.644	55.666	1.6455	Mozjpeg	35.0	png
art-scans	haeckel_0047_trilobites.png	mozjpeg	420	35	model_policy	27.735	56.136	1.6482	Mozjpeg	35.0	png
art-scans	haeckel_0047_trilobites.png	mozjpeg	420	35	model_proj	27.735	56.137	1.6482	Mozjpeg	35.0	png
art-scans	haeckel_0047_trilobites.png	mozjpeg	420	55	identity_off	28.738	64.230	1.3542	Mozjpeg	55.0	png
art-scans	haeckel_0047_trilobites.png	mozjpeg	420	55	model_policy	28.836	63.620	1.3543	Mozjpeg	55.0	png
art-scans	haeckel_0047_trilobites.png	mozjpeg	420	55	model_proj	28.837	63.638	1.3497	Mozjpeg	55.0	png
art-scans	haeckel_0047_trilobites.png	mozjpeg	420	75	identity_off	30.246	75.603	1.0872	Mozjpeg	75.0	png
art-scans	haeckel_0047_trilobites.png	mozjpeg	420	75	model_policy	30.312	74.258	1.1502	Mozjpeg	75.0	png
art-scans	haeckel_0047_trilobites.png	mozjpeg	420	75	model_proj	30.330	74.366	1.1185	Mozjpeg	75.0	png
art-scans	haeckel_0058_moths.png	turbo	420	15	identity_off	22.106	37.450	2.7448	Unknown	15.0	png
art-scans	haeckel_0058_moths.png	turbo	420	15	model_policy	22.264	37.847	2.7621	Unknown	15.0	png
art-scans	haeckel_0058_moths.png	turbo	420	15	model_proj	22.264	37.850	2.7621	Unknown	15.0	png
art-scans	haeckel_0058_moths.png	turbo	420	35	identity_off	24.151	59.591	1.7448	ImageMagick	35.0	png
art-scans	haeckel_0058_moths.png	turbo	420	35	model_policy	24.257	59.895	1.7400	ImageMagick	35.0	png
art-scans	haeckel_0058_moths.png	turbo	420	35	model_proj	24.258	59.913	1.7397	ImageMagick	35.0	png
art-scans	haeckel_0058_moths.png	turbo	420	55	identity_off	25.652	69.177	1.3577	ImageMagick	55.0	png
art-scans	haeckel_0058_moths.png	turbo	420	55	model_policy	25.724	69.342	1.3565	ImageMagick	55.0	png
art-scans	haeckel_0058_moths.png	turbo	420	55	model_proj	25.727	69.370	1.3547	ImageMagick	55.0	png
art-scans	haeckel_0058_moths.png	turbo	420	75	identity_off	27.900	77.736	1.0407	ImageMagick	75.0	png
art-scans	haeckel_0058_moths.png	turbo	420	75	model_policy	27.896	77.697	1.0583	ImageMagick	75.0	png
art-scans	haeckel_0058_moths.png	turbo	420	75	model_proj	27.907	77.761	1.0478	ImageMagick	75.0	png
art-scans	haeckel_0058_moths.png	mozjpeg	420	15	identity_off	20.523	27.061	3.6918	Mozjpeg	15.0	png
art-scans	haeckel_0058_moths.png	mozjpeg	420	15	model_policy	20.643	27.313	3.6843	Mozjpeg	15.0	png
art-scans	haeckel_0058_moths.png	mozjpeg	420	15	model_proj	20.643	27.314	3.6843	Mozjpeg	15.0	png
art-scans	haeckel_0058_moths.png	mozjpeg	420	35	identity_off	23.683	58.241	2.0446	Mozjpeg	35.0	png
art-scans	haeckel_0058_moths.png	mozjpeg	420	35	model_policy	23.837	58.428	2.0293	Mozjpeg	35.0	png
art-scans	haeckel_0058_moths.png	mozjpeg	420	35	model_proj	23.837	58.432	2.0293	Mozjpeg	35.0	png
art-scans	haeckel_0058_moths.png	mozjpeg	420	55	identity_off	25.033	68.457	1.6340	Mozjpeg	55.0	png
art-scans	haeckel_0058_moths.png	mozjpeg	420	55	model_policy	25.156	68.440	1.6277	Mozjpeg	55.0	png
art-scans	haeckel_0058_moths.png	mozjpeg	420	55	model_proj	25.156	68.435	1.6270	Mozjpeg	55.0	png
art-scans	haeckel_0058_moths.png	mozjpeg	420	75	identity_off	26.627	76.264	1.2890	Mozjpeg	75.0	png
art-scans	haeckel_0058_moths.png	mozjpeg	420	75	model_policy	26.672	76.062	1.2949	Mozjpeg	75.0	png
art-scans	haeckel_0058_moths.png	mozjpeg	420	75	model_proj	26.688	76.101	1.2872	Mozjpeg	75.0	png
art-scans	haeckel_0062_pitcher-plants.png	turbo	420	15	identity_off	25.444	32.489	3.4106	Unknown	15.0	png
art-scans	haeckel_0062_pitcher-plants.png	turbo	420	15	model_policy	25.574	33.244	3.4052	Unknown	15.0	png
art-scans	haeckel_0062_pitcher-plants.png	turbo	420	15	model_proj	25.574	33.242	3.4052	Unknown	15.0	png
art-scans	haeckel_0062_pitcher-plants.png	turbo	420	35	identity_off	27.665	61.061	2.0905	ImageMagick	35.0	png
art-scans	haeckel_0062_pitcher-plants.png	turbo	420	35	model_policy	27.758	61.034	2.0684	ImageMagick	35.0	png
art-scans	haeckel_0062_pitcher-plants.png	turbo	420	35	model_proj	27.758	61.034	2.0658	ImageMagick	35.0	png
art-scans	haeckel_0062_pitcher-plants.png	turbo	420	55	identity_off	28.999	69.687	1.7275	ImageMagick	55.0	png
art-scans	haeckel_0062_pitcher-plants.png	turbo	420	55	model_policy	29.085	69.341	1.7167	ImageMagick	55.0	png
art-scans	haeckel_0062_pitcher-plants.png	turbo	420	55	model_proj	29.086	69.361	1.7169	ImageMagick	55.0	png
art-scans	haeckel_0062_pitcher-plants.png	turbo	420	75	identity_off	31.011	77.858	1.2459	ImageMagick	75.0	png
art-scans	haeckel_0062_pitcher-plants.png	turbo	420	75	model_policy	31.054	77.007	1.2390	ImageMagick	75.0	png
art-scans	haeckel_0062_pitcher-plants.png	turbo	420	75	model_proj	31.065	77.178	1.2304	ImageMagick	75.0	png
art-scans	haeckel_0062_pitcher-plants.png	mozjpeg	420	15	identity_off	25.103	22.708	3.7780	Mozjpeg	15.0	png
art-scans	haeckel_0062_pitcher-plants.png	mozjpeg	420	15	model_policy	25.206	23.068	3.7831	Mozjpeg	15.0	png
art-scans	haeckel_0062_pitcher-plants.png	mozjpeg	420	15	model_proj	25.206	23.068	3.7831	Mozjpeg	15.0	png
art-scans	haeckel_0062_pitcher-plants.png	mozjpeg	420	35	identity_off	28.274	59.964	2.0578	Mozjpeg	35.0	png
art-scans	haeckel_0062_pitcher-plants.png	mozjpeg	420	35	model_policy	28.350	59.976	2.0372	Mozjpeg	35.0	png
art-scans	haeckel_0062_pitcher-plants.png	mozjpeg	420	35	model_proj	28.350	59.975	2.0372	Mozjpeg	35.0	png
art-scans	haeckel_0062_pitcher-plants.png	mozjpeg	420	55	identity_off	29.951	70.447	1.5586	Mozjpeg	55.0	png
art-scans	haeckel_0062_pitcher-plants.png	mozjpeg	420	55	model_policy	29.985	70.110	1.5443	Mozjpeg	55.0	png
art-scans	haeckel_0062_pitcher-plants.png	mozjpeg	420	55	model_proj	29.988	70.132	1.5439	Mozjpeg	55.0	png
art-scans	haeckel_0062_pitcher-plants.png	mozjpeg	420	75	identity_off	31.895	79.225	1.1603	Mozjpeg	75.0	png
art-scans	haeckel_0062_pitcher-plants.png	mozjpeg	420	75	model_policy	31.839	78.489	1.1505	Mozjpeg	75.0	png
art-scans	haeckel_0062_pitcher-plants.png	mozjpeg	420	75	model_proj	31.877	78.645	1.1394	Mozjpeg	75.0	png
art-scans	haeckel_0065_red-algae.png	turbo	420	15	identity_off	22.152	6.284	5.2576	Unknown	15.0	png
art-scans	haeckel_0065_red-algae.png	turbo	420	15	model_policy	22.586	8.488	4.9459	Unknown	15.0	png
art-scans	haeckel_0065_red-algae.png	turbo	420	15	model_proj	22.586	8.486	4.9459	Unknown	15.0	png
art-scans	haeckel_0065_red-algae.png	turbo	420	35	identity_off	23.995	37.083	3.7421	ImageMagick	35.0	png
art-scans	haeckel_0065_red-algae.png	turbo	420	35	model_policy	24.628	38.915	3.4262	ImageMagick	35.0	png
art-scans	haeckel_0065_red-algae.png	turbo	420	35	model_proj	24.629	38.943	3.4249	ImageMagick	35.0	png
art-scans	haeckel_0065_red-algae.png	turbo	420	55	identity_off	25.243	49.385	3.1132	ImageMagick	55.0	png
art-scans	haeckel_0065_red-algae.png	turbo	420	55	model_policy	25.906	50.683	2.8337	ImageMagick	55.0	png
art-scans	haeckel_0065_red-algae.png	turbo	420	55	model_proj	25.908	50.771	2.8306	ImageMagick	55.0	png
art-scans	haeckel_0065_red-algae.png	turbo	420	75	identity_off	27.024	62.666	2.3203	ImageMagick	75.0	png
art-scans	haeckel_0065_red-algae.png	turbo	420	75	model_policy	27.691	63.056	2.0927	ImageMagick	75.0	png
art-scans	haeckel_0065_red-algae.png	turbo	420	75	model_proj	27.721	63.401	2.0768	ImageMagick	75.0	png
art-scans	haeckel_0065_red-algae.png	mozjpeg	420	15	identity_off	21.469	-0.592	4.9809	Mozjpeg	15.0	png
art-scans	haeckel_0065_red-algae.png	mozjpeg	420	15	model_policy	21.693	0.740	4.8056	Mozjpeg	15.0	png
art-scans	haeckel_0065_red-algae.png	mozjpeg	420	15	model_proj	21.693	0.740	4.8056	Mozjpeg	15.0	png
art-scans	haeckel_0065_red-algae.png	mozjpeg	420	35	identity_off	23.928	38.698	3.4023	Mozjpeg	35.0	png
art-scans	haeckel_0065_red-algae.png	mozjpeg	420	35	model_policy	24.451	40.380	3.1238	Mozjpeg	35.0	png
art-scans	haeckel_0065_red-algae.png	mozjpeg	420	35	model_proj	24.451	40.384	3.1237	Mozjpeg	35.0	png
art-scans	haeckel_0065_red-algae.png	mozjpeg	420	55	identity_off	25.042	52.372	2.8391	Mozjpeg	55.0	png
art-scans	haeckel_0065_red-algae.png	mozjpeg	420	55	model_policy	25.688	53.915	2.5443	Mozjpeg	55.0	png
art-scans	haeckel_0065_red-algae.png	mozjpeg	420	55	model_proj	25.690	53.947	2.5420	Mozjpeg	55.0	png
art-scans	haeckel_0065_red-algae.png	mozjpeg	420	75	identity_off	26.257	61.977	2.4202	Mozjpeg	75.0	png
art-scans	haeckel_0065_red-algae.png	mozjpeg	420	75	model_policy	27.042	63.158	2.1066	Mozjpeg	75.0	png
art-scans	haeckel_0065_red-algae.png	mozjpeg	420	75	model_proj	27.072	63.485	2.0796	Mozjpeg	75.0	png
art-scans	haeckel_0090_radiolaria-spheres.png	turbo	420	15	identity_off	26.712	22.901	2.3447	Unknown	15.0	png
art-scans	haeckel_0090_radiolaria-spheres.png	turbo	420	15	model_policy	26.810	19.067	2.3648	Unknown	15.0	png
art-scans	haeckel_0090_radiolaria-spheres.png	turbo	420	15	model_proj	26.810	19.067	2.3648	Unknown	15.0	png
art-scans	haeckel_0090_radiolaria-spheres.png	turbo	420	35	identity_off	29.259	56.621	1.4770	ImageMagick	35.0	png
art-scans	haeckel_0090_radiolaria-spheres.png	turbo	420	35	model_policy	29.334	55.928	1.4842	ImageMagick	35.0	png
art-scans	haeckel_0090_radiolaria-spheres.png	turbo	420	35	model_proj	29.335	55.942	1.4817	ImageMagick	35.0	png
art-scans	haeckel_0090_radiolaria-spheres.png	turbo	420	55	identity_off	30.700	65.241	1.1668	ImageMagick	55.0	png
art-scans	haeckel_0090_radiolaria-spheres.png	turbo	420	55	model_policy	30.723	64.132	1.2045	ImageMagick	55.0	png
art-scans	haeckel_0090_radiolaria-spheres.png	turbo	420	55	model_proj	30.725	64.213	1.1869	ImageMagick	55.0	png
art-scans	haeckel_0090_radiolaria-spheres.png	turbo	420	75	identity_off	32.698	76.694	0.8804	ImageMagick	75.0	png
art-scans	haeckel_0090_radiolaria-spheres.png	turbo	420	75	model_policy	32.648	74.589	1.0767	ImageMagick	75.0	png
art-scans	haeckel_0090_radiolaria-spheres.png	turbo	420	75	model_proj	32.663	75.171	0.9378	ImageMagick	75.0	png
art-scans	haeckel_0090_radiolaria-spheres.png	mozjpeg	420	15	identity_off	25.225	17.416	3.1056	Mozjpeg	15.0	png
art-scans	haeckel_0090_radiolaria-spheres.png	mozjpeg	420	15	model_policy	25.306	14.217	3.0946	Mozjpeg	15.0	png
art-scans	haeckel_0090_radiolaria-spheres.png	mozjpeg	420	15	model_proj	25.306	14.216	3.0946	Mozjpeg	15.0	png
art-scans	haeckel_0090_radiolaria-spheres.png	mozjpeg	420	35	identity_off	28.637	52.557	1.7673	Mozjpeg	35.0	png
art-scans	haeckel_0090_radiolaria-spheres.png	mozjpeg	420	35	model_policy	28.791	52.610	1.7511	Mozjpeg	35.0	png
art-scans	haeckel_0090_radiolaria-spheres.png	mozjpeg	420	35	model_proj	28.791	52.611	1.7511	Mozjpeg	35.0	png
art-scans	haeckel_0090_radiolaria-spheres.png	mozjpeg	420	55	identity_off	30.262	63.221	1.3691	Mozjpeg	55.0	png
art-scans	haeckel_0090_radiolaria-spheres.png	mozjpeg	420	55	model_policy	30.374	62.397	1.3847	Mozjpeg	55.0	png
art-scans	haeckel_0090_radiolaria-spheres.png	mozjpeg	420	55	model_proj	30.374	62.417	1.3828	Mozjpeg	55.0	png
art-scans	haeckel_0090_radiolaria-spheres.png	mozjpeg	420	75	identity_off	32.301	75.440	0.9947	Mozjpeg	75.0	png
art-scans	haeckel_0090_radiolaria-spheres.png	mozjpeg	420	75	model_policy	32.296	73.777	1.1010	Mozjpeg	75.0	png
art-scans	haeckel_0090_radiolaria-spheres.png	mozjpeg	420	75	model_proj	32.310	73.965	1.0527	Mozjpeg	75.0	png
maps	nps_nps-bibe-2023-Wild-and-Scenic-Rivers-Brochure_p01.png	turbo	420	15	identity_off	27.457	31.256	3.1409	Unknown	15.0	png
maps	nps_nps-bibe-2023-Wild-and-Scenic-Rivers-Brochure_p01.png	turbo	420	15	model_policy	29.228	36.895	2.9044	Unknown	15.0	png
maps	nps_nps-bibe-2023-Wild-and-Scenic-Rivers-Brochure_p01.png	turbo	420	15	model_proj	29.228	36.882	2.9044	Unknown	15.0	png
maps	nps_nps-bibe-2023-Wild-and-Scenic-Rivers-Brochure_p01.png	turbo	420	35	identity_off	30.533	57.784	2.0490	ImageMagick	35.0	png
maps	nps_nps-bibe-2023-Wild-and-Scenic-Rivers-Brochure_p01.png	turbo	420	35	model_policy	32.518	62.387	1.6780	ImageMagick	35.0	png
maps	nps_nps-bibe-2023-Wild-and-Scenic-Rivers-Brochure_p01.png	turbo	420	35	model_proj	32.518	62.388	1.6779	ImageMagick	35.0	png
maps	nps_nps-bibe-2023-Wild-and-Scenic-Rivers-Brochure_p01.png	turbo	420	55	identity_off	32.499	67.709	1.7216	ImageMagick	55.0	png
maps	nps_nps-bibe-2023-Wild-and-Scenic-Rivers-Brochure_p01.png	turbo	420	55	model_policy	34.377	71.757	1.3758	ImageMagick	55.0	png
maps	nps_nps-bibe-2023-Wild-and-Scenic-Rivers-Brochure_p01.png	turbo	420	55	model_proj	34.377	71.743	1.3758	ImageMagick	55.0	png
maps	nps_nps-bibe-2023-Wild-and-Scenic-Rivers-Brochure_p01.png	turbo	420	75	identity_off	35.323	74.594	1.3190	ImageMagick	75.0	png
maps	nps_nps-bibe-2023-Wild-and-Scenic-Rivers-Brochure_p01.png	turbo	420	75	model_policy	36.897	77.982	1.0532	ImageMagick	75.0	png
maps	nps_nps-bibe-2023-Wild-and-Scenic-Rivers-Brochure_p01.png	turbo	420	75	model_proj	36.898	78.010	1.0528	ImageMagick	75.0	png
maps	nps_nps-bibe-2023-Wild-and-Scenic-Rivers-Brochure_p01.png	mozjpeg	420	15	identity_off	24.867	25.018	3.9680	Mozjpeg	15.0	png
maps	nps_nps-bibe-2023-Wild-and-Scenic-Rivers-Brochure_p01.png	mozjpeg	420	15	model_policy	26.078	29.085	3.6688	Mozjpeg	15.0	png
maps	nps_nps-bibe-2023-Wild-and-Scenic-Rivers-Brochure_p01.png	mozjpeg	420	15	model_proj	26.078	29.100	3.6688	Mozjpeg	15.0	png
maps	nps_nps-bibe-2023-Wild-and-Scenic-Rivers-Brochure_p01.png	mozjpeg	420	35	identity_off	27.513	54.113	2.4922	Mozjpeg	35.0	png
maps	nps_nps-bibe-2023-Wild-and-Scenic-Rivers-Brochure_p01.png	mozjpeg	420	35	model_policy	29.558	58.951	2.0904	Mozjpeg	35.0	png
maps	nps_nps-bibe-2023-Wild-and-Scenic-Rivers-Brochure_p01.png	mozjpeg	420	35	model_proj	29.558	58.951	2.0904	Mozjpeg	35.0	png
maps	nps_nps-bibe-2023-Wild-and-Scenic-Rivers-Brochure_p01.png	mozjpeg	420	55	identity_off	29.136	66.031	1.9398	Mozjpeg	55.0	png
maps	nps_nps-bibe-2023-Wild-and-Scenic-Rivers-Brochure_p01.png	mozjpeg	420	55	model_policy	31.322	70.733	1.5314	Mozjpeg	55.0	png
maps	nps_nps-bibe-2023-Wild-and-Scenic-Rivers-Brochure_p01.png	mozjpeg	420	55	model_proj	31.322	70.744	1.5314	Mozjpeg	55.0	png
maps	nps_nps-bibe-2023-Wild-and-Scenic-Rivers-Brochure_p01.png	mozjpeg	420	75	identity_off	31.715	72.909	1.4436	Mozjpeg	75.0	png
maps	nps_nps-bibe-2023-Wild-and-Scenic-Rivers-Brochure_p01.png	mozjpeg	420	75	model_policy	33.891	76.971	1.1006	Mozjpeg	75.0	png
maps	nps_nps-bibe-2023-Wild-and-Scenic-Rivers-Brochure_p01.png	mozjpeg	420	75	model_proj	33.891	76.959	1.1006	Mozjpeg	75.0	png
maps	nps_nps-bibe-2023-Wild-and-Scenic-Rivers-Brochure_p02.png	turbo	420	15	identity_off	34.066	12.005	3.4370	Unknown	15.0	png
maps	nps_nps-bibe-2023-Wild-and-Scenic-Rivers-Brochure_p02.png	turbo	420	15	model_policy	34.374	17.785	3.3469	Unknown	15.0	png
maps	nps_nps-bibe-2023-Wild-and-Scenic-Rivers-Brochure_p02.png	turbo	420	15	model_proj	34.374	17.781	3.3469	Unknown	15.0	png
maps	nps_nps-bibe-2023-Wild-and-Scenic-Rivers-Brochure_p02.png	turbo	420	35	identity_off	38.003	55.010	1.7067	ImageMagick	35.0	png
maps	nps_nps-bibe-2023-Wild-and-Scenic-Rivers-Brochure_p02.png	turbo	420	35	model_policy	38.280	58.001	1.6667	ImageMagick	35.0	png
maps	nps_nps-bibe-2023-Wild-and-Scenic-Rivers-Brochure_p02.png	turbo	420	35	model_proj	38.280	58.003	1.6667	ImageMagick	35.0	png
maps	nps_nps-bibe-2023-Wild-and-Scenic-Rivers-Brochure_p02.png	turbo	420	55	identity_off	39.421	68.121	1.4309	ImageMagick	55.0	png
maps	nps_nps-bibe-2023-Wild-and-Scenic-Rivers-Brochure_p02.png	turbo	420	55	model_policy	39.852	69.707	1.3472	ImageMagick	55.0	png
maps	nps_nps-bibe-2023-Wild-and-Scenic-Rivers-Brochure_p02.png	turbo	420	55	model_proj	39.854	69.745	1.3471	ImageMagick	55.0	png
maps	nps_nps-bibe-2023-Wild-and-Scenic-Rivers-Brochure_p02.png	turbo	420	75	identity_off	42.153	78.563	0.9590	ImageMagick	75.0	png
maps	nps_nps-bibe-2023-Wild-and-Scenic-Rivers-Brochure_p02.png	turbo	420	75	model_policy	42.579	79.351	0.8835	ImageMagick	75.0	png
maps	nps_nps-bibe-2023-Wild-and-Scenic-Rivers-Brochure_p02.png	turbo	420	75	model_proj	42.570	79.431	0.8844	ImageMagick	75.0	png
maps	nps_nps-bibe-2023-Wild-and-Scenic-Rivers-Brochure_p02.png	mozjpeg	420	15	identity_off	33.379	7.046	3.5908	Mozjpeg	15.0	png
maps	nps_nps-bibe-2023-Wild-and-Scenic-Rivers-Brochure_p02.png	mozjpeg	420	15	model_policy	33.605	11.317	3.5110	Mozjpeg	15.0	png
maps	nps_nps-bibe-2023-Wild-and-Scenic-Rivers-Brochure_p02.png	mozjpeg	420	15	model_proj	33.605	11.321	3.5110	Mozjpeg	15.0	png
maps	nps_nps-bibe-2023-Wild-and-Scenic-Rivers-Brochure_p02.png	mozjpeg	420	35	identity_off	37.037	49.439	1.9318	Mozjpeg	35.0	png
maps	nps_nps-bibe-2023-Wild-and-Scenic-Rivers-Brochure_p02.png	mozjpeg	420	35	model_policy	37.180	51.661	1.9042	Mozjpeg	35.0	png
maps	nps_nps-bibe-2023-Wild-and-Scenic-Rivers-Brochure_p02.png	mozjpeg	420	35	model_proj	37.180	51.662	1.9042	Mozjpeg	35.0	png
maps	nps_nps-bibe-2023-Wild-and-Scenic-Rivers-Brochure_p02.png	mozjpeg	420	55	identity_off	38.620	63.623	1.5705	Mozjpeg	55.0	png
maps	nps_nps-bibe-2023-Wild-and-Scenic-Rivers-Brochure_p02.png	mozjpeg	420	55	model_policy	38.774	64.606	1.5566	Mozjpeg	55.0	png
maps	nps_nps-bibe-2023-Wild-and-Scenic-Rivers-Brochure_p02.png	mozjpeg	420	55	model_proj	38.774	64.605	1.5566	Mozjpeg	55.0	png
maps	nps_nps-bibe-2023-Wild-and-Scenic-Rivers-Brochure_p02.png	mozjpeg	420	75	identity_off	41.436	76.854	1.0349	Mozjpeg	75.0	png
maps	nps_nps-bibe-2023-Wild-and-Scenic-Rivers-Brochure_p02.png	mozjpeg	420	75	model_policy	41.612	77.073	0.9986	Mozjpeg	75.0	png
maps	nps_nps-bibe-2023-Wild-and-Scenic-Rivers-Brochure_p02.png	mozjpeg	420	75	model_proj	41.613	77.078	0.9986	Mozjpeg	75.0	png
maps	nps_nps-biho-FINAL-VERSION_BIHO-unigrid_Side-1_X3_compressed-for-web-6_p01.png	turbo	420	15	identity_off	31.848	32.654	4.3344	Unknown	15.0	png
maps	nps_nps-biho-FINAL-VERSION_BIHO-unigrid_Side-1_X3_compressed-for-web-6_p01.png	turbo	420	15	model_policy	33.351	37.522	4.3028	Unknown	15.0	png
maps	nps_nps-biho-FINAL-VERSION_BIHO-unigrid_Side-1_X3_compressed-for-web-6_p01.png	turbo	420	15	model_proj	33.351	37.524	4.3028	Unknown	15.0	png
maps	nps_nps-biho-FINAL-VERSION_BIHO-unigrid_Side-1_X3_compressed-for-web-6_p01.png	turbo	420	35	identity_off	35.229	63.673	2.0642	ImageMagick	35.0	png
maps	nps_nps-biho-FINAL-VERSION_BIHO-unigrid_Side-1_X3_compressed-for-web-6_p01.png	turbo	420	35	model_policy	36.768	66.880	2.0296	ImageMagick	35.0	png
maps	nps_nps-biho-FINAL-VERSION_BIHO-unigrid_Side-1_X3_compressed-for-web-6_p01.png	turbo	420	35	model_proj	36.801	66.997	2.0283	ImageMagick	35.0	png
maps	nps_nps-biho-FINAL-VERSION_BIHO-unigrid_Side-1_X3_compressed-for-web-6_p01.png	turbo	420	55	identity_off	37.122	73.463	1.3011	ImageMagick	55.0	png
maps	nps_nps-biho-FINAL-VERSION_BIHO-unigrid_Side-1_X3_compressed-for-web-6_p01.png	turbo	420	55	model_policy	38.521	75.935	1.1893	ImageMagick	55.0	png
maps	nps_nps-biho-FINAL-VERSION_BIHO-unigrid_Side-1_X3_compressed-for-web-6_p01.png	turbo	420	55	model_proj	38.572	76.069	1.1795	ImageMagick	55.0	png
maps	nps_nps-biho-FINAL-VERSION_BIHO-unigrid_Side-1_X3_compressed-for-web-6_p01.png	turbo	420	75	identity_off	39.285	80.661	1.0379	ImageMagick	75.0	png
maps	nps_nps-biho-FINAL-VERSION_BIHO-unigrid_Side-1_X3_compressed-for-web-6_p01.png	turbo	420	75	model_policy	40.583	82.367	0.9787	ImageMagick	75.0	png
maps	nps_nps-biho-FINAL-VERSION_BIHO-unigrid_Side-1_X3_compressed-for-web-6_p01.png	turbo	420	75	model_proj	40.670	82.643	0.9651	ImageMagick	75.0	png
maps	nps_nps-biho-FINAL-VERSION_BIHO-unigrid_Side-1_X3_compressed-for-web-6_p01.png	mozjpeg	420	15	identity_off	30.338	26.249	5.2808	Mozjpeg	15.0	png
maps	nps_nps-biho-FINAL-VERSION_BIHO-unigrid_Side-1_X3_compressed-for-web-6_p01.png	mozjpeg	420	15	model_policy	31.604	29.819	5.2653	Mozjpeg	15.0	png
maps	nps_nps-biho-FINAL-VERSION_BIHO-unigrid_Side-1_X3_compressed-for-web-6_p01.png	mozjpeg	420	15	model_proj	31.487	29.715	5.2656	Mozjpeg	15.0	png
maps	nps_nps-biho-FINAL-VERSION_BIHO-unigrid_Side-1_X3_compressed-for-web-6_p01.png	mozjpeg	420	35	identity_off	33.530	59.777	1.8744	Mozjpeg	35.0	png
maps	nps_nps-biho-FINAL-VERSION_BIHO-unigrid_Side-1_X3_compressed-for-web-6_p01.png	mozjpeg	420	35	model_policy	35.047	62.170	1.8213	Mozjpeg	35.0	png
maps	nps_nps-biho-FINAL-VERSION_BIHO-unigrid_Side-1_X3_compressed-for-web-6_p01.png	mozjpeg	420	35	model_proj	34.818	62.137	1.8290	Mozjpeg	35.0	png
maps	nps_nps-biho-FINAL-VERSION_BIHO-unigrid_Side-1_X3_compressed-for-web-6_p01.png	mozjpeg	420	55	identity_off	35.139	70.643	1.3789	Mozjpeg	55.0	png
maps	nps_nps-biho-FINAL-VERSION_BIHO-unigrid_Side-1_X3_compressed-for-web-6_p01.png	mozjpeg	420	55	model_policy	36.759	72.304	1.3137	Mozjpeg	55.0	png
maps	nps_nps-biho-FINAL-VERSION_BIHO-unigrid_Side-1_X3_compressed-for-web-6_p01.png	mozjpeg	420	55	model_proj	36.471	72.235	1.3226	Mozjpeg	55.0	png
maps	nps_nps-biho-FINAL-VERSION_BIHO-unigrid_Side-1_X3_compressed-for-web-6_p01.png	mozjpeg	420	75	identity_off	37.534	78.536	1.0548	Mozjpeg	75.0	png
maps	nps_nps-biho-FINAL-VERSION_BIHO-unigrid_Side-1_X3_compressed-for-web-6_p01.png	mozjpeg	420	75	model_policy	39.058	79.710	0.9863	Mozjpeg	75.0	png
maps	nps_nps-biho-FINAL-VERSION_BIHO-unigrid_Side-1_X3_compressed-for-web-6_p01.png	mozjpeg	420	75	model_proj	38.966	80.061	0.9746	Mozjpeg	75.0	png
maps	nps_nps-blca-Black_Canyon_unigrid_2023_508_web_p01.png	turbo	420	15	identity_off	32.382	22.040	5.5570	Unknown	15.0	png
maps	nps_nps-blca-Black_Canyon_unigrid_2023_508_web_p01.png	turbo	420	15	model_policy	33.920	28.290	5.6235	Unknown	15.0	png
maps	nps_nps-blca-Black_Canyon_unigrid_2023_508_web_p01.png	turbo	420	15	model_proj	33.920	28.287	5.6235	Unknown	15.0	png
maps	nps_nps-blca-Black_Canyon_unigrid_2023_508_web_p01.png	turbo	420	35	identity_off	36.241	60.039	2.5922	ImageMagick	35.0	png
maps	nps_nps-blca-Black_Canyon_unigrid_2023_508_web_p01.png	turbo	420	35	model_policy	37.887	63.773	3.5099	ImageMagick	35.0	png
maps	nps_nps-blca-Black_Canyon_unigrid_2023_508_web_p01.png	turbo	420	35	model_proj	37.887	63.772	3.5099	ImageMagick	35.0	png
maps	nps_nps-blca-Black_Canyon_unigrid_2023_508_web_p01.png	turbo	420	55	identity_off	38.677	70.421	1.7484	ImageMagick	55.0	png
maps	nps_nps-blca-Black_Canyon_unigrid_2023_508_web_p01.png	turbo	420	55	model_policy	40.967	73.968	1.6035	ImageMagick	55.0	png
maps	nps_nps-blca-Black_Canyon_unigrid_2023_508_web_p01.png	turbo	420	55	model_proj	40.967	73.968	1.6035	ImageMagick	55.0	png
maps	nps_nps-blca-Black_Canyon_unigrid_2023_508_web_p01.png	turbo	420	75	identity_off	41.663	79.128	1.3984	ImageMagick	75.0	png
maps	nps_nps-blca-Black_Canyon_unigrid_2023_508_web_p01.png	turbo	420	75	model_policy	43.132	81.493	1.6822	ImageMagick	75.0	png
maps	nps_nps-blca-Black_Canyon_unigrid_2023_508_web_p01.png	turbo	420	75	model_proj	43.268	81.646	1.4209	ImageMagick	75.0	png
maps	nps_nps-blca-Black_Canyon_unigrid_2023_508_web_p01.png	mozjpeg	420	15	identity_off	30.469	23.200	5.5912	Mozjpeg	15.0	png
maps	nps_nps-blca-Black_Canyon_unigrid_2023_508_web_p01.png	mozjpeg	420	15	model_policy	31.718	28.385	5.6474	Mozjpeg	15.0	png
maps	nps_nps-blca-Black_Canyon_unigrid_2023_508_web_p01.png	mozjpeg	420	15	model_proj	31.718	28.376	5.6474	Mozjpeg	15.0	png
maps	nps_nps-blca-Black_Canyon_unigrid_2023_508_web_p01.png	mozjpeg	420	35	identity_off	33.594	58.613	2.6925	Mozjpeg	35.0	png
maps	nps_nps-blca-Black_Canyon_unigrid_2023_508_web_p01.png	mozjpeg	420	35	model_policy	35.513	62.436	3.5214	Mozjpeg	35.0	png
maps	nps_nps-blca-Black_Canyon_unigrid_2023_508_web_p01.png	mozjpeg	420	35	model_proj	35.513	62.436	3.5214	Mozjpeg	35.0	png
maps	nps_nps-blca-Black_Canyon_unigrid_2023_508_web_p01.png	mozjpeg	420	55	identity_off	35.389	68.498	1.9021	Mozjpeg	55.0	png
maps	nps_nps-blca-Black_Canyon_unigrid_2023_508_web_p01.png	mozjpeg	420	55	model_policy	37.685	72.242	1.7415	Mozjpeg	55.0	png
maps	nps_nps-blca-Black_Canyon_unigrid_2023_508_web_p01.png	mozjpeg	420	55	model_proj	37.686	72.222	1.7394	Mozjpeg	55.0	png
maps	nps_nps-blca-Black_Canyon_unigrid_2023_508_web_p01.png	mozjpeg	420	75	identity_off	38.258	77.137	1.2118	Mozjpeg	75.0	png
maps	nps_nps-blca-Black_Canyon_unigrid_2023_508_web_p01.png	mozjpeg	420	75	model_policy	40.376	80.287	1.5582	Mozjpeg	75.0	png
maps	nps_nps-blca-Black_Canyon_unigrid_2023_508_web_p01.png	mozjpeg	420	75	model_proj	40.449	80.656	1.0705	Mozjpeg	75.0	png
maps	nps_nps-blca-Black_Canyon_unigrid_2023_508_web_p02.png	turbo	420	15	identity_off	31.372	23.651	3.7764	Unknown	15.0	png
maps	nps_nps-blca-Black_Canyon_unigrid_2023_508_web_p02.png	turbo	420	15	model_policy	32.642	30.203	3.1915	Unknown	15.0	png
maps	nps_nps-blca-Black_Canyon_unigrid_2023_508_web_p02.png	turbo	420	15	model_proj	32.642	30.212	3.1915	Unknown	15.0	png
maps	nps_nps-blca-Black_Canyon_unigrid_2023_508_web_p02.png	turbo	420	35	identity_off	34.459	56.680	1.9119	ImageMagick	35.0	png
maps	nps_nps-blca-Black_Canyon_unigrid_2023_508_web_p02.png	turbo	420	35	model_policy	35.798	60.798	1.7221	ImageMagick	35.0	png
maps	nps_nps-blca-Black_Canyon_unigrid_2023_508_web_p02.png	turbo	420	35	model_proj	35.798	60.798	1.7221	ImageMagick	35.0	png
maps	nps_nps-blca-Black_Canyon_unigrid_2023_508_web_p02.png	turbo	420	55	identity_off	36.190	66.940	1.7325	ImageMagick	55.0	png
maps	nps_nps-blca-Black_Canyon_unigrid_2023_508_web_p02.png	turbo	420	55	model_policy	37.567	69.904	1.6905	ImageMagick	55.0	png
maps	nps_nps-blca-Black_Canyon_unigrid_2023_508_web_p02.png	turbo	420	55	model_proj	37.567	69.885	1.6904	ImageMagick	55.0	png
maps	nps_nps-blca-Black_Canyon_unigrid_2023_508_web_p02.png	turbo	420	75	identity_off	38.935	75.203	1.1859	ImageMagick	75.0	png
maps	nps_nps-blca-Black_Canyon_unigrid_2023_508_web_p02.png	turbo	420	75	model_policy	40.299	77.684	1.0339	ImageMagick	75.0	png
maps	nps_nps-blca-Black_Canyon_unigrid_2023_508_web_p02.png	turbo	420	75	model_proj	40.327	77.904	1.0306	ImageMagick	75.0	png
maps	nps_nps-blca-Black_Canyon_unigrid_2023_508_web_p02.png	mozjpeg	420	15	identity_off	29.273	19.366	4.1860	Mozjpeg	15.0	png
maps	nps_nps-blca-Black_Canyon_unigrid_2023_508_web_p02.png	mozjpeg	420	15	model_policy	30.237	24.833	3.8569	Mozjpeg	15.0	png
maps	nps_nps-blca-Black_Canyon_unigrid_2023_508_web_p02.png	mozjpeg	420	15	model_proj	30.237	24.832	3.8569	Mozjpeg	15.0	png
maps	nps_nps-blca-Black_Canyon_unigrid_2023_508_web_p02.png	mozjpeg	420	35	identity_off	32.558	54.233	2.1947	Mozjpeg	35.0	png
maps	nps_nps-blca-Black_Canyon_unigrid_2023_508_web_p02.png	mozjpeg	420	35	model_policy	33.973	58.481	2.0063	Mozjpeg	35.0	png
maps	nps_nps-blca-Black_Canyon_unigrid_2023_508_web_p02.png	mozjpeg	420	35	model_proj	33.973	58.493	2.0063	Mozjpeg	35.0	png
maps	nps_nps-blca-Black_Canyon_unigrid_2023_508_web_p02.png	mozjpeg	420	55	identity_off	34.039	65.105	1.7930	Mozjpeg	55.0	png
maps	nps_nps-blca-Black_Canyon_unigrid_2023_508_web_p02.png	mozjpeg	420	55	model_policy	35.559	68.752	1.6549	Mozjpeg	55.0	png
maps	nps_nps-blca-Black_Canyon_unigrid_2023_508_web_p02.png	mozjpeg	420	55	model_proj	35.559	68.771	1.6548	Mozjpeg	55.0	png
maps	nps_nps-blca-Black_Canyon_unigrid_2023_508_web_p02.png	mozjpeg	420	75	identity_off	36.090	75.092	1.2646	Mozjpeg	75.0	png
maps	nps_nps-blca-Black_Canyon_unigrid_2023_508_web_p02.png	mozjpeg	420	75	model_policy	37.648	77.833	1.0880	Mozjpeg	75.0	png
maps	nps_nps-blca-Black_Canyon_unigrid_2023_508_web_p02.png	mozjpeg	420	75	model_proj	37.649	77.867	1.0878	Mozjpeg	75.0	png
maps	nps_nps-cany-ISKY-Backcountry-Zone-Map-Final-508_p01.png	turbo	420	15	identity_off	28.858	33.193	3.1374	Unknown	15.0	png
maps	nps_nps-cany-ISKY-Backcountry-Zone-Map-Final-508_p01.png	turbo	420	15	model_policy	29.566	38.206	2.9340	Unknown	15.0	png
maps	nps_nps-cany-ISKY-Backcountry-Zone-Map-Final-508_p01.png	turbo	420	15	model_proj	29.566	38.214	2.9299	Unknown	15.0	png
maps	nps_nps-cany-ISKY-Backcountry-Zone-Map-Final-508_p01.png	turbo	420	35	identity_off	31.990	63.006	1.7852	ImageMagick	35.0	png
maps	nps_nps-cany-ISKY-Backcountry-Zone-Map-Final-508_p01.png	turbo	420	35	model_policy	32.859	66.859	1.6258	ImageMagick	35.0	png
maps	nps_nps-cany-ISKY-Backcountry-Zone-Map-Final-508_p01.png	turbo	420	35	model_proj	32.880	66.936	1.6125	ImageMagick	35.0	png
maps	nps_nps-cany-ISKY-Backcountry-Zone-Map-Final-508_p01.png	turbo	420	55	identity_off	33.467	71.424	1.3897	ImageMagick	55.0	png
maps	nps_nps-cany-ISKY-Backcountry-Zone-Map-Final-508_p01.png	turbo	420	55	model_policy	34.340	74.318	1.3132	ImageMagick	55.0	png
maps	nps_nps-cany-ISKY-Backcountry-Zone-Map-Final-508_p01.png	turbo	420	55	model_proj	34.364	74.454	1.2819	ImageMagick	55.0	png
maps	nps_nps-cany-ISKY-Backcountry-Zone-Map-Final-508_p01.png	turbo	420	75	identity_off	35.387	79.337	1.0449	ImageMagick	75.0	png
maps	nps_nps-cany-ISKY-Backcountry-Zone-Map-Final-508_p01.png	turbo	420	75	model_policy	36.120	81.136	1.0304	ImageMagick	75.0	png
maps	nps_nps-cany-ISKY-Backcountry-Zone-Map-Final-508_p01.png	turbo	420	75	model_proj	36.191	81.398	0.9617	ImageMagick	75.0	png
maps	nps_nps-cany-ISKY-Backcountry-Zone-Map-Final-508_p01.png	mozjpeg	420	15	identity_off	27.153	26.254	3.7913	Mozjpeg	15.0	png
maps	nps_nps-cany-ISKY-Backcountry-Zone-Map-Final-508_p01.png	mozjpeg	420	15	model_policy	27.925	31.014	3.6138	Mozjpeg	15.0	png
maps	nps_nps-cany-ISKY-Backcountry-Zone-Map-Final-508_p01.png	mozjpeg	420	15	model_proj	27.929	31.093	3.6043	Mozjpeg	15.0	png
maps	nps_nps-cany-ISKY-Backcountry-Zone-Map-Final-508_p01.png	mozjpeg	420	35	identity_off	30.574	58.468	2.3075	Mozjpeg	35.0	png
maps	nps_nps-cany-ISKY-Backcountry-Zone-Map-Final-508_p01.png	mozjpeg	420	35	model_policy	31.621	62.782	2.1122	Mozjpeg	35.0	png
maps	nps_nps-cany-ISKY-Backcountry-Zone-Map-Final-508_p01.png	mozjpeg	420	35	model_proj	31.644	63.028	2.0637	Mozjpeg	35.0	png
maps	nps_nps-cany-ISKY-Backcountry-Zone-Map-Final-508_p01.png	mozjpeg	420	55	identity_off	32.362	69.206	1.7720	Mozjpeg	55.0	png
maps	nps_nps-cany-ISKY-Backcountry-Zone-Map-Final-508_p01.png	mozjpeg	420	55	model_policy	33.455	72.384	1.6629	Mozjpeg	55.0	png
maps	nps_nps-cany-ISKY-Backcountry-Zone-Map-Final-508_p01.png	mozjpeg	420	55	model_proj	33.504	72.669	1.5757	Mozjpeg	55.0	png
maps	nps_nps-cany-ISKY-Backcountry-Zone-Map-Final-508_p01.png	mozjpeg	420	75	identity_off	34.568	77.322	1.3120	Mozjpeg	75.0	png
maps	nps_nps-cany-ISKY-Backcountry-Zone-Map-Final-508_p01.png	mozjpeg	420	75	model_policy	35.575	79.584	1.2198	Mozjpeg	75.0	png
maps	nps_nps-cany-ISKY-Backcountry-Zone-Map-Final-508_p01.png	mozjpeg	420	75	model_proj	35.649	79.895	1.1742	Mozjpeg	75.0	png
maps	nps_nps-cany-IslandRoadsandTrailsUpdated24-508forweb_p01.png	turbo	420	15	identity_off	29.067	58.810	2.8306	Unknown	15.0	png
maps	nps_nps-cany-IslandRoadsandTrailsUpdated24-508forweb_p01.png	turbo	420	15	model_policy	31.468	63.815	2.5202	Unknown	15.0	png
maps	nps_nps-cany-IslandRoadsandTrailsUpdated24-508forweb_p01.png	turbo	420	15	model_proj	31.470	63.813	2.5201	Unknown	15.0	png
maps	nps_nps-cany-IslandRoadsandTrailsUpdated24-508forweb_p01.png	turbo	420	35	identity_off	32.356	70.758	1.7503	ImageMagick	35.0	png
maps	nps_nps-cany-IslandRoadsandTrailsUpdated24-508forweb_p01.png	turbo	420	35	model_policy	34.945	76.896	1.3249	ImageMagick	35.0	png
maps	nps_nps-cany-IslandRoadsandTrailsUpdated24-508forweb_p01.png	turbo	420	35	model_proj	34.988	77.139	1.3114	ImageMagick	35.0	png
maps	nps_nps-cany-IslandRoadsandTrailsUpdated24-508forweb_p01.png	turbo	420	55	identity_off	34.272	69.096	2.5603	ImageMagick	55.0	png
maps	nps_nps-cany-IslandRoadsandTrailsUpdated24-508forweb_p01.png	turbo	420	55	model_policy	36.618	74.024	2.5494	ImageMagick	55.0	png
maps	nps_nps-cany-IslandRoadsandTrailsUpdated24-508forweb_p01.png	turbo	420	55	model_proj	36.688	74.238	2.5483	ImageMagick	55.0	png
maps	nps_nps-cany-IslandRoadsandTrailsUpdated24-508forweb_p01.png	turbo	420	75	identity_off	37.632	79.688	1.0999	ImageMagick	75.0	png
maps	nps_nps-cany-IslandRoadsandTrailsUpdated24-508forweb_p01.png	turbo	420	75	model_policy	39.821	83.850	0.8307	ImageMagick	75.0	png
maps	nps_nps-cany-IslandRoadsandTrailsUpdated24-508forweb_p01.png	turbo	420	75	model_proj	39.916	84.163	0.8210	ImageMagick	75.0	png
maps	nps_nps-cany-IslandRoadsandTrailsUpdated24-508forweb_p01.png	mozjpeg	420	15	identity_off	26.221	53.176	3.6035	Mozjpeg	15.0	png
maps	nps_nps-cany-IslandRoadsandTrailsUpdated24-508forweb_p01.png	mozjpeg	420	15	model_policy	27.966	57.046	3.4373	Mozjpeg	15.0	png
maps	nps_nps-cany-IslandRoadsandTrailsUpdated24-508forweb_p01.png	mozjpeg	420	15	model_proj	27.879	56.989	3.4408	Mozjpeg	15.0	png
maps	nps_nps-cany-IslandRoadsandTrailsUpdated24-508forweb_p01.png	mozjpeg	420	35	identity_off	29.245	69.251	2.0668	Mozjpeg	35.0	png
maps	nps_nps-cany-IslandRoadsandTrailsUpdated24-508forweb_p01.png	mozjpeg	420	35	model_policy	31.662	74.389	1.7284	Mozjpeg	35.0	png
maps	nps_nps-cany-IslandRoadsandTrailsUpdated24-508forweb_p01.png	mozjpeg	420	35	model_proj	31.465	73.760	1.7782	Mozjpeg	35.0	png
maps	nps_nps-cany-IslandRoadsandTrailsUpdated24-508forweb_p01.png	mozjpeg	420	55	identity_off	30.875	68.088	2.5962	Mozjpeg	55.0	png
maps	nps_nps-cany-IslandRoadsandTrailsUpdated24-508forweb_p01.png	mozjpeg	420	55	model_policy	33.254	72.579	2.5815	Mozjpeg	55.0	png
maps	nps_nps-cany-IslandRoadsandTrailsUpdated24-508forweb_p01.png	mozjpeg	420	55	model_proj	33.078	72.147	2.5886	Mozjpeg	55.0	png
maps	nps_nps-cany-IslandRoadsandTrailsUpdated24-508forweb_p01.png	mozjpeg	420	75	identity_off	33.466	77.415	1.2400	Mozjpeg	75.0	png
maps	nps_nps-cany-IslandRoadsandTrailsUpdated24-508forweb_p01.png	mozjpeg	420	75	model_policy	35.886	81.391	0.9889	Mozjpeg	75.0	png
maps	nps_nps-cany-IslandRoadsandTrailsUpdated24-508forweb_p01.png	mozjpeg	420	75	model_proj	35.782	81.000	1.0306	Mozjpeg	75.0	png
maps	nps_nps-cany-IslandRoadsandTrailsUpdated24-508forweb_p02.png	turbo	420	15	identity_off	29.780	63.736	2.6300	Unknown	15.0	png
maps	nps_nps-cany-IslandRoadsandTrailsUpdated24-508forweb_p02.png	turbo	420	15	model_policy	32.627	72.549	1.9502	Unknown	15.0	png
maps	nps_nps-cany-IslandRoadsandTrailsUpdated24-508forweb_p02.png	turbo	420	15	model_proj	32.627	72.548	1.9498	Unknown	15.0	png
maps	nps_nps-cany-IslandRoadsandTrailsUpdated24-508forweb_p02.png	turbo	420	35	identity_off	33.025	71.752	1.7268	ImageMagick	35.0	png
maps	nps_nps-cany-IslandRoadsandTrailsUpdated24-508forweb_p02.png	turbo	420	35	model_policy	36.008	79.809	1.2010	ImageMagick	35.0	png
maps	nps_nps-cany-IslandRoadsandTrailsUpdated24-508forweb_p02.png	turbo	420	35	model_proj	36.118	80.723	1.1317	ImageMagick	35.0	png
maps	nps_nps-cany-IslandRoadsandTrailsUpdated24-508forweb_p02.png	turbo	420	55	identity_off	35.380	77.071	1.3545	ImageMagick	55.0	png
maps	nps_nps-cany-IslandRoadsandTrailsUpdated24-508forweb_p02.png	turbo	420	55	model_policy	38.236	83.505	0.9252	ImageMagick	55.0	png
maps	nps_nps-cany-IslandRoadsandTrailsUpdated24-508forweb_p02.png	turbo	420	55	model_proj	38.437	84.645	0.8338	ImageMagick	55.0	png
maps	nps_nps-cany-IslandRoadsandTrailsUpdated24-508forweb_p02.png	turbo	420	75	identity_off	39.001	82.904	0.9940	ImageMagick	75.0	png
maps	nps_nps-cany-IslandRoadsandTrailsUpdated24-508forweb_p02.png	turbo	420	75	model_policy	41.570	87.439	0.6591	ImageMagick	75.0	png
maps	nps_nps-cany-IslandRoadsandTrailsUpdated24-508forweb_p02.png	turbo	420	75	model_proj	41.794	88.215	0.5791	ImageMagick	75.0	png
maps	nps_nps-cany-IslandRoadsandTrailsUpdated24-508forweb_p02.png	mozjpeg	420	15	identity_off	27.166	67.704	2.7889	Mozjpeg	15.0	png
maps	nps_nps-cany-IslandRoadsandTrailsUpdated24-508forweb_p02.png	mozjpeg	420	15	model_policy	29.094	72.354	2.4897	Mozjpeg	15.0	png
maps	nps_nps-cany-IslandRoadsandTrailsUpdated24-508forweb_p02.png	mozjpeg	420	15	model_proj	28.861	72.954	2.5127	Mozjpeg	15.0	png
maps	nps_nps-cany-IslandRoadsandTrailsUpdated24-508forweb_p02.png	mozjpeg	420	35	identity_off	29.922	75.854	1.7621	Mozjpeg	35.0	png
maps	nps_nps-cany-IslandRoadsandTrailsUpdated24-508forweb_p02.png	mozjpeg	420	35	model_policy	32.480	80.555	1.4879	Mozjpeg	35.0	png
maps	nps_nps-cany-IslandRoadsandTrailsUpdated24-508forweb_p02.png	mozjpeg	420	35	model_proj	32.073	80.923	1.4893	Mozjpeg	35.0	png
maps	nps_nps-cany-IslandRoadsandTrailsUpdated24-508forweb_p02.png	mozjpeg	420	55	identity_off	31.395	78.877	1.5086	Mozjpeg	55.0	png
maps	nps_nps-cany-IslandRoadsandTrailsUpdated24-508forweb_p02.png	mozjpeg	420	55	model_policy	34.074	83.143	1.2391	Mozjpeg	55.0	png
maps	nps_nps-cany-IslandRoadsandTrailsUpdated24-508forweb_p02.png	mozjpeg	420	55	model_proj	33.689	83.408	1.1618	Mozjpeg	55.0	png
maps	nps_nps-cany-IslandRoadsandTrailsUpdated24-508forweb_p02.png	mozjpeg	420	75	identity_off	33.890	82.655	1.0700	Mozjpeg	75.0	png
maps	nps_nps-cany-IslandRoadsandTrailsUpdated24-508forweb_p02.png	mozjpeg	420	75	model_policy	36.786	86.372	0.7900	Mozjpeg	75.0	png
maps	nps_nps-cany-IslandRoadsandTrailsUpdated24-508forweb_p02.png	mozjpeg	420	75	model_proj	36.587	86.556	0.7127	Mozjpeg	75.0	png
renders	a-chosen-soul-MOIGsaj8te0-unsplash__pristine3x.png	turbo	420	15	identity_off	32.850	27.640	2.5760	Unknown	15.0	png
renders	a-chosen-soul-MOIGsaj8te0-unsplash__pristine3x.png	turbo	420	15	model_policy	33.489	31.077	2.4704	Unknown	15.0	png
renders	a-chosen-soul-MOIGsaj8te0-unsplash__pristine3x.png	turbo	420	15	model_proj	33.489	31.077	2.4704	Unknown	15.0	png
renders	a-chosen-soul-MOIGsaj8te0-unsplash__pristine3x.png	turbo	420	35	identity_off	36.180	59.305	1.6147	ImageMagick	35.0	png
renders	a-chosen-soul-MOIGsaj8te0-unsplash__pristine3x.png	turbo	420	35	model_policy	36.931	63.526	1.5187	ImageMagick	35.0	png
renders	a-chosen-soul-MOIGsaj8te0-unsplash__pristine3x.png	turbo	420	35	model_proj	36.937	63.525	1.5184	ImageMagick	35.0	png
renders	a-chosen-soul-MOIGsaj8te0-unsplash__pristine3x.png	turbo	420	55	identity_off	38.016	67.665	1.2500	ImageMagick	55.0	png
renders	a-chosen-soul-MOIGsaj8te0-unsplash__pristine3x.png	turbo	420	55	model_policy	38.680	71.242	1.1273	ImageMagick	55.0	png
renders	a-chosen-soul-MOIGsaj8te0-unsplash__pristine3x.png	turbo	420	55	model_proj	38.692	71.262	1.1269	ImageMagick	55.0	png
renders	a-chosen-soul-MOIGsaj8te0-unsplash__pristine3x.png	turbo	420	75	identity_off	40.351	78.112	0.9558	ImageMagick	75.0	png
renders	a-chosen-soul-MOIGsaj8te0-unsplash__pristine3x.png	turbo	420	75	model_policy	40.746	78.522	0.8670	ImageMagick	75.0	png
renders	a-chosen-soul-MOIGsaj8te0-unsplash__pristine3x.png	turbo	420	75	model_proj	40.779	78.688	0.8667	ImageMagick	75.0	png
renders	a-chosen-soul-MOIGsaj8te0-unsplash__pristine3x.png	mozjpeg	420	15	identity_off	31.617	21.221	3.2111	Mozjpeg	15.0	png
renders	a-chosen-soul-MOIGsaj8te0-unsplash__pristine3x.png	mozjpeg	420	15	model_policy	32.018	24.031	3.1270	Mozjpeg	15.0	png
renders	a-chosen-soul-MOIGsaj8te0-unsplash__pristine3x.png	mozjpeg	420	15	model_proj	32.018	24.030	3.1270	Mozjpeg	15.0	png
renders	a-chosen-soul-MOIGsaj8te0-unsplash__pristine3x.png	mozjpeg	420	35	identity_off	34.871	55.422	1.9184	Mozjpeg	35.0	png
renders	a-chosen-soul-MOIGsaj8te0-unsplash__pristine3x.png	mozjpeg	420	35	model_policy	35.581	59.216	1.8290	Mozjpeg	35.0	png
renders	a-chosen-soul-MOIGsaj8te0-unsplash__pristine3x.png	mozjpeg	420	35	model_proj	35.581	59.213	1.8290	Mozjpeg	35.0	png
renders	a-chosen-soul-MOIGsaj8te0-unsplash__pristine3x.png	mozjpeg	420	55	identity_off	36.698	66.225	1.4533	Mozjpeg	55.0	png
renders	a-chosen-soul-MOIGsaj8te0-unsplash__pristine3x.png	mozjpeg	420	55	model_policy	37.399	69.187	1.3817	Mozjpeg	55.0	png
renders	a-chosen-soul-MOIGsaj8te0-unsplash__pristine3x.png	mozjpeg	420	55	model_proj	37.399	69.192	1.3817	Mozjpeg	55.0	png
renders	a-chosen-soul-MOIGsaj8te0-unsplash__pristine3x.png	mozjpeg	420	75	identity_off	38.678	76.971	1.1334	Mozjpeg	75.0	png
renders	a-chosen-soul-MOIGsaj8te0-unsplash__pristine3x.png	mozjpeg	420	75	model_policy	39.204	77.256	1.0742	Mozjpeg	75.0	png
renders	a-chosen-soul-MOIGsaj8te0-unsplash__pristine3x.png	mozjpeg	420	75	model_proj	39.215	77.318	1.0744	Mozjpeg	75.0	png
renders	anton-sobotyak-g7aYFxxNTVA-unsplash__pristine3x.png	turbo	420	15	identity_off	34.548	18.924	3.0052	Unknown	15.0	png
renders	anton-sobotyak-g7aYFxxNTVA-unsplash__pristine3x.png	turbo	420	15	model_policy	36.060	26.174	2.7690	Unknown	15.0	png
renders	anton-sobotyak-g7aYFxxNTVA-unsplash__pristine3x.png	turbo	420	15	model_proj	36.060	26.174	2.7690	Unknown	15.0	png
renders	anton-sobotyak-g7aYFxxNTVA-unsplash__pristine3x.png	turbo	420	35	identity_off	38.748	53.750	1.8050	ImageMagick	35.0	png
renders	anton-sobotyak-g7aYFxxNTVA-unsplash__pristine3x.png	turbo	420	35	model_policy	40.435	61.083	1.4977	ImageMagick	35.0	png
renders	anton-sobotyak-g7aYFxxNTVA-unsplash__pristine3x.png	turbo	420	35	model_proj	40.452	61.161	1.4936	ImageMagick	35.0	png
renders	anton-sobotyak-g7aYFxxNTVA-unsplash__pristine3x.png	turbo	420	55	identity_off	40.647	64.767	1.5122	ImageMagick	55.0	png
renders	anton-sobotyak-g7aYFxxNTVA-unsplash__pristine3x.png	turbo	420	55	model_policy	41.891	68.784	1.2900	ImageMagick	55.0	png
renders	anton-sobotyak-g7aYFxxNTVA-unsplash__pristine3x.png	turbo	420	55	model_proj	41.908	68.805	1.2889	ImageMagick	55.0	png
renders	anton-sobotyak-g7aYFxxNTVA-unsplash__pristine3x.png	turbo	420	75	identity_off	44.064	76.073	1.1164	ImageMagick	75.0	png
renders	anton-sobotyak-g7aYFxxNTVA-unsplash__pristine3x.png	turbo	420	75	model_policy	44.899	77.939	0.8939	ImageMagick	75.0	png
renders	anton-sobotyak-g7aYFxxNTVA-unsplash__pristine3x.png	turbo	420	75	model_proj	44.926	78.000	0.8941	ImageMagick	75.0	png
renders	anton-sobotyak-g7aYFxxNTVA-unsplash__pristine3x.png	mozjpeg	420	15	identity_off	32.742	12.772	3.4741	Mozjpeg	15.0	png
renders	anton-sobotyak-g7aYFxxNTVA-unsplash__pristine3x.png	mozjpeg	420	15	model_policy	33.746	19.813	3.3335	Mozjpeg	15.0	png
renders	anton-sobotyak-g7aYFxxNTVA-unsplash__pristine3x.png	mozjpeg	420	15	model_proj	33.746	19.813	3.3335	Mozjpeg	15.0	png
renders	anton-sobotyak-g7aYFxxNTVA-unsplash__pristine3x.png	mozjpeg	420	35	identity_off	36.079	48.621	2.0543	Mozjpeg	35.0	png
renders	anton-sobotyak-g7aYFxxNTVA-unsplash__pristine3x.png	mozjpeg	420	35	model_policy	37.954	56.575	1.7801	Mozjpeg	35.0	png
renders	anton-sobotyak-g7aYFxxNTVA-unsplash__pristine3x.png	mozjpeg	420	35	model_proj	37.954	56.576	1.7801	Mozjpeg	35.0	png
renders	anton-sobotyak-g7aYFxxNTVA-unsplash__pristine3x.png	mozjpeg	420	55	identity_off	37.802	60.745	1.6901	Mozjpeg	55.0	png
renders	anton-sobotyak-g7aYFxxNTVA-unsplash__pristine3x.png	mozjpeg	420	55	model_policy	39.634	66.281	1.4111	Mozjpeg	55.0	png
renders	anton-sobotyak-g7aYFxxNTVA-unsplash__pristine3x.png	mozjpeg	420	55	model_proj	39.638	66.259	1.4117	Mozjpeg	55.0	png
renders	anton-sobotyak-g7aYFxxNTVA-unsplash__pristine3x.png	mozjpeg	420	75	identity_off	40.621	74.194	1.2926	Mozjpeg	75.0	png
renders	anton-sobotyak-g7aYFxxNTVA-unsplash__pristine3x.png	mozjpeg	420	75	model_policy	42.141	76.916	1.0227	Mozjpeg	75.0	png
renders	anton-sobotyak-g7aYFxxNTVA-unsplash__pristine3x.png	mozjpeg	420	75	model_proj	42.148	76.914	1.0242	Mozjpeg	75.0	png
renders	itsiken-pmYoy3WaFPU-unsplash__pristine3x.png	turbo	420	15	identity_off	28.796	4.986	2.7162	Unknown	15.0	png
renders	itsiken-pmYoy3WaFPU-unsplash__pristine3x.png	turbo	420	15	model_policy	28.977	4.675	2.6637	Unknown	15.0	png
renders	itsiken-pmYoy3WaFPU-unsplash__pristine3x.png	turbo	420	15	model_proj	28.977	4.675	2.6637	Unknown	15.0	png
renders	itsiken-pmYoy3WaFPU-unsplash__pristine3x.png	turbo	420	35	identity_off	31.348	47.388	1.8290	ImageMagick	35.0	png
renders	itsiken-pmYoy3WaFPU-unsplash__pristine3x.png	turbo	420	35	model_policy	31.625	48.201	1.7573	ImageMagick	35.0	png
renders	itsiken-pmYoy3WaFPU-unsplash__pristine3x.png	turbo	420	35	model_proj	31.625	48.203	1.7573	ImageMagick	35.0	png
renders	itsiken-pmYoy3WaFPU-unsplash__pristine3x.png	turbo	420	55	identity_off	32.736	59.502	1.5060	ImageMagick	55.0	png
renders	itsiken-pmYoy3WaFPU-unsplash__pristine3x.png	turbo	420	55	model_policy	33.079	60.186	1.4314	ImageMagick	55.0	png
renders	itsiken-pmYoy3WaFPU-unsplash__pristine3x.png	turbo	420	55	model_proj	33.080	60.185	1.4314	ImageMagick	55.0	png
renders	itsiken-pmYoy3WaFPU-unsplash__pristine3x.png	turbo	420	75	identity_off	34.711	71.661	1.1550	ImageMagick	75.0	png
renders	itsiken-pmYoy3WaFPU-unsplash__pristine3x.png	turbo	420	75	model_policy	35.105	71.973	1.0788	ImageMagick	75.0	png
renders	itsiken-pmYoy3WaFPU-unsplash__pristine3x.png	turbo	420	75	model_proj	35.106	72.023	1.0784	ImageMagick	75.0	png
renders	itsiken-pmYoy3WaFPU-unsplash__pristine3x.png	mozjpeg	420	15	identity_off	27.719	-14.047	3.4225	Mozjpeg	15.0	png
renders	itsiken-pmYoy3WaFPU-unsplash__pristine3x.png	mozjpeg	420	15	model_policy	27.801	-14.478	3.3988	Mozjpeg	15.0	png
renders	itsiken-pmYoy3WaFPU-unsplash__pristine3x.png	mozjpeg	420	15	model_proj	27.801	-14.479	3.3988	Mozjpeg	15.0	png
renders	itsiken-pmYoy3WaFPU-unsplash__pristine3x.png	mozjpeg	420	35	identity_off	30.407	35.752	2.1223	Mozjpeg	35.0	png
renders	itsiken-pmYoy3WaFPU-unsplash__pristine3x.png	mozjpeg	420	35	model_policy	30.567	36.083	2.0871	Mozjpeg	35.0	png
renders	itsiken-pmYoy3WaFPU-unsplash__pristine3x.png	mozjpeg	420	35	model_proj	30.567	36.086	2.0871	Mozjpeg	35.0	png
renders	itsiken-pmYoy3WaFPU-unsplash__pristine3x.png	mozjpeg	420	55	identity_off	31.917	51.467	1.6899	Mozjpeg	55.0	png
renders	itsiken-pmYoy3WaFPU-unsplash__pristine3x.png	mozjpeg	420	55	model_policy	32.134	51.597	1.6485	Mozjpeg	55.0	png
renders	itsiken-pmYoy3WaFPU-unsplash__pristine3x.png	mozjpeg	420	55	model_proj	32.134	51.598	1.6485	Mozjpeg	55.0	png
renders	itsiken-pmYoy3WaFPU-unsplash__pristine3x.png	mozjpeg	420	75	identity_off	33.910	67.293	1.2688	Mozjpeg	75.0	png
renders	itsiken-pmYoy3WaFPU-unsplash__pristine3x.png	mozjpeg	420	75	model_policy	34.164	67.154	1.2295	Mozjpeg	75.0	png
renders	itsiken-pmYoy3WaFPU-unsplash__pristine3x.png	mozjpeg	420	75	model_proj	34.164	67.163	1.2295	Mozjpeg	75.0	png
renders	logan-voss-YM9B8FkeO3w-unsplash__pristine3x.png	turbo	420	15	identity_off	20.127	29.631	3.9258	Unknown	15.0	png
renders	logan-voss-YM9B8FkeO3w-unsplash__pristine3x.png	turbo	420	15	model_policy	20.624	31.888	3.8644	Unknown	15.0	png
renders	logan-voss-YM9B8FkeO3w-unsplash__pristine3x.png	turbo	420	15	model_proj	20.624	31.893	3.8644	Unknown	15.0	png
renders	logan-voss-YM9B8FkeO3w-unsplash__pristine3x.png	turbo	420	35	identity_off	22.440	51.013	2.4664	ImageMagick	35.0	png
renders	logan-voss-YM9B8FkeO3w-unsplash__pristine3x.png	turbo	420	35	model_policy	23.159	54.152	2.3392	ImageMagick	35.0	png
renders	logan-voss-YM9B8FkeO3w-unsplash__pristine3x.png	turbo	420	35	model_proj	23.160	54.168	2.3390	ImageMagick	35.0	png
renders	logan-voss-YM9B8FkeO3w-unsplash__pristine3x.png	turbo	420	55	identity_off	23.957	59.847	1.9487	ImageMagick	55.0	png
renders	logan-voss-YM9B8FkeO3w-unsplash__pristine3x.png	turbo	420	55	model_policy	24.779	63.063	1.7976	ImageMagick	55.0	png
renders	logan-voss-YM9B8FkeO3w-unsplash__pristine3x.png	turbo	420	55	model_proj	24.781	63.102	1.7972	ImageMagick	55.0	png
renders	logan-voss-YM9B8FkeO3w-unsplash__pristine3x.png	turbo	420	75	identity_off	26.055	69.661	1.4810	ImageMagick	75.0	png
renders	logan-voss-YM9B8FkeO3w-unsplash__pristine3x.png	turbo	420	75	model_policy	26.942	72.631	1.3276	ImageMagick	75.0	png
renders	logan-voss-YM9B8FkeO3w-unsplash__pristine3x.png	turbo	420	75	model_proj	26.947	72.674	1.3259	ImageMagick	75.0	png
renders	logan-voss-YM9B8FkeO3w-unsplash__pristine3x.png	mozjpeg	420	15	identity_off	18.382	13.241	5.3943	Mozjpeg	15.0	png
renders	logan-voss-YM9B8FkeO3w-unsplash__pristine3x.png	mozjpeg	420	15	model_policy	18.688	14.351	5.3511	Mozjpeg	15.0	png
renders	logan-voss-YM9B8FkeO3w-unsplash__pristine3x.png	mozjpeg	420	15	model_proj	18.688	14.351	5.3511	Mozjpeg	15.0	png
renders	logan-voss-YM9B8FkeO3w-unsplash__pristine3x.png	mozjpeg	420	35	identity_off	20.957	44.606	3.5224	Mozjpeg	35.0	png
renders	logan-voss-YM9B8FkeO3w-unsplash__pristine3x.png	mozjpeg	420	35	model_policy	21.614	46.480	3.4382	Mozjpeg	35.0	png
renders	logan-voss-YM9B8FkeO3w-unsplash__pristine3x.png	mozjpeg	420	35	model_proj	21.614	46.481	3.4382	Mozjpeg	35.0	png
renders	logan-voss-YM9B8FkeO3w-unsplash__pristine3x.png	mozjpeg	420	55	identity_off	22.341	55.062	2.7721	Mozjpeg	55.0	png
renders	logan-voss-YM9B8FkeO3w-unsplash__pristine3x.png	mozjpeg	420	55	model_policy	23.131	57.244	2.6714	Mozjpeg	55.0	png
renders	logan-voss-YM9B8FkeO3w-unsplash__pristine3x.png	mozjpeg	420	55	model_proj	23.131	57.248	2.6713	Mozjpeg	55.0	png
renders	logan-voss-YM9B8FkeO3w-unsplash__pristine3x.png	mozjpeg	420	75	identity_off	24.084	65.025	2.0765	Mozjpeg	75.0	png
renders	logan-voss-YM9B8FkeO3w-unsplash__pristine3x.png	mozjpeg	420	75	model_policy	24.977	67.370	1.9599	Mozjpeg	75.0	png
renders	logan-voss-YM9B8FkeO3w-unsplash__pristine3x.png	mozjpeg	420	75	model_proj	24.979	67.352	1.9587	Mozjpeg	75.0	png
renders	logan-voss-z_e_ZrFty00-unsplash__pristine3x.png	turbo	420	15	identity_off	26.669	44.153	2.8762	Unknown	15.0	png
renders	logan-voss-z_e_ZrFty00-unsplash__pristine3x.png	turbo	420	15	model_policy	27.212	45.229	2.8075	Unknown	15.0	png
renders	logan-voss-z_e_ZrFty00-unsplash__pristine3x.png	turbo	420	15	model_proj	27.212	45.225	2.8075	Unknown	15.0	png
renders	logan-voss-z_e_ZrFty00-unsplash__pristine3x.png	turbo	420	35	identity_off	29.984	68.717	1.8001	ImageMagick	35.0	png
renders	logan-voss-z_e_ZrFty00-unsplash__pristine3x.png	turbo	420	35	model_policy	30.567	68.997	1.7323	ImageMagick	35.0	png
renders	logan-voss-z_e_ZrFty00-unsplash__pristine3x.png	turbo	420	35	model_proj	30.577	69.042	1.7139	ImageMagick	35.0	png
renders	logan-voss-z_e_ZrFty00-unsplash__pristine3x.png	turbo	420	55	identity_off	32.220	76.727	1.4630	ImageMagick	55.0	png
renders	logan-voss-z_e_ZrFty00-unsplash__pristine3x.png	turbo	420	55	model_policy	32.740	76.734	1.4958	ImageMagick	55.0	png
renders	logan-voss-z_e_ZrFty00-unsplash__pristine3x.png	turbo	420	55	model_proj	32.774	76.945	1.3909	ImageMagick	55.0	png
renders	logan-voss-z_e_ZrFty00-unsplash__pristine3x.png	turbo	420	75	identity_off	35.478	83.711	1.0133	ImageMagick	75.0	png
renders	logan-voss-z_e_ZrFty00-unsplash__pristine3x.png	turbo	420	75	model_policy	35.808	83.209	1.2542	ImageMagick	75.0	png
renders	logan-voss-z_e_ZrFty00-unsplash__pristine3x.png	turbo	420	75	model_proj	35.906	83.771	0.9933	ImageMagick	75.0	png
renders	logan-voss-z_e_ZrFty00-unsplash__pristine3x.png	mozjpeg	420	15	identity_off	25.065	31.939	3.5138	Mozjpeg	15.0	png
renders	logan-voss-z_e_ZrFty00-unsplash__pristine3x.png	mozjpeg	420	15	model_policy	25.384	32.672	3.4526	Mozjpeg	15.0	png
renders	logan-voss-z_e_ZrFty00-unsplash__pristine3x.png	mozjpeg	420	15	model_proj	25.384	32.674	3.4526	Mozjpeg	15.0	png
renders	logan-voss-z_e_ZrFty00-unsplash__pristine3x.png	mozjpeg	420	35	identity_off	28.370	61.260	2.1817	Mozjpeg	35.0	png
renders	logan-voss-z_e_ZrFty00-unsplash__pristine3x.png	mozjpeg	420	35	model_policy	28.874	61.366	2.1369	Mozjpeg	35.0	png
renders	logan-voss-z_e_ZrFty00-unsplash__pristine3x.png	mozjpeg	420	35	model_proj	28.876	61.366	2.1349	Mozjpeg	35.0	png
renders	logan-voss-z_e_ZrFty00-unsplash__pristine3x.png	mozjpeg	420	55	identity_off	30.262	70.691	1.7058	Mozjpeg	55.0	png
renders	logan-voss-z_e_ZrFty00-unsplash__pristine3x.png	mozjpeg	420	55	model_policy	30.767	70.404	1.6789	Mozjpeg	55.0	png
renders	logan-voss-z_e_ZrFty00-unsplash__pristine3x.png	mozjpeg	420	55	model_proj	30.776	70.471	1.6664	Mozjpeg	55.0	png
renders	logan-voss-z_e_ZrFty00-unsplash__pristine3x.png	mozjpeg	420	75	identity_off	32.993	79.008	1.2595	Mozjpeg	75.0	png
renders	logan-voss-z_e_ZrFty00-unsplash__pristine3x.png	mozjpeg	420	75	model_policy	33.392	78.272	1.3347	Mozjpeg	75.0	png
renders	logan-voss-z_e_ZrFty00-unsplash__pristine3x.png	mozjpeg	420	75	model_proj	33.431	78.557	1.2342	Mozjpeg	75.0	png
renders	luthfi-alfarizi-wOrzBPhY654-unsplash__pristine3x.png	turbo	420	15	identity_off	28.855	8.273	2.8772	Unknown	15.0	png
renders	luthfi-alfarizi-wOrzBPhY654-unsplash__pristine3x.png	turbo	420	15	model_policy	29.200	10.812	2.7635	Unknown	15.0	png
renders	luthfi-alfarizi-wOrzBPhY654-unsplash__pristine3x.png	turbo	420	15	model_proj	29.199	10.813	2.7635	Unknown	15.0	png
renders	luthfi-alfarizi-wOrzBPhY654-unsplash__pristine3x.png	turbo	420	35	identity_off	31.340	47.505	1.9519	ImageMagick	35.0	png
renders	luthfi-alfarizi-wOrzBPhY654-unsplash__pristine3x.png	turbo	420	35	model_policy	31.605	47.244	1.8150	ImageMagick	35.0	png
renders	luthfi-alfarizi-wOrzBPhY654-unsplash__pristine3x.png	turbo	420	35	model_proj	31.621	47.500	1.8150	ImageMagick	35.0	png
renders	luthfi-alfarizi-wOrzBPhY654-unsplash__pristine3x.png	turbo	420	55	identity_off	32.568	60.380	1.5444	ImageMagick	55.0	png
renders	luthfi-alfarizi-wOrzBPhY654-unsplash__pristine3x.png	turbo	420	55	model_policy	32.770	59.924	1.4248	ImageMagick	55.0	png
renders	luthfi-alfarizi-wOrzBPhY654-unsplash__pristine3x.png	turbo	420	55	model_proj	32.823	60.708	1.4248	ImageMagick	55.0	png
renders	luthfi-alfarizi-wOrzBPhY654-unsplash__pristine3x.png	turbo	420	75	identity_off	34.026	71.039	1.1879	ImageMagick	75.0	png
renders	luthfi-alfarizi-wOrzBPhY654-unsplash__pristine3x.png	turbo	420	75	model_policy	34.009	69.029	1.0996	ImageMagick	75.0	png
renders	luthfi-alfarizi-wOrzBPhY654-unsplash__pristine3x.png	turbo	420	75	model_proj	34.141	70.750	1.0978	ImageMagick	75.0	png
renders	luthfi-alfarizi-wOrzBPhY654-unsplash__pristine3x.png	mozjpeg	420	15	identity_off	27.850	-0.352	3.4117	Mozjpeg	15.0	png
renders	luthfi-alfarizi-wOrzBPhY654-unsplash__pristine3x.png	mozjpeg	420	15	model_policy	28.130	0.707	3.3414	Mozjpeg	15.0	png
renders	luthfi-alfarizi-wOrzBPhY654-unsplash__pristine3x.png	mozjpeg	420	15	model_proj	28.130	0.707	3.3414	Mozjpeg	15.0	png
renders	luthfi-alfarizi-wOrzBPhY654-unsplash__pristine3x.png	mozjpeg	420	35	identity_off	30.474	40.081	2.1144	Mozjpeg	35.0	png
renders	luthfi-alfarizi-wOrzBPhY654-unsplash__pristine3x.png	mozjpeg	420	35	model_policy	30.842	39.046	2.0381	Mozjpeg	35.0	png
renders	luthfi-alfarizi-wOrzBPhY654-unsplash__pristine3x.png	mozjpeg	420	35	model_proj	30.848	39.180	2.0381	Mozjpeg	35.0	png
renders	luthfi-alfarizi-wOrzBPhY654-unsplash__pristine3x.png	mozjpeg	420	55	identity_off	31.834	55.225	1.7042	Mozjpeg	55.0	png
renders	luthfi-alfarizi-wOrzBPhY654-unsplash__pristine3x.png	mozjpeg	420	55	model_policy	32.150	54.012	1.6242	Mozjpeg	55.0	png
renders	luthfi-alfarizi-wOrzBPhY654-unsplash__pristine3x.png	mozjpeg	420	55	model_proj	32.185	54.603	1.6242	Mozjpeg	55.0	png
renders	luthfi-alfarizi-wOrzBPhY654-unsplash__pristine3x.png	mozjpeg	420	75	identity_off	33.554	68.931	1.2996	Mozjpeg	75.0	png
renders	luthfi-alfarizi-wOrzBPhY654-unsplash__pristine3x.png	mozjpeg	420	75	model_policy	33.615	65.985	1.2340	Mozjpeg	75.0	png
renders	luthfi-alfarizi-wOrzBPhY654-unsplash__pristine3x.png	mozjpeg	420	75	model_proj	33.735	67.732	1.2333	Mozjpeg	75.0	png
renders	marek-pavlik-FOzwxaGkA1o-unsplash__pristine3x.png	turbo	420	15	identity_off	28.574	1.543	3.3123	Unknown	15.0	png
renders	marek-pavlik-FOzwxaGkA1o-unsplash__pristine3x.png	turbo	420	15	model_policy	28.797	5.788	3.2619	Unknown	15.0	png
renders	marek-pavlik-FOzwxaGkA1o-unsplash__pristine3x.png	turbo	420	15	model_proj	28.797	5.786	3.2619	Unknown	15.0	png
renders	marek-pavlik-FOzwxaGkA1o-unsplash__pristine3x.png	turbo	420	35	identity_off	30.205	46.933	2.1068	ImageMagick	35.0	png
renders	marek-pavlik-FOzwxaGkA1o-unsplash__pristine3x.png	turbo	420	35	model_policy	30.450	48.209	2.0723	ImageMagick	35.0	png
renders	marek-pavlik-FOzwxaGkA1o-unsplash__pristine3x.png	turbo	420	35	model_proj	30.450	48.214	2.0724	ImageMagick	35.0	png
renders	marek-pavlik-FOzwxaGkA1o-unsplash__pristine3x.png	turbo	420	55	identity_off	30.962	60.672	1.7476	ImageMagick	55.0	png
renders	marek-pavlik-FOzwxaGkA1o-unsplash__pristine3x.png	turbo	420	55	model_policy	31.197	61.113	1.7116	ImageMagick	55.0	png
renders	marek-pavlik-FOzwxaGkA1o-unsplash__pristine3x.png	turbo	420	55	model_proj	31.198	61.130	1.7114	ImageMagick	55.0	png
renders	marek-pavlik-FOzwxaGkA1o-unsplash__pristine3x.png	turbo	420	75	identity_off	31.866	72.497	1.3532	ImageMagick	75.0	png
renders	marek-pavlik-FOzwxaGkA1o-unsplash__pristine3x.png	turbo	420	75	model_policy	32.086	72.184	1.3147	ImageMagick	75.0	png
renders	marek-pavlik-FOzwxaGkA1o-unsplash__pristine3x.png	turbo	420	75	model_proj	32.094	72.263	1.3116	ImageMagick	75.0	png
renders	marek-pavlik-FOzwxaGkA1o-unsplash__pristine3x.png	mozjpeg	420	15	identity_off	28.574	-3.388	3.5421	Mozjpeg	15.0	png
renders	marek-pavlik-FOzwxaGkA1o-unsplash__pristine3x.png	mozjpeg	420	15	model_policy	28.731	-0.301	3.5108	Mozjpeg	15.0	png
renders	marek-pavlik-FOzwxaGkA1o-unsplash__pristine3x.png	mozjpeg	420	15	model_proj	28.731	-0.296	3.5108	Mozjpeg	15.0	png
renders	marek-pavlik-FOzwxaGkA1o-unsplash__pristine3x.png	mozjpeg	420	35	identity_off	30.356	39.984	2.2485	Mozjpeg	35.0	png
renders	marek-pavlik-FOzwxaGkA1o-unsplash__pristine3x.png	mozjpeg	420	35	model_policy	30.494	40.979	2.2250	Mozjpeg	35.0	png
renders	marek-pavlik-FOzwxaGkA1o-unsplash__pristine3x.png	mozjpeg	420	35	model_proj	30.494	40.978	2.2250	Mozjpeg	35.0	png
renders	marek-pavlik-FOzwxaGkA1o-unsplash__pristine3x.png	mozjpeg	420	55	identity_off	31.292	56.529	1.8066	Mozjpeg	55.0	png
renders	marek-pavlik-FOzwxaGkA1o-unsplash__pristine3x.png	mozjpeg	420	55	model_policy	31.386	56.716	1.7855	Mozjpeg	55.0	png
renders	marek-pavlik-FOzwxaGkA1o-unsplash__pristine3x.png	mozjpeg	420	55	model_proj	31.386	56.728	1.7855	Mozjpeg	55.0	png
renders	marek-pavlik-FOzwxaGkA1o-unsplash__pristine3x.png	mozjpeg	420	75	identity_off	32.387	70.096	1.4166	Mozjpeg	75.0	png
renders	marek-pavlik-FOzwxaGkA1o-unsplash__pristine3x.png	mozjpeg	420	75	model_policy	32.355	69.228	1.4045	Mozjpeg	75.0	png
renders	marek-pavlik-FOzwxaGkA1o-unsplash__pristine3x.png	mozjpeg	420	75	model_proj	32.365	69.282	1.4037	Mozjpeg	75.0	png
renders	matt-str-L5BTvO8eEyQ-unsplash__pristine3x.png	turbo	420	15	identity_off	27.747	12.421	3.3306	Unknown	15.0	png
renders	matt-str-L5BTvO8eEyQ-unsplash__pristine3x.png	turbo	420	15	model_policy	28.245	15.518	3.2875	Unknown	15.0	png
renders	matt-str-L5BTvO8eEyQ-unsplash__pristine3x.png	turbo	420	15	model_proj	28.245	15.517	3.2875	Unknown	15.0	png
renders	matt-str-L5BTvO8eEyQ-unsplash__pristine3x.png	turbo	420	35	identity_off	29.919	55.686	2.0980	ImageMagick	35.0	png
renders	matt-str-L5BTvO8eEyQ-unsplash__pristine3x.png	turbo	420	35	model_policy	30.695	57.577	2.0642	ImageMagick	35.0	png
renders	matt-str-L5BTvO8eEyQ-unsplash__pristine3x.png	turbo	420	35	model_proj	30.716	58.160	2.0257	ImageMagick	35.0	png
renders	matt-str-L5BTvO8eEyQ-unsplash__pristine3x.png	turbo	420	55	identity_off	31.021	64.449	1.6883	ImageMagick	55.0	png
renders	matt-str-L5BTvO8eEyQ-unsplash__pristine3x.png	turbo	420	55	model_policy	31.893	65.062	1.8330	ImageMagick	55.0	png
renders	matt-str-L5BTvO8eEyQ-unsplash__pristine3x.png	turbo	420	55	model_proj	31.953	66.767	1.7230	ImageMagick	55.0	png
renders	matt-str-L5BTvO8eEyQ-unsplash__pristine3x.png	turbo	420	75	identity_off	32.527	72.593	1.3006	ImageMagick	75.0	png
renders	matt-str-L5BTvO8eEyQ-unsplash__pristine3x.png	turbo	420	75	model_policy	33.418	73.197	1.5684	ImageMagick	75.0	png
renders	matt-str-L5BTvO8eEyQ-unsplash__pristine3x.png	turbo	420	75	model_proj	33.554	75.332	1.2728	ImageMagick	75.0	png
renders	matt-str-L5BTvO8eEyQ-unsplash__pristine3x.png	mozjpeg	420	15	identity_off	26.747	17.369	3.5473	Mozjpeg	15.0	png
renders	matt-str-L5BTvO8eEyQ-unsplash__pristine3x.png	mozjpeg	420	15	model_policy	26.909	19.172	3.5127	Mozjpeg	15.0	png
renders	matt-str-L5BTvO8eEyQ-unsplash__pristine3x.png	mozjpeg	420	15	model_proj	26.909	19.172	3.5127	Mozjpeg	15.0	png
renders	matt-str-L5BTvO8eEyQ-unsplash__pristine3x.png	mozjpeg	420	35	identity_off	29.169	52.567	2.1871	Mozjpeg	35.0	png
renders	matt-str-L5BTvO8eEyQ-unsplash__pristine3x.png	mozjpeg	420	35	model_policy	29.459	53.917	2.2369	Mozjpeg	35.0	png
renders	matt-str-L5BTvO8eEyQ-unsplash__pristine3x.png	mozjpeg	420	35	model_proj	29.461	54.006	2.2357	Mozjpeg	35.0	png
renders	matt-str-L5BTvO8eEyQ-unsplash__pristine3x.png	mozjpeg	420	55	identity_off	30.348	63.805	1.7672	Mozjpeg	55.0	png
renders	matt-str-L5BTvO8eEyQ-unsplash__pristine3x.png	mozjpeg	420	55	model_policy	30.745	64.626	1.9588	Mozjpeg	55.0	png
renders	matt-str-L5BTvO8eEyQ-unsplash__pristine3x.png	mozjpeg	420	55	model_proj	30.762	65.508	1.9326	Mozjpeg	55.0	png
renders	matt-str-L5BTvO8eEyQ-unsplash__pristine3x.png	mozjpeg	420	75	identity_off	31.886	72.813	1.3813	Mozjpeg	75.0	png
renders	matt-str-L5BTvO8eEyQ-unsplash__pristine3x.png	mozjpeg	420	75	model_policy	32.377	72.519	1.7340	Mozjpeg	75.0	png
renders	matt-str-L5BTvO8eEyQ-unsplash__pristine3x.png	mozjpeg	420	75	model_proj	32.461	74.677	1.6276	Mozjpeg	75.0	png
textures	anca-gabriela-zosin-bMOnYbmQxHA-unsplash__pristine3x.png	turbo	420	15	identity_off	30.350	24.072	4.8367	Unknown	15.0	png
textures	anca-gabriela-zosin-bMOnYbmQxHA-unsplash__pristine3x.png	turbo	420	15	model_policy	30.760	25.805	4.7237	Unknown	15.0	png
textures	anca-gabriela-zosin-bMOnYbmQxHA-unsplash__pristine3x.png	turbo	420	15	model_proj	30.760	25.808	4.7237	Unknown	15.0	png
textures	anca-gabriela-zosin-bMOnYbmQxHA-unsplash__pristine3x.png	turbo	420	35	identity_off	33.066	54.471	2.7348	ImageMagick	35.0	png
textures	anca-gabriela-zosin-bMOnYbmQxHA-unsplash__pristine3x.png	turbo	420	35	model_policy	33.777	55.587	2.6131	ImageMagick	35.0	png
textures	anca-gabriela-zosin-bMOnYbmQxHA-unsplash__pristine3x.png	turbo	420	35	model_proj	33.777	55.589	2.6131	ImageMagick	35.0	png
textures	anca-gabriela-zosin-bMOnYbmQxHA-unsplash__pristine3x.png	turbo	420	55	identity_off	34.395	69.225	2.0898	ImageMagick	55.0	png
textures	anca-gabriela-zosin-bMOnYbmQxHA-unsplash__pristine3x.png	turbo	420	55	model_policy	35.317	70.225	1.9845	ImageMagick	55.0	png
textures	anca-gabriela-zosin-bMOnYbmQxHA-unsplash__pristine3x.png	turbo	420	55	model_proj	35.320	70.241	1.9888	ImageMagick	55.0	png
textures	anca-gabriela-zosin-bMOnYbmQxHA-unsplash__pristine3x.png	turbo	420	75	identity_off	36.078	76.518	1.5859	ImageMagick	75.0	png
textures	anca-gabriela-zosin-bMOnYbmQxHA-unsplash__pristine3x.png	turbo	420	75	model_policy	37.193	77.070	1.4779	ImageMagick	75.0	png
textures	anca-gabriela-zosin-bMOnYbmQxHA-unsplash__pristine3x.png	turbo	420	75	model_proj	37.229	77.139	1.4823	ImageMagick	75.0	png
textures	anca-gabriela-zosin-bMOnYbmQxHA-unsplash__pristine3x.png	mozjpeg	420	15	identity_off	30.613	26.476	4.1042	Mozjpeg	15.0	png
textures	anca-gabriela-zosin-bMOnYbmQxHA-unsplash__pristine3x.png	mozjpeg	420	15	model_policy	30.916	27.734	4.0435	Mozjpeg	15.0	png
textures	anca-gabriela-zosin-bMOnYbmQxHA-unsplash__pristine3x.png	mozjpeg	420	15	model_proj	30.916	27.734	4.0435	Mozjpeg	15.0	png
textures	anca-gabriela-zosin-bMOnYbmQxHA-unsplash__pristine3x.png	mozjpeg	420	35	identity_off	33.682	57.033	2.4177	Mozjpeg	35.0	png
textures	anca-gabriela-zosin-bMOnYbmQxHA-unsplash__pristine3x.png	mozjpeg	420	35	model_policy	34.295	57.788	2.3463	Mozjpeg	35.0	png
textures	anca-gabriela-zosin-bMOnYbmQxHA-unsplash__pristine3x.png	mozjpeg	420	35	model_proj	34.295	57.784	2.3463	Mozjpeg	35.0	png
textures	anca-gabriela-zosin-bMOnYbmQxHA-unsplash__pristine3x.png	mozjpeg	420	55	identity_off	35.106	69.517	1.8606	Mozjpeg	55.0	png
textures	anca-gabriela-zosin-bMOnYbmQxHA-unsplash__pristine3x.png	mozjpeg	420	55	model_policy	35.956	70.035	1.7702	Mozjpeg	55.0	png
textures	anca-gabriela-zosin-bMOnYbmQxHA-unsplash__pristine3x.png	mozjpeg	420	55	model_proj	35.962	70.055	1.7679	Mozjpeg	55.0	png
textures	anca-gabriela-zosin-bMOnYbmQxHA-unsplash__pristine3x.png	mozjpeg	420	75	identity_off	36.386	77.064	1.4808	Mozjpeg	75.0	png
textures	anca-gabriela-zosin-bMOnYbmQxHA-unsplash__pristine3x.png	mozjpeg	420	75	model_policy	37.363	77.364	1.3802	Mozjpeg	75.0	png
textures	anca-gabriela-zosin-bMOnYbmQxHA-unsplash__pristine3x.png	mozjpeg	420	75	model_proj	37.422	77.527	1.3461	Mozjpeg	75.0	png
textures	bernd-dittrich-3MdsHe3IIOk-unsplash__pristine3x.png	turbo	420	15	identity_off	21.538	21.765	3.3920	Unknown	15.0	png
textures	bernd-dittrich-3MdsHe3IIOk-unsplash__pristine3x.png	turbo	420	15	model_policy	21.661	22.541	3.3637	Unknown	15.0	png
textures	bernd-dittrich-3MdsHe3IIOk-unsplash__pristine3x.png	turbo	420	15	model_proj	21.661	22.542	3.3637	Unknown	15.0	png
textures	bernd-dittrich-3MdsHe3IIOk-unsplash__pristine3x.png	turbo	420	35	identity_off	23.501	48.350	2.2737	ImageMagick	35.0	png
textures	bernd-dittrich-3MdsHe3IIOk-unsplash__pristine3x.png	turbo	420	35	model_policy	23.733	49.769	2.2382	ImageMagick	35.0	png
textures	bernd-dittrich-3MdsHe3IIOk-unsplash__pristine3x.png	turbo	420	35	model_proj	23.739	49.831	2.2358	ImageMagick	35.0	png
textures	bernd-dittrich-3MdsHe3IIOk-unsplash__pristine3x.png	turbo	420	55	identity_off	24.867	57.947	1.7907	ImageMagick	55.0	png
textures	bernd-dittrich-3MdsHe3IIOk-unsplash__pristine3x.png	turbo	420	55	model_policy	25.189	59.520	1.7523	ImageMagick	55.0	png
textures	bernd-dittrich-3MdsHe3IIOk-unsplash__pristine3x.png	turbo	420	55	model_proj	25.215	59.808	1.7492	ImageMagick	55.0	png
textures	bernd-dittrich-3MdsHe3IIOk-unsplash__pristine3x.png	turbo	420	75	identity_off	26.958	67.590	1.2935	ImageMagick	75.0	png
textures	bernd-dittrich-3MdsHe3IIOk-unsplash__pristine3x.png	turbo	420	75	model_policy	27.382	68.883	1.2553	ImageMagick	75.0	png
textures	bernd-dittrich-3MdsHe3IIOk-unsplash__pristine3x.png	turbo	420	75	model_proj	27.438	69.309	1.2561	ImageMagick	75.0	png
textures	bernd-dittrich-3MdsHe3IIOk-unsplash__pristine3x.png	mozjpeg	420	15	identity_off	20.707	6.289	4.3995	Mozjpeg	15.0	png
textures	bernd-dittrich-3MdsHe3IIOk-unsplash__pristine3x.png	mozjpeg	420	15	model_policy	20.764	6.844	4.3775	Mozjpeg	15.0	png
textures	bernd-dittrich-3MdsHe3IIOk-unsplash__pristine3x.png	mozjpeg	420	15	model_proj	20.764	6.844	4.3775	Mozjpeg	15.0	png
textures	bernd-dittrich-3MdsHe3IIOk-unsplash__pristine3x.png	mozjpeg	420	35	identity_off	22.834	40.931	2.9994	Mozjpeg	35.0	png
textures	bernd-dittrich-3MdsHe3IIOk-unsplash__pristine3x.png	mozjpeg	420	35	model_policy	22.945	42.035	2.9606	Mozjpeg	35.0	png
textures	bernd-dittrich-3MdsHe3IIOk-unsplash__pristine3x.png	mozjpeg	420	35	model_proj	22.945	42.034	2.9606	Mozjpeg	35.0	png
textures	bernd-dittrich-3MdsHe3IIOk-unsplash__pristine3x.png	mozjpeg	420	55	identity_off	24.123	53.973	2.4106	Mozjpeg	55.0	png
textures	bernd-dittrich-3MdsHe3IIOk-unsplash__pristine3x.png	mozjpeg	420	55	model_policy	24.273	54.964	2.3693	Mozjpeg	55.0	png
textures	bernd-dittrich-3MdsHe3IIOk-unsplash__pristine3x.png	mozjpeg	420	55	model_proj	24.274	54.969	2.3682	Mozjpeg	55.0	png
textures	bernd-dittrich-3MdsHe3IIOk-unsplash__pristine3x.png	mozjpeg	420	75	identity_off	25.939	64.599	1.7853	Mozjpeg	75.0	png
textures	bernd-dittrich-3MdsHe3IIOk-unsplash__pristine3x.png	mozjpeg	420	75	model_policy	26.153	65.519	1.7474	Mozjpeg	75.0	png
textures	bernd-dittrich-3MdsHe3IIOk-unsplash__pristine3x.png	mozjpeg	420	75	model_proj	26.160	65.582	1.7447	Mozjpeg	75.0	png
textures	han-hyunjun-Zd1u_C1BF8A-unsplash__pristine3x.png	turbo	420	15	identity_off	31.033	38.318	2.6238	Unknown	15.0	png
textures	han-hyunjun-Zd1u_C1BF8A-unsplash__pristine3x.png	turbo	420	15	model_policy	31.543	41.708	2.5138	Unknown	15.0	png
textures	han-hyunjun-Zd1u_C1BF8A-unsplash__pristine3x.png	turbo	420	15	model_proj	31.543	41.706	2.5138	Unknown	15.0	png
textures	han-hyunjun-Zd1u_C1BF8A-unsplash__pristine3x.png	turbo	420	35	identity_off	34.802	64.062	1.6759	ImageMagick	35.0	png
textures	han-hyunjun-Zd1u_C1BF8A-unsplash__pristine3x.png	turbo	420	35	model_policy	35.154	67.470	1.6331	ImageMagick	35.0	png
textures	han-hyunjun-Zd1u_C1BF8A-unsplash__pristine3x.png	turbo	420	35	model_proj	35.160	67.494	1.6251	ImageMagick	35.0	png
textures	han-hyunjun-Zd1u_C1BF8A-unsplash__pristine3x.png	turbo	420	55	identity_off	36.620	72.578	1.3877	ImageMagick	55.0	png
textures	han-hyunjun-Zd1u_C1BF8A-unsplash__pristine3x.png	turbo	420	55	model_policy	36.682	75.067	1.4765	ImageMagick	55.0	png
textures	han-hyunjun-Zd1u_C1BF8A-unsplash__pristine3x.png	turbo	420	55	model_proj	36.719	75.157	1.4295	ImageMagick	55.0	png
textures	han-hyunjun-Zd1u_C1BF8A-unsplash__pristine3x.png	turbo	420	75	identity_off	39.150	80.310	0.9910	ImageMagick	75.0	png
textures	han-hyunjun-Zd1u_C1BF8A-unsplash__pristine3x.png	turbo	420	75	model_policy	38.724	81.699	1.2351	ImageMagick	75.0	png
textures	han-hyunjun-Zd1u_C1BF8A-unsplash__pristine3x.png	turbo	420	75	model_proj	38.922	82.085	1.0718	ImageMagick	75.0	png
textures	han-hyunjun-Zd1u_C1BF8A-unsplash__pristine3x.png	mozjpeg	420	15	identity_off	29.019	30.976	3.1616	Mozjpeg	15.0	png
textures	han-hyunjun-Zd1u_C1BF8A-unsplash__pristine3x.png	mozjpeg	420	15	model_policy	29.566	34.100	3.0791	Mozjpeg	15.0	png
textures	han-hyunjun-Zd1u_C1BF8A-unsplash__pristine3x.png	mozjpeg	420	15	model_proj	29.566	34.099	3.0791	Mozjpeg	15.0	png
textures	han-hyunjun-Zd1u_C1BF8A-unsplash__pristine3x.png	mozjpeg	420	35	identity_off	32.988	60.823	1.8309	Mozjpeg	35.0	png
textures	han-hyunjun-Zd1u_C1BF8A-unsplash__pristine3x.png	mozjpeg	420	35	model_policy	33.670	64.404	1.7711	Mozjpeg	35.0	png
textures	han-hyunjun-Zd1u_C1BF8A-unsplash__pristine3x.png	mozjpeg	420	35	model_proj	33.670	64.400	1.7711	Mozjpeg	35.0	png
textures	han-hyunjun-Zd1u_C1BF8A-unsplash__pristine3x.png	mozjpeg	420	55	identity_off	34.948	71.036	1.4034	Mozjpeg	55.0	png
textures	han-hyunjun-Zd1u_C1BF8A-unsplash__pristine3x.png	mozjpeg	420	55	model_policy	35.369	73.446	1.5450	Mozjpeg	55.0	png
textures	han-hyunjun-Zd1u_C1BF8A-unsplash__pristine3x.png	mozjpeg	420	55	model_proj	35.381	73.481	1.5063	Mozjpeg	55.0	png
textures	han-hyunjun-Zd1u_C1BF8A-unsplash__pristine3x.png	mozjpeg	420	75	identity_off	37.543	79.356	1.0739	Mozjpeg	75.0	png
textures	han-hyunjun-Zd1u_C1BF8A-unsplash__pristine3x.png	mozjpeg	420	75	model_policy	37.341	80.651	1.3965	Mozjpeg	75.0	png
textures	han-hyunjun-Zd1u_C1BF8A-unsplash__pristine3x.png	mozjpeg	420	75	model_proj	37.421	80.841	1.2910	Mozjpeg	75.0	png
textures	hwang-sanguk-k0TLJWRabXg-unsplash__pristine3x.png	turbo	420	15	identity_off	22.836	26.161	3.2120	Unknown	15.0	png
textures	hwang-sanguk-k0TLJWRabXg-unsplash__pristine3x.png	turbo	420	15	model_policy	22.867	26.338	3.2040	Unknown	15.0	png
textures	hwang-sanguk-k0TLJWRabXg-unsplash__pristine3x.png	turbo	420	15	model_proj	22.867	26.337	3.2040	Unknown	15.0	png
textures	hwang-sanguk-k0TLJWRabXg-unsplash__pristine3x.png	turbo	420	35	identity_off	24.875	53.768	2.1668	ImageMagick	35.0	png
textures	hwang-sanguk-k0TLJWRabXg-unsplash__pristine3x.png	turbo	420	35	model_policy	24.935	54.026	2.1526	ImageMagick	35.0	png
textures	hwang-sanguk-k0TLJWRabXg-unsplash__pristine3x.png	turbo	420	35	model_proj	24.936	54.027	2.1525	ImageMagick	35.0	png
textures	hwang-sanguk-k0TLJWRabXg-unsplash__pristine3x.png	turbo	420	55	identity_off	26.245	63.815	1.7705	ImageMagick	55.0	png
textures	hwang-sanguk-k0TLJWRabXg-unsplash__pristine3x.png	turbo	420	55	model_policy	26.338	64.104	1.7489	ImageMagick	55.0	png
textures	hwang-sanguk-k0TLJWRabXg-unsplash__pristine3x.png	turbo	420	55	model_proj	26.341	64.129	1.7486	ImageMagick	55.0	png
textures	hwang-sanguk-k0TLJWRabXg-unsplash__pristine3x.png	turbo	420	75	identity_off	28.460	73.276	1.3338	ImageMagick	75.0	png
textures	hwang-sanguk-k0TLJWRabXg-unsplash__pristine3x.png	turbo	420	75	model_policy	28.619	73.694	1.2960	ImageMagick	75.0	png
textures	hwang-sanguk-k0TLJWRabXg-unsplash__pristine3x.png	turbo	420	75	model_proj	28.628	73.760	1.2897	ImageMagick	75.0	png
textures	hwang-sanguk-k0TLJWRabXg-unsplash__pristine3x.png	mozjpeg	420	15	identity_off	22.056	12.137	3.8846	Mozjpeg	15.0	png
textures	hwang-sanguk-k0TLJWRabXg-unsplash__pristine3x.png	mozjpeg	420	15	model_policy	22.086	12.339	3.8774	Mozjpeg	15.0	png
textures	hwang-sanguk-k0TLJWRabXg-unsplash__pristine3x.png	mozjpeg	420	15	model_proj	22.086	12.339	3.8774	Mozjpeg	15.0	png
textures	hwang-sanguk-k0TLJWRabXg-unsplash__pristine3x.png	mozjpeg	420	35	identity_off	24.210	48.075	2.4758	Mozjpeg	35.0	png
textures	hwang-sanguk-k0TLJWRabXg-unsplash__pristine3x.png	mozjpeg	420	35	model_policy	24.240	48.206	2.4682	Mozjpeg	35.0	png
textures	hwang-sanguk-k0TLJWRabXg-unsplash__pristine3x.png	mozjpeg	420	35	model_proj	24.240	48.207	2.4682	Mozjpeg	35.0	png
textures	hwang-sanguk-k0TLJWRabXg-unsplash__pristine3x.png	mozjpeg	420	55	identity_off	25.556	60.496	1.9919	Mozjpeg	55.0	png
textures	hwang-sanguk-k0TLJWRabXg-unsplash__pristine3x.png	mozjpeg	420	55	model_policy	25.596	60.665	1.9825	Mozjpeg	55.0	png
textures	hwang-sanguk-k0TLJWRabXg-unsplash__pristine3x.png	mozjpeg	420	55	model_proj	25.596	60.671	1.9825	Mozjpeg	55.0	png
textures	hwang-sanguk-k0TLJWRabXg-unsplash__pristine3x.png	mozjpeg	420	75	identity_off	27.510	70.503	1.5133	Mozjpeg	75.0	png
textures	hwang-sanguk-k0TLJWRabXg-unsplash__pristine3x.png	mozjpeg	420	75	model_policy	27.569	70.713	1.4993	Mozjpeg	75.0	png
textures	hwang-sanguk-k0TLJWRabXg-unsplash__pristine3x.png	mozjpeg	420	75	model_proj	27.570	70.719	1.4990	Mozjpeg	75.0	png
textures	logan-voss-BsFDgF4XTac-unsplash__pristine3x.png	turbo	420	15	identity_off	17.095	2.834	5.2856	Unknown	15.0	png
textures	logan-voss-BsFDgF4XTac-unsplash__pristine3x.png	turbo	420	15	model_policy	17.426	5.285	5.2662	Unknown	15.0	png
textures	logan-voss-BsFDgF4XTac-unsplash__pristine3x.png	turbo	420	15	model_proj	17.426	5.297	5.2663	Unknown	15.0	png
textures	logan-voss-BsFDgF4XTac-unsplash__pristine3x.png	turbo	420	35	identity_off	18.948	29.035	3.5219	ImageMagick	35.0	png
textures	logan-voss-BsFDgF4XTac-unsplash__pristine3x.png	turbo	420	35	model_policy	19.484	33.676	3.4509	ImageMagick	35.0	png
textures	logan-voss-BsFDgF4XTac-unsplash__pristine3x.png	turbo	420	35	model_proj	19.509	34.044	3.5982	ImageMagick	35.0	png
textures	logan-voss-BsFDgF4XTac-unsplash__pristine3x.png	turbo	420	55	identity_off	20.054	38.688	3.0165	ImageMagick	55.0	png
textures	logan-voss-BsFDgF4XTac-unsplash__pristine3x.png	turbo	420	55	model_policy	20.680	43.460	2.9248	ImageMagick	55.0	png
textures	logan-voss-BsFDgF4XTac-unsplash__pristine3x.png	turbo	420	55	model_proj	20.725	43.512	3.1819	ImageMagick	55.0	png
textures	logan-voss-BsFDgF4XTac-unsplash__pristine3x.png	turbo	420	75	identity_off	21.733	51.098	2.5858	ImageMagick	75.0	png
textures	logan-voss-BsFDgF4XTac-unsplash__pristine3x.png	turbo	420	75	model_policy	22.393	55.165	2.4848	ImageMagick	75.0	png
textures	logan-voss-BsFDgF4XTac-unsplash__pristine3x.png	turbo	420	75	model_proj	22.448	54.903	2.7609	ImageMagick	75.0	png
textures	logan-voss-BsFDgF4XTac-unsplash__pristine3x.png	mozjpeg	420	15	identity_off	15.980	-16.356	8.3515	Mozjpeg	15.0	png
textures	logan-voss-BsFDgF4XTac-unsplash__pristine3x.png	mozjpeg	420	15	model_policy	16.105	-15.493	8.2510	Mozjpeg	15.0	png
textures	logan-voss-BsFDgF4XTac-unsplash__pristine3x.png	mozjpeg	420	15	model_proj	16.105	-15.493	8.2510	Mozjpeg	15.0	png
textures	logan-voss-BsFDgF4XTac-unsplash__pristine3x.png	mozjpeg	420	35	identity_off	18.115	22.133	5.9736	Mozjpeg	35.0	png
textures	logan-voss-BsFDgF4XTac-unsplash__pristine3x.png	mozjpeg	420	35	model_policy	18.465	25.327	5.8704	Mozjpeg	35.0	png
textures	logan-voss-BsFDgF4XTac-unsplash__pristine3x.png	mozjpeg	420	35	model_proj	18.465	25.331	5.8722	Mozjpeg	35.0	png
textures	logan-voss-BsFDgF4XTac-unsplash__pristine3x.png	mozjpeg	420	55	identity_off	19.269	35.347	4.9594	Mozjpeg	55.0	png
textures	logan-voss-BsFDgF4XTac-unsplash__pristine3x.png	mozjpeg	420	55	model_policy	19.733	39.254	4.8590	Mozjpeg	55.0	png
textures	logan-voss-BsFDgF4XTac-unsplash__pristine3x.png	mozjpeg	420	55	model_proj	19.735	39.200	4.8849	Mozjpeg	55.0	png
textures	logan-voss-BsFDgF4XTac-unsplash__pristine3x.png	mozjpeg	420	75	identity_off	20.737	47.473	3.9230	Mozjpeg	75.0	png
textures	logan-voss-BsFDgF4XTac-unsplash__pristine3x.png	mozjpeg	420	75	model_policy	21.306	51.554	3.8073	Mozjpeg	75.0	png
textures	logan-voss-BsFDgF4XTac-unsplash__pristine3x.png	mozjpeg	420	75	model_proj	21.316	51.258	3.9146	Mozjpeg	75.0	png
textures	nastia-petruk-FkM3BDS8F3E-unsplash__pristine3x.png	turbo	420	15	identity_off	30.295	20.814	2.6581	Unknown	15.0	png
textures	nastia-petruk-FkM3BDS8F3E-unsplash__pristine3x.png	turbo	420	15	model_policy	30.812	24.361	2.5092	Unknown	15.0	png
textures	nastia-petruk-FkM3BDS8F3E-unsplash__pristine3x.png	turbo	420	15	model_proj	30.812	24.361	2.5092	Unknown	15.0	png
textures	nastia-petruk-FkM3BDS8F3E-unsplash__pristine3x.png	turbo	420	35	identity_off	33.181	57.369	1.6379	ImageMagick	35.0	png
textures	nastia-petruk-FkM3BDS8F3E-unsplash__pristine3x.png	turbo	420	35	model_policy	33.724	59.249	1.5345	ImageMagick	35.0	png
textures	nastia-petruk-FkM3BDS8F3E-unsplash__pristine3x.png	turbo	420	35	model_proj	33.724	59.248	1.5345	ImageMagick	35.0	png
textures	nastia-petruk-FkM3BDS8F3E-unsplash__pristine3x.png	turbo	420	55	identity_off	34.384	66.127	1.3797	ImageMagick	55.0	png
textures	nastia-petruk-FkM3BDS8F3E-unsplash__pristine3x.png	turbo	420	55	model_policy	34.884	66.953	1.2767	ImageMagick	55.0	png
textures	nastia-petruk-FkM3BDS8F3E-unsplash__pristine3x.png	turbo	420	55	model_proj	34.884	66.959	1.2767	ImageMagick	55.0	png
textures	nastia-petruk-FkM3BDS8F3E-unsplash__pristine3x.png	turbo	420	75	identity_off	35.805	74.355	1.1035	ImageMagick	75.0	png
textures	nastia-petruk-FkM3BDS8F3E-unsplash__pristine3x.png	turbo	420	75	model_policy	36.208	74.099	1.0615	ImageMagick	75.0	png
textures	nastia-petruk-FkM3BDS8F3E-unsplash__pristine3x.png	turbo	420	75	model_proj	36.212	74.151	1.0605	ImageMagick	75.0	png
textures	nastia-petruk-FkM3BDS8F3E-unsplash__pristine3x.png	mozjpeg	420	15	identity_off	29.655	15.865	3.0814	Mozjpeg	15.0	png
textures	nastia-petruk-FkM3BDS8F3E-unsplash__pristine3x.png	mozjpeg	420	15	model_policy	30.143	19.234	2.9766	Mozjpeg	15.0	png
textures	nastia-petruk-FkM3BDS8F3E-unsplash__pristine3x.png	mozjpeg	420	15	model_proj	30.143	19.234	2.9766	Mozjpeg	15.0	png
textures	nastia-petruk-FkM3BDS8F3E-unsplash__pristine3x.png	mozjpeg	420	35	identity_off	32.792	53.172	1.8626	Mozjpeg	35.0	png
textures	nastia-petruk-FkM3BDS8F3E-unsplash__pristine3x.png	mozjpeg	420	35	model_policy	33.373	55.107	1.7787	Mozjpeg	35.0	png
textures	nastia-petruk-FkM3BDS8F3E-unsplash__pristine3x.png	mozjpeg	420	35	model_proj	33.373	55.107	1.7787	Mozjpeg	35.0	png
textures	nastia-petruk-FkM3BDS8F3E-unsplash__pristine3x.png	mozjpeg	420	55	identity_off	34.170	63.870	1.5025	Mozjpeg	55.0	png
textures	nastia-petruk-FkM3BDS8F3E-unsplash__pristine3x.png	mozjpeg	420	55	model_policy	34.705	64.798	1.4413	Mozjpeg	55.0	png
textures	nastia-petruk-FkM3BDS8F3E-unsplash__pristine3x.png	mozjpeg	420	55	model_proj	34.705	64.797	1.4413	Mozjpeg	55.0	png
textures	nastia-petruk-FkM3BDS8F3E-unsplash__pristine3x.png	mozjpeg	420	75	identity_off	35.704	73.188	1.2256	Mozjpeg	75.0	png
textures	nastia-petruk-FkM3BDS8F3E-unsplash__pristine3x.png	mozjpeg	420	75	model_policy	36.067	73.220	1.1966	Mozjpeg	75.0	png
textures	nastia-petruk-FkM3BDS8F3E-unsplash__pristine3x.png	mozjpeg	420	75	model_proj	36.068	73.224	1.1965	Mozjpeg	75.0	png
textures	pawel-czerwinski-krA9zndPlrA-unsplash__pristine3x.png	turbo	420	15	identity_off	28.666	1.987	2.6960	Unknown	15.0	png
textures	pawel-czerwinski-krA9zndPlrA-unsplash__pristine3x.png	turbo	420	15	model_policy	28.846	2.296	2.6368	Unknown	15.0	png
textures	pawel-czerwinski-krA9zndPlrA-unsplash__pristine3x.png	turbo	420	15	model_proj	28.846	2.297	2.6368	Unknown	15.0	png
textures	pawel-czerwinski-krA9zndPlrA-unsplash__pristine3x.png	turbo	420	35	identity_off	31.263	45.684	1.7572	ImageMagick	35.0	png
textures	pawel-czerwinski-krA9zndPlrA-unsplash__pristine3x.png	turbo	420	35	model_policy	31.428	45.263	1.6985	ImageMagick	35.0	png
textures	pawel-czerwinski-krA9zndPlrA-unsplash__pristine3x.png	turbo	420	35	model_proj	31.440	45.324	1.6956	ImageMagick	35.0	png
textures	pawel-czerwinski-krA9zndPlrA-unsplash__pristine3x.png	turbo	420	55	identity_off	32.572	59.282	1.3971	ImageMagick	55.0	png
textures	pawel-czerwinski-krA9zndPlrA-unsplash__pristine3x.png	turbo	420	55	model_policy	32.678	58.119	1.3614	ImageMagick	55.0	png
textures	pawel-czerwinski-krA9zndPlrA-unsplash__pristine3x.png	turbo	420	55	model_proj	32.721	58.307	1.3562	ImageMagick	55.0	png
textures	pawel-czerwinski-krA9zndPlrA-unsplash__pristine3x.png	turbo	420	75	identity_off	34.111	70.892	1.0775	ImageMagick	75.0	png
textures	pawel-czerwinski-krA9zndPlrA-unsplash__pristine3x.png	turbo	420	75	model_policy	34.067	68.186	1.0782	ImageMagick	75.0	png
textures	pawel-czerwinski-krA9zndPlrA-unsplash__pristine3x.png	turbo	420	75	model_proj	34.175	68.877	1.0523	ImageMagick	75.0	png
textures	pawel-czerwinski-krA9zndPlrA-unsplash__pristine3x.png	mozjpeg	420	15	identity_off	27.825	-10.255	3.1899	Mozjpeg	15.0	png
textures	pawel-czerwinski-krA9zndPlrA-unsplash__pristine3x.png	mozjpeg	420	15	model_policy	27.938	-9.869	3.1637	Mozjpeg	15.0	png
textures	pawel-czerwinski-krA9zndPlrA-unsplash__pristine3x.png	mozjpeg	420	15	model_proj	27.938	-9.869	3.1637	Mozjpeg	15.0	png
textures	pawel-czerwinski-krA9zndPlrA-unsplash__pristine3x.png	mozjpeg	420	35	identity_off	30.755	40.270	1.9615	Mozjpeg	35.0	png
textures	pawel-czerwinski-krA9zndPlrA-unsplash__pristine3x.png	mozjpeg	420	35	model_policy	30.840	39.890	1.9466	Mozjpeg	35.0	png
textures	pawel-czerwinski-krA9zndPlrA-unsplash__pristine3x.png	mozjpeg	420	35	model_proj	30.840	39.896	1.9465	Mozjpeg	35.0	png
textures	pawel-czerwinski-krA9zndPlrA-unsplash__pristine3x.png	mozjpeg	420	55	identity_off	32.250	57.041	1.5234	Mozjpeg	55.0	png
textures	pawel-czerwinski-krA9zndPlrA-unsplash__pristine3x.png	mozjpeg	420	55	model_policy	32.284	55.660	1.5275	Mozjpeg	55.0	png
textures	pawel-czerwinski-krA9zndPlrA-unsplash__pristine3x.png	mozjpeg	420	55	model_proj	32.287	55.681	1.5272	Mozjpeg	55.0	png
textures	pawel-czerwinski-krA9zndPlrA-unsplash__pristine3x.png	mozjpeg	420	75	identity_off	33.923	69.868	1.1643	Mozjpeg	75.0	png
textures	pawel-czerwinski-krA9zndPlrA-unsplash__pristine3x.png	mozjpeg	420	75	model_policy	33.810	67.163	1.2076	Mozjpeg	75.0	png
textures	pawel-czerwinski-krA9zndPlrA-unsplash__pristine3x.png	mozjpeg	420	75	model_proj	33.845	67.327	1.1980	Mozjpeg	75.0	png
textures	teresa-xcheFHoppXE-unsplash__pristine3x.png	turbo	420	15	identity_off	27.915	12.672	3.1178	Unknown	15.0	png
textures	teresa-xcheFHoppXE-unsplash__pristine3x.png	turbo	420	15	model_policy	28.127	16.969	3.0198	Unknown	15.0	png
textures	teresa-xcheFHoppXE-unsplash__pristine3x.png	turbo	420	15	model_proj	28.127	16.968	3.0198	Unknown	15.0	png
textures	teresa-xcheFHoppXE-unsplash__pristine3x.png	turbo	420	35	identity_off	30.013	52.325	2.0116	ImageMagick	35.0	png
textures	teresa-xcheFHoppXE-unsplash__pristine3x.png	turbo	420	35	model_policy	30.262	54.294	1.8885	ImageMagick	35.0	png
textures	teresa-xcheFHoppXE-unsplash__pristine3x.png	turbo	420	35	model_proj	30.269	54.385	1.8767	ImageMagick	35.0	png
textures	teresa-xcheFHoppXE-unsplash__pristine3x.png	turbo	420	55	identity_off	31.123	64.731	1.6764	ImageMagick	55.0	png
textures	teresa-xcheFHoppXE-unsplash__pristine3x.png	turbo	420	55	model_policy	31.375	64.352	1.5494	ImageMagick	55.0	png
textures	teresa-xcheFHoppXE-unsplash__pristine3x.png	turbo	420	55	model_proj	31.402	64.854	1.5125	ImageMagick	55.0	png
textures	teresa-xcheFHoppXE-unsplash__pristine3x.png	turbo	420	75	identity_off	32.560	73.922	1.3345	ImageMagick	75.0	png
textures	teresa-xcheFHoppXE-unsplash__pristine3x.png	turbo	420	75	model_policy	32.787	71.305	1.2683	ImageMagick	75.0	png
textures	teresa-xcheFHoppXE-unsplash__pristine3x.png	turbo	420	75	model_proj	32.861	73.102	1.1695	ImageMagick	75.0	png
textures	teresa-xcheFHoppXE-unsplash__pristine3x.png	mozjpeg	420	15	identity_off	27.163	2.964	3.5875	Mozjpeg	15.0	png
textures	teresa-xcheFHoppXE-unsplash__pristine3x.png	mozjpeg	420	15	model_policy	27.295	5.752	3.5372	Mozjpeg	15.0	png
textures	teresa-xcheFHoppXE-unsplash__pristine3x.png	mozjpeg	420	15	model_proj	27.295	5.750	3.5372	Mozjpeg	15.0	png
textures	teresa-xcheFHoppXE-unsplash__pristine3x.png	mozjpeg	420	35	identity_off	29.456	45.725	2.2545	Mozjpeg	35.0	png
textures	teresa-xcheFHoppXE-unsplash__pristine3x.png	mozjpeg	420	35	model_policy	29.633	47.378	2.1869	Mozjpeg	35.0	png
textures	teresa-xcheFHoppXE-unsplash__pristine3x.png	mozjpeg	420	35	model_proj	29.633	47.378	2.1866	Mozjpeg	35.0	png
textures	teresa-xcheFHoppXE-unsplash__pristine3x.png	mozjpeg	420	55	identity_off	30.692	60.516	1.8006	Mozjpeg	55.0	png
textures	teresa-xcheFHoppXE-unsplash__pristine3x.png	mozjpeg	420	55	model_policy	30.852	60.299	1.7355	Mozjpeg	55.0	png
textures	teresa-xcheFHoppXE-unsplash__pristine3x.png	mozjpeg	420	55	model_proj	30.860	60.419	1.7279	Mozjpeg	55.0	png
textures	teresa-xcheFHoppXE-unsplash__pristine3x.png	mozjpeg	420	75	identity_off	32.306	72.294	1.4058	Mozjpeg	75.0	png
textures	teresa-xcheFHoppXE-unsplash__pristine3x.png	mozjpeg	420	75	model_policy	32.411	69.602	1.3908	Mozjpeg	75.0	png
textures	teresa-xcheFHoppXE-unsplash__pristine3x.png	mozjpeg	420	75	model_proj	32.455	70.789	1.3409	Mozjpeg	75.0	png
