sub	file	encoder	ss	q	arm	psnr	ssim2	butter_n3	probe_family	probe_q	gt_src
photos	20240528_210945__pristine2x.png	turbo	420	15	identity_off	22.455	24.602	3.2877	Unknown	15.0	png
photos	20240528_210945__pristine2x.png	turbo	420	15	model_policy	22.705	26.269	3.2484	Unknown	15.0	png
photos	20240528_210945__pristine2x.png	turbo	420	15	model_proj	22.705	26.267	3.2484	Unknown	15.0	png
photos	20240528_210945__pristine2x.png	turbo	420	35	identity_off	25.187	53.630	2.1538	ImageMagick	35.0	png
photos	20240528_210945__pristine2x.png	turbo	420	35	model_policy	25.475	54.570	2.1024	ImageMagick	35.0	png
photos	20240528_210945__pristine2x.png	turbo	420	35	model_proj	25.481	54.624	2.0917	ImageMagick	35.0	png
photos	20240528_210945__pristine2x.png	turbo	420	55	identity_off	26.889	63.088	1.7476	ImageMagick	55.0	png
photos	20240528_210945__pristine2x.png	turbo	420	55	model_policy	27.173	63.858	1.6959	ImageMagick	55.0	png
photos	20240528_210945__pristine2x.png	turbo	420	55	model_proj	27.190	63.985	1.6606	ImageMagick	55.0	png
photos	20240528_210945__pristine2x.png	turbo	420	75	identity_off	29.363	72.121	1.3373	ImageMagick	75.0	png
photos	20240528_210945__pristine2x.png	turbo	420	75	model_policy	29.638	72.834	1.2912	ImageMagick	75.0	png
photos	20240528_210945__pristine2x.png	turbo	420	75	model_proj	29.683	73.249	1.2188	ImageMagick	75.0	png
photos	20240528_210945__pristine2x.png	mozjpeg	420	15	identity_off	21.254	10.363	4.2804	Mozjpeg	15.0	png
photos	20240528_210945__pristine2x.png	mozjpeg	420	15	model_policy	21.424	11.409	4.2905	Mozjpeg	15.0	png
photos	20240528_210945__pristine2x.png	mozjpeg	420	15	model_proj	21.424	11.410	4.2905	Mozjpeg	15.0	png
photos	20240528_210945__pristine2x.png	mozjpeg	420	35	identity_off	24.014	46.872	2.7278	Mozjpeg	35.0	png
photos	20240528_210945__pristine2x.png	mozjpeg	420	35	model_policy	24.234	47.345	2.7282	Mozjpeg	35.0	png
photos	20240528_210945__pristine2x.png	mozjpeg	420	35	model_proj	24.234	47.336	2.7284	Mozjpeg	35.0	png
photos	20240528_210945__pristine2x.png	mozjpeg	420	55	identity_off	25.601	59.316	2.1940	Mozjpeg	55.0	png
photos	20240528_210945__pristine2x.png	mozjpeg	420	55	model_policy	25.827	59.773	2.1879	Mozjpeg	55.0	png
photos	20240528_210945__pristine2x.png	mozjpeg	420	55	model_proj	25.830	59.787	2.1845	Mozjpeg	55.0	png
photos	20240528_210945__pristine2x.png	mozjpeg	420	75	identity_off	27.898	69.452	1.6052	Mozjpeg	75.0	png
photos	20240528_210945__pristine2x.png	mozjpeg	420	75	model_policy	28.114	69.855	1.5904	Mozjpeg	75.0	png
photos	20240528_210945__pristine2x.png	mozjpeg	420	75	model_proj	28.129	69.934	1.5761	Mozjpeg	75.0	png
photos	20231206_150232.png	turbo	420	15	identity_off	23.242	25.617	3.6615	Unknown	15.0	png
photos	20231206_150232.png	turbo	420	15	model_policy	24.067	29.594	3.4874	Unknown	15.0	png
photos	20231206_150232.png	turbo	420	15	model_proj	24.067	29.595	3.4872	Unknown	15.0	png
photos	20231206_150232.png	turbo	420	35	identity_off	26.722	55.544	2.3032	ImageMagick	35.0	png
photos	20231206_150232.png	turbo	420	35	model_policy	27.693	58.763	2.0908	ImageMagick	35.0	png
photos	20231206_150232.png	turbo	420	35	model_proj	27.713	58.884	2.0871	ImageMagick	35.0	png
photos	20231206_150232.png	turbo	420	55	identity_off	28.779	65.245	1.8209	ImageMagick	55.0	png
photos	20231206_150232.png	turbo	420	55	model_policy	29.738	68.148	1.6113	ImageMagick	55.0	png
photos	20231206_150232.png	turbo	420	55	model_proj	29.764	68.377	1.6057	ImageMagick	55.0	png
photos	20231206_150232.png	turbo	420	75	identity_off	31.712	73.963	1.3160	ImageMagick	75.0	png
photos	20231206_150232.png	turbo	420	75	model_policy	32.532	76.260	1.1461	ImageMagick	75.0	png
photos	20231206_150232.png	turbo	420	75	model_proj	32.559	76.533	1.1405	ImageMagick	75.0	png
photos	20231206_150232.png	mozjpeg	420	15	identity_off	20.548	10.031	5.3106	Mozjpeg	15.0	png
photos	20231206_150232.png	mozjpeg	420	15	model_policy	21.157	13.269	5.2097	Mozjpeg	15.0	png
photos	20231206_150232.png	mozjpeg	420	15	model_proj	21.157	13.266	5.2095	Mozjpeg	15.0	png
photos	20231206_150232.png	mozjpeg	420	35	identity_off	23.884	44.758	3.4504	Mozjpeg	35.0	png
photos	20231206_150232.png	mozjpeg	420	35	model_policy	24.819	48.028	3.2540	Mozjpeg	35.0	png
photos	20231206_150232.png	mozjpeg	420	35	model_proj	24.827	48.137	3.2460	Mozjpeg	35.0	png
photos	20231206_150232.png	mozjpeg	420	55	identity_off	25.786	57.234	2.7281	Mozjpeg	55.0	png
photos	20231206_150232.png	mozjpeg	420	55	model_policy	26.791	60.363	2.5217	Mozjpeg	55.0	png
photos	20231206_150232.png	mozjpeg	420	55	model_proj	26.815	60.599	2.4802	Mozjpeg	55.0	png
photos	20231206_150232.png	mozjpeg	420	75	identity_off	28.422	68.269	1.9239	Mozjpeg	75.0	png
photos	20231206_150232.png	mozjpeg	420	75	model_policy	29.414	71.021	1.7561	Mozjpeg	75.0	png
photos	20231206_150232.png	mozjpeg	420	75	model_proj	29.459	71.548	1.7097	Mozjpeg	75.0	png
photos	Screenshot_20260526_074348_Photos.png	turbo	420	15	identity_off	31.986	17.419	2.8964	Unknown	15.0	png
photos	Screenshot_20260526_074348_Photos.png	turbo	420	15	model_policy	32.451	26.878	2.7362	Unknown	15.0	png
photos	Screenshot_20260526_074348_Photos.png	turbo	420	15	model_proj	32.451	26.877	2.7362	Unknown	15.0	png
photos	Screenshot_20260526_074348_Photos.png	turbo	420	35	identity_off	34.940	53.447	1.7942	ImageMagick	35.0	png
photos	Screenshot_20260526_074348_Photos.png	turbo	420	35	model_policy	35.343	57.810	1.6938	ImageMagick	35.0	png
photos	Screenshot_20260526_074348_Photos.png	turbo	420	35	model_proj	35.343	57.794	1.6937	ImageMagick	35.0	png
photos	Screenshot_20260526_074348_Photos.png	turbo	420	55	identity_off	36.154	65.497	1.4861	ImageMagick	55.0	png
photos	Screenshot_20260526_074348_Photos.png	turbo	420	55	model_policy	36.494	67.122	1.4102	ImageMagick	55.0	png
photos	Screenshot_20260526_074348_Photos.png	turbo	420	55	model_proj	36.495	67.145	1.4102	ImageMagick	55.0	png
photos	Screenshot_20260526_074348_Photos.png	turbo	420	75	identity_off	37.747	75.105	1.1865	ImageMagick	75.0	png
photos	Screenshot_20260526_074348_Photos.png	turbo	420	75	model_policy	38.013	75.239	1.1362	ImageMagick	75.0	png
photos	Screenshot_20260526_074348_Photos.png	turbo	420	75	model_proj	38.016	75.318	1.1357	ImageMagick	75.0	png
photos	Screenshot_20260526_074348_Photos.png	mozjpeg	420	15	identity_off	31.159	14.554	3.1355	Mozjpeg	15.0	png
photos	Screenshot_20260526_074348_Photos.png	mozjpeg	420	15	model_policy	31.544	22.632	3.0379	Mozjpeg	15.0	png
photos	Screenshot_20260526_074348_Photos.png	mozjpeg	420	15	model_proj	31.544	22.633	3.0379	Mozjpeg	15.0	png
photos	Screenshot_20260526_074348_Photos.png	mozjpeg	420	35	identity_off	34.081	49.475	1.9631	Mozjpeg	35.0	png
photos	Screenshot_20260526_074348_Photos.png	mozjpeg	420	35	model_policy	34.427	53.454	1.8842	Mozjpeg	35.0	png
photos	Screenshot_20260526_074348_Photos.png	mozjpeg	420	35	model_proj	34.428	53.445	1.8838	Mozjpeg	35.0	png
photos	Screenshot_20260526_074348_Photos.png	mozjpeg	420	55	identity_off	35.327	61.473	1.6166	Mozjpeg	55.0	png
photos	Screenshot_20260526_074348_Photos.png	mozjpeg	420	55	model_policy	35.598	63.277	1.5681	Mozjpeg	55.0	png
photos	Screenshot_20260526_074348_Photos.png	mozjpeg	420	55	model_proj	35.599	63.293	1.5680	Mozjpeg	55.0	png
photos	Screenshot_20260526_074348_Photos.png	mozjpeg	420	75	identity_off	36.936	72.766	1.2829	Mozjpeg	75.0	png
photos	Screenshot_20260526_074348_Photos.png	mozjpeg	420	75	model_policy	37.089	72.739	1.2624	Mozjpeg	75.0	png
photos	Screenshot_20260526_074348_Photos.png	mozjpeg	420	75	model_proj	37.090	72.716	1.2624	Mozjpeg	75.0	png
photos	Screenshot_20260526_074418_Photos.png	turbo	420	15	identity_off	29.884	30.549	3.0820	Unknown	15.0	png
photos	Screenshot_20260526_074418_Photos.png	turbo	420	15	model_policy	30.342	37.407	2.9442	Unknown	15.0	png
photos	Screenshot_20260526_074418_Photos.png	turbo	420	15	model_proj	30.342	37.415	2.9442	Unknown	15.0	png
photos	Screenshot_20260526_074418_Photos.png	turbo	420	35	identity_off	32.491	60.699	1.8949	ImageMagick	35.0	png
photos	Screenshot_20260526_074418_Photos.png	turbo	420	35	model_policy	32.847	63.080	1.8240	ImageMagick	35.0	png
photos	Screenshot_20260526_074418_Photos.png	turbo	420	35	model_proj	32.847	63.081	1.8240	ImageMagick	35.0	png
photos	Screenshot_20260526_074418_Photos.png	turbo	420	55	identity_off	33.707	69.634	1.5707	ImageMagick	55.0	png
photos	Screenshot_20260526_074418_Photos.png	turbo	420	55	model_policy	33.988	70.640	1.5192	ImageMagick	55.0	png
photos	Screenshot_20260526_074418_Photos.png	turbo	420	55	model_proj	33.988	70.644	1.5192	ImageMagick	55.0	png
photos	Screenshot_20260526_074418_Photos.png	turbo	420	75	identity_off	35.288	77.037	1.2738	ImageMagick	75.0	png
photos	Screenshot_20260526_074418_Photos.png	turbo	420	75	model_policy	35.517	77.359	1.2363	ImageMagick	75.0	png
photos	Screenshot_20260526_074418_Photos.png	turbo	420	75	model_proj	35.517	77.369	1.2363	ImageMagick	75.0	png
photos	Screenshot_20260526_074418_Photos.png	mozjpeg	420	15	identity_off	29.197	24.846	3.5103	Mozjpeg	15.0	png
photos	Screenshot_20260526_074418_Photos.png	mozjpeg	420	15	model_policy	29.622	31.214	3.3717	Mozjpeg	15.0	png
photos	Screenshot_20260526_074418_Photos.png	mozjpeg	420	15	model_proj	29.622	31.215	3.3717	Mozjpeg	15.0	png
photos	Screenshot_20260526_074418_Photos.png	mozjpeg	420	35	identity_off	31.850	56.942	2.1439	Mozjpeg	35.0	png
photos	Screenshot_20260526_074418_Photos.png	mozjpeg	420	35	model_policy	32.153	59.402	2.0780	Mozjpeg	35.0	png
photos	Screenshot_20260526_074418_Photos.png	mozjpeg	420	35	model_proj	32.153	59.421	2.0780	Mozjpeg	35.0	png
photos	Screenshot_20260526_074418_Photos.png	mozjpeg	420	55	identity_off	33.098	66.814	1.7429	Mozjpeg	55.0	png
photos	Screenshot_20260526_074418_Photos.png	mozjpeg	420	55	model_policy	33.309	67.818	1.7047	Mozjpeg	55.0	png
photos	Screenshot_20260526_074418_Photos.png	mozjpeg	420	55	model_proj	33.309	67.813	1.7047	Mozjpeg	55.0	png
photos	Screenshot_20260526_074418_Photos.png	mozjpeg	420	75	identity_off	34.742	75.423	1.3777	Mozjpeg	75.0	png
photos	Screenshot_20260526_074418_Photos.png	mozjpeg	420	75	model_policy	34.845	75.523	1.3605	Mozjpeg	75.0	png
photos	Screenshot_20260526_074418_Photos.png	mozjpeg	420	75	model_proj	34.845	75.514	1.3605	Mozjpeg	75.0	png
photos	Screenshot_20260526_075006_Gallery.png	turbo	420	15	identity_off	31.610	31.999	2.9259	Unknown	15.0	png
photos	Screenshot_20260526_075006_Gallery.png	turbo	420	15	model_policy	32.477	36.793	2.7366	Unknown	15.0	png
photos	Screenshot_20260526_075006_Gallery.png	turbo	420	15	model_proj	32.477	36.792	2.7366	Unknown	15.0	png
photos	Screenshot_20260526_075006_Gallery.png	turbo	420	35	identity_off	35.977	67.635	1.5300	ImageMagick	35.0	png
photos	Screenshot_20260526_075006_Gallery.png	turbo	420	35	model_policy	36.886	69.718	1.3868	ImageMagick	35.0	png
photos	Screenshot_20260526_075006_Gallery.png	turbo	420	35	model_proj	36.886	69.715	1.3868	ImageMagick	35.0	png
photos	Screenshot_20260526_075006_Gallery.png	turbo	420	55	identity_off	38.115	77.218	1.1140	ImageMagick	55.0	png
photos	Screenshot_20260526_075006_Gallery.png	turbo	420	55	model_policy	38.937	78.421	0.9936	ImageMagick	55.0	png
photos	Screenshot_20260526_075006_Gallery.png	turbo	420	55	model_proj	38.937	78.424	0.9936	ImageMagick	55.0	png
photos	Screenshot_20260526_075006_Gallery.png	turbo	420	75	identity_off	40.609	84.312	0.7780	ImageMagick	75.0	png
photos	Screenshot_20260526_075006_Gallery.png	turbo	420	75	model_policy	41.183	84.948	0.6990	ImageMagick	75.0	png
photos	Screenshot_20260526_075006_Gallery.png	turbo	420	75	model_proj	41.189	84.953	0.6981	ImageMagick	75.0	png
photos	Screenshot_20260526_075006_Gallery.png	mozjpeg	420	15	identity_off	30.397	23.753	3.5700	Mozjpeg	15.0	png
photos	Screenshot_20260526_075006_Gallery.png	mozjpeg	420	15	model_policy	31.143	27.511	3.4010	Mozjpeg	15.0	png
photos	Screenshot_20260526_075006_Gallery.png	mozjpeg	420	15	model_proj	31.143	27.510	3.4010	Mozjpeg	15.0	png
photos	Screenshot_20260526_075006_Gallery.png	mozjpeg	420	35	identity_off	34.590	62.556	1.9000	Mozjpeg	35.0	png
photos	Screenshot_20260526_075006_Gallery.png	mozjpeg	420	35	model_policy	35.464	64.058	1.7523	Mozjpeg	35.0	png
photos	Screenshot_20260526_075006_Gallery.png	mozjpeg	420	35	model_proj	35.464	64.061	1.7523	Mozjpeg	35.0	png
photos	Screenshot_20260526_075006_Gallery.png	mozjpeg	420	55	identity_off	36.841	74.147	1.3583	Mozjpeg	55.0	png
photos	Screenshot_20260526_075006_Gallery.png	mozjpeg	420	55	model_policy	37.701	74.934	1.2269	Mozjpeg	55.0	png
photos	Screenshot_20260526_075006_Gallery.png	mozjpeg	420	55	model_proj	37.701	74.939	1.2269	Mozjpeg	55.0	png
photos	Screenshot_20260526_075006_Gallery.png	mozjpeg	420	75	identity_off	39.535	83.374	0.9321	Mozjpeg	75.0	png
photos	Screenshot_20260526_075006_Gallery.png	mozjpeg	420	75	model_policy	40.200	83.794	0.8283	Mozjpeg	75.0	png
photos	Screenshot_20260526_075006_Gallery.png	mozjpeg	420	75	model_proj	40.200	83.812	0.8282	Mozjpeg	75.0	png
photos	Screenshot_20260526_075134_Gallery.png	turbo	420	15	identity_off	28.159	36.642	3.5795	Unknown	15.0	png
photos	Screenshot_20260526_075134_Gallery.png	turbo	420	15	model_policy	28.717	41.419	3.4226	Unknown	15.0	png
photos	Screenshot_20260526_075134_Gallery.png	turbo	420	15	model_proj	28.717	41.419	3.4226	Unknown	15.0	png
photos	Screenshot_20260526_075134_Gallery.png	turbo	420	35	identity_off	31.813	65.551	1.8923	ImageMagick	35.0	png
photos	Screenshot_20260526_075134_Gallery.png	turbo	420	35	model_policy	32.327	67.714	1.7201	ImageMagick	35.0	png
photos	Screenshot_20260526_075134_Gallery.png	turbo	420	35	model_proj	32.328	67.715	1.7199	ImageMagick	35.0	png
photos	Screenshot_20260526_075134_Gallery.png	turbo	420	55	identity_off	33.597	74.683	1.3674	ImageMagick	55.0	png
photos	Screenshot_20260526_075134_Gallery.png	turbo	420	55	model_policy	34.022	75.740	1.2783	ImageMagick	55.0	png
photos	Screenshot_20260526_075134_Gallery.png	turbo	420	55	model_proj	34.025	75.743	1.2797	ImageMagick	55.0	png
photos	Screenshot_20260526_075134_Gallery.png	turbo	420	75	identity_off	35.669	81.422	1.0363	ImageMagick	75.0	png
photos	Screenshot_20260526_075134_Gallery.png	turbo	420	75	model_policy	35.894	81.244	0.9941	ImageMagick	75.0	png
photos	Screenshot_20260526_075134_Gallery.png	turbo	420	75	model_proj	35.912	81.341	0.9875	ImageMagick	75.0	png
photos	Screenshot_20260526_075134_Gallery.png	mozjpeg	420	15	identity_off	27.419	29.430	3.6246	Mozjpeg	15.0	png
photos	Screenshot_20260526_075134_Gallery.png	mozjpeg	420	15	model_policy	27.940	33.370	3.4870	Mozjpeg	15.0	png
photos	Screenshot_20260526_075134_Gallery.png	mozjpeg	420	15	model_proj	27.940	33.369	3.4870	Mozjpeg	15.0	png
photos	Screenshot_20260526_075134_Gallery.png	mozjpeg	420	35	identity_off	31.330	62.441	2.0173	Mozjpeg	35.0	png
photos	Screenshot_20260526_075134_Gallery.png	mozjpeg	420	35	model_policy	31.883	64.263	1.9173	Mozjpeg	35.0	png
photos	Screenshot_20260526_075134_Gallery.png	mozjpeg	420	35	model_proj	31.883	64.263	1.9173	Mozjpeg	35.0	png
photos	Screenshot_20260526_075134_Gallery.png	mozjpeg	420	55	identity_off	33.358	72.928	1.4533	Mozjpeg	55.0	png
photos	Screenshot_20260526_075134_Gallery.png	mozjpeg	420	55	model_policy	33.797	73.920	1.3718	Mozjpeg	55.0	png
photos	Screenshot_20260526_075134_Gallery.png	mozjpeg	420	55	model_proj	33.801	73.927	1.3715	Mozjpeg	55.0	png
photos	Screenshot_20260526_075134_Gallery.png	mozjpeg	420	75	identity_off	35.667	81.101	1.0407	Mozjpeg	75.0	png
photos	Screenshot_20260526_075134_Gallery.png	mozjpeg	420	75	model_policy	35.824	80.794	1.0137	Mozjpeg	75.0	png
photos	Screenshot_20260526_075134_Gallery.png	mozjpeg	420	75	model_proj	35.846	80.836	1.0085	Mozjpeg	75.0	png
photos	Screenshot_20260526_075159_Gallery.png	turbo	420	15	identity_off	31.157	24.669	3.2754	Unknown	15.0	png
photos	Screenshot_20260526_075159_Gallery.png	turbo	420	15	model_policy	32.058	32.060	3.0573	Unknown	15.0	png
photos	Screenshot_20260526_075159_Gallery.png	turbo	420	15	model_proj	32.058	32.064	3.0572	Unknown	15.0	png
photos	Screenshot_20260526_075159_Gallery.png	turbo	420	35	identity_off	35.110	63.378	1.7468	ImageMagick	35.0	png
photos	Screenshot_20260526_075159_Gallery.png	turbo	420	35	model_policy	35.919	65.776	1.5923	ImageMagick	35.0	png
photos	Screenshot_20260526_075159_Gallery.png	turbo	420	35	model_proj	35.920	65.783	1.5922	ImageMagick	35.0	png
photos	Screenshot_20260526_075159_Gallery.png	turbo	420	55	identity_off	37.066	74.590	1.2849	ImageMagick	55.0	png
photos	Screenshot_20260526_075159_Gallery.png	turbo	420	55	model_policy	37.746	75.708	1.1876	ImageMagick	55.0	png
photos	Screenshot_20260526_075159_Gallery.png	turbo	420	55	model_proj	37.748	75.703	1.1875	ImageMagick	55.0	png
photos	Screenshot_20260526_075159_Gallery.png	turbo	420	75	identity_off	39.252	82.776	0.9032	ImageMagick	75.0	png
photos	Screenshot_20260526_075159_Gallery.png	turbo	420	75	model_policy	39.726	83.066	0.8440	ImageMagick	75.0	png
photos	Screenshot_20260526_075159_Gallery.png	turbo	420	75	model_proj	39.747	83.144	0.8423	ImageMagick	75.0	png
photos	Screenshot_20260526_075159_Gallery.png	mozjpeg	420	15	identity_off	30.563	15.493	3.7921	Mozjpeg	15.0	png
photos	Screenshot_20260526_075159_Gallery.png	mozjpeg	420	15	model_policy	31.308	21.508	3.6228	Mozjpeg	15.0	png
photos	Screenshot_20260526_075159_Gallery.png	mozjpeg	420	15	model_proj	31.308	21.507	3.6228	Mozjpeg	15.0	png
photos	Screenshot_20260526_075159_Gallery.png	mozjpeg	420	35	identity_off	34.486	57.184	2.0200	Mozjpeg	35.0	png
photos	Screenshot_20260526_075159_Gallery.png	mozjpeg	420	35	model_policy	35.236	59.344	1.8861	Mozjpeg	35.0	png
photos	Screenshot_20260526_075159_Gallery.png	mozjpeg	420	35	model_proj	35.236	59.344	1.8861	Mozjpeg	35.0	png
photos	Screenshot_20260526_075159_Gallery.png	mozjpeg	420	55	identity_off	36.612	71.243	1.4453	Mozjpeg	55.0	png
photos	Screenshot_20260526_075159_Gallery.png	mozjpeg	420	55	model_policy	37.226	71.949	1.3494	Mozjpeg	55.0	png
photos	Screenshot_20260526_075159_Gallery.png	mozjpeg	420	55	model_proj	37.226	71.941	1.3493	Mozjpeg	55.0	png
photos	Screenshot_20260526_075159_Gallery.png	mozjpeg	420	75	identity_off	39.002	81.269	1.0138	Mozjpeg	75.0	png
photos	Screenshot_20260526_075159_Gallery.png	mozjpeg	420	75	model_policy	39.379	81.387	0.9543	Mozjpeg	75.0	png
photos	Screenshot_20260526_075159_Gallery.png	mozjpeg	420	75	model_proj	39.390	81.401	0.9540	Mozjpeg	75.0	png
photos	Screenshot_20260526_075258_Gallery.png	turbo	420	15	identity_off	28.732	36.346	2.8386	Unknown	15.0	png
photos	Screenshot_20260526_075258_Gallery.png	turbo	420	15	model_policy	29.309	39.565	2.7027	Unknown	15.0	png
photos	Screenshot_20260526_075258_Gallery.png	turbo	420	15	model_proj	29.309	39.564	2.7027	Unknown	15.0	png
photos	Screenshot_20260526_075258_Gallery.png	turbo	420	35	identity_off	32.466	65.708	1.6028	ImageMagick	35.0	png
photos	Screenshot_20260526_075258_Gallery.png	turbo	420	35	model_policy	33.062	66.932	1.5049	ImageMagick	35.0	png
photos	Screenshot_20260526_075258_Gallery.png	turbo	420	35	model_proj	33.062	66.932	1.5049	ImageMagick	35.0	png
photos	Screenshot_20260526_075258_Gallery.png	turbo	420	55	identity_off	34.411	74.772	1.2210	ImageMagick	55.0	png
photos	Screenshot_20260526_075258_Gallery.png	turbo	420	55	model_policy	34.975	75.640	1.1383	ImageMagick	55.0	png
photos	Screenshot_20260526_075258_Gallery.png	turbo	420	55	model_proj	34.975	75.641	1.1383	ImageMagick	55.0	png
photos	Screenshot_20260526_075258_Gallery.png	turbo	420	75	identity_off	36.755	82.095	0.8992	ImageMagick	75.0	png
photos	Screenshot_20260526_075258_Gallery.png	turbo	420	75	model_policy	37.223	82.551	0.8385	ImageMagick	75.0	png
photos	Screenshot_20260526_075258_Gallery.png	turbo	420	75	model_proj	37.224	82.583	0.8384	ImageMagick	75.0	png
photos	Screenshot_20260526_075258_Gallery.png	mozjpeg	420	15	identity_off	27.559	30.345	3.4017	Mozjpeg	15.0	png
photos	Screenshot_20260526_075258_Gallery.png	mozjpeg	420	15	model_policy	28.086	33.392	3.2750	Mozjpeg	15.0	png
photos	Screenshot_20260526_075258_Gallery.png	mozjpeg	420	15	model_proj	28.086	33.390	3.2750	Mozjpeg	15.0	png
photos	Screenshot_20260526_075258_Gallery.png	mozjpeg	420	35	identity_off	31.329	60.452	1.9375	Mozjpeg	35.0	png
photos	Screenshot_20260526_075258_Gallery.png	mozjpeg	420	35	model_policy	31.930	61.558	1.8509	Mozjpeg	35.0	png
photos	Screenshot_20260526_075258_Gallery.png	mozjpeg	420	35	model_proj	31.930	61.557	1.8509	Mozjpeg	35.0	png
photos	Screenshot_20260526_075258_Gallery.png	mozjpeg	420	55	identity_off	33.386	70.710	1.4579	Mozjpeg	55.0	png
photos	Screenshot_20260526_075258_Gallery.png	mozjpeg	420	55	model_policy	33.954	71.012	1.3894	Mozjpeg	55.0	png
photos	Screenshot_20260526_075258_Gallery.png	mozjpeg	420	55	model_proj	33.954	71.010	1.3894	Mozjpeg	55.0	png
photos	Screenshot_20260526_075258_Gallery.png	mozjpeg	420	75	identity_off	35.947	80.075	1.0369	Mozjpeg	75.0	png
photos	Screenshot_20260526_075258_Gallery.png	mozjpeg	420	75	model_policy	36.412	80.186	0.9865	Mozjpeg	75.0	png
photos	Screenshot_20260526_075258_Gallery.png	mozjpeg	420	75	model_proj	36.412	80.175	0.9865	Mozjpeg	75.0	png
people	alexander-aguero-EnppVuXbcCE-unsplash__pristine3x.png	turbo	420	15	identity_off	32.240	12.149	3.0068	Unknown	15.0	png
people	alexander-aguero-EnppVuXbcCE-unsplash__pristine3x.png	turbo	420	15	model_policy	33.057	23.513	2.8012	Unknown	15.0	png
people	alexander-aguero-EnppVuXbcCE-unsplash__pristine3x.png	turbo	420	15	model_proj	33.057	23.513	2.8012	Unknown	15.0	png
people	alexander-aguero-EnppVuXbcCE-unsplash__pristine3x.png	turbo	420	35	identity_off	35.339	54.616	1.7533	ImageMagick	35.0	png
people	alexander-aguero-EnppVuXbcCE-unsplash__pristine3x.png	turbo	420	35	model_policy	35.985	58.700	1.6532	ImageMagick	35.0	png
people	alexander-aguero-EnppVuXbcCE-unsplash__pristine3x.png	turbo	420	35	model_proj	35.985	58.694	1.6532	ImageMagick	35.0	png
people	alexander-aguero-EnppVuXbcCE-unsplash__pristine3x.png	turbo	420	55	identity_off	36.700	67.704	1.3867	ImageMagick	55.0	png
people	alexander-aguero-EnppVuXbcCE-unsplash__pristine3x.png	turbo	420	55	model_policy	37.223	69.498	1.3232	ImageMagick	55.0	png
people	alexander-aguero-EnppVuXbcCE-unsplash__pristine3x.png	turbo	420	55	model_proj	37.223	69.489	1.3232	ImageMagick	55.0	png
people	alexander-aguero-EnppVuXbcCE-unsplash__pristine3x.png	turbo	420	75	identity_off	38.272	77.202	1.0714	ImageMagick	75.0	png
people	alexander-aguero-EnppVuXbcCE-unsplash__pristine3x.png	turbo	420	75	model_policy	38.662	77.757	1.0335	ImageMagick	75.0	png
people	alexander-aguero-EnppVuXbcCE-unsplash__pristine3x.png	turbo	420	75	model_proj	38.665	77.777	1.0334	ImageMagick	75.0	png
people	alexander-aguero-EnppVuXbcCE-unsplash__pristine3x.png	mozjpeg	420	15	identity_off	31.790	4.243	3.4178	Mozjpeg	15.0	png
people	alexander-aguero-EnppVuXbcCE-unsplash__pristine3x.png	mozjpeg	420	15	model_policy	32.476	13.584	3.2424	Mozjpeg	15.0	png
people	alexander-aguero-EnppVuXbcCE-unsplash__pristine3x.png	mozjpeg	420	15	model_proj	32.476	13.585	3.2424	Mozjpeg	15.0	png
people	alexander-aguero-EnppVuXbcCE-unsplash__pristine3x.png	mozjpeg	420	35	identity_off	34.713	47.783	2.0316	Mozjpeg	35.0	png
people	alexander-aguero-EnppVuXbcCE-unsplash__pristine3x.png	mozjpeg	420	35	model_policy	35.301	51.692	1.9296	Mozjpeg	35.0	png
people	alexander-aguero-EnppVuXbcCE-unsplash__pristine3x.png	mozjpeg	420	35	model_proj	35.301	51.691	1.9296	Mozjpeg	35.0	png
people	alexander-aguero-EnppVuXbcCE-unsplash__pristine3x.png	mozjpeg	420	55	identity_off	36.185	63.502	1.5781	Mozjpeg	55.0	png
people	alexander-aguero-EnppVuXbcCE-unsplash__pristine3x.png	mozjpeg	420	55	model_policy	36.661	65.216	1.5118	Mozjpeg	55.0	png
people	alexander-aguero-EnppVuXbcCE-unsplash__pristine3x.png	mozjpeg	420	55	model_proj	36.661	65.221	1.5118	Mozjpeg	55.0	png
people	alexander-aguero-EnppVuXbcCE-unsplash__pristine3x.png	mozjpeg	420	75	identity_off	37.860	75.173	1.1910	Mozjpeg	75.0	png
people	alexander-aguero-EnppVuXbcCE-unsplash__pristine3x.png	mozjpeg	420	75	model_policy	38.191	75.565	1.1581	Mozjpeg	75.0	png
people	alexander-aguero-EnppVuXbcCE-unsplash__pristine3x.png	mozjpeg	420	75	model_proj	38.191	75.553	1.1581	Mozjpeg	75.0	png
people	anastasia-pivnenko-PRNG6R1nSpQ-unsplash__pristine3x.png	turbo	420	15	identity_off	30.026	21.975	2.9411	Unknown	15.0	png
people	anastasia-pivnenko-PRNG6R1nSpQ-unsplash__pristine3x.png	turbo	420	15	model_policy	30.594	29.752	2.7998	Unknown	15.0	png
people	anastasia-pivnenko-PRNG6R1nSpQ-unsplash__pristine3x.png	turbo	420	15	model_proj	30.594	29.753	2.7998	Unknown	15.0	png
people	anastasia-pivnenko-PRNG6R1nSpQ-unsplash__pristine3x.png	turbo	420	35	identity_off	32.566	56.995	1.8172	ImageMagick	35.0	png
people	anastasia-pivnenko-PRNG6R1nSpQ-unsplash__pristine3x.png	turbo	420	35	model_policy	33.030	59.569	1.7385	ImageMagick	35.0	png
people	anastasia-pivnenko-PRNG6R1nSpQ-unsplash__pristine3x.png	turbo	420	35	model_proj	33.030	59.565	1.7384	ImageMagick	35.0	png
people	anastasia-pivnenko-PRNG6R1nSpQ-unsplash__pristine3x.png	turbo	420	55	identity_off	33.778	67.961	1.4789	ImageMagick	55.0	png
people	anastasia-pivnenko-PRNG6R1nSpQ-unsplash__pristine3x.png	turbo	420	55	model_policy	34.159	68.837	1.4209	ImageMagick	55.0	png
people	anastasia-pivnenko-PRNG6R1nSpQ-unsplash__pristine3x.png	turbo	420	55	model_proj	34.159	68.846	1.4208	ImageMagick	55.0	png
people	anastasia-pivnenko-PRNG6R1nSpQ-unsplash__pristine3x.png	turbo	420	75	identity_off	35.192	76.365	1.1753	ImageMagick	75.0	png
people	anastasia-pivnenko-PRNG6R1nSpQ-unsplash__pristine3x.png	turbo	420	75	model_policy	35.466	76.562	1.1430	ImageMagick	75.0	png
people	anastasia-pivnenko-PRNG6R1nSpQ-unsplash__pristine3x.png	turbo	420	75	model_proj	35.469	76.555	1.1423	ImageMagick	75.0	png
people	anastasia-pivnenko-PRNG6R1nSpQ-unsplash__pristine3x.png	mozjpeg	420	15	identity_off	29.376	14.389	3.4147	Mozjpeg	15.0	png
people	anastasia-pivnenko-PRNG6R1nSpQ-unsplash__pristine3x.png	mozjpeg	420	15	model_policy	29.869	21.043	3.2800	Mozjpeg	15.0	png
people	anastasia-pivnenko-PRNG6R1nSpQ-unsplash__pristine3x.png	mozjpeg	420	15	model_proj	29.869	21.041	3.2800	Mozjpeg	15.0	png
people	anastasia-pivnenko-PRNG6R1nSpQ-unsplash__pristine3x.png	mozjpeg	420	35	identity_off	32.029	51.894	2.0849	Mozjpeg	35.0	png
people	anastasia-pivnenko-PRNG6R1nSpQ-unsplash__pristine3x.png	mozjpeg	420	35	model_policy	32.448	54.027	2.0187	Mozjpeg	35.0	png
people	anastasia-pivnenko-PRNG6R1nSpQ-unsplash__pristine3x.png	mozjpeg	420	35	model_proj	32.448	54.031	2.0187	Mozjpeg	35.0	png
people	anastasia-pivnenko-PRNG6R1nSpQ-unsplash__pristine3x.png	mozjpeg	420	55	identity_off	33.384	64.587	1.6506	Mozjpeg	55.0	png
people	anastasia-pivnenko-PRNG6R1nSpQ-unsplash__pristine3x.png	mozjpeg	420	55	model_policy	33.709	65.356	1.6113	Mozjpeg	55.0	png
people	anastasia-pivnenko-PRNG6R1nSpQ-unsplash__pristine3x.png	mozjpeg	420	55	model_proj	33.709	65.353	1.6113	Mozjpeg	55.0	png
people	anastasia-pivnenko-PRNG6R1nSpQ-unsplash__pristine3x.png	mozjpeg	420	75	identity_off	34.876	74.370	1.3014	Mozjpeg	75.0	png
people	anastasia-pivnenko-PRNG6R1nSpQ-unsplash__pristine3x.png	mozjpeg	420	75	model_policy	35.093	74.275	1.2809	Mozjpeg	75.0	png
people	anastasia-pivnenko-PRNG6R1nSpQ-unsplash__pristine3x.png	mozjpeg	420	75	model_proj	35.093	74.270	1.2808	Mozjpeg	75.0	png
people	ashford-marx-5nEMKAK1WQs-unsplash__pristine3x.png	turbo	420	15	identity_off	25.243	27.252	3.2640	Unknown	15.0	png
people	ashford-marx-5nEMKAK1WQs-unsplash__pristine3x.png	turbo	420	15	model_policy	25.490	30.769	3.1399	Unknown	15.0	png
people	ashford-marx-5nEMKAK1WQs-unsplash__pristine3x.png	turbo	420	15	model_proj	25.490	30.766	3.1399	Unknown	15.0	png
people	ashford-marx-5nEMKAK1WQs-unsplash__pristine3x.png	turbo	420	35	identity_off	27.687	56.663	2.0694	ImageMagick	35.0	png
people	ashford-marx-5nEMKAK1WQs-unsplash__pristine3x.png	turbo	420	35	model_policy	27.892	57.817	2.0108	ImageMagick	35.0	png
people	ashford-marx-5nEMKAK1WQs-unsplash__pristine3x.png	turbo	420	35	model_proj	27.892	57.826	2.0108	ImageMagick	35.0	png
people	ashford-marx-5nEMKAK1WQs-unsplash__pristine3x.png	turbo	420	55	identity_off	29.299	66.888	1.6368	ImageMagick	55.0	png
people	ashford-marx-5nEMKAK1WQs-unsplash__pristine3x.png	turbo	420	55	model_policy	29.467	67.543	1.5913	ImageMagick	55.0	png
people	ashford-marx-5nEMKAK1WQs-unsplash__pristine3x.png	turbo	420	55	model_proj	29.467	67.534	1.5912	ImageMagick	55.0	png
people	ashford-marx-5nEMKAK1WQs-unsplash__pristine3x.png	turbo	420	75	identity_off	31.643	75.644	1.2155	ImageMagick	75.0	png
people	ashford-marx-5nEMKAK1WQs-unsplash__pristine3x.png	turbo	420	75	model_policy	31.764	75.846	1.1815	ImageMagick	75.0	png
people	ashford-marx-5nEMKAK1WQs-unsplash__pristine3x.png	turbo	420	75	model_proj	31.764	75.862	1.1814	ImageMagick	75.0	png
people	ashford-marx-5nEMKAK1WQs-unsplash__pristine3x.png	mozjpeg	420	15	identity_off	24.502	18.581	3.7724	Mozjpeg	15.0	png
people	ashford-marx-5nEMKAK1WQs-unsplash__pristine3x.png	mozjpeg	420	15	model_policy	24.700	21.534	3.7060	Mozjpeg	15.0	png
people	ashford-marx-5nEMKAK1WQs-unsplash__pristine3x.png	mozjpeg	420	15	model_proj	24.700	21.538	3.7060	Mozjpeg	15.0	png
people	ashford-marx-5nEMKAK1WQs-unsplash__pristine3x.png	mozjpeg	420	35	identity_off	26.864	50.923	2.3738	Mozjpeg	35.0	png
people	ashford-marx-5nEMKAK1WQs-unsplash__pristine3x.png	mozjpeg	420	35	model_policy	27.034	51.832	2.3495	Mozjpeg	35.0	png
people	ashford-marx-5nEMKAK1WQs-unsplash__pristine3x.png	mozjpeg	420	35	model_proj	27.034	51.832	2.3495	Mozjpeg	35.0	png
people	ashford-marx-5nEMKAK1WQs-unsplash__pristine3x.png	mozjpeg	420	55	identity_off	28.308	62.436	1.9081	Mozjpeg	55.0	png
people	ashford-marx-5nEMKAK1WQs-unsplash__pristine3x.png	mozjpeg	420	55	model_policy	28.448	62.805	1.8893	Mozjpeg	55.0	png
people	ashford-marx-5nEMKAK1WQs-unsplash__pristine3x.png	mozjpeg	420	55	model_proj	28.448	62.811	1.8893	Mozjpeg	55.0	png
people	ashford-marx-5nEMKAK1WQs-unsplash__pristine3x.png	mozjpeg	420	75	identity_off	30.380	72.566	1.4301	Mozjpeg	75.0	png
people	ashford-marx-5nEMKAK1WQs-unsplash__pristine3x.png	mozjpeg	420	75	model_policy	30.481	72.612	1.4170	Mozjpeg	75.0	png
people	ashford-marx-5nEMKAK1WQs-unsplash__pristine3x.png	mozjpeg	420	75	model_proj	30.481	72.612	1.4170	Mozjpeg	75.0	png
people	bjorn-pierre-ureo1XIikao-unsplash__pristine3x.png	turbo	420	15	identity_off	32.324	36.412	2.8082	Unknown	15.0	png
people	bjorn-pierre-ureo1XIikao-unsplash__pristine3x.png	turbo	420	15	model_policy	32.716	43.456	2.6145	Unknown	15.0	png
people	bjorn-pierre-ureo1XIikao-unsplash__pristine3x.png	turbo	420	15	model_proj	32.716	43.445	2.6145	Unknown	15.0	png
people	bjorn-pierre-ureo1XIikao-unsplash__pristine3x.png	turbo	420	35	identity_off	34.398	62.305	1.6255	ImageMagick	35.0	png
people	bjorn-pierre-ureo1XIikao-unsplash__pristine3x.png	turbo	420	35	model_policy	34.768	65.282	1.5358	ImageMagick	35.0	png
people	bjorn-pierre-ureo1XIikao-unsplash__pristine3x.png	turbo	420	35	model_proj	34.769	65.292	1.5354	ImageMagick	35.0	png
people	bjorn-pierre-ureo1XIikao-unsplash__pristine3x.png	turbo	420	55	identity_off	35.073	67.098	1.3665	ImageMagick	55.0	png
people	bjorn-pierre-ureo1XIikao-unsplash__pristine3x.png	turbo	420	55	model_policy	35.374	68.364	1.2887	ImageMagick	55.0	png
people	bjorn-pierre-ureo1XIikao-unsplash__pristine3x.png	turbo	420	55	model_proj	35.374	68.363	1.2874	ImageMagick	55.0	png
people	bjorn-pierre-ureo1XIikao-unsplash__pristine3x.png	turbo	420	75	identity_off	35.856	76.207	1.1500	ImageMagick	75.0	png
people	bjorn-pierre-ureo1XIikao-unsplash__pristine3x.png	turbo	420	75	model_policy	36.077	76.623	1.1039	ImageMagick	75.0	png
people	bjorn-pierre-ureo1XIikao-unsplash__pristine3x.png	turbo	420	75	model_proj	36.079	76.657	1.1033	ImageMagick	75.0	png
people	bjorn-pierre-ureo1XIikao-unsplash__pristine3x.png	mozjpeg	420	15	identity_off	31.973	35.528	3.0327	Mozjpeg	15.0	png
people	bjorn-pierre-ureo1XIikao-unsplash__pristine3x.png	mozjpeg	420	15	model_policy	32.327	41.373	2.8496	Mozjpeg	15.0	png
people	bjorn-pierre-ureo1XIikao-unsplash__pristine3x.png	mozjpeg	420	15	model_proj	32.327	41.373	2.8496	Mozjpeg	15.0	png
people	bjorn-pierre-ureo1XIikao-unsplash__pristine3x.png	mozjpeg	420	35	identity_off	34.187	60.242	1.7898	Mozjpeg	35.0	png
people	bjorn-pierre-ureo1XIikao-unsplash__pristine3x.png	mozjpeg	420	35	model_policy	34.544	63.268	1.6684	Mozjpeg	35.0	png
people	bjorn-pierre-ureo1XIikao-unsplash__pristine3x.png	mozjpeg	420	35	model_proj	34.544	63.267	1.6684	Mozjpeg	35.0	png
people	bjorn-pierre-ureo1XIikao-unsplash__pristine3x.png	mozjpeg	420	55	identity_off	34.991	65.752	1.4404	Mozjpeg	55.0	png
people	bjorn-pierre-ureo1XIikao-unsplash__pristine3x.png	mozjpeg	420	55	model_policy	35.283	66.395	1.3678	Mozjpeg	55.0	png
people	bjorn-pierre-ureo1XIikao-unsplash__pristine3x.png	mozjpeg	420	55	model_proj	35.283	66.389	1.3677	Mozjpeg	55.0	png
people	bjorn-pierre-ureo1XIikao-unsplash__pristine3x.png	mozjpeg	420	75	identity_off	35.916	75.506	1.1754	Mozjpeg	75.0	png
people	bjorn-pierre-ureo1XIikao-unsplash__pristine3x.png	mozjpeg	420	75	model_policy	36.099	75.521	1.1420	Mozjpeg	75.0	png
people	bjorn-pierre-ureo1XIikao-unsplash__pristine3x.png	mozjpeg	420	75	model_proj	36.100	75.529	1.1418	Mozjpeg	75.0	png
people	christian-agbede-A1gWJze3il4-unsplash__pristine3x.png	turbo	420	15	identity_off	28.697	18.234	2.8923	Unknown	15.0	png
people	christian-agbede-A1gWJze3il4-unsplash__pristine3x.png	turbo	420	15	model_policy	29.265	26.761	2.7806	Unknown	15.0	png
people	christian-agbede-A1gWJze3il4-unsplash__pristine3x.png	turbo	420	15	model_proj	29.265	26.763	2.7806	Unknown	15.0	png
people	christian-agbede-A1gWJze3il4-unsplash__pristine3x.png	turbo	420	35	identity_off	31.221	54.551	1.8074	ImageMagick	35.0	png
people	christian-agbede-A1gWJze3il4-unsplash__pristine3x.png	turbo	420	35	model_policy	31.728	57.881	1.7288	ImageMagick	35.0	png
people	christian-agbede-A1gWJze3il4-unsplash__pristine3x.png	turbo	420	35	model_proj	31.728	57.886	1.7288	ImageMagick	35.0	png
people	christian-agbede-A1gWJze3il4-unsplash__pristine3x.png	turbo	420	55	identity_off	32.425	65.119	1.5125	ImageMagick	55.0	png
people	christian-agbede-A1gWJze3il4-unsplash__pristine3x.png	turbo	420	55	model_policy	32.851	66.610	1.4604	ImageMagick	55.0	png
people	christian-agbede-A1gWJze3il4-unsplash__pristine3x.png	turbo	420	55	model_proj	32.851	66.619	1.4603	ImageMagick	55.0	png
people	christian-agbede-A1gWJze3il4-unsplash__pristine3x.png	turbo	420	75	identity_off	34.054	74.128	1.1947	ImageMagick	75.0	png
people	christian-agbede-A1gWJze3il4-unsplash__pristine3x.png	turbo	420	75	model_policy	34.374	74.383	1.1567	ImageMagick	75.0	png
people	christian-agbede-A1gWJze3il4-unsplash__pristine3x.png	turbo	420	75	model_proj	34.375	74.421	1.1562	ImageMagick	75.0	png
people	christian-agbede-A1gWJze3il4-unsplash__pristine3x.png	mozjpeg	420	15	identity_off	27.706	11.099	3.4751	Mozjpeg	15.0	png
people	christian-agbede-A1gWJze3il4-unsplash__pristine3x.png	mozjpeg	420	15	model_policy	28.182	17.467	3.3861	Mozjpeg	15.0	png
people	christian-agbede-A1gWJze3il4-unsplash__pristine3x.png	mozjpeg	420	15	model_proj	28.182	17.462	3.3861	Mozjpeg	15.0	png
people	christian-agbede-A1gWJze3il4-unsplash__pristine3x.png	mozjpeg	420	35	identity_off	30.423	49.955	2.1301	Mozjpeg	35.0	png
people	christian-agbede-A1gWJze3il4-unsplash__pristine3x.png	mozjpeg	420	35	model_policy	30.973	53.058	2.0526	Mozjpeg	35.0	png
people	christian-agbede-A1gWJze3il4-unsplash__pristine3x.png	mozjpeg	420	35	model_proj	30.972	53.042	2.0526	Mozjpeg	35.0	png
people	christian-agbede-A1gWJze3il4-unsplash__pristine3x.png	mozjpeg	420	55	identity_off	31.721	61.675	1.7746	Mozjpeg	55.0	png
people	christian-agbede-A1gWJze3il4-unsplash__pristine3x.png	mozjpeg	420	55	model_policy	32.203	63.293	1.7242	Mozjpeg	55.0	png
people	christian-agbede-A1gWJze3il4-unsplash__pristine3x.png	mozjpeg	420	55	model_proj	32.203	63.290	1.7243	Mozjpeg	55.0	png
people	christian-agbede-A1gWJze3il4-unsplash__pristine3x.png	mozjpeg	420	75	identity_off	33.348	71.486	1.3545	Mozjpeg	75.0	png
people	christian-agbede-A1gWJze3il4-unsplash__pristine3x.png	mozjpeg	420	75	model_policy	33.694	71.768	1.3255	Mozjpeg	75.0	png
people	christian-agbede-A1gWJze3il4-unsplash__pristine3x.png	mozjpeg	420	75	model_proj	33.694	71.751	1.3255	Mozjpeg	75.0	png
people	david-utt-9p-V5MUdkLY-unsplash__pristine3x.png	turbo	420	15	identity_off	30.510	15.506	3.1967	Unknown	15.0	png
people	david-utt-9p-V5MUdkLY-unsplash__pristine3x.png	turbo	420	15	model_policy	31.054	23.745	3.0302	Unknown	15.0	png
people	david-utt-9p-V5MUdkLY-unsplash__pristine3x.png	turbo	420	15	model_proj	31.054	23.763	3.0302	Unknown	15.0	png
people	david-utt-9p-V5MUdkLY-unsplash__pristine3x.png	turbo	420	35	identity_off	33.296	56.376	1.9512	ImageMagick	35.0	png
people	david-utt-9p-V5MUdkLY-unsplash__pristine3x.png	turbo	420	35	model_policy	33.706	59.141	1.8711	ImageMagick	35.0	png
people	david-utt-9p-V5MUdkLY-unsplash__pristine3x.png	turbo	420	35	model_proj	33.706	59.143	1.8710	ImageMagick	35.0	png
people	david-utt-9p-V5MUdkLY-unsplash__pristine3x.png	turbo	420	55	identity_off	34.490	67.780	1.5607	ImageMagick	55.0	png
people	david-utt-9p-V5MUdkLY-unsplash__pristine3x.png	turbo	420	55	model_policy	34.795	68.666	1.5082	ImageMagick	55.0	png
people	david-utt-9p-V5MUdkLY-unsplash__pristine3x.png	turbo	420	55	model_proj	34.795	68.684	1.5079	ImageMagick	55.0	png
people	david-utt-9p-V5MUdkLY-unsplash__pristine3x.png	turbo	420	75	identity_off	35.919	76.435	1.2060	ImageMagick	75.0	png
people	david-utt-9p-V5MUdkLY-unsplash__pristine3x.png	turbo	420	75	model_policy	36.137	76.473	1.1770	ImageMagick	75.0	png
people	david-utt-9p-V5MUdkLY-unsplash__pristine3x.png	turbo	420	75	model_proj	36.139	76.520	1.1755	ImageMagick	75.0	png
people	david-utt-9p-V5MUdkLY-unsplash__pristine3x.png	mozjpeg	420	15	identity_off	29.862	6.005	3.5202	Mozjpeg	15.0	png
people	david-utt-9p-V5MUdkLY-unsplash__pristine3x.png	mozjpeg	420	15	model_policy	30.312	12.801	3.3724	Mozjpeg	15.0	png
people	david-utt-9p-V5MUdkLY-unsplash__pristine3x.png	mozjpeg	420	15	model_proj	30.312	12.805	3.3724	Mozjpeg	15.0	png
people	david-utt-9p-V5MUdkLY-unsplash__pristine3x.png	mozjpeg	420	35	identity_off	32.699	50.303	2.0742	Mozjpeg	35.0	png
people	david-utt-9p-V5MUdkLY-unsplash__pristine3x.png	mozjpeg	420	35	model_policy	33.067	53.178	1.9932	Mozjpeg	35.0	png
people	david-utt-9p-V5MUdkLY-unsplash__pristine3x.png	mozjpeg	420	35	model_proj	33.067	53.185	1.9932	Mozjpeg	35.0	png
people	david-utt-9p-V5MUdkLY-unsplash__pristine3x.png	mozjpeg	420	55	identity_off	34.038	64.211	1.6560	Mozjpeg	55.0	png
people	david-utt-9p-V5MUdkLY-unsplash__pristine3x.png	mozjpeg	420	55	model_policy	34.320	65.412	1.6008	Mozjpeg	55.0	png
people	david-utt-9p-V5MUdkLY-unsplash__pristine3x.png	mozjpeg	420	55	model_proj	34.320	65.436	1.6008	Mozjpeg	55.0	png
people	david-utt-9p-V5MUdkLY-unsplash__pristine3x.png	mozjpeg	420	75	identity_off	35.523	74.440	1.3058	Mozjpeg	75.0	png
people	david-utt-9p-V5MUdkLY-unsplash__pristine3x.png	mozjpeg	420	75	model_policy	35.678	74.332	1.2890	Mozjpeg	75.0	png
people	david-utt-9p-V5MUdkLY-unsplash__pristine3x.png	mozjpeg	420	75	model_proj	35.679	74.380	1.2890	Mozjpeg	75.0	png
people	dwayne-joe-1qJf4Jk8BH0-unsplash__pristine3x.png	turbo	420	15	identity_off	25.858	22.034	3.1882	Unknown	15.0	png
people	dwayne-joe-1qJf4Jk8BH0-unsplash__pristine3x.png	turbo	420	15	model_policy	26.151	24.669	3.1196	Unknown	15.0	png
people	dwayne-joe-1qJf4Jk8BH0-unsplash__pristine3x.png	turbo	420	15	model_proj	26.151	24.665	3.1196	Unknown	15.0	png
people	dwayne-joe-1qJf4Jk8BH0-unsplash__pristine3x.png	turbo	420	35	identity_off	28.039	52.771	2.0848	ImageMagick	35.0	png
people	dwayne-joe-1qJf4Jk8BH0-unsplash__pristine3x.png	turbo	420	35	model_policy	28.265	53.556	2.0473	ImageMagick	35.0	png
people	dwayne-joe-1qJf4Jk8BH0-unsplash__pristine3x.png	turbo	420	35	model_proj	28.265	53.553	2.0473	ImageMagick	35.0	png
people	dwayne-joe-1qJf4Jk8BH0-unsplash__pristine3x.png	turbo	420	55	identity_off	29.487	63.123	1.7135	ImageMagick	55.0	png
people	dwayne-joe-1qJf4Jk8BH0-unsplash__pristine3x.png	turbo	420	55	model_policy	29.678	63.541	1.6843	ImageMagick	55.0	png
people	dwayne-joe-1qJf4Jk8BH0-unsplash__pristine3x.png	turbo	420	55	model_proj	29.679	63.566	1.6839	ImageMagick	55.0	png
people	dwayne-joe-1qJf4Jk8BH0-unsplash__pristine3x.png	turbo	420	75	identity_off	31.697	72.816	1.2845	ImageMagick	75.0	png
people	dwayne-joe-1qJf4Jk8BH0-unsplash__pristine3x.png	turbo	420	75	model_policy	31.854	73.103	1.2656	ImageMagick	75.0	png
people	dwayne-joe-1qJf4Jk8BH0-unsplash__pristine3x.png	turbo	420	75	model_proj	31.855	73.114	1.2655	ImageMagick	75.0	png
people	dwayne-joe-1qJf4Jk8BH0-unsplash__pristine3x.png	mozjpeg	420	15	identity_off	24.982	9.539	3.8747	Mozjpeg	15.0	png
people	dwayne-joe-1qJf4Jk8BH0-unsplash__pristine3x.png	mozjpeg	420	15	model_policy	25.220	12.105	3.8234	Mozjpeg	15.0	png
people	dwayne-joe-1qJf4Jk8BH0-unsplash__pristine3x.png	mozjpeg	420	15	model_proj	25.220	12.105	3.8234	Mozjpeg	15.0	png
people	dwayne-joe-1qJf4Jk8BH0-unsplash__pristine3x.png	mozjpeg	420	35	identity_off	27.223	44.710	2.4946	Mozjpeg	35.0	png
people	dwayne-joe-1qJf4Jk8BH0-unsplash__pristine3x.png	mozjpeg	420	35	model_policy	27.427	45.036	2.4772	Mozjpeg	35.0	png
people	dwayne-joe-1qJf4Jk8BH0-unsplash__pristine3x.png	mozjpeg	420	35	model_proj	27.427	45.038	2.4772	Mozjpeg	35.0	png
people	dwayne-joe-1qJf4Jk8BH0-unsplash__pristine3x.png	mozjpeg	420	55	identity_off	28.586	57.692	1.9773	Mozjpeg	55.0	png
people	dwayne-joe-1qJf4Jk8BH0-unsplash__pristine3x.png	mozjpeg	420	55	model_policy	28.759	57.784	1.9619	Mozjpeg	55.0	png
people	dwayne-joe-1qJf4Jk8BH0-unsplash__pristine3x.png	mozjpeg	420	55	model_proj	28.759	57.782	1.9619	Mozjpeg	55.0	png
people	dwayne-joe-1qJf4Jk8BH0-unsplash__pristine3x.png	mozjpeg	420	75	identity_off	30.530	69.008	1.4981	Mozjpeg	75.0	png
people	dwayne-joe-1qJf4Jk8BH0-unsplash__pristine3x.png	mozjpeg	420	75	model_policy	30.665	69.026	1.4873	Mozjpeg	75.0	png
people	dwayne-joe-1qJf4Jk8BH0-unsplash__pristine3x.png	mozjpeg	420	75	model_proj	30.665	69.032	1.4873	Mozjpeg	75.0	png
people	dwayne-joe-6-Rwiq8VbKs-unsplash__pristine3x.png	turbo	420	15	identity_off	25.340	29.547	3.1198	Unknown	15.0	png
people	dwayne-joe-6-Rwiq8VbKs-unsplash__pristine3x.png	turbo	420	15	model_policy	25.630	33.059	3.0567	Unknown	15.0	png
people	dwayne-joe-6-Rwiq8VbKs-unsplash__pristine3x.png	turbo	420	15	model_proj	25.630	33.066	3.0567	Unknown	15.0	png
people	dwayne-joe-6-Rwiq8VbKs-unsplash__pristine3x.png	turbo	420	35	identity_off	27.679	56.183	2.0768	ImageMagick	35.0	png
people	dwayne-joe-6-Rwiq8VbKs-unsplash__pristine3x.png	turbo	420	35	model_policy	27.992	58.017	2.0171	ImageMagick	35.0	png
people	dwayne-joe-6-Rwiq8VbKs-unsplash__pristine3x.png	turbo	420	35	model_proj	27.998	58.092	2.0160	ImageMagick	35.0	png
people	dwayne-joe-6-Rwiq8VbKs-unsplash__pristine3x.png	turbo	420	55	identity_off	29.005	63.206	1.9294	ImageMagick	55.0	png
people	dwayne-joe-6-Rwiq8VbKs-unsplash__pristine3x.png	turbo	420	55	model_policy	29.301	64.777	1.8802	ImageMagick	55.0	png
people	dwayne-joe-6-Rwiq8VbKs-unsplash__pristine3x.png	turbo	420	55	model_proj	29.319	64.957	1.8775	ImageMagick	55.0	png
people	dwayne-joe-6-Rwiq8VbKs-unsplash__pristine3x.png	turbo	420	75	identity_off	30.948	71.468	1.2928	ImageMagick	75.0	png
people	dwayne-joe-6-Rwiq8VbKs-unsplash__pristine3x.png	turbo	420	75	model_policy	31.224	72.508	1.2377	ImageMagick	75.0	png
people	dwayne-joe-6-Rwiq8VbKs-unsplash__pristine3x.png	turbo	420	75	model_proj	31.261	72.645	1.2173	ImageMagick	75.0	png
people	dwayne-joe-6-Rwiq8VbKs-unsplash__pristine3x.png	mozjpeg	420	15	identity_off	24.096	23.104	3.7301	Mozjpeg	15.0	png
people	dwayne-joe-6-Rwiq8VbKs-unsplash__pristine3x.png	mozjpeg	420	15	model_policy	24.353	25.894	3.6764	Mozjpeg	15.0	png
people	dwayne-joe-6-Rwiq8VbKs-unsplash__pristine3x.png	mozjpeg	420	15	model_proj	24.353	25.893	3.6764	Mozjpeg	15.0	png
people	dwayne-joe-6-Rwiq8VbKs-unsplash__pristine3x.png	mozjpeg	420	35	identity_off	26.694	52.415	2.4340	Mozjpeg	35.0	png
people	dwayne-joe-6-Rwiq8VbKs-unsplash__pristine3x.png	mozjpeg	420	35	model_policy	26.975	53.778	2.3991	Mozjpeg	35.0	png
people	dwayne-joe-6-Rwiq8VbKs-unsplash__pristine3x.png	mozjpeg	420	35	model_proj	26.976	53.778	2.3992	Mozjpeg	35.0	png
people	dwayne-joe-6-Rwiq8VbKs-unsplash__pristine3x.png	mozjpeg	420	55	identity_off	28.045	61.773	2.1216	Mozjpeg	55.0	png
people	dwayne-joe-6-Rwiq8VbKs-unsplash__pristine3x.png	mozjpeg	420	55	model_policy	28.320	62.825	2.0952	Mozjpeg	55.0	png
people	dwayne-joe-6-Rwiq8VbKs-unsplash__pristine3x.png	mozjpeg	420	55	model_proj	28.322	62.837	2.0949	Mozjpeg	55.0	png
people	dwayne-joe-6-Rwiq8VbKs-unsplash__pristine3x.png	mozjpeg	420	75	identity_off	29.989	70.374	1.5207	Mozjpeg	75.0	png
people	dwayne-joe-6-Rwiq8VbKs-unsplash__pristine3x.png	mozjpeg	420	75	model_policy	30.239	71.019	1.4924	Mozjpeg	75.0	png
people	dwayne-joe-6-Rwiq8VbKs-unsplash__pristine3x.png	mozjpeg	420	75	model_proj	30.245	71.085	1.4902	Mozjpeg	75.0	png
screen	archive__details-collection__1440x900__dpr1.png	turbo	420	15	identity_off	40.114	85.700	4.7848	Unknown	15.0	png
screen	archive__details-collection__1440x900__dpr1.png	turbo	420	15	model_policy	37.351	89.931	6.1131	Unknown	15.0	png
screen	archive__details-collection__1440x900__dpr1.png	turbo	420	15	model_proj	37.351	89.931	6.1131	Unknown	15.0	png
screen	archive__details-collection__1440x900__dpr1.png	turbo	420	35	identity_off	48.131	90.220	2.3578	ImageMagick	35.0	png
screen	archive__details-collection__1440x900__dpr1.png	turbo	420	35	model_policy	48.131	90.227	2.3578	ImageMagick	35.0	png
screen	archive__details-collection__1440x900__dpr1.png	turbo	420	35	model_proj	48.131	90.227	2.3578	ImageMagick	35.0	png
screen	archive__details-collection__1440x900__dpr1.png	turbo	420	55	identity_off	45.912	88.295	2.6346	ImageMagick	55.0	png
screen	archive__details-collection__1440x900__dpr1.png	turbo	420	55	model_policy	49.783	90.549	1.9284	ImageMagick	55.0	png
screen	archive__details-collection__1440x900__dpr1.png	turbo	420	55	model_proj	49.783	90.549	1.9284	ImageMagick	55.0	png
screen	archive__details-collection__1440x900__dpr1.png	turbo	420	75	identity_off	99.000	100.000	0.0000	ImageMagick	75.0	png
screen	archive__details-collection__1440x900__dpr1.png	turbo	420	75	model_policy	53.082	92.566	0.8283	ImageMagick	75.0	png
screen	archive__details-collection__1440x900__dpr1.png	turbo	420	75	model_proj	53.082	92.566	0.8283	ImageMagick	75.0	png
screen	archive__details-collection__1440x900__dpr1.png	mozjpeg	420	15	identity_off	40.114	85.700	4.7848	Mozjpeg	15.0	png
screen	archive__details-collection__1440x900__dpr1.png	mozjpeg	420	15	model_policy	37.351	89.931	6.1131	Mozjpeg	15.0	png
screen	archive__details-collection__1440x900__dpr1.png	mozjpeg	420	15	model_proj	37.351	89.931	6.1131	Mozjpeg	15.0	png
screen	archive__details-collection__1440x900__dpr1.png	mozjpeg	420	35	identity_off	48.131	90.220	2.3578	Mozjpeg	35.0	png
screen	archive__details-collection__1440x900__dpr1.png	mozjpeg	420	35	model_policy	48.131	90.227	2.3578	Mozjpeg	35.0	png
screen	archive__details-collection__1440x900__dpr1.png	mozjpeg	420	35	model_proj	48.131	90.227	2.3578	Mozjpeg	35.0	png
screen	archive__details-collection__1440x900__dpr1.png	mozjpeg	420	55	identity_off	45.912	88.295	2.6346	Mozjpeg	55.0	png
screen	archive__details-collection__1440x900__dpr1.png	mozjpeg	420	55	model_policy	49.783	90.549	1.9284	Mozjpeg	55.0	png
screen	archive__details-collection__1440x900__dpr1.png	mozjpeg	420	55	model_proj	49.783	90.549	1.9284	Mozjpeg	55.0	png
screen	archive__details-collection__1440x900__dpr1.png	mozjpeg	420	75	identity_off	99.000	100.000	0.0000	Mozjpeg	75.0	png
screen	archive__details-collection__1440x900__dpr1.png	mozjpeg	420	75	model_policy	53.082	92.566	0.8283	Mozjpeg	75.0	png
screen	archive__details-collection__1440x900__dpr1.png	mozjpeg	420	75	model_proj	53.082	92.566	0.8283	Mozjpeg	75.0	png
screen	archive__wayback-search__1440x900__dpr1.png	turbo	420	15	identity_off	27.359	39.624	3.4768	Unknown	15.0	png
screen	archive__wayback-search__1440x900__dpr1.png	turbo	420	15	model_policy	28.203	44.582	3.1844	Unknown	15.0	png
screen	archive__wayback-search__1440x900__dpr1.png	turbo	420	15	model_proj	28.204	44.576	3.1844	Unknown	15.0	png
screen	archive__wayback-search__1440x900__dpr1.png	turbo	420	35	identity_off	30.292	59.438	2.2581	ImageMagick	35.0	png
screen	archive__wayback-search__1440x900__dpr1.png	turbo	420	35	model_policy	31.510	65.166	1.8786	ImageMagick	35.0	png
screen	archive__wayback-search__1440x900__dpr1.png	turbo	420	35	model_proj	31.521	65.260	1.8778	ImageMagick	35.0	png
screen	archive__wayback-search__1440x900__dpr1.png	turbo	420	55	identity_off	31.976	67.103	1.8614	ImageMagick	55.0	png
screen	archive__wayback-search__1440x900__dpr1.png	turbo	420	55	model_policy	33.276	72.643	1.4780	ImageMagick	55.0	png
screen	archive__wayback-search__1440x900__dpr1.png	turbo	420	55	model_proj	33.300	72.754	1.4760	ImageMagick	55.0	png
screen	archive__wayback-search__1440x900__dpr1.png	turbo	420	75	identity_off	33.993	75.035	1.4080	ImageMagick	75.0	png
screen	archive__wayback-search__1440x900__dpr1.png	turbo	420	75	model_policy	35.262	79.346	1.1091	ImageMagick	75.0	png
screen	archive__wayback-search__1440x900__dpr1.png	turbo	420	75	model_proj	35.305	79.412	1.1042	ImageMagick	75.0	png
screen	archive__wayback-search__1440x900__dpr1.png	mozjpeg	420	15	identity_off	25.039	26.373	5.2733	Mozjpeg	15.0	png
screen	archive__wayback-search__1440x900__dpr1.png	mozjpeg	420	15	model_policy	25.555	30.610	5.1853	Mozjpeg	15.0	png
screen	archive__wayback-search__1440x900__dpr1.png	mozjpeg	420	15	model_proj	25.546	30.542	5.1977	Mozjpeg	15.0	png
screen	archive__wayback-search__1440x900__dpr1.png	mozjpeg	420	35	identity_off	28.412	54.093	3.2948	Mozjpeg	35.0	png
screen	archive__wayback-search__1440x900__dpr1.png	mozjpeg	420	35	model_policy	29.323	58.918	3.1263	Mozjpeg	35.0	png
screen	archive__wayback-search__1440x900__dpr1.png	mozjpeg	420	35	model_proj	29.286	58.291	3.1512	Mozjpeg	35.0	png
screen	archive__wayback-search__1440x900__dpr1.png	mozjpeg	420	55	identity_off	30.194	63.760	2.3893	Mozjpeg	55.0	png
screen	archive__wayback-search__1440x900__dpr1.png	mozjpeg	420	55	model_policy	31.303	68.375	2.1295	Mozjpeg	55.0	png
screen	archive__wayback-search__1440x900__dpr1.png	mozjpeg	420	55	model_proj	31.252	67.858	2.1628	Mozjpeg	55.0	png
screen	archive__wayback-search__1440x900__dpr1.png	mozjpeg	420	75	identity_off	32.466	73.688	1.7074	Mozjpeg	75.0	png
screen	archive__wayback-search__1440x900__dpr1.png	mozjpeg	420	75	model_policy	33.583	77.125	1.4723	Mozjpeg	75.0	png
screen	archive__wayback-search__1440x900__dpr1.png	mozjpeg	420	75	model_proj	33.542	76.666	1.5041	Mozjpeg	75.0	png
screen	archives__exhibits__1440x900__dpr1.png	turbo	420	15	identity_off	25.236	33.644	4.2854	Unknown	15.0	png
screen	archives__exhibits__1440x900__dpr1.png	turbo	420	15	model_policy	27.213	46.015	3.4534	Unknown	15.0	png
screen	archives__exhibits__1440x900__dpr1.png	turbo	420	15	model_proj	27.229	46.409	3.4317	Unknown	15.0	png
screen	archives__exhibits__1440x900__dpr1.png	turbo	420	35	identity_off	28.493	49.428	2.8171	ImageMagick	35.0	png
screen	archives__exhibits__1440x900__dpr1.png	turbo	420	35	model_policy	30.853	62.555	2.0899	ImageMagick	35.0	png
screen	archives__exhibits__1440x900__dpr1.png	turbo	420	35	model_proj	31.192	67.141	1.8519	ImageMagick	35.0	png
screen	archives__exhibits__1440x900__dpr1.png	turbo	420	55	identity_off	30.681	60.009	2.1357	ImageMagick	55.0	png
screen	archives__exhibits__1440x900__dpr1.png	turbo	420	55	model_policy	33.135	70.856	1.5476	ImageMagick	55.0	png
screen	archives__exhibits__1440x900__dpr1.png	turbo	420	55	model_proj	33.605	75.332	1.2860	ImageMagick	55.0	png
screen	archives__exhibits__1440x900__dpr1.png	turbo	420	75	identity_off	33.530	71.495	1.4966	ImageMagick	75.0	png
screen	archives__exhibits__1440x900__dpr1.png	turbo	420	75	model_policy	36.090	79.457	1.0853	ImageMagick	75.0	png
screen	archives__exhibits__1440x900__dpr1.png	turbo	420	75	model_proj	36.650	82.768	0.8621	ImageMagick	75.0	png
screen	archives__exhibits__1440x900__dpr1.png	mozjpeg	420	15	identity_off	22.686	42.743	4.4078	Mozjpeg	15.0	png
screen	archives__exhibits__1440x900__dpr1.png	mozjpeg	420	15	model_policy	23.979	49.139	4.1377	Mozjpeg	15.0	png
screen	archives__exhibits__1440x900__dpr1.png	mozjpeg	420	15	model_proj	23.885	53.226	3.8714	Mozjpeg	15.0	png
screen	archives__exhibits__1440x900__dpr1.png	mozjpeg	420	35	identity_off	25.817	55.617	3.5299	Mozjpeg	35.0	png
screen	archives__exhibits__1440x900__dpr1.png	mozjpeg	420	35	model_policy	27.653	63.243	3.1319	Mozjpeg	35.0	png
screen	archives__exhibits__1440x900__dpr1.png	mozjpeg	420	35	model_proj	27.614	69.777	2.3271	Mozjpeg	35.0	png
screen	archives__exhibits__1440x900__dpr1.png	mozjpeg	420	55	identity_off	28.001	64.982	2.5549	Mozjpeg	55.0	png
screen	archives__exhibits__1440x900__dpr1.png	mozjpeg	420	55	model_policy	30.018	71.793	2.1663	Mozjpeg	55.0	png
screen	archives__exhibits__1440x900__dpr1.png	mozjpeg	420	55	model_proj	30.016	76.838	1.5859	Mozjpeg	55.0	png
screen	archives__exhibits__1440x900__dpr1.png	mozjpeg	420	75	identity_off	30.453	71.389	2.0090	Mozjpeg	75.0	png
screen	archives__exhibits__1440x900__dpr1.png	mozjpeg	420	75	model_policy	32.655	77.279	1.6387	Mozjpeg	75.0	png
screen	archives__exhibits__1440x900__dpr1.png	mozjpeg	420	75	model_proj	32.880	81.378	1.2052	Mozjpeg	75.0	png
screen	bls__employment-situation__1440x900__dpr1.png	turbo	420	15	identity_off	36.943	71.610	3.6726	Unknown	15.0	png
screen	bls__employment-situation__1440x900__dpr1.png	turbo	420	15	model_policy	39.111	76.972	3.0039	Unknown	15.0	png
screen	bls__employment-situation__1440x900__dpr1.png	turbo	420	15	model_proj	39.147	77.158	2.9439	Unknown	15.0	png
screen	bls__employment-situation__1440x900__dpr1.png	turbo	420	35	identity_off	41.587	78.665	2.1931	ImageMagick	35.0	png
screen	bls__employment-situation__1440x900__dpr1.png	turbo	420	35	model_policy	43.907	83.556	1.6505	ImageMagick	35.0	png
screen	bls__employment-situation__1440x900__dpr1.png	turbo	420	35	model_proj	44.322	84.766	1.4379	ImageMagick	35.0	png
screen	bls__employment-situation__1440x900__dpr1.png	turbo	420	55	identity_off	44.604	82.854	1.5019	ImageMagick	55.0	png
screen	bls__employment-situation__1440x900__dpr1.png	turbo	420	55	model_policy	47.086	86.746	1.0514	ImageMagick	55.0	png
screen	bls__employment-situation__1440x900__dpr1.png	turbo	420	55	model_proj	47.651	87.930	0.8811	ImageMagick	55.0	png
screen	bls__employment-situation__1440x900__dpr1.png	turbo	420	75	identity_off	48.842	87.242	0.9781	ImageMagick	75.0	png
screen	bls__employment-situation__1440x900__dpr1.png	turbo	420	75	model_policy	51.159	90.074	0.6607	ImageMagick	75.0	png
screen	bls__employment-situation__1440x900__dpr1.png	turbo	420	75	model_proj	51.780	90.618	0.5509	ImageMagick	75.0	png
screen	bls__employment-situation__1440x900__dpr1.png	mozjpeg	420	15	identity_off	35.225	76.396	2.3892	Mozjpeg	15.0	png
screen	bls__employment-situation__1440x900__dpr1.png	mozjpeg	420	15	model_policy	37.240	80.436	1.9132	Mozjpeg	15.0	png
screen	bls__employment-situation__1440x900__dpr1.png	mozjpeg	420	15	model_proj	36.794	80.096	1.4920	Mozjpeg	15.0	png
screen	bls__employment-situation__1440x900__dpr1.png	mozjpeg	420	35	identity_off	38.713	83.117	2.1034	Mozjpeg	35.0	png
screen	bls__employment-situation__1440x900__dpr1.png	mozjpeg	420	35	model_policy	40.549	85.349	1.8568	Mozjpeg	35.0	png
screen	bls__employment-situation__1440x900__dpr1.png	mozjpeg	420	35	model_proj	40.096	85.236	1.1832	Mozjpeg	35.0	png
screen	bls__employment-situation__1440x900__dpr1.png	mozjpeg	420	55	identity_off	41.130	85.525	1.8469	Mozjpeg	55.0	png
screen	bls__employment-situation__1440x900__dpr1.png	mozjpeg	420	55	model_policy	42.805	87.385	1.6225	Mozjpeg	55.0	png
screen	bls__employment-situation__1440x900__dpr1.png	mozjpeg	420	55	model_proj	42.493	87.383	1.0047	Mozjpeg	55.0	png
screen	bls__employment-situation__1440x900__dpr1.png	mozjpeg	420	75	identity_off	43.992	87.928	1.4688	Mozjpeg	75.0	png
screen	bls__employment-situation__1440x900__dpr1.png	mozjpeg	420	75	model_policy	45.647	89.150	1.3093	Mozjpeg	75.0	png
screen	bls__employment-situation__1440x900__dpr1.png	mozjpeg	420	75	model_proj	45.552	89.299	0.9272	Mozjpeg	75.0	png
screen	bookdown__r-stats__1440x900__dpr1.png	turbo	420	15	identity_off	28.241	43.919	3.2360	Unknown	15.0	png
screen	bookdown__r-stats__1440x900__dpr1.png	turbo	420	15	model_policy	30.429	53.279	2.5092	Unknown	15.0	png
screen	bookdown__r-stats__1440x900__dpr1.png	turbo	420	15	model_proj	30.434	53.336	2.5026	Unknown	15.0	png
screen	bookdown__r-stats__1440x900__dpr1.png	turbo	420	35	identity_off	31.441	58.019	2.2010	ImageMagick	35.0	png
screen	bookdown__r-stats__1440x900__dpr1.png	turbo	420	35	model_policy	33.860	67.490	1.5569	ImageMagick	35.0	png
screen	bookdown__r-stats__1440x900__dpr1.png	turbo	420	35	model_proj	34.031	69.404	1.3693	ImageMagick	35.0	png
screen	bookdown__r-stats__1440x900__dpr1.png	turbo	420	55	identity_off	33.156	66.045	1.6937	ImageMagick	55.0	png
screen	bookdown__r-stats__1440x900__dpr1.png	turbo	420	55	model_policy	35.525	73.885	1.1948	ImageMagick	55.0	png
screen	bookdown__r-stats__1440x900__dpr1.png	turbo	420	55	model_proj	35.781	75.983	1.0207	ImageMagick	55.0	png
screen	bookdown__r-stats__1440x900__dpr1.png	turbo	420	75	identity_off	35.515	73.489	1.2800	ImageMagick	75.0	png
screen	bookdown__r-stats__1440x900__dpr1.png	turbo	420	75	model_policy	37.730	79.389	0.8676	ImageMagick	75.0	png
screen	bookdown__r-stats__1440x900__dpr1.png	turbo	420	75	model_proj	38.045	80.952	0.7310	ImageMagick	75.0	png
screen	bookdown__r-stats__1440x900__dpr1.png	mozjpeg	420	15	identity_off	26.017	47.793	2.7696	Mozjpeg	15.0	png
screen	bookdown__r-stats__1440x900__dpr1.png	mozjpeg	420	15	model_policy	27.679	54.874	2.5240	Mozjpeg	15.0	png
screen	bookdown__r-stats__1440x900__dpr1.png	mozjpeg	420	15	model_proj	27.434	53.045	2.6392	Mozjpeg	15.0	png
screen	bookdown__r-stats__1440x900__dpr1.png	mozjpeg	420	35	identity_off	29.353	62.135	1.9274	Mozjpeg	35.0	png
screen	bookdown__r-stats__1440x900__dpr1.png	mozjpeg	420	35	model_policy	31.512	69.418	1.5972	Mozjpeg	35.0	png
screen	bookdown__r-stats__1440x900__dpr1.png	mozjpeg	420	35	model_proj	30.986	68.467	1.5256	Mozjpeg	35.0	png
screen	bookdown__r-stats__1440x900__dpr1.png	mozjpeg	420	55	identity_off	31.485	67.724	1.6035	Mozjpeg	55.0	png
screen	bookdown__r-stats__1440x900__dpr1.png	mozjpeg	420	55	model_policy	33.783	73.317	1.3258	Mozjpeg	55.0	png
screen	bookdown__r-stats__1440x900__dpr1.png	mozjpeg	420	55	model_proj	33.194	72.544	1.1998	Mozjpeg	55.0	png
screen	bookdown__r-stats__1440x900__dpr1.png	mozjpeg	420	75	identity_off	33.900	75.510	1.2530	Mozjpeg	75.0	png
screen	bookdown__r-stats__1440x900__dpr1.png	mozjpeg	420	75	model_policy	36.222	79.522	0.9854	Mozjpeg	75.0	png
screen	bookdown__r-stats__1440x900__dpr1.png	mozjpeg	420	75	model_proj	36.041	80.398	0.7993	Mozjpeg	75.0	png
screen	climate-gov__home__1440x900__dpr1.png	turbo	420	15	identity_off	28.685	24.774	3.4689	Unknown	15.0	png
screen	climate-gov__home__1440x900__dpr1.png	turbo	420	15	model_policy	30.537	33.017	2.8132	Unknown	15.0	png
screen	climate-gov__home__1440x900__dpr1.png	turbo	420	15	model_proj	30.542	33.042	2.8079	Unknown	15.0	png
screen	climate-gov__home__1440x900__dpr1.png	turbo	420	35	identity_off	32.242	53.734	2.2359	ImageMagick	35.0	png
screen	climate-gov__home__1440x900__dpr1.png	turbo	420	35	model_policy	34.049	59.562	1.6789	ImageMagick	35.0	png
screen	climate-gov__home__1440x900__dpr1.png	turbo	420	35	model_proj	34.147	60.144	1.6157	ImageMagick	35.0	png
screen	climate-gov__home__1440x900__dpr1.png	turbo	420	55	identity_off	34.107	64.776	1.7352	ImageMagick	55.0	png
screen	climate-gov__home__1440x900__dpr1.png	turbo	420	55	model_policy	35.746	67.987	1.3436	ImageMagick	55.0	png
screen	climate-gov__home__1440x900__dpr1.png	turbo	420	55	model_proj	35.857	68.456	1.3140	ImageMagick	55.0	png
screen	climate-gov__home__1440x900__dpr1.png	turbo	420	75	identity_off	36.704	74.356	1.2803	ImageMagick	75.0	png
screen	climate-gov__home__1440x900__dpr1.png	turbo	420	75	model_policy	37.960	75.980	1.0399	ImageMagick	75.0	png
screen	climate-gov__home__1440x900__dpr1.png	turbo	420	75	model_proj	38.062	76.295	1.0254	ImageMagick	75.0	png
screen	climate-gov__home__1440x900__dpr1.png	mozjpeg	420	15	identity_off	26.597	20.560	3.1710	Mozjpeg	15.0	png
screen	climate-gov__home__1440x900__dpr1.png	mozjpeg	420	15	model_policy	27.956	26.913	2.9439	Mozjpeg	15.0	png
screen	climate-gov__home__1440x900__dpr1.png	mozjpeg	420	15	model_proj	27.757	26.187	2.9850	Mozjpeg	15.0	png
screen	climate-gov__home__1440x900__dpr1.png	mozjpeg	420	35	identity_off	30.168	49.192	2.2434	Mozjpeg	35.0	png
screen	climate-gov__home__1440x900__dpr1.png	mozjpeg	420	35	model_policy	31.843	51.858	1.9918	Mozjpeg	35.0	png
screen	climate-gov__home__1440x900__dpr1.png	mozjpeg	420	35	model_proj	31.434	51.527	1.9712	Mozjpeg	35.0	png
screen	climate-gov__home__1440x900__dpr1.png	mozjpeg	420	55	identity_off	32.137	60.691	1.9129	Mozjpeg	55.0	png
screen	climate-gov__home__1440x900__dpr1.png	mozjpeg	420	55	model_policy	33.729	58.926	1.9525	Mozjpeg	55.0	png
screen	climate-gov__home__1440x900__dpr1.png	mozjpeg	420	55	model_proj	33.281	60.548	1.6574	Mozjpeg	55.0	png
screen	climate-gov__home__1440x900__dpr1.png	mozjpeg	420	75	identity_off	35.099	70.605	1.3635	Mozjpeg	75.0	png
screen	climate-gov__home__1440x900__dpr1.png	mozjpeg	420	75	model_policy	36.475	71.366	1.2626	Mozjpeg	75.0	png
screen	climate-gov__home__1440x900__dpr1.png	mozjpeg	420	75	model_proj	36.228	71.004	1.2561	Mozjpeg	75.0	png
screen	climate__news__1440x900__dpr1.png	turbo	420	15	identity_off	29.453	44.131	3.1476	Unknown	15.0	png
screen	climate__news__1440x900__dpr1.png	turbo	420	15	model_policy	30.817	50.050	2.6559	Unknown	15.0	png
screen	climate__news__1440x900__dpr1.png	turbo	420	15	model_proj	30.821	50.129	2.6423	Unknown	15.0	png
screen	climate__news__1440x900__dpr1.png	turbo	420	35	identity_off	32.514	60.821	2.0407	ImageMagick	35.0	png
screen	climate__news__1440x900__dpr1.png	turbo	420	35	model_policy	33.791	67.278	1.6341	ImageMagick	35.0	png
screen	climate__news__1440x900__dpr1.png	turbo	420	35	model_proj	33.855	68.230	1.5639	ImageMagick	35.0	png
screen	climate__news__1440x900__dpr1.png	turbo	420	55	identity_off	34.229	68.062	1.8028	ImageMagick	55.0	png
screen	climate__news__1440x900__dpr1.png	turbo	420	55	model_policy	35.346	72.894	1.4175	ImageMagick	55.0	png
screen	climate__news__1440x900__dpr1.png	turbo	420	55	model_proj	35.412	73.696	1.3027	ImageMagick	55.0	png
screen	climate__news__1440x900__dpr1.png	turbo	420	75	identity_off	36.687	76.507	1.2334	ImageMagick	75.0	png
screen	climate__news__1440x900__dpr1.png	turbo	420	75	model_policy	37.543	79.201	1.0210	ImageMagick	75.0	png
screen	climate__news__1440x900__dpr1.png	turbo	420	75	model_proj	37.607	79.592	1.0069	ImageMagick	75.0	png
screen	climate__news__1440x900__dpr1.png	mozjpeg	420	15	identity_off	27.314	42.663	3.1246	Mozjpeg	15.0	png
screen	climate__news__1440x900__dpr1.png	mozjpeg	420	15	model_policy	28.334	45.627	2.9645	Mozjpeg	15.0	png
screen	climate__news__1440x900__dpr1.png	mozjpeg	420	15	model_proj	28.219	45.910	2.9865	Mozjpeg	15.0	png
screen	climate__news__1440x900__dpr1.png	mozjpeg	420	35	identity_off	30.613	61.551	2.3886	Mozjpeg	35.0	png
screen	climate__news__1440x900__dpr1.png	mozjpeg	420	35	model_policy	31.851	64.116	2.1512	Mozjpeg	35.0	png
screen	climate__news__1440x900__dpr1.png	mozjpeg	420	35	model_proj	31.680	64.798	1.8780	Mozjpeg	35.0	png
screen	climate__news__1440x900__dpr1.png	mozjpeg	420	55	identity_off	32.391	67.968	1.9244	Mozjpeg	55.0	png
screen	climate__news__1440x900__dpr1.png	mozjpeg	420	55	model_policy	33.616	70.235	1.6646	Mozjpeg	55.0	png
screen	climate__news__1440x900__dpr1.png	mozjpeg	420	55	model_proj	33.450	70.734	1.5124	Mozjpeg	55.0	png
screen	climate__news__1440x900__dpr1.png	mozjpeg	420	75	identity_off	34.808	74.943	1.4494	Mozjpeg	75.0	png
screen	climate__news__1440x900__dpr1.png	mozjpeg	420	75	model_policy	35.873	76.910	1.2781	Mozjpeg	75.0	png
screen	climate__news__1440x900__dpr1.png	mozjpeg	420	75	model_proj	35.814	77.297	1.1313	Mozjpeg	75.0	png
screen	commons__featured-pictures__1440x900__dpr1.png	turbo	420	15	identity_off	27.236	42.228	3.2330	Unknown	15.0	png
screen	commons__featured-pictures__1440x900__dpr1.png	turbo	420	15	model_policy	29.059	48.732	2.7376	Unknown	15.0	png
screen	commons__featured-pictures__1440x900__dpr1.png	turbo	420	15	model_proj	29.069	49.228	2.6986	Unknown	15.0	png
screen	commons__featured-pictures__1440x900__dpr1.png	turbo	420	35	identity_off	29.293	53.893	2.2857	ImageMagick	35.0	png
screen	commons__featured-pictures__1440x900__dpr1.png	turbo	420	35	model_policy	31.490	63.795	1.7495	ImageMagick	35.0	png
screen	commons__featured-pictures__1440x900__dpr1.png	turbo	420	35	model_proj	31.762	66.804	1.5895	ImageMagick	35.0	png
screen	commons__featured-pictures__1440x900__dpr1.png	turbo	420	55	identity_off	30.366	60.955	1.9223	ImageMagick	55.0	png
screen	commons__featured-pictures__1440x900__dpr1.png	turbo	420	55	model_policy	32.661	69.112	1.5345	ImageMagick	55.0	png
screen	commons__featured-pictures__1440x900__dpr1.png	turbo	420	55	model_proj	33.038	72.415	1.4647	ImageMagick	55.0	png
screen	commons__featured-pictures__1440x900__dpr1.png	turbo	420	75	identity_off	32.066	69.824	1.4214	ImageMagick	75.0	png
screen	commons__featured-pictures__1440x900__dpr1.png	turbo	420	75	model_policy	34.590	76.225	1.0556	ImageMagick	75.0	png
screen	commons__featured-pictures__1440x900__dpr1.png	turbo	420	75	model_proj	35.050	78.996	0.9583	ImageMagick	75.0	png
screen	commons__featured-pictures__1440x900__dpr1.png	mozjpeg	420	15	identity_off	26.130	41.940	3.3002	Mozjpeg	15.0	png
screen	commons__featured-pictures__1440x900__dpr1.png	mozjpeg	420	15	model_policy	27.335	44.202	3.0736	Mozjpeg	15.0	png
screen	commons__featured-pictures__1440x900__dpr1.png	mozjpeg	420	15	model_proj	27.254	43.497	3.1166	Mozjpeg	15.0	png
screen	commons__featured-pictures__1440x900__dpr1.png	mozjpeg	420	35	identity_off	28.788	59.757	2.1861	Mozjpeg	35.0	png
screen	commons__featured-pictures__1440x900__dpr1.png	mozjpeg	420	35	model_policy	30.739	65.281	1.8400	Mozjpeg	35.0	png
screen	commons__featured-pictures__1440x900__dpr1.png	mozjpeg	420	35	model_proj	30.698	65.225	1.8572	Mozjpeg	35.0	png
screen	commons__featured-pictures__1440x900__dpr1.png	mozjpeg	420	55	identity_off	30.155	65.030	1.8858	Mozjpeg	55.0	png
screen	commons__featured-pictures__1440x900__dpr1.png	mozjpeg	420	55	model_policy	32.319	70.220	1.6113	Mozjpeg	55.0	png
screen	commons__featured-pictures__1440x900__dpr1.png	mozjpeg	420	55	model_proj	32.367	71.192	1.5940	Mozjpeg	55.0	png
screen	commons__featured-pictures__1440x900__dpr1.png	mozjpeg	420	75	identity_off	31.794	72.306	1.4271	Mozjpeg	75.0	png
screen	commons__featured-pictures__1440x900__dpr1.png	mozjpeg	420	75	model_policy	34.289	77.113	1.1233	Mozjpeg	75.0	png
screen	commons__featured-pictures__1440x900__dpr1.png	mozjpeg	420	75	model_proj	34.521	78.310	1.0746	Mozjpeg	75.0	png
documents	office_census-acs-2024_questionnaire_p01_page1.png	turbo	420	15	identity_off	28.006	41.291	2.8235	Unknown	15.0	png
documents	office_census-acs-2024_questionnaire_p01_page1.png	turbo	420	15	model_policy	29.526	48.563	2.6183	Unknown	15.0	png
documents	office_census-acs-2024_questionnaire_p01_page1.png	turbo	420	15	model_proj	29.526	48.567	2.6182	Unknown	15.0	png
documents	office_census-acs-2024_questionnaire_p01_page1.png	turbo	420	35	identity_off	30.267	60.795	1.8413	ImageMagick	35.0	png
documents	office_census-acs-2024_questionnaire_p01_page1.png	turbo	420	35	model_policy	32.404	67.932	1.5184	ImageMagick	35.0	png
documents	office_census-acs-2024_questionnaire_p01_page1.png	turbo	420	35	model_proj	32.412	68.139	1.5138	ImageMagick	35.0	png
documents	office_census-acs-2024_questionnaire_p01_page1.png	turbo	420	55	identity_off	31.333	64.520	2.2952	ImageMagick	55.0	png
documents	office_census-acs-2024_questionnaire_p01_page1.png	turbo	420	55	model_policy	33.587	70.851	2.5545	ImageMagick	55.0	png
documents	office_census-acs-2024_questionnaire_p01_page1.png	turbo	420	55	model_proj	33.616	71.564	2.5534	ImageMagick	55.0	png
documents	office_census-acs-2024_questionnaire_p01_page1.png	turbo	420	75	identity_off	33.577	72.255	1.3745	ImageMagick	75.0	png
documents	office_census-acs-2024_questionnaire_p01_page1.png	turbo	420	75	model_policy	35.716	76.919	1.4624	ImageMagick	75.0	png
documents	office_census-acs-2024_questionnaire_p01_page1.png	turbo	420	75	model_proj	35.758	77.922	1.4572	ImageMagick	75.0	png
documents	office_census-acs-2024_questionnaire_p01_page1.png	mozjpeg	420	15	identity_off	26.034	40.961	3.6897	Mozjpeg	15.0	png
documents	office_census-acs-2024_questionnaire_p01_page1.png	mozjpeg	420	15	model_policy	27.148	46.061	3.4081	Mozjpeg	15.0	png
documents	office_census-acs-2024_questionnaire_p01_page1.png	mozjpeg	420	15	model_proj	27.100	45.533	3.4284	Mozjpeg	15.0	png
documents	office_census-acs-2024_questionnaire_p01_page1.png	mozjpeg	420	35	identity_off	28.921	60.723	2.2019	Mozjpeg	35.0	png
documents	office_census-acs-2024_questionnaire_p01_page1.png	mozjpeg	420	35	model_policy	30.976	67.408	1.8311	Mozjpeg	35.0	png
documents	office_census-acs-2024_questionnaire_p01_page1.png	mozjpeg	420	35	model_proj	30.924	67.065	1.8589	Mozjpeg	35.0	png
documents	office_census-acs-2024_questionnaire_p01_page1.png	mozjpeg	420	55	identity_off	30.410	66.478	1.9102	Mozjpeg	55.0	png
documents	office_census-acs-2024_questionnaire_p01_page1.png	mozjpeg	420	55	model_policy	32.722	72.234	2.2112	Mozjpeg	55.0	png
documents	office_census-acs-2024_questionnaire_p01_page1.png	mozjpeg	420	55	model_proj	32.657	71.935	2.2210	Mozjpeg	55.0	png
documents	office_census-acs-2024_questionnaire_p01_page1.png	mozjpeg	420	75	identity_off	32.400	73.389	1.4246	Mozjpeg	75.0	png
documents	office_census-acs-2024_questionnaire_p01_page1.png	mozjpeg	420	75	model_policy	35.044	78.118	1.4702	Mozjpeg	75.0	png
documents	office_census-acs-2024_questionnaire_p01_page1.png	mozjpeg	420	75	model_proj	35.023	78.237	1.4922	Mozjpeg	75.0	png
documents	office_fec-form3_campaign-finance_p01_page1.png	turbo	420	15	identity_off	31.729	65.163	2.4185	Unknown	15.0	png
documents	office_fec-form3_campaign-finance_p01_page1.png	turbo	420	15	model_policy	34.397	72.530	1.8364	Unknown	15.0	png
documents	office_fec-form3_campaign-finance_p01_page1.png	turbo	420	15	model_proj	34.398	72.551	1.8360	Unknown	15.0	png
documents	office_fec-form3_campaign-finance_p01_page1.png	turbo	420	35	identity_off	34.977	72.583	1.6813	ImageMagick	35.0	png
documents	office_fec-form3_campaign-finance_p01_page1.png	turbo	420	35	model_policy	37.864	80.281	1.1484	ImageMagick	35.0	png
documents	office_fec-form3_campaign-finance_p01_page1.png	turbo	420	35	model_proj	37.954	81.149	1.0660	ImageMagick	35.0	png
documents	office_fec-form3_campaign-finance_p01_page1.png	turbo	420	55	identity_off	37.319	77.147	1.3385	ImageMagick	55.0	png
documents	office_fec-form3_campaign-finance_p01_page1.png	turbo	420	55	model_policy	40.107	83.502	0.9398	ImageMagick	55.0	png
documents	office_fec-form3_campaign-finance_p01_page1.png	turbo	420	55	model_proj	40.290	84.618	0.8459	ImageMagick	55.0	png
documents	office_fec-form3_campaign-finance_p01_page1.png	turbo	420	75	identity_off	40.988	83.007	0.9105	ImageMagick	75.0	png
documents	office_fec-form3_campaign-finance_p01_page1.png	turbo	420	75	model_policy	43.470	87.182	0.6959	ImageMagick	75.0	png
documents	office_fec-form3_campaign-finance_p01_page1.png	turbo	420	75	model_proj	43.709	87.810	0.6130	ImageMagick	75.0	png
documents	office_fec-form3_campaign-finance_p01_page1.png	mozjpeg	420	15	identity_off	28.355	65.612	2.7121	Mozjpeg	15.0	png
documents	office_fec-form3_campaign-finance_p01_page1.png	mozjpeg	420	15	model_policy	29.949	68.787	2.5409	Mozjpeg	15.0	png
documents	office_fec-form3_campaign-finance_p01_page1.png	mozjpeg	420	15	model_proj	29.699	69.116	2.6643	Mozjpeg	15.0	png
documents	office_fec-form3_campaign-finance_p01_page1.png	mozjpeg	420	35	identity_off	31.965	76.731	1.5888	Mozjpeg	35.0	png
documents	office_fec-form3_campaign-finance_p01_page1.png	mozjpeg	420	35	model_policy	34.343	80.762	1.3983	Mozjpeg	35.0	png
documents	office_fec-form3_campaign-finance_p01_page1.png	mozjpeg	420	35	model_proj	33.857	79.848	1.5913	Mozjpeg	35.0	png
documents	office_fec-form3_campaign-finance_p01_page1.png	mozjpeg	420	55	identity_off	34.008	80.498	1.2386	Mozjpeg	55.0	png
documents	office_fec-form3_campaign-finance_p01_page1.png	mozjpeg	420	55	model_policy	36.495	84.037	1.0220	Mozjpeg	55.0	png
documents	office_fec-form3_campaign-finance_p01_page1.png	mozjpeg	420	55	model_proj	35.930	83.129	1.2538	Mozjpeg	55.0	png
documents	office_fec-form3_campaign-finance_p01_page1.png	mozjpeg	420	75	identity_off	36.191	82.397	0.9042	Mozjpeg	75.0	png
documents	office_fec-form3_campaign-finance_p01_page1.png	mozjpeg	420	75	model_policy	38.867	85.689	0.8446	Mozjpeg	75.0	png
documents	office_fec-form3_campaign-finance_p01_page1.png	mozjpeg	420	75	model_proj	38.524	85.711	0.9642	Mozjpeg	75.0	png
documents	office_fedreg-2026-10621_rule_p01_page1.png	turbo	420	15	identity_off	24.604	46.880	3.9101	Unknown	15.0	png
documents	office_fedreg-2026-10621_rule_p01_page1.png	turbo	420	15	model_policy	26.874	58.423	3.2213	Unknown	15.0	png
documents	office_fedreg-2026-10621_rule_p01_page1.png	turbo	420	15	model_proj	26.894	58.594	3.2077	Unknown	15.0	png
documents	office_fedreg-2026-10621_rule_p01_page1.png	turbo	420	35	identity_off	28.511	61.906	2.3780	ImageMagick	35.0	png
documents	office_fedreg-2026-10621_rule_p01_page1.png	turbo	420	35	model_policy	31.005	72.277	1.7909	ImageMagick	35.0	png
documents	office_fedreg-2026-10621_rule_p01_page1.png	turbo	420	35	model_proj	31.263	74.028	1.6821	ImageMagick	35.0	png
documents	office_fedreg-2026-10621_rule_p01_page1.png	turbo	420	55	identity_off	30.989	70.182	1.8355	ImageMagick	55.0	png
documents	office_fedreg-2026-10621_rule_p01_page1.png	turbo	420	55	model_policy	33.506	78.658	1.3194	ImageMagick	55.0	png
documents	office_fedreg-2026-10621_rule_p01_page1.png	turbo	420	55	model_proj	33.858	80.473	1.1930	ImageMagick	55.0	png
documents	office_fedreg-2026-10621_rule_p01_page1.png	turbo	420	75	identity_off	34.670	79.240	1.2294	ImageMagick	75.0	png
documents	office_fedreg-2026-10621_rule_p01_page1.png	turbo	420	75	model_policy	37.084	85.240	0.8447	ImageMagick	75.0	png
documents	office_fedreg-2026-10621_rule_p01_page1.png	turbo	420	75	model_proj	37.490	86.642	0.7447	ImageMagick	75.0	png
documents	office_fedreg-2026-10621_rule_p01_page1.png	mozjpeg	420	15	identity_off	20.748	43.436	4.7029	Mozjpeg	15.0	png
documents	office_fedreg-2026-10621_rule_p01_page1.png	mozjpeg	420	15	model_policy	22.196	49.021	4.4254	Mozjpeg	15.0	png
documents	office_fedreg-2026-10621_rule_p01_page1.png	mozjpeg	420	15	model_proj	22.198	55.238	3.6628	Mozjpeg	15.0	png
documents	office_fedreg-2026-10621_rule_p01_page1.png	mozjpeg	420	35	identity_off	24.575	62.562	3.4528	Mozjpeg	35.0	png
documents	office_fedreg-2026-10621_rule_p01_page1.png	mozjpeg	420	35	model_policy	26.428	68.346	3.1624	Mozjpeg	35.0	png
documents	office_fedreg-2026-10621_rule_p01_page1.png	mozjpeg	420	35	model_proj	26.628	73.929	2.2850	Mozjpeg	35.0	png
documents	office_fedreg-2026-10621_rule_p01_page1.png	mozjpeg	420	55	identity_off	26.390	69.293	2.7881	Mozjpeg	55.0	png
documents	office_fedreg-2026-10621_rule_p01_page1.png	mozjpeg	420	55	model_policy	28.272	73.997	2.5362	Mozjpeg	55.0	png
documents	office_fedreg-2026-10621_rule_p01_page1.png	mozjpeg	420	55	model_proj	28.545	78.189	1.8140	Mozjpeg	55.0	png
documents	office_fedreg-2026-10621_rule_p01_page1.png	mozjpeg	420	75	identity_off	29.421	77.053	1.8898	Mozjpeg	75.0	png
documents	office_fedreg-2026-10621_rule_p01_page1.png	mozjpeg	420	75	model_policy	31.480	80.962	1.6567	Mozjpeg	75.0	png
documents	office_fedreg-2026-10621_rule_p01_page1.png	mozjpeg	420	75	model_proj	31.850	83.568	1.2228	Mozjpeg	75.0	png
documents	office_fedreg-2026-10639_notice_p01_page1.png	turbo	420	15	identity_off	24.514	45.969	4.0739	Unknown	15.0	png
documents	office_fedreg-2026-10639_notice_p01_page1.png	turbo	420	15	model_policy	26.758	57.770	3.3919	Unknown	15.0	png
documents	office_fedreg-2026-10639_notice_p01_page1.png	turbo	420	15	model_proj	26.781	57.917	3.3783	Unknown	15.0	png
documents	office_fedreg-2026-10639_notice_p01_page1.png	turbo	420	35	identity_off	28.363	60.894	2.4437	ImageMagick	35.0	png
documents	office_fedreg-2026-10639_notice_p01_page1.png	turbo	420	35	model_policy	30.832	71.617	1.8316	ImageMagick	35.0	png
documents	office_fedreg-2026-10639_notice_p01_page1.png	turbo	420	35	model_proj	31.083	73.366	1.7266	ImageMagick	35.0	png
documents	office_fedreg-2026-10639_notice_p01_page1.png	turbo	420	55	identity_off	30.890	69.658	1.8328	ImageMagick	55.0	png
documents	office_fedreg-2026-10639_notice_p01_page1.png	turbo	420	55	model_policy	33.377	78.353	1.3229	ImageMagick	55.0	png
documents	office_fedreg-2026-10639_notice_p01_page1.png	turbo	420	55	model_proj	33.732	80.258	1.2041	ImageMagick	55.0	png
documents	office_fedreg-2026-10639_notice_p01_page1.png	turbo	420	75	identity_off	34.639	78.797	1.2518	ImageMagick	75.0	png
documents	office_fedreg-2026-10639_notice_p01_page1.png	turbo	420	75	model_policy	37.026	84.855	0.8643	ImageMagick	75.0	png
documents	office_fedreg-2026-10639_notice_p01_page1.png	turbo	420	75	model_proj	37.442	86.402	0.7608	ImageMagick	75.0	png
documents	office_fedreg-2026-10639_notice_p01_page1.png	mozjpeg	420	15	identity_off	20.584	43.371	4.7776	Mozjpeg	15.0	png
documents	office_fedreg-2026-10639_notice_p01_page1.png	mozjpeg	420	15	model_policy	22.079	49.226	4.5062	Mozjpeg	15.0	png
documents	office_fedreg-2026-10639_notice_p01_page1.png	mozjpeg	420	15	model_proj	22.069	55.462	3.7304	Mozjpeg	15.0	png
documents	office_fedreg-2026-10639_notice_p01_page1.png	mozjpeg	420	35	identity_off	24.377	61.799	3.5793	Mozjpeg	35.0	png
documents	office_fedreg-2026-10639_notice_p01_page1.png	mozjpeg	420	35	model_policy	26.170	67.478	3.2945	Mozjpeg	35.0	png
documents	office_fedreg-2026-10639_notice_p01_page1.png	mozjpeg	420	35	model_proj	26.374	73.310	2.4218	Mozjpeg	35.0	png
documents	office_fedreg-2026-10639_notice_p01_page1.png	mozjpeg	420	55	identity_off	26.243	68.720	2.8840	Mozjpeg	55.0	png
documents	office_fedreg-2026-10639_notice_p01_page1.png	mozjpeg	420	55	model_policy	28.090	73.510	2.6159	Mozjpeg	55.0	png
documents	office_fedreg-2026-10639_notice_p01_page1.png	mozjpeg	420	55	model_proj	28.357	77.864	1.8988	Mozjpeg	55.0	png
documents	office_fedreg-2026-10639_notice_p01_page1.png	mozjpeg	420	75	identity_off	29.353	77.026	1.8980	Mozjpeg	75.0	png
documents	office_fedreg-2026-10639_notice_p01_page1.png	mozjpeg	420	75	model_policy	31.357	80.887	1.6760	Mozjpeg	75.0	png
documents	office_fedreg-2026-10639_notice_p01_page1.png	mozjpeg	420	75	model_proj	31.717	83.437	1.2416	Mozjpeg	75.0	png
documents	office_fedreg-2026-10643_proclamation_p01_page1.png	turbo	420	15	identity_off	24.504	47.567	3.9081	Unknown	15.0	png
documents	office_fedreg-2026-10643_proclamation_p01_page1.png	turbo	420	15	model_policy	26.729	59.071	3.1795	Unknown	15.0	png
documents	office_fedreg-2026-10643_proclamation_p01_page1.png	turbo	420	15	model_proj	26.750	59.212	3.1663	Unknown	15.0	png
documents	office_fedreg-2026-10643_proclamation_p01_page1.png	turbo	420	35	identity_off	28.459	61.951	2.5308	ImageMagick	35.0	png
documents	office_fedreg-2026-10643_proclamation_p01_page1.png	turbo	420	35	model_policy	30.964	72.250	1.9733	ImageMagick	35.0	png
documents	office_fedreg-2026-10643_proclamation_p01_page1.png	turbo	420	35	model_proj	31.217	73.961	1.8390	ImageMagick	35.0	png
documents	office_fedreg-2026-10643_proclamation_p01_page1.png	turbo	420	55	identity_off	30.965	70.463	1.8643	ImageMagick	55.0	png
documents	office_fedreg-2026-10643_proclamation_p01_page1.png	turbo	420	55	model_policy	33.494	78.896	1.3102	ImageMagick	55.0	png
documents	office_fedreg-2026-10643_proclamation_p01_page1.png	turbo	420	55	model_proj	33.840	80.659	1.1763	ImageMagick	55.0	png
documents	office_fedreg-2026-10643_proclamation_p01_page1.png	turbo	420	75	identity_off	34.610	79.210	1.2521	ImageMagick	75.0	png
documents	office_fedreg-2026-10643_proclamation_p01_page1.png	turbo	420	75	model_policy	37.017	85.295	0.8596	ImageMagick	75.0	png
documents	office_fedreg-2026-10643_proclamation_p01_page1.png	turbo	420	75	model_proj	37.412	86.634	0.7597	ImageMagick	75.0	png
documents	office_fedreg-2026-10643_proclamation_p01_page1.png	mozjpeg	420	15	identity_off	20.487	44.226	4.6000	Mozjpeg	15.0	png
documents	office_fedreg-2026-10643_proclamation_p01_page1.png	mozjpeg	420	15	model_policy	21.979	50.085	4.3404	Mozjpeg	15.0	png
documents	office_fedreg-2026-10643_proclamation_p01_page1.png	mozjpeg	420	15	model_proj	21.964	55.328	3.6458	Mozjpeg	15.0	png
documents	office_fedreg-2026-10643_proclamation_p01_page1.png	mozjpeg	420	35	identity_off	24.432	63.824	3.2386	Mozjpeg	35.0	png
documents	office_fedreg-2026-10643_proclamation_p01_page1.png	mozjpeg	420	35	model_policy	26.227	69.423	2.9506	Mozjpeg	35.0	png
documents	office_fedreg-2026-10643_proclamation_p01_page1.png	mozjpeg	420	35	model_proj	26.429	74.315	2.1514	Mozjpeg	35.0	png
documents	office_fedreg-2026-10643_proclamation_p01_page1.png	mozjpeg	420	55	identity_off	26.208	69.761	2.7769	Mozjpeg	55.0	png
documents	office_fedreg-2026-10643_proclamation_p01_page1.png	mozjpeg	420	55	model_policy	28.060	74.436	2.5096	Mozjpeg	55.0	png
documents	office_fedreg-2026-10643_proclamation_p01_page1.png	mozjpeg	420	55	model_proj	28.314	78.325	1.8117	Mozjpeg	55.0	png
documents	office_fedreg-2026-10643_proclamation_p01_page1.png	mozjpeg	420	75	identity_off	29.408	77.255	1.8729	Mozjpeg	75.0	png
documents	office_fedreg-2026-10643_proclamation_p01_page1.png	mozjpeg	420	75	model_policy	31.469	81.194	1.6130	Mozjpeg	75.0	png
documents	office_fedreg-2026-10643_proclamation_p01_page1.png	mozjpeg	420	75	model_proj	31.807	83.647	1.2102	Mozjpeg	75.0	png
documents	office_fedreg-2026-10733_presidential-doc_p01_page1.png	turbo	420	15	identity_off	25.254	50.124	3.6737	Unknown	15.0	png
documents	office_fedreg-2026-10733_presidential-doc_p01_page1.png	turbo	420	15	model_policy	27.553	60.840	3.0078	Unknown	15.0	png
documents	office_fedreg-2026-10733_presidential-doc_p01_page1.png	turbo	420	15	model_proj	27.576	61.003	2.9998	Unknown	15.0	png
documents	office_fedreg-2026-10733_presidential-doc_p01_page1.png	turbo	420	35	identity_off	29.090	63.781	2.2846	ImageMagick	35.0	png
documents	office_fedreg-2026-10733_presidential-doc_p01_page1.png	turbo	420	35	model_policy	31.615	73.915	1.7292	ImageMagick	35.0	png
documents	office_fedreg-2026-10733_presidential-doc_p01_page1.png	turbo	420	35	model_proj	31.868	75.305	1.6514	ImageMagick	35.0	png
documents	office_fedreg-2026-10733_presidential-doc_p01_page1.png	turbo	420	55	identity_off	31.589	71.524	1.7360	ImageMagick	55.0	png
documents	office_fedreg-2026-10733_presidential-doc_p01_page1.png	turbo	420	55	model_policy	34.142	79.845	1.2300	ImageMagick	55.0	png
documents	office_fedreg-2026-10733_presidential-doc_p01_page1.png	turbo	420	55	model_proj	34.496	81.414	1.1212	ImageMagick	55.0	png
documents	office_fedreg-2026-10733_presidential-doc_p01_page1.png	turbo	420	75	identity_off	35.237	79.977	1.2001	ImageMagick	75.0	png
documents	office_fedreg-2026-10733_presidential-doc_p01_page1.png	turbo	420	75	model_policy	37.668	85.870	0.8355	ImageMagick	75.0	png
documents	office_fedreg-2026-10733_presidential-doc_p01_page1.png	turbo	420	75	model_proj	38.065	86.981	0.7512	ImageMagick	75.0	png
documents	office_fedreg-2026-10733_presidential-doc_p01_page1.png	mozjpeg	420	15	identity_off	21.172	46.809	4.5496	Mozjpeg	15.0	png
documents	office_fedreg-2026-10733_presidential-doc_p01_page1.png	mozjpeg	420	15	model_policy	22.759	52.457	4.2805	Mozjpeg	15.0	png
documents	office_fedreg-2026-10733_presidential-doc_p01_page1.png	mozjpeg	420	15	model_proj	22.786	57.644	3.6028	Mozjpeg	15.0	png
documents	office_fedreg-2026-10733_presidential-doc_p01_page1.png	mozjpeg	420	35	identity_off	25.136	64.790	3.3451	Mozjpeg	35.0	png
documents	office_fedreg-2026-10733_presidential-doc_p01_page1.png	mozjpeg	420	35	model_policy	27.032	70.261	3.0637	Mozjpeg	35.0	png
documents	office_fedreg-2026-10733_presidential-doc_p01_page1.png	mozjpeg	420	35	model_proj	27.256	74.793	2.2509	Mozjpeg	35.0	png
documents	office_fedreg-2026-10733_presidential-doc_p01_page1.png	mozjpeg	420	55	identity_off	26.932	70.848	2.6379	Mozjpeg	55.0	png
documents	office_fedreg-2026-10733_presidential-doc_p01_page1.png	mozjpeg	420	55	model_policy	28.847	75.410	2.4187	Mozjpeg	55.0	png
documents	office_fedreg-2026-10733_presidential-doc_p01_page1.png	mozjpeg	420	55	model_proj	29.168	79.151	1.6780	Mozjpeg	55.0	png
documents	office_fedreg-2026-10733_presidential-doc_p01_page1.png	mozjpeg	420	75	identity_off	29.956	78.223	1.7999	Mozjpeg	75.0	png
documents	office_fedreg-2026-10733_presidential-doc_p01_page1.png	mozjpeg	420	75	model_policy	32.036	81.896	1.6001	Mozjpeg	75.0	png
documents	office_fedreg-2026-10733_presidential-doc_p01_page1.png	mozjpeg	420	75	model_proj	32.452	84.112	1.1904	Mozjpeg	75.0	png
documents	office_irs_f1040_p01_page1.png	turbo	420	15	identity_off	26.629	50.381	3.8828	Unknown	15.0	png
documents	office_irs_f1040_p01_page1.png	turbo	420	15	model_policy	28.188	57.527	3.7889	Unknown	15.0	png
documents	office_irs_f1040_p01_page1.png	turbo	420	15	model_proj	28.207	57.736	3.7869	Unknown	15.0	png
documents	office_irs_f1040_p01_page1.png	turbo	420	35	identity_off	30.119	65.563	2.0158	ImageMagick	35.0	png
documents	office_irs_f1040_p01_page1.png	turbo	420	35	model_policy	31.768	70.289	1.6974	ImageMagick	35.0	png
documents	office_irs_f1040_p01_page1.png	turbo	420	35	model_proj	31.904	70.911	1.6704	ImageMagick	35.0	png
documents	office_irs_f1040_p01_page1.png	turbo	420	55	identity_off	32.089	71.984	1.6131	ImageMagick	55.0	png
documents	office_irs_f1040_p01_page1.png	turbo	420	55	model_policy	33.576	76.274	1.3576	ImageMagick	55.0	png
documents	office_irs_f1040_p01_page1.png	turbo	420	55	model_proj	33.778	76.959	1.3175	ImageMagick	55.0	png
documents	office_irs_f1040_p01_page1.png	turbo	420	75	identity_off	34.734	78.436	1.2166	ImageMagick	75.0	png
documents	office_irs_f1040_p01_page1.png	turbo	420	75	model_policy	35.803	81.098	1.0775	ImageMagick	75.0	png
documents	office_irs_f1040_p01_page1.png	turbo	420	75	model_proj	36.048	81.744	1.0355	ImageMagick	75.0	png
documents	office_irs_f1040_p01_page1.png	mozjpeg	420	15	identity_off	22.129	30.072	5.1801	Mozjpeg	15.0	png
documents	office_irs_f1040_p01_page1.png	mozjpeg	420	15	model_policy	23.178	36.270	4.9014	Mozjpeg	15.0	png
documents	office_irs_f1040_p01_page1.png	mozjpeg	420	15	model_proj	23.197	36.488	4.8873	Mozjpeg	15.0	png
documents	office_irs_f1040_p01_page1.png	mozjpeg	420	35	identity_off	26.239	55.369	3.4139	Mozjpeg	35.0	png
documents	office_irs_f1040_p01_page1.png	mozjpeg	420	35	model_policy	27.883	61.227	3.0966	Mozjpeg	35.0	png
documents	office_irs_f1040_p01_page1.png	mozjpeg	420	35	model_proj	27.926	62.578	3.0403	Mozjpeg	35.0	png
documents	office_irs_f1040_p01_page1.png	mozjpeg	420	55	identity_off	28.125	60.194	2.7617	Mozjpeg	55.0	png
documents	office_irs_f1040_p01_page1.png	mozjpeg	420	55	model_policy	30.004	66.491	2.4821	Mozjpeg	55.0	png
documents	office_irs_f1040_p01_page1.png	mozjpeg	420	55	model_proj	30.072	68.144	2.4198	Mozjpeg	55.0	png
documents	office_irs_f1040_p01_page1.png	mozjpeg	420	75	identity_off	30.702	72.033	1.8776	Mozjpeg	75.0	png
documents	office_irs_f1040_p01_page1.png	mozjpeg	420	75	model_policy	32.645	76.219	1.6185	Mozjpeg	75.0	png
documents	office_irs_f1040_p01_page1.png	mozjpeg	420	75	model_proj	32.777	77.024	1.5862	Mozjpeg	75.0	png
documents	office_irs_f1040sa_p01_page1.png	turbo	420	15	identity_off	27.484	50.652	3.2542	Unknown	15.0	png
documents	office_irs_f1040sa_p01_page1.png	turbo	420	15	model_policy	30.159	62.581	2.4179	Unknown	15.0	png
documents	office_irs_f1040sa_p01_page1.png	turbo	420	15	model_proj	30.181	62.840	2.4098	Unknown	15.0	png
documents	office_irs_f1040sa_p01_page1.png	turbo	420	35	identity_off	31.097	64.339	2.1019	ImageMagick	35.0	png
documents	office_irs_f1040sa_p01_page1.png	turbo	420	35	model_policy	33.926	75.092	1.4659	ImageMagick	35.0	png
documents	office_irs_f1040sa_p01_page1.png	turbo	420	35	model_proj	34.200	76.523	1.3731	ImageMagick	35.0	png
documents	office_irs_f1040sa_p01_page1.png	turbo	420	55	identity_off	33.579	71.750	1.6467	ImageMagick	55.0	png
documents	office_irs_f1040sa_p01_page1.png	turbo	420	55	model_policy	36.412	80.403	1.1234	ImageMagick	55.0	png
documents	office_irs_f1040sa_p01_page1.png	turbo	420	55	model_proj	36.809	81.967	1.0167	ImageMagick	55.0	png
documents	office_irs_f1040sa_p01_page1.png	turbo	420	75	identity_off	37.287	80.667	1.1130	ImageMagick	75.0	png
documents	office_irs_f1040sa_p01_page1.png	turbo	420	75	model_policy	39.936	86.486	0.7428	ImageMagick	75.0	png
documents	office_irs_f1040sa_p01_page1.png	turbo	420	75	model_proj	40.392	87.737	0.6574	ImageMagick	75.0	png
documents	office_irs_f1040sa_p01_page1.png	mozjpeg	420	15	identity_off	23.718	54.541	3.6535	Mozjpeg	15.0	png
documents	office_irs_f1040sa_p01_page1.png	mozjpeg	420	15	model_policy	25.522	60.680	3.4310	Mozjpeg	15.0	png
documents	office_irs_f1040sa_p01_page1.png	mozjpeg	420	15	model_proj	25.544	63.868	3.1330	Mozjpeg	15.0	png
documents	office_irs_f1040sa_p01_page1.png	mozjpeg	420	35	identity_off	27.176	69.161	2.2503	Mozjpeg	35.0	png
documents	office_irs_f1040sa_p01_page1.png	mozjpeg	420	35	model_policy	29.563	75.957	1.9311	Mozjpeg	35.0	png
documents	office_irs_f1040sa_p01_page1.png	mozjpeg	420	35	model_proj	29.672	78.285	1.7462	Mozjpeg	35.0	png
documents	office_irs_f1040sa_p01_page1.png	mozjpeg	420	55	identity_off	29.093	75.349	1.7694	Mozjpeg	55.0	png
documents	office_irs_f1040sa_p01_page1.png	mozjpeg	420	55	model_policy	31.514	80.228	1.4959	Mozjpeg	55.0	png
documents	office_irs_f1040sa_p01_page1.png	mozjpeg	420	55	model_proj	31.785	82.068	1.3270	Mozjpeg	55.0	png
documents	office_irs_f1040sa_p01_page1.png	mozjpeg	420	75	identity_off	31.467	79.535	1.4289	Mozjpeg	75.0	png
documents	office_irs_f1040sa_p01_page1.png	mozjpeg	420	75	model_policy	34.206	83.945	1.1440	Mozjpeg	75.0	png
documents	office_irs_f1040sa_p01_page1.png	mozjpeg	420	75	model_proj	34.604	85.360	0.9388	Mozjpeg	75.0	png
art-scans	haeckel_0007_cephalopods.png	turbo	420	15	identity_off	28.869	41.427	3.2134	Unknown	15.0	png
art-scans	haeckel_0007_cephalopods.png	turbo	420	15	model_policy	29.152	44.691	3.1414	Unknown	15.0	png
art-scans	haeckel_0007_cephalopods.png	turbo	420	15	model_proj	29.152	44.691	3.1414	Unknown	15.0	png
art-scans	haeckel_0007_cephalopods.png	turbo	420	35	identity_off	31.682	66.571	1.8340	ImageMagick	35.0	png
art-scans	haeckel_0007_cephalopods.png	turbo	420	35	model_policy	31.940	67.323	1.8032	ImageMagick	35.0	png
art-scans	haeckel_0007_cephalopods.png	turbo	420	35	model_proj	31.941	67.332	1.8027	ImageMagick	35.0	png
art-scans	haeckel_0007_cephalopods.png	turbo	420	55	identity_off	33.127	73.510	1.3768	ImageMagick	55.0	png
art-scans	haeckel_0007_cephalopods.png	turbo	420	55	model_policy	33.337	74.056	1.3542	ImageMagick	55.0	png
art-scans	haeckel_0007_cephalopods.png	turbo	420	55	model_proj	33.337	74.138	1.3538	ImageMagick	55.0	png
art-scans	haeckel_0007_cephalopods.png	turbo	420	75	identity_off	35.118	80.300	1.0313	ImageMagick	75.0	png
art-scans	haeckel_0007_cephalopods.png	turbo	420	75	model_policy	35.277	80.109	1.0388	ImageMagick	75.0	png
art-scans	haeckel_0007_cephalopods.png	turbo	420	75	model_proj	35.285	80.343	1.0148	ImageMagick	75.0	png
art-scans	haeckel_0007_cephalopods.png	mozjpeg	420	15	identity_off	27.825	37.427	3.3416	Mozjpeg	15.0	png
art-scans	haeckel_0007_cephalopods.png	mozjpeg	420	15	model_policy	28.127	40.129	3.2656	Mozjpeg	15.0	png
art-scans	haeckel_0007_cephalopods.png	mozjpeg	420	15	model_proj	28.127	40.131	3.2656	Mozjpeg	15.0	png
art-scans	haeckel_0007_cephalopods.png	mozjpeg	420	35	identity_off	31.359	64.085	1.8816	Mozjpeg	35.0	png
art-scans	haeckel_0007_cephalopods.png	mozjpeg	420	35	model_policy	31.665	64.779	1.8464	Mozjpeg	35.0	png
art-scans	haeckel_0007_cephalopods.png	mozjpeg	420	35	model_proj	31.665	64.749	1.8464	Mozjpeg	35.0	png
art-scans	haeckel_0007_cephalopods.png	mozjpeg	420	55	identity_off	33.249	72.995	1.4654	Mozjpeg	55.0	png
art-scans	haeckel_0007_cephalopods.png	mozjpeg	420	55	model_policy	33.495	73.288	1.4457	Mozjpeg	55.0	png
art-scans	haeckel_0007_cephalopods.png	mozjpeg	420	55	model_proj	33.495	73.269	1.4454	Mozjpeg	55.0	png
art-scans	haeckel_0007_cephalopods.png	mozjpeg	420	75	identity_off	35.451	80.435	1.1200	Mozjpeg	75.0	png
art-scans	haeckel_0007_cephalopods.png	mozjpeg	420	75	model_policy	35.565	79.963	1.1137	Mozjpeg	75.0	png
art-scans	haeckel_0007_cephalopods.png	mozjpeg	420	75	model_proj	35.577	80.054	1.0939	Mozjpeg	75.0	png
art-scans	haeckel_0034_radiolaria-green.png	turbo	420	15	identity_off	23.682	40.788	3.4490	Unknown	15.0	png
art-scans	haeckel_0034_radiolaria-green.png	turbo	420	15	model_policy	24.033	42.324	3.3246	Unknown	15.0	png
art-scans	haeckel_0034_radiolaria-green.png	turbo	420	15	model_proj	24.033	42.324	3.3246	Unknown	15.0	png
art-scans	haeckel_0034_radiolaria-green.png	turbo	420	35	identity_off	26.359	64.069	2.1906	ImageMagick	35.0	png
art-scans	haeckel_0034_radiolaria-green.png	turbo	420	35	model_policy	26.792	65.136	2.0829	ImageMagick	35.0	png
art-scans	haeckel_0034_radiolaria-green.png	turbo	420	35	model_proj	26.793	65.151	2.0829	ImageMagick	35.0	png
art-scans	haeckel_0034_radiolaria-green.png	turbo	420	55	identity_off	27.879	71.514	1.7713	ImageMagick	55.0	png
art-scans	haeckel_0034_radiolaria-green.png	turbo	420	55	model_policy	28.322	72.206	1.6920	ImageMagick	55.0	png
art-scans	haeckel_0034_radiolaria-green.png	turbo	420	55	model_proj	28.329	72.255	1.6910	ImageMagick	55.0	png
art-scans	haeckel_0034_radiolaria-green.png	turbo	420	75	identity_off	30.033	78.715	1.2940	ImageMagick	75.0	png
art-scans	haeckel_0034_radiolaria-green.png	turbo	420	75	model_policy	30.417	78.817	1.2401	ImageMagick	75.0	png
art-scans	haeckel_0034_radiolaria-green.png	turbo	420	75	model_proj	30.457	79.021	1.2328	ImageMagick	75.0	png
art-scans	haeckel_0034_radiolaria-green.png	mozjpeg	420	15	identity_off	23.773	39.304	3.7055	Mozjpeg	15.0	png
art-scans	haeckel_0034_radiolaria-green.png	mozjpeg	420	15	model_policy	24.150	40.527	3.5826	Mozjpeg	15.0	png
art-scans	haeckel_0034_radiolaria-green.png	mozjpeg	420	15	model_proj	24.150	40.528	3.5826	Mozjpeg	15.0	png
art-scans	haeckel_0034_radiolaria-green.png	mozjpeg	420	35	identity_off	27.097	65.329	2.0317	Mozjpeg	35.0	png
art-scans	haeckel_0034_radiolaria-green.png	mozjpeg	420	35	model_policy	27.523	66.000	1.9461	Mozjpeg	35.0	png
art-scans	haeckel_0034_radiolaria-green.png	mozjpeg	420	35	model_proj	27.523	66.002	1.9461	Mozjpeg	35.0	png
art-scans	haeckel_0034_radiolaria-green.png	mozjpeg	420	55	identity_off	28.792	73.886	1.5625	Mozjpeg	55.0	png
art-scans	haeckel_0034_radiolaria-green.png	mozjpeg	420	55	model_policy	29.177	74.246	1.5034	Mozjpeg	55.0	png
art-scans	haeckel_0034_radiolaria-green.png	mozjpeg	420	55	model_proj	29.189	74.248	1.5029	Mozjpeg	55.0	png
art-scans	haeckel_0034_radiolaria-green.png	mozjpeg	420	75	identity_off	30.643	80.294	1.1669	Mozjpeg	75.0	png
art-scans	haeckel_0034_radiolaria-green.png	mozjpeg	420	75	model_policy	30.917	80.004	1.1616	Mozjpeg	75.0	png
art-scans	haeckel_0034_radiolaria-green.png	mozjpeg	420	75	model_proj	31.026	80.208	1.1492	Mozjpeg	75.0	png
art-scans	haeckel_0040_starfish.png	turbo	420	15	identity_off	22.370	13.914	5.5461	Unknown	15.0	png
art-scans	haeckel_0040_starfish.png	turbo	420	15	model_policy	22.547	15.609	5.3659	Unknown	15.0	png
art-scans	haeckel_0040_starfish.png	turbo	420	15	model_proj	22.547	15.611	5.3657	Unknown	15.0	png
art-scans	haeckel_0040_starfish.png	turbo	420	35	identity_off	24.278	40.157	3.9368	ImageMagick	35.0	png
art-scans	haeckel_0040_starfish.png	turbo	420	35	model_policy	24.441	40.759	3.7575	ImageMagick	35.0	png
art-scans	haeckel_0040_starfish.png	turbo	420	35	model_proj	24.446	40.867	3.7507	ImageMagick	35.0	png
art-scans	haeckel_0040_starfish.png	turbo	420	55	identity_off	25.867	52.579	3.1368	ImageMagick	55.0	png
art-scans	haeckel_0040_starfish.png	turbo	420	55	model_policy	26.029	52.620	2.9653	ImageMagick	55.0	png
art-scans	haeckel_0040_starfish.png	turbo	420	55	model_proj	26.041	52.927	2.9474	ImageMagick	55.0	png
art-scans	haeckel_0040_starfish.png	turbo	420	75	identity_off	28.211	66.653	2.2413	ImageMagick	75.0	png
art-scans	haeckel_0040_starfish.png	turbo	420	75	model_policy	28.282	64.175	2.2678	ImageMagick	75.0	png
art-scans	haeckel_0040_starfish.png	turbo	420	75	model_proj	28.332	65.157	2.2044	ImageMagick	75.0	png
art-scans	haeckel_0040_starfish.png	mozjpeg	420	15	identity_off	22.484	13.324	5.2501	Mozjpeg	15.0	png
art-scans	haeckel_0040_starfish.png	mozjpeg	420	15	model_policy	22.668	14.178	5.1684	Mozjpeg	15.0	png
art-scans	haeckel_0040_starfish.png	mozjpeg	420	15	model_proj	22.668	14.177	5.1684	Mozjpeg	15.0	png
art-scans	haeckel_0040_starfish.png	mozjpeg	420	35	identity_off	25.306	48.175	3.2297	Mozjpeg	35.0	png
art-scans	haeckel_0040_starfish.png	mozjpeg	420	35	model_policy	25.450	47.243	3.2028	Mozjpeg	35.0	png
art-scans	haeckel_0040_starfish.png	mozjpeg	420	35	model_proj	25.452	47.278	3.2023	Mozjpeg	35.0	png
art-scans	haeckel_0040_starfish.png	mozjpeg	420	55	identity_off	26.788	60.126	2.5287	Mozjpeg	55.0	png
art-scans	haeckel_0040_starfish.png	mozjpeg	420	55	model_policy	26.856	57.285	2.6456	Mozjpeg	55.0	png
art-scans	haeckel_0040_starfish.png	mozjpeg	420	55	model_proj	26.873	57.505	2.6191	Mozjpeg	55.0	png
art-scans	haeckel_0040_starfish.png	mozjpeg	420	75	identity_off	28.314	68.785	2.0247	Mozjpeg	75.0	png
art-scans	haeckel_0040_starfish.png	mozjpeg	420	75	model_policy	28.260	64.240	2.2448	Mozjpeg	75.0	png
art-scans	haeckel_0040_starfish.png	mozjpeg	420	75	model_proj	28.390	65.810	2.1280	Mozjpeg	75.0	png
art-scans	haeckel_0047_trilobites.png	turbo	420	15	identity_off	26.320	32.104	2.2281	Unknown	15.0	png
art-scans	haeckel_0047_trilobites.png	turbo	420	15	model_policy	26.454	33.572	2.2117	Unknown	15.0	png
art-scans	haeckel_0047_trilobites.png	turbo	420	15	model_proj	26.454	33.573	2.2117	Unknown	15.0	png
art-scans	haeckel_0047_trilobites.png	turbo	420	35	identity_off	27.993	59.054	1.4573	ImageMagick	35.0	png
art-scans	haeckel_0047_trilobites.png	turbo	420	35	model_policy	28.126	59.744	1.4274	ImageMagick	35.0	png
art-scans	haeckel_0047_trilobites.png	turbo	420	35	model_proj	28.126	59.827	1.4252	ImageMagick	35.0	png
art-scans	haeckel_0047_trilobites.png	turbo	420	55	identity_off	29.216	66.554	1.1759	ImageMagick	55.0	png
art-scans	haeckel_0047_trilobites.png	turbo	420	55	model_policy	29.330	67.635	1.1612	ImageMagick	55.0	png
art-scans	haeckel_0047_trilobites.png	turbo	420	55	model_proj	29.332	67.775	1.1553	ImageMagick	55.0	png
art-scans	haeckel_0047_trilobites.png	turbo	420	75	identity_off	31.327	77.176	0.8641	ImageMagick	75.0	png
art-scans	haeckel_0047_trilobites.png	turbo	420	75	model_policy	31.358	75.897	0.9567	ImageMagick	75.0	png
art-scans	haeckel_0047_trilobites.png	turbo	420	75	model_proj	31.366	76.535	0.8754	ImageMagick	75.0	png
art-scans	haeckel_0047_trilobites.png	mozjpeg	420	15	identity_off	25.044	25.331	2.9699	Mozjpeg	15.0	png
art-scans	haeckel_0047_trilobites.png	mozjpeg	420	15	model_policy	25.185	26.112	2.9699	Mozjpeg	15.0	png
art-scans	haeckel_0047_trilobites.png	mozjpeg	420	15	model_proj	25.185	26.111	2.9699	Mozjpeg	15.0	png
art-scans	haeckel_0047_trilobites.png	mozjpeg	420	35	identity_off	27.644	55.666	1.6455	Mozjpeg	35.0	png
art-scans	haeckel_0047_trilobites.png	mozjpeg	420	35	model_policy	27.837	56.109	1.6133	Mozjpeg	35.0	png
art-scans	haeckel_0047_trilobites.png	mozjpeg	420	35	model_proj	27.837	56.116	1.6133	Mozjpeg	35.0	png
art-scans	haeckel_0047_trilobites.png	mozjpeg	420	55	identity_off	28.738	64.230	1.3542	Mozjpeg	55.0	png
art-scans	haeckel_0047_trilobites.png	mozjpeg	420	55	model_policy	28.920	64.962	1.3118	Mozjpeg	55.0	png
art-scans	haeckel_0047_trilobites.png	mozjpeg	420	55	model_proj	28.921	64.991	1.3110	Mozjpeg	55.0	png
art-scans	haeckel_0047_trilobites.png	mozjpeg	420	75	identity_off	30.246	75.603	1.0872	Mozjpeg	75.0	png
art-scans	haeckel_0047_trilobites.png	mozjpeg	420	75	model_policy	30.353	74.242	1.0989	Mozjpeg	75.0	png
art-scans	haeckel_0047_trilobites.png	mozjpeg	420	75	model_proj	30.369	74.431	1.0852	Mozjpeg	75.0	png
art-scans	haeckel_0058_moths.png	turbo	420	15	identity_off	22.106	37.450	2.7448	Unknown	15.0	png
art-scans	haeckel_0058_moths.png	turbo	420	15	model_policy	22.332	37.935	2.7407	Unknown	15.0	png
art-scans	haeckel_0058_moths.png	turbo	420	15	model_proj	22.332	37.932	2.7407	Unknown	15.0	png
art-scans	haeckel_0058_moths.png	turbo	420	35	identity_off	24.151	59.591	1.7448	ImageMagick	35.0	png
art-scans	haeckel_0058_moths.png	turbo	420	35	model_policy	24.302	59.823	1.7287	ImageMagick	35.0	png
art-scans	haeckel_0058_moths.png	turbo	420	35	model_proj	24.302	59.827	1.7286	ImageMagick	35.0	png
art-scans	haeckel_0058_moths.png	turbo	420	55	identity_off	25.652	69.177	1.3577	ImageMagick	55.0	png
art-scans	haeckel_0058_moths.png	turbo	420	55	model_policy	25.767	69.389	1.3431	ImageMagick	55.0	png
art-scans	haeckel_0058_moths.png	turbo	420	55	model_proj	25.767	69.405	1.3427	ImageMagick	55.0	png
art-scans	haeckel_0058_moths.png	turbo	420	75	identity_off	27.900	77.736	1.0407	ImageMagick	75.0	png
art-scans	haeckel_0058_moths.png	turbo	420	75	model_policy	27.943	77.753	1.0358	ImageMagick	75.0	png
art-scans	haeckel_0058_moths.png	turbo	420	75	model_proj	27.946	77.785	1.0335	ImageMagick	75.0	png
art-scans	haeckel_0058_moths.png	mozjpeg	420	15	identity_off	20.523	27.061	3.6918	Mozjpeg	15.0	png
art-scans	haeckel_0058_moths.png	mozjpeg	420	15	model_policy	20.723	27.422	3.6885	Mozjpeg	15.0	png
art-scans	haeckel_0058_moths.png	mozjpeg	420	15	model_proj	20.723	27.421	3.6885	Mozjpeg	15.0	png
art-scans	haeckel_0058_moths.png	mozjpeg	420	35	identity_off	23.683	58.241	2.0446	Mozjpeg	35.0	png
art-scans	haeckel_0058_moths.png	mozjpeg	420	35	model_policy	23.930	58.546	2.0101	Mozjpeg	35.0	png
art-scans	haeckel_0058_moths.png	mozjpeg	420	35	model_proj	23.930	58.548	2.0102	Mozjpeg	35.0	png
art-scans	haeckel_0058_moths.png	mozjpeg	420	55	identity_off	25.033	68.457	1.6340	Mozjpeg	55.0	png
art-scans	haeckel_0058_moths.png	mozjpeg	420	55	model_policy	25.218	68.563	1.6093	Mozjpeg	55.0	png
art-scans	haeckel_0058_moths.png	mozjpeg	420	55	model_proj	25.218	68.566	1.6089	Mozjpeg	55.0	png
art-scans	haeckel_0058_moths.png	mozjpeg	420	75	identity_off	26.627	76.264	1.2890	Mozjpeg	75.0	png
art-scans	haeckel_0058_moths.png	mozjpeg	420	75	model_policy	26.722	76.182	1.2777	Mozjpeg	75.0	png
art-scans	haeckel_0058_moths.png	mozjpeg	420	75	model_proj	26.735	76.199	1.2709	Mozjpeg	75.0	png
art-scans	haeckel_0062_pitcher-plants.png	turbo	420	15	identity_off	25.444	32.489	3.4106	Unknown	15.0	png
art-scans	haeckel_0062_pitcher-plants.png	turbo	420	15	model_policy	25.731	33.960	3.3349	Unknown	15.0	png
art-scans	haeckel_0062_pitcher-plants.png	turbo	420	15	model_proj	25.731	33.959	3.3349	Unknown	15.0	png
art-scans	haeckel_0062_pitcher-plants.png	turbo	420	35	identity_off	27.665	61.061	2.0905	ImageMagick	35.0	png
art-scans	haeckel_0062_pitcher-plants.png	turbo	420	35	model_policy	27.857	61.304	2.0407	ImageMagick	35.0	png
art-scans	haeckel_0062_pitcher-plants.png	turbo	420	35	model_proj	27.857	61.312	2.0384	ImageMagick	35.0	png
art-scans	haeckel_0062_pitcher-plants.png	turbo	420	55	identity_off	28.999	69.687	1.7275	ImageMagick	55.0	png
art-scans	haeckel_0062_pitcher-plants.png	turbo	420	55	model_policy	29.166	69.601	1.6977	ImageMagick	55.0	png
art-scans	haeckel_0062_pitcher-plants.png	turbo	420	55	model_proj	29.168	69.619	1.6975	ImageMagick	55.0	png
art-scans	haeckel_0062_pitcher-plants.png	turbo	420	75	identity_off	31.011	77.858	1.2459	ImageMagick	75.0	png
art-scans	haeckel_0062_pitcher-plants.png	turbo	420	75	model_policy	31.084	77.232	1.2375	ImageMagick	75.0	png
art-scans	haeckel_0062_pitcher-plants.png	turbo	420	75	model_proj	31.102	77.374	1.2313	ImageMagick	75.0	png
art-scans	haeckel_0062_pitcher-plants.png	mozjpeg	420	15	identity_off	25.103	22.708	3.7780	Mozjpeg	15.0	png
art-scans	haeckel_0062_pitcher-plants.png	mozjpeg	420	15	model_policy	25.372	23.016	3.7301	Mozjpeg	15.0	png
art-scans	haeckel_0062_pitcher-plants.png	mozjpeg	420	15	model_proj	25.372	23.014	3.7301	Mozjpeg	15.0	png
art-scans	haeckel_0062_pitcher-plants.png	mozjpeg	420	35	identity_off	28.274	59.964	2.0578	Mozjpeg	35.0	png
art-scans	haeckel_0062_pitcher-plants.png	mozjpeg	420	35	model_policy	28.464	59.763	2.0029	Mozjpeg	35.0	png
art-scans	haeckel_0062_pitcher-plants.png	mozjpeg	420	35	model_proj	28.465	59.763	2.0028	Mozjpeg	35.0	png
art-scans	haeckel_0062_pitcher-plants.png	mozjpeg	420	55	identity_off	29.951	70.447	1.5586	Mozjpeg	55.0	png
art-scans	haeckel_0062_pitcher-plants.png	mozjpeg	420	55	model_policy	30.035	69.918	1.5352	Mozjpeg	55.0	png
art-scans	haeckel_0062_pitcher-plants.png	mozjpeg	420	55	model_proj	30.045	69.961	1.5300	Mozjpeg	55.0	png
art-scans	haeckel_0062_pitcher-plants.png	mozjpeg	420	75	identity_off	31.895	79.225	1.1603	Mozjpeg	75.0	png
art-scans	haeckel_0062_pitcher-plants.png	mozjpeg	420	75	model_policy	31.771	78.272	1.1616	Mozjpeg	75.0	png
art-scans	haeckel_0062_pitcher-plants.png	mozjpeg	420	75	model_proj	31.842	78.506	1.1388	Mozjpeg	75.0	png
art-scans	haeckel_0065_red-algae.png	turbo	420	15	identity_off	22.152	6.284	5.2576	Unknown	15.0	png
art-scans	haeckel_0065_red-algae.png	turbo	420	15	model_policy	22.502	8.398	4.9388	Unknown	15.0	png
art-scans	haeckel_0065_red-algae.png	turbo	420	15	model_proj	22.502	8.399	4.9388	Unknown	15.0	png
art-scans	haeckel_0065_red-algae.png	turbo	420	35	identity_off	23.995	37.083	3.7421	ImageMagick	35.0	png
art-scans	haeckel_0065_red-algae.png	turbo	420	35	model_policy	24.465	37.914	3.4876	ImageMagick	35.0	png
art-scans	haeckel_0065_red-algae.png	turbo	420	35	model_proj	24.466	37.948	3.4829	ImageMagick	35.0	png
art-scans	haeckel_0065_red-algae.png	turbo	420	55	identity_off	25.243	49.385	3.1132	ImageMagick	55.0	png
art-scans	haeckel_0065_red-algae.png	turbo	420	55	model_policy	25.752	49.418	2.8917	ImageMagick	55.0	png
art-scans	haeckel_0065_red-algae.png	turbo	420	55	model_proj	25.756	49.597	2.8813	ImageMagick	55.0	png
art-scans	haeckel_0065_red-algae.png	turbo	420	75	identity_off	27.024	62.666	2.3203	ImageMagick	75.0	png
art-scans	haeckel_0065_red-algae.png	turbo	420	75	model_policy	27.575	61.255	2.1183	ImageMagick	75.0	png
art-scans	haeckel_0065_red-algae.png	turbo	420	75	model_proj	27.606	61.887	2.0909	ImageMagick	75.0	png
art-scans	haeckel_0065_red-algae.png	mozjpeg	420	15	identity_off	21.469	-0.592	4.9809	Mozjpeg	15.0	png
art-scans	haeckel_0065_red-algae.png	mozjpeg	420	15	model_policy	21.699	0.540	4.7886	Mozjpeg	15.0	png
art-scans	haeckel_0065_red-algae.png	mozjpeg	420	15	model_proj	21.699	0.540	4.7886	Mozjpeg	15.0	png
art-scans	haeckel_0065_red-algae.png	mozjpeg	420	35	identity_off	23.928	38.698	3.4023	Mozjpeg	35.0	png
art-scans	haeckel_0065_red-algae.png	mozjpeg	420	35	model_policy	24.353	38.345	3.2031	Mozjpeg	35.0	png
art-scans	haeckel_0065_red-algae.png	mozjpeg	420	35	model_proj	24.353	38.341	3.2031	Mozjpeg	35.0	png
art-scans	haeckel_0065_red-algae.png	mozjpeg	420	55	identity_off	25.042	52.372	2.8391	Mozjpeg	55.0	png
art-scans	haeckel_0065_red-algae.png	mozjpeg	420	55	model_policy	25.563	51.227	2.6429	Mozjpeg	55.0	png
art-scans	haeckel_0065_red-algae.png	mozjpeg	420	55	model_proj	25.565	51.299	2.6396	Mozjpeg	55.0	png
art-scans	haeckel_0065_red-algae.png	mozjpeg	420	75	identity_off	26.257	61.977	2.4202	Mozjpeg	75.0	png
art-scans	haeckel_0065_red-algae.png	mozjpeg	420	75	model_policy	26.894	60.094	2.2241	Mozjpeg	75.0	png
art-scans	haeckel_0065_red-algae.png	mozjpeg	420	75	model_proj	26.918	60.692	2.1881	Mozjpeg	75.0	png
art-scans	haeckel_0090_radiolaria-spheres.png	turbo	420	15	identity_off	26.712	22.901	2.3447	Unknown	15.0	png
art-scans	haeckel_0090_radiolaria-spheres.png	turbo	420	15	model_policy	26.895	26.484	2.3294	Unknown	15.0	png
art-scans	haeckel_0090_radiolaria-spheres.png	turbo	420	15	model_proj	26.895	26.487	2.3294	Unknown	15.0	png
art-scans	haeckel_0090_radiolaria-spheres.png	turbo	420	35	identity_off	29.259	56.621	1.4770	ImageMagick	35.0	png
art-scans	haeckel_0090_radiolaria-spheres.png	turbo	420	35	model_policy	29.377	57.107	1.4882	ImageMagick	35.0	png
art-scans	haeckel_0090_radiolaria-spheres.png	turbo	420	35	model_proj	29.378	57.211	1.4692	ImageMagick	35.0	png
art-scans	haeckel_0090_radiolaria-spheres.png	turbo	420	55	identity_off	30.700	65.241	1.1668	ImageMagick	55.0	png
art-scans	haeckel_0090_radiolaria-spheres.png	turbo	420	55	model_policy	30.774	66.438	1.1971	ImageMagick	55.0	png
art-scans	haeckel_0090_radiolaria-spheres.png	turbo	420	55	model_proj	30.776	66.577	1.1688	ImageMagick	55.0	png
art-scans	haeckel_0090_radiolaria-spheres.png	turbo	420	75	identity_off	32.698	76.694	0.8804	ImageMagick	75.0	png
art-scans	haeckel_0090_radiolaria-spheres.png	turbo	420	75	model_policy	32.709	75.589	1.0224	ImageMagick	75.0	png
art-scans	haeckel_0090_radiolaria-spheres.png	turbo	420	75	model_proj	32.717	76.144	0.9071	ImageMagick	75.0	png
art-scans	haeckel_0090_radiolaria-spheres.png	mozjpeg	420	15	identity_off	25.225	17.416	3.1056	Mozjpeg	15.0	png
art-scans	haeckel_0090_radiolaria-spheres.png	mozjpeg	420	15	model_policy	25.388	19.907	3.0830	Mozjpeg	15.0	png
art-scans	haeckel_0090_radiolaria-spheres.png	mozjpeg	420	15	model_proj	25.388	19.905	3.0830	Mozjpeg	15.0	png
art-scans	haeckel_0090_radiolaria-spheres.png	mozjpeg	420	35	identity_off	28.637	52.557	1.7673	Mozjpeg	35.0	png
art-scans	haeckel_0090_radiolaria-spheres.png	mozjpeg	420	35	model_policy	28.809	53.112	1.7428	Mozjpeg	35.0	png
art-scans	haeckel_0090_radiolaria-spheres.png	mozjpeg	420	35	model_proj	28.809	53.108	1.7426	Mozjpeg	35.0	png
art-scans	haeckel_0090_radiolaria-spheres.png	mozjpeg	420	55	identity_off	30.262	63.221	1.3691	Mozjpeg	55.0	png
art-scans	haeckel_0090_radiolaria-spheres.png	mozjpeg	420	55	model_policy	30.397	63.889	1.3853	Mozjpeg	55.0	png
art-scans	haeckel_0090_radiolaria-spheres.png	mozjpeg	420	55	model_proj	30.398	63.939	1.3684	Mozjpeg	55.0	png
art-scans	haeckel_0090_radiolaria-spheres.png	mozjpeg	420	75	identity_off	32.301	75.440	0.9947	Mozjpeg	75.0	png
art-scans	haeckel_0090_radiolaria-spheres.png	mozjpeg	420	75	model_policy	32.323	73.992	1.1363	Mozjpeg	75.0	png
art-scans	haeckel_0090_radiolaria-spheres.png	mozjpeg	420	75	model_proj	32.338	74.287	1.0336	Mozjpeg	75.0	png
maps	nps_nps-bibe-2023-Wild-and-Scenic-Rivers-Brochure_p01.png	turbo	420	15	identity_off	27.457	31.256	3.1409	Unknown	15.0	png
maps	nps_nps-bibe-2023-Wild-and-Scenic-Rivers-Brochure_p01.png	turbo	420	15	model_policy	29.365	37.394	2.9065	Unknown	15.0	png
maps	nps_nps-bibe-2023-Wild-and-Scenic-Rivers-Brochure_p01.png	turbo	420	15	model_proj	29.365	37.391	2.9065	Unknown	15.0	png
maps	nps_nps-bibe-2023-Wild-and-Scenic-Rivers-Brochure_p01.png	turbo	420	35	identity_off	30.533	57.784	2.0490	ImageMagick	35.0	png
maps	nps_nps-bibe-2023-Wild-and-Scenic-Rivers-Brochure_p01.png	turbo	420	35	model_policy	32.717	63.153	1.6668	ImageMagick	35.0	png
maps	nps_nps-bibe-2023-Wild-and-Scenic-Rivers-Brochure_p01.png	turbo	420	35	model_proj	32.717	63.156	1.6664	ImageMagick	35.0	png
maps	nps_nps-bibe-2023-Wild-and-Scenic-Rivers-Brochure_p01.png	turbo	420	55	identity_off	32.499	67.709	1.7216	ImageMagick	55.0	png
maps	nps_nps-bibe-2023-Wild-and-Scenic-Rivers-Brochure_p01.png	turbo	420	55	model_policy	34.607	72.107	1.3693	ImageMagick	55.0	png
maps	nps_nps-bibe-2023-Wild-and-Scenic-Rivers-Brochure_p01.png	turbo	420	55	model_proj	34.607	72.116	1.3693	ImageMagick	55.0	png
maps	nps_nps-bibe-2023-Wild-and-Scenic-Rivers-Brochure_p01.png	turbo	420	75	identity_off	35.323	74.594	1.3190	ImageMagick	75.0	png
maps	nps_nps-bibe-2023-Wild-and-Scenic-Rivers-Brochure_p01.png	turbo	420	75	model_policy	37.164	78.194	1.0404	ImageMagick	75.0	png
maps	nps_nps-bibe-2023-Wild-and-Scenic-Rivers-Brochure_p01.png	turbo	420	75	model_proj	37.164	78.225	1.0403	ImageMagick	75.0	png
maps	nps_nps-bibe-2023-Wild-and-Scenic-Rivers-Brochure_p01.png	mozjpeg	420	15	identity_off	24.867	25.018	3.9680	Mozjpeg	15.0	png
maps	nps_nps-bibe-2023-Wild-and-Scenic-Rivers-Brochure_p01.png	mozjpeg	420	15	model_policy	26.225	29.492	3.6817	Mozjpeg	15.0	png
maps	nps_nps-bibe-2023-Wild-and-Scenic-Rivers-Brochure_p01.png	mozjpeg	420	15	model_proj	26.225	29.494	3.6817	Mozjpeg	15.0	png
maps	nps_nps-bibe-2023-Wild-and-Scenic-Rivers-Brochure_p01.png	mozjpeg	420	35	identity_off	27.513	54.113	2.4922	Mozjpeg	35.0	png
maps	nps_nps-bibe-2023-Wild-and-Scenic-Rivers-Brochure_p01.png	mozjpeg	420	35	model_policy	29.782	59.492	2.0784	Mozjpeg	35.0	png
maps	nps_nps-bibe-2023-Wild-and-Scenic-Rivers-Brochure_p01.png	mozjpeg	420	35	model_proj	29.782	59.496	2.0784	Mozjpeg	35.0	png
maps	nps_nps-bibe-2023-Wild-and-Scenic-Rivers-Brochure_p01.png	mozjpeg	420	55	identity_off	29.136	66.031	1.9398	Mozjpeg	55.0	png
maps	nps_nps-bibe-2023-Wild-and-Scenic-Rivers-Brochure_p01.png	mozjpeg	420	55	model_policy	31.558	70.941	1.5131	Mozjpeg	55.0	png
maps	nps_nps-bibe-2023-Wild-and-Scenic-Rivers-Brochure_p01.png	mozjpeg	420	55	model_proj	31.558	70.957	1.5133	Mozjpeg	55.0	png
maps	nps_nps-bibe-2023-Wild-and-Scenic-Rivers-Brochure_p01.png	mozjpeg	420	75	identity_off	31.715	72.909	1.4436	Mozjpeg	75.0	png
maps	nps_nps-bibe-2023-Wild-and-Scenic-Rivers-Brochure_p01.png	mozjpeg	420	75	model_policy	34.111	77.164	1.0781	Mozjpeg	75.0	png
maps	nps_nps-bibe-2023-Wild-and-Scenic-Rivers-Brochure_p01.png	mozjpeg	420	75	model_proj	34.109	77.162	1.0785	Mozjpeg	75.0	png
maps	nps_nps-bibe-2023-Wild-and-Scenic-Rivers-Brochure_p02.png	turbo	420	15	identity_off	34.066	12.005	3.4370	Unknown	15.0	png
maps	nps_nps-bibe-2023-Wild-and-Scenic-Rivers-Brochure_p02.png	turbo	420	15	model_policy	34.593	23.381	3.2803	Unknown	15.0	png
maps	nps_nps-bibe-2023-Wild-and-Scenic-Rivers-Brochure_p02.png	turbo	420	15	model_proj	34.593	23.385	3.2803	Unknown	15.0	png
maps	nps_nps-bibe-2023-Wild-and-Scenic-Rivers-Brochure_p02.png	turbo	420	35	identity_off	38.003	55.010	1.7067	ImageMagick	35.0	png
maps	nps_nps-bibe-2023-Wild-and-Scenic-Rivers-Brochure_p02.png	turbo	420	35	model_policy	38.529	60.855	1.5781	ImageMagick	35.0	png
maps	nps_nps-bibe-2023-Wild-and-Scenic-Rivers-Brochure_p02.png	turbo	420	35	model_proj	38.529	60.833	1.5781	ImageMagick	35.0	png
maps	nps_nps-bibe-2023-Wild-and-Scenic-Rivers-Brochure_p02.png	turbo	420	55	identity_off	39.421	68.121	1.4309	ImageMagick	55.0	png
maps	nps_nps-bibe-2023-Wild-and-Scenic-Rivers-Brochure_p02.png	turbo	420	55	model_policy	39.914	71.395	1.3410	ImageMagick	55.0	png
maps	nps_nps-bibe-2023-Wild-and-Scenic-Rivers-Brochure_p02.png	turbo	420	55	model_proj	39.914	71.391	1.3410	ImageMagick	55.0	png
maps	nps_nps-bibe-2023-Wild-and-Scenic-Rivers-Brochure_p02.png	turbo	420	75	identity_off	42.153	78.563	0.9590	ImageMagick	75.0	png
maps	nps_nps-bibe-2023-Wild-and-Scenic-Rivers-Brochure_p02.png	turbo	420	75	model_policy	42.618	79.823	0.8785	ImageMagick	75.0	png
maps	nps_nps-bibe-2023-Wild-and-Scenic-Rivers-Brochure_p02.png	turbo	420	75	model_proj	42.612	79.815	0.8787	ImageMagick	75.0	png
maps	nps_nps-bibe-2023-Wild-and-Scenic-Rivers-Brochure_p02.png	mozjpeg	420	15	identity_off	33.379	7.046	3.5908	Mozjpeg	15.0	png
maps	nps_nps-bibe-2023-Wild-and-Scenic-Rivers-Brochure_p02.png	mozjpeg	420	15	model_policy	33.742	15.592	3.4498	Mozjpeg	15.0	png
maps	nps_nps-bibe-2023-Wild-and-Scenic-Rivers-Brochure_p02.png	mozjpeg	420	15	model_proj	33.742	15.584	3.4498	Mozjpeg	15.0	png
maps	nps_nps-bibe-2023-Wild-and-Scenic-Rivers-Brochure_p02.png	mozjpeg	420	35	identity_off	37.037	49.439	1.9318	Mozjpeg	35.0	png
maps	nps_nps-bibe-2023-Wild-and-Scenic-Rivers-Brochure_p02.png	mozjpeg	420	35	model_policy	37.344	53.654	1.8502	Mozjpeg	35.0	png
maps	nps_nps-bibe-2023-Wild-and-Scenic-Rivers-Brochure_p02.png	mozjpeg	420	35	model_proj	37.344	53.670	1.8502	Mozjpeg	35.0	png
maps	nps_nps-bibe-2023-Wild-and-Scenic-Rivers-Brochure_p02.png	mozjpeg	420	55	identity_off	38.620	63.623	1.5705	Mozjpeg	55.0	png
maps	nps_nps-bibe-2023-Wild-and-Scenic-Rivers-Brochure_p02.png	mozjpeg	420	55	model_policy	38.889	66.384	1.5124	Mozjpeg	55.0	png
maps	nps_nps-bibe-2023-Wild-and-Scenic-Rivers-Brochure_p02.png	mozjpeg	420	55	model_proj	38.889	66.371	1.5124	Mozjpeg	55.0	png
maps	nps_nps-bibe-2023-Wild-and-Scenic-Rivers-Brochure_p02.png	mozjpeg	420	75	identity_off	41.436	76.854	1.0349	Mozjpeg	75.0	png
maps	nps_nps-bibe-2023-Wild-and-Scenic-Rivers-Brochure_p02.png	mozjpeg	420	75	model_policy	41.621	77.567	0.9954	Mozjpeg	75.0	png
maps	nps_nps-bibe-2023-Wild-and-Scenic-Rivers-Brochure_p02.png	mozjpeg	420	75	model_proj	41.621	77.514	0.9953	Mozjpeg	75.0	png
maps	nps_nps-biho-FINAL-VERSION_BIHO-unigrid_Side-1_X3_compressed-for-web-6_p01.png	turbo	420	15	identity_off	31.848	32.654	4.3344	Unknown	15.0	png
maps	nps_nps-biho-FINAL-VERSION_BIHO-unigrid_Side-1_X3_compressed-for-web-6_p01.png	turbo	420	15	model_policy	33.449	40.445	4.2485	Unknown	15.0	png
maps	nps_nps-biho-FINAL-VERSION_BIHO-unigrid_Side-1_X3_compressed-for-web-6_p01.png	turbo	420	15	model_proj	33.449	40.448	4.2485	Unknown	15.0	png
maps	nps_nps-biho-FINAL-VERSION_BIHO-unigrid_Side-1_X3_compressed-for-web-6_p01.png	turbo	420	35	identity_off	35.229	63.673	2.0642	ImageMagick	35.0	png
maps	nps_nps-biho-FINAL-VERSION_BIHO-unigrid_Side-1_X3_compressed-for-web-6_p01.png	turbo	420	35	model_policy	36.905	67.752	2.0194	ImageMagick	35.0	png
maps	nps_nps-biho-FINAL-VERSION_BIHO-unigrid_Side-1_X3_compressed-for-web-6_p01.png	turbo	420	35	model_proj	36.939	67.875	2.0181	ImageMagick	35.0	png
maps	nps_nps-biho-FINAL-VERSION_BIHO-unigrid_Side-1_X3_compressed-for-web-6_p01.png	turbo	420	55	identity_off	37.122	73.463	1.3011	ImageMagick	55.0	png
maps	nps_nps-biho-FINAL-VERSION_BIHO-unigrid_Side-1_X3_compressed-for-web-6_p01.png	turbo	420	55	model_policy	38.726	76.357	1.1613	ImageMagick	55.0	png
maps	nps_nps-biho-FINAL-VERSION_BIHO-unigrid_Side-1_X3_compressed-for-web-6_p01.png	turbo	420	55	model_proj	38.777	76.464	1.1479	ImageMagick	55.0	png
maps	nps_nps-biho-FINAL-VERSION_BIHO-unigrid_Side-1_X3_compressed-for-web-6_p01.png	turbo	420	75	identity_off	39.285	80.661	1.0379	ImageMagick	75.0	png
maps	nps_nps-biho-FINAL-VERSION_BIHO-unigrid_Side-1_X3_compressed-for-web-6_p01.png	turbo	420	75	model_policy	40.715	82.583	0.8952	ImageMagick	75.0	png
maps	nps_nps-biho-FINAL-VERSION_BIHO-unigrid_Side-1_X3_compressed-for-web-6_p01.png	turbo	420	75	model_proj	40.794	82.728	0.8780	ImageMagick	75.0	png
maps	nps_nps-biho-FINAL-VERSION_BIHO-unigrid_Side-1_X3_compressed-for-web-6_p01.png	mozjpeg	420	15	identity_off	30.338	26.249	5.2808	Mozjpeg	15.0	png
maps	nps_nps-biho-FINAL-VERSION_BIHO-unigrid_Side-1_X3_compressed-for-web-6_p01.png	mozjpeg	420	15	model_policy	31.621	32.056	5.7615	Mozjpeg	15.0	png
maps	nps_nps-biho-FINAL-VERSION_BIHO-unigrid_Side-1_X3_compressed-for-web-6_p01.png	mozjpeg	420	15	model_proj	31.521	31.902	5.7615	Mozjpeg	15.0	png
maps	nps_nps-biho-FINAL-VERSION_BIHO-unigrid_Side-1_X3_compressed-for-web-6_p01.png	mozjpeg	420	35	identity_off	33.530	59.777	1.8744	Mozjpeg	35.0	png
maps	nps_nps-biho-FINAL-VERSION_BIHO-unigrid_Side-1_X3_compressed-for-web-6_p01.png	mozjpeg	420	35	model_policy	35.178	62.908	1.7856	Mozjpeg	35.0	png
maps	nps_nps-biho-FINAL-VERSION_BIHO-unigrid_Side-1_X3_compressed-for-web-6_p01.png	mozjpeg	420	35	model_proj	34.937	62.831	1.7943	Mozjpeg	35.0	png
maps	nps_nps-biho-FINAL-VERSION_BIHO-unigrid_Side-1_X3_compressed-for-web-6_p01.png	mozjpeg	420	55	identity_off	35.139	70.643	1.3789	Mozjpeg	55.0	png
maps	nps_nps-biho-FINAL-VERSION_BIHO-unigrid_Side-1_X3_compressed-for-web-6_p01.png	mozjpeg	420	55	model_policy	36.867	72.557	1.2987	Mozjpeg	55.0	png
maps	nps_nps-biho-FINAL-VERSION_BIHO-unigrid_Side-1_X3_compressed-for-web-6_p01.png	mozjpeg	420	55	model_proj	36.578	72.495	1.3055	Mozjpeg	55.0	png
maps	nps_nps-biho-FINAL-VERSION_BIHO-unigrid_Side-1_X3_compressed-for-web-6_p01.png	mozjpeg	420	75	identity_off	37.534	78.536	1.0548	Mozjpeg	75.0	png
maps	nps_nps-biho-FINAL-VERSION_BIHO-unigrid_Side-1_X3_compressed-for-web-6_p01.png	mozjpeg	420	75	model_policy	39.058	79.690	0.9691	Mozjpeg	75.0	png
maps	nps_nps-biho-FINAL-VERSION_BIHO-unigrid_Side-1_X3_compressed-for-web-6_p01.png	mozjpeg	420	75	model_proj	38.965	79.970	0.9577	Mozjpeg	75.0	png
maps	nps_nps-blca-Black_Canyon_unigrid_2023_508_web_p01.png	turbo	420	15	identity_off	32.382	22.040	5.5570	Unknown	15.0	png
maps	nps_nps-blca-Black_Canyon_unigrid_2023_508_web_p01.png	turbo	420	15	model_policy	33.970	30.730	5.1778	Unknown	15.0	png
maps	nps_nps-blca-Black_Canyon_unigrid_2023_508_web_p01.png	turbo	420	15	model_proj	33.970	30.730	5.1778	Unknown	15.0	png
maps	nps_nps-blca-Black_Canyon_unigrid_2023_508_web_p01.png	turbo	420	35	identity_off	36.241	60.039	2.5922	ImageMagick	35.0	png
maps	nps_nps-blca-Black_Canyon_unigrid_2023_508_web_p01.png	turbo	420	35	model_policy	38.177	66.988	2.7978	ImageMagick	35.0	png
maps	nps_nps-blca-Black_Canyon_unigrid_2023_508_web_p01.png	turbo	420	35	model_proj	38.177	66.988	2.7978	ImageMagick	35.0	png
maps	nps_nps-blca-Black_Canyon_unigrid_2023_508_web_p01.png	turbo	420	55	identity_off	38.677	70.421	1.7484	ImageMagick	55.0	png
maps	nps_nps-blca-Black_Canyon_unigrid_2023_508_web_p01.png	turbo	420	55	model_policy	40.878	74.665	1.5332	ImageMagick	55.0	png
maps	nps_nps-blca-Black_Canyon_unigrid_2023_508_web_p01.png	turbo	420	55	model_proj	40.878	74.675	1.5332	ImageMagick	55.0	png
maps	nps_nps-blca-Black_Canyon_unigrid_2023_508_web_p01.png	turbo	420	75	identity_off	41.663	79.128	1.3984	ImageMagick	75.0	png
maps	nps_nps-blca-Black_Canyon_unigrid_2023_508_web_p01.png	turbo	420	75	model_policy	43.496	81.933	1.2449	ImageMagick	75.0	png
maps	nps_nps-blca-Black_Canyon_unigrid_2023_508_web_p01.png	turbo	420	75	model_proj	43.738	82.053	1.1796	ImageMagick	75.0	png
maps	nps_nps-blca-Black_Canyon_unigrid_2023_508_web_p01.png	mozjpeg	420	15	identity_off	30.469	23.200	5.5912	Mozjpeg	15.0	png
maps	nps_nps-blca-Black_Canyon_unigrid_2023_508_web_p01.png	mozjpeg	420	15	model_policy	31.474	30.174	5.2119	Mozjpeg	15.0	png
maps	nps_nps-blca-Black_Canyon_unigrid_2023_508_web_p01.png	mozjpeg	420	15	model_proj	31.474	30.172	5.2119	Mozjpeg	15.0	png
maps	nps_nps-blca-Black_Canyon_unigrid_2023_508_web_p01.png	mozjpeg	420	35	identity_off	33.594	58.613	2.6925	Mozjpeg	35.0	png
maps	nps_nps-blca-Black_Canyon_unigrid_2023_508_web_p01.png	mozjpeg	420	35	model_policy	35.390	64.852	2.8178	Mozjpeg	35.0	png
maps	nps_nps-blca-Black_Canyon_unigrid_2023_508_web_p01.png	mozjpeg	420	35	model_proj	35.390	64.851	2.8178	Mozjpeg	35.0	png
maps	nps_nps-blca-Black_Canyon_unigrid_2023_508_web_p01.png	mozjpeg	420	55	identity_off	35.389	68.498	1.9021	Mozjpeg	55.0	png
maps	nps_nps-blca-Black_Canyon_unigrid_2023_508_web_p01.png	mozjpeg	420	55	model_policy	37.539	72.843	1.8204	Mozjpeg	55.0	png
maps	nps_nps-blca-Black_Canyon_unigrid_2023_508_web_p01.png	mozjpeg	420	55	model_proj	37.540	72.919	1.7387	Mozjpeg	55.0	png
maps	nps_nps-blca-Black_Canyon_unigrid_2023_508_web_p01.png	mozjpeg	420	75	identity_off	38.258	77.137	1.2118	Mozjpeg	75.0	png
maps	nps_nps-blca-Black_Canyon_unigrid_2023_508_web_p01.png	mozjpeg	420	75	model_policy	40.410	80.398	1.0010	Mozjpeg	75.0	png
maps	nps_nps-blca-Black_Canyon_unigrid_2023_508_web_p01.png	mozjpeg	420	75	model_proj	40.414	80.437	0.9990	Mozjpeg	75.0	png
maps	nps_nps-blca-Black_Canyon_unigrid_2023_508_web_p02.png	turbo	420	15	identity_off	31.372	23.651	3.7764	Unknown	15.0	png
maps	nps_nps-blca-Black_Canyon_unigrid_2023_508_web_p02.png	turbo	420	15	model_policy	32.668	35.342	3.6803	Unknown	15.0	png
maps	nps_nps-blca-Black_Canyon_unigrid_2023_508_web_p02.png	turbo	420	15	model_proj	32.668	35.339	3.6803	Unknown	15.0	png
maps	nps_nps-blca-Black_Canyon_unigrid_2023_508_web_p02.png	turbo	420	35	identity_off	34.459	56.680	1.9119	ImageMagick	35.0	png
maps	nps_nps-blca-Black_Canyon_unigrid_2023_508_web_p02.png	turbo	420	35	model_policy	36.144	64.055	1.5843	ImageMagick	35.0	png
maps	nps_nps-blca-Black_Canyon_unigrid_2023_508_web_p02.png	turbo	420	35	model_proj	36.144	64.052	1.5843	ImageMagick	35.0	png
maps	nps_nps-blca-Black_Canyon_unigrid_2023_508_web_p02.png	turbo	420	55	identity_off	36.190	66.940	1.7325	ImageMagick	55.0	png
maps	nps_nps-blca-Black_Canyon_unigrid_2023_508_web_p02.png	turbo	420	55	model_policy	37.903	71.527	1.6410	ImageMagick	55.0	png
maps	nps_nps-blca-Black_Canyon_unigrid_2023_508_web_p02.png	turbo	420	55	model_proj	37.903	71.529	1.6410	ImageMagick	55.0	png
maps	nps_nps-blca-Black_Canyon_unigrid_2023_508_web_p02.png	turbo	420	75	identity_off	38.935	75.203	1.1859	ImageMagick	75.0	png
maps	nps_nps-blca-Black_Canyon_unigrid_2023_508_web_p02.png	turbo	420	75	model_policy	40.654	78.489	1.0012	ImageMagick	75.0	png
maps	nps_nps-blca-Black_Canyon_unigrid_2023_508_web_p02.png	turbo	420	75	model_proj	40.675	78.697	0.9994	ImageMagick	75.0	png
maps	nps_nps-blca-Black_Canyon_unigrid_2023_508_web_p02.png	mozjpeg	420	15	identity_off	29.273	19.366	4.1860	Mozjpeg	15.0	png
maps	nps_nps-blca-Black_Canyon_unigrid_2023_508_web_p02.png	mozjpeg	420	15	model_policy	30.201	29.115	4.0373	Mozjpeg	15.0	png
maps	nps_nps-blca-Black_Canyon_unigrid_2023_508_web_p02.png	mozjpeg	420	15	model_proj	30.201	29.117	4.0373	Mozjpeg	15.0	png
maps	nps_nps-blca-Black_Canyon_unigrid_2023_508_web_p02.png	mozjpeg	420	35	identity_off	32.558	54.233	2.1947	Mozjpeg	35.0	png
maps	nps_nps-blca-Black_Canyon_unigrid_2023_508_web_p02.png	mozjpeg	420	35	model_policy	34.094	61.051	1.9202	Mozjpeg	35.0	png
maps	nps_nps-blca-Black_Canyon_unigrid_2023_508_web_p02.png	mozjpeg	420	35	model_proj	34.094	61.050	1.9202	Mozjpeg	35.0	png
maps	nps_nps-blca-Black_Canyon_unigrid_2023_508_web_p02.png	mozjpeg	420	55	identity_off	34.039	65.105	1.7930	Mozjpeg	55.0	png
maps	nps_nps-blca-Black_Canyon_unigrid_2023_508_web_p02.png	mozjpeg	420	55	model_policy	35.674	70.492	1.5845	Mozjpeg	55.0	png
maps	nps_nps-blca-Black_Canyon_unigrid_2023_508_web_p02.png	mozjpeg	420	55	model_proj	35.676	70.501	1.5843	Mozjpeg	55.0	png
maps	nps_nps-blca-Black_Canyon_unigrid_2023_508_web_p02.png	mozjpeg	420	75	identity_off	36.090	75.092	1.2646	Mozjpeg	75.0	png
maps	nps_nps-blca-Black_Canyon_unigrid_2023_508_web_p02.png	mozjpeg	420	75	model_policy	37.709	78.375	1.0468	Mozjpeg	75.0	png
maps	nps_nps-blca-Black_Canyon_unigrid_2023_508_web_p02.png	mozjpeg	420	75	model_proj	37.710	78.351	1.0468	Mozjpeg	75.0	png
maps	nps_nps-cany-ISKY-Backcountry-Zone-Map-Final-508_p01.png	turbo	420	15	identity_off	28.858	33.193	3.1374	Unknown	15.0	png
maps	nps_nps-cany-ISKY-Backcountry-Zone-Map-Final-508_p01.png	turbo	420	15	model_policy	29.773	39.599	2.8590	Unknown	15.0	png
maps	nps_nps-cany-ISKY-Backcountry-Zone-Map-Final-508_p01.png	turbo	420	15	model_proj	29.773	39.596	2.8590	Unknown	15.0	png
maps	nps_nps-cany-ISKY-Backcountry-Zone-Map-Final-508_p01.png	turbo	420	35	identity_off	31.990	63.006	1.7852	ImageMagick	35.0	png
maps	nps_nps-cany-ISKY-Backcountry-Zone-Map-Final-508_p01.png	turbo	420	35	model_policy	33.071	67.328	1.5507	ImageMagick	35.0	png
maps	nps_nps-cany-ISKY-Backcountry-Zone-Map-Final-508_p01.png	turbo	420	35	model_proj	33.079	67.435	1.5433	ImageMagick	35.0	png
maps	nps_nps-cany-ISKY-Backcountry-Zone-Map-Final-508_p01.png	turbo	420	55	identity_off	33.467	71.424	1.3897	ImageMagick	55.0	png
maps	nps_nps-cany-ISKY-Backcountry-Zone-Map-Final-508_p01.png	turbo	420	55	model_policy	34.502	74.501	1.2154	ImageMagick	55.0	png
maps	nps_nps-cany-ISKY-Backcountry-Zone-Map-Final-508_p01.png	turbo	420	55	model_proj	34.513	74.654	1.2077	ImageMagick	55.0	png
maps	nps_nps-cany-ISKY-Backcountry-Zone-Map-Final-508_p01.png	turbo	420	75	identity_off	35.387	79.337	1.0449	ImageMagick	75.0	png
maps	nps_nps-cany-ISKY-Backcountry-Zone-Map-Final-508_p01.png	turbo	420	75	model_policy	36.292	81.305	0.9121	ImageMagick	75.0	png
maps	nps_nps-cany-ISKY-Backcountry-Zone-Map-Final-508_p01.png	turbo	420	75	model_proj	36.317	81.396	0.8995	ImageMagick	75.0	png
maps	nps_nps-cany-ISKY-Backcountry-Zone-Map-Final-508_p01.png	mozjpeg	420	15	identity_off	27.153	26.254	3.7913	Mozjpeg	15.0	png
maps	nps_nps-cany-ISKY-Backcountry-Zone-Map-Final-508_p01.png	mozjpeg	420	15	model_policy	28.043	31.915	3.6388	Mozjpeg	15.0	png
maps	nps_nps-cany-ISKY-Backcountry-Zone-Map-Final-508_p01.png	mozjpeg	420	15	model_proj	28.047	31.994	3.6087	Mozjpeg	15.0	png
maps	nps_nps-cany-ISKY-Backcountry-Zone-Map-Final-508_p01.png	mozjpeg	420	35	identity_off	30.574	58.468	2.3075	Mozjpeg	35.0	png
maps	nps_nps-cany-ISKY-Backcountry-Zone-Map-Final-508_p01.png	mozjpeg	420	35	model_policy	31.831	63.164	2.0411	Mozjpeg	35.0	png
maps	nps_nps-cany-ISKY-Backcountry-Zone-Map-Final-508_p01.png	mozjpeg	420	35	model_proj	31.850	63.400	1.9979	Mozjpeg	35.0	png
maps	nps_nps-cany-ISKY-Backcountry-Zone-Map-Final-508_p01.png	mozjpeg	420	55	identity_off	32.362	69.206	1.7720	Mozjpeg	55.0	png
maps	nps_nps-cany-ISKY-Backcountry-Zone-Map-Final-508_p01.png	mozjpeg	420	55	model_policy	33.688	72.836	1.5214	Mozjpeg	55.0	png
maps	nps_nps-cany-ISKY-Backcountry-Zone-Map-Final-508_p01.png	mozjpeg	420	55	model_proj	33.714	73.104	1.4675	Mozjpeg	55.0	png
maps	nps_nps-cany-ISKY-Backcountry-Zone-Map-Final-508_p01.png	mozjpeg	420	75	identity_off	34.568	77.322	1.3120	Mozjpeg	75.0	png
maps	nps_nps-cany-ISKY-Backcountry-Zone-Map-Final-508_p01.png	mozjpeg	420	75	model_policy	35.798	79.774	1.1037	Mozjpeg	75.0	png
maps	nps_nps-cany-ISKY-Backcountry-Zone-Map-Final-508_p01.png	mozjpeg	420	75	model_proj	35.821	79.993	1.0772	Mozjpeg	75.0	png
maps	nps_nps-cany-IslandRoadsandTrailsUpdated24-508forweb_p01.png	turbo	420	15	identity_off	29.067	58.810	2.8306	Unknown	15.0	png
maps	nps_nps-cany-IslandRoadsandTrailsUpdated24-508forweb_p01.png	turbo	420	15	model_policy	31.436	64.280	2.5097	Unknown	15.0	png
maps	nps_nps-cany-IslandRoadsandTrailsUpdated24-508forweb_p01.png	turbo	420	15	model_proj	31.437	64.294	2.5096	Unknown	15.0	png
maps	nps_nps-cany-IslandRoadsandTrailsUpdated24-508forweb_p01.png	turbo	420	35	identity_off	32.356	70.758	1.7503	ImageMagick	35.0	png
maps	nps_nps-cany-IslandRoadsandTrailsUpdated24-508forweb_p01.png	turbo	420	35	model_policy	35.029	77.170	1.3042	ImageMagick	35.0	png
maps	nps_nps-cany-IslandRoadsandTrailsUpdated24-508forweb_p01.png	turbo	420	35	model_proj	35.071	77.372	1.2864	ImageMagick	35.0	png
maps	nps_nps-cany-IslandRoadsandTrailsUpdated24-508forweb_p01.png	turbo	420	55	identity_off	34.272	69.096	2.5603	ImageMagick	55.0	png
maps	nps_nps-cany-IslandRoadsandTrailsUpdated24-508forweb_p01.png	turbo	420	55	model_policy	36.799	74.523	2.5349	ImageMagick	55.0	png
maps	nps_nps-cany-IslandRoadsandTrailsUpdated24-508forweb_p01.png	turbo	420	55	model_proj	36.866	74.728	2.5338	ImageMagick	55.0	png
maps	nps_nps-cany-IslandRoadsandTrailsUpdated24-508forweb_p01.png	turbo	420	75	identity_off	37.632	79.688	1.0999	ImageMagick	75.0	png
maps	nps_nps-cany-IslandRoadsandTrailsUpdated24-508forweb_p01.png	turbo	420	75	model_policy	40.106	84.064	0.8101	ImageMagick	75.0	png
maps	nps_nps-cany-IslandRoadsandTrailsUpdated24-508forweb_p01.png	turbo	420	75	model_proj	40.201	84.321	0.7998	ImageMagick	75.0	png
maps	nps_nps-cany-IslandRoadsandTrailsUpdated24-508forweb_p01.png	mozjpeg	420	15	identity_off	26.221	53.176	3.6035	Mozjpeg	15.0	png
maps	nps_nps-cany-IslandRoadsandTrailsUpdated24-508forweb_p01.png	mozjpeg	420	15	model_policy	27.864	57.287	3.4100	Mozjpeg	15.0	png
maps	nps_nps-cany-IslandRoadsandTrailsUpdated24-508forweb_p01.png	mozjpeg	420	15	model_proj	27.783	57.299	3.4135	Mozjpeg	15.0	png
maps	nps_nps-cany-IslandRoadsandTrailsUpdated24-508forweb_p01.png	mozjpeg	420	35	identity_off	29.245	69.251	2.0668	Mozjpeg	35.0	png
maps	nps_nps-cany-IslandRoadsandTrailsUpdated24-508forweb_p01.png	mozjpeg	420	35	model_policy	31.668	74.616	1.7189	Mozjpeg	35.0	png
maps	nps_nps-cany-IslandRoadsandTrailsUpdated24-508forweb_p01.png	mozjpeg	420	35	model_proj	31.472	73.954	1.7702	Mozjpeg	35.0	png
maps	nps_nps-cany-IslandRoadsandTrailsUpdated24-508forweb_p01.png	mozjpeg	420	55	identity_off	30.875	68.088	2.5962	Mozjpeg	55.0	png
maps	nps_nps-cany-IslandRoadsandTrailsUpdated24-508forweb_p01.png	mozjpeg	420	55	model_policy	33.268	73.040	2.5668	Mozjpeg	55.0	png
maps	nps_nps-cany-IslandRoadsandTrailsUpdated24-508forweb_p01.png	mozjpeg	420	55	model_proj	33.090	72.593	2.5734	Mozjpeg	55.0	png
maps	nps_nps-cany-IslandRoadsandTrailsUpdated24-508forweb_p01.png	mozjpeg	420	75	identity_off	33.466	77.415	1.2400	Mozjpeg	75.0	png
maps	nps_nps-cany-IslandRoadsandTrailsUpdated24-508forweb_p01.png	mozjpeg	420	75	model_policy	35.956	81.500	0.9728	Mozjpeg	75.0	png
maps	nps_nps-cany-IslandRoadsandTrailsUpdated24-508forweb_p01.png	mozjpeg	420	75	model_proj	35.847	81.071	1.0205	Mozjpeg	75.0	png
maps	nps_nps-cany-IslandRoadsandTrailsUpdated24-508forweb_p02.png	turbo	420	15	identity_off	29.780	63.736	2.6300	Unknown	15.0	png
maps	nps_nps-cany-IslandRoadsandTrailsUpdated24-508forweb_p02.png	turbo	420	15	model_policy	32.525	72.217	1.9576	Unknown	15.0	png
maps	nps_nps-cany-IslandRoadsandTrailsUpdated24-508forweb_p02.png	turbo	420	15	model_proj	32.525	72.216	1.9575	Unknown	15.0	png
maps	nps_nps-cany-IslandRoadsandTrailsUpdated24-508forweb_p02.png	turbo	420	35	identity_off	33.025	71.752	1.7268	ImageMagick	35.0	png
maps	nps_nps-cany-IslandRoadsandTrailsUpdated24-508forweb_p02.png	turbo	420	35	model_policy	35.961	79.840	1.2131	ImageMagick	35.0	png
maps	nps_nps-cany-IslandRoadsandTrailsUpdated24-508forweb_p02.png	turbo	420	35	model_proj	36.063	80.698	1.1485	ImageMagick	35.0	png
maps	nps_nps-cany-IslandRoadsandTrailsUpdated24-508forweb_p02.png	turbo	420	55	identity_off	35.380	77.071	1.3545	ImageMagick	55.0	png
maps	nps_nps-cany-IslandRoadsandTrailsUpdated24-508forweb_p02.png	turbo	420	55	model_policy	38.266	83.524	0.9210	ImageMagick	55.0	png
maps	nps_nps-cany-IslandRoadsandTrailsUpdated24-508forweb_p02.png	turbo	420	55	model_proj	38.447	84.513	0.8370	ImageMagick	55.0	png
maps	nps_nps-cany-IslandRoadsandTrailsUpdated24-508forweb_p02.png	turbo	420	75	identity_off	39.001	82.904	0.9940	ImageMagick	75.0	png
maps	nps_nps-cany-IslandRoadsandTrailsUpdated24-508forweb_p02.png	turbo	420	75	model_policy	41.766	87.338	0.6607	ImageMagick	75.0	png
maps	nps_nps-cany-IslandRoadsandTrailsUpdated24-508forweb_p02.png	turbo	420	75	model_proj	41.974	88.283	0.5784	ImageMagick	75.0	png
maps	nps_nps-cany-IslandRoadsandTrailsUpdated24-508forweb_p02.png	mozjpeg	420	15	identity_off	27.166	67.704	2.7889	Mozjpeg	15.0	png
maps	nps_nps-cany-IslandRoadsandTrailsUpdated24-508forweb_p02.png	mozjpeg	420	15	model_policy	29.064	71.783	2.5350	Mozjpeg	15.0	png
maps	nps_nps-cany-IslandRoadsandTrailsUpdated24-508forweb_p02.png	mozjpeg	420	15	model_proj	28.834	72.666	2.5298	Mozjpeg	15.0	png
maps	nps_nps-cany-IslandRoadsandTrailsUpdated24-508forweb_p02.png	mozjpeg	420	35	identity_off	29.922	75.854	1.7621	Mozjpeg	35.0	png
maps	nps_nps-cany-IslandRoadsandTrailsUpdated24-508forweb_p02.png	mozjpeg	420	35	model_policy	32.459	80.516	1.5004	Mozjpeg	35.0	png
maps	nps_nps-cany-IslandRoadsandTrailsUpdated24-508forweb_p02.png	mozjpeg	420	35	model_proj	32.067	81.027	1.5014	Mozjpeg	35.0	png
maps	nps_nps-cany-IslandRoadsandTrailsUpdated24-508forweb_p02.png	mozjpeg	420	55	identity_off	31.395	78.877	1.5086	Mozjpeg	55.0	png
maps	nps_nps-cany-IslandRoadsandTrailsUpdated24-508forweb_p02.png	mozjpeg	420	55	model_policy	34.050	83.154	1.2530	Mozjpeg	55.0	png
maps	nps_nps-cany-IslandRoadsandTrailsUpdated24-508forweb_p02.png	mozjpeg	420	55	model_proj	33.673	83.514	1.1621	Mozjpeg	55.0	png
maps	nps_nps-cany-IslandRoadsandTrailsUpdated24-508forweb_p02.png	mozjpeg	420	75	identity_off	33.890	82.655	1.0700	Mozjpeg	75.0	png
maps	nps_nps-cany-IslandRoadsandTrailsUpdated24-508forweb_p02.png	mozjpeg	420	75	model_policy	36.728	86.214	0.7996	Mozjpeg	75.0	png
maps	nps_nps-cany-IslandRoadsandTrailsUpdated24-508forweb_p02.png	mozjpeg	420	75	model_proj	36.534	86.780	0.7199	Mozjpeg	75.0	png
renders	a-chosen-soul-MOIGsaj8te0-unsplash__pristine3x.png	turbo	420	15	identity_off	32.850	27.640	2.5760	Unknown	15.0	png
renders	a-chosen-soul-MOIGsaj8te0-unsplash__pristine3x.png	turbo	420	15	model_policy	33.884	38.088	2.3371	Unknown	15.0	png
renders	a-chosen-soul-MOIGsaj8te0-unsplash__pristine3x.png	turbo	420	15	model_proj	33.884	38.083	2.3371	Unknown	15.0	png
renders	a-chosen-soul-MOIGsaj8te0-unsplash__pristine3x.png	turbo	420	35	identity_off	36.180	59.305	1.6147	ImageMagick	35.0	png
renders	a-chosen-soul-MOIGsaj8te0-unsplash__pristine3x.png	turbo	420	35	model_policy	37.272	65.915	1.4835	ImageMagick	35.0	png
renders	a-chosen-soul-MOIGsaj8te0-unsplash__pristine3x.png	turbo	420	35	model_proj	37.278	65.943	1.4831	ImageMagick	35.0	png
renders	a-chosen-soul-MOIGsaj8te0-unsplash__pristine3x.png	turbo	420	55	identity_off	38.016	67.665	1.2500	ImageMagick	55.0	png
renders	a-chosen-soul-MOIGsaj8te0-unsplash__pristine3x.png	turbo	420	55	model_policy	38.952	72.321	1.1098	ImageMagick	55.0	png
renders	a-chosen-soul-MOIGsaj8te0-unsplash__pristine3x.png	turbo	420	55	model_proj	38.960	72.330	1.1095	ImageMagick	55.0	png
renders	a-chosen-soul-MOIGsaj8te0-unsplash__pristine3x.png	turbo	420	75	identity_off	40.351	78.112	0.9558	ImageMagick	75.0	png
renders	a-chosen-soul-MOIGsaj8te0-unsplash__pristine3x.png	turbo	420	75	model_policy	41.020	80.404	0.8672	ImageMagick	75.0	png
renders	a-chosen-soul-MOIGsaj8te0-unsplash__pristine3x.png	turbo	420	75	model_proj	41.032	80.445	0.8668	ImageMagick	75.0	png
renders	a-chosen-soul-MOIGsaj8te0-unsplash__pristine3x.png	mozjpeg	420	15	identity_off	31.617	21.221	3.2111	Mozjpeg	15.0	png
renders	a-chosen-soul-MOIGsaj8te0-unsplash__pristine3x.png	mozjpeg	420	15	model_policy	32.366	29.096	3.0340	Mozjpeg	15.0	png
renders	a-chosen-soul-MOIGsaj8te0-unsplash__pristine3x.png	mozjpeg	420	15	model_proj	32.366	29.096	3.0340	Mozjpeg	15.0	png
renders	a-chosen-soul-MOIGsaj8te0-unsplash__pristine3x.png	mozjpeg	420	35	identity_off	34.871	55.422	1.9184	Mozjpeg	35.0	png
renders	a-chosen-soul-MOIGsaj8te0-unsplash__pristine3x.png	mozjpeg	420	35	model_policy	35.913	61.190	1.7832	Mozjpeg	35.0	png
renders	a-chosen-soul-MOIGsaj8te0-unsplash__pristine3x.png	mozjpeg	420	35	model_proj	35.913	61.191	1.7832	Mozjpeg	35.0	png
renders	a-chosen-soul-MOIGsaj8te0-unsplash__pristine3x.png	mozjpeg	420	55	identity_off	36.698	66.225	1.4533	Mozjpeg	55.0	png
renders	a-chosen-soul-MOIGsaj8te0-unsplash__pristine3x.png	mozjpeg	420	55	model_policy	37.704	70.513	1.3654	Mozjpeg	55.0	png
renders	a-chosen-soul-MOIGsaj8te0-unsplash__pristine3x.png	mozjpeg	420	55	model_proj	37.705	70.563	1.3629	Mozjpeg	55.0	png
renders	a-chosen-soul-MOIGsaj8te0-unsplash__pristine3x.png	mozjpeg	420	75	identity_off	38.678	76.971	1.1334	Mozjpeg	75.0	png
renders	a-chosen-soul-MOIGsaj8te0-unsplash__pristine3x.png	mozjpeg	420	75	model_policy	39.542	79.142	1.0646	Mozjpeg	75.0	png
renders	a-chosen-soul-MOIGsaj8te0-unsplash__pristine3x.png	mozjpeg	420	75	model_proj	39.543	79.168	1.0645	Mozjpeg	75.0	png
renders	anton-sobotyak-g7aYFxxNTVA-unsplash__pristine3x.png	turbo	420	15	identity_off	34.548	18.924	3.0052	Unknown	15.0	png
renders	anton-sobotyak-g7aYFxxNTVA-unsplash__pristine3x.png	turbo	420	15	model_policy	36.147	35.767	2.6014	Unknown	15.0	png
renders	anton-sobotyak-g7aYFxxNTVA-unsplash__pristine3x.png	turbo	420	15	model_proj	36.147	35.767	2.6014	Unknown	15.0	png
renders	anton-sobotyak-g7aYFxxNTVA-unsplash__pristine3x.png	turbo	420	35	identity_off	38.748	53.750	1.8050	ImageMagick	35.0	png
renders	anton-sobotyak-g7aYFxxNTVA-unsplash__pristine3x.png	turbo	420	35	model_policy	40.499	65.386	1.4382	ImageMagick	35.0	png
renders	anton-sobotyak-g7aYFxxNTVA-unsplash__pristine3x.png	turbo	420	35	model_proj	40.521	65.459	1.4328	ImageMagick	35.0	png
renders	anton-sobotyak-g7aYFxxNTVA-unsplash__pristine3x.png	turbo	420	55	identity_off	40.647	64.767	1.5122	ImageMagick	55.0	png
renders	anton-sobotyak-g7aYFxxNTVA-unsplash__pristine3x.png	turbo	420	55	model_policy	41.884	70.779	1.2366	ImageMagick	55.0	png
renders	anton-sobotyak-g7aYFxxNTVA-unsplash__pristine3x.png	turbo	420	55	model_proj	41.906	70.809	1.2357	ImageMagick	55.0	png
renders	anton-sobotyak-g7aYFxxNTVA-unsplash__pristine3x.png	turbo	420	75	identity_off	44.064	76.073	1.1164	ImageMagick	75.0	png
renders	anton-sobotyak-g7aYFxxNTVA-unsplash__pristine3x.png	turbo	420	75	model_policy	44.934	79.624	0.8873	ImageMagick	75.0	png
renders	anton-sobotyak-g7aYFxxNTVA-unsplash__pristine3x.png	turbo	420	75	model_proj	44.959	79.657	0.8886	ImageMagick	75.0	png
renders	anton-sobotyak-g7aYFxxNTVA-unsplash__pristine3x.png	mozjpeg	420	15	identity_off	32.742	12.772	3.4741	Mozjpeg	15.0	png
renders	anton-sobotyak-g7aYFxxNTVA-unsplash__pristine3x.png	mozjpeg	420	15	model_policy	33.921	27.506	3.2405	Mozjpeg	15.0	png
renders	anton-sobotyak-g7aYFxxNTVA-unsplash__pristine3x.png	mozjpeg	420	15	model_proj	33.921	27.502	3.2405	Mozjpeg	15.0	png
renders	anton-sobotyak-g7aYFxxNTVA-unsplash__pristine3x.png	mozjpeg	420	35	identity_off	36.079	48.621	2.0543	Mozjpeg	35.0	png
renders	anton-sobotyak-g7aYFxxNTVA-unsplash__pristine3x.png	mozjpeg	420	35	model_policy	37.763	60.404	1.8131	Mozjpeg	35.0	png
renders	anton-sobotyak-g7aYFxxNTVA-unsplash__pristine3x.png	mozjpeg	420	35	model_proj	37.763	60.402	1.8131	Mozjpeg	35.0	png
renders	anton-sobotyak-g7aYFxxNTVA-unsplash__pristine3x.png	mozjpeg	420	55	identity_off	37.802	60.745	1.6901	Mozjpeg	55.0	png
renders	anton-sobotyak-g7aYFxxNTVA-unsplash__pristine3x.png	mozjpeg	420	55	model_policy	39.324	68.509	1.4946	Mozjpeg	55.0	png
renders	anton-sobotyak-g7aYFxxNTVA-unsplash__pristine3x.png	mozjpeg	420	55	model_proj	39.329	68.471	1.4958	Mozjpeg	55.0	png
renders	anton-sobotyak-g7aYFxxNTVA-unsplash__pristine3x.png	mozjpeg	420	75	identity_off	40.621	74.194	1.2926	Mozjpeg	75.0	png
renders	anton-sobotyak-g7aYFxxNTVA-unsplash__pristine3x.png	mozjpeg	420	75	model_policy	41.946	78.445	1.0752	Mozjpeg	75.0	png
renders	anton-sobotyak-g7aYFxxNTVA-unsplash__pristine3x.png	mozjpeg	420	75	model_proj	41.956	78.427	1.0770	Mozjpeg	75.0	png
renders	itsiken-pmYoy3WaFPU-unsplash__pristine3x.png	turbo	420	15	identity_off	28.796	4.986	2.7162	Unknown	15.0	png
renders	itsiken-pmYoy3WaFPU-unsplash__pristine3x.png	turbo	420	15	model_policy	29.268	11.197	2.5954	Unknown	15.0	png
renders	itsiken-pmYoy3WaFPU-unsplash__pristine3x.png	turbo	420	15	model_proj	29.268	11.195	2.5954	Unknown	15.0	png
renders	itsiken-pmYoy3WaFPU-unsplash__pristine3x.png	turbo	420	35	identity_off	31.348	47.388	1.8290	ImageMagick	35.0	png
renders	itsiken-pmYoy3WaFPU-unsplash__pristine3x.png	turbo	420	35	model_policy	31.757	49.675	1.7349	ImageMagick	35.0	png
renders	itsiken-pmYoy3WaFPU-unsplash__pristine3x.png	turbo	420	35	model_proj	31.757	49.684	1.7349	ImageMagick	35.0	png
renders	itsiken-pmYoy3WaFPU-unsplash__pristine3x.png	turbo	420	55	identity_off	32.736	59.502	1.5060	ImageMagick	55.0	png
renders	itsiken-pmYoy3WaFPU-unsplash__pristine3x.png	turbo	420	55	model_policy	33.082	60.844	1.4397	ImageMagick	55.0	png
renders	itsiken-pmYoy3WaFPU-unsplash__pristine3x.png	turbo	420	55	model_proj	33.082	60.848	1.4396	ImageMagick	55.0	png
renders	itsiken-pmYoy3WaFPU-unsplash__pristine3x.png	turbo	420	75	identity_off	34.711	71.661	1.1550	ImageMagick	75.0	png
renders	itsiken-pmYoy3WaFPU-unsplash__pristine3x.png	turbo	420	75	model_policy	34.978	71.672	1.1124	ImageMagick	75.0	png
renders	itsiken-pmYoy3WaFPU-unsplash__pristine3x.png	turbo	420	75	model_proj	34.979	71.958	1.1119	ImageMagick	75.0	png
renders	itsiken-pmYoy3WaFPU-unsplash__pristine3x.png	mozjpeg	420	15	identity_off	27.719	-14.047	3.4225	Mozjpeg	15.0	png
renders	itsiken-pmYoy3WaFPU-unsplash__pristine3x.png	mozjpeg	420	15	model_policy	28.047	-11.286	3.3567	Mozjpeg	15.0	png
renders	itsiken-pmYoy3WaFPU-unsplash__pristine3x.png	mozjpeg	420	15	model_proj	28.047	-11.289	3.3567	Mozjpeg	15.0	png
renders	itsiken-pmYoy3WaFPU-unsplash__pristine3x.png	mozjpeg	420	35	identity_off	30.407	35.752	2.1223	Mozjpeg	35.0	png
renders	itsiken-pmYoy3WaFPU-unsplash__pristine3x.png	mozjpeg	420	35	model_policy	30.768	36.899	2.0533	Mozjpeg	35.0	png
renders	itsiken-pmYoy3WaFPU-unsplash__pristine3x.png	mozjpeg	420	35	model_proj	30.768	36.901	2.0533	Mozjpeg	35.0	png
renders	itsiken-pmYoy3WaFPU-unsplash__pristine3x.png	mozjpeg	420	55	identity_off	31.917	51.467	1.6899	Mozjpeg	55.0	png
renders	itsiken-pmYoy3WaFPU-unsplash__pristine3x.png	mozjpeg	420	55	model_policy	32.253	51.952	1.6314	Mozjpeg	55.0	png
renders	itsiken-pmYoy3WaFPU-unsplash__pristine3x.png	mozjpeg	420	55	model_proj	32.253	51.953	1.6314	Mozjpeg	55.0	png
renders	itsiken-pmYoy3WaFPU-unsplash__pristine3x.png	mozjpeg	420	75	identity_off	33.910	67.293	1.2688	Mozjpeg	75.0	png
renders	itsiken-pmYoy3WaFPU-unsplash__pristine3x.png	mozjpeg	420	75	model_policy	34.153	67.138	1.2353	Mozjpeg	75.0	png
renders	itsiken-pmYoy3WaFPU-unsplash__pristine3x.png	mozjpeg	420	75	model_proj	34.153	67.175	1.2353	Mozjpeg	75.0	png
renders	logan-voss-YM9B8FkeO3w-unsplash__pristine3x.png	turbo	420	15	identity_off	20.127	29.631	3.9258	Unknown	15.0	png
renders	logan-voss-YM9B8FkeO3w-unsplash__pristine3x.png	turbo	420	15	model_policy	20.713	32.215	3.8160	Unknown	15.0	png
renders	logan-voss-YM9B8FkeO3w-unsplash__pristine3x.png	turbo	420	15	model_proj	20.713	32.217	3.8160	Unknown	15.0	png
renders	logan-voss-YM9B8FkeO3w-unsplash__pristine3x.png	turbo	420	35	identity_off	22.440	51.013	2.4664	ImageMagick	35.0	png
renders	logan-voss-YM9B8FkeO3w-unsplash__pristine3x.png	turbo	420	35	model_policy	23.228	54.379	2.3099	ImageMagick	35.0	png
renders	logan-voss-YM9B8FkeO3w-unsplash__pristine3x.png	turbo	420	35	model_proj	23.229	54.392	2.3097	ImageMagick	35.0	png
renders	logan-voss-YM9B8FkeO3w-unsplash__pristine3x.png	turbo	420	55	identity_off	23.957	59.847	1.9487	ImageMagick	55.0	png
renders	logan-voss-YM9B8FkeO3w-unsplash__pristine3x.png	turbo	420	55	model_policy	24.843	63.216	1.7660	ImageMagick	55.0	png
renders	logan-voss-YM9B8FkeO3w-unsplash__pristine3x.png	turbo	420	55	model_proj	24.845	63.245	1.7658	ImageMagick	55.0	png
renders	logan-voss-YM9B8FkeO3w-unsplash__pristine3x.png	turbo	420	75	identity_off	26.055	69.661	1.4810	ImageMagick	75.0	png
renders	logan-voss-YM9B8FkeO3w-unsplash__pristine3x.png	turbo	420	75	model_policy	26.993	73.021	1.2876	ImageMagick	75.0	png
renders	logan-voss-YM9B8FkeO3w-unsplash__pristine3x.png	turbo	420	75	model_proj	26.998	73.031	1.2858	ImageMagick	75.0	png
renders	logan-voss-YM9B8FkeO3w-unsplash__pristine3x.png	mozjpeg	420	15	identity_off	18.382	13.241	5.3943	Mozjpeg	15.0	png
renders	logan-voss-YM9B8FkeO3w-unsplash__pristine3x.png	mozjpeg	420	15	model_policy	18.774	14.632	5.3793	Mozjpeg	15.0	png
renders	logan-voss-YM9B8FkeO3w-unsplash__pristine3x.png	mozjpeg	420	15	model_proj	18.774	14.629	5.3793	Mozjpeg	15.0	png
renders	logan-voss-YM9B8FkeO3w-unsplash__pristine3x.png	mozjpeg	420	35	identity_off	20.957	44.606	3.5224	Mozjpeg	35.0	png
renders	logan-voss-YM9B8FkeO3w-unsplash__pristine3x.png	mozjpeg	420	35	model_policy	21.650	46.511	3.4559	Mozjpeg	35.0	png
renders	logan-voss-YM9B8FkeO3w-unsplash__pristine3x.png	mozjpeg	420	35	model_proj	21.650	46.506	3.4559	Mozjpeg	35.0	png
renders	logan-voss-YM9B8FkeO3w-unsplash__pristine3x.png	mozjpeg	420	55	identity_off	22.341	55.062	2.7721	Mozjpeg	55.0	png
renders	logan-voss-YM9B8FkeO3w-unsplash__pristine3x.png	mozjpeg	420	55	model_policy	23.156	57.265	2.6893	Mozjpeg	55.0	png
renders	logan-voss-YM9B8FkeO3w-unsplash__pristine3x.png	mozjpeg	420	55	model_proj	23.156	57.266	2.6892	Mozjpeg	55.0	png
renders	logan-voss-YM9B8FkeO3w-unsplash__pristine3x.png	mozjpeg	420	75	identity_off	24.084	65.025	2.0765	Mozjpeg	75.0	png
renders	logan-voss-YM9B8FkeO3w-unsplash__pristine3x.png	mozjpeg	420	75	model_policy	24.996	67.479	1.9776	Mozjpeg	75.0	png
renders	logan-voss-YM9B8FkeO3w-unsplash__pristine3x.png	mozjpeg	420	75	model_proj	24.998	67.469	1.9761	Mozjpeg	75.0	png
renders	logan-voss-z_e_ZrFty00-unsplash__pristine3x.png	turbo	420	15	identity_off	26.669	44.153	2.8762	Unknown	15.0	png
renders	logan-voss-z_e_ZrFty00-unsplash__pristine3x.png	turbo	420	15	model_policy	27.437	46.753	2.7371	Unknown	15.0	png
renders	logan-voss-z_e_ZrFty00-unsplash__pristine3x.png	turbo	420	15	model_proj	27.437	46.766	2.7371	Unknown	15.0	png
renders	logan-voss-z_e_ZrFty00-unsplash__pristine3x.png	turbo	420	35	identity_off	29.984	68.717	1.8001	ImageMagick	35.0	png
renders	logan-voss-z_e_ZrFty00-unsplash__pristine3x.png	turbo	420	35	model_policy	30.794	69.927	1.6754	ImageMagick	35.0	png
renders	logan-voss-z_e_ZrFty00-unsplash__pristine3x.png	turbo	420	35	model_proj	30.794	69.926	1.6754	ImageMagick	35.0	png
renders	logan-voss-z_e_ZrFty00-unsplash__pristine3x.png	turbo	420	55	identity_off	32.220	76.727	1.4630	ImageMagick	55.0	png
renders	logan-voss-z_e_ZrFty00-unsplash__pristine3x.png	turbo	420	55	model_policy	32.945	77.580	1.3110	ImageMagick	55.0	png
renders	logan-voss-z_e_ZrFty00-unsplash__pristine3x.png	turbo	420	55	model_proj	32.945	77.580	1.3110	ImageMagick	55.0	png
renders	logan-voss-z_e_ZrFty00-unsplash__pristine3x.png	turbo	420	75	identity_off	35.478	83.711	1.0133	ImageMagick	75.0	png
renders	logan-voss-z_e_ZrFty00-unsplash__pristine3x.png	turbo	420	75	model_policy	36.004	84.013	0.9317	ImageMagick	75.0	png
renders	logan-voss-z_e_ZrFty00-unsplash__pristine3x.png	turbo	420	75	model_proj	36.005	84.047	0.9315	ImageMagick	75.0	png
renders	logan-voss-z_e_ZrFty00-unsplash__pristine3x.png	mozjpeg	420	15	identity_off	25.065	31.939	3.5138	Mozjpeg	15.0	png
renders	logan-voss-z_e_ZrFty00-unsplash__pristine3x.png	mozjpeg	420	15	model_policy	25.516	33.821	3.4138	Mozjpeg	15.0	png
renders	logan-voss-z_e_ZrFty00-unsplash__pristine3x.png	mozjpeg	420	15	model_proj	25.516	33.815	3.4138	Mozjpeg	15.0	png
renders	logan-voss-z_e_ZrFty00-unsplash__pristine3x.png	mozjpeg	420	35	identity_off	28.370	61.260	2.1817	Mozjpeg	35.0	png
renders	logan-voss-z_e_ZrFty00-unsplash__pristine3x.png	mozjpeg	420	35	model_policy	29.019	62.086	2.1096	Mozjpeg	35.0	png
renders	logan-voss-z_e_ZrFty00-unsplash__pristine3x.png	mozjpeg	420	35	model_proj	29.019	62.088	2.1096	Mozjpeg	35.0	png
renders	logan-voss-z_e_ZrFty00-unsplash__pristine3x.png	mozjpeg	420	55	identity_off	30.262	70.691	1.7058	Mozjpeg	55.0	png
renders	logan-voss-z_e_ZrFty00-unsplash__pristine3x.png	mozjpeg	420	55	model_policy	30.861	71.015	1.6470	Mozjpeg	55.0	png
renders	logan-voss-z_e_ZrFty00-unsplash__pristine3x.png	mozjpeg	420	55	model_proj	30.861	71.019	1.6470	Mozjpeg	55.0	png
renders	logan-voss-z_e_ZrFty00-unsplash__pristine3x.png	mozjpeg	420	75	identity_off	32.993	79.008	1.2595	Mozjpeg	75.0	png
renders	logan-voss-z_e_ZrFty00-unsplash__pristine3x.png	mozjpeg	420	75	model_policy	33.471	78.874	1.2119	Mozjpeg	75.0	png
renders	logan-voss-z_e_ZrFty00-unsplash__pristine3x.png	mozjpeg	420	75	model_proj	33.471	78.876	1.2119	Mozjpeg	75.0	png
renders	luthfi-alfarizi-wOrzBPhY654-unsplash__pristine3x.png	turbo	420	15	identity_off	28.855	8.273	2.8772	Unknown	15.0	png
renders	luthfi-alfarizi-wOrzBPhY654-unsplash__pristine3x.png	turbo	420	15	model_policy	29.472	15.441	2.7127	Unknown	15.0	png
renders	luthfi-alfarizi-wOrzBPhY654-unsplash__pristine3x.png	turbo	420	15	model_proj	29.472	15.441	2.7127	Unknown	15.0	png
renders	luthfi-alfarizi-wOrzBPhY654-unsplash__pristine3x.png	turbo	420	35	identity_off	31.340	47.505	1.9519	ImageMagick	35.0	png
renders	luthfi-alfarizi-wOrzBPhY654-unsplash__pristine3x.png	turbo	420	35	model_policy	31.908	50.790	1.7234	ImageMagick	35.0	png
renders	luthfi-alfarizi-wOrzBPhY654-unsplash__pristine3x.png	turbo	420	35	model_proj	31.909	50.792	1.7233	ImageMagick	35.0	png
renders	luthfi-alfarizi-wOrzBPhY654-unsplash__pristine3x.png	turbo	420	55	identity_off	32.568	60.380	1.5444	ImageMagick	55.0	png
renders	luthfi-alfarizi-wOrzBPhY654-unsplash__pristine3x.png	turbo	420	55	model_policy	33.018	61.931	1.4375	ImageMagick	55.0	png
renders	luthfi-alfarizi-wOrzBPhY654-unsplash__pristine3x.png	turbo	420	55	model_proj	33.019	61.941	1.4375	ImageMagick	55.0	png
renders	luthfi-alfarizi-wOrzBPhY654-unsplash__pristine3x.png	turbo	420	75	identity_off	34.026	71.039	1.1879	ImageMagick	75.0	png
renders	luthfi-alfarizi-wOrzBPhY654-unsplash__pristine3x.png	turbo	420	75	model_policy	34.302	71.058	1.1079	ImageMagick	75.0	png
renders	luthfi-alfarizi-wOrzBPhY654-unsplash__pristine3x.png	turbo	420	75	model_proj	34.310	71.183	1.1064	ImageMagick	75.0	png
renders	luthfi-alfarizi-wOrzBPhY654-unsplash__pristine3x.png	mozjpeg	420	15	identity_off	27.850	-0.352	3.4117	Mozjpeg	15.0	png
renders	luthfi-alfarizi-wOrzBPhY654-unsplash__pristine3x.png	mozjpeg	420	15	model_policy	28.314	3.928	3.3105	Mozjpeg	15.0	png
renders	luthfi-alfarizi-wOrzBPhY654-unsplash__pristine3x.png	mozjpeg	420	15	model_proj	28.314	3.927	3.3105	Mozjpeg	15.0	png
renders	luthfi-alfarizi-wOrzBPhY654-unsplash__pristine3x.png	mozjpeg	420	35	identity_off	30.474	40.081	2.1144	Mozjpeg	35.0	png
renders	luthfi-alfarizi-wOrzBPhY654-unsplash__pristine3x.png	mozjpeg	420	35	model_policy	31.051	41.952	2.0551	Mozjpeg	35.0	png
renders	luthfi-alfarizi-wOrzBPhY654-unsplash__pristine3x.png	mozjpeg	420	35	model_proj	31.051	41.957	2.0551	Mozjpeg	35.0	png
renders	luthfi-alfarizi-wOrzBPhY654-unsplash__pristine3x.png	mozjpeg	420	55	identity_off	31.834	55.225	1.7042	Mozjpeg	55.0	png
renders	luthfi-alfarizi-wOrzBPhY654-unsplash__pristine3x.png	mozjpeg	420	55	model_policy	32.357	56.306	1.6240	Mozjpeg	55.0	png
renders	luthfi-alfarizi-wOrzBPhY654-unsplash__pristine3x.png	mozjpeg	420	55	model_proj	32.358	56.305	1.6240	Mozjpeg	55.0	png
renders	luthfi-alfarizi-wOrzBPhY654-unsplash__pristine3x.png	mozjpeg	420	75	identity_off	33.554	68.931	1.2996	Mozjpeg	75.0	png
renders	luthfi-alfarizi-wOrzBPhY654-unsplash__pristine3x.png	mozjpeg	420	75	model_policy	33.876	68.489	1.2559	Mozjpeg	75.0	png
renders	luthfi-alfarizi-wOrzBPhY654-unsplash__pristine3x.png	mozjpeg	420	75	model_proj	33.881	68.514	1.2547	Mozjpeg	75.0	png
renders	marek-pavlik-FOzwxaGkA1o-unsplash__pristine3x.png	turbo	420	15	identity_off	28.574	1.543	3.3123	Unknown	15.0	png
renders	marek-pavlik-FOzwxaGkA1o-unsplash__pristine3x.png	turbo	420	15	model_policy	29.034	10.739	3.2026	Unknown	15.0	png
renders	marek-pavlik-FOzwxaGkA1o-unsplash__pristine3x.png	turbo	420	15	model_proj	29.034	10.744	3.2026	Unknown	15.0	png
renders	marek-pavlik-FOzwxaGkA1o-unsplash__pristine3x.png	turbo	420	35	identity_off	30.205	46.933	2.1068	ImageMagick	35.0	png
renders	marek-pavlik-FOzwxaGkA1o-unsplash__pristine3x.png	turbo	420	35	model_policy	30.550	49.406	2.0411	ImageMagick	35.0	png
renders	marek-pavlik-FOzwxaGkA1o-unsplash__pristine3x.png	turbo	420	35	model_proj	30.550	49.401	2.0411	ImageMagick	35.0	png
renders	marek-pavlik-FOzwxaGkA1o-unsplash__pristine3x.png	turbo	420	55	identity_off	30.962	60.672	1.7476	ImageMagick	55.0	png
renders	marek-pavlik-FOzwxaGkA1o-unsplash__pristine3x.png	turbo	420	55	model_policy	31.222	61.442	1.6966	ImageMagick	55.0	png
renders	marek-pavlik-FOzwxaGkA1o-unsplash__pristine3x.png	turbo	420	55	model_proj	31.225	61.475	1.6961	ImageMagick	55.0	png
renders	marek-pavlik-FOzwxaGkA1o-unsplash__pristine3x.png	turbo	420	75	identity_off	31.866	72.497	1.3532	ImageMagick	75.0	png
renders	marek-pavlik-FOzwxaGkA1o-unsplash__pristine3x.png	turbo	420	75	model_policy	32.024	71.769	1.3262	ImageMagick	75.0	png
renders	marek-pavlik-FOzwxaGkA1o-unsplash__pristine3x.png	turbo	420	75	model_proj	32.046	71.920	1.3202	ImageMagick	75.0	png
renders	marek-pavlik-FOzwxaGkA1o-unsplash__pristine3x.png	mozjpeg	420	15	identity_off	28.574	-3.388	3.5421	Mozjpeg	15.0	png
renders	marek-pavlik-FOzwxaGkA1o-unsplash__pristine3x.png	mozjpeg	420	15	model_policy	28.931	3.362	3.4769	Mozjpeg	15.0	png
renders	marek-pavlik-FOzwxaGkA1o-unsplash__pristine3x.png	mozjpeg	420	15	model_proj	28.931	3.361	3.4769	Mozjpeg	15.0	png
renders	marek-pavlik-FOzwxaGkA1o-unsplash__pristine3x.png	mozjpeg	420	35	identity_off	30.356	39.984	2.2485	Mozjpeg	35.0	png
renders	marek-pavlik-FOzwxaGkA1o-unsplash__pristine3x.png	mozjpeg	420	35	model_policy	30.574	41.585	2.2124	Mozjpeg	35.0	png
renders	marek-pavlik-FOzwxaGkA1o-unsplash__pristine3x.png	mozjpeg	420	35	model_proj	30.575	41.607	2.2124	Mozjpeg	35.0	png
renders	marek-pavlik-FOzwxaGkA1o-unsplash__pristine3x.png	mozjpeg	420	55	identity_off	31.292	56.529	1.8066	Mozjpeg	55.0	png
renders	marek-pavlik-FOzwxaGkA1o-unsplash__pristine3x.png	mozjpeg	420	55	model_policy	31.367	56.476	1.7876	Mozjpeg	55.0	png
renders	marek-pavlik-FOzwxaGkA1o-unsplash__pristine3x.png	mozjpeg	420	55	model_proj	31.369	56.514	1.7874	Mozjpeg	55.0	png
renders	marek-pavlik-FOzwxaGkA1o-unsplash__pristine3x.png	mozjpeg	420	75	identity_off	32.387	70.096	1.4166	Mozjpeg	75.0	png
renders	marek-pavlik-FOzwxaGkA1o-unsplash__pristine3x.png	mozjpeg	420	75	model_policy	32.219	68.266	1.4203	Mozjpeg	75.0	png
renders	marek-pavlik-FOzwxaGkA1o-unsplash__pristine3x.png	mozjpeg	420	75	model_proj	32.245	68.457	1.4183	Mozjpeg	75.0	png
renders	matt-str-L5BTvO8eEyQ-unsplash__pristine3x.png	turbo	420	15	identity_off	27.747	12.421	3.3306	Unknown	15.0	png
renders	matt-str-L5BTvO8eEyQ-unsplash__pristine3x.png	turbo	420	15	model_policy	28.325	19.554	3.2211	Unknown	15.0	png
renders	matt-str-L5BTvO8eEyQ-unsplash__pristine3x.png	turbo	420	15	model_proj	28.325	19.555	3.2211	Unknown	15.0	png
renders	matt-str-L5BTvO8eEyQ-unsplash__pristine3x.png	turbo	420	35	identity_off	29.919	55.686	2.0980	ImageMagick	35.0	png
renders	matt-str-L5BTvO8eEyQ-unsplash__pristine3x.png	turbo	420	35	model_policy	30.589	59.387	1.9149	ImageMagick	35.0	png
renders	matt-str-L5BTvO8eEyQ-unsplash__pristine3x.png	turbo	420	35	model_proj	30.599	59.623	1.9075	ImageMagick	35.0	png
renders	matt-str-L5BTvO8eEyQ-unsplash__pristine3x.png	turbo	420	55	identity_off	31.021	64.449	1.6883	ImageMagick	55.0	png
renders	matt-str-L5BTvO8eEyQ-unsplash__pristine3x.png	turbo	420	55	model_policy	31.665	65.770	1.6116	ImageMagick	55.0	png
renders	matt-str-L5BTvO8eEyQ-unsplash__pristine3x.png	turbo	420	55	model_proj	31.703	67.037	1.5830	ImageMagick	55.0	png
renders	matt-str-L5BTvO8eEyQ-unsplash__pristine3x.png	turbo	420	75	identity_off	32.527	72.593	1.3006	ImageMagick	75.0	png
renders	matt-str-L5BTvO8eEyQ-unsplash__pristine3x.png	turbo	420	75	model_policy	33.179	73.523	1.3115	ImageMagick	75.0	png
renders	matt-str-L5BTvO8eEyQ-unsplash__pristine3x.png	turbo	420	75	model_proj	33.254	75.001	1.1997	ImageMagick	75.0	png
renders	matt-str-L5BTvO8eEyQ-unsplash__pristine3x.png	mozjpeg	420	15	identity_off	26.747	17.369	3.5473	Mozjpeg	15.0	png
renders	matt-str-L5BTvO8eEyQ-unsplash__pristine3x.png	mozjpeg	420	15	model_policy	26.979	21.454	3.4511	Mozjpeg	15.0	png
renders	matt-str-L5BTvO8eEyQ-unsplash__pristine3x.png	mozjpeg	420	15	model_proj	26.979	21.454	3.4511	Mozjpeg	15.0	png
renders	matt-str-L5BTvO8eEyQ-unsplash__pristine3x.png	mozjpeg	420	35	identity_off	29.169	52.567	2.1871	Mozjpeg	35.0	png
renders	matt-str-L5BTvO8eEyQ-unsplash__pristine3x.png	mozjpeg	420	35	model_policy	29.536	55.369	2.1533	Mozjpeg	35.0	png
renders	matt-str-L5BTvO8eEyQ-unsplash__pristine3x.png	mozjpeg	420	35	model_proj	29.537	55.393	2.1530	Mozjpeg	35.0	png
renders	matt-str-L5BTvO8eEyQ-unsplash__pristine3x.png	mozjpeg	420	55	identity_off	30.348	63.805	1.7672	Mozjpeg	55.0	png
renders	matt-str-L5BTvO8eEyQ-unsplash__pristine3x.png	mozjpeg	420	55	model_policy	30.756	65.602	1.8301	Mozjpeg	55.0	png
renders	matt-str-L5BTvO8eEyQ-unsplash__pristine3x.png	mozjpeg	420	55	model_proj	30.761	65.902	1.8260	Mozjpeg	55.0	png
renders	matt-str-L5BTvO8eEyQ-unsplash__pristine3x.png	mozjpeg	420	75	identity_off	31.886	72.813	1.3813	Mozjpeg	75.0	png
renders	matt-str-L5BTvO8eEyQ-unsplash__pristine3x.png	mozjpeg	420	75	model_policy	32.281	73.308	1.5577	Mozjpeg	75.0	png
renders	matt-str-L5BTvO8eEyQ-unsplash__pristine3x.png	mozjpeg	420	75	model_proj	32.323	74.371	1.5108	Mozjpeg	75.0	png
textures	anca-gabriela-zosin-bMOnYbmQxHA-unsplash__pristine3x.png	turbo	420	15	identity_off	30.350	24.072	4.8367	Unknown	15.0	png
textures	anca-gabriela-zosin-bMOnYbmQxHA-unsplash__pristine3x.png	turbo	420	15	model_policy	31.353	33.855	4.4242	Unknown	15.0	png
textures	anca-gabriela-zosin-bMOnYbmQxHA-unsplash__pristine3x.png	turbo	420	15	model_proj	31.353	33.857	4.4242	Unknown	15.0	png
textures	anca-gabriela-zosin-bMOnYbmQxHA-unsplash__pristine3x.png	turbo	420	35	identity_off	33.066	54.471	2.7348	ImageMagick	35.0	png
textures	anca-gabriela-zosin-bMOnYbmQxHA-unsplash__pristine3x.png	turbo	420	35	model_policy	34.700	60.908	2.1183	ImageMagick	35.0	png
textures	anca-gabriela-zosin-bMOnYbmQxHA-unsplash__pristine3x.png	turbo	420	35	model_proj	34.701	60.904	2.1187	ImageMagick	35.0	png
textures	anca-gabriela-zosin-bMOnYbmQxHA-unsplash__pristine3x.png	turbo	420	55	identity_off	34.395	69.225	2.0898	ImageMagick	55.0	png
textures	anca-gabriela-zosin-bMOnYbmQxHA-unsplash__pristine3x.png	turbo	420	55	model_policy	36.285	73.427	1.5924	ImageMagick	55.0	png
textures	anca-gabriela-zosin-bMOnYbmQxHA-unsplash__pristine3x.png	turbo	420	55	model_proj	36.287	73.446	1.5909	ImageMagick	55.0	png
textures	anca-gabriela-zosin-bMOnYbmQxHA-unsplash__pristine3x.png	turbo	420	75	identity_off	36.078	76.518	1.5859	ImageMagick	75.0	png
textures	anca-gabriela-zosin-bMOnYbmQxHA-unsplash__pristine3x.png	turbo	420	75	model_policy	38.128	78.861	1.1508	ImageMagick	75.0	png
textures	anca-gabriela-zosin-bMOnYbmQxHA-unsplash__pristine3x.png	turbo	420	75	model_proj	38.150	79.055	1.1463	ImageMagick	75.0	png
textures	anca-gabriela-zosin-bMOnYbmQxHA-unsplash__pristine3x.png	mozjpeg	420	15	identity_off	30.613	26.476	4.1042	Mozjpeg	15.0	png
textures	anca-gabriela-zosin-bMOnYbmQxHA-unsplash__pristine3x.png	mozjpeg	420	15	model_policy	31.461	34.270	3.7357	Mozjpeg	15.0	png
textures	anca-gabriela-zosin-bMOnYbmQxHA-unsplash__pristine3x.png	mozjpeg	420	15	model_proj	31.461	34.270	3.7357	Mozjpeg	15.0	png
textures	anca-gabriela-zosin-bMOnYbmQxHA-unsplash__pristine3x.png	mozjpeg	420	35	identity_off	33.682	57.033	2.4177	Mozjpeg	35.0	png
textures	anca-gabriela-zosin-bMOnYbmQxHA-unsplash__pristine3x.png	mozjpeg	420	35	model_policy	35.215	60.925	2.1632	Mozjpeg	35.0	png
textures	anca-gabriela-zosin-bMOnYbmQxHA-unsplash__pristine3x.png	mozjpeg	420	35	model_proj	35.215	60.927	2.1632	Mozjpeg	35.0	png
textures	anca-gabriela-zosin-bMOnYbmQxHA-unsplash__pristine3x.png	mozjpeg	420	55	identity_off	35.106	69.517	1.8606	Mozjpeg	55.0	png
textures	anca-gabriela-zosin-bMOnYbmQxHA-unsplash__pristine3x.png	mozjpeg	420	55	model_policy	37.033	72.298	1.5391	Mozjpeg	55.0	png
textures	anca-gabriela-zosin-bMOnYbmQxHA-unsplash__pristine3x.png	mozjpeg	420	55	model_proj	37.034	72.297	1.5388	Mozjpeg	55.0	png
textures	anca-gabriela-zosin-bMOnYbmQxHA-unsplash__pristine3x.png	mozjpeg	420	75	identity_off	36.386	77.064	1.4808	Mozjpeg	75.0	png
textures	anca-gabriela-zosin-bMOnYbmQxHA-unsplash__pristine3x.png	mozjpeg	420	75	model_policy	38.384	78.587	1.1674	Mozjpeg	75.0	png
textures	anca-gabriela-zosin-bMOnYbmQxHA-unsplash__pristine3x.png	mozjpeg	420	75	model_proj	38.410	78.632	1.1590	Mozjpeg	75.0	png
textures	bernd-dittrich-3MdsHe3IIOk-unsplash__pristine3x.png	turbo	420	15	identity_off	21.538	21.765	3.3920	Unknown	15.0	png
textures	bernd-dittrich-3MdsHe3IIOk-unsplash__pristine3x.png	turbo	420	15	model_policy	21.654	22.066	3.4138	Unknown	15.0	png
textures	bernd-dittrich-3MdsHe3IIOk-unsplash__pristine3x.png	turbo	420	15	model_proj	21.654	22.067	3.4138	Unknown	15.0	png
textures	bernd-dittrich-3MdsHe3IIOk-unsplash__pristine3x.png	turbo	420	35	identity_off	23.501	48.350	2.2737	ImageMagick	35.0	png
textures	bernd-dittrich-3MdsHe3IIOk-unsplash__pristine3x.png	turbo	420	35	model_policy	23.599	48.369	2.2740	ImageMagick	35.0	png
textures	bernd-dittrich-3MdsHe3IIOk-unsplash__pristine3x.png	turbo	420	35	model_proj	23.615	48.517	2.2675	ImageMagick	35.0	png
textures	bernd-dittrich-3MdsHe3IIOk-unsplash__pristine3x.png	turbo	420	55	identity_off	24.867	57.947	1.7907	ImageMagick	55.0	png
textures	bernd-dittrich-3MdsHe3IIOk-unsplash__pristine3x.png	turbo	420	55	model_policy	24.958	58.045	1.7842	ImageMagick	55.0	png
textures	bernd-dittrich-3MdsHe3IIOk-unsplash__pristine3x.png	turbo	420	55	model_proj	25.013	58.448	1.7740	ImageMagick	55.0	png
textures	bernd-dittrich-3MdsHe3IIOk-unsplash__pristine3x.png	turbo	420	75	identity_off	26.958	67.590	1.2935	ImageMagick	75.0	png
textures	bernd-dittrich-3MdsHe3IIOk-unsplash__pristine3x.png	turbo	420	75	model_policy	27.048	67.641	1.2866	ImageMagick	75.0	png
textures	bernd-dittrich-3MdsHe3IIOk-unsplash__pristine3x.png	turbo	420	75	model_proj	27.156	67.931	1.2789	ImageMagick	75.0	png
textures	bernd-dittrich-3MdsHe3IIOk-unsplash__pristine3x.png	mozjpeg	420	15	identity_off	20.707	6.289	4.3995	Mozjpeg	15.0	png
textures	bernd-dittrich-3MdsHe3IIOk-unsplash__pristine3x.png	mozjpeg	420	15	model_policy	20.801	6.176	4.4336	Mozjpeg	15.0	png
textures	bernd-dittrich-3MdsHe3IIOk-unsplash__pristine3x.png	mozjpeg	420	15	model_proj	20.801	6.177	4.4336	Mozjpeg	15.0	png
textures	bernd-dittrich-3MdsHe3IIOk-unsplash__pristine3x.png	mozjpeg	420	35	identity_off	22.834	40.931	2.9994	Mozjpeg	35.0	png
textures	bernd-dittrich-3MdsHe3IIOk-unsplash__pristine3x.png	mozjpeg	420	35	model_policy	22.915	40.307	3.0348	Mozjpeg	35.0	png
textures	bernd-dittrich-3MdsHe3IIOk-unsplash__pristine3x.png	mozjpeg	420	35	model_proj	22.915	40.310	3.0345	Mozjpeg	35.0	png
textures	bernd-dittrich-3MdsHe3IIOk-unsplash__pristine3x.png	mozjpeg	420	55	identity_off	24.123	53.973	2.4106	Mozjpeg	55.0	png
textures	bernd-dittrich-3MdsHe3IIOk-unsplash__pristine3x.png	mozjpeg	420	55	model_policy	24.195	53.545	2.4368	Mozjpeg	55.0	png
textures	bernd-dittrich-3MdsHe3IIOk-unsplash__pristine3x.png	mozjpeg	420	55	model_proj	24.198	53.569	2.4327	Mozjpeg	55.0	png
textures	bernd-dittrich-3MdsHe3IIOk-unsplash__pristine3x.png	mozjpeg	420	75	identity_off	25.939	64.599	1.7853	Mozjpeg	75.0	png
textures	bernd-dittrich-3MdsHe3IIOk-unsplash__pristine3x.png	mozjpeg	420	75	model_policy	25.998	64.396	1.8007	Mozjpeg	75.0	png
textures	bernd-dittrich-3MdsHe3IIOk-unsplash__pristine3x.png	mozjpeg	420	75	model_proj	26.018	64.525	1.7863	Mozjpeg	75.0	png
textures	han-hyunjun-Zd1u_C1BF8A-unsplash__pristine3x.png	turbo	420	15	identity_off	31.033	38.318	2.6238	Unknown	15.0	png
textures	han-hyunjun-Zd1u_C1BF8A-unsplash__pristine3x.png	turbo	420	15	model_policy	31.878	45.200	2.3983	Unknown	15.0	png
textures	han-hyunjun-Zd1u_C1BF8A-unsplash__pristine3x.png	turbo	420	15	model_proj	31.878	45.205	2.3983	Unknown	15.0	png
textures	han-hyunjun-Zd1u_C1BF8A-unsplash__pristine3x.png	turbo	420	35	identity_off	34.802	64.062	1.6759	ImageMagick	35.0	png
textures	han-hyunjun-Zd1u_C1BF8A-unsplash__pristine3x.png	turbo	420	35	model_policy	35.521	68.322	1.4808	ImageMagick	35.0	png
textures	han-hyunjun-Zd1u_C1BF8A-unsplash__pristine3x.png	turbo	420	35	model_proj	35.522	68.341	1.4802	ImageMagick	35.0	png
textures	han-hyunjun-Zd1u_C1BF8A-unsplash__pristine3x.png	turbo	420	55	identity_off	36.620	72.578	1.3877	ImageMagick	55.0	png
textures	han-hyunjun-Zd1u_C1BF8A-unsplash__pristine3x.png	turbo	420	55	model_policy	37.057	75.681	1.3260	ImageMagick	55.0	png
textures	han-hyunjun-Zd1u_C1BF8A-unsplash__pristine3x.png	turbo	420	55	model_proj	37.064	75.692	1.3106	ImageMagick	55.0	png
textures	han-hyunjun-Zd1u_C1BF8A-unsplash__pristine3x.png	turbo	420	75	identity_off	39.150	80.310	0.9910	ImageMagick	75.0	png
textures	han-hyunjun-Zd1u_C1BF8A-unsplash__pristine3x.png	turbo	420	75	model_policy	39.130	82.014	1.1441	ImageMagick	75.0	png
textures	han-hyunjun-Zd1u_C1BF8A-unsplash__pristine3x.png	turbo	420	75	model_proj	39.234	82.225	1.0276	ImageMagick	75.0	png
textures	han-hyunjun-Zd1u_C1BF8A-unsplash__pristine3x.png	mozjpeg	420	15	identity_off	29.019	30.976	3.1616	Mozjpeg	15.0	png
textures	han-hyunjun-Zd1u_C1BF8A-unsplash__pristine3x.png	mozjpeg	420	15	model_policy	29.872	36.932	2.9874	Mozjpeg	15.0	png
textures	han-hyunjun-Zd1u_C1BF8A-unsplash__pristine3x.png	mozjpeg	420	15	model_proj	29.872	36.932	2.9874	Mozjpeg	15.0	png
textures	han-hyunjun-Zd1u_C1BF8A-unsplash__pristine3x.png	mozjpeg	420	35	identity_off	32.988	60.823	1.8309	Mozjpeg	35.0	png
textures	han-hyunjun-Zd1u_C1BF8A-unsplash__pristine3x.png	mozjpeg	420	35	model_policy	33.965	65.128	1.6522	Mozjpeg	35.0	png
textures	han-hyunjun-Zd1u_C1BF8A-unsplash__pristine3x.png	mozjpeg	420	35	model_proj	33.965	65.129	1.6522	Mozjpeg	35.0	png
textures	han-hyunjun-Zd1u_C1BF8A-unsplash__pristine3x.png	mozjpeg	420	55	identity_off	34.948	71.036	1.4034	Mozjpeg	55.0	png
textures	han-hyunjun-Zd1u_C1BF8A-unsplash__pristine3x.png	mozjpeg	420	55	model_policy	35.710	74.280	1.3145	Mozjpeg	55.0	png
textures	han-hyunjun-Zd1u_C1BF8A-unsplash__pristine3x.png	mozjpeg	420	55	model_proj	35.710	74.276	1.3138	Mozjpeg	55.0	png
textures	han-hyunjun-Zd1u_C1BF8A-unsplash__pristine3x.png	mozjpeg	420	75	identity_off	37.543	79.356	1.0739	Mozjpeg	75.0	png
textures	han-hyunjun-Zd1u_C1BF8A-unsplash__pristine3x.png	mozjpeg	420	75	model_policy	37.749	81.294	1.1957	Mozjpeg	75.0	png
textures	han-hyunjun-Zd1u_C1BF8A-unsplash__pristine3x.png	mozjpeg	420	75	model_proj	37.764	81.320	1.1662	Mozjpeg	75.0	png
textures	hwang-sanguk-k0TLJWRabXg-unsplash__pristine3x.png	turbo	420	15	identity_off	22.836	26.161	3.2120	Unknown	15.0	png
textures	hwang-sanguk-k0TLJWRabXg-unsplash__pristine3x.png	turbo	420	15	model_policy	22.958	26.652	3.1923	Unknown	15.0	png
textures	hwang-sanguk-k0TLJWRabXg-unsplash__pristine3x.png	turbo	420	15	model_proj	22.958	26.654	3.1923	Unknown	15.0	png
textures	hwang-sanguk-k0TLJWRabXg-unsplash__pristine3x.png	turbo	420	35	identity_off	24.875	53.768	2.1668	ImageMagick	35.0	png
textures	hwang-sanguk-k0TLJWRabXg-unsplash__pristine3x.png	turbo	420	35	model_policy	24.957	54.019	2.1544	ImageMagick	35.0	png
textures	hwang-sanguk-k0TLJWRabXg-unsplash__pristine3x.png	turbo	420	35	model_proj	24.958	54.032	2.1543	ImageMagick	35.0	png
textures	hwang-sanguk-k0TLJWRabXg-unsplash__pristine3x.png	turbo	420	55	identity_off	26.245	63.815	1.7705	ImageMagick	55.0	png
textures	hwang-sanguk-k0TLJWRabXg-unsplash__pristine3x.png	turbo	420	55	model_policy	26.303	63.997	1.7608	ImageMagick	55.0	png
textures	hwang-sanguk-k0TLJWRabXg-unsplash__pristine3x.png	turbo	420	55	model_proj	26.306	64.019	1.7606	ImageMagick	55.0	png
textures	hwang-sanguk-k0TLJWRabXg-unsplash__pristine3x.png	turbo	420	75	identity_off	28.460	73.276	1.3338	ImageMagick	75.0	png
textures	hwang-sanguk-k0TLJWRabXg-unsplash__pristine3x.png	turbo	420	75	model_policy	28.507	73.436	1.3257	ImageMagick	75.0	png
textures	hwang-sanguk-k0TLJWRabXg-unsplash__pristine3x.png	turbo	420	75	model_proj	28.518	73.500	1.3172	ImageMagick	75.0	png
textures	hwang-sanguk-k0TLJWRabXg-unsplash__pristine3x.png	mozjpeg	420	15	identity_off	22.056	12.137	3.8846	Mozjpeg	15.0	png
textures	hwang-sanguk-k0TLJWRabXg-unsplash__pristine3x.png	mozjpeg	420	15	model_policy	22.175	12.632	3.8701	Mozjpeg	15.0	png
textures	hwang-sanguk-k0TLJWRabXg-unsplash__pristine3x.png	mozjpeg	420	15	model_proj	22.175	12.631	3.8701	Mozjpeg	15.0	png
textures	hwang-sanguk-k0TLJWRabXg-unsplash__pristine3x.png	mozjpeg	420	35	identity_off	24.210	48.075	2.4758	Mozjpeg	35.0	png
textures	hwang-sanguk-k0TLJWRabXg-unsplash__pristine3x.png	mozjpeg	420	35	model_policy	24.293	48.187	2.4686	Mozjpeg	35.0	png
textures	hwang-sanguk-k0TLJWRabXg-unsplash__pristine3x.png	mozjpeg	420	35	model_proj	24.293	48.190	2.4686	Mozjpeg	35.0	png
textures	hwang-sanguk-k0TLJWRabXg-unsplash__pristine3x.png	mozjpeg	420	55	identity_off	25.556	60.496	1.9919	Mozjpeg	55.0	png
textures	hwang-sanguk-k0TLJWRabXg-unsplash__pristine3x.png	mozjpeg	420	55	model_policy	25.618	60.614	1.9866	Mozjpeg	55.0	png
textures	hwang-sanguk-k0TLJWRabXg-unsplash__pristine3x.png	mozjpeg	420	55	model_proj	25.618	60.610	1.9866	Mozjpeg	55.0	png
textures	hwang-sanguk-k0TLJWRabXg-unsplash__pristine3x.png	mozjpeg	420	75	identity_off	27.510	70.503	1.5133	Mozjpeg	75.0	png
textures	hwang-sanguk-k0TLJWRabXg-unsplash__pristine3x.png	mozjpeg	420	75	model_policy	27.553	70.607	1.5088	Mozjpeg	75.0	png
textures	hwang-sanguk-k0TLJWRabXg-unsplash__pristine3x.png	mozjpeg	420	75	model_proj	27.553	70.605	1.5083	Mozjpeg	75.0	png
textures	logan-voss-BsFDgF4XTac-unsplash__pristine3x.png	turbo	420	15	identity_off	17.095	2.834	5.2856	Unknown	15.0	png
textures	logan-voss-BsFDgF4XTac-unsplash__pristine3x.png	turbo	420	15	model_policy	17.261	4.626	5.4650	Unknown	15.0	png
textures	logan-voss-BsFDgF4XTac-unsplash__pristine3x.png	turbo	420	15	model_proj	17.261	4.636	5.4651	Unknown	15.0	png
textures	logan-voss-BsFDgF4XTac-unsplash__pristine3x.png	turbo	420	35	identity_off	18.948	29.035	3.5219	ImageMagick	35.0	png
textures	logan-voss-BsFDgF4XTac-unsplash__pristine3x.png	turbo	420	35	model_policy	19.184	31.714	3.6975	ImageMagick	35.0	png
textures	logan-voss-BsFDgF4XTac-unsplash__pristine3x.png	turbo	420	35	model_proj	19.219	32.046	3.8407	ImageMagick	35.0	png
textures	logan-voss-BsFDgF4XTac-unsplash__pristine3x.png	turbo	420	55	identity_off	20.054	38.688	3.0165	ImageMagick	55.0	png
textures	logan-voss-BsFDgF4XTac-unsplash__pristine3x.png	turbo	420	55	model_policy	20.294	41.073	3.1969	ImageMagick	55.0	png
textures	logan-voss-BsFDgF4XTac-unsplash__pristine3x.png	turbo	420	55	model_proj	20.366	41.150	3.4312	ImageMagick	55.0	png
textures	logan-voss-BsFDgF4XTac-unsplash__pristine3x.png	turbo	420	75	identity_off	21.733	51.098	2.5858	ImageMagick	75.0	png
textures	logan-voss-BsFDgF4XTac-unsplash__pristine3x.png	turbo	420	75	model_policy	21.955	52.740	2.7812	ImageMagick	75.0	png
textures	logan-voss-BsFDgF4XTac-unsplash__pristine3x.png	turbo	420	75	model_proj	22.043	52.498	3.0155	ImageMagick	75.0	png
textures	logan-voss-BsFDgF4XTac-unsplash__pristine3x.png	mozjpeg	420	15	identity_off	15.980	-16.356	8.3515	Mozjpeg	15.0	png
textures	logan-voss-BsFDgF4XTac-unsplash__pristine3x.png	mozjpeg	420	15	model_policy	16.083	-15.900	8.5302	Mozjpeg	15.0	png
textures	logan-voss-BsFDgF4XTac-unsplash__pristine3x.png	mozjpeg	420	15	model_proj	16.083	-15.901	8.5302	Mozjpeg	15.0	png
textures	logan-voss-BsFDgF4XTac-unsplash__pristine3x.png	mozjpeg	420	35	identity_off	18.115	22.133	5.9736	Mozjpeg	35.0	png
textures	logan-voss-BsFDgF4XTac-unsplash__pristine3x.png	mozjpeg	420	35	model_policy	18.295	23.409	6.1751	Mozjpeg	35.0	png
textures	logan-voss-BsFDgF4XTac-unsplash__pristine3x.png	mozjpeg	420	35	model_proj	18.295	23.402	6.1766	Mozjpeg	35.0	png
textures	logan-voss-BsFDgF4XTac-unsplash__pristine3x.png	mozjpeg	420	55	identity_off	19.269	35.347	4.9594	Mozjpeg	55.0	png
textures	logan-voss-BsFDgF4XTac-unsplash__pristine3x.png	mozjpeg	420	55	model_policy	19.474	36.845	5.1697	Mozjpeg	55.0	png
textures	logan-voss-BsFDgF4XTac-unsplash__pristine3x.png	mozjpeg	420	55	model_proj	19.476	36.791	5.1908	Mozjpeg	55.0	png
textures	logan-voss-BsFDgF4XTac-unsplash__pristine3x.png	mozjpeg	420	75	identity_off	20.737	47.473	3.9230	Mozjpeg	75.0	png
textures	logan-voss-BsFDgF4XTac-unsplash__pristine3x.png	mozjpeg	420	75	model_policy	20.932	48.898	4.1371	Mozjpeg	75.0	png
textures	logan-voss-BsFDgF4XTac-unsplash__pristine3x.png	mozjpeg	420	75	model_proj	20.951	48.748	4.2224	Mozjpeg	75.0	png
textures	nastia-petruk-FkM3BDS8F3E-unsplash__pristine3x.png	turbo	420	15	identity_off	30.295	20.814	2.6581	Unknown	15.0	png
textures	nastia-petruk-FkM3BDS8F3E-unsplash__pristine3x.png	turbo	420	15	model_policy	31.093	30.371	2.4495	Unknown	15.0	png
textures	nastia-petruk-FkM3BDS8F3E-unsplash__pristine3x.png	turbo	420	15	model_proj	31.093	30.370	2.4495	Unknown	15.0	png
textures	nastia-petruk-FkM3BDS8F3E-unsplash__pristine3x.png	turbo	420	35	identity_off	33.181	57.369	1.6379	ImageMagick	35.0	png
textures	nastia-petruk-FkM3BDS8F3E-unsplash__pristine3x.png	turbo	420	35	model_policy	33.917	61.067	1.5264	ImageMagick	35.0	png
textures	nastia-petruk-FkM3BDS8F3E-unsplash__pristine3x.png	turbo	420	35	model_proj	33.917	61.076	1.5263	ImageMagick	35.0	png
textures	nastia-petruk-FkM3BDS8F3E-unsplash__pristine3x.png	turbo	420	55	identity_off	34.384	66.127	1.3797	ImageMagick	55.0	png
textures	nastia-petruk-FkM3BDS8F3E-unsplash__pristine3x.png	turbo	420	55	model_policy	35.041	67.809	1.2777	ImageMagick	55.0	png
textures	nastia-petruk-FkM3BDS8F3E-unsplash__pristine3x.png	turbo	420	55	model_proj	35.042	67.819	1.2774	ImageMagick	55.0	png
textures	nastia-petruk-FkM3BDS8F3E-unsplash__pristine3x.png	turbo	420	75	identity_off	35.805	74.355	1.1035	ImageMagick	75.0	png
textures	nastia-petruk-FkM3BDS8F3E-unsplash__pristine3x.png	turbo	420	75	model_policy	36.287	74.054	1.0830	ImageMagick	75.0	png
textures	nastia-petruk-FkM3BDS8F3E-unsplash__pristine3x.png	turbo	420	75	model_proj	36.294	74.155	1.0803	ImageMagick	75.0	png
textures	nastia-petruk-FkM3BDS8F3E-unsplash__pristine3x.png	mozjpeg	420	15	identity_off	29.655	15.865	3.0814	Mozjpeg	15.0	png
textures	nastia-petruk-FkM3BDS8F3E-unsplash__pristine3x.png	mozjpeg	420	15	model_policy	30.424	24.080	2.9146	Mozjpeg	15.0	png
textures	nastia-petruk-FkM3BDS8F3E-unsplash__pristine3x.png	mozjpeg	420	15	model_proj	30.424	24.079	2.9146	Mozjpeg	15.0	png
textures	nastia-petruk-FkM3BDS8F3E-unsplash__pristine3x.png	mozjpeg	420	35	identity_off	32.792	53.172	1.8626	Mozjpeg	35.0	png
textures	nastia-petruk-FkM3BDS8F3E-unsplash__pristine3x.png	mozjpeg	420	35	model_policy	33.601	56.998	1.7603	Mozjpeg	35.0	png
textures	nastia-petruk-FkM3BDS8F3E-unsplash__pristine3x.png	mozjpeg	420	35	model_proj	33.601	57.000	1.7603	Mozjpeg	35.0	png
textures	nastia-petruk-FkM3BDS8F3E-unsplash__pristine3x.png	mozjpeg	420	55	identity_off	34.170	63.870	1.5025	Mozjpeg	55.0	png
textures	nastia-petruk-FkM3BDS8F3E-unsplash__pristine3x.png	mozjpeg	420	55	model_policy	34.847	65.805	1.4383	Mozjpeg	55.0	png
textures	nastia-petruk-FkM3BDS8F3E-unsplash__pristine3x.png	mozjpeg	420	55	model_proj	34.847	65.807	1.4383	Mozjpeg	55.0	png
textures	nastia-petruk-FkM3BDS8F3E-unsplash__pristine3x.png	mozjpeg	420	75	identity_off	35.704	73.188	1.2256	Mozjpeg	75.0	png
textures	nastia-petruk-FkM3BDS8F3E-unsplash__pristine3x.png	mozjpeg	420	75	model_policy	36.137	73.154	1.2038	Mozjpeg	75.0	png
textures	nastia-petruk-FkM3BDS8F3E-unsplash__pristine3x.png	mozjpeg	420	75	model_proj	36.138	73.157	1.2037	Mozjpeg	75.0	png
textures	pawel-czerwinski-krA9zndPlrA-unsplash__pristine3x.png	turbo	420	15	identity_off	28.666	1.987	2.6960	Unknown	15.0	png
textures	pawel-czerwinski-krA9zndPlrA-unsplash__pristine3x.png	turbo	420	15	model_policy	29.001	5.608	2.5845	Unknown	15.0	png
textures	pawel-czerwinski-krA9zndPlrA-unsplash__pristine3x.png	turbo	420	15	model_proj	29.001	5.607	2.5845	Unknown	15.0	png
textures	pawel-czerwinski-krA9zndPlrA-unsplash__pristine3x.png	turbo	420	35	identity_off	31.263	45.684	1.7572	ImageMagick	35.0	png
textures	pawel-czerwinski-krA9zndPlrA-unsplash__pristine3x.png	turbo	420	35	model_policy	31.572	46.504	1.6823	ImageMagick	35.0	png
textures	pawel-czerwinski-krA9zndPlrA-unsplash__pristine3x.png	turbo	420	35	model_proj	31.585	46.593	1.6788	ImageMagick	35.0	png
textures	pawel-czerwinski-krA9zndPlrA-unsplash__pristine3x.png	turbo	420	55	identity_off	32.572	59.282	1.3971	ImageMagick	55.0	png
textures	pawel-czerwinski-krA9zndPlrA-unsplash__pristine3x.png	turbo	420	55	model_policy	32.831	59.256	1.3420	ImageMagick	55.0	png
textures	pawel-czerwinski-krA9zndPlrA-unsplash__pristine3x.png	turbo	420	55	model_proj	32.869	59.381	1.3393	ImageMagick	55.0	png
textures	pawel-czerwinski-krA9zndPlrA-unsplash__pristine3x.png	turbo	420	75	identity_off	34.111	70.892	1.0775	ImageMagick	75.0	png
textures	pawel-czerwinski-krA9zndPlrA-unsplash__pristine3x.png	turbo	420	75	model_policy	34.299	70.500	1.0390	ImageMagick	75.0	png
textures	pawel-czerwinski-krA9zndPlrA-unsplash__pristine3x.png	turbo	420	75	model_proj	34.370	70.675	1.0349	ImageMagick	75.0	png
textures	pawel-czerwinski-krA9zndPlrA-unsplash__pristine3x.png	mozjpeg	420	15	identity_off	27.825	-10.255	3.1899	Mozjpeg	15.0	png
textures	pawel-czerwinski-krA9zndPlrA-unsplash__pristine3x.png	mozjpeg	420	15	model_policy	28.072	-8.594	3.1393	Mozjpeg	15.0	png
textures	pawel-czerwinski-krA9zndPlrA-unsplash__pristine3x.png	mozjpeg	420	15	model_proj	28.072	-8.592	3.1393	Mozjpeg	15.0	png
textures	pawel-czerwinski-krA9zndPlrA-unsplash__pristine3x.png	mozjpeg	420	35	identity_off	30.755	40.270	1.9615	Mozjpeg	35.0	png
textures	pawel-czerwinski-krA9zndPlrA-unsplash__pristine3x.png	mozjpeg	420	35	model_policy	30.962	39.739	1.9505	Mozjpeg	35.0	png
textures	pawel-czerwinski-krA9zndPlrA-unsplash__pristine3x.png	mozjpeg	420	35	model_proj	30.963	39.743	1.9504	Mozjpeg	35.0	png
textures	pawel-czerwinski-krA9zndPlrA-unsplash__pristine3x.png	mozjpeg	420	55	identity_off	32.250	57.041	1.5234	Mozjpeg	55.0	png
textures	pawel-czerwinski-krA9zndPlrA-unsplash__pristine3x.png	mozjpeg	420	55	model_policy	32.425	55.968	1.5151	Mozjpeg	55.0	png
textures	pawel-czerwinski-krA9zndPlrA-unsplash__pristine3x.png	mozjpeg	420	55	model_proj	32.428	55.961	1.5150	Mozjpeg	55.0	png
textures	pawel-czerwinski-krA9zndPlrA-unsplash__pristine3x.png	mozjpeg	420	75	identity_off	33.923	69.868	1.1643	Mozjpeg	75.0	png
textures	pawel-czerwinski-krA9zndPlrA-unsplash__pristine3x.png	mozjpeg	420	75	model_policy	34.021	68.474	1.1562	Mozjpeg	75.0	png
textures	pawel-czerwinski-krA9zndPlrA-unsplash__pristine3x.png	mozjpeg	420	75	model_proj	34.044	68.629	1.1564	Mozjpeg	75.0	png
textures	teresa-xcheFHoppXE-unsplash__pristine3x.png	turbo	420	15	identity_off	27.915	12.672	3.1178	Unknown	15.0	png
textures	teresa-xcheFHoppXE-unsplash__pristine3x.png	turbo	420	15	model_policy	28.246	18.776	2.9747	Unknown	15.0	png
textures	teresa-xcheFHoppXE-unsplash__pristine3x.png	turbo	420	15	model_proj	28.246	18.779	2.9747	Unknown	15.0	png
textures	teresa-xcheFHoppXE-unsplash__pristine3x.png	turbo	420	35	identity_off	30.013	52.325	2.0116	ImageMagick	35.0	png
textures	teresa-xcheFHoppXE-unsplash__pristine3x.png	turbo	420	35	model_policy	30.341	55.166	1.8978	ImageMagick	35.0	png
textures	teresa-xcheFHoppXE-unsplash__pristine3x.png	turbo	420	35	model_proj	30.346	55.177	1.8800	ImageMagick	35.0	png
textures	teresa-xcheFHoppXE-unsplash__pristine3x.png	turbo	420	55	identity_off	31.123	64.731	1.6764	ImageMagick	55.0	png
textures	teresa-xcheFHoppXE-unsplash__pristine3x.png	turbo	420	55	model_policy	31.448	65.532	1.5696	ImageMagick	55.0	png
textures	teresa-xcheFHoppXE-unsplash__pristine3x.png	turbo	420	55	model_proj	31.464	65.624	1.5222	ImageMagick	55.0	png
textures	teresa-xcheFHoppXE-unsplash__pristine3x.png	turbo	420	75	identity_off	32.560	73.922	1.3345	ImageMagick	75.0	png
textures	teresa-xcheFHoppXE-unsplash__pristine3x.png	turbo	420	75	model_policy	32.873	73.976	1.2415	ImageMagick	75.0	png
textures	teresa-xcheFHoppXE-unsplash__pristine3x.png	turbo	420	75	model_proj	32.909	74.127	1.1752	ImageMagick	75.0	png
textures	teresa-xcheFHoppXE-unsplash__pristine3x.png	mozjpeg	420	15	identity_off	27.163	2.964	3.5875	Mozjpeg	15.0	png
textures	teresa-xcheFHoppXE-unsplash__pristine3x.png	mozjpeg	420	15	model_policy	27.401	7.582	3.4820	Mozjpeg	15.0	png
textures	teresa-xcheFHoppXE-unsplash__pristine3x.png	mozjpeg	420	15	model_proj	27.401	7.580	3.4820	Mozjpeg	15.0	png
textures	teresa-xcheFHoppXE-unsplash__pristine3x.png	mozjpeg	420	35	identity_off	29.456	45.725	2.2545	Mozjpeg	35.0	png
textures	teresa-xcheFHoppXE-unsplash__pristine3x.png	mozjpeg	420	35	model_policy	29.717	48.092	2.1765	Mozjpeg	35.0	png
textures	teresa-xcheFHoppXE-unsplash__pristine3x.png	mozjpeg	420	35	model_proj	29.717	48.105	2.1760	Mozjpeg	35.0	png
textures	teresa-xcheFHoppXE-unsplash__pristine3x.png	mozjpeg	420	55	identity_off	30.692	60.516	1.8006	Mozjpeg	55.0	png
textures	teresa-xcheFHoppXE-unsplash__pristine3x.png	mozjpeg	420	55	model_policy	30.947	61.024	1.7325	Mozjpeg	55.0	png
textures	teresa-xcheFHoppXE-unsplash__pristine3x.png	mozjpeg	420	55	model_proj	30.949	61.029	1.7268	Mozjpeg	55.0	png
textures	teresa-xcheFHoppXE-unsplash__pristine3x.png	mozjpeg	420	75	identity_off	32.306	72.294	1.4058	Mozjpeg	75.0	png
textures	teresa-xcheFHoppXE-unsplash__pristine3x.png	mozjpeg	420	75	model_policy	32.556	72.070	1.3430	Mozjpeg	75.0	png
textures	teresa-xcheFHoppXE-unsplash__pristine3x.png	mozjpeg	420	75	model_proj	32.566	72.090	1.3248	Mozjpeg	75.0	png
