sub	file	encoder	ss	q	arm	psnr	ssim2	butter_n3	probe_family	probe_q	gt_src
photos	20240528_210945__pristine2x.png	turbo	420	15	identity_off	22.455	24.602	3.2877	Unknown	15.0	png
photos	20240528_210945__pristine2x.png	turbo	420	15	model_policy	23.012	28.464	3.1772	Unknown	15.0	png
photos	20240528_210945__pristine2x.png	turbo	420	15	model_proj	23.012	28.465	3.1771	Unknown	15.0	png
photos	20240528_210945__pristine2x.png	turbo	420	35	identity_off	25.187	53.630	2.1538	ImageMagick	35.0	png
photos	20240528_210945__pristine2x.png	turbo	420	35	model_policy	25.791	56.103	2.0358	ImageMagick	35.0	png
photos	20240528_210945__pristine2x.png	turbo	420	35	model_proj	25.795	56.137	2.0273	ImageMagick	35.0	png
photos	20240528_210945__pristine2x.png	turbo	420	55	identity_off	26.889	63.088	1.7476	ImageMagick	55.0	png
photos	20240528_210945__pristine2x.png	turbo	420	55	model_policy	27.471	65.127	1.6406	ImageMagick	55.0	png
photos	20240528_210945__pristine2x.png	turbo	420	55	model_proj	27.486	65.215	1.6086	ImageMagick	55.0	png
photos	20240528_210945__pristine2x.png	turbo	420	75	identity_off	29.363	72.121	1.3373	ImageMagick	75.0	png
photos	20240528_210945__pristine2x.png	turbo	420	75	model_policy	29.894	73.858	1.2535	ImageMagick	75.0	png
photos	20240528_210945__pristine2x.png	turbo	420	75	model_proj	29.935	74.217	1.1819	ImageMagick	75.0	png
photos	20240528_210945__pristine2x.png	turbo	420	90	identity_off	33.641	82.664	0.8083	ImageMagick	90.0	png
photos	20240528_210945__pristine2x.png	turbo	420	90	model_policy	34.066	83.571	0.7564	ImageMagick	90.0	png
photos	20240528_210945__pristine2x.png	turbo	420	90	model_proj	34.176	84.062	0.6867	ImageMagick	90.0	png
photos	20231206_150232.png	turbo	420	15	identity_off	23.242	25.617	3.6615	Unknown	15.0	png
photos	20231206_150232.png	turbo	420	15	model_policy	24.648	33.646	3.2423	Unknown	15.0	png
photos	20231206_150232.png	turbo	420	15	model_proj	24.649	33.648	3.2422	Unknown	15.0	png
photos	20231206_150232.png	turbo	420	35	identity_off	26.722	55.544	2.3032	ImageMagick	35.0	png
photos	20231206_150232.png	turbo	420	35	model_policy	28.138	60.722	1.9383	ImageMagick	35.0	png
photos	20231206_150232.png	turbo	420	35	model_proj	28.157	60.865	1.9342	ImageMagick	35.0	png
photos	20231206_150232.png	turbo	420	55	identity_off	28.779	65.245	1.8209	ImageMagick	55.0	png
photos	20231206_150232.png	turbo	420	55	model_policy	30.076	69.403	1.5318	ImageMagick	55.0	png
photos	20231206_150232.png	turbo	420	55	model_proj	30.098	69.554	1.5270	ImageMagick	55.0	png
photos	20231206_150232.png	turbo	420	75	identity_off	31.712	73.963	1.3160	ImageMagick	75.0	png
photos	20231206_150232.png	turbo	420	75	model_policy	32.762	77.190	1.1043	ImageMagick	75.0	png
photos	20231206_150232.png	turbo	420	75	model_proj	32.781	77.313	1.1029	ImageMagick	75.0	png
photos	20231206_150232.png	turbo	420	90	identity_off	36.819	84.278	0.7351	ImageMagick	90.0	png
photos	20231206_150232.png	turbo	420	90	model_policy	37.165	85.989	0.6428	ImageMagick	90.0	png
photos	20231206_150232.png	turbo	420	90	model_proj	37.229	86.370	0.6408	ImageMagick	90.0	png
photos	Screenshot_20260526_074348_Photos.png	turbo	420	15	identity_off	31.986	17.419	2.8964	Unknown	15.0	png
photos	Screenshot_20260526_074348_Photos.png	turbo	420	15	model_policy	32.494	36.843	2.6970	Unknown	15.0	png
photos	Screenshot_20260526_074348_Photos.png	turbo	420	15	model_proj	32.494	36.851	2.6970	Unknown	15.0	png
photos	Screenshot_20260526_074348_Photos.png	turbo	420	35	identity_off	34.940	53.447	1.7942	ImageMagick	35.0	png
photos	Screenshot_20260526_074348_Photos.png	turbo	420	35	model_policy	35.525	60.579	1.6320	ImageMagick	35.0	png
photos	Screenshot_20260526_074348_Photos.png	turbo	420	35	model_proj	35.528	60.611	1.6301	ImageMagick	35.0	png
photos	Screenshot_20260526_074348_Photos.png	turbo	420	55	identity_off	36.154	65.497	1.4861	ImageMagick	55.0	png
photos	Screenshot_20260526_074348_Photos.png	turbo	420	55	model_policy	36.667	68.244	1.3873	ImageMagick	55.0	png
photos	Screenshot_20260526_074348_Photos.png	turbo	420	55	model_proj	36.668	68.231	1.3866	ImageMagick	55.0	png
photos	Screenshot_20260526_074348_Photos.png	turbo	420	75	identity_off	37.747	75.105	1.1865	ImageMagick	75.0	png
photos	Screenshot_20260526_074348_Photos.png	turbo	420	75	model_policy	38.111	75.717	1.1315	ImageMagick	75.0	png
photos	Screenshot_20260526_074348_Photos.png	turbo	420	75	model_proj	38.112	75.815	1.1314	ImageMagick	75.0	png
photos	Screenshot_20260526_074348_Photos.png	turbo	420	90	identity_off	40.881	84.622	0.7891	ImageMagick	90.0	png
photos	Screenshot_20260526_074348_Photos.png	turbo	420	90	model_policy	41.006	84.665	0.7777	ImageMagick	90.0	png
photos	Screenshot_20260526_074348_Photos.png	turbo	420	90	model_proj	40.976	84.670	0.7877	ImageMagick	90.0	png
photos	Screenshot_20260526_074418_Photos.png	turbo	420	15	identity_off	29.884	30.549	3.0820	Unknown	15.0	png
photos	Screenshot_20260526_074418_Photos.png	turbo	420	15	model_policy	30.716	43.254	2.8521	Unknown	15.0	png
photos	Screenshot_20260526_074418_Photos.png	turbo	420	15	model_proj	30.716	43.257	2.8521	Unknown	15.0	png
photos	Screenshot_20260526_074418_Photos.png	turbo	420	35	identity_off	32.491	60.699	1.8949	ImageMagick	35.0	png
photos	Screenshot_20260526_074418_Photos.png	turbo	420	35	model_policy	33.079	64.583	1.7974	ImageMagick	35.0	png
photos	Screenshot_20260526_074418_Photos.png	turbo	420	35	model_proj	33.079	64.589	1.7973	ImageMagick	35.0	png
photos	Screenshot_20260526_074418_Photos.png	turbo	420	55	identity_off	33.707	69.634	1.5707	ImageMagick	55.0	png
photos	Screenshot_20260526_074418_Photos.png	turbo	420	55	model_policy	34.199	71.542	1.4980	ImageMagick	55.0	png
photos	Screenshot_20260526_074418_Photos.png	turbo	420	55	model_proj	34.199	71.500	1.4979	ImageMagick	55.0	png
photos	Screenshot_20260526_074418_Photos.png	turbo	420	75	identity_off	35.288	77.037	1.2738	ImageMagick	75.0	png
photos	Screenshot_20260526_074418_Photos.png	turbo	420	75	model_policy	35.697	77.736	1.2212	ImageMagick	75.0	png
photos	Screenshot_20260526_074418_Photos.png	turbo	420	75	model_proj	35.697	77.743	1.2212	ImageMagick	75.0	png
photos	Screenshot_20260526_074418_Photos.png	turbo	420	90	identity_off	38.651	85.811	0.8325	ImageMagick	90.0	png
photos	Screenshot_20260526_074418_Photos.png	turbo	420	90	model_policy	38.760	85.948	0.8215	ImageMagick	90.0	png
photos	Screenshot_20260526_074418_Photos.png	turbo	420	90	model_proj	38.765	85.981	0.8208	ImageMagick	90.0	png
photos	Screenshot_20260526_075006_Gallery.png	turbo	420	15	identity_off	31.610	31.999	2.9259	Unknown	15.0	png
photos	Screenshot_20260526_075006_Gallery.png	turbo	420	15	model_policy	32.883	41.108	2.7005	Unknown	15.0	png
photos	Screenshot_20260526_075006_Gallery.png	turbo	420	15	model_proj	32.883	41.106	2.7005	Unknown	15.0	png
photos	Screenshot_20260526_075006_Gallery.png	turbo	420	35	identity_off	35.977	67.635	1.5300	ImageMagick	35.0	png
photos	Screenshot_20260526_075006_Gallery.png	turbo	420	35	model_policy	37.309	71.873	1.3727	ImageMagick	35.0	png
photos	Screenshot_20260526_075006_Gallery.png	turbo	420	35	model_proj	37.309	71.877	1.3727	ImageMagick	35.0	png
photos	Screenshot_20260526_075006_Gallery.png	turbo	420	55	identity_off	38.115	77.218	1.1140	ImageMagick	55.0	png
photos	Screenshot_20260526_075006_Gallery.png	turbo	420	55	model_policy	39.371	79.863	0.9825	ImageMagick	55.0	png
photos	Screenshot_20260526_075006_Gallery.png	turbo	420	55	model_proj	39.371	79.873	0.9824	ImageMagick	55.0	png
photos	Screenshot_20260526_075006_Gallery.png	turbo	420	75	identity_off	40.609	84.312	0.7780	ImageMagick	75.0	png
photos	Screenshot_20260526_075006_Gallery.png	turbo	420	75	model_policy	41.701	85.849	0.6779	ImageMagick	75.0	png
photos	Screenshot_20260526_075006_Gallery.png	turbo	420	75	model_proj	41.710	85.887	0.6761	ImageMagick	75.0	png
photos	Screenshot_20260526_075006_Gallery.png	turbo	420	90	identity_off	44.072	91.024	0.4827	ImageMagick	90.0	png
photos	Screenshot_20260526_075006_Gallery.png	turbo	420	90	model_policy	44.736	91.416	0.4340	ImageMagick	90.0	png
photos	Screenshot_20260526_075006_Gallery.png	turbo	420	90	model_proj	44.742	91.430	0.4358	ImageMagick	90.0	png
photos	Screenshot_20260526_075134_Gallery.png	turbo	420	15	identity_off	28.159	36.642	3.5795	Unknown	15.0	png
photos	Screenshot_20260526_075134_Gallery.png	turbo	420	15	model_policy	29.405	45.173	3.1937	Unknown	15.0	png
photos	Screenshot_20260526_075134_Gallery.png	turbo	420	15	model_proj	29.405	45.172	3.1937	Unknown	15.0	png
photos	Screenshot_20260526_075134_Gallery.png	turbo	420	35	identity_off	31.813	65.551	1.8923	ImageMagick	35.0	png
photos	Screenshot_20260526_075134_Gallery.png	turbo	420	35	model_policy	32.912	69.330	1.6995	ImageMagick	35.0	png
photos	Screenshot_20260526_075134_Gallery.png	turbo	420	35	model_proj	32.912	69.335	1.6994	ImageMagick	35.0	png
photos	Screenshot_20260526_075134_Gallery.png	turbo	420	55	identity_off	33.597	74.683	1.3674	ImageMagick	55.0	png
photos	Screenshot_20260526_075134_Gallery.png	turbo	420	55	model_policy	34.522	76.724	1.2411	ImageMagick	55.0	png
photos	Screenshot_20260526_075134_Gallery.png	turbo	420	55	model_proj	34.524	76.725	1.2408	ImageMagick	55.0	png
photos	Screenshot_20260526_075134_Gallery.png	turbo	420	75	identity_off	35.669	81.422	1.0363	ImageMagick	75.0	png
photos	Screenshot_20260526_075134_Gallery.png	turbo	420	75	model_policy	36.404	82.342	0.9446	ImageMagick	75.0	png
photos	Screenshot_20260526_075134_Gallery.png	turbo	420	75	model_proj	36.410	82.402	0.9421	ImageMagick	75.0	png
photos	Screenshot_20260526_075134_Gallery.png	turbo	420	90	identity_off	39.056	88.531	0.6345	ImageMagick	90.0	png
photos	Screenshot_20260526_075134_Gallery.png	turbo	420	90	model_policy	39.480	88.840	0.6104	ImageMagick	90.0	png
photos	Screenshot_20260526_075134_Gallery.png	turbo	420	90	model_proj	39.513	89.010	0.5989	ImageMagick	90.0	png
photos	Screenshot_20260526_075159_Gallery.png	turbo	420	15	identity_off	31.157	24.669	3.2754	Unknown	15.0	png
photos	Screenshot_20260526_075159_Gallery.png	turbo	420	15	model_policy	32.749	36.959	2.9269	Unknown	15.0	png
photos	Screenshot_20260526_075159_Gallery.png	turbo	420	15	model_proj	32.749	36.960	2.9269	Unknown	15.0	png
photos	Screenshot_20260526_075159_Gallery.png	turbo	420	35	identity_off	35.110	63.378	1.7468	ImageMagick	35.0	png
photos	Screenshot_20260526_075159_Gallery.png	turbo	420	35	model_policy	36.470	67.309	1.5545	ImageMagick	35.0	png
photos	Screenshot_20260526_075159_Gallery.png	turbo	420	35	model_proj	36.471	67.310	1.5544	ImageMagick	35.0	png
photos	Screenshot_20260526_075159_Gallery.png	turbo	420	55	identity_off	37.066	74.590	1.2849	ImageMagick	55.0	png
photos	Screenshot_20260526_075159_Gallery.png	turbo	420	55	model_policy	38.259	76.684	1.1471	ImageMagick	55.0	png
photos	Screenshot_20260526_075159_Gallery.png	turbo	420	55	model_proj	38.260	76.692	1.1471	ImageMagick	55.0	png
photos	Screenshot_20260526_075159_Gallery.png	turbo	420	75	identity_off	39.252	82.776	0.9032	ImageMagick	75.0	png
photos	Screenshot_20260526_075159_Gallery.png	turbo	420	75	model_policy	40.241	83.839	0.8103	ImageMagick	75.0	png
photos	Screenshot_20260526_075159_Gallery.png	turbo	420	75	model_proj	40.245	83.854	0.8096	ImageMagick	75.0	png
photos	Screenshot_20260526_075159_Gallery.png	turbo	420	90	identity_off	42.370	89.870	0.5676	ImageMagick	90.0	png
photos	Screenshot_20260526_075159_Gallery.png	turbo	420	90	model_policy	42.967	90.156	0.5242	ImageMagick	90.0	png
photos	Screenshot_20260526_075159_Gallery.png	turbo	420	90	model_proj	42.993	90.213	0.5240	ImageMagick	90.0	png
photos	Screenshot_20260526_075258_Gallery.png	turbo	420	15	identity_off	28.732	36.346	2.8386	Unknown	15.0	png
photos	Screenshot_20260526_075258_Gallery.png	turbo	420	15	model_policy	29.902	43.489	2.6109	Unknown	15.0	png
photos	Screenshot_20260526_075258_Gallery.png	turbo	420	15	model_proj	29.902	43.489	2.6109	Unknown	15.0	png
photos	Screenshot_20260526_075258_Gallery.png	turbo	420	35	identity_off	32.466	65.708	1.6028	ImageMagick	35.0	png
photos	Screenshot_20260526_075258_Gallery.png	turbo	420	35	model_policy	33.523	68.107	1.4729	ImageMagick	35.0	png
photos	Screenshot_20260526_075258_Gallery.png	turbo	420	35	model_proj	33.523	68.105	1.4729	ImageMagick	35.0	png
photos	Screenshot_20260526_075258_Gallery.png	turbo	420	55	identity_off	34.411	74.772	1.2210	ImageMagick	55.0	png
photos	Screenshot_20260526_075258_Gallery.png	turbo	420	55	model_policy	35.369	76.388	1.1064	ImageMagick	55.0	png
photos	Screenshot_20260526_075258_Gallery.png	turbo	420	55	model_proj	35.369	76.387	1.1064	ImageMagick	55.0	png
photos	Screenshot_20260526_075258_Gallery.png	turbo	420	75	identity_off	36.755	82.095	0.8992	ImageMagick	75.0	png
photos	Screenshot_20260526_075258_Gallery.png	turbo	420	75	model_policy	37.581	82.885	0.8079	ImageMagick	75.0	png
photos	Screenshot_20260526_075258_Gallery.png	turbo	420	75	model_proj	37.581	82.895	0.8079	ImageMagick	75.0	png
photos	Screenshot_20260526_075258_Gallery.png	turbo	420	90	identity_off	40.569	89.375	0.5447	ImageMagick	90.0	png
photos	Screenshot_20260526_075258_Gallery.png	turbo	420	90	model_policy	41.049	89.608	0.4997	ImageMagick	90.0	png
photos	Screenshot_20260526_075258_Gallery.png	turbo	420	90	model_proj	41.067	89.750	0.5000	ImageMagick	90.0	png
people	alexander-aguero-EnppVuXbcCE-unsplash__pristine3x.png	turbo	420	15	identity_off	32.240	12.149	3.0068	Unknown	15.0	png
people	alexander-aguero-EnppVuXbcCE-unsplash__pristine3x.png	turbo	420	15	model_policy	33.690	30.450	2.7057	Unknown	15.0	png
people	alexander-aguero-EnppVuXbcCE-unsplash__pristine3x.png	turbo	420	15	model_proj	33.690	30.452	2.7057	Unknown	15.0	png
people	alexander-aguero-EnppVuXbcCE-unsplash__pristine3x.png	turbo	420	35	identity_off	35.339	54.616	1.7533	ImageMagick	35.0	png
people	alexander-aguero-EnppVuXbcCE-unsplash__pristine3x.png	turbo	420	35	model_policy	36.412	60.619	1.6373	ImageMagick	35.0	png
people	alexander-aguero-EnppVuXbcCE-unsplash__pristine3x.png	turbo	420	35	model_proj	36.412	60.620	1.6373	ImageMagick	35.0	png
people	alexander-aguero-EnppVuXbcCE-unsplash__pristine3x.png	turbo	420	55	identity_off	36.700	67.704	1.3867	ImageMagick	55.0	png
people	alexander-aguero-EnppVuXbcCE-unsplash__pristine3x.png	turbo	420	55	model_policy	37.594	70.626	1.3102	ImageMagick	55.0	png
people	alexander-aguero-EnppVuXbcCE-unsplash__pristine3x.png	turbo	420	55	model_proj	37.596	70.623	1.3100	ImageMagick	55.0	png
people	alexander-aguero-EnppVuXbcCE-unsplash__pristine3x.png	turbo	420	75	identity_off	38.272	77.202	1.0714	ImageMagick	75.0	png
people	alexander-aguero-EnppVuXbcCE-unsplash__pristine3x.png	turbo	420	75	model_policy	38.988	78.415	1.0204	ImageMagick	75.0	png
people	alexander-aguero-EnppVuXbcCE-unsplash__pristine3x.png	turbo	420	75	model_proj	38.991	78.454	1.0202	ImageMagick	75.0	png
people	alexander-aguero-EnppVuXbcCE-unsplash__pristine3x.png	turbo	420	90	identity_off	40.710	86.267	0.7366	ImageMagick	90.0	png
people	alexander-aguero-EnppVuXbcCE-unsplash__pristine3x.png	turbo	420	90	model_policy	41.127	86.506	0.7161	ImageMagick	90.0	png
people	alexander-aguero-EnppVuXbcCE-unsplash__pristine3x.png	turbo	420	90	model_proj	41.138	86.543	0.7141	ImageMagick	90.0	png
people	anastasia-pivnenko-PRNG6R1nSpQ-unsplash__pristine3x.png	turbo	420	15	identity_off	30.026	21.975	2.9411	Unknown	15.0	png
people	anastasia-pivnenko-PRNG6R1nSpQ-unsplash__pristine3x.png	turbo	420	15	model_policy	31.145	35.853	2.6866	Unknown	15.0	png
people	anastasia-pivnenko-PRNG6R1nSpQ-unsplash__pristine3x.png	turbo	420	15	model_proj	31.145	35.854	2.6866	Unknown	15.0	png
people	anastasia-pivnenko-PRNG6R1nSpQ-unsplash__pristine3x.png	turbo	420	35	identity_off	32.566	56.995	1.8172	ImageMagick	35.0	png
people	anastasia-pivnenko-PRNG6R1nSpQ-unsplash__pristine3x.png	turbo	420	35	model_policy	33.423	61.361	1.6942	ImageMagick	35.0	png
people	anastasia-pivnenko-PRNG6R1nSpQ-unsplash__pristine3x.png	turbo	420	35	model_proj	33.423	61.357	1.6941	ImageMagick	35.0	png
people	anastasia-pivnenko-PRNG6R1nSpQ-unsplash__pristine3x.png	turbo	420	55	identity_off	33.778	67.961	1.4789	ImageMagick	55.0	png
people	anastasia-pivnenko-PRNG6R1nSpQ-unsplash__pristine3x.png	turbo	420	55	model_policy	34.492	70.025	1.3873	ImageMagick	55.0	png
people	anastasia-pivnenko-PRNG6R1nSpQ-unsplash__pristine3x.png	turbo	420	55	model_proj	34.492	70.032	1.3872	ImageMagick	55.0	png
people	anastasia-pivnenko-PRNG6R1nSpQ-unsplash__pristine3x.png	turbo	420	75	identity_off	35.192	76.365	1.1753	ImageMagick	75.0	png
people	anastasia-pivnenko-PRNG6R1nSpQ-unsplash__pristine3x.png	turbo	420	75	model_policy	35.722	77.200	1.1183	ImageMagick	75.0	png
people	anastasia-pivnenko-PRNG6R1nSpQ-unsplash__pristine3x.png	turbo	420	75	model_proj	35.725	77.225	1.1176	ImageMagick	75.0	png
people	anastasia-pivnenko-PRNG6R1nSpQ-unsplash__pristine3x.png	turbo	420	90	identity_off	37.540	84.321	0.8317	ImageMagick	90.0	png
people	anastasia-pivnenko-PRNG6R1nSpQ-unsplash__pristine3x.png	turbo	420	90	model_policy	37.740	84.376	0.8180	ImageMagick	90.0	png
people	anastasia-pivnenko-PRNG6R1nSpQ-unsplash__pristine3x.png	turbo	420	90	model_proj	37.751	84.448	0.8166	ImageMagick	90.0	png
people	ashford-marx-5nEMKAK1WQs-unsplash__pristine3x.png	turbo	420	15	identity_off	25.243	27.252	3.2640	Unknown	15.0	png
people	ashford-marx-5nEMKAK1WQs-unsplash__pristine3x.png	turbo	420	15	model_policy	25.747	34.288	3.1462	Unknown	15.0	png
people	ashford-marx-5nEMKAK1WQs-unsplash__pristine3x.png	turbo	420	15	model_proj	25.747	34.283	3.1462	Unknown	15.0	png
people	ashford-marx-5nEMKAK1WQs-unsplash__pristine3x.png	turbo	420	35	identity_off	27.687	56.663	2.0694	ImageMagick	35.0	png
people	ashford-marx-5nEMKAK1WQs-unsplash__pristine3x.png	turbo	420	35	model_policy	28.184	59.152	1.9488	ImageMagick	35.0	png
people	ashford-marx-5nEMKAK1WQs-unsplash__pristine3x.png	turbo	420	35	model_proj	28.184	59.160	1.9487	ImageMagick	35.0	png
people	ashford-marx-5nEMKAK1WQs-unsplash__pristine3x.png	turbo	420	55	identity_off	29.299	66.888	1.6368	ImageMagick	55.0	png
people	ashford-marx-5nEMKAK1WQs-unsplash__pristine3x.png	turbo	420	55	model_policy	29.737	68.428	1.5559	ImageMagick	55.0	png
people	ashford-marx-5nEMKAK1WQs-unsplash__pristine3x.png	turbo	420	55	model_proj	29.737	68.442	1.5557	ImageMagick	55.0	png
people	ashford-marx-5nEMKAK1WQs-unsplash__pristine3x.png	turbo	420	75	identity_off	31.643	75.644	1.2155	ImageMagick	75.0	png
people	ashford-marx-5nEMKAK1WQs-unsplash__pristine3x.png	turbo	420	75	model_policy	31.922	76.324	1.1605	ImageMagick	75.0	png
people	ashford-marx-5nEMKAK1WQs-unsplash__pristine3x.png	turbo	420	75	model_proj	31.922	76.331	1.1605	ImageMagick	75.0	png
people	ashford-marx-5nEMKAK1WQs-unsplash__pristine3x.png	turbo	420	90	identity_off	35.693	85.384	0.7087	ImageMagick	90.0	png
people	ashford-marx-5nEMKAK1WQs-unsplash__pristine3x.png	turbo	420	90	model_policy	35.816	85.570	0.6886	ImageMagick	90.0	png
people	ashford-marx-5nEMKAK1WQs-unsplash__pristine3x.png	turbo	420	90	model_proj	35.823	85.575	0.6866	ImageMagick	90.0	png
people	bjorn-pierre-ureo1XIikao-unsplash__pristine3x.png	turbo	420	15	identity_off	32.324	36.412	2.8082	Unknown	15.0	png
people	bjorn-pierre-ureo1XIikao-unsplash__pristine3x.png	turbo	420	15	model_policy	32.950	46.378	2.6295	Unknown	15.0	png
people	bjorn-pierre-ureo1XIikao-unsplash__pristine3x.png	turbo	420	15	model_proj	32.950	46.374	2.6295	Unknown	15.0	png
people	bjorn-pierre-ureo1XIikao-unsplash__pristine3x.png	turbo	420	35	identity_off	34.398	62.305	1.6255	ImageMagick	35.0	png
people	bjorn-pierre-ureo1XIikao-unsplash__pristine3x.png	turbo	420	35	model_policy	35.018	62.813	1.5113	ImageMagick	35.0	png
people	bjorn-pierre-ureo1XIikao-unsplash__pristine3x.png	turbo	420	35	model_proj	35.019	62.818	1.5108	ImageMagick	35.0	png
people	bjorn-pierre-ureo1XIikao-unsplash__pristine3x.png	turbo	420	55	identity_off	35.073	67.098	1.3665	ImageMagick	55.0	png
people	bjorn-pierre-ureo1XIikao-unsplash__pristine3x.png	turbo	420	55	model_policy	35.530	67.096	1.2943	ImageMagick	55.0	png
people	bjorn-pierre-ureo1XIikao-unsplash__pristine3x.png	turbo	420	55	model_proj	35.554	68.989	1.2925	ImageMagick	55.0	png
people	bjorn-pierre-ureo1XIikao-unsplash__pristine3x.png	turbo	420	75	identity_off	35.856	76.207	1.1500	ImageMagick	75.0	png
people	bjorn-pierre-ureo1XIikao-unsplash__pristine3x.png	turbo	420	75	model_policy	36.156	76.224	1.1162	ImageMagick	75.0	png
people	bjorn-pierre-ureo1XIikao-unsplash__pristine3x.png	turbo	420	75	model_proj	36.162	76.860	1.1158	ImageMagick	75.0	png
people	bjorn-pierre-ureo1XIikao-unsplash__pristine3x.png	turbo	420	90	identity_off	36.920	83.800	0.8528	ImageMagick	90.0	png
people	bjorn-pierre-ureo1XIikao-unsplash__pristine3x.png	turbo	420	90	model_policy	37.043	82.855	0.8460	ImageMagick	90.0	png
people	bjorn-pierre-ureo1XIikao-unsplash__pristine3x.png	turbo	420	90	model_proj	37.072	83.912	0.8384	ImageMagick	90.0	png
people	christian-agbede-A1gWJze3il4-unsplash__pristine3x.png	turbo	420	15	identity_off	28.697	18.234	2.8923	Unknown	15.0	png
people	christian-agbede-A1gWJze3il4-unsplash__pristine3x.png	turbo	420	15	model_policy	29.777	34.020	2.7007	Unknown	15.0	png
people	christian-agbede-A1gWJze3il4-unsplash__pristine3x.png	turbo	420	15	model_proj	29.777	34.020	2.7007	Unknown	15.0	png
people	christian-agbede-A1gWJze3il4-unsplash__pristine3x.png	turbo	420	35	identity_off	31.221	54.551	1.8074	ImageMagick	35.0	png
people	christian-agbede-A1gWJze3il4-unsplash__pristine3x.png	turbo	420	35	model_policy	32.130	59.723	1.6971	ImageMagick	35.0	png
people	christian-agbede-A1gWJze3il4-unsplash__pristine3x.png	turbo	420	35	model_proj	32.130	59.726	1.6971	ImageMagick	35.0	png
people	christian-agbede-A1gWJze3il4-unsplash__pristine3x.png	turbo	420	55	identity_off	32.425	65.119	1.5125	ImageMagick	55.0	png
people	christian-agbede-A1gWJze3il4-unsplash__pristine3x.png	turbo	420	55	model_policy	33.160	67.429	1.4446	ImageMagick	55.0	png
people	christian-agbede-A1gWJze3il4-unsplash__pristine3x.png	turbo	420	55	model_proj	33.160	67.416	1.4446	ImageMagick	55.0	png
people	christian-agbede-A1gWJze3il4-unsplash__pristine3x.png	turbo	420	75	identity_off	34.054	74.128	1.1947	ImageMagick	75.0	png
people	christian-agbede-A1gWJze3il4-unsplash__pristine3x.png	turbo	420	75	model_policy	34.582	74.987	1.1464	ImageMagick	75.0	png
people	christian-agbede-A1gWJze3il4-unsplash__pristine3x.png	turbo	420	75	model_proj	34.582	74.962	1.1463	ImageMagick	75.0	png
people	christian-agbede-A1gWJze3il4-unsplash__pristine3x.png	turbo	420	90	identity_off	36.758	82.728	0.8301	ImageMagick	90.0	png
people	christian-agbede-A1gWJze3il4-unsplash__pristine3x.png	turbo	420	90	model_policy	36.977	82.891	0.8189	ImageMagick	90.0	png
people	christian-agbede-A1gWJze3il4-unsplash__pristine3x.png	turbo	420	90	model_proj	36.976	82.926	0.8183	ImageMagick	90.0	png
people	david-utt-9p-V5MUdkLY-unsplash__pristine3x.png	turbo	420	15	identity_off	30.510	15.506	3.1967	Unknown	15.0	png
people	david-utt-9p-V5MUdkLY-unsplash__pristine3x.png	turbo	420	15	model_policy	31.505	30.242	2.8882	Unknown	15.0	png
people	david-utt-9p-V5MUdkLY-unsplash__pristine3x.png	turbo	420	15	model_proj	31.505	30.238	2.8882	Unknown	15.0	png
people	david-utt-9p-V5MUdkLY-unsplash__pristine3x.png	turbo	420	35	identity_off	33.296	56.376	1.9512	ImageMagick	35.0	png
people	david-utt-9p-V5MUdkLY-unsplash__pristine3x.png	turbo	420	35	model_policy	34.001	60.985	1.8427	ImageMagick	35.0	png
people	david-utt-9p-V5MUdkLY-unsplash__pristine3x.png	turbo	420	35	model_proj	34.001	60.978	1.8426	ImageMagick	35.0	png
people	david-utt-9p-V5MUdkLY-unsplash__pristine3x.png	turbo	420	55	identity_off	34.490	67.780	1.5607	ImageMagick	55.0	png
people	david-utt-9p-V5MUdkLY-unsplash__pristine3x.png	turbo	420	55	model_policy	35.048	69.741	1.4696	ImageMagick	55.0	png
people	david-utt-9p-V5MUdkLY-unsplash__pristine3x.png	turbo	420	55	model_proj	35.048	69.741	1.4696	ImageMagick	55.0	png
people	david-utt-9p-V5MUdkLY-unsplash__pristine3x.png	turbo	420	75	identity_off	35.919	76.435	1.2060	ImageMagick	75.0	png
people	david-utt-9p-V5MUdkLY-unsplash__pristine3x.png	turbo	420	75	model_policy	36.342	77.187	1.1631	ImageMagick	75.0	png
people	david-utt-9p-V5MUdkLY-unsplash__pristine3x.png	turbo	420	75	model_proj	36.343	77.252	1.1631	ImageMagick	75.0	png
people	david-utt-9p-V5MUdkLY-unsplash__pristine3x.png	turbo	420	90	identity_off	38.409	85.134	0.8360	ImageMagick	90.0	png
people	david-utt-9p-V5MUdkLY-unsplash__pristine3x.png	turbo	420	90	model_policy	38.596	85.256	0.8221	ImageMagick	90.0	png
people	david-utt-9p-V5MUdkLY-unsplash__pristine3x.png	turbo	420	90	model_proj	38.603	85.191	0.8202	ImageMagick	90.0	png
people	dwayne-joe-1qJf4Jk8BH0-unsplash__pristine3x.png	turbo	420	15	identity_off	25.858	22.034	3.1882	Unknown	15.0	png
people	dwayne-joe-1qJf4Jk8BH0-unsplash__pristine3x.png	turbo	420	15	model_policy	26.419	27.815	3.0904	Unknown	15.0	png
people	dwayne-joe-1qJf4Jk8BH0-unsplash__pristine3x.png	turbo	420	15	model_proj	26.419	27.816	3.0904	Unknown	15.0	png
people	dwayne-joe-1qJf4Jk8BH0-unsplash__pristine3x.png	turbo	420	35	identity_off	28.039	52.771	2.0848	ImageMagick	35.0	png
people	dwayne-joe-1qJf4Jk8BH0-unsplash__pristine3x.png	turbo	420	35	model_policy	28.495	54.704	2.0246	ImageMagick	35.0	png
people	dwayne-joe-1qJf4Jk8BH0-unsplash__pristine3x.png	turbo	420	35	model_proj	28.495	54.703	2.0246	ImageMagick	35.0	png
people	dwayne-joe-1qJf4Jk8BH0-unsplash__pristine3x.png	turbo	420	55	identity_off	29.487	63.123	1.7135	ImageMagick	55.0	png
people	dwayne-joe-1qJf4Jk8BH0-unsplash__pristine3x.png	turbo	420	55	model_policy	29.889	64.247	1.6578	ImageMagick	55.0	png
people	dwayne-joe-1qJf4Jk8BH0-unsplash__pristine3x.png	turbo	420	55	model_proj	29.889	64.277	1.6574	ImageMagick	55.0	png
people	dwayne-joe-1qJf4Jk8BH0-unsplash__pristine3x.png	turbo	420	75	identity_off	31.697	72.816	1.2845	ImageMagick	75.0	png
people	dwayne-joe-1qJf4Jk8BH0-unsplash__pristine3x.png	turbo	420	75	model_policy	32.017	73.420	1.2492	ImageMagick	75.0	png
people	dwayne-joe-1qJf4Jk8BH0-unsplash__pristine3x.png	turbo	420	75	model_proj	32.018	73.445	1.2492	ImageMagick	75.0	png
people	dwayne-joe-1qJf4Jk8BH0-unsplash__pristine3x.png	turbo	420	90	identity_off	35.504	83.730	0.7481	ImageMagick	90.0	png
people	dwayne-joe-1qJf4Jk8BH0-unsplash__pristine3x.png	turbo	420	90	model_policy	35.690	84.167	0.7353	ImageMagick	90.0	png
people	dwayne-joe-1qJf4Jk8BH0-unsplash__pristine3x.png	turbo	420	90	model_proj	35.697	84.218	0.7345	ImageMagick	90.0	png
people	dwayne-joe-6-Rwiq8VbKs-unsplash__pristine3x.png	turbo	420	15	identity_off	25.340	29.547	3.1198	Unknown	15.0	png
people	dwayne-joe-6-Rwiq8VbKs-unsplash__pristine3x.png	turbo	420	15	model_policy	26.074	38.368	2.9786	Unknown	15.0	png
people	dwayne-joe-6-Rwiq8VbKs-unsplash__pristine3x.png	turbo	420	15	model_proj	26.074	38.375	2.9786	Unknown	15.0	png
people	dwayne-joe-6-Rwiq8VbKs-unsplash__pristine3x.png	turbo	420	35	identity_off	27.679	56.183	2.0768	ImageMagick	35.0	png
people	dwayne-joe-6-Rwiq8VbKs-unsplash__pristine3x.png	turbo	420	35	model_policy	28.393	60.300	1.9594	ImageMagick	35.0	png
people	dwayne-joe-6-Rwiq8VbKs-unsplash__pristine3x.png	turbo	420	35	model_proj	28.396	60.345	1.9582	ImageMagick	35.0	png
people	dwayne-joe-6-Rwiq8VbKs-unsplash__pristine3x.png	turbo	420	55	identity_off	29.005	63.206	1.9294	ImageMagick	55.0	png
people	dwayne-joe-6-Rwiq8VbKs-unsplash__pristine3x.png	turbo	420	55	model_policy	29.659	66.766	1.8716	ImageMagick	55.0	png
people	dwayne-joe-6-Rwiq8VbKs-unsplash__pristine3x.png	turbo	420	55	model_proj	29.672	66.891	1.8687	ImageMagick	55.0	png
people	dwayne-joe-6-Rwiq8VbKs-unsplash__pristine3x.png	turbo	420	75	identity_off	30.948	71.468	1.2928	ImageMagick	75.0	png
people	dwayne-joe-6-Rwiq8VbKs-unsplash__pristine3x.png	turbo	420	75	model_policy	31.521	73.489	1.2035	ImageMagick	75.0	png
people	dwayne-joe-6-Rwiq8VbKs-unsplash__pristine3x.png	turbo	420	75	model_proj	31.550	73.721	1.1796	ImageMagick	75.0	png
people	dwayne-joe-6-Rwiq8VbKs-unsplash__pristine3x.png	turbo	420	90	identity_off	34.409	81.323	0.8223	ImageMagick	90.0	png
people	dwayne-joe-6-Rwiq8VbKs-unsplash__pristine3x.png	turbo	420	90	model_policy	34.812	82.335	0.7796	ImageMagick	90.0	png
people	dwayne-joe-6-Rwiq8VbKs-unsplash__pristine3x.png	turbo	420	90	model_proj	34.885	82.436	0.7376	ImageMagick	90.0	png
screen	archive__details-collection__1440x900__dpr1.png	turbo	420	15	identity_off	40.114	85.700	4.7848	Unknown	15.0	png
screen	archive__details-collection__1440x900__dpr1.png	turbo	420	15	model_policy	38.252	86.549	5.6712	Unknown	15.0	png
screen	archive__details-collection__1440x900__dpr1.png	turbo	420	15	model_proj	38.252	86.549	5.6712	Unknown	15.0	png
screen	archive__details-collection__1440x900__dpr1.png	turbo	420	35	identity_off	48.131	90.220	2.3578	ImageMagick	35.0	png
screen	archive__details-collection__1440x900__dpr1.png	turbo	420	35	model_policy	48.131	90.224	2.3578	ImageMagick	35.0	png
screen	archive__details-collection__1440x900__dpr1.png	turbo	420	35	model_proj	48.131	90.224	2.3578	ImageMagick	35.0	png
screen	archive__details-collection__1440x900__dpr1.png	turbo	420	55	identity_off	45.912	88.295	2.6346	ImageMagick	55.0	png
screen	archive__details-collection__1440x900__dpr1.png	turbo	420	55	model_policy	45.912	88.316	2.6346	ImageMagick	55.0	png
screen	archive__details-collection__1440x900__dpr1.png	turbo	420	55	model_proj	45.912	88.316	2.6346	ImageMagick	55.0	png
screen	archive__details-collection__1440x900__dpr1.png	turbo	420	75	identity_off	99.000	100.000	0.0000	ImageMagick	75.0	png
screen	archive__details-collection__1440x900__dpr1.png	turbo	420	75	model_policy	102.316	96.372	0.0161	ImageMagick	75.0	png
screen	archive__details-collection__1440x900__dpr1.png	turbo	420	75	model_proj	102.316	96.372	0.0161	ImageMagick	75.0	png
screen	archive__details-collection__1440x900__dpr1.png	turbo	420	90	identity_off	99.000	100.000	0.0000	ImageMagick	90.0	png
screen	archive__details-collection__1440x900__dpr1.png	turbo	420	90	model_policy	102.316	96.372	0.0161	ImageMagick	90.0	png
screen	archive__details-collection__1440x900__dpr1.png	turbo	420	90	model_proj	107.087	99.675	0.0238	ImageMagick	90.0	png
screen	archive__wayback-search__1440x900__dpr1.png	turbo	420	15	identity_off	27.359	39.624	3.4768	Unknown	15.0	png
screen	archive__wayback-search__1440x900__dpr1.png	turbo	420	15	model_policy	29.653	51.296	2.9569	Unknown	15.0	png
screen	archive__wayback-search__1440x900__dpr1.png	turbo	420	15	model_proj	29.653	51.297	2.9569	Unknown	15.0	png
screen	archive__wayback-search__1440x900__dpr1.png	turbo	420	35	identity_off	30.292	59.438	2.2581	ImageMagick	35.0	png
screen	archive__wayback-search__1440x900__dpr1.png	turbo	420	35	model_policy	33.203	68.809	1.6566	ImageMagick	35.0	png
screen	archive__wayback-search__1440x900__dpr1.png	turbo	420	35	model_proj	33.212	68.894	1.6551	ImageMagick	35.0	png
screen	archive__wayback-search__1440x900__dpr1.png	turbo	420	55	identity_off	31.976	67.103	1.8614	ImageMagick	55.0	png
screen	archive__wayback-search__1440x900__dpr1.png	turbo	420	55	model_policy	35.122	75.244	1.3129	ImageMagick	55.0	png
screen	archive__wayback-search__1440x900__dpr1.png	turbo	420	55	model_proj	35.144	75.426	1.3092	ImageMagick	55.0	png
screen	archive__wayback-search__1440x900__dpr1.png	turbo	420	75	identity_off	33.993	75.035	1.4080	ImageMagick	75.0	png
screen	archive__wayback-search__1440x900__dpr1.png	turbo	420	75	model_policy	37.457	81.367	0.9750	ImageMagick	75.0	png
screen	archive__wayback-search__1440x900__dpr1.png	turbo	420	75	model_proj	37.492	81.450	0.9726	ImageMagick	75.0	png
screen	archive__wayback-search__1440x900__dpr1.png	turbo	420	90	identity_off	36.989	83.689	0.9048	ImageMagick	90.0	png
screen	archive__wayback-search__1440x900__dpr1.png	turbo	420	90	model_policy	40.776	87.635	0.6123	ImageMagick	90.0	png
screen	archive__wayback-search__1440x900__dpr1.png	turbo	420	90	model_proj	40.850	87.856	0.6006	ImageMagick	90.0	png
screen	archives__exhibits__1440x900__dpr1.png	turbo	420	15	identity_off	25.236	33.644	4.2854	Unknown	15.0	png
screen	archives__exhibits__1440x900__dpr1.png	turbo	420	15	model_policy	28.113	50.364	3.2270	Unknown	15.0	png
screen	archives__exhibits__1440x900__dpr1.png	turbo	420	15	model_proj	28.126	50.642	3.2116	Unknown	15.0	png
screen	archives__exhibits__1440x900__dpr1.png	turbo	420	35	identity_off	28.493	49.428	2.8171	ImageMagick	35.0	png
screen	archives__exhibits__1440x900__dpr1.png	turbo	420	35	model_policy	31.551	64.157	1.9809	ImageMagick	35.0	png
screen	archives__exhibits__1440x900__dpr1.png	turbo	420	35	model_proj	31.882	68.217	1.7655	ImageMagick	35.0	png
screen	archives__exhibits__1440x900__dpr1.png	turbo	420	55	identity_off	30.681	60.009	2.1357	ImageMagick	55.0	png
screen	archives__exhibits__1440x900__dpr1.png	turbo	420	55	model_policy	33.790	71.929	1.4761	ImageMagick	55.0	png
screen	archives__exhibits__1440x900__dpr1.png	turbo	420	55	model_proj	34.262	75.998	1.2410	ImageMagick	55.0	png
screen	archives__exhibits__1440x900__dpr1.png	turbo	420	75	identity_off	33.530	71.495	1.4966	ImageMagick	75.0	png
screen	archives__exhibits__1440x900__dpr1.png	turbo	420	75	model_policy	36.737	80.191	1.0223	ImageMagick	75.0	png
screen	archives__exhibits__1440x900__dpr1.png	turbo	420	75	model_proj	37.310	83.242	0.8330	ImageMagick	75.0	png
screen	archives__exhibits__1440x900__dpr1.png	turbo	420	90	identity_off	36.761	82.640	0.9593	ImageMagick	90.0	png
screen	archives__exhibits__1440x900__dpr1.png	turbo	420	90	model_policy	40.087	87.137	0.6552	ImageMagick	90.0	png
screen	archives__exhibits__1440x900__dpr1.png	turbo	420	90	model_proj	40.904	88.947	0.5341	ImageMagick	90.0	png
screen	bls__employment-situation__1440x900__dpr1.png	turbo	420	15	identity_off	36.943	71.610	3.6726	Unknown	15.0	png
screen	bls__employment-situation__1440x900__dpr1.png	turbo	420	15	model_policy	39.424	77.091	2.8234	Unknown	15.0	png
screen	bls__employment-situation__1440x900__dpr1.png	turbo	420	15	model_proj	39.450	77.203	2.8028	Unknown	15.0	png
screen	bls__employment-situation__1440x900__dpr1.png	turbo	420	35	identity_off	41.587	78.665	2.1931	ImageMagick	35.0	png
screen	bls__employment-situation__1440x900__dpr1.png	turbo	420	35	model_policy	44.459	83.733	1.5706	ImageMagick	35.0	png
screen	bls__employment-situation__1440x900__dpr1.png	turbo	420	35	model_proj	44.861	84.967	1.3886	ImageMagick	35.0	png
screen	bls__employment-situation__1440x900__dpr1.png	turbo	420	55	identity_off	44.604	82.854	1.5019	ImageMagick	55.0	png
screen	bls__employment-situation__1440x900__dpr1.png	turbo	420	55	model_policy	47.555	86.812	1.0322	ImageMagick	55.0	png
screen	bls__employment-situation__1440x900__dpr1.png	turbo	420	55	model_proj	48.123	87.831	0.8683	ImageMagick	55.0	png
screen	bls__employment-situation__1440x900__dpr1.png	turbo	420	75	identity_off	48.842	87.242	0.9781	ImageMagick	75.0	png
screen	bls__employment-situation__1440x900__dpr1.png	turbo	420	75	model_policy	51.641	90.161	0.6598	ImageMagick	75.0	png
screen	bls__employment-situation__1440x900__dpr1.png	turbo	420	75	model_proj	52.273	90.819	0.5541	ImageMagick	75.0	png
screen	bls__employment-situation__1440x900__dpr1.png	turbo	420	90	identity_off	56.637	92.561	0.4274	ImageMagick	90.0	png
screen	bls__employment-situation__1440x900__dpr1.png	turbo	420	90	model_policy	58.934	93.399	0.2971	ImageMagick	90.0	png
screen	bls__employment-situation__1440x900__dpr1.png	turbo	420	90	model_proj	59.638	93.481	0.2554	ImageMagick	90.0	png
screen	bookdown__r-stats__1440x900__dpr1.png	turbo	420	15	identity_off	28.241	43.919	3.2360	Unknown	15.0	png
screen	bookdown__r-stats__1440x900__dpr1.png	turbo	420	15	model_policy	31.069	57.065	2.3695	Unknown	15.0	png
screen	bookdown__r-stats__1440x900__dpr1.png	turbo	420	15	model_proj	31.072	57.120	2.3643	Unknown	15.0	png
screen	bookdown__r-stats__1440x900__dpr1.png	turbo	420	35	identity_off	31.441	58.019	2.2010	ImageMagick	35.0	png
screen	bookdown__r-stats__1440x900__dpr1.png	turbo	420	35	model_policy	34.384	68.531	1.5096	ImageMagick	35.0	png
screen	bookdown__r-stats__1440x900__dpr1.png	turbo	420	35	model_proj	34.545	70.124	1.3457	ImageMagick	35.0	png
screen	bookdown__r-stats__1440x900__dpr1.png	turbo	420	55	identity_off	33.156	66.045	1.6937	ImageMagick	55.0	png
screen	bookdown__r-stats__1440x900__dpr1.png	turbo	420	55	model_policy	36.054	74.851	1.1442	ImageMagick	55.0	png
screen	bookdown__r-stats__1440x900__dpr1.png	turbo	420	55	model_proj	36.293	76.595	0.9863	ImageMagick	55.0	png
screen	bookdown__r-stats__1440x900__dpr1.png	turbo	420	75	identity_off	35.515	73.489	1.2800	ImageMagick	75.0	png
screen	bookdown__r-stats__1440x900__dpr1.png	turbo	420	75	model_policy	38.258	79.890	0.8478	ImageMagick	75.0	png
screen	bookdown__r-stats__1440x900__dpr1.png	turbo	420	75	model_proj	38.564	81.332	0.7121	ImageMagick	75.0	png
screen	bookdown__r-stats__1440x900__dpr1.png	turbo	420	90	identity_off	38.762	83.799	0.7208	ImageMagick	90.0	png
screen	bookdown__r-stats__1440x900__dpr1.png	turbo	420	90	model_policy	41.480	86.798	0.4860	ImageMagick	90.0	png
screen	bookdown__r-stats__1440x900__dpr1.png	turbo	420	90	model_proj	41.857	87.442	0.4231	ImageMagick	90.0	png
screen	climate-gov__home__1440x900__dpr1.png	turbo	420	15	identity_off	28.685	24.774	3.4689	Unknown	15.0	png
screen	climate-gov__home__1440x900__dpr1.png	turbo	420	15	model_policy	31.125	37.369	2.6718	Unknown	15.0	png
screen	climate-gov__home__1440x900__dpr1.png	turbo	420	15	model_proj	31.127	37.391	2.6701	Unknown	15.0	png
screen	climate-gov__home__1440x900__dpr1.png	turbo	420	35	identity_off	32.242	53.734	2.2359	ImageMagick	35.0	png
screen	climate-gov__home__1440x900__dpr1.png	turbo	420	35	model_policy	34.524	61.563	1.6464	ImageMagick	35.0	png
screen	climate-gov__home__1440x900__dpr1.png	turbo	420	35	model_proj	34.625	62.111	1.5853	ImageMagick	35.0	png
screen	climate-gov__home__1440x900__dpr1.png	turbo	420	55	identity_off	34.107	64.776	1.7352	ImageMagick	55.0	png
screen	climate-gov__home__1440x900__dpr1.png	turbo	420	55	model_policy	36.159	69.506	1.3186	ImageMagick	55.0	png
screen	climate-gov__home__1440x900__dpr1.png	turbo	420	55	model_proj	36.278	70.038	1.2861	ImageMagick	55.0	png
screen	climate-gov__home__1440x900__dpr1.png	turbo	420	75	identity_off	36.704	74.356	1.2803	ImageMagick	75.0	png
screen	climate-gov__home__1440x900__dpr1.png	turbo	420	75	model_policy	38.384	76.976	1.0186	ImageMagick	75.0	png
screen	climate-gov__home__1440x900__dpr1.png	turbo	420	75	model_proj	38.488	77.316	1.0047	ImageMagick	75.0	png
screen	climate-gov__home__1440x900__dpr1.png	turbo	420	90	identity_off	41.093	84.541	0.7192	ImageMagick	90.0	png
screen	climate-gov__home__1440x900__dpr1.png	turbo	420	90	model_policy	42.445	85.713	0.6686	ImageMagick	90.0	png
screen	climate-gov__home__1440x900__dpr1.png	turbo	420	90	model_proj	42.538	85.892	0.6627	ImageMagick	90.0	png
screen	climate__news__1440x900__dpr1.png	turbo	420	15	identity_off	29.453	44.131	3.1476	Unknown	15.0	png
screen	climate__news__1440x900__dpr1.png	turbo	420	15	model_policy	31.227	52.303	2.5545	Unknown	15.0	png
screen	climate__news__1440x900__dpr1.png	turbo	420	15	model_proj	31.230	52.364	2.5454	Unknown	15.0	png
screen	climate__news__1440x900__dpr1.png	turbo	420	35	identity_off	32.514	60.821	2.0407	ImageMagick	35.0	png
screen	climate__news__1440x900__dpr1.png	turbo	420	35	model_policy	34.140	68.302	1.5840	ImageMagick	35.0	png
screen	climate__news__1440x900__dpr1.png	turbo	420	35	model_proj	34.199	69.059	1.5220	ImageMagick	35.0	png
screen	climate__news__1440x900__dpr1.png	turbo	420	55	identity_off	34.229	68.062	1.8028	ImageMagick	55.0	png
screen	climate__news__1440x900__dpr1.png	turbo	420	55	model_policy	35.681	73.577	1.4183	ImageMagick	55.0	png
screen	climate__news__1440x900__dpr1.png	turbo	420	55	model_proj	35.746	74.365	1.2892	ImageMagick	55.0	png
screen	climate__news__1440x900__dpr1.png	turbo	420	75	identity_off	36.687	76.507	1.2334	ImageMagick	75.0	png
screen	climate__news__1440x900__dpr1.png	turbo	420	75	model_policy	37.896	79.827	0.9921	ImageMagick	75.0	png
screen	climate__news__1440x900__dpr1.png	turbo	420	75	model_proj	37.960	80.269	0.9762	ImageMagick	75.0	png
screen	climate__news__1440x900__dpr1.png	turbo	420	90	identity_off	41.068	85.703	0.7117	ImageMagick	90.0	png
screen	climate__news__1440x900__dpr1.png	turbo	420	90	model_policy	41.840	86.862	0.6057	ImageMagick	90.0	png
screen	climate__news__1440x900__dpr1.png	turbo	420	90	model_proj	41.900	87.074	0.5987	ImageMagick	90.0	png
screen	commons__featured-pictures__1440x900__dpr1.png	turbo	420	15	identity_off	27.236	42.228	3.2330	Unknown	15.0	png
screen	commons__featured-pictures__1440x900__dpr1.png	turbo	420	15	model_policy	29.823	52.741	2.5851	Unknown	15.0	png
screen	commons__featured-pictures__1440x900__dpr1.png	turbo	420	15	model_proj	29.827	52.855	2.5771	Unknown	15.0	png
screen	commons__featured-pictures__1440x900__dpr1.png	turbo	420	35	identity_off	29.293	53.893	2.2857	ImageMagick	35.0	png
screen	commons__featured-pictures__1440x900__dpr1.png	turbo	420	35	model_policy	32.160	65.762	1.6462	ImageMagick	35.0	png
screen	commons__featured-pictures__1440x900__dpr1.png	turbo	420	35	model_proj	32.403	68.089	1.5170	ImageMagick	35.0	png
screen	commons__featured-pictures__1440x900__dpr1.png	turbo	420	55	identity_off	30.366	60.955	1.9223	ImageMagick	55.0	png
screen	commons__featured-pictures__1440x900__dpr1.png	turbo	420	55	model_policy	33.322	71.304	1.3377	ImageMagick	55.0	png
screen	commons__featured-pictures__1440x900__dpr1.png	turbo	420	55	model_proj	33.685	73.968	1.2367	ImageMagick	55.0	png
screen	commons__featured-pictures__1440x900__dpr1.png	turbo	420	75	identity_off	32.066	69.824	1.4214	ImageMagick	75.0	png
screen	commons__featured-pictures__1440x900__dpr1.png	turbo	420	75	model_policy	35.133	77.460	0.9996	ImageMagick	75.0	png
screen	commons__featured-pictures__1440x900__dpr1.png	turbo	420	75	model_proj	35.588	79.901	0.9205	ImageMagick	75.0	png
screen	commons__featured-pictures__1440x900__dpr1.png	turbo	420	90	identity_off	34.366	79.824	0.9199	ImageMagick	90.0	png
screen	commons__featured-pictures__1440x900__dpr1.png	turbo	420	90	model_policy	37.636	84.564	0.6309	ImageMagick	90.0	png
screen	commons__featured-pictures__1440x900__dpr1.png	turbo	420	90	model_proj	38.307	86.465	0.5817	ImageMagick	90.0	png
documents	office_census-acs-2024_questionnaire_p01_page1.png	turbo	420	15	identity_off	28.006	41.291	2.8235	Unknown	15.0	png
documents	office_census-acs-2024_questionnaire_p01_page1.png	turbo	420	15	model_policy	30.286	51.963	2.6911	Unknown	15.0	png
documents	office_census-acs-2024_questionnaire_p01_page1.png	turbo	420	15	model_proj	30.287	51.958	2.6910	Unknown	15.0	png
documents	office_census-acs-2024_questionnaire_p01_page1.png	turbo	420	35	identity_off	30.267	60.795	1.8413	ImageMagick	35.0	png
documents	office_census-acs-2024_questionnaire_p01_page1.png	turbo	420	35	model_policy	33.446	69.662	1.4993	ImageMagick	35.0	png
documents	office_census-acs-2024_questionnaire_p01_page1.png	turbo	420	35	model_proj	33.454	69.924	1.4955	ImageMagick	35.0	png
documents	office_census-acs-2024_questionnaire_p01_page1.png	turbo	420	55	identity_off	31.333	64.520	2.2952	ImageMagick	55.0	png
documents	office_census-acs-2024_questionnaire_p01_page1.png	turbo	420	55	model_policy	34.593	72.796	2.1606	ImageMagick	55.0	png
documents	office_census-acs-2024_questionnaire_p01_page1.png	turbo	420	55	model_proj	34.633	73.502	2.1579	ImageMagick	55.0	png
documents	office_census-acs-2024_questionnaire_p01_page1.png	turbo	420	75	identity_off	33.577	72.255	1.3745	ImageMagick	75.0	png
documents	office_census-acs-2024_questionnaire_p01_page1.png	turbo	420	75	model_policy	36.945	78.579	1.2449	ImageMagick	75.0	png
documents	office_census-acs-2024_questionnaire_p01_page1.png	turbo	420	75	model_proj	36.988	79.233	1.2416	ImageMagick	75.0	png
documents	office_census-acs-2024_questionnaire_p01_page1.png	turbo	420	90	identity_off	37.557	81.400	1.1859	ImageMagick	90.0	png
documents	office_census-acs-2024_questionnaire_p01_page1.png	turbo	420	90	model_policy	40.905	84.286	1.2205	ImageMagick	90.0	png
documents	office_census-acs-2024_questionnaire_p01_page1.png	turbo	420	90	model_proj	41.220	85.490	1.0350	ImageMagick	90.0	png
documents	office_fec-form3_campaign-finance_p01_page1.png	turbo	420	15	identity_off	31.729	65.163	2.4185	Unknown	15.0	png
documents	office_fec-form3_campaign-finance_p01_page1.png	turbo	420	15	model_policy	34.865	74.228	1.7490	Unknown	15.0	png
documents	office_fec-form3_campaign-finance_p01_page1.png	turbo	420	15	model_proj	34.865	74.243	1.7488	Unknown	15.0	png
documents	office_fec-form3_campaign-finance_p01_page1.png	turbo	420	35	identity_off	34.977	72.583	1.6813	ImageMagick	35.0	png
documents	office_fec-form3_campaign-finance_p01_page1.png	turbo	420	35	model_policy	38.360	80.531	1.1358	ImageMagick	35.0	png
documents	office_fec-form3_campaign-finance_p01_page1.png	turbo	420	35	model_proj	38.439	81.325	1.0622	ImageMagick	35.0	png
documents	office_fec-form3_campaign-finance_p01_page1.png	turbo	420	55	identity_off	37.319	77.147	1.3385	ImageMagick	55.0	png
documents	office_fec-form3_campaign-finance_p01_page1.png	turbo	420	55	model_policy	40.648	83.697	0.9008	ImageMagick	55.0	png
documents	office_fec-form3_campaign-finance_p01_page1.png	turbo	420	55	model_proj	40.820	84.783	0.7999	ImageMagick	55.0	png
documents	office_fec-form3_campaign-finance_p01_page1.png	turbo	420	75	identity_off	40.988	83.007	0.9105	ImageMagick	75.0	png
documents	office_fec-form3_campaign-finance_p01_page1.png	turbo	420	75	model_policy	44.058	87.488	0.6074	ImageMagick	75.0	png
documents	office_fec-form3_campaign-finance_p01_page1.png	turbo	420	75	model_proj	44.279	88.148	0.5407	ImageMagick	75.0	png
documents	office_fec-form3_campaign-finance_p01_page1.png	turbo	420	90	identity_off	47.498	89.380	0.4765	ImageMagick	90.0	png
documents	office_fec-form3_campaign-finance_p01_page1.png	turbo	420	90	model_policy	50.068	91.153	0.3273	ImageMagick	90.0	png
documents	office_fec-form3_campaign-finance_p01_page1.png	turbo	420	90	model_proj	50.557	91.904	0.2840	ImageMagick	90.0	png
documents	office_fedreg-2026-10621_rule_p01_page1.png	turbo	420	15	identity_off	24.604	46.880	3.9101	Unknown	15.0	png
documents	office_fedreg-2026-10621_rule_p01_page1.png	turbo	420	15	model_policy	27.441	61.289	3.0399	Unknown	15.0	png
documents	office_fedreg-2026-10621_rule_p01_page1.png	turbo	420	15	model_proj	27.458	61.395	3.0327	Unknown	15.0	png
documents	office_fedreg-2026-10621_rule_p01_page1.png	turbo	420	35	identity_off	28.511	61.906	2.3780	ImageMagick	35.0	png
documents	office_fedreg-2026-10621_rule_p01_page1.png	turbo	420	35	model_policy	31.446	73.070	1.7059	ImageMagick	35.0	png
documents	office_fedreg-2026-10621_rule_p01_page1.png	turbo	420	35	model_proj	31.695	74.594	1.6049	ImageMagick	35.0	png
documents	office_fedreg-2026-10621_rule_p01_page1.png	turbo	420	55	identity_off	30.989	70.182	1.8355	ImageMagick	55.0	png
documents	office_fedreg-2026-10621_rule_p01_page1.png	turbo	420	55	model_policy	33.908	79.113	1.2771	ImageMagick	55.0	png
documents	office_fedreg-2026-10621_rule_p01_page1.png	turbo	420	55	model_proj	34.251	80.767	1.1546	ImageMagick	55.0	png
documents	office_fedreg-2026-10621_rule_p01_page1.png	turbo	420	75	identity_off	34.670	79.240	1.2294	ImageMagick	75.0	png
documents	office_fedreg-2026-10621_rule_p01_page1.png	turbo	420	75	model_policy	37.513	85.386	0.8375	ImageMagick	75.0	png
documents	office_fedreg-2026-10621_rule_p01_page1.png	turbo	420	75	model_proj	37.924	86.764	0.7363	ImageMagick	75.0	png
documents	office_fedreg-2026-10621_rule_p01_page1.png	turbo	420	90	identity_off	41.705	89.733	0.5912	ImageMagick	90.0	png
documents	office_fedreg-2026-10621_rule_p01_page1.png	turbo	420	90	model_policy	43.936	92.020	0.4122	ImageMagick	90.0	png
documents	office_fedreg-2026-10621_rule_p01_page1.png	turbo	420	90	model_proj	44.307	92.331	0.3722	ImageMagick	90.0	png
documents	office_fedreg-2026-10639_notice_p01_page1.png	turbo	420	15	identity_off	24.514	45.969	4.0739	Unknown	15.0	png
documents	office_fedreg-2026-10639_notice_p01_page1.png	turbo	420	15	model_policy	27.329	60.709	3.1829	Unknown	15.0	png
documents	office_fedreg-2026-10639_notice_p01_page1.png	turbo	420	15	model_proj	27.348	60.829	3.1746	Unknown	15.0	png
documents	office_fedreg-2026-10639_notice_p01_page1.png	turbo	420	35	identity_off	28.363	60.894	2.4437	ImageMagick	35.0	png
documents	office_fedreg-2026-10639_notice_p01_page1.png	turbo	420	35	model_policy	31.269	72.359	1.7448	ImageMagick	35.0	png
documents	office_fedreg-2026-10639_notice_p01_page1.png	turbo	420	35	model_proj	31.513	73.914	1.6474	ImageMagick	35.0	png
documents	office_fedreg-2026-10639_notice_p01_page1.png	turbo	420	55	identity_off	30.890	69.658	1.8328	ImageMagick	55.0	png
documents	office_fedreg-2026-10639_notice_p01_page1.png	turbo	420	55	model_policy	33.783	78.813	1.2774	ImageMagick	55.0	png
documents	office_fedreg-2026-10639_notice_p01_page1.png	turbo	420	55	model_proj	34.128	80.545	1.1617	ImageMagick	55.0	png
documents	office_fedreg-2026-10639_notice_p01_page1.png	turbo	420	75	identity_off	34.639	78.797	1.2518	ImageMagick	75.0	png
documents	office_fedreg-2026-10639_notice_p01_page1.png	turbo	420	75	model_policy	37.446	85.055	0.8558	ImageMagick	75.0	png
documents	office_fedreg-2026-10639_notice_p01_page1.png	turbo	420	75	model_proj	37.862	86.431	0.7501	ImageMagick	75.0	png
documents	office_fedreg-2026-10639_notice_p01_page1.png	turbo	420	90	identity_off	41.762	89.508	0.5943	ImageMagick	90.0	png
documents	office_fedreg-2026-10639_notice_p01_page1.png	turbo	420	90	model_policy	43.998	91.830	0.4143	ImageMagick	90.0	png
documents	office_fedreg-2026-10639_notice_p01_page1.png	turbo	420	90	model_proj	44.358	92.167	0.3731	ImageMagick	90.0	png
documents	office_fedreg-2026-10643_proclamation_p01_page1.png	turbo	420	15	identity_off	24.504	47.567	3.9081	Unknown	15.0	png
documents	office_fedreg-2026-10643_proclamation_p01_page1.png	turbo	420	15	model_policy	27.325	61.928	2.9843	Unknown	15.0	png
documents	office_fedreg-2026-10643_proclamation_p01_page1.png	turbo	420	15	model_proj	27.343	62.028	2.9763	Unknown	15.0	png
documents	office_fedreg-2026-10643_proclamation_p01_page1.png	turbo	420	35	identity_off	28.459	61.951	2.5308	ImageMagick	35.0	png
documents	office_fedreg-2026-10643_proclamation_p01_page1.png	turbo	420	35	model_policy	31.405	73.031	1.8767	ImageMagick	35.0	png
documents	office_fedreg-2026-10643_proclamation_p01_page1.png	turbo	420	35	model_proj	31.649	74.527	1.7584	ImageMagick	35.0	png
documents	office_fedreg-2026-10643_proclamation_p01_page1.png	turbo	420	55	identity_off	30.965	70.463	1.8643	ImageMagick	55.0	png
documents	office_fedreg-2026-10643_proclamation_p01_page1.png	turbo	420	55	model_policy	33.896	79.340	1.2781	ImageMagick	55.0	png
documents	office_fedreg-2026-10643_proclamation_p01_page1.png	turbo	420	55	model_proj	34.238	80.959	1.1493	ImageMagick	55.0	png
documents	office_fedreg-2026-10643_proclamation_p01_page1.png	turbo	420	75	identity_off	34.610	79.210	1.2521	ImageMagick	75.0	png
documents	office_fedreg-2026-10643_proclamation_p01_page1.png	turbo	420	75	model_policy	37.450	85.441	0.8531	ImageMagick	75.0	png
documents	office_fedreg-2026-10643_proclamation_p01_page1.png	turbo	420	75	model_proj	37.852	86.751	0.7505	ImageMagick	75.0	png
documents	office_fedreg-2026-10643_proclamation_p01_page1.png	turbo	420	90	identity_off	41.738	89.970	0.5984	ImageMagick	90.0	png
documents	office_fedreg-2026-10643_proclamation_p01_page1.png	turbo	420	90	model_policy	44.083	92.352	0.4173	ImageMagick	90.0	png
documents	office_fedreg-2026-10643_proclamation_p01_page1.png	turbo	420	90	model_proj	44.462	92.648	0.3789	ImageMagick	90.0	png
documents	office_fedreg-2026-10733_presidential-doc_p01_page1.png	turbo	420	15	identity_off	25.254	50.124	3.6737	Unknown	15.0	png
documents	office_fedreg-2026-10733_presidential-doc_p01_page1.png	turbo	420	15	model_policy	28.148	63.621	2.8196	Unknown	15.0	png
documents	office_fedreg-2026-10733_presidential-doc_p01_page1.png	turbo	420	15	model_proj	28.165	63.710	2.8147	Unknown	15.0	png
documents	office_fedreg-2026-10733_presidential-doc_p01_page1.png	turbo	420	35	identity_off	29.090	63.781	2.2846	ImageMagick	35.0	png
documents	office_fedreg-2026-10733_presidential-doc_p01_page1.png	turbo	420	35	model_policy	32.105	74.719	1.6393	ImageMagick	35.0	png
documents	office_fedreg-2026-10733_presidential-doc_p01_page1.png	turbo	420	35	model_proj	32.344	75.870	1.5695	ImageMagick	35.0	png
documents	office_fedreg-2026-10733_presidential-doc_p01_page1.png	turbo	420	55	identity_off	31.589	71.524	1.7360	ImageMagick	55.0	png
documents	office_fedreg-2026-10733_presidential-doc_p01_page1.png	turbo	420	55	model_policy	34.579	80.248	1.1983	ImageMagick	55.0	png
documents	office_fedreg-2026-10733_presidential-doc_p01_page1.png	turbo	420	55	model_proj	34.921	81.682	1.0931	ImageMagick	55.0	png
documents	office_fedreg-2026-10733_presidential-doc_p01_page1.png	turbo	420	75	identity_off	35.237	79.977	1.2001	ImageMagick	75.0	png
documents	office_fedreg-2026-10733_presidential-doc_p01_page1.png	turbo	420	75	model_policy	38.154	86.007	0.8152	ImageMagick	75.0	png
documents	office_fedreg-2026-10733_presidential-doc_p01_page1.png	turbo	420	75	model_proj	38.552	87.089	0.7266	ImageMagick	75.0	png
documents	office_fedreg-2026-10733_presidential-doc_p01_page1.png	turbo	420	90	identity_off	42.284	89.808	0.5867	ImageMagick	90.0	png
documents	office_fedreg-2026-10733_presidential-doc_p01_page1.png	turbo	420	90	model_policy	44.625	92.021	0.4012	ImageMagick	90.0	png
documents	office_fedreg-2026-10733_presidential-doc_p01_page1.png	turbo	420	90	model_proj	44.997	92.269	0.3643	ImageMagick	90.0	png
documents	office_irs_f1040_p01_page1.png	turbo	420	15	identity_off	26.629	50.381	3.8828	Unknown	15.0	png
documents	office_irs_f1040_p01_page1.png	turbo	420	15	model_policy	28.936	60.397	3.8157	Unknown	15.0	png
documents	office_irs_f1040_p01_page1.png	turbo	420	15	model_proj	28.947	60.471	3.8153	Unknown	15.0	png
documents	office_irs_f1040_p01_page1.png	turbo	420	35	identity_off	30.119	65.563	2.0158	ImageMagick	35.0	png
documents	office_irs_f1040_p01_page1.png	turbo	420	35	model_policy	32.644	71.791	1.5802	ImageMagick	35.0	png
documents	office_irs_f1040_p01_page1.png	turbo	420	35	model_proj	32.772	72.324	1.5575	ImageMagick	35.0	png
documents	office_irs_f1040_p01_page1.png	turbo	420	55	identity_off	32.089	71.984	1.6131	ImageMagick	55.0	png
documents	office_irs_f1040_p01_page1.png	turbo	420	55	model_policy	34.481	76.740	1.2728	ImageMagick	55.0	png
documents	office_irs_f1040_p01_page1.png	turbo	420	55	model_proj	34.658	77.429	1.2471	ImageMagick	55.0	png
documents	office_irs_f1040_p01_page1.png	turbo	420	75	identity_off	34.734	78.436	1.2166	ImageMagick	75.0	png
documents	office_irs_f1040_p01_page1.png	turbo	420	75	model_policy	36.986	81.197	0.9799	ImageMagick	75.0	png
documents	office_irs_f1040_p01_page1.png	turbo	420	75	model_proj	37.170	81.771	0.9553	ImageMagick	75.0	png
documents	office_irs_f1040_p01_page1.png	turbo	420	90	identity_off	39.338	86.737	0.7305	ImageMagick	90.0	png
documents	office_irs_f1040_p01_page1.png	turbo	420	90	model_policy	41.125	87.777	0.6466	ImageMagick	90.0	png
documents	office_irs_f1040_p01_page1.png	turbo	420	90	model_proj	41.309	87.996	0.6335	ImageMagick	90.0	png
documents	office_irs_f1040sa_p01_page1.png	turbo	420	15	identity_off	27.484	50.652	3.2542	Unknown	15.0	png
documents	office_irs_f1040sa_p01_page1.png	turbo	420	15	model_policy	30.690	64.851	2.2775	Unknown	15.0	png
documents	office_irs_f1040sa_p01_page1.png	turbo	420	15	model_proj	30.708	65.095	2.2706	Unknown	15.0	png
documents	office_irs_f1040sa_p01_page1.png	turbo	420	35	identity_off	31.097	64.339	2.1019	ImageMagick	35.0	png
documents	office_irs_f1040sa_p01_page1.png	turbo	420	35	model_policy	34.374	75.620	1.4152	ImageMagick	35.0	png
documents	office_irs_f1040sa_p01_page1.png	turbo	420	35	model_proj	34.629	76.921	1.3368	ImageMagick	35.0	png
documents	office_irs_f1040sa_p01_page1.png	turbo	420	55	identity_off	33.579	71.750	1.6467	ImageMagick	55.0	png
documents	office_irs_f1040sa_p01_page1.png	turbo	420	55	model_policy	36.840	80.706	1.1041	ImageMagick	55.0	png
documents	office_irs_f1040sa_p01_page1.png	turbo	420	55	model_proj	37.222	82.180	1.0039	ImageMagick	55.0	png
documents	office_irs_f1040sa_p01_page1.png	turbo	420	75	identity_off	37.287	80.667	1.1130	ImageMagick	75.0	png
documents	office_irs_f1040sa_p01_page1.png	turbo	420	75	model_policy	40.489	86.659	0.7391	ImageMagick	75.0	png
documents	office_irs_f1040sa_p01_page1.png	turbo	420	75	model_proj	40.951	87.780	0.6547	ImageMagick	75.0	png
documents	office_irs_f1040sa_p01_page1.png	turbo	420	90	identity_off	44.223	90.169	0.5565	ImageMagick	90.0	png
documents	office_irs_f1040sa_p01_page1.png	turbo	420	90	model_policy	47.055	92.563	0.3721	ImageMagick	90.0	png
documents	office_irs_f1040sa_p01_page1.png	turbo	420	90	model_proj	47.493	92.722	0.3360	ImageMagick	90.0	png
art-scans	haeckel_0007_cephalopods.png	turbo	420	15	identity_off	28.869	41.427	3.2134	Unknown	15.0	png
art-scans	haeckel_0007_cephalopods.png	turbo	420	15	model_policy	29.475	46.863	3.2181	Unknown	15.0	png
art-scans	haeckel_0007_cephalopods.png	turbo	420	15	model_proj	29.475	46.863	3.2181	Unknown	15.0	png
art-scans	haeckel_0007_cephalopods.png	turbo	420	35	identity_off	31.682	66.571	1.8340	ImageMagick	35.0	png
art-scans	haeckel_0007_cephalopods.png	turbo	420	35	model_policy	32.201	68.402	1.7764	ImageMagick	35.0	png
art-scans	haeckel_0007_cephalopods.png	turbo	420	35	model_proj	32.202	68.449	1.7760	ImageMagick	35.0	png
art-scans	haeckel_0007_cephalopods.png	turbo	420	55	identity_off	33.127	73.510	1.3768	ImageMagick	55.0	png
art-scans	haeckel_0007_cephalopods.png	turbo	420	55	model_policy	33.556	74.779	1.3239	ImageMagick	55.0	png
art-scans	haeckel_0007_cephalopods.png	turbo	420	55	model_proj	33.556	74.756	1.3233	ImageMagick	55.0	png
art-scans	haeckel_0007_cephalopods.png	turbo	420	75	identity_off	35.118	80.300	1.0313	ImageMagick	75.0	png
art-scans	haeckel_0007_cephalopods.png	turbo	420	75	model_policy	35.445	81.011	1.0076	ImageMagick	75.0	png
art-scans	haeckel_0007_cephalopods.png	turbo	420	75	model_proj	35.450	81.054	0.9998	ImageMagick	75.0	png
art-scans	haeckel_0007_cephalopods.png	turbo	420	90	identity_off	38.744	86.764	0.7430	ImageMagick	90.0	png
art-scans	haeckel_0007_cephalopods.png	turbo	420	90	model_policy	38.874	86.914	0.7336	ImageMagick	90.0	png
art-scans	haeckel_0007_cephalopods.png	turbo	420	90	model_proj	38.957	87.153	0.6764	ImageMagick	90.0	png
art-scans	haeckel_0034_radiolaria-green.png	turbo	420	15	identity_off	23.682	40.788	3.4490	Unknown	15.0	png
art-scans	haeckel_0034_radiolaria-green.png	turbo	420	15	model_policy	24.728	45.323	3.1555	Unknown	15.0	png
art-scans	haeckel_0034_radiolaria-green.png	turbo	420	15	model_proj	24.728	45.322	3.1555	Unknown	15.0	png
art-scans	haeckel_0034_radiolaria-green.png	turbo	420	35	identity_off	26.359	64.069	2.1906	ImageMagick	35.0	png
art-scans	haeckel_0034_radiolaria-green.png	turbo	420	35	model_policy	27.338	66.614	2.0537	ImageMagick	35.0	png
art-scans	haeckel_0034_radiolaria-green.png	turbo	420	35	model_proj	27.339	66.614	2.0537	ImageMagick	35.0	png
art-scans	haeckel_0034_radiolaria-green.png	turbo	420	55	identity_off	27.879	71.514	1.7713	ImageMagick	55.0	png
art-scans	haeckel_0034_radiolaria-green.png	turbo	420	55	model_policy	28.736	73.033	1.7068	ImageMagick	55.0	png
art-scans	haeckel_0034_radiolaria-green.png	turbo	420	55	model_proj	28.741	73.042	1.7058	ImageMagick	55.0	png
art-scans	haeckel_0034_radiolaria-green.png	turbo	420	75	identity_off	30.033	78.715	1.2940	ImageMagick	75.0	png
art-scans	haeckel_0034_radiolaria-green.png	turbo	420	75	model_policy	30.632	79.396	1.2646	ImageMagick	75.0	png
art-scans	haeckel_0034_radiolaria-green.png	turbo	420	75	model_proj	30.665	79.510	1.2614	ImageMagick	75.0	png
art-scans	haeckel_0034_radiolaria-green.png	turbo	420	90	identity_off	33.273	86.325	0.7754	ImageMagick	90.0	png
art-scans	haeckel_0034_radiolaria-green.png	turbo	420	90	model_policy	33.438	86.420	0.7609	ImageMagick	90.0	png
art-scans	haeckel_0034_radiolaria-green.png	turbo	420	90	model_proj	33.781	86.928	0.7437	ImageMagick	90.0	png
art-scans	haeckel_0040_starfish.png	turbo	420	15	identity_off	22.370	13.914	5.5461	Unknown	15.0	png
art-scans	haeckel_0040_starfish.png	turbo	420	15	model_policy	22.847	17.747	5.2369	Unknown	15.0	png
art-scans	haeckel_0040_starfish.png	turbo	420	15	model_proj	22.847	17.744	5.2369	Unknown	15.0	png
art-scans	haeckel_0040_starfish.png	turbo	420	35	identity_off	24.278	40.157	3.9368	ImageMagick	35.0	png
art-scans	haeckel_0040_starfish.png	turbo	420	35	model_policy	24.660	42.439	3.8035	ImageMagick	35.0	png
art-scans	haeckel_0040_starfish.png	turbo	420	35	model_proj	24.664	42.511	3.7981	ImageMagick	35.0	png
art-scans	haeckel_0040_starfish.png	turbo	420	55	identity_off	25.867	52.579	3.1368	ImageMagick	55.0	png
art-scans	haeckel_0040_starfish.png	turbo	420	55	model_policy	26.181	54.302	3.0036	ImageMagick	55.0	png
art-scans	haeckel_0040_starfish.png	turbo	420	55	model_proj	26.191	54.508	2.9876	ImageMagick	55.0	png
art-scans	haeckel_0040_starfish.png	turbo	420	75	identity_off	28.211	66.653	2.2413	ImageMagick	75.0	png
art-scans	haeckel_0040_starfish.png	turbo	420	75	model_policy	28.393	67.409	2.1759	ImageMagick	75.0	png
art-scans	haeckel_0040_starfish.png	turbo	420	75	model_proj	28.428	67.786	2.1578	ImageMagick	75.0	png
art-scans	haeckel_0040_starfish.png	turbo	420	90	identity_off	30.820	78.166	1.4562	ImageMagick	90.0	png
art-scans	haeckel_0040_starfish.png	turbo	420	90	model_policy	30.855	78.348	1.4426	ImageMagick	90.0	png
art-scans	haeckel_0040_starfish.png	turbo	420	90	model_proj	31.202	79.609	1.3549	ImageMagick	90.0	png
art-scans	haeckel_0047_trilobites.png	turbo	420	15	identity_off	26.320	32.104	2.2281	Unknown	15.0	png
art-scans	haeckel_0047_trilobites.png	turbo	420	15	model_policy	26.532	31.934	2.2311	Unknown	15.0	png
art-scans	haeckel_0047_trilobites.png	turbo	420	15	model_proj	26.532	31.936	2.2311	Unknown	15.0	png
art-scans	haeckel_0047_trilobites.png	turbo	420	35	identity_off	27.993	59.054	1.4573	ImageMagick	35.0	png
art-scans	haeckel_0047_trilobites.png	turbo	420	35	model_policy	28.246	59.679	1.4134	ImageMagick	35.0	png
art-scans	haeckel_0047_trilobites.png	turbo	420	35	model_proj	28.246	59.678	1.4134	ImageMagick	35.0	png
art-scans	haeckel_0047_trilobites.png	turbo	420	55	identity_off	29.216	66.554	1.1759	ImageMagick	55.0	png
art-scans	haeckel_0047_trilobites.png	turbo	420	55	model_policy	29.406	66.443	1.1514	ImageMagick	55.0	png
art-scans	haeckel_0047_trilobites.png	turbo	420	55	model_proj	29.411	67.815	1.1494	ImageMagick	55.0	png
art-scans	haeckel_0047_trilobites.png	turbo	420	75	identity_off	31.327	77.176	0.8641	ImageMagick	75.0	png
art-scans	haeckel_0047_trilobites.png	turbo	420	75	model_policy	31.399	75.044	0.8581	ImageMagick	75.0	png
art-scans	haeckel_0047_trilobites.png	turbo	420	75	model_proj	31.408	77.100	0.8540	ImageMagick	75.0	png
art-scans	haeckel_0047_trilobites.png	turbo	420	90	identity_off	34.529	86.832	0.5705	ImageMagick	90.0	png
art-scans	haeckel_0047_trilobites.png	turbo	420	90	model_policy	34.434	83.489	0.5790	ImageMagick	90.0	png
art-scans	haeckel_0047_trilobites.png	turbo	420	90	model_proj	34.652	86.873	0.5475	ImageMagick	90.0	png
art-scans	haeckel_0058_moths.png	turbo	420	15	identity_off	22.106	37.450	2.7448	Unknown	15.0	png
art-scans	haeckel_0058_moths.png	turbo	420	15	model_policy	22.460	39.277	2.7059	Unknown	15.0	png
art-scans	haeckel_0058_moths.png	turbo	420	15	model_proj	22.460	39.275	2.7059	Unknown	15.0	png
art-scans	haeckel_0058_moths.png	turbo	420	35	identity_off	24.151	59.591	1.7448	ImageMagick	35.0	png
art-scans	haeckel_0058_moths.png	turbo	420	35	model_policy	24.394	60.655	1.7142	ImageMagick	35.0	png
art-scans	haeckel_0058_moths.png	turbo	420	35	model_proj	24.394	60.662	1.7142	ImageMagick	35.0	png
art-scans	haeckel_0058_moths.png	turbo	420	55	identity_off	25.652	69.177	1.3577	ImageMagick	55.0	png
art-scans	haeckel_0058_moths.png	turbo	420	55	model_policy	25.832	69.838	1.3461	ImageMagick	55.0	png
art-scans	haeckel_0058_moths.png	turbo	420	55	model_proj	25.834	69.857	1.3448	ImageMagick	55.0	png
art-scans	haeckel_0058_moths.png	turbo	420	75	identity_off	27.900	77.736	1.0407	ImageMagick	75.0	png
art-scans	haeckel_0058_moths.png	turbo	420	75	model_policy	27.941	77.985	1.0460	ImageMagick	75.0	png
art-scans	haeckel_0058_moths.png	turbo	420	75	model_proj	27.947	78.002	1.0428	ImageMagick	75.0	png
art-scans	haeckel_0058_moths.png	turbo	420	90	identity_off	30.624	85.903	0.7708	ImageMagick	90.0	png
art-scans	haeckel_0058_moths.png	turbo	420	90	model_policy	30.535	85.849	0.7825	ImageMagick	90.0	png
art-scans	haeckel_0058_moths.png	turbo	420	90	model_proj	30.841	86.515	0.7173	ImageMagick	90.0	png
art-scans	haeckel_0062_pitcher-plants.png	turbo	420	15	identity_off	25.444	32.489	3.4106	Unknown	15.0	png
art-scans	haeckel_0062_pitcher-plants.png	turbo	420	15	model_policy	25.923	32.400	4.4367	Unknown	15.0	png
art-scans	haeckel_0062_pitcher-plants.png	turbo	420	15	model_proj	25.924	32.465	4.3691	Unknown	15.0	png
art-scans	haeckel_0062_pitcher-plants.png	turbo	420	35	identity_off	27.665	61.061	2.0905	ImageMagick	35.0	png
art-scans	haeckel_0062_pitcher-plants.png	turbo	420	35	model_policy	28.018	61.886	2.0222	ImageMagick	35.0	png
art-scans	haeckel_0062_pitcher-plants.png	turbo	420	35	model_proj	28.019	61.916	2.0167	ImageMagick	35.0	png
art-scans	haeckel_0062_pitcher-plants.png	turbo	420	55	identity_off	28.999	69.687	1.7275	ImageMagick	55.0	png
art-scans	haeckel_0062_pitcher-plants.png	turbo	420	55	model_policy	29.314	70.138	1.6827	ImageMagick	55.0	png
art-scans	haeckel_0062_pitcher-plants.png	turbo	420	55	model_proj	29.316	70.154	1.6830	ImageMagick	55.0	png
art-scans	haeckel_0062_pitcher-plants.png	turbo	420	75	identity_off	31.011	77.858	1.2459	ImageMagick	75.0	png
art-scans	haeckel_0062_pitcher-plants.png	turbo	420	75	model_policy	31.226	77.935	1.2294	ImageMagick	75.0	png
art-scans	haeckel_0062_pitcher-plants.png	turbo	420	75	model_proj	31.238	77.997	1.2214	ImageMagick	75.0	png
art-scans	haeckel_0062_pitcher-plants.png	turbo	420	90	identity_off	34.414	86.035	0.8029	ImageMagick	90.0	png
art-scans	haeckel_0062_pitcher-plants.png	turbo	420	90	model_policy	34.410	85.973	0.7907	ImageMagick	90.0	png
art-scans	haeckel_0062_pitcher-plants.png	turbo	420	90	model_proj	34.540	86.328	0.7637	ImageMagick	90.0	png
art-scans	haeckel_0065_red-algae.png	turbo	420	15	identity_off	22.152	6.284	5.2576	Unknown	15.0	png
art-scans	haeckel_0065_red-algae.png	turbo	420	15	model_policy	22.589	9.375	4.7791	Unknown	15.0	png
art-scans	haeckel_0065_red-algae.png	turbo	420	15	model_proj	22.589	9.374	4.7791	Unknown	15.0	png
art-scans	haeckel_0065_red-algae.png	turbo	420	35	identity_off	23.995	37.083	3.7421	ImageMagick	35.0	png
art-scans	haeckel_0065_red-algae.png	turbo	420	35	model_policy	24.355	38.784	3.5462	ImageMagick	35.0	png
art-scans	haeckel_0065_red-algae.png	turbo	420	35	model_proj	24.360	38.824	3.5353	ImageMagick	35.0	png
art-scans	haeckel_0065_red-algae.png	turbo	420	55	identity_off	25.243	49.385	3.1132	ImageMagick	55.0	png
art-scans	haeckel_0065_red-algae.png	turbo	420	55	model_policy	25.571	50.424	2.9813	ImageMagick	55.0	png
art-scans	haeckel_0065_red-algae.png	turbo	420	55	model_proj	25.585	50.565	2.9605	ImageMagick	55.0	png
art-scans	haeckel_0065_red-algae.png	turbo	420	75	identity_off	27.024	62.666	2.3203	ImageMagick	75.0	png
art-scans	haeckel_0065_red-algae.png	turbo	420	75	model_policy	27.296	63.069	2.2274	ImageMagick	75.0	png
art-scans	haeckel_0065_red-algae.png	turbo	420	75	model_proj	27.352	63.490	2.1788	ImageMagick	75.0	png
art-scans	haeckel_0065_red-algae.png	turbo	420	90	identity_off	29.062	74.958	1.6558	ImageMagick	90.0	png
art-scans	haeckel_0065_red-algae.png	turbo	420	90	model_policy	29.269	74.961	1.6098	ImageMagick	90.0	png
art-scans	haeckel_0065_red-algae.png	turbo	420	90	model_proj	29.759	76.614	1.4337	ImageMagick	90.0	png
art-scans	haeckel_0090_radiolaria-spheres.png	turbo	420	15	identity_off	26.712	22.901	2.3447	Unknown	15.0	png
art-scans	haeckel_0090_radiolaria-spheres.png	turbo	420	15	model_policy	26.856	25.406	2.3385	Unknown	15.0	png
art-scans	haeckel_0090_radiolaria-spheres.png	turbo	420	15	model_proj	26.856	25.406	2.3385	Unknown	15.0	png
art-scans	haeckel_0090_radiolaria-spheres.png	turbo	420	35	identity_off	29.259	56.621	1.4770	ImageMagick	35.0	png
art-scans	haeckel_0090_radiolaria-spheres.png	turbo	420	35	model_policy	29.457	57.982	1.4546	ImageMagick	35.0	png
art-scans	haeckel_0090_radiolaria-spheres.png	turbo	420	35	model_proj	29.457	58.016	1.4543	ImageMagick	35.0	png
art-scans	haeckel_0090_radiolaria-spheres.png	turbo	420	55	identity_off	30.700	65.241	1.1668	ImageMagick	55.0	png
art-scans	haeckel_0090_radiolaria-spheres.png	turbo	420	55	model_policy	30.844	66.564	1.1548	ImageMagick	55.0	png
art-scans	haeckel_0090_radiolaria-spheres.png	turbo	420	55	model_proj	30.847	67.349	1.1541	ImageMagick	55.0	png
art-scans	haeckel_0090_radiolaria-spheres.png	turbo	420	75	identity_off	32.698	76.694	0.8804	ImageMagick	75.0	png
art-scans	haeckel_0090_radiolaria-spheres.png	turbo	420	75	model_policy	32.758	76.406	0.8851	ImageMagick	75.0	png
art-scans	haeckel_0090_radiolaria-spheres.png	turbo	420	75	model_proj	32.766	77.197	0.8833	ImageMagick	75.0	png
art-scans	haeckel_0090_radiolaria-spheres.png	turbo	420	90	identity_off	35.833	86.445	0.6089	ImageMagick	90.0	png
art-scans	haeckel_0090_radiolaria-spheres.png	turbo	420	90	model_policy	35.717	85.073	0.6277	ImageMagick	90.0	png
art-scans	haeckel_0090_radiolaria-spheres.png	turbo	420	90	model_proj	35.888	86.640	0.6044	ImageMagick	90.0	png
maps	nps_nps-bibe-2023-Wild-and-Scenic-Rivers-Brochure_p01.png	turbo	420	15	identity_off	27.457	31.256	3.1409	Unknown	15.0	png
maps	nps_nps-bibe-2023-Wild-and-Scenic-Rivers-Brochure_p01.png	turbo	420	15	model_policy	29.933	44.155	2.7916	Unknown	15.0	png
maps	nps_nps-bibe-2023-Wild-and-Scenic-Rivers-Brochure_p01.png	turbo	420	15	model_proj	29.933	44.155	2.7916	Unknown	15.0	png
maps	nps_nps-bibe-2023-Wild-and-Scenic-Rivers-Brochure_p01.png	turbo	420	35	identity_off	30.533	57.784	2.0490	ImageMagick	35.0	png
maps	nps_nps-bibe-2023-Wild-and-Scenic-Rivers-Brochure_p01.png	turbo	420	35	model_policy	33.326	66.387	1.6252	ImageMagick	35.0	png
maps	nps_nps-bibe-2023-Wild-and-Scenic-Rivers-Brochure_p01.png	turbo	420	35	model_proj	33.327	66.397	1.6251	ImageMagick	35.0	png
maps	nps_nps-bibe-2023-Wild-and-Scenic-Rivers-Brochure_p01.png	turbo	420	55	identity_off	32.499	67.709	1.7216	ImageMagick	55.0	png
maps	nps_nps-bibe-2023-Wild-and-Scenic-Rivers-Brochure_p01.png	turbo	420	55	model_policy	35.243	73.952	1.3390	ImageMagick	55.0	png
maps	nps_nps-bibe-2023-Wild-and-Scenic-Rivers-Brochure_p01.png	turbo	420	55	model_proj	35.243	73.913	1.3391	ImageMagick	55.0	png
maps	nps_nps-bibe-2023-Wild-and-Scenic-Rivers-Brochure_p01.png	turbo	420	75	identity_off	35.323	74.594	1.3190	ImageMagick	75.0	png
maps	nps_nps-bibe-2023-Wild-and-Scenic-Rivers-Brochure_p01.png	turbo	420	75	model_policy	38.004	79.902	1.0165	ImageMagick	75.0	png
maps	nps_nps-bibe-2023-Wild-and-Scenic-Rivers-Brochure_p01.png	turbo	420	75	model_proj	38.004	79.825	1.0165	ImageMagick	75.0	png
maps	nps_nps-bibe-2023-Wild-and-Scenic-Rivers-Brochure_p01.png	turbo	420	90	identity_off	40.048	83.738	0.7952	ImageMagick	90.0	png
maps	nps_nps-bibe-2023-Wild-and-Scenic-Rivers-Brochure_p01.png	turbo	420	90	model_policy	42.368	86.699	0.6853	ImageMagick	90.0	png
maps	nps_nps-bibe-2023-Wild-and-Scenic-Rivers-Brochure_p01.png	turbo	420	90	model_proj	42.409	87.029	0.6815	ImageMagick	90.0	png
maps	nps_nps-bibe-2023-Wild-and-Scenic-Rivers-Brochure_p02.png	turbo	420	15	identity_off	34.066	12.005	3.4370	Unknown	15.0	png
maps	nps_nps-bibe-2023-Wild-and-Scenic-Rivers-Brochure_p02.png	turbo	420	15	model_policy	34.956	34.067	3.1827	Unknown	15.0	png
maps	nps_nps-bibe-2023-Wild-and-Scenic-Rivers-Brochure_p02.png	turbo	420	15	model_proj	34.956	34.050	3.1826	Unknown	15.0	png
maps	nps_nps-bibe-2023-Wild-and-Scenic-Rivers-Brochure_p02.png	turbo	420	35	identity_off	38.003	55.010	1.7067	ImageMagick	35.0	png
maps	nps_nps-bibe-2023-Wild-and-Scenic-Rivers-Brochure_p02.png	turbo	420	35	model_policy	38.661	63.707	1.5632	ImageMagick	35.0	png
maps	nps_nps-bibe-2023-Wild-and-Scenic-Rivers-Brochure_p02.png	turbo	420	35	model_proj	38.662	63.762	1.5632	ImageMagick	35.0	png
maps	nps_nps-bibe-2023-Wild-and-Scenic-Rivers-Brochure_p02.png	turbo	420	55	identity_off	39.421	68.121	1.4309	ImageMagick	55.0	png
maps	nps_nps-bibe-2023-Wild-and-Scenic-Rivers-Brochure_p02.png	turbo	420	55	model_policy	40.168	72.607	1.3048	ImageMagick	55.0	png
maps	nps_nps-bibe-2023-Wild-and-Scenic-Rivers-Brochure_p02.png	turbo	420	55	model_proj	40.169	72.619	1.3041	ImageMagick	55.0	png
maps	nps_nps-bibe-2023-Wild-and-Scenic-Rivers-Brochure_p02.png	turbo	420	75	identity_off	42.153	78.563	0.9590	ImageMagick	75.0	png
maps	nps_nps-bibe-2023-Wild-and-Scenic-Rivers-Brochure_p02.png	turbo	420	75	model_policy	42.866	80.247	0.8649	ImageMagick	75.0	png
maps	nps_nps-bibe-2023-Wild-and-Scenic-Rivers-Brochure_p02.png	turbo	420	75	model_proj	42.857	80.270	0.8633	ImageMagick	75.0	png
maps	nps_nps-bibe-2023-Wild-and-Scenic-Rivers-Brochure_p02.png	turbo	420	90	identity_off	46.204	87.976	0.5878	ImageMagick	90.0	png
maps	nps_nps-bibe-2023-Wild-and-Scenic-Rivers-Brochure_p02.png	turbo	420	90	model_policy	46.895	88.502	0.4958	ImageMagick	90.0	png
maps	nps_nps-bibe-2023-Wild-and-Scenic-Rivers-Brochure_p02.png	turbo	420	90	model_proj	46.664	88.126	0.5123	ImageMagick	90.0	png
maps	nps_nps-biho-FINAL-VERSION_BIHO-unigrid_Side-1_X3_compressed-for-web-6_p01.png	turbo	420	15	identity_off	31.848	32.654	4.3344	Unknown	15.0	png
maps	nps_nps-biho-FINAL-VERSION_BIHO-unigrid_Side-1_X3_compressed-for-web-6_p01.png	turbo	420	15	model_policy	34.107	44.464	4.2695	Unknown	15.0	png
maps	nps_nps-biho-FINAL-VERSION_BIHO-unigrid_Side-1_X3_compressed-for-web-6_p01.png	turbo	420	15	model_proj	34.107	44.472	4.2695	Unknown	15.0	png
maps	nps_nps-biho-FINAL-VERSION_BIHO-unigrid_Side-1_X3_compressed-for-web-6_p01.png	turbo	420	35	identity_off	35.229	63.673	2.0642	ImageMagick	35.0	png
maps	nps_nps-biho-FINAL-VERSION_BIHO-unigrid_Side-1_X3_compressed-for-web-6_p01.png	turbo	420	35	model_policy	37.165	69.118	2.0467	ImageMagick	35.0	png
maps	nps_nps-biho-FINAL-VERSION_BIHO-unigrid_Side-1_X3_compressed-for-web-6_p01.png	turbo	420	35	model_proj	37.200	69.240	2.0456	ImageMagick	35.0	png
maps	nps_nps-biho-FINAL-VERSION_BIHO-unigrid_Side-1_X3_compressed-for-web-6_p01.png	turbo	420	55	identity_off	37.122	73.463	1.3011	ImageMagick	55.0	png
maps	nps_nps-biho-FINAL-VERSION_BIHO-unigrid_Side-1_X3_compressed-for-web-6_p01.png	turbo	420	55	model_policy	39.046	77.210	1.1403	ImageMagick	55.0	png
maps	nps_nps-biho-FINAL-VERSION_BIHO-unigrid_Side-1_X3_compressed-for-web-6_p01.png	turbo	420	55	model_proj	39.093	77.318	1.1345	ImageMagick	55.0	png
maps	nps_nps-biho-FINAL-VERSION_BIHO-unigrid_Side-1_X3_compressed-for-web-6_p01.png	turbo	420	75	identity_off	39.285	80.661	1.0379	ImageMagick	75.0	png
maps	nps_nps-biho-FINAL-VERSION_BIHO-unigrid_Side-1_X3_compressed-for-web-6_p01.png	turbo	420	75	model_policy	41.034	83.143	0.8861	ImageMagick	75.0	png
maps	nps_nps-biho-FINAL-VERSION_BIHO-unigrid_Side-1_X3_compressed-for-web-6_p01.png	turbo	420	75	model_proj	41.155	83.387	0.8656	ImageMagick	75.0	png
maps	nps_nps-biho-FINAL-VERSION_BIHO-unigrid_Side-1_X3_compressed-for-web-6_p01.png	turbo	420	90	identity_off	42.277	88.219	0.6993	ImageMagick	90.0	png
maps	nps_nps-biho-FINAL-VERSION_BIHO-unigrid_Side-1_X3_compressed-for-web-6_p01.png	turbo	420	90	model_policy	43.415	88.701	1.2548	ImageMagick	90.0	png
maps	nps_nps-biho-FINAL-VERSION_BIHO-unigrid_Side-1_X3_compressed-for-web-6_p01.png	turbo	420	90	model_proj	43.880	89.012	0.6849	ImageMagick	90.0	png
maps	nps_nps-blca-Black_Canyon_unigrid_2023_508_web_p01.png	turbo	420	15	identity_off	32.382	22.040	5.5570	Unknown	15.0	png
maps	nps_nps-blca-Black_Canyon_unigrid_2023_508_web_p01.png	turbo	420	15	model_policy	34.547	43.272	5.1748	Unknown	15.0	png
maps	nps_nps-blca-Black_Canyon_unigrid_2023_508_web_p01.png	turbo	420	15	model_proj	34.547	43.280	5.1748	Unknown	15.0	png
maps	nps_nps-blca-Black_Canyon_unigrid_2023_508_web_p01.png	turbo	420	35	identity_off	36.241	60.039	2.5922	ImageMagick	35.0	png
maps	nps_nps-blca-Black_Canyon_unigrid_2023_508_web_p01.png	turbo	420	35	model_policy	38.349	71.119	3.7194	ImageMagick	35.0	png
maps	nps_nps-blca-Black_Canyon_unigrid_2023_508_web_p01.png	turbo	420	35	model_proj	38.350	71.119	3.7163	ImageMagick	35.0	png
maps	nps_nps-blca-Black_Canyon_unigrid_2023_508_web_p01.png	turbo	420	55	identity_off	38.677	70.421	1.7484	ImageMagick	55.0	png
maps	nps_nps-blca-Black_Canyon_unigrid_2023_508_web_p01.png	turbo	420	55	model_policy	41.633	77.933	1.6028	ImageMagick	55.0	png
maps	nps_nps-blca-Black_Canyon_unigrid_2023_508_web_p01.png	turbo	420	55	model_proj	41.635	77.932	1.6016	ImageMagick	55.0	png
maps	nps_nps-blca-Black_Canyon_unigrid_2023_508_web_p01.png	turbo	420	75	identity_off	41.663	79.128	1.3984	ImageMagick	75.0	png
maps	nps_nps-blca-Black_Canyon_unigrid_2023_508_web_p01.png	turbo	420	75	model_policy	43.670	82.916	1.8718	ImageMagick	75.0	png
maps	nps_nps-blca-Black_Canyon_unigrid_2023_508_web_p01.png	turbo	420	75	model_proj	43.964	83.012	1.5611	ImageMagick	75.0	png
maps	nps_nps-blca-Black_Canyon_unigrid_2023_508_web_p01.png	turbo	420	90	identity_off	46.571	85.695	0.7483	ImageMagick	90.0	png
maps	nps_nps-blca-Black_Canyon_unigrid_2023_508_web_p01.png	turbo	420	90	model_policy	47.177	86.886	1.7299	ImageMagick	90.0	png
maps	nps_nps-blca-Black_Canyon_unigrid_2023_508_web_p01.png	turbo	420	90	model_proj	48.397	87.839	0.7215	ImageMagick	90.0	png
maps	nps_nps-blca-Black_Canyon_unigrid_2023_508_web_p02.png	turbo	420	15	identity_off	31.372	23.651	3.7764	Unknown	15.0	png
maps	nps_nps-blca-Black_Canyon_unigrid_2023_508_web_p02.png	turbo	420	15	model_policy	33.762	43.631	3.1765	Unknown	15.0	png
maps	nps_nps-blca-Black_Canyon_unigrid_2023_508_web_p02.png	turbo	420	15	model_proj	33.762	43.620	3.1766	Unknown	15.0	png
maps	nps_nps-blca-Black_Canyon_unigrid_2023_508_web_p02.png	turbo	420	35	identity_off	34.459	56.680	1.9119	ImageMagick	35.0	png
maps	nps_nps-blca-Black_Canyon_unigrid_2023_508_web_p02.png	turbo	420	35	model_policy	36.680	66.363	1.6394	ImageMagick	35.0	png
maps	nps_nps-blca-Black_Canyon_unigrid_2023_508_web_p02.png	turbo	420	35	model_proj	36.680	66.396	1.6393	ImageMagick	35.0	png
maps	nps_nps-blca-Black_Canyon_unigrid_2023_508_web_p02.png	turbo	420	55	identity_off	36.190	66.940	1.7325	ImageMagick	55.0	png
maps	nps_nps-blca-Black_Canyon_unigrid_2023_508_web_p02.png	turbo	420	55	model_policy	38.449	73.032	1.5041	ImageMagick	55.0	png
maps	nps_nps-blca-Black_Canyon_unigrid_2023_508_web_p02.png	turbo	420	55	model_proj	38.452	73.094	1.4863	ImageMagick	55.0	png
maps	nps_nps-blca-Black_Canyon_unigrid_2023_508_web_p02.png	turbo	420	75	identity_off	38.935	75.203	1.1859	ImageMagick	75.0	png
maps	nps_nps-blca-Black_Canyon_unigrid_2023_508_web_p02.png	turbo	420	75	model_policy	41.142	79.101	1.0412	ImageMagick	75.0	png
maps	nps_nps-blca-Black_Canyon_unigrid_2023_508_web_p02.png	turbo	420	75	model_proj	41.273	79.425	0.9916	ImageMagick	75.0	png
maps	nps_nps-blca-Black_Canyon_unigrid_2023_508_web_p02.png	turbo	420	90	identity_off	43.089	84.933	0.7518	ImageMagick	90.0	png
maps	nps_nps-blca-Black_Canyon_unigrid_2023_508_web_p02.png	turbo	420	90	model_policy	44.620	86.886	0.8637	ImageMagick	90.0	png
maps	nps_nps-blca-Black_Canyon_unigrid_2023_508_web_p02.png	turbo	420	90	model_proj	44.954	86.819	0.7795	ImageMagick	90.0	png
maps	nps_nps-cany-ISKY-Backcountry-Zone-Map-Final-508_p01.png	turbo	420	15	identity_off	28.858	33.193	3.1374	Unknown	15.0	png
maps	nps_nps-cany-ISKY-Backcountry-Zone-Map-Final-508_p01.png	turbo	420	15	model_policy	30.354	44.966	2.7173	Unknown	15.0	png
maps	nps_nps-cany-ISKY-Backcountry-Zone-Map-Final-508_p01.png	turbo	420	15	model_proj	30.354	44.966	2.7173	Unknown	15.0	png
maps	nps_nps-cany-ISKY-Backcountry-Zone-Map-Final-508_p01.png	turbo	420	35	identity_off	31.990	63.006	1.7852	ImageMagick	35.0	png
maps	nps_nps-cany-ISKY-Backcountry-Zone-Map-Final-508_p01.png	turbo	420	35	model_policy	33.645	69.094	1.4625	ImageMagick	35.0	png
maps	nps_nps-cany-ISKY-Backcountry-Zone-Map-Final-508_p01.png	turbo	420	35	model_proj	33.650	69.149	1.4591	ImageMagick	35.0	png
maps	nps_nps-cany-ISKY-Backcountry-Zone-Map-Final-508_p01.png	turbo	420	55	identity_off	33.467	71.424	1.3897	ImageMagick	55.0	png
maps	nps_nps-cany-ISKY-Backcountry-Zone-Map-Final-508_p01.png	turbo	420	55	model_policy	35.016	75.624	1.1597	ImageMagick	55.0	png
maps	nps_nps-cany-ISKY-Backcountry-Zone-Map-Final-508_p01.png	turbo	420	55	model_proj	35.023	75.664	1.1548	ImageMagick	55.0	png
maps	nps_nps-cany-ISKY-Backcountry-Zone-Map-Final-508_p01.png	turbo	420	75	identity_off	35.387	79.337	1.0449	ImageMagick	75.0	png
maps	nps_nps-cany-ISKY-Backcountry-Zone-Map-Final-508_p01.png	turbo	420	75	model_policy	36.754	82.382	0.8622	ImageMagick	75.0	png
maps	nps_nps-cany-ISKY-Backcountry-Zone-Map-Final-508_p01.png	turbo	420	75	model_proj	36.771	82.363	0.8539	ImageMagick	75.0	png
maps	nps_nps-cany-ISKY-Backcountry-Zone-Map-Final-508_p01.png	turbo	420	90	identity_off	38.740	87.315	0.6411	ImageMagick	90.0	png
maps	nps_nps-cany-ISKY-Backcountry-Zone-Map-Final-508_p01.png	turbo	420	90	model_policy	39.660	88.639	0.5512	ImageMagick	90.0	png
maps	nps_nps-cany-ISKY-Backcountry-Zone-Map-Final-508_p01.png	turbo	420	90	model_proj	39.701	88.457	0.5480	ImageMagick	90.0	png
maps	nps_nps-cany-IslandRoadsandTrailsUpdated24-508forweb_p01.png	turbo	420	15	identity_off	29.067	58.810	2.8306	Unknown	15.0	png
maps	nps_nps-cany-IslandRoadsandTrailsUpdated24-508forweb_p01.png	turbo	420	15	model_policy	31.958	67.414	2.3876	Unknown	15.0	png
maps	nps_nps-cany-IslandRoadsandTrailsUpdated24-508forweb_p01.png	turbo	420	15	model_proj	31.959	67.408	2.3875	Unknown	15.0	png
maps	nps_nps-cany-IslandRoadsandTrailsUpdated24-508forweb_p01.png	turbo	420	35	identity_off	32.356	70.758	1.7503	ImageMagick	35.0	png
maps	nps_nps-cany-IslandRoadsandTrailsUpdated24-508forweb_p01.png	turbo	420	35	model_policy	35.500	78.040	1.2448	ImageMagick	35.0	png
maps	nps_nps-cany-IslandRoadsandTrailsUpdated24-508forweb_p01.png	turbo	420	35	model_proj	35.540	78.231	1.2304	ImageMagick	35.0	png
maps	nps_nps-cany-IslandRoadsandTrailsUpdated24-508forweb_p01.png	turbo	420	55	identity_off	34.272	69.096	2.5603	ImageMagick	55.0	png
maps	nps_nps-cany-IslandRoadsandTrailsUpdated24-508forweb_p01.png	turbo	420	55	model_policy	37.178	75.956	2.8026	ImageMagick	55.0	png
maps	nps_nps-cany-IslandRoadsandTrailsUpdated24-508forweb_p01.png	turbo	420	55	model_proj	37.245	76.146	2.8018	ImageMagick	55.0	png
maps	nps_nps-cany-IslandRoadsandTrailsUpdated24-508forweb_p01.png	turbo	420	75	identity_off	37.632	79.688	1.0999	ImageMagick	75.0	png
maps	nps_nps-cany-IslandRoadsandTrailsUpdated24-508forweb_p01.png	turbo	420	75	model_policy	40.690	84.711	0.7837	ImageMagick	75.0	png
maps	nps_nps-cany-IslandRoadsandTrailsUpdated24-508forweb_p01.png	turbo	420	75	model_proj	40.793	85.004	0.7731	ImageMagick	75.0	png
maps	nps_nps-cany-IslandRoadsandTrailsUpdated24-508forweb_p01.png	turbo	420	90	identity_off	43.742	87.214	0.6631	ImageMagick	90.0	png
maps	nps_nps-cany-IslandRoadsandTrailsUpdated24-508forweb_p01.png	turbo	420	90	model_policy	46.373	89.537	0.5217	ImageMagick	90.0	png
maps	nps_nps-cany-IslandRoadsandTrailsUpdated24-508forweb_p01.png	turbo	420	90	model_proj	46.635	89.806	0.5139	ImageMagick	90.0	png
maps	nps_nps-cany-IslandRoadsandTrailsUpdated24-508forweb_p02.png	turbo	420	15	identity_off	29.780	63.736	2.6300	Unknown	15.0	png
maps	nps_nps-cany-IslandRoadsandTrailsUpdated24-508forweb_p02.png	turbo	420	15	model_policy	32.990	73.263	1.8994	Unknown	15.0	png
maps	nps_nps-cany-IslandRoadsandTrailsUpdated24-508forweb_p02.png	turbo	420	15	model_proj	32.990	73.278	1.8993	Unknown	15.0	png
maps	nps_nps-cany-IslandRoadsandTrailsUpdated24-508forweb_p02.png	turbo	420	35	identity_off	33.025	71.752	1.7268	ImageMagick	35.0	png
maps	nps_nps-cany-IslandRoadsandTrailsUpdated24-508forweb_p02.png	turbo	420	35	model_policy	36.340	80.074	1.1876	ImageMagick	35.0	png
maps	nps_nps-cany-IslandRoadsandTrailsUpdated24-508forweb_p02.png	turbo	420	35	model_proj	36.435	80.845	1.1236	ImageMagick	35.0	png
maps	nps_nps-cany-IslandRoadsandTrailsUpdated24-508forweb_p02.png	turbo	420	55	identity_off	35.380	77.071	1.3545	ImageMagick	55.0	png
maps	nps_nps-cany-IslandRoadsandTrailsUpdated24-508forweb_p02.png	turbo	420	55	model_policy	38.611	83.720	0.9254	ImageMagick	55.0	png
maps	nps_nps-cany-IslandRoadsandTrailsUpdated24-508forweb_p02.png	turbo	420	55	model_proj	38.790	84.643	0.8398	ImageMagick	55.0	png
maps	nps_nps-cany-IslandRoadsandTrailsUpdated24-508forweb_p02.png	turbo	420	75	identity_off	39.001	82.904	0.9940	ImageMagick	75.0	png
maps	nps_nps-cany-IslandRoadsandTrailsUpdated24-508forweb_p02.png	turbo	420	75	model_policy	42.154	87.532	0.6637	ImageMagick	75.0	png
maps	nps_nps-cany-IslandRoadsandTrailsUpdated24-508forweb_p02.png	turbo	420	75	model_proj	42.382	88.378	0.5814	ImageMagick	75.0	png
maps	nps_nps-cany-IslandRoadsandTrailsUpdated24-508forweb_p02.png	turbo	420	90	identity_off	45.711	89.605	0.5072	ImageMagick	90.0	png
maps	nps_nps-cany-IslandRoadsandTrailsUpdated24-508forweb_p02.png	turbo	420	90	model_policy	48.421	91.567	0.3387	ImageMagick	90.0	png
maps	nps_nps-cany-IslandRoadsandTrailsUpdated24-508forweb_p02.png	turbo	420	90	model_proj	48.829	91.935	0.2976	ImageMagick	90.0	png
renders	a-chosen-soul-MOIGsaj8te0-unsplash__pristine3x.png	turbo	420	15	identity_off	32.850	27.640	2.5760	Unknown	15.0	png
renders	a-chosen-soul-MOIGsaj8te0-unsplash__pristine3x.png	turbo	420	15	model_policy	34.754	46.225	2.1825	Unknown	15.0	png
renders	a-chosen-soul-MOIGsaj8te0-unsplash__pristine3x.png	turbo	420	15	model_proj	34.754	46.222	2.1825	Unknown	15.0	png
renders	a-chosen-soul-MOIGsaj8te0-unsplash__pristine3x.png	turbo	420	35	identity_off	36.180	59.305	1.6147	ImageMagick	35.0	png
renders	a-chosen-soul-MOIGsaj8te0-unsplash__pristine3x.png	turbo	420	35	model_policy	38.089	68.454	1.3752	ImageMagick	35.0	png
renders	a-chosen-soul-MOIGsaj8te0-unsplash__pristine3x.png	turbo	420	35	model_proj	38.093	68.466	1.3749	ImageMagick	35.0	png
renders	a-chosen-soul-MOIGsaj8te0-unsplash__pristine3x.png	turbo	420	55	identity_off	38.016	67.665	1.2500	ImageMagick	55.0	png
renders	a-chosen-soul-MOIGsaj8te0-unsplash__pristine3x.png	turbo	420	55	model_policy	39.781	73.811	1.0224	ImageMagick	55.0	png
renders	a-chosen-soul-MOIGsaj8te0-unsplash__pristine3x.png	turbo	420	55	model_proj	39.835	74.772	1.0212	ImageMagick	55.0	png
renders	a-chosen-soul-MOIGsaj8te0-unsplash__pristine3x.png	turbo	420	75	identity_off	40.351	78.112	0.9558	ImageMagick	75.0	png
renders	a-chosen-soul-MOIGsaj8te0-unsplash__pristine3x.png	turbo	420	75	model_policy	41.697	79.142	0.7977	ImageMagick	75.0	png
renders	a-chosen-soul-MOIGsaj8te0-unsplash__pristine3x.png	turbo	420	75	model_proj	41.732	80.081	0.7967	ImageMagick	75.0	png
renders	a-chosen-soul-MOIGsaj8te0-unsplash__pristine3x.png	turbo	420	90	identity_off	43.599	87.303	0.6103	ImageMagick	90.0	png
renders	a-chosen-soul-MOIGsaj8te0-unsplash__pristine3x.png	turbo	420	90	model_policy	44.448	85.860	0.5364	ImageMagick	90.0	png
renders	a-chosen-soul-MOIGsaj8te0-unsplash__pristine3x.png	turbo	420	90	model_proj	44.552	86.976	0.5339	ImageMagick	90.0	png
renders	anton-sobotyak-g7aYFxxNTVA-unsplash__pristine3x.png	turbo	420	15	identity_off	34.548	18.924	3.0052	Unknown	15.0	png
renders	anton-sobotyak-g7aYFxxNTVA-unsplash__pristine3x.png	turbo	420	15	model_policy	37.096	51.228	2.1553	Unknown	15.0	png
renders	anton-sobotyak-g7aYFxxNTVA-unsplash__pristine3x.png	turbo	420	15	model_proj	37.096	51.228	2.1553	Unknown	15.0	png
renders	anton-sobotyak-g7aYFxxNTVA-unsplash__pristine3x.png	turbo	420	35	identity_off	38.748	53.750	1.8050	ImageMagick	35.0	png
renders	anton-sobotyak-g7aYFxxNTVA-unsplash__pristine3x.png	turbo	420	35	model_policy	41.010	68.577	1.3046	ImageMagick	35.0	png
renders	anton-sobotyak-g7aYFxxNTVA-unsplash__pristine3x.png	turbo	420	35	model_proj	41.024	68.614	1.3092	ImageMagick	35.0	png
renders	anton-sobotyak-g7aYFxxNTVA-unsplash__pristine3x.png	turbo	420	55	identity_off	40.647	64.767	1.5122	ImageMagick	55.0	png
renders	anton-sobotyak-g7aYFxxNTVA-unsplash__pristine3x.png	turbo	420	55	model_policy	42.215	71.764	1.1733	ImageMagick	55.0	png
renders	anton-sobotyak-g7aYFxxNTVA-unsplash__pristine3x.png	turbo	420	55	model_proj	42.259	72.291	1.1726	ImageMagick	55.0	png
renders	anton-sobotyak-g7aYFxxNTVA-unsplash__pristine3x.png	turbo	420	75	identity_off	44.064	76.073	1.1164	ImageMagick	75.0	png
renders	anton-sobotyak-g7aYFxxNTVA-unsplash__pristine3x.png	turbo	420	75	model_policy	45.084	78.000	0.8725	ImageMagick	75.0	png
renders	anton-sobotyak-g7aYFxxNTVA-unsplash__pristine3x.png	turbo	420	75	model_proj	45.127	78.529	0.8736	ImageMagick	75.0	png
renders	anton-sobotyak-g7aYFxxNTVA-unsplash__pristine3x.png	turbo	420	90	identity_off	48.912	87.168	0.6052	ImageMagick	90.0	png
renders	anton-sobotyak-g7aYFxxNTVA-unsplash__pristine3x.png	turbo	420	90	model_policy	48.715	85.704	0.4870	ImageMagick	90.0	png
renders	anton-sobotyak-g7aYFxxNTVA-unsplash__pristine3x.png	turbo	420	90	model_proj	48.928	87.316	0.4839	ImageMagick	90.0	png
renders	itsiken-pmYoy3WaFPU-unsplash__pristine3x.png	turbo	420	15	identity_off	28.796	4.986	2.7162	Unknown	15.0	png
renders	itsiken-pmYoy3WaFPU-unsplash__pristine3x.png	turbo	420	15	model_policy	29.676	14.503	2.5285	Unknown	15.0	png
renders	itsiken-pmYoy3WaFPU-unsplash__pristine3x.png	turbo	420	15	model_proj	29.676	14.503	2.5285	Unknown	15.0	png
renders	itsiken-pmYoy3WaFPU-unsplash__pristine3x.png	turbo	420	35	identity_off	31.348	47.388	1.8290	ImageMagick	35.0	png
renders	itsiken-pmYoy3WaFPU-unsplash__pristine3x.png	turbo	420	35	model_policy	32.259	52.008	1.6543	ImageMagick	35.0	png
renders	itsiken-pmYoy3WaFPU-unsplash__pristine3x.png	turbo	420	35	model_proj	32.259	52.007	1.6543	ImageMagick	35.0	png
renders	itsiken-pmYoy3WaFPU-unsplash__pristine3x.png	turbo	420	55	identity_off	32.736	59.502	1.5060	ImageMagick	55.0	png
renders	itsiken-pmYoy3WaFPU-unsplash__pristine3x.png	turbo	420	55	model_policy	33.572	62.324	1.3588	ImageMagick	55.0	png
renders	itsiken-pmYoy3WaFPU-unsplash__pristine3x.png	turbo	420	55	model_proj	33.573	62.651	1.3587	ImageMagick	55.0	png
renders	itsiken-pmYoy3WaFPU-unsplash__pristine3x.png	turbo	420	75	identity_off	34.711	71.661	1.1550	ImageMagick	75.0	png
renders	itsiken-pmYoy3WaFPU-unsplash__pristine3x.png	turbo	420	75	model_policy	35.369	73.162	1.0551	ImageMagick	75.0	png
renders	itsiken-pmYoy3WaFPU-unsplash__pristine3x.png	turbo	420	75	model_proj	35.371	73.398	1.0548	ImageMagick	75.0	png
renders	itsiken-pmYoy3WaFPU-unsplash__pristine3x.png	turbo	420	90	identity_off	38.101	82.186	0.7150	ImageMagick	90.0	png
renders	itsiken-pmYoy3WaFPU-unsplash__pristine3x.png	turbo	420	90	model_policy	38.410	82.768	0.6868	ImageMagick	90.0	png
renders	itsiken-pmYoy3WaFPU-unsplash__pristine3x.png	turbo	420	90	model_proj	38.426	82.985	0.6856	ImageMagick	90.0	png
renders	logan-voss-YM9B8FkeO3w-unsplash__pristine3x.png	turbo	420	15	identity_off	20.127	29.631	3.9258	Unknown	15.0	png
renders	logan-voss-YM9B8FkeO3w-unsplash__pristine3x.png	turbo	420	15	model_policy	21.457	36.459	3.5097	Unknown	15.0	png
renders	logan-voss-YM9B8FkeO3w-unsplash__pristine3x.png	turbo	420	15	model_proj	21.457	36.461	3.5098	Unknown	15.0	png
renders	logan-voss-YM9B8FkeO3w-unsplash__pristine3x.png	turbo	420	35	identity_off	22.440	51.013	2.4664	ImageMagick	35.0	png
renders	logan-voss-YM9B8FkeO3w-unsplash__pristine3x.png	turbo	420	35	model_policy	24.024	56.912	2.1196	ImageMagick	35.0	png
renders	logan-voss-YM9B8FkeO3w-unsplash__pristine3x.png	turbo	420	35	model_proj	24.025	56.917	2.1193	ImageMagick	35.0	png
renders	logan-voss-YM9B8FkeO3w-unsplash__pristine3x.png	turbo	420	55	identity_off	23.957	59.847	1.9487	ImageMagick	55.0	png
renders	logan-voss-YM9B8FkeO3w-unsplash__pristine3x.png	turbo	420	55	model_policy	25.674	64.543	1.6074	ImageMagick	55.0	png
renders	logan-voss-YM9B8FkeO3w-unsplash__pristine3x.png	turbo	420	55	model_proj	25.676	64.549	1.6070	ImageMagick	55.0	png
renders	logan-voss-YM9B8FkeO3w-unsplash__pristine3x.png	turbo	420	75	identity_off	26.055	69.661	1.4810	ImageMagick	75.0	png
renders	logan-voss-YM9B8FkeO3w-unsplash__pristine3x.png	turbo	420	75	model_policy	27.806	73.866	1.1666	ImageMagick	75.0	png
renders	logan-voss-YM9B8FkeO3w-unsplash__pristine3x.png	turbo	420	75	model_proj	27.812	73.941	1.1654	ImageMagick	75.0	png
renders	logan-voss-YM9B8FkeO3w-unsplash__pristine3x.png	turbo	420	90	identity_off	28.939	81.235	0.9835	ImageMagick	90.0	png
renders	logan-voss-YM9B8FkeO3w-unsplash__pristine3x.png	turbo	420	90	model_policy	30.331	82.665	0.8106	ImageMagick	90.0	png
renders	logan-voss-YM9B8FkeO3w-unsplash__pristine3x.png	turbo	420	90	model_proj	30.431	82.903	0.7767	ImageMagick	90.0	png
renders	logan-voss-z_e_ZrFty00-unsplash__pristine3x.png	turbo	420	15	identity_off	26.669	44.153	2.8762	Unknown	15.0	png
renders	logan-voss-z_e_ZrFty00-unsplash__pristine3x.png	turbo	420	15	model_policy	27.935	49.040	2.6251	Unknown	15.0	png
renders	logan-voss-z_e_ZrFty00-unsplash__pristine3x.png	turbo	420	15	model_proj	27.935	49.043	2.6251	Unknown	15.0	png
renders	logan-voss-z_e_ZrFty00-unsplash__pristine3x.png	turbo	420	35	identity_off	29.984	68.717	1.8001	ImageMagick	35.0	png
renders	logan-voss-z_e_ZrFty00-unsplash__pristine3x.png	turbo	420	35	model_policy	31.298	70.951	1.5963	ImageMagick	35.0	png
renders	logan-voss-z_e_ZrFty00-unsplash__pristine3x.png	turbo	420	35	model_proj	31.298	70.936	1.5963	ImageMagick	35.0	png
renders	logan-voss-z_e_ZrFty00-unsplash__pristine3x.png	turbo	420	55	identity_off	32.220	76.727	1.4630	ImageMagick	55.0	png
renders	logan-voss-z_e_ZrFty00-unsplash__pristine3x.png	turbo	420	55	model_policy	33.438	78.255	1.2813	ImageMagick	55.0	png
renders	logan-voss-z_e_ZrFty00-unsplash__pristine3x.png	turbo	420	55	model_proj	33.438	78.254	1.2813	ImageMagick	55.0	png
renders	logan-voss-z_e_ZrFty00-unsplash__pristine3x.png	turbo	420	75	identity_off	35.478	83.711	1.0133	ImageMagick	75.0	png
renders	logan-voss-z_e_ZrFty00-unsplash__pristine3x.png	turbo	420	75	model_policy	36.355	84.400	0.9062	ImageMagick	75.0	png
renders	logan-voss-z_e_ZrFty00-unsplash__pristine3x.png	turbo	420	75	model_proj	36.355	84.402	0.9061	ImageMagick	75.0	png
renders	logan-voss-z_e_ZrFty00-unsplash__pristine3x.png	turbo	420	90	identity_off	41.224	90.556	0.5630	ImageMagick	90.0	png
renders	logan-voss-z_e_ZrFty00-unsplash__pristine3x.png	turbo	420	90	model_policy	41.566	90.491	0.5333	ImageMagick	90.0	png
renders	logan-voss-z_e_ZrFty00-unsplash__pristine3x.png	turbo	420	90	model_proj	41.569	90.426	0.5309	ImageMagick	90.0	png
renders	luthfi-alfarizi-wOrzBPhY654-unsplash__pristine3x.png	turbo	420	15	identity_off	28.855	8.273	2.8772	Unknown	15.0	png
renders	luthfi-alfarizi-wOrzBPhY654-unsplash__pristine3x.png	turbo	420	15	model_policy	29.949	23.457	2.6846	Unknown	15.0	png
renders	luthfi-alfarizi-wOrzBPhY654-unsplash__pristine3x.png	turbo	420	15	model_proj	29.949	23.457	2.6846	Unknown	15.0	png
renders	luthfi-alfarizi-wOrzBPhY654-unsplash__pristine3x.png	turbo	420	35	identity_off	31.340	47.505	1.9519	ImageMagick	35.0	png
renders	luthfi-alfarizi-wOrzBPhY654-unsplash__pristine3x.png	turbo	420	35	model_policy	32.323	53.222	1.6789	ImageMagick	35.0	png
renders	luthfi-alfarizi-wOrzBPhY654-unsplash__pristine3x.png	turbo	420	35	model_proj	32.323	53.224	1.6789	ImageMagick	35.0	png
renders	luthfi-alfarizi-wOrzBPhY654-unsplash__pristine3x.png	turbo	420	55	identity_off	32.568	60.380	1.5444	ImageMagick	55.0	png
renders	luthfi-alfarizi-wOrzBPhY654-unsplash__pristine3x.png	turbo	420	55	model_policy	33.445	63.753	1.3784	ImageMagick	55.0	png
renders	luthfi-alfarizi-wOrzBPhY654-unsplash__pristine3x.png	turbo	420	55	model_proj	33.445	63.752	1.3782	ImageMagick	55.0	png
renders	luthfi-alfarizi-wOrzBPhY654-unsplash__pristine3x.png	turbo	420	75	identity_off	34.026	71.039	1.1879	ImageMagick	75.0	png
renders	luthfi-alfarizi-wOrzBPhY654-unsplash__pristine3x.png	turbo	420	75	model_policy	34.695	73.136	1.0410	ImageMagick	75.0	png
renders	luthfi-alfarizi-wOrzBPhY654-unsplash__pristine3x.png	turbo	420	75	model_proj	34.698	73.146	1.0406	ImageMagick	75.0	png
renders	luthfi-alfarizi-wOrzBPhY654-unsplash__pristine3x.png	turbo	420	90	identity_off	36.328	81.496	0.8190	ImageMagick	90.0	png
renders	luthfi-alfarizi-wOrzBPhY654-unsplash__pristine3x.png	turbo	420	90	model_policy	36.657	82.393	0.7505	ImageMagick	90.0	png
renders	luthfi-alfarizi-wOrzBPhY654-unsplash__pristine3x.png	turbo	420	90	model_proj	36.685	82.575	0.7345	ImageMagick	90.0	png
renders	marek-pavlik-FOzwxaGkA1o-unsplash__pristine3x.png	turbo	420	15	identity_off	28.574	1.543	3.3123	Unknown	15.0	png
renders	marek-pavlik-FOzwxaGkA1o-unsplash__pristine3x.png	turbo	420	15	model_policy	29.406	20.522	3.0096	Unknown	15.0	png
renders	marek-pavlik-FOzwxaGkA1o-unsplash__pristine3x.png	turbo	420	15	model_proj	29.406	20.529	3.0096	Unknown	15.0	png
renders	marek-pavlik-FOzwxaGkA1o-unsplash__pristine3x.png	turbo	420	35	identity_off	30.205	46.933	2.1068	ImageMagick	35.0	png
renders	marek-pavlik-FOzwxaGkA1o-unsplash__pristine3x.png	turbo	420	35	model_policy	30.743	51.348	1.9851	ImageMagick	35.0	png
renders	marek-pavlik-FOzwxaGkA1o-unsplash__pristine3x.png	turbo	420	35	model_proj	30.744	51.338	1.9850	ImageMagick	35.0	png
renders	marek-pavlik-FOzwxaGkA1o-unsplash__pristine3x.png	turbo	420	55	identity_off	30.962	60.672	1.7476	ImageMagick	55.0	png
renders	marek-pavlik-FOzwxaGkA1o-unsplash__pristine3x.png	turbo	420	55	model_policy	31.408	62.716	1.6771	ImageMagick	55.0	png
renders	marek-pavlik-FOzwxaGkA1o-unsplash__pristine3x.png	turbo	420	55	model_proj	31.408	62.709	1.6762	ImageMagick	55.0	png
renders	marek-pavlik-FOzwxaGkA1o-unsplash__pristine3x.png	turbo	420	75	identity_off	31.866	72.497	1.3532	ImageMagick	75.0	png
renders	marek-pavlik-FOzwxaGkA1o-unsplash__pristine3x.png	turbo	420	75	model_policy	32.196	73.191	1.3085	ImageMagick	75.0	png
renders	marek-pavlik-FOzwxaGkA1o-unsplash__pristine3x.png	turbo	420	75	model_proj	32.200	73.185	1.3023	ImageMagick	75.0	png
renders	marek-pavlik-FOzwxaGkA1o-unsplash__pristine3x.png	turbo	420	90	identity_off	33.799	83.083	0.9343	ImageMagick	90.0	png
renders	marek-pavlik-FOzwxaGkA1o-unsplash__pristine3x.png	turbo	420	90	model_policy	33.914	83.212	0.9232	ImageMagick	90.0	png
renders	marek-pavlik-FOzwxaGkA1o-unsplash__pristine3x.png	turbo	420	90	model_proj	33.942	83.151	0.9067	ImageMagick	90.0	png
renders	matt-str-L5BTvO8eEyQ-unsplash__pristine3x.png	turbo	420	15	identity_off	27.747	12.421	3.3306	Unknown	15.0	png
renders	matt-str-L5BTvO8eEyQ-unsplash__pristine3x.png	turbo	420	15	model_policy	28.888	33.046	3.0627	Unknown	15.0	png
renders	matt-str-L5BTvO8eEyQ-unsplash__pristine3x.png	turbo	420	15	model_proj	28.888	33.048	3.0627	Unknown	15.0	png
renders	matt-str-L5BTvO8eEyQ-unsplash__pristine3x.png	turbo	420	35	identity_off	29.919	55.686	2.0980	ImageMagick	35.0	png
renders	matt-str-L5BTvO8eEyQ-unsplash__pristine3x.png	turbo	420	35	model_policy	30.939	64.639	1.7598	ImageMagick	35.0	png
renders	matt-str-L5BTvO8eEyQ-unsplash__pristine3x.png	turbo	420	35	model_proj	30.946	64.756	1.7549	ImageMagick	35.0	png
renders	matt-str-L5BTvO8eEyQ-unsplash__pristine3x.png	turbo	420	55	identity_off	31.021	64.449	1.6883	ImageMagick	55.0	png
renders	matt-str-L5BTvO8eEyQ-unsplash__pristine3x.png	turbo	420	55	model_policy	31.930	69.336	1.4597	ImageMagick	55.0	png
renders	matt-str-L5BTvO8eEyQ-unsplash__pristine3x.png	turbo	420	55	model_proj	31.955	69.915	1.4449	ImageMagick	55.0	png
renders	matt-str-L5BTvO8eEyQ-unsplash__pristine3x.png	turbo	420	75	identity_off	32.527	72.593	1.3006	ImageMagick	75.0	png
renders	matt-str-L5BTvO8eEyQ-unsplash__pristine3x.png	turbo	420	75	model_policy	33.336	75.682	1.0906	ImageMagick	75.0	png
renders	matt-str-L5BTvO8eEyQ-unsplash__pristine3x.png	turbo	420	75	model_proj	33.369	76.020	1.0795	ImageMagick	75.0	png
renders	matt-str-L5BTvO8eEyQ-unsplash__pristine3x.png	turbo	420	90	identity_off	34.322	81.774	0.8072	ImageMagick	90.0	png
renders	matt-str-L5BTvO8eEyQ-unsplash__pristine3x.png	turbo	420	90	model_policy	34.800	82.988	0.7044	ImageMagick	90.0	png
renders	matt-str-L5BTvO8eEyQ-unsplash__pristine3x.png	turbo	420	90	model_proj	34.856	83.219	0.7070	ImageMagick	90.0	png
textures	anca-gabriela-zosin-bMOnYbmQxHA-unsplash__pristine3x.png	turbo	420	15	identity_off	30.350	24.072	4.8367	Unknown	15.0	png
textures	anca-gabriela-zosin-bMOnYbmQxHA-unsplash__pristine3x.png	turbo	420	15	model_policy	33.160	45.074	3.6897	Unknown	15.0	png
textures	anca-gabriela-zosin-bMOnYbmQxHA-unsplash__pristine3x.png	turbo	420	15	model_proj	33.160	45.077	3.6897	Unknown	15.0	png
textures	anca-gabriela-zosin-bMOnYbmQxHA-unsplash__pristine3x.png	turbo	420	35	identity_off	33.066	54.471	2.7348	ImageMagick	35.0	png
textures	anca-gabriela-zosin-bMOnYbmQxHA-unsplash__pristine3x.png	turbo	420	35	model_policy	36.256	67.796	1.7595	ImageMagick	35.0	png
textures	anca-gabriela-zosin-bMOnYbmQxHA-unsplash__pristine3x.png	turbo	420	35	model_proj	36.261	67.814	1.7546	ImageMagick	35.0	png
textures	anca-gabriela-zosin-bMOnYbmQxHA-unsplash__pristine3x.png	turbo	420	55	identity_off	34.395	69.225	2.0898	ImageMagick	55.0	png
textures	anca-gabriela-zosin-bMOnYbmQxHA-unsplash__pristine3x.png	turbo	420	55	model_policy	37.189	75.847	1.4099	ImageMagick	55.0	png
textures	anca-gabriela-zosin-bMOnYbmQxHA-unsplash__pristine3x.png	turbo	420	55	model_proj	37.198	75.841	1.4107	ImageMagick	55.0	png
textures	anca-gabriela-zosin-bMOnYbmQxHA-unsplash__pristine3x.png	turbo	420	75	identity_off	36.078	76.518	1.5859	ImageMagick	75.0	png
textures	anca-gabriela-zosin-bMOnYbmQxHA-unsplash__pristine3x.png	turbo	420	75	model_policy	38.479	80.335	1.1165	ImageMagick	75.0	png
textures	anca-gabriela-zosin-bMOnYbmQxHA-unsplash__pristine3x.png	turbo	420	75	model_proj	38.505	80.376	1.1099	ImageMagick	75.0	png
textures	anca-gabriela-zosin-bMOnYbmQxHA-unsplash__pristine3x.png	turbo	420	90	identity_off	38.204	84.058	1.1019	ImageMagick	90.0	png
textures	anca-gabriela-zosin-bMOnYbmQxHA-unsplash__pristine3x.png	turbo	420	90	model_policy	39.661	85.216	0.9093	ImageMagick	90.0	png
textures	anca-gabriela-zosin-bMOnYbmQxHA-unsplash__pristine3x.png	turbo	420	90	model_proj	39.808	85.639	0.8776	ImageMagick	90.0	png
textures	bernd-dittrich-3MdsHe3IIOk-unsplash__pristine3x.png	turbo	420	15	identity_off	21.538	21.765	3.3920	Unknown	15.0	png
textures	bernd-dittrich-3MdsHe3IIOk-unsplash__pristine3x.png	turbo	420	15	model_policy	21.901	23.689	3.4085	Unknown	15.0	png
textures	bernd-dittrich-3MdsHe3IIOk-unsplash__pristine3x.png	turbo	420	15	model_proj	21.901	23.689	3.4085	Unknown	15.0	png
textures	bernd-dittrich-3MdsHe3IIOk-unsplash__pristine3x.png	turbo	420	35	identity_off	23.501	48.350	2.2737	ImageMagick	35.0	png
textures	bernd-dittrich-3MdsHe3IIOk-unsplash__pristine3x.png	turbo	420	35	model_policy	23.903	50.212	2.2503	ImageMagick	35.0	png
textures	bernd-dittrich-3MdsHe3IIOk-unsplash__pristine3x.png	turbo	420	35	model_proj	23.908	50.263	2.2471	ImageMagick	35.0	png
textures	bernd-dittrich-3MdsHe3IIOk-unsplash__pristine3x.png	turbo	420	55	identity_off	24.867	57.947	1.7907	ImageMagick	55.0	png
textures	bernd-dittrich-3MdsHe3IIOk-unsplash__pristine3x.png	turbo	420	55	model_policy	25.233	59.823	1.7580	ImageMagick	55.0	png
textures	bernd-dittrich-3MdsHe3IIOk-unsplash__pristine3x.png	turbo	420	55	model_proj	25.261	60.089	1.7511	ImageMagick	55.0	png
textures	bernd-dittrich-3MdsHe3IIOk-unsplash__pristine3x.png	turbo	420	75	identity_off	26.958	67.590	1.2935	ImageMagick	75.0	png
textures	bernd-dittrich-3MdsHe3IIOk-unsplash__pristine3x.png	turbo	420	75	model_policy	27.266	69.343	1.2640	ImageMagick	75.0	png
textures	bernd-dittrich-3MdsHe3IIOk-unsplash__pristine3x.png	turbo	420	75	model_proj	27.338	69.443	1.2599	ImageMagick	75.0	png
textures	bernd-dittrich-3MdsHe3IIOk-unsplash__pristine3x.png	turbo	420	90	identity_off	30.325	78.562	0.7594	ImageMagick	90.0	png
textures	bernd-dittrich-3MdsHe3IIOk-unsplash__pristine3x.png	turbo	420	90	model_policy	30.605	79.751	0.7401	ImageMagick	90.0	png
textures	bernd-dittrich-3MdsHe3IIOk-unsplash__pristine3x.png	turbo	420	90	model_proj	30.732	79.984	0.7485	ImageMagick	90.0	png
textures	han-hyunjun-Zd1u_C1BF8A-unsplash__pristine3x.png	turbo	420	15	identity_off	31.033	38.318	2.6238	Unknown	15.0	png
textures	han-hyunjun-Zd1u_C1BF8A-unsplash__pristine3x.png	turbo	420	15	model_policy	32.521	52.172	2.2053	Unknown	15.0	png
textures	han-hyunjun-Zd1u_C1BF8A-unsplash__pristine3x.png	turbo	420	15	model_proj	32.521	52.172	2.2053	Unknown	15.0	png
textures	han-hyunjun-Zd1u_C1BF8A-unsplash__pristine3x.png	turbo	420	35	identity_off	34.802	64.062	1.6759	ImageMagick	35.0	png
textures	han-hyunjun-Zd1u_C1BF8A-unsplash__pristine3x.png	turbo	420	35	model_policy	36.139	72.087	1.3413	ImageMagick	35.0	png
textures	han-hyunjun-Zd1u_C1BF8A-unsplash__pristine3x.png	turbo	420	35	model_proj	36.140	72.089	1.3411	ImageMagick	35.0	png
textures	han-hyunjun-Zd1u_C1BF8A-unsplash__pristine3x.png	turbo	420	55	identity_off	36.620	72.578	1.3877	ImageMagick	55.0	png
textures	han-hyunjun-Zd1u_C1BF8A-unsplash__pristine3x.png	turbo	420	55	model_policy	37.732	77.426	1.0919	ImageMagick	55.0	png
textures	han-hyunjun-Zd1u_C1BF8A-unsplash__pristine3x.png	turbo	420	55	model_proj	37.732	77.420	1.0919	ImageMagick	55.0	png
textures	han-hyunjun-Zd1u_C1BF8A-unsplash__pristine3x.png	turbo	420	75	identity_off	39.150	80.310	0.9910	ImageMagick	75.0	png
textures	han-hyunjun-Zd1u_C1BF8A-unsplash__pristine3x.png	turbo	420	75	model_policy	40.053	83.258	0.7812	ImageMagick	75.0	png
textures	han-hyunjun-Zd1u_C1BF8A-unsplash__pristine3x.png	turbo	420	75	model_proj	40.056	83.288	0.7810	ImageMagick	75.0	png
textures	han-hyunjun-Zd1u_C1BF8A-unsplash__pristine3x.png	turbo	420	90	identity_off	42.881	88.471	0.5587	ImageMagick	90.0	png
textures	han-hyunjun-Zd1u_C1BF8A-unsplash__pristine3x.png	turbo	420	90	model_policy	43.351	89.378	0.4803	ImageMagick	90.0	png
textures	han-hyunjun-Zd1u_C1BF8A-unsplash__pristine3x.png	turbo	420	90	model_proj	43.359	89.457	0.4798	ImageMagick	90.0	png
textures	hwang-sanguk-k0TLJWRabXg-unsplash__pristine3x.png	turbo	420	15	identity_off	22.836	26.161	3.2120	Unknown	15.0	png
textures	hwang-sanguk-k0TLJWRabXg-unsplash__pristine3x.png	turbo	420	15	model_policy	23.145	28.114	3.1736	Unknown	15.0	png
textures	hwang-sanguk-k0TLJWRabXg-unsplash__pristine3x.png	turbo	420	15	model_proj	23.145	28.117	3.1736	Unknown	15.0	png
textures	hwang-sanguk-k0TLJWRabXg-unsplash__pristine3x.png	turbo	420	35	identity_off	24.875	53.768	2.1668	ImageMagick	35.0	png
textures	hwang-sanguk-k0TLJWRabXg-unsplash__pristine3x.png	turbo	420	35	model_policy	25.175	54.911	2.1313	ImageMagick	35.0	png
textures	hwang-sanguk-k0TLJWRabXg-unsplash__pristine3x.png	turbo	420	35	model_proj	25.175	54.921	2.1312	ImageMagick	35.0	png
textures	hwang-sanguk-k0TLJWRabXg-unsplash__pristine3x.png	turbo	420	55	identity_off	26.245	63.815	1.7705	ImageMagick	55.0	png
textures	hwang-sanguk-k0TLJWRabXg-unsplash__pristine3x.png	turbo	420	55	model_policy	26.475	64.544	1.7435	ImageMagick	55.0	png
textures	hwang-sanguk-k0TLJWRabXg-unsplash__pristine3x.png	turbo	420	55	model_proj	26.477	64.553	1.7431	ImageMagick	55.0	png
textures	hwang-sanguk-k0TLJWRabXg-unsplash__pristine3x.png	turbo	420	75	identity_off	28.460	73.276	1.3338	ImageMagick	75.0	png
textures	hwang-sanguk-k0TLJWRabXg-unsplash__pristine3x.png	turbo	420	75	model_policy	28.554	73.543	1.3236	ImageMagick	75.0	png
textures	hwang-sanguk-k0TLJWRabXg-unsplash__pristine3x.png	turbo	420	75	model_proj	28.565	73.609	1.3148	ImageMagick	75.0	png
textures	hwang-sanguk-k0TLJWRabXg-unsplash__pristine3x.png	turbo	420	90	identity_off	32.779	84.218	0.7576	ImageMagick	90.0	png
textures	hwang-sanguk-k0TLJWRabXg-unsplash__pristine3x.png	turbo	420	90	model_policy	32.827	84.443	0.7535	ImageMagick	90.0	png
textures	hwang-sanguk-k0TLJWRabXg-unsplash__pristine3x.png	turbo	420	90	model_proj	32.867	84.480	0.7179	ImageMagick	90.0	png
textures	logan-voss-BsFDgF4XTac-unsplash__pristine3x.png	turbo	420	15	identity_off	17.095	2.834	5.2856	Unknown	15.0	png
textures	logan-voss-BsFDgF4XTac-unsplash__pristine3x.png	turbo	420	15	model_policy	17.589	7.680	5.5766	Unknown	15.0	png
textures	logan-voss-BsFDgF4XTac-unsplash__pristine3x.png	turbo	420	15	model_proj	17.589	7.683	5.5766	Unknown	15.0	png
textures	logan-voss-BsFDgF4XTac-unsplash__pristine3x.png	turbo	420	35	identity_off	18.948	29.035	3.5219	ImageMagick	35.0	png
textures	logan-voss-BsFDgF4XTac-unsplash__pristine3x.png	turbo	420	35	model_policy	19.685	35.170	3.5221	ImageMagick	35.0	png
textures	logan-voss-BsFDgF4XTac-unsplash__pristine3x.png	turbo	420	35	model_proj	19.703	35.422	3.6028	ImageMagick	35.0	png
textures	logan-voss-BsFDgF4XTac-unsplash__pristine3x.png	turbo	420	55	identity_off	20.054	38.688	3.0165	ImageMagick	55.0	png
textures	logan-voss-BsFDgF4XTac-unsplash__pristine3x.png	turbo	420	55	model_policy	20.900	44.553	2.9539	ImageMagick	55.0	png
textures	logan-voss-BsFDgF4XTac-unsplash__pristine3x.png	turbo	420	55	model_proj	20.945	44.613	3.1129	ImageMagick	55.0	png
textures	logan-voss-BsFDgF4XTac-unsplash__pristine3x.png	turbo	420	75	identity_off	21.733	51.098	2.5858	ImageMagick	75.0	png
textures	logan-voss-BsFDgF4XTac-unsplash__pristine3x.png	turbo	420	75	model_policy	22.646	55.960	2.5212	ImageMagick	75.0	png
textures	logan-voss-BsFDgF4XTac-unsplash__pristine3x.png	turbo	420	75	model_proj	22.708	55.728	2.6783	ImageMagick	75.0	png
textures	logan-voss-BsFDgF4XTac-unsplash__pristine3x.png	turbo	420	90	identity_off	23.544	63.944	2.4355	ImageMagick	90.0	png
textures	logan-voss-BsFDgF4XTac-unsplash__pristine3x.png	turbo	420	90	model_policy	24.425	67.744	2.3244	ImageMagick	90.0	png
textures	logan-voss-BsFDgF4XTac-unsplash__pristine3x.png	turbo	420	90	model_proj	24.538	68.279	2.3776	ImageMagick	90.0	png
textures	nastia-petruk-FkM3BDS8F3E-unsplash__pristine3x.png	turbo	420	15	identity_off	30.295	20.814	2.6581	Unknown	15.0	png
textures	nastia-petruk-FkM3BDS8F3E-unsplash__pristine3x.png	turbo	420	15	model_policy	31.785	36.788	2.3728	Unknown	15.0	png
textures	nastia-petruk-FkM3BDS8F3E-unsplash__pristine3x.png	turbo	420	15	model_proj	31.785	36.788	2.3728	Unknown	15.0	png
textures	nastia-petruk-FkM3BDS8F3E-unsplash__pristine3x.png	turbo	420	35	identity_off	33.181	57.369	1.6379	ImageMagick	35.0	png
textures	nastia-petruk-FkM3BDS8F3E-unsplash__pristine3x.png	turbo	420	35	model_policy	34.406	62.098	1.5083	ImageMagick	35.0	png
textures	nastia-petruk-FkM3BDS8F3E-unsplash__pristine3x.png	turbo	420	35	model_proj	34.407	62.122	1.5083	ImageMagick	35.0	png
textures	nastia-petruk-FkM3BDS8F3E-unsplash__pristine3x.png	turbo	420	55	identity_off	34.384	66.127	1.3797	ImageMagick	55.0	png
textures	nastia-petruk-FkM3BDS8F3E-unsplash__pristine3x.png	turbo	420	55	model_policy	35.414	69.297	1.2666	ImageMagick	55.0	png
textures	nastia-petruk-FkM3BDS8F3E-unsplash__pristine3x.png	turbo	420	55	model_proj	35.415	69.306	1.2666	ImageMagick	55.0	png
textures	nastia-petruk-FkM3BDS8F3E-unsplash__pristine3x.png	turbo	420	75	identity_off	35.805	74.355	1.1035	ImageMagick	75.0	png
textures	nastia-petruk-FkM3BDS8F3E-unsplash__pristine3x.png	turbo	420	75	model_policy	36.542	75.142	1.0592	ImageMagick	75.0	png
textures	nastia-petruk-FkM3BDS8F3E-unsplash__pristine3x.png	turbo	420	75	model_proj	36.544	75.167	1.0591	ImageMagick	75.0	png
textures	nastia-petruk-FkM3BDS8F3E-unsplash__pristine3x.png	turbo	420	90	identity_off	38.229	83.416	0.8099	ImageMagick	90.0	png
textures	nastia-petruk-FkM3BDS8F3E-unsplash__pristine3x.png	turbo	420	90	model_policy	38.612	83.594	0.7940	ImageMagick	90.0	png
textures	nastia-petruk-FkM3BDS8F3E-unsplash__pristine3x.png	turbo	420	90	model_proj	38.626	83.735	0.7934	ImageMagick	90.0	png
textures	pawel-czerwinski-krA9zndPlrA-unsplash__pristine3x.png	turbo	420	15	identity_off	28.666	1.987	2.6960	Unknown	15.0	png
textures	pawel-czerwinski-krA9zndPlrA-unsplash__pristine3x.png	turbo	420	15	model_policy	29.762	12.287	2.4319	Unknown	15.0	png
textures	pawel-czerwinski-krA9zndPlrA-unsplash__pristine3x.png	turbo	420	15	model_proj	29.762	12.290	2.4319	Unknown	15.0	png
textures	pawel-czerwinski-krA9zndPlrA-unsplash__pristine3x.png	turbo	420	35	identity_off	31.263	45.684	1.7572	ImageMagick	35.0	png
textures	pawel-czerwinski-krA9zndPlrA-unsplash__pristine3x.png	turbo	420	35	model_policy	32.629	51.093	1.6122	ImageMagick	35.0	png
textures	pawel-czerwinski-krA9zndPlrA-unsplash__pristine3x.png	turbo	420	35	model_proj	32.644	51.208	1.6082	ImageMagick	35.0	png
textures	pawel-czerwinski-krA9zndPlrA-unsplash__pristine3x.png	turbo	420	55	identity_off	32.572	59.282	1.3971	ImageMagick	55.0	png
textures	pawel-czerwinski-krA9zndPlrA-unsplash__pristine3x.png	turbo	420	55	model_policy	34.060	61.912	1.2821	ImageMagick	55.0	png
textures	pawel-czerwinski-krA9zndPlrA-unsplash__pristine3x.png	turbo	420	55	model_proj	34.099	62.325	1.2736	ImageMagick	55.0	png
textures	pawel-czerwinski-krA9zndPlrA-unsplash__pristine3x.png	turbo	420	75	identity_off	34.111	70.892	1.0775	ImageMagick	75.0	png
textures	pawel-czerwinski-krA9zndPlrA-unsplash__pristine3x.png	turbo	420	75	model_policy	35.708	71.719	1.0139	ImageMagick	75.0	png
textures	pawel-czerwinski-krA9zndPlrA-unsplash__pristine3x.png	turbo	420	75	model_proj	35.785	72.624	0.9923	ImageMagick	75.0	png
textures	pawel-czerwinski-krA9zndPlrA-unsplash__pristine3x.png	turbo	420	90	identity_off	36.739	82.572	0.6700	ImageMagick	90.0	png
textures	pawel-czerwinski-krA9zndPlrA-unsplash__pristine3x.png	turbo	420	90	model_policy	38.223	82.356	0.6670	ImageMagick	90.0	png
textures	pawel-czerwinski-krA9zndPlrA-unsplash__pristine3x.png	turbo	420	90	model_proj	38.371	82.939	0.6376	ImageMagick	90.0	png
textures	teresa-xcheFHoppXE-unsplash__pristine3x.png	turbo	420	15	identity_off	27.915	12.672	3.1178	Unknown	15.0	png
textures	teresa-xcheFHoppXE-unsplash__pristine3x.png	turbo	420	15	model_policy	28.388	23.349	2.8958	Unknown	15.0	png
textures	teresa-xcheFHoppXE-unsplash__pristine3x.png	turbo	420	15	model_proj	28.388	23.347	2.8958	Unknown	15.0	png
textures	teresa-xcheFHoppXE-unsplash__pristine3x.png	turbo	420	35	identity_off	30.013	52.325	2.0116	ImageMagick	35.0	png
textures	teresa-xcheFHoppXE-unsplash__pristine3x.png	turbo	420	35	model_policy	30.534	56.651	1.8315	ImageMagick	35.0	png
textures	teresa-xcheFHoppXE-unsplash__pristine3x.png	turbo	420	35	model_proj	30.537	56.651	1.8224	ImageMagick	35.0	png
textures	teresa-xcheFHoppXE-unsplash__pristine3x.png	turbo	420	55	identity_off	31.123	64.731	1.6764	ImageMagick	55.0	png
textures	teresa-xcheFHoppXE-unsplash__pristine3x.png	turbo	420	55	model_policy	31.648	66.722	1.5130	ImageMagick	55.0	png
textures	teresa-xcheFHoppXE-unsplash__pristine3x.png	turbo	420	55	model_proj	31.659	66.641	1.4790	ImageMagick	55.0	png
textures	teresa-xcheFHoppXE-unsplash__pristine3x.png	turbo	420	75	identity_off	32.560	73.922	1.3345	ImageMagick	75.0	png
textures	teresa-xcheFHoppXE-unsplash__pristine3x.png	turbo	420	75	model_policy	33.078	74.936	1.2063	ImageMagick	75.0	png
textures	teresa-xcheFHoppXE-unsplash__pristine3x.png	turbo	420	75	model_proj	33.103	74.965	1.1486	ImageMagick	75.0	png
textures	teresa-xcheFHoppXE-unsplash__pristine3x.png	turbo	420	90	identity_off	35.246	83.879	0.8398	ImageMagick	90.0	png
textures	teresa-xcheFHoppXE-unsplash__pristine3x.png	turbo	420	90	model_policy	35.661	84.292	0.7767	ImageMagick	90.0	png
textures	teresa-xcheFHoppXE-unsplash__pristine3x.png	turbo	420	90	model_proj	35.703	84.213	0.7288	ImageMagick	90.0	png
