sub	file	encoder	ss	q	arm	psnr	ssim2	butter_n3	probe_family	probe_q
photos	20231206_150232.png	turbo	420	15	identity_off	23.240	25.578	3.6607	Unknown	15.0
photos	20231206_150232.png	turbo	420	15	model_policy	24.156	29.437	3.4164	Unknown	15.0
photos	20231206_150232.png	turbo	420	15	model_proj	24.161	29.474	3.4144	Unknown	15.0
photos	20231206_150232.png	turbo	420	35	identity_off	26.721	55.615	2.3028	ImageMagick	35.0
photos	20231206_150232.png	turbo	420	35	model_policy	27.758	59.028	2.0254	ImageMagick	35.0
photos	20231206_150232.png	turbo	420	35	model_proj	27.780	59.151	2.0214	ImageMagick	35.0
photos	20231206_150232.png	turbo	420	55	identity_off	28.774	65.380	1.8169	ImageMagick	55.0
photos	20231206_150232.png	turbo	420	55	model_policy	29.743	68.352	1.5600	ImageMagick	55.0
photos	20231206_150232.png	turbo	420	55	model_proj	29.772	68.668	1.5536	ImageMagick	55.0
photos	20231206_150232.png	turbo	420	75	identity_off	31.705	73.873	1.3164	ImageMagick	75.0
photos	20231206_150232.png	turbo	420	75	model_policy	32.449	76.144	1.1357	ImageMagick	75.0
photos	20231206_150232.png	turbo	420	75	model_proj	32.482	76.413	1.1278	ImageMagick	75.0
photos	20231206_150232.png	turbo	420	90	identity_off	36.800	84.133	0.7389	ImageMagick	90.0
photos	20231206_150232.png	turbo	420	90	model_policy	37.047	84.947	0.6787	ImageMagick	90.0
photos	20231206_150232.png	turbo	420	90	model_proj	37.140	85.894	0.6548	ImageMagick	90.0
photos	20231206_150232.png	turbo	444	15	identity_off	23.434	28.787	3.6157	Unknown	15.0
photos	20231206_150232.png	turbo	444	15	model_policy	24.430	32.821	3.3620	Unknown	15.0
photos	20231206_150232.png	turbo	444	15	model_proj	24.435	32.863	3.3597	Unknown	15.0
photos	20231206_150232.png	turbo	444	35	identity_off	26.985	58.411	2.2791	ImageMagick	35.0
photos	20231206_150232.png	turbo	444	35	model_policy	28.121	62.042	1.9914	ImageMagick	35.0
photos	20231206_150232.png	turbo	444	35	model_proj	28.142	62.149	1.9880	ImageMagick	35.0
photos	20231206_150232.png	turbo	444	55	identity_off	29.124	67.787	1.7927	ImageMagick	55.0
photos	20231206_150232.png	turbo	444	55	model_policy	30.207	70.973	1.5266	ImageMagick	55.0
photos	20231206_150232.png	turbo	444	55	model_proj	30.230	71.134	1.5234	ImageMagick	55.0
photos	20231206_150232.png	turbo	444	75	identity_off	32.221	76.069	1.2878	ImageMagick	75.0
photos	20231206_150232.png	turbo	444	75	model_policy	33.077	78.451	1.0974	ImageMagick	75.0
photos	20231206_150232.png	turbo	444	75	model_proj	33.098	78.595	1.0963	ImageMagick	75.0
photos	20231206_150232.png	turbo	444	90	identity_off	37.804	86.947	0.6993	ImageMagick	90.0
photos	20231206_150232.png	turbo	444	90	model_policy	38.065	87.511	0.6323	ImageMagick	90.0
photos	20231206_150232.png	turbo	444	90	model_proj	38.114	87.919	0.6297	ImageMagick	90.0
photos	20231206_150232.png	mozjpeg	420	15	identity_off	20.548	10.031	5.3106	Mozjpeg	15.0
photos	20231206_150232.png	mozjpeg	420	15	model_policy	21.284	13.317	5.1406	Mozjpeg	15.0
photos	20231206_150232.png	mozjpeg	420	15	model_proj	21.284	13.315	5.1406	Mozjpeg	15.0
photos	20231206_150232.png	mozjpeg	420	35	identity_off	23.884	44.758	3.4504	Mozjpeg	35.0
photos	20231206_150232.png	mozjpeg	420	35	model_policy	24.960	48.249	3.2054	Mozjpeg	35.0
photos	20231206_150232.png	mozjpeg	420	35	model_proj	24.968	48.376	3.1940	Mozjpeg	35.0
photos	20231206_150232.png	mozjpeg	420	55	identity_off	25.786	57.234	2.7281	Mozjpeg	55.0
photos	20231206_150232.png	mozjpeg	420	55	model_policy	26.920	60.560	2.4863	Mozjpeg	55.0
photos	20231206_150232.png	mozjpeg	420	55	model_proj	26.945	60.875	2.4262	Mozjpeg	55.0
photos	20231206_150232.png	mozjpeg	420	75	identity_off	28.422	68.269	1.9239	Mozjpeg	75.0
photos	20231206_150232.png	mozjpeg	420	75	model_policy	29.527	71.200	1.7089	Mozjpeg	75.0
photos	20231206_150232.png	mozjpeg	420	75	model_proj	29.571	71.776	1.6655	Mozjpeg	75.0
photos	20231206_150232.png	mozjpeg	420	90	identity_off	32.795	79.138	1.0617	Mozjpeg	90.0
photos	20231206_150232.png	mozjpeg	420	90	model_policy	33.633	81.069	0.9548	Mozjpeg	90.0
photos	20231206_150232.png	mozjpeg	420	90	model_proj	33.745	81.989	0.9099	Mozjpeg	90.0
photos	20231206_150232.png	mozjpeg	444	15	identity_off	20.641	12.392	5.2874	Mozjpeg	15.0
photos	20231206_150232.png	mozjpeg	444	15	model_policy	21.422	15.851	5.1066	Mozjpeg	15.0
photos	20231206_150232.png	mozjpeg	444	15	model_proj	21.423	15.852	5.1064	Mozjpeg	15.0
photos	20231206_150232.png	mozjpeg	444	35	identity_off	23.991	46.734	3.4205	Mozjpeg	35.0
photos	20231206_150232.png	mozjpeg	444	35	model_policy	25.122	50.406	3.1641	Mozjpeg	35.0
photos	20231206_150232.png	mozjpeg	444	35	model_proj	25.129	50.526	3.1522	Mozjpeg	35.0
photos	20231206_150232.png	mozjpeg	444	55	identity_off	25.909	58.928	2.7171	Mozjpeg	55.0
photos	20231206_150232.png	mozjpeg	444	55	model_policy	27.100	62.335	2.4679	Mozjpeg	55.0
photos	20231206_150232.png	mozjpeg	444	55	model_proj	27.125	62.662	2.4056	Mozjpeg	55.0
photos	20231206_150232.png	mozjpeg	444	75	identity_off	28.576	70.002	1.9092	Mozjpeg	75.0
photos	20231206_150232.png	mozjpeg	444	75	model_policy	29.738	72.944	1.6877	Mozjpeg	75.0
photos	20231206_150232.png	mozjpeg	444	75	model_proj	29.781	73.383	1.6450	Mozjpeg	75.0
photos	20231206_150232.png	mozjpeg	444	90	identity_off	33.077	81.071	1.0393	Mozjpeg	90.0
photos	20231206_150232.png	mozjpeg	444	90	model_policy	33.963	82.881	0.9300	Mozjpeg	90.0
photos	20231206_150232.png	mozjpeg	444	90	model_proj	34.066	83.403	0.8917	Mozjpeg	90.0
photos	20231206_150232.png	jpegli	420	15	identity_off	22.810	35.567	3.7596	CjpegliYcbcr	14.2
photos	20231206_150232.png	jpegli	420	15	model_policy	23.593	38.253	3.5883	CjpegliYcbcr	14.2
photos	20231206_150232.png	jpegli	420	15	model_proj	23.596	38.290	3.5860	CjpegliYcbcr	14.2
photos	20231206_150232.png	jpegli	420	35	identity_off	26.074	55.756	2.4020	CjpegliYcbcr	7.2
photos	20231206_150232.png	jpegli	420	35	model_policy	26.906	57.995	2.2043	CjpegliYcbcr	7.2
photos	20231206_150232.png	jpegli	420	35	model_proj	26.915	58.220	2.1969	CjpegliYcbcr	7.2
photos	20231206_150232.png	jpegli	420	55	identity_off	28.074	64.193	1.8500	CjpegliYcbcr	5.2
photos	20231206_150232.png	jpegli	420	55	model_policy	28.848	66.103	1.6919	CjpegliYcbcr	5.2
photos	20231206_150232.png	jpegli	420	55	model_proj	28.862	66.570	1.6824	CjpegliYcbcr	5.2
photos	20231206_150232.png	jpegli	420	75	identity_off	31.470	73.944	1.2474	CjpegliYcbcr	3.0
photos	20231206_150232.png	jpegli	420	75	model_policy	32.007	75.116	1.1557	CjpegliYcbcr	3.0
photos	20231206_150232.png	jpegli	420	75	model_proj	32.036	75.818	1.1334	CjpegliYcbcr	3.0
photos	20231206_150232.png	jpegli	420	90	identity_off	36.295	83.441	0.7390	CjpegliYcbcr	1.3
photos	20231206_150232.png	jpegli	420	90	model_policy	36.441	83.702	0.7166	CjpegliYcbcr	1.3
photos	20231206_150232.png	jpegli	420	90	model_proj	36.535	85.036	0.6644	CjpegliYcbcr	1.3
photos	20231206_150232.png	jpegli	444	15	identity_off	23.554	39.030	3.3380	CjpegliYcbcr	11.8
photos	20231206_150232.png	jpegli	444	15	model_policy	24.342	41.273	3.1493	CjpegliYcbcr	11.8
photos	20231206_150232.png	jpegli	444	15	model_proj	24.345	41.311	3.1467	CjpegliYcbcr	11.8
photos	20231206_150232.png	jpegli	444	35	identity_off	27.015	60.207	2.0859	CjpegliYcbcr	6.0
photos	20231206_150232.png	jpegli	444	35	model_policy	27.792	62.366	1.9113	CjpegliYcbcr	6.0
photos	20231206_150232.png	jpegli	444	35	model_proj	27.798	62.414	1.9085	CjpegliYcbcr	6.0
photos	20231206_150232.png	jpegli	444	55	identity_off	29.036	67.251	1.6118	CjpegliYcbcr	4.1
photos	20231206_150232.png	jpegli	444	55	model_policy	29.706	68.891	1.4787	CjpegliYcbcr	4.1
photos	20231206_150232.png	jpegli	444	55	model_proj	29.716	69.112	1.4737	CjpegliYcbcr	4.1
photos	20231206_150232.png	jpegli	444	75	identity_off	32.208	75.937	1.1078	CjpegliYcbcr	2.3
photos	20231206_150232.png	jpegli	444	75	model_policy	32.633	76.791	1.0317	CjpegliYcbcr	2.3
photos	20231206_150232.png	jpegli	444	75	model_proj	32.655	77.265	1.0224	CjpegliYcbcr	2.3
photos	20231206_150232.png	jpegli	444	90	identity_off	37.101	85.102	0.6215	CjpegliYcbcr	1.1
photos	20231206_150232.png	jpegli	444	90	model_policy	37.137	85.170	0.6058	CjpegliYcbcr	1.1
photos	20231206_150232.png	jpegli	444	90	model_proj	37.213	86.045	0.5871	CjpegliYcbcr	1.1
photos	20231206_150232.png	zenjpeg	420	15	identity_off	22.784	35.359	3.7686	CjpegliYcbcr	14.2
photos	20231206_150232.png	zenjpeg	420	15	model_policy	23.566	37.954	3.6001	CjpegliYcbcr	14.2
photos	20231206_150232.png	zenjpeg	420	15	model_proj	23.568	37.983	3.5978	CjpegliYcbcr	14.2
photos	20231206_150232.png	zenjpeg	420	35	identity_off	26.036	55.707	2.4226	CjpegliYcbcr	7.2
photos	20231206_150232.png	zenjpeg	420	35	model_policy	26.867	57.898	2.2383	CjpegliYcbcr	7.2
photos	20231206_150232.png	zenjpeg	420	35	model_proj	26.875	58.164	2.2296	CjpegliYcbcr	7.2
photos	20231206_150232.png	zenjpeg	420	55	identity_off	28.030	64.177	1.8589	CjpegliYcbcr	5.2
photos	20231206_150232.png	zenjpeg	420	55	model_policy	28.803	66.067	1.7016	CjpegliYcbcr	5.2
photos	20231206_150232.png	zenjpeg	420	55	model_proj	28.816	66.520	1.6924	CjpegliYcbcr	5.2
photos	20231206_150232.png	zenjpeg	420	75	identity_off	31.422	73.903	1.2521	CjpegliYcbcr	3.0
photos	20231206_150232.png	zenjpeg	420	75	model_policy	31.961	75.071	1.1599	CjpegliYcbcr	3.0
photos	20231206_150232.png	zenjpeg	420	75	model_proj	31.990	75.774	1.1396	CjpegliYcbcr	3.0
photos	20231206_150232.png	zenjpeg	420	90	identity_off	36.229	83.455	0.7377	CjpegliYcbcr	1.3
photos	20231206_150232.png	zenjpeg	420	90	model_policy	36.381	83.737	0.7132	CjpegliYcbcr	1.3
photos	20231206_150232.png	zenjpeg	420	90	model_proj	36.474	85.004	0.6674	CjpegliYcbcr	1.3
photos	20231206_150232.png	zenjpeg	444	15	identity_off	23.522	38.945	3.3420	CjpegliYcbcr	11.8
photos	20231206_150232.png	zenjpeg	444	15	model_policy	24.308	41.165	3.1549	CjpegliYcbcr	11.8
photos	20231206_150232.png	zenjpeg	444	15	model_proj	24.311	41.201	3.1527	CjpegliYcbcr	11.8
photos	20231206_150232.png	zenjpeg	444	35	identity_off	26.965	59.879	2.0983	CjpegliYcbcr	6.0
photos	20231206_150232.png	zenjpeg	444	35	model_policy	27.743	62.040	1.9211	CjpegliYcbcr	6.0
photos	20231206_150232.png	zenjpeg	444	35	model_proj	27.749	62.078	1.9176	CjpegliYcbcr	6.0
photos	20231206_150232.png	zenjpeg	444	55	identity_off	28.995	67.139	1.6196	CjpegliYcbcr	4.1
photos	20231206_150232.png	zenjpeg	444	55	model_policy	29.667	68.778	1.4855	CjpegliYcbcr	4.1
photos	20231206_150232.png	zenjpeg	444	55	model_proj	29.676	68.994	1.4802	CjpegliYcbcr	4.1
photos	20231206_150232.png	zenjpeg	444	75	identity_off	32.152	75.759	1.1178	CjpegliYcbcr	2.3
photos	20231206_150232.png	zenjpeg	444	75	model_policy	32.582	76.606	1.0398	CjpegliYcbcr	2.3
photos	20231206_150232.png	zenjpeg	444	75	model_proj	32.603	77.086	1.0305	CjpegliYcbcr	2.3
photos	20231206_150232.png	zenjpeg	444	90	identity_off	37.020	84.954	0.6279	CjpegliYcbcr	1.1
photos	20231206_150232.png	zenjpeg	444	90	model_policy	37.064	85.047	0.6117	CjpegliYcbcr	1.1
photos	20231206_150232.png	zenjpeg	444	90	model_proj	37.140	86.013	0.5930	CjpegliYcbcr	1.1
photos	20240528_210945.jpg	turbo	420	15	identity_off	25.056	33.305	3.0873	Unknown	15.0
photos	20240528_210945.jpg	turbo	420	15	model_policy	25.385	34.668	3.0321	Unknown	15.0
photos	20240528_210945.jpg	turbo	420	15	model_proj	25.386	34.697	3.0294	Unknown	15.0
photos	20240528_210945.jpg	turbo	420	35	identity_off	28.003	61.091	2.0728	ImageMagick	35.0
photos	20240528_210945.jpg	turbo	420	35	model_policy	28.340	62.047	2.0241	ImageMagick	35.0
photos	20240528_210945.jpg	turbo	420	35	model_proj	28.384	62.083	1.9286	ImageMagick	35.0
photos	20240528_210945.jpg	turbo	420	55	identity_off	29.589	68.953	1.7344	ImageMagick	55.0
photos	20240528_210945.jpg	turbo	420	55	model_policy	29.879	69.678	1.6988	ImageMagick	55.0
photos	20240528_210945.jpg	turbo	420	55	model_proj	29.981	69.954	1.5465	ImageMagick	55.0
photos	20240528_210945.jpg	turbo	420	75	identity_off	31.613	76.415	1.4092	ImageMagick	75.0
photos	20240528_210945.jpg	turbo	420	75	model_policy	31.815	76.839	1.3891	ImageMagick	75.0
photos	20240528_210945.jpg	turbo	420	75	model_proj	32.002	77.229	1.1942	ImageMagick	75.0
photos	20240528_210945.jpg	turbo	420	90	identity_off	35.229	83.824	0.9714	ImageMagick	90.0
photos	20240528_210945.jpg	turbo	420	90	model_policy	35.267	83.904	0.9685	ImageMagick	90.0
photos	20240528_210945.jpg	turbo	420	90	model_proj	35.634	84.449	0.7843	ImageMagick	90.0
photos	20240528_210945.jpg	turbo	444	15	identity_off	25.404	39.329	2.8322	Unknown	15.0
photos	20240528_210945.jpg	turbo	444	15	model_policy	25.775	40.792	2.7629	Unknown	15.0
photos	20240528_210945.jpg	turbo	444	15	model_proj	25.776	40.799	2.7618	Unknown	15.0
photos	20240528_210945.jpg	turbo	444	35	identity_off	28.468	65.825	1.7943	ImageMagick	35.0
photos	20240528_210945.jpg	turbo	444	35	model_policy	28.864	66.974	1.7176	ImageMagick	35.0
photos	20240528_210945.jpg	turbo	444	35	model_proj	28.884	66.977	1.6975	ImageMagick	35.0
photos	20240528_210945.jpg	turbo	444	55	identity_off	30.154	73.535	1.4275	ImageMagick	55.0
photos	20240528_210945.jpg	turbo	444	55	model_policy	30.496	74.434	1.3659	ImageMagick	55.0
photos	20240528_210945.jpg	turbo	444	55	model_proj	30.542	74.478	1.3285	ImageMagick	55.0
photos	20240528_210945.jpg	turbo	444	75	identity_off	32.382	80.472	1.0766	ImageMagick	75.0
photos	20240528_210945.jpg	turbo	444	75	model_policy	32.619	81.000	1.0341	ImageMagick	75.0
photos	20240528_210945.jpg	turbo	444	75	model_proj	32.690	81.085	0.9930	ImageMagick	75.0
photos	20240528_210945.jpg	turbo	444	90	identity_off	36.570	87.973	0.6489	ImageMagick	90.0
photos	20240528_210945.jpg	turbo	444	90	model_policy	36.566	88.052	0.6366	ImageMagick	90.0
photos	20240528_210945.jpg	turbo	444	90	model_proj	36.682	88.108	0.6126	ImageMagick	90.0
photos	20240528_210945.jpg	mozjpeg	420	15	identity_off	23.652	22.413	3.6245	Mozjpeg	15.0
photos	20240528_210945.jpg	mozjpeg	420	15	model_policy	23.901	23.394	3.5729	Mozjpeg	15.0
photos	20240528_210945.jpg	mozjpeg	420	15	model_proj	23.901	23.391	3.5729	Mozjpeg	15.0
photos	20240528_210945.jpg	mozjpeg	420	35	identity_off	26.878	56.044	2.2718	Mozjpeg	35.0
photos	20240528_210945.jpg	mozjpeg	420	35	model_policy	27.219	56.945	2.2105	Mozjpeg	35.0
photos	20240528_210945.jpg	mozjpeg	420	35	model_proj	27.224	56.921	2.1997	Mozjpeg	35.0
photos	20240528_210945.jpg	mozjpeg	420	55	identity_off	28.649	66.494	1.8435	Mozjpeg	55.0
photos	20240528_210945.jpg	mozjpeg	420	55	model_policy	28.973	67.136	1.7949	Mozjpeg	55.0
photos	20240528_210945.jpg	mozjpeg	420	55	model_proj	29.004	67.083	1.7443	Mozjpeg	55.0
photos	20240528_210945.jpg	mozjpeg	420	75	identity_off	30.763	74.647	1.4601	Mozjpeg	75.0
photos	20240528_210945.jpg	mozjpeg	420	75	model_policy	31.024	75.118	1.4271	Mozjpeg	75.0
photos	20240528_210945.jpg	mozjpeg	420	75	model_proj	31.108	75.233	1.3379	Mozjpeg	75.0
photos	20240528_210945.jpg	mozjpeg	420	90	identity_off	34.243	82.831	1.0220	Mozjpeg	90.0
photos	20240528_210945.jpg	mozjpeg	420	90	model_policy	34.329	83.028	1.0129	Mozjpeg	90.0
photos	20240528_210945.jpg	mozjpeg	420	90	model_proj	34.568	83.391	0.8761	Mozjpeg	90.0
photos	20240528_210945.jpg	mozjpeg	444	15	identity_off	23.897	27.397	3.4918	Mozjpeg	15.0
photos	20240528_210945.jpg	mozjpeg	444	15	model_policy	24.167	28.396	3.4366	Mozjpeg	15.0
photos	20240528_210945.jpg	mozjpeg	444	15	model_proj	24.167	28.395	3.4366	Mozjpeg	15.0
photos	20240528_210945.jpg	mozjpeg	444	35	identity_off	27.193	59.794	2.1103	Mozjpeg	35.0
photos	20240528_210945.jpg	mozjpeg	444	35	model_policy	27.575	60.839	2.0359	Mozjpeg	35.0
photos	20240528_210945.jpg	mozjpeg	444	35	model_proj	27.577	60.869	2.0342	Mozjpeg	35.0
photos	20240528_210945.jpg	mozjpeg	444	55	identity_off	29.025	70.036	1.6761	Mozjpeg	55.0
photos	20240528_210945.jpg	mozjpeg	444	55	model_policy	29.392	70.820	1.6139	Mozjpeg	55.0
photos	20240528_210945.jpg	mozjpeg	444	55	model_proj	29.401	70.817	1.5980	Mozjpeg	55.0
photos	20240528_210945.jpg	mozjpeg	444	75	identity_off	31.247	77.861	1.2790	Mozjpeg	75.0
photos	20240528_210945.jpg	mozjpeg	444	75	model_policy	31.546	78.417	1.2327	Mozjpeg	75.0
photos	20240528_210945.jpg	mozjpeg	444	75	model_proj	31.571	78.493	1.1980	Mozjpeg	75.0
photos	20240528_210945.jpg	mozjpeg	444	90	identity_off	35.107	85.857	0.7700	Mozjpeg	90.0
photos	20240528_210945.jpg	mozjpeg	444	90	model_policy	35.188	86.019	0.7474	Mozjpeg	90.0
photos	20240528_210945.jpg	mozjpeg	444	90	model_proj	35.266	86.097	0.7292	Mozjpeg	90.0
photos	20240528_210945.jpg	jpegli	420	15	identity_off	24.743	43.667	2.8617	CjpegliYcbcr	14.2
photos	20240528_210945.jpg	jpegli	420	15	model_policy	25.012	44.195	2.8138	CjpegliYcbcr	14.2
photos	20240528_210945.jpg	jpegli	420	15	model_proj	25.012	44.194	2.8133	CjpegliYcbcr	14.2
photos	20240528_210945.jpg	jpegli	420	35	identity_off	27.230	59.842	2.0692	CjpegliYcbcr	7.2
photos	20240528_210945.jpg	jpegli	420	35	model_policy	27.514	60.317	2.0246	CjpegliYcbcr	7.2
photos	20240528_210945.jpg	jpegli	420	35	model_proj	27.534	60.306	1.9901	CjpegliYcbcr	7.2
photos	20240528_210945.jpg	jpegli	420	55	identity_off	28.735	66.065	1.7239	CjpegliYcbcr	5.2
photos	20240528_210945.jpg	jpegli	420	55	model_policy	28.991	66.445	1.6850	CjpegliYcbcr	5.2
photos	20240528_210945.jpg	jpegli	420	55	model_proj	29.034	66.469	1.6269	CjpegliYcbcr	5.2
photos	20240528_210945.jpg	jpegli	420	75	identity_off	31.222	74.155	1.3079	CjpegliYcbcr	3.0
photos	20240528_210945.jpg	jpegli	420	75	model_policy	31.374	74.338	1.2871	CjpegliYcbcr	3.0
photos	20240528_210945.jpg	jpegli	420	75	model_proj	31.478	74.487	1.1948	CjpegliYcbcr	3.0
photos	20240528_210945.jpg	jpegli	420	90	identity_off	34.977	81.831	0.9266	CjpegliYcbcr	1.3
photos	20240528_210945.jpg	jpegli	420	90	model_policy	34.960	81.800	0.9259	CjpegliYcbcr	1.3
photos	20240528_210945.jpg	jpegli	420	90	model_proj	35.238	82.494	0.7810	CjpegliYcbcr	1.3
photos	20240528_210945.jpg	jpegli	444	15	identity_off	25.190	46.238	2.6255	CjpegliYcbcr	11.8
photos	20240528_210945.jpg	jpegli	444	15	model_policy	25.459	46.620	2.5828	CjpegliYcbcr	11.8
photos	20240528_210945.jpg	jpegli	444	15	model_proj	25.459	46.637	2.5816	CjpegliYcbcr	11.8
photos	20240528_210945.jpg	jpegli	444	35	identity_off	27.917	63.745	1.8639	CjpegliYcbcr	6.0
photos	20240528_210945.jpg	jpegli	444	35	model_policy	28.185	64.155	1.8224	CjpegliYcbcr	6.0
photos	20240528_210945.jpg	jpegli	444	35	model_proj	28.191	64.228	1.8146	CjpegliYcbcr	6.0
photos	20240528_210945.jpg	jpegli	444	55	identity_off	29.414	69.371	1.5468	CjpegliYcbcr	4.1
photos	20240528_210945.jpg	jpegli	444	55	model_policy	29.632	69.709	1.5145	CjpegliYcbcr	4.1
photos	20240528_210945.jpg	jpegli	444	55	model_proj	29.649	69.815	1.4932	CjpegliYcbcr	4.1
photos	20240528_210945.jpg	jpegli	444	75	identity_off	31.750	76.746	1.1444	CjpegliYcbcr	2.3
photos	20240528_210945.jpg	jpegli	444	75	model_policy	31.869	76.922	1.1264	CjpegliYcbcr	2.3
photos	20240528_210945.jpg	jpegli	444	75	model_proj	31.929	77.182	1.0764	CjpegliYcbcr	2.3
photos	20240528_210945.jpg	jpegli	444	90	identity_off	35.721	84.298	0.6698	CjpegliYcbcr	1.1
photos	20240528_210945.jpg	jpegli	444	90	model_policy	35.664	84.270	0.6665	CjpegliYcbcr	1.1
photos	20240528_210945.jpg	jpegli	444	90	model_proj	35.817	84.782	0.6112	CjpegliYcbcr	1.1
photos	20240528_210945.jpg	zenjpeg	420	15	identity_off	24.724	43.504	2.8669	CjpegliYcbcr	14.2
photos	20240528_210945.jpg	zenjpeg	420	15	model_policy	24.991	43.999	2.8197	CjpegliYcbcr	14.2
photos	20240528_210945.jpg	zenjpeg	420	15	model_proj	24.992	44.006	2.8191	CjpegliYcbcr	14.2
photos	20240528_210945.jpg	zenjpeg	420	35	identity_off	27.199	59.749	2.0758	CjpegliYcbcr	7.2
photos	20240528_210945.jpg	zenjpeg	420	35	model_policy	27.484	60.217	2.0305	CjpegliYcbcr	7.2
photos	20240528_210945.jpg	zenjpeg	420	35	model_proj	27.504	60.214	1.9956	CjpegliYcbcr	7.2
photos	20240528_210945.jpg	zenjpeg	420	55	identity_off	28.704	65.968	1.7285	CjpegliYcbcr	5.2
photos	20240528_210945.jpg	zenjpeg	420	55	model_policy	28.963	66.344	1.6888	CjpegliYcbcr	5.2
photos	20240528_210945.jpg	zenjpeg	420	55	model_proj	29.007	66.375	1.6312	CjpegliYcbcr	5.2
photos	20240528_210945.jpg	zenjpeg	420	75	identity_off	31.186	74.049	1.3116	CjpegliYcbcr	3.0
photos	20240528_210945.jpg	zenjpeg	420	75	model_policy	31.338	74.215	1.2907	CjpegliYcbcr	3.0
photos	20240528_210945.jpg	zenjpeg	420	75	model_proj	31.443	74.361	1.1967	CjpegliYcbcr	3.0
photos	20240528_210945.jpg	zenjpeg	420	90	identity_off	34.932	81.960	0.9354	CjpegliYcbcr	1.3
photos	20240528_210945.jpg	zenjpeg	420	90	model_policy	34.917	81.928	0.9349	CjpegliYcbcr	1.3
photos	20240528_210945.jpg	zenjpeg	420	90	model_proj	35.196	82.592	0.7828	CjpegliYcbcr	1.3
photos	20240528_210945.jpg	zenjpeg	444	15	identity_off	25.170	46.076	2.6307	CjpegliYcbcr	11.8
photos	20240528_210945.jpg	zenjpeg	444	15	model_policy	25.438	46.465	2.5886	CjpegliYcbcr	11.8
photos	20240528_210945.jpg	zenjpeg	444	15	model_proj	25.438	46.483	2.5873	CjpegliYcbcr	11.8
photos	20240528_210945.jpg	zenjpeg	444	35	identity_off	27.893	63.608	1.8663	CjpegliYcbcr	6.0
photos	20240528_210945.jpg	zenjpeg	444	35	model_policy	28.162	64.039	1.8256	CjpegliYcbcr	6.0
photos	20240528_210945.jpg	zenjpeg	444	35	model_proj	28.168	64.113	1.8173	CjpegliYcbcr	6.0
photos	20240528_210945.jpg	zenjpeg	444	55	identity_off	29.386	69.276	1.5530	CjpegliYcbcr	4.1
photos	20240528_210945.jpg	zenjpeg	444	55	model_policy	29.605	69.628	1.5203	CjpegliYcbcr	4.1
photos	20240528_210945.jpg	zenjpeg	444	55	model_proj	29.623	69.728	1.4980	CjpegliYcbcr	4.1
photos	20240528_210945.jpg	zenjpeg	444	75	identity_off	31.720	76.553	1.1478	CjpegliYcbcr	2.3
photos	20240528_210945.jpg	zenjpeg	444	75	model_policy	31.840	76.700	1.1299	CjpegliYcbcr	2.3
photos	20240528_210945.jpg	zenjpeg	444	75	model_proj	31.900	76.969	1.0795	CjpegliYcbcr	2.3
photos	20240528_210945.jpg	zenjpeg	444	90	identity_off	35.674	84.189	0.6699	CjpegliYcbcr	1.1
photos	20240528_210945.jpg	zenjpeg	444	90	model_policy	35.620	84.208	0.6662	CjpegliYcbcr	1.1
photos	20240528_210945.jpg	zenjpeg	444	90	model_proj	35.775	84.675	0.6125	CjpegliYcbcr	1.1
photos	Screenshot_20260526_074348_Photos.png	turbo	420	15	identity_off	31.986	17.360	2.8959	Unknown	15.0
photos	Screenshot_20260526_074348_Photos.png	turbo	420	15	model_policy	32.409	25.787	2.7434	Unknown	15.0
photos	Screenshot_20260526_074348_Photos.png	turbo	420	15	model_proj	32.410	25.787	2.7434	Unknown	15.0
photos	Screenshot_20260526_074348_Photos.png	turbo	420	35	identity_off	34.940	53.455	1.7938	ImageMagick	35.0
photos	Screenshot_20260526_074348_Photos.png	turbo	420	35	model_policy	35.278	57.213	1.7035	ImageMagick	35.0
photos	Screenshot_20260526_074348_Photos.png	turbo	420	35	model_proj	35.279	57.239	1.7035	ImageMagick	35.0
photos	Screenshot_20260526_074348_Photos.png	turbo	420	55	identity_off	36.151	65.449	1.4856	ImageMagick	55.0
photos	Screenshot_20260526_074348_Photos.png	turbo	420	55	model_policy	36.455	66.705	1.4178	ImageMagick	55.0
photos	Screenshot_20260526_074348_Photos.png	turbo	420	55	model_proj	36.456	66.717	1.4178	ImageMagick	55.0
photos	Screenshot_20260526_074348_Photos.png	turbo	420	75	identity_off	37.743	74.965	1.1864	ImageMagick	75.0
photos	Screenshot_20260526_074348_Photos.png	turbo	420	75	model_policy	37.976	75.329	1.1439	ImageMagick	75.0
photos	Screenshot_20260526_074348_Photos.png	turbo	420	75	model_proj	37.982	75.405	1.1434	ImageMagick	75.0
photos	Screenshot_20260526_074348_Photos.png	turbo	420	90	identity_off	40.877	84.708	0.7894	ImageMagick	90.0
photos	Screenshot_20260526_074348_Photos.png	turbo	420	90	model_policy	41.082	84.892	0.7615	ImageMagick	90.0
photos	Screenshot_20260526_074348_Photos.png	turbo	420	90	model_proj	41.079	84.935	0.7628	ImageMagick	90.0
photos	Screenshot_20260526_074348_Photos.png	turbo	444	15	identity_off	32.029	18.404	2.8878	Unknown	15.0
photos	Screenshot_20260526_074348_Photos.png	turbo	444	15	model_policy	32.450	26.873	2.7351	Unknown	15.0
photos	Screenshot_20260526_074348_Photos.png	turbo	444	15	model_proj	32.450	26.873	2.7351	Unknown	15.0
photos	Screenshot_20260526_074348_Photos.png	turbo	444	35	identity_off	35.025	54.781	1.7857	ImageMagick	35.0
photos	Screenshot_20260526_074348_Photos.png	turbo	444	35	model_policy	35.379	58.631	1.6943	ImageMagick	35.0
photos	Screenshot_20260526_074348_Photos.png	turbo	444	35	model_proj	35.379	58.651	1.6943	ImageMagick	35.0
photos	Screenshot_20260526_074348_Photos.png	turbo	444	55	identity_off	36.232	66.393	1.4866	ImageMagick	55.0
photos	Screenshot_20260526_074348_Photos.png	turbo	444	55	model_policy	36.544	67.689	1.4190	ImageMagick	55.0
photos	Screenshot_20260526_074348_Photos.png	turbo	444	55	model_proj	36.545	67.690	1.4190	ImageMagick	55.0
photos	Screenshot_20260526_074348_Photos.png	turbo	444	75	identity_off	37.842	75.776	1.1847	ImageMagick	75.0
photos	Screenshot_20260526_074348_Photos.png	turbo	444	75	model_policy	38.078	75.979	1.1422	ImageMagick	75.0
photos	Screenshot_20260526_074348_Photos.png	turbo	444	75	model_proj	38.086	76.168	1.1420	ImageMagick	75.0
photos	Screenshot_20260526_074348_Photos.png	turbo	444	90	identity_off	41.037	85.434	0.7847	ImageMagick	90.0
photos	Screenshot_20260526_074348_Photos.png	turbo	444	90	model_policy	41.250	85.501	0.7568	ImageMagick	90.0
photos	Screenshot_20260526_074348_Photos.png	turbo	444	90	model_proj	41.243	85.657	0.7590	ImageMagick	90.0
photos	Screenshot_20260526_074348_Photos.png	mozjpeg	420	15	identity_off	31.159	14.554	3.1355	Mozjpeg	15.0
photos	Screenshot_20260526_074348_Photos.png	mozjpeg	420	15	model_policy	31.512	21.489	3.0391	Mozjpeg	15.0
photos	Screenshot_20260526_074348_Photos.png	mozjpeg	420	15	model_proj	31.512	21.491	3.0391	Mozjpeg	15.0
photos	Screenshot_20260526_074348_Photos.png	mozjpeg	420	35	identity_off	34.081	49.475	1.9631	Mozjpeg	35.0
photos	Screenshot_20260526_074348_Photos.png	mozjpeg	420	35	model_policy	34.402	53.083	1.8916	Mozjpeg	35.0
photos	Screenshot_20260526_074348_Photos.png	mozjpeg	420	35	model_proj	34.403	53.089	1.8919	Mozjpeg	35.0
photos	Screenshot_20260526_074348_Photos.png	mozjpeg	420	55	identity_off	35.327	61.473	1.6166	Mozjpeg	55.0
photos	Screenshot_20260526_074348_Photos.png	mozjpeg	420	55	model_policy	35.574	63.000	1.5715	Mozjpeg	55.0
photos	Screenshot_20260526_074348_Photos.png	mozjpeg	420	55	model_proj	35.575	62.982	1.5715	Mozjpeg	55.0
photos	Screenshot_20260526_074348_Photos.png	mozjpeg	420	75	identity_off	36.936	72.766	1.2829	Mozjpeg	75.0
photos	Screenshot_20260526_074348_Photos.png	mozjpeg	420	75	model_policy	37.077	72.798	1.2624	Mozjpeg	75.0
photos	Screenshot_20260526_074348_Photos.png	mozjpeg	420	75	model_proj	37.079	72.775	1.2624	Mozjpeg	75.0
photos	Screenshot_20260526_074348_Photos.png	mozjpeg	420	90	identity_off	39.853	82.912	0.8618	Mozjpeg	90.0
photos	Screenshot_20260526_074348_Photos.png	mozjpeg	420	90	model_policy	39.875	82.825	0.8527	Mozjpeg	90.0
photos	Screenshot_20260526_074348_Photos.png	mozjpeg	420	90	model_proj	39.878	82.934	0.8521	Mozjpeg	90.0
photos	Screenshot_20260526_074348_Photos.png	mozjpeg	444	15	identity_off	31.201	15.309	3.1296	Mozjpeg	15.0
photos	Screenshot_20260526_074348_Photos.png	mozjpeg	444	15	model_policy	31.558	22.235	3.0338	Mozjpeg	15.0
photos	Screenshot_20260526_074348_Photos.png	mozjpeg	444	15	model_proj	31.558	22.224	3.0338	Mozjpeg	15.0
photos	Screenshot_20260526_074348_Photos.png	mozjpeg	444	35	identity_off	34.147	50.506	1.9558	Mozjpeg	35.0
photos	Screenshot_20260526_074348_Photos.png	mozjpeg	444	35	model_policy	34.477	54.115	1.8842	Mozjpeg	35.0
photos	Screenshot_20260526_074348_Photos.png	mozjpeg	444	35	model_proj	34.477	54.128	1.8843	Mozjpeg	35.0
photos	Screenshot_20260526_074348_Photos.png	mozjpeg	444	55	identity_off	35.383	62.256	1.6148	Mozjpeg	55.0
photos	Screenshot_20260526_074348_Photos.png	mozjpeg	444	55	model_policy	35.639	63.755	1.5692	Mozjpeg	55.0
photos	Screenshot_20260526_074348_Photos.png	mozjpeg	444	55	model_proj	35.640	63.738	1.5692	Mozjpeg	55.0
photos	Screenshot_20260526_074348_Photos.png	mozjpeg	444	75	identity_off	37.015	73.796	1.2798	Mozjpeg	75.0
photos	Screenshot_20260526_074348_Photos.png	mozjpeg	444	75	model_policy	37.161	73.811	1.2592	Mozjpeg	75.0
photos	Screenshot_20260526_074348_Photos.png	mozjpeg	444	75	model_proj	37.162	73.798	1.2593	Mozjpeg	75.0
photos	Screenshot_20260526_074348_Photos.png	mozjpeg	444	90	identity_off	39.955	83.812	0.8586	Mozjpeg	90.0
photos	Screenshot_20260526_074348_Photos.png	mozjpeg	444	90	model_policy	39.979	83.527	0.8499	Mozjpeg	90.0
photos	Screenshot_20260526_074348_Photos.png	mozjpeg	444	90	model_proj	39.980	83.738	0.8496	Mozjpeg	90.0
photos	Screenshot_20260526_074348_Photos.png	jpegli	420	15	identity_off	32.676	40.755	2.3417	CjpegliYcbcr	14.2
photos	Screenshot_20260526_074348_Photos.png	jpegli	420	15	model_policy	33.037	46.011	2.2610	CjpegliYcbcr	14.2
photos	Screenshot_20260526_074348_Photos.png	jpegli	420	15	model_proj	33.037	46.006	2.2610	CjpegliYcbcr	14.2
photos	Screenshot_20260526_074348_Photos.png	jpegli	420	35	identity_off	34.690	59.580	1.7478	CjpegliYcbcr	7.2
photos	Screenshot_20260526_074348_Photos.png	jpegli	420	35	model_policy	34.940	61.137	1.6970	CjpegliYcbcr	7.2
photos	Screenshot_20260526_074348_Photos.png	jpegli	420	35	model_proj	34.940	61.125	1.6970	CjpegliYcbcr	7.2
photos	Screenshot_20260526_074348_Photos.png	jpegli	420	55	identity_off	35.571	65.082	1.5681	CjpegliYcbcr	5.2
photos	Screenshot_20260526_074348_Photos.png	jpegli	420	55	model_policy	35.747	65.794	1.5317	CjpegliYcbcr	5.2
photos	Screenshot_20260526_074348_Photos.png	jpegli	420	55	model_proj	35.749	65.837	1.5316	CjpegliYcbcr	5.2
photos	Screenshot_20260526_074348_Photos.png	jpegli	420	75	identity_off	37.020	71.905	1.3206	CjpegliYcbcr	3.0
photos	Screenshot_20260526_074348_Photos.png	jpegli	420	75	model_policy	37.088	71.825	1.3095	CjpegliYcbcr	3.0
photos	Screenshot_20260526_074348_Photos.png	jpegli	420	75	model_proj	37.093	71.836	1.3091	CjpegliYcbcr	3.0
photos	Screenshot_20260526_074348_Photos.png	jpegli	420	90	identity_off	40.260	82.164	0.8628	CjpegliYcbcr	1.3
photos	Screenshot_20260526_074348_Photos.png	jpegli	420	90	model_policy	40.240	81.764	0.8573	CjpegliYcbcr	1.3
photos	Screenshot_20260526_074348_Photos.png	jpegli	420	90	model_proj	40.227	82.280	0.8597	CjpegliYcbcr	1.3
photos	Screenshot_20260526_074348_Photos.png	jpegli	444	15	identity_off	32.654	43.795	2.3630	CjpegliYcbcr	11.8
photos	Screenshot_20260526_074348_Photos.png	jpegli	444	15	model_policy	32.941	46.584	2.3103	CjpegliYcbcr	11.8
photos	Screenshot_20260526_074348_Photos.png	jpegli	444	15	model_proj	32.941	46.584	2.3103	CjpegliYcbcr	11.8
photos	Screenshot_20260526_074348_Photos.png	jpegli	444	35	identity_off	34.854	61.970	1.7253	CjpegliYcbcr	6.0
photos	Screenshot_20260526_074348_Photos.png	jpegli	444	35	model_policy	35.069	63.125	1.6820	CjpegliYcbcr	6.0
photos	Screenshot_20260526_074348_Photos.png	jpegli	444	35	model_proj	35.069	63.136	1.6820	CjpegliYcbcr	6.0
photos	Screenshot_20260526_074348_Photos.png	jpegli	444	55	identity_off	35.907	67.416	1.5145	CjpegliYcbcr	4.1
photos	Screenshot_20260526_074348_Photos.png	jpegli	444	55	model_policy	36.044	67.597	1.4895	CjpegliYcbcr	4.1
photos	Screenshot_20260526_074348_Photos.png	jpegli	444	55	model_proj	36.045	67.601	1.4896	CjpegliYcbcr	4.1
photos	Screenshot_20260526_074348_Photos.png	jpegli	444	75	identity_off	37.340	74.112	1.3054	CjpegliYcbcr	2.3
photos	Screenshot_20260526_074348_Photos.png	jpegli	444	75	model_policy	37.376	73.830	1.2976	CjpegliYcbcr	2.3
photos	Screenshot_20260526_074348_Photos.png	jpegli	444	75	model_proj	37.382	73.881	1.2975	CjpegliYcbcr	2.3
photos	Screenshot_20260526_074348_Photos.png	jpegli	444	90	identity_off	41.193	84.091	0.7880	CjpegliYcbcr	1.1
photos	Screenshot_20260526_074348_Photos.png	jpegli	444	90	model_policy	41.142	83.639	0.7837	CjpegliYcbcr	1.1
photos	Screenshot_20260526_074348_Photos.png	jpegli	444	90	model_proj	41.167	83.813	0.7814	CjpegliYcbcr	1.1
photos	Screenshot_20260526_074348_Photos.png	zenjpeg	420	15	identity_off	32.648	40.577	2.3481	CjpegliYcbcr	14.2
photos	Screenshot_20260526_074348_Photos.png	zenjpeg	420	15	model_policy	33.009	45.570	2.2689	CjpegliYcbcr	14.2
photos	Screenshot_20260526_074348_Photos.png	zenjpeg	420	15	model_proj	33.009	45.559	2.2689	CjpegliYcbcr	14.2
photos	Screenshot_20260526_074348_Photos.png	zenjpeg	420	35	identity_off	34.646	59.530	1.7539	CjpegliYcbcr	7.2
photos	Screenshot_20260526_074348_Photos.png	zenjpeg	420	35	model_policy	34.898	61.080	1.7017	CjpegliYcbcr	7.2
photos	Screenshot_20260526_074348_Photos.png	zenjpeg	420	35	model_proj	34.898	61.108	1.7017	CjpegliYcbcr	7.2
photos	Screenshot_20260526_074348_Photos.png	zenjpeg	420	55	identity_off	35.492	64.950	1.5947	CjpegliYcbcr	5.2
photos	Screenshot_20260526_074348_Photos.png	zenjpeg	420	55	model_policy	35.666	65.792	1.5603	CjpegliYcbcr	5.2
photos	Screenshot_20260526_074348_Photos.png	zenjpeg	420	55	model_proj	35.667	65.804	1.5601	CjpegliYcbcr	5.2
photos	Screenshot_20260526_074348_Photos.png	zenjpeg	420	75	identity_off	36.995	71.934	1.3201	CjpegliYcbcr	3.0
photos	Screenshot_20260526_074348_Photos.png	zenjpeg	420	75	model_policy	37.063	71.762	1.3091	CjpegliYcbcr	3.0
photos	Screenshot_20260526_074348_Photos.png	zenjpeg	420	75	model_proj	37.069	71.817	1.3088	CjpegliYcbcr	3.0
photos	Screenshot_20260526_074348_Photos.png	zenjpeg	420	90	identity_off	40.237	82.101	0.8628	CjpegliYcbcr	1.3
photos	Screenshot_20260526_074348_Photos.png	zenjpeg	420	90	model_policy	40.213	81.648	0.8577	CjpegliYcbcr	1.3
photos	Screenshot_20260526_074348_Photos.png	zenjpeg	420	90	model_proj	40.171	82.072	0.8665	CjpegliYcbcr	1.3
photos	Screenshot_20260526_074348_Photos.png	zenjpeg	444	15	identity_off	32.627	43.864	2.3650	CjpegliYcbcr	11.8
photos	Screenshot_20260526_074348_Photos.png	zenjpeg	444	15	model_policy	32.917	46.768	2.3114	CjpegliYcbcr	11.8
photos	Screenshot_20260526_074348_Photos.png	zenjpeg	444	15	model_proj	32.917	46.774	2.3114	CjpegliYcbcr	11.8
photos	Screenshot_20260526_074348_Photos.png	zenjpeg	444	35	identity_off	34.832	61.758	1.7477	CjpegliYcbcr	6.0
photos	Screenshot_20260526_074348_Photos.png	zenjpeg	444	35	model_policy	35.043	62.925	1.7061	CjpegliYcbcr	6.0
photos	Screenshot_20260526_074348_Photos.png	zenjpeg	444	35	model_proj	35.043	62.929	1.7061	CjpegliYcbcr	6.0
photos	Screenshot_20260526_074348_Photos.png	zenjpeg	444	55	identity_off	35.867	67.404	1.5152	CjpegliYcbcr	4.1
photos	Screenshot_20260526_074348_Photos.png	zenjpeg	444	55	model_policy	36.004	67.637	1.4908	CjpegliYcbcr	4.1
photos	Screenshot_20260526_074348_Photos.png	zenjpeg	444	55	model_proj	36.005	67.645	1.4909	CjpegliYcbcr	4.1
photos	Screenshot_20260526_074348_Photos.png	zenjpeg	444	75	identity_off	37.306	74.043	1.3125	CjpegliYcbcr	2.3
photos	Screenshot_20260526_074348_Photos.png	zenjpeg	444	75	model_policy	37.341	73.776	1.3050	CjpegliYcbcr	2.3
photos	Screenshot_20260526_074348_Photos.png	zenjpeg	444	75	model_proj	37.348	73.820	1.3049	CjpegliYcbcr	2.3
photos	Screenshot_20260526_074348_Photos.png	zenjpeg	444	90	identity_off	41.226	84.218	0.7570	CjpegliYcbcr	1.1
photos	Screenshot_20260526_074348_Photos.png	zenjpeg	444	90	model_policy	41.172	83.767	0.7531	CjpegliYcbcr	1.1
photos	Screenshot_20260526_074348_Photos.png	zenjpeg	444	90	model_proj	41.193	83.980	0.7518	CjpegliYcbcr	1.1
people	alexander-aguero-EnppVuXbcCE-unsplash.jpg	turbo	420	15	identity_off	34.096	-1.538	2.9043	Unknown	15.0
people	alexander-aguero-EnppVuXbcCE-unsplash.jpg	turbo	420	15	model_policy	34.565	10.493	2.7178	Unknown	15.0
people	alexander-aguero-EnppVuXbcCE-unsplash.jpg	turbo	420	15	model_proj	34.565	10.493	2.7178	Unknown	15.0
people	alexander-aguero-EnppVuXbcCE-unsplash.jpg	turbo	420	35	identity_off	37.742	48.393	1.6640	ImageMagick	35.0
people	alexander-aguero-EnppVuXbcCE-unsplash.jpg	turbo	420	35	model_policy	38.157	52.309	1.5739	ImageMagick	35.0
people	alexander-aguero-EnppVuXbcCE-unsplash.jpg	turbo	420	35	model_proj	38.157	52.309	1.5738	ImageMagick	35.0
people	alexander-aguero-EnppVuXbcCE-unsplash.jpg	turbo	420	55	identity_off	39.387	65.282	1.2765	ImageMagick	55.0
people	alexander-aguero-EnppVuXbcCE-unsplash.jpg	turbo	420	55	model_policy	39.765	66.420	1.2144	ImageMagick	55.0
people	alexander-aguero-EnppVuXbcCE-unsplash.jpg	turbo	420	55	model_proj	39.765	66.422	1.2144	ImageMagick	55.0
people	alexander-aguero-EnppVuXbcCE-unsplash.jpg	turbo	420	75	identity_off	41.648	77.435	0.9050	ImageMagick	75.0
people	alexander-aguero-EnppVuXbcCE-unsplash.jpg	turbo	420	75	model_policy	41.926	77.689	0.8717	ImageMagick	75.0
people	alexander-aguero-EnppVuXbcCE-unsplash.jpg	turbo	420	75	model_proj	41.930	77.724	0.8714	ImageMagick	75.0
people	alexander-aguero-EnppVuXbcCE-unsplash.jpg	turbo	420	90	identity_off	45.222	88.252	0.5373	ImageMagick	90.0
people	alexander-aguero-EnppVuXbcCE-unsplash.jpg	turbo	420	90	model_policy	45.340	88.215	0.5286	ImageMagick	90.0
people	alexander-aguero-EnppVuXbcCE-unsplash.jpg	turbo	420	90	model_proj	45.346	88.213	0.5269	ImageMagick	90.0
people	alexander-aguero-EnppVuXbcCE-unsplash.jpg	turbo	444	15	identity_off	34.153	-0.937	2.8864	Unknown	15.0
people	alexander-aguero-EnppVuXbcCE-unsplash.jpg	turbo	444	15	model_policy	34.641	11.124	2.6959	Unknown	15.0
people	alexander-aguero-EnppVuXbcCE-unsplash.jpg	turbo	444	15	model_proj	34.641	11.122	2.6959	Unknown	15.0
people	alexander-aguero-EnppVuXbcCE-unsplash.jpg	turbo	444	35	identity_off	37.918	49.726	1.6549	ImageMagick	35.0
people	alexander-aguero-EnppVuXbcCE-unsplash.jpg	turbo	444	35	model_policy	38.362	53.670	1.5632	ImageMagick	35.0
people	alexander-aguero-EnppVuXbcCE-unsplash.jpg	turbo	444	35	model_proj	38.362	53.669	1.5632	ImageMagick	35.0
people	alexander-aguero-EnppVuXbcCE-unsplash.jpg	turbo	444	55	identity_off	39.615	66.739	1.2742	ImageMagick	55.0
people	alexander-aguero-EnppVuXbcCE-unsplash.jpg	turbo	444	55	model_policy	40.017	67.956	1.2110	ImageMagick	55.0
people	alexander-aguero-EnppVuXbcCE-unsplash.jpg	turbo	444	55	model_proj	40.017	67.953	1.2110	ImageMagick	55.0
people	alexander-aguero-EnppVuXbcCE-unsplash.jpg	turbo	444	75	identity_off	42.044	78.808	0.8950	ImageMagick	75.0
people	alexander-aguero-EnppVuXbcCE-unsplash.jpg	turbo	444	75	model_policy	42.352	79.106	0.8604	ImageMagick	75.0
people	alexander-aguero-EnppVuXbcCE-unsplash.jpg	turbo	444	75	model_proj	42.360	79.144	0.8601	ImageMagick	75.0
people	alexander-aguero-EnppVuXbcCE-unsplash.jpg	turbo	444	90	identity_off	46.125	90.398	0.5202	ImageMagick	90.0
people	alexander-aguero-EnppVuXbcCE-unsplash.jpg	turbo	444	90	model_policy	46.269	90.354	0.5114	ImageMagick	90.0
people	alexander-aguero-EnppVuXbcCE-unsplash.jpg	turbo	444	90	model_proj	46.246	90.107	0.5103	ImageMagick	90.0
people	alexander-aguero-EnppVuXbcCE-unsplash.jpg	mozjpeg	420	15	identity_off	33.928	-7.309	3.1942	Mozjpeg	15.0
people	alexander-aguero-EnppVuXbcCE-unsplash.jpg	mozjpeg	420	15	model_policy	34.335	1.956	3.0337	Mozjpeg	15.0
people	alexander-aguero-EnppVuXbcCE-unsplash.jpg	mozjpeg	420	15	model_proj	34.335	1.957	3.0337	Mozjpeg	15.0
people	alexander-aguero-EnppVuXbcCE-unsplash.jpg	mozjpeg	420	35	identity_off	36.950	39.377	1.9648	Mozjpeg	35.0
people	alexander-aguero-EnppVuXbcCE-unsplash.jpg	mozjpeg	420	35	model_policy	37.272	43.103	1.8849	Mozjpeg	35.0
people	alexander-aguero-EnppVuXbcCE-unsplash.jpg	mozjpeg	420	35	model_proj	37.272	43.104	1.8849	Mozjpeg	35.0
people	alexander-aguero-EnppVuXbcCE-unsplash.jpg	mozjpeg	420	55	identity_off	38.542	59.103	1.4840	Mozjpeg	55.0
people	alexander-aguero-EnppVuXbcCE-unsplash.jpg	mozjpeg	420	55	model_policy	38.787	60.074	1.4348	Mozjpeg	55.0
people	alexander-aguero-EnppVuXbcCE-unsplash.jpg	mozjpeg	420	55	model_proj	38.787	60.070	1.4348	Mozjpeg	55.0
people	alexander-aguero-EnppVuXbcCE-unsplash.jpg	mozjpeg	420	75	identity_off	40.608	74.106	1.0669	Mozjpeg	75.0
people	alexander-aguero-EnppVuXbcCE-unsplash.jpg	mozjpeg	420	75	model_policy	40.824	74.025	1.0328	Mozjpeg	75.0
people	alexander-aguero-EnppVuXbcCE-unsplash.jpg	mozjpeg	420	75	model_proj	40.824	74.026	1.0328	Mozjpeg	75.0
people	alexander-aguero-EnppVuXbcCE-unsplash.jpg	mozjpeg	420	90	identity_off	44.455	87.147	0.6124	Mozjpeg	90.0
people	alexander-aguero-EnppVuXbcCE-unsplash.jpg	mozjpeg	420	90	model_policy	44.579	87.025	0.6011	Mozjpeg	90.0
people	alexander-aguero-EnppVuXbcCE-unsplash.jpg	mozjpeg	420	90	model_proj	44.580	87.039	0.6004	Mozjpeg	90.0
people	alexander-aguero-EnppVuXbcCE-unsplash.jpg	mozjpeg	444	15	identity_off	33.991	-6.457	3.1708	Mozjpeg	15.0
people	alexander-aguero-EnppVuXbcCE-unsplash.jpg	mozjpeg	444	15	model_policy	34.414	3.040	3.0077	Mozjpeg	15.0
people	alexander-aguero-EnppVuXbcCE-unsplash.jpg	mozjpeg	444	15	model_proj	34.414	3.038	3.0077	Mozjpeg	15.0
people	alexander-aguero-EnppVuXbcCE-unsplash.jpg	mozjpeg	444	35	identity_off	37.100	40.602	1.9545	Mozjpeg	35.0
people	alexander-aguero-EnppVuXbcCE-unsplash.jpg	mozjpeg	444	35	model_policy	37.434	44.401	1.8743	Mozjpeg	35.0
people	alexander-aguero-EnppVuXbcCE-unsplash.jpg	mozjpeg	444	35	model_proj	37.434	44.399	1.8743	Mozjpeg	35.0
people	alexander-aguero-EnppVuXbcCE-unsplash.jpg	mozjpeg	444	55	identity_off	38.743	59.956	1.4792	Mozjpeg	55.0
people	alexander-aguero-EnppVuXbcCE-unsplash.jpg	mozjpeg	444	55	model_policy	38.994	60.996	1.4294	Mozjpeg	55.0
people	alexander-aguero-EnppVuXbcCE-unsplash.jpg	mozjpeg	444	55	model_proj	38.994	60.996	1.4294	Mozjpeg	55.0
people	alexander-aguero-EnppVuXbcCE-unsplash.jpg	mozjpeg	444	75	identity_off	40.898	75.491	1.0577	Mozjpeg	75.0
people	alexander-aguero-EnppVuXbcCE-unsplash.jpg	mozjpeg	444	75	model_policy	41.128	75.488	1.0227	Mozjpeg	75.0
people	alexander-aguero-EnppVuXbcCE-unsplash.jpg	mozjpeg	444	75	model_proj	41.128	75.483	1.0227	Mozjpeg	75.0
people	alexander-aguero-EnppVuXbcCE-unsplash.jpg	mozjpeg	444	90	identity_off	45.015	88.784	0.6015	Mozjpeg	90.0
people	alexander-aguero-EnppVuXbcCE-unsplash.jpg	mozjpeg	444	90	model_policy	45.156	88.660	0.5902	Mozjpeg	90.0
people	alexander-aguero-EnppVuXbcCE-unsplash.jpg	mozjpeg	444	90	model_proj	45.143	88.573	0.5898	Mozjpeg	90.0
people	alexander-aguero-EnppVuXbcCE-unsplash.jpg	jpegli	420	15	identity_off	36.280	31.596	2.1559	CjpegliYcbcr	14.2
people	alexander-aguero-EnppVuXbcCE-unsplash.jpg	jpegli	420	15	model_policy	36.617	37.338	2.0678	CjpegliYcbcr	14.2
people	alexander-aguero-EnppVuXbcCE-unsplash.jpg	jpegli	420	15	model_proj	36.617	37.337	2.0678	CjpegliYcbcr	14.2
people	alexander-aguero-EnppVuXbcCE-unsplash.jpg	jpegli	420	35	identity_off	37.918	57.565	1.6477	CjpegliYcbcr	7.2
people	alexander-aguero-EnppVuXbcCE-unsplash.jpg	jpegli	420	35	model_policy	38.154	58.076	1.6005	CjpegliYcbcr	7.2
people	alexander-aguero-EnppVuXbcCE-unsplash.jpg	jpegli	420	35	model_proj	38.154	58.078	1.6005	CjpegliYcbcr	7.2
people	alexander-aguero-EnppVuXbcCE-unsplash.jpg	jpegli	420	55	identity_off	38.643	64.957	1.4503	CjpegliYcbcr	5.2
people	alexander-aguero-EnppVuXbcCE-unsplash.jpg	jpegli	420	55	model_policy	38.866	64.609	1.4098	CjpegliYcbcr	5.2
people	alexander-aguero-EnppVuXbcCE-unsplash.jpg	jpegli	420	55	model_proj	38.866	64.610	1.4098	CjpegliYcbcr	5.2
people	alexander-aguero-EnppVuXbcCE-unsplash.jpg	jpegli	420	75	identity_off	39.964	73.679	1.1724	CjpegliYcbcr	3.0
people	alexander-aguero-EnppVuXbcCE-unsplash.jpg	jpegli	420	75	model_policy	40.161	73.052	1.1409	CjpegliYcbcr	3.0
people	alexander-aguero-EnppVuXbcCE-unsplash.jpg	jpegli	420	75	model_proj	40.167	73.087	1.1406	CjpegliYcbcr	3.0
people	alexander-aguero-EnppVuXbcCE-unsplash.jpg	jpegli	420	90	identity_off	43.474	84.453	0.6998	CjpegliYcbcr	1.3
people	alexander-aguero-EnppVuXbcCE-unsplash.jpg	jpegli	420	90	model_policy	43.599	84.383	0.6865	CjpegliYcbcr	1.3
people	alexander-aguero-EnppVuXbcCE-unsplash.jpg	jpegli	420	90	model_proj	43.574	84.635	0.6837	CjpegliYcbcr	1.3
people	alexander-aguero-EnppVuXbcCE-unsplash.jpg	jpegli	444	15	identity_off	34.948	32.970	2.2217	CjpegliYcbcr	11.8
people	alexander-aguero-EnppVuXbcCE-unsplash.jpg	jpegli	444	15	model_policy	35.165	36.385	2.1582	CjpegliYcbcr	11.8
people	alexander-aguero-EnppVuXbcCE-unsplash.jpg	jpegli	444	15	model_proj	35.165	36.385	2.1582	CjpegliYcbcr	11.8
people	alexander-aguero-EnppVuXbcCE-unsplash.jpg	jpegli	444	35	identity_off	37.802	60.281	1.5374	CjpegliYcbcr	6.0
people	alexander-aguero-EnppVuXbcCE-unsplash.jpg	jpegli	444	35	model_policy	38.013	60.181	1.4984	CjpegliYcbcr	6.0
people	alexander-aguero-EnppVuXbcCE-unsplash.jpg	jpegli	444	35	model_proj	38.013	60.180	1.4984	CjpegliYcbcr	6.0
people	alexander-aguero-EnppVuXbcCE-unsplash.jpg	jpegli	444	55	identity_off	38.869	67.783	1.3418	CjpegliYcbcr	4.1
people	alexander-aguero-EnppVuXbcCE-unsplash.jpg	jpegli	444	55	model_policy	39.069	67.172	1.3065	CjpegliYcbcr	4.1
people	alexander-aguero-EnppVuXbcCE-unsplash.jpg	jpegli	444	55	model_proj	39.069	67.175	1.3064	CjpegliYcbcr	4.1
people	alexander-aguero-EnppVuXbcCE-unsplash.jpg	jpegli	444	75	identity_off	40.618	77.137	1.0378	CjpegliYcbcr	2.3
people	alexander-aguero-EnppVuXbcCE-unsplash.jpg	jpegli	444	75	model_policy	40.811	76.672	1.0092	CjpegliYcbcr	2.3
people	alexander-aguero-EnppVuXbcCE-unsplash.jpg	jpegli	444	75	model_proj	40.811	76.680	1.0092	CjpegliYcbcr	2.3
people	alexander-aguero-EnppVuXbcCE-unsplash.jpg	jpegli	444	90	identity_off	44.423	86.062	0.6069	CjpegliYcbcr	1.1
people	alexander-aguero-EnppVuXbcCE-unsplash.jpg	jpegli	444	90	model_policy	44.518	85.994	0.5972	CjpegliYcbcr	1.1
people	alexander-aguero-EnppVuXbcCE-unsplash.jpg	jpegli	444	90	model_proj	44.566	86.181	0.5956	CjpegliYcbcr	1.1
people	alexander-aguero-EnppVuXbcCE-unsplash.jpg	zenjpeg	420	15	identity_off	36.256	31.246	2.1682	CjpegliYcbcr	14.2
people	alexander-aguero-EnppVuXbcCE-unsplash.jpg	zenjpeg	420	15	model_policy	36.582	36.861	2.0791	CjpegliYcbcr	14.2
people	alexander-aguero-EnppVuXbcCE-unsplash.jpg	zenjpeg	420	15	model_proj	36.582	36.860	2.0791	CjpegliYcbcr	14.2
people	alexander-aguero-EnppVuXbcCE-unsplash.jpg	zenjpeg	420	35	identity_off	37.888	57.332	1.6552	CjpegliYcbcr	7.2
people	alexander-aguero-EnppVuXbcCE-unsplash.jpg	zenjpeg	420	35	model_policy	38.117	57.868	1.6081	CjpegliYcbcr	7.2
people	alexander-aguero-EnppVuXbcCE-unsplash.jpg	zenjpeg	420	35	model_proj	38.117	57.866	1.6081	CjpegliYcbcr	7.2
people	alexander-aguero-EnppVuXbcCE-unsplash.jpg	zenjpeg	420	55	identity_off	38.652	64.898	1.4530	CjpegliYcbcr	5.2
people	alexander-aguero-EnppVuXbcCE-unsplash.jpg	zenjpeg	420	55	model_policy	38.870	64.509	1.4131	CjpegliYcbcr	5.2
people	alexander-aguero-EnppVuXbcCE-unsplash.jpg	zenjpeg	420	55	model_proj	38.870	64.513	1.4131	CjpegliYcbcr	5.2
people	alexander-aguero-EnppVuXbcCE-unsplash.jpg	zenjpeg	420	75	identity_off	39.972	73.482	1.1742	CjpegliYcbcr	3.0
people	alexander-aguero-EnppVuXbcCE-unsplash.jpg	zenjpeg	420	75	model_policy	40.168	72.856	1.1426	CjpegliYcbcr	3.0
people	alexander-aguero-EnppVuXbcCE-unsplash.jpg	zenjpeg	420	75	model_proj	40.173	72.903	1.1423	CjpegliYcbcr	3.0
people	alexander-aguero-EnppVuXbcCE-unsplash.jpg	zenjpeg	420	90	identity_off	43.459	84.386	0.6997	CjpegliYcbcr	1.3
people	alexander-aguero-EnppVuXbcCE-unsplash.jpg	zenjpeg	420	90	model_policy	43.581	84.277	0.6862	CjpegliYcbcr	1.3
people	alexander-aguero-EnppVuXbcCE-unsplash.jpg	zenjpeg	420	90	model_proj	43.548	84.452	0.6852	CjpegliYcbcr	1.3
people	alexander-aguero-EnppVuXbcCE-unsplash.jpg	zenjpeg	444	15	identity_off	34.960	32.590	2.2222	CjpegliYcbcr	11.8
people	alexander-aguero-EnppVuXbcCE-unsplash.jpg	zenjpeg	444	15	model_policy	35.173	35.979	2.1572	CjpegliYcbcr	11.8
people	alexander-aguero-EnppVuXbcCE-unsplash.jpg	zenjpeg	444	15	model_proj	35.173	35.978	2.1572	CjpegliYcbcr	11.8
people	alexander-aguero-EnppVuXbcCE-unsplash.jpg	zenjpeg	444	35	identity_off	37.719	59.669	1.5500	CjpegliYcbcr	6.0
people	alexander-aguero-EnppVuXbcCE-unsplash.jpg	zenjpeg	444	35	model_policy	37.916	59.535	1.5100	CjpegliYcbcr	6.0
people	alexander-aguero-EnppVuXbcCE-unsplash.jpg	zenjpeg	444	35	model_proj	37.916	59.541	1.5100	CjpegliYcbcr	6.0
people	alexander-aguero-EnppVuXbcCE-unsplash.jpg	zenjpeg	444	55	identity_off	38.847	67.296	1.3504	CjpegliYcbcr	4.1
people	alexander-aguero-EnppVuXbcCE-unsplash.jpg	zenjpeg	444	55	model_policy	39.048	66.731	1.3150	CjpegliYcbcr	4.1
people	alexander-aguero-EnppVuXbcCE-unsplash.jpg	zenjpeg	444	55	model_proj	39.048	66.735	1.3150	CjpegliYcbcr	4.1
people	alexander-aguero-EnppVuXbcCE-unsplash.jpg	zenjpeg	444	75	identity_off	40.635	76.911	1.0443	CjpegliYcbcr	2.3
people	alexander-aguero-EnppVuXbcCE-unsplash.jpg	zenjpeg	444	75	model_policy	40.822	76.451	1.0165	CjpegliYcbcr	2.3
people	alexander-aguero-EnppVuXbcCE-unsplash.jpg	zenjpeg	444	75	model_proj	40.822	76.454	1.0165	CjpegliYcbcr	2.3
people	alexander-aguero-EnppVuXbcCE-unsplash.jpg	zenjpeg	444	90	identity_off	44.425	86.395	0.6083	CjpegliYcbcr	1.1
people	alexander-aguero-EnppVuXbcCE-unsplash.jpg	zenjpeg	444	90	model_policy	44.522	86.319	0.5981	CjpegliYcbcr	1.1
people	alexander-aguero-EnppVuXbcCE-unsplash.jpg	zenjpeg	444	90	model_proj	44.554	86.462	0.5972	CjpegliYcbcr	1.1
people	anastasia-pivnenko-PRNG6R1nSpQ-unsplash.jpg	turbo	420	15	identity_off	25.762	1.542	3.2451	Unknown	15.0
people	anastasia-pivnenko-PRNG6R1nSpQ-unsplash.jpg	turbo	420	15	model_policy	25.865	5.274	3.1922	Unknown	15.0
people	anastasia-pivnenko-PRNG6R1nSpQ-unsplash.jpg	turbo	420	15	model_proj	25.865	5.268	3.1922	Unknown	15.0
people	anastasia-pivnenko-PRNG6R1nSpQ-unsplash.jpg	turbo	420	35	identity_off	26.839	38.687	2.3386	ImageMagick	35.0
people	anastasia-pivnenko-PRNG6R1nSpQ-unsplash.jpg	turbo	420	35	model_policy	26.888	38.906	2.3255	ImageMagick	35.0
people	anastasia-pivnenko-PRNG6R1nSpQ-unsplash.jpg	turbo	420	35	model_proj	26.888	38.906	2.3255	ImageMagick	35.0
people	anastasia-pivnenko-PRNG6R1nSpQ-unsplash.jpg	turbo	420	55	identity_off	27.368	49.614	2.0683	ImageMagick	55.0
people	anastasia-pivnenko-PRNG6R1nSpQ-unsplash.jpg	turbo	420	55	model_policy	27.406	49.636	2.0604	ImageMagick	55.0
people	anastasia-pivnenko-PRNG6R1nSpQ-unsplash.jpg	turbo	420	55	model_proj	27.406	49.639	2.0604	ImageMagick	55.0
people	anastasia-pivnenko-PRNG6R1nSpQ-unsplash.jpg	turbo	420	75	identity_off	28.393	58.571	1.7673	ImageMagick	75.0
people	anastasia-pivnenko-PRNG6R1nSpQ-unsplash.jpg	turbo	420	75	model_policy	28.396	58.483	1.7666	ImageMagick	75.0
people	anastasia-pivnenko-PRNG6R1nSpQ-unsplash.jpg	turbo	420	75	model_proj	28.396	58.502	1.7666	ImageMagick	75.0
people	anastasia-pivnenko-PRNG6R1nSpQ-unsplash.jpg	turbo	420	90	identity_off	45.743	91.751	0.2131	ImageMagick	90.0
people	anastasia-pivnenko-PRNG6R1nSpQ-unsplash.jpg	turbo	420	90	model_policy	44.515	90.341	0.2719	ImageMagick	90.0
people	anastasia-pivnenko-PRNG6R1nSpQ-unsplash.jpg	turbo	420	90	model_proj	44.436	90.331	0.2730	ImageMagick	90.0
people	anastasia-pivnenko-PRNG6R1nSpQ-unsplash.jpg	turbo	444	15	identity_off	25.868	4.790	3.1929	Unknown	15.0
people	anastasia-pivnenko-PRNG6R1nSpQ-unsplash.jpg	turbo	444	15	model_policy	25.977	8.501	3.1395	Unknown	15.0
people	anastasia-pivnenko-PRNG6R1nSpQ-unsplash.jpg	turbo	444	15	model_proj	25.977	8.502	3.1395	Unknown	15.0
people	anastasia-pivnenko-PRNG6R1nSpQ-unsplash.jpg	turbo	444	35	identity_off	26.953	41.577	2.3230	ImageMagick	35.0
people	anastasia-pivnenko-PRNG6R1nSpQ-unsplash.jpg	turbo	444	35	model_policy	27.004	41.801	2.3097	ImageMagick	35.0
people	anastasia-pivnenko-PRNG6R1nSpQ-unsplash.jpg	turbo	444	35	model_proj	27.004	41.798	2.3097	ImageMagick	35.0
people	anastasia-pivnenko-PRNG6R1nSpQ-unsplash.jpg	turbo	444	55	identity_off	27.476	51.561	2.0607	ImageMagick	55.0
people	anastasia-pivnenko-PRNG6R1nSpQ-unsplash.jpg	turbo	444	55	model_policy	27.515	51.577	2.0525	ImageMagick	55.0
people	anastasia-pivnenko-PRNG6R1nSpQ-unsplash.jpg	turbo	444	55	model_proj	27.515	51.571	2.0525	ImageMagick	55.0
people	anastasia-pivnenko-PRNG6R1nSpQ-unsplash.jpg	turbo	444	75	identity_off	28.492	59.921	1.7630	ImageMagick	75.0
people	anastasia-pivnenko-PRNG6R1nSpQ-unsplash.jpg	turbo	444	75	model_policy	28.495	59.797	1.7624	ImageMagick	75.0
people	anastasia-pivnenko-PRNG6R1nSpQ-unsplash.jpg	turbo	444	75	model_proj	28.495	59.831	1.7624	ImageMagick	75.0
people	anastasia-pivnenko-PRNG6R1nSpQ-unsplash.jpg	turbo	444	90	identity_off	44.983	92.186	0.2154	ImageMagick	90.0
people	anastasia-pivnenko-PRNG6R1nSpQ-unsplash.jpg	turbo	444	90	model_policy	43.937	90.747	0.2733	ImageMagick	90.0
people	anastasia-pivnenko-PRNG6R1nSpQ-unsplash.jpg	turbo	444	90	model_proj	43.858	90.620	0.2754	ImageMagick	90.0
people	anastasia-pivnenko-PRNG6R1nSpQ-unsplash.jpg	mozjpeg	420	15	identity_off	25.470	-9.286	3.5639	Mozjpeg	15.0
people	anastasia-pivnenko-PRNG6R1nSpQ-unsplash.jpg	mozjpeg	420	15	model_policy	25.568	-4.925	3.5098	Mozjpeg	15.0
people	anastasia-pivnenko-PRNG6R1nSpQ-unsplash.jpg	mozjpeg	420	15	model_proj	25.568	-4.931	3.5098	Mozjpeg	15.0
people	anastasia-pivnenko-PRNG6R1nSpQ-unsplash.jpg	mozjpeg	420	35	identity_off	26.480	30.572	2.6126	Mozjpeg	35.0
people	anastasia-pivnenko-PRNG6R1nSpQ-unsplash.jpg	mozjpeg	420	35	model_policy	26.502	30.582	2.6150	Mozjpeg	35.0
people	anastasia-pivnenko-PRNG6R1nSpQ-unsplash.jpg	mozjpeg	420	35	model_proj	26.502	30.599	2.6150	Mozjpeg	35.0
people	anastasia-pivnenko-PRNG6R1nSpQ-unsplash.jpg	mozjpeg	420	55	identity_off	27.078	45.038	2.2392	Mozjpeg	55.0
people	anastasia-pivnenko-PRNG6R1nSpQ-unsplash.jpg	mozjpeg	420	55	model_policy	27.089	44.715	2.2417	Mozjpeg	55.0
people	anastasia-pivnenko-PRNG6R1nSpQ-unsplash.jpg	mozjpeg	420	55	model_proj	27.089	44.715	2.2417	Mozjpeg	55.0
people	anastasia-pivnenko-PRNG6R1nSpQ-unsplash.jpg	mozjpeg	420	75	identity_off	28.099	56.644	1.8705	Mozjpeg	75.0
people	anastasia-pivnenko-PRNG6R1nSpQ-unsplash.jpg	mozjpeg	420	75	model_policy	28.106	56.458	1.8692	Mozjpeg	75.0
people	anastasia-pivnenko-PRNG6R1nSpQ-unsplash.jpg	mozjpeg	420	75	model_proj	28.106	56.463	1.8692	Mozjpeg	75.0
people	anastasia-pivnenko-PRNG6R1nSpQ-unsplash.jpg	mozjpeg	420	90	identity_off	33.570	79.556	0.9442	Mozjpeg	90.0
people	anastasia-pivnenko-PRNG6R1nSpQ-unsplash.jpg	mozjpeg	420	90	model_policy	33.567	79.337	0.9423	Mozjpeg	90.0
people	anastasia-pivnenko-PRNG6R1nSpQ-unsplash.jpg	mozjpeg	420	90	model_proj	33.568	79.358	0.9423	Mozjpeg	90.0
people	anastasia-pivnenko-PRNG6R1nSpQ-unsplash.jpg	mozjpeg	444	15	identity_off	25.577	-6.693	3.5207	Mozjpeg	15.0
people	anastasia-pivnenko-PRNG6R1nSpQ-unsplash.jpg	mozjpeg	444	15	model_policy	25.683	-2.294	3.4656	Mozjpeg	15.0
people	anastasia-pivnenko-PRNG6R1nSpQ-unsplash.jpg	mozjpeg	444	15	model_proj	25.683	-2.290	3.4656	Mozjpeg	15.0
people	anastasia-pivnenko-PRNG6R1nSpQ-unsplash.jpg	mozjpeg	444	35	identity_off	26.576	32.913	2.5961	Mozjpeg	35.0
people	anastasia-pivnenko-PRNG6R1nSpQ-unsplash.jpg	mozjpeg	444	35	model_policy	26.600	32.873	2.5986	Mozjpeg	35.0
people	anastasia-pivnenko-PRNG6R1nSpQ-unsplash.jpg	mozjpeg	444	35	model_proj	26.600	32.867	2.5986	Mozjpeg	35.0
people	anastasia-pivnenko-PRNG6R1nSpQ-unsplash.jpg	mozjpeg	444	55	identity_off	27.163	46.565	2.2318	Mozjpeg	55.0
people	anastasia-pivnenko-PRNG6R1nSpQ-unsplash.jpg	mozjpeg	444	55	model_policy	27.175	46.205	2.2344	Mozjpeg	55.0
people	anastasia-pivnenko-PRNG6R1nSpQ-unsplash.jpg	mozjpeg	444	55	model_proj	27.175	46.214	2.2344	Mozjpeg	55.0
people	anastasia-pivnenko-PRNG6R1nSpQ-unsplash.jpg	mozjpeg	444	75	identity_off	28.138	57.846	1.8661	Mozjpeg	75.0
people	anastasia-pivnenko-PRNG6R1nSpQ-unsplash.jpg	mozjpeg	444	75	model_policy	28.145	57.655	1.8648	Mozjpeg	75.0
people	anastasia-pivnenko-PRNG6R1nSpQ-unsplash.jpg	mozjpeg	444	75	model_proj	28.145	57.661	1.8647	Mozjpeg	75.0
people	anastasia-pivnenko-PRNG6R1nSpQ-unsplash.jpg	mozjpeg	444	90	identity_off	33.584	80.054	0.9430	Mozjpeg	90.0
people	anastasia-pivnenko-PRNG6R1nSpQ-unsplash.jpg	mozjpeg	444	90	model_policy	33.581	79.836	0.9411	Mozjpeg	90.0
people	anastasia-pivnenko-PRNG6R1nSpQ-unsplash.jpg	mozjpeg	444	90	model_proj	33.581	79.845	0.9411	Mozjpeg	90.0
people	anastasia-pivnenko-PRNG6R1nSpQ-unsplash.jpg	jpegli	420	15	identity_off	25.941	20.438	2.9738	CjpegliYcbcr	14.2
people	anastasia-pivnenko-PRNG6R1nSpQ-unsplash.jpg	jpegli	420	15	model_policy	25.979	20.616	2.9773	CjpegliYcbcr	14.2
people	anastasia-pivnenko-PRNG6R1nSpQ-unsplash.jpg	jpegli	420	15	model_proj	25.979	20.617	2.9773	CjpegliYcbcr	14.2
people	anastasia-pivnenko-PRNG6R1nSpQ-unsplash.jpg	jpegli	420	35	identity_off	26.439	36.532	2.5984	CjpegliYcbcr	7.2
people	anastasia-pivnenko-PRNG6R1nSpQ-unsplash.jpg	jpegli	420	35	model_policy	26.440	35.314	2.6191	CjpegliYcbcr	7.2
people	anastasia-pivnenko-PRNG6R1nSpQ-unsplash.jpg	jpegli	420	35	model_proj	26.440	35.304	2.6191	CjpegliYcbcr	7.2
people	anastasia-pivnenko-PRNG6R1nSpQ-unsplash.jpg	jpegli	420	55	identity_off	26.845	44.005	2.3720	CjpegliYcbcr	5.2
people	anastasia-pivnenko-PRNG6R1nSpQ-unsplash.jpg	jpegli	420	55	model_policy	26.825	43.082	2.3923	CjpegliYcbcr	5.2
people	anastasia-pivnenko-PRNG6R1nSpQ-unsplash.jpg	jpegli	420	55	model_proj	26.825	43.082	2.3923	CjpegliYcbcr	5.2
people	anastasia-pivnenko-PRNG6R1nSpQ-unsplash.jpg	jpegli	420	75	identity_off	29.081	60.795	1.7077	CjpegliYcbcr	3.0
people	anastasia-pivnenko-PRNG6R1nSpQ-unsplash.jpg	jpegli	420	75	model_policy	29.078	60.689	1.7073	CjpegliYcbcr	3.0
people	anastasia-pivnenko-PRNG6R1nSpQ-unsplash.jpg	jpegli	420	75	model_proj	29.078	60.680	1.7073	CjpegliYcbcr	3.0
people	anastasia-pivnenko-PRNG6R1nSpQ-unsplash.jpg	jpegli	420	90	identity_off	39.453	86.484	0.5388	CjpegliYcbcr	1.3
people	anastasia-pivnenko-PRNG6R1nSpQ-unsplash.jpg	jpegli	420	90	model_policy	39.275	85.937	0.5406	CjpegliYcbcr	1.3
people	anastasia-pivnenko-PRNG6R1nSpQ-unsplash.jpg	jpegli	420	90	model_proj	39.244	86.169	0.5437	CjpegliYcbcr	1.3
people	anastasia-pivnenko-PRNG6R1nSpQ-unsplash.jpg	jpegli	444	15	identity_off	25.966	23.548	2.8818	CjpegliYcbcr	11.8
people	anastasia-pivnenko-PRNG6R1nSpQ-unsplash.jpg	jpegli	444	15	model_policy	25.998	22.794	2.8932	CjpegliYcbcr	11.8
people	anastasia-pivnenko-PRNG6R1nSpQ-unsplash.jpg	jpegli	444	15	model_proj	25.998	22.799	2.8932	CjpegliYcbcr	11.8
people	anastasia-pivnenko-PRNG6R1nSpQ-unsplash.jpg	jpegli	444	35	identity_off	26.604	40.102	2.4752	CjpegliYcbcr	6.0
people	anastasia-pivnenko-PRNG6R1nSpQ-unsplash.jpg	jpegli	444	35	model_policy	26.591	38.910	2.4990	CjpegliYcbcr	6.0
people	anastasia-pivnenko-PRNG6R1nSpQ-unsplash.jpg	jpegli	444	35	model_proj	26.591	38.916	2.4990	CjpegliYcbcr	6.0
people	anastasia-pivnenko-PRNG6R1nSpQ-unsplash.jpg	jpegli	444	55	identity_off	27.228	48.546	2.1910	CjpegliYcbcr	4.1
people	anastasia-pivnenko-PRNG6R1nSpQ-unsplash.jpg	jpegli	444	55	model_policy	27.211	48.030	2.2023	CjpegliYcbcr	4.1
people	anastasia-pivnenko-PRNG6R1nSpQ-unsplash.jpg	jpegli	444	55	model_proj	27.211	48.028	2.2023	CjpegliYcbcr	4.1
people	anastasia-pivnenko-PRNG6R1nSpQ-unsplash.jpg	jpegli	444	75	identity_off	31.251	68.928	1.3701	CjpegliYcbcr	2.3
people	anastasia-pivnenko-PRNG6R1nSpQ-unsplash.jpg	jpegli	444	75	model_policy	31.223	68.766	1.3706	CjpegliYcbcr	2.3
people	anastasia-pivnenko-PRNG6R1nSpQ-unsplash.jpg	jpegli	444	75	model_proj	31.223	68.767	1.3706	CjpegliYcbcr	2.3
people	anastasia-pivnenko-PRNG6R1nSpQ-unsplash.jpg	jpegli	444	90	identity_off	40.066	87.630	0.4659	CjpegliYcbcr	1.1
people	anastasia-pivnenko-PRNG6R1nSpQ-unsplash.jpg	jpegli	444	90	model_policy	39.906	87.138	0.4684	CjpegliYcbcr	1.1
people	anastasia-pivnenko-PRNG6R1nSpQ-unsplash.jpg	jpegli	444	90	model_proj	39.924	87.340	0.4678	CjpegliYcbcr	1.1
people	anastasia-pivnenko-PRNG6R1nSpQ-unsplash.jpg	zenjpeg	420	15	identity_off	25.938	20.329	2.9737	CjpegliYcbcr	14.2
people	anastasia-pivnenko-PRNG6R1nSpQ-unsplash.jpg	zenjpeg	420	15	model_policy	25.977	20.494	2.9774	CjpegliYcbcr	14.2
people	anastasia-pivnenko-PRNG6R1nSpQ-unsplash.jpg	zenjpeg	420	15	model_proj	25.977	20.491	2.9774	CjpegliYcbcr	14.2
people	anastasia-pivnenko-PRNG6R1nSpQ-unsplash.jpg	zenjpeg	420	35	identity_off	26.433	36.364	2.6043	CjpegliYcbcr	7.2
people	anastasia-pivnenko-PRNG6R1nSpQ-unsplash.jpg	zenjpeg	420	35	model_policy	26.435	35.177	2.6247	CjpegliYcbcr	7.2
people	anastasia-pivnenko-PRNG6R1nSpQ-unsplash.jpg	zenjpeg	420	35	model_proj	26.435	35.172	2.6247	CjpegliYcbcr	7.2
people	anastasia-pivnenko-PRNG6R1nSpQ-unsplash.jpg	zenjpeg	420	55	identity_off	26.842	43.937	2.3743	CjpegliYcbcr	5.2
people	anastasia-pivnenko-PRNG6R1nSpQ-unsplash.jpg	zenjpeg	420	55	model_policy	26.821	43.040	2.3944	CjpegliYcbcr	5.2
people	anastasia-pivnenko-PRNG6R1nSpQ-unsplash.jpg	zenjpeg	420	55	model_proj	26.821	43.045	2.3944	CjpegliYcbcr	5.2
people	anastasia-pivnenko-PRNG6R1nSpQ-unsplash.jpg	zenjpeg	420	75	identity_off	29.066	60.700	1.7126	CjpegliYcbcr	3.0
people	anastasia-pivnenko-PRNG6R1nSpQ-unsplash.jpg	zenjpeg	420	75	model_policy	29.063	60.595	1.7122	CjpegliYcbcr	3.0
people	anastasia-pivnenko-PRNG6R1nSpQ-unsplash.jpg	zenjpeg	420	75	model_proj	29.063	60.613	1.7122	CjpegliYcbcr	3.0
people	anastasia-pivnenko-PRNG6R1nSpQ-unsplash.jpg	zenjpeg	420	90	identity_off	39.438	86.199	0.5410	CjpegliYcbcr	1.3
people	anastasia-pivnenko-PRNG6R1nSpQ-unsplash.jpg	zenjpeg	420	90	model_policy	39.260	85.727	0.5428	CjpegliYcbcr	1.3
people	anastasia-pivnenko-PRNG6R1nSpQ-unsplash.jpg	zenjpeg	420	90	model_proj	39.229	85.997	0.5460	CjpegliYcbcr	1.3
people	anastasia-pivnenko-PRNG6R1nSpQ-unsplash.jpg	zenjpeg	444	15	identity_off	25.964	23.418	2.8829	CjpegliYcbcr	11.8
people	anastasia-pivnenko-PRNG6R1nSpQ-unsplash.jpg	zenjpeg	444	15	model_policy	25.996	22.631	2.8946	CjpegliYcbcr	11.8
people	anastasia-pivnenko-PRNG6R1nSpQ-unsplash.jpg	zenjpeg	444	15	model_proj	25.996	22.628	2.8946	CjpegliYcbcr	11.8
people	anastasia-pivnenko-PRNG6R1nSpQ-unsplash.jpg	zenjpeg	444	35	identity_off	26.598	39.996	2.4775	CjpegliYcbcr	6.0
people	anastasia-pivnenko-PRNG6R1nSpQ-unsplash.jpg	zenjpeg	444	35	model_policy	26.585	38.786	2.5016	CjpegliYcbcr	6.0
people	anastasia-pivnenko-PRNG6R1nSpQ-unsplash.jpg	zenjpeg	444	35	model_proj	26.585	38.799	2.5016	CjpegliYcbcr	6.0
people	anastasia-pivnenko-PRNG6R1nSpQ-unsplash.jpg	zenjpeg	444	55	identity_off	27.220	48.373	2.1942	CjpegliYcbcr	4.1
people	anastasia-pivnenko-PRNG6R1nSpQ-unsplash.jpg	zenjpeg	444	55	model_policy	27.202	47.857	2.2059	CjpegliYcbcr	4.1
people	anastasia-pivnenko-PRNG6R1nSpQ-unsplash.jpg	zenjpeg	444	55	model_proj	27.202	47.855	2.2059	CjpegliYcbcr	4.1
people	anastasia-pivnenko-PRNG6R1nSpQ-unsplash.jpg	zenjpeg	444	75	identity_off	31.222	68.794	1.3777	CjpegliYcbcr	2.3
people	anastasia-pivnenko-PRNG6R1nSpQ-unsplash.jpg	zenjpeg	444	75	model_policy	31.195	68.618	1.3782	CjpegliYcbcr	2.3
people	anastasia-pivnenko-PRNG6R1nSpQ-unsplash.jpg	zenjpeg	444	75	model_proj	31.195	68.615	1.3782	CjpegliYcbcr	2.3
people	anastasia-pivnenko-PRNG6R1nSpQ-unsplash.jpg	zenjpeg	444	90	identity_off	40.032	87.756	0.4678	CjpegliYcbcr	1.1
people	anastasia-pivnenko-PRNG6R1nSpQ-unsplash.jpg	zenjpeg	444	90	model_policy	39.874	87.248	0.4706	CjpegliYcbcr	1.1
people	anastasia-pivnenko-PRNG6R1nSpQ-unsplash.jpg	zenjpeg	444	90	model_proj	39.890	87.312	0.4702	CjpegliYcbcr	1.1
people	ashford-marx-5nEMKAK1WQs-unsplash.jpg	turbo	420	15	identity_off	26.150	29.162	2.9807	Unknown	15.0
people	ashford-marx-5nEMKAK1WQs-unsplash.jpg	turbo	420	15	model_policy	26.392	30.547	2.9251	Unknown	15.0
people	ashford-marx-5nEMKAK1WQs-unsplash.jpg	turbo	420	15	model_proj	26.392	30.548	2.9251	Unknown	15.0
people	ashford-marx-5nEMKAK1WQs-unsplash.jpg	turbo	420	35	identity_off	29.341	61.136	1.7757	ImageMagick	35.0
people	ashford-marx-5nEMKAK1WQs-unsplash.jpg	turbo	420	35	model_policy	29.515	61.664	1.7479	ImageMagick	35.0
people	ashford-marx-5nEMKAK1WQs-unsplash.jpg	turbo	420	35	model_proj	29.515	61.663	1.7479	ImageMagick	35.0
people	ashford-marx-5nEMKAK1WQs-unsplash.jpg	turbo	420	55	identity_off	31.204	70.958	1.3964	ImageMagick	55.0
people	ashford-marx-5nEMKAK1WQs-unsplash.jpg	turbo	420	55	model_policy	31.340	71.229	1.3787	ImageMagick	55.0
people	ashford-marx-5nEMKAK1WQs-unsplash.jpg	turbo	420	55	model_proj	31.340	71.232	1.3787	ImageMagick	55.0
people	ashford-marx-5nEMKAK1WQs-unsplash.jpg	turbo	420	75	identity_off	33.791	79.479	1.0193	ImageMagick	75.0
people	ashford-marx-5nEMKAK1WQs-unsplash.jpg	turbo	420	75	model_policy	33.885	79.636	1.0063	ImageMagick	75.0
people	ashford-marx-5nEMKAK1WQs-unsplash.jpg	turbo	420	75	model_proj	33.885	79.635	1.0063	ImageMagick	75.0
people	ashford-marx-5nEMKAK1WQs-unsplash.jpg	turbo	420	90	identity_off	38.793	88.490	0.5469	ImageMagick	90.0
people	ashford-marx-5nEMKAK1WQs-unsplash.jpg	turbo	420	90	model_policy	38.840	88.533	0.5419	ImageMagick	90.0
people	ashford-marx-5nEMKAK1WQs-unsplash.jpg	turbo	420	90	model_proj	38.851	88.552	0.5405	ImageMagick	90.0
people	ashford-marx-5nEMKAK1WQs-unsplash.jpg	turbo	444	15	identity_off	26.272	33.052	2.9210	Unknown	15.0
people	ashford-marx-5nEMKAK1WQs-unsplash.jpg	turbo	444	15	model_policy	26.522	34.504	2.8653	Unknown	15.0
people	ashford-marx-5nEMKAK1WQs-unsplash.jpg	turbo	444	15	model_proj	26.522	34.504	2.8653	Unknown	15.0
people	ashford-marx-5nEMKAK1WQs-unsplash.jpg	turbo	444	35	identity_off	29.548	64.308	1.7526	ImageMagick	35.0
people	ashford-marx-5nEMKAK1WQs-unsplash.jpg	turbo	444	35	model_policy	29.731	64.863	1.7247	ImageMagick	35.0
people	ashford-marx-5nEMKAK1WQs-unsplash.jpg	turbo	444	35	model_proj	29.731	64.864	1.7247	ImageMagick	35.0
people	ashford-marx-5nEMKAK1WQs-unsplash.jpg	turbo	444	55	identity_off	31.457	73.591	1.3826	ImageMagick	55.0
people	ashford-marx-5nEMKAK1WQs-unsplash.jpg	turbo	444	55	model_policy	31.601	73.892	1.3651	ImageMagick	55.0
people	ashford-marx-5nEMKAK1WQs-unsplash.jpg	turbo	444	55	model_proj	31.601	73.895	1.3651	ImageMagick	55.0
people	ashford-marx-5nEMKAK1WQs-unsplash.jpg	turbo	444	75	identity_off	34.140	81.563	1.0099	ImageMagick	75.0
people	ashford-marx-5nEMKAK1WQs-unsplash.jpg	turbo	444	75	model_policy	34.241	81.722	0.9966	ImageMagick	75.0
people	ashford-marx-5nEMKAK1WQs-unsplash.jpg	turbo	444	75	model_proj	34.241	81.736	0.9965	ImageMagick	75.0
people	ashford-marx-5nEMKAK1WQs-unsplash.jpg	turbo	444	90	identity_off	39.560	90.090	0.5380	ImageMagick	90.0
people	ashford-marx-5nEMKAK1WQs-unsplash.jpg	turbo	444	90	model_policy	39.616	90.112	0.5330	ImageMagick	90.0
people	ashford-marx-5nEMKAK1WQs-unsplash.jpg	turbo	444	90	model_proj	39.625	90.150	0.5323	ImageMagick	90.0
people	ashford-marx-5nEMKAK1WQs-unsplash.jpg	mozjpeg	420	15	identity_off	24.894	15.974	3.6097	Mozjpeg	15.0
people	ashford-marx-5nEMKAK1WQs-unsplash.jpg	mozjpeg	420	15	model_policy	25.095	16.911	3.5594	Mozjpeg	15.0
people	ashford-marx-5nEMKAK1WQs-unsplash.jpg	mozjpeg	420	15	model_proj	25.095	16.911	3.5594	Mozjpeg	15.0
people	ashford-marx-5nEMKAK1WQs-unsplash.jpg	mozjpeg	420	35	identity_off	28.253	54.949	2.0768	Mozjpeg	35.0
people	ashford-marx-5nEMKAK1WQs-unsplash.jpg	mozjpeg	420	35	model_policy	28.455	55.409	2.0415	Mozjpeg	35.0
people	ashford-marx-5nEMKAK1WQs-unsplash.jpg	mozjpeg	420	35	model_proj	28.455	55.414	2.0415	Mozjpeg	35.0
people	ashford-marx-5nEMKAK1WQs-unsplash.jpg	mozjpeg	420	55	identity_off	30.128	67.330	1.6003	Mozjpeg	55.0
people	ashford-marx-5nEMKAK1WQs-unsplash.jpg	mozjpeg	420	55	model_policy	30.296	67.550	1.5774	Mozjpeg	55.0
people	ashford-marx-5nEMKAK1WQs-unsplash.jpg	mozjpeg	420	55	model_proj	30.296	67.551	1.5774	Mozjpeg	55.0
people	ashford-marx-5nEMKAK1WQs-unsplash.jpg	mozjpeg	420	75	identity_off	32.667	77.606	1.1678	Mozjpeg	75.0
people	ashford-marx-5nEMKAK1WQs-unsplash.jpg	mozjpeg	420	75	model_policy	32.779	77.740	1.1572	Mozjpeg	75.0
people	ashford-marx-5nEMKAK1WQs-unsplash.jpg	mozjpeg	420	75	model_proj	32.779	77.740	1.1572	Mozjpeg	75.0
people	ashford-marx-5nEMKAK1WQs-unsplash.jpg	mozjpeg	420	90	identity_off	37.207	87.021	0.6759	Mozjpeg	90.0
people	ashford-marx-5nEMKAK1WQs-unsplash.jpg	mozjpeg	420	90	model_policy	37.250	87.013	0.6729	Mozjpeg	90.0
people	ashford-marx-5nEMKAK1WQs-unsplash.jpg	mozjpeg	420	90	model_proj	37.252	87.033	0.6725	Mozjpeg	90.0
people	ashford-marx-5nEMKAK1WQs-unsplash.jpg	mozjpeg	444	15	identity_off	24.986	18.750	3.5662	Mozjpeg	15.0
people	ashford-marx-5nEMKAK1WQs-unsplash.jpg	mozjpeg	444	15	model_policy	25.192	19.708	3.5159	Mozjpeg	15.0
people	ashford-marx-5nEMKAK1WQs-unsplash.jpg	mozjpeg	444	15	model_proj	25.192	19.716	3.5159	Mozjpeg	15.0
people	ashford-marx-5nEMKAK1WQs-unsplash.jpg	mozjpeg	444	35	identity_off	28.405	57.578	2.0626	Mozjpeg	35.0
people	ashford-marx-5nEMKAK1WQs-unsplash.jpg	mozjpeg	444	35	model_policy	28.614	58.095	2.0268	Mozjpeg	35.0
people	ashford-marx-5nEMKAK1WQs-unsplash.jpg	mozjpeg	444	35	model_proj	28.614	58.096	2.0268	Mozjpeg	35.0
people	ashford-marx-5nEMKAK1WQs-unsplash.jpg	mozjpeg	444	55	identity_off	30.300	69.154	1.5897	Mozjpeg	55.0
people	ashford-marx-5nEMKAK1WQs-unsplash.jpg	mozjpeg	444	55	model_policy	30.475	69.368	1.5669	Mozjpeg	55.0
people	ashford-marx-5nEMKAK1WQs-unsplash.jpg	mozjpeg	444	55	model_proj	30.475	69.372	1.5669	Mozjpeg	55.0
people	ashford-marx-5nEMKAK1WQs-unsplash.jpg	mozjpeg	444	75	identity_off	32.888	79.112	1.1607	Mozjpeg	75.0
people	ashford-marx-5nEMKAK1WQs-unsplash.jpg	mozjpeg	444	75	model_policy	33.006	79.262	1.1502	Mozjpeg	75.0
people	ashford-marx-5nEMKAK1WQs-unsplash.jpg	mozjpeg	444	75	model_proj	33.006	79.258	1.1502	Mozjpeg	75.0
people	ashford-marx-5nEMKAK1WQs-unsplash.jpg	mozjpeg	444	90	identity_off	37.563	88.049	0.6709	Mozjpeg	90.0
people	ashford-marx-5nEMKAK1WQs-unsplash.jpg	mozjpeg	444	90	model_policy	37.608	88.034	0.6678	Mozjpeg	90.0
people	ashford-marx-5nEMKAK1WQs-unsplash.jpg	mozjpeg	444	90	model_proj	37.610	88.065	0.6676	Mozjpeg	90.0
people	ashford-marx-5nEMKAK1WQs-unsplash.jpg	jpegli	420	15	identity_off	25.949	40.904	2.8166	CjpegliYcbcr	14.2
people	ashford-marx-5nEMKAK1WQs-unsplash.jpg	jpegli	420	15	model_policy	26.144	40.736	2.7861	CjpegliYcbcr	14.2
people	ashford-marx-5nEMKAK1WQs-unsplash.jpg	jpegli	420	15	model_proj	26.144	40.737	2.7861	CjpegliYcbcr	14.2
people	ashford-marx-5nEMKAK1WQs-unsplash.jpg	jpegli	420	35	identity_off	28.484	60.645	1.9665	CjpegliYcbcr	7.2
people	ashford-marx-5nEMKAK1WQs-unsplash.jpg	jpegli	420	35	model_policy	28.662	60.668	1.9400	CjpegliYcbcr	7.2
people	ashford-marx-5nEMKAK1WQs-unsplash.jpg	jpegli	420	35	model_proj	28.662	60.667	1.9400	CjpegliYcbcr	7.2
people	ashford-marx-5nEMKAK1WQs-unsplash.jpg	jpegli	420	55	identity_off	30.111	68.289	1.6019	CjpegliYcbcr	5.2
people	ashford-marx-5nEMKAK1WQs-unsplash.jpg	jpegli	420	55	model_policy	30.254	68.390	1.5811	CjpegliYcbcr	5.2
people	ashford-marx-5nEMKAK1WQs-unsplash.jpg	jpegli	420	55	model_proj	30.254	68.395	1.5811	CjpegliYcbcr	5.2
people	ashford-marx-5nEMKAK1WQs-unsplash.jpg	jpegli	420	75	identity_off	32.980	77.553	1.1284	CjpegliYcbcr	3.0
people	ashford-marx-5nEMKAK1WQs-unsplash.jpg	jpegli	420	75	model_policy	33.059	77.625	1.1178	CjpegliYcbcr	3.0
people	ashford-marx-5nEMKAK1WQs-unsplash.jpg	jpegli	420	75	model_proj	33.059	77.669	1.1177	CjpegliYcbcr	3.0
people	ashford-marx-5nEMKAK1WQs-unsplash.jpg	jpegli	420	90	identity_off	37.827	86.952	0.6011	CjpegliYcbcr	1.3
people	ashford-marx-5nEMKAK1WQs-unsplash.jpg	jpegli	420	90	model_policy	37.844	86.960	0.5986	CjpegliYcbcr	1.3
people	ashford-marx-5nEMKAK1WQs-unsplash.jpg	jpegli	420	90	model_proj	37.848	87.049	0.5980	CjpegliYcbcr	1.3
people	ashford-marx-5nEMKAK1WQs-unsplash.jpg	jpegli	444	15	identity_off	26.566	45.631	2.5262	CjpegliYcbcr	11.8
people	ashford-marx-5nEMKAK1WQs-unsplash.jpg	jpegli	444	15	model_policy	26.760	45.537	2.4945	CjpegliYcbcr	11.8
people	ashford-marx-5nEMKAK1WQs-unsplash.jpg	jpegli	444	15	model_proj	26.760	45.534	2.4945	CjpegliYcbcr	11.8
people	ashford-marx-5nEMKAK1WQs-unsplash.jpg	jpegli	444	35	identity_off	29.340	64.643	1.7441	CjpegliYcbcr	6.0
people	ashford-marx-5nEMKAK1WQs-unsplash.jpg	jpegli	444	35	model_policy	29.496	64.614	1.7213	CjpegliYcbcr	6.0
people	ashford-marx-5nEMKAK1WQs-unsplash.jpg	jpegli	444	35	model_proj	29.496	64.609	1.7213	CjpegliYcbcr	6.0
people	ashford-marx-5nEMKAK1WQs-unsplash.jpg	jpegli	444	55	identity_off	31.044	71.694	1.4182	CjpegliYcbcr	4.1
people	ashford-marx-5nEMKAK1WQs-unsplash.jpg	jpegli	444	55	model_policy	31.162	71.771	1.4022	CjpegliYcbcr	4.1
people	ashford-marx-5nEMKAK1WQs-unsplash.jpg	jpegli	444	55	model_proj	31.162	71.773	1.4022	CjpegliYcbcr	4.1
people	ashford-marx-5nEMKAK1WQs-unsplash.jpg	jpegli	444	75	identity_off	33.901	79.919	0.9953	CjpegliYcbcr	2.3
people	ashford-marx-5nEMKAK1WQs-unsplash.jpg	jpegli	444	75	model_policy	33.963	79.978	0.9876	CjpegliYcbcr	2.3
people	ashford-marx-5nEMKAK1WQs-unsplash.jpg	jpegli	444	75	model_proj	33.963	79.989	0.9876	CjpegliYcbcr	2.3
people	ashford-marx-5nEMKAK1WQs-unsplash.jpg	jpegli	444	90	identity_off	38.867	88.338	0.5169	CjpegliYcbcr	1.1
people	ashford-marx-5nEMKAK1WQs-unsplash.jpg	jpegli	444	90	model_policy	38.874	88.316	0.5154	CjpegliYcbcr	1.1
people	ashford-marx-5nEMKAK1WQs-unsplash.jpg	jpegli	444	90	model_proj	38.888	88.392	0.5150	CjpegliYcbcr	1.1
people	ashford-marx-5nEMKAK1WQs-unsplash.jpg	zenjpeg	420	15	identity_off	25.934	40.775	2.8233	CjpegliYcbcr	14.2
people	ashford-marx-5nEMKAK1WQs-unsplash.jpg	zenjpeg	420	15	model_policy	26.129	40.657	2.7925	CjpegliYcbcr	14.2
people	ashford-marx-5nEMKAK1WQs-unsplash.jpg	zenjpeg	420	15	model_proj	26.129	40.656	2.7925	CjpegliYcbcr	14.2
people	ashford-marx-5nEMKAK1WQs-unsplash.jpg	zenjpeg	420	35	identity_off	28.460	60.495	1.9725	CjpegliYcbcr	7.2
people	ashford-marx-5nEMKAK1WQs-unsplash.jpg	zenjpeg	420	35	model_policy	28.638	60.505	1.9457	CjpegliYcbcr	7.2
people	ashford-marx-5nEMKAK1WQs-unsplash.jpg	zenjpeg	420	35	model_proj	28.638	60.507	1.9457	CjpegliYcbcr	7.2
people	ashford-marx-5nEMKAK1WQs-unsplash.jpg	zenjpeg	420	55	identity_off	30.083	68.144	1.6060	CjpegliYcbcr	5.2
people	ashford-marx-5nEMKAK1WQs-unsplash.jpg	zenjpeg	420	55	model_policy	30.226	68.242	1.5854	CjpegliYcbcr	5.2
people	ashford-marx-5nEMKAK1WQs-unsplash.jpg	zenjpeg	420	55	model_proj	30.226	68.243	1.5854	CjpegliYcbcr	5.2
people	ashford-marx-5nEMKAK1WQs-unsplash.jpg	zenjpeg	420	75	identity_off	32.950	77.455	1.1312	CjpegliYcbcr	3.0
people	ashford-marx-5nEMKAK1WQs-unsplash.jpg	zenjpeg	420	75	model_policy	33.030	77.574	1.1205	CjpegliYcbcr	3.0
people	ashford-marx-5nEMKAK1WQs-unsplash.jpg	zenjpeg	420	75	model_proj	33.030	77.567	1.1204	CjpegliYcbcr	3.0
people	ashford-marx-5nEMKAK1WQs-unsplash.jpg	zenjpeg	420	90	identity_off	37.783	86.958	0.6036	CjpegliYcbcr	1.3
people	ashford-marx-5nEMKAK1WQs-unsplash.jpg	zenjpeg	420	90	model_policy	37.800	86.932	0.6007	CjpegliYcbcr	1.3
people	ashford-marx-5nEMKAK1WQs-unsplash.jpg	zenjpeg	420	90	model_proj	37.802	86.977	0.5999	CjpegliYcbcr	1.3
people	ashford-marx-5nEMKAK1WQs-unsplash.jpg	zenjpeg	444	15	identity_off	26.550	45.627	2.5329	CjpegliYcbcr	11.8
people	ashford-marx-5nEMKAK1WQs-unsplash.jpg	zenjpeg	444	15	model_policy	26.744	45.518	2.5013	CjpegliYcbcr	11.8
people	ashford-marx-5nEMKAK1WQs-unsplash.jpg	zenjpeg	444	15	model_proj	26.744	45.525	2.5013	CjpegliYcbcr	11.8
people	ashford-marx-5nEMKAK1WQs-unsplash.jpg	zenjpeg	444	35	identity_off	29.318	64.370	1.7512	CjpegliYcbcr	6.0
people	ashford-marx-5nEMKAK1WQs-unsplash.jpg	zenjpeg	444	35	model_policy	29.475	64.338	1.7285	CjpegliYcbcr	6.0
people	ashford-marx-5nEMKAK1WQs-unsplash.jpg	zenjpeg	444	35	model_proj	29.475	64.341	1.7285	CjpegliYcbcr	6.0
people	ashford-marx-5nEMKAK1WQs-unsplash.jpg	zenjpeg	444	55	identity_off	31.013	71.696	1.4227	CjpegliYcbcr	4.1
people	ashford-marx-5nEMKAK1WQs-unsplash.jpg	zenjpeg	444	55	model_policy	31.131	71.793	1.4068	CjpegliYcbcr	4.1
people	ashford-marx-5nEMKAK1WQs-unsplash.jpg	zenjpeg	444	55	model_proj	31.131	71.781	1.4068	CjpegliYcbcr	4.1
people	ashford-marx-5nEMKAK1WQs-unsplash.jpg	zenjpeg	444	75	identity_off	33.869	79.919	0.9995	CjpegliYcbcr	2.3
people	ashford-marx-5nEMKAK1WQs-unsplash.jpg	zenjpeg	444	75	model_policy	33.932	79.975	0.9918	CjpegliYcbcr	2.3
people	ashford-marx-5nEMKAK1WQs-unsplash.jpg	zenjpeg	444	75	model_proj	33.932	79.974	0.9918	CjpegliYcbcr	2.3
people	ashford-marx-5nEMKAK1WQs-unsplash.jpg	zenjpeg	444	90	identity_off	38.831	88.275	0.5190	CjpegliYcbcr	1.1
people	ashford-marx-5nEMKAK1WQs-unsplash.jpg	zenjpeg	444	90	model_policy	38.838	88.230	0.5179	CjpegliYcbcr	1.1
people	ashford-marx-5nEMKAK1WQs-unsplash.jpg	zenjpeg	444	90	model_proj	38.849	88.314	0.5179	CjpegliYcbcr	1.1
screen	archive__details-collection__1440x900__dpr1.png	turbo	420	15	identity_off	40.114	85.700	4.7848	Unknown	15.0
screen	archive__details-collection__1440x900__dpr1.png	turbo	420	15	model_policy	37.407	89.493	6.0867	Unknown	15.0
screen	archive__details-collection__1440x900__dpr1.png	turbo	420	15	model_proj	37.407	89.493	6.0867	Unknown	15.0
screen	archive__details-collection__1440x900__dpr1.png	turbo	420	35	identity_off	48.131	90.220	2.3578	ImageMagick	35.0
screen	archive__details-collection__1440x900__dpr1.png	turbo	420	35	model_policy	48.142	89.521	2.3536	ImageMagick	35.0
screen	archive__details-collection__1440x900__dpr1.png	turbo	420	35	model_proj	48.142	89.521	2.3536	ImageMagick	35.0
screen	archive__details-collection__1440x900__dpr1.png	turbo	420	55	identity_off	45.912	88.295	2.6346	ImageMagick	55.0
screen	archive__details-collection__1440x900__dpr1.png	turbo	420	55	model_policy	45.912	88.174	2.6346	ImageMagick	55.0
screen	archive__details-collection__1440x900__dpr1.png	turbo	420	55	model_proj	45.912	88.174	2.6346	ImageMagick	55.0
screen	archive__details-collection__1440x900__dpr1.png	turbo	420	75	identity_off	99.000	100.000	0.0000	ImageMagick	75.0
screen	archive__details-collection__1440x900__dpr1.png	turbo	420	75	model_policy	71.579	93.787	0.1411	ImageMagick	75.0
screen	archive__details-collection__1440x900__dpr1.png	turbo	420	75	model_proj	71.579	93.787	0.1411	ImageMagick	75.0
screen	archive__details-collection__1440x900__dpr1.png	turbo	420	90	identity_off	99.000	100.000	0.0000	ImageMagick	90.0
screen	archive__details-collection__1440x900__dpr1.png	turbo	420	90	model_policy	71.579	93.787	0.1411	ImageMagick	90.0
screen	archive__details-collection__1440x900__dpr1.png	turbo	420	90	model_proj	65.743	90.006	0.2274	ImageMagick	90.0
screen	archive__details-collection__1440x900__dpr1.png	turbo	444	15	identity_off	40.114	85.700	4.7848	Unknown	15.0
screen	archive__details-collection__1440x900__dpr1.png	turbo	444	15	model_policy	37.407	89.493	6.0867	Unknown	15.0
screen	archive__details-collection__1440x900__dpr1.png	turbo	444	15	model_proj	37.407	89.493	6.0867	Unknown	15.0
screen	archive__details-collection__1440x900__dpr1.png	turbo	444	35	identity_off	48.131	90.220	2.3578	ImageMagick	35.0
screen	archive__details-collection__1440x900__dpr1.png	turbo	444	35	model_policy	48.142	89.521	2.3536	ImageMagick	35.0
screen	archive__details-collection__1440x900__dpr1.png	turbo	444	35	model_proj	48.142	89.521	2.3536	ImageMagick	35.0
screen	archive__details-collection__1440x900__dpr1.png	turbo	444	55	identity_off	45.912	88.295	2.6346	ImageMagick	55.0
screen	archive__details-collection__1440x900__dpr1.png	turbo	444	55	model_policy	45.912	88.174	2.6346	ImageMagick	55.0
screen	archive__details-collection__1440x900__dpr1.png	turbo	444	55	model_proj	45.912	88.174	2.6346	ImageMagick	55.0
screen	archive__details-collection__1440x900__dpr1.png	turbo	444	75	identity_off	99.000	100.000	0.0000	ImageMagick	75.0
screen	archive__details-collection__1440x900__dpr1.png	turbo	444	75	model_policy	71.579	93.787	0.1411	ImageMagick	75.0
screen	archive__details-collection__1440x900__dpr1.png	turbo	444	75	model_proj	71.579	93.787	0.1411	ImageMagick	75.0
screen	archive__details-collection__1440x900__dpr1.png	turbo	444	90	identity_off	99.000	100.000	0.0000	ImageMagick	90.0
screen	archive__details-collection__1440x900__dpr1.png	turbo	444	90	model_policy	71.579	93.787	0.1411	ImageMagick	90.0
screen	archive__details-collection__1440x900__dpr1.png	turbo	444	90	model_proj	65.587	90.066	0.2345	ImageMagick	90.0
screen	archive__details-collection__1440x900__dpr1.png	mozjpeg	420	15	identity_off	40.114	85.700	4.7848	Mozjpeg	15.0
screen	archive__details-collection__1440x900__dpr1.png	mozjpeg	420	15	model_policy	37.407	89.493	6.0867	Mozjpeg	15.0
screen	archive__details-collection__1440x900__dpr1.png	mozjpeg	420	15	model_proj	37.407	89.493	6.0867	Mozjpeg	15.0
screen	archive__details-collection__1440x900__dpr1.png	mozjpeg	420	35	identity_off	48.131	90.220	2.3578	Mozjpeg	35.0
screen	archive__details-collection__1440x900__dpr1.png	mozjpeg	420	35	model_policy	48.142	89.521	2.3536	Mozjpeg	35.0
screen	archive__details-collection__1440x900__dpr1.png	mozjpeg	420	35	model_proj	48.142	89.521	2.3536	Mozjpeg	35.0
screen	archive__details-collection__1440x900__dpr1.png	mozjpeg	420	55	identity_off	45.912	88.295	2.6346	Mozjpeg	55.0
screen	archive__details-collection__1440x900__dpr1.png	mozjpeg	420	55	model_policy	45.912	88.174	2.6346	Mozjpeg	55.0
screen	archive__details-collection__1440x900__dpr1.png	mozjpeg	420	55	model_proj	45.912	88.174	2.6346	Mozjpeg	55.0
screen	archive__details-collection__1440x900__dpr1.png	mozjpeg	420	75	identity_off	99.000	100.000	0.0000	Mozjpeg	75.0
screen	archive__details-collection__1440x900__dpr1.png	mozjpeg	420	75	model_policy	71.579	93.787	0.1411	Mozjpeg	75.0
screen	archive__details-collection__1440x900__dpr1.png	mozjpeg	420	75	model_proj	71.579	93.787	0.1411	Mozjpeg	75.0
screen	archive__details-collection__1440x900__dpr1.png	mozjpeg	420	90	identity_off	99.000	100.000	0.0000	Mozjpeg	90.0
screen	archive__details-collection__1440x900__dpr1.png	mozjpeg	420	90	model_policy	71.579	93.787	0.1411	Mozjpeg	90.0
screen	archive__details-collection__1440x900__dpr1.png	mozjpeg	420	90	model_proj	68.577	94.625	0.1821	Mozjpeg	90.0
screen	archive__details-collection__1440x900__dpr1.png	mozjpeg	444	15	identity_off	40.114	85.700	4.7848	Mozjpeg	15.0
screen	archive__details-collection__1440x900__dpr1.png	mozjpeg	444	15	model_policy	37.407	89.493	6.0867	Mozjpeg	15.0
screen	archive__details-collection__1440x900__dpr1.png	mozjpeg	444	15	model_proj	37.407	89.493	6.0867	Mozjpeg	15.0
screen	archive__details-collection__1440x900__dpr1.png	mozjpeg	444	35	identity_off	48.131	90.220	2.3578	Mozjpeg	35.0
screen	archive__details-collection__1440x900__dpr1.png	mozjpeg	444	35	model_policy	48.142	89.521	2.3536	Mozjpeg	35.0
screen	archive__details-collection__1440x900__dpr1.png	mozjpeg	444	35	model_proj	48.142	89.521	2.3536	Mozjpeg	35.0
screen	archive__details-collection__1440x900__dpr1.png	mozjpeg	444	55	identity_off	45.912	88.295	2.6346	Mozjpeg	55.0
screen	archive__details-collection__1440x900__dpr1.png	mozjpeg	444	55	model_policy	45.912	88.174	2.6346	Mozjpeg	55.0
screen	archive__details-collection__1440x900__dpr1.png	mozjpeg	444	55	model_proj	45.912	88.174	2.6346	Mozjpeg	55.0
screen	archive__details-collection__1440x900__dpr1.png	mozjpeg	444	75	identity_off	99.000	100.000	0.0000	Mozjpeg	75.0
screen	archive__details-collection__1440x900__dpr1.png	mozjpeg	444	75	model_policy	71.579	93.787	0.1411	Mozjpeg	75.0
screen	archive__details-collection__1440x900__dpr1.png	mozjpeg	444	75	model_proj	71.579	93.787	0.1411	Mozjpeg	75.0
screen	archive__details-collection__1440x900__dpr1.png	mozjpeg	444	90	identity_off	99.000	100.000	0.0000	Mozjpeg	90.0
screen	archive__details-collection__1440x900__dpr1.png	mozjpeg	444	90	model_policy	71.579	93.787	0.1411	Mozjpeg	90.0
screen	archive__details-collection__1440x900__dpr1.png	mozjpeg	444	90	model_proj	68.883	93.781	0.1819	Mozjpeg	90.0
screen	archive__details-collection__1440x900__dpr1.png	jpegli	420	15	identity_off	48.131	90.220	2.3578	CjpegliYcbcr	14.2
screen	archive__details-collection__1440x900__dpr1.png	jpegli	420	15	model_policy	48.142	89.521	2.3536	CjpegliYcbcr	14.2
screen	archive__details-collection__1440x900__dpr1.png	jpegli	420	15	model_proj	48.142	89.521	2.3536	CjpegliYcbcr	14.2
screen	archive__details-collection__1440x900__dpr1.png	jpegli	420	35	identity_off	45.912	88.352	1.4854	CjpegliYcbcr	7.2
screen	archive__details-collection__1440x900__dpr1.png	jpegli	420	35	model_policy	45.904	88.255	1.4849	CjpegliYcbcr	7.2
screen	archive__details-collection__1440x900__dpr1.png	jpegli	420	35	model_proj	45.904	88.255	1.4849	CjpegliYcbcr	7.2
screen	archive__details-collection__1440x900__dpr1.png	jpegli	420	55	identity_off	48.131	86.446	1.4175	CjpegliYcbcr	5.2
screen	archive__details-collection__1440x900__dpr1.png	jpegli	420	55	model_policy	42.221	89.004	2.8018	CjpegliYcbcr	5.2
screen	archive__details-collection__1440x900__dpr1.png	jpegli	420	55	model_proj	42.221	89.004	2.8018	CjpegliYcbcr	5.2
screen	archive__details-collection__1440x900__dpr1.png	jpegli	420	75	identity_off	99.000	100.000	0.0000	CjpegliYcbcr	3.0
screen	archive__details-collection__1440x900__dpr1.png	jpegli	420	75	model_policy	71.579	93.787	0.1411	CjpegliYcbcr	3.0
screen	archive__details-collection__1440x900__dpr1.png	jpegli	420	75	model_proj	71.579	93.787	0.1411	CjpegliYcbcr	3.0
screen	archive__details-collection__1440x900__dpr1.png	jpegli	420	90	identity_off	99.000	100.000	0.0000	CjpegliYcbcr	1.3
screen	archive__details-collection__1440x900__dpr1.png	jpegli	420	90	model_policy	71.579	93.787	0.1411	CjpegliYcbcr	1.3
screen	archive__details-collection__1440x900__dpr1.png	jpegli	420	90	model_proj	65.148	90.092	0.2443	CjpegliYcbcr	1.3
screen	archive__details-collection__1440x900__dpr1.png	jpegli	444	15	identity_off	42.488	87.634	2.0371	CjpegliYcbcr	11.8
screen	archive__details-collection__1440x900__dpr1.png	jpegli	444	15	model_policy	42.488	87.441	2.0371	CjpegliYcbcr	11.8
screen	archive__details-collection__1440x900__dpr1.png	jpegli	444	15	model_proj	42.488	87.441	2.0371	CjpegliYcbcr	11.8
screen	archive__details-collection__1440x900__dpr1.png	jpegli	444	35	identity_off	48.131	90.220	2.3578	CjpegliYcbcr	6.0
screen	archive__details-collection__1440x900__dpr1.png	jpegli	444	35	model_policy	48.142	89.521	2.3536	CjpegliYcbcr	6.0
screen	archive__details-collection__1440x900__dpr1.png	jpegli	444	35	model_proj	48.142	89.521	2.3536	CjpegliYcbcr	6.0
screen	archive__details-collection__1440x900__dpr1.png	jpegli	444	55	identity_off	48.131	90.220	2.3578	CjpegliYcbcr	4.1
screen	archive__details-collection__1440x900__dpr1.png	jpegli	444	55	model_policy	48.142	89.521	2.3536	CjpegliYcbcr	4.1
screen	archive__details-collection__1440x900__dpr1.png	jpegli	444	55	model_proj	48.142	89.521	2.3536	CjpegliYcbcr	4.1
screen	archive__details-collection__1440x900__dpr1.png	jpegli	444	75	identity_off	45.912	88.295	2.6346	CjpegliYcbcr	2.3
screen	archive__details-collection__1440x900__dpr1.png	jpegli	444	75	model_policy	45.912	88.174	2.6346	CjpegliYcbcr	2.3
screen	archive__details-collection__1440x900__dpr1.png	jpegli	444	75	model_proj	45.912	88.174	2.6346	CjpegliYcbcr	2.3
screen	archive__details-collection__1440x900__dpr1.png	jpegli	444	90	identity_off	99.000	100.000	0.0000	CjpegliYcbcr	1.1
screen	archive__details-collection__1440x900__dpr1.png	jpegli	444	90	model_policy	71.579	93.787	0.1411	CjpegliYcbcr	1.1
screen	archive__details-collection__1440x900__dpr1.png	jpegli	444	90	model_proj	70.994	95.265	0.1417	CjpegliYcbcr	1.1
screen	archive__details-collection__1440x900__dpr1.png	zenjpeg	420	15	identity_off	48.131	90.220	2.3578	CjpegliYcbcr	14.2
screen	archive__details-collection__1440x900__dpr1.png	zenjpeg	420	15	model_policy	48.142	89.521	2.3536	CjpegliYcbcr	14.2
screen	archive__details-collection__1440x900__dpr1.png	zenjpeg	420	15	model_proj	48.142	89.521	2.3536	CjpegliYcbcr	14.2
screen	archive__details-collection__1440x900__dpr1.png	zenjpeg	420	35	identity_off	45.912	88.352	1.4854	CjpegliYcbcr	7.2
screen	archive__details-collection__1440x900__dpr1.png	zenjpeg	420	35	model_policy	45.904	88.255	1.4849	CjpegliYcbcr	7.2
screen	archive__details-collection__1440x900__dpr1.png	zenjpeg	420	35	model_proj	45.904	88.255	1.4849	CjpegliYcbcr	7.2
screen	archive__details-collection__1440x900__dpr1.png	zenjpeg	420	55	identity_off	48.131	93.654	1.4221	CjpegliYcbcr	5.2
screen	archive__details-collection__1440x900__dpr1.png	zenjpeg	420	55	model_policy	48.134	93.172	1.4224	CjpegliYcbcr	5.2
screen	archive__details-collection__1440x900__dpr1.png	zenjpeg	420	55	model_proj	48.134	93.172	1.4224	CjpegliYcbcr	5.2
screen	archive__details-collection__1440x900__dpr1.png	zenjpeg	420	75	identity_off	99.000	100.000	0.0000	CjpegliYcbcr	3.0
screen	archive__details-collection__1440x900__dpr1.png	zenjpeg	420	75	model_policy	71.579	93.787	0.1411	CjpegliYcbcr	3.0
screen	archive__details-collection__1440x900__dpr1.png	zenjpeg	420	75	model_proj	71.579	93.787	0.1411	CjpegliYcbcr	3.0
screen	archive__details-collection__1440x900__dpr1.png	zenjpeg	420	90	identity_off	99.000	100.000	0.0000	CjpegliYcbcr	1.3
screen	archive__details-collection__1440x900__dpr1.png	zenjpeg	420	90	model_policy	71.579	93.787	0.1411	CjpegliYcbcr	1.3
screen	archive__details-collection__1440x900__dpr1.png	zenjpeg	420	90	model_proj	65.437	90.082	0.2389	CjpegliYcbcr	1.3
screen	archive__details-collection__1440x900__dpr1.png	zenjpeg	444	15	identity_off	42.488	87.634	2.0371	CjpegliYcbcr	11.8
screen	archive__details-collection__1440x900__dpr1.png	zenjpeg	444	15	model_policy	42.488	87.441	2.0371	CjpegliYcbcr	11.8
screen	archive__details-collection__1440x900__dpr1.png	zenjpeg	444	15	model_proj	42.488	87.441	2.0371	CjpegliYcbcr	11.8
screen	archive__details-collection__1440x900__dpr1.png	zenjpeg	444	35	identity_off	48.131	90.220	2.3578	CjpegliYcbcr	6.0
screen	archive__details-collection__1440x900__dpr1.png	zenjpeg	444	35	model_policy	48.142	89.521	2.3536	CjpegliYcbcr	6.0
screen	archive__details-collection__1440x900__dpr1.png	zenjpeg	444	35	model_proj	48.142	89.521	2.3536	CjpegliYcbcr	6.0
screen	archive__details-collection__1440x900__dpr1.png	zenjpeg	444	55	identity_off	46.881	92.335	1.6860	CjpegliYcbcr	4.1
screen	archive__details-collection__1440x900__dpr1.png	zenjpeg	444	55	model_policy	46.888	92.184	1.6846	CjpegliYcbcr	4.1
screen	archive__details-collection__1440x900__dpr1.png	zenjpeg	444	55	model_proj	46.888	92.184	1.6846	CjpegliYcbcr	4.1
screen	archive__details-collection__1440x900__dpr1.png	zenjpeg	444	75	identity_off	45.912	88.295	2.6346	CjpegliYcbcr	2.3
screen	archive__details-collection__1440x900__dpr1.png	zenjpeg	444	75	model_policy	45.912	88.174	2.6346	CjpegliYcbcr	2.3
screen	archive__details-collection__1440x900__dpr1.png	zenjpeg	444	75	model_proj	45.912	88.174	2.6346	CjpegliYcbcr	2.3
screen	archive__details-collection__1440x900__dpr1.png	zenjpeg	444	90	identity_off	99.000	100.000	0.0000	CjpegliYcbcr	1.1
screen	archive__details-collection__1440x900__dpr1.png	zenjpeg	444	90	model_policy	71.579	93.787	0.1411	CjpegliYcbcr	1.1
screen	archive__details-collection__1440x900__dpr1.png	zenjpeg	444	90	model_proj	73.029	95.110	0.0985	CjpegliYcbcr	1.1
screen	archive__wayback-search__1440x900__dpr1.png	turbo	420	15	identity_off	27.357	39.677	3.4757	Unknown	15.0
screen	archive__wayback-search__1440x900__dpr1.png	turbo	420	15	model_policy	28.152	43.975	3.1843	Unknown	15.0
screen	archive__wayback-search__1440x900__dpr1.png	turbo	420	15	model_proj	28.157	43.994	3.1844	Unknown	15.0
screen	archive__wayback-search__1440x900__dpr1.png	turbo	420	35	identity_off	30.287	59.328	2.2584	ImageMagick	35.0
screen	archive__wayback-search__1440x900__dpr1.png	turbo	420	35	model_policy	31.311	64.135	1.8788	ImageMagick	35.0
screen	archive__wayback-search__1440x900__dpr1.png	turbo	420	35	model_proj	31.323	64.237	1.8784	ImageMagick	35.0
screen	archive__wayback-search__1440x900__dpr1.png	turbo	420	55	identity_off	31.968	67.077	1.8603	ImageMagick	55.0
screen	archive__wayback-search__1440x900__dpr1.png	turbo	420	55	model_policy	33.012	71.693	1.4898	ImageMagick	55.0
screen	archive__wayback-search__1440x900__dpr1.png	turbo	420	55	model_proj	33.041	71.879	1.4883	ImageMagick	55.0
screen	archive__wayback-search__1440x900__dpr1.png	turbo	420	75	identity_off	33.971	75.104	1.4084	ImageMagick	75.0
screen	archive__wayback-search__1440x900__dpr1.png	turbo	420	75	model_policy	34.871	78.605	1.1298	ImageMagick	75.0
screen	archive__wayback-search__1440x900__dpr1.png	turbo	420	75	model_proj	34.925	78.744	1.1253	ImageMagick	75.0
screen	archive__wayback-search__1440x900__dpr1.png	turbo	420	90	identity_off	36.843	83.513	0.9108	ImageMagick	90.0
screen	archive__wayback-search__1440x900__dpr1.png	turbo	420	90	model_policy	37.377	85.186	0.7786	ImageMagick	90.0
screen	archive__wayback-search__1440x900__dpr1.png	turbo	420	90	model_proj	37.525	85.345	0.7374	ImageMagick	90.0
screen	archive__wayback-search__1440x900__dpr1.png	turbo	444	15	identity_off	27.706	43.416	3.4533	Unknown	15.0
screen	archive__wayback-search__1440x900__dpr1.png	turbo	444	15	model_policy	28.611	47.715	3.1628	Unknown	15.0
screen	archive__wayback-search__1440x900__dpr1.png	turbo	444	15	model_proj	28.613	47.688	3.1628	Unknown	15.0
screen	archive__wayback-search__1440x900__dpr1.png	turbo	444	35	identity_off	30.935	62.254	2.1983	ImageMagick	35.0
screen	archive__wayback-search__1440x900__dpr1.png	turbo	444	35	model_policy	32.117	66.894	1.8127	ImageMagick	35.0
screen	archive__wayback-search__1440x900__dpr1.png	turbo	444	35	model_proj	32.125	67.093	1.8106	ImageMagick	35.0
screen	archive__wayback-search__1440x900__dpr1.png	turbo	444	55	identity_off	32.838	68.950	1.7972	ImageMagick	55.0
screen	archive__wayback-search__1440x900__dpr1.png	turbo	444	55	model_policy	34.024	73.306	1.4162	ImageMagick	55.0
screen	archive__wayback-search__1440x900__dpr1.png	turbo	444	55	model_proj	34.042	73.600	1.4115	ImageMagick	55.0
screen	archive__wayback-search__1440x900__dpr1.png	turbo	444	75	identity_off	35.300	76.807	1.3453	ImageMagick	75.0
screen	archive__wayback-search__1440x900__dpr1.png	turbo	444	75	model_policy	36.309	79.957	1.0619	ImageMagick	75.0
screen	archive__wayback-search__1440x900__dpr1.png	turbo	444	75	model_proj	36.331	80.257	1.0554	ImageMagick	75.0
screen	archive__wayback-search__1440x900__dpr1.png	turbo	444	90	identity_off	39.333	86.223	0.7931	ImageMagick	90.0
screen	archive__wayback-search__1440x900__dpr1.png	turbo	444	90	model_policy	39.896	87.710	0.6521	ImageMagick	90.0
screen	archive__wayback-search__1440x900__dpr1.png	turbo	444	90	model_proj	39.982	88.411	0.6311	ImageMagick	90.0
screen	archive__wayback-search__1440x900__dpr1.png	mozjpeg	420	15	identity_off	25.039	26.373	5.2733	Mozjpeg	15.0
screen	archive__wayback-search__1440x900__dpr1.png	mozjpeg	420	15	model_policy	25.547	29.637	5.2029	Mozjpeg	15.0
screen	archive__wayback-search__1440x900__dpr1.png	mozjpeg	420	15	model_proj	25.544	29.557	5.2144	Mozjpeg	15.0
screen	archive__wayback-search__1440x900__dpr1.png	mozjpeg	420	35	identity_off	28.412	54.093	3.2948	Mozjpeg	35.0
screen	archive__wayback-search__1440x900__dpr1.png	mozjpeg	420	35	model_policy	29.278	58.622	3.1542	Mozjpeg	35.0
screen	archive__wayback-search__1440x900__dpr1.png	mozjpeg	420	35	model_proj	29.254	58.030	3.1703	Mozjpeg	35.0
screen	archive__wayback-search__1440x900__dpr1.png	mozjpeg	420	55	identity_off	30.194	63.760	2.3893	Mozjpeg	55.0
screen	archive__wayback-search__1440x900__dpr1.png	mozjpeg	420	55	model_policy	31.177	67.785	2.1549	Mozjpeg	55.0
screen	archive__wayback-search__1440x900__dpr1.png	mozjpeg	420	55	model_proj	31.140	67.286	2.1852	Mozjpeg	55.0
screen	archive__wayback-search__1440x900__dpr1.png	mozjpeg	420	75	identity_off	32.466	73.688	1.7074	Mozjpeg	75.0
screen	archive__wayback-search__1440x900__dpr1.png	mozjpeg	420	75	model_policy	33.386	76.554	1.4700	Mozjpeg	75.0
screen	archive__wayback-search__1440x900__dpr1.png	mozjpeg	420	75	model_proj	33.368	76.257	1.4967	Mozjpeg	75.0
screen	archive__wayback-search__1440x900__dpr1.png	mozjpeg	420	90	identity_off	35.891	82.279	1.0264	Mozjpeg	90.0
screen	archive__wayback-search__1440x900__dpr1.png	mozjpeg	420	90	model_policy	36.579	83.932	0.8631	Mozjpeg	90.0
screen	archive__wayback-search__1440x900__dpr1.png	mozjpeg	420	90	model_proj	36.673	83.992	0.8643	Mozjpeg	90.0
screen	archive__wayback-search__1440x900__dpr1.png	mozjpeg	444	15	identity_off	25.262	27.923	5.3659	Mozjpeg	15.0
screen	archive__wayback-search__1440x900__dpr1.png	mozjpeg	444	15	model_policy	25.814	31.137	5.3026	Mozjpeg	15.0
screen	archive__wayback-search__1440x900__dpr1.png	mozjpeg	444	15	model_proj	25.805	30.946	5.3117	Mozjpeg	15.0
screen	archive__wayback-search__1440x900__dpr1.png	mozjpeg	444	35	identity_off	28.808	55.623	3.3227	Mozjpeg	35.0
screen	archive__wayback-search__1440x900__dpr1.png	mozjpeg	444	35	model_policy	29.815	59.923	3.1677	Mozjpeg	35.0
screen	archive__wayback-search__1440x900__dpr1.png	mozjpeg	444	35	model_proj	29.774	59.389	3.1889	Mozjpeg	35.0
screen	archive__wayback-search__1440x900__dpr1.png	mozjpeg	444	55	identity_off	30.783	65.727	2.4004	Mozjpeg	55.0
screen	archive__wayback-search__1440x900__dpr1.png	mozjpeg	444	55	model_policy	31.925	69.700	2.1638	Mozjpeg	55.0
screen	archive__wayback-search__1440x900__dpr1.png	mozjpeg	444	55	model_proj	31.869	69.287	2.1900	Mozjpeg	55.0
screen	archive__wayback-search__1440x900__dpr1.png	mozjpeg	444	75	identity_off	33.415	75.172	1.6658	Mozjpeg	75.0
screen	archive__wayback-search__1440x900__dpr1.png	mozjpeg	444	75	model_policy	34.529	77.948	1.4216	Mozjpeg	75.0
screen	archive__wayback-search__1440x900__dpr1.png	mozjpeg	444	75	model_proj	34.479	77.847	1.4471	Mozjpeg	75.0
screen	archive__wayback-search__1440x900__dpr1.png	mozjpeg	444	90	identity_off	38.036	84.308	0.9252	Mozjpeg	90.0
screen	archive__wayback-search__1440x900__dpr1.png	mozjpeg	444	90	model_policy	38.983	86.081	0.7527	Mozjpeg	90.0
screen	archive__wayback-search__1440x900__dpr1.png	mozjpeg	444	90	model_proj	39.005	86.492	0.7525	Mozjpeg	90.0
screen	archive__wayback-search__1440x900__dpr1.png	jpegli	420	15	identity_off	27.613	48.631	3.4790	CjpegliYcbcr	14.2
screen	archive__wayback-search__1440x900__dpr1.png	jpegli	420	15	model_policy	28.309	53.320	3.3449	CjpegliYcbcr	14.2
screen	archive__wayback-search__1440x900__dpr1.png	jpegli	420	15	model_proj	28.310	53.339	3.3449	CjpegliYcbcr	14.2
screen	archive__wayback-search__1440x900__dpr1.png	jpegli	420	35	identity_off	30.752	64.264	2.0811	CjpegliYcbcr	7.2
screen	archive__wayback-search__1440x900__dpr1.png	jpegli	420	35	model_policy	31.587	68.352	1.8086	CjpegliYcbcr	7.2
screen	archive__wayback-search__1440x900__dpr1.png	jpegli	420	35	model_proj	31.589	68.379	1.8097	CjpegliYcbcr	7.2
screen	archive__wayback-search__1440x900__dpr1.png	jpegli	420	55	identity_off	32.324	70.970	1.6588	CjpegliYcbcr	5.2
screen	archive__wayback-search__1440x900__dpr1.png	jpegli	420	55	model_policy	33.118	74.657	1.3965	CjpegliYcbcr	5.2
screen	archive__wayback-search__1440x900__dpr1.png	jpegli	420	55	model_proj	33.125	74.661	1.3972	CjpegliYcbcr	5.2
screen	archive__wayback-search__1440x900__dpr1.png	jpegli	420	75	identity_off	34.770	78.099	1.1867	CjpegliYcbcr	3.0
screen	archive__wayback-search__1440x900__dpr1.png	jpegli	420	75	model_policy	35.475	80.509	0.9918	CjpegliYcbcr	3.0
screen	archive__wayback-search__1440x900__dpr1.png	jpegli	420	75	model_proj	35.503	80.461	0.9851	CjpegliYcbcr	3.0
screen	archive__wayback-search__1440x900__dpr1.png	jpegli	420	90	identity_off	37.783	85.447	0.7194	CjpegliYcbcr	1.3
screen	archive__wayback-search__1440x900__dpr1.png	jpegli	420	90	model_policy	38.214	86.238	0.6347	CjpegliYcbcr	1.3
screen	archive__wayback-search__1440x900__dpr1.png	jpegli	420	90	model_proj	38.301	85.971	0.6011	CjpegliYcbcr	1.3
screen	archive__wayback-search__1440x900__dpr1.png	jpegli	444	15	identity_off	28.362	53.162	2.9558	CjpegliYcbcr	11.8
screen	archive__wayback-search__1440x900__dpr1.png	jpegli	444	15	model_policy	29.093	57.782	2.7698	CjpegliYcbcr	11.8
screen	archive__wayback-search__1440x900__dpr1.png	jpegli	444	15	model_proj	29.094	57.783	2.7683	CjpegliYcbcr	11.8
screen	archive__wayback-search__1440x900__dpr1.png	jpegli	444	35	identity_off	31.496	66.397	1.8362	CjpegliYcbcr	6.0
screen	archive__wayback-search__1440x900__dpr1.png	jpegli	444	35	model_policy	32.236	70.215	1.5879	CjpegliYcbcr	6.0
screen	archive__wayback-search__1440x900__dpr1.png	jpegli	444	35	model_proj	32.240	70.265	1.5870	CjpegliYcbcr	6.0
screen	archive__wayback-search__1440x900__dpr1.png	jpegli	444	55	identity_off	33.054	71.815	1.4525	CjpegliYcbcr	4.1
screen	archive__wayback-search__1440x900__dpr1.png	jpegli	444	55	model_policy	33.763	74.994	1.2067	CjpegliYcbcr	4.1
screen	archive__wayback-search__1440x900__dpr1.png	jpegli	444	55	model_proj	33.773	75.012	1.2087	CjpegliYcbcr	4.1
screen	archive__wayback-search__1440x900__dpr1.png	jpegli	444	75	identity_off	35.369	78.569	1.0454	CjpegliYcbcr	2.3
screen	archive__wayback-search__1440x900__dpr1.png	jpegli	444	75	model_policy	35.921	80.442	0.8787	CjpegliYcbcr	2.3
screen	archive__wayback-search__1440x900__dpr1.png	jpegli	444	75	model_proj	35.942	80.532	0.8780	CjpegliYcbcr	2.3
screen	archive__wayback-search__1440x900__dpr1.png	jpegli	444	90	identity_off	38.771	85.100	0.6219	CjpegliYcbcr	1.1
screen	archive__wayback-search__1440x900__dpr1.png	jpegli	444	90	model_policy	39.024	85.568	0.5615	CjpegliYcbcr	1.1
screen	archive__wayback-search__1440x900__dpr1.png	jpegli	444	90	model_proj	39.102	85.749	0.5484	CjpegliYcbcr	1.1
screen	archive__wayback-search__1440x900__dpr1.png	zenjpeg	420	15	identity_off	27.617	49.714	3.4947	CjpegliYcbcr	14.2
screen	archive__wayback-search__1440x900__dpr1.png	zenjpeg	420	15	model_policy	28.269	53.760	3.3837	CjpegliYcbcr	14.2
screen	archive__wayback-search__1440x900__dpr1.png	zenjpeg	420	15	model_proj	28.242	53.294	3.4115	CjpegliYcbcr	14.2
screen	archive__wayback-search__1440x900__dpr1.png	zenjpeg	420	35	identity_off	30.761	65.544	2.1020	CjpegliYcbcr	7.2
screen	archive__wayback-search__1440x900__dpr1.png	zenjpeg	420	35	model_policy	31.530	69.004	1.8529	CjpegliYcbcr	7.2
screen	archive__wayback-search__1440x900__dpr1.png	zenjpeg	420	35	model_proj	31.471	68.383	1.9527	CjpegliYcbcr	7.2
screen	archive__wayback-search__1440x900__dpr1.png	zenjpeg	420	55	identity_off	32.353	71.758	1.6846	CjpegliYcbcr	5.2
screen	archive__wayback-search__1440x900__dpr1.png	zenjpeg	420	55	model_policy	33.080	74.846	1.4453	CjpegliYcbcr	5.2
screen	archive__wayback-search__1440x900__dpr1.png	zenjpeg	420	55	model_proj	33.043	74.333	1.5494	CjpegliYcbcr	5.2
screen	archive__wayback-search__1440x900__dpr1.png	zenjpeg	420	75	identity_off	34.789	78.653	1.2266	CjpegliYcbcr	3.0
screen	archive__wayback-search__1440x900__dpr1.png	zenjpeg	420	75	model_policy	35.424	80.753	1.0432	CjpegliYcbcr	3.0
screen	archive__wayback-search__1440x900__dpr1.png	zenjpeg	420	75	model_proj	35.440	80.270	1.0909	CjpegliYcbcr	3.0
screen	archive__wayback-search__1440x900__dpr1.png	zenjpeg	420	90	identity_off	37.758	85.613	0.7732	CjpegliYcbcr	1.3
screen	archive__wayback-search__1440x900__dpr1.png	zenjpeg	420	90	model_policy	38.145	86.207	0.6952	CjpegliYcbcr	1.3
screen	archive__wayback-search__1440x900__dpr1.png	zenjpeg	420	90	model_proj	38.303	85.990	0.6543	CjpegliYcbcr	1.3
screen	archive__wayback-search__1440x900__dpr1.png	zenjpeg	444	15	identity_off	28.394	54.218	2.9646	CjpegliYcbcr	11.8
screen	archive__wayback-search__1440x900__dpr1.png	zenjpeg	444	15	model_policy	29.087	58.218	2.7936	CjpegliYcbcr	11.8
screen	archive__wayback-search__1440x900__dpr1.png	zenjpeg	444	15	model_proj	29.052	57.692	2.8296	CjpegliYcbcr	11.8
screen	archive__wayback-search__1440x900__dpr1.png	zenjpeg	444	35	identity_off	31.538	67.775	1.8759	CjpegliYcbcr	6.0
screen	archive__wayback-search__1440x900__dpr1.png	zenjpeg	444	35	model_policy	32.237	70.972	1.6496	CjpegliYcbcr	6.0
screen	archive__wayback-search__1440x900__dpr1.png	zenjpeg	444	35	model_proj	32.194	70.500	1.7286	CjpegliYcbcr	6.0
screen	archive__wayback-search__1440x900__dpr1.png	zenjpeg	444	55	identity_off	33.080	72.944	1.4917	CjpegliYcbcr	4.1
screen	archive__wayback-search__1440x900__dpr1.png	zenjpeg	444	55	model_policy	33.740	75.653	1.2668	CjpegliYcbcr	4.1
screen	archive__wayback-search__1440x900__dpr1.png	zenjpeg	444	55	model_proj	33.718	75.153	1.3652	CjpegliYcbcr	4.1
screen	archive__wayback-search__1440x900__dpr1.png	zenjpeg	444	75	identity_off	35.355	79.080	1.0993	CjpegliYcbcr	2.3
screen	archive__wayback-search__1440x900__dpr1.png	zenjpeg	444	75	model_policy	35.863	80.700	0.9446	CjpegliYcbcr	2.3
screen	archive__wayback-search__1440x900__dpr1.png	zenjpeg	444	75	model_proj	35.886	80.485	0.9865	CjpegliYcbcr	2.3
screen	archive__wayback-search__1440x900__dpr1.png	zenjpeg	444	90	identity_off	38.707	85.231	0.6818	CjpegliYcbcr	1.1
screen	archive__wayback-search__1440x900__dpr1.png	zenjpeg	444	90	model_policy	38.941	85.588	0.6308	CjpegliYcbcr	1.1
screen	archive__wayback-search__1440x900__dpr1.png	zenjpeg	444	90	model_proj	39.037	85.735	0.6209	CjpegliYcbcr	1.1
screen	archives__exhibits__1440x900__dpr1.png	turbo	420	15	identity_off	25.233	33.674	4.2856	Unknown	15.0
screen	archives__exhibits__1440x900__dpr1.png	turbo	420	15	model_policy	27.319	46.138	3.4007	Unknown	15.0
screen	archives__exhibits__1440x900__dpr1.png	turbo	420	15	model_proj	27.409	48.441	3.2671	Unknown	15.0
screen	archives__exhibits__1440x900__dpr1.png	turbo	420	35	identity_off	28.454	49.327	2.8214	ImageMagick	35.0
screen	archives__exhibits__1440x900__dpr1.png	turbo	420	35	model_policy	30.723	62.161	2.0918	ImageMagick	35.0
screen	archives__exhibits__1440x900__dpr1.png	turbo	420	35	model_proj	31.084	66.746	1.8523	ImageMagick	35.0
screen	archives__exhibits__1440x900__dpr1.png	turbo	420	55	identity_off	30.556	59.492	2.1537	ImageMagick	55.0
screen	archives__exhibits__1440x900__dpr1.png	turbo	420	55	model_policy	32.777	69.781	1.5848	ImageMagick	55.0
screen	archives__exhibits__1440x900__dpr1.png	turbo	420	55	model_proj	33.304	74.526	1.3130	ImageMagick	55.0
screen	archives__exhibits__1440x900__dpr1.png	turbo	420	75	identity_off	33.368	71.237	1.5169	ImageMagick	75.0
screen	archives__exhibits__1440x900__dpr1.png	turbo	420	75	model_policy	35.510	78.400	1.1480	ImageMagick	75.0
screen	archives__exhibits__1440x900__dpr1.png	turbo	420	75	model_proj	36.128	82.022	0.9116	ImageMagick	75.0
screen	archives__exhibits__1440x900__dpr1.png	turbo	420	90	identity_off	36.347	81.985	1.0201	ImageMagick	90.0
screen	archives__exhibits__1440x900__dpr1.png	turbo	420	90	model_policy	38.333	85.486	0.8131	ImageMagick	90.0
screen	archives__exhibits__1440x900__dpr1.png	turbo	420	90	model_proj	39.233	87.986	0.6495	ImageMagick	90.0
screen	archives__exhibits__1440x900__dpr1.png	turbo	444	15	identity_off	25.600	36.246	4.2418	Unknown	15.0
screen	archives__exhibits__1440x900__dpr1.png	turbo	444	15	model_policy	27.613	48.078	3.3628	Unknown	15.0
screen	archives__exhibits__1440x900__dpr1.png	turbo	444	15	model_proj	27.701	50.499	3.2276	Unknown	15.0
screen	archives__exhibits__1440x900__dpr1.png	turbo	444	35	identity_off	29.344	52.803	2.7352	ImageMagick	35.0
screen	archives__exhibits__1440x900__dpr1.png	turbo	444	35	model_policy	31.496	64.892	2.0030	ImageMagick	35.0
screen	archives__exhibits__1440x900__dpr1.png	turbo	444	35	model_proj	31.769	68.833	1.7878	ImageMagick	35.0
screen	archives__exhibits__1440x900__dpr1.png	turbo	444	55	identity_off	31.874	63.564	2.0347	ImageMagick	55.0
screen	archives__exhibits__1440x900__dpr1.png	turbo	444	55	model_policy	33.884	73.301	1.4421	ImageMagick	55.0
screen	archives__exhibits__1440x900__dpr1.png	turbo	444	55	model_proj	34.262	76.992	1.2196	ImageMagick	55.0
screen	archives__exhibits__1440x900__dpr1.png	turbo	444	75	identity_off	35.413	74.966	1.3610	ImageMagick	75.0
screen	archives__exhibits__1440x900__dpr1.png	turbo	444	75	model_policy	37.036	81.234	0.9866	ImageMagick	75.0
screen	archives__exhibits__1440x900__dpr1.png	turbo	444	75	model_proj	37.508	84.048	0.7947	ImageMagick	75.0
screen	archives__exhibits__1440x900__dpr1.png	turbo	444	90	identity_off	41.764	87.192	0.6656	ImageMagick	90.0
screen	archives__exhibits__1440x900__dpr1.png	turbo	444	90	model_policy	42.611	89.111	0.5166	ImageMagick	90.0
screen	archives__exhibits__1440x900__dpr1.png	turbo	444	90	model_proj	43.200	90.256	0.4011	ImageMagick	90.0
screen	archives__exhibits__1440x900__dpr1.png	mozjpeg	420	15	identity_off	22.686	42.743	4.4078	Mozjpeg	15.0
screen	archives__exhibits__1440x900__dpr1.png	mozjpeg	420	15	model_policy	24.075	49.530	4.0537	Mozjpeg	15.0
screen	archives__exhibits__1440x900__dpr1.png	mozjpeg	420	15	model_proj	23.984	53.304	3.8337	Mozjpeg	15.0
screen	archives__exhibits__1440x900__dpr1.png	mozjpeg	420	35	identity_off	25.817	55.617	3.5299	Mozjpeg	35.0
screen	archives__exhibits__1440x900__dpr1.png	mozjpeg	420	35	model_policy	27.729	63.102	3.1101	Mozjpeg	35.0
screen	archives__exhibits__1440x900__dpr1.png	mozjpeg	420	35	model_proj	27.692	69.814	2.3037	Mozjpeg	35.0
screen	archives__exhibits__1440x900__dpr1.png	mozjpeg	420	55	identity_off	28.001	64.982	2.5549	Mozjpeg	55.0
screen	archives__exhibits__1440x900__dpr1.png	mozjpeg	420	55	model_policy	30.108	71.454	2.1640	Mozjpeg	55.0
screen	archives__exhibits__1440x900__dpr1.png	mozjpeg	420	55	model_proj	30.109	76.741	1.5634	Mozjpeg	55.0
screen	archives__exhibits__1440x900__dpr1.png	mozjpeg	420	75	identity_off	30.453	71.389	2.0090	Mozjpeg	75.0
screen	archives__exhibits__1440x900__dpr1.png	mozjpeg	420	75	model_policy	32.733	77.110	1.6412	Mozjpeg	75.0
screen	archives__exhibits__1440x900__dpr1.png	mozjpeg	420	75	model_proj	32.970	81.403	1.1995	Mozjpeg	75.0
screen	archives__exhibits__1440x900__dpr1.png	mozjpeg	420	90	identity_off	34.089	79.516	1.2301	Mozjpeg	90.0
screen	archives__exhibits__1440x900__dpr1.png	mozjpeg	420	90	model_policy	36.548	83.619	0.9704	Mozjpeg	90.0
screen	archives__exhibits__1440x900__dpr1.png	mozjpeg	420	90	model_proj	37.184	86.205	0.7739	Mozjpeg	90.0
screen	archives__exhibits__1440x900__dpr1.png	mozjpeg	444	15	identity_off	22.929	44.787	4.3949	Mozjpeg	15.0
screen	archives__exhibits__1440x900__dpr1.png	mozjpeg	444	15	model_policy	24.252	50.593	4.0483	Mozjpeg	15.0
screen	archives__exhibits__1440x900__dpr1.png	mozjpeg	444	15	model_proj	24.147	54.191	3.8329	Mozjpeg	15.0
screen	archives__exhibits__1440x900__dpr1.png	mozjpeg	444	35	identity_off	26.296	58.499	3.5176	Mozjpeg	35.0
screen	archives__exhibits__1440x900__dpr1.png	mozjpeg	444	35	model_policy	28.095	64.672	3.1043	Mozjpeg	35.0
screen	archives__exhibits__1440x900__dpr1.png	mozjpeg	444	35	model_proj	28.017	71.018	2.3101	Mozjpeg	35.0
screen	archives__exhibits__1440x900__dpr1.png	mozjpeg	444	55	identity_off	28.678	68.251	2.5338	Mozjpeg	55.0
screen	archives__exhibits__1440x900__dpr1.png	mozjpeg	444	55	model_policy	30.603	73.180	2.1541	Mozjpeg	55.0
screen	archives__exhibits__1440x900__dpr1.png	mozjpeg	444	55	model_proj	30.530	77.762	1.5743	Mozjpeg	55.0
screen	archives__exhibits__1440x900__dpr1.png	mozjpeg	444	75	identity_off	31.535	74.889	1.9754	Mozjpeg	75.0
screen	archives__exhibits__1440x900__dpr1.png	mozjpeg	444	75	model_policy	33.527	78.999	1.6200	Mozjpeg	75.0
screen	archives__exhibits__1440x900__dpr1.png	mozjpeg	444	75	model_proj	33.625	82.387	1.1973	Mozjpeg	75.0
screen	archives__exhibits__1440x900__dpr1.png	mozjpeg	444	90	identity_off	36.780	84.245	1.1244	Mozjpeg	90.0
screen	archives__exhibits__1440x900__dpr1.png	mozjpeg	444	90	model_policy	38.707	86.322	0.8943	Mozjpeg	90.0
screen	archives__exhibits__1440x900__dpr1.png	mozjpeg	444	90	model_proj	38.978	87.603	0.7472	Mozjpeg	90.0
screen	archives__exhibits__1440x900__dpr1.png	jpegli	420	15	identity_off	24.875	34.882	4.2619	CjpegliYcbcr	14.2
screen	archives__exhibits__1440x900__dpr1.png	jpegli	420	15	model_policy	26.837	48.455	3.5163	CjpegliYcbcr	14.2
screen	archives__exhibits__1440x900__dpr1.png	jpegli	420	15	model_proj	26.890	49.748	3.4291	CjpegliYcbcr	14.2
screen	archives__exhibits__1440x900__dpr1.png	jpegli	420	35	identity_off	28.396	53.470	2.7733	CjpegliYcbcr	7.2
screen	archives__exhibits__1440x900__dpr1.png	jpegli	420	35	model_policy	30.578	64.642	2.1664	CjpegliYcbcr	7.2
screen	archives__exhibits__1440x900__dpr1.png	jpegli	420	35	model_proj	30.829	67.806	1.9934	CjpegliYcbcr	7.2
screen	archives__exhibits__1440x900__dpr1.png	jpegli	420	55	identity_off	30.489	62.696	2.0805	CjpegliYcbcr	5.2
screen	archives__exhibits__1440x900__dpr1.png	jpegli	420	55	model_policy	32.725	71.894	1.5932	CjpegliYcbcr	5.2
screen	archives__exhibits__1440x900__dpr1.png	jpegli	420	55	model_proj	33.136	75.133	1.4307	CjpegliYcbcr	5.2
screen	archives__exhibits__1440x900__dpr1.png	jpegli	420	75	identity_off	33.551	74.406	1.3704	CjpegliYcbcr	3.0
screen	archives__exhibits__1440x900__dpr1.png	jpegli	420	75	model_policy	35.802	80.520	1.0436	CjpegliYcbcr	3.0
screen	archives__exhibits__1440x900__dpr1.png	jpegli	420	75	model_proj	36.487	83.499	0.8524	CjpegliYcbcr	3.0
screen	archives__exhibits__1440x900__dpr1.png	jpegli	420	90	identity_off	36.150	82.274	1.0179	CjpegliYcbcr	1.3
screen	archives__exhibits__1440x900__dpr1.png	jpegli	420	90	model_policy	38.222	85.470	0.8038	CjpegliYcbcr	1.3
screen	archives__exhibits__1440x900__dpr1.png	jpegli	420	90	model_proj	39.343	88.203	0.6204	CjpegliYcbcr	1.3
screen	archives__exhibits__1440x900__dpr1.png	jpegli	444	15	identity_off	25.896	41.002	3.7945	CjpegliYcbcr	11.8
screen	archives__exhibits__1440x900__dpr1.png	jpegli	444	15	model_policy	27.890	53.695	3.0801	CjpegliYcbcr	11.8
screen	archives__exhibits__1440x900__dpr1.png	jpegli	444	15	model_proj	27.959	55.797	2.9344	CjpegliYcbcr	11.8
screen	archives__exhibits__1440x900__dpr1.png	jpegli	444	35	identity_off	29.780	60.052	2.3412	CjpegliYcbcr	6.0
screen	archives__exhibits__1440x900__dpr1.png	jpegli	444	35	model_policy	31.846	69.617	1.8152	CjpegliYcbcr	6.0
screen	archives__exhibits__1440x900__dpr1.png	jpegli	444	35	model_proj	32.066	72.447	1.6517	CjpegliYcbcr	6.0
screen	archives__exhibits__1440x900__dpr1.png	jpegli	444	55	identity_off	32.171	69.033	1.6917	CjpegliYcbcr	4.1
screen	archives__exhibits__1440x900__dpr1.png	jpegli	444	55	model_policy	34.122	76.282	1.2898	CjpegliYcbcr	4.1
screen	archives__exhibits__1440x900__dpr1.png	jpegli	444	55	model_proj	34.438	78.818	1.1312	CjpegliYcbcr	4.1
screen	archives__exhibits__1440x900__dpr1.png	jpegli	444	75	identity_off	35.519	79.429	1.0533	CjpegliYcbcr	2.3
screen	archives__exhibits__1440x900__dpr1.png	jpegli	444	75	model_policy	37.104	83.491	0.8344	CjpegliYcbcr	2.3
screen	archives__exhibits__1440x900__dpr1.png	jpegli	444	75	model_proj	37.608	85.805	0.6671	CjpegliYcbcr	2.3
screen	archives__exhibits__1440x900__dpr1.png	jpegli	444	90	identity_off	39.854	87.830	0.5558	CjpegliYcbcr	1.1
screen	archives__exhibits__1440x900__dpr1.png	jpegli	444	90	model_policy	40.572	88.930	0.4838	CjpegliYcbcr	1.1
screen	archives__exhibits__1440x900__dpr1.png	jpegli	444	90	model_proj	41.268	90.527	0.3565	CjpegliYcbcr	1.1
screen	archives__exhibits__1440x900__dpr1.png	zenjpeg	420	15	identity_off	25.841	56.989	2.9726	CjpegliYcbcr	14.2
screen	archives__exhibits__1440x900__dpr1.png	zenjpeg	420	15	model_policy	27.579	64.152	2.6303	CjpegliYcbcr	14.2
screen	archives__exhibits__1440x900__dpr1.png	zenjpeg	420	15	model_proj	27.482	69.118	2.0428	CjpegliYcbcr	14.2
screen	archives__exhibits__1440x900__dpr1.png	zenjpeg	420	35	identity_off	29.548	68.743	1.9087	CjpegliYcbcr	7.2
screen	archives__exhibits__1440x900__dpr1.png	zenjpeg	420	35	model_policy	31.368	74.474	1.6339	CjpegliYcbcr	7.2
screen	archives__exhibits__1440x900__dpr1.png	zenjpeg	420	35	model_proj	31.257	78.457	1.2995	CjpegliYcbcr	7.2
screen	archives__exhibits__1440x900__dpr1.png	zenjpeg	420	55	identity_off	31.440	73.347	1.4726	CjpegliYcbcr	5.2
screen	archives__exhibits__1440x900__dpr1.png	zenjpeg	420	55	model_policy	33.338	78.210	1.2214	CjpegliYcbcr	5.2
screen	archives__exhibits__1440x900__dpr1.png	zenjpeg	420	55	model_proj	33.452	82.072	0.9617	CjpegliYcbcr	5.2
screen	archives__exhibits__1440x900__dpr1.png	zenjpeg	420	75	identity_off	34.223	79.462	1.1016	CjpegliYcbcr	3.0
screen	archives__exhibits__1440x900__dpr1.png	zenjpeg	420	75	model_policy	36.210	83.144	0.8710	CjpegliYcbcr	3.0
screen	archives__exhibits__1440x900__dpr1.png	zenjpeg	420	75	model_proj	36.718	86.302	0.6419	CjpegliYcbcr	3.0
screen	archives__exhibits__1440x900__dpr1.png	zenjpeg	420	90	identity_off	36.426	83.501	0.9490	CjpegliYcbcr	1.3
screen	archives__exhibits__1440x900__dpr1.png	zenjpeg	420	90	model_policy	38.387	85.971	0.7549	CjpegliYcbcr	1.3
screen	archives__exhibits__1440x900__dpr1.png	zenjpeg	420	90	model_proj	39.570	89.050	0.4509	CjpegliYcbcr	1.3
screen	archives__exhibits__1440x900__dpr1.png	zenjpeg	444	15	identity_off	26.975	61.447	2.6033	CjpegliYcbcr	11.8
screen	archives__exhibits__1440x900__dpr1.png	zenjpeg	444	15	model_policy	28.707	67.789	2.2581	CjpegliYcbcr	11.8
screen	archives__exhibits__1440x900__dpr1.png	zenjpeg	444	15	model_proj	28.563	72.015	1.7625	CjpegliYcbcr	11.8
screen	archives__exhibits__1440x900__dpr1.png	zenjpeg	444	35	identity_off	30.859	73.699	1.6537	CjpegliYcbcr	6.0
screen	archives__exhibits__1440x900__dpr1.png	zenjpeg	444	35	model_policy	32.536	78.108	1.4055	CjpegliYcbcr	6.0
screen	archives__exhibits__1440x900__dpr1.png	zenjpeg	444	35	model_proj	32.440	80.861	1.1219	CjpegliYcbcr	6.0
screen	archives__exhibits__1440x900__dpr1.png	zenjpeg	444	55	identity_off	33.144	78.657	1.1810	CjpegliYcbcr	4.1
screen	archives__exhibits__1440x900__dpr1.png	zenjpeg	444	55	model_policy	34.709	81.959	1.0078	CjpegliYcbcr	4.1
screen	archives__exhibits__1440x900__dpr1.png	zenjpeg	444	55	model_proj	34.747	84.100	0.8624	CjpegliYcbcr	4.1
screen	archives__exhibits__1440x900__dpr1.png	zenjpeg	444	75	identity_off	36.308	84.042	0.7615	CjpegliYcbcr	2.3
screen	archives__exhibits__1440x900__dpr1.png	zenjpeg	444	75	model_policy	37.535	85.964	0.6452	CjpegliYcbcr	2.3
screen	archives__exhibits__1440x900__dpr1.png	zenjpeg	444	75	model_proj	37.872	88.041	0.5704	CjpegliYcbcr	2.3
screen	archives__exhibits__1440x900__dpr1.png	zenjpeg	444	90	identity_off	40.256	88.916	0.4584	CjpegliYcbcr	1.1
screen	archives__exhibits__1440x900__dpr1.png	zenjpeg	444	90	model_policy	40.803	89.428	0.4152	CjpegliYcbcr	1.1
screen	archives__exhibits__1440x900__dpr1.png	zenjpeg	444	90	model_proj	41.526	91.252	0.2978	CjpegliYcbcr	1.1
documents	office_census-acs-2024_questionnaire_p01_page1.png	turbo	420	15	identity_off	28.003	41.275	2.8279	Unknown	15.0
documents	office_census-acs-2024_questionnaire_p01_page1.png	turbo	420	15	model_policy	29.227	45.887	2.6506	Unknown	15.0
documents	office_census-acs-2024_questionnaire_p01_page1.png	turbo	420	15	model_proj	29.235	46.075	2.6478	Unknown	15.0
documents	office_census-acs-2024_questionnaire_p01_page1.png	turbo	420	35	identity_off	30.259	60.685	1.8465	ImageMagick	35.0
documents	office_census-acs-2024_questionnaire_p01_page1.png	turbo	420	35	model_policy	31.359	64.630	1.6556	ImageMagick	35.0
documents	office_census-acs-2024_questionnaire_p01_page1.png	turbo	420	35	model_proj	31.377	65.259	1.6415	ImageMagick	35.0
documents	office_census-acs-2024_questionnaire_p01_page1.png	turbo	420	55	identity_off	31.318	64.263	2.2962	ImageMagick	55.0
documents	office_census-acs-2024_questionnaire_p01_page1.png	turbo	420	55	model_policy	32.141	67.328	2.3821	ImageMagick	55.0
documents	office_census-acs-2024_questionnaire_p01_page1.png	turbo	420	55	model_proj	32.186	68.430	2.3786	ImageMagick	55.0
documents	office_census-acs-2024_questionnaire_p01_page1.png	turbo	420	75	identity_off	33.425	71.844	1.3891	ImageMagick	75.0
documents	office_census-acs-2024_questionnaire_p01_page1.png	turbo	420	75	model_policy	34.097	74.710	1.3081	ImageMagick	75.0
documents	office_census-acs-2024_questionnaire_p01_page1.png	turbo	420	75	model_proj	34.158	76.095	1.2912	ImageMagick	75.0
documents	office_census-acs-2024_questionnaire_p01_page1.png	turbo	420	90	identity_off	37.215	80.816	1.1898	ImageMagick	90.0
documents	office_census-acs-2024_questionnaire_p01_page1.png	turbo	420	90	model_policy	37.539	82.482	1.1953	ImageMagick	90.0
documents	office_census-acs-2024_questionnaire_p01_page1.png	turbo	420	90	model_proj	37.661	83.333	1.1893	ImageMagick	90.0
documents	office_census-acs-2024_questionnaire_p01_page1.png	turbo	444	15	identity_off	28.755	51.517	2.6192	Unknown	15.0
documents	office_census-acs-2024_questionnaire_p01_page1.png	turbo	444	15	model_policy	30.419	57.252	2.1945	Unknown	15.0
documents	office_census-acs-2024_questionnaire_p01_page1.png	turbo	444	15	model_proj	30.423	57.341	2.1926	Unknown	15.0
documents	office_census-acs-2024_questionnaire_p01_page1.png	turbo	444	35	identity_off	31.621	67.765	1.6892	ImageMagick	35.0
documents	office_census-acs-2024_questionnaire_p01_page1.png	turbo	444	35	model_policy	33.354	71.997	1.3697	ImageMagick	35.0
documents	office_census-acs-2024_questionnaire_p01_page1.png	turbo	444	35	model_proj	33.362	72.226	1.3659	ImageMagick	35.0
documents	office_census-acs-2024_questionnaire_p01_page1.png	turbo	444	55	identity_off	33.050	71.266	2.2756	ImageMagick	55.0
documents	office_census-acs-2024_questionnaire_p01_page1.png	turbo	444	55	model_policy	34.545	75.466	2.3652	ImageMagick	55.0
documents	office_census-acs-2024_questionnaire_p01_page1.png	turbo	444	55	model_proj	34.564	75.800	2.3645	ImageMagick	55.0
documents	office_census-acs-2024_questionnaire_p01_page1.png	turbo	444	75	identity_off	35.623	78.329	1.3159	ImageMagick	75.0
documents	office_census-acs-2024_questionnaire_p01_page1.png	turbo	444	75	model_policy	36.839	82.211	1.2139	ImageMagick	75.0
documents	office_census-acs-2024_questionnaire_p01_page1.png	turbo	444	75	model_proj	36.878	82.869	1.2107	ImageMagick	75.0
documents	office_census-acs-2024_questionnaire_p01_page1.png	turbo	444	90	identity_off	40.476	85.563	1.1763	ImageMagick	90.0
documents	office_census-acs-2024_questionnaire_p01_page1.png	turbo	444	90	model_policy	41.009	87.633	1.1866	ImageMagick	90.0
documents	office_census-acs-2024_questionnaire_p01_page1.png	turbo	444	90	model_proj	41.098	88.148	1.1840	ImageMagick	90.0
documents	office_census-acs-2024_questionnaire_p01_page1.png	mozjpeg	420	15	identity_off	26.034	40.961	3.6897	Mozjpeg	15.0
documents	office_census-acs-2024_questionnaire_p01_page1.png	mozjpeg	420	15	model_policy	27.102	44.757	3.3883	Mozjpeg	15.0
documents	office_census-acs-2024_questionnaire_p01_page1.png	mozjpeg	420	15	model_proj	27.059	44.401	3.4072	Mozjpeg	15.0
documents	office_census-acs-2024_questionnaire_p01_page1.png	mozjpeg	420	35	identity_off	28.921	60.723	2.2019	Mozjpeg	35.0
documents	office_census-acs-2024_questionnaire_p01_page1.png	mozjpeg	420	35	model_policy	30.442	65.174	1.8571	Mozjpeg	35.0
documents	office_census-acs-2024_questionnaire_p01_page1.png	mozjpeg	420	35	model_proj	30.424	65.543	1.8729	Mozjpeg	35.0
documents	office_census-acs-2024_questionnaire_p01_page1.png	mozjpeg	420	55	identity_off	30.410	66.478	1.9102	Mozjpeg	55.0
documents	office_census-acs-2024_questionnaire_p01_page1.png	mozjpeg	420	55	model_policy	31.734	70.404	2.0724	Mozjpeg	55.0
documents	office_census-acs-2024_questionnaire_p01_page1.png	mozjpeg	420	55	model_proj	31.713	70.667	2.0762	Mozjpeg	55.0
documents	office_census-acs-2024_questionnaire_p01_page1.png	mozjpeg	420	75	identity_off	32.400	73.389	1.4246	Mozjpeg	75.0
documents	office_census-acs-2024_questionnaire_p01_page1.png	mozjpeg	420	75	model_policy	33.566	76.641	1.2792	Mozjpeg	75.0
documents	office_census-acs-2024_questionnaire_p01_page1.png	mozjpeg	420	75	model_proj	33.596	77.399	1.2841	Mozjpeg	75.0
documents	office_census-acs-2024_questionnaire_p01_page1.png	mozjpeg	420	90	identity_off	35.475	80.484	1.1948	Mozjpeg	90.0
documents	office_census-acs-2024_questionnaire_p01_page1.png	mozjpeg	420	90	model_policy	36.168	82.323	1.1958	Mozjpeg	90.0
documents	office_census-acs-2024_questionnaire_p01_page1.png	mozjpeg	420	90	model_proj	36.323	83.012	1.1921	Mozjpeg	90.0
documents	office_census-acs-2024_questionnaire_p01_page1.png	mozjpeg	444	15	identity_off	26.563	48.652	3.6591	Mozjpeg	15.0
documents	office_census-acs-2024_questionnaire_p01_page1.png	mozjpeg	444	15	model_policy	28.018	53.712	3.3084	Mozjpeg	15.0
documents	office_census-acs-2024_questionnaire_p01_page1.png	mozjpeg	444	15	model_proj	27.980	52.778	3.3241	Mozjpeg	15.0
documents	office_census-acs-2024_questionnaire_p01_page1.png	mozjpeg	444	35	identity_off	29.754	66.107	2.1637	Mozjpeg	35.0
documents	office_census-acs-2024_questionnaire_p01_page1.png	mozjpeg	444	35	model_policy	31.806	70.747	1.7682	Mozjpeg	35.0
documents	office_census-acs-2024_questionnaire_p01_page1.png	mozjpeg	444	35	model_proj	31.746	70.092	1.8054	Mozjpeg	35.0
documents	office_census-acs-2024_questionnaire_p01_page1.png	mozjpeg	444	55	identity_off	31.421	71.997	1.8686	Mozjpeg	55.0
documents	office_census-acs-2024_questionnaire_p01_page1.png	mozjpeg	444	55	model_policy	33.287	76.552	2.0518	Mozjpeg	55.0
documents	office_census-acs-2024_questionnaire_p01_page1.png	mozjpeg	444	55	model_proj	33.214	75.953	2.0620	Mozjpeg	55.0
documents	office_census-acs-2024_questionnaire_p01_page1.png	mozjpeg	444	75	identity_off	33.749	78.212	1.3783	Mozjpeg	75.0
documents	office_census-acs-2024_questionnaire_p01_page1.png	mozjpeg	444	75	model_policy	35.556	82.254	1.2292	Mozjpeg	75.0
documents	office_census-acs-2024_questionnaire_p01_page1.png	mozjpeg	444	75	model_proj	35.530	82.094	1.2660	Mozjpeg	75.0
documents	office_census-acs-2024_questionnaire_p01_page1.png	mozjpeg	444	90	identity_off	37.493	84.237	1.1828	Mozjpeg	90.0
documents	office_census-acs-2024_questionnaire_p01_page1.png	mozjpeg	444	90	model_policy	38.675	86.599	1.1866	Mozjpeg	90.0
documents	office_census-acs-2024_questionnaire_p01_page1.png	mozjpeg	444	90	model_proj	38.681	86.752	1.1869	Mozjpeg	90.0
documents	office_census-acs-2024_questionnaire_p01_page1.png	jpegli	420	15	identity_off	28.117	55.834	2.7279	CjpegliYcbcr	14.2
documents	office_census-acs-2024_questionnaire_p01_page1.png	jpegli	420	15	model_policy	29.546	61.357	2.6428	CjpegliYcbcr	14.2
documents	office_census-acs-2024_questionnaire_p01_page1.png	jpegli	420	15	model_proj	29.547	61.377	2.6427	CjpegliYcbcr	14.2
documents	office_census-acs-2024_questionnaire_p01_page1.png	jpegli	420	35	identity_off	30.634	64.994	1.7842	CjpegliYcbcr	7.2
documents	office_census-acs-2024_questionnaire_p01_page1.png	jpegli	420	35	model_policy	31.799	69.474	1.5730	CjpegliYcbcr	7.2
documents	office_census-acs-2024_questionnaire_p01_page1.png	jpegli	420	35	model_proj	31.806	69.805	1.5675	CjpegliYcbcr	7.2
documents	office_census-acs-2024_questionnaire_p01_page1.png	jpegli	420	55	identity_off	31.944	68.915	1.4274	CjpegliYcbcr	5.2
documents	office_census-acs-2024_questionnaire_p01_page1.png	jpegli	420	55	model_policy	32.864	72.500	1.4420	CjpegliYcbcr	5.2
documents	office_census-acs-2024_questionnaire_p01_page1.png	jpegli	420	55	model_proj	32.874	72.975	1.4346	CjpegliYcbcr	5.2
documents	office_census-acs-2024_questionnaire_p01_page1.png	jpegli	420	75	identity_off	34.348	75.238	1.1022	CjpegliYcbcr	3.0
documents	office_census-acs-2024_questionnaire_p01_page1.png	jpegli	420	75	model_policy	34.862	77.721	1.2326	CjpegliYcbcr	3.0
documents	office_census-acs-2024_questionnaire_p01_page1.png	jpegli	420	75	model_proj	34.884	78.238	1.2271	CjpegliYcbcr	3.0
documents	office_census-acs-2024_questionnaire_p01_page1.png	jpegli	420	90	identity_off	37.408	81.546	1.1660	CjpegliYcbcr	1.3
documents	office_census-acs-2024_questionnaire_p01_page1.png	jpegli	420	90	model_policy	37.580	82.610	1.1844	CjpegliYcbcr	1.3
documents	office_census-acs-2024_questionnaire_p01_page1.png	jpegli	420	90	model_proj	37.887	83.732	0.6806	CjpegliYcbcr	1.3
documents	office_census-acs-2024_questionnaire_p01_page1.png	jpegli	444	15	identity_off	28.667	54.926	2.3499	CjpegliYcbcr	11.8
documents	office_census-acs-2024_questionnaire_p01_page1.png	jpegli	444	15	model_policy	30.009	59.910	2.0820	CjpegliYcbcr	11.8
documents	office_census-acs-2024_questionnaire_p01_page1.png	jpegli	444	15	model_proj	30.017	60.099	2.0774	CjpegliYcbcr	11.8
documents	office_census-acs-2024_questionnaire_p01_page1.png	jpegli	444	35	identity_off	31.371	67.431	1.8035	CjpegliYcbcr	6.0
documents	office_census-acs-2024_questionnaire_p01_page1.png	jpegli	444	35	model_policy	32.468	70.978	2.1421	CjpegliYcbcr	6.0
documents	office_census-acs-2024_questionnaire_p01_page1.png	jpegli	444	35	model_proj	32.476	71.346	2.1410	CjpegliYcbcr	6.0
documents	office_census-acs-2024_questionnaire_p01_page1.png	jpegli	444	55	identity_off	33.060	71.688	1.2696	CjpegliYcbcr	4.1
documents	office_census-acs-2024_questionnaire_p01_page1.png	jpegli	444	55	model_policy	34.001	75.056	1.2722	CjpegliYcbcr	4.1
documents	office_census-acs-2024_questionnaire_p01_page1.png	jpegli	444	55	model_proj	34.016	75.596	1.2649	CjpegliYcbcr	4.1
documents	office_census-acs-2024_questionnaire_p01_page1.png	jpegli	444	75	identity_off	35.504	77.527	0.9386	CjpegliYcbcr	2.3
documents	office_census-acs-2024_questionnaire_p01_page1.png	jpegli	444	75	model_policy	35.972	79.204	1.1182	CjpegliYcbcr	2.3
documents	office_census-acs-2024_questionnaire_p01_page1.png	jpegli	444	75	model_proj	35.994	79.741	1.1159	CjpegliYcbcr	2.3
documents	office_census-acs-2024_questionnaire_p01_page1.png	jpegli	444	90	identity_off	39.539	82.599	1.1600	CjpegliYcbcr	1.1
documents	office_census-acs-2024_questionnaire_p01_page1.png	jpegli	444	90	model_policy	39.631	83.526	1.1793	CjpegliYcbcr	1.1
documents	office_census-acs-2024_questionnaire_p01_page1.png	jpegli	444	90	model_proj	39.953	84.314	0.4353	CjpegliYcbcr	1.1
documents	office_census-acs-2024_questionnaire_p01_page1.png	zenjpeg	420	15	identity_off	28.135	57.201	2.5851	CjpegliYcbcr	14.2
documents	office_census-acs-2024_questionnaire_p01_page1.png	zenjpeg	420	15	model_policy	29.533	62.429	2.1985	CjpegliYcbcr	14.2
documents	office_census-acs-2024_questionnaire_p01_page1.png	zenjpeg	420	15	model_proj	29.482	62.231	2.2214	CjpegliYcbcr	14.2
documents	office_census-acs-2024_questionnaire_p01_page1.png	zenjpeg	420	35	identity_off	30.641	66.606	1.7540	CjpegliYcbcr	7.2
documents	office_census-acs-2024_questionnaire_p01_page1.png	zenjpeg	420	35	model_policy	31.786	70.774	1.5510	CjpegliYcbcr	7.2
documents	office_census-acs-2024_questionnaire_p01_page1.png	zenjpeg	420	35	model_proj	31.756	71.201	1.5631	CjpegliYcbcr	7.2
documents	office_census-acs-2024_questionnaire_p01_page1.png	zenjpeg	420	55	identity_off	31.962	70.563	1.4259	CjpegliYcbcr	5.2
documents	office_census-acs-2024_questionnaire_p01_page1.png	zenjpeg	420	55	model_policy	32.915	73.775	1.3425	CjpegliYcbcr	5.2
documents	office_census-acs-2024_questionnaire_p01_page1.png	zenjpeg	420	55	model_proj	32.890	74.096	1.3487	CjpegliYcbcr	5.2
documents	office_census-acs-2024_questionnaire_p01_page1.png	zenjpeg	420	75	identity_off	34.295	75.324	1.2671	CjpegliYcbcr	3.0
documents	office_census-acs-2024_questionnaire_p01_page1.png	zenjpeg	420	75	model_policy	34.849	77.608	1.2227	CjpegliYcbcr	3.0
documents	office_census-acs-2024_questionnaire_p01_page1.png	zenjpeg	420	75	model_proj	34.843	78.337	1.2193	CjpegliYcbcr	3.0
documents	office_census-acs-2024_questionnaire_p01_page1.png	zenjpeg	420	90	identity_off	37.285	81.943	1.1712	CjpegliYcbcr	1.3
documents	office_census-acs-2024_questionnaire_p01_page1.png	zenjpeg	420	90	model_policy	37.464	82.851	1.1866	CjpegliYcbcr	1.3
documents	office_census-acs-2024_questionnaire_p01_page1.png	zenjpeg	420	90	model_proj	37.674	83.541	1.1819	CjpegliYcbcr	1.3
documents	office_census-acs-2024_questionnaire_p01_page1.png	zenjpeg	444	15	identity_off	28.688	57.593	2.3042	CjpegliYcbcr	11.8
documents	office_census-acs-2024_questionnaire_p01_page1.png	zenjpeg	444	15	model_policy	30.011	62.165	2.0344	CjpegliYcbcr	11.8
documents	office_census-acs-2024_questionnaire_p01_page1.png	zenjpeg	444	15	model_proj	29.973	62.277	2.0473	CjpegliYcbcr	11.8
documents	office_census-acs-2024_questionnaire_p01_page1.png	zenjpeg	444	35	identity_off	31.426	68.823	1.7705	CjpegliYcbcr	6.0
documents	office_census-acs-2024_questionnaire_p01_page1.png	zenjpeg	444	35	model_policy	32.645	72.085	1.4403	CjpegliYcbcr	6.0
documents	office_census-acs-2024_questionnaire_p01_page1.png	zenjpeg	444	35	model_proj	32.600	72.445	1.4594	CjpegliYcbcr	6.0
documents	office_census-acs-2024_questionnaire_p01_page1.png	zenjpeg	444	55	identity_off	33.007	72.872	1.2573	CjpegliYcbcr	4.1
documents	office_census-acs-2024_questionnaire_p01_page1.png	zenjpeg	444	55	model_policy	33.911	75.717	1.2503	CjpegliYcbcr	4.1
documents	office_census-acs-2024_questionnaire_p01_page1.png	zenjpeg	444	55	model_proj	33.872	76.038	1.2580	CjpegliYcbcr	4.1
documents	office_census-acs-2024_questionnaire_p01_page1.png	zenjpeg	444	75	identity_off	35.489	76.990	1.2042	CjpegliYcbcr	2.3
documents	office_census-acs-2024_questionnaire_p01_page1.png	zenjpeg	444	75	model_policy	36.022	79.061	1.1980	CjpegliYcbcr	2.3
documents	office_census-acs-2024_questionnaire_p01_page1.png	zenjpeg	444	75	model_proj	36.026	79.604	1.1978	CjpegliYcbcr	2.3
documents	office_census-acs-2024_questionnaire_p01_page1.png	zenjpeg	444	90	identity_off	39.364	83.599	1.1656	CjpegliYcbcr	1.1
documents	office_census-acs-2024_questionnaire_p01_page1.png	zenjpeg	444	90	model_policy	39.457	84.347	1.1832	CjpegliYcbcr	1.1
documents	office_census-acs-2024_questionnaire_p01_page1.png	zenjpeg	444	90	model_proj	39.509	84.489	1.1784	CjpegliYcbcr	1.1
documents	office_fec-form3_campaign-finance_p01_page1.png	turbo	420	15	identity_off	31.729	65.163	2.4185	Unknown	15.0
documents	office_fec-form3_campaign-finance_p01_page1.png	turbo	420	15	model_policy	34.343	72.605	1.7935	Unknown	15.0
documents	office_fec-form3_campaign-finance_p01_page1.png	turbo	420	15	model_proj	34.357	72.732	1.7854	Unknown	15.0
documents	office_fec-form3_campaign-finance_p01_page1.png	turbo	420	35	identity_off	34.977	72.583	1.6813	ImageMagick	35.0
documents	office_fec-form3_campaign-finance_p01_page1.png	turbo	420	35	model_policy	37.826	80.231	1.1548	ImageMagick	35.0
documents	office_fec-form3_campaign-finance_p01_page1.png	turbo	420	35	model_proj	37.913	81.072	1.0790	ImageMagick	35.0
documents	office_fec-form3_campaign-finance_p01_page1.png	turbo	420	55	identity_off	37.319	77.147	1.3385	ImageMagick	55.0
documents	office_fec-form3_campaign-finance_p01_page1.png	turbo	420	55	model_policy	40.067	83.493	0.9083	ImageMagick	55.0
documents	office_fec-form3_campaign-finance_p01_page1.png	turbo	420	55	model_proj	40.240	84.551	0.8186	ImageMagick	55.0
documents	office_fec-form3_campaign-finance_p01_page1.png	turbo	420	75	identity_off	40.989	83.020	0.9106	ImageMagick	75.0
documents	office_fec-form3_campaign-finance_p01_page1.png	turbo	420	75	model_policy	43.473	87.203	0.6162	ImageMagick	75.0
documents	office_fec-form3_campaign-finance_p01_page1.png	turbo	420	75	model_proj	43.683	87.773	0.5648	ImageMagick	75.0
documents	office_fec-form3_campaign-finance_p01_page1.png	turbo	420	90	identity_off	47.498	89.370	0.4765	ImageMagick	90.0
documents	office_fec-form3_campaign-finance_p01_page1.png	turbo	420	90	model_policy	49.129	90.784	0.4287	ImageMagick	90.0
documents	office_fec-form3_campaign-finance_p01_page1.png	turbo	420	90	model_proj	49.531	91.563	0.3789	ImageMagick	90.0
documents	office_fec-form3_campaign-finance_p01_page1.png	turbo	444	15	identity_off	31.729	65.163	2.4185	Unknown	15.0
documents	office_fec-form3_campaign-finance_p01_page1.png	turbo	444	15	model_policy	34.343	72.605	1.7935	Unknown	15.0
documents	office_fec-form3_campaign-finance_p01_page1.png	turbo	444	15	model_proj	34.357	72.732	1.7854	Unknown	15.0
documents	office_fec-form3_campaign-finance_p01_page1.png	turbo	444	35	identity_off	34.977	72.583	1.6813	ImageMagick	35.0
documents	office_fec-form3_campaign-finance_p01_page1.png	turbo	444	35	model_policy	37.826	80.231	1.1548	ImageMagick	35.0
documents	office_fec-form3_campaign-finance_p01_page1.png	turbo	444	35	model_proj	37.913	81.072	1.0790	ImageMagick	35.0
documents	office_fec-form3_campaign-finance_p01_page1.png	turbo	444	55	identity_off	37.315	76.648	1.3381	ImageMagick	55.0
documents	office_fec-form3_campaign-finance_p01_page1.png	turbo	444	55	model_policy	40.056	82.948	0.9076	ImageMagick	55.0
documents	office_fec-form3_campaign-finance_p01_page1.png	turbo	444	55	model_proj	40.228	83.927	0.8175	ImageMagick	55.0
documents	office_fec-form3_campaign-finance_p01_page1.png	turbo	444	75	identity_off	41.018	83.205	0.9094	ImageMagick	75.0
documents	office_fec-form3_campaign-finance_p01_page1.png	turbo	444	75	model_policy	43.510	87.302	0.6142	ImageMagick	75.0
documents	office_fec-form3_campaign-finance_p01_page1.png	turbo	444	75	model_proj	43.725	87.969	0.5614	ImageMagick	75.0
documents	office_fec-form3_campaign-finance_p01_page1.png	turbo	444	90	identity_off	47.570	89.699	0.4747	ImageMagick	90.0
documents	office_fec-form3_campaign-finance_p01_page1.png	turbo	444	90	model_policy	49.267	91.359	0.4194	ImageMagick	90.0
documents	office_fec-form3_campaign-finance_p01_page1.png	turbo	444	90	model_proj	49.699	91.813	0.3689	ImageMagick	90.0
documents	office_fec-form3_campaign-finance_p01_page1.png	mozjpeg	420	15	identity_off	28.355	65.612	2.7121	Mozjpeg	15.0
documents	office_fec-form3_campaign-finance_p01_page1.png	mozjpeg	420	15	model_policy	29.970	69.050	2.4998	Mozjpeg	15.0
documents	office_fec-form3_campaign-finance_p01_page1.png	mozjpeg	420	15	model_proj	29.722	69.089	2.6346	Mozjpeg	15.0
documents	office_fec-form3_campaign-finance_p01_page1.png	mozjpeg	420	35	identity_off	31.965	76.731	1.5888	Mozjpeg	35.0
documents	office_fec-form3_campaign-finance_p01_page1.png	mozjpeg	420	35	model_policy	34.248	80.414	1.4068	Mozjpeg	35.0
documents	office_fec-form3_campaign-finance_p01_page1.png	mozjpeg	420	35	model_proj	33.792	79.472	1.6166	Mozjpeg	35.0
documents	office_fec-form3_campaign-finance_p01_page1.png	mozjpeg	420	55	identity_off	34.008	80.498	1.2386	Mozjpeg	55.0
documents	office_fec-form3_campaign-finance_p01_page1.png	mozjpeg	420	55	model_policy	36.472	83.811	1.0019	Mozjpeg	55.0
documents	office_fec-form3_campaign-finance_p01_page1.png	mozjpeg	420	55	model_proj	35.893	83.039	1.2291	Mozjpeg	55.0
documents	office_fec-form3_campaign-finance_p01_page1.png	mozjpeg	420	75	identity_off	36.191	82.397	0.9042	Mozjpeg	75.0
documents	office_fec-form3_campaign-finance_p01_page1.png	mozjpeg	420	75	model_policy	38.825	85.609	0.7314	Mozjpeg	75.0
documents	office_fec-form3_campaign-finance_p01_page1.png	mozjpeg	420	75	model_proj	38.501	85.811	0.7826	Mozjpeg	75.0
documents	office_fec-form3_campaign-finance_p01_page1.png	mozjpeg	420	90	identity_off	40.849	86.855	0.5905	Mozjpeg	90.0
documents	office_fec-form3_campaign-finance_p01_page1.png	mozjpeg	420	90	model_policy	43.474	88.665	0.4620	Mozjpeg	90.0
documents	office_fec-form3_campaign-finance_p01_page1.png	mozjpeg	420	90	model_proj	43.469	89.502	0.4816	Mozjpeg	90.0
documents	office_fec-form3_campaign-finance_p01_page1.png	mozjpeg	444	15	identity_off	28.355	65.612	2.7121	Mozjpeg	15.0
documents	office_fec-form3_campaign-finance_p01_page1.png	mozjpeg	444	15	model_policy	29.970	69.050	2.4998	Mozjpeg	15.0
documents	office_fec-form3_campaign-finance_p01_page1.png	mozjpeg	444	15	model_proj	29.722	69.089	2.6346	Mozjpeg	15.0
documents	office_fec-form3_campaign-finance_p01_page1.png	mozjpeg	444	35	identity_off	31.965	76.731	1.5888	Mozjpeg	35.0
documents	office_fec-form3_campaign-finance_p01_page1.png	mozjpeg	444	35	model_policy	34.248	80.414	1.4068	Mozjpeg	35.0
documents	office_fec-form3_campaign-finance_p01_page1.png	mozjpeg	444	35	model_proj	33.792	79.472	1.6166	Mozjpeg	35.0
documents	office_fec-form3_campaign-finance_p01_page1.png	mozjpeg	444	55	identity_off	34.004	80.087	1.2377	Mozjpeg	55.0
documents	office_fec-form3_campaign-finance_p01_page1.png	mozjpeg	444	55	model_policy	36.464	83.388	1.0005	Mozjpeg	55.0
documents	office_fec-form3_campaign-finance_p01_page1.png	mozjpeg	444	55	model_proj	35.887	82.600	1.2256	Mozjpeg	55.0
documents	office_fec-form3_campaign-finance_p01_page1.png	mozjpeg	444	75	identity_off	36.201	82.636	0.9030	Mozjpeg	75.0
documents	office_fec-form3_campaign-finance_p01_page1.png	mozjpeg	444	75	model_policy	38.854	85.884	0.7258	Mozjpeg	75.0
documents	office_fec-form3_campaign-finance_p01_page1.png	mozjpeg	444	75	model_proj	38.523	85.933	0.7751	Mozjpeg	75.0
documents	office_fec-form3_campaign-finance_p01_page1.png	mozjpeg	444	90	identity_off	40.868	87.391	0.5914	Mozjpeg	90.0
documents	office_fec-form3_campaign-finance_p01_page1.png	mozjpeg	444	90	model_policy	43.496	89.374	0.4591	Mozjpeg	90.0
documents	office_fec-form3_campaign-finance_p01_page1.png	mozjpeg	444	90	model_proj	43.503	89.885	0.4807	Mozjpeg	90.0
documents	office_fec-form3_campaign-finance_p01_page1.png	jpegli	420	15	identity_off	31.246	64.147	2.4387	CjpegliYcbcr	14.2
documents	office_fec-form3_campaign-finance_p01_page1.png	jpegli	420	15	model_policy	33.727	71.899	1.9828	CjpegliYcbcr	14.2
documents	office_fec-form3_campaign-finance_p01_page1.png	jpegli	420	15	model_proj	33.741	72.100	1.9657	CjpegliYcbcr	14.2
documents	office_fec-form3_campaign-finance_p01_page1.png	jpegli	420	35	identity_off	34.737	73.817	1.5860	CjpegliYcbcr	7.2
documents	office_fec-form3_campaign-finance_p01_page1.png	jpegli	420	35	model_policy	37.350	80.718	1.1668	CjpegliYcbcr	7.2
documents	office_fec-form3_campaign-finance_p01_page1.png	jpegli	420	35	model_proj	37.399	81.214	1.1222	CjpegliYcbcr	7.2
documents	office_fec-form3_campaign-finance_p01_page1.png	jpegli	420	55	identity_off	36.913	78.382	1.1815	CjpegliYcbcr	5.2
documents	office_fec-form3_campaign-finance_p01_page1.png	jpegli	420	55	model_policy	39.534	83.827	0.8427	CjpegliYcbcr	5.2
documents	office_fec-form3_campaign-finance_p01_page1.png	jpegli	420	55	model_proj	39.608	84.267	0.7980	CjpegliYcbcr	5.2
documents	office_fec-form3_campaign-finance_p01_page1.png	jpegli	420	75	identity_off	41.250	83.971	0.7916	CjpegliYcbcr	3.0
documents	office_fec-form3_campaign-finance_p01_page1.png	jpegli	420	75	model_policy	43.544	87.117	0.5840	CjpegliYcbcr	3.0
documents	office_fec-form3_campaign-finance_p01_page1.png	jpegli	420	75	model_proj	43.696	87.853	0.5397	CjpegliYcbcr	3.0
documents	office_fec-form3_campaign-finance_p01_page1.png	jpegli	420	90	identity_off	47.758	89.889	0.3914	CjpegliYcbcr	1.3
documents	office_fec-form3_campaign-finance_p01_page1.png	jpegli	420	90	model_policy	49.149	90.987	0.3759	CjpegliYcbcr	1.3
documents	office_fec-form3_campaign-finance_p01_page1.png	jpegli	420	90	model_proj	49.415	91.267	0.3636	CjpegliYcbcr	1.3
documents	office_fec-form3_campaign-finance_p01_page1.png	jpegli	444	15	identity_off	32.220	68.029	2.1610	CjpegliYcbcr	11.8
documents	office_fec-form3_campaign-finance_p01_page1.png	jpegli	444	15	model_policy	34.788	75.370	1.7420	CjpegliYcbcr	11.8
documents	office_fec-form3_campaign-finance_p01_page1.png	jpegli	444	15	model_proj	34.813	75.770	1.6797	CjpegliYcbcr	11.8
documents	office_fec-form3_campaign-finance_p01_page1.png	jpegli	444	35	identity_off	35.857	76.790	1.3252	CjpegliYcbcr	6.0
documents	office_fec-form3_campaign-finance_p01_page1.png	jpegli	444	35	model_policy	38.522	82.827	0.9655	CjpegliYcbcr	6.0
documents	office_fec-form3_campaign-finance_p01_page1.png	jpegli	444	35	model_proj	38.583	83.272	0.9286	CjpegliYcbcr	6.0
documents	office_fec-form3_campaign-finance_p01_page1.png	jpegli	444	55	identity_off	38.309	80.852	1.0268	CjpegliYcbcr	4.1
documents	office_fec-form3_campaign-finance_p01_page1.png	jpegli	444	55	model_policy	40.858	85.314	0.7463	CjpegliYcbcr	4.1
documents	office_fec-form3_campaign-finance_p01_page1.png	jpegli	444	55	model_proj	40.947	85.743	0.7139	CjpegliYcbcr	4.1
documents	office_fec-form3_campaign-finance_p01_page1.png	jpegli	444	75	identity_off	42.596	84.982	0.6473	CjpegliYcbcr	2.3
documents	office_fec-form3_campaign-finance_p01_page1.png	jpegli	444	75	model_policy	44.630	87.171	0.5748	CjpegliYcbcr	2.3
documents	office_fec-form3_campaign-finance_p01_page1.png	jpegli	444	75	model_proj	44.741	87.365	0.5613	CjpegliYcbcr	2.3
documents	office_fec-form3_campaign-finance_p01_page1.png	jpegli	444	90	identity_off	49.257	90.070	0.3469	CjpegliYcbcr	1.1
documents	office_fec-form3_campaign-finance_p01_page1.png	jpegli	444	90	model_policy	50.377	90.660	0.3608	CjpegliYcbcr	1.1
documents	office_fec-form3_campaign-finance_p01_page1.png	jpegli	444	90	model_proj	50.834	91.541	0.3339	CjpegliYcbcr	1.1
documents	office_fec-form3_campaign-finance_p01_page1.png	zenjpeg	420	15	identity_off	32.562	76.337	1.7750	CjpegliYcbcr	14.2
documents	office_fec-form3_campaign-finance_p01_page1.png	zenjpeg	420	15	model_policy	34.663	79.343	1.6277	CjpegliYcbcr	14.2
documents	office_fec-form3_campaign-finance_p01_page1.png	zenjpeg	420	15	model_proj	34.062	77.917	1.8354	CjpegliYcbcr	14.2
documents	office_fec-form3_campaign-finance_p01_page1.png	zenjpeg	420	35	identity_off	36.087	81.651	1.0991	CjpegliYcbcr	7.2
documents	office_fec-form3_campaign-finance_p01_page1.png	zenjpeg	420	35	model_policy	38.168	84.957	0.9494	CjpegliYcbcr	7.2
documents	office_fec-form3_campaign-finance_p01_page1.png	zenjpeg	420	35	model_proj	36.864	82.824	1.3850	CjpegliYcbcr	7.2
documents	office_fec-form3_campaign-finance_p01_page1.png	zenjpeg	420	55	identity_off	38.203	84.023	0.8886	CjpegliYcbcr	5.2
documents	office_fec-form3_campaign-finance_p01_page1.png	zenjpeg	420	55	model_policy	40.330	87.122	0.7022	CjpegliYcbcr	5.2
documents	office_fec-form3_campaign-finance_p01_page1.png	zenjpeg	420	55	model_proj	39.186	85.913	1.0617	CjpegliYcbcr	5.2
documents	office_fec-form3_campaign-finance_p01_page1.png	zenjpeg	420	75	identity_off	42.510	87.003	0.5416	CjpegliYcbcr	3.0
documents	office_fec-form3_campaign-finance_p01_page1.png	zenjpeg	420	75	model_policy	44.156	88.652	0.5346	CjpegliYcbcr	3.0
documents	office_fec-form3_campaign-finance_p01_page1.png	zenjpeg	420	75	model_proj	43.158	88.537	0.7111	CjpegliYcbcr	3.0
documents	office_fec-form3_campaign-finance_p01_page1.png	zenjpeg	420	90	identity_off	49.100	91.354	0.2807	CjpegliYcbcr	1.3
documents	office_fec-form3_campaign-finance_p01_page1.png	zenjpeg	420	90	model_policy	49.615	91.699	0.4404	CjpegliYcbcr	1.3
documents	office_fec-form3_campaign-finance_p01_page1.png	zenjpeg	420	90	model_proj	48.700	91.723	0.4620	CjpegliYcbcr	1.3
documents	office_fec-form3_campaign-finance_p01_page1.png	zenjpeg	444	15	identity_off	33.405	77.727	1.4710	CjpegliYcbcr	11.8
documents	office_fec-form3_campaign-finance_p01_page1.png	zenjpeg	444	15	model_policy	35.458	80.958	1.3882	CjpegliYcbcr	11.8
documents	office_fec-form3_campaign-finance_p01_page1.png	zenjpeg	444	15	model_proj	34.813	78.989	1.7987	CjpegliYcbcr	11.8
documents	office_fec-form3_campaign-finance_p01_page1.png	zenjpeg	444	35	identity_off	37.292	83.141	0.9483	CjpegliYcbcr	6.0
documents	office_fec-form3_campaign-finance_p01_page1.png	zenjpeg	444	35	model_policy	39.392	86.448	0.7967	CjpegliYcbcr	6.0
documents	office_fec-form3_campaign-finance_p01_page1.png	zenjpeg	444	35	model_proj	38.237	84.978	1.1287	CjpegliYcbcr	6.0
documents	office_fec-form3_campaign-finance_p01_page1.png	zenjpeg	444	55	identity_off	39.519	85.581	0.7406	CjpegliYcbcr	4.1
documents	office_fec-form3_campaign-finance_p01_page1.png	zenjpeg	444	55	model_policy	41.540	88.157	0.5903	CjpegliYcbcr	4.1
documents	office_fec-form3_campaign-finance_p01_page1.png	zenjpeg	444	55	model_proj	40.481	87.017	0.9019	CjpegliYcbcr	4.1
documents	office_fec-form3_campaign-finance_p01_page1.png	zenjpeg	444	75	identity_off	43.841	87.712	0.4667	CjpegliYcbcr	2.3
documents	office_fec-form3_campaign-finance_p01_page1.png	zenjpeg	444	75	model_policy	45.342	89.306	0.4809	CjpegliYcbcr	2.3
documents	office_fec-form3_campaign-finance_p01_page1.png	zenjpeg	444	75	model_proj	44.451	88.966	0.6447	CjpegliYcbcr	2.3
documents	office_fec-form3_campaign-finance_p01_page1.png	zenjpeg	444	90	identity_off	50.390	90.831	0.2467	CjpegliYcbcr	1.1
documents	office_fec-form3_campaign-finance_p01_page1.png	zenjpeg	444	90	model_policy	50.732	90.944	0.4030	CjpegliYcbcr	1.1
documents	office_fec-form3_campaign-finance_p01_page1.png	zenjpeg	444	90	model_proj	50.422	91.993	0.3800	CjpegliYcbcr	1.1
documents	office_fedreg-2026-10621_rule_p01_page1.png	turbo	420	15	identity_off	24.604	46.880	3.9101	Unknown	15.0
documents	office_fedreg-2026-10621_rule_p01_page1.png	turbo	420	15	model_policy	26.940	58.958	3.1981	Unknown	15.0
documents	office_fedreg-2026-10621_rule_p01_page1.png	turbo	420	15	model_proj	27.046	59.991	3.1192	Unknown	15.0
documents	office_fedreg-2026-10621_rule_p01_page1.png	turbo	420	35	identity_off	28.511	61.906	2.3780	ImageMagick	35.0
documents	office_fedreg-2026-10621_rule_p01_page1.png	turbo	420	35	model_policy	31.001	72.201	1.7641	ImageMagick	35.0
documents	office_fedreg-2026-10621_rule_p01_page1.png	turbo	420	35	model_proj	31.281	74.038	1.6505	ImageMagick	35.0
documents	office_fedreg-2026-10621_rule_p01_page1.png	turbo	420	55	identity_off	30.989	70.182	1.8355	ImageMagick	55.0
documents	office_fedreg-2026-10621_rule_p01_page1.png	turbo	420	55	model_policy	33.467	78.624	1.3019	ImageMagick	55.0
documents	office_fedreg-2026-10621_rule_p01_page1.png	turbo	420	55	model_proj	33.844	80.474	1.1758	ImageMagick	55.0
documents	office_fedreg-2026-10621_rule_p01_page1.png	turbo	420	75	identity_off	34.670	79.240	1.2294	ImageMagick	75.0
documents	office_fedreg-2026-10621_rule_p01_page1.png	turbo	420	75	model_policy	36.988	85.159	0.8477	ImageMagick	75.0
documents	office_fedreg-2026-10621_rule_p01_page1.png	turbo	420	75	model_proj	37.430	86.620	0.7463	ImageMagick	75.0
documents	office_fedreg-2026-10621_rule_p01_page1.png	turbo	420	90	identity_off	41.705	89.733	0.5912	ImageMagick	90.0
documents	office_fedreg-2026-10621_rule_p01_page1.png	turbo	420	90	model_policy	43.340	91.875	0.4160	ImageMagick	90.0
documents	office_fedreg-2026-10621_rule_p01_page1.png	turbo	420	90	model_proj	43.744	92.270	0.3769	ImageMagick	90.0
documents	office_fedreg-2026-10621_rule_p01_page1.png	turbo	444	15	identity_off	24.604	46.880	3.9101	Unknown	15.0
documents	office_fedreg-2026-10621_rule_p01_page1.png	turbo	444	15	model_policy	26.940	58.958	3.1981	Unknown	15.0
documents	office_fedreg-2026-10621_rule_p01_page1.png	turbo	444	15	model_proj	27.046	59.991	3.1192	Unknown	15.0
documents	office_fedreg-2026-10621_rule_p01_page1.png	turbo	444	35	identity_off	28.511	61.906	2.3780	ImageMagick	35.0
documents	office_fedreg-2026-10621_rule_p01_page1.png	turbo	444	35	model_policy	31.001	72.201	1.7641	ImageMagick	35.0
documents	office_fedreg-2026-10621_rule_p01_page1.png	turbo	444	35	model_proj	31.281	74.038	1.6505	ImageMagick	35.0
documents	office_fedreg-2026-10621_rule_p01_page1.png	turbo	444	55	identity_off	30.989	70.182	1.8355	ImageMagick	55.0
documents	office_fedreg-2026-10621_rule_p01_page1.png	turbo	444	55	model_policy	33.467	78.624	1.3019	ImageMagick	55.0
documents	office_fedreg-2026-10621_rule_p01_page1.png	turbo	444	55	model_proj	33.844	80.474	1.1758	ImageMagick	55.0
documents	office_fedreg-2026-10621_rule_p01_page1.png	turbo	444	75	identity_off	34.670	79.240	1.2294	ImageMagick	75.0
documents	office_fedreg-2026-10621_rule_p01_page1.png	turbo	444	75	model_policy	36.988	85.159	0.8477	ImageMagick	75.0
documents	office_fedreg-2026-10621_rule_p01_page1.png	turbo	444	75	model_proj	37.430	86.620	0.7463	ImageMagick	75.0
documents	office_fedreg-2026-10621_rule_p01_page1.png	turbo	444	90	identity_off	41.705	89.733	0.5912	ImageMagick	90.0
documents	office_fedreg-2026-10621_rule_p01_page1.png	turbo	444	90	model_policy	43.340	91.875	0.4160	ImageMagick	90.0
documents	office_fedreg-2026-10621_rule_p01_page1.png	turbo	444	90	model_proj	43.743	92.167	0.3768	ImageMagick	90.0
documents	office_fedreg-2026-10621_rule_p01_page1.png	mozjpeg	420	15	identity_off	20.748	43.436	4.7029	Mozjpeg	15.0
documents	office_fedreg-2026-10621_rule_p01_page1.png	mozjpeg	420	15	model_policy	22.282	49.850	4.3912	Mozjpeg	15.0
documents	office_fedreg-2026-10621_rule_p01_page1.png	mozjpeg	420	15	model_proj	22.269	55.839	3.6235	Mozjpeg	15.0
documents	office_fedreg-2026-10621_rule_p01_page1.png	mozjpeg	420	35	identity_off	24.575	62.562	3.4528	Mozjpeg	35.0
documents	office_fedreg-2026-10621_rule_p01_page1.png	mozjpeg	420	35	model_policy	26.497	68.265	3.1992	Mozjpeg	35.0
documents	office_fedreg-2026-10621_rule_p01_page1.png	mozjpeg	420	35	model_proj	26.670	73.975	2.3144	Mozjpeg	35.0
documents	office_fedreg-2026-10621_rule_p01_page1.png	mozjpeg	420	55	identity_off	26.390	69.293	2.7881	Mozjpeg	55.0
documents	office_fedreg-2026-10621_rule_p01_page1.png	mozjpeg	420	55	model_policy	28.375	74.071	2.5386	Mozjpeg	55.0
documents	office_fedreg-2026-10621_rule_p01_page1.png	mozjpeg	420	55	model_proj	28.613	78.316	1.8000	Mozjpeg	55.0
documents	office_fedreg-2026-10621_rule_p01_page1.png	mozjpeg	420	75	identity_off	29.421	77.053	1.8898	Mozjpeg	75.0
documents	office_fedreg-2026-10621_rule_p01_page1.png	mozjpeg	420	75	model_policy	31.616	81.113	1.6553	Mozjpeg	75.0
documents	office_fedreg-2026-10621_rule_p01_page1.png	mozjpeg	420	75	model_proj	31.981	83.782	1.2051	Mozjpeg	75.0
documents	office_fedreg-2026-10621_rule_p01_page1.png	mozjpeg	420	90	identity_off	34.073	84.768	1.1406	Mozjpeg	90.0
documents	office_fedreg-2026-10621_rule_p01_page1.png	mozjpeg	420	90	model_policy	36.332	87.555	0.8996	Mozjpeg	90.0
documents	office_fedreg-2026-10621_rule_p01_page1.png	mozjpeg	420	90	model_proj	36.842	88.753	0.6808	Mozjpeg	90.0
documents	office_fedreg-2026-10621_rule_p01_page1.png	mozjpeg	444	15	identity_off	20.748	43.438	4.7031	Mozjpeg	15.0
documents	office_fedreg-2026-10621_rule_p01_page1.png	mozjpeg	444	15	model_policy	22.282	49.851	4.3914	Mozjpeg	15.0
documents	office_fedreg-2026-10621_rule_p01_page1.png	mozjpeg	444	15	model_proj	22.270	55.843	3.6237	Mozjpeg	15.0
documents	office_fedreg-2026-10621_rule_p01_page1.png	mozjpeg	444	35	identity_off	24.575	62.564	3.4531	Mozjpeg	35.0
documents	office_fedreg-2026-10621_rule_p01_page1.png	mozjpeg	444	35	model_policy	26.497	68.259	3.1996	Mozjpeg	35.0
documents	office_fedreg-2026-10621_rule_p01_page1.png	mozjpeg	444	35	model_proj	26.671	73.968	2.3144	Mozjpeg	35.0
documents	office_fedreg-2026-10621_rule_p01_page1.png	mozjpeg	444	55	identity_off	26.390	69.287	2.7882	Mozjpeg	55.0
documents	office_fedreg-2026-10621_rule_p01_page1.png	mozjpeg	444	55	model_policy	28.375	74.058	2.5389	Mozjpeg	55.0
documents	office_fedreg-2026-10621_rule_p01_page1.png	mozjpeg	444	55	model_proj	28.613	78.323	1.8002	Mozjpeg	55.0
documents	office_fedreg-2026-10621_rule_p01_page1.png	mozjpeg	444	75	identity_off	29.421	77.062	1.8898	Mozjpeg	75.0
documents	office_fedreg-2026-10621_rule_p01_page1.png	mozjpeg	444	75	model_policy	31.616	81.107	1.6553	Mozjpeg	75.0
documents	office_fedreg-2026-10621_rule_p01_page1.png	mozjpeg	444	75	model_proj	31.982	83.787	1.2051	Mozjpeg	75.0
documents	office_fedreg-2026-10621_rule_p01_page1.png	mozjpeg	444	90	identity_off	34.073	84.768	1.1406	Mozjpeg	90.0
documents	office_fedreg-2026-10621_rule_p01_page1.png	mozjpeg	444	90	model_policy	36.332	87.555	0.8996	Mozjpeg	90.0
documents	office_fedreg-2026-10621_rule_p01_page1.png	mozjpeg	444	90	model_proj	36.842	88.795	0.6809	Mozjpeg	90.0
documents	office_fedreg-2026-10621_rule_p01_page1.png	jpegli	420	15	identity_off	23.997	44.371	4.0790	CjpegliYcbcr	14.2
documents	office_fedreg-2026-10621_rule_p01_page1.png	jpegli	420	15	model_policy	26.141	56.184	3.5326	CjpegliYcbcr	14.2
documents	office_fedreg-2026-10621_rule_p01_page1.png	jpegli	420	15	model_proj	26.201	57.239	3.4197	CjpegliYcbcr	14.2
documents	office_fedreg-2026-10621_rule_p01_page1.png	jpegli	420	35	identity_off	28.016	63.341	2.3834	CjpegliYcbcr	7.2
documents	office_fedreg-2026-10621_rule_p01_page1.png	jpegli	420	35	model_policy	30.346	72.481	1.8986	CjpegliYcbcr	7.2
documents	office_fedreg-2026-10621_rule_p01_page1.png	jpegli	420	35	model_proj	30.456	73.523	1.8213	CjpegliYcbcr	7.2
documents	office_fedreg-2026-10621_rule_p01_page1.png	jpegli	420	55	identity_off	30.475	71.155	1.7449	CjpegliYcbcr	5.2
documents	office_fedreg-2026-10621_rule_p01_page1.png	jpegli	420	55	model_policy	32.793	78.580	1.3577	CjpegliYcbcr	5.2
documents	office_fedreg-2026-10621_rule_p01_page1.png	jpegli	420	55	model_proj	32.926	79.556	1.2808	CjpegliYcbcr	5.2
documents	office_fedreg-2026-10621_rule_p01_page1.png	jpegli	420	75	identity_off	34.949	81.628	1.0417	CjpegliYcbcr	3.0
documents	office_fedreg-2026-10621_rule_p01_page1.png	jpegli	420	75	model_policy	37.062	86.143	0.7877	CjpegliYcbcr	3.0
documents	office_fedreg-2026-10621_rule_p01_page1.png	jpegli	420	75	model_proj	37.211	86.823	0.7380	CjpegliYcbcr	3.0
documents	office_fedreg-2026-10621_rule_p01_page1.png	jpegli	420	90	identity_off	41.830	90.672	0.4816	CjpegliYcbcr	1.3
documents	office_fedreg-2026-10621_rule_p01_page1.png	jpegli	420	90	model_policy	43.211	91.993	0.3660	CjpegliYcbcr	1.3
documents	office_fedreg-2026-10621_rule_p01_page1.png	jpegli	420	90	model_proj	43.412	91.895	0.3566	CjpegliYcbcr	1.3
documents	office_fedreg-2026-10621_rule_p01_page1.png	jpegli	444	15	identity_off	25.108	50.698	3.5873	CjpegliYcbcr	11.8
documents	office_fedreg-2026-10621_rule_p01_page1.png	jpegli	444	15	model_policy	27.319	61.623	3.0438	CjpegliYcbcr	11.8
documents	office_fedreg-2026-10621_rule_p01_page1.png	jpegli	444	15	model_proj	27.396	62.758	2.9499	CjpegliYcbcr	11.8
documents	office_fedreg-2026-10621_rule_p01_page1.png	jpegli	444	35	identity_off	29.370	68.104	1.9939	CjpegliYcbcr	6.0
documents	office_fedreg-2026-10621_rule_p01_page1.png	jpegli	444	35	model_policy	31.715	76.186	1.5626	CjpegliYcbcr	6.0
documents	office_fedreg-2026-10621_rule_p01_page1.png	jpegli	444	35	model_proj	31.844	77.197	1.4863	CjpegliYcbcr	6.0
documents	office_fedreg-2026-10621_rule_p01_page1.png	jpegli	444	55	identity_off	32.010	75.383	1.4389	CjpegliYcbcr	4.1
documents	office_fedreg-2026-10621_rule_p01_page1.png	jpegli	444	55	model_policy	34.294	81.748	1.0908	CjpegliYcbcr	4.1
documents	office_fedreg-2026-10621_rule_p01_page1.png	jpegli	444	55	model_proj	34.434	82.565	1.0342	CjpegliYcbcr	4.1
documents	office_fedreg-2026-10621_rule_p01_page1.png	jpegli	444	75	identity_off	36.423	84.330	0.8671	CjpegliYcbcr	2.3
documents	office_fedreg-2026-10621_rule_p01_page1.png	jpegli	444	75	model_policy	38.443	87.958	0.6467	CjpegliYcbcr	2.3
documents	office_fedreg-2026-10621_rule_p01_page1.png	jpegli	444	75	model_proj	38.603	88.452	0.6071	CjpegliYcbcr	2.3
documents	office_fedreg-2026-10621_rule_p01_page1.png	jpegli	444	90	identity_off	43.582	91.866	0.4067	CjpegliYcbcr	1.1
documents	office_fedreg-2026-10621_rule_p01_page1.png	jpegli	444	90	model_policy	44.758	92.806	0.3109	CjpegliYcbcr	1.1
documents	office_fedreg-2026-10621_rule_p01_page1.png	jpegli	444	90	model_proj	44.932	92.992	0.2951	CjpegliYcbcr	1.1
documents	office_fedreg-2026-10621_rule_p01_page1.png	zenjpeg	420	15	identity_off	25.414	65.887	2.8894	CjpegliYcbcr	14.2
documents	office_fedreg-2026-10621_rule_p01_page1.png	zenjpeg	420	15	model_policy	27.166	71.263	2.6750	CjpegliYcbcr	14.2
documents	office_fedreg-2026-10621_rule_p01_page1.png	zenjpeg	420	15	model_proj	27.046	75.391	2.0103	CjpegliYcbcr	14.2
documents	office_fedreg-2026-10621_rule_p01_page1.png	zenjpeg	420	35	identity_off	29.686	78.269	1.5718	CjpegliYcbcr	7.2
documents	office_fedreg-2026-10621_rule_p01_page1.png	zenjpeg	420	35	model_policy	31.409	81.954	1.3708	CjpegliYcbcr	7.2
documents	office_fedreg-2026-10621_rule_p01_page1.png	zenjpeg	420	35	model_proj	30.826	82.931	1.2535	CjpegliYcbcr	7.2
documents	office_fedreg-2026-10621_rule_p01_page1.png	zenjpeg	420	55	identity_off	32.057	82.520	1.1839	CjpegliYcbcr	5.2
documents	office_fedreg-2026-10621_rule_p01_page1.png	zenjpeg	420	55	model_policy	33.731	85.481	1.0216	CjpegliYcbcr	5.2
documents	office_fedreg-2026-10621_rule_p01_page1.png	zenjpeg	420	55	model_proj	33.176	86.235	0.9410	CjpegliYcbcr	5.2
documents	office_fedreg-2026-10621_rule_p01_page1.png	zenjpeg	420	75	identity_off	36.546	88.177	0.6697	CjpegliYcbcr	3.0
documents	office_fedreg-2026-10621_rule_p01_page1.png	zenjpeg	420	75	model_policy	37.782	89.650	0.5885	CjpegliYcbcr	3.0
documents	office_fedreg-2026-10621_rule_p01_page1.png	zenjpeg	420	75	model_proj	37.122	90.007	0.6198	CjpegliYcbcr	3.0
documents	office_fedreg-2026-10621_rule_p01_page1.png	zenjpeg	420	90	identity_off	43.748	93.086	0.2829	CjpegliYcbcr	1.3
documents	office_fedreg-2026-10621_rule_p01_page1.png	zenjpeg	420	90	model_policy	44.140	93.221	0.2712	CjpegliYcbcr	1.3
documents	office_fedreg-2026-10621_rule_p01_page1.png	zenjpeg	420	90	model_proj	43.179	93.036	0.3323	CjpegliYcbcr	1.3
documents	office_fedreg-2026-10621_rule_p01_page1.png	zenjpeg	444	15	identity_off	26.645	70.488	2.4773	CjpegliYcbcr	11.8
documents	office_fedreg-2026-10621_rule_p01_page1.png	zenjpeg	444	15	model_policy	28.412	75.201	2.2949	CjpegliYcbcr	11.8
documents	office_fedreg-2026-10621_rule_p01_page1.png	zenjpeg	444	15	model_proj	28.210	78.401	1.7378	CjpegliYcbcr	11.8
documents	office_fedreg-2026-10621_rule_p01_page1.png	zenjpeg	444	35	identity_off	30.970	80.694	1.3721	CjpegliYcbcr	6.0
documents	office_fedreg-2026-10621_rule_p01_page1.png	zenjpeg	444	35	model_policy	32.688	84.020	1.2050	CjpegliYcbcr	6.0
documents	office_fedreg-2026-10621_rule_p01_page1.png	zenjpeg	444	35	model_proj	32.207	84.962	1.0455	CjpegliYcbcr	6.0
documents	office_fedreg-2026-10621_rule_p01_page1.png	zenjpeg	444	55	identity_off	33.568	84.860	0.9905	CjpegliYcbcr	4.1
documents	office_fedreg-2026-10621_rule_p01_page1.png	zenjpeg	444	55	model_policy	35.160	87.257	0.8356	CjpegliYcbcr	4.1
documents	office_fedreg-2026-10621_rule_p01_page1.png	zenjpeg	444	55	model_proj	34.603	87.804	0.8153	CjpegliYcbcr	4.1
documents	office_fedreg-2026-10621_rule_p01_page1.png	zenjpeg	444	75	identity_off	38.067	89.533	0.5587	CjpegliYcbcr	2.3
documents	office_fedreg-2026-10621_rule_p01_page1.png	zenjpeg	444	75	model_policy	39.132	90.620	0.4917	CjpegliYcbcr	2.3
documents	office_fedreg-2026-10621_rule_p01_page1.png	zenjpeg	444	75	model_proj	38.552	90.922	0.5302	CjpegliYcbcr	2.3
documents	office_fedreg-2026-10621_rule_p01_page1.png	zenjpeg	444	90	identity_off	45.493	93.729	0.2382	CjpegliYcbcr	1.1
documents	office_fedreg-2026-10621_rule_p01_page1.png	zenjpeg	444	90	model_policy	45.805	93.723	0.2266	CjpegliYcbcr	1.1
documents	office_fedreg-2026-10621_rule_p01_page1.png	zenjpeg	444	90	model_proj	45.175	93.745	0.2617	CjpegliYcbcr	1.1
art-scans	haeckel_0007_cephalopods.png	turbo	420	15	identity_off	28.866	41.384	3.2113	Unknown	15.0
art-scans	haeckel_0007_cephalopods.png	turbo	420	15	model_policy	29.060	43.493	3.1860	Unknown	15.0
art-scans	haeckel_0007_cephalopods.png	turbo	420	15	model_proj	29.060	43.498	3.1859	Unknown	15.0
art-scans	haeckel_0007_cephalopods.png	turbo	420	35	identity_off	31.617	66.506	1.9847	ImageMagick	35.0
art-scans	haeckel_0007_cephalopods.png	turbo	420	35	model_policy	31.773	67.382	1.9668	ImageMagick	35.0
art-scans	haeckel_0007_cephalopods.png	turbo	420	35	model_proj	31.774	67.378	1.9660	ImageMagick	35.0
art-scans	haeckel_0007_cephalopods.png	turbo	420	55	identity_off	33.045	73.325	1.4159	ImageMagick	55.0
art-scans	haeckel_0007_cephalopods.png	turbo	420	55	model_policy	33.149	73.769	1.4221	ImageMagick	55.0
art-scans	haeckel_0007_cephalopods.png	turbo	420	55	model_proj	33.158	73.849	1.4077	ImageMagick	55.0
art-scans	haeckel_0007_cephalopods.png	turbo	420	75	identity_off	34.951	79.993	1.0860	ImageMagick	75.0
art-scans	haeckel_0007_cephalopods.png	turbo	420	75	model_policy	35.010	80.221	1.1422	ImageMagick	75.0
art-scans	haeckel_0007_cephalopods.png	turbo	420	75	model_proj	35.031	80.494	1.0776	ImageMagick	75.0
art-scans	haeckel_0007_cephalopods.png	turbo	420	90	identity_off	38.299	86.422	0.8286	ImageMagick	90.0
art-scans	haeckel_0007_cephalopods.png	turbo	420	90	model_policy	38.186	85.883	0.9923	ImageMagick	90.0
art-scans	haeckel_0007_cephalopods.png	turbo	420	90	model_proj	38.326	86.535	0.7549	ImageMagick	90.0
art-scans	haeckel_0007_cephalopods.png	turbo	444	15	identity_off	30.065	48.917	2.5778	Unknown	15.0
art-scans	haeckel_0007_cephalopods.png	turbo	444	15	model_policy	30.365	51.577	2.5118	Unknown	15.0
art-scans	haeckel_0007_cephalopods.png	turbo	444	15	model_proj	30.365	51.585	2.5118	Unknown	15.0
art-scans	haeckel_0007_cephalopods.png	turbo	444	35	identity_off	33.782	73.299	1.3937	ImageMagick	35.0
art-scans	haeckel_0007_cephalopods.png	turbo	444	35	model_policy	34.076	74.382	1.3911	ImageMagick	35.0
art-scans	haeckel_0007_cephalopods.png	turbo	444	35	model_proj	34.078	74.346	1.3796	ImageMagick	35.0
art-scans	haeckel_0007_cephalopods.png	turbo	444	55	identity_off	35.639	78.989	1.1017	ImageMagick	55.0
art-scans	haeckel_0007_cephalopods.png	turbo	444	55	model_policy	35.868	79.707	1.1930	ImageMagick	55.0
art-scans	haeckel_0007_cephalopods.png	turbo	444	55	model_proj	35.882	79.761	1.1121	ImageMagick	55.0
art-scans	haeckel_0007_cephalopods.png	turbo	444	75	identity_off	37.946	84.382	0.8018	ImageMagick	75.0
art-scans	haeckel_0007_cephalopods.png	turbo	444	75	model_policy	38.089	84.700	1.0299	ImageMagick	75.0
art-scans	haeckel_0007_cephalopods.png	turbo	444	75	model_proj	38.123	84.979	0.8629	ImageMagick	75.0
art-scans	haeckel_0007_cephalopods.png	turbo	444	90	identity_off	41.948	89.487	0.5267	ImageMagick	90.0
art-scans	haeckel_0007_cephalopods.png	turbo	444	90	model_policy	41.720	88.736	0.9216	ImageMagick	90.0
art-scans	haeckel_0007_cephalopods.png	turbo	444	90	model_proj	41.891	89.445	0.5849	ImageMagick	90.0
art-scans	haeckel_0007_cephalopods.png	mozjpeg	420	15	identity_off	27.825	37.427	3.3416	Mozjpeg	15.0
art-scans	haeckel_0007_cephalopods.png	mozjpeg	420	15	model_policy	28.105	39.420	3.2819	Mozjpeg	15.0
art-scans	haeckel_0007_cephalopods.png	mozjpeg	420	15	model_proj	28.105	39.429	3.2819	Mozjpeg	15.0
art-scans	haeckel_0007_cephalopods.png	mozjpeg	420	35	identity_off	31.359	64.085	1.8816	Mozjpeg	35.0
art-scans	haeckel_0007_cephalopods.png	mozjpeg	420	35	model_policy	31.610	64.980	1.8681	Mozjpeg	35.0
art-scans	haeckel_0007_cephalopods.png	mozjpeg	420	35	model_proj	31.611	64.944	1.8648	Mozjpeg	35.0
art-scans	haeckel_0007_cephalopods.png	mozjpeg	420	55	identity_off	33.249	72.995	1.4654	Mozjpeg	55.0
art-scans	haeckel_0007_cephalopods.png	mozjpeg	420	55	model_policy	33.449	73.473	1.4529	Mozjpeg	55.0
art-scans	haeckel_0007_cephalopods.png	mozjpeg	420	55	model_proj	33.451	73.491	1.4500	Mozjpeg	55.0
art-scans	haeckel_0007_cephalopods.png	mozjpeg	420	75	identity_off	35.451	80.435	1.1200	Mozjpeg	75.0
art-scans	haeckel_0007_cephalopods.png	mozjpeg	420	75	model_policy	35.561	80.521	1.1510	Mozjpeg	75.0
art-scans	haeckel_0007_cephalopods.png	mozjpeg	420	75	model_proj	35.580	80.562	1.1121	Mozjpeg	75.0
art-scans	haeckel_0007_cephalopods.png	mozjpeg	420	90	identity_off	38.521	86.254	0.8873	Mozjpeg	90.0
art-scans	haeckel_0007_cephalopods.png	mozjpeg	420	90	model_policy	38.406	85.860	0.9631	Mozjpeg	90.0
art-scans	haeckel_0007_cephalopods.png	mozjpeg	420	90	model_proj	38.602	86.477	0.7794	Mozjpeg	90.0
art-scans	haeckel_0007_cephalopods.png	mozjpeg	444	15	identity_off	28.773	43.688	3.1117	Mozjpeg	15.0
art-scans	haeckel_0007_cephalopods.png	mozjpeg	444	15	model_policy	29.148	46.072	3.0255	Mozjpeg	15.0
art-scans	haeckel_0007_cephalopods.png	mozjpeg	444	15	model_proj	29.148	46.079	3.0255	Mozjpeg	15.0
art-scans	haeckel_0007_cephalopods.png	mozjpeg	444	35	identity_off	32.857	69.148	1.6930	Mozjpeg	35.0
art-scans	haeckel_0007_cephalopods.png	mozjpeg	444	35	model_policy	33.233	70.158	1.6880	Mozjpeg	35.0
art-scans	haeckel_0007_cephalopods.png	mozjpeg	444	35	model_proj	33.233	70.177	1.6866	Mozjpeg	35.0
art-scans	haeckel_0007_cephalopods.png	mozjpeg	444	55	identity_off	35.075	76.757	1.2611	Mozjpeg	55.0
art-scans	haeckel_0007_cephalopods.png	mozjpeg	444	55	model_policy	35.406	77.320	1.2521	Mozjpeg	55.0
art-scans	haeckel_0007_cephalopods.png	mozjpeg	444	55	model_proj	35.408	77.358	1.2470	Mozjpeg	55.0
art-scans	haeckel_0007_cephalopods.png	mozjpeg	444	75	identity_off	37.724	83.287	0.8942	Mozjpeg	75.0
art-scans	haeckel_0007_cephalopods.png	mozjpeg	444	75	model_policy	37.924	83.527	1.0531	Mozjpeg	75.0
art-scans	haeckel_0007_cephalopods.png	mozjpeg	444	75	model_proj	37.942	83.616	0.9858	Mozjpeg	75.0
art-scans	haeckel_0007_cephalopods.png	mozjpeg	444	90	identity_off	42.011	88.810	0.5735	Mozjpeg	90.0
art-scans	haeckel_0007_cephalopods.png	mozjpeg	444	90	model_policy	41.771	88.198	0.8738	Mozjpeg	90.0
art-scans	haeckel_0007_cephalopods.png	mozjpeg	444	90	model_proj	41.876	88.513	0.6484	Mozjpeg	90.0
art-scans	haeckel_0007_cephalopods.png	jpegli	420	15	identity_off	29.486	57.134	2.3168	CjpegliYcbcr	14.2
art-scans	haeckel_0007_cephalopods.png	jpegli	420	15	model_policy	29.749	58.080	2.2787	CjpegliYcbcr	14.2
art-scans	haeckel_0007_cephalopods.png	jpegli	420	15	model_proj	29.749	58.117	2.2787	CjpegliYcbcr	14.2
art-scans	haeckel_0007_cephalopods.png	jpegli	420	35	identity_off	31.761	70.286	1.5999	CjpegliYcbcr	7.2
art-scans	haeckel_0007_cephalopods.png	jpegli	420	35	model_policy	31.979	70.980	1.5837	CjpegliYcbcr	7.2
art-scans	haeckel_0007_cephalopods.png	jpegli	420	35	model_proj	31.980	70.971	1.5827	CjpegliYcbcr	7.2
art-scans	haeckel_0007_cephalopods.png	jpegli	420	55	identity_off	33.056	75.019	1.3540	CjpegliYcbcr	5.2
art-scans	haeckel_0007_cephalopods.png	jpegli	420	55	model_policy	33.222	75.325	1.4308	CjpegliYcbcr	5.2
art-scans	haeckel_0007_cephalopods.png	jpegli	420	55	model_proj	33.229	75.502	1.3743	CjpegliYcbcr	5.2
art-scans	haeckel_0007_cephalopods.png	jpegli	420	75	identity_off	35.137	80.444	1.0858	CjpegliYcbcr	3.0
art-scans	haeckel_0007_cephalopods.png	jpegli	420	75	model_policy	35.203	80.618	1.1128	CjpegliYcbcr	3.0
art-scans	haeckel_0007_cephalopods.png	jpegli	420	75	model_proj	35.234	80.775	1.0348	CjpegliYcbcr	3.0
art-scans	haeckel_0007_cephalopods.png	jpegli	420	90	identity_off	38.188	85.816	0.8607	CjpegliYcbcr	1.3
art-scans	haeckel_0007_cephalopods.png	jpegli	420	90	model_policy	38.027	85.314	1.0025	CjpegliYcbcr	1.3
art-scans	haeckel_0007_cephalopods.png	jpegli	420	90	model_proj	38.250	86.267	0.7359	CjpegliYcbcr	1.3
art-scans	haeckel_0007_cephalopods.png	jpegli	444	15	identity_off	29.711	57.688	2.3596	CjpegliYcbcr	11.8
art-scans	haeckel_0007_cephalopods.png	jpegli	444	15	model_policy	29.967	59.089	2.3167	CjpegliYcbcr	11.8
art-scans	haeckel_0007_cephalopods.png	jpegli	444	15	model_proj	29.967	59.098	2.3163	CjpegliYcbcr	11.8
art-scans	haeckel_0007_cephalopods.png	jpegli	444	35	identity_off	32.497	72.976	1.4589	CjpegliYcbcr	6.0
art-scans	haeckel_0007_cephalopods.png	jpegli	444	35	model_policy	32.695	73.181	1.5366	CjpegliYcbcr	6.0
art-scans	haeckel_0007_cephalopods.png	jpegli	444	35	model_proj	32.697	73.197	1.5134	CjpegliYcbcr	6.0
art-scans	haeckel_0007_cephalopods.png	jpegli	444	55	identity_off	33.883	77.089	1.2168	CjpegliYcbcr	4.1
art-scans	haeckel_0007_cephalopods.png	jpegli	444	55	model_policy	34.028	77.186	1.4283	CjpegliYcbcr	4.1
art-scans	haeckel_0007_cephalopods.png	jpegli	444	55	model_proj	34.034	77.321	1.3246	CjpegliYcbcr	4.1
art-scans	haeckel_0007_cephalopods.png	jpegli	444	75	identity_off	36.066	82.580	0.8720	CjpegliYcbcr	2.3
art-scans	haeckel_0007_cephalopods.png	jpegli	444	75	model_policy	36.116	82.447	1.0806	CjpegliYcbcr	2.3
art-scans	haeckel_0007_cephalopods.png	jpegli	444	75	model_proj	36.129	82.544	0.9559	CjpegliYcbcr	2.3
art-scans	haeckel_0007_cephalopods.png	jpegli	444	90	identity_off	39.806	88.100	0.5654	CjpegliYcbcr	1.1
art-scans	haeckel_0007_cephalopods.png	jpegli	444	90	model_policy	39.570	87.462	0.9199	CjpegliYcbcr	1.1
art-scans	haeckel_0007_cephalopods.png	jpegli	444	90	model_proj	39.660	87.963	0.6313	CjpegliYcbcr	1.1
art-scans	haeckel_0007_cephalopods.png	zenjpeg	420	15	identity_off	29.463	56.962	2.3258	CjpegliYcbcr	14.2
art-scans	haeckel_0007_cephalopods.png	zenjpeg	420	15	model_policy	29.726	58.004	2.2894	CjpegliYcbcr	14.2
art-scans	haeckel_0007_cephalopods.png	zenjpeg	420	15	model_proj	29.726	58.008	2.2894	CjpegliYcbcr	14.2
art-scans	haeckel_0007_cephalopods.png	zenjpeg	420	35	identity_off	31.743	70.167	1.6093	CjpegliYcbcr	7.2
art-scans	haeckel_0007_cephalopods.png	zenjpeg	420	35	model_policy	31.961	70.803	1.5929	CjpegliYcbcr	7.2
art-scans	haeckel_0007_cephalopods.png	zenjpeg	420	35	model_proj	31.962	70.787	1.5912	CjpegliYcbcr	7.2
art-scans	haeckel_0007_cephalopods.png	zenjpeg	420	55	identity_off	33.006	74.794	1.3731	CjpegliYcbcr	5.2
art-scans	haeckel_0007_cephalopods.png	zenjpeg	420	55	model_policy	33.172	75.175	1.4554	CjpegliYcbcr	5.2
art-scans	haeckel_0007_cephalopods.png	zenjpeg	420	55	model_proj	33.179	75.363	1.3959	CjpegliYcbcr	5.2
art-scans	haeckel_0007_cephalopods.png	zenjpeg	420	75	identity_off	35.106	80.337	1.0899	CjpegliYcbcr	3.0
art-scans	haeckel_0007_cephalopods.png	zenjpeg	420	75	model_policy	35.175	80.542	1.1158	CjpegliYcbcr	3.0
art-scans	haeckel_0007_cephalopods.png	zenjpeg	420	75	model_proj	35.206	80.804	1.0395	CjpegliYcbcr	3.0
art-scans	haeckel_0007_cephalopods.png	zenjpeg	420	90	identity_off	38.143	85.909	0.8677	CjpegliYcbcr	1.3
art-scans	haeckel_0007_cephalopods.png	zenjpeg	420	90	model_policy	37.985	85.533	1.0092	CjpegliYcbcr	1.3
art-scans	haeckel_0007_cephalopods.png	zenjpeg	420	90	model_proj	38.205	86.398	0.7391	CjpegliYcbcr	1.3
art-scans	haeckel_0007_cephalopods.png	zenjpeg	444	15	identity_off	29.692	57.488	2.3079	CjpegliYcbcr	11.8
art-scans	haeckel_0007_cephalopods.png	zenjpeg	444	15	model_policy	29.951	58.997	2.2561	CjpegliYcbcr	11.8
art-scans	haeckel_0007_cephalopods.png	zenjpeg	444	15	model_proj	29.951	58.994	2.2557	CjpegliYcbcr	11.8
art-scans	haeckel_0007_cephalopods.png	zenjpeg	444	35	identity_off	32.469	72.980	1.4384	CjpegliYcbcr	6.0
art-scans	haeckel_0007_cephalopods.png	zenjpeg	444	35	model_policy	32.673	73.141	1.5135	CjpegliYcbcr	6.0
art-scans	haeckel_0007_cephalopods.png	zenjpeg	444	35	model_proj	32.675	73.133	1.4900	CjpegliYcbcr	6.0
art-scans	haeckel_0007_cephalopods.png	zenjpeg	444	55	identity_off	33.851	77.149	1.1871	CjpegliYcbcr	4.1
art-scans	haeckel_0007_cephalopods.png	zenjpeg	444	55	model_policy	34.001	77.281	1.3977	CjpegliYcbcr	4.1
art-scans	haeckel_0007_cephalopods.png	zenjpeg	444	55	model_proj	34.007	77.354	1.2953	CjpegliYcbcr	4.1
art-scans	haeckel_0007_cephalopods.png	zenjpeg	444	75	identity_off	36.044	82.405	0.8553	CjpegliYcbcr	2.3
art-scans	haeckel_0007_cephalopods.png	zenjpeg	444	75	model_policy	36.102	82.338	1.0480	CjpegliYcbcr	2.3
art-scans	haeckel_0007_cephalopods.png	zenjpeg	444	75	model_proj	36.115	82.406	0.9334	CjpegliYcbcr	2.3
art-scans	haeckel_0007_cephalopods.png	zenjpeg	444	90	identity_off	39.748	87.944	0.5449	CjpegliYcbcr	1.1
art-scans	haeckel_0007_cephalopods.png	zenjpeg	444	90	model_policy	39.531	87.273	0.9385	CjpegliYcbcr	1.1
art-scans	haeckel_0007_cephalopods.png	zenjpeg	444	90	model_proj	39.618	87.788	0.6197	CjpegliYcbcr	1.1
art-scans	haeckel_0034_radiolaria-green.png	turbo	420	15	identity_off	23.650	40.502	3.4411	Unknown	15.0
art-scans	haeckel_0034_radiolaria-green.png	turbo	420	15	model_policy	23.774	41.087	3.4148	Unknown	15.0
art-scans	haeckel_0034_radiolaria-green.png	turbo	420	15	model_proj	23.774	41.094	3.4147	Unknown	15.0
art-scans	haeckel_0034_radiolaria-green.png	turbo	420	35	identity_off	26.245	63.741	2.2122	ImageMagick	35.0
art-scans	haeckel_0034_radiolaria-green.png	turbo	420	35	model_policy	26.347	64.069	2.1985	ImageMagick	35.0
art-scans	haeckel_0034_radiolaria-green.png	turbo	420	35	model_proj	26.349	64.088	2.1984	ImageMagick	35.0
art-scans	haeckel_0034_radiolaria-green.png	turbo	420	55	identity_off	27.678	71.062	1.8060	ImageMagick	55.0
art-scans	haeckel_0034_radiolaria-green.png	turbo	420	55	model_policy	27.768	71.283	1.7971	ImageMagick	55.0
art-scans	haeckel_0034_radiolaria-green.png	turbo	420	55	model_proj	27.777	71.349	1.7956	ImageMagick	55.0
art-scans	haeckel_0034_radiolaria-green.png	turbo	420	75	identity_off	29.636	77.978	1.3394	ImageMagick	75.0
art-scans	haeckel_0034_radiolaria-green.png	turbo	420	75	model_policy	29.719	78.132	1.3342	ImageMagick	75.0
art-scans	haeckel_0034_radiolaria-green.png	turbo	420	75	model_proj	29.765	78.221	1.3247	ImageMagick	75.0
art-scans	haeckel_0034_radiolaria-green.png	turbo	420	90	identity_off	32.426	85.108	0.8671	ImageMagick	90.0
art-scans	haeckel_0034_radiolaria-green.png	turbo	420	90	model_policy	32.480	85.134	0.8681	ImageMagick	90.0
art-scans	haeckel_0034_radiolaria-green.png	turbo	420	90	model_proj	32.838	85.684	0.8355	ImageMagick	90.0
art-scans	haeckel_0034_radiolaria-green.png	turbo	444	15	identity_off	26.395	56.106	2.4801	Unknown	15.0
art-scans	haeckel_0034_radiolaria-green.png	turbo	444	15	model_policy	26.610	56.870	2.4404	Unknown	15.0
art-scans	haeckel_0034_radiolaria-green.png	turbo	444	15	model_proj	26.610	56.870	2.4404	Unknown	15.0
art-scans	haeckel_0034_radiolaria-green.png	turbo	444	35	identity_off	30.112	76.311	1.3260	ImageMagick	35.0
art-scans	haeckel_0034_radiolaria-green.png	turbo	444	35	model_policy	30.328	76.898	1.2930	ImageMagick	35.0
art-scans	haeckel_0034_radiolaria-green.png	turbo	444	35	model_proj	30.328	76.902	1.2930	ImageMagick	35.0
art-scans	haeckel_0034_radiolaria-green.png	turbo	444	55	identity_off	32.007	82.374	1.0122	ImageMagick	55.0
art-scans	haeckel_0034_radiolaria-green.png	turbo	444	55	model_policy	32.210	82.867	0.9853	ImageMagick	55.0
art-scans	haeckel_0034_radiolaria-green.png	turbo	444	55	model_proj	32.210	82.868	0.9853	ImageMagick	55.0
art-scans	haeckel_0034_radiolaria-green.png	turbo	444	75	identity_off	34.223	87.054	0.7229	ImageMagick	75.0
art-scans	haeckel_0034_radiolaria-green.png	turbo	444	75	model_policy	34.415	87.393	0.7008	ImageMagick	75.0
art-scans	haeckel_0034_radiolaria-green.png	turbo	444	75	model_proj	34.415	87.396	0.7007	ImageMagick	75.0
art-scans	haeckel_0034_radiolaria-green.png	turbo	444	90	identity_off	37.975	92.088	0.4414	ImageMagick	90.0
art-scans	haeckel_0034_radiolaria-green.png	turbo	444	90	model_policy	38.085	92.129	0.4444	ImageMagick	90.0
art-scans	haeckel_0034_radiolaria-green.png	turbo	444	90	model_proj	38.096	92.194	0.4358	ImageMagick	90.0
art-scans	haeckel_0034_radiolaria-green.png	mozjpeg	420	15	identity_off	23.773	39.304	3.7055	Mozjpeg	15.0
art-scans	haeckel_0034_radiolaria-green.png	mozjpeg	420	15	model_policy	23.990	39.950	3.6646	Mozjpeg	15.0
art-scans	haeckel_0034_radiolaria-green.png	mozjpeg	420	15	model_proj	23.990	39.950	3.6646	Mozjpeg	15.0
art-scans	haeckel_0034_radiolaria-green.png	mozjpeg	420	35	identity_off	27.097	65.329	2.0317	Mozjpeg	35.0
art-scans	haeckel_0034_radiolaria-green.png	mozjpeg	420	35	model_policy	27.323	65.828	1.9970	Mozjpeg	35.0
art-scans	haeckel_0034_radiolaria-green.png	mozjpeg	420	35	model_proj	27.324	65.828	1.9970	Mozjpeg	35.0
art-scans	haeckel_0034_radiolaria-green.png	mozjpeg	420	55	identity_off	28.792	73.886	1.5625	Mozjpeg	55.0
art-scans	haeckel_0034_radiolaria-green.png	mozjpeg	420	55	model_policy	28.988	74.291	1.5358	Mozjpeg	55.0
art-scans	haeckel_0034_radiolaria-green.png	mozjpeg	420	55	model_proj	28.998	74.296	1.5356	Mozjpeg	55.0
art-scans	haeckel_0034_radiolaria-green.png	mozjpeg	420	75	identity_off	30.643	80.294	1.1669	Mozjpeg	75.0
art-scans	haeckel_0034_radiolaria-green.png	mozjpeg	420	75	model_policy	30.786	80.507	1.1547	Mozjpeg	75.0
art-scans	haeckel_0034_radiolaria-green.png	mozjpeg	420	75	model_proj	30.891	80.623	1.1433	Mozjpeg	75.0
art-scans	haeckel_0034_radiolaria-green.png	mozjpeg	420	90	identity_off	32.771	85.967	0.8121	Mozjpeg	90.0
art-scans	haeckel_0034_radiolaria-green.png	mozjpeg	420	90	model_policy	32.833	86.019	0.8108	Mozjpeg	90.0
art-scans	haeckel_0034_radiolaria-green.png	mozjpeg	420	90	model_proj	33.534	86.789	0.7537	Mozjpeg	90.0
art-scans	haeckel_0034_radiolaria-green.png	mozjpeg	444	15	identity_off	25.715	49.095	3.1266	Mozjpeg	15.0
art-scans	haeckel_0034_radiolaria-green.png	mozjpeg	444	15	model_policy	25.997	49.833	3.0651	Mozjpeg	15.0
art-scans	haeckel_0034_radiolaria-green.png	mozjpeg	444	15	model_proj	25.997	49.831	3.0651	Mozjpeg	15.0
art-scans	haeckel_0034_radiolaria-green.png	mozjpeg	444	35	identity_off	29.946	72.699	1.6264	Mozjpeg	35.0
art-scans	haeckel_0034_radiolaria-green.png	mozjpeg	444	35	model_policy	30.297	73.300	1.5714	Mozjpeg	35.0
art-scans	haeckel_0034_radiolaria-green.png	mozjpeg	444	35	model_proj	30.297	73.300	1.5714	Mozjpeg	35.0
art-scans	haeckel_0034_radiolaria-green.png	mozjpeg	444	55	identity_off	32.240	80.481	1.1681	Mozjpeg	55.0
art-scans	haeckel_0034_radiolaria-green.png	mozjpeg	444	55	model_policy	32.580	81.045	1.1190	Mozjpeg	55.0
art-scans	haeckel_0034_radiolaria-green.png	mozjpeg	444	55	model_proj	32.580	81.048	1.1190	Mozjpeg	55.0
art-scans	haeckel_0034_radiolaria-green.png	mozjpeg	444	75	identity_off	35.030	86.346	0.8054	Mozjpeg	75.0
art-scans	haeckel_0034_radiolaria-green.png	mozjpeg	444	75	model_policy	35.317	86.699	0.7736	Mozjpeg	75.0
art-scans	haeckel_0034_radiolaria-green.png	mozjpeg	444	75	model_proj	35.317	86.706	0.7736	Mozjpeg	75.0
art-scans	haeckel_0034_radiolaria-green.png	mozjpeg	444	90	identity_off	39.621	91.882	0.4579	Mozjpeg	90.0
art-scans	haeckel_0034_radiolaria-green.png	mozjpeg	444	90	model_policy	39.721	91.934	0.4560	Mozjpeg	90.0
art-scans	haeckel_0034_radiolaria-green.png	mozjpeg	444	90	model_proj	39.726	91.921	0.4551	Mozjpeg	90.0
art-scans	haeckel_0034_radiolaria-green.png	jpegli	420	15	identity_off	24.479	53.412	2.5206	CjpegliYcbcr	14.2
art-scans	haeckel_0034_radiolaria-green.png	jpegli	420	15	model_policy	24.663	53.788	2.4766	CjpegliYcbcr	14.2
art-scans	haeckel_0034_radiolaria-green.png	jpegli	420	15	model_proj	24.663	53.794	2.4766	CjpegliYcbcr	14.2
art-scans	haeckel_0034_radiolaria-green.png	jpegli	420	35	identity_off	26.447	67.796	1.7634	CjpegliYcbcr	7.2
art-scans	haeckel_0034_radiolaria-green.png	jpegli	420	35	model_policy	26.621	68.106	1.7260	CjpegliYcbcr	7.2
art-scans	haeckel_0034_radiolaria-green.png	jpegli	420	35	model_proj	26.626	68.144	1.7256	CjpegliYcbcr	7.2
art-scans	haeckel_0034_radiolaria-green.png	jpegli	420	55	identity_off	27.596	72.970	1.4731	CjpegliYcbcr	5.2
art-scans	haeckel_0034_radiolaria-green.png	jpegli	420	55	model_policy	27.750	73.291	1.4411	CjpegliYcbcr	5.2
art-scans	haeckel_0034_radiolaria-green.png	jpegli	420	55	model_proj	27.758	73.357	1.4395	CjpegliYcbcr	5.2
art-scans	haeckel_0034_radiolaria-green.png	jpegli	420	75	identity_off	29.514	79.757	1.0795	CjpegliYcbcr	3.0
art-scans	haeckel_0034_radiolaria-green.png	jpegli	420	75	model_policy	29.630	79.993	1.0614	CjpegliYcbcr	3.0
art-scans	haeckel_0034_radiolaria-green.png	jpegli	420	75	model_proj	29.662	80.079	1.0517	CjpegliYcbcr	3.0
art-scans	haeckel_0034_radiolaria-green.png	jpegli	420	90	identity_off	31.903	85.754	0.7708	CjpegliYcbcr	1.3
art-scans	haeckel_0034_radiolaria-green.png	jpegli	420	90	model_policy	31.955	85.779	0.7701	CjpegliYcbcr	1.3
art-scans	haeckel_0034_radiolaria-green.png	jpegli	420	90	model_proj	32.305	86.530	0.7076	CjpegliYcbcr	1.3
art-scans	haeckel_0034_radiolaria-green.png	jpegli	444	15	identity_off	25.088	56.853	2.2225	CjpegliYcbcr	11.8
art-scans	haeckel_0034_radiolaria-green.png	jpegli	444	15	model_policy	25.252	57.206	2.1869	CjpegliYcbcr	11.8
art-scans	haeckel_0034_radiolaria-green.png	jpegli	444	15	model_proj	25.252	57.204	2.1869	CjpegliYcbcr	11.8
art-scans	haeckel_0034_radiolaria-green.png	jpegli	444	35	identity_off	27.629	71.639	1.5158	CjpegliYcbcr	6.0
art-scans	haeckel_0034_radiolaria-green.png	jpegli	444	35	model_policy	27.789	71.990	1.4878	CjpegliYcbcr	6.0
art-scans	haeckel_0034_radiolaria-green.png	jpegli	444	35	model_proj	27.789	71.988	1.4878	CjpegliYcbcr	6.0
art-scans	haeckel_0034_radiolaria-green.png	jpegli	444	55	identity_off	28.935	76.632	1.2513	CjpegliYcbcr	4.1
art-scans	haeckel_0034_radiolaria-green.png	jpegli	444	55	model_policy	29.081	76.887	1.2293	CjpegliYcbcr	4.1
art-scans	haeckel_0034_radiolaria-green.png	jpegli	444	55	model_proj	29.081	76.888	1.2292	CjpegliYcbcr	4.1
art-scans	haeckel_0034_radiolaria-green.png	jpegli	444	75	identity_off	30.929	82.875	0.8930	CjpegliYcbcr	2.3
art-scans	haeckel_0034_radiolaria-green.png	jpegli	444	75	model_policy	31.045	82.996	0.8797	CjpegliYcbcr	2.3
art-scans	haeckel_0034_radiolaria-green.png	jpegli	444	75	model_proj	31.045	83.001	0.8796	CjpegliYcbcr	2.3
art-scans	haeckel_0034_radiolaria-green.png	jpegli	444	90	identity_off	34.563	89.863	0.5029	CjpegliYcbcr	1.1
art-scans	haeckel_0034_radiolaria-green.png	jpegli	444	90	model_policy	34.619	89.755	0.5114	CjpegliYcbcr	1.1
art-scans	haeckel_0034_radiolaria-green.png	jpegli	444	90	model_proj	34.621	89.781	0.5083	CjpegliYcbcr	1.1
art-scans	haeckel_0034_radiolaria-green.png	zenjpeg	420	15	identity_off	24.443	53.050	2.5259	CjpegliYcbcr	14.2
art-scans	haeckel_0034_radiolaria-green.png	zenjpeg	420	15	model_policy	24.627	53.440	2.4815	CjpegliYcbcr	14.2
art-scans	haeckel_0034_radiolaria-green.png	zenjpeg	420	15	model_proj	24.628	53.444	2.4815	CjpegliYcbcr	14.2
art-scans	haeckel_0034_radiolaria-green.png	zenjpeg	420	35	identity_off	26.403	67.700	1.7735	CjpegliYcbcr	7.2
art-scans	haeckel_0034_radiolaria-green.png	zenjpeg	420	35	model_policy	26.578	68.014	1.7335	CjpegliYcbcr	7.2
art-scans	haeckel_0034_radiolaria-green.png	zenjpeg	420	35	model_proj	26.582	68.063	1.7331	CjpegliYcbcr	7.2
art-scans	haeckel_0034_radiolaria-green.png	zenjpeg	420	55	identity_off	27.545	72.742	1.4795	CjpegliYcbcr	5.2
art-scans	haeckel_0034_radiolaria-green.png	zenjpeg	420	55	model_policy	27.700	73.060	1.4489	CjpegliYcbcr	5.2
art-scans	haeckel_0034_radiolaria-green.png	zenjpeg	420	55	model_proj	27.708	73.118	1.4471	CjpegliYcbcr	5.2
art-scans	haeckel_0034_radiolaria-green.png	zenjpeg	420	75	identity_off	29.467	79.747	1.0823	CjpegliYcbcr	3.0
art-scans	haeckel_0034_radiolaria-green.png	zenjpeg	420	75	model_policy	29.584	79.993	1.0633	CjpegliYcbcr	3.0
art-scans	haeckel_0034_radiolaria-green.png	zenjpeg	420	75	model_proj	29.615	80.077	1.0553	CjpegliYcbcr	3.0
art-scans	haeckel_0034_radiolaria-green.png	zenjpeg	420	90	identity_off	31.861	85.628	0.7819	CjpegliYcbcr	1.3
art-scans	haeckel_0034_radiolaria-green.png	zenjpeg	420	90	model_policy	31.915	85.670	0.7806	CjpegliYcbcr	1.3
art-scans	haeckel_0034_radiolaria-green.png	zenjpeg	420	90	model_proj	32.263	86.408	0.7223	CjpegliYcbcr	1.3
art-scans	haeckel_0034_radiolaria-green.png	zenjpeg	444	15	identity_off	25.035	56.599	2.2357	CjpegliYcbcr	11.8
art-scans	haeckel_0034_radiolaria-green.png	zenjpeg	444	15	model_policy	25.198	56.942	2.2001	CjpegliYcbcr	11.8
art-scans	haeckel_0034_radiolaria-green.png	zenjpeg	444	15	model_proj	25.198	56.941	2.2001	CjpegliYcbcr	11.8
art-scans	haeckel_0034_radiolaria-green.png	zenjpeg	444	35	identity_off	27.561	71.379	1.5283	CjpegliYcbcr	6.0
art-scans	haeckel_0034_radiolaria-green.png	zenjpeg	444	35	model_policy	27.721	71.719	1.4996	CjpegliYcbcr	6.0
art-scans	haeckel_0034_radiolaria-green.png	zenjpeg	444	35	model_proj	27.721	71.716	1.4996	CjpegliYcbcr	6.0
art-scans	haeckel_0034_radiolaria-green.png	zenjpeg	444	55	identity_off	28.850	76.473	1.2665	CjpegliYcbcr	4.1
art-scans	haeckel_0034_radiolaria-green.png	zenjpeg	444	55	model_policy	28.997	76.737	1.2432	CjpegliYcbcr	4.1
art-scans	haeckel_0034_radiolaria-green.png	zenjpeg	444	55	model_proj	28.997	76.737	1.2432	CjpegliYcbcr	4.1
art-scans	haeckel_0034_radiolaria-green.png	zenjpeg	444	75	identity_off	30.848	82.778	0.9008	CjpegliYcbcr	2.3
art-scans	haeckel_0034_radiolaria-green.png	zenjpeg	444	75	model_policy	30.966	82.915	0.8875	CjpegliYcbcr	2.3
art-scans	haeckel_0034_radiolaria-green.png	zenjpeg	444	75	model_proj	30.966	82.916	0.8875	CjpegliYcbcr	2.3
art-scans	haeckel_0034_radiolaria-green.png	zenjpeg	444	90	identity_off	34.471	89.675	0.5118	CjpegliYcbcr	1.1
art-scans	haeckel_0034_radiolaria-green.png	zenjpeg	444	90	model_policy	34.528	89.593	0.5186	CjpegliYcbcr	1.1
art-scans	haeckel_0034_radiolaria-green.png	zenjpeg	444	90	model_proj	34.530	89.607	0.5167	CjpegliYcbcr	1.1
art-scans	haeckel_0040_starfish.png	turbo	420	15	identity_off	22.341	13.511	5.5672	Unknown	15.0
art-scans	haeckel_0040_starfish.png	turbo	420	15	model_policy	22.373	13.394	5.5708	Unknown	15.0
art-scans	haeckel_0040_starfish.png	turbo	420	15	model_proj	22.373	13.413	5.5653	Unknown	15.0
art-scans	haeckel_0040_starfish.png	turbo	420	35	identity_off	24.128	38.900	3.9995	ImageMagick	35.0
art-scans	haeckel_0040_starfish.png	turbo	420	35	model_policy	24.146	38.791	4.0044	ImageMagick	35.0
art-scans	haeckel_0040_starfish.png	turbo	420	35	model_proj	24.151	38.890	3.9946	ImageMagick	35.0
art-scans	haeckel_0040_starfish.png	turbo	420	55	identity_off	25.572	51.081	3.2072	ImageMagick	55.0
art-scans	haeckel_0040_starfish.png	turbo	420	55	model_policy	25.589	51.017	3.2101	ImageMagick	55.0
art-scans	haeckel_0040_starfish.png	turbo	420	55	model_proj	25.600	51.215	3.1968	ImageMagick	55.0
art-scans	haeckel_0040_starfish.png	turbo	420	75	identity_off	27.652	64.402	2.3537	ImageMagick	75.0
art-scans	haeckel_0040_starfish.png	turbo	420	75	model_policy	27.668	64.381	2.3589	ImageMagick	75.0
art-scans	haeckel_0040_starfish.png	turbo	420	75	model_proj	27.705	64.687	2.3370	ImageMagick	75.0
art-scans	haeckel_0040_starfish.png	turbo	420	90	identity_off	29.983	75.576	1.6401	ImageMagick	90.0
art-scans	haeckel_0040_starfish.png	turbo	420	90	model_policy	29.989	75.548	1.6456	ImageMagick	90.0
art-scans	haeckel_0040_starfish.png	turbo	420	90	model_proj	30.306	76.901	1.5416	ImageMagick	90.0
art-scans	haeckel_0040_starfish.png	turbo	444	15	identity_off	25.278	44.333	3.2728	Unknown	15.0
art-scans	haeckel_0040_starfish.png	turbo	444	15	model_policy	25.352	44.568	3.2634	Unknown	15.0
art-scans	haeckel_0040_starfish.png	turbo	444	15	model_proj	25.352	44.566	3.2635	Unknown	15.0
art-scans	haeckel_0040_starfish.png	turbo	444	35	identity_off	28.550	69.241	1.8931	ImageMagick	35.0
art-scans	haeckel_0040_starfish.png	turbo	444	35	model_policy	28.617	69.401	1.8839	ImageMagick	35.0
art-scans	haeckel_0040_starfish.png	turbo	444	35	model_proj	28.617	69.408	1.8839	ImageMagick	35.0
art-scans	haeckel_0040_starfish.png	turbo	444	55	identity_off	30.280	77.169	1.4525	ImageMagick	55.0
art-scans	haeckel_0040_starfish.png	turbo	444	55	model_policy	30.343	77.307	1.4437	ImageMagick	55.0
art-scans	haeckel_0040_starfish.png	turbo	444	55	model_proj	30.344	77.311	1.4434	ImageMagick	55.0
art-scans	haeckel_0040_starfish.png	turbo	444	75	identity_off	32.455	83.861	1.0898	ImageMagick	75.0
art-scans	haeckel_0040_starfish.png	turbo	444	75	model_policy	32.514	83.960	1.0834	ImageMagick	75.0
art-scans	haeckel_0040_starfish.png	turbo	444	75	model_proj	32.515	83.993	1.0821	ImageMagick	75.0
art-scans	haeckel_0040_starfish.png	turbo	444	90	identity_off	36.797	90.612	0.6411	ImageMagick	90.0
art-scans	haeckel_0040_starfish.png	turbo	444	90	model_policy	36.842	90.604	0.6383	ImageMagick	90.0
art-scans	haeckel_0040_starfish.png	turbo	444	90	model_proj	36.853	90.636	0.6333	ImageMagick	90.0
art-scans	haeckel_0040_starfish.png	mozjpeg	420	15	identity_off	22.484	13.324	5.2501	Mozjpeg	15.0
art-scans	haeckel_0040_starfish.png	mozjpeg	420	15	model_policy	22.537	13.033	5.2509	Mozjpeg	15.0
art-scans	haeckel_0040_starfish.png	mozjpeg	420	15	model_proj	22.537	13.035	5.2509	Mozjpeg	15.0
art-scans	haeckel_0040_starfish.png	mozjpeg	420	35	identity_off	25.306	48.175	3.2297	Mozjpeg	35.0
art-scans	haeckel_0040_starfish.png	mozjpeg	420	35	model_policy	25.354	48.013	3.2325	Mozjpeg	35.0
art-scans	haeckel_0040_starfish.png	mozjpeg	420	35	model_proj	25.355	48.023	3.2321	Mozjpeg	35.0
art-scans	haeckel_0040_starfish.png	mozjpeg	420	55	identity_off	26.788	60.126	2.5287	Mozjpeg	55.0
art-scans	haeckel_0040_starfish.png	mozjpeg	420	55	model_policy	26.827	60.039	2.5304	Mozjpeg	55.0
art-scans	haeckel_0040_starfish.png	mozjpeg	420	55	model_proj	26.838	60.111	2.5271	Mozjpeg	55.0
art-scans	haeckel_0040_starfish.png	mozjpeg	420	75	identity_off	28.314	68.785	2.0247	Mozjpeg	75.0
art-scans	haeckel_0040_starfish.png	mozjpeg	420	75	model_policy	28.340	68.710	2.0290	Mozjpeg	75.0
art-scans	haeckel_0040_starfish.png	mozjpeg	420	75	model_proj	28.438	69.245	1.9989	Mozjpeg	75.0
art-scans	haeckel_0040_starfish.png	mozjpeg	420	90	identity_off	30.003	75.982	1.6228	Mozjpeg	90.0
art-scans	haeckel_0040_starfish.png	mozjpeg	420	90	model_policy	30.011	75.927	1.6291	Mozjpeg	90.0
art-scans	haeckel_0040_starfish.png	mozjpeg	420	90	model_proj	30.678	78.661	1.4190	Mozjpeg	90.0
art-scans	haeckel_0040_starfish.png	mozjpeg	444	15	identity_off	25.331	39.503	3.3757	Mozjpeg	15.0
art-scans	haeckel_0040_starfish.png	mozjpeg	444	15	model_policy	25.433	39.703	3.3581	Mozjpeg	15.0
art-scans	haeckel_0040_starfish.png	mozjpeg	444	15	model_proj	25.433	39.706	3.3581	Mozjpeg	15.0
art-scans	haeckel_0040_starfish.png	mozjpeg	444	35	identity_off	29.445	69.127	1.8262	Mozjpeg	35.0
art-scans	haeckel_0040_starfish.png	mozjpeg	444	35	model_policy	29.570	69.313	1.8116	Mozjpeg	35.0
art-scans	haeckel_0040_starfish.png	mozjpeg	444	35	model_proj	29.570	69.328	1.8115	Mozjpeg	35.0
art-scans	haeckel_0040_starfish.png	mozjpeg	444	55	identity_off	31.688	78.610	1.3064	Mozjpeg	55.0
art-scans	haeckel_0040_starfish.png	mozjpeg	444	55	model_policy	31.809	78.822	1.2921	Mozjpeg	55.0
art-scans	haeckel_0040_starfish.png	mozjpeg	444	55	model_proj	31.810	78.811	1.2921	Mozjpeg	55.0
art-scans	haeckel_0040_starfish.png	mozjpeg	444	75	identity_off	34.499	85.548	0.8969	Mozjpeg	75.0
art-scans	haeckel_0040_starfish.png	mozjpeg	444	75	model_policy	34.608	85.663	0.8879	Mozjpeg	75.0
art-scans	haeckel_0040_starfish.png	mozjpeg	444	75	model_proj	34.608	85.640	0.8887	Mozjpeg	75.0
art-scans	haeckel_0040_starfish.png	mozjpeg	444	90	identity_off	39.192	91.749	0.5010	Mozjpeg	90.0
art-scans	haeckel_0040_starfish.png	mozjpeg	444	90	model_policy	39.251	91.799	0.4984	Mozjpeg	90.0
art-scans	haeckel_0040_starfish.png	mozjpeg	444	90	model_proj	39.250	91.564	0.5043	Mozjpeg	90.0
art-scans	haeckel_0040_starfish.png	jpegli	420	15	identity_off	24.261	41.682	3.4944	CjpegliYcbcr	14.2
art-scans	haeckel_0040_starfish.png	jpegli	420	15	model_policy	24.322	41.398	3.4938	CjpegliYcbcr	14.2
art-scans	haeckel_0040_starfish.png	jpegli	420	15	model_proj	24.322	41.406	3.4936	CjpegliYcbcr	14.2
art-scans	haeckel_0040_starfish.png	jpegli	420	35	identity_off	26.210	60.006	2.4748	CjpegliYcbcr	7.2
art-scans	haeckel_0040_starfish.png	jpegli	420	35	model_policy	26.269	59.910	2.4772	CjpegliYcbcr	7.2
art-scans	haeckel_0040_starfish.png	jpegli	420	35	model_proj	26.276	59.989	2.4734	CjpegliYcbcr	7.2
art-scans	haeckel_0040_starfish.png	jpegli	420	55	identity_off	27.138	65.701	2.1201	CjpegliYcbcr	5.2
art-scans	haeckel_0040_starfish.png	jpegli	420	55	model_policy	27.188	65.602	2.1218	CjpegliYcbcr	5.2
art-scans	haeckel_0040_starfish.png	jpegli	420	55	model_proj	27.219	65.843	2.1088	CjpegliYcbcr	5.2
art-scans	haeckel_0040_starfish.png	jpegli	420	75	identity_off	28.545	72.136	1.7766	CjpegliYcbcr	3.0
art-scans	haeckel_0040_starfish.png	jpegli	420	75	model_policy	28.577	72.071	1.7796	CjpegliYcbcr	3.0
art-scans	haeckel_0040_starfish.png	jpegli	420	75	model_proj	28.786	73.229	1.6912	CjpegliYcbcr	3.0
art-scans	haeckel_0040_starfish.png	jpegli	420	90	identity_off	29.994	77.100	1.5574	CjpegliYcbcr	1.3
art-scans	haeckel_0040_starfish.png	jpegli	420	90	model_policy	30.002	77.032	1.5638	CjpegliYcbcr	1.3
art-scans	haeckel_0040_starfish.png	jpegli	420	90	model_proj	30.967	81.371	1.2411	CjpegliYcbcr	1.3
art-scans	haeckel_0040_starfish.png	jpegli	444	15	identity_off	24.906	46.815	3.0674	CjpegliYcbcr	11.8
art-scans	haeckel_0040_starfish.png	jpegli	444	15	model_policy	24.981	46.891	3.0591	CjpegliYcbcr	11.8
art-scans	haeckel_0040_starfish.png	jpegli	444	15	model_proj	24.981	46.894	3.0591	CjpegliYcbcr	11.8
art-scans	haeckel_0040_starfish.png	jpegli	444	35	identity_off	27.463	67.398	2.0291	CjpegliYcbcr	6.0
art-scans	haeckel_0040_starfish.png	jpegli	444	35	model_policy	27.537	67.535	2.0172	CjpegliYcbcr	6.0
art-scans	haeckel_0040_starfish.png	jpegli	444	35	model_proj	27.537	67.536	2.0172	CjpegliYcbcr	6.0
art-scans	haeckel_0040_starfish.png	jpegli	444	55	identity_off	28.797	73.044	1.6736	CjpegliYcbcr	4.1
art-scans	haeckel_0040_starfish.png	jpegli	444	55	model_policy	28.866	73.176	1.6636	CjpegliYcbcr	4.1
art-scans	haeckel_0040_starfish.png	jpegli	444	55	model_proj	28.866	73.177	1.6636	CjpegliYcbcr	4.1
art-scans	haeckel_0040_starfish.png	jpegli	444	75	identity_off	30.903	80.449	1.2581	CjpegliYcbcr	2.3
art-scans	haeckel_0040_starfish.png	jpegli	444	75	model_policy	30.959	80.571	1.2508	CjpegliYcbcr	2.3
art-scans	haeckel_0040_starfish.png	jpegli	444	75	model_proj	30.959	80.567	1.2508	CjpegliYcbcr	2.3
art-scans	haeckel_0040_starfish.png	jpegli	444	90	identity_off	34.913	88.586	0.7372	CjpegliYcbcr	1.1
art-scans	haeckel_0040_starfish.png	jpegli	444	90	model_policy	34.947	88.576	0.7358	CjpegliYcbcr	1.1
art-scans	haeckel_0040_starfish.png	jpegli	444	90	model_proj	34.948	88.620	0.7344	CjpegliYcbcr	1.1
art-scans	haeckel_0040_starfish.png	zenjpeg	420	15	identity_off	24.244	41.603	3.4978	CjpegliYcbcr	14.2
art-scans	haeckel_0040_starfish.png	zenjpeg	420	15	model_policy	24.305	41.348	3.4975	CjpegliYcbcr	14.2
art-scans	haeckel_0040_starfish.png	zenjpeg	420	15	model_proj	24.305	41.352	3.4973	CjpegliYcbcr	14.2
art-scans	haeckel_0040_starfish.png	zenjpeg	420	35	identity_off	26.188	59.779	2.5017	CjpegliYcbcr	7.2
art-scans	haeckel_0040_starfish.png	zenjpeg	420	35	model_policy	26.248	59.692	2.5085	CjpegliYcbcr	7.2
art-scans	haeckel_0040_starfish.png	zenjpeg	420	35	model_proj	26.255	59.771	2.5051	CjpegliYcbcr	7.2
art-scans	haeckel_0040_starfish.png	zenjpeg	420	55	identity_off	27.123	65.571	2.1220	CjpegliYcbcr	5.2
art-scans	haeckel_0040_starfish.png	zenjpeg	420	55	model_policy	27.173	65.493	2.1232	CjpegliYcbcr	5.2
art-scans	haeckel_0040_starfish.png	zenjpeg	420	55	model_proj	27.204	65.734	2.1095	CjpegliYcbcr	5.2
art-scans	haeckel_0040_starfish.png	zenjpeg	420	75	identity_off	28.522	72.158	1.7777	CjpegliYcbcr	3.0
art-scans	haeckel_0040_starfish.png	zenjpeg	420	75	model_policy	28.554	72.095	1.7805	CjpegliYcbcr	3.0
art-scans	haeckel_0040_starfish.png	zenjpeg	420	75	model_proj	28.762	73.254	1.6923	CjpegliYcbcr	3.0
art-scans	haeckel_0040_starfish.png	zenjpeg	420	90	identity_off	29.982	77.083	1.5569	CjpegliYcbcr	1.3
art-scans	haeckel_0040_starfish.png	zenjpeg	420	90	model_policy	29.991	77.004	1.5632	CjpegliYcbcr	1.3
art-scans	haeckel_0040_starfish.png	zenjpeg	420	90	model_proj	30.951	81.338	1.2419	CjpegliYcbcr	1.3
art-scans	haeckel_0040_starfish.png	zenjpeg	444	15	identity_off	24.884	46.702	3.0677	CjpegliYcbcr	11.8
art-scans	haeckel_0040_starfish.png	zenjpeg	444	15	model_policy	24.959	46.794	3.0585	CjpegliYcbcr	11.8
art-scans	haeckel_0040_starfish.png	zenjpeg	444	15	model_proj	24.959	46.798	3.0585	CjpegliYcbcr	11.8
art-scans	haeckel_0040_starfish.png	zenjpeg	444	35	identity_off	27.437	67.193	2.0438	CjpegliYcbcr	6.0
art-scans	haeckel_0040_starfish.png	zenjpeg	444	35	model_policy	27.510	67.328	2.0317	CjpegliYcbcr	6.0
art-scans	haeckel_0040_starfish.png	zenjpeg	444	35	model_proj	27.510	67.327	2.0317	CjpegliYcbcr	6.0
art-scans	haeckel_0040_starfish.png	zenjpeg	444	55	identity_off	28.769	73.008	1.6760	CjpegliYcbcr	4.1
art-scans	haeckel_0040_starfish.png	zenjpeg	444	55	model_policy	28.838	73.165	1.6657	CjpegliYcbcr	4.1
art-scans	haeckel_0040_starfish.png	zenjpeg	444	55	model_proj	28.838	73.164	1.6657	CjpegliYcbcr	4.1
art-scans	haeckel_0040_starfish.png	zenjpeg	444	75	identity_off	30.866	80.324	1.2642	CjpegliYcbcr	2.3
art-scans	haeckel_0040_starfish.png	zenjpeg	444	75	model_policy	30.922	80.395	1.2569	CjpegliYcbcr	2.3
art-scans	haeckel_0040_starfish.png	zenjpeg	444	75	model_proj	30.922	80.411	1.2569	CjpegliYcbcr	2.3
art-scans	haeckel_0040_starfish.png	zenjpeg	444	90	identity_off	34.860	88.521	0.7467	CjpegliYcbcr	1.1
art-scans	haeckel_0040_starfish.png	zenjpeg	444	90	model_policy	34.896	88.570	0.7454	CjpegliYcbcr	1.1
art-scans	haeckel_0040_starfish.png	zenjpeg	444	90	model_proj	34.897	88.605	0.7438	CjpegliYcbcr	1.1
maps	nps_nps-bibe-2023-Wild-and-Scenic-Rivers-Brochure_p01.png	turbo	420	15	identity_off	27.457	31.374	3.1410	Unknown	15.0
maps	nps_nps-bibe-2023-Wild-and-Scenic-Rivers-Brochure_p01.png	turbo	420	15	model_policy	29.437	36.318	2.8945	Unknown	15.0
maps	nps_nps-bibe-2023-Wild-and-Scenic-Rivers-Brochure_p01.png	turbo	420	15	model_proj	29.437	36.318	2.8945	Unknown	15.0
maps	nps_nps-bibe-2023-Wild-and-Scenic-Rivers-Brochure_p01.png	turbo	420	35	identity_off	30.533	57.786	2.0464	ImageMagick	35.0
maps	nps_nps-bibe-2023-Wild-and-Scenic-Rivers-Brochure_p01.png	turbo	420	35	model_policy	32.633	62.179	1.6591	ImageMagick	35.0
maps	nps_nps-bibe-2023-Wild-and-Scenic-Rivers-Brochure_p01.png	turbo	420	35	model_proj	32.633	62.171	1.6591	ImageMagick	35.0
maps	nps_nps-bibe-2023-Wild-and-Scenic-Rivers-Brochure_p01.png	turbo	420	55	identity_off	32.496	67.715	1.7223	ImageMagick	55.0
maps	nps_nps-bibe-2023-Wild-and-Scenic-Rivers-Brochure_p01.png	turbo	420	55	model_policy	34.434	71.590	1.3722	ImageMagick	55.0
maps	nps_nps-bibe-2023-Wild-and-Scenic-Rivers-Brochure_p01.png	turbo	420	55	model_proj	34.434	71.597	1.3722	ImageMagick	55.0
maps	nps_nps-bibe-2023-Wild-and-Scenic-Rivers-Brochure_p01.png	turbo	420	75	identity_off	35.313	74.608	1.3164	ImageMagick	75.0
maps	nps_nps-bibe-2023-Wild-and-Scenic-Rivers-Brochure_p01.png	turbo	420	75	model_policy	36.895	77.721	1.0536	ImageMagick	75.0
maps	nps_nps-bibe-2023-Wild-and-Scenic-Rivers-Brochure_p01.png	turbo	420	75	model_proj	36.895	77.741	1.0536	ImageMagick	75.0
maps	nps_nps-bibe-2023-Wild-and-Scenic-Rivers-Brochure_p01.png	turbo	420	90	identity_off	39.996	83.911	0.7953	ImageMagick	90.0
maps	nps_nps-bibe-2023-Wild-and-Scenic-Rivers-Brochure_p01.png	turbo	420	90	model_policy	40.779	85.288	0.7023	ImageMagick	90.0
maps	nps_nps-bibe-2023-Wild-and-Scenic-Rivers-Brochure_p01.png	turbo	420	90	model_proj	40.809	85.473	0.6991	ImageMagick	90.0
maps	nps_nps-bibe-2023-Wild-and-Scenic-Rivers-Brochure_p01.png	turbo	444	15	identity_off	27.499	33.973	3.1287	Unknown	15.0
maps	nps_nps-bibe-2023-Wild-and-Scenic-Rivers-Brochure_p01.png	turbo	444	15	model_policy	29.575	38.973	2.8855	Unknown	15.0
maps	nps_nps-bibe-2023-Wild-and-Scenic-Rivers-Brochure_p01.png	turbo	444	15	model_proj	29.575	38.973	2.8855	Unknown	15.0
maps	nps_nps-bibe-2023-Wild-and-Scenic-Rivers-Brochure_p01.png	turbo	444	35	identity_off	30.820	61.351	2.0386	ImageMagick	35.0
maps	nps_nps-bibe-2023-Wild-and-Scenic-Rivers-Brochure_p01.png	turbo	444	35	model_policy	33.159	66.039	1.6514	ImageMagick	35.0
maps	nps_nps-bibe-2023-Wild-and-Scenic-Rivers-Brochure_p01.png	turbo	444	35	model_proj	33.159	66.041	1.6514	ImageMagick	35.0
maps	nps_nps-bibe-2023-Wild-and-Scenic-Rivers-Brochure_p01.png	turbo	444	55	identity_off	32.910	70.072	1.7144	ImageMagick	55.0
maps	nps_nps-bibe-2023-Wild-and-Scenic-Rivers-Brochure_p01.png	turbo	444	55	model_policy	35.160	74.165	1.3650	ImageMagick	55.0
maps	nps_nps-bibe-2023-Wild-and-Scenic-Rivers-Brochure_p01.png	turbo	444	55	model_proj	35.161	74.161	1.3653	ImageMagick	55.0
maps	nps_nps-bibe-2023-Wild-and-Scenic-Rivers-Brochure_p01.png	turbo	444	75	identity_off	35.997	77.251	1.2900	ImageMagick	75.0
maps	nps_nps-bibe-2023-Wild-and-Scenic-Rivers-Brochure_p01.png	turbo	444	75	model_policy	37.975	80.547	1.0108	ImageMagick	75.0
maps	nps_nps-bibe-2023-Wild-and-Scenic-Rivers-Brochure_p01.png	turbo	444	75	model_proj	37.977	80.618	1.0107	ImageMagick	75.0
maps	nps_nps-bibe-2023-Wild-and-Scenic-Rivers-Brochure_p01.png	turbo	444	90	identity_off	41.467	85.863	0.7630	ImageMagick	90.0
maps	nps_nps-bibe-2023-Wild-and-Scenic-Rivers-Brochure_p01.png	turbo	444	90	model_policy	42.645	87.437	0.6578	ImageMagick	90.0
maps	nps_nps-bibe-2023-Wild-and-Scenic-Rivers-Brochure_p01.png	turbo	444	90	model_proj	42.697	87.748	0.6590	ImageMagick	90.0
maps	nps_nps-bibe-2023-Wild-and-Scenic-Rivers-Brochure_p01.png	mozjpeg	420	15	identity_off	24.867	25.018	3.9680	Mozjpeg	15.0
maps	nps_nps-bibe-2023-Wild-and-Scenic-Rivers-Brochure_p01.png	mozjpeg	420	15	model_policy	26.385	28.954	3.6216	Mozjpeg	15.0
maps	nps_nps-bibe-2023-Wild-and-Scenic-Rivers-Brochure_p01.png	mozjpeg	420	15	model_proj	26.385	28.953	3.6216	Mozjpeg	15.0
maps	nps_nps-bibe-2023-Wild-and-Scenic-Rivers-Brochure_p01.png	mozjpeg	420	35	identity_off	27.513	54.113	2.4922	Mozjpeg	35.0
maps	nps_nps-bibe-2023-Wild-and-Scenic-Rivers-Brochure_p01.png	mozjpeg	420	35	model_policy	29.891	59.012	2.0259	Mozjpeg	35.0
maps	nps_nps-bibe-2023-Wild-and-Scenic-Rivers-Brochure_p01.png	mozjpeg	420	35	model_proj	29.889	59.033	2.0259	Mozjpeg	35.0
maps	nps_nps-bibe-2023-Wild-and-Scenic-Rivers-Brochure_p01.png	mozjpeg	420	55	identity_off	29.136	66.031	1.9398	Mozjpeg	55.0
maps	nps_nps-bibe-2023-Wild-and-Scenic-Rivers-Brochure_p01.png	mozjpeg	420	55	model_policy	31.595	70.922	1.4841	Mozjpeg	55.0
maps	nps_nps-bibe-2023-Wild-and-Scenic-Rivers-Brochure_p01.png	mozjpeg	420	55	model_proj	31.595	70.926	1.4839	Mozjpeg	55.0
maps	nps_nps-bibe-2023-Wild-and-Scenic-Rivers-Brochure_p01.png	mozjpeg	420	75	identity_off	31.715	72.909	1.4436	Mozjpeg	75.0
maps	nps_nps-bibe-2023-Wild-and-Scenic-Rivers-Brochure_p01.png	mozjpeg	420	75	model_policy	34.042	76.610	1.0825	Mozjpeg	75.0
maps	nps_nps-bibe-2023-Wild-and-Scenic-Rivers-Brochure_p01.png	mozjpeg	420	75	model_proj	34.042	76.678	1.0825	Mozjpeg	75.0
maps	nps_nps-bibe-2023-Wild-and-Scenic-Rivers-Brochure_p01.png	mozjpeg	420	90	identity_off	36.231	81.173	0.9398	Mozjpeg	90.0
maps	nps_nps-bibe-2023-Wild-and-Scenic-Rivers-Brochure_p01.png	mozjpeg	420	90	model_policy	38.078	83.489	0.7515	Mozjpeg	90.0
maps	nps_nps-bibe-2023-Wild-and-Scenic-Rivers-Brochure_p01.png	mozjpeg	420	90	model_proj	38.084	83.638	0.7499	Mozjpeg	90.0
maps	nps_nps-bibe-2023-Wild-and-Scenic-Rivers-Brochure_p01.png	mozjpeg	444	15	identity_off	24.903	26.861	3.9473	Mozjpeg	15.0
maps	nps_nps-bibe-2023-Wild-and-Scenic-Rivers-Brochure_p01.png	mozjpeg	444	15	model_policy	26.449	30.841	3.6017	Mozjpeg	15.0
maps	nps_nps-bibe-2023-Wild-and-Scenic-Rivers-Brochure_p01.png	mozjpeg	444	15	model_proj	26.449	30.841	3.6017	Mozjpeg	15.0
maps	nps_nps-bibe-2023-Wild-and-Scenic-Rivers-Brochure_p01.png	mozjpeg	444	35	identity_off	27.643	57.223	2.4946	Mozjpeg	35.0
maps	nps_nps-bibe-2023-Wild-and-Scenic-Rivers-Brochure_p01.png	mozjpeg	444	35	model_policy	30.160	62.334	2.0277	Mozjpeg	35.0
maps	nps_nps-bibe-2023-Wild-and-Scenic-Rivers-Brochure_p01.png	mozjpeg	444	35	model_proj	30.158	62.336	2.0277	Mozjpeg	35.0
maps	nps_nps-bibe-2023-Wild-and-Scenic-Rivers-Brochure_p01.png	mozjpeg	444	55	identity_off	29.302	67.853	1.9316	Mozjpeg	55.0
maps	nps_nps-bibe-2023-Wild-and-Scenic-Rivers-Brochure_p01.png	mozjpeg	444	55	model_policy	31.919	73.120	1.4760	Mozjpeg	55.0
maps	nps_nps-bibe-2023-Wild-and-Scenic-Rivers-Brochure_p01.png	mozjpeg	444	55	model_proj	31.919	73.092	1.4758	Mozjpeg	55.0
maps	nps_nps-bibe-2023-Wild-and-Scenic-Rivers-Brochure_p01.png	mozjpeg	444	75	identity_off	31.958	74.532	1.4317	Mozjpeg	75.0
maps	nps_nps-bibe-2023-Wild-and-Scenic-Rivers-Brochure_p01.png	mozjpeg	444	75	model_policy	34.500	78.583	1.0599	Mozjpeg	75.0
maps	nps_nps-bibe-2023-Wild-and-Scenic-Rivers-Brochure_p01.png	mozjpeg	444	75	model_proj	34.500	78.646	1.0602	Mozjpeg	75.0
maps	nps_nps-bibe-2023-Wild-and-Scenic-Rivers-Brochure_p01.png	mozjpeg	444	90	identity_off	36.641	82.529	0.9229	Mozjpeg	90.0
maps	nps_nps-bibe-2023-Wild-and-Scenic-Rivers-Brochure_p01.png	mozjpeg	444	90	model_policy	38.767	84.980	0.7243	Mozjpeg	90.0
maps	nps_nps-bibe-2023-Wild-and-Scenic-Rivers-Brochure_p01.png	mozjpeg	444	90	model_proj	38.774	85.112	0.7251	Mozjpeg	90.0
maps	nps_nps-bibe-2023-Wild-and-Scenic-Rivers-Brochure_p01.png	jpegli	420	15	identity_off	27.319	48.627	2.7051	CjpegliYcbcr	14.2
maps	nps_nps-bibe-2023-Wild-and-Scenic-Rivers-Brochure_p01.png	jpegli	420	15	model_policy	29.375	52.789	2.3253	CjpegliYcbcr	14.2
maps	nps_nps-bibe-2023-Wild-and-Scenic-Rivers-Brochure_p01.png	jpegli	420	15	model_proj	29.375	52.790	2.3253	CjpegliYcbcr	14.2
maps	nps_nps-bibe-2023-Wild-and-Scenic-Rivers-Brochure_p01.png	jpegli	420	35	identity_off	30.443	64.028	1.8752	CjpegliYcbcr	7.2
maps	nps_nps-bibe-2023-Wild-and-Scenic-Rivers-Brochure_p01.png	jpegli	420	35	model_policy	32.419	67.630	1.4901	CjpegliYcbcr	7.2
maps	nps_nps-bibe-2023-Wild-and-Scenic-Rivers-Brochure_p01.png	jpegli	420	35	model_proj	32.419	67.629	1.4900	CjpegliYcbcr	7.2
maps	nps_nps-bibe-2023-Wild-and-Scenic-Rivers-Brochure_p01.png	jpegli	420	55	identity_off	32.346	70.847	1.5020	CjpegliYcbcr	5.2
maps	nps_nps-bibe-2023-Wild-and-Scenic-Rivers-Brochure_p01.png	jpegli	420	55	model_policy	34.123	74.351	1.1666	CjpegliYcbcr	5.2
maps	nps_nps-bibe-2023-Wild-and-Scenic-Rivers-Brochure_p01.png	jpegli	420	55	model_proj	34.123	74.372	1.1666	CjpegliYcbcr	5.2
maps	nps_nps-bibe-2023-Wild-and-Scenic-Rivers-Brochure_p01.png	jpegli	420	75	identity_off	35.624	76.749	1.0781	CjpegliYcbcr	3.0
maps	nps_nps-bibe-2023-Wild-and-Scenic-Rivers-Brochure_p01.png	jpegli	420	75	model_policy	36.934	79.096	0.8732	CjpegliYcbcr	3.0
maps	nps_nps-bibe-2023-Wild-and-Scenic-Rivers-Brochure_p01.png	jpegli	420	75	model_proj	36.934	79.076	0.8731	CjpegliYcbcr	3.0
maps	nps_nps-bibe-2023-Wild-and-Scenic-Rivers-Brochure_p01.png	jpegli	420	90	identity_off	40.257	82.922	0.7719	CjpegliYcbcr	1.3
maps	nps_nps-bibe-2023-Wild-and-Scenic-Rivers-Brochure_p01.png	jpegli	420	90	model_policy	40.881	83.673	0.7561	CjpegliYcbcr	1.3
maps	nps_nps-bibe-2023-Wild-and-Scenic-Rivers-Brochure_p01.png	jpegli	420	90	model_proj	40.877	84.293	0.7586	CjpegliYcbcr	1.3
maps	nps_nps-bibe-2023-Wild-and-Scenic-Rivers-Brochure_p01.png	jpegli	444	15	identity_off	28.036	49.560	2.5883	CjpegliYcbcr	11.8
maps	nps_nps-bibe-2023-Wild-and-Scenic-Rivers-Brochure_p01.png	jpegli	444	15	model_policy	30.007	53.301	2.3224	CjpegliYcbcr	11.8
maps	nps_nps-bibe-2023-Wild-and-Scenic-Rivers-Brochure_p01.png	jpegli	444	15	model_proj	30.007	53.301	2.3224	CjpegliYcbcr	11.8
maps	nps_nps-bibe-2023-Wild-and-Scenic-Rivers-Brochure_p01.png	jpegli	444	35	identity_off	31.299	65.393	1.8118	CjpegliYcbcr	6.0
maps	nps_nps-bibe-2023-Wild-and-Scenic-Rivers-Brochure_p01.png	jpegli	444	35	model_policy	33.074	68.823	1.6110	CjpegliYcbcr	6.0
maps	nps_nps-bibe-2023-Wild-and-Scenic-Rivers-Brochure_p01.png	jpegli	444	35	model_proj	33.074	68.836	1.6110	CjpegliYcbcr	6.0
maps	nps_nps-bibe-2023-Wild-and-Scenic-Rivers-Brochure_p01.png	jpegli	444	55	identity_off	33.368	72.982	1.4115	CjpegliYcbcr	4.1
maps	nps_nps-bibe-2023-Wild-and-Scenic-Rivers-Brochure_p01.png	jpegli	444	55	model_policy	34.949	76.260	1.1583	CjpegliYcbcr	4.1
maps	nps_nps-bibe-2023-Wild-and-Scenic-Rivers-Brochure_p01.png	jpegli	444	55	model_proj	34.949	76.255	1.1583	CjpegliYcbcr	4.1
maps	nps_nps-bibe-2023-Wild-and-Scenic-Rivers-Brochure_p01.png	jpegli	444	75	identity_off	36.533	77.931	0.9925	CjpegliYcbcr	2.3
maps	nps_nps-bibe-2023-Wild-and-Scenic-Rivers-Brochure_p01.png	jpegli	444	75	model_policy	37.632	79.611	0.8746	CjpegliYcbcr	2.3
maps	nps_nps-bibe-2023-Wild-and-Scenic-Rivers-Brochure_p01.png	jpegli	444	75	model_proj	37.632	79.617	0.8745	CjpegliYcbcr	2.3
maps	nps_nps-bibe-2023-Wild-and-Scenic-Rivers-Brochure_p01.png	jpegli	444	90	identity_off	41.050	84.041	0.7287	CjpegliYcbcr	1.1
maps	nps_nps-bibe-2023-Wild-and-Scenic-Rivers-Brochure_p01.png	jpegli	444	90	model_policy	41.492	84.449	0.7194	CjpegliYcbcr	1.1
maps	nps_nps-bibe-2023-Wild-and-Scenic-Rivers-Brochure_p01.png	jpegli	444	90	model_proj	41.521	84.609	0.7114	CjpegliYcbcr	1.1
maps	nps_nps-bibe-2023-Wild-and-Scenic-Rivers-Brochure_p01.png	zenjpeg	420	15	identity_off	27.278	48.310	2.7182	CjpegliYcbcr	14.2
maps	nps_nps-bibe-2023-Wild-and-Scenic-Rivers-Brochure_p01.png	zenjpeg	420	15	model_policy	29.330	52.493	2.3402	CjpegliYcbcr	14.2
maps	nps_nps-bibe-2023-Wild-and-Scenic-Rivers-Brochure_p01.png	zenjpeg	420	15	model_proj	29.330	52.501	2.3402	CjpegliYcbcr	14.2
maps	nps_nps-bibe-2023-Wild-and-Scenic-Rivers-Brochure_p01.png	zenjpeg	420	35	identity_off	30.375	63.628	1.9093	CjpegliYcbcr	7.2
maps	nps_nps-bibe-2023-Wild-and-Scenic-Rivers-Brochure_p01.png	zenjpeg	420	35	model_policy	32.352	67.230	1.5531	CjpegliYcbcr	7.2
maps	nps_nps-bibe-2023-Wild-and-Scenic-Rivers-Brochure_p01.png	zenjpeg	420	35	model_proj	32.352	67.225	1.5531	CjpegliYcbcr	7.2
maps	nps_nps-bibe-2023-Wild-and-Scenic-Rivers-Brochure_p01.png	zenjpeg	420	55	identity_off	32.252	70.590	1.5079	CjpegliYcbcr	5.2
maps	nps_nps-bibe-2023-Wild-and-Scenic-Rivers-Brochure_p01.png	zenjpeg	420	55	model_policy	34.019	74.135	1.1781	CjpegliYcbcr	5.2
maps	nps_nps-bibe-2023-Wild-and-Scenic-Rivers-Brochure_p01.png	zenjpeg	420	55	model_proj	34.019	74.129	1.1781	CjpegliYcbcr	5.2
maps	nps_nps-bibe-2023-Wild-and-Scenic-Rivers-Brochure_p01.png	zenjpeg	420	75	identity_off	35.533	76.552	1.0845	CjpegliYcbcr	3.0
maps	nps_nps-bibe-2023-Wild-and-Scenic-Rivers-Brochure_p01.png	zenjpeg	420	75	model_policy	36.843	78.824	0.8732	CjpegliYcbcr	3.0
maps	nps_nps-bibe-2023-Wild-and-Scenic-Rivers-Brochure_p01.png	zenjpeg	420	75	model_proj	36.844	78.819	0.8731	CjpegliYcbcr	3.0
maps	nps_nps-bibe-2023-Wild-and-Scenic-Rivers-Brochure_p01.png	zenjpeg	420	90	identity_off	40.140	83.443	0.7310	CjpegliYcbcr	1.3
maps	nps_nps-bibe-2023-Wild-and-Scenic-Rivers-Brochure_p01.png	zenjpeg	420	90	model_policy	40.765	84.228	0.7076	CjpegliYcbcr	1.3
maps	nps_nps-bibe-2023-Wild-and-Scenic-Rivers-Brochure_p01.png	zenjpeg	420	90	model_proj	40.790	84.725	0.6996	CjpegliYcbcr	1.3
maps	nps_nps-bibe-2023-Wild-and-Scenic-Rivers-Brochure_p01.png	zenjpeg	444	15	identity_off	27.986	47.974	2.5925	CjpegliYcbcr	11.8
maps	nps_nps-bibe-2023-Wild-and-Scenic-Rivers-Brochure_p01.png	zenjpeg	444	15	model_policy	29.962	51.740	2.3142	CjpegliYcbcr	11.8
maps	nps_nps-bibe-2023-Wild-and-Scenic-Rivers-Brochure_p01.png	zenjpeg	444	15	model_proj	29.962	51.751	2.3142	CjpegliYcbcr	11.8
maps	nps_nps-bibe-2023-Wild-and-Scenic-Rivers-Brochure_p01.png	zenjpeg	444	35	identity_off	31.192	64.846	1.8678	CjpegliYcbcr	6.0
maps	nps_nps-bibe-2023-Wild-and-Scenic-Rivers-Brochure_p01.png	zenjpeg	444	35	model_policy	32.953	68.351	1.6958	CjpegliYcbcr	6.0
maps	nps_nps-bibe-2023-Wild-and-Scenic-Rivers-Brochure_p01.png	zenjpeg	444	35	model_proj	32.953	68.348	1.6958	CjpegliYcbcr	6.0
maps	nps_nps-bibe-2023-Wild-and-Scenic-Rivers-Brochure_p01.png	zenjpeg	444	55	identity_off	33.273	72.856	1.4550	CjpegliYcbcr	4.1
maps	nps_nps-bibe-2023-Wild-and-Scenic-Rivers-Brochure_p01.png	zenjpeg	444	55	model_policy	34.841	76.126	1.2524	CjpegliYcbcr	4.1
maps	nps_nps-bibe-2023-Wild-and-Scenic-Rivers-Brochure_p01.png	zenjpeg	444	55	model_proj	34.841	76.094	1.2524	CjpegliYcbcr	4.1
maps	nps_nps-bibe-2023-Wild-and-Scenic-Rivers-Brochure_p01.png	zenjpeg	444	75	identity_off	36.437	77.878	1.0371	CjpegliYcbcr	2.3
maps	nps_nps-bibe-2023-Wild-and-Scenic-Rivers-Brochure_p01.png	zenjpeg	444	75	model_policy	37.528	79.766	0.9664	CjpegliYcbcr	2.3
maps	nps_nps-bibe-2023-Wild-and-Scenic-Rivers-Brochure_p01.png	zenjpeg	444	75	model_proj	37.528	79.756	0.9663	CjpegliYcbcr	2.3
maps	nps_nps-bibe-2023-Wild-and-Scenic-Rivers-Brochure_p01.png	zenjpeg	444	90	identity_off	40.929	84.399	0.7073	CjpegliYcbcr	1.1
maps	nps_nps-bibe-2023-Wild-and-Scenic-Rivers-Brochure_p01.png	zenjpeg	444	90	model_policy	41.367	84.930	0.6954	CjpegliYcbcr	1.1
maps	nps_nps-bibe-2023-Wild-and-Scenic-Rivers-Brochure_p01.png	zenjpeg	444	90	model_proj	41.417	85.006	0.6917	CjpegliYcbcr	1.1
maps	nps_nps-bibe-2023-Wild-and-Scenic-Rivers-Brochure_p02.png	turbo	420	15	identity_off	34.066	11.993	3.4371	Unknown	15.0
maps	nps_nps-bibe-2023-Wild-and-Scenic-Rivers-Brochure_p02.png	turbo	420	15	model_policy	34.443	22.435	3.3061	Unknown	15.0
maps	nps_nps-bibe-2023-Wild-and-Scenic-Rivers-Brochure_p02.png	turbo	420	15	model_proj	34.443	22.435	3.3061	Unknown	15.0
maps	nps_nps-bibe-2023-Wild-and-Scenic-Rivers-Brochure_p02.png	turbo	420	35	identity_off	38.004	54.999	1.7071	ImageMagick	35.0
maps	nps_nps-bibe-2023-Wild-and-Scenic-Rivers-Brochure_p02.png	turbo	420	35	model_policy	38.390	60.157	1.5924	ImageMagick	35.0
maps	nps_nps-bibe-2023-Wild-and-Scenic-Rivers-Brochure_p02.png	turbo	420	35	model_proj	38.390	60.161	1.5924	ImageMagick	35.0
maps	nps_nps-bibe-2023-Wild-and-Scenic-Rivers-Brochure_p02.png	turbo	420	55	identity_off	39.420	68.141	1.4309	ImageMagick	55.0
maps	nps_nps-bibe-2023-Wild-and-Scenic-Rivers-Brochure_p02.png	turbo	420	55	model_policy	39.758	70.780	1.3563	ImageMagick	55.0
maps	nps_nps-bibe-2023-Wild-and-Scenic-Rivers-Brochure_p02.png	turbo	420	55	model_proj	39.759	70.821	1.3562	ImageMagick	55.0
maps	nps_nps-bibe-2023-Wild-and-Scenic-Rivers-Brochure_p02.png	turbo	420	75	identity_off	42.152	78.599	0.9592	ImageMagick	75.0
maps	nps_nps-bibe-2023-Wild-and-Scenic-Rivers-Brochure_p02.png	turbo	420	75	model_policy	42.464	79.222	0.8922	ImageMagick	75.0
maps	nps_nps-bibe-2023-Wild-and-Scenic-Rivers-Brochure_p02.png	turbo	420	75	model_proj	42.458	79.269	0.8929	ImageMagick	75.0
maps	nps_nps-bibe-2023-Wild-and-Scenic-Rivers-Brochure_p02.png	turbo	420	90	identity_off	46.203	88.020	0.5876	ImageMagick	90.0
maps	nps_nps-bibe-2023-Wild-and-Scenic-Rivers-Brochure_p02.png	turbo	420	90	model_policy	46.388	88.073	0.5353	ImageMagick	90.0
maps	nps_nps-bibe-2023-Wild-and-Scenic-Rivers-Brochure_p02.png	turbo	420	90	model_proj	46.197	87.748	0.5445	ImageMagick	90.0
maps	nps_nps-bibe-2023-Wild-and-Scenic-Rivers-Brochure_p02.png	turbo	444	15	identity_off	34.203	13.364	3.4543	Unknown	15.0
maps	nps_nps-bibe-2023-Wild-and-Scenic-Rivers-Brochure_p02.png	turbo	444	15	model_policy	34.604	23.771	3.3396	Unknown	15.0
maps	nps_nps-bibe-2023-Wild-and-Scenic-Rivers-Brochure_p02.png	turbo	444	15	model_proj	34.604	23.763	3.3396	Unknown	15.0
maps	nps_nps-bibe-2023-Wild-and-Scenic-Rivers-Brochure_p02.png	turbo	444	35	identity_off	38.251	56.929	1.7033	ImageMagick	35.0
maps	nps_nps-bibe-2023-Wild-and-Scenic-Rivers-Brochure_p02.png	turbo	444	35	model_policy	38.666	62.094	1.5934	ImageMagick	35.0
maps	nps_nps-bibe-2023-Wild-and-Scenic-Rivers-Brochure_p02.png	turbo	444	35	model_proj	38.666	62.093	1.5934	ImageMagick	35.0
maps	nps_nps-bibe-2023-Wild-and-Scenic-Rivers-Brochure_p02.png	turbo	444	55	identity_off	39.648	69.165	1.4593	ImageMagick	55.0
maps	nps_nps-bibe-2023-Wild-and-Scenic-Rivers-Brochure_p02.png	turbo	444	55	model_policy	40.007	71.948	1.3902	ImageMagick	55.0
maps	nps_nps-bibe-2023-Wild-and-Scenic-Rivers-Brochure_p02.png	turbo	444	55	model_proj	40.008	71.955	1.3902	ImageMagick	55.0
maps	nps_nps-bibe-2023-Wild-and-Scenic-Rivers-Brochure_p02.png	turbo	444	75	identity_off	42.512	79.790	0.9653	ImageMagick	75.0
maps	nps_nps-bibe-2023-Wild-and-Scenic-Rivers-Brochure_p02.png	turbo	444	75	model_policy	42.862	80.628	0.9066	ImageMagick	75.0
maps	nps_nps-bibe-2023-Wild-and-Scenic-Rivers-Brochure_p02.png	turbo	444	75	model_proj	42.849	80.589	0.9075	ImageMagick	75.0
maps	nps_nps-bibe-2023-Wild-and-Scenic-Rivers-Brochure_p02.png	turbo	444	90	identity_off	46.943	89.189	0.5734	ImageMagick	90.0
maps	nps_nps-bibe-2023-Wild-and-Scenic-Rivers-Brochure_p02.png	turbo	444	90	model_policy	47.162	89.360	0.5220	ImageMagick	90.0
maps	nps_nps-bibe-2023-Wild-and-Scenic-Rivers-Brochure_p02.png	turbo	444	90	model_proj	46.883	88.817	0.5320	ImageMagick	90.0
maps	nps_nps-bibe-2023-Wild-and-Scenic-Rivers-Brochure_p02.png	mozjpeg	420	15	identity_off	33.379	7.046	3.5908	Mozjpeg	15.0
maps	nps_nps-bibe-2023-Wild-and-Scenic-Rivers-Brochure_p02.png	mozjpeg	420	15	model_policy	33.642	14.651	3.4732	Mozjpeg	15.0
maps	nps_nps-bibe-2023-Wild-and-Scenic-Rivers-Brochure_p02.png	mozjpeg	420	15	model_proj	33.642	14.651	3.4732	Mozjpeg	15.0
maps	nps_nps-bibe-2023-Wild-and-Scenic-Rivers-Brochure_p02.png	mozjpeg	420	35	identity_off	37.037	49.439	1.9318	Mozjpeg	35.0
maps	nps_nps-bibe-2023-Wild-and-Scenic-Rivers-Brochure_p02.png	mozjpeg	420	35	model_policy	37.259	53.209	1.8540	Mozjpeg	35.0
maps	nps_nps-bibe-2023-Wild-and-Scenic-Rivers-Brochure_p02.png	mozjpeg	420	35	model_proj	37.259	53.212	1.8540	Mozjpeg	35.0
maps	nps_nps-bibe-2023-Wild-and-Scenic-Rivers-Brochure_p02.png	mozjpeg	420	55	identity_off	38.620	63.623	1.5705	Mozjpeg	55.0
maps	nps_nps-bibe-2023-Wild-and-Scenic-Rivers-Brochure_p02.png	mozjpeg	420	55	model_policy	38.809	65.778	1.5174	Mozjpeg	55.0
maps	nps_nps-bibe-2023-Wild-and-Scenic-Rivers-Brochure_p02.png	mozjpeg	420	55	model_proj	38.810	65.788	1.5174	Mozjpeg	55.0
maps	nps_nps-bibe-2023-Wild-and-Scenic-Rivers-Brochure_p02.png	mozjpeg	420	75	identity_off	41.436	76.854	1.0349	Mozjpeg	75.0
maps	nps_nps-bibe-2023-Wild-and-Scenic-Rivers-Brochure_p02.png	mozjpeg	420	75	model_policy	41.592	77.464	0.9942	Mozjpeg	75.0
maps	nps_nps-bibe-2023-Wild-and-Scenic-Rivers-Brochure_p02.png	mozjpeg	420	75	model_proj	41.592	77.451	0.9942	Mozjpeg	75.0
maps	nps_nps-bibe-2023-Wild-and-Scenic-Rivers-Brochure_p02.png	mozjpeg	420	90	identity_off	45.463	87.241	0.6238	Mozjpeg	90.0
maps	nps_nps-bibe-2023-Wild-and-Scenic-Rivers-Brochure_p02.png	mozjpeg	420	90	model_policy	45.426	86.966	0.6059	Mozjpeg	90.0
maps	nps_nps-bibe-2023-Wild-and-Scenic-Rivers-Brochure_p02.png	mozjpeg	420	90	model_proj	45.353	86.907	0.6087	Mozjpeg	90.0
maps	nps_nps-bibe-2023-Wild-and-Scenic-Rivers-Brochure_p02.png	mozjpeg	444	15	identity_off	33.523	7.991	3.5877	Mozjpeg	15.0
maps	nps_nps-bibe-2023-Wild-and-Scenic-Rivers-Brochure_p02.png	mozjpeg	444	15	model_policy	33.813	15.512	3.4845	Mozjpeg	15.0
maps	nps_nps-bibe-2023-Wild-and-Scenic-Rivers-Brochure_p02.png	mozjpeg	444	15	model_proj	33.813	15.511	3.4845	Mozjpeg	15.0
maps	nps_nps-bibe-2023-Wild-and-Scenic-Rivers-Brochure_p02.png	mozjpeg	444	35	identity_off	37.231	50.927	1.9195	Mozjpeg	35.0
maps	nps_nps-bibe-2023-Wild-and-Scenic-Rivers-Brochure_p02.png	mozjpeg	444	35	model_policy	37.467	54.716	1.8439	Mozjpeg	35.0
maps	nps_nps-bibe-2023-Wild-and-Scenic-Rivers-Brochure_p02.png	mozjpeg	444	35	model_proj	37.467	54.719	1.8439	Mozjpeg	35.0
maps	nps_nps-bibe-2023-Wild-and-Scenic-Rivers-Brochure_p02.png	mozjpeg	444	55	identity_off	38.830	64.131	1.5833	Mozjpeg	55.0
maps	nps_nps-bibe-2023-Wild-and-Scenic-Rivers-Brochure_p02.png	mozjpeg	444	55	model_policy	39.028	66.291	1.5321	Mozjpeg	55.0
maps	nps_nps-bibe-2023-Wild-and-Scenic-Rivers-Brochure_p02.png	mozjpeg	444	55	model_proj	39.028	66.295	1.5321	Mozjpeg	55.0
maps	nps_nps-bibe-2023-Wild-and-Scenic-Rivers-Brochure_p02.png	mozjpeg	444	75	identity_off	41.734	78.132	1.0248	Mozjpeg	75.0
maps	nps_nps-bibe-2023-Wild-and-Scenic-Rivers-Brochure_p02.png	mozjpeg	444	75	model_policy	41.901	78.685	0.9844	Mozjpeg	75.0
maps	nps_nps-bibe-2023-Wild-and-Scenic-Rivers-Brochure_p02.png	mozjpeg	444	75	model_proj	41.901	78.684	0.9845	Mozjpeg	75.0
maps	nps_nps-bibe-2023-Wild-and-Scenic-Rivers-Brochure_p02.png	mozjpeg	444	90	identity_off	45.938	88.188	0.6153	Mozjpeg	90.0
maps	nps_nps-bibe-2023-Wild-and-Scenic-Rivers-Brochure_p02.png	mozjpeg	444	90	model_policy	45.895	87.841	0.5974	Mozjpeg	90.0
maps	nps_nps-bibe-2023-Wild-and-Scenic-Rivers-Brochure_p02.png	mozjpeg	444	90	model_proj	45.795	87.457	0.6009	Mozjpeg	90.0
maps	nps_nps-bibe-2023-Wild-and-Scenic-Rivers-Brochure_p02.png	jpegli	420	15	identity_off	35.623	39.293	2.3257	CjpegliYcbcr	14.2
maps	nps_nps-bibe-2023-Wild-and-Scenic-Rivers-Brochure_p02.png	jpegli	420	15	model_policy	35.887	45.581	2.2276	CjpegliYcbcr	14.2
maps	nps_nps-bibe-2023-Wild-and-Scenic-Rivers-Brochure_p02.png	jpegli	420	15	model_proj	35.887	45.576	2.2276	CjpegliYcbcr	14.2
maps	nps_nps-bibe-2023-Wild-and-Scenic-Rivers-Brochure_p02.png	jpegli	420	35	identity_off	38.163	62.701	1.6817	CjpegliYcbcr	7.2
maps	nps_nps-bibe-2023-Wild-and-Scenic-Rivers-Brochure_p02.png	jpegli	420	35	model_policy	38.371	64.524	1.6274	CjpegliYcbcr	7.2
maps	nps_nps-bibe-2023-Wild-and-Scenic-Rivers-Brochure_p02.png	jpegli	420	35	model_proj	38.372	64.523	1.6274	CjpegliYcbcr	7.2
maps	nps_nps-bibe-2023-Wild-and-Scenic-Rivers-Brochure_p02.png	jpegli	420	55	identity_off	39.545	69.452	1.4176	CjpegliYcbcr	5.2
maps	nps_nps-bibe-2023-Wild-and-Scenic-Rivers-Brochure_p02.png	jpegli	420	55	model_policy	39.752	70.702	1.3596	CjpegliYcbcr	5.2
maps	nps_nps-bibe-2023-Wild-and-Scenic-Rivers-Brochure_p02.png	jpegli	420	55	model_proj	39.752	70.706	1.3596	CjpegliYcbcr	5.2
maps	nps_nps-bibe-2023-Wild-and-Scenic-Rivers-Brochure_p02.png	jpegli	420	75	identity_off	42.103	78.201	1.0309	CjpegliYcbcr	3.0
maps	nps_nps-bibe-2023-Wild-and-Scenic-Rivers-Brochure_p02.png	jpegli	420	75	model_policy	42.257	78.669	0.9821	CjpegliYcbcr	3.0
maps	nps_nps-bibe-2023-Wild-and-Scenic-Rivers-Brochure_p02.png	jpegli	420	75	model_proj	42.258	78.766	0.9817	CjpegliYcbcr	3.0
maps	nps_nps-bibe-2023-Wild-and-Scenic-Rivers-Brochure_p02.png	jpegli	420	90	identity_off	46.102	87.141	0.6264	CjpegliYcbcr	1.3
maps	nps_nps-bibe-2023-Wild-and-Scenic-Rivers-Brochure_p02.png	jpegli	420	90	model_policy	46.063	86.845	0.5944	CjpegliYcbcr	1.3
maps	nps_nps-bibe-2023-Wild-and-Scenic-Rivers-Brochure_p02.png	jpegli	420	90	model_proj	45.925	86.936	0.6000	CjpegliYcbcr	1.3
maps	nps_nps-bibe-2023-Wild-and-Scenic-Rivers-Brochure_p02.png	jpegli	444	15	identity_off	35.057	44.906	2.7251	CjpegliYcbcr	11.8
maps	nps_nps-bibe-2023-Wild-and-Scenic-Rivers-Brochure_p02.png	jpegli	444	15	model_policy	35.271	48.476	2.6790	CjpegliYcbcr	11.8
maps	nps_nps-bibe-2023-Wild-and-Scenic-Rivers-Brochure_p02.png	jpegli	444	15	model_proj	35.271	48.479	2.6790	CjpegliYcbcr	11.8
maps	nps_nps-bibe-2023-Wild-and-Scenic-Rivers-Brochure_p02.png	jpegli	444	35	identity_off	38.139	65.560	1.6469	CjpegliYcbcr	6.0
maps	nps_nps-bibe-2023-Wild-and-Scenic-Rivers-Brochure_p02.png	jpegli	444	35	model_policy	38.303	66.970	1.6001	CjpegliYcbcr	6.0
maps	nps_nps-bibe-2023-Wild-and-Scenic-Rivers-Brochure_p02.png	jpegli	444	35	model_proj	38.303	66.970	1.6001	CjpegliYcbcr	6.0
maps	nps_nps-bibe-2023-Wild-and-Scenic-Rivers-Brochure_p02.png	jpegli	444	55	identity_off	40.187	72.974	1.2876	CjpegliYcbcr	4.1
maps	nps_nps-bibe-2023-Wild-and-Scenic-Rivers-Brochure_p02.png	jpegli	444	55	model_policy	40.360	73.695	1.2361	CjpegliYcbcr	4.1
maps	nps_nps-bibe-2023-Wild-and-Scenic-Rivers-Brochure_p02.png	jpegli	444	55	model_proj	40.360	73.699	1.2361	CjpegliYcbcr	4.1
maps	nps_nps-bibe-2023-Wild-and-Scenic-Rivers-Brochure_p02.png	jpegli	444	75	identity_off	42.071	78.865	1.1361	CjpegliYcbcr	2.3
maps	nps_nps-bibe-2023-Wild-and-Scenic-Rivers-Brochure_p02.png	jpegli	444	75	model_policy	42.180	79.015	1.1122	CjpegliYcbcr	2.3
maps	nps_nps-bibe-2023-Wild-and-Scenic-Rivers-Brochure_p02.png	jpegli	444	75	model_proj	42.180	78.988	1.1122	CjpegliYcbcr	2.3
maps	nps_nps-bibe-2023-Wild-and-Scenic-Rivers-Brochure_p02.png	jpegli	444	90	identity_off	46.744	87.564	0.5510	CjpegliYcbcr	1.1
maps	nps_nps-bibe-2023-Wild-and-Scenic-Rivers-Brochure_p02.png	jpegli	444	90	model_policy	46.649	87.202	0.5336	CjpegliYcbcr	1.1
maps	nps_nps-bibe-2023-Wild-and-Scenic-Rivers-Brochure_p02.png	jpegli	444	90	model_proj	46.707	87.428	0.5304	CjpegliYcbcr	1.1
maps	nps_nps-bibe-2023-Wild-and-Scenic-Rivers-Brochure_p02.png	zenjpeg	420	15	identity_off	35.616	39.053	2.3285	CjpegliYcbcr	14.2
maps	nps_nps-bibe-2023-Wild-and-Scenic-Rivers-Brochure_p02.png	zenjpeg	420	15	model_policy	35.879	45.210	2.2297	CjpegliYcbcr	14.2
maps	nps_nps-bibe-2023-Wild-and-Scenic-Rivers-Brochure_p02.png	zenjpeg	420	15	model_proj	35.879	45.195	2.2297	CjpegliYcbcr	14.2
maps	nps_nps-bibe-2023-Wild-and-Scenic-Rivers-Brochure_p02.png	zenjpeg	420	35	identity_off	38.087	62.262	1.6902	CjpegliYcbcr	7.2
maps	nps_nps-bibe-2023-Wild-and-Scenic-Rivers-Brochure_p02.png	zenjpeg	420	35	model_policy	38.293	64.074	1.6368	CjpegliYcbcr	7.2
maps	nps_nps-bibe-2023-Wild-and-Scenic-Rivers-Brochure_p02.png	zenjpeg	420	35	model_proj	38.293	64.090	1.6368	CjpegliYcbcr	7.2
maps	nps_nps-bibe-2023-Wild-and-Scenic-Rivers-Brochure_p02.png	zenjpeg	420	55	identity_off	39.507	68.994	1.4275	CjpegliYcbcr	5.2
maps	nps_nps-bibe-2023-Wild-and-Scenic-Rivers-Brochure_p02.png	zenjpeg	420	55	model_policy	39.711	70.283	1.3704	CjpegliYcbcr	5.2
maps	nps_nps-bibe-2023-Wild-and-Scenic-Rivers-Brochure_p02.png	zenjpeg	420	55	model_proj	39.711	70.280	1.3704	CjpegliYcbcr	5.2
maps	nps_nps-bibe-2023-Wild-and-Scenic-Rivers-Brochure_p02.png	zenjpeg	420	75	identity_off	42.231	77.974	1.0162	CjpegliYcbcr	3.0
maps	nps_nps-bibe-2023-Wild-and-Scenic-Rivers-Brochure_p02.png	zenjpeg	420	75	model_policy	42.386	78.646	0.9655	CjpegliYcbcr	3.0
maps	nps_nps-bibe-2023-Wild-and-Scenic-Rivers-Brochure_p02.png	zenjpeg	420	75	model_proj	42.387	78.621	0.9654	CjpegliYcbcr	3.0
maps	nps_nps-bibe-2023-Wild-and-Scenic-Rivers-Brochure_p02.png	zenjpeg	420	90	identity_off	46.099	87.326	0.6201	CjpegliYcbcr	1.3
maps	nps_nps-bibe-2023-Wild-and-Scenic-Rivers-Brochure_p02.png	zenjpeg	420	90	model_policy	46.052	86.995	0.5909	CjpegliYcbcr	1.3
maps	nps_nps-bibe-2023-Wild-and-Scenic-Rivers-Brochure_p02.png	zenjpeg	420	90	model_proj	45.784	86.809	0.6128	CjpegliYcbcr	1.3
maps	nps_nps-bibe-2023-Wild-and-Scenic-Rivers-Brochure_p02.png	zenjpeg	444	15	identity_off	35.038	44.812	2.7222	CjpegliYcbcr	11.8
maps	nps_nps-bibe-2023-Wild-and-Scenic-Rivers-Brochure_p02.png	zenjpeg	444	15	model_policy	35.254	48.404	2.6763	CjpegliYcbcr	11.8
maps	nps_nps-bibe-2023-Wild-and-Scenic-Rivers-Brochure_p02.png	zenjpeg	444	15	model_proj	35.254	48.393	2.6763	CjpegliYcbcr	11.8
maps	nps_nps-bibe-2023-Wild-and-Scenic-Rivers-Brochure_p02.png	zenjpeg	444	35	identity_off	38.146	65.479	1.6541	CjpegliYcbcr	6.0
maps	nps_nps-bibe-2023-Wild-and-Scenic-Rivers-Brochure_p02.png	zenjpeg	444	35	model_policy	38.312	66.985	1.6088	CjpegliYcbcr	6.0
maps	nps_nps-bibe-2023-Wild-and-Scenic-Rivers-Brochure_p02.png	zenjpeg	444	35	model_proj	38.312	66.980	1.6088	CjpegliYcbcr	6.0
maps	nps_nps-bibe-2023-Wild-and-Scenic-Rivers-Brochure_p02.png	zenjpeg	444	55	identity_off	40.107	72.770	1.3321	CjpegliYcbcr	4.1
maps	nps_nps-bibe-2023-Wild-and-Scenic-Rivers-Brochure_p02.png	zenjpeg	444	55	model_policy	40.275	73.502	1.2929	CjpegliYcbcr	4.1
maps	nps_nps-bibe-2023-Wild-and-Scenic-Rivers-Brochure_p02.png	zenjpeg	444	55	model_proj	40.275	73.481	1.2929	CjpegliYcbcr	4.1
maps	nps_nps-bibe-2023-Wild-and-Scenic-Rivers-Brochure_p02.png	zenjpeg	444	75	identity_off	42.017	78.975	1.1390	CjpegliYcbcr	2.3
maps	nps_nps-bibe-2023-Wild-and-Scenic-Rivers-Brochure_p02.png	zenjpeg	444	75	model_policy	42.125	79.125	1.1162	CjpegliYcbcr	2.3
maps	nps_nps-bibe-2023-Wild-and-Scenic-Rivers-Brochure_p02.png	zenjpeg	444	75	model_proj	42.126	79.093	1.1162	CjpegliYcbcr	2.3
maps	nps_nps-bibe-2023-Wild-and-Scenic-Rivers-Brochure_p02.png	zenjpeg	444	90	identity_off	46.774	87.762	0.5552	CjpegliYcbcr	1.1
maps	nps_nps-bibe-2023-Wild-and-Scenic-Rivers-Brochure_p02.png	zenjpeg	444	90	model_policy	46.684	87.600	0.5373	CjpegliYcbcr	1.1
maps	nps_nps-bibe-2023-Wild-and-Scenic-Rivers-Brochure_p02.png	zenjpeg	444	90	model_proj	46.705	87.506	0.5365	CjpegliYcbcr	1.1
maps	nps_nps-biho-FINAL-VERSION_BIHO-unigrid_Side-1_X3_compressed-for-web-6_p01.png	turbo	420	15	identity_off	31.850	32.629	4.3345	Unknown	15.0
maps	nps_nps-biho-FINAL-VERSION_BIHO-unigrid_Side-1_X3_compressed-for-web-6_p01.png	turbo	420	15	model_policy	33.147	39.067	4.2964	Unknown	15.0
maps	nps_nps-biho-FINAL-VERSION_BIHO-unigrid_Side-1_X3_compressed-for-web-6_p01.png	turbo	420	15	model_proj	33.151	39.095	4.2963	Unknown	15.0
maps	nps_nps-biho-FINAL-VERSION_BIHO-unigrid_Side-1_X3_compressed-for-web-6_p01.png	turbo	420	35	identity_off	35.228	63.684	2.0641	ImageMagick	35.0
maps	nps_nps-biho-FINAL-VERSION_BIHO-unigrid_Side-1_X3_compressed-for-web-6_p01.png	turbo	420	35	model_policy	36.465	67.103	2.0271	ImageMagick	35.0
maps	nps_nps-biho-FINAL-VERSION_BIHO-unigrid_Side-1_X3_compressed-for-web-6_p01.png	turbo	420	35	model_proj	36.520	67.239	2.0258	ImageMagick	35.0
maps	nps_nps-biho-FINAL-VERSION_BIHO-unigrid_Side-1_X3_compressed-for-web-6_p01.png	turbo	420	55	identity_off	37.121	73.350	1.3012	ImageMagick	55.0
maps	nps_nps-biho-FINAL-VERSION_BIHO-unigrid_Side-1_X3_compressed-for-web-6_p01.png	turbo	420	55	model_policy	38.169	75.622	1.2010	ImageMagick	55.0
maps	nps_nps-biho-FINAL-VERSION_BIHO-unigrid_Side-1_X3_compressed-for-web-6_p01.png	turbo	420	55	model_proj	38.236	75.690	1.1855	ImageMagick	55.0
maps	nps_nps-biho-FINAL-VERSION_BIHO-unigrid_Side-1_X3_compressed-for-web-6_p01.png	turbo	420	75	identity_off	39.274	80.664	1.0371	ImageMagick	75.0
maps	nps_nps-biho-FINAL-VERSION_BIHO-unigrid_Side-1_X3_compressed-for-web-6_p01.png	turbo	420	75	model_policy	40.099	82.321	0.9830	ImageMagick	75.0
maps	nps_nps-biho-FINAL-VERSION_BIHO-unigrid_Side-1_X3_compressed-for-web-6_p01.png	turbo	420	75	model_proj	40.240	82.576	0.9634	ImageMagick	75.0
maps	nps_nps-biho-FINAL-VERSION_BIHO-unigrid_Side-1_X3_compressed-for-web-6_p01.png	turbo	420	90	identity_off	42.191	88.298	0.7012	ImageMagick	90.0
maps	nps_nps-biho-FINAL-VERSION_BIHO-unigrid_Side-1_X3_compressed-for-web-6_p01.png	turbo	420	90	model_policy	42.429	88.411	0.7168	ImageMagick	90.0
maps	nps_nps-biho-FINAL-VERSION_BIHO-unigrid_Side-1_X3_compressed-for-web-6_p01.png	turbo	420	90	model_proj	42.625	88.543	0.6793	ImageMagick	90.0
maps	nps_nps-biho-FINAL-VERSION_BIHO-unigrid_Side-1_X3_compressed-for-web-6_p01.png	turbo	444	15	identity_off	32.172	36.000	4.3262	Unknown	15.0
maps	nps_nps-biho-FINAL-VERSION_BIHO-unigrid_Side-1_X3_compressed-for-web-6_p01.png	turbo	444	15	model_policy	33.681	42.327	4.2899	Unknown	15.0
maps	nps_nps-biho-FINAL-VERSION_BIHO-unigrid_Side-1_X3_compressed-for-web-6_p01.png	turbo	444	15	model_proj	33.685	42.341	4.2897	Unknown	15.0
maps	nps_nps-biho-FINAL-VERSION_BIHO-unigrid_Side-1_X3_compressed-for-web-6_p01.png	turbo	444	35	identity_off	35.804	65.639	2.0483	ImageMagick	35.0
maps	nps_nps-biho-FINAL-VERSION_BIHO-unigrid_Side-1_X3_compressed-for-web-6_p01.png	turbo	444	35	model_policy	37.203	69.052	2.0123	ImageMagick	35.0
maps	nps_nps-biho-FINAL-VERSION_BIHO-unigrid_Side-1_X3_compressed-for-web-6_p01.png	turbo	444	35	model_proj	37.235	69.177	2.0112	ImageMagick	35.0
maps	nps_nps-biho-FINAL-VERSION_BIHO-unigrid_Side-1_X3_compressed-for-web-6_p01.png	turbo	444	55	identity_off	37.801	75.433	1.2768	ImageMagick	55.0
maps	nps_nps-biho-FINAL-VERSION_BIHO-unigrid_Side-1_X3_compressed-for-web-6_p01.png	turbo	444	55	model_policy	39.013	77.665	1.1710	ImageMagick	55.0
maps	nps_nps-biho-FINAL-VERSION_BIHO-unigrid_Side-1_X3_compressed-for-web-6_p01.png	turbo	444	55	model_proj	39.059	77.828	1.1675	ImageMagick	55.0
maps	nps_nps-biho-FINAL-VERSION_BIHO-unigrid_Side-1_X3_compressed-for-web-6_p01.png	turbo	444	75	identity_off	40.233	82.058	1.0258	ImageMagick	75.0
maps	nps_nps-biho-FINAL-VERSION_BIHO-unigrid_Side-1_X3_compressed-for-web-6_p01.png	turbo	444	75	model_policy	41.214	83.634	0.9745	ImageMagick	75.0
maps	nps_nps-biho-FINAL-VERSION_BIHO-unigrid_Side-1_X3_compressed-for-web-6_p01.png	turbo	444	75	model_proj	41.303	83.786	0.9709	ImageMagick	75.0
maps	nps_nps-biho-FINAL-VERSION_BIHO-unigrid_Side-1_X3_compressed-for-web-6_p01.png	turbo	444	90	identity_off	44.286	89.307	0.6923	ImageMagick	90.0
maps	nps_nps-biho-FINAL-VERSION_BIHO-unigrid_Side-1_X3_compressed-for-web-6_p01.png	turbo	444	90	model_policy	44.550	89.391	0.7026	ImageMagick	90.0
maps	nps_nps-biho-FINAL-VERSION_BIHO-unigrid_Side-1_X3_compressed-for-web-6_p01.png	turbo	444	90	model_proj	44.678	89.670	0.6839	ImageMagick	90.0
maps	nps_nps-biho-FINAL-VERSION_BIHO-unigrid_Side-1_X3_compressed-for-web-6_p01.png	mozjpeg	420	15	identity_off	30.338	26.249	5.2808	Mozjpeg	15.0
maps	nps_nps-biho-FINAL-VERSION_BIHO-unigrid_Side-1_X3_compressed-for-web-6_p01.png	mozjpeg	420	15	model_policy	31.426	30.821	5.2578	Mozjpeg	15.0
maps	nps_nps-biho-FINAL-VERSION_BIHO-unigrid_Side-1_X3_compressed-for-web-6_p01.png	mozjpeg	420	15	model_proj	31.354	30.677	5.2580	Mozjpeg	15.0
maps	nps_nps-biho-FINAL-VERSION_BIHO-unigrid_Side-1_X3_compressed-for-web-6_p01.png	mozjpeg	420	35	identity_off	33.530	59.777	1.8744	Mozjpeg	35.0
maps	nps_nps-biho-FINAL-VERSION_BIHO-unigrid_Side-1_X3_compressed-for-web-6_p01.png	mozjpeg	420	35	model_policy	34.937	62.261	1.7943	Mozjpeg	35.0
maps	nps_nps-biho-FINAL-VERSION_BIHO-unigrid_Side-1_X3_compressed-for-web-6_p01.png	mozjpeg	420	35	model_proj	34.724	62.249	1.8042	Mozjpeg	35.0
maps	nps_nps-biho-FINAL-VERSION_BIHO-unigrid_Side-1_X3_compressed-for-web-6_p01.png	mozjpeg	420	55	identity_off	35.139	70.643	1.3789	Mozjpeg	55.0
maps	nps_nps-biho-FINAL-VERSION_BIHO-unigrid_Side-1_X3_compressed-for-web-6_p01.png	mozjpeg	420	55	model_policy	36.652	72.205	1.3044	Mozjpeg	55.0
maps	nps_nps-biho-FINAL-VERSION_BIHO-unigrid_Side-1_X3_compressed-for-web-6_p01.png	mozjpeg	420	55	model_proj	36.386	72.192	1.3090	Mozjpeg	55.0
maps	nps_nps-biho-FINAL-VERSION_BIHO-unigrid_Side-1_X3_compressed-for-web-6_p01.png	mozjpeg	420	75	identity_off	37.534	78.536	1.0548	Mozjpeg	75.0
maps	nps_nps-biho-FINAL-VERSION_BIHO-unigrid_Side-1_X3_compressed-for-web-6_p01.png	mozjpeg	420	75	model_policy	38.779	79.708	0.9883	Mozjpeg	75.0
maps	nps_nps-biho-FINAL-VERSION_BIHO-unigrid_Side-1_X3_compressed-for-web-6_p01.png	mozjpeg	420	75	model_proj	38.706	80.004	0.9758	Mozjpeg	75.0
maps	nps_nps-biho-FINAL-VERSION_BIHO-unigrid_Side-1_X3_compressed-for-web-6_p01.png	mozjpeg	420	90	identity_off	40.925	85.991	0.7481	Mozjpeg	90.0
maps	nps_nps-biho-FINAL-VERSION_BIHO-unigrid_Side-1_X3_compressed-for-web-6_p01.png	mozjpeg	420	90	model_policy	41.671	86.581	0.7393	Mozjpeg	90.0
maps	nps_nps-biho-FINAL-VERSION_BIHO-unigrid_Side-1_X3_compressed-for-web-6_p01.png	mozjpeg	420	90	model_proj	41.858	86.933	0.7034	Mozjpeg	90.0
maps	nps_nps-biho-FINAL-VERSION_BIHO-unigrid_Side-1_X3_compressed-for-web-6_p01.png	mozjpeg	444	15	identity_off	30.475	28.967	5.2759	Mozjpeg	15.0
maps	nps_nps-biho-FINAL-VERSION_BIHO-unigrid_Side-1_X3_compressed-for-web-6_p01.png	mozjpeg	444	15	model_policy	31.599	33.236	5.2547	Mozjpeg	15.0
maps	nps_nps-biho-FINAL-VERSION_BIHO-unigrid_Side-1_X3_compressed-for-web-6_p01.png	mozjpeg	444	15	model_proj	31.478	33.092	5.2551	Mozjpeg	15.0
maps	nps_nps-biho-FINAL-VERSION_BIHO-unigrid_Side-1_X3_compressed-for-web-6_p01.png	mozjpeg	444	35	identity_off	33.829	61.476	1.8617	Mozjpeg	35.0
maps	nps_nps-biho-FINAL-VERSION_BIHO-unigrid_Side-1_X3_compressed-for-web-6_p01.png	mozjpeg	444	35	model_policy	35.313	63.732	1.7842	Mozjpeg	35.0
maps	nps_nps-biho-FINAL-VERSION_BIHO-unigrid_Side-1_X3_compressed-for-web-6_p01.png	mozjpeg	444	35	model_proj	35.078	63.737	1.7941	Mozjpeg	35.0
maps	nps_nps-biho-FINAL-VERSION_BIHO-unigrid_Side-1_X3_compressed-for-web-6_p01.png	mozjpeg	444	55	identity_off	35.524	72.083	1.3658	Mozjpeg	55.0
maps	nps_nps-biho-FINAL-VERSION_BIHO-unigrid_Side-1_X3_compressed-for-web-6_p01.png	mozjpeg	444	55	model_policy	37.174	73.577	1.2940	Mozjpeg	55.0
maps	nps_nps-biho-FINAL-VERSION_BIHO-unigrid_Side-1_X3_compressed-for-web-6_p01.png	mozjpeg	444	55	model_proj	36.889	73.642	1.2978	Mozjpeg	55.0
maps	nps_nps-biho-FINAL-VERSION_BIHO-unigrid_Side-1_X3_compressed-for-web-6_p01.png	mozjpeg	444	75	identity_off	38.128	79.715	1.0513	Mozjpeg	75.0
maps	nps_nps-biho-FINAL-VERSION_BIHO-unigrid_Side-1_X3_compressed-for-web-6_p01.png	mozjpeg	444	75	model_policy	39.540	80.689	0.9759	Mozjpeg	75.0
maps	nps_nps-biho-FINAL-VERSION_BIHO-unigrid_Side-1_X3_compressed-for-web-6_p01.png	mozjpeg	444	75	model_proj	39.453	80.953	0.9629	Mozjpeg	75.0
maps	nps_nps-biho-FINAL-VERSION_BIHO-unigrid_Side-1_X3_compressed-for-web-6_p01.png	mozjpeg	444	90	identity_off	42.351	86.707	0.7371	Mozjpeg	90.0
maps	nps_nps-biho-FINAL-VERSION_BIHO-unigrid_Side-1_X3_compressed-for-web-6_p01.png	mozjpeg	444	90	model_policy	43.355	87.517	0.7171	Mozjpeg	90.0
maps	nps_nps-biho-FINAL-VERSION_BIHO-unigrid_Side-1_X3_compressed-for-web-6_p01.png	mozjpeg	444	90	model_proj	43.411	87.650	0.7075	Mozjpeg	90.0
maps	nps_nps-biho-FINAL-VERSION_BIHO-unigrid_Side-1_X3_compressed-for-web-6_p01.png	jpegli	420	15	identity_off	32.489	51.149	2.4578	CjpegliYcbcr	14.2
maps	nps_nps-biho-FINAL-VERSION_BIHO-unigrid_Side-1_X3_compressed-for-web-6_p01.png	jpegli	420	15	model_policy	33.946	54.593	2.3441	CjpegliYcbcr	14.2
maps	nps_nps-biho-FINAL-VERSION_BIHO-unigrid_Side-1_X3_compressed-for-web-6_p01.png	jpegli	420	15	model_proj	33.948	54.630	2.3435	CjpegliYcbcr	14.2
maps	nps_nps-biho-FINAL-VERSION_BIHO-unigrid_Side-1_X3_compressed-for-web-6_p01.png	jpegli	420	35	identity_off	35.470	68.318	1.5492	CjpegliYcbcr	7.2
maps	nps_nps-biho-FINAL-VERSION_BIHO-unigrid_Side-1_X3_compressed-for-web-6_p01.png	jpegli	420	35	model_policy	36.710	70.289	1.4348	CjpegliYcbcr	7.2
maps	nps_nps-biho-FINAL-VERSION_BIHO-unigrid_Side-1_X3_compressed-for-web-6_p01.png	jpegli	420	35	model_proj	36.724	70.322	1.4320	CjpegliYcbcr	7.2
maps	nps_nps-biho-FINAL-VERSION_BIHO-unigrid_Side-1_X3_compressed-for-web-6_p01.png	jpegli	420	55	identity_off	36.953	74.045	1.3311	CjpegliYcbcr	5.2
maps	nps_nps-biho-FINAL-VERSION_BIHO-unigrid_Side-1_X3_compressed-for-web-6_p01.png	jpegli	420	55	model_policy	38.038	75.307	1.2673	CjpegliYcbcr	5.2
maps	nps_nps-biho-FINAL-VERSION_BIHO-unigrid_Side-1_X3_compressed-for-web-6_p01.png	jpegli	420	55	model_proj	38.062	75.445	1.2649	CjpegliYcbcr	5.2
maps	nps_nps-biho-FINAL-VERSION_BIHO-unigrid_Side-1_X3_compressed-for-web-6_p01.png	jpegli	420	75	identity_off	39.429	80.411	1.1549	CjpegliYcbcr	3.0
maps	nps_nps-biho-FINAL-VERSION_BIHO-unigrid_Side-1_X3_compressed-for-web-6_p01.png	jpegli	420	75	model_policy	40.074	81.158	1.1388	CjpegliYcbcr	3.0
maps	nps_nps-biho-FINAL-VERSION_BIHO-unigrid_Side-1_X3_compressed-for-web-6_p01.png	jpegli	420	75	model_proj	40.132	81.385	1.1358	CjpegliYcbcr	3.0
maps	nps_nps-biho-FINAL-VERSION_BIHO-unigrid_Side-1_X3_compressed-for-web-6_p01.png	jpegli	420	90	identity_off	42.337	87.601	0.6980	CjpegliYcbcr	1.3
maps	nps_nps-biho-FINAL-VERSION_BIHO-unigrid_Side-1_X3_compressed-for-web-6_p01.png	jpegli	420	90	model_policy	42.483	87.690	0.7108	CjpegliYcbcr	1.3
maps	nps_nps-biho-FINAL-VERSION_BIHO-unigrid_Side-1_X3_compressed-for-web-6_p01.png	jpegli	420	90	model_proj	42.632	88.221	0.7754	CjpegliYcbcr	1.3
maps	nps_nps-biho-FINAL-VERSION_BIHO-unigrid_Side-1_X3_compressed-for-web-6_p01.png	jpegli	444	15	identity_off	32.855	54.379	2.4675	CjpegliYcbcr	11.8
maps	nps_nps-biho-FINAL-VERSION_BIHO-unigrid_Side-1_X3_compressed-for-web-6_p01.png	jpegli	444	15	model_policy	34.164	56.619	2.4201	CjpegliYcbcr	11.8
maps	nps_nps-biho-FINAL-VERSION_BIHO-unigrid_Side-1_X3_compressed-for-web-6_p01.png	jpegli	444	15	model_proj	34.183	56.691	2.4190	CjpegliYcbcr	11.8
maps	nps_nps-biho-FINAL-VERSION_BIHO-unigrid_Side-1_X3_compressed-for-web-6_p01.png	jpegli	444	35	identity_off	35.922	70.740	2.2126	CjpegliYcbcr	6.0
maps	nps_nps-biho-FINAL-VERSION_BIHO-unigrid_Side-1_X3_compressed-for-web-6_p01.png	jpegli	444	35	model_policy	36.961	72.136	2.1992	CjpegliYcbcr	6.0
maps	nps_nps-biho-FINAL-VERSION_BIHO-unigrid_Side-1_X3_compressed-for-web-6_p01.png	jpegli	444	35	model_proj	36.975	72.174	2.1988	CjpegliYcbcr	6.0
maps	nps_nps-biho-FINAL-VERSION_BIHO-unigrid_Side-1_X3_compressed-for-web-6_p01.png	jpegli	444	55	identity_off	37.586	75.700	1.4147	CjpegliYcbcr	4.1
maps	nps_nps-biho-FINAL-VERSION_BIHO-unigrid_Side-1_X3_compressed-for-web-6_p01.png	jpegli	444	55	model_policy	38.440	76.657	1.3941	CjpegliYcbcr	4.1
maps	nps_nps-biho-FINAL-VERSION_BIHO-unigrid_Side-1_X3_compressed-for-web-6_p01.png	jpegli	444	55	model_proj	38.458	76.687	1.3932	CjpegliYcbcr	4.1
maps	nps_nps-biho-FINAL-VERSION_BIHO-unigrid_Side-1_X3_compressed-for-web-6_p01.png	jpegli	444	75	identity_off	40.029	82.374	1.1424	CjpegliYcbcr	2.3
maps	nps_nps-biho-FINAL-VERSION_BIHO-unigrid_Side-1_X3_compressed-for-web-6_p01.png	jpegli	444	75	model_policy	40.539	82.835	1.1358	CjpegliYcbcr	2.3
maps	nps_nps-biho-FINAL-VERSION_BIHO-unigrid_Side-1_X3_compressed-for-web-6_p01.png	jpegli	444	75	model_proj	40.574	82.834	1.1348	CjpegliYcbcr	2.3
maps	nps_nps-biho-FINAL-VERSION_BIHO-unigrid_Side-1_X3_compressed-for-web-6_p01.png	jpegli	444	90	identity_off	43.445	88.831	0.9107	CjpegliYcbcr	1.1
maps	nps_nps-biho-FINAL-VERSION_BIHO-unigrid_Side-1_X3_compressed-for-web-6_p01.png	jpegli	444	90	model_policy	43.423	88.580	0.9155	CjpegliYcbcr	1.1
maps	nps_nps-biho-FINAL-VERSION_BIHO-unigrid_Side-1_X3_compressed-for-web-6_p01.png	jpegli	444	90	model_proj	43.531	88.899	0.9090	CjpegliYcbcr	1.1
maps	nps_nps-biho-FINAL-VERSION_BIHO-unigrid_Side-1_X3_compressed-for-web-6_p01.png	zenjpeg	420	15	identity_off	33.200	53.078	3.2870	CjpegliYcbcr	14.2
maps	nps_nps-biho-FINAL-VERSION_BIHO-unigrid_Side-1_X3_compressed-for-web-6_p01.png	zenjpeg	420	15	model_policy	34.323	55.764	3.2726	CjpegliYcbcr	14.2
maps	nps_nps-biho-FINAL-VERSION_BIHO-unigrid_Side-1_X3_compressed-for-web-6_p01.png	zenjpeg	420	15	model_proj	34.158	55.717	3.2740	CjpegliYcbcr	14.2
maps	nps_nps-biho-FINAL-VERSION_BIHO-unigrid_Side-1_X3_compressed-for-web-6_p01.png	zenjpeg	420	35	identity_off	36.024	69.730	1.4745	CjpegliYcbcr	7.2
maps	nps_nps-biho-FINAL-VERSION_BIHO-unigrid_Side-1_X3_compressed-for-web-6_p01.png	zenjpeg	420	35	model_policy	36.999	70.939	1.4138	CjpegliYcbcr	7.2
maps	nps_nps-biho-FINAL-VERSION_BIHO-unigrid_Side-1_X3_compressed-for-web-6_p01.png	zenjpeg	420	35	model_proj	36.542	70.773	1.4354	CjpegliYcbcr	7.2
maps	nps_nps-biho-FINAL-VERSION_BIHO-unigrid_Side-1_X3_compressed-for-web-6_p01.png	zenjpeg	420	55	identity_off	37.469	75.063	1.2639	CjpegliYcbcr	5.2
maps	nps_nps-biho-FINAL-VERSION_BIHO-unigrid_Side-1_X3_compressed-for-web-6_p01.png	zenjpeg	420	55	model_policy	38.296	75.961	1.2152	CjpegliYcbcr	5.2
maps	nps_nps-biho-FINAL-VERSION_BIHO-unigrid_Side-1_X3_compressed-for-web-6_p01.png	zenjpeg	420	55	model_proj	38.068	75.882	1.2191	CjpegliYcbcr	5.2
maps	nps_nps-biho-FINAL-VERSION_BIHO-unigrid_Side-1_X3_compressed-for-web-6_p01.png	zenjpeg	420	75	identity_off	39.684	81.004	0.9847	CjpegliYcbcr	3.0
maps	nps_nps-biho-FINAL-VERSION_BIHO-unigrid_Side-1_X3_compressed-for-web-6_p01.png	zenjpeg	420	75	model_policy	40.208	81.595	0.9500	CjpegliYcbcr	3.0
maps	nps_nps-biho-FINAL-VERSION_BIHO-unigrid_Side-1_X3_compressed-for-web-6_p01.png	zenjpeg	420	75	model_proj	40.085	81.648	0.9486	CjpegliYcbcr	3.0
maps	nps_nps-biho-FINAL-VERSION_BIHO-unigrid_Side-1_X3_compressed-for-web-6_p01.png	zenjpeg	420	90	identity_off	42.432	87.973	0.7168	CjpegliYcbcr	1.3
maps	nps_nps-biho-FINAL-VERSION_BIHO-unigrid_Side-1_X3_compressed-for-web-6_p01.png	zenjpeg	420	90	model_policy	42.491	87.685	0.7293	CjpegliYcbcr	1.3
maps	nps_nps-biho-FINAL-VERSION_BIHO-unigrid_Side-1_X3_compressed-for-web-6_p01.png	zenjpeg	420	90	model_proj	42.661	88.150	0.7761	CjpegliYcbcr	1.3
maps	nps_nps-biho-FINAL-VERSION_BIHO-unigrid_Side-1_X3_compressed-for-web-6_p01.png	zenjpeg	444	15	identity_off	33.504	55.891	2.4203	CjpegliYcbcr	11.8
maps	nps_nps-biho-FINAL-VERSION_BIHO-unigrid_Side-1_X3_compressed-for-web-6_p01.png	zenjpeg	444	15	model_policy	34.501	57.475	2.3981	CjpegliYcbcr	11.8
maps	nps_nps-biho-FINAL-VERSION_BIHO-unigrid_Side-1_X3_compressed-for-web-6_p01.png	zenjpeg	444	15	model_proj	34.289	57.419	2.4025	CjpegliYcbcr	11.8
maps	nps_nps-biho-FINAL-VERSION_BIHO-unigrid_Side-1_X3_compressed-for-web-6_p01.png	zenjpeg	444	35	identity_off	36.398	72.044	3.0042	CjpegliYcbcr	6.0
maps	nps_nps-biho-FINAL-VERSION_BIHO-unigrid_Side-1_X3_compressed-for-web-6_p01.png	zenjpeg	444	35	model_policy	37.204	72.791	3.0005	CjpegliYcbcr	6.0
maps	nps_nps-biho-FINAL-VERSION_BIHO-unigrid_Side-1_X3_compressed-for-web-6_p01.png	zenjpeg	444	35	model_proj	37.004	72.709	3.0014	CjpegliYcbcr	6.0
maps	nps_nps-biho-FINAL-VERSION_BIHO-unigrid_Side-1_X3_compressed-for-web-6_p01.png	zenjpeg	444	55	identity_off	38.119	76.524	1.2494	CjpegliYcbcr	4.1
maps	nps_nps-biho-FINAL-VERSION_BIHO-unigrid_Side-1_X3_compressed-for-web-6_p01.png	zenjpeg	444	55	model_policy	38.760	76.970	1.2229	CjpegliYcbcr	4.1
maps	nps_nps-biho-FINAL-VERSION_BIHO-unigrid_Side-1_X3_compressed-for-web-6_p01.png	zenjpeg	444	55	model_proj	38.594	76.960	1.2219	CjpegliYcbcr	4.1
maps	nps_nps-biho-FINAL-VERSION_BIHO-unigrid_Side-1_X3_compressed-for-web-6_p01.png	zenjpeg	444	75	identity_off	40.266	82.417	1.1382	CjpegliYcbcr	2.3
maps	nps_nps-biho-FINAL-VERSION_BIHO-unigrid_Side-1_X3_compressed-for-web-6_p01.png	zenjpeg	444	75	model_policy	40.630	82.690	1.1337	CjpegliYcbcr	2.3
maps	nps_nps-biho-FINAL-VERSION_BIHO-unigrid_Side-1_X3_compressed-for-web-6_p01.png	zenjpeg	444	75	model_proj	40.566	82.828	1.1328	CjpegliYcbcr	2.3
maps	nps_nps-biho-FINAL-VERSION_BIHO-unigrid_Side-1_X3_compressed-for-web-6_p01.png	zenjpeg	444	90	identity_off	43.489	88.719	0.6955	CjpegliYcbcr	1.1
maps	nps_nps-biho-FINAL-VERSION_BIHO-unigrid_Side-1_X3_compressed-for-web-6_p01.png	zenjpeg	444	90	model_policy	43.445	88.351	0.7373	CjpegliYcbcr	1.1
maps	nps_nps-biho-FINAL-VERSION_BIHO-unigrid_Side-1_X3_compressed-for-web-6_p01.png	zenjpeg	444	90	model_proj	43.499	88.635	0.6987	CjpegliYcbcr	1.1
renders	a-chosen-soul-MOIGsaj8te0-unsplash.jpg	turbo	420	15	identity_off	33.295	23.545	2.1729	Unknown	15.0
renders	a-chosen-soul-MOIGsaj8te0-unsplash.jpg	turbo	420	15	model_policy	33.442	25.362	2.1485	Unknown	15.0
renders	a-chosen-soul-MOIGsaj8te0-unsplash.jpg	turbo	420	15	model_proj	33.443	25.366	2.1484	Unknown	15.0
renders	a-chosen-soul-MOIGsaj8te0-unsplash.jpg	turbo	420	35	identity_off	34.728	49.778	1.7083	ImageMagick	35.0
renders	a-chosen-soul-MOIGsaj8te0-unsplash.jpg	turbo	420	35	model_policy	34.898	51.377	1.6984	ImageMagick	35.0
renders	a-chosen-soul-MOIGsaj8te0-unsplash.jpg	turbo	420	35	model_proj	34.898	51.372	1.6984	ImageMagick	35.0
renders	a-chosen-soul-MOIGsaj8te0-unsplash.jpg	turbo	420	55	identity_off	35.477	55.678	1.4845	ImageMagick	55.0
renders	a-chosen-soul-MOIGsaj8te0-unsplash.jpg	turbo	420	55	model_policy	35.587	57.140	1.4770	ImageMagick	55.0
renders	a-chosen-soul-MOIGsaj8te0-unsplash.jpg	turbo	420	55	model_proj	35.589	57.136	1.4770	ImageMagick	55.0
renders	a-chosen-soul-MOIGsaj8te0-unsplash.jpg	turbo	420	75	identity_off	37.274	68.457	1.1766	ImageMagick	75.0
renders	a-chosen-soul-MOIGsaj8te0-unsplash.jpg	turbo	420	75	model_policy	37.204	66.952	1.1791	ImageMagick	75.0
renders	a-chosen-soul-MOIGsaj8te0-unsplash.jpg	turbo	420	75	model_proj	37.206	66.986	1.1792	ImageMagick	75.0
renders	a-chosen-soul-MOIGsaj8te0-unsplash.jpg	turbo	420	90	identity_off	52.711	92.977	0.1780	ImageMagick	90.0
renders	a-chosen-soul-MOIGsaj8te0-unsplash.jpg	turbo	420	90	model_policy	47.577	85.002	0.3605	ImageMagick	90.0
renders	a-chosen-soul-MOIGsaj8te0-unsplash.jpg	turbo	420	90	model_proj	48.159	85.476	0.3497	ImageMagick	90.0
renders	a-chosen-soul-MOIGsaj8te0-unsplash.jpg	turbo	444	15	identity_off	33.349	25.285	2.1676	Unknown	15.0
renders	a-chosen-soul-MOIGsaj8te0-unsplash.jpg	turbo	444	15	model_policy	33.510	26.973	2.1444	Unknown	15.0
renders	a-chosen-soul-MOIGsaj8te0-unsplash.jpg	turbo	444	15	model_proj	33.510	26.975	2.1443	Unknown	15.0
renders	a-chosen-soul-MOIGsaj8te0-unsplash.jpg	turbo	444	35	identity_off	34.797	51.242	1.7078	ImageMagick	35.0
renders	a-chosen-soul-MOIGsaj8te0-unsplash.jpg	turbo	444	35	model_policy	34.968	52.841	1.6978	ImageMagick	35.0
renders	a-chosen-soul-MOIGsaj8te0-unsplash.jpg	turbo	444	35	model_proj	34.968	52.837	1.6979	ImageMagick	35.0
renders	a-chosen-soul-MOIGsaj8te0-unsplash.jpg	turbo	444	55	identity_off	35.541	56.357	1.4833	ImageMagick	55.0
renders	a-chosen-soul-MOIGsaj8te0-unsplash.jpg	turbo	444	55	model_policy	35.656	57.889	1.4756	ImageMagick	55.0
renders	a-chosen-soul-MOIGsaj8te0-unsplash.jpg	turbo	444	55	model_proj	35.657	57.889	1.4757	ImageMagick	55.0
renders	a-chosen-soul-MOIGsaj8te0-unsplash.jpg	turbo	444	75	identity_off	37.331	68.999	1.1770	ImageMagick	75.0
renders	a-chosen-soul-MOIGsaj8te0-unsplash.jpg	turbo	444	75	model_policy	37.261	67.495	1.1795	ImageMagick	75.0
renders	a-chosen-soul-MOIGsaj8te0-unsplash.jpg	turbo	444	75	model_proj	37.263	67.531	1.1796	ImageMagick	75.0
renders	a-chosen-soul-MOIGsaj8te0-unsplash.jpg	turbo	444	90	identity_off	52.437	93.483	0.1775	ImageMagick	90.0
renders	a-chosen-soul-MOIGsaj8te0-unsplash.jpg	turbo	444	90	model_policy	47.499	85.352	0.3590	ImageMagick	90.0
renders	a-chosen-soul-MOIGsaj8te0-unsplash.jpg	turbo	444	90	model_proj	48.112	85.889	0.3453	ImageMagick	90.0
renders	a-chosen-soul-MOIGsaj8te0-unsplash.jpg	mozjpeg	420	15	identity_off	32.967	21.830	2.4037	Mozjpeg	15.0
renders	a-chosen-soul-MOIGsaj8te0-unsplash.jpg	mozjpeg	420	15	model_policy	33.112	24.052	2.3694	Mozjpeg	15.0
renders	a-chosen-soul-MOIGsaj8te0-unsplash.jpg	mozjpeg	420	15	model_proj	33.112	24.052	2.3694	Mozjpeg	15.0
renders	a-chosen-soul-MOIGsaj8te0-unsplash.jpg	mozjpeg	420	35	identity_off	34.263	44.719	1.8839	Mozjpeg	35.0
renders	a-chosen-soul-MOIGsaj8te0-unsplash.jpg	mozjpeg	420	35	model_policy	34.430	46.034	1.8814	Mozjpeg	35.0
renders	a-chosen-soul-MOIGsaj8te0-unsplash.jpg	mozjpeg	420	35	model_proj	34.430	46.029	1.8814	Mozjpeg	35.0
renders	a-chosen-soul-MOIGsaj8te0-unsplash.jpg	mozjpeg	420	55	identity_off	34.987	52.189	1.6458	Mozjpeg	55.0
renders	a-chosen-soul-MOIGsaj8te0-unsplash.jpg	mozjpeg	420	55	model_policy	35.067	53.405	1.6461	Mozjpeg	55.0
renders	a-chosen-soul-MOIGsaj8te0-unsplash.jpg	mozjpeg	420	55	model_proj	35.067	53.407	1.6461	Mozjpeg	55.0
renders	a-chosen-soul-MOIGsaj8te0-unsplash.jpg	mozjpeg	420	75	identity_off	36.467	65.696	1.3182	Mozjpeg	75.0
renders	a-chosen-soul-MOIGsaj8te0-unsplash.jpg	mozjpeg	420	75	model_policy	36.398	64.158	1.3243	Mozjpeg	75.0
renders	a-chosen-soul-MOIGsaj8te0-unsplash.jpg	mozjpeg	420	75	model_proj	36.398	64.159	1.3243	Mozjpeg	75.0
renders	a-chosen-soul-MOIGsaj8te0-unsplash.jpg	mozjpeg	420	90	identity_off	42.222	83.896	0.7065	Mozjpeg	90.0
renders	a-chosen-soul-MOIGsaj8te0-unsplash.jpg	mozjpeg	420	90	model_policy	41.680	79.971	0.7173	Mozjpeg	90.0
renders	a-chosen-soul-MOIGsaj8te0-unsplash.jpg	mozjpeg	420	90	model_proj	41.713	79.453	0.7194	Mozjpeg	90.0
renders	a-chosen-soul-MOIGsaj8te0-unsplash.jpg	mozjpeg	444	15	identity_off	33.040	23.490	2.3953	Mozjpeg	15.0
renders	a-chosen-soul-MOIGsaj8te0-unsplash.jpg	mozjpeg	444	15	model_policy	33.197	25.675	2.3614	Mozjpeg	15.0
renders	a-chosen-soul-MOIGsaj8te0-unsplash.jpg	mozjpeg	444	15	model_proj	33.197	25.675	2.3614	Mozjpeg	15.0
renders	a-chosen-soul-MOIGsaj8te0-unsplash.jpg	mozjpeg	444	35	identity_off	34.315	45.935	1.8842	Mozjpeg	35.0
renders	a-chosen-soul-MOIGsaj8te0-unsplash.jpg	mozjpeg	444	35	model_policy	34.490	47.292	1.8809	Mozjpeg	35.0
renders	a-chosen-soul-MOIGsaj8te0-unsplash.jpg	mozjpeg	444	35	model_proj	34.490	47.297	1.8809	Mozjpeg	35.0
renders	a-chosen-soul-MOIGsaj8te0-unsplash.jpg	mozjpeg	444	55	identity_off	35.031	52.656	1.6488	Mozjpeg	55.0
renders	a-chosen-soul-MOIGsaj8te0-unsplash.jpg	mozjpeg	444	55	model_policy	35.114	53.858	1.6493	Mozjpeg	55.0
renders	a-chosen-soul-MOIGsaj8te0-unsplash.jpg	mozjpeg	444	55	model_proj	35.114	53.872	1.6493	Mozjpeg	55.0
renders	a-chosen-soul-MOIGsaj8te0-unsplash.jpg	mozjpeg	444	75	identity_off	36.505	66.534	1.3161	Mozjpeg	75.0
renders	a-chosen-soul-MOIGsaj8te0-unsplash.jpg	mozjpeg	444	75	model_policy	36.437	64.922	1.3222	Mozjpeg	75.0
renders	a-chosen-soul-MOIGsaj8te0-unsplash.jpg	mozjpeg	444	75	model_proj	36.437	64.926	1.3222	Mozjpeg	75.0
renders	a-chosen-soul-MOIGsaj8te0-unsplash.jpg	mozjpeg	444	90	identity_off	42.239	84.217	0.7063	Mozjpeg	90.0
renders	a-chosen-soul-MOIGsaj8te0-unsplash.jpg	mozjpeg	444	90	model_policy	41.696	80.294	0.7172	Mozjpeg	90.0
renders	a-chosen-soul-MOIGsaj8te0-unsplash.jpg	mozjpeg	444	90	model_proj	41.732	79.492	0.7197	Mozjpeg	90.0
renders	a-chosen-soul-MOIGsaj8te0-unsplash.jpg	jpegli	420	15	identity_off	33.624	32.442	2.1610	CjpegliYcbcr	14.2
renders	a-chosen-soul-MOIGsaj8te0-unsplash.jpg	jpegli	420	15	model_policy	33.749	35.777	2.1529	CjpegliYcbcr	14.2
renders	a-chosen-soul-MOIGsaj8te0-unsplash.jpg	jpegli	420	15	model_proj	33.749	35.777	2.1529	CjpegliYcbcr	14.2
renders	a-chosen-soul-MOIGsaj8te0-unsplash.jpg	jpegli	420	35	identity_off	34.323	47.238	1.9027	CjpegliYcbcr	7.2
renders	a-chosen-soul-MOIGsaj8te0-unsplash.jpg	jpegli	420	35	model_policy	34.400	48.620	1.9110	CjpegliYcbcr	7.2
renders	a-chosen-soul-MOIGsaj8te0-unsplash.jpg	jpegli	420	35	model_proj	34.400	48.618	1.9110	CjpegliYcbcr	7.2
renders	a-chosen-soul-MOIGsaj8te0-unsplash.jpg	jpegli	420	55	identity_off	34.993	51.341	1.6862	CjpegliYcbcr	5.2
renders	a-chosen-soul-MOIGsaj8te0-unsplash.jpg	jpegli	420	55	model_policy	35.091	54.081	1.6936	CjpegliYcbcr	5.2
renders	a-chosen-soul-MOIGsaj8te0-unsplash.jpg	jpegli	420	55	model_proj	35.093	54.168	1.6937	CjpegliYcbcr	5.2
renders	a-chosen-soul-MOIGsaj8te0-unsplash.jpg	jpegli	420	75	identity_off	37.216	66.303	1.2400	CjpegliYcbcr	3.0
renders	a-chosen-soul-MOIGsaj8te0-unsplash.jpg	jpegli	420	75	model_policy	37.107	64.160	1.2475	CjpegliYcbcr	3.0
renders	a-chosen-soul-MOIGsaj8te0-unsplash.jpg	jpegli	420	75	model_proj	37.141	65.689	1.2448	CjpegliYcbcr	3.0
renders	a-chosen-soul-MOIGsaj8te0-unsplash.jpg	jpegli	420	90	identity_off	46.162	85.319	0.4231	CjpegliYcbcr	1.3
renders	a-chosen-soul-MOIGsaj8te0-unsplash.jpg	jpegli	420	90	model_policy	44.665	80.640	0.4911	CjpegliYcbcr	1.3
renders	a-chosen-soul-MOIGsaj8te0-unsplash.jpg	jpegli	420	90	model_proj	45.076	82.639	0.4777	CjpegliYcbcr	1.3
renders	a-chosen-soul-MOIGsaj8te0-unsplash.jpg	jpegli	444	15	identity_off	33.531	33.667	2.1346	CjpegliYcbcr	11.8
renders	a-chosen-soul-MOIGsaj8te0-unsplash.jpg	jpegli	444	15	model_policy	33.612	35.487	2.1325	CjpegliYcbcr	11.8
renders	a-chosen-soul-MOIGsaj8te0-unsplash.jpg	jpegli	444	15	model_proj	33.612	35.486	2.1325	CjpegliYcbcr	11.8
renders	a-chosen-soul-MOIGsaj8te0-unsplash.jpg	jpegli	444	35	identity_off	34.586	50.656	1.7830	CjpegliYcbcr	6.0
renders	a-chosen-soul-MOIGsaj8te0-unsplash.jpg	jpegli	444	35	model_policy	34.539	48.560	1.7944	CjpegliYcbcr	6.0
renders	a-chosen-soul-MOIGsaj8te0-unsplash.jpg	jpegli	444	35	model_proj	34.540	48.555	1.7943	CjpegliYcbcr	6.0
renders	a-chosen-soul-MOIGsaj8te0-unsplash.jpg	jpegli	444	55	identity_off	35.558	58.252	1.5342	CjpegliYcbcr	4.1
renders	a-chosen-soul-MOIGsaj8te0-unsplash.jpg	jpegli	444	55	model_policy	35.469	56.595	1.5425	CjpegliYcbcr	4.1
renders	a-chosen-soul-MOIGsaj8te0-unsplash.jpg	jpegli	444	55	model_proj	35.470	56.597	1.5425	CjpegliYcbcr	4.1
renders	a-chosen-soul-MOIGsaj8te0-unsplash.jpg	jpegli	444	75	identity_off	38.551	70.375	1.0342	CjpegliYcbcr	2.3
renders	a-chosen-soul-MOIGsaj8te0-unsplash.jpg	jpegli	444	75	model_policy	38.410	68.478	1.0488	CjpegliYcbcr	2.3
renders	a-chosen-soul-MOIGsaj8te0-unsplash.jpg	jpegli	444	75	model_proj	38.437	69.954	1.0454	CjpegliYcbcr	2.3
renders	a-chosen-soul-MOIGsaj8te0-unsplash.jpg	jpegli	444	90	identity_off	47.259	87.452	0.3627	CjpegliYcbcr	1.1
renders	a-chosen-soul-MOIGsaj8te0-unsplash.jpg	jpegli	444	90	model_policy	45.569	82.073	0.4366	CjpegliYcbcr	1.1
renders	a-chosen-soul-MOIGsaj8te0-unsplash.jpg	jpegli	444	90	model_proj	46.453	86.268	0.3952	CjpegliYcbcr	1.1
renders	a-chosen-soul-MOIGsaj8te0-unsplash.jpg	zenjpeg	420	15	identity_off	33.604	34.222	2.1655	CjpegliYcbcr	14.2
renders	a-chosen-soul-MOIGsaj8te0-unsplash.jpg	zenjpeg	420	15	model_policy	33.726	37.193	2.1562	CjpegliYcbcr	14.2
renders	a-chosen-soul-MOIGsaj8te0-unsplash.jpg	zenjpeg	420	15	model_proj	33.726	37.190	2.1562	CjpegliYcbcr	14.2
renders	a-chosen-soul-MOIGsaj8te0-unsplash.jpg	zenjpeg	420	35	identity_off	34.306	47.140	1.8982	CjpegliYcbcr	7.2
renders	a-chosen-soul-MOIGsaj8te0-unsplash.jpg	zenjpeg	420	35	model_policy	34.380	48.365	1.9064	CjpegliYcbcr	7.2
renders	a-chosen-soul-MOIGsaj8te0-unsplash.jpg	zenjpeg	420	35	model_proj	34.381	48.369	1.9064	CjpegliYcbcr	7.2
renders	a-chosen-soul-MOIGsaj8te0-unsplash.jpg	zenjpeg	420	55	identity_off	35.001	51.384	1.6885	CjpegliYcbcr	5.2
renders	a-chosen-soul-MOIGsaj8te0-unsplash.jpg	zenjpeg	420	55	model_policy	35.089	54.243	1.6961	CjpegliYcbcr	5.2
renders	a-chosen-soul-MOIGsaj8te0-unsplash.jpg	zenjpeg	420	55	model_proj	35.090	54.317	1.6962	CjpegliYcbcr	5.2
renders	a-chosen-soul-MOIGsaj8te0-unsplash.jpg	zenjpeg	420	75	identity_off	37.232	66.755	1.2406	CjpegliYcbcr	3.0
renders	a-chosen-soul-MOIGsaj8te0-unsplash.jpg	zenjpeg	420	75	model_policy	37.100	64.792	1.2485	CjpegliYcbcr	3.0
renders	a-chosen-soul-MOIGsaj8te0-unsplash.jpg	zenjpeg	420	75	model_proj	37.134	66.306	1.2459	CjpegliYcbcr	3.0
renders	a-chosen-soul-MOIGsaj8te0-unsplash.jpg	zenjpeg	420	90	identity_off	46.190	85.572	0.4242	CjpegliYcbcr	1.3
renders	a-chosen-soul-MOIGsaj8te0-unsplash.jpg	zenjpeg	420	90	model_policy	44.653	80.837	0.4896	CjpegliYcbcr	1.3
renders	a-chosen-soul-MOIGsaj8te0-unsplash.jpg	zenjpeg	420	90	model_proj	45.055	82.523	0.4776	CjpegliYcbcr	1.3
renders	a-chosen-soul-MOIGsaj8te0-unsplash.jpg	zenjpeg	444	15	identity_off	33.518	32.740	2.1418	CjpegliYcbcr	11.8
renders	a-chosen-soul-MOIGsaj8te0-unsplash.jpg	zenjpeg	444	15	model_policy	33.598	34.557	2.1395	CjpegliYcbcr	11.8
renders	a-chosen-soul-MOIGsaj8te0-unsplash.jpg	zenjpeg	444	15	model_proj	33.599	34.554	2.1396	CjpegliYcbcr	11.8
renders	a-chosen-soul-MOIGsaj8te0-unsplash.jpg	zenjpeg	444	35	identity_off	34.574	50.809	1.7865	CjpegliYcbcr	6.0
renders	a-chosen-soul-MOIGsaj8te0-unsplash.jpg	zenjpeg	444	35	model_policy	34.501	48.622	1.7988	CjpegliYcbcr	6.0
renders	a-chosen-soul-MOIGsaj8te0-unsplash.jpg	zenjpeg	444	35	model_proj	34.501	48.621	1.7987	CjpegliYcbcr	6.0
renders	a-chosen-soul-MOIGsaj8te0-unsplash.jpg	zenjpeg	444	55	identity_off	35.545	58.033	1.5414	CjpegliYcbcr	4.1
renders	a-chosen-soul-MOIGsaj8te0-unsplash.jpg	zenjpeg	444	55	model_policy	35.446	56.413	1.5504	CjpegliYcbcr	4.1
renders	a-chosen-soul-MOIGsaj8te0-unsplash.jpg	zenjpeg	444	55	model_proj	35.447	56.407	1.5503	CjpegliYcbcr	4.1
renders	a-chosen-soul-MOIGsaj8te0-unsplash.jpg	zenjpeg	444	75	identity_off	38.525	69.521	1.0408	CjpegliYcbcr	2.3
renders	a-chosen-soul-MOIGsaj8te0-unsplash.jpg	zenjpeg	444	75	model_policy	38.371	67.825	1.0555	CjpegliYcbcr	2.3
renders	a-chosen-soul-MOIGsaj8te0-unsplash.jpg	zenjpeg	444	75	model_proj	38.404	69.222	1.0523	CjpegliYcbcr	2.3
renders	a-chosen-soul-MOIGsaj8te0-unsplash.jpg	zenjpeg	444	90	identity_off	47.305	87.930	0.3631	CjpegliYcbcr	1.1
renders	a-chosen-soul-MOIGsaj8te0-unsplash.jpg	zenjpeg	444	90	model_policy	45.539	82.469	0.4341	CjpegliYcbcr	1.1
renders	a-chosen-soul-MOIGsaj8te0-unsplash.jpg	zenjpeg	444	90	model_proj	46.395	85.902	0.3975	CjpegliYcbcr	1.1
renders	anton-sobotyak-g7aYFxxNTVA-unsplash.jpg	turbo	420	15	identity_off	40.393	42.288	1.6844	Unknown	15.0
renders	anton-sobotyak-g7aYFxxNTVA-unsplash.jpg	turbo	420	15	model_policy	41.874	49.531	1.5428	Unknown	15.0
renders	anton-sobotyak-g7aYFxxNTVA-unsplash.jpg	turbo	420	15	model_proj	41.874	49.531	1.5428	Unknown	15.0
renders	anton-sobotyak-g7aYFxxNTVA-unsplash.jpg	turbo	420	35	identity_off	47.122	68.156	0.9185	ImageMagick	35.0
renders	anton-sobotyak-g7aYFxxNTVA-unsplash.jpg	turbo	420	35	model_policy	48.506	74.047	0.8213	ImageMagick	35.0
renders	anton-sobotyak-g7aYFxxNTVA-unsplash.jpg	turbo	420	35	model_proj	48.506	74.050	0.8213	ImageMagick	35.0
renders	anton-sobotyak-g7aYFxxNTVA-unsplash.jpg	turbo	420	55	identity_off	47.231	77.196	0.6936	ImageMagick	55.0
renders	anton-sobotyak-g7aYFxxNTVA-unsplash.jpg	turbo	420	55	model_policy	47.769	80.163	0.6322	ImageMagick	55.0
renders	anton-sobotyak-g7aYFxxNTVA-unsplash.jpg	turbo	420	55	model_proj	47.769	80.159	0.6322	ImageMagick	55.0
renders	anton-sobotyak-g7aYFxxNTVA-unsplash.jpg	turbo	420	75	identity_off	53.403	87.381	0.4995	ImageMagick	75.0
renders	anton-sobotyak-g7aYFxxNTVA-unsplash.jpg	turbo	420	75	model_policy	51.548	86.058	0.4898	ImageMagick	75.0
renders	anton-sobotyak-g7aYFxxNTVA-unsplash.jpg	turbo	420	75	model_proj	51.609	86.005	0.4898	ImageMagick	75.0
renders	anton-sobotyak-g7aYFxxNTVA-unsplash.jpg	turbo	420	90	identity_off	59.160	94.092	0.2097	ImageMagick	90.0
renders	anton-sobotyak-g7aYFxxNTVA-unsplash.jpg	turbo	420	90	model_policy	53.997	89.790	0.3201	ImageMagick	90.0
renders	anton-sobotyak-g7aYFxxNTVA-unsplash.jpg	turbo	420	90	model_proj	55.935	90.912	0.2743	ImageMagick	90.0
renders	anton-sobotyak-g7aYFxxNTVA-unsplash.jpg	turbo	444	15	identity_off	40.411	41.542	1.6765	Unknown	15.0
renders	anton-sobotyak-g7aYFxxNTVA-unsplash.jpg	turbo	444	15	model_policy	41.907	48.738	1.5370	Unknown	15.0
renders	anton-sobotyak-g7aYFxxNTVA-unsplash.jpg	turbo	444	15	model_proj	41.907	48.738	1.5370	Unknown	15.0
renders	anton-sobotyak-g7aYFxxNTVA-unsplash.jpg	turbo	444	35	identity_off	47.382	69.319	0.9172	ImageMagick	35.0
renders	anton-sobotyak-g7aYFxxNTVA-unsplash.jpg	turbo	444	35	model_policy	48.854	75.034	0.8233	ImageMagick	35.0
renders	anton-sobotyak-g7aYFxxNTVA-unsplash.jpg	turbo	444	35	model_proj	48.854	75.034	0.8233	ImageMagick	35.0
renders	anton-sobotyak-g7aYFxxNTVA-unsplash.jpg	turbo	444	55	identity_off	47.113	77.908	0.6876	ImageMagick	55.0
renders	anton-sobotyak-g7aYFxxNTVA-unsplash.jpg	turbo	444	55	model_policy	47.693	80.868	0.6222	ImageMagick	55.0
renders	anton-sobotyak-g7aYFxxNTVA-unsplash.jpg	turbo	444	55	model_proj	47.693	80.877	0.6222	ImageMagick	55.0
renders	anton-sobotyak-g7aYFxxNTVA-unsplash.jpg	turbo	444	75	identity_off	54.866	88.695	0.4842	ImageMagick	75.0
renders	anton-sobotyak-g7aYFxxNTVA-unsplash.jpg	turbo	444	75	model_policy	52.450	87.355	0.4750	ImageMagick	75.0
renders	anton-sobotyak-g7aYFxxNTVA-unsplash.jpg	turbo	444	75	model_proj	52.529	87.360	0.4761	ImageMagick	75.0
renders	anton-sobotyak-g7aYFxxNTVA-unsplash.jpg	turbo	444	90	identity_off	62.251	96.379	0.1801	ImageMagick	90.0
renders	anton-sobotyak-g7aYFxxNTVA-unsplash.jpg	turbo	444	90	model_policy	54.640	90.781	0.3173	ImageMagick	90.0
renders	anton-sobotyak-g7aYFxxNTVA-unsplash.jpg	turbo	444	90	model_proj	57.100	91.823	0.2621	ImageMagick	90.0
renders	anton-sobotyak-g7aYFxxNTVA-unsplash.jpg	mozjpeg	420	15	identity_off	40.294	39.227	1.6810	Mozjpeg	15.0
renders	anton-sobotyak-g7aYFxxNTVA-unsplash.jpg	mozjpeg	420	15	model_policy	41.742	45.693	1.5457	Mozjpeg	15.0
renders	anton-sobotyak-g7aYFxxNTVA-unsplash.jpg	mozjpeg	420	15	model_proj	41.742	45.693	1.5457	Mozjpeg	15.0
renders	anton-sobotyak-g7aYFxxNTVA-unsplash.jpg	mozjpeg	420	35	identity_off	46.890	67.561	0.9554	Mozjpeg	35.0
renders	anton-sobotyak-g7aYFxxNTVA-unsplash.jpg	mozjpeg	420	35	model_policy	48.231	73.165	0.8546	Mozjpeg	35.0
renders	anton-sobotyak-g7aYFxxNTVA-unsplash.jpg	mozjpeg	420	35	model_proj	48.232	73.164	0.8546	Mozjpeg	35.0
renders	anton-sobotyak-g7aYFxxNTVA-unsplash.jpg	mozjpeg	420	55	identity_off	47.066	76.426	0.7263	Mozjpeg	55.0
renders	anton-sobotyak-g7aYFxxNTVA-unsplash.jpg	mozjpeg	420	55	model_policy	47.697	79.371	0.6640	Mozjpeg	55.0
renders	anton-sobotyak-g7aYFxxNTVA-unsplash.jpg	mozjpeg	420	55	model_proj	47.697	79.372	0.6640	Mozjpeg	55.0
renders	anton-sobotyak-g7aYFxxNTVA-unsplash.jpg	mozjpeg	420	75	identity_off	53.345	85.960	0.4997	Mozjpeg	75.0
renders	anton-sobotyak-g7aYFxxNTVA-unsplash.jpg	mozjpeg	420	75	model_policy	51.651	84.798	0.4850	Mozjpeg	75.0
renders	anton-sobotyak-g7aYFxxNTVA-unsplash.jpg	mozjpeg	420	75	model_proj	51.651	84.798	0.4850	Mozjpeg	75.0
renders	anton-sobotyak-g7aYFxxNTVA-unsplash.jpg	mozjpeg	420	90	identity_off	58.635	94.408	0.2460	Mozjpeg	90.0
renders	anton-sobotyak-g7aYFxxNTVA-unsplash.jpg	mozjpeg	420	90	model_policy	53.917	90.143	0.3261	Mozjpeg	90.0
renders	anton-sobotyak-g7aYFxxNTVA-unsplash.jpg	mozjpeg	420	90	model_proj	54.042	89.815	0.3306	Mozjpeg	90.0
renders	anton-sobotyak-g7aYFxxNTVA-unsplash.jpg	mozjpeg	444	15	identity_off	40.307	40.261	1.6877	Mozjpeg	15.0
renders	anton-sobotyak-g7aYFxxNTVA-unsplash.jpg	mozjpeg	444	15	model_policy	41.756	46.710	1.5550	Mozjpeg	15.0
renders	anton-sobotyak-g7aYFxxNTVA-unsplash.jpg	mozjpeg	444	15	model_proj	41.756	46.710	1.5550	Mozjpeg	15.0
renders	anton-sobotyak-g7aYFxxNTVA-unsplash.jpg	mozjpeg	444	35	identity_off	47.203	68.373	0.9522	Mozjpeg	35.0
renders	anton-sobotyak-g7aYFxxNTVA-unsplash.jpg	mozjpeg	444	35	model_policy	48.650	73.883	0.8579	Mozjpeg	35.0
renders	anton-sobotyak-g7aYFxxNTVA-unsplash.jpg	mozjpeg	444	35	model_proj	48.650	73.888	0.8579	Mozjpeg	35.0
renders	anton-sobotyak-g7aYFxxNTVA-unsplash.jpg	mozjpeg	444	55	identity_off	47.058	77.137	0.7237	Mozjpeg	55.0
renders	anton-sobotyak-g7aYFxxNTVA-unsplash.jpg	mozjpeg	444	55	model_policy	47.701	80.118	0.6597	Mozjpeg	55.0
renders	anton-sobotyak-g7aYFxxNTVA-unsplash.jpg	mozjpeg	444	55	model_proj	47.701	80.118	0.6597	Mozjpeg	55.0
renders	anton-sobotyak-g7aYFxxNTVA-unsplash.jpg	mozjpeg	444	75	identity_off	54.766	87.764	0.4883	Mozjpeg	75.0
renders	anton-sobotyak-g7aYFxxNTVA-unsplash.jpg	mozjpeg	444	75	model_policy	52.561	86.378	0.4718	Mozjpeg	75.0
renders	anton-sobotyak-g7aYFxxNTVA-unsplash.jpg	mozjpeg	444	75	model_proj	52.561	86.385	0.4718	Mozjpeg	75.0
renders	anton-sobotyak-g7aYFxxNTVA-unsplash.jpg	mozjpeg	444	90	identity_off	60.662	95.746	0.2317	Mozjpeg	90.0
renders	anton-sobotyak-g7aYFxxNTVA-unsplash.jpg	mozjpeg	444	90	model_policy	54.432	90.587	0.3231	Mozjpeg	90.0
renders	anton-sobotyak-g7aYFxxNTVA-unsplash.jpg	mozjpeg	444	90	model_proj	54.581	90.375	0.3289	Mozjpeg	90.0
renders	anton-sobotyak-g7aYFxxNTVA-unsplash.jpg	jpegli	420	15	identity_off	44.565	59.562	1.1471	CjpegliYcbcr	14.2
renders	anton-sobotyak-g7aYFxxNTVA-unsplash.jpg	jpegli	420	15	model_policy	45.298	65.917	1.0418	CjpegliYcbcr	14.2
renders	anton-sobotyak-g7aYFxxNTVA-unsplash.jpg	jpegli	420	15	model_proj	45.298	65.917	1.0418	CjpegliYcbcr	14.2
renders	anton-sobotyak-g7aYFxxNTVA-unsplash.jpg	jpegli	420	35	identity_off	48.157	75.907	0.7252	CjpegliYcbcr	7.2
renders	anton-sobotyak-g7aYFxxNTVA-unsplash.jpg	jpegli	420	35	model_policy	48.737	78.601	0.6680	CjpegliYcbcr	7.2
renders	anton-sobotyak-g7aYFxxNTVA-unsplash.jpg	jpegli	420	35	model_proj	48.737	78.599	0.6680	CjpegliYcbcr	7.2
renders	anton-sobotyak-g7aYFxxNTVA-unsplash.jpg	jpegli	420	55	identity_off	49.591	78.420	0.6635	CjpegliYcbcr	5.2
renders	anton-sobotyak-g7aYFxxNTVA-unsplash.jpg	jpegli	420	55	model_policy	50.952	82.560	0.6054	CjpegliYcbcr	5.2
renders	anton-sobotyak-g7aYFxxNTVA-unsplash.jpg	jpegli	420	55	model_proj	50.952	82.560	0.6054	CjpegliYcbcr	5.2
renders	anton-sobotyak-g7aYFxxNTVA-unsplash.jpg	jpegli	420	75	identity_off	51.094	85.180	0.5205	CjpegliYcbcr	3.0
renders	anton-sobotyak-g7aYFxxNTVA-unsplash.jpg	jpegli	420	75	model_policy	50.228	84.329	0.4925	CjpegliYcbcr	3.0
renders	anton-sobotyak-g7aYFxxNTVA-unsplash.jpg	jpegli	420	75	model_proj	50.546	85.786	0.4788	CjpegliYcbcr	3.0
renders	anton-sobotyak-g7aYFxxNTVA-unsplash.jpg	jpegli	420	90	identity_off	55.832	91.108	0.3486	CjpegliYcbcr	1.3
renders	anton-sobotyak-g7aYFxxNTVA-unsplash.jpg	jpegli	420	90	model_policy	52.858	88.255	0.3745	CjpegliYcbcr	1.3
renders	anton-sobotyak-g7aYFxxNTVA-unsplash.jpg	jpegli	420	90	model_proj	54.220	90.082	0.3580	CjpegliYcbcr	1.3
renders	anton-sobotyak-g7aYFxxNTVA-unsplash.jpg	jpegli	444	15	identity_off	43.177	66.663	1.1818	CjpegliYcbcr	11.8
renders	anton-sobotyak-g7aYFxxNTVA-unsplash.jpg	jpegli	444	15	model_policy	43.582	72.216	1.0998	CjpegliYcbcr	11.8
renders	anton-sobotyak-g7aYFxxNTVA-unsplash.jpg	jpegli	444	15	model_proj	43.582	72.216	1.0998	CjpegliYcbcr	11.8
renders	anton-sobotyak-g7aYFxxNTVA-unsplash.jpg	jpegli	444	35	identity_off	45.965	75.440	0.8725	CjpegliYcbcr	6.0
renders	anton-sobotyak-g7aYFxxNTVA-unsplash.jpg	jpegli	444	35	model_policy	46.182	76.642	0.8266	CjpegliYcbcr	6.0
renders	anton-sobotyak-g7aYFxxNTVA-unsplash.jpg	jpegli	444	35	model_proj	46.183	76.647	0.8266	CjpegliYcbcr	6.0
renders	anton-sobotyak-g7aYFxxNTVA-unsplash.jpg	jpegli	444	55	identity_off	49.366	81.751	0.5983	CjpegliYcbcr	4.1
renders	anton-sobotyak-g7aYFxxNTVA-unsplash.jpg	jpegli	444	55	model_policy	48.856	81.689	0.5687	CjpegliYcbcr	4.1
renders	anton-sobotyak-g7aYFxxNTVA-unsplash.jpg	jpegli	444	55	model_proj	48.856	81.689	0.5687	CjpegliYcbcr	4.1
renders	anton-sobotyak-g7aYFxxNTVA-unsplash.jpg	jpegli	444	75	identity_off	50.018	86.243	0.5456	CjpegliYcbcr	2.3
renders	anton-sobotyak-g7aYFxxNTVA-unsplash.jpg	jpegli	444	75	model_policy	49.363	84.961	0.5277	CjpegliYcbcr	2.3
renders	anton-sobotyak-g7aYFxxNTVA-unsplash.jpg	jpegli	444	75	model_proj	49.592	86.063	0.5180	CjpegliYcbcr	2.3
renders	anton-sobotyak-g7aYFxxNTVA-unsplash.jpg	jpegli	444	90	identity_off	56.889	91.460	0.3341	CjpegliYcbcr	1.1
renders	anton-sobotyak-g7aYFxxNTVA-unsplash.jpg	jpegli	444	90	model_policy	53.350	88.451	0.3666	CjpegliYcbcr	1.1
renders	anton-sobotyak-g7aYFxxNTVA-unsplash.jpg	jpegli	444	90	model_proj	56.370	91.414	0.3271	CjpegliYcbcr	1.1
renders	anton-sobotyak-g7aYFxxNTVA-unsplash.jpg	zenjpeg	420	15	identity_off	44.614	59.160	1.1508	CjpegliYcbcr	14.2
renders	anton-sobotyak-g7aYFxxNTVA-unsplash.jpg	zenjpeg	420	15	model_policy	45.351	65.454	1.0442	CjpegliYcbcr	14.2
renders	anton-sobotyak-g7aYFxxNTVA-unsplash.jpg	zenjpeg	420	15	model_proj	45.351	65.455	1.0442	CjpegliYcbcr	14.2
renders	anton-sobotyak-g7aYFxxNTVA-unsplash.jpg	zenjpeg	420	35	identity_off	47.111	75.654	0.7601	CjpegliYcbcr	7.2
renders	anton-sobotyak-g7aYFxxNTVA-unsplash.jpg	zenjpeg	420	35	model_policy	47.638	78.718	0.6971	CjpegliYcbcr	7.2
renders	anton-sobotyak-g7aYFxxNTVA-unsplash.jpg	zenjpeg	420	35	model_proj	47.638	78.720	0.6971	CjpegliYcbcr	7.2
renders	anton-sobotyak-g7aYFxxNTVA-unsplash.jpg	zenjpeg	420	55	identity_off	49.604	77.727	0.6976	CjpegliYcbcr	5.2
renders	anton-sobotyak-g7aYFxxNTVA-unsplash.jpg	zenjpeg	420	55	model_policy	50.924	81.614	0.6470	CjpegliYcbcr	5.2
renders	anton-sobotyak-g7aYFxxNTVA-unsplash.jpg	zenjpeg	420	55	model_proj	50.924	81.623	0.6470	CjpegliYcbcr	5.2
renders	anton-sobotyak-g7aYFxxNTVA-unsplash.jpg	zenjpeg	420	75	identity_off	53.189	85.667	0.5240	CjpegliYcbcr	3.0
renders	anton-sobotyak-g7aYFxxNTVA-unsplash.jpg	zenjpeg	420	75	model_policy	51.658	84.816	0.4947	CjpegliYcbcr	3.0
renders	anton-sobotyak-g7aYFxxNTVA-unsplash.jpg	zenjpeg	420	75	model_proj	52.111	86.474	0.4813	CjpegliYcbcr	3.0
renders	anton-sobotyak-g7aYFxxNTVA-unsplash.jpg	zenjpeg	420	90	identity_off	56.520	91.939	0.3275	CjpegliYcbcr	1.3
renders	anton-sobotyak-g7aYFxxNTVA-unsplash.jpg	zenjpeg	420	90	model_policy	53.246	88.528	0.3582	CjpegliYcbcr	1.3
renders	anton-sobotyak-g7aYFxxNTVA-unsplash.jpg	zenjpeg	420	90	model_proj	54.889	90.336	0.3335	CjpegliYcbcr	1.3
renders	anton-sobotyak-g7aYFxxNTVA-unsplash.jpg	zenjpeg	444	15	identity_off	43.270	66.933	1.2137	CjpegliYcbcr	11.8
renders	anton-sobotyak-g7aYFxxNTVA-unsplash.jpg	zenjpeg	444	15	model_policy	43.681	72.267	1.1336	CjpegliYcbcr	11.8
renders	anton-sobotyak-g7aYFxxNTVA-unsplash.jpg	zenjpeg	444	15	model_proj	43.681	72.267	1.1336	CjpegliYcbcr	11.8
renders	anton-sobotyak-g7aYFxxNTVA-unsplash.jpg	zenjpeg	444	35	identity_off	46.015	75.030	0.8883	CjpegliYcbcr	6.0
renders	anton-sobotyak-g7aYFxxNTVA-unsplash.jpg	zenjpeg	444	35	model_policy	46.248	76.353	0.8346	CjpegliYcbcr	6.0
renders	anton-sobotyak-g7aYFxxNTVA-unsplash.jpg	zenjpeg	444	35	model_proj	46.248	76.352	0.8346	CjpegliYcbcr	6.0
renders	anton-sobotyak-g7aYFxxNTVA-unsplash.jpg	zenjpeg	444	55	identity_off	49.547	80.629	0.6583	CjpegliYcbcr	4.1
renders	anton-sobotyak-g7aYFxxNTVA-unsplash.jpg	zenjpeg	444	55	model_policy	49.066	80.835	0.6189	CjpegliYcbcr	4.1
renders	anton-sobotyak-g7aYFxxNTVA-unsplash.jpg	zenjpeg	444	55	model_proj	49.066	80.833	0.6189	CjpegliYcbcr	4.1
renders	anton-sobotyak-g7aYFxxNTVA-unsplash.jpg	zenjpeg	444	75	identity_off	50.560	86.881	0.5720	CjpegliYcbcr	2.3
renders	anton-sobotyak-g7aYFxxNTVA-unsplash.jpg	zenjpeg	444	75	model_policy	49.895	85.404	0.5586	CjpegliYcbcr	2.3
renders	anton-sobotyak-g7aYFxxNTVA-unsplash.jpg	zenjpeg	444	75	model_proj	50.156	86.752	0.5500	CjpegliYcbcr	2.3
renders	anton-sobotyak-g7aYFxxNTVA-unsplash.jpg	zenjpeg	444	90	identity_off	58.854	94.044	0.2556	CjpegliYcbcr	1.1
renders	anton-sobotyak-g7aYFxxNTVA-unsplash.jpg	zenjpeg	444	90	model_policy	53.979	89.985	0.3273	CjpegliYcbcr	1.1
renders	anton-sobotyak-g7aYFxxNTVA-unsplash.jpg	zenjpeg	444	90	model_proj	57.672	93.764	0.2532	CjpegliYcbcr	1.1
renders	itsiken-pmYoy3WaFPU-unsplash.jpg	turbo	420	15	identity_off	30.633	18.010	2.5513	Unknown	15.0
renders	itsiken-pmYoy3WaFPU-unsplash.jpg	turbo	420	15	model_policy	31.145	23.122	2.4232	Unknown	15.0
renders	itsiken-pmYoy3WaFPU-unsplash.jpg	turbo	420	15	model_proj	31.145	23.118	2.4232	Unknown	15.0
renders	itsiken-pmYoy3WaFPU-unsplash.jpg	turbo	420	35	identity_off	33.705	55.857	1.5295	ImageMagick	35.0
renders	itsiken-pmYoy3WaFPU-unsplash.jpg	turbo	420	35	model_policy	34.088	57.281	1.4533	ImageMagick	35.0
renders	itsiken-pmYoy3WaFPU-unsplash.jpg	turbo	420	35	model_proj	34.088	57.277	1.4533	ImageMagick	35.0
renders	itsiken-pmYoy3WaFPU-unsplash.jpg	turbo	420	55	identity_off	35.199	67.802	1.2293	ImageMagick	55.0
renders	itsiken-pmYoy3WaFPU-unsplash.jpg	turbo	420	55	model_policy	35.510	68.295	1.1846	ImageMagick	55.0
renders	itsiken-pmYoy3WaFPU-unsplash.jpg	turbo	420	55	model_proj	35.510	68.288	1.1846	ImageMagick	55.0
renders	itsiken-pmYoy3WaFPU-unsplash.jpg	turbo	420	75	identity_off	36.994	76.805	0.9567	ImageMagick	75.0
renders	itsiken-pmYoy3WaFPU-unsplash.jpg	turbo	420	75	model_policy	37.226	76.888	0.9342	ImageMagick	75.0
renders	itsiken-pmYoy3WaFPU-unsplash.jpg	turbo	420	75	model_proj	37.226	76.893	0.9342	ImageMagick	75.0
renders	itsiken-pmYoy3WaFPU-unsplash.jpg	turbo	420	90	identity_off	39.873	85.490	0.6603	ImageMagick	90.0
renders	itsiken-pmYoy3WaFPU-unsplash.jpg	turbo	420	90	model_policy	40.055	85.534	0.6472	ImageMagick	90.0
renders	itsiken-pmYoy3WaFPU-unsplash.jpg	turbo	420	90	model_proj	40.065	85.525	0.6464	ImageMagick	90.0
renders	itsiken-pmYoy3WaFPU-unsplash.jpg	turbo	444	15	identity_off	30.892	21.738	2.5191	Unknown	15.0
renders	itsiken-pmYoy3WaFPU-unsplash.jpg	turbo	444	15	model_policy	31.435	27.009	2.3900	Unknown	15.0
renders	itsiken-pmYoy3WaFPU-unsplash.jpg	turbo	444	15	model_proj	31.435	27.008	2.3900	Unknown	15.0
renders	itsiken-pmYoy3WaFPU-unsplash.jpg	turbo	444	35	identity_off	34.243	59.652	1.5225	ImageMagick	35.0
renders	itsiken-pmYoy3WaFPU-unsplash.jpg	turbo	444	35	model_policy	34.669	61.121	1.4461	ImageMagick	35.0
renders	itsiken-pmYoy3WaFPU-unsplash.jpg	turbo	444	35	model_proj	34.669	61.116	1.4461	ImageMagick	35.0
renders	itsiken-pmYoy3WaFPU-unsplash.jpg	turbo	444	55	identity_off	35.816	71.018	1.2221	ImageMagick	55.0
renders	itsiken-pmYoy3WaFPU-unsplash.jpg	turbo	444	55	model_policy	36.166	71.490	1.1775	ImageMagick	55.0
renders	itsiken-pmYoy3WaFPU-unsplash.jpg	turbo	444	55	model_proj	36.166	71.490	1.1775	ImageMagick	55.0
renders	itsiken-pmYoy3WaFPU-unsplash.jpg	turbo	444	75	identity_off	37.654	79.145	0.9515	ImageMagick	75.0
renders	itsiken-pmYoy3WaFPU-unsplash.jpg	turbo	444	75	model_policy	37.917	79.219	0.9294	ImageMagick	75.0
renders	itsiken-pmYoy3WaFPU-unsplash.jpg	turbo	444	75	model_proj	37.919	79.235	0.9292	ImageMagick	75.0
renders	itsiken-pmYoy3WaFPU-unsplash.jpg	turbo	444	90	identity_off	40.704	87.342	0.6539	ImageMagick	90.0
renders	itsiken-pmYoy3WaFPU-unsplash.jpg	turbo	444	90	model_policy	40.918	87.353	0.6412	ImageMagick	90.0
renders	itsiken-pmYoy3WaFPU-unsplash.jpg	turbo	444	90	model_proj	40.922	87.222	0.6398	ImageMagick	90.0
renders	itsiken-pmYoy3WaFPU-unsplash.jpg	mozjpeg	420	15	identity_off	29.653	10.391	3.1067	Mozjpeg	15.0
renders	itsiken-pmYoy3WaFPU-unsplash.jpg	mozjpeg	420	15	model_policy	30.143	14.253	2.9876	Mozjpeg	15.0
renders	itsiken-pmYoy3WaFPU-unsplash.jpg	mozjpeg	420	15	model_proj	30.143	14.255	2.9876	Mozjpeg	15.0
renders	itsiken-pmYoy3WaFPU-unsplash.jpg	mozjpeg	420	35	identity_off	32.836	49.976	1.8175	Mozjpeg	35.0
renders	itsiken-pmYoy3WaFPU-unsplash.jpg	mozjpeg	420	35	model_policy	33.320	51.605	1.7198	Mozjpeg	35.0
renders	itsiken-pmYoy3WaFPU-unsplash.jpg	mozjpeg	420	35	model_proj	33.320	51.605	1.7198	Mozjpeg	35.0
renders	itsiken-pmYoy3WaFPU-unsplash.jpg	mozjpeg	420	55	identity_off	34.463	63.900	1.4198	Mozjpeg	55.0
renders	itsiken-pmYoy3WaFPU-unsplash.jpg	mozjpeg	420	55	model_policy	34.848	64.251	1.3645	Mozjpeg	55.0
renders	itsiken-pmYoy3WaFPU-unsplash.jpg	mozjpeg	420	55	model_proj	34.848	64.246	1.3645	Mozjpeg	55.0
renders	itsiken-pmYoy3WaFPU-unsplash.jpg	mozjpeg	420	75	identity_off	36.382	74.561	1.0891	Mozjpeg	75.0
renders	itsiken-pmYoy3WaFPU-unsplash.jpg	mozjpeg	420	75	model_policy	36.647	74.594	1.0623	Mozjpeg	75.0
renders	itsiken-pmYoy3WaFPU-unsplash.jpg	mozjpeg	420	75	model_proj	36.647	74.594	1.0623	Mozjpeg	75.0
renders	itsiken-pmYoy3WaFPU-unsplash.jpg	mozjpeg	420	90	identity_off	39.639	84.757	0.7160	Mozjpeg	90.0
renders	itsiken-pmYoy3WaFPU-unsplash.jpg	mozjpeg	420	90	model_policy	39.763	84.622	0.7099	Mozjpeg	90.0
renders	itsiken-pmYoy3WaFPU-unsplash.jpg	mozjpeg	420	90	model_proj	39.766	84.603	0.7098	Mozjpeg	90.0
renders	itsiken-pmYoy3WaFPU-unsplash.jpg	mozjpeg	444	15	identity_off	29.877	13.894	3.0823	Mozjpeg	15.0
renders	itsiken-pmYoy3WaFPU-unsplash.jpg	mozjpeg	444	15	model_policy	30.392	17.833	2.9626	Mozjpeg	15.0
renders	itsiken-pmYoy3WaFPU-unsplash.jpg	mozjpeg	444	15	model_proj	30.392	17.834	2.9626	Mozjpeg	15.0
renders	itsiken-pmYoy3WaFPU-unsplash.jpg	mozjpeg	444	35	identity_off	33.262	53.384	1.8116	Mozjpeg	35.0
renders	itsiken-pmYoy3WaFPU-unsplash.jpg	mozjpeg	444	35	model_policy	33.790	55.053	1.7128	Mozjpeg	35.0
renders	itsiken-pmYoy3WaFPU-unsplash.jpg	mozjpeg	444	35	model_proj	33.790	55.054	1.7127	Mozjpeg	35.0
renders	itsiken-pmYoy3WaFPU-unsplash.jpg	mozjpeg	444	55	identity_off	34.915	66.421	1.4138	Mozjpeg	55.0
renders	itsiken-pmYoy3WaFPU-unsplash.jpg	mozjpeg	444	55	model_policy	35.331	66.751	1.3590	Mozjpeg	55.0
renders	itsiken-pmYoy3WaFPU-unsplash.jpg	mozjpeg	444	55	model_proj	35.331	66.750	1.3590	Mozjpeg	55.0
renders	itsiken-pmYoy3WaFPU-unsplash.jpg	mozjpeg	444	75	identity_off	36.834	76.298	1.0861	Mozjpeg	75.0
renders	itsiken-pmYoy3WaFPU-unsplash.jpg	mozjpeg	444	75	model_policy	37.118	76.305	1.0595	Mozjpeg	75.0
renders	itsiken-pmYoy3WaFPU-unsplash.jpg	mozjpeg	444	75	model_proj	37.118	76.305	1.0595	Mozjpeg	75.0
renders	itsiken-pmYoy3WaFPU-unsplash.jpg	mozjpeg	444	90	identity_off	40.146	86.023	0.7108	Mozjpeg	90.0
renders	itsiken-pmYoy3WaFPU-unsplash.jpg	mozjpeg	444	90	model_policy	40.280	85.843	0.7050	Mozjpeg	90.0
renders	itsiken-pmYoy3WaFPU-unsplash.jpg	mozjpeg	444	90	model_proj	40.280	85.696	0.7048	Mozjpeg	90.0
renders	itsiken-pmYoy3WaFPU-unsplash.jpg	jpegli	420	15	identity_off	31.364	40.270	2.2868	CjpegliYcbcr	14.2
renders	itsiken-pmYoy3WaFPU-unsplash.jpg	jpegli	420	15	model_policy	31.866	41.823	2.1844	CjpegliYcbcr	14.2
renders	itsiken-pmYoy3WaFPU-unsplash.jpg	jpegli	420	15	model_proj	31.866	41.823	2.1844	CjpegliYcbcr	14.2
renders	itsiken-pmYoy3WaFPU-unsplash.jpg	jpegli	420	35	identity_off	33.141	58.695	1.7040	CjpegliYcbcr	7.2
renders	itsiken-pmYoy3WaFPU-unsplash.jpg	jpegli	420	35	model_policy	33.601	58.869	1.6286	CjpegliYcbcr	7.2
renders	itsiken-pmYoy3WaFPU-unsplash.jpg	jpegli	420	35	model_proj	33.601	58.868	1.6285	CjpegliYcbcr	7.2
renders	itsiken-pmYoy3WaFPU-unsplash.jpg	jpegli	420	55	identity_off	34.005	64.183	1.4834	CjpegliYcbcr	5.2
renders	itsiken-pmYoy3WaFPU-unsplash.jpg	jpegli	420	55	model_policy	34.395	64.071	1.4252	CjpegliYcbcr	5.2
renders	itsiken-pmYoy3WaFPU-unsplash.jpg	jpegli	420	55	model_proj	34.395	64.070	1.4252	CjpegliYcbcr	5.2
renders	itsiken-pmYoy3WaFPU-unsplash.jpg	jpegli	420	75	identity_off	35.502	71.396	1.2016	CjpegliYcbcr	3.0
renders	itsiken-pmYoy3WaFPU-unsplash.jpg	jpegli	420	75	model_policy	35.766	71.247	1.1746	CjpegliYcbcr	3.0
renders	itsiken-pmYoy3WaFPU-unsplash.jpg	jpegli	420	75	model_proj	35.766	71.270	1.1746	CjpegliYcbcr	3.0
renders	itsiken-pmYoy3WaFPU-unsplash.jpg	jpegli	420	90	identity_off	38.723	82.107	0.7569	CjpegliYcbcr	1.3
renders	itsiken-pmYoy3WaFPU-unsplash.jpg	jpegli	420	90	model_policy	38.810	81.947	0.7517	CjpegliYcbcr	1.3
renders	itsiken-pmYoy3WaFPU-unsplash.jpg	jpegli	420	90	model_proj	38.807	82.143	0.7522	CjpegliYcbcr	1.3
renders	itsiken-pmYoy3WaFPU-unsplash.jpg	jpegli	444	15	identity_off	31.479	45.293	2.0633	CjpegliYcbcr	11.8
renders	itsiken-pmYoy3WaFPU-unsplash.jpg	jpegli	444	15	model_policy	31.925	45.918	1.9706	CjpegliYcbcr	11.8
renders	itsiken-pmYoy3WaFPU-unsplash.jpg	jpegli	444	15	model_proj	31.925	45.927	1.9706	CjpegliYcbcr	11.8
renders	itsiken-pmYoy3WaFPU-unsplash.jpg	jpegli	444	35	identity_off	33.490	61.227	1.5527	CjpegliYcbcr	6.0
renders	itsiken-pmYoy3WaFPU-unsplash.jpg	jpegli	444	35	model_policy	33.883	61.197	1.4888	CjpegliYcbcr	6.0
renders	itsiken-pmYoy3WaFPU-unsplash.jpg	jpegli	444	35	model_proj	33.883	61.184	1.4888	CjpegliYcbcr	6.0
renders	itsiken-pmYoy3WaFPU-unsplash.jpg	jpegli	444	55	identity_off	34.417	67.066	1.3661	CjpegliYcbcr	4.1
renders	itsiken-pmYoy3WaFPU-unsplash.jpg	jpegli	444	55	model_policy	34.750	66.897	1.3227	CjpegliYcbcr	4.1
renders	itsiken-pmYoy3WaFPU-unsplash.jpg	jpegli	444	55	model_proj	34.750	66.905	1.3227	CjpegliYcbcr	4.1
renders	itsiken-pmYoy3WaFPU-unsplash.jpg	jpegli	444	75	identity_off	35.946	74.299	1.0937	CjpegliYcbcr	2.3
renders	itsiken-pmYoy3WaFPU-unsplash.jpg	jpegli	444	75	model_policy	36.155	74.101	1.0752	CjpegliYcbcr	2.3
renders	itsiken-pmYoy3WaFPU-unsplash.jpg	jpegli	444	75	model_proj	36.155	74.108	1.0752	CjpegliYcbcr	2.3
renders	itsiken-pmYoy3WaFPU-unsplash.jpg	jpegli	444	90	identity_off	39.379	84.225	0.6693	CjpegliYcbcr	1.1
renders	itsiken-pmYoy3WaFPU-unsplash.jpg	jpegli	444	90	model_policy	39.430	84.080	0.6670	CjpegliYcbcr	1.1
renders	itsiken-pmYoy3WaFPU-unsplash.jpg	jpegli	444	90	model_proj	39.449	84.232	0.6666	CjpegliYcbcr	1.1
renders	itsiken-pmYoy3WaFPU-unsplash.jpg	zenjpeg	420	15	identity_off	31.353	39.905	2.2887	CjpegliYcbcr	14.2
renders	itsiken-pmYoy3WaFPU-unsplash.jpg	zenjpeg	420	15	model_policy	31.854	41.503	2.1850	CjpegliYcbcr	14.2
renders	itsiken-pmYoy3WaFPU-unsplash.jpg	zenjpeg	420	15	model_proj	31.854	41.503	2.1850	CjpegliYcbcr	14.2
renders	itsiken-pmYoy3WaFPU-unsplash.jpg	zenjpeg	420	35	identity_off	33.134	58.794	1.7054	CjpegliYcbcr	7.2
renders	itsiken-pmYoy3WaFPU-unsplash.jpg	zenjpeg	420	35	model_policy	33.593	58.973	1.6304	CjpegliYcbcr	7.2
renders	itsiken-pmYoy3WaFPU-unsplash.jpg	zenjpeg	420	35	model_proj	33.593	58.976	1.6304	CjpegliYcbcr	7.2
renders	itsiken-pmYoy3WaFPU-unsplash.jpg	zenjpeg	420	55	identity_off	33.991	64.067	1.4864	CjpegliYcbcr	5.2
renders	itsiken-pmYoy3WaFPU-unsplash.jpg	zenjpeg	420	55	model_policy	34.380	64.000	1.4285	CjpegliYcbcr	5.2
renders	itsiken-pmYoy3WaFPU-unsplash.jpg	zenjpeg	420	55	model_proj	34.380	64.002	1.4285	CjpegliYcbcr	5.2
renders	itsiken-pmYoy3WaFPU-unsplash.jpg	zenjpeg	420	75	identity_off	35.489	71.375	1.2039	CjpegliYcbcr	3.0
renders	itsiken-pmYoy3WaFPU-unsplash.jpg	zenjpeg	420	75	model_policy	35.756	71.231	1.1764	CjpegliYcbcr	3.0
renders	itsiken-pmYoy3WaFPU-unsplash.jpg	zenjpeg	420	75	model_proj	35.756	71.251	1.1763	CjpegliYcbcr	3.0
renders	itsiken-pmYoy3WaFPU-unsplash.jpg	zenjpeg	420	90	identity_off	38.702	81.987	0.7593	CjpegliYcbcr	1.3
renders	itsiken-pmYoy3WaFPU-unsplash.jpg	zenjpeg	420	90	model_policy	38.793	81.887	0.7543	CjpegliYcbcr	1.3
renders	itsiken-pmYoy3WaFPU-unsplash.jpg	zenjpeg	420	90	model_proj	38.784	82.047	0.7546	CjpegliYcbcr	1.3
renders	itsiken-pmYoy3WaFPU-unsplash.jpg	zenjpeg	444	15	identity_off	31.477	45.399	2.0667	CjpegliYcbcr	11.8
renders	itsiken-pmYoy3WaFPU-unsplash.jpg	zenjpeg	444	15	model_policy	31.924	46.051	1.9730	CjpegliYcbcr	11.8
renders	itsiken-pmYoy3WaFPU-unsplash.jpg	zenjpeg	444	15	model_proj	31.924	46.052	1.9730	CjpegliYcbcr	11.8
renders	itsiken-pmYoy3WaFPU-unsplash.jpg	zenjpeg	444	35	identity_off	33.483	61.119	1.5529	CjpegliYcbcr	6.0
renders	itsiken-pmYoy3WaFPU-unsplash.jpg	zenjpeg	444	35	model_policy	33.879	61.043	1.4875	CjpegliYcbcr	6.0
renders	itsiken-pmYoy3WaFPU-unsplash.jpg	zenjpeg	444	35	model_proj	33.879	61.045	1.4875	CjpegliYcbcr	6.0
renders	itsiken-pmYoy3WaFPU-unsplash.jpg	zenjpeg	444	55	identity_off	34.408	67.018	1.3687	CjpegliYcbcr	4.1
renders	itsiken-pmYoy3WaFPU-unsplash.jpg	zenjpeg	444	55	model_policy	34.741	66.878	1.3249	CjpegliYcbcr	4.1
renders	itsiken-pmYoy3WaFPU-unsplash.jpg	zenjpeg	444	55	model_proj	34.741	66.881	1.3249	CjpegliYcbcr	4.1
renders	itsiken-pmYoy3WaFPU-unsplash.jpg	zenjpeg	444	75	identity_off	35.927	74.288	1.0973	CjpegliYcbcr	2.3
renders	itsiken-pmYoy3WaFPU-unsplash.jpg	zenjpeg	444	75	model_policy	36.137	74.038	1.0788	CjpegliYcbcr	2.3
renders	itsiken-pmYoy3WaFPU-unsplash.jpg	zenjpeg	444	75	model_proj	36.137	74.041	1.0788	CjpegliYcbcr	2.3
renders	itsiken-pmYoy3WaFPU-unsplash.jpg	zenjpeg	444	90	identity_off	39.366	84.297	0.6707	CjpegliYcbcr	1.1
renders	itsiken-pmYoy3WaFPU-unsplash.jpg	zenjpeg	444	90	model_policy	39.415	84.117	0.6683	CjpegliYcbcr	1.1
renders	itsiken-pmYoy3WaFPU-unsplash.jpg	zenjpeg	444	90	model_proj	39.433	84.255	0.6680	CjpegliYcbcr	1.1
textures	anca-gabriela-zosin-bMOnYbmQxHA-unsplash.jpg	turbo	420	15	identity_off	32.342	9.568	4.1645	Unknown	15.0
textures	anca-gabriela-zosin-bMOnYbmQxHA-unsplash.jpg	turbo	420	15	model_policy	32.527	17.763	4.0794	Unknown	15.0
textures	anca-gabriela-zosin-bMOnYbmQxHA-unsplash.jpg	turbo	420	15	model_proj	32.527	17.762	4.0794	Unknown	15.0
textures	anca-gabriela-zosin-bMOnYbmQxHA-unsplash.jpg	turbo	420	35	identity_off	36.696	56.933	2.1750	ImageMagick	35.0
textures	anca-gabriela-zosin-bMOnYbmQxHA-unsplash.jpg	turbo	420	35	model_policy	36.873	58.737	2.1483	ImageMagick	35.0
textures	anca-gabriela-zosin-bMOnYbmQxHA-unsplash.jpg	turbo	420	35	model_proj	36.873	58.737	2.1483	ImageMagick	35.0
textures	anca-gabriela-zosin-bMOnYbmQxHA-unsplash.jpg	turbo	420	55	identity_off	37.890	68.781	1.5213	ImageMagick	55.0
textures	anca-gabriela-zosin-bMOnYbmQxHA-unsplash.jpg	turbo	420	55	model_policy	38.030	69.149	1.4973	ImageMagick	55.0
textures	anca-gabriela-zosin-bMOnYbmQxHA-unsplash.jpg	turbo	420	55	model_proj	38.030	69.142	1.4970	ImageMagick	55.0
textures	anca-gabriela-zosin-bMOnYbmQxHA-unsplash.jpg	turbo	420	75	identity_off	39.675	77.277	1.1733	ImageMagick	75.0
textures	anca-gabriela-zosin-bMOnYbmQxHA-unsplash.jpg	turbo	420	75	model_policy	39.813	77.388	1.1490	ImageMagick	75.0
textures	anca-gabriela-zosin-bMOnYbmQxHA-unsplash.jpg	turbo	420	75	model_proj	39.816	77.369	1.1499	ImageMagick	75.0
textures	anca-gabriela-zosin-bMOnYbmQxHA-unsplash.jpg	turbo	420	90	identity_off	43.221	86.949	0.7308	ImageMagick	90.0
textures	anca-gabriela-zosin-bMOnYbmQxHA-unsplash.jpg	turbo	420	90	model_policy	43.349	86.914	0.7069	ImageMagick	90.0
textures	anca-gabriela-zosin-bMOnYbmQxHA-unsplash.jpg	turbo	420	90	model_proj	43.396	86.795	0.6936	ImageMagick	90.0
textures	anca-gabriela-zosin-bMOnYbmQxHA-unsplash.jpg	turbo	444	15	identity_off	33.214	14.456	4.0456	Unknown	15.0
textures	anca-gabriela-zosin-bMOnYbmQxHA-unsplash.jpg	turbo	444	15	model_policy	33.448	23.322	3.9554	Unknown	15.0
textures	anca-gabriela-zosin-bMOnYbmQxHA-unsplash.jpg	turbo	444	15	model_proj	33.448	23.326	3.9554	Unknown	15.0
textures	anca-gabriela-zosin-bMOnYbmQxHA-unsplash.jpg	turbo	444	35	identity_off	37.861	59.567	1.7331	ImageMagick	35.0
textures	anca-gabriela-zosin-bMOnYbmQxHA-unsplash.jpg	turbo	444	35	model_policy	38.074	61.308	1.6938	ImageMagick	35.0
textures	anca-gabriela-zosin-bMOnYbmQxHA-unsplash.jpg	turbo	444	35	model_proj	38.074	61.308	1.6938	ImageMagick	35.0
textures	anca-gabriela-zosin-bMOnYbmQxHA-unsplash.jpg	turbo	444	55	identity_off	39.210	71.996	1.2762	ImageMagick	55.0
textures	anca-gabriela-zosin-bMOnYbmQxHA-unsplash.jpg	turbo	444	55	model_policy	39.379	72.419	1.2351	ImageMagick	55.0
textures	anca-gabriela-zosin-bMOnYbmQxHA-unsplash.jpg	turbo	444	55	model_proj	39.379	72.421	1.2351	ImageMagick	55.0
textures	anca-gabriela-zosin-bMOnYbmQxHA-unsplash.jpg	turbo	444	75	identity_off	41.215	80.010	0.9936	ImageMagick	75.0
textures	anca-gabriela-zosin-bMOnYbmQxHA-unsplash.jpg	turbo	444	75	model_policy	41.379	80.112	0.9611	ImageMagick	75.0
textures	anca-gabriela-zosin-bMOnYbmQxHA-unsplash.jpg	turbo	444	75	model_proj	41.379	80.119	0.9611	ImageMagick	75.0
textures	anca-gabriela-zosin-bMOnYbmQxHA-unsplash.jpg	turbo	444	90	identity_off	44.762	88.927	0.6223	ImageMagick	90.0
textures	anca-gabriela-zosin-bMOnYbmQxHA-unsplash.jpg	turbo	444	90	model_policy	44.913	88.963	0.5961	ImageMagick	90.0
textures	anca-gabriela-zosin-bMOnYbmQxHA-unsplash.jpg	turbo	444	90	model_proj	44.895	88.871	0.5977	ImageMagick	90.0
textures	anca-gabriela-zosin-bMOnYbmQxHA-unsplash.jpg	mozjpeg	420	15	identity_off	32.310	26.045	3.8348	Mozjpeg	15.0
textures	anca-gabriela-zosin-bMOnYbmQxHA-unsplash.jpg	mozjpeg	420	15	model_policy	32.448	30.286	3.7993	Mozjpeg	15.0
textures	anca-gabriela-zosin-bMOnYbmQxHA-unsplash.jpg	mozjpeg	420	15	model_proj	32.448	30.282	3.7993	Mozjpeg	15.0
textures	anca-gabriela-zosin-bMOnYbmQxHA-unsplash.jpg	mozjpeg	420	35	identity_off	36.609	56.808	1.9484	Mozjpeg	35.0
textures	anca-gabriela-zosin-bMOnYbmQxHA-unsplash.jpg	mozjpeg	420	35	model_policy	36.776	58.167	1.9128	Mozjpeg	35.0
textures	anca-gabriela-zosin-bMOnYbmQxHA-unsplash.jpg	mozjpeg	420	35	model_proj	36.776	58.167	1.9128	Mozjpeg	35.0
textures	anca-gabriela-zosin-bMOnYbmQxHA-unsplash.jpg	mozjpeg	420	55	identity_off	38.174	67.413	1.5032	Mozjpeg	55.0
textures	anca-gabriela-zosin-bMOnYbmQxHA-unsplash.jpg	mozjpeg	420	55	model_policy	38.291	67.619	1.4800	Mozjpeg	55.0
textures	anca-gabriela-zosin-bMOnYbmQxHA-unsplash.jpg	mozjpeg	420	55	model_proj	38.291	67.619	1.4800	Mozjpeg	55.0
textures	anca-gabriela-zosin-bMOnYbmQxHA-unsplash.jpg	mozjpeg	420	75	identity_off	39.963	76.153	1.1616	Mozjpeg	75.0
textures	anca-gabriela-zosin-bMOnYbmQxHA-unsplash.jpg	mozjpeg	420	75	model_policy	40.053	76.093	1.1451	Mozjpeg	75.0
textures	anca-gabriela-zosin-bMOnYbmQxHA-unsplash.jpg	mozjpeg	420	75	model_proj	40.054	76.090	1.1449	Mozjpeg	75.0
textures	anca-gabriela-zosin-bMOnYbmQxHA-unsplash.jpg	mozjpeg	420	90	identity_off	43.219	85.744	0.7584	Mozjpeg	90.0
textures	anca-gabriela-zosin-bMOnYbmQxHA-unsplash.jpg	mozjpeg	420	90	model_policy	43.238	85.448	0.7503	Mozjpeg	90.0
textures	anca-gabriela-zosin-bMOnYbmQxHA-unsplash.jpg	mozjpeg	420	90	model_proj	43.298	85.483	0.7390	Mozjpeg	90.0
textures	anca-gabriela-zosin-bMOnYbmQxHA-unsplash.jpg	mozjpeg	444	15	identity_off	32.984	26.687	3.4857	Mozjpeg	15.0
textures	anca-gabriela-zosin-bMOnYbmQxHA-unsplash.jpg	mozjpeg	444	15	model_policy	33.123	30.927	3.4283	Mozjpeg	15.0
textures	anca-gabriela-zosin-bMOnYbmQxHA-unsplash.jpg	mozjpeg	444	15	model_proj	33.123	30.926	3.4283	Mozjpeg	15.0
textures	anca-gabriela-zosin-bMOnYbmQxHA-unsplash.jpg	mozjpeg	444	35	identity_off	37.464	58.084	1.8167	Mozjpeg	35.0
textures	anca-gabriela-zosin-bMOnYbmQxHA-unsplash.jpg	mozjpeg	444	35	model_policy	37.634	59.454	1.7759	Mozjpeg	35.0
textures	anca-gabriela-zosin-bMOnYbmQxHA-unsplash.jpg	mozjpeg	444	35	model_proj	37.634	59.453	1.7759	Mozjpeg	35.0
textures	anca-gabriela-zosin-bMOnYbmQxHA-unsplash.jpg	mozjpeg	444	55	identity_off	39.094	69.023	1.3911	Mozjpeg	55.0
textures	anca-gabriela-zosin-bMOnYbmQxHA-unsplash.jpg	mozjpeg	444	55	model_policy	39.212	69.309	1.3638	Mozjpeg	55.0
textures	anca-gabriela-zosin-bMOnYbmQxHA-unsplash.jpg	mozjpeg	444	55	model_proj	39.212	69.309	1.3638	Mozjpeg	55.0
textures	anca-gabriela-zosin-bMOnYbmQxHA-unsplash.jpg	mozjpeg	444	75	identity_off	40.855	78.096	1.0855	Mozjpeg	75.0
textures	anca-gabriela-zosin-bMOnYbmQxHA-unsplash.jpg	mozjpeg	444	75	model_policy	40.928	78.000	1.0699	Mozjpeg	75.0
textures	anca-gabriela-zosin-bMOnYbmQxHA-unsplash.jpg	mozjpeg	444	75	model_proj	40.928	78.001	1.0699	Mozjpeg	75.0
textures	anca-gabriela-zosin-bMOnYbmQxHA-unsplash.jpg	mozjpeg	444	90	identity_off	44.264	87.192	0.6953	Mozjpeg	90.0
textures	anca-gabriela-zosin-bMOnYbmQxHA-unsplash.jpg	mozjpeg	444	90	model_policy	44.250	86.913	0.6867	Mozjpeg	90.0
textures	anca-gabriela-zosin-bMOnYbmQxHA-unsplash.jpg	mozjpeg	444	90	model_proj	44.243	86.835	0.6878	Mozjpeg	90.0
textures	anca-gabriela-zosin-bMOnYbmQxHA-unsplash.jpg	jpegli	420	15	identity_off	35.899	52.893	2.1934	CjpegliYcbcr	14.2
textures	anca-gabriela-zosin-bMOnYbmQxHA-unsplash.jpg	jpegli	420	15	model_policy	36.089	54.336	2.1504	CjpegliYcbcr	14.2
textures	anca-gabriela-zosin-bMOnYbmQxHA-unsplash.jpg	jpegli	420	15	model_proj	36.089	54.336	2.1504	CjpegliYcbcr	14.2
textures	anca-gabriela-zosin-bMOnYbmQxHA-unsplash.jpg	jpegli	420	35	identity_off	37.533	64.760	1.6304	CjpegliYcbcr	7.2
textures	anca-gabriela-zosin-bMOnYbmQxHA-unsplash.jpg	jpegli	420	35	model_policy	37.692	64.993	1.5995	CjpegliYcbcr	7.2
textures	anca-gabriela-zosin-bMOnYbmQxHA-unsplash.jpg	jpegli	420	35	model_proj	37.692	64.990	1.5995	CjpegliYcbcr	7.2
textures	anca-gabriela-zosin-bMOnYbmQxHA-unsplash.jpg	jpegli	420	55	identity_off	38.268	69.240	1.4551	CjpegliYcbcr	5.2
textures	anca-gabriela-zosin-bMOnYbmQxHA-unsplash.jpg	jpegli	420	55	model_policy	38.409	69.269	1.4329	CjpegliYcbcr	5.2
textures	anca-gabriela-zosin-bMOnYbmQxHA-unsplash.jpg	jpegli	420	55	model_proj	38.409	69.268	1.4329	CjpegliYcbcr	5.2
textures	anca-gabriela-zosin-bMOnYbmQxHA-unsplash.jpg	jpegli	420	75	identity_off	39.683	74.679	1.1955	CjpegliYcbcr	3.0
textures	anca-gabriela-zosin-bMOnYbmQxHA-unsplash.jpg	jpegli	420	75	model_policy	39.775	74.698	1.1810	CjpegliYcbcr	3.0
textures	anca-gabriela-zosin-bMOnYbmQxHA-unsplash.jpg	jpegli	420	75	model_proj	39.779	74.708	1.1800	CjpegliYcbcr	3.0
textures	anca-gabriela-zosin-bMOnYbmQxHA-unsplash.jpg	jpegli	420	90	identity_off	43.104	84.707	0.7565	CjpegliYcbcr	1.3
textures	anca-gabriela-zosin-bMOnYbmQxHA-unsplash.jpg	jpegli	420	90	model_policy	43.094	84.587	0.7527	CjpegliYcbcr	1.3
textures	anca-gabriela-zosin-bMOnYbmQxHA-unsplash.jpg	jpegli	420	90	model_proj	43.093	84.816	0.7374	CjpegliYcbcr	1.3
textures	anca-gabriela-zosin-bMOnYbmQxHA-unsplash.jpg	jpegli	444	15	identity_off	33.715	39.459	2.9633	CjpegliYcbcr	11.8
textures	anca-gabriela-zosin-bMOnYbmQxHA-unsplash.jpg	jpegli	444	15	model_policy	33.861	41.190	2.9533	CjpegliYcbcr	11.8
textures	anca-gabriela-zosin-bMOnYbmQxHA-unsplash.jpg	jpegli	444	15	model_proj	33.861	41.193	2.9533	CjpegliYcbcr	11.8
textures	anca-gabriela-zosin-bMOnYbmQxHA-unsplash.jpg	jpegli	444	35	identity_off	37.221	60.384	1.7046	CjpegliYcbcr	6.0
textures	anca-gabriela-zosin-bMOnYbmQxHA-unsplash.jpg	jpegli	444	35	model_policy	37.356	60.642	1.6873	CjpegliYcbcr	6.0
textures	anca-gabriela-zosin-bMOnYbmQxHA-unsplash.jpg	jpegli	444	35	model_proj	37.356	60.642	1.6873	CjpegliYcbcr	6.0
textures	anca-gabriela-zosin-bMOnYbmQxHA-unsplash.jpg	jpegli	444	55	identity_off	38.086	64.969	1.4865	CjpegliYcbcr	4.1
textures	anca-gabriela-zosin-bMOnYbmQxHA-unsplash.jpg	jpegli	444	55	model_policy	38.202	65.137	1.4719	CjpegliYcbcr	4.1
textures	anca-gabriela-zosin-bMOnYbmQxHA-unsplash.jpg	jpegli	444	55	model_proj	38.202	65.123	1.4719	CjpegliYcbcr	4.1
textures	anca-gabriela-zosin-bMOnYbmQxHA-unsplash.jpg	jpegli	444	75	identity_off	39.890	77.835	1.0689	CjpegliYcbcr	2.3
textures	anca-gabriela-zosin-bMOnYbmQxHA-unsplash.jpg	jpegli	444	75	model_policy	39.966	77.737	1.0530	CjpegliYcbcr	2.3
textures	anca-gabriela-zosin-bMOnYbmQxHA-unsplash.jpg	jpegli	444	75	model_proj	39.966	77.742	1.0530	CjpegliYcbcr	2.3
textures	anca-gabriela-zosin-bMOnYbmQxHA-unsplash.jpg	jpegli	444	90	identity_off	43.399	86.379	0.6652	CjpegliYcbcr	1.1
textures	anca-gabriela-zosin-bMOnYbmQxHA-unsplash.jpg	jpegli	444	90	model_policy	43.369	86.081	0.6617	CjpegliYcbcr	1.1
textures	anca-gabriela-zosin-bMOnYbmQxHA-unsplash.jpg	jpegli	444	90	model_proj	43.393	86.421	0.6544	CjpegliYcbcr	1.1
textures	anca-gabriela-zosin-bMOnYbmQxHA-unsplash.jpg	zenjpeg	420	15	identity_off	35.890	53.594	2.1971	CjpegliYcbcr	14.2
textures	anca-gabriela-zosin-bMOnYbmQxHA-unsplash.jpg	zenjpeg	420	15	model_policy	36.079	55.038	2.1535	CjpegliYcbcr	14.2
textures	anca-gabriela-zosin-bMOnYbmQxHA-unsplash.jpg	zenjpeg	420	15	model_proj	36.079	55.038	2.1535	CjpegliYcbcr	14.2
textures	anca-gabriela-zosin-bMOnYbmQxHA-unsplash.jpg	zenjpeg	420	35	identity_off	37.514	64.685	1.6376	CjpegliYcbcr	7.2
textures	anca-gabriela-zosin-bMOnYbmQxHA-unsplash.jpg	zenjpeg	420	35	model_policy	37.673	64.898	1.6074	CjpegliYcbcr	7.2
textures	anca-gabriela-zosin-bMOnYbmQxHA-unsplash.jpg	zenjpeg	420	35	model_proj	37.673	64.898	1.6074	CjpegliYcbcr	7.2
textures	anca-gabriela-zosin-bMOnYbmQxHA-unsplash.jpg	zenjpeg	420	55	identity_off	38.273	69.450	1.4602	CjpegliYcbcr	5.2
textures	anca-gabriela-zosin-bMOnYbmQxHA-unsplash.jpg	zenjpeg	420	55	model_policy	38.413	69.414	1.4389	CjpegliYcbcr	5.2
textures	anca-gabriela-zosin-bMOnYbmQxHA-unsplash.jpg	zenjpeg	420	55	model_proj	38.413	69.415	1.4389	CjpegliYcbcr	5.2
textures	anca-gabriela-zosin-bMOnYbmQxHA-unsplash.jpg	zenjpeg	420	75	identity_off	39.694	74.887	1.1898	CjpegliYcbcr	3.0
textures	anca-gabriela-zosin-bMOnYbmQxHA-unsplash.jpg	zenjpeg	420	75	model_policy	39.786	74.817	1.1750	CjpegliYcbcr	3.0
textures	anca-gabriela-zosin-bMOnYbmQxHA-unsplash.jpg	zenjpeg	420	75	model_proj	39.790	74.808	1.1739	CjpegliYcbcr	3.0
textures	anca-gabriela-zosin-bMOnYbmQxHA-unsplash.jpg	zenjpeg	420	90	identity_off	43.080	84.901	0.7502	CjpegliYcbcr	1.3
textures	anca-gabriela-zosin-bMOnYbmQxHA-unsplash.jpg	zenjpeg	420	90	model_policy	43.066	84.704	0.7464	CjpegliYcbcr	1.3
textures	anca-gabriela-zosin-bMOnYbmQxHA-unsplash.jpg	zenjpeg	420	90	model_proj	43.067	84.804	0.7395	CjpegliYcbcr	1.3
textures	anca-gabriela-zosin-bMOnYbmQxHA-unsplash.jpg	zenjpeg	444	15	identity_off	33.720	41.678	3.1331	CjpegliYcbcr	11.8
textures	anca-gabriela-zosin-bMOnYbmQxHA-unsplash.jpg	zenjpeg	444	15	model_policy	33.856	42.920	3.1248	CjpegliYcbcr	11.8
textures	anca-gabriela-zosin-bMOnYbmQxHA-unsplash.jpg	zenjpeg	444	15	model_proj	33.856	42.920	3.1248	CjpegliYcbcr	11.8
textures	anca-gabriela-zosin-bMOnYbmQxHA-unsplash.jpg	zenjpeg	444	35	identity_off	37.225	60.765	1.7265	CjpegliYcbcr	6.0
textures	anca-gabriela-zosin-bMOnYbmQxHA-unsplash.jpg	zenjpeg	444	35	model_policy	37.359	61.041	1.7112	CjpegliYcbcr	6.0
textures	anca-gabriela-zosin-bMOnYbmQxHA-unsplash.jpg	zenjpeg	444	35	model_proj	37.359	61.040	1.7112	CjpegliYcbcr	6.0
textures	anca-gabriela-zosin-bMOnYbmQxHA-unsplash.jpg	zenjpeg	444	55	identity_off	38.079	64.467	1.5202	CjpegliYcbcr	4.1
textures	anca-gabriela-zosin-bMOnYbmQxHA-unsplash.jpg	zenjpeg	444	55	model_policy	38.193	64.628	1.5080	CjpegliYcbcr	4.1
textures	anca-gabriela-zosin-bMOnYbmQxHA-unsplash.jpg	zenjpeg	444	55	model_proj	38.193	64.626	1.5080	CjpegliYcbcr	4.1
textures	anca-gabriela-zosin-bMOnYbmQxHA-unsplash.jpg	zenjpeg	444	75	identity_off	39.887	77.869	1.0673	CjpegliYcbcr	2.3
textures	anca-gabriela-zosin-bMOnYbmQxHA-unsplash.jpg	zenjpeg	444	75	model_policy	39.964	77.750	1.0517	CjpegliYcbcr	2.3
textures	anca-gabriela-zosin-bMOnYbmQxHA-unsplash.jpg	zenjpeg	444	75	model_proj	39.964	77.751	1.0517	CjpegliYcbcr	2.3
textures	anca-gabriela-zosin-bMOnYbmQxHA-unsplash.jpg	zenjpeg	444	90	identity_off	43.377	86.479	0.6620	CjpegliYcbcr	1.1
textures	anca-gabriela-zosin-bMOnYbmQxHA-unsplash.jpg	zenjpeg	444	90	model_policy	43.346	86.228	0.6589	CjpegliYcbcr	1.1
textures	anca-gabriela-zosin-bMOnYbmQxHA-unsplash.jpg	zenjpeg	444	90	model_proj	43.361	86.429	0.6573	CjpegliYcbcr	1.1
textures	bernd-dittrich-3MdsHe3IIOk-unsplash.jpg	turbo	420	15	identity_off	23.348	28.918	2.8546	Unknown	15.0
textures	bernd-dittrich-3MdsHe3IIOk-unsplash.jpg	turbo	420	15	model_policy	23.455	29.547	2.8404	Unknown	15.0
textures	bernd-dittrich-3MdsHe3IIOk-unsplash.jpg	turbo	420	15	model_proj	23.456	29.544	2.8400	Unknown	15.0
textures	bernd-dittrich-3MdsHe3IIOk-unsplash.jpg	turbo	420	35	identity_off	25.800	56.218	1.9011	ImageMagick	35.0
textures	bernd-dittrich-3MdsHe3IIOk-unsplash.jpg	turbo	420	35	model_policy	25.881	56.369	1.8926	ImageMagick	35.0
textures	bernd-dittrich-3MdsHe3IIOk-unsplash.jpg	turbo	420	35	model_proj	25.942	56.365	1.8819	ImageMagick	35.0
textures	bernd-dittrich-3MdsHe3IIOk-unsplash.jpg	turbo	420	55	identity_off	27.166	64.211	1.5686	ImageMagick	55.0
textures	bernd-dittrich-3MdsHe3IIOk-unsplash.jpg	turbo	420	55	model_policy	27.231	64.323	1.5626	ImageMagick	55.0
textures	bernd-dittrich-3MdsHe3IIOk-unsplash.jpg	turbo	420	55	model_proj	27.356	64.444	1.5422	ImageMagick	55.0
textures	bernd-dittrich-3MdsHe3IIOk-unsplash.jpg	turbo	420	75	identity_off	29.276	72.103	1.1821	ImageMagick	75.0
textures	bernd-dittrich-3MdsHe3IIOk-unsplash.jpg	turbo	420	75	model_policy	29.319	72.072	1.1802	ImageMagick	75.0
textures	bernd-dittrich-3MdsHe3IIOk-unsplash.jpg	turbo	420	75	model_proj	29.540	72.304	1.1582	ImageMagick	75.0
textures	bernd-dittrich-3MdsHe3IIOk-unsplash.jpg	turbo	420	90	identity_off	38.099	89.681	0.3418	ImageMagick	90.0
textures	bernd-dittrich-3MdsHe3IIOk-unsplash.jpg	turbo	420	90	model_policy	38.074	89.323	0.3462	ImageMagick	90.0
textures	bernd-dittrich-3MdsHe3IIOk-unsplash.jpg	turbo	420	90	model_proj	39.101	89.727	0.3065	ImageMagick	90.0
textures	bernd-dittrich-3MdsHe3IIOk-unsplash.jpg	turbo	444	15	identity_off	23.769	36.433	2.7337	Unknown	15.0
textures	bernd-dittrich-3MdsHe3IIOk-unsplash.jpg	turbo	444	15	model_policy	23.883	37.258	2.7145	Unknown	15.0
textures	bernd-dittrich-3MdsHe3IIOk-unsplash.jpg	turbo	444	15	model_proj	23.883	37.259	2.7145	Unknown	15.0
textures	bernd-dittrich-3MdsHe3IIOk-unsplash.jpg	turbo	444	35	identity_off	26.452	63.296	1.8128	ImageMagick	35.0
textures	bernd-dittrich-3MdsHe3IIOk-unsplash.jpg	turbo	444	35	model_policy	26.545	63.600	1.8027	ImageMagick	35.0
textures	bernd-dittrich-3MdsHe3IIOk-unsplash.jpg	turbo	444	35	model_proj	26.554	63.622	1.8014	ImageMagick	35.0
textures	bernd-dittrich-3MdsHe3IIOk-unsplash.jpg	turbo	444	55	identity_off	28.030	71.072	1.4807	ImageMagick	55.0
textures	bernd-dittrich-3MdsHe3IIOk-unsplash.jpg	turbo	444	55	model_policy	28.107	71.250	1.4731	ImageMagick	55.0
textures	bernd-dittrich-3MdsHe3IIOk-unsplash.jpg	turbo	444	55	model_proj	28.127	71.280	1.4711	ImageMagick	55.0
textures	bernd-dittrich-3MdsHe3IIOk-unsplash.jpg	turbo	444	75	identity_off	30.491	78.380	1.1003	ImageMagick	75.0
textures	bernd-dittrich-3MdsHe3IIOk-unsplash.jpg	turbo	444	75	model_policy	30.546	78.391	1.0974	ImageMagick	75.0
textures	bernd-dittrich-3MdsHe3IIOk-unsplash.jpg	turbo	444	75	model_proj	30.581	78.436	1.0957	ImageMagick	75.0
textures	bernd-dittrich-3MdsHe3IIOk-unsplash.jpg	turbo	444	90	identity_off	38.635	92.378	0.2396	ImageMagick	90.0
textures	bernd-dittrich-3MdsHe3IIOk-unsplash.jpg	turbo	444	90	model_policy	38.595	91.979	0.2489	ImageMagick	90.0
textures	bernd-dittrich-3MdsHe3IIOk-unsplash.jpg	turbo	444	90	model_proj	38.605	92.006	0.2475	ImageMagick	90.0
textures	bernd-dittrich-3MdsHe3IIOk-unsplash.jpg	mozjpeg	420	15	identity_off	22.183	14.862	3.6953	Mozjpeg	15.0
textures	bernd-dittrich-3MdsHe3IIOk-unsplash.jpg	mozjpeg	420	15	model_policy	22.281	14.885	3.6887	Mozjpeg	15.0
textures	bernd-dittrich-3MdsHe3IIOk-unsplash.jpg	mozjpeg	420	15	model_proj	22.281	14.886	3.6887	Mozjpeg	15.0
textures	bernd-dittrich-3MdsHe3IIOk-unsplash.jpg	mozjpeg	420	35	identity_off	24.964	50.008	2.3223	Mozjpeg	35.0
textures	bernd-dittrich-3MdsHe3IIOk-unsplash.jpg	mozjpeg	420	35	model_policy	25.056	49.927	2.3170	Mozjpeg	35.0
textures	bernd-dittrich-3MdsHe3IIOk-unsplash.jpg	mozjpeg	420	35	model_proj	25.059	49.925	2.3159	Mozjpeg	35.0
textures	bernd-dittrich-3MdsHe3IIOk-unsplash.jpg	mozjpeg	420	55	identity_off	26.521	62.062	1.8607	Mozjpeg	55.0
textures	bernd-dittrich-3MdsHe3IIOk-unsplash.jpg	mozjpeg	420	55	model_policy	26.598	61.959	1.8576	Mozjpeg	55.0
textures	bernd-dittrich-3MdsHe3IIOk-unsplash.jpg	mozjpeg	420	55	model_proj	26.625	62.032	1.8498	Mozjpeg	55.0
textures	bernd-dittrich-3MdsHe3IIOk-unsplash.jpg	mozjpeg	420	75	identity_off	28.971	73.160	1.3447	Mozjpeg	75.0
textures	bernd-dittrich-3MdsHe3IIOk-unsplash.jpg	mozjpeg	420	75	model_policy	29.028	73.132	1.3435	Mozjpeg	75.0
textures	bernd-dittrich-3MdsHe3IIOk-unsplash.jpg	mozjpeg	420	75	model_proj	29.117	73.202	1.3275	Mozjpeg	75.0
textures	bernd-dittrich-3MdsHe3IIOk-unsplash.jpg	mozjpeg	420	90	identity_off	33.720	84.429	0.6719	Mozjpeg	90.0
textures	bernd-dittrich-3MdsHe3IIOk-unsplash.jpg	mozjpeg	420	90	model_policy	33.747	84.366	0.6725	Mozjpeg	90.0
textures	bernd-dittrich-3MdsHe3IIOk-unsplash.jpg	mozjpeg	420	90	model_proj	34.170	84.696	0.6524	Mozjpeg	90.0
textures	bernd-dittrich-3MdsHe3IIOk-unsplash.jpg	mozjpeg	444	15	identity_off	22.510	21.756	3.5958	Mozjpeg	15.0
textures	bernd-dittrich-3MdsHe3IIOk-unsplash.jpg	mozjpeg	444	15	model_policy	22.609	22.073	3.5881	Mozjpeg	15.0
textures	bernd-dittrich-3MdsHe3IIOk-unsplash.jpg	mozjpeg	444	15	model_proj	22.609	22.073	3.5881	Mozjpeg	15.0
textures	bernd-dittrich-3MdsHe3IIOk-unsplash.jpg	mozjpeg	444	35	identity_off	25.441	56.418	2.2361	Mozjpeg	35.0
textures	bernd-dittrich-3MdsHe3IIOk-unsplash.jpg	mozjpeg	444	35	model_policy	25.538	56.584	2.2294	Mozjpeg	35.0
textures	bernd-dittrich-3MdsHe3IIOk-unsplash.jpg	mozjpeg	444	35	model_proj	25.538	56.585	2.2294	Mozjpeg	35.0
textures	bernd-dittrich-3MdsHe3IIOk-unsplash.jpg	mozjpeg	444	55	identity_off	27.080	66.922	1.7807	Mozjpeg	55.0
textures	bernd-dittrich-3MdsHe3IIOk-unsplash.jpg	mozjpeg	444	55	model_policy	27.161	66.964	1.7765	Mozjpeg	55.0
textures	bernd-dittrich-3MdsHe3IIOk-unsplash.jpg	mozjpeg	444	55	model_proj	27.161	66.962	1.7765	Mozjpeg	55.0
textures	bernd-dittrich-3MdsHe3IIOk-unsplash.jpg	mozjpeg	444	75	identity_off	29.512	76.152	1.2892	Mozjpeg	75.0
textures	bernd-dittrich-3MdsHe3IIOk-unsplash.jpg	mozjpeg	444	75	model_policy	29.570	76.138	1.2869	Mozjpeg	75.0
textures	bernd-dittrich-3MdsHe3IIOk-unsplash.jpg	mozjpeg	444	75	model_proj	29.571	76.145	1.2868	Mozjpeg	75.0
textures	bernd-dittrich-3MdsHe3IIOk-unsplash.jpg	mozjpeg	444	90	identity_off	35.143	87.538	0.6089	Mozjpeg	90.0
textures	bernd-dittrich-3MdsHe3IIOk-unsplash.jpg	mozjpeg	444	90	model_policy	35.170	87.491	0.6086	Mozjpeg	90.0
textures	bernd-dittrich-3MdsHe3IIOk-unsplash.jpg	mozjpeg	444	90	model_proj	35.174	87.504	0.6083	Mozjpeg	90.0
textures	bernd-dittrich-3MdsHe3IIOk-unsplash.jpg	jpegli	420	15	identity_off	22.704	32.965	3.1984	CjpegliYcbcr	14.2
textures	bernd-dittrich-3MdsHe3IIOk-unsplash.jpg	jpegli	420	15	model_policy	22.794	32.518	3.1951	CjpegliYcbcr	14.2
textures	bernd-dittrich-3MdsHe3IIOk-unsplash.jpg	jpegli	420	15	model_proj	22.797	32.563	3.1933	CjpegliYcbcr	14.2
textures	bernd-dittrich-3MdsHe3IIOk-unsplash.jpg	jpegli	420	35	identity_off	24.843	51.590	2.2999	CjpegliYcbcr	7.2
textures	bernd-dittrich-3MdsHe3IIOk-unsplash.jpg	jpegli	420	35	model_policy	24.917	51.226	2.2969	CjpegliYcbcr	7.2
textures	bernd-dittrich-3MdsHe3IIOk-unsplash.jpg	jpegli	420	35	model_proj	24.972	51.383	2.2768	CjpegliYcbcr	7.2
textures	bernd-dittrich-3MdsHe3IIOk-unsplash.jpg	jpegli	420	55	identity_off	26.393	59.810	1.8438	CjpegliYcbcr	5.2
textures	bernd-dittrich-3MdsHe3IIOk-unsplash.jpg	jpegli	420	55	model_policy	26.449	59.515	1.8399	CjpegliYcbcr	5.2
textures	bernd-dittrich-3MdsHe3IIOk-unsplash.jpg	jpegli	420	55	model_proj	26.581	59.831	1.8081	CjpegliYcbcr	5.2
textures	bernd-dittrich-3MdsHe3IIOk-unsplash.jpg	jpegli	420	75	identity_off	28.919	70.135	1.2776	CjpegliYcbcr	3.0
textures	bernd-dittrich-3MdsHe3IIOk-unsplash.jpg	jpegli	420	75	model_policy	28.952	69.975	1.2749	CjpegliYcbcr	3.0
textures	bernd-dittrich-3MdsHe3IIOk-unsplash.jpg	jpegli	420	75	model_proj	29.239	70.412	1.2491	CjpegliYcbcr	3.0
textures	bernd-dittrich-3MdsHe3IIOk-unsplash.jpg	jpegli	420	90	identity_off	33.884	83.735	0.5263	CjpegliYcbcr	1.3
textures	bernd-dittrich-3MdsHe3IIOk-unsplash.jpg	jpegli	420	90	model_policy	33.884	83.506	0.5286	CjpegliYcbcr	1.3
textures	bernd-dittrich-3MdsHe3IIOk-unsplash.jpg	jpegli	420	90	model_proj	34.785	84.258	0.4978	CjpegliYcbcr	1.3
textures	bernd-dittrich-3MdsHe3IIOk-unsplash.jpg	jpegli	444	15	identity_off	23.164	38.261	2.9125	CjpegliYcbcr	11.8
textures	bernd-dittrich-3MdsHe3IIOk-unsplash.jpg	jpegli	444	15	model_policy	23.249	37.890	2.9097	CjpegliYcbcr	11.8
textures	bernd-dittrich-3MdsHe3IIOk-unsplash.jpg	jpegli	444	15	model_proj	23.249	37.892	2.9096	CjpegliYcbcr	11.8
textures	bernd-dittrich-3MdsHe3IIOk-unsplash.jpg	jpegli	444	35	identity_off	25.590	55.745	2.0570	CjpegliYcbcr	6.0
textures	bernd-dittrich-3MdsHe3IIOk-unsplash.jpg	jpegli	444	35	model_policy	25.653	55.488	2.0548	CjpegliYcbcr	6.0
textures	bernd-dittrich-3MdsHe3IIOk-unsplash.jpg	jpegli	444	35	model_proj	25.662	55.559	2.0528	CjpegliYcbcr	6.0
textures	bernd-dittrich-3MdsHe3IIOk-unsplash.jpg	jpegli	444	55	identity_off	27.133	63.307	1.6463	CjpegliYcbcr	4.1
textures	bernd-dittrich-3MdsHe3IIOk-unsplash.jpg	jpegli	444	55	model_policy	27.180	63.012	1.6441	CjpegliYcbcr	4.1
textures	bernd-dittrich-3MdsHe3IIOk-unsplash.jpg	jpegli	444	55	model_proj	27.228	63.191	1.6368	CjpegliYcbcr	4.1
textures	bernd-dittrich-3MdsHe3IIOk-unsplash.jpg	jpegli	444	75	identity_off	29.781	73.422	1.1060	CjpegliYcbcr	2.3
textures	bernd-dittrich-3MdsHe3IIOk-unsplash.jpg	jpegli	444	75	model_policy	29.805	73.297	1.1056	CjpegliYcbcr	2.3
textures	bernd-dittrich-3MdsHe3IIOk-unsplash.jpg	jpegli	444	75	model_proj	29.961	73.542	1.0970	CjpegliYcbcr	2.3
textures	bernd-dittrich-3MdsHe3IIOk-unsplash.jpg	jpegli	444	90	identity_off	34.789	86.435	0.4414	CjpegliYcbcr	1.1
textures	bernd-dittrich-3MdsHe3IIOk-unsplash.jpg	jpegli	444	90	model_policy	34.793	86.223	0.4447	CjpegliYcbcr	1.1
textures	bernd-dittrich-3MdsHe3IIOk-unsplash.jpg	jpegli	444	90	model_proj	35.306	86.600	0.4382	CjpegliYcbcr	1.1
textures	bernd-dittrich-3MdsHe3IIOk-unsplash.jpg	zenjpeg	420	15	identity_off	22.702	32.784	3.2005	CjpegliYcbcr	14.2
textures	bernd-dittrich-3MdsHe3IIOk-unsplash.jpg	zenjpeg	420	15	model_policy	22.793	32.316	3.1972	CjpegliYcbcr	14.2
textures	bernd-dittrich-3MdsHe3IIOk-unsplash.jpg	zenjpeg	420	15	model_proj	22.796	32.365	3.1952	CjpegliYcbcr	14.2
textures	bernd-dittrich-3MdsHe3IIOk-unsplash.jpg	zenjpeg	420	35	identity_off	24.838	51.557	2.3005	CjpegliYcbcr	7.2
textures	bernd-dittrich-3MdsHe3IIOk-unsplash.jpg	zenjpeg	420	35	model_policy	24.913	51.203	2.2971	CjpegliYcbcr	7.2
textures	bernd-dittrich-3MdsHe3IIOk-unsplash.jpg	zenjpeg	420	35	model_proj	24.968	51.344	2.2771	CjpegliYcbcr	7.2
textures	bernd-dittrich-3MdsHe3IIOk-unsplash.jpg	zenjpeg	420	55	identity_off	26.385	59.772	1.8456	CjpegliYcbcr	5.2
textures	bernd-dittrich-3MdsHe3IIOk-unsplash.jpg	zenjpeg	420	55	model_policy	26.441	59.472	1.8417	CjpegliYcbcr	5.2
textures	bernd-dittrich-3MdsHe3IIOk-unsplash.jpg	zenjpeg	420	55	model_proj	26.573	59.819	1.8095	CjpegliYcbcr	5.2
textures	bernd-dittrich-3MdsHe3IIOk-unsplash.jpg	zenjpeg	420	75	identity_off	28.906	69.919	1.2807	CjpegliYcbcr	3.0
textures	bernd-dittrich-3MdsHe3IIOk-unsplash.jpg	zenjpeg	420	75	model_policy	28.940	69.769	1.2777	CjpegliYcbcr	3.0
textures	bernd-dittrich-3MdsHe3IIOk-unsplash.jpg	zenjpeg	420	75	model_proj	29.229	70.192	1.2515	CjpegliYcbcr	3.0
textures	bernd-dittrich-3MdsHe3IIOk-unsplash.jpg	zenjpeg	420	90	identity_off	33.881	83.699	0.5291	CjpegliYcbcr	1.3
textures	bernd-dittrich-3MdsHe3IIOk-unsplash.jpg	zenjpeg	420	90	model_policy	33.882	83.476	0.5314	CjpegliYcbcr	1.3
textures	bernd-dittrich-3MdsHe3IIOk-unsplash.jpg	zenjpeg	420	90	model_proj	34.782	84.244	0.5009	CjpegliYcbcr	1.3
textures	bernd-dittrich-3MdsHe3IIOk-unsplash.jpg	zenjpeg	444	15	identity_off	23.159	38.131	2.9150	CjpegliYcbcr	11.8
textures	bernd-dittrich-3MdsHe3IIOk-unsplash.jpg	zenjpeg	444	15	model_policy	23.243	37.763	2.9124	CjpegliYcbcr	11.8
textures	bernd-dittrich-3MdsHe3IIOk-unsplash.jpg	zenjpeg	444	15	model_proj	23.243	37.764	2.9123	CjpegliYcbcr	11.8
textures	bernd-dittrich-3MdsHe3IIOk-unsplash.jpg	zenjpeg	444	35	identity_off	25.584	55.537	2.0581	CjpegliYcbcr	6.0
textures	bernd-dittrich-3MdsHe3IIOk-unsplash.jpg	zenjpeg	444	35	model_policy	25.646	55.291	2.0560	CjpegliYcbcr	6.0
textures	bernd-dittrich-3MdsHe3IIOk-unsplash.jpg	zenjpeg	444	35	model_proj	25.655	55.363	2.0539	CjpegliYcbcr	6.0
textures	bernd-dittrich-3MdsHe3IIOk-unsplash.jpg	zenjpeg	444	55	identity_off	27.122	63.162	1.6500	CjpegliYcbcr	4.1
textures	bernd-dittrich-3MdsHe3IIOk-unsplash.jpg	zenjpeg	444	55	model_policy	27.169	62.893	1.6477	CjpegliYcbcr	4.1
textures	bernd-dittrich-3MdsHe3IIOk-unsplash.jpg	zenjpeg	444	55	model_proj	27.217	63.066	1.6406	CjpegliYcbcr	4.1
textures	bernd-dittrich-3MdsHe3IIOk-unsplash.jpg	zenjpeg	444	75	identity_off	29.762	73.304	1.1109	CjpegliYcbcr	2.3
textures	bernd-dittrich-3MdsHe3IIOk-unsplash.jpg	zenjpeg	444	75	model_policy	29.787	73.171	1.1103	CjpegliYcbcr	2.3
textures	bernd-dittrich-3MdsHe3IIOk-unsplash.jpg	zenjpeg	444	75	model_proj	29.941	73.426	1.1018	CjpegliYcbcr	2.3
textures	bernd-dittrich-3MdsHe3IIOk-unsplash.jpg	zenjpeg	444	90	identity_off	34.774	86.410	0.4448	CjpegliYcbcr	1.1
textures	bernd-dittrich-3MdsHe3IIOk-unsplash.jpg	zenjpeg	444	90	model_policy	34.778	86.169	0.4480	CjpegliYcbcr	1.1
textures	bernd-dittrich-3MdsHe3IIOk-unsplash.jpg	zenjpeg	444	90	model_proj	35.289	86.514	0.4418	CjpegliYcbcr	1.1
textures	haberdoedas-5BsnVq1qTis-unsplash.jpg	turbo	420	15	identity_off	30.019	-15.580	2.9187	Unknown	15.0
textures	haberdoedas-5BsnVq1qTis-unsplash.jpg	turbo	420	15	model_policy	30.164	-8.265	2.8712	Unknown	15.0
textures	haberdoedas-5BsnVq1qTis-unsplash.jpg	turbo	420	15	model_proj	30.164	-8.267	2.8712	Unknown	15.0
textures	haberdoedas-5BsnVq1qTis-unsplash.jpg	turbo	420	35	identity_off	31.563	33.796	2.0288	ImageMagick	35.0
textures	haberdoedas-5BsnVq1qTis-unsplash.jpg	turbo	420	35	model_policy	31.688	34.734	2.0084	ImageMagick	35.0
textures	haberdoedas-5BsnVq1qTis-unsplash.jpg	turbo	420	35	model_proj	31.688	34.737	2.0084	ImageMagick	35.0
textures	haberdoedas-5BsnVq1qTis-unsplash.jpg	turbo	420	55	identity_off	32.287	49.994	1.7765	ImageMagick	55.0
textures	haberdoedas-5BsnVq1qTis-unsplash.jpg	turbo	420	55	model_policy	32.364	50.176	1.7688	ImageMagick	55.0
textures	haberdoedas-5BsnVq1qTis-unsplash.jpg	turbo	420	55	model_proj	32.364	50.169	1.7688	ImageMagick	55.0
textures	haberdoedas-5BsnVq1qTis-unsplash.jpg	turbo	420	75	identity_off	33.210	60.481	1.5183	ImageMagick	75.0
textures	haberdoedas-5BsnVq1qTis-unsplash.jpg	turbo	420	75	model_policy	33.235	60.378	1.5174	ImageMagick	75.0
textures	haberdoedas-5BsnVq1qTis-unsplash.jpg	turbo	420	75	model_proj	33.235	60.398	1.5173	ImageMagick	75.0
textures	haberdoedas-5BsnVq1qTis-unsplash.jpg	turbo	420	90	identity_off	47.826	91.512	0.2228	ImageMagick	90.0
textures	haberdoedas-5BsnVq1qTis-unsplash.jpg	turbo	420	90	model_policy	47.667	91.330	0.2266	ImageMagick	90.0
textures	haberdoedas-5BsnVq1qTis-unsplash.jpg	turbo	420	90	model_proj	47.509	91.034	0.2377	ImageMagick	90.0
textures	haberdoedas-5BsnVq1qTis-unsplash.jpg	turbo	444	15	identity_off	30.063	-14.355	2.8963	Unknown	15.0
textures	haberdoedas-5BsnVq1qTis-unsplash.jpg	turbo	444	15	model_policy	30.212	-7.318	2.8483	Unknown	15.0
textures	haberdoedas-5BsnVq1qTis-unsplash.jpg	turbo	444	15	model_proj	30.212	-7.317	2.8483	Unknown	15.0
textures	haberdoedas-5BsnVq1qTis-unsplash.jpg	turbo	444	35	identity_off	31.648	35.161	2.0200	ImageMagick	35.0
textures	haberdoedas-5BsnVq1qTis-unsplash.jpg	turbo	444	35	model_policy	31.776	36.163	1.9993	ImageMagick	35.0
textures	haberdoedas-5BsnVq1qTis-unsplash.jpg	turbo	444	35	model_proj	31.776	36.154	1.9993	ImageMagick	35.0
textures	haberdoedas-5BsnVq1qTis-unsplash.jpg	turbo	444	55	identity_off	32.350	51.075	1.7735	ImageMagick	55.0
textures	haberdoedas-5BsnVq1qTis-unsplash.jpg	turbo	444	55	model_policy	32.429	51.328	1.7657	ImageMagick	55.0
textures	haberdoedas-5BsnVq1qTis-unsplash.jpg	turbo	444	55	model_proj	32.429	51.328	1.7657	ImageMagick	55.0
textures	haberdoedas-5BsnVq1qTis-unsplash.jpg	turbo	444	75	identity_off	33.273	61.313	1.5176	ImageMagick	75.0
textures	haberdoedas-5BsnVq1qTis-unsplash.jpg	turbo	444	75	model_policy	33.298	61.257	1.5166	ImageMagick	75.0
textures	haberdoedas-5BsnVq1qTis-unsplash.jpg	turbo	444	75	model_proj	33.298	61.285	1.5164	ImageMagick	75.0
textures	haberdoedas-5BsnVq1qTis-unsplash.jpg	turbo	444	90	identity_off	47.034	91.939	0.2209	ImageMagick	90.0
textures	haberdoedas-5BsnVq1qTis-unsplash.jpg	turbo	444	90	model_policy	46.905	91.741	0.2257	ImageMagick	90.0
textures	haberdoedas-5BsnVq1qTis-unsplash.jpg	turbo	444	90	model_proj	46.785	91.465	0.2315	ImageMagick	90.0
textures	haberdoedas-5BsnVq1qTis-unsplash.jpg	mozjpeg	420	15	identity_off	30.073	-20.709	3.0320	Mozjpeg	15.0
textures	haberdoedas-5BsnVq1qTis-unsplash.jpg	mozjpeg	420	15	model_policy	30.177	-13.718	2.9908	Mozjpeg	15.0
textures	haberdoedas-5BsnVq1qTis-unsplash.jpg	mozjpeg	420	15	model_proj	30.177	-13.719	2.9908	Mozjpeg	15.0
textures	haberdoedas-5BsnVq1qTis-unsplash.jpg	mozjpeg	420	35	identity_off	31.093	21.572	2.3227	Mozjpeg	35.0
textures	haberdoedas-5BsnVq1qTis-unsplash.jpg	mozjpeg	420	35	model_policy	31.150	22.322	2.3337	Mozjpeg	35.0
textures	haberdoedas-5BsnVq1qTis-unsplash.jpg	mozjpeg	420	35	model_proj	31.150	22.322	2.3337	Mozjpeg	35.0
textures	haberdoedas-5BsnVq1qTis-unsplash.jpg	mozjpeg	420	55	identity_off	31.814	42.200	1.9593	Mozjpeg	55.0
textures	haberdoedas-5BsnVq1qTis-unsplash.jpg	mozjpeg	420	55	model_policy	31.876	41.613	1.9625	Mozjpeg	55.0
textures	haberdoedas-5BsnVq1qTis-unsplash.jpg	mozjpeg	420	55	model_proj	31.876	41.613	1.9625	Mozjpeg	55.0
textures	haberdoedas-5BsnVq1qTis-unsplash.jpg	mozjpeg	420	75	identity_off	32.961	58.250	1.5957	Mozjpeg	75.0
textures	haberdoedas-5BsnVq1qTis-unsplash.jpg	mozjpeg	420	75	model_policy	33.001	58.107	1.5931	Mozjpeg	75.0
textures	haberdoedas-5BsnVq1qTis-unsplash.jpg	mozjpeg	420	75	model_proj	33.001	58.107	1.5931	Mozjpeg	75.0
textures	haberdoedas-5BsnVq1qTis-unsplash.jpg	mozjpeg	420	90	identity_off	41.403	84.970	0.6298	Mozjpeg	90.0
textures	haberdoedas-5BsnVq1qTis-unsplash.jpg	mozjpeg	420	90	model_policy	41.422	84.963	0.6288	Mozjpeg	90.0
textures	haberdoedas-5BsnVq1qTis-unsplash.jpg	mozjpeg	420	90	model_proj	41.420	84.901	0.6293	Mozjpeg	90.0
textures	haberdoedas-5BsnVq1qTis-unsplash.jpg	mozjpeg	444	15	identity_off	30.129	-20.113	3.0141	Mozjpeg	15.0
textures	haberdoedas-5BsnVq1qTis-unsplash.jpg	mozjpeg	444	15	model_policy	30.235	-13.243	2.9690	Mozjpeg	15.0
textures	haberdoedas-5BsnVq1qTis-unsplash.jpg	mozjpeg	444	15	model_proj	30.235	-13.243	2.9690	Mozjpeg	15.0
textures	haberdoedas-5BsnVq1qTis-unsplash.jpg	mozjpeg	444	35	identity_off	31.156	22.609	2.3159	Mozjpeg	35.0
textures	haberdoedas-5BsnVq1qTis-unsplash.jpg	mozjpeg	444	35	model_policy	31.214	23.387	2.3255	Mozjpeg	35.0
textures	haberdoedas-5BsnVq1qTis-unsplash.jpg	mozjpeg	444	35	model_proj	31.214	23.388	2.3255	Mozjpeg	35.0
textures	haberdoedas-5BsnVq1qTis-unsplash.jpg	mozjpeg	444	55	identity_off	31.871	43.145	1.9572	Mozjpeg	55.0
textures	haberdoedas-5BsnVq1qTis-unsplash.jpg	mozjpeg	444	55	model_policy	31.933	42.685	1.9596	Mozjpeg	55.0
textures	haberdoedas-5BsnVq1qTis-unsplash.jpg	mozjpeg	444	55	model_proj	31.933	42.686	1.9596	Mozjpeg	55.0
textures	haberdoedas-5BsnVq1qTis-unsplash.jpg	mozjpeg	444	75	identity_off	33.019	59.150	1.5939	Mozjpeg	75.0
textures	haberdoedas-5BsnVq1qTis-unsplash.jpg	mozjpeg	444	75	model_policy	33.059	59.037	1.5911	Mozjpeg	75.0
textures	haberdoedas-5BsnVq1qTis-unsplash.jpg	mozjpeg	444	75	model_proj	33.059	59.035	1.5911	Mozjpeg	75.0
textures	haberdoedas-5BsnVq1qTis-unsplash.jpg	mozjpeg	444	90	identity_off	41.320	85.591	0.6274	Mozjpeg	90.0
textures	haberdoedas-5BsnVq1qTis-unsplash.jpg	mozjpeg	444	90	model_policy	41.342	85.582	0.6264	Mozjpeg	90.0
textures	haberdoedas-5BsnVq1qTis-unsplash.jpg	mozjpeg	444	90	model_proj	41.339	85.556	0.6265	Mozjpeg	90.0
textures	haberdoedas-5BsnVq1qTis-unsplash.jpg	jpegli	420	15	identity_off	30.730	11.389	2.5947	CjpegliYcbcr	14.2
textures	haberdoedas-5BsnVq1qTis-unsplash.jpg	jpegli	420	15	model_policy	30.764	13.077	2.6229	CjpegliYcbcr	14.2
textures	haberdoedas-5BsnVq1qTis-unsplash.jpg	jpegli	420	15	model_proj	30.764	13.075	2.6229	CjpegliYcbcr	14.2
textures	haberdoedas-5BsnVq1qTis-unsplash.jpg	jpegli	420	35	identity_off	31.213	33.873	2.2790	CjpegliYcbcr	7.2
textures	haberdoedas-5BsnVq1qTis-unsplash.jpg	jpegli	420	35	model_policy	31.213	31.426	2.3178	CjpegliYcbcr	7.2
textures	haberdoedas-5BsnVq1qTis-unsplash.jpg	jpegli	420	35	model_proj	31.213	31.431	2.3177	CjpegliYcbcr	7.2
textures	haberdoedas-5BsnVq1qTis-unsplash.jpg	jpegli	420	55	identity_off	31.513	42.147	2.1027	CjpegliYcbcr	5.2
textures	haberdoedas-5BsnVq1qTis-unsplash.jpg	jpegli	420	55	model_policy	31.512	39.854	2.1345	CjpegliYcbcr	5.2
textures	haberdoedas-5BsnVq1qTis-unsplash.jpg	jpegli	420	55	model_proj	31.512	39.853	2.1344	CjpegliYcbcr	5.2
textures	haberdoedas-5BsnVq1qTis-unsplash.jpg	jpegli	420	75	identity_off	33.134	57.788	1.6127	CjpegliYcbcr	3.0
textures	haberdoedas-5BsnVq1qTis-unsplash.jpg	jpegli	420	75	model_policy	33.144	57.627	1.6126	CjpegliYcbcr	3.0
textures	haberdoedas-5BsnVq1qTis-unsplash.jpg	jpegli	420	75	model_proj	33.145	57.656	1.6124	CjpegliYcbcr	3.0
textures	haberdoedas-5BsnVq1qTis-unsplash.jpg	jpegli	420	90	identity_off	41.528	83.643	0.5968	CjpegliYcbcr	1.3
textures	haberdoedas-5BsnVq1qTis-unsplash.jpg	jpegli	420	90	model_policy	41.516	83.576	0.5968	CjpegliYcbcr	1.3
textures	haberdoedas-5BsnVq1qTis-unsplash.jpg	jpegli	420	90	model_proj	41.508	83.590	0.5961	CjpegliYcbcr	1.3
textures	haberdoedas-5BsnVq1qTis-unsplash.jpg	jpegli	444	15	identity_off	30.433	15.161	2.5683	CjpegliYcbcr	11.8
textures	haberdoedas-5BsnVq1qTis-unsplash.jpg	jpegli	444	15	model_policy	30.464	14.219	2.5942	CjpegliYcbcr	11.8
textures	haberdoedas-5BsnVq1qTis-unsplash.jpg	jpegli	444	15	model_proj	30.464	14.219	2.5942	CjpegliYcbcr	11.8
textures	haberdoedas-5BsnVq1qTis-unsplash.jpg	jpegli	444	35	identity_off	31.306	38.284	2.1995	CjpegliYcbcr	6.0
textures	haberdoedas-5BsnVq1qTis-unsplash.jpg	jpegli	444	35	model_policy	31.305	35.795	2.2360	CjpegliYcbcr	6.0
textures	haberdoedas-5BsnVq1qTis-unsplash.jpg	jpegli	444	35	model_proj	31.305	35.801	2.2360	CjpegliYcbcr	6.0
textures	haberdoedas-5BsnVq1qTis-unsplash.jpg	jpegli	444	55	identity_off	31.805	46.703	1.9664	CjpegliYcbcr	4.1
textures	haberdoedas-5BsnVq1qTis-unsplash.jpg	jpegli	444	55	model_policy	31.815	45.123	1.9834	CjpegliYcbcr	4.1
textures	haberdoedas-5BsnVq1qTis-unsplash.jpg	jpegli	444	55	model_proj	31.815	45.133	1.9834	CjpegliYcbcr	4.1
textures	haberdoedas-5BsnVq1qTis-unsplash.jpg	jpegli	444	75	identity_off	34.746	65.159	1.3384	CjpegliYcbcr	2.3
textures	haberdoedas-5BsnVq1qTis-unsplash.jpg	jpegli	444	75	model_policy	34.747	65.117	1.3384	CjpegliYcbcr	2.3
textures	haberdoedas-5BsnVq1qTis-unsplash.jpg	jpegli	444	75	model_proj	34.747	65.117	1.3384	CjpegliYcbcr	2.3
textures	haberdoedas-5BsnVq1qTis-unsplash.jpg	jpegli	444	90	identity_off	42.314	84.508	0.5284	CjpegliYcbcr	1.1
textures	haberdoedas-5BsnVq1qTis-unsplash.jpg	jpegli	444	90	model_policy	42.318	84.484	0.5277	CjpegliYcbcr	1.1
textures	haberdoedas-5BsnVq1qTis-unsplash.jpg	jpegli	444	90	model_proj	42.338	84.623	0.5262	CjpegliYcbcr	1.1
textures	haberdoedas-5BsnVq1qTis-unsplash.jpg	zenjpeg	420	15	identity_off	30.729	11.218	2.5924	CjpegliYcbcr	14.2
textures	haberdoedas-5BsnVq1qTis-unsplash.jpg	zenjpeg	420	15	model_policy	30.763	12.991	2.6202	CjpegliYcbcr	14.2
textures	haberdoedas-5BsnVq1qTis-unsplash.jpg	zenjpeg	420	15	model_proj	30.763	12.992	2.6202	CjpegliYcbcr	14.2
textures	haberdoedas-5BsnVq1qTis-unsplash.jpg	zenjpeg	420	35	identity_off	31.213	33.813	2.2731	CjpegliYcbcr	7.2
textures	haberdoedas-5BsnVq1qTis-unsplash.jpg	zenjpeg	420	35	model_policy	31.214	31.345	2.3110	CjpegliYcbcr	7.2
textures	haberdoedas-5BsnVq1qTis-unsplash.jpg	zenjpeg	420	35	model_proj	31.214	31.357	2.3110	CjpegliYcbcr	7.2
textures	haberdoedas-5BsnVq1qTis-unsplash.jpg	zenjpeg	420	55	identity_off	31.508	42.098	2.1017	CjpegliYcbcr	5.2
textures	haberdoedas-5BsnVq1qTis-unsplash.jpg	zenjpeg	420	55	model_policy	31.508	39.820	2.1326	CjpegliYcbcr	5.2
textures	haberdoedas-5BsnVq1qTis-unsplash.jpg	zenjpeg	420	55	model_proj	31.508	39.820	2.1326	CjpegliYcbcr	5.2
textures	haberdoedas-5BsnVq1qTis-unsplash.jpg	zenjpeg	420	75	identity_off	33.130	57.655	1.6119	CjpegliYcbcr	3.0
textures	haberdoedas-5BsnVq1qTis-unsplash.jpg	zenjpeg	420	75	model_policy	33.140	57.501	1.6118	CjpegliYcbcr	3.0
textures	haberdoedas-5BsnVq1qTis-unsplash.jpg	zenjpeg	420	75	model_proj	33.141	57.504	1.6115	CjpegliYcbcr	3.0
textures	haberdoedas-5BsnVq1qTis-unsplash.jpg	zenjpeg	420	90	identity_off	41.530	83.492	0.5978	CjpegliYcbcr	1.3
textures	haberdoedas-5BsnVq1qTis-unsplash.jpg	zenjpeg	420	90	model_policy	41.519	83.436	0.5978	CjpegliYcbcr	1.3
textures	haberdoedas-5BsnVq1qTis-unsplash.jpg	zenjpeg	420	90	model_proj	41.503	83.273	0.5992	CjpegliYcbcr	1.3
textures	haberdoedas-5BsnVq1qTis-unsplash.jpg	zenjpeg	444	15	identity_off	30.441	15.178	2.5682	CjpegliYcbcr	11.8
textures	haberdoedas-5BsnVq1qTis-unsplash.jpg	zenjpeg	444	15	model_policy	30.470	14.238	2.5928	CjpegliYcbcr	11.8
textures	haberdoedas-5BsnVq1qTis-unsplash.jpg	zenjpeg	444	15	model_proj	30.470	14.238	2.5928	CjpegliYcbcr	11.8
textures	haberdoedas-5BsnVq1qTis-unsplash.jpg	zenjpeg	444	35	identity_off	31.301	38.217	2.1991	CjpegliYcbcr	6.0
textures	haberdoedas-5BsnVq1qTis-unsplash.jpg	zenjpeg	444	35	model_policy	31.302	35.768	2.2350	CjpegliYcbcr	6.0
textures	haberdoedas-5BsnVq1qTis-unsplash.jpg	zenjpeg	444	35	model_proj	31.302	35.774	2.2349	CjpegliYcbcr	6.0
textures	haberdoedas-5BsnVq1qTis-unsplash.jpg	zenjpeg	444	55	identity_off	31.804	46.422	1.9642	CjpegliYcbcr	4.1
textures	haberdoedas-5BsnVq1qTis-unsplash.jpg	zenjpeg	444	55	model_policy	31.815	44.911	1.9808	CjpegliYcbcr	4.1
textures	haberdoedas-5BsnVq1qTis-unsplash.jpg	zenjpeg	444	55	model_proj	31.815	44.914	1.9808	CjpegliYcbcr	4.1
textures	haberdoedas-5BsnVq1qTis-unsplash.jpg	zenjpeg	444	75	identity_off	34.726	64.809	1.3472	CjpegliYcbcr	2.3
textures	haberdoedas-5BsnVq1qTis-unsplash.jpg	zenjpeg	444	75	model_policy	34.727	64.750	1.3470	CjpegliYcbcr	2.3
textures	haberdoedas-5BsnVq1qTis-unsplash.jpg	zenjpeg	444	75	model_proj	34.727	64.750	1.3470	CjpegliYcbcr	2.3
textures	haberdoedas-5BsnVq1qTis-unsplash.jpg	zenjpeg	444	90	identity_off	42.284	84.491	0.5312	CjpegliYcbcr	1.1
textures	haberdoedas-5BsnVq1qTis-unsplash.jpg	zenjpeg	444	90	model_policy	42.289	84.442	0.5305	CjpegliYcbcr	1.1
textures	haberdoedas-5BsnVq1qTis-unsplash.jpg	zenjpeg	444	90	model_proj	42.303	84.518	0.5301	CjpegliYcbcr	1.1
