sub	file	encoder	ss	q	arm	psnr	ssim2	butter_n3	probe_family	probe_q
photos	20231206_150232.png	turbo	420	15	identity_off	23.240	25.578	3.6607	Unknown	15.0
photos	20231206_150232.png	turbo	420	15	model_policy	23.266	24.153	3.6872	Unknown	15.0
photos	20231206_150232.png	turbo	420	15	model_proj	23.938	28.157	3.5252	Unknown	15.0
photos	20231206_150232.png	turbo	420	35	identity_off	26.721	55.615	2.3028	ImageMagick	35.0
photos	20231206_150232.png	turbo	420	35	model_policy	26.696	50.989	2.4353	ImageMagick	35.0
photos	20231206_150232.png	turbo	420	35	model_proj	27.535	58.332	2.1078	ImageMagick	35.0
photos	20231206_150232.png	turbo	420	55	identity_off	28.774	65.380	1.8169	ImageMagick	55.0
photos	20231206_150232.png	turbo	420	55	model_policy	28.692	60.014	1.9887	ImageMagick	55.0
photos	20231206_150232.png	turbo	420	55	model_proj	29.585	67.872	1.6424	ImageMagick	55.0
photos	20231206_150232.png	turbo	420	75	identity_off	31.705	73.873	1.3164	ImageMagick	75.0
photos	20231206_150232.png	turbo	420	75	model_policy	31.451	67.376	1.7308	ImageMagick	75.0
photos	20231206_150232.png	turbo	420	75	model_proj	32.444	76.160	1.1724	ImageMagick	75.0
photos	20231206_150232.png	turbo	420	90	identity_off	36.800	84.133	0.7389	ImageMagick	90.0
photos	20231206_150232.png	turbo	420	90	model_policy	35.708	73.714	1.6759	ImageMagick	90.0
photos	20231206_150232.png	turbo	420	90	model_proj	36.999	85.552	0.6567	ImageMagick	90.0
photos	20231206_150232.png	turbo	444	15	identity_off	23.434	28.787	3.6157	Unknown	15.0
photos	20231206_150232.png	turbo	444	15	model_policy	23.455	27.518	3.6424	Unknown	15.0
photos	20231206_150232.png	turbo	444	15	model_proj	24.136	31.487	3.4769	Unknown	15.0
photos	20231206_150232.png	turbo	444	35	identity_off	26.985	58.411	2.2791	ImageMagick	35.0
photos	20231206_150232.png	turbo	444	35	model_policy	26.951	53.642	2.4080	ImageMagick	35.0
photos	20231206_150232.png	turbo	444	35	model_proj	27.782	61.092	2.0810	ImageMagick	35.0
photos	20231206_150232.png	turbo	444	55	identity_off	29.124	67.787	1.7927	ImageMagick	55.0
photos	20231206_150232.png	turbo	444	55	model_policy	29.025	62.005	1.9676	ImageMagick	55.0
photos	20231206_150232.png	turbo	444	55	model_proj	29.906	70.170	1.6144	ImageMagick	55.0
photos	20231206_150232.png	turbo	444	75	identity_off	32.221	76.069	1.2878	ImageMagick	75.0
photos	20231206_150232.png	turbo	444	75	model_policy	31.928	69.001	1.6884	ImageMagick	75.0
photos	20231206_150232.png	turbo	444	75	model_proj	32.903	78.083	1.1505	ImageMagick	75.0
photos	20231206_150232.png	turbo	444	90	identity_off	37.804	86.947	0.6993	ImageMagick	90.0
photos	20231206_150232.png	turbo	444	90	model_policy	36.474	74.761	1.6769	ImageMagick	90.0
photos	20231206_150232.png	turbo	444	90	model_proj	37.811	87.152	0.6403	ImageMagick	90.0
photos	20231206_150232.png	mozjpeg	420	15	identity_off	20.548	10.031	5.3106	Mozjpeg	15.0
photos	20231206_150232.png	mozjpeg	420	15	model_policy	20.540	8.108	5.3319	Mozjpeg	15.0
photos	20231206_150232.png	mozjpeg	420	15	model_proj	21.128	12.382	5.1845	Mozjpeg	15.0
photos	20231206_150232.png	mozjpeg	420	35	identity_off	23.884	44.758	3.4504	Mozjpeg	35.0
photos	20231206_150232.png	mozjpeg	420	35	model_policy	23.838	39.429	3.5663	Mozjpeg	35.0
photos	20231206_150232.png	mozjpeg	420	35	model_proj	24.819	48.006	3.2304	Mozjpeg	35.0
photos	20231206_150232.png	mozjpeg	420	55	identity_off	25.786	57.234	2.7281	Mozjpeg	55.0
photos	20231206_150232.png	mozjpeg	420	55	model_policy	25.702	51.157	2.8997	Mozjpeg	55.0
photos	20231206_150232.png	mozjpeg	420	55	model_proj	26.780	60.419	2.4840	Mozjpeg	55.0
photos	20231206_150232.png	mozjpeg	420	75	identity_off	28.422	68.269	1.9239	Mozjpeg	75.0
photos	20231206_150232.png	mozjpeg	420	75	model_policy	28.244	60.689	2.2113	Mozjpeg	75.0
photos	20231206_150232.png	mozjpeg	420	75	model_proj	29.348	71.270	1.7040	Mozjpeg	75.0
photos	20231206_150232.png	mozjpeg	420	90	identity_off	32.795	79.138	1.0617	Mozjpeg	90.0
photos	20231206_150232.png	mozjpeg	420	90	model_policy	32.277	69.383	1.7743	Mozjpeg	90.0
photos	20231206_150232.png	mozjpeg	420	90	model_proj	33.427	81.542	0.9448	Mozjpeg	90.0
photos	20231206_150232.png	mozjpeg	444	15	identity_off	20.641	12.392	5.2874	Mozjpeg	15.0
photos	20231206_150232.png	mozjpeg	444	15	model_policy	20.631	10.499	5.3079	Mozjpeg	15.0
photos	20231206_150232.png	mozjpeg	444	15	model_proj	21.212	14.838	5.1556	Mozjpeg	15.0
photos	20231206_150232.png	mozjpeg	444	35	identity_off	23.991	46.734	3.4205	Mozjpeg	35.0
photos	20231206_150232.png	mozjpeg	444	35	model_policy	23.939	41.246	3.5412	Mozjpeg	35.0
photos	20231206_150232.png	mozjpeg	444	35	model_proj	24.899	49.913	3.1932	Mozjpeg	35.0
photos	20231206_150232.png	mozjpeg	444	55	identity_off	25.909	58.928	2.7171	Mozjpeg	55.0
photos	20231206_150232.png	mozjpeg	444	55	model_policy	25.819	52.487	2.8920	Mozjpeg	55.0
photos	20231206_150232.png	mozjpeg	444	55	model_proj	26.872	62.048	2.4647	Mozjpeg	55.0
photos	20231206_150232.png	mozjpeg	444	75	identity_off	28.576	70.002	1.9092	Mozjpeg	75.0
photos	20231206_150232.png	mozjpeg	444	75	model_policy	28.389	61.737	2.1981	Mozjpeg	75.0
photos	20231206_150232.png	mozjpeg	444	75	model_proj	29.469	72.649	1.6887	Mozjpeg	75.0
photos	20231206_150232.png	mozjpeg	444	90	identity_off	33.077	81.071	1.0393	Mozjpeg	90.0
photos	20231206_150232.png	mozjpeg	444	90	model_policy	32.527	70.086	1.7673	Mozjpeg	90.0
photos	20231206_150232.png	mozjpeg	444	90	model_proj	33.698	82.675	0.9340	Mozjpeg	90.0
photos	20231206_150232.png	jpegli	420	15	identity_off	22.810	35.567	3.7596	CjpegliYcbcr	14.2
photos	20231206_150232.png	jpegli	420	15	model_policy	22.785	31.153	3.8444	CjpegliYcbcr	14.2
photos	20231206_150232.png	jpegli	420	15	model_proj	23.436	37.779	3.6380	CjpegliYcbcr	14.2
photos	20231206_150232.png	jpegli	420	35	identity_off	26.074	55.756	2.4020	CjpegliYcbcr	7.2
photos	20231206_150232.png	jpegli	420	35	model_policy	26.000	50.345	2.5678	CjpegliYcbcr	7.2
photos	20231206_150232.png	jpegli	420	35	model_proj	26.738	57.776	2.2550	CjpegliYcbcr	7.2
photos	20231206_150232.png	jpegli	420	55	identity_off	28.074	64.193	1.8500	CjpegliYcbcr	5.2
photos	20231206_150232.png	jpegli	420	55	model_policy	27.933	57.579	2.1821	CjpegliYcbcr	5.2
photos	20231206_150232.png	jpegli	420	55	model_proj	28.705	66.201	1.7245	CjpegliYcbcr	5.2
photos	20231206_150232.png	jpegli	420	75	identity_off	31.470	73.944	1.2474	CjpegliYcbcr	3.0
photos	20231206_150232.png	jpegli	420	75	model_policy	31.134	66.224	1.8600	CjpegliYcbcr	3.0
photos	20231206_150232.png	jpegli	420	75	model_proj	31.942	75.581	1.1539	CjpegliYcbcr	3.0
photos	20231206_150232.png	jpegli	420	90	identity_off	36.295	83.441	0.7390	CjpegliYcbcr	1.3
photos	20231206_150232.png	jpegli	420	90	model_policy	35.245	72.707	1.7222	CjpegliYcbcr	1.3
photos	20231206_150232.png	jpegli	420	90	model_proj	36.307	84.722	0.6794	CjpegliYcbcr	1.3
photos	20231206_150232.png	jpegli	444	15	identity_off	23.554	39.030	3.3380	CjpegliYcbcr	11.8
photos	20231206_150232.png	jpegli	444	15	model_policy	23.533	36.088	3.4203	CjpegliYcbcr	11.8
photos	20231206_150232.png	jpegli	444	15	model_proj	24.162	41.096	3.2000	CjpegliYcbcr	11.8
photos	20231206_150232.png	jpegli	444	35	identity_off	27.015	60.207	2.0859	CjpegliYcbcr	6.0
photos	20231206_150232.png	jpegli	444	35	model_policy	26.920	54.063	2.3090	CjpegliYcbcr	6.0
photos	20231206_150232.png	jpegli	444	35	model_proj	27.636	61.989	1.9598	CjpegliYcbcr	6.0
photos	20231206_150232.png	jpegli	444	55	identity_off	29.036	67.251	1.6118	CjpegliYcbcr	4.1
photos	20231206_150232.png	jpegli	444	55	model_policy	28.864	60.755	1.9445	CjpegliYcbcr	4.1
photos	20231206_150232.png	jpegli	444	55	model_proj	29.598	68.908	1.5070	CjpegliYcbcr	4.1
photos	20231206_150232.png	jpegli	444	75	identity_off	32.208	75.937	1.1078	CjpegliYcbcr	2.3
photos	20231206_150232.png	jpegli	444	75	model_policy	31.821	68.130	1.7115	CjpegliYcbcr	2.3
photos	20231206_150232.png	jpegli	444	75	model_proj	32.570	77.032	1.0356	CjpegliYcbcr	2.3
photos	20231206_150232.png	jpegli	444	90	identity_off	37.101	85.102	0.6215	CjpegliYcbcr	1.1
photos	20231206_150232.png	jpegli	444	90	model_policy	35.845	73.248	1.7081	CjpegliYcbcr	1.1
photos	20231206_150232.png	jpegli	444	90	model_proj	36.878	85.738	0.5922	CjpegliYcbcr	1.1
photos	20231206_150232.png	zenjpeg	420	15	identity_off	22.784	35.359	3.7686	CjpegliYcbcr	14.2
photos	20231206_150232.png	zenjpeg	420	15	model_policy	22.759	30.915	3.8532	CjpegliYcbcr	14.2
photos	20231206_150232.png	zenjpeg	420	15	model_proj	23.410	37.514	3.6492	CjpegliYcbcr	14.2
photos	20231206_150232.png	zenjpeg	420	35	identity_off	26.036	55.707	2.4226	CjpegliYcbcr	7.2
photos	20231206_150232.png	zenjpeg	420	35	model_policy	25.963	50.222	2.5812	CjpegliYcbcr	7.2
photos	20231206_150232.png	zenjpeg	420	35	model_proj	26.697	57.748	2.2869	CjpegliYcbcr	7.2
photos	20231206_150232.png	zenjpeg	420	55	identity_off	28.030	64.177	1.8589	CjpegliYcbcr	5.2
photos	20231206_150232.png	zenjpeg	420	55	model_policy	27.891	57.511	2.1880	CjpegliYcbcr	5.2
photos	20231206_150232.png	zenjpeg	420	55	model_proj	28.660	66.195	1.7348	CjpegliYcbcr	5.2
photos	20231206_150232.png	zenjpeg	420	75	identity_off	31.422	73.903	1.2521	CjpegliYcbcr	3.0
photos	20231206_150232.png	zenjpeg	420	75	model_policy	31.091	66.195	1.8576	CjpegliYcbcr	3.0
photos	20231206_150232.png	zenjpeg	420	75	model_proj	31.895	75.552	1.1590	CjpegliYcbcr	3.0
photos	20231206_150232.png	zenjpeg	420	90	identity_off	36.229	83.455	0.7377	CjpegliYcbcr	1.3
photos	20231206_150232.png	zenjpeg	420	90	model_policy	35.198	72.652	1.7199	CjpegliYcbcr	1.3
photos	20231206_150232.png	zenjpeg	420	90	model_proj	36.257	84.611	0.6815	CjpegliYcbcr	1.3
photos	20231206_150232.png	zenjpeg	444	15	identity_off	23.522	38.945	3.3420	CjpegliYcbcr	11.8
photos	20231206_150232.png	zenjpeg	444	15	model_policy	23.501	36.080	3.4232	CjpegliYcbcr	11.8
photos	20231206_150232.png	zenjpeg	444	15	model_proj	24.128	40.952	3.2062	CjpegliYcbcr	11.8
photos	20231206_150232.png	zenjpeg	444	35	identity_off	26.965	59.879	2.0983	CjpegliYcbcr	6.0
photos	20231206_150232.png	zenjpeg	444	35	model_policy	26.873	53.825	2.3157	CjpegliYcbcr	6.0
photos	20231206_150232.png	zenjpeg	444	35	model_proj	27.586	61.683	1.9729	CjpegliYcbcr	6.0
photos	20231206_150232.png	zenjpeg	444	55	identity_off	28.995	67.139	1.6196	CjpegliYcbcr	4.1
photos	20231206_150232.png	zenjpeg	444	55	model_policy	28.823	60.649	1.9737	CjpegliYcbcr	4.1
photos	20231206_150232.png	zenjpeg	444	55	model_proj	29.559	68.790	1.5103	CjpegliYcbcr	4.1
photos	20231206_150232.png	zenjpeg	444	75	identity_off	32.152	75.759	1.1178	CjpegliYcbcr	2.3
photos	20231206_150232.png	zenjpeg	444	75	model_policy	31.773	68.151	1.7169	CjpegliYcbcr	2.3
photos	20231206_150232.png	zenjpeg	444	75	model_proj	32.522	76.878	1.0418	CjpegliYcbcr	2.3
photos	20231206_150232.png	zenjpeg	444	90	identity_off	37.020	84.954	0.6279	CjpegliYcbcr	1.1
photos	20231206_150232.png	zenjpeg	444	90	model_policy	35.796	73.314	1.6945	CjpegliYcbcr	1.1
photos	20231206_150232.png	zenjpeg	444	90	model_proj	36.819	85.695	0.5974	CjpegliYcbcr	1.1
photos	20240528_210945.jpg	turbo	420	15	identity_off	25.056	33.305	3.0873	Unknown	15.0
photos	20240528_210945.jpg	turbo	420	15	model_policy	25.070	33.139	3.0330	Unknown	15.0
photos	20240528_210945.jpg	turbo	420	15	model_proj	25.227	34.152	3.0579	Unknown	15.0
photos	20240528_210945.jpg	turbo	420	35	identity_off	28.003	61.091	2.0728	ImageMagick	35.0
photos	20240528_210945.jpg	turbo	420	35	model_policy	28.000	60.561	2.0183	ImageMagick	35.0
photos	20240528_210945.jpg	turbo	420	35	model_proj	28.208	61.737	1.9777	ImageMagick	35.0
photos	20240528_210945.jpg	turbo	420	55	identity_off	29.589	68.953	1.7344	ImageMagick	55.0
photos	20240528_210945.jpg	turbo	420	55	model_policy	29.576	68.212	1.6806	ImageMagick	55.0
photos	20240528_210945.jpg	turbo	420	55	model_proj	29.816	69.670	1.5927	ImageMagick	55.0
photos	20240528_210945.jpg	turbo	420	75	identity_off	31.613	76.415	1.4092	ImageMagick	75.0
photos	20240528_210945.jpg	turbo	420	75	model_policy	31.572	75.474	1.3564	ImageMagick	75.0
photos	20240528_210945.jpg	turbo	420	75	model_proj	31.780	76.893	1.2533	ImageMagick	75.0
photos	20240528_210945.jpg	turbo	420	90	identity_off	35.229	83.824	0.9714	ImageMagick	90.0
photos	20240528_210945.jpg	turbo	420	90	model_policy	35.101	82.657	0.9168	ImageMagick	90.0
photos	20240528_210945.jpg	turbo	420	90	model_proj	35.000	83.594	0.8205	ImageMagick	90.0
photos	20240528_210945.jpg	turbo	444	15	identity_off	25.404	39.329	2.8322	Unknown	15.0
photos	20240528_210945.jpg	turbo	444	15	model_policy	25.432	39.374	2.7749	Unknown	15.0
photos	20240528_210945.jpg	turbo	444	15	model_proj	25.572	40.187	2.7976	Unknown	15.0
photos	20240528_210945.jpg	turbo	444	35	identity_off	28.468	65.825	1.7943	ImageMagick	35.0
photos	20240528_210945.jpg	turbo	444	35	model_policy	28.487	65.495	1.7436	ImageMagick	35.0
photos	20240528_210945.jpg	turbo	444	35	model_proj	28.577	66.197	1.7639	ImageMagick	35.0
photos	20240528_210945.jpg	turbo	444	55	identity_off	30.154	73.535	1.4275	ImageMagick	55.0
photos	20240528_210945.jpg	turbo	444	55	model_policy	30.161	73.032	1.3851	ImageMagick	55.0
photos	20240528_210945.jpg	turbo	444	55	model_proj	30.192	73.574	1.4143	ImageMagick	55.0
photos	20240528_210945.jpg	turbo	444	75	identity_off	32.382	80.472	1.0766	ImageMagick	75.0
photos	20240528_210945.jpg	turbo	444	75	model_policy	32.378	79.805	1.0445	ImageMagick	75.0
photos	20240528_210945.jpg	turbo	444	75	model_proj	32.268	80.066	1.1138	ImageMagick	75.0
photos	20240528_210945.jpg	turbo	444	90	identity_off	36.570	87.973	0.6489	ImageMagick	90.0
photos	20240528_210945.jpg	turbo	444	90	model_policy	36.459	86.423	0.6735	ImageMagick	90.0
photos	20240528_210945.jpg	turbo	444	90	model_proj	35.881	86.894	0.7114	ImageMagick	90.0
photos	20240528_210945.jpg	mozjpeg	420	15	identity_off	23.652	22.413	3.6245	Mozjpeg	15.0
photos	20240528_210945.jpg	mozjpeg	420	15	model_policy	23.656	22.127	3.6001	Mozjpeg	15.0
photos	20240528_210945.jpg	mozjpeg	420	15	model_proj	23.765	22.849	3.6085	Mozjpeg	15.0
photos	20240528_210945.jpg	mozjpeg	420	35	identity_off	26.878	56.044	2.2718	Mozjpeg	35.0
photos	20240528_210945.jpg	mozjpeg	420	35	model_policy	26.875	55.598	2.2299	Mozjpeg	35.0
photos	20240528_210945.jpg	mozjpeg	420	35	model_proj	27.034	56.467	2.2462	Mozjpeg	35.0
photos	20240528_210945.jpg	mozjpeg	420	55	identity_off	28.649	66.494	1.8435	Mozjpeg	55.0
photos	20240528_210945.jpg	mozjpeg	420	55	model_policy	28.634	65.745	1.8010	Mozjpeg	55.0
photos	20240528_210945.jpg	mozjpeg	420	55	model_proj	28.773	66.502	1.7931	Mozjpeg	55.0
photos	20240528_210945.jpg	mozjpeg	420	75	identity_off	30.763	74.647	1.4601	Mozjpeg	75.0
photos	20240528_210945.jpg	mozjpeg	420	75	model_policy	30.721	73.779	1.4201	Mozjpeg	75.0
photos	20240528_210945.jpg	mozjpeg	420	75	model_proj	30.762	74.404	1.4247	Mozjpeg	75.0
photos	20240528_210945.jpg	mozjpeg	420	90	identity_off	34.243	82.831	1.0220	Mozjpeg	90.0
photos	20240528_210945.jpg	mozjpeg	420	90	model_policy	34.099	81.716	0.9684	Mozjpeg	90.0
photos	20240528_210945.jpg	mozjpeg	420	90	model_proj	33.818	82.156	0.9451	Mozjpeg	90.0
photos	20240528_210945.jpg	mozjpeg	444	15	identity_off	23.897	27.397	3.4918	Mozjpeg	15.0
photos	20240528_210945.jpg	mozjpeg	444	15	model_policy	23.913	27.284	3.4666	Mozjpeg	15.0
photos	20240528_210945.jpg	mozjpeg	444	15	model_proj	24.010	27.879	3.4736	Mozjpeg	15.0
photos	20240528_210945.jpg	mozjpeg	444	35	identity_off	27.193	59.794	2.1103	Mozjpeg	35.0
photos	20240528_210945.jpg	mozjpeg	444	35	model_policy	27.204	59.567	2.0793	Mozjpeg	35.0
photos	20240528_210945.jpg	mozjpeg	444	35	model_proj	27.293	60.047	2.0955	Mozjpeg	35.0
photos	20240528_210945.jpg	mozjpeg	444	55	identity_off	29.025	70.036	1.6761	Mozjpeg	55.0
photos	20240528_210945.jpg	mozjpeg	444	55	model_policy	29.023	69.610	1.6562	Mozjpeg	55.0
photos	20240528_210945.jpg	mozjpeg	444	55	model_proj	29.037	69.700	1.6650	Mozjpeg	55.0
photos	20240528_210945.jpg	mozjpeg	444	75	identity_off	31.247	77.861	1.2790	Mozjpeg	75.0
photos	20240528_210945.jpg	mozjpeg	444	75	model_policy	31.222	77.077	1.2688	Mozjpeg	75.0
photos	20240528_210945.jpg	mozjpeg	444	75	model_proj	31.102	77.144	1.3265	Mozjpeg	75.0
photos	20240528_210945.jpg	mozjpeg	444	90	identity_off	35.107	85.857	0.7700	Mozjpeg	90.0
photos	20240528_210945.jpg	mozjpeg	444	90	model_policy	34.966	84.425	0.7726	Mozjpeg	90.0
photos	20240528_210945.jpg	mozjpeg	444	90	model_proj	34.551	84.681	0.8563	Mozjpeg	90.0
photos	20240528_210945.jpg	jpegli	420	15	identity_off	24.743	43.667	2.8617	CjpegliYcbcr	14.2
photos	20240528_210945.jpg	jpegli	420	15	model_policy	24.747	43.154	2.8300	CjpegliYcbcr	14.2
photos	20240528_210945.jpg	jpegli	420	15	model_proj	24.876	43.972	2.8444	CjpegliYcbcr	14.2
photos	20240528_210945.jpg	jpegli	420	35	identity_off	27.230	59.842	2.0692	CjpegliYcbcr	7.2
photos	20240528_210945.jpg	jpegli	420	35	model_policy	27.228	59.092	2.0308	CjpegliYcbcr	7.2
photos	20240528_210945.jpg	jpegli	420	35	model_proj	27.380	60.082	2.0311	CjpegliYcbcr	7.2
photos	20240528_210945.jpg	jpegli	420	55	identity_off	28.735	66.065	1.7239	CjpegliYcbcr	5.2
photos	20240528_210945.jpg	jpegli	420	55	model_policy	28.722	65.213	1.6839	CjpegliYcbcr	5.2
photos	20240528_210945.jpg	jpegli	420	55	model_proj	28.852	66.075	1.6746	CjpegliYcbcr	5.2
photos	20240528_210945.jpg	jpegli	420	75	identity_off	31.222	74.155	1.3079	CjpegliYcbcr	3.0
photos	20240528_210945.jpg	jpegli	420	75	model_policy	31.179	73.140	1.2655	CjpegliYcbcr	3.0
photos	20240528_210945.jpg	jpegli	420	75	model_proj	31.187	73.806	1.2551	CjpegliYcbcr	3.0
photos	20240528_210945.jpg	jpegli	420	90	identity_off	34.977	81.831	0.9266	CjpegliYcbcr	1.3
photos	20240528_210945.jpg	jpegli	420	90	model_policy	34.831	80.504	0.8789	CjpegliYcbcr	1.3
photos	20240528_210945.jpg	jpegli	420	90	model_proj	34.535	81.549	0.8214	CjpegliYcbcr	1.3
photos	20240528_210945.jpg	jpegli	444	15	identity_off	25.190	46.238	2.6255	CjpegliYcbcr	11.8
photos	20240528_210945.jpg	jpegli	444	15	model_policy	25.228	46.014	2.5845	CjpegliYcbcr	11.8
photos	20240528_210945.jpg	jpegli	444	15	model_proj	25.345	46.605	2.6110	CjpegliYcbcr	11.8
photos	20240528_210945.jpg	jpegli	444	35	identity_off	27.917	63.745	1.8639	CjpegliYcbcr	6.0
photos	20240528_210945.jpg	jpegli	444	35	model_policy	27.944	63.109	1.8177	CjpegliYcbcr	6.0
photos	20240528_210945.jpg	jpegli	444	35	model_proj	28.056	64.088	1.8451	CjpegliYcbcr	6.0
photos	20240528_210945.jpg	jpegli	444	55	identity_off	29.414	69.371	1.5468	CjpegliYcbcr	4.1
photos	20240528_210945.jpg	jpegli	444	55	model_policy	29.438	68.649	1.5015	CjpegliYcbcr	4.1
photos	20240528_210945.jpg	jpegli	444	55	model_proj	29.469	69.525	1.5317	CjpegliYcbcr	4.1
photos	20240528_210945.jpg	jpegli	444	75	identity_off	31.750	76.746	1.1444	CjpegliYcbcr	2.3
photos	20240528_210945.jpg	jpegli	444	75	model_policy	31.767	75.941	1.1045	CjpegliYcbcr	2.3
photos	20240528_210945.jpg	jpegli	444	75	model_proj	31.651	76.635	1.1428	CjpegliYcbcr	2.3
photos	20240528_210945.jpg	jpegli	444	90	identity_off	35.721	84.298	0.6698	CjpegliYcbcr	1.1
photos	20240528_210945.jpg	jpegli	444	90	model_policy	35.654	83.067	0.6881	CjpegliYcbcr	1.1
photos	20240528_210945.jpg	jpegli	444	90	model_proj	35.068	83.906	0.6770	CjpegliYcbcr	1.1
photos	20240528_210945.jpg	zenjpeg	420	15	identity_off	24.724	43.504	2.8669	CjpegliYcbcr	14.2
photos	20240528_210945.jpg	zenjpeg	420	15	model_policy	24.727	42.987	2.8359	CjpegliYcbcr	14.2
photos	20240528_210945.jpg	zenjpeg	420	15	model_proj	24.856	43.796	2.8499	CjpegliYcbcr	14.2
photos	20240528_210945.jpg	zenjpeg	420	35	identity_off	27.199	59.749	2.0758	CjpegliYcbcr	7.2
photos	20240528_210945.jpg	zenjpeg	420	35	model_policy	27.198	58.986	2.0383	CjpegliYcbcr	7.2
photos	20240528_210945.jpg	zenjpeg	420	35	model_proj	27.349	60.028	2.0362	CjpegliYcbcr	7.2
photos	20240528_210945.jpg	zenjpeg	420	55	identity_off	28.704	65.968	1.7285	CjpegliYcbcr	5.2
photos	20240528_210945.jpg	zenjpeg	420	55	model_policy	28.693	65.087	1.6887	CjpegliYcbcr	5.2
photos	20240528_210945.jpg	zenjpeg	420	55	model_proj	28.823	65.930	1.6780	CjpegliYcbcr	5.2
photos	20240528_210945.jpg	zenjpeg	420	75	identity_off	31.186	74.049	1.3116	CjpegliYcbcr	3.0
photos	20240528_210945.jpg	zenjpeg	420	75	model_policy	31.144	73.021	1.2703	CjpegliYcbcr	3.0
photos	20240528_210945.jpg	zenjpeg	420	75	model_proj	31.155	73.691	1.2508	CjpegliYcbcr	3.0
photos	20240528_210945.jpg	zenjpeg	420	90	identity_off	34.932	81.960	0.9354	CjpegliYcbcr	1.3
photos	20240528_210945.jpg	zenjpeg	420	90	model_policy	34.787	80.683	0.8888	CjpegliYcbcr	1.3
photos	20240528_210945.jpg	zenjpeg	420	90	model_proj	34.501	81.712	0.8250	CjpegliYcbcr	1.3
photos	20240528_210945.jpg	zenjpeg	444	15	identity_off	25.170	46.076	2.6307	CjpegliYcbcr	11.8
photos	20240528_210945.jpg	zenjpeg	444	15	model_policy	25.208	45.848	2.5904	CjpegliYcbcr	11.8
photos	20240528_210945.jpg	zenjpeg	444	15	model_proj	25.325	46.452	2.6155	CjpegliYcbcr	11.8
photos	20240528_210945.jpg	zenjpeg	444	35	identity_off	27.893	63.608	1.8663	CjpegliYcbcr	6.0
photos	20240528_210945.jpg	zenjpeg	444	35	model_policy	27.920	62.994	1.8214	CjpegliYcbcr	6.0
photos	20240528_210945.jpg	zenjpeg	444	35	model_proj	28.034	63.989	1.8471	CjpegliYcbcr	6.0
photos	20240528_210945.jpg	zenjpeg	444	55	identity_off	29.386	69.276	1.5530	CjpegliYcbcr	4.1
photos	20240528_210945.jpg	zenjpeg	444	55	model_policy	29.411	68.525	1.5078	CjpegliYcbcr	4.1
photos	20240528_210945.jpg	zenjpeg	444	55	model_proj	29.443	69.458	1.5343	CjpegliYcbcr	4.1
photos	20240528_210945.jpg	zenjpeg	444	75	identity_off	31.720	76.553	1.1478	CjpegliYcbcr	2.3
photos	20240528_210945.jpg	zenjpeg	444	75	model_policy	31.738	75.700	1.1075	CjpegliYcbcr	2.3
photos	20240528_210945.jpg	zenjpeg	444	75	model_proj	31.624	76.449	1.1421	CjpegliYcbcr	2.3
photos	20240528_210945.jpg	zenjpeg	444	90	identity_off	35.674	84.189	0.6699	CjpegliYcbcr	1.1
photos	20240528_210945.jpg	zenjpeg	444	90	model_policy	35.608	82.983	0.6925	CjpegliYcbcr	1.1
photos	20240528_210945.jpg	zenjpeg	444	90	model_proj	35.034	83.858	0.6792	CjpegliYcbcr	1.1
photos	Screenshot_20260526_074348_Photos.png	turbo	420	15	identity_off	31.986	17.360	2.8959	Unknown	15.0
photos	Screenshot_20260526_074348_Photos.png	turbo	420	15	model_policy	32.016	17.162	2.8686	Unknown	15.0
photos	Screenshot_20260526_074348_Photos.png	turbo	420	15	model_proj	32.176	18.719	2.8651	Unknown	15.0
photos	Screenshot_20260526_074348_Photos.png	turbo	420	35	identity_off	34.940	53.455	1.7938	ImageMagick	35.0
photos	Screenshot_20260526_074348_Photos.png	turbo	420	35	model_policy	34.951	53.431	1.7876	ImageMagick	35.0
photos	Screenshot_20260526_074348_Photos.png	turbo	420	35	model_proj	35.168	54.254	1.7559	ImageMagick	35.0
photos	Screenshot_20260526_074348_Photos.png	turbo	420	55	identity_off	36.151	65.449	1.4856	ImageMagick	55.0
photos	Screenshot_20260526_074348_Photos.png	turbo	420	55	model_policy	36.164	65.255	1.4767	ImageMagick	55.0
photos	Screenshot_20260526_074348_Photos.png	turbo	420	55	model_proj	36.394	66.042	1.4433	ImageMagick	55.0
photos	Screenshot_20260526_074348_Photos.png	turbo	420	75	identity_off	37.743	74.965	1.1864	ImageMagick	75.0
photos	Screenshot_20260526_074348_Photos.png	turbo	420	75	model_policy	37.741	74.808	1.1758	ImageMagick	75.0
photos	Screenshot_20260526_074348_Photos.png	turbo	420	75	model_proj	37.992	75.038	1.1394	ImageMagick	75.0
photos	Screenshot_20260526_074348_Photos.png	turbo	420	90	identity_off	40.877	84.708	0.7894	ImageMagick	90.0
photos	Screenshot_20260526_074348_Photos.png	turbo	420	90	model_policy	40.834	83.911	0.8310	ImageMagick	90.0
photos	Screenshot_20260526_074348_Photos.png	turbo	420	90	model_proj	40.883	83.211	0.7663	ImageMagick	90.0
photos	Screenshot_20260526_074348_Photos.png	turbo	444	15	identity_off	32.029	18.404	2.8878	Unknown	15.0
photos	Screenshot_20260526_074348_Photos.png	turbo	444	15	model_policy	32.058	18.209	2.8606	Unknown	15.0
photos	Screenshot_20260526_074348_Photos.png	turbo	444	15	model_proj	32.230	19.875	2.8568	Unknown	15.0
photos	Screenshot_20260526_074348_Photos.png	turbo	444	35	identity_off	35.025	54.781	1.7857	ImageMagick	35.0
photos	Screenshot_20260526_074348_Photos.png	turbo	444	35	model_policy	35.038	54.697	1.7796	ImageMagick	35.0
photos	Screenshot_20260526_074348_Photos.png	turbo	444	35	model_proj	35.257	55.555	1.7483	ImageMagick	35.0
photos	Screenshot_20260526_074348_Photos.png	turbo	444	55	identity_off	36.232	66.393	1.4866	ImageMagick	55.0
photos	Screenshot_20260526_074348_Photos.png	turbo	444	55	model_policy	36.246	66.353	1.4776	ImageMagick	55.0
photos	Screenshot_20260526_074348_Photos.png	turbo	444	55	model_proj	36.477	66.919	1.4450	ImageMagick	55.0
photos	Screenshot_20260526_074348_Photos.png	turbo	444	75	identity_off	37.842	75.776	1.1847	ImageMagick	75.0
photos	Screenshot_20260526_074348_Photos.png	turbo	444	75	model_policy	37.841	75.455	1.1789	ImageMagick	75.0
photos	Screenshot_20260526_074348_Photos.png	turbo	444	75	model_proj	38.092	75.839	1.1384	ImageMagick	75.0
photos	Screenshot_20260526_074348_Photos.png	turbo	444	90	identity_off	41.037	85.434	0.7847	ImageMagick	90.0
photos	Screenshot_20260526_074348_Photos.png	turbo	444	90	model_policy	40.997	84.649	0.8171	ImageMagick	90.0
photos	Screenshot_20260526_074348_Photos.png	turbo	444	90	model_proj	41.035	83.870	0.7624	ImageMagick	90.0
photos	Screenshot_20260526_074348_Photos.png	mozjpeg	420	15	identity_off	31.159	14.554	3.1355	Mozjpeg	15.0
photos	Screenshot_20260526_074348_Photos.png	mozjpeg	420	15	model_policy	31.169	14.262	3.1246	Mozjpeg	15.0
photos	Screenshot_20260526_074348_Photos.png	mozjpeg	420	15	model_proj	31.292	15.693	3.1163	Mozjpeg	15.0
photos	Screenshot_20260526_074348_Photos.png	mozjpeg	420	35	identity_off	34.081	49.475	1.9631	Mozjpeg	35.0
photos	Screenshot_20260526_074348_Photos.png	mozjpeg	420	35	model_policy	34.079	49.484	1.9602	Mozjpeg	35.0
photos	Screenshot_20260526_074348_Photos.png	mozjpeg	420	35	model_proj	34.254	49.946	1.9412	Mozjpeg	35.0
photos	Screenshot_20260526_074348_Photos.png	mozjpeg	420	55	identity_off	35.327	61.473	1.6166	Mozjpeg	55.0
photos	Screenshot_20260526_074348_Photos.png	mozjpeg	420	55	model_policy	35.309	61.231	1.6259	Mozjpeg	55.0
photos	Screenshot_20260526_074348_Photos.png	mozjpeg	420	55	model_proj	35.506	61.852	1.5964	Mozjpeg	55.0
photos	Screenshot_20260526_074348_Photos.png	mozjpeg	420	75	identity_off	36.936	72.766	1.2829	Mozjpeg	75.0
photos	Screenshot_20260526_074348_Photos.png	mozjpeg	420	75	model_policy	36.904	72.261	1.2981	Mozjpeg	75.0
photos	Screenshot_20260526_074348_Photos.png	mozjpeg	420	75	model_proj	37.064	72.774	1.2663	Mozjpeg	75.0
photos	Screenshot_20260526_074348_Photos.png	mozjpeg	420	90	identity_off	39.853	82.912	0.8618	Mozjpeg	90.0
photos	Screenshot_20260526_074348_Photos.png	mozjpeg	420	90	model_policy	39.768	82.091	0.9232	Mozjpeg	90.0
photos	Screenshot_20260526_074348_Photos.png	mozjpeg	420	90	model_proj	39.701	81.439	0.8787	Mozjpeg	90.0
photos	Screenshot_20260526_074348_Photos.png	mozjpeg	444	15	identity_off	31.201	15.309	3.1296	Mozjpeg	15.0
photos	Screenshot_20260526_074348_Photos.png	mozjpeg	444	15	model_policy	31.210	15.032	3.1196	Mozjpeg	15.0
photos	Screenshot_20260526_074348_Photos.png	mozjpeg	444	15	model_proj	31.339	16.486	3.1105	Mozjpeg	15.0
photos	Screenshot_20260526_074348_Photos.png	mozjpeg	444	35	identity_off	34.147	50.506	1.9558	Mozjpeg	35.0
photos	Screenshot_20260526_074348_Photos.png	mozjpeg	444	35	model_policy	34.145	50.499	1.9528	Mozjpeg	35.0
photos	Screenshot_20260526_074348_Photos.png	mozjpeg	444	35	model_proj	34.326	51.011	1.9335	Mozjpeg	35.0
photos	Screenshot_20260526_074348_Photos.png	mozjpeg	444	55	identity_off	35.383	62.256	1.6148	Mozjpeg	55.0
photos	Screenshot_20260526_074348_Photos.png	mozjpeg	444	55	model_policy	35.365	61.947	1.6241	Mozjpeg	55.0
photos	Screenshot_20260526_074348_Photos.png	mozjpeg	444	55	model_proj	35.560	62.530	1.5957	Mozjpeg	55.0
photos	Screenshot_20260526_074348_Photos.png	mozjpeg	444	75	identity_off	37.015	73.796	1.2798	Mozjpeg	75.0
photos	Screenshot_20260526_074348_Photos.png	mozjpeg	444	75	model_policy	36.984	73.143	1.2972	Mozjpeg	75.0
photos	Screenshot_20260526_074348_Photos.png	mozjpeg	444	75	model_proj	37.144	73.712	1.2637	Mozjpeg	75.0
photos	Screenshot_20260526_074348_Photos.png	mozjpeg	444	90	identity_off	39.955	83.812	0.8586	Mozjpeg	90.0
photos	Screenshot_20260526_074348_Photos.png	mozjpeg	444	90	model_policy	39.870	82.889	0.9142	Mozjpeg	90.0
photos	Screenshot_20260526_074348_Photos.png	mozjpeg	444	90	model_proj	39.796	82.072	0.8749	Mozjpeg	90.0
photos	Screenshot_20260526_074348_Photos.png	jpegli	420	15	identity_off	32.676	40.755	2.3417	CjpegliYcbcr	14.2
photos	Screenshot_20260526_074348_Photos.png	jpegli	420	15	model_policy	32.682	40.735	2.3343	CjpegliYcbcr	14.2
photos	Screenshot_20260526_074348_Photos.png	jpegli	420	15	model_proj	32.842	41.430	2.3213	CjpegliYcbcr	14.2
photos	Screenshot_20260526_074348_Photos.png	jpegli	420	35	identity_off	34.690	59.580	1.7478	CjpegliYcbcr	7.2
photos	Screenshot_20260526_074348_Photos.png	jpegli	420	35	model_policy	34.687	59.454	1.7461	CjpegliYcbcr	7.2
photos	Screenshot_20260526_074348_Photos.png	jpegli	420	35	model_proj	34.844	59.939	1.7279	CjpegliYcbcr	7.2
photos	Screenshot_20260526_074348_Photos.png	jpegli	420	55	identity_off	35.571	65.082	1.5681	CjpegliYcbcr	5.2
photos	Screenshot_20260526_074348_Photos.png	jpegli	420	55	model_policy	35.553	64.956	1.5719	CjpegliYcbcr	5.2
photos	Screenshot_20260526_074348_Photos.png	jpegli	420	55	model_proj	35.708	65.256	1.5498	CjpegliYcbcr	5.2
photos	Screenshot_20260526_074348_Photos.png	jpegli	420	75	identity_off	37.020	71.905	1.3206	CjpegliYcbcr	3.0
photos	Screenshot_20260526_074348_Photos.png	jpegli	420	75	model_policy	36.983	71.483	1.3383	CjpegliYcbcr	3.0
photos	Screenshot_20260526_074348_Photos.png	jpegli	420	75	model_proj	37.102	71.737	1.3095	CjpegliYcbcr	3.0
photos	Screenshot_20260526_074348_Photos.png	jpegli	420	90	identity_off	40.260	82.164	0.8628	CjpegliYcbcr	1.3
photos	Screenshot_20260526_074348_Photos.png	jpegli	420	90	model_policy	40.163	81.491	0.9024	CjpegliYcbcr	1.3
photos	Screenshot_20260526_074348_Photos.png	jpegli	420	90	model_proj	39.975	80.778	0.8938	CjpegliYcbcr	1.3
photos	Screenshot_20260526_074348_Photos.png	jpegli	444	15	identity_off	32.654	43.795	2.3630	CjpegliYcbcr	11.8
photos	Screenshot_20260526_074348_Photos.png	jpegli	444	15	model_policy	32.658	43.871	2.3588	CjpegliYcbcr	11.8
photos	Screenshot_20260526_074348_Photos.png	jpegli	444	15	model_proj	32.798	44.144	2.3492	CjpegliYcbcr	11.8
photos	Screenshot_20260526_074348_Photos.png	jpegli	444	35	identity_off	34.854	61.970	1.7253	CjpegliYcbcr	6.0
photos	Screenshot_20260526_074348_Photos.png	jpegli	444	35	model_policy	34.839	61.766	1.7307	CjpegliYcbcr	6.0
photos	Screenshot_20260526_074348_Photos.png	jpegli	444	35	model_proj	34.992	62.209	1.7076	CjpegliYcbcr	6.0
photos	Screenshot_20260526_074348_Photos.png	jpegli	444	55	identity_off	35.907	67.416	1.5145	CjpegliYcbcr	4.1
photos	Screenshot_20260526_074348_Photos.png	jpegli	444	55	model_policy	35.886	67.128	1.5171	CjpegliYcbcr	4.1
photos	Screenshot_20260526_074348_Photos.png	jpegli	444	55	model_proj	36.027	67.476	1.5002	CjpegliYcbcr	4.1
photos	Screenshot_20260526_074348_Photos.png	jpegli	444	75	identity_off	37.340	74.112	1.3054	CjpegliYcbcr	2.3
photos	Screenshot_20260526_074348_Photos.png	jpegli	444	75	model_policy	37.304	73.683	1.3209	CjpegliYcbcr	2.3
photos	Screenshot_20260526_074348_Photos.png	jpegli	444	75	model_proj	37.397	73.760	1.2961	CjpegliYcbcr	2.3
photos	Screenshot_20260526_074348_Photos.png	jpegli	444	90	identity_off	41.193	84.091	0.7880	CjpegliYcbcr	1.1
photos	Screenshot_20260526_074348_Photos.png	jpegli	444	90	model_policy	41.070	83.173	0.8582	CjpegliYcbcr	1.1
photos	Screenshot_20260526_074348_Photos.png	jpegli	444	90	model_proj	40.772	81.992	0.8120	CjpegliYcbcr	1.1
photos	Screenshot_20260526_074348_Photos.png	zenjpeg	420	15	identity_off	32.648	40.577	2.3481	CjpegliYcbcr	14.2
photos	Screenshot_20260526_074348_Photos.png	zenjpeg	420	15	model_policy	32.653	40.566	2.3422	CjpegliYcbcr	14.2
photos	Screenshot_20260526_074348_Photos.png	zenjpeg	420	15	model_proj	32.815	41.242	2.3275	CjpegliYcbcr	14.2
photos	Screenshot_20260526_074348_Photos.png	zenjpeg	420	35	identity_off	34.646	59.530	1.7539	CjpegliYcbcr	7.2
photos	Screenshot_20260526_074348_Photos.png	zenjpeg	420	35	model_policy	34.644	59.417	1.7525	CjpegliYcbcr	7.2
photos	Screenshot_20260526_074348_Photos.png	zenjpeg	420	35	model_proj	34.799	59.833	1.7342	CjpegliYcbcr	7.2
photos	Screenshot_20260526_074348_Photos.png	zenjpeg	420	55	identity_off	35.492	64.950	1.5947	CjpegliYcbcr	5.2
photos	Screenshot_20260526_074348_Photos.png	zenjpeg	420	55	model_policy	35.474	64.844	1.5973	CjpegliYcbcr	5.2
photos	Screenshot_20260526_074348_Photos.png	zenjpeg	420	55	model_proj	35.624	65.085	1.5789	CjpegliYcbcr	5.2
photos	Screenshot_20260526_074348_Photos.png	zenjpeg	420	75	identity_off	36.995	71.934	1.3201	CjpegliYcbcr	3.0
photos	Screenshot_20260526_074348_Photos.png	zenjpeg	420	75	model_policy	36.959	71.488	1.3369	CjpegliYcbcr	3.0
photos	Screenshot_20260526_074348_Photos.png	zenjpeg	420	75	model_proj	37.081	71.764	1.3087	CjpegliYcbcr	3.0
photos	Screenshot_20260526_074348_Photos.png	zenjpeg	420	90	identity_off	40.237	82.101	0.8628	CjpegliYcbcr	1.3
photos	Screenshot_20260526_074348_Photos.png	zenjpeg	420	90	model_policy	40.140	81.409	0.9031	CjpegliYcbcr	1.3
photos	Screenshot_20260526_074348_Photos.png	zenjpeg	420	90	model_proj	39.934	80.670	0.8995	CjpegliYcbcr	1.3
photos	Screenshot_20260526_074348_Photos.png	zenjpeg	444	15	identity_off	32.627	43.864	2.3650	CjpegliYcbcr	11.8
photos	Screenshot_20260526_074348_Photos.png	zenjpeg	444	15	model_policy	32.631	43.939	2.3572	CjpegliYcbcr	11.8
photos	Screenshot_20260526_074348_Photos.png	zenjpeg	444	15	model_proj	32.772	44.230	2.3509	CjpegliYcbcr	11.8
photos	Screenshot_20260526_074348_Photos.png	zenjpeg	444	35	identity_off	34.832	61.758	1.7477	CjpegliYcbcr	6.0
photos	Screenshot_20260526_074348_Photos.png	zenjpeg	444	35	model_policy	34.817	61.621	1.7524	CjpegliYcbcr	6.0
photos	Screenshot_20260526_074348_Photos.png	zenjpeg	444	35	model_proj	34.968	62.003	1.7307	CjpegliYcbcr	6.0
photos	Screenshot_20260526_074348_Photos.png	zenjpeg	444	55	identity_off	35.867	67.404	1.5152	CjpegliYcbcr	4.1
photos	Screenshot_20260526_074348_Photos.png	zenjpeg	444	55	model_policy	35.846	67.119	1.5181	CjpegliYcbcr	4.1
photos	Screenshot_20260526_074348_Photos.png	zenjpeg	444	55	model_proj	35.987	67.525	1.5011	CjpegliYcbcr	4.1
photos	Screenshot_20260526_074348_Photos.png	zenjpeg	444	75	identity_off	37.306	74.043	1.3125	CjpegliYcbcr	2.3
photos	Screenshot_20260526_074348_Photos.png	zenjpeg	444	75	model_policy	37.269	73.615	1.3213	CjpegliYcbcr	2.3
photos	Screenshot_20260526_074348_Photos.png	zenjpeg	444	75	model_proj	37.361	73.729	1.3032	CjpegliYcbcr	2.3
photos	Screenshot_20260526_074348_Photos.png	zenjpeg	444	90	identity_off	41.226	84.218	0.7570	CjpegliYcbcr	1.1
photos	Screenshot_20260526_074348_Photos.png	zenjpeg	444	90	model_policy	41.100	83.396	0.8383	CjpegliYcbcr	1.1
photos	Screenshot_20260526_074348_Photos.png	zenjpeg	444	90	model_proj	40.782	81.939	0.8000	CjpegliYcbcr	1.1
people	alexander-aguero-EnppVuXbcCE-unsplash.jpg	turbo	420	15	identity_off	34.096	-1.538	2.9043	Unknown	15.0
people	alexander-aguero-EnppVuXbcCE-unsplash.jpg	turbo	420	15	model_policy	34.095	-1.532	2.9042	Unknown	15.0
people	alexander-aguero-EnppVuXbcCE-unsplash.jpg	turbo	420	15	model_proj	34.186	-0.418	2.8940	Unknown	15.0
people	alexander-aguero-EnppVuXbcCE-unsplash.jpg	turbo	420	35	identity_off	37.742	48.393	1.6640	ImageMagick	35.0
people	alexander-aguero-EnppVuXbcCE-unsplash.jpg	turbo	420	35	model_policy	37.742	48.398	1.6639	ImageMagick	35.0
people	alexander-aguero-EnppVuXbcCE-unsplash.jpg	turbo	420	35	model_proj	37.876	49.074	1.6511	ImageMagick	35.0
people	alexander-aguero-EnppVuXbcCE-unsplash.jpg	turbo	420	55	identity_off	39.387	65.282	1.2765	ImageMagick	55.0
people	alexander-aguero-EnppVuXbcCE-unsplash.jpg	turbo	420	55	model_policy	39.385	65.282	1.2764	ImageMagick	55.0
people	alexander-aguero-EnppVuXbcCE-unsplash.jpg	turbo	420	55	model_proj	39.567	65.765	1.2598	ImageMagick	55.0
people	alexander-aguero-EnppVuXbcCE-unsplash.jpg	turbo	420	75	identity_off	41.648	77.435	0.9050	ImageMagick	75.0
people	alexander-aguero-EnppVuXbcCE-unsplash.jpg	turbo	420	75	model_policy	41.646	77.435	0.9049	ImageMagick	75.0
people	alexander-aguero-EnppVuXbcCE-unsplash.jpg	turbo	420	75	model_proj	41.887	77.712	0.8868	ImageMagick	75.0
people	alexander-aguero-EnppVuXbcCE-unsplash.jpg	turbo	420	90	identity_off	45.222	88.252	0.5373	ImageMagick	90.0
people	alexander-aguero-EnppVuXbcCE-unsplash.jpg	turbo	420	90	model_policy	45.216	88.244	0.5373	ImageMagick	90.0
people	alexander-aguero-EnppVuXbcCE-unsplash.jpg	turbo	420	90	model_proj	45.477	88.332	0.5208	ImageMagick	90.0
people	alexander-aguero-EnppVuXbcCE-unsplash.jpg	turbo	444	15	identity_off	34.153	-0.937	2.8864	Unknown	15.0
people	alexander-aguero-EnppVuXbcCE-unsplash.jpg	turbo	444	15	model_policy	34.152	-0.931	2.8863	Unknown	15.0
people	alexander-aguero-EnppVuXbcCE-unsplash.jpg	turbo	444	15	model_proj	34.258	0.146	2.8769	Unknown	15.0
people	alexander-aguero-EnppVuXbcCE-unsplash.jpg	turbo	444	35	identity_off	37.918	49.726	1.6549	ImageMagick	35.0
people	alexander-aguero-EnppVuXbcCE-unsplash.jpg	turbo	444	35	model_policy	37.918	49.726	1.6548	ImageMagick	35.0
people	alexander-aguero-EnppVuXbcCE-unsplash.jpg	turbo	444	35	model_proj	38.074	50.359	1.6429	ImageMagick	35.0
people	alexander-aguero-EnppVuXbcCE-unsplash.jpg	turbo	444	55	identity_off	39.615	66.739	1.2742	ImageMagick	55.0
people	alexander-aguero-EnppVuXbcCE-unsplash.jpg	turbo	444	55	model_policy	39.613	66.746	1.2741	ImageMagick	55.0
people	alexander-aguero-EnppVuXbcCE-unsplash.jpg	turbo	444	55	model_proj	39.812	67.222	1.2581	ImageMagick	55.0
people	alexander-aguero-EnppVuXbcCE-unsplash.jpg	turbo	444	75	identity_off	42.044	78.808	0.8950	ImageMagick	75.0
people	alexander-aguero-EnppVuXbcCE-unsplash.jpg	turbo	444	75	model_policy	42.041	78.796	0.8949	ImageMagick	75.0
people	alexander-aguero-EnppVuXbcCE-unsplash.jpg	turbo	444	75	model_proj	42.311	79.078	0.8766	ImageMagick	75.0
people	alexander-aguero-EnppVuXbcCE-unsplash.jpg	turbo	444	90	identity_off	46.125	90.398	0.5202	ImageMagick	90.0
people	alexander-aguero-EnppVuXbcCE-unsplash.jpg	turbo	444	90	model_policy	46.117	90.409	0.5202	ImageMagick	90.0
people	alexander-aguero-EnppVuXbcCE-unsplash.jpg	turbo	444	90	model_proj	46.342	90.291	0.5046	ImageMagick	90.0
people	alexander-aguero-EnppVuXbcCE-unsplash.jpg	mozjpeg	420	15	identity_off	33.928	-7.309	3.1942	Mozjpeg	15.0
people	alexander-aguero-EnppVuXbcCE-unsplash.jpg	mozjpeg	420	15	model_policy	33.927	-7.308	3.1942	Mozjpeg	15.0
people	alexander-aguero-EnppVuXbcCE-unsplash.jpg	mozjpeg	420	15	model_proj	33.994	-6.545	3.1857	Mozjpeg	15.0
people	alexander-aguero-EnppVuXbcCE-unsplash.jpg	mozjpeg	420	35	identity_off	36.950	39.377	1.9648	Mozjpeg	35.0
people	alexander-aguero-EnppVuXbcCE-unsplash.jpg	mozjpeg	420	35	model_policy	36.950	39.382	1.9647	Mozjpeg	35.0
people	alexander-aguero-EnppVuXbcCE-unsplash.jpg	mozjpeg	420	35	model_proj	37.020	39.727	1.9584	Mozjpeg	35.0
people	alexander-aguero-EnppVuXbcCE-unsplash.jpg	mozjpeg	420	55	identity_off	38.542	59.103	1.4840	Mozjpeg	55.0
people	alexander-aguero-EnppVuXbcCE-unsplash.jpg	mozjpeg	420	55	model_policy	38.541	59.105	1.4839	Mozjpeg	55.0
people	alexander-aguero-EnppVuXbcCE-unsplash.jpg	mozjpeg	420	55	model_proj	38.632	59.404	1.4758	Mozjpeg	55.0
people	alexander-aguero-EnppVuXbcCE-unsplash.jpg	mozjpeg	420	75	identity_off	40.608	74.106	1.0669	Mozjpeg	75.0
people	alexander-aguero-EnppVuXbcCE-unsplash.jpg	mozjpeg	420	75	model_policy	40.606	74.098	1.0669	Mozjpeg	75.0
people	alexander-aguero-EnppVuXbcCE-unsplash.jpg	mozjpeg	420	75	model_proj	40.731	74.290	1.0564	Mozjpeg	75.0
people	alexander-aguero-EnppVuXbcCE-unsplash.jpg	mozjpeg	420	90	identity_off	44.455	87.147	0.6124	Mozjpeg	90.0
people	alexander-aguero-EnppVuXbcCE-unsplash.jpg	mozjpeg	420	90	model_policy	44.449	87.117	0.6124	Mozjpeg	90.0
people	alexander-aguero-EnppVuXbcCE-unsplash.jpg	mozjpeg	420	90	model_proj	44.601	87.168	0.6024	Mozjpeg	90.0
people	alexander-aguero-EnppVuXbcCE-unsplash.jpg	mozjpeg	444	15	identity_off	33.991	-6.457	3.1708	Mozjpeg	15.0
people	alexander-aguero-EnppVuXbcCE-unsplash.jpg	mozjpeg	444	15	model_policy	33.991	-6.453	3.1708	Mozjpeg	15.0
people	alexander-aguero-EnppVuXbcCE-unsplash.jpg	mozjpeg	444	15	model_proj	34.066	-5.727	3.1630	Mozjpeg	15.0
people	alexander-aguero-EnppVuXbcCE-unsplash.jpg	mozjpeg	444	35	identity_off	37.100	40.602	1.9545	Mozjpeg	35.0
people	alexander-aguero-EnppVuXbcCE-unsplash.jpg	mozjpeg	444	35	model_policy	37.099	40.602	1.9544	Mozjpeg	35.0
people	alexander-aguero-EnppVuXbcCE-unsplash.jpg	mozjpeg	444	35	model_proj	37.184	40.894	1.9488	Mozjpeg	35.0
people	alexander-aguero-EnppVuXbcCE-unsplash.jpg	mozjpeg	444	55	identity_off	38.743	59.956	1.4792	Mozjpeg	55.0
people	alexander-aguero-EnppVuXbcCE-unsplash.jpg	mozjpeg	444	55	model_policy	38.742	59.950	1.4791	Mozjpeg	55.0
people	alexander-aguero-EnppVuXbcCE-unsplash.jpg	mozjpeg	444	55	model_proj	38.842	60.203	1.4718	Mozjpeg	55.0
people	alexander-aguero-EnppVuXbcCE-unsplash.jpg	mozjpeg	444	75	identity_off	40.898	75.491	1.0577	Mozjpeg	75.0
people	alexander-aguero-EnppVuXbcCE-unsplash.jpg	mozjpeg	444	75	model_policy	40.895	75.505	1.0577	Mozjpeg	75.0
people	alexander-aguero-EnppVuXbcCE-unsplash.jpg	mozjpeg	444	75	model_proj	41.025	75.683	1.0471	Mozjpeg	75.0
people	alexander-aguero-EnppVuXbcCE-unsplash.jpg	mozjpeg	444	90	identity_off	45.015	88.784	0.6015	Mozjpeg	90.0
people	alexander-aguero-EnppVuXbcCE-unsplash.jpg	mozjpeg	444	90	model_policy	45.008	88.786	0.6015	Mozjpeg	90.0
people	alexander-aguero-EnppVuXbcCE-unsplash.jpg	mozjpeg	444	90	model_proj	45.144	88.721	0.5920	Mozjpeg	90.0
people	alexander-aguero-EnppVuXbcCE-unsplash.jpg	jpegli	420	15	identity_off	36.280	31.596	2.1559	CjpegliYcbcr	14.2
people	alexander-aguero-EnppVuXbcCE-unsplash.jpg	jpegli	420	15	model_policy	36.279	31.601	2.1559	CjpegliYcbcr	14.2
people	alexander-aguero-EnppVuXbcCE-unsplash.jpg	jpegli	420	15	model_proj	36.352	32.073	2.1493	CjpegliYcbcr	14.2
people	alexander-aguero-EnppVuXbcCE-unsplash.jpg	jpegli	420	35	identity_off	37.918	57.565	1.6477	CjpegliYcbcr	7.2
people	alexander-aguero-EnppVuXbcCE-unsplash.jpg	jpegli	420	35	model_policy	37.917	57.565	1.6476	CjpegliYcbcr	7.2
people	alexander-aguero-EnppVuXbcCE-unsplash.jpg	jpegli	420	35	model_proj	37.987	57.756	1.6416	CjpegliYcbcr	7.2
people	alexander-aguero-EnppVuXbcCE-unsplash.jpg	jpegli	420	55	identity_off	38.643	64.957	1.4503	CjpegliYcbcr	5.2
people	alexander-aguero-EnppVuXbcCE-unsplash.jpg	jpegli	420	55	model_policy	38.642	64.963	1.4503	CjpegliYcbcr	5.2
people	alexander-aguero-EnppVuXbcCE-unsplash.jpg	jpegli	420	55	model_proj	38.725	65.145	1.4429	CjpegliYcbcr	5.2
people	alexander-aguero-EnppVuXbcCE-unsplash.jpg	jpegli	420	75	identity_off	39.964	73.679	1.1724	CjpegliYcbcr	3.0
people	alexander-aguero-EnppVuXbcCE-unsplash.jpg	jpegli	420	75	model_policy	39.962	73.666	1.1723	CjpegliYcbcr	3.0
people	alexander-aguero-EnppVuXbcCE-unsplash.jpg	jpegli	420	75	model_proj	40.072	73.856	1.1635	CjpegliYcbcr	3.0
people	alexander-aguero-EnppVuXbcCE-unsplash.jpg	jpegli	420	90	identity_off	43.474	84.453	0.6998	CjpegliYcbcr	1.3
people	alexander-aguero-EnppVuXbcCE-unsplash.jpg	jpegli	420	90	model_policy	43.470	84.442	0.6997	CjpegliYcbcr	1.3
people	alexander-aguero-EnppVuXbcCE-unsplash.jpg	jpegli	420	90	model_proj	43.590	84.850	0.6876	CjpegliYcbcr	1.3
people	alexander-aguero-EnppVuXbcCE-unsplash.jpg	jpegli	444	15	identity_off	34.948	32.970	2.2217	CjpegliYcbcr	11.8
people	alexander-aguero-EnppVuXbcCE-unsplash.jpg	jpegli	444	15	model_policy	34.947	32.964	2.2216	CjpegliYcbcr	11.8
people	alexander-aguero-EnppVuXbcCE-unsplash.jpg	jpegli	444	15	model_proj	35.043	33.427	2.2172	CjpegliYcbcr	11.8
people	alexander-aguero-EnppVuXbcCE-unsplash.jpg	jpegli	444	35	identity_off	37.802	60.281	1.5374	CjpegliYcbcr	6.0
people	alexander-aguero-EnppVuXbcCE-unsplash.jpg	jpegli	444	35	model_policy	37.800	60.275	1.5374	CjpegliYcbcr	6.0
people	alexander-aguero-EnppVuXbcCE-unsplash.jpg	jpegli	444	35	model_proj	37.917	60.521	1.5306	CjpegliYcbcr	6.0
people	alexander-aguero-EnppVuXbcCE-unsplash.jpg	jpegli	444	55	identity_off	38.869	67.783	1.3418	CjpegliYcbcr	4.1
people	alexander-aguero-EnppVuXbcCE-unsplash.jpg	jpegli	444	55	model_policy	38.869	67.795	1.3418	CjpegliYcbcr	4.1
people	alexander-aguero-EnppVuXbcCE-unsplash.jpg	jpegli	444	55	model_proj	38.994	67.979	1.3345	CjpegliYcbcr	4.1
people	alexander-aguero-EnppVuXbcCE-unsplash.jpg	jpegli	444	75	identity_off	40.618	77.137	1.0378	CjpegliYcbcr	2.3
people	alexander-aguero-EnppVuXbcCE-unsplash.jpg	jpegli	444	75	model_policy	40.617	77.118	1.0378	CjpegliYcbcr	2.3
people	alexander-aguero-EnppVuXbcCE-unsplash.jpg	jpegli	444	75	model_proj	40.784	77.266	1.0279	CjpegliYcbcr	2.3
people	alexander-aguero-EnppVuXbcCE-unsplash.jpg	jpegli	444	90	identity_off	44.423	86.062	0.6069	CjpegliYcbcr	1.1
people	alexander-aguero-EnppVuXbcCE-unsplash.jpg	jpegli	444	90	model_policy	44.417	86.056	0.6070	CjpegliYcbcr	1.1
people	alexander-aguero-EnppVuXbcCE-unsplash.jpg	jpegli	444	90	model_proj	44.653	86.339	0.5965	CjpegliYcbcr	1.1
people	alexander-aguero-EnppVuXbcCE-unsplash.jpg	zenjpeg	420	15	identity_off	36.256	31.246	2.1682	CjpegliYcbcr	14.2
people	alexander-aguero-EnppVuXbcCE-unsplash.jpg	zenjpeg	420	15	model_policy	36.255	31.247	2.1682	CjpegliYcbcr	14.2
people	alexander-aguero-EnppVuXbcCE-unsplash.jpg	zenjpeg	420	15	model_proj	36.326	31.722	2.1616	CjpegliYcbcr	14.2
people	alexander-aguero-EnppVuXbcCE-unsplash.jpg	zenjpeg	420	35	identity_off	37.888	57.332	1.6552	CjpegliYcbcr	7.2
people	alexander-aguero-EnppVuXbcCE-unsplash.jpg	zenjpeg	420	35	model_policy	37.887	57.337	1.6552	CjpegliYcbcr	7.2
people	alexander-aguero-EnppVuXbcCE-unsplash.jpg	zenjpeg	420	35	model_proj	37.954	57.537	1.6495	CjpegliYcbcr	7.2
people	alexander-aguero-EnppVuXbcCE-unsplash.jpg	zenjpeg	420	55	identity_off	38.652	64.898	1.4530	CjpegliYcbcr	5.2
people	alexander-aguero-EnppVuXbcCE-unsplash.jpg	zenjpeg	420	55	model_policy	38.650	64.901	1.4530	CjpegliYcbcr	5.2
people	alexander-aguero-EnppVuXbcCE-unsplash.jpg	zenjpeg	420	55	model_proj	38.733	65.085	1.4457	CjpegliYcbcr	5.2
people	alexander-aguero-EnppVuXbcCE-unsplash.jpg	zenjpeg	420	75	identity_off	39.972	73.482	1.1742	CjpegliYcbcr	3.0
people	alexander-aguero-EnppVuXbcCE-unsplash.jpg	zenjpeg	420	75	model_policy	39.971	73.477	1.1741	CjpegliYcbcr	3.0
people	alexander-aguero-EnppVuXbcCE-unsplash.jpg	zenjpeg	420	75	model_proj	40.082	73.640	1.1654	CjpegliYcbcr	3.0
people	alexander-aguero-EnppVuXbcCE-unsplash.jpg	zenjpeg	420	90	identity_off	43.459	84.386	0.6997	CjpegliYcbcr	1.3
people	alexander-aguero-EnppVuXbcCE-unsplash.jpg	zenjpeg	420	90	model_policy	43.455	84.380	0.6998	CjpegliYcbcr	1.3
people	alexander-aguero-EnppVuXbcCE-unsplash.jpg	zenjpeg	420	90	model_proj	43.566	84.681	0.6893	CjpegliYcbcr	1.3
people	alexander-aguero-EnppVuXbcCE-unsplash.jpg	zenjpeg	444	15	identity_off	34.960	32.590	2.2222	CjpegliYcbcr	11.8
people	alexander-aguero-EnppVuXbcCE-unsplash.jpg	zenjpeg	444	15	model_policy	34.960	32.591	2.2222	CjpegliYcbcr	11.8
people	alexander-aguero-EnppVuXbcCE-unsplash.jpg	zenjpeg	444	15	model_proj	35.052	33.030	2.2173	CjpegliYcbcr	11.8
people	alexander-aguero-EnppVuXbcCE-unsplash.jpg	zenjpeg	444	35	identity_off	37.719	59.669	1.5500	CjpegliYcbcr	6.0
people	alexander-aguero-EnppVuXbcCE-unsplash.jpg	zenjpeg	444	35	model_policy	37.718	59.666	1.5499	CjpegliYcbcr	6.0
people	alexander-aguero-EnppVuXbcCE-unsplash.jpg	zenjpeg	444	35	model_proj	37.828	59.900	1.5435	CjpegliYcbcr	6.0
people	alexander-aguero-EnppVuXbcCE-unsplash.jpg	zenjpeg	444	55	identity_off	38.847	67.296	1.3504	CjpegliYcbcr	4.1
people	alexander-aguero-EnppVuXbcCE-unsplash.jpg	zenjpeg	444	55	model_policy	38.847	67.292	1.3504	CjpegliYcbcr	4.1
people	alexander-aguero-EnppVuXbcCE-unsplash.jpg	zenjpeg	444	55	model_proj	38.972	67.462	1.3432	CjpegliYcbcr	4.1
people	alexander-aguero-EnppVuXbcCE-unsplash.jpg	zenjpeg	444	75	identity_off	40.635	76.911	1.0443	CjpegliYcbcr	2.3
people	alexander-aguero-EnppVuXbcCE-unsplash.jpg	zenjpeg	444	75	model_policy	40.634	76.904	1.0443	CjpegliYcbcr	2.3
people	alexander-aguero-EnppVuXbcCE-unsplash.jpg	zenjpeg	444	75	model_proj	40.800	77.026	1.0345	CjpegliYcbcr	2.3
people	alexander-aguero-EnppVuXbcCE-unsplash.jpg	zenjpeg	444	90	identity_off	44.425	86.395	0.6083	CjpegliYcbcr	1.1
people	alexander-aguero-EnppVuXbcCE-unsplash.jpg	zenjpeg	444	90	model_policy	44.419	86.364	0.6083	CjpegliYcbcr	1.1
people	alexander-aguero-EnppVuXbcCE-unsplash.jpg	zenjpeg	444	90	model_proj	44.643	86.655	0.5989	CjpegliYcbcr	1.1
people	anastasia-pivnenko-PRNG6R1nSpQ-unsplash.jpg	turbo	420	15	identity_off	25.762	1.542	3.2451	Unknown	15.0
people	anastasia-pivnenko-PRNG6R1nSpQ-unsplash.jpg	turbo	420	15	model_policy	25.733	1.185	3.3800	Unknown	15.0
people	anastasia-pivnenko-PRNG6R1nSpQ-unsplash.jpg	turbo	420	15	model_proj	25.807	2.641	3.2339	Unknown	15.0
people	anastasia-pivnenko-PRNG6R1nSpQ-unsplash.jpg	turbo	420	35	identity_off	26.839	38.687	2.3386	ImageMagick	35.0
people	anastasia-pivnenko-PRNG6R1nSpQ-unsplash.jpg	turbo	420	35	model_policy	26.794	35.691	2.5090	ImageMagick	35.0
people	anastasia-pivnenko-PRNG6R1nSpQ-unsplash.jpg	turbo	420	35	model_proj	26.877	38.527	2.3345	ImageMagick	35.0
people	anastasia-pivnenko-PRNG6R1nSpQ-unsplash.jpg	turbo	420	55	identity_off	27.368	49.614	2.0683	ImageMagick	55.0
people	anastasia-pivnenko-PRNG6R1nSpQ-unsplash.jpg	turbo	420	55	model_policy	27.350	47.302	2.1639	ImageMagick	55.0
people	anastasia-pivnenko-PRNG6R1nSpQ-unsplash.jpg	turbo	420	55	model_proj	27.427	48.802	2.0644	ImageMagick	55.0
people	anastasia-pivnenko-PRNG6R1nSpQ-unsplash.jpg	turbo	420	75	identity_off	28.393	58.571	1.7673	ImageMagick	75.0
people	anastasia-pivnenko-PRNG6R1nSpQ-unsplash.jpg	turbo	420	75	model_policy	28.348	56.235	1.8474	ImageMagick	75.0
people	anastasia-pivnenko-PRNG6R1nSpQ-unsplash.jpg	turbo	420	75	model_proj	28.286	56.686	1.8023	ImageMagick	75.0
people	anastasia-pivnenko-PRNG6R1nSpQ-unsplash.jpg	turbo	420	90	identity_off	45.743	91.751	0.2131	ImageMagick	90.0
people	anastasia-pivnenko-PRNG6R1nSpQ-unsplash.jpg	turbo	420	90	model_policy	42.601	86.086	0.7732	ImageMagick	90.0
people	anastasia-pivnenko-PRNG6R1nSpQ-unsplash.jpg	turbo	420	90	model_proj	37.751	79.693	0.7858	ImageMagick	90.0
people	anastasia-pivnenko-PRNG6R1nSpQ-unsplash.jpg	turbo	444	15	identity_off	25.868	4.790	3.1929	Unknown	15.0
people	anastasia-pivnenko-PRNG6R1nSpQ-unsplash.jpg	turbo	444	15	model_policy	25.838	3.722	3.3384	Unknown	15.0
people	anastasia-pivnenko-PRNG6R1nSpQ-unsplash.jpg	turbo	444	15	model_proj	25.917	5.838	3.1821	Unknown	15.0
people	anastasia-pivnenko-PRNG6R1nSpQ-unsplash.jpg	turbo	444	35	identity_off	26.953	41.577	2.3230	ImageMagick	35.0
people	anastasia-pivnenko-PRNG6R1nSpQ-unsplash.jpg	turbo	444	35	model_policy	26.907	37.597	2.4957	ImageMagick	35.0
people	anastasia-pivnenko-PRNG6R1nSpQ-unsplash.jpg	turbo	444	35	model_proj	26.994	41.478	2.3178	ImageMagick	35.0
people	anastasia-pivnenko-PRNG6R1nSpQ-unsplash.jpg	turbo	444	55	identity_off	27.476	51.561	2.0607	ImageMagick	55.0
people	anastasia-pivnenko-PRNG6R1nSpQ-unsplash.jpg	turbo	444	55	model_policy	27.459	48.884	2.1556	ImageMagick	55.0
people	anastasia-pivnenko-PRNG6R1nSpQ-unsplash.jpg	turbo	444	55	model_proj	27.534	50.719	2.0561	ImageMagick	55.0
people	anastasia-pivnenko-PRNG6R1nSpQ-unsplash.jpg	turbo	444	75	identity_off	28.492	59.921	1.7630	ImageMagick	75.0
people	anastasia-pivnenko-PRNG6R1nSpQ-unsplash.jpg	turbo	444	75	model_policy	28.449	57.473	1.8421	ImageMagick	75.0
people	anastasia-pivnenko-PRNG6R1nSpQ-unsplash.jpg	turbo	444	75	model_proj	28.384	57.898	1.7978	ImageMagick	75.0
people	anastasia-pivnenko-PRNG6R1nSpQ-unsplash.jpg	turbo	444	90	identity_off	44.983	92.186	0.2154	ImageMagick	90.0
people	anastasia-pivnenko-PRNG6R1nSpQ-unsplash.jpg	turbo	444	90	model_policy	42.232	86.268	0.7744	ImageMagick	90.0
people	anastasia-pivnenko-PRNG6R1nSpQ-unsplash.jpg	turbo	444	90	model_proj	37.645	79.997	0.7823	ImageMagick	90.0
people	anastasia-pivnenko-PRNG6R1nSpQ-unsplash.jpg	mozjpeg	420	15	identity_off	25.470	-9.286	3.5639	Mozjpeg	15.0
people	anastasia-pivnenko-PRNG6R1nSpQ-unsplash.jpg	mozjpeg	420	15	model_policy	25.438	-10.260	3.6869	Mozjpeg	15.0
people	anastasia-pivnenko-PRNG6R1nSpQ-unsplash.jpg	mozjpeg	420	15	model_proj	25.498	-8.411	3.5567	Mozjpeg	15.0
people	anastasia-pivnenko-PRNG6R1nSpQ-unsplash.jpg	mozjpeg	420	35	identity_off	26.480	30.572	2.6126	Mozjpeg	35.0
people	anastasia-pivnenko-PRNG6R1nSpQ-unsplash.jpg	mozjpeg	420	35	model_policy	26.403	26.067	2.8817	Mozjpeg	35.0
people	anastasia-pivnenko-PRNG6R1nSpQ-unsplash.jpg	mozjpeg	420	35	model_proj	26.496	30.597	2.6129	Mozjpeg	35.0
people	anastasia-pivnenko-PRNG6R1nSpQ-unsplash.jpg	mozjpeg	420	55	identity_off	27.078	45.038	2.2392	Mozjpeg	55.0
people	anastasia-pivnenko-PRNG6R1nSpQ-unsplash.jpg	mozjpeg	420	55	model_policy	26.996	39.912	2.4787	Mozjpeg	55.0
people	anastasia-pivnenko-PRNG6R1nSpQ-unsplash.jpg	mozjpeg	420	55	model_proj	27.081	44.513	2.2463	Mozjpeg	55.0
people	anastasia-pivnenko-PRNG6R1nSpQ-unsplash.jpg	mozjpeg	420	75	identity_off	28.099	56.644	1.8705	Mozjpeg	75.0
people	anastasia-pivnenko-PRNG6R1nSpQ-unsplash.jpg	mozjpeg	420	75	model_policy	28.047	53.152	1.9913	Mozjpeg	75.0
people	anastasia-pivnenko-PRNG6R1nSpQ-unsplash.jpg	mozjpeg	420	75	model_proj	28.033	54.671	1.9014	Mozjpeg	75.0
people	anastasia-pivnenko-PRNG6R1nSpQ-unsplash.jpg	mozjpeg	420	90	identity_off	33.570	79.556	0.9442	Mozjpeg	90.0
people	anastasia-pivnenko-PRNG6R1nSpQ-unsplash.jpg	mozjpeg	420	90	model_policy	33.435	76.204	1.1148	Mozjpeg	90.0
people	anastasia-pivnenko-PRNG6R1nSpQ-unsplash.jpg	mozjpeg	420	90	model_proj	32.884	73.818	1.0881	Mozjpeg	90.0
people	anastasia-pivnenko-PRNG6R1nSpQ-unsplash.jpg	mozjpeg	444	15	identity_off	25.577	-6.693	3.5207	Mozjpeg	15.0
people	anastasia-pivnenko-PRNG6R1nSpQ-unsplash.jpg	mozjpeg	444	15	model_policy	25.540	-8.397	3.6580	Mozjpeg	15.0
people	anastasia-pivnenko-PRNG6R1nSpQ-unsplash.jpg	mozjpeg	444	15	model_proj	25.610	-5.803	3.5121	Mozjpeg	15.0
people	anastasia-pivnenko-PRNG6R1nSpQ-unsplash.jpg	mozjpeg	444	35	identity_off	26.576	32.913	2.5961	Mozjpeg	35.0
people	anastasia-pivnenko-PRNG6R1nSpQ-unsplash.jpg	mozjpeg	444	35	model_policy	26.498	27.063	2.8721	Mozjpeg	35.0
people	anastasia-pivnenko-PRNG6R1nSpQ-unsplash.jpg	mozjpeg	444	35	model_proj	26.596	32.914	2.5957	Mozjpeg	35.0
people	anastasia-pivnenko-PRNG6R1nSpQ-unsplash.jpg	mozjpeg	444	55	identity_off	27.163	46.565	2.2318	Mozjpeg	55.0
people	anastasia-pivnenko-PRNG6R1nSpQ-unsplash.jpg	mozjpeg	444	55	model_policy	27.081	41.026	2.4777	Mozjpeg	55.0
people	anastasia-pivnenko-PRNG6R1nSpQ-unsplash.jpg	mozjpeg	444	55	model_proj	27.165	45.948	2.2391	Mozjpeg	55.0
people	anastasia-pivnenko-PRNG6R1nSpQ-unsplash.jpg	mozjpeg	444	75	identity_off	28.138	57.846	1.8661	Mozjpeg	75.0
people	anastasia-pivnenko-PRNG6R1nSpQ-unsplash.jpg	mozjpeg	444	75	model_policy	28.087	54.004	1.9855	Mozjpeg	75.0
people	anastasia-pivnenko-PRNG6R1nSpQ-unsplash.jpg	mozjpeg	444	75	model_proj	28.074	55.674	1.8959	Mozjpeg	75.0
people	anastasia-pivnenko-PRNG6R1nSpQ-unsplash.jpg	mozjpeg	444	90	identity_off	33.584	80.054	0.9430	Mozjpeg	90.0
people	anastasia-pivnenko-PRNG6R1nSpQ-unsplash.jpg	mozjpeg	444	90	model_policy	33.454	76.618	1.1114	Mozjpeg	90.0
people	anastasia-pivnenko-PRNG6R1nSpQ-unsplash.jpg	mozjpeg	444	90	model_proj	32.904	74.252	1.0842	Mozjpeg	90.0
people	anastasia-pivnenko-PRNG6R1nSpQ-unsplash.jpg	jpegli	420	15	identity_off	25.941	20.438	2.9738	CjpegliYcbcr	14.2
people	anastasia-pivnenko-PRNG6R1nSpQ-unsplash.jpg	jpegli	420	15	model_policy	25.884	16.997	3.1900	CjpegliYcbcr	14.2
people	anastasia-pivnenko-PRNG6R1nSpQ-unsplash.jpg	jpegli	420	15	model_proj	25.960	20.699	2.9715	CjpegliYcbcr	14.2
people	anastasia-pivnenko-PRNG6R1nSpQ-unsplash.jpg	jpegli	420	35	identity_off	26.439	36.532	2.5984	CjpegliYcbcr	7.2
people	anastasia-pivnenko-PRNG6R1nSpQ-unsplash.jpg	jpegli	420	35	model_policy	26.359	31.154	2.8649	CjpegliYcbcr	7.2
people	anastasia-pivnenko-PRNG6R1nSpQ-unsplash.jpg	jpegli	420	35	model_proj	26.447	36.143	2.6039	CjpegliYcbcr	7.2
people	anastasia-pivnenko-PRNG6R1nSpQ-unsplash.jpg	jpegli	420	55	identity_off	26.845	44.005	2.3720	CjpegliYcbcr	5.2
people	anastasia-pivnenko-PRNG6R1nSpQ-unsplash.jpg	jpegli	420	55	model_policy	26.758	38.729	2.6247	CjpegliYcbcr	5.2
people	anastasia-pivnenko-PRNG6R1nSpQ-unsplash.jpg	jpegli	420	55	model_proj	26.821	43.213	2.3898	CjpegliYcbcr	5.2
people	anastasia-pivnenko-PRNG6R1nSpQ-unsplash.jpg	jpegli	420	75	identity_off	29.081	60.795	1.7077	CjpegliYcbcr	3.0
people	anastasia-pivnenko-PRNG6R1nSpQ-unsplash.jpg	jpegli	420	75	model_policy	29.032	59.273	1.7492	CjpegliYcbcr	3.0
people	anastasia-pivnenko-PRNG6R1nSpQ-unsplash.jpg	jpegli	420	75	model_proj	28.763	57.205	1.7944	CjpegliYcbcr	3.0
people	anastasia-pivnenko-PRNG6R1nSpQ-unsplash.jpg	jpegli	420	90	identity_off	39.453	86.484	0.5388	CjpegliYcbcr	1.3
people	anastasia-pivnenko-PRNG6R1nSpQ-unsplash.jpg	jpegli	420	90	model_policy	38.748	82.787	0.8759	CjpegliYcbcr	1.3
people	anastasia-pivnenko-PRNG6R1nSpQ-unsplash.jpg	jpegli	420	90	model_proj	37.022	79.626	0.7834	CjpegliYcbcr	1.3
people	anastasia-pivnenko-PRNG6R1nSpQ-unsplash.jpg	jpegli	444	15	identity_off	25.966	23.548	2.8818	CjpegliYcbcr	11.8
people	anastasia-pivnenko-PRNG6R1nSpQ-unsplash.jpg	jpegli	444	15	model_policy	25.899	18.046	3.1227	CjpegliYcbcr	11.8
people	anastasia-pivnenko-PRNG6R1nSpQ-unsplash.jpg	jpegli	444	15	model_proj	25.987	23.468	2.8907	CjpegliYcbcr	11.8
people	anastasia-pivnenko-PRNG6R1nSpQ-unsplash.jpg	jpegli	444	35	identity_off	26.604	40.102	2.4752	CjpegliYcbcr	6.0
people	anastasia-pivnenko-PRNG6R1nSpQ-unsplash.jpg	jpegli	444	35	model_policy	26.521	34.013	2.7336	CjpegliYcbcr	6.0
people	anastasia-pivnenko-PRNG6R1nSpQ-unsplash.jpg	jpegli	444	35	model_proj	26.607	39.792	2.4823	CjpegliYcbcr	6.0
people	anastasia-pivnenko-PRNG6R1nSpQ-unsplash.jpg	jpegli	444	55	identity_off	27.228	48.546	2.1910	CjpegliYcbcr	4.1
people	anastasia-pivnenko-PRNG6R1nSpQ-unsplash.jpg	jpegli	444	55	model_policy	27.146	43.753	2.3700	CjpegliYcbcr	4.1
people	anastasia-pivnenko-PRNG6R1nSpQ-unsplash.jpg	jpegli	444	55	model_proj	27.170	47.386	2.2214	CjpegliYcbcr	4.1
people	anastasia-pivnenko-PRNG6R1nSpQ-unsplash.jpg	jpegli	444	75	identity_off	31.251	68.928	1.3701	CjpegliYcbcr	2.3
people	anastasia-pivnenko-PRNG6R1nSpQ-unsplash.jpg	jpegli	444	75	model_policy	31.138	67.158	1.4163	CjpegliYcbcr	2.3
people	anastasia-pivnenko-PRNG6R1nSpQ-unsplash.jpg	jpegli	444	75	model_proj	30.593	63.930	1.5109	CjpegliYcbcr	2.3
people	anastasia-pivnenko-PRNG6R1nSpQ-unsplash.jpg	jpegli	444	90	identity_off	40.066	87.630	0.4659	CjpegliYcbcr	1.1
people	anastasia-pivnenko-PRNG6R1nSpQ-unsplash.jpg	jpegli	444	90	model_policy	39.336	83.790	0.8454	CjpegliYcbcr	1.1
people	anastasia-pivnenko-PRNG6R1nSpQ-unsplash.jpg	jpegli	444	90	model_proj	37.932	81.491	0.6879	CjpegliYcbcr	1.1
people	anastasia-pivnenko-PRNG6R1nSpQ-unsplash.jpg	zenjpeg	420	15	identity_off	25.938	20.329	2.9737	CjpegliYcbcr	14.2
people	anastasia-pivnenko-PRNG6R1nSpQ-unsplash.jpg	zenjpeg	420	15	model_policy	25.882	17.013	3.1885	CjpegliYcbcr	14.2
people	anastasia-pivnenko-PRNG6R1nSpQ-unsplash.jpg	zenjpeg	420	15	model_proj	25.958	20.572	2.9713	CjpegliYcbcr	14.2
people	anastasia-pivnenko-PRNG6R1nSpQ-unsplash.jpg	zenjpeg	420	35	identity_off	26.433	36.364	2.6043	CjpegliYcbcr	7.2
people	anastasia-pivnenko-PRNG6R1nSpQ-unsplash.jpg	zenjpeg	420	35	model_policy	26.354	31.044	2.8652	CjpegliYcbcr	7.2
people	anastasia-pivnenko-PRNG6R1nSpQ-unsplash.jpg	zenjpeg	420	35	model_proj	26.442	35.929	2.6098	CjpegliYcbcr	7.2
people	anastasia-pivnenko-PRNG6R1nSpQ-unsplash.jpg	zenjpeg	420	55	identity_off	26.842	43.937	2.3743	CjpegliYcbcr	5.2
people	anastasia-pivnenko-PRNG6R1nSpQ-unsplash.jpg	zenjpeg	420	55	model_policy	26.755	38.727	2.6278	CjpegliYcbcr	5.2
people	anastasia-pivnenko-PRNG6R1nSpQ-unsplash.jpg	zenjpeg	420	55	model_proj	26.817	43.177	2.3920	CjpegliYcbcr	5.2
people	anastasia-pivnenko-PRNG6R1nSpQ-unsplash.jpg	zenjpeg	420	75	identity_off	29.066	60.700	1.7126	CjpegliYcbcr	3.0
people	anastasia-pivnenko-PRNG6R1nSpQ-unsplash.jpg	zenjpeg	420	75	model_policy	29.017	59.247	1.7537	CjpegliYcbcr	3.0
people	anastasia-pivnenko-PRNG6R1nSpQ-unsplash.jpg	zenjpeg	420	75	model_proj	28.750	57.129	1.7993	CjpegliYcbcr	3.0
people	anastasia-pivnenko-PRNG6R1nSpQ-unsplash.jpg	zenjpeg	420	90	identity_off	39.438	86.199	0.5410	CjpegliYcbcr	1.3
people	anastasia-pivnenko-PRNG6R1nSpQ-unsplash.jpg	zenjpeg	420	90	model_policy	38.738	82.578	0.8788	CjpegliYcbcr	1.3
people	anastasia-pivnenko-PRNG6R1nSpQ-unsplash.jpg	zenjpeg	420	90	model_proj	37.026	79.519	0.7860	CjpegliYcbcr	1.3
people	anastasia-pivnenko-PRNG6R1nSpQ-unsplash.jpg	zenjpeg	444	15	identity_off	25.964	23.418	2.8829	CjpegliYcbcr	11.8
people	anastasia-pivnenko-PRNG6R1nSpQ-unsplash.jpg	zenjpeg	444	15	model_policy	25.898	17.921	3.1203	CjpegliYcbcr	11.8
people	anastasia-pivnenko-PRNG6R1nSpQ-unsplash.jpg	zenjpeg	444	15	model_proj	25.985	23.345	2.8914	CjpegliYcbcr	11.8
people	anastasia-pivnenko-PRNG6R1nSpQ-unsplash.jpg	zenjpeg	444	35	identity_off	26.598	39.996	2.4775	CjpegliYcbcr	6.0
people	anastasia-pivnenko-PRNG6R1nSpQ-unsplash.jpg	zenjpeg	444	35	model_policy	26.515	33.924	2.7377	CjpegliYcbcr	6.0
people	anastasia-pivnenko-PRNG6R1nSpQ-unsplash.jpg	zenjpeg	444	35	model_proj	26.601	39.664	2.4850	CjpegliYcbcr	6.0
people	anastasia-pivnenko-PRNG6R1nSpQ-unsplash.jpg	zenjpeg	444	55	identity_off	27.220	48.373	2.1942	CjpegliYcbcr	4.1
people	anastasia-pivnenko-PRNG6R1nSpQ-unsplash.jpg	zenjpeg	444	55	model_policy	27.138	43.613	2.3731	CjpegliYcbcr	4.1
people	anastasia-pivnenko-PRNG6R1nSpQ-unsplash.jpg	zenjpeg	444	55	model_proj	27.163	47.202	2.2243	CjpegliYcbcr	4.1
people	anastasia-pivnenko-PRNG6R1nSpQ-unsplash.jpg	zenjpeg	444	75	identity_off	31.222	68.794	1.3777	CjpegliYcbcr	2.3
people	anastasia-pivnenko-PRNG6R1nSpQ-unsplash.jpg	zenjpeg	444	75	model_policy	31.110	67.007	1.4234	CjpegliYcbcr	2.3
people	anastasia-pivnenko-PRNG6R1nSpQ-unsplash.jpg	zenjpeg	444	75	model_proj	30.567	63.895	1.5133	CjpegliYcbcr	2.3
people	anastasia-pivnenko-PRNG6R1nSpQ-unsplash.jpg	zenjpeg	444	90	identity_off	40.032	87.756	0.4678	CjpegliYcbcr	1.1
people	anastasia-pivnenko-PRNG6R1nSpQ-unsplash.jpg	zenjpeg	444	90	model_policy	39.305	83.775	0.8530	CjpegliYcbcr	1.1
people	anastasia-pivnenko-PRNG6R1nSpQ-unsplash.jpg	zenjpeg	444	90	model_proj	37.919	81.586	0.6850	CjpegliYcbcr	1.1
people	ashford-marx-5nEMKAK1WQs-unsplash.jpg	turbo	420	15	identity_off	26.150	29.162	2.9807	Unknown	15.0
people	ashford-marx-5nEMKAK1WQs-unsplash.jpg	turbo	420	15	model_policy	26.150	28.966	3.1278	Unknown	15.0
people	ashford-marx-5nEMKAK1WQs-unsplash.jpg	turbo	420	15	model_proj	26.236	29.678	2.9687	Unknown	15.0
people	ashford-marx-5nEMKAK1WQs-unsplash.jpg	turbo	420	35	identity_off	29.341	61.136	1.7757	ImageMagick	35.0
people	ashford-marx-5nEMKAK1WQs-unsplash.jpg	turbo	420	35	model_policy	29.289	57.923	2.4969	ImageMagick	35.0
people	ashford-marx-5nEMKAK1WQs-unsplash.jpg	turbo	420	35	model_proj	29.467	61.483	1.7591	ImageMagick	35.0
people	ashford-marx-5nEMKAK1WQs-unsplash.jpg	turbo	420	55	identity_off	31.204	70.958	1.3964	ImageMagick	55.0
people	ashford-marx-5nEMKAK1WQs-unsplash.jpg	turbo	420	55	model_policy	31.101	66.303	2.3218	ImageMagick	55.0
people	ashford-marx-5nEMKAK1WQs-unsplash.jpg	turbo	420	55	model_proj	31.361	71.281	1.3772	ImageMagick	55.0
people	ashford-marx-5nEMKAK1WQs-unsplash.jpg	turbo	420	75	identity_off	33.791	79.479	1.0193	ImageMagick	75.0
people	ashford-marx-5nEMKAK1WQs-unsplash.jpg	turbo	420	75	model_policy	33.566	72.859	2.2212	ImageMagick	75.0
people	ashford-marx-5nEMKAK1WQs-unsplash.jpg	turbo	420	75	model_proj	33.993	79.836	0.9919	ImageMagick	75.0
people	ashford-marx-5nEMKAK1WQs-unsplash.jpg	turbo	420	90	identity_off	38.793	88.490	0.5469	ImageMagick	90.0
people	ashford-marx-5nEMKAK1WQs-unsplash.jpg	turbo	420	90	model_policy	38.008	78.349	2.1622	ImageMagick	90.0
people	ashford-marx-5nEMKAK1WQs-unsplash.jpg	turbo	420	90	model_proj	39.025	88.689	0.5243	ImageMagick	90.0
people	ashford-marx-5nEMKAK1WQs-unsplash.jpg	turbo	444	15	identity_off	26.272	33.052	2.9210	Unknown	15.0
people	ashford-marx-5nEMKAK1WQs-unsplash.jpg	turbo	444	15	model_policy	26.269	32.389	3.0969	Unknown	15.0
people	ashford-marx-5nEMKAK1WQs-unsplash.jpg	turbo	444	15	model_proj	26.366	33.558	2.9087	Unknown	15.0
people	ashford-marx-5nEMKAK1WQs-unsplash.jpg	turbo	444	35	identity_off	29.548	64.308	1.7526	ImageMagick	35.0
people	ashford-marx-5nEMKAK1WQs-unsplash.jpg	turbo	444	35	model_policy	29.497	60.605	2.5076	ImageMagick	35.0
people	ashford-marx-5nEMKAK1WQs-unsplash.jpg	turbo	444	35	model_proj	29.683	64.674	1.7361	ImageMagick	35.0
people	ashford-marx-5nEMKAK1WQs-unsplash.jpg	turbo	444	55	identity_off	31.457	73.591	1.3826	ImageMagick	55.0
people	ashford-marx-5nEMKAK1WQs-unsplash.jpg	turbo	444	55	model_policy	31.355	68.669	2.2854	ImageMagick	55.0
people	ashford-marx-5nEMKAK1WQs-unsplash.jpg	turbo	444	55	model_proj	31.616	73.934	1.3646	ImageMagick	55.0
people	ashford-marx-5nEMKAK1WQs-unsplash.jpg	turbo	444	75	identity_off	34.140	81.563	1.0099	ImageMagick	75.0
people	ashford-marx-5nEMKAK1WQs-unsplash.jpg	turbo	444	75	model_policy	33.912	74.117	2.2227	ImageMagick	75.0
people	ashford-marx-5nEMKAK1WQs-unsplash.jpg	turbo	444	75	model_proj	34.345	81.916	0.9826	ImageMagick	75.0
people	ashford-marx-5nEMKAK1WQs-unsplash.jpg	turbo	444	90	identity_off	39.560	90.090	0.5380	ImageMagick	90.0
people	ashford-marx-5nEMKAK1WQs-unsplash.jpg	turbo	444	90	model_policy	38.669	79.222	2.1478	ImageMagick	90.0
people	ashford-marx-5nEMKAK1WQs-unsplash.jpg	turbo	444	90	model_proj	39.790	90.229	0.5168	ImageMagick	90.0
people	ashford-marx-5nEMKAK1WQs-unsplash.jpg	mozjpeg	420	15	identity_off	24.894	15.974	3.6097	Mozjpeg	15.0
people	ashford-marx-5nEMKAK1WQs-unsplash.jpg	mozjpeg	420	15	model_policy	24.894	15.735	3.6611	Mozjpeg	15.0
people	ashford-marx-5nEMKAK1WQs-unsplash.jpg	mozjpeg	420	15	model_proj	24.946	16.274	3.6030	Mozjpeg	15.0
people	ashford-marx-5nEMKAK1WQs-unsplash.jpg	mozjpeg	420	35	identity_off	28.253	54.949	2.0768	Mozjpeg	35.0
people	ashford-marx-5nEMKAK1WQs-unsplash.jpg	mozjpeg	420	35	model_policy	28.207	52.172	2.6165	Mozjpeg	35.0
people	ashford-marx-5nEMKAK1WQs-unsplash.jpg	mozjpeg	420	35	model_proj	28.334	55.136	2.0664	Mozjpeg	35.0
people	ashford-marx-5nEMKAK1WQs-unsplash.jpg	mozjpeg	420	55	identity_off	30.128	67.330	1.6003	Mozjpeg	55.0
people	ashford-marx-5nEMKAK1WQs-unsplash.jpg	mozjpeg	420	55	model_policy	30.039	63.069	2.3937	Mozjpeg	55.0
people	ashford-marx-5nEMKAK1WQs-unsplash.jpg	mozjpeg	420	55	model_proj	30.218	67.531	1.5892	Mozjpeg	55.0
people	ashford-marx-5nEMKAK1WQs-unsplash.jpg	mozjpeg	420	75	identity_off	32.667	77.606	1.1678	Mozjpeg	75.0
people	ashford-marx-5nEMKAK1WQs-unsplash.jpg	mozjpeg	420	75	model_policy	32.470	70.715	2.2745	Mozjpeg	75.0
people	ashford-marx-5nEMKAK1WQs-unsplash.jpg	mozjpeg	420	75	model_proj	32.755	77.737	1.1589	Mozjpeg	75.0
people	ashford-marx-5nEMKAK1WQs-unsplash.jpg	mozjpeg	420	90	identity_off	37.207	87.021	0.6759	Mozjpeg	90.0
people	ashford-marx-5nEMKAK1WQs-unsplash.jpg	mozjpeg	420	90	model_policy	36.584	76.952	2.1768	Mozjpeg	90.0
people	ashford-marx-5nEMKAK1WQs-unsplash.jpg	mozjpeg	420	90	model_proj	37.265	87.056	0.6674	Mozjpeg	90.0
people	ashford-marx-5nEMKAK1WQs-unsplash.jpg	mozjpeg	444	15	identity_off	24.986	18.750	3.5662	Mozjpeg	15.0
people	ashford-marx-5nEMKAK1WQs-unsplash.jpg	mozjpeg	444	15	model_policy	24.983	17.962	3.6021	Mozjpeg	15.0
people	ashford-marx-5nEMKAK1WQs-unsplash.jpg	mozjpeg	444	15	model_proj	25.044	19.016	3.5598	Mozjpeg	15.0
people	ashford-marx-5nEMKAK1WQs-unsplash.jpg	mozjpeg	444	35	identity_off	28.405	57.578	2.0626	Mozjpeg	35.0
people	ashford-marx-5nEMKAK1WQs-unsplash.jpg	mozjpeg	444	35	model_policy	28.358	54.227	2.6282	Mozjpeg	35.0
people	ashford-marx-5nEMKAK1WQs-unsplash.jpg	mozjpeg	444	35	model_proj	28.491	57.808	2.0522	Mozjpeg	35.0
people	ashford-marx-5nEMKAK1WQs-unsplash.jpg	mozjpeg	444	55	identity_off	30.300	69.154	1.5897	Mozjpeg	55.0
people	ashford-marx-5nEMKAK1WQs-unsplash.jpg	mozjpeg	444	55	model_policy	30.210	64.476	2.4072	Mozjpeg	55.0
people	ashford-marx-5nEMKAK1WQs-unsplash.jpg	mozjpeg	444	55	model_proj	30.390	69.341	1.5794	Mozjpeg	55.0
people	ashford-marx-5nEMKAK1WQs-unsplash.jpg	mozjpeg	444	75	identity_off	32.888	79.112	1.1607	Mozjpeg	75.0
people	ashford-marx-5nEMKAK1WQs-unsplash.jpg	mozjpeg	444	75	model_policy	32.690	71.601	2.2688	Mozjpeg	75.0
people	ashford-marx-5nEMKAK1WQs-unsplash.jpg	mozjpeg	444	75	model_proj	32.972	79.245	1.1521	Mozjpeg	75.0
people	ashford-marx-5nEMKAK1WQs-unsplash.jpg	mozjpeg	444	90	identity_off	37.563	88.049	0.6709	Mozjpeg	90.0
people	ashford-marx-5nEMKAK1WQs-unsplash.jpg	mozjpeg	444	90	model_policy	36.910	77.428	2.1700	Mozjpeg	90.0
people	ashford-marx-5nEMKAK1WQs-unsplash.jpg	mozjpeg	444	90	model_proj	37.607	88.042	0.6618	Mozjpeg	90.0
people	ashford-marx-5nEMKAK1WQs-unsplash.jpg	jpegli	420	15	identity_off	25.949	40.904	2.8166	CjpegliYcbcr	14.2
people	ashford-marx-5nEMKAK1WQs-unsplash.jpg	jpegli	420	15	model_policy	25.927	38.930	2.9382	CjpegliYcbcr	14.2
people	ashford-marx-5nEMKAK1WQs-unsplash.jpg	jpegli	420	15	model_proj	26.005	41.062	2.8094	CjpegliYcbcr	14.2
people	ashford-marx-5nEMKAK1WQs-unsplash.jpg	jpegli	420	35	identity_off	28.484	60.645	1.9665	CjpegliYcbcr	7.2
people	ashford-marx-5nEMKAK1WQs-unsplash.jpg	jpegli	420	35	model_policy	28.427	56.741	2.5242	CjpegliYcbcr	7.2
people	ashford-marx-5nEMKAK1WQs-unsplash.jpg	jpegli	420	35	model_proj	28.558	60.793	1.9566	CjpegliYcbcr	7.2
people	ashford-marx-5nEMKAK1WQs-unsplash.jpg	jpegli	420	55	identity_off	30.111	68.289	1.6019	CjpegliYcbcr	5.2
people	ashford-marx-5nEMKAK1WQs-unsplash.jpg	jpegli	420	55	model_policy	30.017	63.748	2.3727	CjpegliYcbcr	5.2
people	ashford-marx-5nEMKAK1WQs-unsplash.jpg	jpegli	420	55	model_proj	30.193	68.449	1.5912	CjpegliYcbcr	5.2
people	ashford-marx-5nEMKAK1WQs-unsplash.jpg	jpegli	420	75	identity_off	32.980	77.553	1.1284	CjpegliYcbcr	3.0
people	ashford-marx-5nEMKAK1WQs-unsplash.jpg	jpegli	420	75	model_policy	32.760	70.926	2.2592	CjpegliYcbcr	3.0
people	ashford-marx-5nEMKAK1WQs-unsplash.jpg	jpegli	420	75	model_proj	33.063	77.719	1.1186	CjpegliYcbcr	3.0
people	ashford-marx-5nEMKAK1WQs-unsplash.jpg	jpegli	420	90	identity_off	37.827	86.952	0.6011	CjpegliYcbcr	1.3
people	ashford-marx-5nEMKAK1WQs-unsplash.jpg	jpegli	420	90	model_policy	37.101	76.938	2.1549	CjpegliYcbcr	1.3
people	ashford-marx-5nEMKAK1WQs-unsplash.jpg	jpegli	420	90	model_proj	37.852	87.118	0.5992	CjpegliYcbcr	1.3
people	ashford-marx-5nEMKAK1WQs-unsplash.jpg	jpegli	444	15	identity_off	26.566	45.631	2.5262	CjpegliYcbcr	11.8
people	ashford-marx-5nEMKAK1WQs-unsplash.jpg	jpegli	444	15	model_policy	26.533	42.363	2.8836	CjpegliYcbcr	11.8
people	ashford-marx-5nEMKAK1WQs-unsplash.jpg	jpegli	444	15	model_proj	26.641	45.867	2.5181	CjpegliYcbcr	11.8
people	ashford-marx-5nEMKAK1WQs-unsplash.jpg	jpegli	444	35	identity_off	29.340	64.643	1.7441	CjpegliYcbcr	6.0
people	ashford-marx-5nEMKAK1WQs-unsplash.jpg	jpegli	444	35	model_policy	29.261	59.419	2.4285	CjpegliYcbcr	6.0
people	ashford-marx-5nEMKAK1WQs-unsplash.jpg	jpegli	444	35	model_proj	29.439	64.851	1.7336	CjpegliYcbcr	6.0
people	ashford-marx-5nEMKAK1WQs-unsplash.jpg	jpegli	444	55	identity_off	31.044	71.694	1.4182	CjpegliYcbcr	4.1
people	ashford-marx-5nEMKAK1WQs-unsplash.jpg	jpegli	444	55	model_policy	30.915	65.400	2.3365	CjpegliYcbcr	4.1
people	ashford-marx-5nEMKAK1WQs-unsplash.jpg	jpegli	444	55	model_proj	31.158	71.893	1.4072	CjpegliYcbcr	4.1
people	ashford-marx-5nEMKAK1WQs-unsplash.jpg	jpegli	444	75	identity_off	33.901	79.919	0.9953	CjpegliYcbcr	2.3
people	ashford-marx-5nEMKAK1WQs-unsplash.jpg	jpegli	444	75	model_policy	33.616	71.950	2.2428	CjpegliYcbcr	2.3
people	ashford-marx-5nEMKAK1WQs-unsplash.jpg	jpegli	444	75	model_proj	34.023	80.115	0.9857	CjpegliYcbcr	2.3
people	ashford-marx-5nEMKAK1WQs-unsplash.jpg	jpegli	444	90	identity_off	38.867	88.338	0.5169	CjpegliYcbcr	1.1
people	ashford-marx-5nEMKAK1WQs-unsplash.jpg	jpegli	444	90	model_policy	37.973	77.459	2.1441	CjpegliYcbcr	1.1
people	ashford-marx-5nEMKAK1WQs-unsplash.jpg	jpegli	444	90	model_proj	38.968	88.496	0.5113	CjpegliYcbcr	1.1
people	ashford-marx-5nEMKAK1WQs-unsplash.jpg	zenjpeg	420	15	identity_off	25.934	40.775	2.8233	CjpegliYcbcr	14.2
people	ashford-marx-5nEMKAK1WQs-unsplash.jpg	zenjpeg	420	15	model_policy	25.911	38.788	2.9620	CjpegliYcbcr	14.2
people	ashford-marx-5nEMKAK1WQs-unsplash.jpg	zenjpeg	420	15	model_proj	25.990	40.958	2.8162	CjpegliYcbcr	14.2
people	ashford-marx-5nEMKAK1WQs-unsplash.jpg	zenjpeg	420	35	identity_off	28.460	60.495	1.9725	CjpegliYcbcr	7.2
people	ashford-marx-5nEMKAK1WQs-unsplash.jpg	zenjpeg	420	35	model_policy	28.402	56.596	2.5344	CjpegliYcbcr	7.2
people	ashford-marx-5nEMKAK1WQs-unsplash.jpg	zenjpeg	420	35	model_proj	28.534	60.625	1.9628	CjpegliYcbcr	7.2
people	ashford-marx-5nEMKAK1WQs-unsplash.jpg	zenjpeg	420	55	identity_off	30.083	68.144	1.6060	CjpegliYcbcr	5.2
people	ashford-marx-5nEMKAK1WQs-unsplash.jpg	zenjpeg	420	55	model_policy	29.988	63.598	2.3833	CjpegliYcbcr	5.2
people	ashford-marx-5nEMKAK1WQs-unsplash.jpg	zenjpeg	420	55	model_proj	30.165	68.283	1.5957	CjpegliYcbcr	5.2
people	ashford-marx-5nEMKAK1WQs-unsplash.jpg	zenjpeg	420	75	identity_off	32.950	77.455	1.1312	CjpegliYcbcr	3.0
people	ashford-marx-5nEMKAK1WQs-unsplash.jpg	zenjpeg	420	75	model_policy	32.728	70.851	2.2734	CjpegliYcbcr	3.0
people	ashford-marx-5nEMKAK1WQs-unsplash.jpg	zenjpeg	420	75	model_proj	33.034	77.632	1.1215	CjpegliYcbcr	3.0
people	ashford-marx-5nEMKAK1WQs-unsplash.jpg	zenjpeg	420	90	identity_off	37.783	86.958	0.6036	CjpegliYcbcr	1.3
people	ashford-marx-5nEMKAK1WQs-unsplash.jpg	zenjpeg	420	90	model_policy	37.056	76.979	2.1643	CjpegliYcbcr	1.3
people	ashford-marx-5nEMKAK1WQs-unsplash.jpg	zenjpeg	420	90	model_proj	37.806	87.093	0.6010	CjpegliYcbcr	1.3
people	ashford-marx-5nEMKAK1WQs-unsplash.jpg	zenjpeg	444	15	identity_off	26.550	45.627	2.5329	CjpegliYcbcr	11.8
people	ashford-marx-5nEMKAK1WQs-unsplash.jpg	zenjpeg	444	15	model_policy	26.517	42.377	2.8957	CjpegliYcbcr	11.8
people	ashford-marx-5nEMKAK1WQs-unsplash.jpg	zenjpeg	444	15	model_proj	26.625	45.866	2.5250	CjpegliYcbcr	11.8
people	ashford-marx-5nEMKAK1WQs-unsplash.jpg	zenjpeg	444	35	identity_off	29.318	64.370	1.7512	CjpegliYcbcr	6.0
people	ashford-marx-5nEMKAK1WQs-unsplash.jpg	zenjpeg	444	35	model_policy	29.237	59.186	2.4473	CjpegliYcbcr	6.0
people	ashford-marx-5nEMKAK1WQs-unsplash.jpg	zenjpeg	444	35	model_proj	29.417	64.579	1.7410	CjpegliYcbcr	6.0
people	ashford-marx-5nEMKAK1WQs-unsplash.jpg	zenjpeg	444	55	identity_off	31.013	71.696	1.4227	CjpegliYcbcr	4.1
people	ashford-marx-5nEMKAK1WQs-unsplash.jpg	zenjpeg	444	55	model_policy	30.882	65.341	2.3392	CjpegliYcbcr	4.1
people	ashford-marx-5nEMKAK1WQs-unsplash.jpg	zenjpeg	444	55	model_proj	31.126	71.887	1.4124	CjpegliYcbcr	4.1
people	ashford-marx-5nEMKAK1WQs-unsplash.jpg	zenjpeg	444	75	identity_off	33.869	79.919	0.9995	CjpegliYcbcr	2.3
people	ashford-marx-5nEMKAK1WQs-unsplash.jpg	zenjpeg	444	75	model_policy	33.584	71.851	2.2545	CjpegliYcbcr	2.3
people	ashford-marx-5nEMKAK1WQs-unsplash.jpg	zenjpeg	444	75	model_proj	33.990	80.117	0.9904	CjpegliYcbcr	2.3
people	ashford-marx-5nEMKAK1WQs-unsplash.jpg	zenjpeg	444	90	identity_off	38.831	88.275	0.5190	CjpegliYcbcr	1.1
people	ashford-marx-5nEMKAK1WQs-unsplash.jpg	zenjpeg	444	90	model_policy	37.930	77.449	2.1544	CjpegliYcbcr	1.1
people	ashford-marx-5nEMKAK1WQs-unsplash.jpg	zenjpeg	444	90	model_proj	38.927	88.400	0.5156	CjpegliYcbcr	1.1
screen	archive__details-collection__1440x900__dpr1.png	turbo	420	15	identity_off	40.114	85.700	4.7848	Unknown	15.0
screen	archive__details-collection__1440x900__dpr1.png	turbo	420	15	model_policy	37.592	90.256	8.1928	Unknown	15.0
screen	archive__details-collection__1440x900__dpr1.png	turbo	420	15	model_proj	37.352	89.808	6.1142	Unknown	15.0
screen	archive__details-collection__1440x900__dpr1.png	turbo	420	35	identity_off	48.131	90.220	2.3578	ImageMagick	35.0
screen	archive__details-collection__1440x900__dpr1.png	turbo	420	35	model_policy	37.367	89.328	8.3922	ImageMagick	35.0
screen	archive__details-collection__1440x900__dpr1.png	turbo	420	35	model_proj	45.180	87.589	3.0624	ImageMagick	35.0
screen	archive__details-collection__1440x900__dpr1.png	turbo	420	55	identity_off	45.912	88.295	2.6346	ImageMagick	55.0
screen	archive__details-collection__1440x900__dpr1.png	turbo	420	55	model_policy	39.715	90.294	6.7166	ImageMagick	55.0
screen	archive__details-collection__1440x900__dpr1.png	turbo	420	55	model_proj	49.937	92.724	1.9178	ImageMagick	55.0
screen	archive__details-collection__1440x900__dpr1.png	turbo	420	75	identity_off	99.000	100.000	0.0000	ImageMagick	75.0
screen	archive__details-collection__1440x900__dpr1.png	turbo	420	75	model_policy	38.774	92.854	7.3458	ImageMagick	75.0
screen	archive__details-collection__1440x900__dpr1.png	turbo	420	75	model_proj	52.944	93.077	0.8393	ImageMagick	75.0
screen	archive__details-collection__1440x900__dpr1.png	turbo	420	90	identity_off	99.000	100.000	0.0000	ImageMagick	90.0
screen	archive__details-collection__1440x900__dpr1.png	turbo	420	90	model_policy	38.774	92.854	7.3458	ImageMagick	90.0
screen	archive__details-collection__1440x900__dpr1.png	turbo	420	90	model_proj	53.005	88.277	1.3715	ImageMagick	90.0
screen	archive__details-collection__1440x900__dpr1.png	turbo	444	15	identity_off	40.114	85.700	4.7848	Unknown	15.0
screen	archive__details-collection__1440x900__dpr1.png	turbo	444	15	model_policy	37.592	90.256	8.1928	Unknown	15.0
screen	archive__details-collection__1440x900__dpr1.png	turbo	444	15	model_proj	37.352	89.808	6.1142	Unknown	15.0
screen	archive__details-collection__1440x900__dpr1.png	turbo	444	35	identity_off	48.131	90.220	2.3578	ImageMagick	35.0
screen	archive__details-collection__1440x900__dpr1.png	turbo	444	35	model_policy	37.367	89.328	8.3922	ImageMagick	35.0
screen	archive__details-collection__1440x900__dpr1.png	turbo	444	35	model_proj	45.180	87.589	3.0624	ImageMagick	35.0
screen	archive__details-collection__1440x900__dpr1.png	turbo	444	55	identity_off	45.912	88.295	2.6346	ImageMagick	55.0
screen	archive__details-collection__1440x900__dpr1.png	turbo	444	55	model_policy	39.715	90.294	6.7166	ImageMagick	55.0
screen	archive__details-collection__1440x900__dpr1.png	turbo	444	55	model_proj	49.937	92.724	1.9178	ImageMagick	55.0
screen	archive__details-collection__1440x900__dpr1.png	turbo	444	75	identity_off	99.000	100.000	0.0000	ImageMagick	75.0
screen	archive__details-collection__1440x900__dpr1.png	turbo	444	75	model_policy	38.774	92.854	7.3458	ImageMagick	75.0
screen	archive__details-collection__1440x900__dpr1.png	turbo	444	75	model_proj	52.944	93.068	0.8393	ImageMagick	75.0
screen	archive__details-collection__1440x900__dpr1.png	turbo	444	90	identity_off	99.000	100.000	0.0000	ImageMagick	90.0
screen	archive__details-collection__1440x900__dpr1.png	turbo	444	90	model_policy	38.774	92.854	7.3458	ImageMagick	90.0
screen	archive__details-collection__1440x900__dpr1.png	turbo	444	90	model_proj	53.046	90.532	1.3664	ImageMagick	90.0
screen	archive__details-collection__1440x900__dpr1.png	mozjpeg	420	15	identity_off	40.114	85.700	4.7848	Mozjpeg	15.0
screen	archive__details-collection__1440x900__dpr1.png	mozjpeg	420	15	model_policy	37.592	90.256	8.1928	Mozjpeg	15.0
screen	archive__details-collection__1440x900__dpr1.png	mozjpeg	420	15	model_proj	37.352	89.808	6.1142	Mozjpeg	15.0
screen	archive__details-collection__1440x900__dpr1.png	mozjpeg	420	35	identity_off	48.131	90.220	2.3578	Mozjpeg	35.0
screen	archive__details-collection__1440x900__dpr1.png	mozjpeg	420	35	model_policy	37.367	89.328	8.3922	Mozjpeg	35.0
screen	archive__details-collection__1440x900__dpr1.png	mozjpeg	420	35	model_proj	45.180	87.589	3.0624	Mozjpeg	35.0
screen	archive__details-collection__1440x900__dpr1.png	mozjpeg	420	55	identity_off	45.912	88.295	2.6346	Mozjpeg	55.0
screen	archive__details-collection__1440x900__dpr1.png	mozjpeg	420	55	model_policy	39.715	90.294	6.7166	Mozjpeg	55.0
screen	archive__details-collection__1440x900__dpr1.png	mozjpeg	420	55	model_proj	49.937	92.724	1.9178	Mozjpeg	55.0
screen	archive__details-collection__1440x900__dpr1.png	mozjpeg	420	75	identity_off	99.000	100.000	0.0000	Mozjpeg	75.0
screen	archive__details-collection__1440x900__dpr1.png	mozjpeg	420	75	model_policy	38.774	92.854	7.3458	Mozjpeg	75.0
screen	archive__details-collection__1440x900__dpr1.png	mozjpeg	420	75	model_proj	52.886	93.077	0.8439	Mozjpeg	75.0
screen	archive__details-collection__1440x900__dpr1.png	mozjpeg	420	90	identity_off	99.000	100.000	0.0000	Mozjpeg	90.0
screen	archive__details-collection__1440x900__dpr1.png	mozjpeg	420	90	model_policy	38.774	92.854	7.3458	Mozjpeg	90.0
screen	archive__details-collection__1440x900__dpr1.png	mozjpeg	420	90	model_proj	72.985	94.758	0.1607	Mozjpeg	90.0
screen	archive__details-collection__1440x900__dpr1.png	mozjpeg	444	15	identity_off	40.114	85.700	4.7848	Mozjpeg	15.0
screen	archive__details-collection__1440x900__dpr1.png	mozjpeg	444	15	model_policy	37.592	90.256	8.1928	Mozjpeg	15.0
screen	archive__details-collection__1440x900__dpr1.png	mozjpeg	444	15	model_proj	37.352	89.808	6.1142	Mozjpeg	15.0
screen	archive__details-collection__1440x900__dpr1.png	mozjpeg	444	35	identity_off	48.131	90.220	2.3578	Mozjpeg	35.0
screen	archive__details-collection__1440x900__dpr1.png	mozjpeg	444	35	model_policy	37.367	89.328	8.3922	Mozjpeg	35.0
screen	archive__details-collection__1440x900__dpr1.png	mozjpeg	444	35	model_proj	45.180	87.589	3.0624	Mozjpeg	35.0
screen	archive__details-collection__1440x900__dpr1.png	mozjpeg	444	55	identity_off	45.912	88.295	2.6346	Mozjpeg	55.0
screen	archive__details-collection__1440x900__dpr1.png	mozjpeg	444	55	model_policy	39.715	90.294	6.7166	Mozjpeg	55.0
screen	archive__details-collection__1440x900__dpr1.png	mozjpeg	444	55	model_proj	49.937	92.724	1.9178	Mozjpeg	55.0
screen	archive__details-collection__1440x900__dpr1.png	mozjpeg	444	75	identity_off	99.000	100.000	0.0000	Mozjpeg	75.0
screen	archive__details-collection__1440x900__dpr1.png	mozjpeg	444	75	model_policy	38.774	92.854	7.3458	Mozjpeg	75.0
screen	archive__details-collection__1440x900__dpr1.png	mozjpeg	444	75	model_proj	52.886	93.077	0.8439	Mozjpeg	75.0
screen	archive__details-collection__1440x900__dpr1.png	mozjpeg	444	90	identity_off	99.000	100.000	0.0000	Mozjpeg	90.0
screen	archive__details-collection__1440x900__dpr1.png	mozjpeg	444	90	model_policy	38.774	92.854	7.3458	Mozjpeg	90.0
screen	archive__details-collection__1440x900__dpr1.png	mozjpeg	444	90	model_proj	73.938	95.106	0.1606	Mozjpeg	90.0
screen	archive__details-collection__1440x900__dpr1.png	jpegli	420	15	identity_off	48.131	90.220	2.3578	CjpegliYcbcr	14.2
screen	archive__details-collection__1440x900__dpr1.png	jpegli	420	15	model_policy	37.367	89.328	8.3922	CjpegliYcbcr	14.2
screen	archive__details-collection__1440x900__dpr1.png	jpegli	420	15	model_proj	45.180	87.589	3.0624	CjpegliYcbcr	14.2
screen	archive__details-collection__1440x900__dpr1.png	jpegli	420	35	identity_off	45.912	88.352	1.4854	CjpegliYcbcr	7.2
screen	archive__details-collection__1440x900__dpr1.png	jpegli	420	35	model_policy	39.139	87.690	7.0887	CjpegliYcbcr	7.2
screen	archive__details-collection__1440x900__dpr1.png	jpegli	420	35	model_proj	52.808	89.529	0.8587	CjpegliYcbcr	7.2
screen	archive__details-collection__1440x900__dpr1.png	jpegli	420	55	identity_off	48.131	86.446	1.4175	CjpegliYcbcr	5.2
screen	archive__details-collection__1440x900__dpr1.png	jpegli	420	55	model_policy	38.339	90.435	7.7091	CjpegliYcbcr	5.2
screen	archive__details-collection__1440x900__dpr1.png	jpegli	420	55	model_proj	49.803	90.829	1.5176	CjpegliYcbcr	5.2
screen	archive__details-collection__1440x900__dpr1.png	jpegli	420	75	identity_off	99.000	100.000	0.0000	CjpegliYcbcr	3.0
screen	archive__details-collection__1440x900__dpr1.png	jpegli	420	75	model_policy	38.774	92.854	7.3458	CjpegliYcbcr	3.0
screen	archive__details-collection__1440x900__dpr1.png	jpegli	420	75	model_proj	52.886	93.077	0.8439	CjpegliYcbcr	3.0
screen	archive__details-collection__1440x900__dpr1.png	jpegli	420	90	identity_off	99.000	100.000	0.0000	CjpegliYcbcr	1.3
screen	archive__details-collection__1440x900__dpr1.png	jpegli	420	90	model_policy	38.774	92.854	7.3458	CjpegliYcbcr	1.3
screen	archive__details-collection__1440x900__dpr1.png	jpegli	420	90	model_proj	53.106	92.780	1.3575	CjpegliYcbcr	1.3
screen	archive__details-collection__1440x900__dpr1.png	jpegli	444	15	identity_off	42.488	87.634	2.0371	CjpegliYcbcr	11.8
screen	archive__details-collection__1440x900__dpr1.png	jpegli	444	15	model_policy	35.791	92.964	9.0155	CjpegliYcbcr	11.8
screen	archive__details-collection__1440x900__dpr1.png	jpegli	444	15	model_proj	42.488	87.132	2.0371	CjpegliYcbcr	11.8
screen	archive__details-collection__1440x900__dpr1.png	jpegli	444	35	identity_off	48.131	90.220	2.3578	CjpegliYcbcr	6.0
screen	archive__details-collection__1440x900__dpr1.png	jpegli	444	35	model_policy	37.367	89.328	8.3922	CjpegliYcbcr	6.0
screen	archive__details-collection__1440x900__dpr1.png	jpegli	444	35	model_proj	45.180	87.589	3.0624	CjpegliYcbcr	6.0
screen	archive__details-collection__1440x900__dpr1.png	jpegli	444	55	identity_off	48.131	90.220	2.3578	CjpegliYcbcr	4.1
screen	archive__details-collection__1440x900__dpr1.png	jpegli	444	55	model_policy	37.367	89.328	8.3922	CjpegliYcbcr	4.1
screen	archive__details-collection__1440x900__dpr1.png	jpegli	444	55	model_proj	45.180	87.589	3.0624	CjpegliYcbcr	4.1
screen	archive__details-collection__1440x900__dpr1.png	jpegli	444	75	identity_off	45.912	88.295	2.6346	CjpegliYcbcr	2.3
screen	archive__details-collection__1440x900__dpr1.png	jpegli	444	75	model_policy	39.715	90.294	6.7166	CjpegliYcbcr	2.3
screen	archive__details-collection__1440x900__dpr1.png	jpegli	444	75	model_proj	49.937	92.724	1.9178	CjpegliYcbcr	2.3
screen	archive__details-collection__1440x900__dpr1.png	jpegli	444	90	identity_off	99.000	100.000	0.0000	CjpegliYcbcr	1.1
screen	archive__details-collection__1440x900__dpr1.png	jpegli	444	90	model_policy	38.774	92.854	7.3458	CjpegliYcbcr	1.1
screen	archive__details-collection__1440x900__dpr1.png	jpegli	444	90	model_proj	75.190	95.533	0.1584	CjpegliYcbcr	1.1
screen	archive__details-collection__1440x900__dpr1.png	zenjpeg	420	15	identity_off	48.131	90.220	2.3578	CjpegliYcbcr	14.2
screen	archive__details-collection__1440x900__dpr1.png	zenjpeg	420	15	model_policy	37.367	89.328	8.3922	CjpegliYcbcr	14.2
screen	archive__details-collection__1440x900__dpr1.png	zenjpeg	420	15	model_proj	45.180	87.589	3.0624	CjpegliYcbcr	14.2
screen	archive__details-collection__1440x900__dpr1.png	zenjpeg	420	35	identity_off	45.912	88.352	1.4854	CjpegliYcbcr	7.2
screen	archive__details-collection__1440x900__dpr1.png	zenjpeg	420	35	model_policy	39.139	87.690	7.0887	CjpegliYcbcr	7.2
screen	archive__details-collection__1440x900__dpr1.png	zenjpeg	420	35	model_proj	52.808	89.529	0.8587	CjpegliYcbcr	7.2
screen	archive__details-collection__1440x900__dpr1.png	zenjpeg	420	55	identity_off	48.131	93.654	1.4221	CjpegliYcbcr	5.2
screen	archive__details-collection__1440x900__dpr1.png	zenjpeg	420	55	model_policy	37.890	89.201	7.6635	CjpegliYcbcr	5.2
screen	archive__details-collection__1440x900__dpr1.png	zenjpeg	420	55	model_proj	45.142	93.659	1.5404	CjpegliYcbcr	5.2
screen	archive__details-collection__1440x900__dpr1.png	zenjpeg	420	75	identity_off	99.000	100.000	0.0000	CjpegliYcbcr	3.0
screen	archive__details-collection__1440x900__dpr1.png	zenjpeg	420	75	model_policy	38.774	92.854	7.3458	CjpegliYcbcr	3.0
screen	archive__details-collection__1440x900__dpr1.png	zenjpeg	420	75	model_proj	52.886	93.077	0.8439	CjpegliYcbcr	3.0
screen	archive__details-collection__1440x900__dpr1.png	zenjpeg	420	90	identity_off	99.000	100.000	0.0000	CjpegliYcbcr	1.3
screen	archive__details-collection__1440x900__dpr1.png	zenjpeg	420	90	model_policy	38.774	92.854	7.3458	CjpegliYcbcr	1.3
screen	archive__details-collection__1440x900__dpr1.png	zenjpeg	420	90	model_proj	52.987	88.912	1.3726	CjpegliYcbcr	1.3
screen	archive__details-collection__1440x900__dpr1.png	zenjpeg	444	15	identity_off	42.488	87.634	2.0371	CjpegliYcbcr	11.8
screen	archive__details-collection__1440x900__dpr1.png	zenjpeg	444	15	model_policy	35.791	92.964	9.0155	CjpegliYcbcr	11.8
screen	archive__details-collection__1440x900__dpr1.png	zenjpeg	444	15	model_proj	42.488	87.132	2.0371	CjpegliYcbcr	11.8
screen	archive__details-collection__1440x900__dpr1.png	zenjpeg	444	35	identity_off	48.131	90.220	2.3578	CjpegliYcbcr	6.0
screen	archive__details-collection__1440x900__dpr1.png	zenjpeg	444	35	model_policy	37.367	89.328	8.3922	CjpegliYcbcr	6.0
screen	archive__details-collection__1440x900__dpr1.png	zenjpeg	444	35	model_proj	45.180	87.589	3.0624	CjpegliYcbcr	6.0
screen	archive__details-collection__1440x900__dpr1.png	zenjpeg	444	55	identity_off	46.881	92.335	1.6860	CjpegliYcbcr	4.1
screen	archive__details-collection__1440x900__dpr1.png	zenjpeg	444	55	model_policy	36.708	87.748	8.6672	CjpegliYcbcr	4.1
screen	archive__details-collection__1440x900__dpr1.png	zenjpeg	444	55	model_proj	41.005	87.369	3.3251	CjpegliYcbcr	4.1
screen	archive__details-collection__1440x900__dpr1.png	zenjpeg	444	75	identity_off	45.912	88.295	2.6346	CjpegliYcbcr	2.3
screen	archive__details-collection__1440x900__dpr1.png	zenjpeg	444	75	model_policy	39.715	90.294	6.7166	CjpegliYcbcr	2.3
screen	archive__details-collection__1440x900__dpr1.png	zenjpeg	444	75	model_proj	49.937	92.724	1.9178	CjpegliYcbcr	2.3
screen	archive__details-collection__1440x900__dpr1.png	zenjpeg	444	90	identity_off	99.000	100.000	0.0000	CjpegliYcbcr	1.1
screen	archive__details-collection__1440x900__dpr1.png	zenjpeg	444	90	model_policy	38.774	92.854	7.3458	CjpegliYcbcr	1.1
screen	archive__details-collection__1440x900__dpr1.png	zenjpeg	444	90	model_proj	75.190	95.533	0.1584	CjpegliYcbcr	1.1
screen	archive__wayback-search__1440x900__dpr1.png	turbo	420	15	identity_off	27.357	39.677	3.4757	Unknown	15.0
screen	archive__wayback-search__1440x900__dpr1.png	turbo	420	15	model_policy	27.213	34.566	4.0605	Unknown	15.0
screen	archive__wayback-search__1440x900__dpr1.png	turbo	420	15	model_proj	28.564	45.312	3.1389	Unknown	15.0
screen	archive__wayback-search__1440x900__dpr1.png	turbo	420	35	identity_off	30.287	59.328	2.2584	ImageMagick	35.0
screen	archive__wayback-search__1440x900__dpr1.png	turbo	420	35	model_policy	29.969	52.349	3.2023	ImageMagick	35.0
screen	archive__wayback-search__1440x900__dpr1.png	turbo	420	35	model_proj	31.968	66.641	1.7627	ImageMagick	35.0
screen	archive__wayback-search__1440x900__dpr1.png	turbo	420	55	identity_off	31.968	67.077	1.8603	ImageMagick	55.0
screen	archive__wayback-search__1440x900__dpr1.png	turbo	420	55	model_policy	31.446	56.906	3.1073	ImageMagick	55.0
screen	archive__wayback-search__1440x900__dpr1.png	turbo	420	55	model_proj	33.814	75.210	1.2716	ImageMagick	55.0
screen	archive__wayback-search__1440x900__dpr1.png	turbo	420	75	identity_off	33.971	75.104	1.4084	ImageMagick	75.0
screen	archive__wayback-search__1440x900__dpr1.png	turbo	420	75	model_policy	33.089	61.436	3.0435	ImageMagick	75.0
screen	archive__wayback-search__1440x900__dpr1.png	turbo	420	75	model_proj	35.971	81.302	0.9108	ImageMagick	75.0
screen	archive__wayback-search__1440x900__dpr1.png	turbo	420	90	identity_off	36.843	83.513	0.9108	ImageMagick	90.0
screen	archive__wayback-search__1440x900__dpr1.png	turbo	420	90	model_policy	35.149	64.339	3.0396	ImageMagick	90.0
screen	archive__wayback-search__1440x900__dpr1.png	turbo	420	90	model_proj	38.680	86.221	0.6443	ImageMagick	90.0
screen	archive__wayback-search__1440x900__dpr1.png	turbo	444	15	identity_off	27.706	43.416	3.4533	Unknown	15.0
screen	archive__wayback-search__1440x900__dpr1.png	turbo	444	15	model_policy	27.535	37.384	4.0713	Unknown	15.0
screen	archive__wayback-search__1440x900__dpr1.png	turbo	444	15	model_proj	28.833	49.145	3.1127	Unknown	15.0
screen	archive__wayback-search__1440x900__dpr1.png	turbo	444	35	identity_off	30.935	62.254	2.1983	ImageMagick	35.0
screen	archive__wayback-search__1440x900__dpr1.png	turbo	444	35	model_policy	30.511	52.865	3.2723	ImageMagick	35.0
screen	archive__wayback-search__1440x900__dpr1.png	turbo	444	35	model_proj	32.270	69.062	1.7568	ImageMagick	35.0
screen	archive__wayback-search__1440x900__dpr1.png	turbo	444	55	identity_off	32.838	68.950	1.7972	ImageMagick	55.0
screen	archive__wayback-search__1440x900__dpr1.png	turbo	444	55	model_policy	32.151	57.804	3.1389	ImageMagick	55.0
screen	archive__wayback-search__1440x900__dpr1.png	turbo	444	55	model_proj	34.311	76.464	1.2601	ImageMagick	55.0
screen	archive__wayback-search__1440x900__dpr1.png	turbo	444	75	identity_off	35.300	76.807	1.3453	ImageMagick	75.0
screen	archive__wayback-search__1440x900__dpr1.png	turbo	444	75	model_policy	34.067	61.690	3.1157	ImageMagick	75.0
screen	archive__wayback-search__1440x900__dpr1.png	turbo	444	75	model_proj	36.772	82.448	0.8821	ImageMagick	75.0
screen	archive__wayback-search__1440x900__dpr1.png	turbo	444	90	identity_off	39.333	86.223	0.7931	ImageMagick	90.0
screen	archive__wayback-search__1440x900__dpr1.png	turbo	444	90	model_policy	36.563	63.703	3.0686	ImageMagick	90.0
screen	archive__wayback-search__1440x900__dpr1.png	turbo	444	90	model_proj	40.268	88.918	0.5657	ImageMagick	90.0
screen	archive__wayback-search__1440x900__dpr1.png	mozjpeg	420	15	identity_off	25.039	26.373	5.2733	Mozjpeg	15.0
screen	archive__wayback-search__1440x900__dpr1.png	mozjpeg	420	15	model_policy	24.911	18.461	5.8480	Mozjpeg	15.0
screen	archive__wayback-search__1440x900__dpr1.png	mozjpeg	420	15	model_proj	25.661	29.887	5.2310	Mozjpeg	15.0
screen	archive__wayback-search__1440x900__dpr1.png	mozjpeg	420	35	identity_off	28.412	54.093	3.2948	Mozjpeg	35.0
screen	archive__wayback-search__1440x900__dpr1.png	mozjpeg	420	35	model_policy	28.139	43.218	4.0275	Mozjpeg	35.0
screen	archive__wayback-search__1440x900__dpr1.png	mozjpeg	420	35	model_proj	29.680	59.673	3.1403	Mozjpeg	35.0
screen	archive__wayback-search__1440x900__dpr1.png	mozjpeg	420	55	identity_off	30.194	63.760	2.3893	Mozjpeg	55.0
screen	archive__wayback-search__1440x900__dpr1.png	mozjpeg	420	55	model_policy	29.762	51.295	3.4009	Mozjpeg	55.0
screen	archive__wayback-search__1440x900__dpr1.png	mozjpeg	420	55	model_proj	31.553	68.953	2.1420	Mozjpeg	55.0
screen	archive__wayback-search__1440x900__dpr1.png	mozjpeg	420	75	identity_off	32.466	73.688	1.7074	Mozjpeg	75.0
screen	archive__wayback-search__1440x900__dpr1.png	mozjpeg	420	75	model_policy	31.733	57.824	3.1885	Mozjpeg	75.0
screen	archive__wayback-search__1440x900__dpr1.png	mozjpeg	420	75	model_proj	33.814	77.450	1.5011	Mozjpeg	75.0
screen	archive__wayback-search__1440x900__dpr1.png	mozjpeg	420	90	identity_off	35.891	82.279	1.0264	Mozjpeg	90.0
screen	archive__wayback-search__1440x900__dpr1.png	mozjpeg	420	90	model_policy	34.391	62.253	3.0918	Mozjpeg	90.0
screen	archive__wayback-search__1440x900__dpr1.png	mozjpeg	420	90	model_proj	37.333	84.515	0.8077	Mozjpeg	90.0
screen	archive__wayback-search__1440x900__dpr1.png	mozjpeg	444	15	identity_off	25.262	27.923	5.3659	Mozjpeg	15.0
screen	archive__wayback-search__1440x900__dpr1.png	mozjpeg	444	15	model_policy	25.110	18.190	5.9983	Mozjpeg	15.0
screen	archive__wayback-search__1440x900__dpr1.png	mozjpeg	444	15	model_proj	25.804	31.099	5.3216	Mozjpeg	15.0
screen	archive__wayback-search__1440x900__dpr1.png	mozjpeg	444	35	identity_off	28.808	55.623	3.3227	Mozjpeg	35.0
screen	archive__wayback-search__1440x900__dpr1.png	mozjpeg	444	35	model_policy	28.482	43.911	4.0393	Mozjpeg	35.0
screen	archive__wayback-search__1440x900__dpr1.png	mozjpeg	444	35	model_proj	29.566	59.792	3.1761	Mozjpeg	35.0
screen	archive__wayback-search__1440x900__dpr1.png	mozjpeg	444	55	identity_off	30.783	65.727	2.4004	Mozjpeg	55.0
screen	archive__wayback-search__1440x900__dpr1.png	mozjpeg	444	55	model_policy	30.260	51.320	3.4489	Mozjpeg	55.0
screen	archive__wayback-search__1440x900__dpr1.png	mozjpeg	444	55	model_proj	31.591	69.973	2.2259	Mozjpeg	55.0
screen	archive__wayback-search__1440x900__dpr1.png	mozjpeg	444	75	identity_off	33.415	75.172	1.6658	Mozjpeg	75.0
screen	archive__wayback-search__1440x900__dpr1.png	mozjpeg	444	75	model_policy	32.473	57.756	3.2296	Mozjpeg	75.0
screen	archive__wayback-search__1440x900__dpr1.png	mozjpeg	444	75	model_proj	34.254	78.836	1.5048	Mozjpeg	75.0
screen	archive__wayback-search__1440x900__dpr1.png	mozjpeg	444	90	identity_off	38.036	84.308	0.9252	Mozjpeg	90.0
screen	archive__wayback-search__1440x900__dpr1.png	mozjpeg	444	90	model_policy	35.693	61.818	3.1030	Mozjpeg	90.0
screen	archive__wayback-search__1440x900__dpr1.png	mozjpeg	444	90	model_proj	38.908	87.066	0.7207	Mozjpeg	90.0
screen	archive__wayback-search__1440x900__dpr1.png	jpegli	420	15	identity_off	27.613	48.631	3.4790	CjpegliYcbcr	14.2
screen	archive__wayback-search__1440x900__dpr1.png	jpegli	420	15	model_policy	27.413	38.496	4.0887	CjpegliYcbcr	14.2
screen	archive__wayback-search__1440x900__dpr1.png	jpegli	420	15	model_proj	28.640	54.259	3.3941	CjpegliYcbcr	14.2
screen	archive__wayback-search__1440x900__dpr1.png	jpegli	420	35	identity_off	30.752	64.264	2.0811	CjpegliYcbcr	7.2
screen	archive__wayback-search__1440x900__dpr1.png	jpegli	420	35	model_policy	30.308	52.491	3.3421	CjpegliYcbcr	7.2
screen	archive__wayback-search__1440x900__dpr1.png	jpegli	420	35	model_proj	32.061	70.446	1.7492	CjpegliYcbcr	7.2
screen	archive__wayback-search__1440x900__dpr1.png	jpegli	420	55	identity_off	32.324	70.970	1.6588	CjpegliYcbcr	5.2
screen	archive__wayback-search__1440x900__dpr1.png	jpegli	420	55	model_policy	31.668	57.027	3.2121	CjpegliYcbcr	5.2
screen	archive__wayback-search__1440x900__dpr1.png	jpegli	420	55	model_proj	33.704	76.391	1.3103	CjpegliYcbcr	5.2
screen	archive__wayback-search__1440x900__dpr1.png	jpegli	420	75	identity_off	34.770	78.099	1.1867	CjpegliYcbcr	3.0
screen	archive__wayback-search__1440x900__dpr1.png	jpegli	420	75	model_policy	33.640	61.140	3.1396	CjpegliYcbcr	3.0
screen	archive__wayback-search__1440x900__dpr1.png	jpegli	420	75	model_proj	36.149	81.328	0.9037	CjpegliYcbcr	3.0
screen	archive__wayback-search__1440x900__dpr1.png	jpegli	420	90	identity_off	37.783	85.447	0.7194	CjpegliYcbcr	1.3
screen	archive__wayback-search__1440x900__dpr1.png	jpegli	420	90	model_policy	35.661	63.174	3.0961	CjpegliYcbcr	1.3
screen	archive__wayback-search__1440x900__dpr1.png	jpegli	420	90	model_proj	39.044	85.840	0.5829	CjpegliYcbcr	1.3
screen	archive__wayback-search__1440x900__dpr1.png	jpegli	444	15	identity_off	28.362	53.162	2.9558	CjpegliYcbcr	11.8
screen	archive__wayback-search__1440x900__dpr1.png	jpegli	444	15	model_policy	28.123	43.321	3.7012	CjpegliYcbcr	11.8
screen	archive__wayback-search__1440x900__dpr1.png	jpegli	444	15	model_proj	29.475	59.482	2.8082	CjpegliYcbcr	11.8
screen	archive__wayback-search__1440x900__dpr1.png	jpegli	444	35	identity_off	31.496	66.397	1.8362	CjpegliYcbcr	6.0
screen	archive__wayback-search__1440x900__dpr1.png	jpegli	444	35	model_policy	30.949	53.540	3.2312	CjpegliYcbcr	6.0
screen	archive__wayback-search__1440x900__dpr1.png	jpegli	444	35	model_proj	32.744	72.107	1.5081	CjpegliYcbcr	6.0
screen	archive__wayback-search__1440x900__dpr1.png	jpegli	444	55	identity_off	33.054	71.815	1.4525	CjpegliYcbcr	4.1
screen	archive__wayback-search__1440x900__dpr1.png	jpegli	444	55	model_policy	32.264	57.168	3.1902	CjpegliYcbcr	4.1
screen	archive__wayback-search__1440x900__dpr1.png	jpegli	444	55	model_proj	34.257	76.605	1.1312	CjpegliYcbcr	4.1
screen	archive__wayback-search__1440x900__dpr1.png	jpegli	444	75	identity_off	35.369	78.569	1.0454	CjpegliYcbcr	2.3
screen	archive__wayback-search__1440x900__dpr1.png	jpegli	444	75	model_policy	34.048	61.160	3.1098	CjpegliYcbcr	2.3
screen	archive__wayback-search__1440x900__dpr1.png	jpegli	444	75	model_proj	36.447	81.332	0.8205	CjpegliYcbcr	2.3
screen	archive__wayback-search__1440x900__dpr1.png	jpegli	444	90	identity_off	38.771	85.100	0.6219	CjpegliYcbcr	1.1
screen	archive__wayback-search__1440x900__dpr1.png	jpegli	444	90	model_policy	36.191	62.911	3.1014	CjpegliYcbcr	1.1
screen	archive__wayback-search__1440x900__dpr1.png	jpegli	444	90	model_proj	39.408	85.858	0.5391	CjpegliYcbcr	1.1
screen	archive__wayback-search__1440x900__dpr1.png	zenjpeg	420	15	identity_off	27.617	49.714	3.4947	CjpegliYcbcr	14.2
screen	archive__wayback-search__1440x900__dpr1.png	zenjpeg	420	15	model_policy	27.403	38.307	4.1549	CjpegliYcbcr	14.2
screen	archive__wayback-search__1440x900__dpr1.png	zenjpeg	420	15	model_proj	28.556	53.985	3.4465	CjpegliYcbcr	14.2
screen	archive__wayback-search__1440x900__dpr1.png	zenjpeg	420	35	identity_off	30.761	65.544	2.1020	CjpegliYcbcr	7.2
screen	archive__wayback-search__1440x900__dpr1.png	zenjpeg	420	35	model_policy	30.300	52.826	3.3508	CjpegliYcbcr	7.2
screen	archive__wayback-search__1440x900__dpr1.png	zenjpeg	420	35	model_proj	31.941	70.089	1.9010	CjpegliYcbcr	7.2
screen	archive__wayback-search__1440x900__dpr1.png	zenjpeg	420	55	identity_off	32.353	71.758	1.6846	CjpegliYcbcr	5.2
screen	archive__wayback-search__1440x900__dpr1.png	zenjpeg	420	55	model_policy	31.681	57.358	3.2251	CjpegliYcbcr	5.2
screen	archive__wayback-search__1440x900__dpr1.png	zenjpeg	420	55	model_proj	33.618	75.763	1.4875	CjpegliYcbcr	5.2
screen	archive__wayback-search__1440x900__dpr1.png	zenjpeg	420	75	identity_off	34.789	78.653	1.2266	CjpegliYcbcr	3.0
screen	archive__wayback-search__1440x900__dpr1.png	zenjpeg	420	75	model_policy	33.637	61.395	3.1548	CjpegliYcbcr	3.0
screen	archive__wayback-search__1440x900__dpr1.png	zenjpeg	420	75	model_proj	36.096	81.147	1.0446	CjpegliYcbcr	3.0
screen	archive__wayback-search__1440x900__dpr1.png	zenjpeg	420	90	identity_off	37.758	85.613	0.7732	CjpegliYcbcr	1.3
screen	archive__wayback-search__1440x900__dpr1.png	zenjpeg	420	90	model_policy	35.613	62.913	3.1283	CjpegliYcbcr	1.3
screen	archive__wayback-search__1440x900__dpr1.png	zenjpeg	420	90	model_proj	39.013	85.754	0.6419	CjpegliYcbcr	1.3
screen	archive__wayback-search__1440x900__dpr1.png	zenjpeg	444	15	identity_off	28.394	54.218	2.9646	CjpegliYcbcr	11.8
screen	archive__wayback-search__1440x900__dpr1.png	zenjpeg	444	15	model_policy	28.141	43.451	3.7393	CjpegliYcbcr	11.8
screen	archive__wayback-search__1440x900__dpr1.png	zenjpeg	444	15	model_proj	29.410	58.918	2.8646	CjpegliYcbcr	11.8
screen	archive__wayback-search__1440x900__dpr1.png	zenjpeg	444	35	identity_off	31.538	67.775	1.8759	CjpegliYcbcr	6.0
screen	archive__wayback-search__1440x900__dpr1.png	zenjpeg	444	35	model_policy	30.956	53.087	3.3672	CjpegliYcbcr	6.0
screen	archive__wayback-search__1440x900__dpr1.png	zenjpeg	444	35	model_proj	32.682	71.917	1.6712	CjpegliYcbcr	6.0
screen	archive__wayback-search__1440x900__dpr1.png	zenjpeg	444	55	identity_off	33.080	72.944	1.4917	CjpegliYcbcr	4.1
screen	archive__wayback-search__1440x900__dpr1.png	zenjpeg	444	55	model_policy	32.250	56.710	3.2760	CjpegliYcbcr	4.1
screen	archive__wayback-search__1440x900__dpr1.png	zenjpeg	444	55	model_proj	34.206	76.338	1.3350	CjpegliYcbcr	4.1
screen	archive__wayback-search__1440x900__dpr1.png	zenjpeg	444	75	identity_off	35.355	79.080	1.0993	CjpegliYcbcr	2.3
screen	archive__wayback-search__1440x900__dpr1.png	zenjpeg	444	75	model_policy	34.011	60.756	3.1600	CjpegliYcbcr	2.3
screen	archive__wayback-search__1440x900__dpr1.png	zenjpeg	444	75	model_proj	36.395	81.132	0.9489	CjpegliYcbcr	2.3
screen	archive__wayback-search__1440x900__dpr1.png	zenjpeg	444	90	identity_off	38.707	85.231	0.6818	CjpegliYcbcr	1.1
screen	archive__wayback-search__1440x900__dpr1.png	zenjpeg	444	90	model_policy	36.146	63.051	3.1188	CjpegliYcbcr	1.1
screen	archive__wayback-search__1440x900__dpr1.png	zenjpeg	444	90	model_proj	39.366	85.725	0.6038	CjpegliYcbcr	1.1
screen	archives__exhibits__1440x900__dpr1.png	turbo	420	15	identity_off	25.233	33.674	4.2856	Unknown	15.0
screen	archives__exhibits__1440x900__dpr1.png	turbo	420	15	model_policy	25.165	33.351	4.3419	Unknown	15.0
screen	archives__exhibits__1440x900__dpr1.png	turbo	420	15	model_proj	27.947	51.325	3.1954	Unknown	15.0
screen	archives__exhibits__1440x900__dpr1.png	turbo	420	35	identity_off	28.454	49.327	2.8214	ImageMagick	35.0
screen	archives__exhibits__1440x900__dpr1.png	turbo	420	35	model_policy	28.301	50.377	3.0784	ImageMagick	35.0
screen	archives__exhibits__1440x900__dpr1.png	turbo	420	35	model_proj	31.960	69.628	1.7773	ImageMagick	35.0
screen	archives__exhibits__1440x900__dpr1.png	turbo	420	55	identity_off	30.556	59.492	2.1537	ImageMagick	55.0
screen	archives__exhibits__1440x900__dpr1.png	turbo	420	55	model_policy	30.255	59.758	2.7956	ImageMagick	55.0
screen	archives__exhibits__1440x900__dpr1.png	turbo	420	55	model_proj	34.578	77.371	1.2001	ImageMagick	55.0
screen	archives__exhibits__1440x900__dpr1.png	turbo	420	75	identity_off	33.368	71.237	1.5169	ImageMagick	75.0
screen	archives__exhibits__1440x900__dpr1.png	turbo	420	75	model_policy	32.697	69.955	2.7050	ImageMagick	75.0
screen	archives__exhibits__1440x900__dpr1.png	turbo	420	75	model_proj	38.008	84.189	0.7612	ImageMagick	75.0
screen	archives__exhibits__1440x900__dpr1.png	turbo	420	90	identity_off	36.347	81.985	1.0201	ImageMagick	90.0
screen	archives__exhibits__1440x900__dpr1.png	turbo	420	90	model_policy	35.004	77.633	2.6755	ImageMagick	90.0
screen	archives__exhibits__1440x900__dpr1.png	turbo	420	90	model_proj	42.624	89.676	0.4486	ImageMagick	90.0
screen	archives__exhibits__1440x900__dpr1.png	turbo	444	15	identity_off	25.600	36.246	4.2418	Unknown	15.0
screen	archives__exhibits__1440x900__dpr1.png	turbo	444	15	model_policy	25.524	34.956	4.2996	Unknown	15.0
screen	archives__exhibits__1440x900__dpr1.png	turbo	444	15	model_proj	27.958	51.517	3.1919	Unknown	15.0
screen	archives__exhibits__1440x900__dpr1.png	turbo	444	35	identity_off	29.344	52.803	2.7352	ImageMagick	35.0
screen	archives__exhibits__1440x900__dpr1.png	turbo	444	35	model_policy	29.154	52.915	3.0077	ImageMagick	35.0
screen	archives__exhibits__1440x900__dpr1.png	turbo	444	35	model_proj	32.091	69.969	1.7652	ImageMagick	35.0
screen	archives__exhibits__1440x900__dpr1.png	turbo	444	55	identity_off	31.874	63.564	2.0347	ImageMagick	55.0
screen	archives__exhibits__1440x900__dpr1.png	turbo	444	55	model_policy	31.470	62.664	2.7486	ImageMagick	55.0
screen	archives__exhibits__1440x900__dpr1.png	turbo	444	55	model_proj	34.734	77.666	1.1850	ImageMagick	55.0
screen	archives__exhibits__1440x900__dpr1.png	turbo	444	75	identity_off	35.413	74.966	1.3610	ImageMagick	75.0
screen	archives__exhibits__1440x900__dpr1.png	turbo	444	75	model_policy	34.393	72.282	2.6835	ImageMagick	75.0
screen	archives__exhibits__1440x900__dpr1.png	turbo	444	75	model_proj	38.063	84.796	0.7413	ImageMagick	75.0
screen	archives__exhibits__1440x900__dpr1.png	turbo	444	90	identity_off	41.764	87.192	0.6656	ImageMagick	90.0
screen	archives__exhibits__1440x900__dpr1.png	turbo	444	90	model_policy	38.247	79.690	2.6636	ImageMagick	90.0
screen	archives__exhibits__1440x900__dpr1.png	turbo	444	90	model_proj	43.540	90.639	0.3765	ImageMagick	90.0
screen	archives__exhibits__1440x900__dpr1.png	mozjpeg	420	15	identity_off	22.686	42.743	4.4078	Mozjpeg	15.0
screen	archives__exhibits__1440x900__dpr1.png	mozjpeg	420	15	model_policy	22.519	39.023	4.5276	Mozjpeg	15.0
screen	archives__exhibits__1440x900__dpr1.png	mozjpeg	420	15	model_proj	24.577	56.349	3.8345	Mozjpeg	15.0
screen	archives__exhibits__1440x900__dpr1.png	mozjpeg	420	35	identity_off	25.817	55.617	3.5299	Mozjpeg	35.0
screen	archives__exhibits__1440x900__dpr1.png	mozjpeg	420	35	model_policy	25.562	51.204	3.7683	Mozjpeg	35.0
screen	archives__exhibits__1440x900__dpr1.png	mozjpeg	420	35	model_proj	28.236	71.469	2.2616	Mozjpeg	35.0
screen	archives__exhibits__1440x900__dpr1.png	mozjpeg	420	55	identity_off	28.001	64.982	2.5549	Mozjpeg	55.0
screen	archives__exhibits__1440x900__dpr1.png	mozjpeg	420	55	model_policy	27.637	60.158	3.0409	Mozjpeg	55.0
screen	archives__exhibits__1440x900__dpr1.png	mozjpeg	420	55	model_proj	30.525	77.683	1.5513	Mozjpeg	55.0
screen	archives__exhibits__1440x900__dpr1.png	mozjpeg	420	75	identity_off	30.453	71.389	2.0090	Mozjpeg	75.0
screen	archives__exhibits__1440x900__dpr1.png	mozjpeg	420	75	model_policy	29.904	65.712	2.8014	Mozjpeg	75.0
screen	archives__exhibits__1440x900__dpr1.png	mozjpeg	420	75	model_proj	33.412	82.156	1.2456	Mozjpeg	75.0
screen	archives__exhibits__1440x900__dpr1.png	mozjpeg	420	90	identity_off	34.089	79.516	1.2301	Mozjpeg	90.0
screen	archives__exhibits__1440x900__dpr1.png	mozjpeg	420	90	model_policy	33.097	73.553	2.6886	Mozjpeg	90.0
screen	archives__exhibits__1440x900__dpr1.png	mozjpeg	420	90	model_proj	38.187	86.991	0.8080	Mozjpeg	90.0
screen	archives__exhibits__1440x900__dpr1.png	mozjpeg	444	15	identity_off	22.929	44.787	4.3949	Mozjpeg	15.0
screen	archives__exhibits__1440x900__dpr1.png	mozjpeg	444	15	model_policy	22.759	40.124	4.5119	Mozjpeg	15.0
screen	archives__exhibits__1440x900__dpr1.png	mozjpeg	444	15	model_proj	24.504	55.402	3.8457	Mozjpeg	15.0
screen	archives__exhibits__1440x900__dpr1.png	mozjpeg	444	35	identity_off	26.296	58.499	3.5176	Mozjpeg	35.0
screen	archives__exhibits__1440x900__dpr1.png	mozjpeg	444	35	model_policy	26.019	52.894	3.7562	Mozjpeg	35.0
screen	archives__exhibits__1440x900__dpr1.png	mozjpeg	444	35	model_proj	28.093	70.871	2.2760	Mozjpeg	35.0
screen	archives__exhibits__1440x900__dpr1.png	mozjpeg	444	55	identity_off	28.678	68.251	2.5338	Mozjpeg	55.0
screen	archives__exhibits__1440x900__dpr1.png	mozjpeg	444	55	model_policy	28.263	61.761	3.0269	Mozjpeg	55.0
screen	archives__exhibits__1440x900__dpr1.png	mozjpeg	444	55	model_proj	30.347	77.495	1.5635	Mozjpeg	55.0
screen	archives__exhibits__1440x900__dpr1.png	mozjpeg	444	75	identity_off	31.535	74.889	1.9754	Mozjpeg	75.0
screen	archives__exhibits__1440x900__dpr1.png	mozjpeg	444	75	model_policy	30.851	67.190	2.7869	Mozjpeg	75.0
screen	archives__exhibits__1440x900__dpr1.png	mozjpeg	444	75	model_proj	33.218	82.213	1.2501	Mozjpeg	75.0
screen	archives__exhibits__1440x900__dpr1.png	mozjpeg	444	90	identity_off	36.780	84.245	1.1244	Mozjpeg	90.0
screen	archives__exhibits__1440x900__dpr1.png	mozjpeg	444	90	model_policy	35.089	75.169	2.6761	Mozjpeg	90.0
screen	archives__exhibits__1440x900__dpr1.png	mozjpeg	444	90	model_proj	38.243	87.597	0.8061	Mozjpeg	90.0
screen	archives__exhibits__1440x900__dpr1.png	jpegli	420	15	identity_off	24.875	34.882	4.2619	CjpegliYcbcr	14.2
screen	archives__exhibits__1440x900__dpr1.png	jpegli	420	15	model_policy	24.765	35.502	4.2641	CjpegliYcbcr	14.2
screen	archives__exhibits__1440x900__dpr1.png	jpegli	420	15	model_proj	27.432	54.244	3.3137	CjpegliYcbcr	14.2
screen	archives__exhibits__1440x900__dpr1.png	jpegli	420	35	identity_off	28.396	53.470	2.7733	CjpegliYcbcr	7.2
screen	archives__exhibits__1440x900__dpr1.png	jpegli	420	35	model_policy	28.126	52.783	3.1285	CjpegliYcbcr	7.2
screen	archives__exhibits__1440x900__dpr1.png	jpegli	420	35	model_proj	31.428	70.125	1.9809	CjpegliYcbcr	7.2
screen	archives__exhibits__1440x900__dpr1.png	jpegli	420	55	identity_off	30.489	62.696	2.0805	CjpegliYcbcr	5.2
screen	archives__exhibits__1440x900__dpr1.png	jpegli	420	55	model_policy	30.058	61.093	2.8114	CjpegliYcbcr	5.2
screen	archives__exhibits__1440x900__dpr1.png	jpegli	420	55	model_proj	33.875	76.783	1.4476	CjpegliYcbcr	5.2
screen	archives__exhibits__1440x900__dpr1.png	jpegli	420	75	identity_off	33.551	74.406	1.3704	CjpegliYcbcr	3.0
screen	archives__exhibits__1440x900__dpr1.png	jpegli	420	75	model_policy	32.738	71.568	2.7015	CjpegliYcbcr	3.0
screen	archives__exhibits__1440x900__dpr1.png	jpegli	420	75	model_proj	37.887	84.969	0.7573	CjpegliYcbcr	3.0
screen	archives__exhibits__1440x900__dpr1.png	jpegli	420	90	identity_off	36.150	82.274	1.0179	CjpegliYcbcr	1.3
screen	archives__exhibits__1440x900__dpr1.png	jpegli	420	90	model_policy	34.809	77.327	2.6765	CjpegliYcbcr	1.3
screen	archives__exhibits__1440x900__dpr1.png	jpegli	420	90	model_proj	42.310	89.668	0.4479	CjpegliYcbcr	1.3
screen	archives__exhibits__1440x900__dpr1.png	jpegli	444	15	identity_off	25.896	41.002	3.7945	CjpegliYcbcr	11.8
screen	archives__exhibits__1440x900__dpr1.png	jpegli	444	15	model_policy	25.750	40.859	3.8812	CjpegliYcbcr	11.8
screen	archives__exhibits__1440x900__dpr1.png	jpegli	444	15	model_proj	28.406	58.957	2.8716	CjpegliYcbcr	11.8
screen	archives__exhibits__1440x900__dpr1.png	jpegli	444	35	identity_off	29.780	60.052	2.3412	CjpegliYcbcr	6.0
screen	archives__exhibits__1440x900__dpr1.png	jpegli	444	35	model_policy	29.396	58.163	2.8944	CjpegliYcbcr	6.0
screen	archives__exhibits__1440x900__dpr1.png	jpegli	444	35	model_proj	32.552	74.251	1.6713	CjpegliYcbcr	6.0
screen	archives__exhibits__1440x900__dpr1.png	jpegli	444	55	identity_off	32.171	69.033	1.6917	CjpegliYcbcr	4.1
screen	archives__exhibits__1440x900__dpr1.png	jpegli	444	55	model_policy	31.523	66.189	2.7322	CjpegliYcbcr	4.1
screen	archives__exhibits__1440x900__dpr1.png	jpegli	444	55	model_proj	35.017	80.000	1.1338	CjpegliYcbcr	4.1
screen	archives__exhibits__1440x900__dpr1.png	jpegli	444	75	identity_off	35.519	79.429	1.0533	CjpegliYcbcr	2.3
screen	archives__exhibits__1440x900__dpr1.png	jpegli	444	75	model_policy	34.268	74.680	2.6796	CjpegliYcbcr	2.3
screen	archives__exhibits__1440x900__dpr1.png	jpegli	444	75	model_proj	38.468	86.515	0.6419	CjpegliYcbcr	2.3
screen	archives__exhibits__1440x900__dpr1.png	jpegli	444	90	identity_off	39.854	87.830	0.5558	CjpegliYcbcr	1.1
screen	archives__exhibits__1440x900__dpr1.png	jpegli	444	90	model_policy	37.127	79.984	2.6649	CjpegliYcbcr	1.1
screen	archives__exhibits__1440x900__dpr1.png	jpegli	444	90	model_proj	42.430	90.828	0.3214	CjpegliYcbcr	1.1
screen	archives__exhibits__1440x900__dpr1.png	zenjpeg	420	15	identity_off	25.841	56.989	2.9726	CjpegliYcbcr	14.2
screen	archives__exhibits__1440x900__dpr1.png	zenjpeg	420	15	model_policy	25.617	53.905	3.3402	CjpegliYcbcr	14.2
screen	archives__exhibits__1440x900__dpr1.png	zenjpeg	420	15	model_proj	27.792	70.132	2.0811	CjpegliYcbcr	14.2
screen	archives__exhibits__1440x900__dpr1.png	zenjpeg	420	35	identity_off	29.548	68.743	1.9087	CjpegliYcbcr	7.2
screen	archives__exhibits__1440x900__dpr1.png	zenjpeg	420	35	model_policy	29.111	65.651	2.7755	CjpegliYcbcr	7.2
screen	archives__exhibits__1440x900__dpr1.png	zenjpeg	420	35	model_proj	31.520	79.203	1.3388	CjpegliYcbcr	7.2
screen	archives__exhibits__1440x900__dpr1.png	zenjpeg	420	55	identity_off	31.440	73.347	1.4726	CjpegliYcbcr	5.2
screen	archives__exhibits__1440x900__dpr1.png	zenjpeg	420	55	model_policy	30.836	69.814	2.7099	CjpegliYcbcr	5.2
screen	archives__exhibits__1440x900__dpr1.png	zenjpeg	420	55	model_proj	33.916	83.052	1.0121	CjpegliYcbcr	5.2
screen	archives__exhibits__1440x900__dpr1.png	zenjpeg	420	75	identity_off	34.223	79.462	1.1016	CjpegliYcbcr	3.0
screen	archives__exhibits__1440x900__dpr1.png	zenjpeg	420	75	model_policy	33.259	75.209	2.6823	CjpegliYcbcr	3.0
screen	archives__exhibits__1440x900__dpr1.png	zenjpeg	420	75	model_proj	38.005	87.401	0.6359	CjpegliYcbcr	3.0
screen	archives__exhibits__1440x900__dpr1.png	zenjpeg	420	90	identity_off	36.426	83.501	0.9490	CjpegliYcbcr	1.3
screen	archives__exhibits__1440x900__dpr1.png	zenjpeg	420	90	model_policy	35.015	78.138	2.6734	CjpegliYcbcr	1.3
screen	archives__exhibits__1440x900__dpr1.png	zenjpeg	420	90	model_proj	42.438	90.415	0.3445	CjpegliYcbcr	1.3
screen	archives__exhibits__1440x900__dpr1.png	zenjpeg	444	15	identity_off	26.975	61.447	2.6033	CjpegliYcbcr	11.8
screen	archives__exhibits__1440x900__dpr1.png	zenjpeg	444	15	model_policy	26.692	57.659	3.0970	CjpegliYcbcr	11.8
screen	archives__exhibits__1440x900__dpr1.png	zenjpeg	444	15	model_proj	28.768	72.945	1.8133	CjpegliYcbcr	11.8
screen	archives__exhibits__1440x900__dpr1.png	zenjpeg	444	35	identity_off	30.859	73.699	1.6537	CjpegliYcbcr	6.0
screen	archives__exhibits__1440x900__dpr1.png	zenjpeg	444	35	model_policy	30.290	69.132	2.7224	CjpegliYcbcr	6.0
screen	archives__exhibits__1440x900__dpr1.png	zenjpeg	444	35	model_proj	32.655	81.385	1.1811	CjpegliYcbcr	6.0
screen	archives__exhibits__1440x900__dpr1.png	zenjpeg	444	55	identity_off	33.144	78.657	1.1810	CjpegliYcbcr	4.1
screen	archives__exhibits__1440x900__dpr1.png	zenjpeg	444	55	model_policy	32.288	73.482	2.6847	CjpegliYcbcr	4.1
screen	archives__exhibits__1440x900__dpr1.png	zenjpeg	444	55	model_proj	35.127	84.685	0.8864	CjpegliYcbcr	4.1
screen	archives__exhibits__1440x900__dpr1.png	zenjpeg	444	75	identity_off	36.308	84.042	0.7615	CjpegliYcbcr	2.3
screen	archives__exhibits__1440x900__dpr1.png	zenjpeg	444	75	model_policy	34.826	77.919	2.6693	CjpegliYcbcr	2.3
screen	archives__exhibits__1440x900__dpr1.png	zenjpeg	444	75	model_proj	38.722	88.391	0.5675	CjpegliYcbcr	2.3
screen	archives__exhibits__1440x900__dpr1.png	zenjpeg	444	90	identity_off	40.256	88.916	0.4584	CjpegliYcbcr	1.1
screen	archives__exhibits__1440x900__dpr1.png	zenjpeg	444	90	model_policy	37.353	80.591	2.6636	CjpegliYcbcr	1.1
screen	archives__exhibits__1440x900__dpr1.png	zenjpeg	444	90	model_proj	42.725	91.477	0.2836	CjpegliYcbcr	1.1
documents	office_census-acs-2024_questionnaire_p01_page1.png	turbo	420	15	identity_off	28.003	41.275	2.8279	Unknown	15.0
documents	office_census-acs-2024_questionnaire_p01_page1.png	turbo	420	15	model_policy	28.087	35.096	3.9374	Unknown	15.0
documents	office_census-acs-2024_questionnaire_p01_page1.png	turbo	420	15	model_proj	29.169	47.548	2.8110	Unknown	15.0
documents	office_census-acs-2024_questionnaire_p01_page1.png	turbo	420	35	identity_off	30.259	60.685	1.8465	ImageMagick	35.0
documents	office_census-acs-2024_questionnaire_p01_page1.png	turbo	420	35	model_policy	30.354	55.428	3.0921	ImageMagick	35.0
documents	office_census-acs-2024_questionnaire_p01_page1.png	turbo	420	35	model_proj	31.363	67.827	1.8326	ImageMagick	35.0
documents	office_census-acs-2024_questionnaire_p01_page1.png	turbo	420	55	identity_off	31.318	64.263	2.2962	ImageMagick	55.0
documents	office_census-acs-2024_questionnaire_p01_page1.png	turbo	420	55	model_policy	31.183	55.168	5.3993	ImageMagick	55.0
documents	office_census-acs-2024_questionnaire_p01_page1.png	turbo	420	55	model_proj	32.132	71.256	2.2876	ImageMagick	55.0
documents	office_census-acs-2024_questionnaire_p01_page1.png	turbo	420	75	identity_off	33.425	71.844	1.3891	ImageMagick	75.0
documents	office_census-acs-2024_questionnaire_p01_page1.png	turbo	420	75	model_policy	33.301	64.356	4.0805	ImageMagick	75.0
documents	office_census-acs-2024_questionnaire_p01_page1.png	turbo	420	75	model_proj	33.937	76.757	1.4913	ImageMagick	75.0
documents	office_census-acs-2024_questionnaire_p01_page1.png	turbo	420	90	identity_off	37.215	80.816	1.1898	ImageMagick	90.0
documents	office_census-acs-2024_questionnaire_p01_page1.png	turbo	420	90	model_policy	36.472	69.399	4.0679	ImageMagick	90.0
documents	office_census-acs-2024_questionnaire_p01_page1.png	turbo	420	90	model_proj	37.488	83.530	1.1972	ImageMagick	90.0
documents	office_census-acs-2024_questionnaire_p01_page1.png	turbo	444	15	identity_off	28.755	51.517	2.6192	Unknown	15.0
documents	office_census-acs-2024_questionnaire_p01_page1.png	turbo	444	15	model_policy	28.813	47.203	3.8028	Unknown	15.0
documents	office_census-acs-2024_questionnaire_p01_page1.png	turbo	444	15	model_proj	30.143	57.770	2.3390	Unknown	15.0
documents	office_census-acs-2024_questionnaire_p01_page1.png	turbo	444	35	identity_off	31.621	67.765	1.6892	ImageMagick	35.0
documents	office_census-acs-2024_questionnaire_p01_page1.png	turbo	444	35	model_policy	31.613	61.611	3.0625	ImageMagick	35.0
documents	office_census-acs-2024_questionnaire_p01_page1.png	turbo	444	35	model_proj	32.830	74.195	1.6012	ImageMagick	35.0
documents	office_census-acs-2024_questionnaire_p01_page1.png	turbo	444	55	identity_off	33.050	71.266	2.2756	ImageMagick	55.0
documents	office_census-acs-2024_questionnaire_p01_page1.png	turbo	444	55	model_policy	32.703	62.376	5.3801	ImageMagick	55.0
documents	office_census-acs-2024_questionnaire_p01_page1.png	turbo	444	55	model_proj	33.742	77.297	2.2686	ImageMagick	55.0
documents	office_census-acs-2024_questionnaire_p01_page1.png	turbo	444	75	identity_off	35.623	78.329	1.3159	ImageMagick	75.0
documents	office_census-acs-2024_questionnaire_p01_page1.png	turbo	444	75	model_policy	35.204	69.603	4.0609	ImageMagick	75.0
documents	office_census-acs-2024_questionnaire_p01_page1.png	turbo	444	75	model_proj	36.042	83.039	1.3996	ImageMagick	75.0
documents	office_census-acs-2024_questionnaire_p01_page1.png	turbo	444	90	identity_off	40.476	85.563	1.1763	ImageMagick	90.0
documents	office_census-acs-2024_questionnaire_p01_page1.png	turbo	444	90	model_policy	38.935	73.937	4.0535	ImageMagick	90.0
documents	office_census-acs-2024_questionnaire_p01_page1.png	turbo	444	90	model_proj	40.745	88.621	1.1695	ImageMagick	90.0
documents	office_census-acs-2024_questionnaire_p01_page1.png	mozjpeg	420	15	identity_off	26.034	40.961	3.6897	Mozjpeg	15.0
documents	office_census-acs-2024_questionnaire_p01_page1.png	mozjpeg	420	15	model_policy	26.044	37.233	4.1646	Mozjpeg	15.0
documents	office_census-acs-2024_questionnaire_p01_page1.png	mozjpeg	420	15	model_proj	26.842	44.432	3.5237	Mozjpeg	15.0
documents	office_census-acs-2024_questionnaire_p01_page1.png	mozjpeg	420	35	identity_off	28.921	60.723	2.2019	Mozjpeg	35.0
documents	office_census-acs-2024_questionnaire_p01_page1.png	mozjpeg	420	35	model_policy	28.926	54.837	3.1667	Mozjpeg	35.0
documents	office_census-acs-2024_questionnaire_p01_page1.png	mozjpeg	420	35	model_proj	30.642	67.214	1.9151	Mozjpeg	35.0
documents	office_census-acs-2024_questionnaire_p01_page1.png	mozjpeg	420	55	identity_off	30.410	66.478	1.9102	Mozjpeg	55.0
documents	office_census-acs-2024_questionnaire_p01_page1.png	mozjpeg	420	55	model_policy	30.246	57.756	4.8882	Mozjpeg	55.0
documents	office_census-acs-2024_questionnaire_p01_page1.png	mozjpeg	420	55	model_proj	32.064	72.249	1.8821	Mozjpeg	55.0
documents	office_census-acs-2024_questionnaire_p01_page1.png	mozjpeg	420	75	identity_off	32.400	73.389	1.4246	Mozjpeg	75.0
documents	office_census-acs-2024_questionnaire_p01_page1.png	mozjpeg	420	75	model_policy	32.242	63.997	4.0864	Mozjpeg	75.0
documents	office_census-acs-2024_questionnaire_p01_page1.png	mozjpeg	420	75	model_proj	33.581	77.623	1.5711	Mozjpeg	75.0
documents	office_census-acs-2024_questionnaire_p01_page1.png	mozjpeg	420	90	identity_off	35.475	80.484	1.1948	Mozjpeg	90.0
documents	office_census-acs-2024_questionnaire_p01_page1.png	mozjpeg	420	90	model_policy	34.988	69.562	4.0642	Mozjpeg	90.0
documents	office_census-acs-2024_questionnaire_p01_page1.png	mozjpeg	420	90	model_proj	36.152	83.052	1.2780	Mozjpeg	90.0
documents	office_census-acs-2024_questionnaire_p01_page1.png	mozjpeg	444	15	identity_off	26.563	48.652	3.6591	Mozjpeg	15.0
documents	office_census-acs-2024_questionnaire_p01_page1.png	mozjpeg	444	15	model_policy	26.571	46.639	4.0691	Mozjpeg	15.0
documents	office_census-acs-2024_questionnaire_p01_page1.png	mozjpeg	444	15	model_proj	27.478	50.830	3.5101	Mozjpeg	15.0
documents	office_census-acs-2024_questionnaire_p01_page1.png	mozjpeg	444	35	identity_off	29.754	66.107	2.1637	Mozjpeg	35.0
documents	office_census-acs-2024_questionnaire_p01_page1.png	mozjpeg	444	35	model_policy	29.705	59.939	3.1110	Mozjpeg	35.0
documents	office_census-acs-2024_questionnaire_p01_page1.png	mozjpeg	444	35	model_proj	31.833	70.964	1.8063	Mozjpeg	35.0
documents	office_census-acs-2024_questionnaire_p01_page1.png	mozjpeg	444	55	identity_off	31.421	71.997	1.8686	Mozjpeg	55.0
documents	office_census-acs-2024_questionnaire_p01_page1.png	mozjpeg	444	55	model_policy	31.130	63.045	4.8698	Mozjpeg	55.0
documents	office_census-acs-2024_questionnaire_p01_page1.png	mozjpeg	444	55	model_proj	33.435	76.909	1.8668	Mozjpeg	55.0
documents	office_census-acs-2024_questionnaire_p01_page1.png	mozjpeg	444	75	identity_off	33.749	78.212	1.3783	Mozjpeg	75.0
documents	office_census-acs-2024_questionnaire_p01_page1.png	mozjpeg	444	75	model_policy	33.421	68.199	4.0662	Mozjpeg	75.0
documents	office_census-acs-2024_questionnaire_p01_page1.png	mozjpeg	444	75	model_proj	35.327	82.102	1.5170	Mozjpeg	75.0
documents	office_census-acs-2024_questionnaire_p01_page1.png	mozjpeg	444	90	identity_off	37.493	84.237	1.1828	Mozjpeg	90.0
documents	office_census-acs-2024_questionnaire_p01_page1.png	mozjpeg	444	90	model_policy	36.650	72.233	4.0565	Mozjpeg	90.0
documents	office_census-acs-2024_questionnaire_p01_page1.png	mozjpeg	444	90	model_proj	38.300	87.147	1.2229	Mozjpeg	90.0
documents	office_census-acs-2024_questionnaire_p01_page1.png	jpegli	420	15	identity_off	28.117	55.834	2.7279	CjpegliYcbcr	14.2
documents	office_census-acs-2024_questionnaire_p01_page1.png	jpegli	420	15	model_policy	28.160	50.633	2.9201	CjpegliYcbcr	14.2
documents	office_census-acs-2024_questionnaire_p01_page1.png	jpegli	420	15	model_proj	29.561	62.898	2.4918	CjpegliYcbcr	14.2
documents	office_census-acs-2024_questionnaire_p01_page1.png	jpegli	420	35	identity_off	30.634	64.994	1.7842	CjpegliYcbcr	7.2
documents	office_census-acs-2024_questionnaire_p01_page1.png	jpegli	420	35	model_policy	30.545	57.945	4.1055	CjpegliYcbcr	7.2
documents	office_census-acs-2024_questionnaire_p01_page1.png	jpegli	420	35	model_proj	32.053	71.862	1.6243	CjpegliYcbcr	7.2
documents	office_census-acs-2024_questionnaire_p01_page1.png	jpegli	420	55	identity_off	31.944	68.915	1.4274	CjpegliYcbcr	5.2
documents	office_census-acs-2024_questionnaire_p01_page1.png	jpegli	420	55	model_policy	31.802	60.857	3.5137	CjpegliYcbcr	5.2
documents	office_census-acs-2024_questionnaire_p01_page1.png	jpegli	420	55	model_proj	33.146	74.907	1.2395	CjpegliYcbcr	5.2
documents	office_census-acs-2024_questionnaire_p01_page1.png	jpegli	420	75	identity_off	34.348	75.238	1.1022	CjpegliYcbcr	3.0
documents	office_census-acs-2024_questionnaire_p01_page1.png	jpegli	420	75	model_policy	34.042	65.660	3.6987	CjpegliYcbcr	3.0
documents	office_census-acs-2024_questionnaire_p01_page1.png	jpegli	420	75	model_proj	35.119	79.336	1.1376	CjpegliYcbcr	3.0
documents	office_census-acs-2024_questionnaire_p01_page1.png	jpegli	420	90	identity_off	37.408	81.546	1.1660	CjpegliYcbcr	1.3
documents	office_census-acs-2024_questionnaire_p01_page1.png	jpegli	420	90	model_policy	36.638	69.129	4.0541	CjpegliYcbcr	1.3
documents	office_census-acs-2024_questionnaire_p01_page1.png	jpegli	420	90	model_proj	37.809	83.858	0.8746	CjpegliYcbcr	1.3
documents	office_census-acs-2024_questionnaire_p01_page1.png	jpegli	444	15	identity_off	28.667	54.926	2.3499	CjpegliYcbcr	11.8
documents	office_census-acs-2024_questionnaire_p01_page1.png	jpegli	444	15	model_policy	28.647	49.622	3.7535	CjpegliYcbcr	11.8
documents	office_census-acs-2024_questionnaire_p01_page1.png	jpegli	444	15	model_proj	30.070	61.475	2.1585	CjpegliYcbcr	11.8
documents	office_census-acs-2024_questionnaire_p01_page1.png	jpegli	444	35	identity_off	31.371	67.431	1.8035	CjpegliYcbcr	6.0
documents	office_census-acs-2024_questionnaire_p01_page1.png	jpegli	444	35	model_policy	31.244	57.858	3.3969	CjpegliYcbcr	6.0
documents	office_census-acs-2024_questionnaire_p01_page1.png	jpegli	444	35	model_proj	32.625	74.195	1.7424	CjpegliYcbcr	6.0
documents	office_census-acs-2024_questionnaire_p01_page1.png	jpegli	444	55	identity_off	33.060	71.688	1.2696	CjpegliYcbcr	4.1
documents	office_census-acs-2024_questionnaire_p01_page1.png	jpegli	444	55	model_policy	32.808	62.824	3.7052	CjpegliYcbcr	4.1
documents	office_census-acs-2024_questionnaire_p01_page1.png	jpegli	444	55	model_proj	33.952	76.000	1.3906	CjpegliYcbcr	4.1
documents	office_census-acs-2024_questionnaire_p01_page1.png	jpegli	444	75	identity_off	35.504	77.527	0.9386	CjpegliYcbcr	2.3
documents	office_census-acs-2024_questionnaire_p01_page1.png	jpegli	444	75	model_policy	35.025	67.419	3.0022	CjpegliYcbcr	2.3
documents	office_census-acs-2024_questionnaire_p01_page1.png	jpegli	444	75	model_proj	36.189	80.960	0.9349	CjpegliYcbcr	2.3
documents	office_census-acs-2024_questionnaire_p01_page1.png	jpegli	444	90	identity_off	39.539	82.599	1.1600	CjpegliYcbcr	1.1
documents	office_census-acs-2024_questionnaire_p01_page1.png	jpegli	444	90	model_policy	38.097	70.234	4.0516	CjpegliYcbcr	1.1
documents	office_census-acs-2024_questionnaire_p01_page1.png	jpegli	444	90	model_proj	39.752	83.720	1.1594	CjpegliYcbcr	1.1
documents	office_census-acs-2024_questionnaire_p01_page1.png	zenjpeg	420	15	identity_off	28.135	57.201	2.5851	CjpegliYcbcr	14.2
documents	office_census-acs-2024_questionnaire_p01_page1.png	zenjpeg	420	15	model_policy	28.137	51.202	3.3717	CjpegliYcbcr	14.2
documents	office_census-acs-2024_questionnaire_p01_page1.png	zenjpeg	420	15	model_proj	29.395	62.407	2.3857	CjpegliYcbcr	14.2
documents	office_census-acs-2024_questionnaire_p01_page1.png	zenjpeg	420	35	identity_off	30.641	66.606	1.7540	CjpegliYcbcr	7.2
documents	office_census-acs-2024_questionnaire_p01_page1.png	zenjpeg	420	35	model_policy	30.520	58.186	4.1152	CjpegliYcbcr	7.2
documents	office_census-acs-2024_questionnaire_p01_page1.png	zenjpeg	420	35	model_proj	31.939	72.479	1.6582	CjpegliYcbcr	7.2
documents	office_census-acs-2024_questionnaire_p01_page1.png	zenjpeg	420	55	identity_off	31.962	70.563	1.4259	CjpegliYcbcr	5.2
documents	office_census-acs-2024_questionnaire_p01_page1.png	zenjpeg	420	55	model_policy	31.801	61.959	3.7236	CjpegliYcbcr	5.2
documents	office_census-acs-2024_questionnaire_p01_page1.png	zenjpeg	420	55	model_proj	33.094	75.640	1.2655	CjpegliYcbcr	5.2
documents	office_census-acs-2024_questionnaire_p01_page1.png	zenjpeg	420	75	identity_off	34.295	75.324	1.2671	CjpegliYcbcr	3.0
documents	office_census-acs-2024_questionnaire_p01_page1.png	zenjpeg	420	75	model_policy	33.957	65.239	4.0772	CjpegliYcbcr	3.0
documents	office_census-acs-2024_questionnaire_p01_page1.png	zenjpeg	420	75	model_proj	35.053	78.946	1.2797	CjpegliYcbcr	3.0
documents	office_census-acs-2024_questionnaire_p01_page1.png	zenjpeg	420	90	identity_off	37.285	81.943	1.1712	CjpegliYcbcr	1.3
documents	office_census-acs-2024_questionnaire_p01_page1.png	zenjpeg	420	90	model_policy	36.503	69.396	4.0605	CjpegliYcbcr	1.3
documents	office_census-acs-2024_questionnaire_p01_page1.png	zenjpeg	420	90	model_proj	37.719	83.175	1.1758	CjpegliYcbcr	1.3
documents	office_census-acs-2024_questionnaire_p01_page1.png	zenjpeg	444	15	identity_off	28.688	57.593	2.3042	CjpegliYcbcr	11.8
documents	office_census-acs-2024_questionnaire_p01_page1.png	zenjpeg	444	15	model_policy	28.652	51.497	3.7460	CjpegliYcbcr	11.8
documents	office_census-acs-2024_questionnaire_p01_page1.png	zenjpeg	444	15	model_proj	29.933	62.898	2.1766	CjpegliYcbcr	11.8
documents	office_census-acs-2024_questionnaire_p01_page1.png	zenjpeg	444	35	identity_off	31.426	68.823	1.7705	CjpegliYcbcr	6.0
documents	office_census-acs-2024_questionnaire_p01_page1.png	zenjpeg	444	35	model_policy	31.260	57.967	3.7167	CjpegliYcbcr	6.0
documents	office_census-acs-2024_questionnaire_p01_page1.png	zenjpeg	444	35	model_proj	32.615	74.224	1.7061	CjpegliYcbcr	6.0
documents	office_census-acs-2024_questionnaire_p01_page1.png	zenjpeg	444	55	identity_off	33.007	72.872	1.2573	CjpegliYcbcr	4.1
documents	office_census-acs-2024_questionnaire_p01_page1.png	zenjpeg	444	55	model_policy	32.734	63.951	3.7105	CjpegliYcbcr	4.1
documents	office_census-acs-2024_questionnaire_p01_page1.png	zenjpeg	444	55	model_proj	33.945	77.073	1.3600	CjpegliYcbcr	4.1
documents	office_census-acs-2024_questionnaire_p01_page1.png	zenjpeg	444	75	identity_off	35.489	76.990	1.2042	CjpegliYcbcr	2.3
documents	office_census-acs-2024_questionnaire_p01_page1.png	zenjpeg	444	75	model_policy	34.882	66.468	4.0709	CjpegliYcbcr	2.3
documents	office_census-acs-2024_questionnaire_p01_page1.png	zenjpeg	444	75	model_proj	36.202	79.868	1.2135	CjpegliYcbcr	2.3
documents	office_census-acs-2024_questionnaire_p01_page1.png	zenjpeg	444	90	identity_off	39.364	83.599	1.1656	CjpegliYcbcr	1.1
documents	office_census-acs-2024_questionnaire_p01_page1.png	zenjpeg	444	90	model_policy	37.923	70.195	4.0597	CjpegliYcbcr	1.1
documents	office_census-acs-2024_questionnaire_p01_page1.png	zenjpeg	444	90	model_proj	39.620	84.596	1.1696	CjpegliYcbcr	1.1
documents	office_fec-form3_campaign-finance_p01_page1.png	turbo	420	15	identity_off	31.729	65.163	2.4185	Unknown	15.0
documents	office_fec-form3_campaign-finance_p01_page1.png	turbo	420	15	model_policy	31.082	56.912	3.4277	Unknown	15.0
documents	office_fec-form3_campaign-finance_p01_page1.png	turbo	420	15	model_proj	35.502	75.612	1.6483	Unknown	15.0
documents	office_fec-form3_campaign-finance_p01_page1.png	turbo	420	35	identity_off	34.977	72.583	1.6813	ImageMagick	35.0
documents	office_fec-form3_campaign-finance_p01_page1.png	turbo	420	35	model_policy	33.851	62.500	2.9512	ImageMagick	35.0
documents	office_fec-form3_campaign-finance_p01_page1.png	turbo	420	35	model_proj	38.831	83.652	1.0298	ImageMagick	35.0
documents	office_fec-form3_campaign-finance_p01_page1.png	turbo	420	55	identity_off	37.319	77.147	1.3385	ImageMagick	55.0
documents	office_fec-form3_campaign-finance_p01_page1.png	turbo	420	55	model_policy	35.541	65.312	2.8741	ImageMagick	55.0
documents	office_fec-form3_campaign-finance_p01_page1.png	turbo	420	55	model_proj	40.785	85.996	0.9134	ImageMagick	55.0
documents	office_fec-form3_campaign-finance_p01_page1.png	turbo	420	75	identity_off	40.989	83.020	0.9106	ImageMagick	75.0
documents	office_fec-form3_campaign-finance_p01_page1.png	turbo	420	75	model_policy	37.496	67.797	2.8432	ImageMagick	75.0
documents	office_fec-form3_campaign-finance_p01_page1.png	turbo	420	75	model_proj	43.850	88.423	0.6993	ImageMagick	75.0
documents	office_fec-form3_campaign-finance_p01_page1.png	turbo	420	90	identity_off	47.498	89.370	0.4765	ImageMagick	90.0
documents	office_fec-form3_campaign-finance_p01_page1.png	turbo	420	90	model_policy	39.061	67.638	2.9032	ImageMagick	90.0
documents	office_fec-form3_campaign-finance_p01_page1.png	turbo	420	90	model_proj	49.363	91.585	0.4457	ImageMagick	90.0
documents	office_fec-form3_campaign-finance_p01_page1.png	turbo	444	15	identity_off	31.729	65.163	2.4185	Unknown	15.0
documents	office_fec-form3_campaign-finance_p01_page1.png	turbo	444	15	model_policy	31.082	56.912	3.4277	Unknown	15.0
documents	office_fec-form3_campaign-finance_p01_page1.png	turbo	444	15	model_proj	35.502	75.612	1.6483	Unknown	15.0
documents	office_fec-form3_campaign-finance_p01_page1.png	turbo	444	35	identity_off	34.977	72.583	1.6813	ImageMagick	35.0
documents	office_fec-form3_campaign-finance_p01_page1.png	turbo	444	35	model_policy	33.851	62.500	2.9512	ImageMagick	35.0
documents	office_fec-form3_campaign-finance_p01_page1.png	turbo	444	35	model_proj	38.831	83.652	1.0298	ImageMagick	35.0
documents	office_fec-form3_campaign-finance_p01_page1.png	turbo	444	55	identity_off	37.315	76.648	1.3381	ImageMagick	55.0
documents	office_fec-form3_campaign-finance_p01_page1.png	turbo	444	55	model_policy	35.521	64.636	2.8807	ImageMagick	55.0
documents	office_fec-form3_campaign-finance_p01_page1.png	turbo	444	55	model_proj	40.776	85.420	0.9117	ImageMagick	55.0
documents	office_fec-form3_campaign-finance_p01_page1.png	turbo	444	75	identity_off	41.018	83.205	0.9094	ImageMagick	75.0
documents	office_fec-form3_campaign-finance_p01_page1.png	turbo	444	75	model_policy	37.506	67.777	2.8396	ImageMagick	75.0
documents	office_fec-form3_campaign-finance_p01_page1.png	turbo	444	75	model_proj	43.915	88.382	0.6941	ImageMagick	75.0
documents	office_fec-form3_campaign-finance_p01_page1.png	turbo	444	90	identity_off	47.570	89.699	0.4747	ImageMagick	90.0
documents	office_fec-form3_campaign-finance_p01_page1.png	turbo	444	90	model_policy	39.046	67.517	2.9270	ImageMagick	90.0
documents	office_fec-form3_campaign-finance_p01_page1.png	turbo	444	90	model_proj	49.538	91.837	0.4445	ImageMagick	90.0
documents	office_fec-form3_campaign-finance_p01_page1.png	mozjpeg	420	15	identity_off	28.355	65.612	2.7121	Mozjpeg	15.0
documents	office_fec-form3_campaign-finance_p01_page1.png	mozjpeg	420	15	model_policy	27.954	51.949	3.7201	Mozjpeg	15.0
documents	office_fec-form3_campaign-finance_p01_page1.png	mozjpeg	420	15	model_proj	30.387	70.351	2.5917	Mozjpeg	15.0
documents	office_fec-form3_campaign-finance_p01_page1.png	mozjpeg	420	35	identity_off	31.965	76.731	1.5888	Mozjpeg	35.0
documents	office_fec-form3_campaign-finance_p01_page1.png	mozjpeg	420	35	model_policy	31.230	60.507	3.0979	Mozjpeg	35.0
documents	office_fec-form3_campaign-finance_p01_page1.png	mozjpeg	420	35	model_proj	34.643	79.532	1.6283	Mozjpeg	35.0
documents	office_fec-form3_campaign-finance_p01_page1.png	mozjpeg	420	55	identity_off	34.008	80.498	1.2386	Mozjpeg	55.0
documents	office_fec-form3_campaign-finance_p01_page1.png	mozjpeg	420	55	model_policy	32.911	63.222	2.9873	Mozjpeg	55.0
documents	office_fec-form3_campaign-finance_p01_page1.png	mozjpeg	420	55	model_proj	36.696	82.823	1.3184	Mozjpeg	55.0
documents	office_fec-form3_campaign-finance_p01_page1.png	mozjpeg	420	75	identity_off	36.191	82.397	0.9042	Mozjpeg	75.0
documents	office_fec-form3_campaign-finance_p01_page1.png	mozjpeg	420	75	model_policy	34.523	64.277	2.9480	Mozjpeg	75.0
documents	office_fec-form3_campaign-finance_p01_page1.png	mozjpeg	420	75	model_proj	39.600	86.132	1.0168	Mozjpeg	75.0
documents	office_fec-form3_campaign-finance_p01_page1.png	mozjpeg	420	90	identity_off	40.849	86.855	0.5905	Mozjpeg	90.0
documents	office_fec-form3_campaign-finance_p01_page1.png	mozjpeg	420	90	model_policy	37.157	66.039	2.9132	Mozjpeg	90.0
documents	office_fec-form3_campaign-finance_p01_page1.png	mozjpeg	420	90	model_proj	44.257	89.798	0.5565	Mozjpeg	90.0
documents	office_fec-form3_campaign-finance_p01_page1.png	mozjpeg	444	15	identity_off	28.355	65.612	2.7121	Mozjpeg	15.0
documents	office_fec-form3_campaign-finance_p01_page1.png	mozjpeg	444	15	model_policy	27.954	51.949	3.7201	Mozjpeg	15.0
documents	office_fec-form3_campaign-finance_p01_page1.png	mozjpeg	444	15	model_proj	30.387	70.351	2.5917	Mozjpeg	15.0
documents	office_fec-form3_campaign-finance_p01_page1.png	mozjpeg	444	35	identity_off	31.965	76.731	1.5888	Mozjpeg	35.0
documents	office_fec-form3_campaign-finance_p01_page1.png	mozjpeg	444	35	model_policy	31.230	60.507	3.0979	Mozjpeg	35.0
documents	office_fec-form3_campaign-finance_p01_page1.png	mozjpeg	444	35	model_proj	34.643	79.532	1.6283	Mozjpeg	35.0
documents	office_fec-form3_campaign-finance_p01_page1.png	mozjpeg	444	55	identity_off	34.004	80.087	1.2377	Mozjpeg	55.0
documents	office_fec-form3_campaign-finance_p01_page1.png	mozjpeg	444	55	model_policy	32.896	62.316	3.0016	Mozjpeg	55.0
documents	office_fec-form3_campaign-finance_p01_page1.png	mozjpeg	444	55	model_proj	36.689	82.385	1.3151	Mozjpeg	55.0
documents	office_fec-form3_campaign-finance_p01_page1.png	mozjpeg	444	75	identity_off	36.201	82.636	0.9030	Mozjpeg	75.0
documents	office_fec-form3_campaign-finance_p01_page1.png	mozjpeg	444	75	model_policy	34.528	64.242	2.9402	Mozjpeg	75.0
documents	office_fec-form3_campaign-finance_p01_page1.png	mozjpeg	444	75	model_proj	39.636	86.365	1.0120	Mozjpeg	75.0
documents	office_fec-form3_campaign-finance_p01_page1.png	mozjpeg	444	90	identity_off	40.868	87.391	0.5914	Mozjpeg	90.0
documents	office_fec-form3_campaign-finance_p01_page1.png	mozjpeg	444	90	model_policy	37.154	65.979	2.9321	Mozjpeg	90.0
documents	office_fec-form3_campaign-finance_p01_page1.png	mozjpeg	444	90	model_proj	44.300	90.058	0.5464	Mozjpeg	90.0
documents	office_fec-form3_campaign-finance_p01_page1.png	jpegli	420	15	identity_off	31.246	64.147	2.4387	CjpegliYcbcr	14.2
documents	office_fec-form3_campaign-finance_p01_page1.png	jpegli	420	15	model_policy	30.731	56.632	3.1496	CjpegliYcbcr	14.2
documents	office_fec-form3_campaign-finance_p01_page1.png	jpegli	420	15	model_proj	34.946	75.519	1.7200	CjpegliYcbcr	14.2
documents	office_fec-form3_campaign-finance_p01_page1.png	jpegli	420	35	identity_off	34.737	73.817	1.5860	CjpegliYcbcr	7.2
documents	office_fec-form3_campaign-finance_p01_page1.png	jpegli	420	35	model_policy	33.609	63.188	2.9511	CjpegliYcbcr	7.2
documents	office_fec-form3_campaign-finance_p01_page1.png	jpegli	420	35	model_proj	38.382	82.816	1.1509	CjpegliYcbcr	7.2
documents	office_fec-form3_campaign-finance_p01_page1.png	jpegli	420	55	identity_off	36.913	78.382	1.1815	CjpegliYcbcr	5.2
documents	office_fec-form3_campaign-finance_p01_page1.png	jpegli	420	55	model_policy	35.136	64.438	2.9101	CjpegliYcbcr	5.2
documents	office_fec-form3_campaign-finance_p01_page1.png	jpegli	420	55	model_proj	40.288	85.534	0.8704	CjpegliYcbcr	5.2
documents	office_fec-form3_campaign-finance_p01_page1.png	jpegli	420	75	identity_off	41.250	83.971	0.7916	CjpegliYcbcr	3.0
documents	office_fec-form3_campaign-finance_p01_page1.png	jpegli	420	75	model_policy	37.491	66.699	2.8665	CjpegliYcbcr	3.0
documents	office_fec-form3_campaign-finance_p01_page1.png	jpegli	420	75	model_proj	43.910	88.182	0.7115	CjpegliYcbcr	3.0
documents	office_fec-form3_campaign-finance_p01_page1.png	jpegli	420	90	identity_off	47.758	89.889	0.3914	CjpegliYcbcr	1.3
documents	office_fec-form3_campaign-finance_p01_page1.png	jpegli	420	90	model_policy	39.103	67.301	2.8838	CjpegliYcbcr	1.3
documents	office_fec-form3_campaign-finance_p01_page1.png	jpegli	420	90	model_proj	49.188	91.185	0.4915	CjpegliYcbcr	1.3
documents	office_fec-form3_campaign-finance_p01_page1.png	jpegli	444	15	identity_off	32.220	68.029	2.1610	CjpegliYcbcr	11.8
documents	office_fec-form3_campaign-finance_p01_page1.png	jpegli	444	15	model_policy	31.551	58.739	3.0898	CjpegliYcbcr	11.8
documents	office_fec-form3_campaign-finance_p01_page1.png	jpegli	444	15	model_proj	36.011	78.491	1.4658	CjpegliYcbcr	11.8
documents	office_fec-form3_campaign-finance_p01_page1.png	jpegli	444	35	identity_off	35.857	76.790	1.3252	CjpegliYcbcr	6.0
documents	office_fec-form3_campaign-finance_p01_page1.png	jpegli	444	35	model_policy	34.425	64.141	2.9538	CjpegliYcbcr	6.0
documents	office_fec-form3_campaign-finance_p01_page1.png	jpegli	444	35	model_proj	39.435	84.552	0.9459	CjpegliYcbcr	6.0
documents	office_fec-form3_campaign-finance_p01_page1.png	jpegli	444	55	identity_off	38.309	80.852	1.0268	CjpegliYcbcr	4.1
documents	office_fec-form3_campaign-finance_p01_page1.png	jpegli	444	55	model_policy	36.040	66.093	2.8860	CjpegliYcbcr	4.1
documents	office_fec-form3_campaign-finance_p01_page1.png	jpegli	444	55	model_proj	41.511	86.410	0.8643	CjpegliYcbcr	4.1
documents	office_fec-form3_campaign-finance_p01_page1.png	jpegli	444	75	identity_off	42.596	84.982	0.6473	CjpegliYcbcr	2.3
documents	office_fec-form3_campaign-finance_p01_page1.png	jpegli	444	75	model_policy	37.994	67.246	2.8529	CjpegliYcbcr	2.3
documents	office_fec-form3_campaign-finance_p01_page1.png	jpegli	444	75	model_proj	44.851	87.727	0.7015	CjpegliYcbcr	2.3
documents	office_fec-form3_campaign-finance_p01_page1.png	jpegli	444	90	identity_off	49.257	90.070	0.3469	CjpegliYcbcr	1.1
documents	office_fec-form3_campaign-finance_p01_page1.png	jpegli	444	90	model_policy	39.275	67.367	2.8908	CjpegliYcbcr	1.1
documents	office_fec-form3_campaign-finance_p01_page1.png	jpegli	444	90	model_proj	50.541	91.540	0.4229	CjpegliYcbcr	1.1
documents	office_fec-form3_campaign-finance_p01_page1.png	zenjpeg	420	15	identity_off	32.562	76.337	1.7750	CjpegliYcbcr	14.2
documents	office_fec-form3_campaign-finance_p01_page1.png	zenjpeg	420	15	model_policy	31.765	60.093	3.1916	CjpegliYcbcr	14.2
documents	office_fec-form3_campaign-finance_p01_page1.png	zenjpeg	420	15	model_proj	34.721	78.081	1.8247	CjpegliYcbcr	14.2
documents	office_fec-form3_campaign-finance_p01_page1.png	zenjpeg	420	35	identity_off	36.087	81.651	1.0991	CjpegliYcbcr	7.2
documents	office_fec-form3_campaign-finance_p01_page1.png	zenjpeg	420	35	model_policy	34.559	65.154	2.9704	CjpegliYcbcr	7.2
documents	office_fec-form3_campaign-finance_p01_page1.png	zenjpeg	420	35	model_proj	37.112	81.740	1.5146	CjpegliYcbcr	7.2
documents	office_fec-form3_campaign-finance_p01_page1.png	zenjpeg	420	55	identity_off	38.203	84.023	0.8886	CjpegliYcbcr	5.2
documents	office_fec-form3_campaign-finance_p01_page1.png	zenjpeg	420	55	model_policy	35.899	65.225	2.9424	CjpegliYcbcr	5.2
documents	office_fec-form3_campaign-finance_p01_page1.png	zenjpeg	420	55	model_proj	39.460	85.058	1.2085	CjpegliYcbcr	5.2
documents	office_fec-form3_campaign-finance_p01_page1.png	zenjpeg	420	75	identity_off	42.510	87.003	0.5416	CjpegliYcbcr	3.0
documents	office_fec-form3_campaign-finance_p01_page1.png	zenjpeg	420	75	model_policy	37.898	66.585	2.9013	CjpegliYcbcr	3.0
documents	office_fec-form3_campaign-finance_p01_page1.png	zenjpeg	420	75	model_proj	43.225	88.424	0.7993	CjpegliYcbcr	3.0
documents	office_fec-form3_campaign-finance_p01_page1.png	zenjpeg	420	90	identity_off	49.100	91.354	0.2807	CjpegliYcbcr	1.3
documents	office_fec-form3_campaign-finance_p01_page1.png	zenjpeg	420	90	model_policy	39.197	67.072	2.9214	CjpegliYcbcr	1.3
documents	office_fec-form3_campaign-finance_p01_page1.png	zenjpeg	420	90	model_proj	48.569	91.813	0.4819	CjpegliYcbcr	1.3
documents	office_fec-form3_campaign-finance_p01_page1.png	zenjpeg	444	15	identity_off	33.405	77.727	1.4710	CjpegliYcbcr	11.8
documents	office_fec-form3_campaign-finance_p01_page1.png	zenjpeg	444	15	model_policy	32.489	61.457	3.1363	CjpegliYcbcr	11.8
documents	office_fec-form3_campaign-finance_p01_page1.png	zenjpeg	444	15	model_proj	35.438	79.034	1.7760	CjpegliYcbcr	11.8
documents	office_fec-form3_campaign-finance_p01_page1.png	zenjpeg	444	35	identity_off	37.292	83.141	0.9483	CjpegliYcbcr	6.0
documents	office_fec-form3_campaign-finance_p01_page1.png	zenjpeg	444	35	model_policy	35.370	66.526	2.9037	CjpegliYcbcr	6.0
documents	office_fec-form3_campaign-finance_p01_page1.png	zenjpeg	444	35	model_proj	38.512	84.039	1.2475	CjpegliYcbcr	6.0
documents	office_fec-form3_campaign-finance_p01_page1.png	zenjpeg	444	55	identity_off	39.519	85.581	0.7406	CjpegliYcbcr	4.1
documents	office_fec-form3_campaign-finance_p01_page1.png	zenjpeg	444	55	model_policy	36.634	66.361	2.9145	CjpegliYcbcr	4.1
documents	office_fec-form3_campaign-finance_p01_page1.png	zenjpeg	444	55	model_proj	40.662	86.295	1.0480	CjpegliYcbcr	4.1
documents	office_fec-form3_campaign-finance_p01_page1.png	zenjpeg	444	75	identity_off	43.841	87.712	0.4667	CjpegliYcbcr	2.3
documents	office_fec-form3_campaign-finance_p01_page1.png	zenjpeg	444	75	model_policy	38.296	66.571	2.8914	CjpegliYcbcr	2.3
documents	office_fec-form3_campaign-finance_p01_page1.png	zenjpeg	444	75	model_proj	44.421	88.842	0.7340	CjpegliYcbcr	2.3
documents	office_fec-form3_campaign-finance_p01_page1.png	zenjpeg	444	90	identity_off	50.390	90.831	0.2467	CjpegliYcbcr	1.1
documents	office_fec-form3_campaign-finance_p01_page1.png	zenjpeg	444	90	model_policy	39.332	67.656	2.8996	CjpegliYcbcr	1.1
documents	office_fec-form3_campaign-finance_p01_page1.png	zenjpeg	444	90	model_proj	50.172	91.788	0.4009	CjpegliYcbcr	1.1
documents	office_fedreg-2026-10621_rule_p01_page1.png	turbo	420	15	identity_off	24.604	46.880	3.9101	Unknown	15.0
documents	office_fedreg-2026-10621_rule_p01_page1.png	turbo	420	15	model_policy	24.511	42.845	3.9124	Unknown	15.0
documents	office_fedreg-2026-10621_rule_p01_page1.png	turbo	420	15	model_proj	27.453	61.883	2.9109	Unknown	15.0
documents	office_fedreg-2026-10621_rule_p01_page1.png	turbo	420	35	identity_off	28.511	61.906	2.3780	ImageMagick	35.0
documents	office_fedreg-2026-10621_rule_p01_page1.png	turbo	420	35	model_policy	28.220	59.004	2.4338	ImageMagick	35.0
documents	office_fedreg-2026-10621_rule_p01_page1.png	turbo	420	35	model_proj	31.688	76.416	1.4990	ImageMagick	35.0
documents	office_fedreg-2026-10621_rule_p01_page1.png	turbo	420	55	identity_off	30.989	70.182	1.8355	ImageMagick	55.0
documents	office_fedreg-2026-10621_rule_p01_page1.png	turbo	420	55	model_policy	30.450	66.216	1.9855	ImageMagick	55.0
documents	office_fedreg-2026-10621_rule_p01_page1.png	turbo	420	55	model_proj	34.185	82.562	1.0274	ImageMagick	55.0
documents	office_fedreg-2026-10621_rule_p01_page1.png	turbo	420	75	identity_off	34.670	79.240	1.2294	ImageMagick	75.0
documents	office_fedreg-2026-10621_rule_p01_page1.png	turbo	420	75	model_policy	33.482	73.437	1.7656	ImageMagick	75.0
documents	office_fedreg-2026-10621_rule_p01_page1.png	turbo	420	75	model_proj	37.643	87.762	0.6436	ImageMagick	75.0
documents	office_fedreg-2026-10621_rule_p01_page1.png	turbo	420	90	identity_off	41.705	89.733	0.5912	ImageMagick	90.0
documents	office_fedreg-2026-10621_rule_p01_page1.png	turbo	420	90	model_policy	37.563	80.000	1.6729	ImageMagick	90.0
documents	office_fedreg-2026-10621_rule_p01_page1.png	turbo	420	90	model_proj	43.959	92.616	0.3205	ImageMagick	90.0
documents	office_fedreg-2026-10621_rule_p01_page1.png	turbo	444	15	identity_off	24.604	46.880	3.9101	Unknown	15.0
documents	office_fedreg-2026-10621_rule_p01_page1.png	turbo	444	15	model_policy	24.511	42.845	3.9124	Unknown	15.0
documents	office_fedreg-2026-10621_rule_p01_page1.png	turbo	444	15	model_proj	27.453	61.883	2.9109	Unknown	15.0
documents	office_fedreg-2026-10621_rule_p01_page1.png	turbo	444	35	identity_off	28.511	61.906	2.3780	ImageMagick	35.0
documents	office_fedreg-2026-10621_rule_p01_page1.png	turbo	444	35	model_policy	28.220	59.004	2.4338	ImageMagick	35.0
documents	office_fedreg-2026-10621_rule_p01_page1.png	turbo	444	35	model_proj	31.688	76.416	1.4990	ImageMagick	35.0
documents	office_fedreg-2026-10621_rule_p01_page1.png	turbo	444	55	identity_off	30.989	70.182	1.8355	ImageMagick	55.0
documents	office_fedreg-2026-10621_rule_p01_page1.png	turbo	444	55	model_policy	30.450	66.216	1.9855	ImageMagick	55.0
documents	office_fedreg-2026-10621_rule_p01_page1.png	turbo	444	55	model_proj	34.185	82.562	1.0274	ImageMagick	55.0
documents	office_fedreg-2026-10621_rule_p01_page1.png	turbo	444	75	identity_off	34.670	79.240	1.2294	ImageMagick	75.0
documents	office_fedreg-2026-10621_rule_p01_page1.png	turbo	444	75	model_policy	33.482	73.437	1.7656	ImageMagick	75.0
documents	office_fedreg-2026-10621_rule_p01_page1.png	turbo	444	75	model_proj	37.643	87.762	0.6436	ImageMagick	75.0
documents	office_fedreg-2026-10621_rule_p01_page1.png	turbo	444	90	identity_off	41.705	89.733	0.5912	ImageMagick	90.0
documents	office_fedreg-2026-10621_rule_p01_page1.png	turbo	444	90	model_policy	37.563	80.000	1.6729	ImageMagick	90.0
documents	office_fedreg-2026-10621_rule_p01_page1.png	turbo	444	90	model_proj	43.959	92.653	0.3205	ImageMagick	90.0
documents	office_fedreg-2026-10621_rule_p01_page1.png	mozjpeg	420	15	identity_off	20.748	43.436	4.7029	Mozjpeg	15.0
documents	office_fedreg-2026-10621_rule_p01_page1.png	mozjpeg	420	15	model_policy	20.626	38.330	4.5436	Mozjpeg	15.0
documents	office_fedreg-2026-10621_rule_p01_page1.png	mozjpeg	420	15	model_proj	22.511	56.866	3.6144	Mozjpeg	15.0
documents	office_fedreg-2026-10621_rule_p01_page1.png	mozjpeg	420	35	identity_off	24.575	62.562	3.4528	Mozjpeg	35.0
documents	office_fedreg-2026-10621_rule_p01_page1.png	mozjpeg	420	35	model_policy	24.292	56.818	3.3929	Mozjpeg	35.0
documents	office_fedreg-2026-10621_rule_p01_page1.png	mozjpeg	420	35	model_proj	26.907	74.490	2.2544	Mozjpeg	35.0
documents	office_fedreg-2026-10621_rule_p01_page1.png	mozjpeg	420	55	identity_off	26.390	69.293	2.7881	Mozjpeg	55.0
documents	office_fedreg-2026-10621_rule_p01_page1.png	mozjpeg	420	55	model_policy	26.004	62.321	2.8323	Mozjpeg	55.0
documents	office_fedreg-2026-10621_rule_p01_page1.png	mozjpeg	420	55	model_proj	28.768	78.582	1.7867	Mozjpeg	55.0
documents	office_fedreg-2026-10621_rule_p01_page1.png	mozjpeg	420	75	identity_off	29.421	77.053	1.8898	Mozjpeg	75.0
documents	office_fedreg-2026-10621_rule_p01_page1.png	mozjpeg	420	75	model_policy	28.782	68.781	2.1233	Mozjpeg	75.0
documents	office_fedreg-2026-10621_rule_p01_page1.png	mozjpeg	420	75	model_proj	32.085	83.721	1.2209	Mozjpeg	75.0
documents	office_fedreg-2026-10621_rule_p01_page1.png	mozjpeg	420	90	identity_off	34.073	84.768	1.1406	Mozjpeg	90.0
documents	office_fedreg-2026-10621_rule_p01_page1.png	mozjpeg	420	90	model_policy	32.681	75.077	1.7541	Mozjpeg	90.0
documents	office_fedreg-2026-10621_rule_p01_page1.png	mozjpeg	420	90	model_proj	36.826	88.719	0.7204	Mozjpeg	90.0
documents	office_fedreg-2026-10621_rule_p01_page1.png	mozjpeg	444	15	identity_off	20.748	43.438	4.7031	Mozjpeg	15.0
documents	office_fedreg-2026-10621_rule_p01_page1.png	mozjpeg	444	15	model_policy	20.626	38.328	4.5438	Mozjpeg	15.0
documents	office_fedreg-2026-10621_rule_p01_page1.png	mozjpeg	444	15	model_proj	22.512	56.871	3.6145	Mozjpeg	15.0
documents	office_fedreg-2026-10621_rule_p01_page1.png	mozjpeg	444	35	identity_off	24.575	62.564	3.4531	Mozjpeg	35.0
documents	office_fedreg-2026-10621_rule_p01_page1.png	mozjpeg	444	35	model_policy	24.292	56.798	3.3934	Mozjpeg	35.0
documents	office_fedreg-2026-10621_rule_p01_page1.png	mozjpeg	444	35	model_proj	26.907	74.480	2.2544	Mozjpeg	35.0
documents	office_fedreg-2026-10621_rule_p01_page1.png	mozjpeg	444	55	identity_off	26.390	69.287	2.7882	Mozjpeg	55.0
documents	office_fedreg-2026-10621_rule_p01_page1.png	mozjpeg	444	55	model_policy	26.004	62.331	2.8325	Mozjpeg	55.0
documents	office_fedreg-2026-10621_rule_p01_page1.png	mozjpeg	444	55	model_proj	28.768	78.593	1.7868	Mozjpeg	55.0
documents	office_fedreg-2026-10621_rule_p01_page1.png	mozjpeg	444	75	identity_off	29.421	77.062	1.8898	Mozjpeg	75.0
documents	office_fedreg-2026-10621_rule_p01_page1.png	mozjpeg	444	75	model_policy	28.782	68.784	2.1234	Mozjpeg	75.0
documents	office_fedreg-2026-10621_rule_p01_page1.png	mozjpeg	444	75	model_proj	32.085	83.724	1.2209	Mozjpeg	75.0
documents	office_fedreg-2026-10621_rule_p01_page1.png	mozjpeg	444	90	identity_off	34.073	84.768	1.1406	Mozjpeg	90.0
documents	office_fedreg-2026-10621_rule_p01_page1.png	mozjpeg	444	90	model_policy	32.681	75.077	1.7541	Mozjpeg	90.0
documents	office_fedreg-2026-10621_rule_p01_page1.png	mozjpeg	444	90	model_proj	36.826	88.803	0.7204	Mozjpeg	90.0
documents	office_fedreg-2026-10621_rule_p01_page1.png	jpegli	420	15	identity_off	23.997	44.371	4.0790	CjpegliYcbcr	14.2
documents	office_fedreg-2026-10621_rule_p01_page1.png	jpegli	420	15	model_policy	23.844	42.057	4.1212	CjpegliYcbcr	14.2
documents	office_fedreg-2026-10621_rule_p01_page1.png	jpegli	420	15	model_proj	26.658	61.175	3.1972	CjpegliYcbcr	14.2
documents	office_fedreg-2026-10621_rule_p01_page1.png	jpegli	420	35	identity_off	28.016	63.341	2.3834	CjpegliYcbcr	7.2
documents	office_fedreg-2026-10621_rule_p01_page1.png	jpegli	420	35	model_policy	27.630	59.193	2.5789	CjpegliYcbcr	7.2
documents	office_fedreg-2026-10621_rule_p01_page1.png	jpegli	420	35	model_proj	30.913	76.200	1.7210	CjpegliYcbcr	7.2
documents	office_fedreg-2026-10621_rule_p01_page1.png	jpegli	420	55	identity_off	30.475	71.155	1.7449	CjpegliYcbcr	5.2
documents	office_fedreg-2026-10621_rule_p01_page1.png	jpegli	420	55	model_policy	29.838	66.070	2.0637	CjpegliYcbcr	5.2
documents	office_fedreg-2026-10621_rule_p01_page1.png	jpegli	420	55	model_proj	33.278	81.478	1.1900	CjpegliYcbcr	5.2
documents	office_fedreg-2026-10621_rule_p01_page1.png	jpegli	420	75	identity_off	34.949	81.628	1.0417	CjpegliYcbcr	3.0
documents	office_fedreg-2026-10621_rule_p01_page1.png	jpegli	420	75	model_policy	33.498	74.270	1.7664	CjpegliYcbcr	3.0
documents	office_fedreg-2026-10621_rule_p01_page1.png	jpegli	420	75	model_proj	37.341	87.618	0.6988	CjpegliYcbcr	3.0
documents	office_fedreg-2026-10621_rule_p01_page1.png	jpegli	420	90	identity_off	41.830	90.672	0.4816	CjpegliYcbcr	1.3
documents	office_fedreg-2026-10621_rule_p01_page1.png	jpegli	420	90	model_policy	37.468	79.917	1.6752	CjpegliYcbcr	1.3
documents	office_fedreg-2026-10621_rule_p01_page1.png	jpegli	420	90	model_proj	43.485	92.054	0.3393	CjpegliYcbcr	1.3
documents	office_fedreg-2026-10621_rule_p01_page1.png	jpegli	444	15	identity_off	25.108	50.698	3.5873	CjpegliYcbcr	11.8
documents	office_fedreg-2026-10621_rule_p01_page1.png	jpegli	444	15	model_policy	24.902	47.689	3.6708	CjpegliYcbcr	11.8
documents	office_fedreg-2026-10621_rule_p01_page1.png	jpegli	444	15	model_proj	27.879	66.313	2.7298	CjpegliYcbcr	11.8
documents	office_fedreg-2026-10621_rule_p01_page1.png	jpegli	444	35	identity_off	29.370	68.104	1.9939	CjpegliYcbcr	6.0
documents	office_fedreg-2026-10621_rule_p01_page1.png	jpegli	444	35	model_policy	28.855	63.384	2.2413	CjpegliYcbcr	6.0
documents	office_fedreg-2026-10621_rule_p01_page1.png	jpegli	444	35	model_proj	32.257	79.344	1.3816	CjpegliYcbcr	6.0
documents	office_fedreg-2026-10621_rule_p01_page1.png	jpegli	444	55	identity_off	32.010	75.383	1.4389	CjpegliYcbcr	4.1
documents	office_fedreg-2026-10621_rule_p01_page1.png	jpegli	444	55	model_policy	31.156	69.516	1.9029	CjpegliYcbcr	4.1
documents	office_fedreg-2026-10621_rule_p01_page1.png	jpegli	444	55	model_proj	34.712	84.011	0.9678	CjpegliYcbcr	4.1
documents	office_fedreg-2026-10621_rule_p01_page1.png	jpegli	444	75	identity_off	36.423	84.330	0.8671	CjpegliYcbcr	2.3
documents	office_fedreg-2026-10621_rule_p01_page1.png	jpegli	444	75	model_policy	34.538	76.124	1.7305	CjpegliYcbcr	2.3
documents	office_fedreg-2026-10621_rule_p01_page1.png	jpegli	444	75	model_proj	38.665	89.068	0.5729	CjpegliYcbcr	2.3
documents	office_fedreg-2026-10621_rule_p01_page1.png	jpegli	444	90	identity_off	43.582	91.866	0.4067	CjpegliYcbcr	1.1
documents	office_fedreg-2026-10621_rule_p01_page1.png	jpegli	444	90	model_policy	38.092	80.524	1.6680	CjpegliYcbcr	1.1
documents	office_fedreg-2026-10621_rule_p01_page1.png	jpegli	444	90	model_proj	45.039	93.122	0.2785	CjpegliYcbcr	1.1
documents	office_fedreg-2026-10621_rule_p01_page1.png	zenjpeg	420	15	identity_off	25.414	65.887	2.8894	CjpegliYcbcr	14.2
documents	office_fedreg-2026-10621_rule_p01_page1.png	zenjpeg	420	15	model_policy	25.136	60.202	2.9548	CjpegliYcbcr	14.2
documents	office_fedreg-2026-10621_rule_p01_page1.png	zenjpeg	420	15	model_proj	27.126	75.540	1.9863	CjpegliYcbcr	14.2
documents	office_fedreg-2026-10621_rule_p01_page1.png	zenjpeg	420	35	identity_off	29.686	78.269	1.5718	CjpegliYcbcr	7.2
documents	office_fedreg-2026-10621_rule_p01_page1.png	zenjpeg	420	35	model_policy	29.083	71.084	1.8875	CjpegliYcbcr	7.2
documents	office_fedreg-2026-10621_rule_p01_page1.png	zenjpeg	420	35	model_proj	30.763	82.851	1.2638	CjpegliYcbcr	7.2
documents	office_fedreg-2026-10621_rule_p01_page1.png	zenjpeg	420	55	identity_off	32.057	82.520	1.1839	CjpegliYcbcr	5.2
documents	office_fedreg-2026-10621_rule_p01_page1.png	zenjpeg	420	55	model_policy	31.132	74.370	1.7543	CjpegliYcbcr	5.2
documents	office_fedreg-2026-10621_rule_p01_page1.png	zenjpeg	420	55	model_proj	33.097	86.195	0.9454	CjpegliYcbcr	5.2
documents	office_fedreg-2026-10621_rule_p01_page1.png	zenjpeg	420	75	identity_off	36.546	88.177	0.6697	CjpegliYcbcr	3.0
documents	office_fedreg-2026-10621_rule_p01_page1.png	zenjpeg	420	75	model_policy	34.571	78.342	1.6832	CjpegliYcbcr	3.0
documents	office_fedreg-2026-10621_rule_p01_page1.png	zenjpeg	420	75	model_proj	37.055	90.033	0.6189	CjpegliYcbcr	3.0
documents	office_fedreg-2026-10621_rule_p01_page1.png	zenjpeg	420	90	identity_off	43.748	93.086	0.2829	CjpegliYcbcr	1.3
documents	office_fedreg-2026-10621_rule_p01_page1.png	zenjpeg	420	90	model_policy	38.190	81.177	1.6565	CjpegliYcbcr	1.3
documents	office_fedreg-2026-10621_rule_p01_page1.png	zenjpeg	420	90	model_proj	43.247	93.081	0.3337	CjpegliYcbcr	1.3
documents	office_fedreg-2026-10621_rule_p01_page1.png	zenjpeg	444	15	identity_off	26.645	70.488	2.4773	CjpegliYcbcr	11.8
documents	office_fedreg-2026-10621_rule_p01_page1.png	zenjpeg	444	15	model_policy	26.291	64.197	2.5882	CjpegliYcbcr	11.8
documents	office_fedreg-2026-10621_rule_p01_page1.png	zenjpeg	444	15	model_proj	28.238	78.401	1.7165	CjpegliYcbcr	11.8
documents	office_fedreg-2026-10621_rule_p01_page1.png	zenjpeg	444	35	identity_off	30.970	80.694	1.3721	CjpegliYcbcr	6.0
documents	office_fedreg-2026-10621_rule_p01_page1.png	zenjpeg	444	35	model_policy	30.208	73.025	1.8037	CjpegliYcbcr	6.0
documents	office_fedreg-2026-10621_rule_p01_page1.png	zenjpeg	444	35	model_proj	32.135	84.909	1.0571	CjpegliYcbcr	6.0
documents	office_fedreg-2026-10621_rule_p01_page1.png	zenjpeg	444	55	identity_off	33.568	84.860	0.9905	CjpegliYcbcr	4.1
documents	office_fedreg-2026-10621_rule_p01_page1.png	zenjpeg	444	55	model_policy	32.363	75.971	1.7182	CjpegliYcbcr	4.1
documents	office_fedreg-2026-10621_rule_p01_page1.png	zenjpeg	444	55	model_proj	34.505	87.708	0.8166	CjpegliYcbcr	4.1
documents	office_fedreg-2026-10621_rule_p01_page1.png	zenjpeg	444	75	identity_off	38.067	89.533	0.5587	CjpegliYcbcr	2.3
documents	office_fedreg-2026-10621_rule_p01_page1.png	zenjpeg	444	75	model_policy	35.548	79.226	1.6738	CjpegliYcbcr	2.3
documents	office_fedreg-2026-10621_rule_p01_page1.png	zenjpeg	444	75	model_proj	38.500	90.921	0.5263	CjpegliYcbcr	2.3
documents	office_fedreg-2026-10621_rule_p01_page1.png	zenjpeg	444	90	identity_off	45.493	93.729	0.2382	CjpegliYcbcr	1.1
documents	office_fedreg-2026-10621_rule_p01_page1.png	zenjpeg	444	90	model_policy	38.670	81.373	1.6551	CjpegliYcbcr	1.1
documents	office_fedreg-2026-10621_rule_p01_page1.png	zenjpeg	444	90	model_proj	45.245	93.774	0.2683	CjpegliYcbcr	1.1
art-scans	haeckel_0007_cephalopods.png	turbo	420	15	identity_off	28.866	41.384	3.2113	Unknown	15.0
art-scans	haeckel_0007_cephalopods.png	turbo	420	15	model_policy	28.837	41.302	3.2185	Unknown	15.0
art-scans	haeckel_0007_cephalopods.png	turbo	420	15	model_proj	28.912	41.624	3.1772	Unknown	15.0
art-scans	haeckel_0007_cephalopods.png	turbo	420	35	identity_off	31.617	66.506	1.9847	ImageMagick	35.0
art-scans	haeckel_0007_cephalopods.png	turbo	420	35	model_policy	31.280	56.017	2.5489	ImageMagick	35.0
art-scans	haeckel_0007_cephalopods.png	turbo	420	35	model_proj	31.686	66.750	1.9726	ImageMagick	35.0
art-scans	haeckel_0007_cephalopods.png	turbo	420	55	identity_off	33.045	73.325	1.4159	ImageMagick	55.0
art-scans	haeckel_0007_cephalopods.png	turbo	420	55	model_policy	32.517	59.485	2.4361	ImageMagick	55.0
art-scans	haeckel_0007_cephalopods.png	turbo	420	55	model_proj	33.093	73.434	1.4049	ImageMagick	55.0
art-scans	haeckel_0007_cephalopods.png	turbo	420	75	identity_off	34.951	79.993	1.0860	ImageMagick	75.0
art-scans	haeckel_0007_cephalopods.png	turbo	420	75	model_policy	34.039	62.067	2.4203	ImageMagick	75.0
art-scans	haeckel_0007_cephalopods.png	turbo	420	75	model_proj	34.981	79.929	1.0734	ImageMagick	75.0
art-scans	haeckel_0007_cephalopods.png	turbo	420	90	identity_off	38.299	86.422	0.8286	ImageMagick	90.0
art-scans	haeckel_0007_cephalopods.png	turbo	420	90	model_policy	36.335	63.698	2.4139	ImageMagick	90.0
art-scans	haeckel_0007_cephalopods.png	turbo	420	90	model_proj	38.167	86.215	0.7486	ImageMagick	90.0
art-scans	haeckel_0007_cephalopods.png	turbo	444	15	identity_off	30.065	48.917	2.5778	Unknown	15.0
art-scans	haeckel_0007_cephalopods.png	turbo	444	15	model_policy	30.013	44.164	2.8900	Unknown	15.0
art-scans	haeckel_0007_cephalopods.png	turbo	444	15	model_proj	30.115	49.335	2.5465	Unknown	15.0
art-scans	haeckel_0007_cephalopods.png	turbo	444	35	identity_off	33.782	73.299	1.3937	ImageMagick	35.0
art-scans	haeckel_0007_cephalopods.png	turbo	444	35	model_policy	33.229	59.122	2.5019	ImageMagick	35.0
art-scans	haeckel_0007_cephalopods.png	turbo	444	35	model_proj	33.764	73.386	1.3717	ImageMagick	35.0
art-scans	haeckel_0007_cephalopods.png	turbo	444	55	identity_off	35.639	78.989	1.1017	ImageMagick	55.0
art-scans	haeckel_0007_cephalopods.png	turbo	444	55	model_policy	34.687	61.873	2.5240	ImageMagick	55.0
art-scans	haeckel_0007_cephalopods.png	turbo	444	55	model_proj	35.529	78.988	1.0890	ImageMagick	55.0
art-scans	haeckel_0007_cephalopods.png	turbo	444	75	identity_off	37.946	84.382	0.8018	ImageMagick	75.0
art-scans	haeckel_0007_cephalopods.png	turbo	444	75	model_policy	36.291	63.137	2.4728	ImageMagick	75.0
art-scans	haeckel_0007_cephalopods.png	turbo	444	75	model_proj	37.681	83.962	0.8077	ImageMagick	75.0
art-scans	haeckel_0007_cephalopods.png	turbo	444	90	identity_off	41.948	89.487	0.5267	ImageMagick	90.0
art-scans	haeckel_0007_cephalopods.png	turbo	444	90	model_policy	38.353	63.723	2.4583	ImageMagick	90.0
art-scans	haeckel_0007_cephalopods.png	turbo	444	90	model_proj	41.255	88.454	0.5581	ImageMagick	90.0
art-scans	haeckel_0007_cephalopods.png	mozjpeg	420	15	identity_off	27.825	37.427	3.3416	Mozjpeg	15.0
art-scans	haeckel_0007_cephalopods.png	mozjpeg	420	15	model_policy	27.767	37.529	3.4682	Mozjpeg	15.0
art-scans	haeckel_0007_cephalopods.png	mozjpeg	420	15	model_proj	27.878	37.622	3.3170	Mozjpeg	15.0
art-scans	haeckel_0007_cephalopods.png	mozjpeg	420	35	identity_off	31.359	64.085	1.8816	Mozjpeg	35.0
art-scans	haeckel_0007_cephalopods.png	mozjpeg	420	35	model_policy	30.984	53.855	2.7294	Mozjpeg	35.0
art-scans	haeckel_0007_cephalopods.png	mozjpeg	420	35	model_proj	31.417	64.232	1.8712	Mozjpeg	35.0
art-scans	haeckel_0007_cephalopods.png	mozjpeg	420	55	identity_off	33.249	72.995	1.4654	Mozjpeg	55.0
art-scans	haeckel_0007_cephalopods.png	mozjpeg	420	55	model_policy	32.610	59.570	2.5358	Mozjpeg	55.0
art-scans	haeckel_0007_cephalopods.png	mozjpeg	420	55	model_proj	33.289	72.984	1.4560	Mozjpeg	55.0
art-scans	haeckel_0007_cephalopods.png	mozjpeg	420	75	identity_off	35.451	80.435	1.1200	Mozjpeg	75.0
art-scans	haeckel_0007_cephalopods.png	mozjpeg	420	75	model_policy	34.331	62.001	2.4740	Mozjpeg	75.0
art-scans	haeckel_0007_cephalopods.png	mozjpeg	420	75	model_proj	35.434	80.181	1.0933	Mozjpeg	75.0
art-scans	haeckel_0007_cephalopods.png	mozjpeg	420	90	identity_off	38.521	86.254	0.8873	Mozjpeg	90.0
art-scans	haeckel_0007_cephalopods.png	mozjpeg	420	90	model_policy	36.360	63.393	2.4341	Mozjpeg	90.0
art-scans	haeckel_0007_cephalopods.png	mozjpeg	420	90	model_proj	38.444	86.083	0.7678	Mozjpeg	90.0
art-scans	haeckel_0007_cephalopods.png	mozjpeg	444	15	identity_off	28.773	43.688	3.1117	Mozjpeg	15.0
art-scans	haeckel_0007_cephalopods.png	mozjpeg	444	15	model_policy	28.689	40.601	3.3697	Mozjpeg	15.0
art-scans	haeckel_0007_cephalopods.png	mozjpeg	444	15	model_proj	28.814	43.918	3.0935	Mozjpeg	15.0
art-scans	haeckel_0007_cephalopods.png	mozjpeg	444	35	identity_off	32.857	69.148	1.6930	Mozjpeg	35.0
art-scans	haeckel_0007_cephalopods.png	mozjpeg	444	35	model_policy	32.321	55.267	2.7283	Mozjpeg	35.0
art-scans	haeckel_0007_cephalopods.png	mozjpeg	444	35	model_proj	32.836	69.147	1.6787	Mozjpeg	35.0
art-scans	haeckel_0007_cephalopods.png	mozjpeg	444	55	identity_off	35.075	76.757	1.2611	Mozjpeg	55.0
art-scans	haeckel_0007_cephalopods.png	mozjpeg	444	55	model_policy	34.131	60.259	2.6213	Mozjpeg	55.0
art-scans	haeckel_0007_cephalopods.png	mozjpeg	444	55	model_proj	34.965	76.696	1.2496	Mozjpeg	55.0
art-scans	haeckel_0007_cephalopods.png	mozjpeg	444	75	identity_off	37.724	83.287	0.8942	Mozjpeg	75.0
art-scans	haeckel_0007_cephalopods.png	mozjpeg	444	75	model_policy	36.001	62.069	2.5250	Mozjpeg	75.0
art-scans	haeckel_0007_cephalopods.png	mozjpeg	444	75	model_proj	37.455	82.823	0.8921	Mozjpeg	75.0
art-scans	haeckel_0007_cephalopods.png	mozjpeg	444	90	identity_off	42.011	88.810	0.5735	Mozjpeg	90.0
art-scans	haeckel_0007_cephalopods.png	mozjpeg	444	90	model_policy	38.219	63.291	2.4893	Mozjpeg	90.0
art-scans	haeckel_0007_cephalopods.png	mozjpeg	444	90	model_proj	41.348	87.676	0.6049	Mozjpeg	90.0
art-scans	haeckel_0007_cephalopods.png	jpegli	420	15	identity_off	29.486	57.134	2.3168	CjpegliYcbcr	14.2
art-scans	haeckel_0007_cephalopods.png	jpegli	420	15	model_policy	29.301	50.652	2.8161	CjpegliYcbcr	14.2
art-scans	haeckel_0007_cephalopods.png	jpegli	420	15	model_proj	29.549	57.299	2.3040	CjpegliYcbcr	14.2
art-scans	haeckel_0007_cephalopods.png	jpegli	420	35	identity_off	31.761	70.286	1.5999	CjpegliYcbcr	7.2
art-scans	haeckel_0007_cephalopods.png	jpegli	420	35	model_policy	31.359	57.858	2.5294	CjpegliYcbcr	7.2
art-scans	haeckel_0007_cephalopods.png	jpegli	420	35	model_proj	31.817	70.343	1.5862	CjpegliYcbcr	7.2
art-scans	haeckel_0007_cephalopods.png	jpegli	420	55	identity_off	33.056	75.019	1.3540	CjpegliYcbcr	5.2
art-scans	haeckel_0007_cephalopods.png	jpegli	420	55	model_policy	32.488	60.008	2.5682	CjpegliYcbcr	5.2
art-scans	haeckel_0007_cephalopods.png	jpegli	420	55	model_proj	33.114	75.015	1.3271	CjpegliYcbcr	5.2
art-scans	haeckel_0007_cephalopods.png	jpegli	420	75	identity_off	35.137	80.444	1.0858	CjpegliYcbcr	3.0
art-scans	haeckel_0007_cephalopods.png	jpegli	420	75	model_policy	34.151	62.187	2.4624	CjpegliYcbcr	3.0
art-scans	haeckel_0007_cephalopods.png	jpegli	420	75	model_proj	35.164	80.442	1.0165	CjpegliYcbcr	3.0
art-scans	haeckel_0007_cephalopods.png	jpegli	420	90	identity_off	38.188	85.816	0.8607	CjpegliYcbcr	1.3
art-scans	haeckel_0007_cephalopods.png	jpegli	420	90	model_policy	36.227	63.636	2.4057	CjpegliYcbcr	1.3
art-scans	haeckel_0007_cephalopods.png	jpegli	420	90	model_proj	38.180	85.777	0.7149	CjpegliYcbcr	1.3
art-scans	haeckel_0007_cephalopods.png	jpegli	444	15	identity_off	29.711	57.688	2.3596	CjpegliYcbcr	11.8
art-scans	haeckel_0007_cephalopods.png	jpegli	444	15	model_policy	29.571	47.100	2.7419	CjpegliYcbcr	11.8
art-scans	haeckel_0007_cephalopods.png	jpegli	444	15	model_proj	29.791	57.929	2.2930	CjpegliYcbcr	11.8
art-scans	haeckel_0007_cephalopods.png	jpegli	444	35	identity_off	32.497	72.976	1.4589	CjpegliYcbcr	6.0
art-scans	haeckel_0007_cephalopods.png	jpegli	444	35	model_policy	32.045	56.599	2.5555	CjpegliYcbcr	6.0
art-scans	haeckel_0007_cephalopods.png	jpegli	444	35	model_proj	32.562	73.004	1.4384	CjpegliYcbcr	6.0
art-scans	haeckel_0007_cephalopods.png	jpegli	444	55	identity_off	33.883	77.089	1.2168	CjpegliYcbcr	4.1
art-scans	haeckel_0007_cephalopods.png	jpegli	444	55	model_policy	33.207	59.441	2.5106	CjpegliYcbcr	4.1
art-scans	haeckel_0007_cephalopods.png	jpegli	444	55	model_proj	33.912	77.030	1.2099	CjpegliYcbcr	4.1
art-scans	haeckel_0007_cephalopods.png	jpegli	444	75	identity_off	36.066	82.580	0.8720	CjpegliYcbcr	2.3
art-scans	haeckel_0007_cephalopods.png	jpegli	444	75	model_policy	34.896	61.564	2.4268	CjpegliYcbcr	2.3
art-scans	haeckel_0007_cephalopods.png	jpegli	444	75	model_proj	36.006	82.285	0.8760	CjpegliYcbcr	2.3
art-scans	haeckel_0007_cephalopods.png	jpegli	444	90	identity_off	39.806	88.100	0.5654	CjpegliYcbcr	1.1
art-scans	haeckel_0007_cephalopods.png	jpegli	444	90	model_policy	37.208	63.159	2.4265	CjpegliYcbcr	1.1
art-scans	haeckel_0007_cephalopods.png	jpegli	444	90	model_proj	39.361	87.448	0.5763	CjpegliYcbcr	1.1
art-scans	haeckel_0007_cephalopods.png	zenjpeg	420	15	identity_off	29.463	56.962	2.3258	CjpegliYcbcr	14.2
art-scans	haeckel_0007_cephalopods.png	zenjpeg	420	15	model_policy	29.281	50.373	2.8236	CjpegliYcbcr	14.2
art-scans	haeckel_0007_cephalopods.png	zenjpeg	420	15	model_proj	29.525	57.115	2.3133	CjpegliYcbcr	14.2
art-scans	haeckel_0007_cephalopods.png	zenjpeg	420	35	identity_off	31.743	70.167	1.6093	CjpegliYcbcr	7.2
art-scans	haeckel_0007_cephalopods.png	zenjpeg	420	35	model_policy	31.338	57.665	2.5376	CjpegliYcbcr	7.2
art-scans	haeckel_0007_cephalopods.png	zenjpeg	420	35	model_proj	31.799	70.288	1.5962	CjpegliYcbcr	7.2
art-scans	haeckel_0007_cephalopods.png	zenjpeg	420	55	identity_off	33.006	74.794	1.3731	CjpegliYcbcr	5.2
art-scans	haeckel_0007_cephalopods.png	zenjpeg	420	55	model_policy	32.463	60.140	2.5208	CjpegliYcbcr	5.2
art-scans	haeckel_0007_cephalopods.png	zenjpeg	420	55	model_proj	33.060	74.752	1.3465	CjpegliYcbcr	5.2
art-scans	haeckel_0007_cephalopods.png	zenjpeg	420	75	identity_off	35.106	80.337	1.0899	CjpegliYcbcr	3.0
art-scans	haeckel_0007_cephalopods.png	zenjpeg	420	75	model_policy	34.127	62.310	2.4601	CjpegliYcbcr	3.0
art-scans	haeckel_0007_cephalopods.png	zenjpeg	420	75	model_proj	35.136	80.392	1.0251	CjpegliYcbcr	3.0
art-scans	haeckel_0007_cephalopods.png	zenjpeg	420	90	identity_off	38.143	85.909	0.8677	CjpegliYcbcr	1.3
art-scans	haeckel_0007_cephalopods.png	zenjpeg	420	90	model_policy	36.207	63.695	2.3838	CjpegliYcbcr	1.3
art-scans	haeckel_0007_cephalopods.png	zenjpeg	420	90	model_proj	38.135	86.050	0.7251	CjpegliYcbcr	1.3
art-scans	haeckel_0007_cephalopods.png	zenjpeg	444	15	identity_off	29.692	57.488	2.3079	CjpegliYcbcr	11.8
art-scans	haeckel_0007_cephalopods.png	zenjpeg	444	15	model_policy	29.548	46.508	2.7625	CjpegliYcbcr	11.8
art-scans	haeckel_0007_cephalopods.png	zenjpeg	444	15	model_proj	29.771	57.737	2.2480	CjpegliYcbcr	11.8
art-scans	haeckel_0007_cephalopods.png	zenjpeg	444	35	identity_off	32.469	72.980	1.4384	CjpegliYcbcr	6.0
art-scans	haeckel_0007_cephalopods.png	zenjpeg	444	35	model_policy	32.005	56.541	2.5654	CjpegliYcbcr	6.0
art-scans	haeckel_0007_cephalopods.png	zenjpeg	444	35	model_proj	32.532	72.985	1.4199	CjpegliYcbcr	6.0
art-scans	haeckel_0007_cephalopods.png	zenjpeg	444	55	identity_off	33.851	77.149	1.1871	CjpegliYcbcr	4.1
art-scans	haeckel_0007_cephalopods.png	zenjpeg	444	55	model_policy	33.163	59.422	2.5264	CjpegliYcbcr	4.1
art-scans	haeckel_0007_cephalopods.png	zenjpeg	444	55	model_proj	33.882	77.048	1.1771	CjpegliYcbcr	4.1
art-scans	haeckel_0007_cephalopods.png	zenjpeg	444	75	identity_off	36.044	82.405	0.8553	CjpegliYcbcr	2.3
art-scans	haeckel_0007_cephalopods.png	zenjpeg	444	75	model_policy	34.866	61.533	2.4398	CjpegliYcbcr	2.3
art-scans	haeckel_0007_cephalopods.png	zenjpeg	444	75	model_proj	35.986	82.083	0.8610	CjpegliYcbcr	2.3
art-scans	haeckel_0007_cephalopods.png	zenjpeg	444	90	identity_off	39.748	87.944	0.5449	CjpegliYcbcr	1.1
art-scans	haeckel_0007_cephalopods.png	zenjpeg	444	90	model_policy	37.151	63.106	2.4581	CjpegliYcbcr	1.1
art-scans	haeckel_0007_cephalopods.png	zenjpeg	444	90	model_proj	39.314	87.317	0.5714	CjpegliYcbcr	1.1
art-scans	haeckel_0034_radiolaria-green.png	turbo	420	15	identity_off	23.650	40.502	3.4411	Unknown	15.0
art-scans	haeckel_0034_radiolaria-green.png	turbo	420	15	model_policy	23.764	40.726	3.3886	Unknown	15.0
art-scans	haeckel_0034_radiolaria-green.png	turbo	420	15	model_proj	23.811	40.736	3.4029	Unknown	15.0
art-scans	haeckel_0034_radiolaria-green.png	turbo	420	35	identity_off	26.245	63.741	2.2122	ImageMagick	35.0
art-scans	haeckel_0034_radiolaria-green.png	turbo	420	35	model_policy	26.375	61.028	2.3916	ImageMagick	35.0
art-scans	haeckel_0034_radiolaria-green.png	turbo	420	35	model_proj	26.479	63.890	2.1611	ImageMagick	35.0
art-scans	haeckel_0034_radiolaria-green.png	turbo	420	55	identity_off	27.678	71.062	1.8060	ImageMagick	55.0
art-scans	haeckel_0034_radiolaria-green.png	turbo	420	55	model_policy	27.779	61.603	2.4877	ImageMagick	55.0
art-scans	haeckel_0034_radiolaria-green.png	turbo	420	55	model_proj	27.889	71.105	1.7643	ImageMagick	55.0
art-scans	haeckel_0034_radiolaria-green.png	turbo	420	75	identity_off	29.636	77.978	1.3394	ImageMagick	75.0
art-scans	haeckel_0034_radiolaria-green.png	turbo	420	75	model_policy	29.655	65.071	2.3061	ImageMagick	75.0
art-scans	haeckel_0034_radiolaria-green.png	turbo	420	75	model_proj	29.754	77.859	1.3051	ImageMagick	75.0
art-scans	haeckel_0034_radiolaria-green.png	turbo	420	90	identity_off	32.426	85.108	0.8671	ImageMagick	90.0
art-scans	haeckel_0034_radiolaria-green.png	turbo	420	90	model_policy	32.202	68.491	2.2852	ImageMagick	90.0
art-scans	haeckel_0034_radiolaria-green.png	turbo	420	90	model_proj	32.403	84.975	0.8693	ImageMagick	90.0
art-scans	haeckel_0034_radiolaria-green.png	turbo	444	15	identity_off	26.395	56.106	2.4801	Unknown	15.0
art-scans	haeckel_0034_radiolaria-green.png	turbo	444	15	model_policy	26.424	52.098	2.9326	Unknown	15.0
art-scans	haeckel_0034_radiolaria-green.png	turbo	444	15	model_proj	26.332	55.951	2.4917	Unknown	15.0
art-scans	haeckel_0034_radiolaria-green.png	turbo	444	35	identity_off	30.112	76.311	1.3260	ImageMagick	35.0
art-scans	haeckel_0034_radiolaria-green.png	turbo	444	35	model_policy	29.966	65.156	2.4813	ImageMagick	35.0
art-scans	haeckel_0034_radiolaria-green.png	turbo	444	35	model_proj	29.614	75.767	1.3712	ImageMagick	35.0
art-scans	haeckel_0034_radiolaria-green.png	turbo	444	55	identity_off	32.007	82.374	1.0122	ImageMagick	55.0
art-scans	haeckel_0034_radiolaria-green.png	turbo	444	55	model_policy	31.652	66.765	2.4585	ImageMagick	55.0
art-scans	haeckel_0034_radiolaria-green.png	turbo	444	55	model_proj	31.117	81.556	1.0844	ImageMagick	55.0
art-scans	haeckel_0034_radiolaria-green.png	turbo	444	75	identity_off	34.223	87.054	0.7229	ImageMagick	75.0
art-scans	haeckel_0034_radiolaria-green.png	turbo	444	75	model_policy	33.482	68.333	2.3422	ImageMagick	75.0
art-scans	haeckel_0034_radiolaria-green.png	turbo	444	75	model_proj	32.851	85.889	0.8427	ImageMagick	75.0
art-scans	haeckel_0034_radiolaria-green.png	turbo	444	90	identity_off	37.975	92.088	0.4414	ImageMagick	90.0
art-scans	haeckel_0034_radiolaria-green.png	turbo	444	90	model_policy	36.121	68.030	2.4152	ImageMagick	90.0
art-scans	haeckel_0034_radiolaria-green.png	turbo	444	90	model_proj	35.648	90.408	0.6070	ImageMagick	90.0
art-scans	haeckel_0034_radiolaria-green.png	mozjpeg	420	15	identity_off	23.773	39.304	3.7055	Mozjpeg	15.0
art-scans	haeckel_0034_radiolaria-green.png	mozjpeg	420	15	model_policy	23.868	39.147	3.6868	Mozjpeg	15.0
art-scans	haeckel_0034_radiolaria-green.png	mozjpeg	420	15	model_proj	23.916	39.470	3.6670	Mozjpeg	15.0
art-scans	haeckel_0034_radiolaria-green.png	mozjpeg	420	35	identity_off	27.097	65.329	2.0317	Mozjpeg	35.0
art-scans	haeckel_0034_radiolaria-green.png	mozjpeg	420	35	model_policy	27.179	59.585	2.4725	Mozjpeg	35.0
art-scans	haeckel_0034_radiolaria-green.png	mozjpeg	420	35	model_proj	27.298	65.403	1.9960	Mozjpeg	35.0
art-scans	haeckel_0034_radiolaria-green.png	mozjpeg	420	55	identity_off	28.792	73.886	1.5625	Mozjpeg	55.0
art-scans	haeckel_0034_radiolaria-green.png	mozjpeg	420	55	model_policy	28.820	65.412	2.2745	Mozjpeg	55.0
art-scans	haeckel_0034_radiolaria-green.png	mozjpeg	420	55	model_proj	28.950	73.779	1.5210	Mozjpeg	55.0
art-scans	haeckel_0034_radiolaria-green.png	mozjpeg	420	75	identity_off	30.643	80.294	1.1669	Mozjpeg	75.0
art-scans	haeckel_0034_radiolaria-green.png	mozjpeg	420	75	model_policy	30.563	66.870	2.3915	Mozjpeg	75.0
art-scans	haeckel_0034_radiolaria-green.png	mozjpeg	420	75	model_proj	30.718	80.027	1.1469	Mozjpeg	75.0
art-scans	haeckel_0034_radiolaria-green.png	mozjpeg	420	90	identity_off	32.771	85.967	0.8121	Mozjpeg	90.0
art-scans	haeckel_0034_radiolaria-green.png	mozjpeg	420	90	model_policy	32.481	67.808	2.3060	Mozjpeg	90.0
art-scans	haeckel_0034_radiolaria-green.png	mozjpeg	420	90	model_proj	32.937	85.992	0.7986	Mozjpeg	90.0
art-scans	haeckel_0034_radiolaria-green.png	mozjpeg	444	15	identity_off	25.715	49.095	3.1266	Mozjpeg	15.0
art-scans	haeckel_0034_radiolaria-green.png	mozjpeg	444	15	model_policy	25.711	45.953	3.2924	Mozjpeg	15.0
art-scans	haeckel_0034_radiolaria-green.png	mozjpeg	444	15	model_proj	25.617	49.043	3.1099	Mozjpeg	15.0
art-scans	haeckel_0034_radiolaria-green.png	mozjpeg	444	35	identity_off	29.946	72.699	1.6264	Mozjpeg	35.0
art-scans	haeckel_0034_radiolaria-green.png	mozjpeg	444	35	model_policy	29.721	61.990	2.6234	Mozjpeg	35.0
art-scans	haeckel_0034_radiolaria-green.png	mozjpeg	444	35	model_proj	29.329	72.131	1.6359	Mozjpeg	35.0
art-scans	haeckel_0034_radiolaria-green.png	mozjpeg	444	55	identity_off	32.240	80.481	1.1681	Mozjpeg	55.0
art-scans	haeckel_0034_radiolaria-green.png	mozjpeg	444	55	model_policy	31.748	64.758	2.5250	Mozjpeg	55.0
art-scans	haeckel_0034_radiolaria-green.png	mozjpeg	444	55	model_proj	31.178	79.581	1.1921	Mozjpeg	55.0
art-scans	haeckel_0034_radiolaria-green.png	mozjpeg	444	75	identity_off	35.030	86.346	0.8054	Mozjpeg	75.0
art-scans	haeckel_0034_radiolaria-green.png	mozjpeg	444	75	model_policy	34.015	66.823	2.4151	Mozjpeg	75.0
art-scans	haeckel_0034_radiolaria-green.png	mozjpeg	444	75	model_proj	33.358	85.090	0.8692	Mozjpeg	75.0
art-scans	haeckel_0034_radiolaria-green.png	mozjpeg	444	90	identity_off	39.621	91.882	0.4579	Mozjpeg	90.0
art-scans	haeckel_0034_radiolaria-green.png	mozjpeg	444	90	model_policy	36.947	67.628	2.4179	Mozjpeg	90.0
art-scans	haeckel_0034_radiolaria-green.png	mozjpeg	444	90	model_proj	36.844	90.295	0.5678	Mozjpeg	90.0
art-scans	haeckel_0034_radiolaria-green.png	jpegli	420	15	identity_off	24.479	53.412	2.5206	CjpegliYcbcr	14.2
art-scans	haeckel_0034_radiolaria-green.png	jpegli	420	15	model_policy	24.593	52.407	2.7558	CjpegliYcbcr	14.2
art-scans	haeckel_0034_radiolaria-green.png	jpegli	420	15	model_proj	24.659	53.416	2.4856	CjpegliYcbcr	14.2
art-scans	haeckel_0034_radiolaria-green.png	jpegli	420	35	identity_off	26.447	67.796	1.7634	CjpegliYcbcr	7.2
art-scans	haeckel_0034_radiolaria-green.png	jpegli	420	35	model_policy	26.556	60.925	2.3478	CjpegliYcbcr	7.2
art-scans	haeckel_0034_radiolaria-green.png	jpegli	420	35	model_proj	26.685	67.669	1.7420	CjpegliYcbcr	7.2
art-scans	haeckel_0034_radiolaria-green.png	jpegli	420	55	identity_off	27.596	72.970	1.4731	CjpegliYcbcr	5.2
art-scans	haeckel_0034_radiolaria-green.png	jpegli	420	55	model_policy	27.682	64.107	2.2409	CjpegliYcbcr	5.2
art-scans	haeckel_0034_radiolaria-green.png	jpegli	420	55	model_proj	27.829	72.794	1.4514	CjpegliYcbcr	5.2
art-scans	haeckel_0034_radiolaria-green.png	jpegli	420	75	identity_off	29.514	79.757	1.0795	CjpegliYcbcr	3.0
art-scans	haeckel_0034_radiolaria-green.png	jpegli	420	75	model_policy	29.529	67.395	2.2590	CjpegliYcbcr	3.0
art-scans	haeckel_0034_radiolaria-green.png	jpegli	420	75	model_proj	29.680	79.498	1.0722	CjpegliYcbcr	3.0
art-scans	haeckel_0034_radiolaria-green.png	jpegli	420	90	identity_off	31.903	85.754	0.7708	CjpegliYcbcr	1.3
art-scans	haeckel_0034_radiolaria-green.png	jpegli	420	90	model_policy	31.731	68.514	2.2565	CjpegliYcbcr	1.3
art-scans	haeckel_0034_radiolaria-green.png	jpegli	420	90	model_proj	32.041	85.774	0.7623	CjpegliYcbcr	1.3
art-scans	haeckel_0034_radiolaria-green.png	jpegli	444	15	identity_off	25.088	56.853	2.2225	CjpegliYcbcr	11.8
art-scans	haeckel_0034_radiolaria-green.png	jpegli	444	15	model_policy	25.175	52.914	2.6137	CjpegliYcbcr	11.8
art-scans	haeckel_0034_radiolaria-green.png	jpegli	444	15	model_proj	25.242	56.857	2.2152	CjpegliYcbcr	11.8
art-scans	haeckel_0034_radiolaria-green.png	jpegli	444	35	identity_off	27.629	71.639	1.5158	CjpegliYcbcr	6.0
art-scans	haeckel_0034_radiolaria-green.png	jpegli	444	35	model_policy	27.667	61.697	2.3438	CjpegliYcbcr	6.0
art-scans	haeckel_0034_radiolaria-green.png	jpegli	444	35	model_proj	27.694	71.409	1.5224	CjpegliYcbcr	6.0
art-scans	haeckel_0034_radiolaria-green.png	jpegli	444	55	identity_off	28.935	76.632	1.2513	CjpegliYcbcr	4.1
art-scans	haeckel_0034_radiolaria-green.png	jpegli	444	55	model_policy	28.908	64.113	2.3442	CjpegliYcbcr	4.1
art-scans	haeckel_0034_radiolaria-green.png	jpegli	444	55	model_proj	28.854	76.283	1.2738	CjpegliYcbcr	4.1
art-scans	haeckel_0034_radiolaria-green.png	jpegli	444	75	identity_off	30.929	82.875	0.8930	CjpegliYcbcr	2.3
art-scans	haeckel_0034_radiolaria-green.png	jpegli	444	75	model_policy	30.733	66.062	2.3879	CjpegliYcbcr	2.3
art-scans	haeckel_0034_radiolaria-green.png	jpegli	444	75	model_proj	30.475	82.071	0.9833	CjpegliYcbcr	2.3
art-scans	haeckel_0034_radiolaria-green.png	jpegli	444	90	identity_off	34.563	89.863	0.5029	CjpegliYcbcr	1.1
art-scans	haeckel_0034_radiolaria-green.png	jpegli	444	90	model_policy	33.748	67.262	2.4340	CjpegliYcbcr	1.1
art-scans	haeckel_0034_radiolaria-green.png	jpegli	444	90	model_proj	33.134	88.455	0.7041	CjpegliYcbcr	1.1
art-scans	haeckel_0034_radiolaria-green.png	zenjpeg	420	15	identity_off	24.443	53.050	2.5259	CjpegliYcbcr	14.2
art-scans	haeckel_0034_radiolaria-green.png	zenjpeg	420	15	model_policy	24.557	52.082	2.7580	CjpegliYcbcr	14.2
art-scans	haeckel_0034_radiolaria-green.png	zenjpeg	420	15	model_proj	24.622	53.060	2.4908	CjpegliYcbcr	14.2
art-scans	haeckel_0034_radiolaria-green.png	zenjpeg	420	35	identity_off	26.403	67.700	1.7735	CjpegliYcbcr	7.2
art-scans	haeckel_0034_radiolaria-green.png	zenjpeg	420	35	model_policy	26.514	60.890	2.3632	CjpegliYcbcr	7.2
art-scans	haeckel_0034_radiolaria-green.png	zenjpeg	420	35	model_proj	26.641	67.600	1.7491	CjpegliYcbcr	7.2
art-scans	haeckel_0034_radiolaria-green.png	zenjpeg	420	55	identity_off	27.545	72.742	1.4795	CjpegliYcbcr	5.2
art-scans	haeckel_0034_radiolaria-green.png	zenjpeg	420	55	model_policy	27.631	64.002	2.2433	CjpegliYcbcr	5.2
art-scans	haeckel_0034_radiolaria-green.png	zenjpeg	420	55	model_proj	27.776	72.572	1.4588	CjpegliYcbcr	5.2
art-scans	haeckel_0034_radiolaria-green.png	zenjpeg	420	75	identity_off	29.467	79.747	1.0823	CjpegliYcbcr	3.0
art-scans	haeckel_0034_radiolaria-green.png	zenjpeg	420	75	model_policy	29.484	67.419	2.2580	CjpegliYcbcr	3.0
art-scans	haeckel_0034_radiolaria-green.png	zenjpeg	420	75	model_proj	29.634	79.481	1.0764	CjpegliYcbcr	3.0
art-scans	haeckel_0034_radiolaria-green.png	zenjpeg	420	90	identity_off	31.861	85.628	0.7819	CjpegliYcbcr	1.3
art-scans	haeckel_0034_radiolaria-green.png	zenjpeg	420	90	model_policy	31.691	68.137	2.2772	CjpegliYcbcr	1.3
art-scans	haeckel_0034_radiolaria-green.png	zenjpeg	420	90	model_proj	32.007	85.659	0.7738	CjpegliYcbcr	1.3
art-scans	haeckel_0034_radiolaria-green.png	zenjpeg	444	15	identity_off	25.035	56.599	2.2357	CjpegliYcbcr	11.8
art-scans	haeckel_0034_radiolaria-green.png	zenjpeg	444	15	model_policy	25.122	52.727	2.6219	CjpegliYcbcr	11.8
art-scans	haeckel_0034_radiolaria-green.png	zenjpeg	444	15	model_proj	25.190	56.608	2.2311	CjpegliYcbcr	11.8
art-scans	haeckel_0034_radiolaria-green.png	zenjpeg	444	35	identity_off	27.561	71.379	1.5283	CjpegliYcbcr	6.0
art-scans	haeckel_0034_radiolaria-green.png	zenjpeg	444	35	model_policy	27.601	61.572	2.3392	CjpegliYcbcr	6.0
art-scans	haeckel_0034_radiolaria-green.png	zenjpeg	444	35	model_proj	27.635	71.146	1.5366	CjpegliYcbcr	6.0
art-scans	haeckel_0034_radiolaria-green.png	zenjpeg	444	55	identity_off	28.850	76.473	1.2665	CjpegliYcbcr	4.1
art-scans	haeckel_0034_radiolaria-green.png	zenjpeg	444	55	model_policy	28.828	64.167	2.3338	CjpegliYcbcr	4.1
art-scans	haeckel_0034_radiolaria-green.png	zenjpeg	444	55	model_proj	28.786	76.113	1.2878	CjpegliYcbcr	4.1
art-scans	haeckel_0034_radiolaria-green.png	zenjpeg	444	75	identity_off	30.848	82.778	0.9008	CjpegliYcbcr	2.3
art-scans	haeckel_0034_radiolaria-green.png	zenjpeg	444	75	model_policy	30.661	66.277	2.3728	CjpegliYcbcr	2.3
art-scans	haeckel_0034_radiolaria-green.png	zenjpeg	444	75	model_proj	30.422	81.972	1.0005	CjpegliYcbcr	2.3
art-scans	haeckel_0034_radiolaria-green.png	zenjpeg	444	90	identity_off	34.471	89.675	0.5118	CjpegliYcbcr	1.1
art-scans	haeckel_0034_radiolaria-green.png	zenjpeg	444	90	model_policy	33.679	67.224	2.4481	CjpegliYcbcr	1.1
art-scans	haeckel_0034_radiolaria-green.png	zenjpeg	444	90	model_proj	33.086	88.334	0.7088	CjpegliYcbcr	1.1
art-scans	haeckel_0040_starfish.png	turbo	420	15	identity_off	22.341	13.511	5.5672	Unknown	15.0
art-scans	haeckel_0040_starfish.png	turbo	420	15	model_policy	22.090	12.111	5.4939	Unknown	15.0
art-scans	haeckel_0040_starfish.png	turbo	420	15	model_proj	22.407	13.940	5.5270	Unknown	15.0
art-scans	haeckel_0040_starfish.png	turbo	420	35	identity_off	24.128	38.900	3.9995	ImageMagick	35.0
art-scans	haeckel_0040_starfish.png	turbo	420	35	model_policy	23.695	36.696	3.9423	ImageMagick	35.0
art-scans	haeckel_0040_starfish.png	turbo	420	35	model_proj	24.223	39.423	3.9465	ImageMagick	35.0
art-scans	haeckel_0040_starfish.png	turbo	420	55	identity_off	25.572	51.081	3.2072	ImageMagick	55.0
art-scans	haeckel_0040_starfish.png	turbo	420	55	model_policy	24.933	48.469	3.2033	ImageMagick	55.0
art-scans	haeckel_0040_starfish.png	turbo	420	55	model_proj	25.684	51.721	3.1507	ImageMagick	55.0
art-scans	haeckel_0040_starfish.png	turbo	420	75	identity_off	27.652	64.402	2.3537	ImageMagick	75.0
art-scans	haeckel_0040_starfish.png	turbo	420	75	model_policy	26.596	60.909	2.4263	ImageMagick	75.0
art-scans	haeckel_0040_starfish.png	turbo	420	75	model_proj	27.776	65.195	2.2864	ImageMagick	75.0
art-scans	haeckel_0040_starfish.png	turbo	420	90	identity_off	29.983	75.576	1.6401	ImageMagick	90.0
art-scans	haeckel_0040_starfish.png	turbo	420	90	model_policy	28.180	71.108	1.8308	ImageMagick	90.0
art-scans	haeckel_0040_starfish.png	turbo	420	90	model_proj	30.247	77.104	1.5296	ImageMagick	90.0
art-scans	haeckel_0040_starfish.png	turbo	444	15	identity_off	25.278	44.333	3.2728	Unknown	15.0
art-scans	haeckel_0040_starfish.png	turbo	444	15	model_policy	24.806	42.431	3.4164	Unknown	15.0
art-scans	haeckel_0040_starfish.png	turbo	444	15	model_proj	25.290	44.487	3.2478	Unknown	15.0
art-scans	haeckel_0040_starfish.png	turbo	444	35	identity_off	28.550	69.241	1.8931	ImageMagick	35.0
art-scans	haeckel_0040_starfish.png	turbo	444	35	model_policy	27.453	65.706	2.2079	ImageMagick	35.0
art-scans	haeckel_0040_starfish.png	turbo	444	35	model_proj	28.356	69.016	1.8964	ImageMagick	35.0
art-scans	haeckel_0040_starfish.png	turbo	444	55	identity_off	30.280	77.169	1.4525	ImageMagick	55.0
art-scans	haeckel_0040_starfish.png	turbo	444	55	model_policy	28.618	72.081	1.9319	ImageMagick	55.0
art-scans	haeckel_0040_starfish.png	turbo	444	55	model_proj	29.907	76.728	1.4629	ImageMagick	55.0
art-scans	haeckel_0040_starfish.png	turbo	444	75	identity_off	32.455	83.861	1.0898	ImageMagick	75.0
art-scans	haeckel_0040_starfish.png	turbo	444	75	model_policy	29.944	76.931	1.7344	ImageMagick	75.0
art-scans	haeckel_0040_starfish.png	turbo	444	75	model_proj	31.813	82.986	1.1281	ImageMagick	75.0
art-scans	haeckel_0040_starfish.png	turbo	444	90	identity_off	36.797	90.612	0.6411	ImageMagick	90.0
art-scans	haeckel_0040_starfish.png	turbo	444	90	model_policy	31.723	81.176	1.5976	ImageMagick	90.0
art-scans	haeckel_0040_starfish.png	turbo	444	90	model_proj	35.348	89.179	0.7487	ImageMagick	90.0
art-scans	haeckel_0040_starfish.png	mozjpeg	420	15	identity_off	22.484	13.324	5.2501	Mozjpeg	15.0
art-scans	haeckel_0040_starfish.png	mozjpeg	420	15	model_policy	22.194	11.933	5.2078	Mozjpeg	15.0
art-scans	haeckel_0040_starfish.png	mozjpeg	420	15	model_proj	22.547	13.712	5.2231	Mozjpeg	15.0
art-scans	haeckel_0040_starfish.png	mozjpeg	420	35	identity_off	25.306	48.175	3.2297	Mozjpeg	35.0
art-scans	haeckel_0040_starfish.png	mozjpeg	420	35	model_policy	24.690	45.789	3.2102	Mozjpeg	35.0
art-scans	haeckel_0040_starfish.png	mozjpeg	420	35	model_proj	25.409	48.619	3.1873	Mozjpeg	35.0
art-scans	haeckel_0040_starfish.png	mozjpeg	420	55	identity_off	26.788	60.126	2.5287	Mozjpeg	55.0
art-scans	haeckel_0040_starfish.png	mozjpeg	420	55	model_policy	25.887	56.996	2.5576	Mozjpeg	55.0
art-scans	haeckel_0040_starfish.png	mozjpeg	420	55	model_proj	26.891	60.491	2.4934	Mozjpeg	55.0
art-scans	haeckel_0040_starfish.png	mozjpeg	420	75	identity_off	28.314	68.785	2.0247	Mozjpeg	75.0
art-scans	haeckel_0040_starfish.png	mozjpeg	420	75	model_policy	27.036	65.144	2.1169	Mozjpeg	75.0
art-scans	haeckel_0040_starfish.png	mozjpeg	420	75	model_proj	28.455	69.478	1.9696	Mozjpeg	75.0
art-scans	haeckel_0040_starfish.png	mozjpeg	420	90	identity_off	30.003	75.982	1.6228	Mozjpeg	90.0
art-scans	haeckel_0040_starfish.png	mozjpeg	420	90	model_policy	28.158	71.548	1.7983	Mozjpeg	90.0
art-scans	haeckel_0040_starfish.png	mozjpeg	420	90	model_proj	30.566	78.779	1.4145	Mozjpeg	90.0
art-scans	haeckel_0040_starfish.png	mozjpeg	444	15	identity_off	25.331	39.503	3.3757	Mozjpeg	15.0
art-scans	haeckel_0040_starfish.png	mozjpeg	444	15	model_policy	24.801	37.431	3.5553	Mozjpeg	15.0
art-scans	haeckel_0040_starfish.png	mozjpeg	444	15	model_proj	25.314	39.826	3.3523	Mozjpeg	15.0
art-scans	haeckel_0040_starfish.png	mozjpeg	444	35	identity_off	29.445	69.127	1.8262	Mozjpeg	35.0
art-scans	haeckel_0040_starfish.png	mozjpeg	444	35	model_policy	28.047	65.268	2.1984	Mozjpeg	35.0
art-scans	haeckel_0040_starfish.png	mozjpeg	444	35	model_proj	29.105	68.861	1.8330	Mozjpeg	35.0
art-scans	haeckel_0040_starfish.png	mozjpeg	444	55	identity_off	31.688	78.610	1.3064	Mozjpeg	55.0
art-scans	haeckel_0040_starfish.png	mozjpeg	444	55	model_policy	29.461	73.046	1.8601	Mozjpeg	55.0
art-scans	haeckel_0040_starfish.png	mozjpeg	444	55	model_proj	31.052	77.839	1.3366	Mozjpeg	55.0
art-scans	haeckel_0040_starfish.png	mozjpeg	444	75	identity_off	34.499	85.548	0.8969	Mozjpeg	75.0
art-scans	haeckel_0040_starfish.png	mozjpeg	444	75	model_policy	30.875	78.044	1.6914	Mozjpeg	75.0
art-scans	haeckel_0040_starfish.png	mozjpeg	444	75	model_proj	33.368	84.316	0.9690	Mozjpeg	75.0
art-scans	haeckel_0040_starfish.png	mozjpeg	444	90	identity_off	39.192	91.749	0.5010	Mozjpeg	90.0
art-scans	haeckel_0040_starfish.png	mozjpeg	444	90	model_policy	32.220	81.495	1.5737	Mozjpeg	90.0
art-scans	haeckel_0040_starfish.png	mozjpeg	444	90	model_proj	37.095	90.138	0.6208	Mozjpeg	90.0
art-scans	haeckel_0040_starfish.png	jpegli	420	15	identity_off	24.261	41.682	3.4944	CjpegliYcbcr	14.2
art-scans	haeckel_0040_starfish.png	jpegli	420	15	model_policy	23.754	39.574	3.4962	CjpegliYcbcr	14.2
art-scans	haeckel_0040_starfish.png	jpegli	420	15	model_proj	24.363	42.042	3.4650	CjpegliYcbcr	14.2
art-scans	haeckel_0040_starfish.png	jpegli	420	35	identity_off	26.210	60.006	2.4748	CjpegliYcbcr	7.2
art-scans	haeckel_0040_starfish.png	jpegli	420	35	model_policy	25.411	56.962	2.4942	CjpegliYcbcr	7.2
art-scans	haeckel_0040_starfish.png	jpegli	420	35	model_proj	26.344	60.319	2.4417	CjpegliYcbcr	7.2
art-scans	haeckel_0040_starfish.png	jpegli	420	55	identity_off	27.138	65.701	2.1201	CjpegliYcbcr	5.2
art-scans	haeckel_0040_starfish.png	jpegli	420	55	model_policy	26.144	62.286	2.1873	CjpegliYcbcr	5.2
art-scans	haeckel_0040_starfish.png	jpegli	420	55	model_proj	27.300	66.079	2.0896	CjpegliYcbcr	5.2
art-scans	haeckel_0040_starfish.png	jpegli	420	75	identity_off	28.545	72.136	1.7766	CjpegliYcbcr	3.0
art-scans	haeckel_0040_starfish.png	jpegli	420	75	model_policy	27.190	67.999	1.9529	CjpegliYcbcr	3.0
art-scans	haeckel_0040_starfish.png	jpegli	420	75	model_proj	28.855	73.396	1.6808	CjpegliYcbcr	3.0
art-scans	haeckel_0040_starfish.png	jpegli	420	90	identity_off	29.994	77.100	1.5574	CjpegliYcbcr	1.3
art-scans	haeckel_0040_starfish.png	jpegli	420	90	model_policy	28.141	72.477	1.7566	CjpegliYcbcr	1.3
art-scans	haeckel_0040_starfish.png	jpegli	420	90	model_proj	30.931	81.461	1.2429	CjpegliYcbcr	1.3
art-scans	haeckel_0040_starfish.png	jpegli	444	15	identity_off	24.906	46.815	3.0674	CjpegliYcbcr	11.8
art-scans	haeckel_0040_starfish.png	jpegli	444	15	model_policy	24.377	44.320	3.2202	CjpegliYcbcr	11.8
art-scans	haeckel_0040_starfish.png	jpegli	444	15	model_proj	24.999	47.190	3.0410	CjpegliYcbcr	11.8
art-scans	haeckel_0040_starfish.png	jpegli	444	35	identity_off	27.463	67.398	2.0291	CjpegliYcbcr	6.0
art-scans	haeckel_0040_starfish.png	jpegli	444	35	model_policy	26.491	63.222	2.3298	CjpegliYcbcr	6.0
art-scans	haeckel_0040_starfish.png	jpegli	444	35	model_proj	27.475	67.320	2.0322	CjpegliYcbcr	6.0
art-scans	haeckel_0040_starfish.png	jpegli	444	55	identity_off	28.797	73.044	1.6736	CjpegliYcbcr	4.1
art-scans	haeckel_0040_starfish.png	jpegli	444	55	model_policy	27.508	68.197	2.0584	CjpegliYcbcr	4.1
art-scans	haeckel_0040_starfish.png	jpegli	444	55	model_proj	28.730	72.731	1.6797	CjpegliYcbcr	4.1
art-scans	haeckel_0040_starfish.png	jpegli	444	75	identity_off	30.903	80.449	1.2581	CjpegliYcbcr	2.3
art-scans	haeckel_0040_starfish.png	jpegli	444	75	model_policy	28.913	74.473	1.7968	CjpegliYcbcr	2.3
art-scans	haeckel_0040_starfish.png	jpegli	444	75	model_proj	30.612	79.973	1.2895	CjpegliYcbcr	2.3
art-scans	haeckel_0040_starfish.png	jpegli	444	90	identity_off	34.913	88.586	0.7372	CjpegliYcbcr	1.1
art-scans	haeckel_0040_starfish.png	jpegli	444	90	model_policy	30.921	79.839	1.6139	CjpegliYcbcr	1.1
art-scans	haeckel_0040_starfish.png	jpegli	444	90	model_proj	33.786	87.224	0.8445	CjpegliYcbcr	1.1
art-scans	haeckel_0040_starfish.png	zenjpeg	420	15	identity_off	24.244	41.603	3.4978	CjpegliYcbcr	14.2
art-scans	haeckel_0040_starfish.png	zenjpeg	420	15	model_policy	23.739	39.475	3.5062	CjpegliYcbcr	14.2
art-scans	haeckel_0040_starfish.png	zenjpeg	420	15	model_proj	24.345	41.939	3.4706	CjpegliYcbcr	14.2
art-scans	haeckel_0040_starfish.png	zenjpeg	420	35	identity_off	26.188	59.779	2.5017	CjpegliYcbcr	7.2
art-scans	haeckel_0040_starfish.png	zenjpeg	420	35	model_policy	25.394	56.791	2.5066	CjpegliYcbcr	7.2
art-scans	haeckel_0040_starfish.png	zenjpeg	420	35	model_proj	26.322	60.087	2.4675	CjpegliYcbcr	7.2
art-scans	haeckel_0040_starfish.png	zenjpeg	420	55	identity_off	27.123	65.571	2.1220	CjpegliYcbcr	5.2
art-scans	haeckel_0040_starfish.png	zenjpeg	420	55	model_policy	26.133	62.148	2.1975	CjpegliYcbcr	5.2
art-scans	haeckel_0040_starfish.png	zenjpeg	420	55	model_proj	27.285	65.977	2.0907	CjpegliYcbcr	5.2
art-scans	haeckel_0040_starfish.png	zenjpeg	420	75	identity_off	28.522	72.158	1.7777	CjpegliYcbcr	3.0
art-scans	haeckel_0040_starfish.png	zenjpeg	420	75	model_policy	27.175	68.147	1.9318	CjpegliYcbcr	3.0
art-scans	haeckel_0040_starfish.png	zenjpeg	420	75	model_proj	28.833	73.422	1.6811	CjpegliYcbcr	3.0
art-scans	haeckel_0040_starfish.png	zenjpeg	420	90	identity_off	29.982	77.083	1.5569	CjpegliYcbcr	1.3
art-scans	haeckel_0040_starfish.png	zenjpeg	420	90	model_policy	28.136	72.436	1.7600	CjpegliYcbcr	1.3
art-scans	haeckel_0040_starfish.png	zenjpeg	420	90	model_proj	30.919	81.413	1.2437	CjpegliYcbcr	1.3
art-scans	haeckel_0040_starfish.png	zenjpeg	444	15	identity_off	24.884	46.702	3.0677	CjpegliYcbcr	11.8
art-scans	haeckel_0040_starfish.png	zenjpeg	444	15	model_policy	24.358	44.217	3.2097	CjpegliYcbcr	11.8
art-scans	haeckel_0040_starfish.png	zenjpeg	444	15	model_proj	24.977	47.064	3.0400	CjpegliYcbcr	11.8
art-scans	haeckel_0040_starfish.png	zenjpeg	444	35	identity_off	27.437	67.193	2.0438	CjpegliYcbcr	6.0
art-scans	haeckel_0040_starfish.png	zenjpeg	444	35	model_policy	26.473	63.047	2.3340	CjpegliYcbcr	6.0
art-scans	haeckel_0040_starfish.png	zenjpeg	444	35	model_proj	27.454	67.124	2.0462	CjpegliYcbcr	6.0
art-scans	haeckel_0040_starfish.png	zenjpeg	444	55	identity_off	28.769	73.008	1.6760	CjpegliYcbcr	4.1
art-scans	haeckel_0040_starfish.png	zenjpeg	444	55	model_policy	27.488	68.115	2.0770	CjpegliYcbcr	4.1
art-scans	haeckel_0040_starfish.png	zenjpeg	444	55	model_proj	28.709	72.746	1.6810	CjpegliYcbcr	4.1
art-scans	haeckel_0040_starfish.png	zenjpeg	444	75	identity_off	30.866	80.324	1.2642	CjpegliYcbcr	2.3
art-scans	haeckel_0040_starfish.png	zenjpeg	444	75	model_policy	28.888	74.314	1.7962	CjpegliYcbcr	2.3
art-scans	haeckel_0040_starfish.png	zenjpeg	444	75	model_proj	30.586	79.792	1.2966	CjpegliYcbcr	2.3
art-scans	haeckel_0040_starfish.png	zenjpeg	444	90	identity_off	34.860	88.521	0.7467	CjpegliYcbcr	1.1
art-scans	haeckel_0040_starfish.png	zenjpeg	444	90	model_policy	30.910	79.696	1.6134	CjpegliYcbcr	1.1
art-scans	haeckel_0040_starfish.png	zenjpeg	444	90	model_proj	33.749	87.137	0.8622	CjpegliYcbcr	1.1
maps	nps_nps-bibe-2023-Wild-and-Scenic-Rivers-Brochure_p01.png	turbo	420	15	identity_off	27.457	31.374	3.1410	Unknown	15.0
maps	nps_nps-bibe-2023-Wild-and-Scenic-Rivers-Brochure_p01.png	turbo	420	15	model_policy	27.014	25.804	8.5106	Unknown	15.0
maps	nps_nps-bibe-2023-Wild-and-Scenic-Rivers-Brochure_p01.png	turbo	420	15	model_proj	29.754	36.208	2.9172	Unknown	15.0
maps	nps_nps-bibe-2023-Wild-and-Scenic-Rivers-Brochure_p01.png	turbo	420	35	identity_off	30.533	57.786	2.0464	ImageMagick	35.0
maps	nps_nps-bibe-2023-Wild-and-Scenic-Rivers-Brochure_p01.png	turbo	420	35	model_policy	29.610	47.378	8.0502	ImageMagick	35.0
maps	nps_nps-bibe-2023-Wild-and-Scenic-Rivers-Brochure_p01.png	turbo	420	35	model_proj	32.958	63.872	1.5796	ImageMagick	35.0
maps	nps_nps-bibe-2023-Wild-and-Scenic-Rivers-Brochure_p01.png	turbo	420	55	identity_off	32.496	67.715	1.7223	ImageMagick	55.0
maps	nps_nps-bibe-2023-Wild-and-Scenic-Rivers-Brochure_p01.png	turbo	420	55	model_policy	30.969	51.310	8.1657	ImageMagick	55.0
maps	nps_nps-bibe-2023-Wild-and-Scenic-Rivers-Brochure_p01.png	turbo	420	55	model_proj	34.746	73.870	1.2404	ImageMagick	55.0
maps	nps_nps-bibe-2023-Wild-and-Scenic-Rivers-Brochure_p01.png	turbo	420	75	identity_off	35.313	74.608	1.3164	ImageMagick	75.0
maps	nps_nps-bibe-2023-Wild-and-Scenic-Rivers-Brochure_p01.png	turbo	420	75	model_policy	32.509	53.391	8.4722	ImageMagick	75.0
maps	nps_nps-bibe-2023-Wild-and-Scenic-Rivers-Brochure_p01.png	turbo	420	75	model_proj	37.294	79.696	0.9488	ImageMagick	75.0
maps	nps_nps-bibe-2023-Wild-and-Scenic-Rivers-Brochure_p01.png	turbo	420	90	identity_off	39.996	83.911	0.7953	ImageMagick	90.0
maps	nps_nps-bibe-2023-Wild-and-Scenic-Rivers-Brochure_p01.png	turbo	420	90	model_policy	33.976	54.499	8.7582	ImageMagick	90.0
maps	nps_nps-bibe-2023-Wild-and-Scenic-Rivers-Brochure_p01.png	turbo	420	90	model_proj	41.409	86.599	0.7129	ImageMagick	90.0
maps	nps_nps-bibe-2023-Wild-and-Scenic-Rivers-Brochure_p01.png	turbo	444	15	identity_off	27.499	33.973	3.1287	Unknown	15.0
maps	nps_nps-bibe-2023-Wild-and-Scenic-Rivers-Brochure_p01.png	turbo	444	15	model_policy	27.057	29.344	8.5115	Unknown	15.0
maps	nps_nps-bibe-2023-Wild-and-Scenic-Rivers-Brochure_p01.png	turbo	444	15	model_proj	29.569	38.627	2.9161	Unknown	15.0
maps	nps_nps-bibe-2023-Wild-and-Scenic-Rivers-Brochure_p01.png	turbo	444	35	identity_off	30.820	61.351	2.0386	ImageMagick	35.0
maps	nps_nps-bibe-2023-Wild-and-Scenic-Rivers-Brochure_p01.png	turbo	444	35	model_policy	29.854	47.925	8.0454	ImageMagick	35.0
maps	nps_nps-bibe-2023-Wild-and-Scenic-Rivers-Brochure_p01.png	turbo	444	35	model_proj	32.894	67.590	1.5888	ImageMagick	35.0
maps	nps_nps-bibe-2023-Wild-and-Scenic-Rivers-Brochure_p01.png	turbo	444	55	identity_off	32.910	70.072	1.7144	ImageMagick	55.0
maps	nps_nps-bibe-2023-Wild-and-Scenic-Rivers-Brochure_p01.png	turbo	444	55	model_policy	31.295	51.781	8.1593	ImageMagick	55.0
maps	nps_nps-bibe-2023-Wild-and-Scenic-Rivers-Brochure_p01.png	turbo	444	55	model_proj	34.965	76.239	1.2483	ImageMagick	55.0
maps	nps_nps-bibe-2023-Wild-and-Scenic-Rivers-Brochure_p01.png	turbo	444	75	identity_off	35.997	77.251	1.2900	ImageMagick	75.0
maps	nps_nps-bibe-2023-Wild-and-Scenic-Rivers-Brochure_p01.png	turbo	444	75	model_policy	32.886	52.744	8.5386	ImageMagick	75.0
maps	nps_nps-bibe-2023-Wild-and-Scenic-Rivers-Brochure_p01.png	turbo	444	75	model_proj	37.973	82.394	0.8676	ImageMagick	75.0
maps	nps_nps-bibe-2023-Wild-and-Scenic-Rivers-Brochure_p01.png	turbo	444	90	identity_off	41.467	85.863	0.7630	ImageMagick	90.0
maps	nps_nps-bibe-2023-Wild-and-Scenic-Rivers-Brochure_p01.png	turbo	444	90	model_policy	34.384	54.076	8.7691	ImageMagick	90.0
maps	nps_nps-bibe-2023-Wild-and-Scenic-Rivers-Brochure_p01.png	turbo	444	90	model_proj	42.955	88.576	0.7025	ImageMagick	90.0
maps	nps_nps-bibe-2023-Wild-and-Scenic-Rivers-Brochure_p01.png	mozjpeg	420	15	identity_off	24.867	25.018	3.9680	Mozjpeg	15.0
maps	nps_nps-bibe-2023-Wild-and-Scenic-Rivers-Brochure_p01.png	mozjpeg	420	15	model_policy	24.597	16.119	8.6188	Mozjpeg	15.0
maps	nps_nps-bibe-2023-Wild-and-Scenic-Rivers-Brochure_p01.png	mozjpeg	420	15	model_proj	26.384	28.203	3.7120	Mozjpeg	15.0
maps	nps_nps-bibe-2023-Wild-and-Scenic-Rivers-Brochure_p01.png	mozjpeg	420	35	identity_off	27.513	54.113	2.4922	Mozjpeg	35.0
maps	nps_nps-bibe-2023-Wild-and-Scenic-Rivers-Brochure_p01.png	mozjpeg	420	35	model_policy	26.937	42.109	8.1090	Mozjpeg	35.0
maps	nps_nps-bibe-2023-Wild-and-Scenic-Rivers-Brochure_p01.png	mozjpeg	420	35	model_proj	30.043	58.906	2.1468	Mozjpeg	35.0
maps	nps_nps-bibe-2023-Wild-and-Scenic-Rivers-Brochure_p01.png	mozjpeg	420	55	identity_off	29.136	66.031	1.9398	Mozjpeg	55.0
maps	nps_nps-bibe-2023-Wild-and-Scenic-Rivers-Brochure_p01.png	mozjpeg	420	55	model_policy	28.099	41.378	9.3771	Mozjpeg	55.0
maps	nps_nps-bibe-2023-Wild-and-Scenic-Rivers-Brochure_p01.png	mozjpeg	420	55	model_proj	31.683	71.762	1.5520	Mozjpeg	55.0
maps	nps_nps-bibe-2023-Wild-and-Scenic-Rivers-Brochure_p01.png	mozjpeg	420	75	identity_off	31.715	72.909	1.4436	Mozjpeg	75.0
maps	nps_nps-bibe-2023-Wild-and-Scenic-Rivers-Brochure_p01.png	mozjpeg	420	75	model_policy	30.103	48.809	8.7831	Mozjpeg	75.0
maps	nps_nps-bibe-2023-Wild-and-Scenic-Rivers-Brochure_p01.png	mozjpeg	420	75	model_proj	34.066	78.085	1.0484	Mozjpeg	75.0
maps	nps_nps-bibe-2023-Wild-and-Scenic-Rivers-Brochure_p01.png	mozjpeg	420	90	identity_off	36.231	81.173	0.9398	Mozjpeg	90.0
maps	nps_nps-bibe-2023-Wild-and-Scenic-Rivers-Brochure_p01.png	mozjpeg	420	90	model_policy	32.656	52.643	8.7907	Mozjpeg	90.0
maps	nps_nps-bibe-2023-Wild-and-Scenic-Rivers-Brochure_p01.png	mozjpeg	420	90	model_proj	38.128	84.504	0.7228	Mozjpeg	90.0
maps	nps_nps-bibe-2023-Wild-and-Scenic-Rivers-Brochure_p01.png	mozjpeg	444	15	identity_off	24.903	26.861	3.9473	Mozjpeg	15.0
maps	nps_nps-bibe-2023-Wild-and-Scenic-Rivers-Brochure_p01.png	mozjpeg	444	15	model_policy	24.631	18.521	8.6118	Mozjpeg	15.0
maps	nps_nps-bibe-2023-Wild-and-Scenic-Rivers-Brochure_p01.png	mozjpeg	444	15	model_proj	26.244	29.930	3.7134	Mozjpeg	15.0
maps	nps_nps-bibe-2023-Wild-and-Scenic-Rivers-Brochure_p01.png	mozjpeg	444	35	identity_off	27.643	57.223	2.4946	Mozjpeg	35.0
maps	nps_nps-bibe-2023-Wild-and-Scenic-Rivers-Brochure_p01.png	mozjpeg	444	35	model_policy	27.057	42.729	8.1038	Mozjpeg	35.0
maps	nps_nps-bibe-2023-Wild-and-Scenic-Rivers-Brochure_p01.png	mozjpeg	444	35	model_proj	29.522	61.621	2.2001	Mozjpeg	35.0
maps	nps_nps-bibe-2023-Wild-and-Scenic-Rivers-Brochure_p01.png	mozjpeg	444	55	identity_off	29.302	67.853	1.9316	Mozjpeg	55.0
maps	nps_nps-bibe-2023-Wild-and-Scenic-Rivers-Brochure_p01.png	mozjpeg	444	55	model_policy	28.233	42.120	9.3828	Mozjpeg	55.0
maps	nps_nps-bibe-2023-Wild-and-Scenic-Rivers-Brochure_p01.png	mozjpeg	444	55	model_proj	31.175	73.002	1.6107	Mozjpeg	55.0
maps	nps_nps-bibe-2023-Wild-and-Scenic-Rivers-Brochure_p01.png	mozjpeg	444	75	identity_off	31.958	74.532	1.4317	Mozjpeg	75.0
maps	nps_nps-bibe-2023-Wild-and-Scenic-Rivers-Brochure_p01.png	mozjpeg	444	75	model_policy	30.292	48.356	8.8056	Mozjpeg	75.0
maps	nps_nps-bibe-2023-Wild-and-Scenic-Rivers-Brochure_p01.png	mozjpeg	444	75	model_proj	33.816	79.495	1.0798	Mozjpeg	75.0
maps	nps_nps-bibe-2023-Wild-and-Scenic-Rivers-Brochure_p01.png	mozjpeg	444	90	identity_off	36.641	82.529	0.9229	Mozjpeg	90.0
maps	nps_nps-bibe-2023-Wild-and-Scenic-Rivers-Brochure_p01.png	mozjpeg	444	90	model_policy	32.891	52.303	8.7770	Mozjpeg	90.0
maps	nps_nps-bibe-2023-Wild-and-Scenic-Rivers-Brochure_p01.png	mozjpeg	444	90	model_proj	38.265	85.695	0.7207	Mozjpeg	90.0
maps	nps_nps-bibe-2023-Wild-and-Scenic-Rivers-Brochure_p01.png	jpegli	420	15	identity_off	27.319	48.627	2.7051	CjpegliYcbcr	14.2
maps	nps_nps-bibe-2023-Wild-and-Scenic-Rivers-Brochure_p01.png	jpegli	420	15	model_policy	26.751	35.429	8.8126	CjpegliYcbcr	14.2
maps	nps_nps-bibe-2023-Wild-and-Scenic-Rivers-Brochure_p01.png	jpegli	420	15	model_proj	29.538	52.844	2.3797	CjpegliYcbcr	14.2
maps	nps_nps-bibe-2023-Wild-and-Scenic-Rivers-Brochure_p01.png	jpegli	420	35	identity_off	30.443	64.028	1.8752	CjpegliYcbcr	7.2
maps	nps_nps-bibe-2023-Wild-and-Scenic-Rivers-Brochure_p01.png	jpegli	420	35	model_policy	29.340	48.577	8.2342	CjpegliYcbcr	7.2
maps	nps_nps-bibe-2023-Wild-and-Scenic-Rivers-Brochure_p01.png	jpegli	420	35	model_proj	32.622	69.074	1.4613	CjpegliYcbcr	7.2
maps	nps_nps-bibe-2023-Wild-and-Scenic-Rivers-Brochure_p01.png	jpegli	420	55	identity_off	32.346	70.847	1.5020	CjpegliYcbcr	5.2
maps	nps_nps-bibe-2023-Wild-and-Scenic-Rivers-Brochure_p01.png	jpegli	420	55	model_policy	30.523	47.617	9.0931	CjpegliYcbcr	5.2
maps	nps_nps-bibe-2023-Wild-and-Scenic-Rivers-Brochure_p01.png	jpegli	420	55	model_proj	34.361	75.700	1.0872	CjpegliYcbcr	5.2
maps	nps_nps-bibe-2023-Wild-and-Scenic-Rivers-Brochure_p01.png	jpegli	420	75	identity_off	35.624	76.749	1.0781	CjpegliYcbcr	3.0
maps	nps_nps-bibe-2023-Wild-and-Scenic-Rivers-Brochure_p01.png	jpegli	420	75	model_policy	32.300	51.767	8.9999	CjpegliYcbcr	3.0
maps	nps_nps-bibe-2023-Wild-and-Scenic-Rivers-Brochure_p01.png	jpegli	420	75	model_proj	37.262	80.011	0.8248	CjpegliYcbcr	3.0
maps	nps_nps-bibe-2023-Wild-and-Scenic-Rivers-Brochure_p01.png	jpegli	420	90	identity_off	40.257	82.922	0.7719	CjpegliYcbcr	1.3
maps	nps_nps-bibe-2023-Wild-and-Scenic-Rivers-Brochure_p01.png	jpegli	420	90	model_policy	33.960	56.488	8.6901	CjpegliYcbcr	1.3
maps	nps_nps-bibe-2023-Wild-and-Scenic-Rivers-Brochure_p01.png	jpegli	420	90	model_proj	41.373	85.281	0.7698	CjpegliYcbcr	1.3
maps	nps_nps-bibe-2023-Wild-and-Scenic-Rivers-Brochure_p01.png	jpegli	444	15	identity_off	28.036	49.560	2.5883	CjpegliYcbcr	11.8
maps	nps_nps-bibe-2023-Wild-and-Scenic-Rivers-Brochure_p01.png	jpegli	444	15	model_policy	27.549	41.652	7.5974	CjpegliYcbcr	11.8
maps	nps_nps-bibe-2023-Wild-and-Scenic-Rivers-Brochure_p01.png	jpegli	444	15	model_proj	30.156	53.894	2.3334	CjpegliYcbcr	11.8
maps	nps_nps-bibe-2023-Wild-and-Scenic-Rivers-Brochure_p01.png	jpegli	444	35	identity_off	31.299	65.393	1.8118	CjpegliYcbcr	6.0
maps	nps_nps-bibe-2023-Wild-and-Scenic-Rivers-Brochure_p01.png	jpegli	444	35	model_policy	29.912	45.299	8.8478	CjpegliYcbcr	6.0
maps	nps_nps-bibe-2023-Wild-and-Scenic-Rivers-Brochure_p01.png	jpegli	444	35	model_proj	33.316	70.277	1.5944	CjpegliYcbcr	6.0
maps	nps_nps-bibe-2023-Wild-and-Scenic-Rivers-Brochure_p01.png	jpegli	444	55	identity_off	33.368	72.982	1.4115	CjpegliYcbcr	4.1
maps	nps_nps-bibe-2023-Wild-and-Scenic-Rivers-Brochure_p01.png	jpegli	444	55	model_policy	31.170	48.015	9.1815	CjpegliYcbcr	4.1
maps	nps_nps-bibe-2023-Wild-and-Scenic-Rivers-Brochure_p01.png	jpegli	444	55	model_proj	35.195	77.589	1.0780	CjpegliYcbcr	4.1
maps	nps_nps-bibe-2023-Wild-and-Scenic-Rivers-Brochure_p01.png	jpegli	444	75	identity_off	36.533	77.931	0.9925	CjpegliYcbcr	2.3
maps	nps_nps-bibe-2023-Wild-and-Scenic-Rivers-Brochure_p01.png	jpegli	444	75	model_policy	32.868	53.812	8.5569	CjpegliYcbcr	2.3
maps	nps_nps-bibe-2023-Wild-and-Scenic-Rivers-Brochure_p01.png	jpegli	444	75	model_proj	37.973	80.533	0.8653	CjpegliYcbcr	2.3
maps	nps_nps-bibe-2023-Wild-and-Scenic-Rivers-Brochure_p01.png	jpegli	444	90	identity_off	41.050	84.041	0.7287	CjpegliYcbcr	1.1
maps	nps_nps-bibe-2023-Wild-and-Scenic-Rivers-Brochure_p01.png	jpegli	444	90	model_policy	34.168	56.674	8.6656	CjpegliYcbcr	1.1
maps	nps_nps-bibe-2023-Wild-and-Scenic-Rivers-Brochure_p01.png	jpegli	444	90	model_proj	41.949	85.220	0.7331	CjpegliYcbcr	1.1
maps	nps_nps-bibe-2023-Wild-and-Scenic-Rivers-Brochure_p01.png	zenjpeg	420	15	identity_off	27.278	48.310	2.7182	CjpegliYcbcr	14.2
maps	nps_nps-bibe-2023-Wild-and-Scenic-Rivers-Brochure_p01.png	zenjpeg	420	15	model_policy	26.727	35.359	8.8104	CjpegliYcbcr	14.2
maps	nps_nps-bibe-2023-Wild-and-Scenic-Rivers-Brochure_p01.png	zenjpeg	420	15	model_proj	29.500	52.548	2.3905	CjpegliYcbcr	14.2
maps	nps_nps-bibe-2023-Wild-and-Scenic-Rivers-Brochure_p01.png	zenjpeg	420	35	identity_off	30.375	63.628	1.9093	CjpegliYcbcr	7.2
maps	nps_nps-bibe-2023-Wild-and-Scenic-Rivers-Brochure_p01.png	zenjpeg	420	35	model_policy	29.312	48.017	8.2587	CjpegliYcbcr	7.2
maps	nps_nps-bibe-2023-Wild-and-Scenic-Rivers-Brochure_p01.png	zenjpeg	420	35	model_proj	32.560	68.716	1.5338	CjpegliYcbcr	7.2
maps	nps_nps-bibe-2023-Wild-and-Scenic-Rivers-Brochure_p01.png	zenjpeg	420	55	identity_off	32.252	70.590	1.5079	CjpegliYcbcr	5.2
maps	nps_nps-bibe-2023-Wild-and-Scenic-Rivers-Brochure_p01.png	zenjpeg	420	55	model_policy	30.488	47.849	8.9966	CjpegliYcbcr	5.2
maps	nps_nps-bibe-2023-Wild-and-Scenic-Rivers-Brochure_p01.png	zenjpeg	420	55	model_proj	34.263	75.432	1.1083	CjpegliYcbcr	5.2
maps	nps_nps-bibe-2023-Wild-and-Scenic-Rivers-Brochure_p01.png	zenjpeg	420	75	identity_off	35.533	76.552	1.0845	CjpegliYcbcr	3.0
maps	nps_nps-bibe-2023-Wild-and-Scenic-Rivers-Brochure_p01.png	zenjpeg	420	75	model_policy	32.330	52.043	8.8699	CjpegliYcbcr	3.0
maps	nps_nps-bibe-2023-Wild-and-Scenic-Rivers-Brochure_p01.png	zenjpeg	420	75	model_proj	37.165	79.914	0.8215	CjpegliYcbcr	3.0
maps	nps_nps-bibe-2023-Wild-and-Scenic-Rivers-Brochure_p01.png	zenjpeg	420	90	identity_off	40.140	83.443	0.7310	CjpegliYcbcr	1.3
maps	nps_nps-bibe-2023-Wild-and-Scenic-Rivers-Brochure_p01.png	zenjpeg	420	90	model_policy	33.972	55.834	8.7437	CjpegliYcbcr	1.3
maps	nps_nps-bibe-2023-Wild-and-Scenic-Rivers-Brochure_p01.png	zenjpeg	420	90	model_proj	41.263	85.407	0.7262	CjpegliYcbcr	1.3
maps	nps_nps-bibe-2023-Wild-and-Scenic-Rivers-Brochure_p01.png	zenjpeg	444	15	identity_off	27.986	47.974	2.5925	CjpegliYcbcr	11.8
maps	nps_nps-bibe-2023-Wild-and-Scenic-Rivers-Brochure_p01.png	zenjpeg	444	15	model_policy	27.499	41.159	7.7560	CjpegliYcbcr	11.8
maps	nps_nps-bibe-2023-Wild-and-Scenic-Rivers-Brochure_p01.png	zenjpeg	444	15	model_proj	30.107	52.320	2.3255	CjpegliYcbcr	11.8
maps	nps_nps-bibe-2023-Wild-and-Scenic-Rivers-Brochure_p01.png	zenjpeg	444	35	identity_off	31.192	64.846	1.8678	CjpegliYcbcr	6.0
maps	nps_nps-bibe-2023-Wild-and-Scenic-Rivers-Brochure_p01.png	zenjpeg	444	35	model_policy	29.866	44.801	9.0072	CjpegliYcbcr	6.0
maps	nps_nps-bibe-2023-Wild-and-Scenic-Rivers-Brochure_p01.png	zenjpeg	444	35	model_proj	33.216	69.715	1.6838	CjpegliYcbcr	6.0
maps	nps_nps-bibe-2023-Wild-and-Scenic-Rivers-Brochure_p01.png	zenjpeg	444	55	identity_off	33.273	72.856	1.4550	CjpegliYcbcr	4.1
maps	nps_nps-bibe-2023-Wild-and-Scenic-Rivers-Brochure_p01.png	zenjpeg	444	55	model_policy	31.153	48.097	9.3106	CjpegliYcbcr	4.1
maps	nps_nps-bibe-2023-Wild-and-Scenic-Rivers-Brochure_p01.png	zenjpeg	444	55	model_proj	35.110	77.547	1.2067	CjpegliYcbcr	4.1
maps	nps_nps-bibe-2023-Wild-and-Scenic-Rivers-Brochure_p01.png	zenjpeg	444	75	identity_off	36.437	77.878	1.0371	CjpegliYcbcr	2.3
maps	nps_nps-bibe-2023-Wild-and-Scenic-Rivers-Brochure_p01.png	zenjpeg	444	75	model_policy	32.853	53.122	8.6477	CjpegliYcbcr	2.3
maps	nps_nps-bibe-2023-Wild-and-Scenic-Rivers-Brochure_p01.png	zenjpeg	444	75	model_proj	37.869	80.588	0.9633	CjpegliYcbcr	2.3
maps	nps_nps-bibe-2023-Wild-and-Scenic-Rivers-Brochure_p01.png	zenjpeg	444	90	identity_off	40.929	84.399	0.7073	CjpegliYcbcr	1.1
maps	nps_nps-bibe-2023-Wild-and-Scenic-Rivers-Brochure_p01.png	zenjpeg	444	90	model_policy	34.175	56.026	8.7277	CjpegliYcbcr	1.1
maps	nps_nps-bibe-2023-Wild-and-Scenic-Rivers-Brochure_p01.png	zenjpeg	444	90	model_proj	41.856	85.548	0.6941	CjpegliYcbcr	1.1
maps	nps_nps-bibe-2023-Wild-and-Scenic-Rivers-Brochure_p02.png	turbo	420	15	identity_off	34.066	11.993	3.4371	Unknown	15.0
maps	nps_nps-bibe-2023-Wild-and-Scenic-Rivers-Brochure_p02.png	turbo	420	15	model_policy	34.083	12.099	3.4149	Unknown	15.0
maps	nps_nps-bibe-2023-Wild-and-Scenic-Rivers-Brochure_p02.png	turbo	420	15	model_proj	34.196	13.003	3.4170	Unknown	15.0
maps	nps_nps-bibe-2023-Wild-and-Scenic-Rivers-Brochure_p02.png	turbo	420	35	identity_off	38.004	54.999	1.7071	ImageMagick	35.0
maps	nps_nps-bibe-2023-Wild-and-Scenic-Rivers-Brochure_p02.png	turbo	420	35	model_policy	37.967	54.163	1.7131	ImageMagick	35.0
maps	nps_nps-bibe-2023-Wild-and-Scenic-Rivers-Brochure_p02.png	turbo	420	35	model_proj	38.220	55.502	1.6796	ImageMagick	35.0
maps	nps_nps-bibe-2023-Wild-and-Scenic-Rivers-Brochure_p02.png	turbo	420	55	identity_off	39.420	68.141	1.4309	ImageMagick	55.0
maps	nps_nps-bibe-2023-Wild-and-Scenic-Rivers-Brochure_p02.png	turbo	420	55	model_policy	39.341	66.538	1.4333	ImageMagick	55.0
maps	nps_nps-bibe-2023-Wild-and-Scenic-Rivers-Brochure_p02.png	turbo	420	55	model_proj	39.704	68.714	1.3955	ImageMagick	55.0
maps	nps_nps-bibe-2023-Wild-and-Scenic-Rivers-Brochure_p02.png	turbo	420	75	identity_off	42.152	78.599	0.9592	ImageMagick	75.0
maps	nps_nps-bibe-2023-Wild-and-Scenic-Rivers-Brochure_p02.png	turbo	420	75	model_policy	41.977	76.852	1.0124	ImageMagick	75.0
maps	nps_nps-bibe-2023-Wild-and-Scenic-Rivers-Brochure_p02.png	turbo	420	75	model_proj	42.504	79.045	0.8997	ImageMagick	75.0
maps	nps_nps-bibe-2023-Wild-and-Scenic-Rivers-Brochure_p02.png	turbo	420	90	identity_off	46.203	88.020	0.5876	ImageMagick	90.0
maps	nps_nps-bibe-2023-Wild-and-Scenic-Rivers-Brochure_p02.png	turbo	420	90	model_policy	45.624	84.988	0.7695	ImageMagick	90.0
maps	nps_nps-bibe-2023-Wild-and-Scenic-Rivers-Brochure_p02.png	turbo	420	90	model_proj	46.135	87.721	0.5313	ImageMagick	90.0
maps	nps_nps-bibe-2023-Wild-and-Scenic-Rivers-Brochure_p02.png	turbo	444	15	identity_off	34.203	13.364	3.4543	Unknown	15.0
maps	nps_nps-bibe-2023-Wild-and-Scenic-Rivers-Brochure_p02.png	turbo	444	15	model_policy	34.220	13.420	3.4305	Unknown	15.0
maps	nps_nps-bibe-2023-Wild-and-Scenic-Rivers-Brochure_p02.png	turbo	444	15	model_proj	34.337	14.378	3.4322	Unknown	15.0
maps	nps_nps-bibe-2023-Wild-and-Scenic-Rivers-Brochure_p02.png	turbo	444	35	identity_off	38.251	56.929	1.7033	ImageMagick	35.0
maps	nps_nps-bibe-2023-Wild-and-Scenic-Rivers-Brochure_p02.png	turbo	444	35	model_policy	38.212	55.960	1.7143	ImageMagick	35.0
maps	nps_nps-bibe-2023-Wild-and-Scenic-Rivers-Brochure_p02.png	turbo	444	35	model_proj	38.474	57.423	1.6794	ImageMagick	35.0
maps	nps_nps-bibe-2023-Wild-and-Scenic-Rivers-Brochure_p02.png	turbo	444	55	identity_off	39.648	69.165	1.4593	ImageMagick	55.0
maps	nps_nps-bibe-2023-Wild-and-Scenic-Rivers-Brochure_p02.png	turbo	444	55	model_policy	39.566	67.376	1.4615	ImageMagick	55.0
maps	nps_nps-bibe-2023-Wild-and-Scenic-Rivers-Brochure_p02.png	turbo	444	55	model_proj	39.942	69.659	1.4286	ImageMagick	55.0
maps	nps_nps-bibe-2023-Wild-and-Scenic-Rivers-Brochure_p02.png	turbo	444	75	identity_off	42.512	79.790	0.9653	ImageMagick	75.0
maps	nps_nps-bibe-2023-Wild-and-Scenic-Rivers-Brochure_p02.png	turbo	444	75	model_policy	42.317	77.826	1.0456	ImageMagick	75.0
maps	nps_nps-bibe-2023-Wild-and-Scenic-Rivers-Brochure_p02.png	turbo	444	75	model_proj	42.892	80.333	0.9143	ImageMagick	75.0
maps	nps_nps-bibe-2023-Wild-and-Scenic-Rivers-Brochure_p02.png	turbo	444	90	identity_off	46.943	89.189	0.5734	ImageMagick	90.0
maps	nps_nps-bibe-2023-Wild-and-Scenic-Rivers-Brochure_p02.png	turbo	444	90	model_policy	46.256	85.296	0.7826	ImageMagick	90.0
maps	nps_nps-bibe-2023-Wild-and-Scenic-Rivers-Brochure_p02.png	turbo	444	90	model_proj	46.797	88.637	0.5195	ImageMagick	90.0
maps	nps_nps-bibe-2023-Wild-and-Scenic-Rivers-Brochure_p02.png	mozjpeg	420	15	identity_off	33.379	7.046	3.5908	Mozjpeg	15.0
maps	nps_nps-bibe-2023-Wild-and-Scenic-Rivers-Brochure_p02.png	mozjpeg	420	15	model_policy	33.364	6.776	3.5633	Mozjpeg	15.0
maps	nps_nps-bibe-2023-Wild-and-Scenic-Rivers-Brochure_p02.png	mozjpeg	420	15	model_proj	33.446	7.682	3.5741	Mozjpeg	15.0
maps	nps_nps-bibe-2023-Wild-and-Scenic-Rivers-Brochure_p02.png	mozjpeg	420	35	identity_off	37.037	49.439	1.9318	Mozjpeg	35.0
maps	nps_nps-bibe-2023-Wild-and-Scenic-Rivers-Brochure_p02.png	mozjpeg	420	35	model_policy	36.961	48.456	1.9497	Mozjpeg	35.0
maps	nps_nps-bibe-2023-Wild-and-Scenic-Rivers-Brochure_p02.png	mozjpeg	420	35	model_proj	37.118	49.549	1.9188	Mozjpeg	35.0
maps	nps_nps-bibe-2023-Wild-and-Scenic-Rivers-Brochure_p02.png	mozjpeg	420	55	identity_off	38.620	63.623	1.5705	Mozjpeg	55.0
maps	nps_nps-bibe-2023-Wild-and-Scenic-Rivers-Brochure_p02.png	mozjpeg	420	55	model_policy	38.499	62.094	1.6215	Mozjpeg	55.0
maps	nps_nps-bibe-2023-Wild-and-Scenic-Rivers-Brochure_p02.png	mozjpeg	420	55	model_proj	38.720	63.717	1.5601	Mozjpeg	55.0
maps	nps_nps-bibe-2023-Wild-and-Scenic-Rivers-Brochure_p02.png	mozjpeg	420	75	identity_off	41.436	76.854	1.0349	Mozjpeg	75.0
maps	nps_nps-bibe-2023-Wild-and-Scenic-Rivers-Brochure_p02.png	mozjpeg	420	75	model_policy	41.221	74.596	1.1131	Mozjpeg	75.0
maps	nps_nps-bibe-2023-Wild-and-Scenic-Rivers-Brochure_p02.png	mozjpeg	420	75	model_proj	41.550	76.802	1.0099	Mozjpeg	75.0
maps	nps_nps-bibe-2023-Wild-and-Scenic-Rivers-Brochure_p02.png	mozjpeg	420	90	identity_off	45.463	87.241	0.6238	Mozjpeg	90.0
maps	nps_nps-bibe-2023-Wild-and-Scenic-Rivers-Brochure_p02.png	mozjpeg	420	90	model_policy	44.905	83.783	0.7996	Mozjpeg	90.0
maps	nps_nps-bibe-2023-Wild-and-Scenic-Rivers-Brochure_p02.png	mozjpeg	420	90	model_proj	45.289	86.570	0.6089	Mozjpeg	90.0
maps	nps_nps-bibe-2023-Wild-and-Scenic-Rivers-Brochure_p02.png	mozjpeg	444	15	identity_off	33.523	7.991	3.5877	Mozjpeg	15.0
maps	nps_nps-bibe-2023-Wild-and-Scenic-Rivers-Brochure_p02.png	mozjpeg	444	15	model_policy	33.508	7.756	3.5635	Mozjpeg	15.0
maps	nps_nps-bibe-2023-Wild-and-Scenic-Rivers-Brochure_p02.png	mozjpeg	444	15	model_proj	33.597	8.633	3.5702	Mozjpeg	15.0
maps	nps_nps-bibe-2023-Wild-and-Scenic-Rivers-Brochure_p02.png	mozjpeg	444	35	identity_off	37.231	50.927	1.9195	Mozjpeg	35.0
maps	nps_nps-bibe-2023-Wild-and-Scenic-Rivers-Brochure_p02.png	mozjpeg	444	35	model_policy	37.154	49.876	1.9368	Mozjpeg	35.0
maps	nps_nps-bibe-2023-Wild-and-Scenic-Rivers-Brochure_p02.png	mozjpeg	444	35	model_proj	37.314	51.081	1.9074	Mozjpeg	35.0
maps	nps_nps-bibe-2023-Wild-and-Scenic-Rivers-Brochure_p02.png	mozjpeg	444	55	identity_off	38.830	64.131	1.5833	Mozjpeg	55.0
maps	nps_nps-bibe-2023-Wild-and-Scenic-Rivers-Brochure_p02.png	mozjpeg	444	55	model_policy	38.703	62.547	1.6346	Mozjpeg	55.0
maps	nps_nps-bibe-2023-Wild-and-Scenic-Rivers-Brochure_p02.png	mozjpeg	444	55	model_proj	38.930	64.224	1.5745	Mozjpeg	55.0
maps	nps_nps-bibe-2023-Wild-and-Scenic-Rivers-Brochure_p02.png	mozjpeg	444	75	identity_off	41.734	78.132	1.0248	Mozjpeg	75.0
maps	nps_nps-bibe-2023-Wild-and-Scenic-Rivers-Brochure_p02.png	mozjpeg	444	75	model_policy	41.498	75.471	1.1116	Mozjpeg	75.0
maps	nps_nps-bibe-2023-Wild-and-Scenic-Rivers-Brochure_p02.png	mozjpeg	444	75	model_proj	41.856	77.994	0.9991	Mozjpeg	75.0
maps	nps_nps-bibe-2023-Wild-and-Scenic-Rivers-Brochure_p02.png	mozjpeg	444	90	identity_off	45.938	88.188	0.6153	Mozjpeg	90.0
maps	nps_nps-bibe-2023-Wild-and-Scenic-Rivers-Brochure_p02.png	mozjpeg	444	90	model_policy	45.308	84.137	0.8055	Mozjpeg	90.0
maps	nps_nps-bibe-2023-Wild-and-Scenic-Rivers-Brochure_p02.png	mozjpeg	444	90	model_proj	45.721	87.456	0.6003	Mozjpeg	90.0
maps	nps_nps-bibe-2023-Wild-and-Scenic-Rivers-Brochure_p02.png	jpegli	420	15	identity_off	35.623	39.293	2.3257	CjpegliYcbcr	14.2
maps	nps_nps-bibe-2023-Wild-and-Scenic-Rivers-Brochure_p02.png	jpegli	420	15	model_policy	35.567	38.226	2.3323	CjpegliYcbcr	14.2
maps	nps_nps-bibe-2023-Wild-and-Scenic-Rivers-Brochure_p02.png	jpegli	420	15	model_proj	35.702	39.531	2.3111	CjpegliYcbcr	14.2
maps	nps_nps-bibe-2023-Wild-and-Scenic-Rivers-Brochure_p02.png	jpegli	420	35	identity_off	38.163	62.701	1.6817	CjpegliYcbcr	7.2
maps	nps_nps-bibe-2023-Wild-and-Scenic-Rivers-Brochure_p02.png	jpegli	420	35	model_policy	38.073	61.148	1.6866	CjpegliYcbcr	7.2
maps	nps_nps-bibe-2023-Wild-and-Scenic-Rivers-Brochure_p02.png	jpegli	420	35	model_proj	38.268	62.696	1.6657	CjpegliYcbcr	7.2
maps	nps_nps-bibe-2023-Wild-and-Scenic-Rivers-Brochure_p02.png	jpegli	420	55	identity_off	39.545	69.452	1.4176	CjpegliYcbcr	5.2
maps	nps_nps-bibe-2023-Wild-and-Scenic-Rivers-Brochure_p02.png	jpegli	420	55	model_policy	39.431	67.826	1.4286	CjpegliYcbcr	5.2
maps	nps_nps-bibe-2023-Wild-and-Scenic-Rivers-Brochure_p02.png	jpegli	420	55	model_proj	39.669	69.481	1.3918	CjpegliYcbcr	5.2
maps	nps_nps-bibe-2023-Wild-and-Scenic-Rivers-Brochure_p02.png	jpegli	420	75	identity_off	42.103	78.201	1.0309	CjpegliYcbcr	3.0
maps	nps_nps-bibe-2023-Wild-and-Scenic-Rivers-Brochure_p02.png	jpegli	420	75	model_policy	41.851	76.220	1.0752	CjpegliYcbcr	3.0
maps	nps_nps-bibe-2023-Wild-and-Scenic-Rivers-Brochure_p02.png	jpegli	420	75	model_proj	42.188	78.061	1.0018	CjpegliYcbcr	3.0
maps	nps_nps-bibe-2023-Wild-and-Scenic-Rivers-Brochure_p02.png	jpegli	420	90	identity_off	46.102	87.141	0.6264	CjpegliYcbcr	1.3
maps	nps_nps-bibe-2023-Wild-and-Scenic-Rivers-Brochure_p02.png	jpegli	420	90	model_policy	45.468	84.256	0.7861	CjpegliYcbcr	1.3
maps	nps_nps-bibe-2023-Wild-and-Scenic-Rivers-Brochure_p02.png	jpegli	420	90	model_proj	45.774	86.639	0.6089	CjpegliYcbcr	1.3
maps	nps_nps-bibe-2023-Wild-and-Scenic-Rivers-Brochure_p02.png	jpegli	444	15	identity_off	35.057	44.906	2.7251	CjpegliYcbcr	11.8
maps	nps_nps-bibe-2023-Wild-and-Scenic-Rivers-Brochure_p02.png	jpegli	444	15	model_policy	35.014	43.793	2.7048	CjpegliYcbcr	11.8
maps	nps_nps-bibe-2023-Wild-and-Scenic-Rivers-Brochure_p02.png	jpegli	444	15	model_proj	35.133	45.187	2.7159	CjpegliYcbcr	11.8
maps	nps_nps-bibe-2023-Wild-and-Scenic-Rivers-Brochure_p02.png	jpegli	444	35	identity_off	38.139	65.560	1.6469	CjpegliYcbcr	6.0
maps	nps_nps-bibe-2023-Wild-and-Scenic-Rivers-Brochure_p02.png	jpegli	444	35	model_policy	38.037	63.881	1.6695	CjpegliYcbcr	6.0
maps	nps_nps-bibe-2023-Wild-and-Scenic-Rivers-Brochure_p02.png	jpegli	444	35	model_proj	38.240	65.584	1.6317	CjpegliYcbcr	6.0
maps	nps_nps-bibe-2023-Wild-and-Scenic-Rivers-Brochure_p02.png	jpegli	444	55	identity_off	40.187	72.974	1.2876	CjpegliYcbcr	4.1
maps	nps_nps-bibe-2023-Wild-and-Scenic-Rivers-Brochure_p02.png	jpegli	444	55	model_policy	40.028	71.148	1.3080	CjpegliYcbcr	4.1
maps	nps_nps-bibe-2023-Wild-and-Scenic-Rivers-Brochure_p02.png	jpegli	444	55	model_proj	40.318	72.985	1.2616	CjpegliYcbcr	4.1
maps	nps_nps-bibe-2023-Wild-and-Scenic-Rivers-Brochure_p02.png	jpegli	444	75	identity_off	42.071	78.865	1.1361	CjpegliYcbcr	2.3
maps	nps_nps-bibe-2023-Wild-and-Scenic-Rivers-Brochure_p02.png	jpegli	444	75	model_policy	41.817	76.593	1.1570	CjpegliYcbcr	2.3
maps	nps_nps-bibe-2023-Wild-and-Scenic-Rivers-Brochure_p02.png	jpegli	444	75	model_proj	42.146	78.627	1.1228	CjpegliYcbcr	2.3
maps	nps_nps-bibe-2023-Wild-and-Scenic-Rivers-Brochure_p02.png	jpegli	444	90	identity_off	46.744	87.564	0.5510	CjpegliYcbcr	1.1
maps	nps_nps-bibe-2023-Wild-and-Scenic-Rivers-Brochure_p02.png	jpegli	444	90	model_policy	46.004	84.222	0.7712	CjpegliYcbcr	1.1
maps	nps_nps-bibe-2023-Wild-and-Scenic-Rivers-Brochure_p02.png	jpegli	444	90	model_proj	46.473	87.231	0.5393	CjpegliYcbcr	1.1
maps	nps_nps-bibe-2023-Wild-and-Scenic-Rivers-Brochure_p02.png	zenjpeg	420	15	identity_off	35.616	39.053	2.3285	CjpegliYcbcr	14.2
maps	nps_nps-bibe-2023-Wild-and-Scenic-Rivers-Brochure_p02.png	zenjpeg	420	15	model_policy	35.560	37.984	2.3351	CjpegliYcbcr	14.2
maps	nps_nps-bibe-2023-Wild-and-Scenic-Rivers-Brochure_p02.png	zenjpeg	420	15	model_proj	35.695	39.303	2.3139	CjpegliYcbcr	14.2
maps	nps_nps-bibe-2023-Wild-and-Scenic-Rivers-Brochure_p02.png	zenjpeg	420	35	identity_off	38.087	62.262	1.6902	CjpegliYcbcr	7.2
maps	nps_nps-bibe-2023-Wild-and-Scenic-Rivers-Brochure_p02.png	zenjpeg	420	35	model_policy	37.998	60.647	1.6963	CjpegliYcbcr	7.2
maps	nps_nps-bibe-2023-Wild-and-Scenic-Rivers-Brochure_p02.png	zenjpeg	420	35	model_proj	38.187	62.214	1.6744	CjpegliYcbcr	7.2
maps	nps_nps-bibe-2023-Wild-and-Scenic-Rivers-Brochure_p02.png	zenjpeg	420	55	identity_off	39.507	68.994	1.4275	CjpegliYcbcr	5.2
maps	nps_nps-bibe-2023-Wild-and-Scenic-Rivers-Brochure_p02.png	zenjpeg	420	55	model_policy	39.395	67.436	1.4382	CjpegliYcbcr	5.2
maps	nps_nps-bibe-2023-Wild-and-Scenic-Rivers-Brochure_p02.png	zenjpeg	420	55	model_proj	39.629	68.997	1.4035	CjpegliYcbcr	5.2
maps	nps_nps-bibe-2023-Wild-and-Scenic-Rivers-Brochure_p02.png	zenjpeg	420	75	identity_off	42.231	77.974	1.0162	CjpegliYcbcr	3.0
maps	nps_nps-bibe-2023-Wild-and-Scenic-Rivers-Brochure_p02.png	zenjpeg	420	75	model_policy	41.981	76.246	1.0615	CjpegliYcbcr	3.0
maps	nps_nps-bibe-2023-Wild-and-Scenic-Rivers-Brochure_p02.png	zenjpeg	420	75	model_proj	42.315	77.911	0.9846	CjpegliYcbcr	3.0
maps	nps_nps-bibe-2023-Wild-and-Scenic-Rivers-Brochure_p02.png	zenjpeg	420	90	identity_off	46.099	87.326	0.6201	CjpegliYcbcr	1.3
maps	nps_nps-bibe-2023-Wild-and-Scenic-Rivers-Brochure_p02.png	zenjpeg	420	90	model_policy	45.460	84.160	0.8042	CjpegliYcbcr	1.3
maps	nps_nps-bibe-2023-Wild-and-Scenic-Rivers-Brochure_p02.png	zenjpeg	420	90	model_proj	45.625	86.598	0.6211	CjpegliYcbcr	1.3
maps	nps_nps-bibe-2023-Wild-and-Scenic-Rivers-Brochure_p02.png	zenjpeg	444	15	identity_off	35.038	44.812	2.7222	CjpegliYcbcr	11.8
maps	nps_nps-bibe-2023-Wild-and-Scenic-Rivers-Brochure_p02.png	zenjpeg	444	15	model_policy	34.994	43.657	2.7038	CjpegliYcbcr	11.8
maps	nps_nps-bibe-2023-Wild-and-Scenic-Rivers-Brochure_p02.png	zenjpeg	444	15	model_proj	35.115	45.078	2.7128	CjpegliYcbcr	11.8
maps	nps_nps-bibe-2023-Wild-and-Scenic-Rivers-Brochure_p02.png	zenjpeg	444	35	identity_off	38.146	65.479	1.6541	CjpegliYcbcr	6.0
maps	nps_nps-bibe-2023-Wild-and-Scenic-Rivers-Brochure_p02.png	zenjpeg	444	35	model_policy	38.044	63.814	1.6764	CjpegliYcbcr	6.0
maps	nps_nps-bibe-2023-Wild-and-Scenic-Rivers-Brochure_p02.png	zenjpeg	444	35	model_proj	38.248	65.493	1.6405	CjpegliYcbcr	6.0
maps	nps_nps-bibe-2023-Wild-and-Scenic-Rivers-Brochure_p02.png	zenjpeg	444	55	identity_off	40.107	72.770	1.3321	CjpegliYcbcr	4.1
maps	nps_nps-bibe-2023-Wild-and-Scenic-Rivers-Brochure_p02.png	zenjpeg	444	55	model_policy	39.947	70.890	1.3526	CjpegliYcbcr	4.1
maps	nps_nps-bibe-2023-Wild-and-Scenic-Rivers-Brochure_p02.png	zenjpeg	444	55	model_proj	40.231	72.865	1.3122	CjpegliYcbcr	4.1
maps	nps_nps-bibe-2023-Wild-and-Scenic-Rivers-Brochure_p02.png	zenjpeg	444	75	identity_off	42.017	78.975	1.1390	CjpegliYcbcr	2.3
maps	nps_nps-bibe-2023-Wild-and-Scenic-Rivers-Brochure_p02.png	zenjpeg	444	75	model_policy	41.763	76.645	1.1599	CjpegliYcbcr	2.3
maps	nps_nps-bibe-2023-Wild-and-Scenic-Rivers-Brochure_p02.png	zenjpeg	444	75	model_proj	42.086	78.854	1.1265	CjpegliYcbcr	2.3
maps	nps_nps-bibe-2023-Wild-and-Scenic-Rivers-Brochure_p02.png	zenjpeg	444	90	identity_off	46.774	87.762	0.5552	CjpegliYcbcr	1.1
maps	nps_nps-bibe-2023-Wild-and-Scenic-Rivers-Brochure_p02.png	zenjpeg	444	90	model_policy	46.031	84.505	0.7734	CjpegliYcbcr	1.1
maps	nps_nps-bibe-2023-Wild-and-Scenic-Rivers-Brochure_p02.png	zenjpeg	444	90	model_proj	46.487	87.503	0.5439	CjpegliYcbcr	1.1
maps	nps_nps-biho-FINAL-VERSION_BIHO-unigrid_Side-1_X3_compressed-for-web-6_p01.png	turbo	420	15	identity_off	31.850	32.629	4.3345	Unknown	15.0
maps	nps_nps-biho-FINAL-VERSION_BIHO-unigrid_Side-1_X3_compressed-for-web-6_p01.png	turbo	420	15	model_policy	31.435	29.681	5.5352	Unknown	15.0
maps	nps_nps-biho-FINAL-VERSION_BIHO-unigrid_Side-1_X3_compressed-for-web-6_p01.png	turbo	420	15	model_proj	33.559	35.598	4.3089	Unknown	15.0
maps	nps_nps-biho-FINAL-VERSION_BIHO-unigrid_Side-1_X3_compressed-for-web-6_p01.png	turbo	420	35	identity_off	35.228	63.684	2.0641	ImageMagick	35.0
maps	nps_nps-biho-FINAL-VERSION_BIHO-unigrid_Side-1_X3_compressed-for-web-6_p01.png	turbo	420	35	model_policy	34.437	59.892	4.2938	ImageMagick	35.0
maps	nps_nps-biho-FINAL-VERSION_BIHO-unigrid_Side-1_X3_compressed-for-web-6_p01.png	turbo	420	35	model_proj	36.967	66.309	2.0342	ImageMagick	35.0
maps	nps_nps-biho-FINAL-VERSION_BIHO-unigrid_Side-1_X3_compressed-for-web-6_p01.png	turbo	420	55	identity_off	37.121	73.350	1.3012	ImageMagick	55.0
maps	nps_nps-biho-FINAL-VERSION_BIHO-unigrid_Side-1_X3_compressed-for-web-6_p01.png	turbo	420	55	model_policy	35.930	65.643	4.0010	ImageMagick	55.0
maps	nps_nps-biho-FINAL-VERSION_BIHO-unigrid_Side-1_X3_compressed-for-web-6_p01.png	turbo	420	55	model_proj	38.637	75.792	1.2018	ImageMagick	55.0
maps	nps_nps-biho-FINAL-VERSION_BIHO-unigrid_Side-1_X3_compressed-for-web-6_p01.png	turbo	420	75	identity_off	39.274	80.664	1.0371	ImageMagick	75.0
maps	nps_nps-biho-FINAL-VERSION_BIHO-unigrid_Side-1_X3_compressed-for-web-6_p01.png	turbo	420	75	model_policy	37.401	69.487	4.1723	ImageMagick	75.0
maps	nps_nps-biho-FINAL-VERSION_BIHO-unigrid_Side-1_X3_compressed-for-web-6_p01.png	turbo	420	75	model_proj	40.666	82.614	0.9652	ImageMagick	75.0
maps	nps_nps-biho-FINAL-VERSION_BIHO-unigrid_Side-1_X3_compressed-for-web-6_p01.png	turbo	420	90	identity_off	42.191	88.298	0.7012	ImageMagick	90.0
maps	nps_nps-biho-FINAL-VERSION_BIHO-unigrid_Side-1_X3_compressed-for-web-6_p01.png	turbo	420	90	model_policy	38.930	73.363	4.1603	ImageMagick	90.0
maps	nps_nps-biho-FINAL-VERSION_BIHO-unigrid_Side-1_X3_compressed-for-web-6_p01.png	turbo	420	90	model_proj	43.127	88.637	0.5238	ImageMagick	90.0
maps	nps_nps-biho-FINAL-VERSION_BIHO-unigrid_Side-1_X3_compressed-for-web-6_p01.png	turbo	444	15	identity_off	32.172	36.000	4.3262	Unknown	15.0
maps	nps_nps-biho-FINAL-VERSION_BIHO-unigrid_Side-1_X3_compressed-for-web-6_p01.png	turbo	444	15	model_policy	31.713	32.482	5.6260	Unknown	15.0
maps	nps_nps-biho-FINAL-VERSION_BIHO-unigrid_Side-1_X3_compressed-for-web-6_p01.png	turbo	444	15	model_proj	33.897	38.197	4.2978	Unknown	15.0
maps	nps_nps-biho-FINAL-VERSION_BIHO-unigrid_Side-1_X3_compressed-for-web-6_p01.png	turbo	444	35	identity_off	35.804	65.639	2.0483	ImageMagick	35.0
maps	nps_nps-biho-FINAL-VERSION_BIHO-unigrid_Side-1_X3_compressed-for-web-6_p01.png	turbo	444	35	model_policy	34.896	61.297	4.2442	ImageMagick	35.0
maps	nps_nps-biho-FINAL-VERSION_BIHO-unigrid_Side-1_X3_compressed-for-web-6_p01.png	turbo	444	35	model_proj	37.472	68.272	2.0234	ImageMagick	35.0
maps	nps_nps-biho-FINAL-VERSION_BIHO-unigrid_Side-1_X3_compressed-for-web-6_p01.png	turbo	444	55	identity_off	37.801	75.433	1.2768	ImageMagick	55.0
maps	nps_nps-biho-FINAL-VERSION_BIHO-unigrid_Side-1_X3_compressed-for-web-6_p01.png	turbo	444	55	model_policy	36.459	66.946	3.9667	ImageMagick	55.0
maps	nps_nps-biho-FINAL-VERSION_BIHO-unigrid_Side-1_X3_compressed-for-web-6_p01.png	turbo	444	55	model_proj	39.326	77.530	1.1888	ImageMagick	55.0
maps	nps_nps-biho-FINAL-VERSION_BIHO-unigrid_Side-1_X3_compressed-for-web-6_p01.png	turbo	444	75	identity_off	40.233	82.058	1.0258	ImageMagick	75.0
maps	nps_nps-biho-FINAL-VERSION_BIHO-unigrid_Side-1_X3_compressed-for-web-6_p01.png	turbo	444	75	model_policy	38.031	70.170	4.1698	ImageMagick	75.0
maps	nps_nps-biho-FINAL-VERSION_BIHO-unigrid_Side-1_X3_compressed-for-web-6_p01.png	turbo	444	75	model_proj	41.334	83.863	0.9759	ImageMagick	75.0
maps	nps_nps-biho-FINAL-VERSION_BIHO-unigrid_Side-1_X3_compressed-for-web-6_p01.png	turbo	444	90	identity_off	44.286	89.307	0.6923	ImageMagick	90.0
maps	nps_nps-biho-FINAL-VERSION_BIHO-unigrid_Side-1_X3_compressed-for-web-6_p01.png	turbo	444	90	model_policy	39.983	73.537	4.1576	ImageMagick	90.0
maps	nps_nps-biho-FINAL-VERSION_BIHO-unigrid_Side-1_X3_compressed-for-web-6_p01.png	turbo	444	90	model_proj	44.978	89.810	0.5187	ImageMagick	90.0
maps	nps_nps-biho-FINAL-VERSION_BIHO-unigrid_Side-1_X3_compressed-for-web-6_p01.png	mozjpeg	420	15	identity_off	30.338	26.249	5.2808	Mozjpeg	15.0
maps	nps_nps-biho-FINAL-VERSION_BIHO-unigrid_Side-1_X3_compressed-for-web-6_p01.png	mozjpeg	420	15	model_policy	29.989	22.983	5.8400	Mozjpeg	15.0
maps	nps_nps-biho-FINAL-VERSION_BIHO-unigrid_Side-1_X3_compressed-for-web-6_p01.png	mozjpeg	420	15	model_proj	31.791	27.909	5.2726	Mozjpeg	15.0
maps	nps_nps-biho-FINAL-VERSION_BIHO-unigrid_Side-1_X3_compressed-for-web-6_p01.png	mozjpeg	420	35	identity_off	33.530	59.777	1.8744	Mozjpeg	35.0
maps	nps_nps-biho-FINAL-VERSION_BIHO-unigrid_Side-1_X3_compressed-for-web-6_p01.png	mozjpeg	420	35	model_policy	32.884	54.544	4.2262	Mozjpeg	35.0
maps	nps_nps-biho-FINAL-VERSION_BIHO-unigrid_Side-1_X3_compressed-for-web-6_p01.png	mozjpeg	420	35	model_proj	35.124	61.470	1.8640	Mozjpeg	35.0
maps	nps_nps-biho-FINAL-VERSION_BIHO-unigrid_Side-1_X3_compressed-for-web-6_p01.png	mozjpeg	420	55	identity_off	35.139	70.643	1.3789	Mozjpeg	55.0
maps	nps_nps-biho-FINAL-VERSION_BIHO-unigrid_Side-1_X3_compressed-for-web-6_p01.png	mozjpeg	420	55	model_policy	34.252	62.989	4.0795	Mozjpeg	55.0
maps	nps_nps-biho-FINAL-VERSION_BIHO-unigrid_Side-1_X3_compressed-for-web-6_p01.png	mozjpeg	420	55	model_proj	36.706	72.099	1.3557	Mozjpeg	55.0
maps	nps_nps-biho-FINAL-VERSION_BIHO-unigrid_Side-1_X3_compressed-for-web-6_p01.png	mozjpeg	420	75	identity_off	37.534	78.536	1.0548	Mozjpeg	75.0
maps	nps_nps-biho-FINAL-VERSION_BIHO-unigrid_Side-1_X3_compressed-for-web-6_p01.png	mozjpeg	420	75	model_policy	36.070	67.829	4.1786	Mozjpeg	75.0
maps	nps_nps-biho-FINAL-VERSION_BIHO-unigrid_Side-1_X3_compressed-for-web-6_p01.png	mozjpeg	420	75	model_proj	39.331	80.418	0.9922	Mozjpeg	75.0
maps	nps_nps-biho-FINAL-VERSION_BIHO-unigrid_Side-1_X3_compressed-for-web-6_p01.png	mozjpeg	420	90	identity_off	40.925	85.991	0.7481	Mozjpeg	90.0
maps	nps_nps-biho-FINAL-VERSION_BIHO-unigrid_Side-1_X3_compressed-for-web-6_p01.png	mozjpeg	420	90	model_policy	38.214	71.853	4.1672	Mozjpeg	90.0
maps	nps_nps-biho-FINAL-VERSION_BIHO-unigrid_Side-1_X3_compressed-for-web-6_p01.png	mozjpeg	420	90	model_proj	42.440	87.438	0.7030	Mozjpeg	90.0
maps	nps_nps-biho-FINAL-VERSION_BIHO-unigrid_Side-1_X3_compressed-for-web-6_p01.png	mozjpeg	444	15	identity_off	30.475	28.967	5.2759	Mozjpeg	15.0
maps	nps_nps-biho-FINAL-VERSION_BIHO-unigrid_Side-1_X3_compressed-for-web-6_p01.png	mozjpeg	444	15	model_policy	30.070	24.814	5.9478	Mozjpeg	15.0
maps	nps_nps-biho-FINAL-VERSION_BIHO-unigrid_Side-1_X3_compressed-for-web-6_p01.png	mozjpeg	444	15	model_proj	31.865	30.228	5.2673	Mozjpeg	15.0
maps	nps_nps-biho-FINAL-VERSION_BIHO-unigrid_Side-1_X3_compressed-for-web-6_p01.png	mozjpeg	444	35	identity_off	33.829	61.476	1.8617	Mozjpeg	35.0
maps	nps_nps-biho-FINAL-VERSION_BIHO-unigrid_Side-1_X3_compressed-for-web-6_p01.png	mozjpeg	444	35	model_policy	33.153	55.418	4.2135	Mozjpeg	35.0
maps	nps_nps-biho-FINAL-VERSION_BIHO-unigrid_Side-1_X3_compressed-for-web-6_p01.png	mozjpeg	444	35	model_proj	35.489	63.123	1.8504	Mozjpeg	35.0
maps	nps_nps-biho-FINAL-VERSION_BIHO-unigrid_Side-1_X3_compressed-for-web-6_p01.png	mozjpeg	444	55	identity_off	35.524	72.083	1.3658	Mozjpeg	55.0
maps	nps_nps-biho-FINAL-VERSION_BIHO-unigrid_Side-1_X3_compressed-for-web-6_p01.png	mozjpeg	444	55	model_policy	34.618	63.771	4.0674	Mozjpeg	55.0
maps	nps_nps-biho-FINAL-VERSION_BIHO-unigrid_Side-1_X3_compressed-for-web-6_p01.png	mozjpeg	444	55	model_proj	37.118	73.477	1.3424	Mozjpeg	55.0
maps	nps_nps-biho-FINAL-VERSION_BIHO-unigrid_Side-1_X3_compressed-for-web-6_p01.png	mozjpeg	444	75	identity_off	38.128	79.715	1.0513	Mozjpeg	75.0
maps	nps_nps-biho-FINAL-VERSION_BIHO-unigrid_Side-1_X3_compressed-for-web-6_p01.png	mozjpeg	444	75	model_policy	36.565	68.629	4.1704	Mozjpeg	75.0
maps	nps_nps-biho-FINAL-VERSION_BIHO-unigrid_Side-1_X3_compressed-for-web-6_p01.png	mozjpeg	444	75	model_proj	40.065	81.601	0.9858	Mozjpeg	75.0
maps	nps_nps-biho-FINAL-VERSION_BIHO-unigrid_Side-1_X3_compressed-for-web-6_p01.png	mozjpeg	444	90	identity_off	42.351	86.707	0.7371	Mozjpeg	90.0
maps	nps_nps-biho-FINAL-VERSION_BIHO-unigrid_Side-1_X3_compressed-for-web-6_p01.png	mozjpeg	444	90	model_policy	39.078	72.110	4.1650	Mozjpeg	90.0
maps	nps_nps-biho-FINAL-VERSION_BIHO-unigrid_Side-1_X3_compressed-for-web-6_p01.png	mozjpeg	444	90	model_proj	43.867	88.037	0.7095	Mozjpeg	90.0
maps	nps_nps-biho-FINAL-VERSION_BIHO-unigrid_Side-1_X3_compressed-for-web-6_p01.png	jpegli	420	15	identity_off	32.489	51.149	2.4578	CjpegliYcbcr	14.2
maps	nps_nps-biho-FINAL-VERSION_BIHO-unigrid_Side-1_X3_compressed-for-web-6_p01.png	jpegli	420	15	model_policy	32.075	47.213	4.0615	CjpegliYcbcr	14.2
maps	nps_nps-biho-FINAL-VERSION_BIHO-unigrid_Side-1_X3_compressed-for-web-6_p01.png	jpegli	420	15	model_proj	34.680	54.002	2.3591	CjpegliYcbcr	14.2
maps	nps_nps-biho-FINAL-VERSION_BIHO-unigrid_Side-1_X3_compressed-for-web-6_p01.png	jpegli	420	35	identity_off	35.470	68.318	1.5492	CjpegliYcbcr	7.2
maps	nps_nps-biho-FINAL-VERSION_BIHO-unigrid_Side-1_X3_compressed-for-web-6_p01.png	jpegli	420	35	model_policy	34.593	61.707	4.0193	CjpegliYcbcr	7.2
maps	nps_nps-biho-FINAL-VERSION_BIHO-unigrid_Side-1_X3_compressed-for-web-6_p01.png	jpegli	420	35	model_proj	37.252	70.680	1.4581	CjpegliYcbcr	7.2
maps	nps_nps-biho-FINAL-VERSION_BIHO-unigrid_Side-1_X3_compressed-for-web-6_p01.png	jpegli	420	55	identity_off	36.953	74.045	1.3311	CjpegliYcbcr	5.2
maps	nps_nps-biho-FINAL-VERSION_BIHO-unigrid_Side-1_X3_compressed-for-web-6_p01.png	jpegli	420	55	model_policy	35.760	64.740	4.1737	CjpegliYcbcr	5.2
maps	nps_nps-biho-FINAL-VERSION_BIHO-unigrid_Side-1_X3_compressed-for-web-6_p01.png	jpegli	420	55	model_proj	38.432	75.791	1.2896	CjpegliYcbcr	5.2
maps	nps_nps-biho-FINAL-VERSION_BIHO-unigrid_Side-1_X3_compressed-for-web-6_p01.png	jpegli	420	75	identity_off	39.429	80.411	1.1549	CjpegliYcbcr	3.0
maps	nps_nps-biho-FINAL-VERSION_BIHO-unigrid_Side-1_X3_compressed-for-web-6_p01.png	jpegli	420	75	model_policy	37.430	68.706	4.1581	CjpegliYcbcr	3.0
maps	nps_nps-biho-FINAL-VERSION_BIHO-unigrid_Side-1_X3_compressed-for-web-6_p01.png	jpegli	420	75	model_proj	40.362	81.616	1.1430	CjpegliYcbcr	3.0
maps	nps_nps-biho-FINAL-VERSION_BIHO-unigrid_Side-1_X3_compressed-for-web-6_p01.png	jpegli	420	90	identity_off	42.337	87.601	0.6980	CjpegliYcbcr	1.3
maps	nps_nps-biho-FINAL-VERSION_BIHO-unigrid_Side-1_X3_compressed-for-web-6_p01.png	jpegli	420	90	model_policy	38.947	72.828	4.1644	CjpegliYcbcr	1.3
maps	nps_nps-biho-FINAL-VERSION_BIHO-unigrid_Side-1_X3_compressed-for-web-6_p01.png	jpegli	420	90	model_proj	43.138	88.395	0.5862	CjpegliYcbcr	1.3
maps	nps_nps-biho-FINAL-VERSION_BIHO-unigrid_Side-1_X3_compressed-for-web-6_p01.png	jpegli	444	15	identity_off	32.855	54.379	2.4675	CjpegliYcbcr	11.8
maps	nps_nps-biho-FINAL-VERSION_BIHO-unigrid_Side-1_X3_compressed-for-web-6_p01.png	jpegli	444	15	model_policy	32.340	49.277	5.2791	CjpegliYcbcr	11.8
maps	nps_nps-biho-FINAL-VERSION_BIHO-unigrid_Side-1_X3_compressed-for-web-6_p01.png	jpegli	444	15	model_proj	34.678	56.811	2.4312	CjpegliYcbcr	11.8
maps	nps_nps-biho-FINAL-VERSION_BIHO-unigrid_Side-1_X3_compressed-for-web-6_p01.png	jpegli	444	35	identity_off	35.922	70.740	2.2126	CjpegliYcbcr	6.0
maps	nps_nps-biho-FINAL-VERSION_BIHO-unigrid_Side-1_X3_compressed-for-web-6_p01.png	jpegli	444	35	model_policy	34.953	62.480	4.0342	CjpegliYcbcr	6.0
maps	nps_nps-biho-FINAL-VERSION_BIHO-unigrid_Side-1_X3_compressed-for-web-6_p01.png	jpegli	444	35	model_proj	37.457	72.680	2.2045	CjpegliYcbcr	6.0
maps	nps_nps-biho-FINAL-VERSION_BIHO-unigrid_Side-1_X3_compressed-for-web-6_p01.png	jpegli	444	55	identity_off	37.586	75.700	1.4147	CjpegliYcbcr	4.1
maps	nps_nps-biho-FINAL-VERSION_BIHO-unigrid_Side-1_X3_compressed-for-web-6_p01.png	jpegli	444	55	model_policy	36.253	65.739	4.1736	CjpegliYcbcr	4.1
maps	nps_nps-biho-FINAL-VERSION_BIHO-unigrid_Side-1_X3_compressed-for-web-6_p01.png	jpegli	444	55	model_proj	38.831	77.240	1.4004	CjpegliYcbcr	4.1
maps	nps_nps-biho-FINAL-VERSION_BIHO-unigrid_Side-1_X3_compressed-for-web-6_p01.png	jpegli	444	75	identity_off	40.029	82.374	1.1424	CjpegliYcbcr	2.3
maps	nps_nps-biho-FINAL-VERSION_BIHO-unigrid_Side-1_X3_compressed-for-web-6_p01.png	jpegli	444	75	model_policy	37.818	69.644	4.2016	CjpegliYcbcr	2.3
maps	nps_nps-biho-FINAL-VERSION_BIHO-unigrid_Side-1_X3_compressed-for-web-6_p01.png	jpegli	444	75	model_proj	40.701	83.130	1.1367	CjpegliYcbcr	2.3
maps	nps_nps-biho-FINAL-VERSION_BIHO-unigrid_Side-1_X3_compressed-for-web-6_p01.png	jpegli	444	90	identity_off	43.445	88.831	0.9107	CjpegliYcbcr	1.1
maps	nps_nps-biho-FINAL-VERSION_BIHO-unigrid_Side-1_X3_compressed-for-web-6_p01.png	jpegli	444	90	model_policy	39.565	72.078	4.1846	CjpegliYcbcr	1.1
maps	nps_nps-biho-FINAL-VERSION_BIHO-unigrid_Side-1_X3_compressed-for-web-6_p01.png	jpegli	444	90	model_proj	43.638	89.201	0.9090	CjpegliYcbcr	1.1
maps	nps_nps-biho-FINAL-VERSION_BIHO-unigrid_Side-1_X3_compressed-for-web-6_p01.png	zenjpeg	420	15	identity_off	33.200	53.078	3.2870	CjpegliYcbcr	14.2
maps	nps_nps-biho-FINAL-VERSION_BIHO-unigrid_Side-1_X3_compressed-for-web-6_p01.png	zenjpeg	420	15	model_policy	32.687	49.050	4.1911	CjpegliYcbcr	14.2
maps	nps_nps-biho-FINAL-VERSION_BIHO-unigrid_Side-1_X3_compressed-for-web-6_p01.png	zenjpeg	420	15	model_proj	34.498	54.379	3.2823	CjpegliYcbcr	14.2
maps	nps_nps-biho-FINAL-VERSION_BIHO-unigrid_Side-1_X3_compressed-for-web-6_p01.png	zenjpeg	420	35	identity_off	36.024	69.730	1.4745	CjpegliYcbcr	7.2
maps	nps_nps-biho-FINAL-VERSION_BIHO-unigrid_Side-1_X3_compressed-for-web-6_p01.png	zenjpeg	420	35	model_policy	35.025	62.006	3.9994	CjpegliYcbcr	7.2
maps	nps_nps-biho-FINAL-VERSION_BIHO-unigrid_Side-1_X3_compressed-for-web-6_p01.png	zenjpeg	420	35	model_proj	36.779	70.638	1.4765	CjpegliYcbcr	7.2
maps	nps_nps-biho-FINAL-VERSION_BIHO-unigrid_Side-1_X3_compressed-for-web-6_p01.png	zenjpeg	420	55	identity_off	37.469	75.063	1.2639	CjpegliYcbcr	5.2
maps	nps_nps-biho-FINAL-VERSION_BIHO-unigrid_Side-1_X3_compressed-for-web-6_p01.png	zenjpeg	420	55	model_policy	36.139	65.287	4.1482	CjpegliYcbcr	5.2
maps	nps_nps-biho-FINAL-VERSION_BIHO-unigrid_Side-1_X3_compressed-for-web-6_p01.png	zenjpeg	420	55	model_proj	38.273	75.904	1.2525	CjpegliYcbcr	5.2
maps	nps_nps-biho-FINAL-VERSION_BIHO-unigrid_Side-1_X3_compressed-for-web-6_p01.png	zenjpeg	420	75	identity_off	39.684	81.004	0.9847	CjpegliYcbcr	3.0
maps	nps_nps-biho-FINAL-VERSION_BIHO-unigrid_Side-1_X3_compressed-for-web-6_p01.png	zenjpeg	420	75	model_policy	37.546	69.496	4.1425	CjpegliYcbcr	3.0
maps	nps_nps-biho-FINAL-VERSION_BIHO-unigrid_Side-1_X3_compressed-for-web-6_p01.png	zenjpeg	420	75	model_proj	40.287	81.757	0.9735	CjpegliYcbcr	3.0
maps	nps_nps-biho-FINAL-VERSION_BIHO-unigrid_Side-1_X3_compressed-for-web-6_p01.png	zenjpeg	420	90	identity_off	42.432	87.973	0.7168	CjpegliYcbcr	1.3
maps	nps_nps-biho-FINAL-VERSION_BIHO-unigrid_Side-1_X3_compressed-for-web-6_p01.png	zenjpeg	420	90	model_policy	38.993	72.754	4.1716	CjpegliYcbcr	1.3
maps	nps_nps-biho-FINAL-VERSION_BIHO-unigrid_Side-1_X3_compressed-for-web-6_p01.png	zenjpeg	420	90	model_proj	43.043	88.291	0.6031	CjpegliYcbcr	1.3
maps	nps_nps-biho-FINAL-VERSION_BIHO-unigrid_Side-1_X3_compressed-for-web-6_p01.png	zenjpeg	444	15	identity_off	33.504	55.891	2.4203	CjpegliYcbcr	11.8
maps	nps_nps-biho-FINAL-VERSION_BIHO-unigrid_Side-1_X3_compressed-for-web-6_p01.png	zenjpeg	444	15	model_policy	32.870	49.750	5.2540	CjpegliYcbcr	11.8
maps	nps_nps-biho-FINAL-VERSION_BIHO-unigrid_Side-1_X3_compressed-for-web-6_p01.png	zenjpeg	444	15	model_proj	34.554	57.016	2.4237	CjpegliYcbcr	11.8
maps	nps_nps-biho-FINAL-VERSION_BIHO-unigrid_Side-1_X3_compressed-for-web-6_p01.png	zenjpeg	444	35	identity_off	36.398	72.044	3.0042	CjpegliYcbcr	6.0
maps	nps_nps-biho-FINAL-VERSION_BIHO-unigrid_Side-1_X3_compressed-for-web-6_p01.png	zenjpeg	444	35	model_policy	35.339	64.166	4.1383	CjpegliYcbcr	6.0
maps	nps_nps-biho-FINAL-VERSION_BIHO-unigrid_Side-1_X3_compressed-for-web-6_p01.png	zenjpeg	444	35	model_proj	37.240	72.971	3.0036	CjpegliYcbcr	6.0
maps	nps_nps-biho-FINAL-VERSION_BIHO-unigrid_Side-1_X3_compressed-for-web-6_p01.png	zenjpeg	444	55	identity_off	38.119	76.524	1.2494	CjpegliYcbcr	4.1
maps	nps_nps-biho-FINAL-VERSION_BIHO-unigrid_Side-1_X3_compressed-for-web-6_p01.png	zenjpeg	444	55	model_policy	36.540	66.075	4.1289	CjpegliYcbcr	4.1
maps	nps_nps-biho-FINAL-VERSION_BIHO-unigrid_Side-1_X3_compressed-for-web-6_p01.png	zenjpeg	444	55	model_proj	38.684	77.294	1.2413	CjpegliYcbcr	4.1
maps	nps_nps-biho-FINAL-VERSION_BIHO-unigrid_Side-1_X3_compressed-for-web-6_p01.png	zenjpeg	444	75	identity_off	40.266	82.417	1.1382	CjpegliYcbcr	2.3
maps	nps_nps-biho-FINAL-VERSION_BIHO-unigrid_Side-1_X3_compressed-for-web-6_p01.png	zenjpeg	444	75	model_policy	37.960	69.394	4.1952	CjpegliYcbcr	2.3
maps	nps_nps-biho-FINAL-VERSION_BIHO-unigrid_Side-1_X3_compressed-for-web-6_p01.png	zenjpeg	444	75	model_proj	40.668	82.952	1.1368	CjpegliYcbcr	2.3
maps	nps_nps-biho-FINAL-VERSION_BIHO-unigrid_Side-1_X3_compressed-for-web-6_p01.png	zenjpeg	444	90	identity_off	43.489	88.719	0.6955	CjpegliYcbcr	1.1
maps	nps_nps-biho-FINAL-VERSION_BIHO-unigrid_Side-1_X3_compressed-for-web-6_p01.png	zenjpeg	444	90	model_policy	39.581	72.767	4.1620	CjpegliYcbcr	1.1
maps	nps_nps-biho-FINAL-VERSION_BIHO-unigrid_Side-1_X3_compressed-for-web-6_p01.png	zenjpeg	444	90	model_proj	43.580	88.859	0.6956	CjpegliYcbcr	1.1
renders	a-chosen-soul-MOIGsaj8te0-unsplash.jpg	turbo	420	15	identity_off	33.295	23.545	2.1729	Unknown	15.0
renders	a-chosen-soul-MOIGsaj8te0-unsplash.jpg	turbo	420	15	model_policy	33.293	23.512	2.1715	Unknown	15.0
renders	a-chosen-soul-MOIGsaj8te0-unsplash.jpg	turbo	420	15	model_proj	33.444	25.628	2.1605	Unknown	15.0
renders	a-chosen-soul-MOIGsaj8te0-unsplash.jpg	turbo	420	35	identity_off	34.728	49.778	1.7083	ImageMagick	35.0
renders	a-chosen-soul-MOIGsaj8te0-unsplash.jpg	turbo	420	35	model_policy	34.725	49.690	1.7082	ImageMagick	35.0
renders	a-chosen-soul-MOIGsaj8te0-unsplash.jpg	turbo	420	35	model_proj	34.858	49.860	1.7032	ImageMagick	35.0
renders	a-chosen-soul-MOIGsaj8te0-unsplash.jpg	turbo	420	55	identity_off	35.477	55.678	1.4845	ImageMagick	55.0
renders	a-chosen-soul-MOIGsaj8te0-unsplash.jpg	turbo	420	55	model_policy	35.476	55.643	1.4844	ImageMagick	55.0
renders	a-chosen-soul-MOIGsaj8te0-unsplash.jpg	turbo	420	55	model_proj	35.652	55.426	1.4768	ImageMagick	55.0
renders	a-chosen-soul-MOIGsaj8te0-unsplash.jpg	turbo	420	75	identity_off	37.274	68.457	1.1766	ImageMagick	75.0
renders	a-chosen-soul-MOIGsaj8te0-unsplash.jpg	turbo	420	75	model_policy	37.269	68.416	1.1767	ImageMagick	75.0
renders	a-chosen-soul-MOIGsaj8te0-unsplash.jpg	turbo	420	75	model_proj	37.118	66.617	1.2254	ImageMagick	75.0
renders	a-chosen-soul-MOIGsaj8te0-unsplash.jpg	turbo	420	90	identity_off	52.711	92.977	0.1780	ImageMagick	90.0
renders	a-chosen-soul-MOIGsaj8te0-unsplash.jpg	turbo	420	90	model_policy	52.516	92.649	0.2256	ImageMagick	90.0
renders	a-chosen-soul-MOIGsaj8te0-unsplash.jpg	turbo	420	90	model_proj	42.391	79.281	0.7207	ImageMagick	90.0
renders	a-chosen-soul-MOIGsaj8te0-unsplash.jpg	turbo	444	15	identity_off	33.349	25.285	2.1676	Unknown	15.0
renders	a-chosen-soul-MOIGsaj8te0-unsplash.jpg	turbo	444	15	model_policy	33.347	25.247	2.1658	Unknown	15.0
renders	a-chosen-soul-MOIGsaj8te0-unsplash.jpg	turbo	444	15	model_proj	33.496	27.198	2.1550	Unknown	15.0
renders	a-chosen-soul-MOIGsaj8te0-unsplash.jpg	turbo	444	35	identity_off	34.797	51.242	1.7078	ImageMagick	35.0
renders	a-chosen-soul-MOIGsaj8te0-unsplash.jpg	turbo	444	35	model_policy	34.794	51.148	1.7078	ImageMagick	35.0
renders	a-chosen-soul-MOIGsaj8te0-unsplash.jpg	turbo	444	35	model_proj	34.921	51.226	1.7017	ImageMagick	35.0
renders	a-chosen-soul-MOIGsaj8te0-unsplash.jpg	turbo	444	55	identity_off	35.541	56.357	1.4833	ImageMagick	55.0
renders	a-chosen-soul-MOIGsaj8te0-unsplash.jpg	turbo	444	55	model_policy	35.541	56.349	1.4832	ImageMagick	55.0
renders	a-chosen-soul-MOIGsaj8te0-unsplash.jpg	turbo	444	55	model_proj	35.724	56.217	1.4731	ImageMagick	55.0
renders	a-chosen-soul-MOIGsaj8te0-unsplash.jpg	turbo	444	75	identity_off	37.331	68.999	1.1770	ImageMagick	75.0
renders	a-chosen-soul-MOIGsaj8te0-unsplash.jpg	turbo	444	75	model_policy	37.327	68.950	1.1771	ImageMagick	75.0
renders	a-chosen-soul-MOIGsaj8te0-unsplash.jpg	turbo	444	75	model_proj	37.179	67.248	1.2243	ImageMagick	75.0
renders	a-chosen-soul-MOIGsaj8te0-unsplash.jpg	turbo	444	90	identity_off	52.437	93.483	0.1775	ImageMagick	90.0
renders	a-chosen-soul-MOIGsaj8te0-unsplash.jpg	turbo	444	90	model_policy	52.259	93.139	0.2251	ImageMagick	90.0
renders	a-chosen-soul-MOIGsaj8te0-unsplash.jpg	turbo	444	90	model_proj	42.372	79.509	0.7219	ImageMagick	90.0
renders	a-chosen-soul-MOIGsaj8te0-unsplash.jpg	mozjpeg	420	15	identity_off	32.967	21.830	2.4037	Mozjpeg	15.0
renders	a-chosen-soul-MOIGsaj8te0-unsplash.jpg	mozjpeg	420	15	model_policy	32.965	21.812	2.4017	Mozjpeg	15.0
renders	a-chosen-soul-MOIGsaj8te0-unsplash.jpg	mozjpeg	420	15	model_proj	33.087	23.985	2.3922	Mozjpeg	15.0
renders	a-chosen-soul-MOIGsaj8te0-unsplash.jpg	mozjpeg	420	35	identity_off	34.263	44.719	1.8839	Mozjpeg	35.0
renders	a-chosen-soul-MOIGsaj8te0-unsplash.jpg	mozjpeg	420	35	model_policy	34.259	44.639	1.8839	Mozjpeg	35.0
renders	a-chosen-soul-MOIGsaj8te0-unsplash.jpg	mozjpeg	420	35	model_proj	34.346	44.917	1.8812	Mozjpeg	35.0
renders	a-chosen-soul-MOIGsaj8te0-unsplash.jpg	mozjpeg	420	55	identity_off	34.987	52.189	1.6458	Mozjpeg	55.0
renders	a-chosen-soul-MOIGsaj8te0-unsplash.jpg	mozjpeg	420	55	model_policy	34.986	52.172	1.6457	Mozjpeg	55.0
renders	a-chosen-soul-MOIGsaj8te0-unsplash.jpg	mozjpeg	420	55	model_proj	35.046	51.958	1.6491	Mozjpeg	55.0
renders	a-chosen-soul-MOIGsaj8te0-unsplash.jpg	mozjpeg	420	75	identity_off	36.467	65.696	1.3182	Mozjpeg	75.0
renders	a-chosen-soul-MOIGsaj8te0-unsplash.jpg	mozjpeg	420	75	model_policy	36.463	65.659	1.3182	Mozjpeg	75.0
renders	a-chosen-soul-MOIGsaj8te0-unsplash.jpg	mozjpeg	420	75	model_proj	36.390	63.819	1.3514	Mozjpeg	75.0
renders	a-chosen-soul-MOIGsaj8te0-unsplash.jpg	mozjpeg	420	90	identity_off	42.222	83.896	0.7065	Mozjpeg	90.0
renders	a-chosen-soul-MOIGsaj8te0-unsplash.jpg	mozjpeg	420	90	model_policy	42.210	83.810	0.7069	Mozjpeg	90.0
renders	a-chosen-soul-MOIGsaj8te0-unsplash.jpg	mozjpeg	420	90	model_proj	40.184	75.882	0.8873	Mozjpeg	90.0
renders	a-chosen-soul-MOIGsaj8te0-unsplash.jpg	mozjpeg	444	15	identity_off	33.040	23.490	2.3953	Mozjpeg	15.0
renders	a-chosen-soul-MOIGsaj8te0-unsplash.jpg	mozjpeg	444	15	model_policy	33.037	23.484	2.3925	Mozjpeg	15.0
renders	a-chosen-soul-MOIGsaj8te0-unsplash.jpg	mozjpeg	444	15	model_proj	33.164	25.662	2.3841	Mozjpeg	15.0
renders	a-chosen-soul-MOIGsaj8te0-unsplash.jpg	mozjpeg	444	35	identity_off	34.315	45.935	1.8842	Mozjpeg	35.0
renders	a-chosen-soul-MOIGsaj8te0-unsplash.jpg	mozjpeg	444	35	model_policy	34.312	45.856	1.8842	Mozjpeg	35.0
renders	a-chosen-soul-MOIGsaj8te0-unsplash.jpg	mozjpeg	444	35	model_proj	34.391	46.146	1.8805	Mozjpeg	35.0
renders	a-chosen-soul-MOIGsaj8te0-unsplash.jpg	mozjpeg	444	55	identity_off	35.031	52.656	1.6488	Mozjpeg	55.0
renders	a-chosen-soul-MOIGsaj8te0-unsplash.jpg	mozjpeg	444	55	model_policy	35.030	52.640	1.6488	Mozjpeg	55.0
renders	a-chosen-soul-MOIGsaj8te0-unsplash.jpg	mozjpeg	444	55	model_proj	35.089	52.440	1.6519	Mozjpeg	55.0
renders	a-chosen-soul-MOIGsaj8te0-unsplash.jpg	mozjpeg	444	75	identity_off	36.505	66.534	1.3161	Mozjpeg	75.0
renders	a-chosen-soul-MOIGsaj8te0-unsplash.jpg	mozjpeg	444	75	model_policy	36.501	66.494	1.3161	Mozjpeg	75.0
renders	a-chosen-soul-MOIGsaj8te0-unsplash.jpg	mozjpeg	444	75	model_proj	36.433	64.644	1.3474	Mozjpeg	75.0
renders	a-chosen-soul-MOIGsaj8te0-unsplash.jpg	mozjpeg	444	90	identity_off	42.239	84.217	0.7063	Mozjpeg	90.0
renders	a-chosen-soul-MOIGsaj8te0-unsplash.jpg	mozjpeg	444	90	model_policy	42.226	84.095	0.7067	Mozjpeg	90.0
renders	a-chosen-soul-MOIGsaj8te0-unsplash.jpg	mozjpeg	444	90	model_proj	40.195	76.218	0.8866	Mozjpeg	90.0
renders	a-chosen-soul-MOIGsaj8te0-unsplash.jpg	jpegli	420	15	identity_off	33.624	32.442	2.1610	CjpegliYcbcr	14.2
renders	a-chosen-soul-MOIGsaj8te0-unsplash.jpg	jpegli	420	15	model_policy	33.622	32.438	2.1591	CjpegliYcbcr	14.2
renders	a-chosen-soul-MOIGsaj8te0-unsplash.jpg	jpegli	420	15	model_proj	33.736	33.556	2.1558	CjpegliYcbcr	14.2
renders	a-chosen-soul-MOIGsaj8te0-unsplash.jpg	jpegli	420	35	identity_off	34.323	47.238	1.9027	CjpegliYcbcr	7.2
renders	a-chosen-soul-MOIGsaj8te0-unsplash.jpg	jpegli	420	35	model_policy	34.321	47.224	1.9026	CjpegliYcbcr	7.2
renders	a-chosen-soul-MOIGsaj8te0-unsplash.jpg	jpegli	420	35	model_proj	34.394	47.260	1.9026	CjpegliYcbcr	7.2
renders	a-chosen-soul-MOIGsaj8te0-unsplash.jpg	jpegli	420	55	identity_off	34.993	51.341	1.6862	CjpegliYcbcr	5.2
renders	a-chosen-soul-MOIGsaj8te0-unsplash.jpg	jpegli	420	55	model_policy	34.990	51.278	1.6863	CjpegliYcbcr	5.2
renders	a-chosen-soul-MOIGsaj8te0-unsplash.jpg	jpegli	420	55	model_proj	34.993	50.616	1.7091	CjpegliYcbcr	5.2
renders	a-chosen-soul-MOIGsaj8te0-unsplash.jpg	jpegli	420	75	identity_off	37.216	66.303	1.2400	CjpegliYcbcr	3.0
renders	a-chosen-soul-MOIGsaj8te0-unsplash.jpg	jpegli	420	75	model_policy	37.212	66.258	1.2400	CjpegliYcbcr	3.0
renders	a-chosen-soul-MOIGsaj8te0-unsplash.jpg	jpegli	420	75	model_proj	36.805	62.936	1.3325	CjpegliYcbcr	3.0
renders	a-chosen-soul-MOIGsaj8te0-unsplash.jpg	jpegli	420	90	identity_off	46.162	85.319	0.4231	CjpegliYcbcr	1.3
renders	a-chosen-soul-MOIGsaj8te0-unsplash.jpg	jpegli	420	90	model_policy	46.127	85.233	0.4244	CjpegliYcbcr	1.3
renders	a-chosen-soul-MOIGsaj8te0-unsplash.jpg	jpegli	420	90	model_proj	42.221	78.117	0.7107	CjpegliYcbcr	1.3
renders	a-chosen-soul-MOIGsaj8te0-unsplash.jpg	jpegli	444	15	identity_off	33.531	33.667	2.1346	CjpegliYcbcr	11.8
renders	a-chosen-soul-MOIGsaj8te0-unsplash.jpg	jpegli	444	15	model_policy	33.528	33.653	2.1281	CjpegliYcbcr	11.8
renders	a-chosen-soul-MOIGsaj8te0-unsplash.jpg	jpegli	444	15	model_proj	33.628	34.331	2.1320	CjpegliYcbcr	11.8
renders	a-chosen-soul-MOIGsaj8te0-unsplash.jpg	jpegli	444	35	identity_off	34.586	50.656	1.7830	CjpegliYcbcr	6.0
renders	a-chosen-soul-MOIGsaj8te0-unsplash.jpg	jpegli	444	35	model_policy	34.584	50.619	1.7828	CjpegliYcbcr	6.0
renders	a-chosen-soul-MOIGsaj8te0-unsplash.jpg	jpegli	444	35	model_proj	34.671	50.640	1.7906	CjpegliYcbcr	6.0
renders	a-chosen-soul-MOIGsaj8te0-unsplash.jpg	jpegli	444	55	identity_off	35.558	58.252	1.5342	CjpegliYcbcr	4.1
renders	a-chosen-soul-MOIGsaj8te0-unsplash.jpg	jpegli	444	55	model_policy	35.554	58.192	1.5342	CjpegliYcbcr	4.1
renders	a-chosen-soul-MOIGsaj8te0-unsplash.jpg	jpegli	444	55	model_proj	35.486	57.070	1.5721	CjpegliYcbcr	4.1
renders	a-chosen-soul-MOIGsaj8te0-unsplash.jpg	jpegli	444	75	identity_off	38.551	70.375	1.0342	CjpegliYcbcr	2.3
renders	a-chosen-soul-MOIGsaj8te0-unsplash.jpg	jpegli	444	75	model_policy	38.546	70.316	1.0343	CjpegliYcbcr	2.3
renders	a-chosen-soul-MOIGsaj8te0-unsplash.jpg	jpegli	444	75	model_proj	37.647	65.210	1.1891	CjpegliYcbcr	2.3
renders	a-chosen-soul-MOIGsaj8te0-unsplash.jpg	jpegli	444	90	identity_off	47.259	87.452	0.3627	CjpegliYcbcr	1.1
renders	a-chosen-soul-MOIGsaj8te0-unsplash.jpg	jpegli	444	90	model_policy	47.214	87.346	0.3648	CjpegliYcbcr	1.1
renders	a-chosen-soul-MOIGsaj8te0-unsplash.jpg	jpegli	444	90	model_proj	43.548	81.756	0.5916	CjpegliYcbcr	1.1
renders	a-chosen-soul-MOIGsaj8te0-unsplash.jpg	zenjpeg	420	15	identity_off	33.604	34.222	2.1655	CjpegliYcbcr	14.2
renders	a-chosen-soul-MOIGsaj8te0-unsplash.jpg	zenjpeg	420	15	model_policy	33.602	34.230	2.1635	CjpegliYcbcr	14.2
renders	a-chosen-soul-MOIGsaj8te0-unsplash.jpg	zenjpeg	420	15	model_proj	33.713	35.354	2.1606	CjpegliYcbcr	14.2
renders	a-chosen-soul-MOIGsaj8te0-unsplash.jpg	zenjpeg	420	35	identity_off	34.306	47.140	1.8982	CjpegliYcbcr	7.2
renders	a-chosen-soul-MOIGsaj8te0-unsplash.jpg	zenjpeg	420	35	model_policy	34.305	47.126	1.8981	CjpegliYcbcr	7.2
renders	a-chosen-soul-MOIGsaj8te0-unsplash.jpg	zenjpeg	420	35	model_proj	34.377	47.155	1.8983	CjpegliYcbcr	7.2
renders	a-chosen-soul-MOIGsaj8te0-unsplash.jpg	zenjpeg	420	55	identity_off	35.001	51.384	1.6885	CjpegliYcbcr	5.2
renders	a-chosen-soul-MOIGsaj8te0-unsplash.jpg	zenjpeg	420	55	model_policy	34.998	51.334	1.6886	CjpegliYcbcr	5.2
renders	a-chosen-soul-MOIGsaj8te0-unsplash.jpg	zenjpeg	420	55	model_proj	35.002	50.703	1.7123	CjpegliYcbcr	5.2
renders	a-chosen-soul-MOIGsaj8te0-unsplash.jpg	zenjpeg	420	75	identity_off	37.232	66.755	1.2406	CjpegliYcbcr	3.0
renders	a-chosen-soul-MOIGsaj8te0-unsplash.jpg	zenjpeg	420	75	model_policy	37.228	66.708	1.2407	CjpegliYcbcr	3.0
renders	a-chosen-soul-MOIGsaj8te0-unsplash.jpg	zenjpeg	420	75	model_proj	36.820	63.366	1.3341	CjpegliYcbcr	3.0
renders	a-chosen-soul-MOIGsaj8te0-unsplash.jpg	zenjpeg	420	90	identity_off	46.190	85.572	0.4242	CjpegliYcbcr	1.3
renders	a-chosen-soul-MOIGsaj8te0-unsplash.jpg	zenjpeg	420	90	model_policy	46.155	85.498	0.4255	CjpegliYcbcr	1.3
renders	a-chosen-soul-MOIGsaj8te0-unsplash.jpg	zenjpeg	420	90	model_proj	42.225	78.062	0.7126	CjpegliYcbcr	1.3
renders	a-chosen-soul-MOIGsaj8te0-unsplash.jpg	zenjpeg	444	15	identity_off	33.518	32.740	2.1418	CjpegliYcbcr	11.8
renders	a-chosen-soul-MOIGsaj8te0-unsplash.jpg	zenjpeg	444	15	model_policy	33.515	32.723	2.1351	CjpegliYcbcr	11.8
renders	a-chosen-soul-MOIGsaj8te0-unsplash.jpg	zenjpeg	444	15	model_proj	33.616	33.365	2.1389	CjpegliYcbcr	11.8
renders	a-chosen-soul-MOIGsaj8te0-unsplash.jpg	zenjpeg	444	35	identity_off	34.574	50.809	1.7865	CjpegliYcbcr	6.0
renders	a-chosen-soul-MOIGsaj8te0-unsplash.jpg	zenjpeg	444	35	model_policy	34.571	50.776	1.7864	CjpegliYcbcr	6.0
renders	a-chosen-soul-MOIGsaj8te0-unsplash.jpg	zenjpeg	444	35	model_proj	34.653	50.873	1.7942	CjpegliYcbcr	6.0
renders	a-chosen-soul-MOIGsaj8te0-unsplash.jpg	zenjpeg	444	55	identity_off	35.545	58.033	1.5414	CjpegliYcbcr	4.1
renders	a-chosen-soul-MOIGsaj8te0-unsplash.jpg	zenjpeg	444	55	model_policy	35.542	57.968	1.5414	CjpegliYcbcr	4.1
renders	a-chosen-soul-MOIGsaj8te0-unsplash.jpg	zenjpeg	444	55	model_proj	35.472	56.854	1.5798	CjpegliYcbcr	4.1
renders	a-chosen-soul-MOIGsaj8te0-unsplash.jpg	zenjpeg	444	75	identity_off	38.525	69.521	1.0408	CjpegliYcbcr	2.3
renders	a-chosen-soul-MOIGsaj8te0-unsplash.jpg	zenjpeg	444	75	model_policy	38.520	69.460	1.0410	CjpegliYcbcr	2.3
renders	a-chosen-soul-MOIGsaj8te0-unsplash.jpg	zenjpeg	444	75	model_proj	37.639	64.743	1.1951	CjpegliYcbcr	2.3
renders	a-chosen-soul-MOIGsaj8te0-unsplash.jpg	zenjpeg	444	90	identity_off	47.305	87.930	0.3631	CjpegliYcbcr	1.1
renders	a-chosen-soul-MOIGsaj8te0-unsplash.jpg	zenjpeg	444	90	model_policy	47.258	87.813	0.3655	CjpegliYcbcr	1.1
renders	a-chosen-soul-MOIGsaj8te0-unsplash.jpg	zenjpeg	444	90	model_proj	43.544	81.844	0.5963	CjpegliYcbcr	1.1
renders	anton-sobotyak-g7aYFxxNTVA-unsplash.jpg	turbo	420	15	identity_off	40.393	42.288	1.6844	Unknown	15.0
renders	anton-sobotyak-g7aYFxxNTVA-unsplash.jpg	turbo	420	15	model_policy	40.379	42.212	1.6850	Unknown	15.0
renders	anton-sobotyak-g7aYFxxNTVA-unsplash.jpg	turbo	420	15	model_proj	40.462	44.540	1.6542	Unknown	15.0
renders	anton-sobotyak-g7aYFxxNTVA-unsplash.jpg	turbo	420	35	identity_off	47.122	68.156	0.9185	ImageMagick	35.0
renders	anton-sobotyak-g7aYFxxNTVA-unsplash.jpg	turbo	420	35	model_policy	47.077	68.056	0.9189	ImageMagick	35.0
renders	anton-sobotyak-g7aYFxxNTVA-unsplash.jpg	turbo	420	35	model_proj	47.378	69.430	0.9063	ImageMagick	35.0
renders	anton-sobotyak-g7aYFxxNTVA-unsplash.jpg	turbo	420	55	identity_off	47.231	77.196	0.6936	ImageMagick	55.0
renders	anton-sobotyak-g7aYFxxNTVA-unsplash.jpg	turbo	420	55	model_policy	47.195	77.076	0.6944	ImageMagick	55.0
renders	anton-sobotyak-g7aYFxxNTVA-unsplash.jpg	turbo	420	55	model_proj	46.660	78.831	0.6924	ImageMagick	55.0
renders	anton-sobotyak-g7aYFxxNTVA-unsplash.jpg	turbo	420	75	identity_off	53.403	87.381	0.4995	ImageMagick	75.0
renders	anton-sobotyak-g7aYFxxNTVA-unsplash.jpg	turbo	420	75	model_policy	53.237	87.217	0.5012	ImageMagick	75.0
renders	anton-sobotyak-g7aYFxxNTVA-unsplash.jpg	turbo	420	75	model_proj	53.114	87.851	0.4891	ImageMagick	75.0
renders	anton-sobotyak-g7aYFxxNTVA-unsplash.jpg	turbo	420	90	identity_off	59.160	94.092	0.2097	ImageMagick	90.0
renders	anton-sobotyak-g7aYFxxNTVA-unsplash.jpg	turbo	420	90	model_policy	58.567	93.074	0.2699	ImageMagick	90.0
renders	anton-sobotyak-g7aYFxxNTVA-unsplash.jpg	turbo	420	90	model_proj	58.114	93.875	0.2211	ImageMagick	90.0
renders	anton-sobotyak-g7aYFxxNTVA-unsplash.jpg	turbo	444	15	identity_off	40.411	41.542	1.6765	Unknown	15.0
renders	anton-sobotyak-g7aYFxxNTVA-unsplash.jpg	turbo	444	15	model_policy	40.398	41.469	1.6771	Unknown	15.0
renders	anton-sobotyak-g7aYFxxNTVA-unsplash.jpg	turbo	444	15	model_proj	40.486	43.859	1.6467	Unknown	15.0
renders	anton-sobotyak-g7aYFxxNTVA-unsplash.jpg	turbo	444	35	identity_off	47.382	69.319	0.9172	ImageMagick	35.0
renders	anton-sobotyak-g7aYFxxNTVA-unsplash.jpg	turbo	444	35	model_policy	47.331	69.210	0.9176	ImageMagick	35.0
renders	anton-sobotyak-g7aYFxxNTVA-unsplash.jpg	turbo	444	35	model_proj	47.608	70.510	0.9122	ImageMagick	35.0
renders	anton-sobotyak-g7aYFxxNTVA-unsplash.jpg	turbo	444	55	identity_off	47.113	77.908	0.6876	ImageMagick	55.0
renders	anton-sobotyak-g7aYFxxNTVA-unsplash.jpg	turbo	444	55	model_policy	47.079	77.789	0.6884	ImageMagick	55.0
renders	anton-sobotyak-g7aYFxxNTVA-unsplash.jpg	turbo	444	55	model_proj	46.531	79.225	0.6945	ImageMagick	55.0
renders	anton-sobotyak-g7aYFxxNTVA-unsplash.jpg	turbo	444	75	identity_off	54.866	88.695	0.4842	ImageMagick	75.0
renders	anton-sobotyak-g7aYFxxNTVA-unsplash.jpg	turbo	444	75	model_policy	54.636	88.515	0.4860	ImageMagick	75.0
renders	anton-sobotyak-g7aYFxxNTVA-unsplash.jpg	turbo	444	75	model_proj	54.358	89.129	0.4758	ImageMagick	75.0
renders	anton-sobotyak-g7aYFxxNTVA-unsplash.jpg	turbo	444	90	identity_off	62.251	96.379	0.1801	ImageMagick	90.0
renders	anton-sobotyak-g7aYFxxNTVA-unsplash.jpg	turbo	444	90	model_policy	61.117	94.856	0.2642	ImageMagick	90.0
renders	anton-sobotyak-g7aYFxxNTVA-unsplash.jpg	turbo	444	90	model_proj	59.978	95.297	0.2019	ImageMagick	90.0
renders	anton-sobotyak-g7aYFxxNTVA-unsplash.jpg	mozjpeg	420	15	identity_off	40.294	39.227	1.6810	Mozjpeg	15.0
renders	anton-sobotyak-g7aYFxxNTVA-unsplash.jpg	mozjpeg	420	15	model_policy	40.281	39.155	1.6816	Mozjpeg	15.0
renders	anton-sobotyak-g7aYFxxNTVA-unsplash.jpg	mozjpeg	420	15	model_proj	40.375	41.414	1.6484	Mozjpeg	15.0
renders	anton-sobotyak-g7aYFxxNTVA-unsplash.jpg	mozjpeg	420	35	identity_off	46.890	67.561	0.9554	Mozjpeg	35.0
renders	anton-sobotyak-g7aYFxxNTVA-unsplash.jpg	mozjpeg	420	35	model_policy	46.844	67.458	0.9559	Mozjpeg	35.0
renders	anton-sobotyak-g7aYFxxNTVA-unsplash.jpg	mozjpeg	420	35	model_proj	47.142	68.859	0.9291	Mozjpeg	35.0
renders	anton-sobotyak-g7aYFxxNTVA-unsplash.jpg	mozjpeg	420	55	identity_off	47.066	76.426	0.7263	Mozjpeg	55.0
renders	anton-sobotyak-g7aYFxxNTVA-unsplash.jpg	mozjpeg	420	55	model_policy	47.032	76.310	0.7270	Mozjpeg	55.0
renders	anton-sobotyak-g7aYFxxNTVA-unsplash.jpg	mozjpeg	420	55	model_proj	46.531	77.920	0.7249	Mozjpeg	55.0
renders	anton-sobotyak-g7aYFxxNTVA-unsplash.jpg	mozjpeg	420	75	identity_off	53.345	85.960	0.4997	Mozjpeg	75.0
renders	anton-sobotyak-g7aYFxxNTVA-unsplash.jpg	mozjpeg	420	75	model_policy	53.180	85.808	0.5013	Mozjpeg	75.0
renders	anton-sobotyak-g7aYFxxNTVA-unsplash.jpg	mozjpeg	420	75	model_proj	53.211	86.366	0.4910	Mozjpeg	75.0
renders	anton-sobotyak-g7aYFxxNTVA-unsplash.jpg	mozjpeg	420	90	identity_off	58.635	94.408	0.2460	Mozjpeg	90.0
renders	anton-sobotyak-g7aYFxxNTVA-unsplash.jpg	mozjpeg	420	90	model_policy	58.099	93.504	0.2859	Mozjpeg	90.0
renders	anton-sobotyak-g7aYFxxNTVA-unsplash.jpg	mozjpeg	420	90	model_proj	57.704	94.052	0.2547	Mozjpeg	90.0
renders	anton-sobotyak-g7aYFxxNTVA-unsplash.jpg	mozjpeg	444	15	identity_off	40.307	40.261	1.6877	Mozjpeg	15.0
renders	anton-sobotyak-g7aYFxxNTVA-unsplash.jpg	mozjpeg	444	15	model_policy	40.294	40.187	1.6883	Mozjpeg	15.0
renders	anton-sobotyak-g7aYFxxNTVA-unsplash.jpg	mozjpeg	444	15	model_proj	40.386	42.411	1.6557	Mozjpeg	15.0
renders	anton-sobotyak-g7aYFxxNTVA-unsplash.jpg	mozjpeg	444	35	identity_off	47.203	68.373	0.9522	Mozjpeg	35.0
renders	anton-sobotyak-g7aYFxxNTVA-unsplash.jpg	mozjpeg	444	35	model_policy	47.154	68.266	0.9526	Mozjpeg	35.0
renders	anton-sobotyak-g7aYFxxNTVA-unsplash.jpg	mozjpeg	444	35	model_proj	47.441	69.540	0.9357	Mozjpeg	35.0
renders	anton-sobotyak-g7aYFxxNTVA-unsplash.jpg	mozjpeg	444	55	identity_off	47.058	77.137	0.7237	Mozjpeg	55.0
renders	anton-sobotyak-g7aYFxxNTVA-unsplash.jpg	mozjpeg	444	55	model_policy	47.024	77.023	0.7244	Mozjpeg	55.0
renders	anton-sobotyak-g7aYFxxNTVA-unsplash.jpg	mozjpeg	444	55	model_proj	46.491	78.597	0.7252	Mozjpeg	55.0
renders	anton-sobotyak-g7aYFxxNTVA-unsplash.jpg	mozjpeg	444	75	identity_off	54.766	87.764	0.4883	Mozjpeg	75.0
renders	anton-sobotyak-g7aYFxxNTVA-unsplash.jpg	mozjpeg	444	75	model_policy	54.541	87.602	0.4901	Mozjpeg	75.0
renders	anton-sobotyak-g7aYFxxNTVA-unsplash.jpg	mozjpeg	444	75	model_proj	54.565	87.981	0.4851	Mozjpeg	75.0
renders	anton-sobotyak-g7aYFxxNTVA-unsplash.jpg	mozjpeg	444	90	identity_off	60.662	95.746	0.2317	Mozjpeg	90.0
renders	anton-sobotyak-g7aYFxxNTVA-unsplash.jpg	mozjpeg	444	90	model_policy	59.844	94.592	0.2807	Mozjpeg	90.0
renders	anton-sobotyak-g7aYFxxNTVA-unsplash.jpg	mozjpeg	444	90	model_proj	59.047	94.812	0.2455	Mozjpeg	90.0
renders	anton-sobotyak-g7aYFxxNTVA-unsplash.jpg	jpegli	420	15	identity_off	44.565	59.562	1.1471	CjpegliYcbcr	14.2
renders	anton-sobotyak-g7aYFxxNTVA-unsplash.jpg	jpegli	420	15	model_policy	44.542	59.494	1.1473	CjpegliYcbcr	14.2
renders	anton-sobotyak-g7aYFxxNTVA-unsplash.jpg	jpegli	420	15	model_proj	44.923	61.108	1.1431	CjpegliYcbcr	14.2
renders	anton-sobotyak-g7aYFxxNTVA-unsplash.jpg	jpegli	420	35	identity_off	48.157	75.907	0.7252	CjpegliYcbcr	7.2
renders	anton-sobotyak-g7aYFxxNTVA-unsplash.jpg	jpegli	420	35	model_policy	48.119	75.827	0.7258	CjpegliYcbcr	7.2
renders	anton-sobotyak-g7aYFxxNTVA-unsplash.jpg	jpegli	420	35	model_proj	48.220	77.006	0.7051	CjpegliYcbcr	7.2
renders	anton-sobotyak-g7aYFxxNTVA-unsplash.jpg	jpegli	420	55	identity_off	49.591	78.420	0.6635	CjpegliYcbcr	5.2
renders	anton-sobotyak-g7aYFxxNTVA-unsplash.jpg	jpegli	420	55	model_policy	49.519	78.296	0.6644	CjpegliYcbcr	5.2
renders	anton-sobotyak-g7aYFxxNTVA-unsplash.jpg	jpegli	420	55	model_proj	50.061	79.043	0.6290	CjpegliYcbcr	5.2
renders	anton-sobotyak-g7aYFxxNTVA-unsplash.jpg	jpegli	420	75	identity_off	51.094	85.180	0.5205	CjpegliYcbcr	3.0
renders	anton-sobotyak-g7aYFxxNTVA-unsplash.jpg	jpegli	420	75	model_policy	51.007	85.041	0.5220	CjpegliYcbcr	3.0
renders	anton-sobotyak-g7aYFxxNTVA-unsplash.jpg	jpegli	420	75	model_proj	51.235	85.866	0.4945	CjpegliYcbcr	3.0
renders	anton-sobotyak-g7aYFxxNTVA-unsplash.jpg	jpegli	420	90	identity_off	55.832	91.108	0.3486	CjpegliYcbcr	1.3
renders	anton-sobotyak-g7aYFxxNTVA-unsplash.jpg	jpegli	420	90	model_policy	55.549	90.773	0.3560	CjpegliYcbcr	1.3
renders	anton-sobotyak-g7aYFxxNTVA-unsplash.jpg	jpegli	420	90	model_proj	55.671	91.817	0.3451	CjpegliYcbcr	1.3
renders	anton-sobotyak-g7aYFxxNTVA-unsplash.jpg	jpegli	444	15	identity_off	43.177	66.663	1.1818	CjpegliYcbcr	11.8
renders	anton-sobotyak-g7aYFxxNTVA-unsplash.jpg	jpegli	444	15	model_policy	43.161	66.593	1.1820	CjpegliYcbcr	11.8
renders	anton-sobotyak-g7aYFxxNTVA-unsplash.jpg	jpegli	444	15	model_proj	43.224	67.513	1.1765	CjpegliYcbcr	11.8
renders	anton-sobotyak-g7aYFxxNTVA-unsplash.jpg	jpegli	444	35	identity_off	45.965	75.440	0.8725	CjpegliYcbcr	6.0
renders	anton-sobotyak-g7aYFxxNTVA-unsplash.jpg	jpegli	444	35	model_policy	45.931	75.342	0.8728	CjpegliYcbcr	6.0
renders	anton-sobotyak-g7aYFxxNTVA-unsplash.jpg	jpegli	444	35	model_proj	46.474	76.651	0.8716	CjpegliYcbcr	6.0
renders	anton-sobotyak-g7aYFxxNTVA-unsplash.jpg	jpegli	444	55	identity_off	49.366	81.751	0.5983	CjpegliYcbcr	4.1
renders	anton-sobotyak-g7aYFxxNTVA-unsplash.jpg	jpegli	444	55	model_policy	49.290	81.619	0.5993	CjpegliYcbcr	4.1
renders	anton-sobotyak-g7aYFxxNTVA-unsplash.jpg	jpegli	444	55	model_proj	49.652	82.262	0.6002	CjpegliYcbcr	4.1
renders	anton-sobotyak-g7aYFxxNTVA-unsplash.jpg	jpegli	444	75	identity_off	50.018	86.243	0.5456	CjpegliYcbcr	2.3
renders	anton-sobotyak-g7aYFxxNTVA-unsplash.jpg	jpegli	444	75	model_policy	49.955	86.108	0.5468	CjpegliYcbcr	2.3
renders	anton-sobotyak-g7aYFxxNTVA-unsplash.jpg	jpegli	444	75	model_proj	50.592	86.821	0.4939	CjpegliYcbcr	2.3
renders	anton-sobotyak-g7aYFxxNTVA-unsplash.jpg	jpegli	444	90	identity_off	56.889	91.460	0.3341	CjpegliYcbcr	1.1
renders	anton-sobotyak-g7aYFxxNTVA-unsplash.jpg	jpegli	444	90	model_policy	56.527	91.035	0.3431	CjpegliYcbcr	1.1
renders	anton-sobotyak-g7aYFxxNTVA-unsplash.jpg	jpegli	444	90	model_proj	57.162	92.264	0.3107	CjpegliYcbcr	1.1
renders	anton-sobotyak-g7aYFxxNTVA-unsplash.jpg	zenjpeg	420	15	identity_off	44.614	59.160	1.1508	CjpegliYcbcr	14.2
renders	anton-sobotyak-g7aYFxxNTVA-unsplash.jpg	zenjpeg	420	15	model_policy	44.590	59.095	1.1511	CjpegliYcbcr	14.2
renders	anton-sobotyak-g7aYFxxNTVA-unsplash.jpg	zenjpeg	420	15	model_proj	44.939	60.706	1.1459	CjpegliYcbcr	14.2
renders	anton-sobotyak-g7aYFxxNTVA-unsplash.jpg	zenjpeg	420	35	identity_off	47.111	75.654	0.7601	CjpegliYcbcr	7.2
renders	anton-sobotyak-g7aYFxxNTVA-unsplash.jpg	zenjpeg	420	35	model_policy	47.076	75.548	0.7608	CjpegliYcbcr	7.2
renders	anton-sobotyak-g7aYFxxNTVA-unsplash.jpg	zenjpeg	420	35	model_proj	46.482	77.063	0.7548	CjpegliYcbcr	7.2
renders	anton-sobotyak-g7aYFxxNTVA-unsplash.jpg	zenjpeg	420	55	identity_off	49.604	77.727	0.6976	CjpegliYcbcr	5.2
renders	anton-sobotyak-g7aYFxxNTVA-unsplash.jpg	zenjpeg	420	55	model_policy	49.531	77.601	0.6984	CjpegliYcbcr	5.2
renders	anton-sobotyak-g7aYFxxNTVA-unsplash.jpg	zenjpeg	420	55	model_proj	50.118	78.395	0.6552	CjpegliYcbcr	5.2
renders	anton-sobotyak-g7aYFxxNTVA-unsplash.jpg	zenjpeg	420	75	identity_off	53.189	85.667	0.5240	CjpegliYcbcr	3.0
renders	anton-sobotyak-g7aYFxxNTVA-unsplash.jpg	zenjpeg	420	75	model_policy	53.036	85.517	0.5254	CjpegliYcbcr	3.0
renders	anton-sobotyak-g7aYFxxNTVA-unsplash.jpg	zenjpeg	420	75	model_proj	53.322	86.122	0.5029	CjpegliYcbcr	3.0
renders	anton-sobotyak-g7aYFxxNTVA-unsplash.jpg	zenjpeg	420	90	identity_off	56.520	91.939	0.3275	CjpegliYcbcr	1.3
renders	anton-sobotyak-g7aYFxxNTVA-unsplash.jpg	zenjpeg	420	90	model_policy	56.187	91.549	0.3374	CjpegliYcbcr	1.3
renders	anton-sobotyak-g7aYFxxNTVA-unsplash.jpg	zenjpeg	420	90	model_proj	56.249	92.297	0.3264	CjpegliYcbcr	1.3
renders	anton-sobotyak-g7aYFxxNTVA-unsplash.jpg	zenjpeg	444	15	identity_off	43.270	66.933	1.2137	CjpegliYcbcr	11.8
renders	anton-sobotyak-g7aYFxxNTVA-unsplash.jpg	zenjpeg	444	15	model_policy	43.253	66.859	1.2139	CjpegliYcbcr	11.8
renders	anton-sobotyak-g7aYFxxNTVA-unsplash.jpg	zenjpeg	444	15	model_proj	43.316	67.625	1.2096	CjpegliYcbcr	11.8
renders	anton-sobotyak-g7aYFxxNTVA-unsplash.jpg	zenjpeg	444	35	identity_off	46.015	75.030	0.8883	CjpegliYcbcr	6.0
renders	anton-sobotyak-g7aYFxxNTVA-unsplash.jpg	zenjpeg	444	35	model_policy	45.980	74.932	0.8887	CjpegliYcbcr	6.0
renders	anton-sobotyak-g7aYFxxNTVA-unsplash.jpg	zenjpeg	444	35	model_proj	46.528	76.105	0.8868	CjpegliYcbcr	6.0
renders	anton-sobotyak-g7aYFxxNTVA-unsplash.jpg	zenjpeg	444	55	identity_off	49.547	80.629	0.6583	CjpegliYcbcr	4.1
renders	anton-sobotyak-g7aYFxxNTVA-unsplash.jpg	zenjpeg	444	55	model_policy	49.468	80.507	0.6590	CjpegliYcbcr	4.1
renders	anton-sobotyak-g7aYFxxNTVA-unsplash.jpg	zenjpeg	444	55	model_proj	49.849	80.932	0.6604	CjpegliYcbcr	4.1
renders	anton-sobotyak-g7aYFxxNTVA-unsplash.jpg	zenjpeg	444	75	identity_off	50.560	86.881	0.5720	CjpegliYcbcr	2.3
renders	anton-sobotyak-g7aYFxxNTVA-unsplash.jpg	zenjpeg	444	75	model_policy	50.484	86.727	0.5730	CjpegliYcbcr	2.3
renders	anton-sobotyak-g7aYFxxNTVA-unsplash.jpg	zenjpeg	444	75	model_proj	50.946	87.459	0.5178	CjpegliYcbcr	2.3
renders	anton-sobotyak-g7aYFxxNTVA-unsplash.jpg	zenjpeg	444	90	identity_off	58.854	94.044	0.2556	CjpegliYcbcr	1.1
renders	anton-sobotyak-g7aYFxxNTVA-unsplash.jpg	zenjpeg	444	90	model_policy	58.298	93.303	0.2879	CjpegliYcbcr	1.1
renders	anton-sobotyak-g7aYFxxNTVA-unsplash.jpg	zenjpeg	444	90	model_proj	58.123	94.022	0.2535	CjpegliYcbcr	1.1
renders	itsiken-pmYoy3WaFPU-unsplash.jpg	turbo	420	15	identity_off	30.633	18.010	2.5513	Unknown	15.0
renders	itsiken-pmYoy3WaFPU-unsplash.jpg	turbo	420	15	model_policy	30.642	18.047	2.5480	Unknown	15.0
renders	itsiken-pmYoy3WaFPU-unsplash.jpg	turbo	420	15	model_proj	30.897	20.367	2.5156	Unknown	15.0
renders	itsiken-pmYoy3WaFPU-unsplash.jpg	turbo	420	35	identity_off	33.705	55.857	1.5295	ImageMagick	35.0
renders	itsiken-pmYoy3WaFPU-unsplash.jpg	turbo	420	35	model_policy	33.710	55.857	1.5290	ImageMagick	35.0
renders	itsiken-pmYoy3WaFPU-unsplash.jpg	turbo	420	35	model_proj	34.017	56.753	1.4918	ImageMagick	35.0
renders	itsiken-pmYoy3WaFPU-unsplash.jpg	turbo	420	55	identity_off	35.199	67.802	1.2293	ImageMagick	55.0
renders	itsiken-pmYoy3WaFPU-unsplash.jpg	turbo	420	55	model_policy	35.203	67.764	1.2291	ImageMagick	55.0
renders	itsiken-pmYoy3WaFPU-unsplash.jpg	turbo	420	55	model_proj	35.560	68.595	1.1907	ImageMagick	55.0
renders	itsiken-pmYoy3WaFPU-unsplash.jpg	turbo	420	75	identity_off	36.994	76.805	0.9567	ImageMagick	75.0
renders	itsiken-pmYoy3WaFPU-unsplash.jpg	turbo	420	75	model_policy	36.994	76.742	0.9568	ImageMagick	75.0
renders	itsiken-pmYoy3WaFPU-unsplash.jpg	turbo	420	75	model_proj	37.391	77.192	0.9205	ImageMagick	75.0
renders	itsiken-pmYoy3WaFPU-unsplash.jpg	turbo	420	90	identity_off	39.873	85.490	0.6603	ImageMagick	90.0
renders	itsiken-pmYoy3WaFPU-unsplash.jpg	turbo	420	90	model_policy	39.865	85.385	0.6606	ImageMagick	90.0
renders	itsiken-pmYoy3WaFPU-unsplash.jpg	turbo	420	90	model_proj	40.360	85.685	0.6141	ImageMagick	90.0
renders	itsiken-pmYoy3WaFPU-unsplash.jpg	turbo	444	15	identity_off	30.892	21.738	2.5191	Unknown	15.0
renders	itsiken-pmYoy3WaFPU-unsplash.jpg	turbo	444	15	model_policy	30.903	21.775	2.5155	Unknown	15.0
renders	itsiken-pmYoy3WaFPU-unsplash.jpg	turbo	444	15	model_proj	31.181	24.010	2.4871	Unknown	15.0
renders	itsiken-pmYoy3WaFPU-unsplash.jpg	turbo	444	35	identity_off	34.243	59.652	1.5225	ImageMagick	35.0
renders	itsiken-pmYoy3WaFPU-unsplash.jpg	turbo	444	35	model_policy	34.252	59.660	1.5221	ImageMagick	35.0
renders	itsiken-pmYoy3WaFPU-unsplash.jpg	turbo	444	35	model_proj	34.544	60.333	1.4885	ImageMagick	35.0
renders	itsiken-pmYoy3WaFPU-unsplash.jpg	turbo	444	55	identity_off	35.816	71.018	1.2221	ImageMagick	55.0
renders	itsiken-pmYoy3WaFPU-unsplash.jpg	turbo	444	55	model_policy	35.821	70.989	1.2219	ImageMagick	55.0
renders	itsiken-pmYoy3WaFPU-unsplash.jpg	turbo	444	55	model_proj	36.146	71.522	1.1866	ImageMagick	55.0
renders	itsiken-pmYoy3WaFPU-unsplash.jpg	turbo	444	75	identity_off	37.654	79.145	0.9515	ImageMagick	75.0
renders	itsiken-pmYoy3WaFPU-unsplash.jpg	turbo	444	75	model_policy	37.654	79.096	0.9516	ImageMagick	75.0
renders	itsiken-pmYoy3WaFPU-unsplash.jpg	turbo	444	75	model_proj	38.005	79.314	0.9169	ImageMagick	75.0
renders	itsiken-pmYoy3WaFPU-unsplash.jpg	turbo	444	90	identity_off	40.704	87.342	0.6539	ImageMagick	90.0
renders	itsiken-pmYoy3WaFPU-unsplash.jpg	turbo	444	90	model_policy	40.692	87.245	0.6543	ImageMagick	90.0
renders	itsiken-pmYoy3WaFPU-unsplash.jpg	turbo	444	90	model_proj	41.144	87.114	0.6079	ImageMagick	90.0
renders	itsiken-pmYoy3WaFPU-unsplash.jpg	mozjpeg	420	15	identity_off	29.653	10.391	3.1067	Mozjpeg	15.0
renders	itsiken-pmYoy3WaFPU-unsplash.jpg	mozjpeg	420	15	model_policy	29.660	10.432	3.1045	Mozjpeg	15.0
renders	itsiken-pmYoy3WaFPU-unsplash.jpg	mozjpeg	420	15	model_proj	29.856	12.069	3.0796	Mozjpeg	15.0
renders	itsiken-pmYoy3WaFPU-unsplash.jpg	mozjpeg	420	35	identity_off	32.836	49.976	1.8175	Mozjpeg	35.0
renders	itsiken-pmYoy3WaFPU-unsplash.jpg	mozjpeg	420	35	model_policy	32.843	49.984	1.8166	Mozjpeg	35.0
renders	itsiken-pmYoy3WaFPU-unsplash.jpg	mozjpeg	420	35	model_proj	33.091	50.727	1.7845	Mozjpeg	35.0
renders	itsiken-pmYoy3WaFPU-unsplash.jpg	mozjpeg	420	55	identity_off	34.463	63.900	1.4198	Mozjpeg	55.0
renders	itsiken-pmYoy3WaFPU-unsplash.jpg	mozjpeg	420	55	model_policy	34.469	63.899	1.4194	Mozjpeg	55.0
renders	itsiken-pmYoy3WaFPU-unsplash.jpg	mozjpeg	420	55	model_proj	34.728	64.425	1.3919	Mozjpeg	55.0
renders	itsiken-pmYoy3WaFPU-unsplash.jpg	mozjpeg	420	75	identity_off	36.382	74.561	1.0891	Mozjpeg	75.0
renders	itsiken-pmYoy3WaFPU-unsplash.jpg	mozjpeg	420	75	model_policy	36.383	74.480	1.0891	Mozjpeg	75.0
renders	itsiken-pmYoy3WaFPU-unsplash.jpg	mozjpeg	420	75	model_proj	36.641	74.904	1.0660	Mozjpeg	75.0
renders	itsiken-pmYoy3WaFPU-unsplash.jpg	mozjpeg	420	90	identity_off	39.639	84.757	0.7160	Mozjpeg	90.0
renders	itsiken-pmYoy3WaFPU-unsplash.jpg	mozjpeg	420	90	model_policy	39.628	84.677	0.7165	Mozjpeg	90.0
renders	itsiken-pmYoy3WaFPU-unsplash.jpg	mozjpeg	420	90	model_proj	39.824	84.638	0.7022	Mozjpeg	90.0
renders	itsiken-pmYoy3WaFPU-unsplash.jpg	mozjpeg	444	15	identity_off	29.877	13.894	3.0823	Mozjpeg	15.0
renders	itsiken-pmYoy3WaFPU-unsplash.jpg	mozjpeg	444	15	model_policy	29.886	13.934	3.0794	Mozjpeg	15.0
renders	itsiken-pmYoy3WaFPU-unsplash.jpg	mozjpeg	444	15	model_proj	30.093	15.432	3.0585	Mozjpeg	15.0
renders	itsiken-pmYoy3WaFPU-unsplash.jpg	mozjpeg	444	35	identity_off	33.262	53.384	1.8116	Mozjpeg	35.0
renders	itsiken-pmYoy3WaFPU-unsplash.jpg	mozjpeg	444	35	model_policy	33.271	53.391	1.8104	Mozjpeg	35.0
renders	itsiken-pmYoy3WaFPU-unsplash.jpg	mozjpeg	444	35	model_proj	33.501	53.957	1.7821	Mozjpeg	35.0
renders	itsiken-pmYoy3WaFPU-unsplash.jpg	mozjpeg	444	55	identity_off	34.915	66.421	1.4138	Mozjpeg	55.0
renders	itsiken-pmYoy3WaFPU-unsplash.jpg	mozjpeg	444	55	model_policy	34.924	66.410	1.4132	Mozjpeg	55.0
renders	itsiken-pmYoy3WaFPU-unsplash.jpg	mozjpeg	444	55	model_proj	35.142	66.720	1.3884	Mozjpeg	55.0
renders	itsiken-pmYoy3WaFPU-unsplash.jpg	mozjpeg	444	75	identity_off	36.834	76.298	1.0861	Mozjpeg	75.0
renders	itsiken-pmYoy3WaFPU-unsplash.jpg	mozjpeg	444	75	model_policy	36.836	76.260	1.0861	Mozjpeg	75.0
renders	itsiken-pmYoy3WaFPU-unsplash.jpg	mozjpeg	444	75	model_proj	37.047	76.439	1.0646	Mozjpeg	75.0
renders	itsiken-pmYoy3WaFPU-unsplash.jpg	mozjpeg	444	90	identity_off	40.146	86.023	0.7108	Mozjpeg	90.0
renders	itsiken-pmYoy3WaFPU-unsplash.jpg	mozjpeg	444	90	model_policy	40.132	85.857	0.7114	Mozjpeg	90.0
renders	itsiken-pmYoy3WaFPU-unsplash.jpg	mozjpeg	444	90	model_proj	40.279	85.480	0.6979	Mozjpeg	90.0
renders	itsiken-pmYoy3WaFPU-unsplash.jpg	jpegli	420	15	identity_off	31.364	40.270	2.2868	CjpegliYcbcr	14.2
renders	itsiken-pmYoy3WaFPU-unsplash.jpg	jpegli	420	15	model_policy	31.370	40.285	2.2854	CjpegliYcbcr	14.2
renders	itsiken-pmYoy3WaFPU-unsplash.jpg	jpegli	420	15	model_proj	31.584	41.148	2.2570	CjpegliYcbcr	14.2
renders	itsiken-pmYoy3WaFPU-unsplash.jpg	jpegli	420	35	identity_off	33.141	58.695	1.7040	CjpegliYcbcr	7.2
renders	itsiken-pmYoy3WaFPU-unsplash.jpg	jpegli	420	35	model_policy	33.148	58.684	1.7032	CjpegliYcbcr	7.2
renders	itsiken-pmYoy3WaFPU-unsplash.jpg	jpegli	420	35	model_proj	33.393	59.380	1.6732	CjpegliYcbcr	7.2
renders	itsiken-pmYoy3WaFPU-unsplash.jpg	jpegli	420	55	identity_off	34.005	64.183	1.4834	CjpegliYcbcr	5.2
renders	itsiken-pmYoy3WaFPU-unsplash.jpg	jpegli	420	55	model_policy	34.010	64.177	1.4828	CjpegliYcbcr	5.2
renders	itsiken-pmYoy3WaFPU-unsplash.jpg	jpegli	420	55	model_proj	34.261	64.797	1.4552	CjpegliYcbcr	5.2
renders	itsiken-pmYoy3WaFPU-unsplash.jpg	jpegli	420	75	identity_off	35.502	71.396	1.2016	CjpegliYcbcr	3.0
renders	itsiken-pmYoy3WaFPU-unsplash.jpg	jpegli	420	75	model_policy	35.503	71.363	1.2015	CjpegliYcbcr	3.0
renders	itsiken-pmYoy3WaFPU-unsplash.jpg	jpegli	420	75	model_proj	35.752	71.973	1.1807	CjpegliYcbcr	3.0
renders	itsiken-pmYoy3WaFPU-unsplash.jpg	jpegli	420	90	identity_off	38.723	82.107	0.7569	CjpegliYcbcr	1.3
renders	itsiken-pmYoy3WaFPU-unsplash.jpg	jpegli	420	90	model_policy	38.716	82.014	0.7574	CjpegliYcbcr	1.3
renders	itsiken-pmYoy3WaFPU-unsplash.jpg	jpegli	420	90	model_proj	38.876	82.425	0.7505	CjpegliYcbcr	1.3
renders	itsiken-pmYoy3WaFPU-unsplash.jpg	jpegli	444	15	identity_off	31.479	45.293	2.0633	CjpegliYcbcr	11.8
renders	itsiken-pmYoy3WaFPU-unsplash.jpg	jpegli	444	15	model_policy	31.487	45.304	2.0618	CjpegliYcbcr	11.8
renders	itsiken-pmYoy3WaFPU-unsplash.jpg	jpegli	444	15	model_proj	31.747	46.062	2.0325	CjpegliYcbcr	11.8
renders	itsiken-pmYoy3WaFPU-unsplash.jpg	jpegli	444	35	identity_off	33.490	61.227	1.5527	CjpegliYcbcr	6.0
renders	itsiken-pmYoy3WaFPU-unsplash.jpg	jpegli	444	35	model_policy	33.496	61.199	1.5521	CjpegliYcbcr	6.0
renders	itsiken-pmYoy3WaFPU-unsplash.jpg	jpegli	444	35	model_proj	33.755	61.975	1.5257	CjpegliYcbcr	6.0
renders	itsiken-pmYoy3WaFPU-unsplash.jpg	jpegli	444	55	identity_off	34.417	67.066	1.3661	CjpegliYcbcr	4.1
renders	itsiken-pmYoy3WaFPU-unsplash.jpg	jpegli	444	55	model_policy	34.422	67.046	1.3658	CjpegliYcbcr	4.1
renders	itsiken-pmYoy3WaFPU-unsplash.jpg	jpegli	444	55	model_proj	34.698	67.581	1.3434	CjpegliYcbcr	4.1
renders	itsiken-pmYoy3WaFPU-unsplash.jpg	jpegli	444	75	identity_off	35.946	74.299	1.0937	CjpegliYcbcr	2.3
renders	itsiken-pmYoy3WaFPU-unsplash.jpg	jpegli	444	75	model_policy	35.949	74.273	1.0936	CjpegliYcbcr	2.3
renders	itsiken-pmYoy3WaFPU-unsplash.jpg	jpegli	444	75	model_proj	36.228	74.617	1.0769	CjpegliYcbcr	2.3
renders	itsiken-pmYoy3WaFPU-unsplash.jpg	jpegli	444	90	identity_off	39.379	84.225	0.6693	CjpegliYcbcr	1.1
renders	itsiken-pmYoy3WaFPU-unsplash.jpg	jpegli	444	90	model_policy	39.370	84.124	0.6698	CjpegliYcbcr	1.1
renders	itsiken-pmYoy3WaFPU-unsplash.jpg	jpegli	444	90	model_proj	39.564	84.316	0.6642	CjpegliYcbcr	1.1
renders	itsiken-pmYoy3WaFPU-unsplash.jpg	zenjpeg	420	15	identity_off	31.353	39.905	2.2887	CjpegliYcbcr	14.2
renders	itsiken-pmYoy3WaFPU-unsplash.jpg	zenjpeg	420	15	model_policy	31.360	39.922	2.2873	CjpegliYcbcr	14.2
renders	itsiken-pmYoy3WaFPU-unsplash.jpg	zenjpeg	420	15	model_proj	31.574	40.792	2.2589	CjpegliYcbcr	14.2
renders	itsiken-pmYoy3WaFPU-unsplash.jpg	zenjpeg	420	35	identity_off	33.134	58.794	1.7054	CjpegliYcbcr	7.2
renders	itsiken-pmYoy3WaFPU-unsplash.jpg	zenjpeg	420	35	model_policy	33.141	58.788	1.7046	CjpegliYcbcr	7.2
renders	itsiken-pmYoy3WaFPU-unsplash.jpg	zenjpeg	420	35	model_proj	33.385	59.474	1.6746	CjpegliYcbcr	7.2
renders	itsiken-pmYoy3WaFPU-unsplash.jpg	zenjpeg	420	55	identity_off	33.991	64.067	1.4864	CjpegliYcbcr	5.2
renders	itsiken-pmYoy3WaFPU-unsplash.jpg	zenjpeg	420	55	model_policy	33.996	64.048	1.4857	CjpegliYcbcr	5.2
renders	itsiken-pmYoy3WaFPU-unsplash.jpg	zenjpeg	420	55	model_proj	34.245	64.657	1.4585	CjpegliYcbcr	5.2
renders	itsiken-pmYoy3WaFPU-unsplash.jpg	zenjpeg	420	75	identity_off	35.489	71.375	1.2039	CjpegliYcbcr	3.0
renders	itsiken-pmYoy3WaFPU-unsplash.jpg	zenjpeg	420	75	model_policy	35.491	71.339	1.2039	CjpegliYcbcr	3.0
renders	itsiken-pmYoy3WaFPU-unsplash.jpg	zenjpeg	420	75	model_proj	35.740	71.955	1.1832	CjpegliYcbcr	3.0
renders	itsiken-pmYoy3WaFPU-unsplash.jpg	zenjpeg	420	90	identity_off	38.702	81.987	0.7593	CjpegliYcbcr	1.3
renders	itsiken-pmYoy3WaFPU-unsplash.jpg	zenjpeg	420	90	model_policy	38.694	81.912	0.7597	CjpegliYcbcr	1.3
renders	itsiken-pmYoy3WaFPU-unsplash.jpg	zenjpeg	420	90	model_proj	38.851	82.325	0.7538	CjpegliYcbcr	1.3
renders	itsiken-pmYoy3WaFPU-unsplash.jpg	zenjpeg	444	15	identity_off	31.477	45.399	2.0667	CjpegliYcbcr	11.8
renders	itsiken-pmYoy3WaFPU-unsplash.jpg	zenjpeg	444	15	model_policy	31.486	45.410	2.0650	CjpegliYcbcr	11.8
renders	itsiken-pmYoy3WaFPU-unsplash.jpg	zenjpeg	444	15	model_proj	31.745	46.169	2.0359	CjpegliYcbcr	11.8
renders	itsiken-pmYoy3WaFPU-unsplash.jpg	zenjpeg	444	35	identity_off	33.483	61.119	1.5529	CjpegliYcbcr	6.0
renders	itsiken-pmYoy3WaFPU-unsplash.jpg	zenjpeg	444	35	model_policy	33.490	61.094	1.5523	CjpegliYcbcr	6.0
renders	itsiken-pmYoy3WaFPU-unsplash.jpg	zenjpeg	444	35	model_proj	33.752	61.849	1.5256	CjpegliYcbcr	6.0
renders	itsiken-pmYoy3WaFPU-unsplash.jpg	zenjpeg	444	55	identity_off	34.408	67.018	1.3687	CjpegliYcbcr	4.1
renders	itsiken-pmYoy3WaFPU-unsplash.jpg	zenjpeg	444	55	model_policy	34.413	66.994	1.3685	CjpegliYcbcr	4.1
renders	itsiken-pmYoy3WaFPU-unsplash.jpg	zenjpeg	444	55	model_proj	34.689	67.530	1.3463	CjpegliYcbcr	4.1
renders	itsiken-pmYoy3WaFPU-unsplash.jpg	zenjpeg	444	75	identity_off	35.927	74.288	1.0973	CjpegliYcbcr	2.3
renders	itsiken-pmYoy3WaFPU-unsplash.jpg	zenjpeg	444	75	model_policy	35.930	74.261	1.0972	CjpegliYcbcr	2.3
renders	itsiken-pmYoy3WaFPU-unsplash.jpg	zenjpeg	444	75	model_proj	36.208	74.529	1.0809	CjpegliYcbcr	2.3
renders	itsiken-pmYoy3WaFPU-unsplash.jpg	zenjpeg	444	90	identity_off	39.366	84.297	0.6707	CjpegliYcbcr	1.1
renders	itsiken-pmYoy3WaFPU-unsplash.jpg	zenjpeg	444	90	model_policy	39.357	84.202	0.6712	CjpegliYcbcr	1.1
renders	itsiken-pmYoy3WaFPU-unsplash.jpg	zenjpeg	444	90	model_proj	39.553	84.347	0.6663	CjpegliYcbcr	1.1
textures	anca-gabriela-zosin-bMOnYbmQxHA-unsplash.jpg	turbo	420	15	identity_off	32.342	9.568	4.1645	Unknown	15.0
textures	anca-gabriela-zosin-bMOnYbmQxHA-unsplash.jpg	turbo	420	15	model_policy	32.357	9.581	4.1699	Unknown	15.0
textures	anca-gabriela-zosin-bMOnYbmQxHA-unsplash.jpg	turbo	420	15	model_proj	32.415	10.470	4.1660	Unknown	15.0
textures	anca-gabriela-zosin-bMOnYbmQxHA-unsplash.jpg	turbo	420	35	identity_off	36.696	56.933	2.1750	ImageMagick	35.0
textures	anca-gabriela-zosin-bMOnYbmQxHA-unsplash.jpg	turbo	420	35	model_policy	36.717	56.911	2.1899	ImageMagick	35.0
textures	anca-gabriela-zosin-bMOnYbmQxHA-unsplash.jpg	turbo	420	35	model_proj	36.778	57.302	2.1767	ImageMagick	35.0
textures	anca-gabriela-zosin-bMOnYbmQxHA-unsplash.jpg	turbo	420	55	identity_off	37.890	68.781	1.5213	ImageMagick	55.0
textures	anca-gabriela-zosin-bMOnYbmQxHA-unsplash.jpg	turbo	420	55	model_policy	37.905	68.708	1.5392	ImageMagick	55.0
textures	anca-gabriela-zosin-bMOnYbmQxHA-unsplash.jpg	turbo	420	55	model_proj	37.993	69.017	1.5119	ImageMagick	55.0
textures	anca-gabriela-zosin-bMOnYbmQxHA-unsplash.jpg	turbo	420	75	identity_off	39.675	77.277	1.1733	ImageMagick	75.0
textures	anca-gabriela-zosin-bMOnYbmQxHA-unsplash.jpg	turbo	420	75	model_policy	39.692	77.188	1.1970	ImageMagick	75.0
textures	anca-gabriela-zosin-bMOnYbmQxHA-unsplash.jpg	turbo	420	75	model_proj	39.770	77.430	1.1482	ImageMagick	75.0
textures	anca-gabriela-zosin-bMOnYbmQxHA-unsplash.jpg	turbo	420	90	identity_off	43.221	86.949	0.7308	ImageMagick	90.0
textures	anca-gabriela-zosin-bMOnYbmQxHA-unsplash.jpg	turbo	420	90	model_policy	43.213	86.808	0.7420	ImageMagick	90.0
textures	anca-gabriela-zosin-bMOnYbmQxHA-unsplash.jpg	turbo	420	90	model_proj	43.026	86.459	0.7010	ImageMagick	90.0
textures	anca-gabriela-zosin-bMOnYbmQxHA-unsplash.jpg	turbo	444	15	identity_off	33.214	14.456	4.0456	Unknown	15.0
textures	anca-gabriela-zosin-bMOnYbmQxHA-unsplash.jpg	turbo	444	15	model_policy	33.254	14.398	4.0485	Unknown	15.0
textures	anca-gabriela-zosin-bMOnYbmQxHA-unsplash.jpg	turbo	444	15	model_proj	33.295	15.526	4.0442	Unknown	15.0
textures	anca-gabriela-zosin-bMOnYbmQxHA-unsplash.jpg	turbo	444	35	identity_off	37.861	59.567	1.7331	ImageMagick	35.0
textures	anca-gabriela-zosin-bMOnYbmQxHA-unsplash.jpg	turbo	444	35	model_policy	37.892	59.610	1.7380	ImageMagick	35.0
textures	anca-gabriela-zosin-bMOnYbmQxHA-unsplash.jpg	turbo	444	35	model_proj	37.840	60.012	1.7274	ImageMagick	35.0
textures	anca-gabriela-zosin-bMOnYbmQxHA-unsplash.jpg	turbo	444	55	identity_off	39.210	71.996	1.2762	ImageMagick	55.0
textures	anca-gabriela-zosin-bMOnYbmQxHA-unsplash.jpg	turbo	444	55	model_policy	39.232	71.910	1.2820	ImageMagick	55.0
textures	anca-gabriela-zosin-bMOnYbmQxHA-unsplash.jpg	turbo	444	55	model_proj	39.056	72.211	1.2869	ImageMagick	55.0
textures	anca-gabriela-zosin-bMOnYbmQxHA-unsplash.jpg	turbo	444	75	identity_off	41.215	80.010	0.9936	ImageMagick	75.0
textures	anca-gabriela-zosin-bMOnYbmQxHA-unsplash.jpg	turbo	444	75	model_policy	41.220	79.944	0.9975	ImageMagick	75.0
textures	anca-gabriela-zosin-bMOnYbmQxHA-unsplash.jpg	turbo	444	75	model_proj	41.063	80.009	0.9858	ImageMagick	75.0
textures	anca-gabriela-zosin-bMOnYbmQxHA-unsplash.jpg	turbo	444	90	identity_off	44.762	88.927	0.6223	ImageMagick	90.0
textures	anca-gabriela-zosin-bMOnYbmQxHA-unsplash.jpg	turbo	444	90	model_policy	44.734	88.898	0.6301	ImageMagick	90.0
textures	anca-gabriela-zosin-bMOnYbmQxHA-unsplash.jpg	turbo	444	90	model_proj	44.299	87.953	0.6207	ImageMagick	90.0
textures	anca-gabriela-zosin-bMOnYbmQxHA-unsplash.jpg	mozjpeg	420	15	identity_off	32.310	26.045	3.8348	Mozjpeg	15.0
textures	anca-gabriela-zosin-bMOnYbmQxHA-unsplash.jpg	mozjpeg	420	15	model_policy	32.324	26.016	3.8416	Mozjpeg	15.0
textures	anca-gabriela-zosin-bMOnYbmQxHA-unsplash.jpg	mozjpeg	420	15	model_proj	32.381	26.665	3.8368	Mozjpeg	15.0
textures	anca-gabriela-zosin-bMOnYbmQxHA-unsplash.jpg	mozjpeg	420	35	identity_off	36.609	56.808	1.9484	Mozjpeg	35.0
textures	anca-gabriela-zosin-bMOnYbmQxHA-unsplash.jpg	mozjpeg	420	35	model_policy	36.620	56.806	1.9537	Mozjpeg	35.0
textures	anca-gabriela-zosin-bMOnYbmQxHA-unsplash.jpg	mozjpeg	420	35	model_proj	36.657	56.982	1.9400	Mozjpeg	35.0
textures	anca-gabriela-zosin-bMOnYbmQxHA-unsplash.jpg	mozjpeg	420	55	identity_off	38.174	67.413	1.5032	Mozjpeg	55.0
textures	anca-gabriela-zosin-bMOnYbmQxHA-unsplash.jpg	mozjpeg	420	55	model_policy	38.179	67.380	1.5083	Mozjpeg	55.0
textures	anca-gabriela-zosin-bMOnYbmQxHA-unsplash.jpg	mozjpeg	420	55	model_proj	38.206	67.564	1.4939	Mozjpeg	55.0
textures	anca-gabriela-zosin-bMOnYbmQxHA-unsplash.jpg	mozjpeg	420	75	identity_off	39.963	76.153	1.1616	Mozjpeg	75.0
textures	anca-gabriela-zosin-bMOnYbmQxHA-unsplash.jpg	mozjpeg	420	75	model_policy	39.962	76.091	1.1641	Mozjpeg	75.0
textures	anca-gabriela-zosin-bMOnYbmQxHA-unsplash.jpg	mozjpeg	420	75	model_proj	39.916	76.092	1.1530	Mozjpeg	75.0
textures	anca-gabriela-zosin-bMOnYbmQxHA-unsplash.jpg	mozjpeg	420	90	identity_off	43.219	85.744	0.7584	Mozjpeg	90.0
textures	anca-gabriela-zosin-bMOnYbmQxHA-unsplash.jpg	mozjpeg	420	90	model_policy	43.197	85.624	0.7609	Mozjpeg	90.0
textures	anca-gabriela-zosin-bMOnYbmQxHA-unsplash.jpg	mozjpeg	420	90	model_proj	42.936	85.170	0.7500	Mozjpeg	90.0
textures	anca-gabriela-zosin-bMOnYbmQxHA-unsplash.jpg	mozjpeg	444	15	identity_off	32.984	26.687	3.4857	Mozjpeg	15.0
textures	anca-gabriela-zosin-bMOnYbmQxHA-unsplash.jpg	mozjpeg	444	15	model_policy	33.015	26.614	3.4831	Mozjpeg	15.0
textures	anca-gabriela-zosin-bMOnYbmQxHA-unsplash.jpg	mozjpeg	444	15	model_proj	33.028	27.379	3.4778	Mozjpeg	15.0
textures	anca-gabriela-zosin-bMOnYbmQxHA-unsplash.jpg	mozjpeg	444	35	identity_off	37.464	58.084	1.8167	Mozjpeg	35.0
textures	anca-gabriela-zosin-bMOnYbmQxHA-unsplash.jpg	mozjpeg	444	35	model_policy	37.483	58.141	1.8163	Mozjpeg	35.0
textures	anca-gabriela-zosin-bMOnYbmQxHA-unsplash.jpg	mozjpeg	444	35	model_proj	37.346	58.272	1.8170	Mozjpeg	35.0
textures	anca-gabriela-zosin-bMOnYbmQxHA-unsplash.jpg	mozjpeg	444	55	identity_off	39.094	69.023	1.3911	Mozjpeg	55.0
textures	anca-gabriela-zosin-bMOnYbmQxHA-unsplash.jpg	mozjpeg	444	55	model_policy	39.101	69.004	1.3950	Mozjpeg	55.0
textures	anca-gabriela-zosin-bMOnYbmQxHA-unsplash.jpg	mozjpeg	444	55	model_proj	38.889	69.137	1.3989	Mozjpeg	55.0
textures	anca-gabriela-zosin-bMOnYbmQxHA-unsplash.jpg	mozjpeg	444	75	identity_off	40.855	78.096	1.0855	Mozjpeg	75.0
textures	anca-gabriela-zosin-bMOnYbmQxHA-unsplash.jpg	mozjpeg	444	75	model_policy	40.843	78.001	1.0892	Mozjpeg	75.0
textures	anca-gabriela-zosin-bMOnYbmQxHA-unsplash.jpg	mozjpeg	444	75	model_proj	40.609	77.772	1.0973	Mozjpeg	75.0
textures	anca-gabriela-zosin-bMOnYbmQxHA-unsplash.jpg	mozjpeg	444	90	identity_off	44.264	87.192	0.6953	Mozjpeg	90.0
textures	anca-gabriela-zosin-bMOnYbmQxHA-unsplash.jpg	mozjpeg	444	90	model_policy	44.219	87.062	0.6994	Mozjpeg	90.0
textures	anca-gabriela-zosin-bMOnYbmQxHA-unsplash.jpg	mozjpeg	444	90	model_proj	43.746	86.047	0.7162	Mozjpeg	90.0
textures	anca-gabriela-zosin-bMOnYbmQxHA-unsplash.jpg	jpegli	420	15	identity_off	35.899	52.893	2.1934	CjpegliYcbcr	14.2
textures	anca-gabriela-zosin-bMOnYbmQxHA-unsplash.jpg	jpegli	420	15	model_policy	35.912	52.871	2.1956	CjpegliYcbcr	14.2
textures	anca-gabriela-zosin-bMOnYbmQxHA-unsplash.jpg	jpegli	420	15	model_proj	35.973	53.171	2.1775	CjpegliYcbcr	14.2
textures	anca-gabriela-zosin-bMOnYbmQxHA-unsplash.jpg	jpegli	420	35	identity_off	37.533	64.760	1.6304	CjpegliYcbcr	7.2
textures	anca-gabriela-zosin-bMOnYbmQxHA-unsplash.jpg	jpegli	420	35	model_policy	37.544	64.731	1.6353	CjpegliYcbcr	7.2
textures	anca-gabriela-zosin-bMOnYbmQxHA-unsplash.jpg	jpegli	420	35	model_proj	37.573	64.880	1.6207	CjpegliYcbcr	7.2
textures	anca-gabriela-zosin-bMOnYbmQxHA-unsplash.jpg	jpegli	420	55	identity_off	38.268	69.240	1.4551	CjpegliYcbcr	5.2
textures	anca-gabriela-zosin-bMOnYbmQxHA-unsplash.jpg	jpegli	420	55	model_policy	38.273	69.228	1.4587	CjpegliYcbcr	5.2
textures	anca-gabriela-zosin-bMOnYbmQxHA-unsplash.jpg	jpegli	420	55	model_proj	38.283	69.366	1.4439	CjpegliYcbcr	5.2
textures	anca-gabriela-zosin-bMOnYbmQxHA-unsplash.jpg	jpegli	420	75	identity_off	39.683	74.679	1.1955	CjpegliYcbcr	3.0
textures	anca-gabriela-zosin-bMOnYbmQxHA-unsplash.jpg	jpegli	420	75	model_policy	39.680	74.656	1.1972	CjpegliYcbcr	3.0
textures	anca-gabriela-zosin-bMOnYbmQxHA-unsplash.jpg	jpegli	420	75	model_proj	39.602	74.733	1.1860	CjpegliYcbcr	3.0
textures	anca-gabriela-zosin-bMOnYbmQxHA-unsplash.jpg	jpegli	420	90	identity_off	43.104	84.707	0.7565	CjpegliYcbcr	1.3
textures	anca-gabriela-zosin-bMOnYbmQxHA-unsplash.jpg	jpegli	420	90	model_policy	43.081	84.649	0.7589	CjpegliYcbcr	1.3
textures	anca-gabriela-zosin-bMOnYbmQxHA-unsplash.jpg	jpegli	420	90	model_proj	42.663	84.585	0.7513	CjpegliYcbcr	1.3
textures	anca-gabriela-zosin-bMOnYbmQxHA-unsplash.jpg	jpegli	444	15	identity_off	33.715	39.459	2.9633	CjpegliYcbcr	11.8
textures	anca-gabriela-zosin-bMOnYbmQxHA-unsplash.jpg	jpegli	444	15	model_policy	33.762	38.564	2.9822	CjpegliYcbcr	11.8
textures	anca-gabriela-zosin-bMOnYbmQxHA-unsplash.jpg	jpegli	444	15	model_proj	33.803	39.923	2.9653	CjpegliYcbcr	11.8
textures	anca-gabriela-zosin-bMOnYbmQxHA-unsplash.jpg	jpegli	444	35	identity_off	37.221	60.384	1.7046	CjpegliYcbcr	6.0
textures	anca-gabriela-zosin-bMOnYbmQxHA-unsplash.jpg	jpegli	444	35	model_policy	37.256	60.202	1.7181	CjpegliYcbcr	6.0
textures	anca-gabriela-zosin-bMOnYbmQxHA-unsplash.jpg	jpegli	444	35	model_proj	37.257	60.509	1.7061	CjpegliYcbcr	6.0
textures	anca-gabriela-zosin-bMOnYbmQxHA-unsplash.jpg	jpegli	444	55	identity_off	38.086	64.969	1.4865	CjpegliYcbcr	4.1
textures	anca-gabriela-zosin-bMOnYbmQxHA-unsplash.jpg	jpegli	444	55	model_policy	38.114	64.899	1.4917	CjpegliYcbcr	4.1
textures	anca-gabriela-zosin-bMOnYbmQxHA-unsplash.jpg	jpegli	444	55	model_proj	38.010	65.027	1.4932	CjpegliYcbcr	4.1
textures	anca-gabriela-zosin-bMOnYbmQxHA-unsplash.jpg	jpegli	444	75	identity_off	39.890	77.835	1.0689	CjpegliYcbcr	2.3
textures	anca-gabriela-zosin-bMOnYbmQxHA-unsplash.jpg	jpegli	444	75	model_policy	39.910	77.781	1.0780	CjpegliYcbcr	2.3
textures	anca-gabriela-zosin-bMOnYbmQxHA-unsplash.jpg	jpegli	444	75	model_proj	39.676	77.707	1.0862	CjpegliYcbcr	2.3
textures	anca-gabriela-zosin-bMOnYbmQxHA-unsplash.jpg	jpegli	444	90	identity_off	43.399	86.379	0.6652	CjpegliYcbcr	1.1
textures	anca-gabriela-zosin-bMOnYbmQxHA-unsplash.jpg	jpegli	444	90	model_policy	43.396	86.308	0.6771	CjpegliYcbcr	1.1
textures	anca-gabriela-zosin-bMOnYbmQxHA-unsplash.jpg	jpegli	444	90	model_proj	42.638	85.725	0.6965	CjpegliYcbcr	1.1
textures	anca-gabriela-zosin-bMOnYbmQxHA-unsplash.jpg	zenjpeg	420	15	identity_off	35.890	53.594	2.1971	CjpegliYcbcr	14.2
textures	anca-gabriela-zosin-bMOnYbmQxHA-unsplash.jpg	zenjpeg	420	15	model_policy	35.903	53.625	2.1985	CjpegliYcbcr	14.2
textures	anca-gabriela-zosin-bMOnYbmQxHA-unsplash.jpg	zenjpeg	420	15	model_proj	35.961	53.899	2.1809	CjpegliYcbcr	14.2
textures	anca-gabriela-zosin-bMOnYbmQxHA-unsplash.jpg	zenjpeg	420	35	identity_off	37.514	64.685	1.6376	CjpegliYcbcr	7.2
textures	anca-gabriela-zosin-bMOnYbmQxHA-unsplash.jpg	zenjpeg	420	35	model_policy	37.526	64.637	1.6426	CjpegliYcbcr	7.2
textures	anca-gabriela-zosin-bMOnYbmQxHA-unsplash.jpg	zenjpeg	420	35	model_proj	37.558	64.795	1.6270	CjpegliYcbcr	7.2
textures	anca-gabriela-zosin-bMOnYbmQxHA-unsplash.jpg	zenjpeg	420	55	identity_off	38.273	69.450	1.4602	CjpegliYcbcr	5.2
textures	anca-gabriela-zosin-bMOnYbmQxHA-unsplash.jpg	zenjpeg	420	55	model_policy	38.279	69.420	1.4629	CjpegliYcbcr	5.2
textures	anca-gabriela-zosin-bMOnYbmQxHA-unsplash.jpg	zenjpeg	420	55	model_proj	38.285	69.503	1.4495	CjpegliYcbcr	5.2
textures	anca-gabriela-zosin-bMOnYbmQxHA-unsplash.jpg	zenjpeg	420	75	identity_off	39.694	74.887	1.1898	CjpegliYcbcr	3.0
textures	anca-gabriela-zosin-bMOnYbmQxHA-unsplash.jpg	zenjpeg	420	75	model_policy	39.691	74.839	1.1915	CjpegliYcbcr	3.0
textures	anca-gabriela-zosin-bMOnYbmQxHA-unsplash.jpg	zenjpeg	420	75	model_proj	39.616	74.872	1.1796	CjpegliYcbcr	3.0
textures	anca-gabriela-zosin-bMOnYbmQxHA-unsplash.jpg	zenjpeg	420	90	identity_off	43.080	84.901	0.7502	CjpegliYcbcr	1.3
textures	anca-gabriela-zosin-bMOnYbmQxHA-unsplash.jpg	zenjpeg	420	90	model_policy	43.056	84.840	0.7537	CjpegliYcbcr	1.3
textures	anca-gabriela-zosin-bMOnYbmQxHA-unsplash.jpg	zenjpeg	420	90	model_proj	42.642	84.581	0.7534	CjpegliYcbcr	1.3
textures	anca-gabriela-zosin-bMOnYbmQxHA-unsplash.jpg	zenjpeg	444	15	identity_off	33.720	41.678	3.1331	CjpegliYcbcr	11.8
textures	anca-gabriela-zosin-bMOnYbmQxHA-unsplash.jpg	zenjpeg	444	15	model_policy	33.765	40.920	3.1451	CjpegliYcbcr	11.8
textures	anca-gabriela-zosin-bMOnYbmQxHA-unsplash.jpg	zenjpeg	444	15	model_proj	33.801	42.095	3.1397	CjpegliYcbcr	11.8
textures	anca-gabriela-zosin-bMOnYbmQxHA-unsplash.jpg	zenjpeg	444	35	identity_off	37.225	60.765	1.7265	CjpegliYcbcr	6.0
textures	anca-gabriela-zosin-bMOnYbmQxHA-unsplash.jpg	zenjpeg	444	35	model_policy	37.259	60.642	1.7379	CjpegliYcbcr	6.0
textures	anca-gabriela-zosin-bMOnYbmQxHA-unsplash.jpg	zenjpeg	444	35	model_proj	37.261	60.875	1.7281	CjpegliYcbcr	6.0
textures	anca-gabriela-zosin-bMOnYbmQxHA-unsplash.jpg	zenjpeg	444	55	identity_off	38.079	64.467	1.5202	CjpegliYcbcr	4.1
textures	anca-gabriela-zosin-bMOnYbmQxHA-unsplash.jpg	zenjpeg	444	55	model_policy	38.106	64.435	1.5242	CjpegliYcbcr	4.1
textures	anca-gabriela-zosin-bMOnYbmQxHA-unsplash.jpg	zenjpeg	444	55	model_proj	38.013	64.504	1.5244	CjpegliYcbcr	4.1
textures	anca-gabriela-zosin-bMOnYbmQxHA-unsplash.jpg	zenjpeg	444	75	identity_off	39.887	77.869	1.0673	CjpegliYcbcr	2.3
textures	anca-gabriela-zosin-bMOnYbmQxHA-unsplash.jpg	zenjpeg	444	75	model_policy	39.907	77.823	1.0764	CjpegliYcbcr	2.3
textures	anca-gabriela-zosin-bMOnYbmQxHA-unsplash.jpg	zenjpeg	444	75	model_proj	39.678	77.703	1.0853	CjpegliYcbcr	2.3
textures	anca-gabriela-zosin-bMOnYbmQxHA-unsplash.jpg	zenjpeg	444	90	identity_off	43.377	86.479	0.6620	CjpegliYcbcr	1.1
textures	anca-gabriela-zosin-bMOnYbmQxHA-unsplash.jpg	zenjpeg	444	90	model_policy	43.374	86.429	0.6761	CjpegliYcbcr	1.1
textures	anca-gabriela-zosin-bMOnYbmQxHA-unsplash.jpg	zenjpeg	444	90	model_proj	42.611	85.552	0.6981	CjpegliYcbcr	1.1
textures	bernd-dittrich-3MdsHe3IIOk-unsplash.jpg	turbo	420	15	identity_off	23.348	28.918	2.8546	Unknown	15.0
textures	bernd-dittrich-3MdsHe3IIOk-unsplash.jpg	turbo	420	15	model_policy	23.374	28.732	2.8683	Unknown	15.0
textures	bernd-dittrich-3MdsHe3IIOk-unsplash.jpg	turbo	420	15	model_proj	23.438	29.749	2.8374	Unknown	15.0
textures	bernd-dittrich-3MdsHe3IIOk-unsplash.jpg	turbo	420	35	identity_off	25.800	56.218	1.9011	ImageMagick	35.0
textures	bernd-dittrich-3MdsHe3IIOk-unsplash.jpg	turbo	420	35	model_policy	25.831	55.544	1.9215	ImageMagick	35.0
textures	bernd-dittrich-3MdsHe3IIOk-unsplash.jpg	turbo	420	35	model_proj	25.965	56.467	1.8750	ImageMagick	35.0
textures	bernd-dittrich-3MdsHe3IIOk-unsplash.jpg	turbo	420	55	identity_off	27.166	64.211	1.5686	ImageMagick	55.0
textures	bernd-dittrich-3MdsHe3IIOk-unsplash.jpg	turbo	420	55	model_policy	27.186	63.370	1.5970	ImageMagick	55.0
textures	bernd-dittrich-3MdsHe3IIOk-unsplash.jpg	turbo	420	55	model_proj	27.400	64.279	1.5346	ImageMagick	55.0
textures	bernd-dittrich-3MdsHe3IIOk-unsplash.jpg	turbo	420	75	identity_off	29.276	72.103	1.1821	ImageMagick	75.0
textures	bernd-dittrich-3MdsHe3IIOk-unsplash.jpg	turbo	420	75	model_policy	29.256	70.981	1.2194	ImageMagick	75.0
textures	bernd-dittrich-3MdsHe3IIOk-unsplash.jpg	turbo	420	75	model_proj	29.579	71.566	1.1629	ImageMagick	75.0
textures	bernd-dittrich-3MdsHe3IIOk-unsplash.jpg	turbo	420	90	identity_off	38.099	89.681	0.3418	ImageMagick	90.0
textures	bernd-dittrich-3MdsHe3IIOk-unsplash.jpg	turbo	420	90	model_policy	37.446	87.656	0.4448	ImageMagick	90.0
textures	bernd-dittrich-3MdsHe3IIOk-unsplash.jpg	turbo	420	90	model_proj	38.346	85.240	0.5374	ImageMagick	90.0
textures	bernd-dittrich-3MdsHe3IIOk-unsplash.jpg	turbo	444	15	identity_off	23.769	36.433	2.7337	Unknown	15.0
textures	bernd-dittrich-3MdsHe3IIOk-unsplash.jpg	turbo	444	15	model_policy	23.794	36.322	2.7433	Unknown	15.0
textures	bernd-dittrich-3MdsHe3IIOk-unsplash.jpg	turbo	444	15	model_proj	23.861	37.562	2.7116	Unknown	15.0
textures	bernd-dittrich-3MdsHe3IIOk-unsplash.jpg	turbo	444	35	identity_off	26.452	63.296	1.8128	ImageMagick	35.0
textures	bernd-dittrich-3MdsHe3IIOk-unsplash.jpg	turbo	444	35	model_policy	26.478	62.602	1.8267	ImageMagick	35.0
textures	bernd-dittrich-3MdsHe3IIOk-unsplash.jpg	turbo	444	35	model_proj	26.558	63.735	1.7917	ImageMagick	35.0
textures	bernd-dittrich-3MdsHe3IIOk-unsplash.jpg	turbo	444	55	identity_off	28.030	71.072	1.4807	ImageMagick	55.0
textures	bernd-dittrich-3MdsHe3IIOk-unsplash.jpg	turbo	444	55	model_policy	28.047	70.184	1.4993	ImageMagick	55.0
textures	bernd-dittrich-3MdsHe3IIOk-unsplash.jpg	turbo	444	55	model_proj	28.146	71.163	1.4595	ImageMagick	55.0
textures	bernd-dittrich-3MdsHe3IIOk-unsplash.jpg	turbo	444	75	identity_off	30.491	78.380	1.1003	ImageMagick	75.0
textures	bernd-dittrich-3MdsHe3IIOk-unsplash.jpg	turbo	444	75	model_policy	30.474	77.074	1.1260	ImageMagick	75.0
textures	bernd-dittrich-3MdsHe3IIOk-unsplash.jpg	turbo	444	75	model_proj	30.574	77.476	1.0983	ImageMagick	75.0
textures	bernd-dittrich-3MdsHe3IIOk-unsplash.jpg	turbo	444	90	identity_off	38.635	92.378	0.2396	ImageMagick	90.0
textures	bernd-dittrich-3MdsHe3IIOk-unsplash.jpg	turbo	444	90	model_policy	38.182	89.769	0.3512	ImageMagick	90.0
textures	bernd-dittrich-3MdsHe3IIOk-unsplash.jpg	turbo	444	90	model_proj	37.830	86.568	0.5217	ImageMagick	90.0
textures	bernd-dittrich-3MdsHe3IIOk-unsplash.jpg	mozjpeg	420	15	identity_off	22.183	14.862	3.6953	Mozjpeg	15.0
textures	bernd-dittrich-3MdsHe3IIOk-unsplash.jpg	mozjpeg	420	15	model_policy	22.199	14.444	3.7112	Mozjpeg	15.0
textures	bernd-dittrich-3MdsHe3IIOk-unsplash.jpg	mozjpeg	420	15	model_proj	22.234	15.176	3.6859	Mozjpeg	15.0
textures	bernd-dittrich-3MdsHe3IIOk-unsplash.jpg	mozjpeg	420	35	identity_off	24.964	50.008	2.3223	Mozjpeg	35.0
textures	bernd-dittrich-3MdsHe3IIOk-unsplash.jpg	mozjpeg	420	35	model_policy	24.980	49.120	2.3460	Mozjpeg	35.0
textures	bernd-dittrich-3MdsHe3IIOk-unsplash.jpg	mozjpeg	420	35	model_proj	25.038	49.936	2.3112	Mozjpeg	35.0
textures	bernd-dittrich-3MdsHe3IIOk-unsplash.jpg	mozjpeg	420	55	identity_off	26.521	62.062	1.8607	Mozjpeg	55.0
textures	bernd-dittrich-3MdsHe3IIOk-unsplash.jpg	mozjpeg	420	55	model_policy	26.531	61.049	1.8911	Mozjpeg	55.0
textures	bernd-dittrich-3MdsHe3IIOk-unsplash.jpg	mozjpeg	420	55	model_proj	26.625	61.855	1.8480	Mozjpeg	55.0
textures	bernd-dittrich-3MdsHe3IIOk-unsplash.jpg	mozjpeg	420	75	identity_off	28.971	73.160	1.3447	Mozjpeg	75.0
textures	bernd-dittrich-3MdsHe3IIOk-unsplash.jpg	mozjpeg	420	75	model_policy	28.945	72.024	1.3802	Mozjpeg	75.0
textures	bernd-dittrich-3MdsHe3IIOk-unsplash.jpg	mozjpeg	420	75	model_proj	29.119	72.575	1.3286	Mozjpeg	75.0
textures	bernd-dittrich-3MdsHe3IIOk-unsplash.jpg	mozjpeg	420	90	identity_off	33.720	84.429	0.6719	Mozjpeg	90.0
textures	bernd-dittrich-3MdsHe3IIOk-unsplash.jpg	mozjpeg	420	90	model_policy	33.519	83.032	0.7250	Mozjpeg	90.0
textures	bernd-dittrich-3MdsHe3IIOk-unsplash.jpg	mozjpeg	420	90	model_proj	33.987	81.891	0.7135	Mozjpeg	90.0
textures	bernd-dittrich-3MdsHe3IIOk-unsplash.jpg	mozjpeg	444	15	identity_off	22.510	21.756	3.5958	Mozjpeg	15.0
textures	bernd-dittrich-3MdsHe3IIOk-unsplash.jpg	mozjpeg	444	15	model_policy	22.527	21.292	3.6094	Mozjpeg	15.0
textures	bernd-dittrich-3MdsHe3IIOk-unsplash.jpg	mozjpeg	444	15	model_proj	22.560	22.396	3.5847	Mozjpeg	15.0
textures	bernd-dittrich-3MdsHe3IIOk-unsplash.jpg	mozjpeg	444	35	identity_off	25.441	56.418	2.2361	Mozjpeg	35.0
textures	bernd-dittrich-3MdsHe3IIOk-unsplash.jpg	mozjpeg	444	35	model_policy	25.453	55.288	2.2553	Mozjpeg	35.0
textures	bernd-dittrich-3MdsHe3IIOk-unsplash.jpg	mozjpeg	444	35	model_proj	25.495	56.573	2.2231	Mozjpeg	35.0
textures	bernd-dittrich-3MdsHe3IIOk-unsplash.jpg	mozjpeg	444	55	identity_off	27.080	66.922	1.7807	Mozjpeg	55.0
textures	bernd-dittrich-3MdsHe3IIOk-unsplash.jpg	mozjpeg	444	55	model_policy	27.086	65.728	1.8044	Mozjpeg	55.0
textures	bernd-dittrich-3MdsHe3IIOk-unsplash.jpg	mozjpeg	444	55	model_proj	27.132	66.743	1.7704	Mozjpeg	55.0
textures	bernd-dittrich-3MdsHe3IIOk-unsplash.jpg	mozjpeg	444	75	identity_off	29.512	76.152	1.2892	Mozjpeg	75.0
textures	bernd-dittrich-3MdsHe3IIOk-unsplash.jpg	mozjpeg	444	75	model_policy	29.496	74.686	1.3150	Mozjpeg	75.0
textures	bernd-dittrich-3MdsHe3IIOk-unsplash.jpg	mozjpeg	444	75	model_proj	29.540	75.321	1.2848	Mozjpeg	75.0
textures	bernd-dittrich-3MdsHe3IIOk-unsplash.jpg	mozjpeg	444	90	identity_off	35.143	87.538	0.6089	Mozjpeg	90.0
textures	bernd-dittrich-3MdsHe3IIOk-unsplash.jpg	mozjpeg	444	90	model_policy	34.967	85.630	0.6438	Mozjpeg	90.0
textures	bernd-dittrich-3MdsHe3IIOk-unsplash.jpg	mozjpeg	444	90	model_proj	34.874	84.093	0.6742	Mozjpeg	90.0
textures	bernd-dittrich-3MdsHe3IIOk-unsplash.jpg	jpegli	420	15	identity_off	22.704	32.965	3.1984	CjpegliYcbcr	14.2
textures	bernd-dittrich-3MdsHe3IIOk-unsplash.jpg	jpegli	420	15	model_policy	22.719	32.321	3.2173	CjpegliYcbcr	14.2
textures	bernd-dittrich-3MdsHe3IIOk-unsplash.jpg	jpegli	420	15	model_proj	22.754	32.697	3.1903	CjpegliYcbcr	14.2
textures	bernd-dittrich-3MdsHe3IIOk-unsplash.jpg	jpegli	420	35	identity_off	24.843	51.590	2.2999	CjpegliYcbcr	7.2
textures	bernd-dittrich-3MdsHe3IIOk-unsplash.jpg	jpegli	420	35	model_policy	24.858	50.673	2.3254	CjpegliYcbcr	7.2
textures	bernd-dittrich-3MdsHe3IIOk-unsplash.jpg	jpegli	420	35	model_proj	24.960	51.415	2.2768	CjpegliYcbcr	7.2
textures	bernd-dittrich-3MdsHe3IIOk-unsplash.jpg	jpegli	420	55	identity_off	26.393	59.810	1.8438	CjpegliYcbcr	5.2
textures	bernd-dittrich-3MdsHe3IIOk-unsplash.jpg	jpegli	420	55	model_policy	26.401	58.872	1.8741	CjpegliYcbcr	5.2
textures	bernd-dittrich-3MdsHe3IIOk-unsplash.jpg	jpegli	420	55	model_proj	26.596	59.719	1.8067	CjpegliYcbcr	5.2
textures	bernd-dittrich-3MdsHe3IIOk-unsplash.jpg	jpegli	420	75	identity_off	28.919	70.135	1.2776	CjpegliYcbcr	3.0
textures	bernd-dittrich-3MdsHe3IIOk-unsplash.jpg	jpegli	420	75	model_policy	28.894	69.066	1.3139	CjpegliYcbcr	3.0
textures	bernd-dittrich-3MdsHe3IIOk-unsplash.jpg	jpegli	420	75	model_proj	29.273	69.643	1.2571	CjpegliYcbcr	3.0
textures	bernd-dittrich-3MdsHe3IIOk-unsplash.jpg	jpegli	420	90	identity_off	33.884	83.735	0.5263	CjpegliYcbcr	1.3
textures	bernd-dittrich-3MdsHe3IIOk-unsplash.jpg	jpegli	420	90	model_policy	33.636	82.278	0.6018	CjpegliYcbcr	1.3
textures	bernd-dittrich-3MdsHe3IIOk-unsplash.jpg	jpegli	420	90	model_proj	34.611	81.060	0.6554	CjpegliYcbcr	1.3
textures	bernd-dittrich-3MdsHe3IIOk-unsplash.jpg	jpegli	444	15	identity_off	23.164	38.261	2.9125	CjpegliYcbcr	11.8
textures	bernd-dittrich-3MdsHe3IIOk-unsplash.jpg	jpegli	444	15	model_policy	23.183	37.991	2.9294	CjpegliYcbcr	11.8
textures	bernd-dittrich-3MdsHe3IIOk-unsplash.jpg	jpegli	444	15	model_proj	23.220	38.045	2.9054	CjpegliYcbcr	11.8
textures	bernd-dittrich-3MdsHe3IIOk-unsplash.jpg	jpegli	444	35	identity_off	25.590	55.745	2.0570	CjpegliYcbcr	6.0
textures	bernd-dittrich-3MdsHe3IIOk-unsplash.jpg	jpegli	444	35	model_policy	25.609	54.963	2.0845	CjpegliYcbcr	6.0
textures	bernd-dittrich-3MdsHe3IIOk-unsplash.jpg	jpegli	444	35	model_proj	25.671	55.406	2.0495	CjpegliYcbcr	6.0
textures	bernd-dittrich-3MdsHe3IIOk-unsplash.jpg	jpegli	444	55	identity_off	27.133	63.307	1.6463	CjpegliYcbcr	4.1
textures	bernd-dittrich-3MdsHe3IIOk-unsplash.jpg	jpegli	444	55	model_policy	27.143	62.449	1.6780	CjpegliYcbcr	4.1
textures	bernd-dittrich-3MdsHe3IIOk-unsplash.jpg	jpegli	444	55	model_proj	27.262	62.944	1.6356	CjpegliYcbcr	4.1
textures	bernd-dittrich-3MdsHe3IIOk-unsplash.jpg	jpegli	444	75	identity_off	29.781	73.422	1.1060	CjpegliYcbcr	2.3
textures	bernd-dittrich-3MdsHe3IIOk-unsplash.jpg	jpegli	444	75	model_policy	29.750	72.459	1.1455	CjpegliYcbcr	2.3
textures	bernd-dittrich-3MdsHe3IIOk-unsplash.jpg	jpegli	444	75	model_proj	29.988	72.151	1.1237	CjpegliYcbcr	2.3
textures	bernd-dittrich-3MdsHe3IIOk-unsplash.jpg	jpegli	444	90	identity_off	34.789	86.435	0.4414	CjpegliYcbcr	1.1
textures	bernd-dittrich-3MdsHe3IIOk-unsplash.jpg	jpegli	444	90	model_policy	34.559	84.958	0.5135	CjpegliYcbcr	1.1
textures	bernd-dittrich-3MdsHe3IIOk-unsplash.jpg	jpegli	444	90	model_proj	35.122	83.364	0.5919	CjpegliYcbcr	1.1
textures	bernd-dittrich-3MdsHe3IIOk-unsplash.jpg	zenjpeg	420	15	identity_off	22.702	32.784	3.2005	CjpegliYcbcr	14.2
textures	bernd-dittrich-3MdsHe3IIOk-unsplash.jpg	zenjpeg	420	15	model_policy	22.717	32.137	3.2198	CjpegliYcbcr	14.2
textures	bernd-dittrich-3MdsHe3IIOk-unsplash.jpg	zenjpeg	420	15	model_proj	22.753	32.512	3.1922	CjpegliYcbcr	14.2
textures	bernd-dittrich-3MdsHe3IIOk-unsplash.jpg	zenjpeg	420	35	identity_off	24.838	51.557	2.3005	CjpegliYcbcr	7.2
textures	bernd-dittrich-3MdsHe3IIOk-unsplash.jpg	zenjpeg	420	35	model_policy	24.854	50.650	2.3260	CjpegliYcbcr	7.2
textures	bernd-dittrich-3MdsHe3IIOk-unsplash.jpg	zenjpeg	420	35	model_proj	24.955	51.361	2.2769	CjpegliYcbcr	7.2
textures	bernd-dittrich-3MdsHe3IIOk-unsplash.jpg	zenjpeg	420	55	identity_off	26.385	59.772	1.8456	CjpegliYcbcr	5.2
textures	bernd-dittrich-3MdsHe3IIOk-unsplash.jpg	zenjpeg	420	55	model_policy	26.393	58.861	1.8754	CjpegliYcbcr	5.2
textures	bernd-dittrich-3MdsHe3IIOk-unsplash.jpg	zenjpeg	420	55	model_proj	26.588	59.720	1.8074	CjpegliYcbcr	5.2
textures	bernd-dittrich-3MdsHe3IIOk-unsplash.jpg	zenjpeg	420	75	identity_off	28.906	69.919	1.2807	CjpegliYcbcr	3.0
textures	bernd-dittrich-3MdsHe3IIOk-unsplash.jpg	zenjpeg	420	75	model_policy	28.881	68.821	1.3171	CjpegliYcbcr	3.0
textures	bernd-dittrich-3MdsHe3IIOk-unsplash.jpg	zenjpeg	420	75	model_proj	29.262	69.366	1.2603	CjpegliYcbcr	3.0
textures	bernd-dittrich-3MdsHe3IIOk-unsplash.jpg	zenjpeg	420	90	identity_off	33.881	83.699	0.5291	CjpegliYcbcr	1.3
textures	bernd-dittrich-3MdsHe3IIOk-unsplash.jpg	zenjpeg	420	90	model_policy	33.633	82.255	0.6032	CjpegliYcbcr	1.3
textures	bernd-dittrich-3MdsHe3IIOk-unsplash.jpg	zenjpeg	420	90	model_proj	34.608	81.030	0.6560	CjpegliYcbcr	1.3
textures	bernd-dittrich-3MdsHe3IIOk-unsplash.jpg	zenjpeg	444	15	identity_off	23.159	38.131	2.9150	CjpegliYcbcr	11.8
textures	bernd-dittrich-3MdsHe3IIOk-unsplash.jpg	zenjpeg	444	15	model_policy	23.178	37.857	2.9321	CjpegliYcbcr	11.8
textures	bernd-dittrich-3MdsHe3IIOk-unsplash.jpg	zenjpeg	444	15	model_proj	23.214	37.933	2.9081	CjpegliYcbcr	11.8
textures	bernd-dittrich-3MdsHe3IIOk-unsplash.jpg	zenjpeg	444	35	identity_off	25.584	55.537	2.0581	CjpegliYcbcr	6.0
textures	bernd-dittrich-3MdsHe3IIOk-unsplash.jpg	zenjpeg	444	35	model_policy	25.603	54.751	2.0857	CjpegliYcbcr	6.0
textures	bernd-dittrich-3MdsHe3IIOk-unsplash.jpg	zenjpeg	444	35	model_proj	25.665	55.223	2.0503	CjpegliYcbcr	6.0
textures	bernd-dittrich-3MdsHe3IIOk-unsplash.jpg	zenjpeg	444	55	identity_off	27.122	63.162	1.6500	CjpegliYcbcr	4.1
textures	bernd-dittrich-3MdsHe3IIOk-unsplash.jpg	zenjpeg	444	55	model_policy	27.133	62.326	1.6822	CjpegliYcbcr	4.1
textures	bernd-dittrich-3MdsHe3IIOk-unsplash.jpg	zenjpeg	444	55	model_proj	27.251	62.805	1.6392	CjpegliYcbcr	4.1
textures	bernd-dittrich-3MdsHe3IIOk-unsplash.jpg	zenjpeg	444	75	identity_off	29.762	73.304	1.1109	CjpegliYcbcr	2.3
textures	bernd-dittrich-3MdsHe3IIOk-unsplash.jpg	zenjpeg	444	75	model_policy	29.730	72.342	1.1510	CjpegliYcbcr	2.3
textures	bernd-dittrich-3MdsHe3IIOk-unsplash.jpg	zenjpeg	444	75	model_proj	29.969	72.043	1.1284	CjpegliYcbcr	2.3
textures	bernd-dittrich-3MdsHe3IIOk-unsplash.jpg	zenjpeg	444	90	identity_off	34.774	86.410	0.4448	CjpegliYcbcr	1.1
textures	bernd-dittrich-3MdsHe3IIOk-unsplash.jpg	zenjpeg	444	90	model_policy	34.544	84.960	0.5194	CjpegliYcbcr	1.1
textures	bernd-dittrich-3MdsHe3IIOk-unsplash.jpg	zenjpeg	444	90	model_proj	35.105	83.293	0.5961	CjpegliYcbcr	1.1
textures	haberdoedas-5BsnVq1qTis-unsplash.jpg	turbo	420	15	identity_off	30.019	-15.580	2.9187	Unknown	15.0
textures	haberdoedas-5BsnVq1qTis-unsplash.jpg	turbo	420	15	model_policy	30.033	-15.542	2.9234	Unknown	15.0
textures	haberdoedas-5BsnVq1qTis-unsplash.jpg	turbo	420	15	model_proj	30.062	-14.839	2.9155	Unknown	15.0
textures	haberdoedas-5BsnVq1qTis-unsplash.jpg	turbo	420	35	identity_off	31.563	33.796	2.0288	ImageMagick	35.0
textures	haberdoedas-5BsnVq1qTis-unsplash.jpg	turbo	420	35	model_policy	31.569	33.798	2.0322	ImageMagick	35.0
textures	haberdoedas-5BsnVq1qTis-unsplash.jpg	turbo	420	35	model_proj	31.642	34.352	2.0182	ImageMagick	35.0
textures	haberdoedas-5BsnVq1qTis-unsplash.jpg	turbo	420	55	identity_off	32.287	49.994	1.7765	ImageMagick	55.0
textures	haberdoedas-5BsnVq1qTis-unsplash.jpg	turbo	420	55	model_policy	32.290	49.972	1.7795	ImageMagick	55.0
textures	haberdoedas-5BsnVq1qTis-unsplash.jpg	turbo	420	55	model_proj	32.378	50.259	1.7646	ImageMagick	55.0
textures	haberdoedas-5BsnVq1qTis-unsplash.jpg	turbo	420	75	identity_off	33.210	60.481	1.5183	ImageMagick	75.0
textures	haberdoedas-5BsnVq1qTis-unsplash.jpg	turbo	420	75	model_policy	33.208	60.394	1.5204	ImageMagick	75.0
textures	haberdoedas-5BsnVq1qTis-unsplash.jpg	turbo	420	75	model_proj	33.263	60.414	1.5135	ImageMagick	75.0
textures	haberdoedas-5BsnVq1qTis-unsplash.jpg	turbo	420	90	identity_off	47.826	91.512	0.2228	ImageMagick	90.0
textures	haberdoedas-5BsnVq1qTis-unsplash.jpg	turbo	420	90	model_policy	47.470	91.239	0.2307	ImageMagick	90.0
textures	haberdoedas-5BsnVq1qTis-unsplash.jpg	turbo	420	90	model_proj	44.226	88.654	0.3552	ImageMagick	90.0
textures	haberdoedas-5BsnVq1qTis-unsplash.jpg	turbo	444	15	identity_off	30.063	-14.355	2.8963	Unknown	15.0
textures	haberdoedas-5BsnVq1qTis-unsplash.jpg	turbo	444	15	model_policy	30.078	-14.345	2.9015	Unknown	15.0
textures	haberdoedas-5BsnVq1qTis-unsplash.jpg	turbo	444	15	model_proj	30.118	-13.620	2.8924	Unknown	15.0
textures	haberdoedas-5BsnVq1qTis-unsplash.jpg	turbo	444	35	identity_off	31.648	35.161	2.0200	ImageMagick	35.0
textures	haberdoedas-5BsnVq1qTis-unsplash.jpg	turbo	444	35	model_policy	31.652	35.145	2.0227	ImageMagick	35.0
textures	haberdoedas-5BsnVq1qTis-unsplash.jpg	turbo	444	35	model_proj	31.733	35.587	2.0102	ImageMagick	35.0
textures	haberdoedas-5BsnVq1qTis-unsplash.jpg	turbo	444	55	identity_off	32.350	51.075	1.7735	ImageMagick	55.0
textures	haberdoedas-5BsnVq1qTis-unsplash.jpg	turbo	444	55	model_policy	32.352	51.072	1.7767	ImageMagick	55.0
textures	haberdoedas-5BsnVq1qTis-unsplash.jpg	turbo	444	55	model_proj	32.448	51.339	1.7617	ImageMagick	55.0
textures	haberdoedas-5BsnVq1qTis-unsplash.jpg	turbo	444	75	identity_off	33.273	61.313	1.5176	ImageMagick	75.0
textures	haberdoedas-5BsnVq1qTis-unsplash.jpg	turbo	444	75	model_policy	33.270	61.223	1.5198	ImageMagick	75.0
textures	haberdoedas-5BsnVq1qTis-unsplash.jpg	turbo	444	75	model_proj	33.329	61.256	1.5129	ImageMagick	75.0
textures	haberdoedas-5BsnVq1qTis-unsplash.jpg	turbo	444	90	identity_off	47.034	91.939	0.2209	ImageMagick	90.0
textures	haberdoedas-5BsnVq1qTis-unsplash.jpg	turbo	444	90	model_policy	46.751	91.712	0.2286	ImageMagick	90.0
textures	haberdoedas-5BsnVq1qTis-unsplash.jpg	turbo	444	90	model_proj	44.028	89.011	0.3529	ImageMagick	90.0
textures	haberdoedas-5BsnVq1qTis-unsplash.jpg	mozjpeg	420	15	identity_off	30.073	-20.709	3.0320	Mozjpeg	15.0
textures	haberdoedas-5BsnVq1qTis-unsplash.jpg	mozjpeg	420	15	model_policy	30.074	-20.599	3.0317	Mozjpeg	15.0
textures	haberdoedas-5BsnVq1qTis-unsplash.jpg	mozjpeg	420	15	model_proj	30.096	-20.315	3.0304	Mozjpeg	15.0
textures	haberdoedas-5BsnVq1qTis-unsplash.jpg	mozjpeg	420	35	identity_off	31.093	21.572	2.3227	Mozjpeg	35.0
textures	haberdoedas-5BsnVq1qTis-unsplash.jpg	mozjpeg	420	35	model_policy	31.096	21.534	2.3286	Mozjpeg	35.0
textures	haberdoedas-5BsnVq1qTis-unsplash.jpg	mozjpeg	420	35	model_proj	31.122	21.916	2.3202	Mozjpeg	35.0
textures	haberdoedas-5BsnVq1qTis-unsplash.jpg	mozjpeg	420	55	identity_off	31.814	42.200	1.9593	Mozjpeg	55.0
textures	haberdoedas-5BsnVq1qTis-unsplash.jpg	mozjpeg	420	55	model_policy	31.813	42.150	1.9639	Mozjpeg	55.0
textures	haberdoedas-5BsnVq1qTis-unsplash.jpg	mozjpeg	420	55	model_proj	31.858	42.389	1.9544	Mozjpeg	55.0
textures	haberdoedas-5BsnVq1qTis-unsplash.jpg	mozjpeg	420	75	identity_off	32.961	58.250	1.5957	Mozjpeg	75.0
textures	haberdoedas-5BsnVq1qTis-unsplash.jpg	mozjpeg	420	75	model_policy	32.961	58.151	1.5977	Mozjpeg	75.0
textures	haberdoedas-5BsnVq1qTis-unsplash.jpg	mozjpeg	420	75	model_proj	33.031	58.216	1.5880	Mozjpeg	75.0
textures	haberdoedas-5BsnVq1qTis-unsplash.jpg	mozjpeg	420	90	identity_off	41.403	84.970	0.6298	Mozjpeg	90.0
textures	haberdoedas-5BsnVq1qTis-unsplash.jpg	mozjpeg	420	90	model_policy	41.406	84.922	0.6269	Mozjpeg	90.0
textures	haberdoedas-5BsnVq1qTis-unsplash.jpg	mozjpeg	420	90	model_proj	41.142	84.347	0.6242	Mozjpeg	90.0
textures	haberdoedas-5BsnVq1qTis-unsplash.jpg	mozjpeg	444	15	identity_off	30.129	-20.113	3.0141	Mozjpeg	15.0
textures	haberdoedas-5BsnVq1qTis-unsplash.jpg	mozjpeg	444	15	model_policy	30.132	-19.968	3.0127	Mozjpeg	15.0
textures	haberdoedas-5BsnVq1qTis-unsplash.jpg	mozjpeg	444	15	model_proj	30.161	-19.732	3.0115	Mozjpeg	15.0
textures	haberdoedas-5BsnVq1qTis-unsplash.jpg	mozjpeg	444	35	identity_off	31.156	22.609	2.3159	Mozjpeg	35.0
textures	haberdoedas-5BsnVq1qTis-unsplash.jpg	mozjpeg	444	35	model_policy	31.156	22.568	2.3225	Mozjpeg	35.0
textures	haberdoedas-5BsnVq1qTis-unsplash.jpg	mozjpeg	444	35	model_proj	31.192	22.901	2.3133	Mozjpeg	35.0
textures	haberdoedas-5BsnVq1qTis-unsplash.jpg	mozjpeg	444	55	identity_off	31.871	43.145	1.9572	Mozjpeg	55.0
textures	haberdoedas-5BsnVq1qTis-unsplash.jpg	mozjpeg	444	55	model_policy	31.868	43.113	1.9620	Mozjpeg	55.0
textures	haberdoedas-5BsnVq1qTis-unsplash.jpg	mozjpeg	444	55	model_proj	31.921	43.331	1.9523	Mozjpeg	55.0
textures	haberdoedas-5BsnVq1qTis-unsplash.jpg	mozjpeg	444	75	identity_off	33.019	59.150	1.5939	Mozjpeg	75.0
textures	haberdoedas-5BsnVq1qTis-unsplash.jpg	mozjpeg	444	75	model_policy	33.019	59.054	1.5959	Mozjpeg	75.0
textures	haberdoedas-5BsnVq1qTis-unsplash.jpg	mozjpeg	444	75	model_proj	33.090	59.118	1.5863	Mozjpeg	75.0
textures	haberdoedas-5BsnVq1qTis-unsplash.jpg	mozjpeg	444	90	identity_off	41.320	85.591	0.6274	Mozjpeg	90.0
textures	haberdoedas-5BsnVq1qTis-unsplash.jpg	mozjpeg	444	90	model_policy	41.324	85.569	0.6246	Mozjpeg	90.0
textures	haberdoedas-5BsnVq1qTis-unsplash.jpg	mozjpeg	444	90	model_proj	41.137	84.915	0.6212	Mozjpeg	90.0
textures	haberdoedas-5BsnVq1qTis-unsplash.jpg	jpegli	420	15	identity_off	30.730	11.389	2.5947	CjpegliYcbcr	14.2
textures	haberdoedas-5BsnVq1qTis-unsplash.jpg	jpegli	420	15	model_policy	30.731	11.341	2.5974	CjpegliYcbcr	14.2
textures	haberdoedas-5BsnVq1qTis-unsplash.jpg	jpegli	420	15	model_proj	30.753	11.672	2.5937	CjpegliYcbcr	14.2
textures	haberdoedas-5BsnVq1qTis-unsplash.jpg	jpegli	420	35	identity_off	31.213	33.873	2.2790	CjpegliYcbcr	7.2
textures	haberdoedas-5BsnVq1qTis-unsplash.jpg	jpegli	420	35	model_policy	31.210	33.805	2.2832	CjpegliYcbcr	7.2
textures	haberdoedas-5BsnVq1qTis-unsplash.jpg	jpegli	420	35	model_proj	31.233	33.989	2.2779	CjpegliYcbcr	7.2
textures	haberdoedas-5BsnVq1qTis-unsplash.jpg	jpegli	420	55	identity_off	31.513	42.147	2.1027	CjpegliYcbcr	5.2
textures	haberdoedas-5BsnVq1qTis-unsplash.jpg	jpegli	420	55	model_policy	31.507	41.982	2.1095	CjpegliYcbcr	5.2
textures	haberdoedas-5BsnVq1qTis-unsplash.jpg	jpegli	420	55	model_proj	31.536	42.188	2.1014	CjpegliYcbcr	5.2
textures	haberdoedas-5BsnVq1qTis-unsplash.jpg	jpegli	420	75	identity_off	33.134	57.788	1.6127	CjpegliYcbcr	3.0
textures	haberdoedas-5BsnVq1qTis-unsplash.jpg	jpegli	420	75	model_policy	33.131	57.738	1.6140	CjpegliYcbcr	3.0
textures	haberdoedas-5BsnVq1qTis-unsplash.jpg	jpegli	420	75	model_proj	33.166	57.507	1.6108	CjpegliYcbcr	3.0
textures	haberdoedas-5BsnVq1qTis-unsplash.jpg	jpegli	420	90	identity_off	41.528	83.643	0.5968	CjpegliYcbcr	1.3
textures	haberdoedas-5BsnVq1qTis-unsplash.jpg	jpegli	420	90	model_policy	41.474	83.577	0.5974	CjpegliYcbcr	1.3
textures	haberdoedas-5BsnVq1qTis-unsplash.jpg	jpegli	420	90	model_proj	40.836	82.448	0.6194	CjpegliYcbcr	1.3
textures	haberdoedas-5BsnVq1qTis-unsplash.jpg	jpegli	444	15	identity_off	30.433	15.161	2.5683	CjpegliYcbcr	11.8
textures	haberdoedas-5BsnVq1qTis-unsplash.jpg	jpegli	444	15	model_policy	30.452	15.235	2.5733	CjpegliYcbcr	11.8
textures	haberdoedas-5BsnVq1qTis-unsplash.jpg	jpegli	444	15	model_proj	30.481	15.506	2.5668	CjpegliYcbcr	11.8
textures	haberdoedas-5BsnVq1qTis-unsplash.jpg	jpegli	444	35	identity_off	31.306	38.284	2.1995	CjpegliYcbcr	6.0
textures	haberdoedas-5BsnVq1qTis-unsplash.jpg	jpegli	444	35	model_policy	31.302	38.089	2.2057	CjpegliYcbcr	6.0
textures	haberdoedas-5BsnVq1qTis-unsplash.jpg	jpegli	444	35	model_proj	31.345	38.355	2.1975	CjpegliYcbcr	6.0
textures	haberdoedas-5BsnVq1qTis-unsplash.jpg	jpegli	444	55	identity_off	31.805	46.703	1.9664	CjpegliYcbcr	4.1
textures	haberdoedas-5BsnVq1qTis-unsplash.jpg	jpegli	444	55	model_policy	31.798	46.619	1.9728	CjpegliYcbcr	4.1
textures	haberdoedas-5BsnVq1qTis-unsplash.jpg	jpegli	444	55	model_proj	31.847	46.668	1.9649	CjpegliYcbcr	4.1
textures	haberdoedas-5BsnVq1qTis-unsplash.jpg	jpegli	444	75	identity_off	34.746	65.159	1.3384	CjpegliYcbcr	2.3
textures	haberdoedas-5BsnVq1qTis-unsplash.jpg	jpegli	444	75	model_policy	34.738	65.092	1.3383	CjpegliYcbcr	2.3
textures	haberdoedas-5BsnVq1qTis-unsplash.jpg	jpegli	444	75	model_proj	34.709	64.555	1.3447	CjpegliYcbcr	2.3
textures	haberdoedas-5BsnVq1qTis-unsplash.jpg	jpegli	444	90	identity_off	42.314	84.508	0.5284	CjpegliYcbcr	1.1
textures	haberdoedas-5BsnVq1qTis-unsplash.jpg	jpegli	444	90	model_policy	42.272	84.437	0.5280	CjpegliYcbcr	1.1
textures	haberdoedas-5BsnVq1qTis-unsplash.jpg	jpegli	444	90	model_proj	41.905	83.833	0.5369	CjpegliYcbcr	1.1
textures	haberdoedas-5BsnVq1qTis-unsplash.jpg	zenjpeg	420	15	identity_off	30.729	11.218	2.5924	CjpegliYcbcr	14.2
textures	haberdoedas-5BsnVq1qTis-unsplash.jpg	zenjpeg	420	15	model_policy	30.730	11.182	2.5949	CjpegliYcbcr	14.2
textures	haberdoedas-5BsnVq1qTis-unsplash.jpg	zenjpeg	420	15	model_proj	30.752	11.497	2.5914	CjpegliYcbcr	14.2
textures	haberdoedas-5BsnVq1qTis-unsplash.jpg	zenjpeg	420	35	identity_off	31.213	33.813	2.2731	CjpegliYcbcr	7.2
textures	haberdoedas-5BsnVq1qTis-unsplash.jpg	zenjpeg	420	35	model_policy	31.211	33.727	2.2769	CjpegliYcbcr	7.2
textures	haberdoedas-5BsnVq1qTis-unsplash.jpg	zenjpeg	420	35	model_proj	31.232	33.932	2.2720	CjpegliYcbcr	7.2
textures	haberdoedas-5BsnVq1qTis-unsplash.jpg	zenjpeg	420	55	identity_off	31.508	42.098	2.1017	CjpegliYcbcr	5.2
textures	haberdoedas-5BsnVq1qTis-unsplash.jpg	zenjpeg	420	55	model_policy	31.503	41.938	2.1084	CjpegliYcbcr	5.2
textures	haberdoedas-5BsnVq1qTis-unsplash.jpg	zenjpeg	420	55	model_proj	31.531	42.131	2.1006	CjpegliYcbcr	5.2
textures	haberdoedas-5BsnVq1qTis-unsplash.jpg	zenjpeg	420	75	identity_off	33.130	57.655	1.6119	CjpegliYcbcr	3.0
textures	haberdoedas-5BsnVq1qTis-unsplash.jpg	zenjpeg	420	75	model_policy	33.128	57.609	1.6127	CjpegliYcbcr	3.0
textures	haberdoedas-5BsnVq1qTis-unsplash.jpg	zenjpeg	420	75	model_proj	33.162	57.404	1.6104	CjpegliYcbcr	3.0
textures	haberdoedas-5BsnVq1qTis-unsplash.jpg	zenjpeg	420	90	identity_off	41.530	83.492	0.5978	CjpegliYcbcr	1.3
textures	haberdoedas-5BsnVq1qTis-unsplash.jpg	zenjpeg	420	90	model_policy	41.479	83.427	0.5978	CjpegliYcbcr	1.3
textures	haberdoedas-5BsnVq1qTis-unsplash.jpg	zenjpeg	420	90	model_proj	40.843	82.323	0.6227	CjpegliYcbcr	1.3
textures	haberdoedas-5BsnVq1qTis-unsplash.jpg	zenjpeg	444	15	identity_off	30.441	15.178	2.5682	CjpegliYcbcr	11.8
textures	haberdoedas-5BsnVq1qTis-unsplash.jpg	zenjpeg	444	15	model_policy	30.460	15.306	2.5720	CjpegliYcbcr	11.8
textures	haberdoedas-5BsnVq1qTis-unsplash.jpg	zenjpeg	444	15	model_proj	30.488	15.514	2.5668	CjpegliYcbcr	11.8
textures	haberdoedas-5BsnVq1qTis-unsplash.jpg	zenjpeg	444	35	identity_off	31.301	38.217	2.1991	CjpegliYcbcr	6.0
textures	haberdoedas-5BsnVq1qTis-unsplash.jpg	zenjpeg	444	35	model_policy	31.296	38.007	2.2052	CjpegliYcbcr	6.0
textures	haberdoedas-5BsnVq1qTis-unsplash.jpg	zenjpeg	444	35	model_proj	31.340	38.319	2.1972	CjpegliYcbcr	6.0
textures	haberdoedas-5BsnVq1qTis-unsplash.jpg	zenjpeg	444	55	identity_off	31.804	46.422	1.9642	CjpegliYcbcr	4.1
textures	haberdoedas-5BsnVq1qTis-unsplash.jpg	zenjpeg	444	55	model_policy	31.798	46.355	1.9702	CjpegliYcbcr	4.1
textures	haberdoedas-5BsnVq1qTis-unsplash.jpg	zenjpeg	444	55	model_proj	31.846	46.403	1.9628	CjpegliYcbcr	4.1
textures	haberdoedas-5BsnVq1qTis-unsplash.jpg	zenjpeg	444	75	identity_off	34.726	64.809	1.3472	CjpegliYcbcr	2.3
textures	haberdoedas-5BsnVq1qTis-unsplash.jpg	zenjpeg	444	75	model_policy	34.718	64.743	1.3468	CjpegliYcbcr	2.3
textures	haberdoedas-5BsnVq1qTis-unsplash.jpg	zenjpeg	444	75	model_proj	34.690	64.210	1.3535	CjpegliYcbcr	2.3
textures	haberdoedas-5BsnVq1qTis-unsplash.jpg	zenjpeg	444	90	identity_off	42.284	84.491	0.5312	CjpegliYcbcr	1.1
textures	haberdoedas-5BsnVq1qTis-unsplash.jpg	zenjpeg	444	90	model_policy	42.243	84.417	0.5307	CjpegliYcbcr	1.1
textures	haberdoedas-5BsnVq1qTis-unsplash.jpg	zenjpeg	444	90	model_proj	41.883	83.777	0.5408	CjpegliYcbcr	1.1
